t,drone_x,drone_y,drone_z,drone_roll,drone_pitch,drone_yaw,flower_x,flower_y,flower_z,flower_roll,flower_pitch,flower_yaw,dx,dy,dz,distance
0.010000,0.000000,0.000000,0.099560,0.000000,0.000000,1.570000,-0.300000,1.000000,1.100000,0.000000,0.000000,-1.571000,-0.300000,1.000000,1.000440,1.445988
0.020000,0.000000,0.000000,0.098148,-0.000000,0.000001,1.570000,-0.300000,1.000000,1.100000,0.000000,0.000000,-1.571000,-0.300000,1.000000,1.001852,1.446965
0.030000,0.000000,0.000000,0.095773,-0.000000,0.000003,1.570000,-0.300000,1.000000,1.100000,0.000000,0.000000,-1.571000,-0.300000,1.000000,1.004227,1.448610
0.040000,0.000000,0.000000,0.092445,-0.000000,0.000006,1.570000,-0.300000,1.000000,1.100000,0.000000,0.000000,-1.571000,-0.300000,1.000000,1.007555,1.450920
0.050000,0.000000,0.000000,0.088171,-0.000000,0.000013,1.570000,-0.300000,1.000000,1.100000,0.000000,0.000000,-1.571000,-0.300000,1.000000,1.011829,1.453891
0.060000,0.000000,0.000000,0.082960,-0.000000,0.000022,1.570000,-0.300000,1.000000,1.100000,0.000000,0.000000,-1.571000,-0.300000,1.000000,1.017040,1.457522
0.070000,0.000000,0.000000,0.076822,-0.000000,0.000035,1.570000,-0.300000,1.000000,1.100000,0.000000,0.000000,-1.571000,-0.300000,1.000000,1.023178,1.461811
0.080000,0.000000,0.000000,0.069765,-0.000000,0.000052,1.570000,-0.300000,1.000000,1.100000,0.000000,0.000000,-1.571000,-0.300000,1.000000,1.030235,1.466760
0.090000,0.000000,0.000000,0.061797,-0.000000,0.000075,1.570000,-0.300000,1.000000,1.100000,0.000000,0.000000,-1.571000,-0.300000,1.000000,1.038203,1.472368
0.100000,0.000000,0.000000,0.052926,-0.000000,0.000103,1.570000,-0.300000,1.000000,1.100000,0.000000,0.000000,-1.571000,-0.300000,1.000000,1.047074,1.478636
0.110000,0.000000,0.000000,0.043162,0.000000,0.000137,1.570000,-0.300000,1.000000,1.100000,0.000000,0.000000,-1.571000,-0.300000,1.000000,1.056838,1.485566
0.120000,0.000000,-0.000004,0.035000,-0.000000,-0.000001,1.570000,-0.300000,1.000000,1.100000,0.000000,0.000000,-1.571000,-0.300000,1.000004,1.065000,1.491387
0.130000,0.000000,-0.000014,0.034914,-0.000000,-0.000430,1.570000,-0.300000,1.000000,1.100000,0.000000,0.000000,-1.571000,-0.300000,1.000014,1.065086,1.491454
0.140000,0.000000,-0.000025,0.034824,-0.000000,-0.000879,1.570000,-0.300000,1.000000,1.100000,0.000000,0.000000,-1.571000,-0.300000,1.000025,1.065176,1.491526
0.150000,0.000000,-0.000030,0.034803,-0.000000,-0.000987,1.570000,-0.300000,1.000000,1.100000,0.000000,0.000000,-1.571000,-0.300000,1.000030,1.065197,1.491545
0.160000,-0.000000,-0.000035,0.034799,-0.000000,-0.001007,1.570000,-0.300000,1.000000,1.100000,0.000000,0.000000,-1.571000,-0.300000,1.000035,1.065201,1.491551
0.170000,-0.000000,-0.000041,0.034798,-0.000000,-0.001010,1.570000,-0.300000,1.000000,1.100000,0.000000,0.000000,-1.571000,-0.300000,1.000041,1.065202,1.491555
0.180000,-0.000000,-0.000048,0.034798,-0.000000,-0.001012,1.570000,-0.300000,1.000000,1.100000,0.000000,0.000000,-1.571000,-0.300000,1.000048,1.065202,1.491560
0.190000,-0.000001,-0.000057,0.034797,-0.000000,-0.001014,1.570000,-0.300000,1.000000,1.100000,0.000000,0.000000,-1.571000,-0.299999,1.000057,1.065203,1.491566
0.200000,-0.000001,-0.000065,0.034797,-0.000000,-0.001014,1.570001,-0.300000,1.000000,1.100000,0.000000,0.000000,-1.571000,-0.299999,1.000065,1.065203,1.491572
0.210000,-0.000001,-0.000073,0.034797,-0.000000,-0.001015,1.570001,-0.300000,1.000000,1.100000,0.000000,0.000000,-1.571000,-0.299999,1.000073,1.065203,1.491577
0.220000,-0.000001,-0.000082,0.034797,-0.000000,-0.001015,1.570001,-0.300000,1.000000,1.100000,0.000000,0.000000,-1.571000,-0.299999,1.000082,1.065203,1.491583
0.230000,-0.000001,-0.000090,0.034797,-0.000000,-0.001015,1.570001,-0.300000,1.000000,1.100000,0.000000,0.000000,-1.571000,-0.299999,1.000090,1.065203,1.491589
0.240000,-0.000002,-0.000098,0.034797,-0.000000,-0.001015,1.570001,-0.300000,1.000000,1.100000,0.000000,0.000000,-1.571000,-0.299998,1.000098,1.065203,1.491594
0.250000,-0.000002,-0.000107,0.034797,-0.000000,-0.001015,1.570002,-0.300000,1.000000,1.100000,0.000000,0.000000,-1.571000,-0.299998,1.000107,1.065203,1.491600
0.260000,-0.000002,-0.000115,0.034797,-0.000000,-0.001015,1.570002,-0.300000,1.000000,1.100000,0.000000,0.000000,-1.571000,-0.299998,1.000115,1.065203,1.491605
0.270000,-0.000002,-0.000124,0.034797,-0.000000,-0.001015,1.570002,-0.300000,1.000000,1.100000,0.000000,0.000000,-1.571000,-0.299998,1.000124,1.065203,1.491611
0.280000,-0.000003,-0.000132,0.034797,-0.000000,-0.001015,1.570002,-0.300000,1.000000,1.100000,0.000000,0.000000,-1.571000,-0.299997,1.000132,1.065203,1.491616
0.290000,-0.000003,-0.000140,0.034797,-0.000000,-0.001015,1.570002,-0.300000,1.000000,1.100000,0.000000,0.000000,-1.571000,-0.299997,1.000140,1.065203,1.491622
0.300000,-0.000003,-0.000149,0.034797,-0.000000,-0.001015,1.570003,-0.300000,1.000000,1.100000,0.000000,0.000000,-1.571000,-0.299997,1.000149,1.065203,1.491628
0.310000,-0.000003,-0.000157,0.034797,-0.000000,-0.001015,1.570003,-0.300000,1.000000,1.100000,0.000000,0.000000,-1.571000,-0.299997,1.000157,1.065203,1.491633
0.320000,-0.000003,-0.000165,0.034797,-0.000000,-0.001015,1.570003,-0.300000,1.000000,1.100000,0.000000,0.000000,-1.571000,-0.299997,1.000165,1.065203,1.491639
0.330000,-0.000004,-0.000174,0.034797,-0.000000,-0.001015,1.570003,-0.300000,1.000000,1.100000,0.000000,0.000000,-1.571000,-0.299996,1.000174,1.065203,1.491644
0.340000,-0.000004,-0.000182,0.034797,-0.000000,-0.001015,1.570003,-0.300000,1.000000,1.100000,0.000000,0.000000,-1.571000,-0.299996,1.000182,1.065203,1.491650
0.350000,-0.000004,-0.000190,0.034797,-0.000000,-0.001015,1.570004,-0.300000,1.000000,1.100000,0.000000,0.000000,-1.571000,-0.299996,1.000190,1.065203,1.491655
0.360000,-0.000004,-0.000199,0.034797,-0.000000,-0.001015,1.570004,-0.300000,1.000000,1.100000,0.000000,0.000000,-1.571000,-0.299996,1.000199,1.065203,1.491661
0.370000,-0.000005,-0.000207,0.034797,-0.000000,-0.001015,1.570004,-0.300000,1.000000,1.100000,0.000000,0.000000,-1.571000,-0.299995,1.000207,1.065203,1.491667
0.380000,-0.000005,-0.000216,0.034797,-0.000000,-0.001015,1.570004,-0.300000,1.000000,1.100000,0.000000,0.000000,-1.571000,-0.299995,1.000216,1.065203,1.491672
0.390000,-0.000005,-0.000224,0.034797,-0.000000,-0.001015,1.570004,-0.300000,1.000000,1.100000,0.000000,0.000000,-1.571000,-0.299995,1.000224,1.065203,1.491678
0.400000,-0.000005,-0.000232,0.034797,-0.000000,-0.001015,1.570005,-0.300000,1.000000,1.100000,0.000000,0.000000,-1.571000,-0.299995,1.000232,1.065203,1.491683
0.410000,-0.000005,-0.000241,0.034797,-0.000000,-0.001015,1.570005,-0.300000,1.000000,1.100000,0.000000,0.000000,-1.571000,-0.299995,1.000241,1.065203,1.491689
0.420000,-0.000006,-0.000249,0.034797,-0.000000,-0.001015,1.570005,-0.300000,1.000000,1.100000,0.000000,0.000000,-1.571000,-0.299994,1.000249,1.065203,1.491694
0.430000,-0.000006,-0.000257,0.034797,-0.000000,-0.001015,1.570005,-0.300000,1.000000,1.100000,0.000000,0.000000,-1.571000,-0.299994,1.000257,1.065203,1.491700
0.440000,-0.000006,-0.000266,0.034797,-0.000000,-0.001015,1.570005,-0.300000,1.000000,1.100000,0.000000,0.000000,-1.571000,-0.299994,1.000266,1.065203,1.491705
0.450000,-0.000006,-0.000274,0.034797,-0.000000,-0.001015,1.570006,-0.300000,1.000000,1.100000,0.000000,0.000000,-1.571000,-0.299994,1.000274,1.065203,1.491711
0.460000,-0.000007,-0.000283,0.034797,-0.000000,-0.001015,1.570006,-0.300000,1.000000,1.100000,0.000000,0.000000,-1.571000,-0.299993,1.000283,1.065203,1.491717
0.470000,-0.000007,-0.000291,0.034797,-0.000000,-0.001015,1.570006,-0.300000,1.000000,1.100000,0.000000,0.000000,-1.571000,-0.299993,1.000291,1.065203,1.491722
0.480000,-0.000007,-0.000299,0.034797,-0.000000,-0.001015,1.570006,-0.300000,1.000000,1.100000,0.000000,0.000000,-1.571000,-0.299993,1.000299,1.065203,1.491728
0.490000,-0.000007,-0.000308,0.034797,-0.000000,-0.001015,1.570006,-0.300000,1.000000,1.100000,0.000000,0.000000,-1.571000,-0.299993,1.000308,1.065203,1.491733
0.500000,-0.000007,-0.000316,0.034797,-0.000000,-0.001015,1.570007,-0.300000,1.000000,1.100000,0.000000,0.000000,-1.571000,-0.299993,1.000316,1.065203,1.491739
0.510000,-0.000008,-0.000324,0.034797,-0.000000,-0.001015,1.570007,-0.300000,1.000000,1.100000,0.000000,0.000000,-1.571000,-0.299992,1.000324,1.065203,1.491744
0.520000,-0.000008,-0.000333,0.034797,-0.000000,-0.001015,1.570007,-0.300000,1.000000,1.100000,0.000000,0.000000,-1.571000,-0.299992,1.000333,1.065203,1.491750
0.530000,-0.000008,-0.000341,0.034797,-0.000000,-0.001015,1.570007,-0.300000,1.000000,1.100000,0.000000,0.000000,-1.571000,-0.299992,1.000341,1.065203,1.491756
0.540000,-0.000008,-0.000350,0.034797,-0.000000,-0.001015,1.570007,-0.300000,1.000000,1.100000,0.000000,0.000000,-1.571000,-0.299992,1.000350,1.065203,1.491761
0.550000,-0.000009,-0.000358,0.034797,-0.000000,-0.001015,1.570008,-0.300000,1.000000,1.100000,0.000000,0.000000,-1.571000,-0.299991,1.000358,1.065203,1.491767
0.560000,-0.000009,-0.000366,0.034797,-0.000000,-0.001015,1.570008,-0.300000,1.000000,1.100000,0.000000,0.000000,-1.571000,-0.299991,1.000366,1.065203,1.491772
0.570000,-0.000009,-0.000375,0.034797,-0.000000,-0.001015,1.570008,-0.300000,1.000000,1.100000,0.000000,0.000000,-1.571000,-0.299991,1.000375,1.065203,1.491778
0.580000,-0.000009,-0.000383,0.034797,-0.000000,-0.001015,1.570008,-0.300000,1.000000,1.100000,0.000000,0.000000,-1.571000,-0.299991,1.000383,1.065203,1.491783
0.590000,-0.000009,-0.000391,0.034797,-0.000000,-0.001015,1.570008,-0.300000,1.000000,1.100000,0.000000,0.000000,-1.571000,-0.299991,1.000391,1.065203,1.491789
0.600000,-0.000010,-0.000400,0.034797,-0.000000,-0.001015,1.570009,-0.300000,1.000000,1.100000,0.000000,0.000000,-1.571000,-0.299990,1.000400,1.065203,1.491795
0.610000,-0.000010,-0.000408,0.034797,-0.000000,-0.001015,1.570009,-0.300000,1.000000,1.100000,0.000000,0.000000,-1.571000,-0.299990,1.000408,1.065203,1.491800
0.620000,-0.000010,-0.000417,0.034797,-0.000000,-0.001015,1.570009,-0.300000,1.000000,1.100000,0.000000,0.000000,-1.571000,-0.299990,1.000417,1.065203,1.491806
0.630000,-0.000010,-0.000425,0.034797,-0.000000,-0.001015,1.570009,-0.300000,1.000000,1.100000,0.000000,0.000000,-1.571000,-0.299990,1.000425,1.065203,1.491811
0.640000,-0.000011,-0.000433,0.034797,-0.000000,-0.001015,1.570009,-0.300000,1.000000,1.100000,0.000000,0.000000,-1.571000,-0.299989,1.000433,1.065203,1.491817
0.650000,-0.000011,-0.000442,0.034797,-0.000000,-0.001015,1.570010,-0.300000,1.000000,1.100000,0.000000,0.000000,-1.571000,-0.299989,1.000442,1.065203,1.491822
0.660000,-0.000011,-0.000450,0.034797,-0.000000,-0.001015,1.570010,-0.300000,1.000000,1.100000,0.000000,0.000000,-1.571000,-0.299989,1.000450,1.065203,1.491828
0.670000,-0.000011,-0.000458,0.034797,-0.000000,-0.001015,1.570010,-0.300000,1.000000,1.100000,0.000000,0.000000,-1.571000,-0.299989,1.000458,1.065203,1.491834
0.680000,-0.000011,-0.000467,0.034797,-0.000000,-0.001015,1.570010,-0.300000,1.000000,1.100000,0.000000,0.000000,-1.571000,-0.299989,1.000467,1.065203,1.491839
0.690000,-0.000012,-0.000475,0.034797,-0.000000,-0.001015,1.570010,-0.300000,1.000000,1.100000,0.000000,0.000000,-1.571000,-0.299988,1.000475,1.065203,1.491845
0.700000,-0.000012,-0.000484,0.034797,-0.000000,-0.001015,1.570011,-0.300000,1.000000,1.100000,0.000000,0.000000,-1.571000,-0.299988,1.000484,1.065203,1.491850
0.710000,-0.000012,-0.000492,0.034797,-0.000000,-0.001015,1.570011,-0.300000,1.000000,1.100000,0.000000,0.000000,-1.571000,-0.299988,1.000492,1.065203,1.491856
0.720000,-0.000012,-0.000500,0.034797,-0.000000,-0.001015,1.570011,-0.300000,1.000000,1.100000,0.000000,0.000000,-1.571000,-0.299988,1.000500,1.065203,1.491861
0.730000,-0.000013,-0.000509,0.034797,-0.000000,-0.001015,1.570011,-0.300000,1.000000,1.100000,0.000000,0.000000,-1.571000,-0.299987,1.000509,1.065203,1.491867
0.740000,-0.000013,-0.000517,0.034797,-0.000000,-0.001015,1.570011,-0.300000,1.000000,1.100000,0.000000,0.000000,-1.571000,-0.299987,1.000517,1.065203,1.491873
0.750000,-0.000013,-0.000525,0.034797,-0.000000,-0.001015,1.570011,-0.300000,1.000000,1.100000,0.000000,0.000000,-1.571000,-0.299987,1.000525,1.065203,1.491878
0.760000,-0.000013,-0.000534,0.034797,-0.000000,-0.001015,1.570012,-0.300000,1.000000,1.100000,0.000000,0.000000,-1.571000,-0.299987,1.000534,1.065203,1.491884
0.770000,-0.000014,-0.000542,0.034797,-0.000000,-0.001015,1.570012,-0.300000,1.000000,1.100000,0.000000,0.000000,-1.571000,-0.299986,1.000542,1.065203,1.491889
0.780000,-0.000014,-0.000551,0.034797,-0.000000,-0.001015,1.570012,-0.300000,1.000000,1.100000,0.000000,0.000000,-1.571000,-0.299986,1.000551,1.065203,1.491895
0.790000,-0.000014,-0.000559,0.034797,-0.000000,-0.001015,1.570012,-0.300000,1.000000,1.100000,0.000000,0.000000,-1.571000,-0.299986,1.000559,1.065203,1.491900
0.800000,-0.000014,-0.000567,0.034797,-0.000000,-0.001015,1.570012,-0.300000,1.000000,1.100000,0.000000,0.000000,-1.571000,-0.299986,1.000567,1.065203,1.491906
0.810000,-0.000014,-0.000576,0.034797,-0.000000,-0.001015,1.570013,-0.300000,1.000000,1.100000,0.000000,0.000000,-1.571000,-0.299986,1.000576,1.065203,1.491912
0.820000,-0.000015,-0.000584,0.034797,-0.000000,-0.001015,1.570013,-0.300000,1.000000,1.100000,0.000000,0.000000,-1.571000,-0.299985,1.000584,1.065203,1.491917
0.830000,-0.000015,-0.000592,0.034797,-0.000000,-0.001015,1.570013,-0.300000,1.000000,1.100000,0.000000,0.000000,-1.571000,-0.299985,1.000592,1.065203,1.491923
0.840000,-0.000015,-0.000601,0.034797,-0.000000,-0.001015,1.570013,-0.300000,1.000000,1.100000,0.000000,0.000000,-1.571000,-0.299985,1.000601,1.065203,1.491928
0.850000,-0.000015,-0.000609,0.034797,-0.000000,-0.001015,1.570013,-0.300000,1.000000,1.100000,0.000000,0.000000,-1.571000,-0.299985,1.000609,1.065203,1.491934
0.860000,-0.000016,-0.000618,0.034797,-0.000000,-0.001015,1.570014,-0.300000,1.000000,1.100000,0.000000,0.000000,-1.571000,-0.299984,1.000618,1.065203,1.491939
0.870000,-0.000016,-0.000626,0.034797,-0.000000,-0.001015,1.570014,-0.300000,1.000000,1.100000,0.000000,0.000000,-1.571000,-0.299984,1.000626,1.065203,1.491945
0.880000,-0.000016,-0.000634,0.034797,-0.000000,-0.001015,1.570014,-0.300000,1.000000,1.100000,0.000000,0.000000,-1.571000,-0.299984,1.000634,1.065203,1.491951
0.890000,-0.000016,-0.000643,0.034797,-0.000000,-0.001015,1.570014,-0.300000,1.000000,1.100000,0.000000,0.000000,-1.571000,-0.299984,1.000643,1.065203,1.491956
0.900000,-0.000016,-0.000651,0.034797,-0.000000,-0.001015,1.570014,-0.300000,1.000000,1.100000,0.000000,0.000000,-1.571000,-0.299984,1.000651,1.065203,1.491962
0.910000,-0.000017,-0.000659,0.034797,-0.000000,-0.001015,1.570015,-0.300000,1.000000,1.100000,0.000000,0.000000,-1.571000,-0.299983,1.000659,1.065203,1.491967
0.920000,-0.000017,-0.000668,0.034797,-0.000000,-0.001015,1.570015,-0.300000,1.000000,1.100000,0.000000,0.000000,-1.571000,-0.299983,1.000668,1.065203,1.491973
0.930000,-0.000017,-0.000676,0.034797,-0.000000,-0.001015,1.570015,-0.300000,1.000000,1.100000,0.000000,0.000000,-1.571000,-0.299983,1.000676,1.065203,1.491978
0.940000,-0.000017,-0.000685,0.034797,-0.000000,-0.001015,1.570015,-0.300000,1.000000,1.100000,0.000000,0.000000,-1.571000,-0.299983,1.000685,1.065203,1.491984
0.950000,-0.000018,-0.000693,0.034797,-0.000000,-0.001015,1.570015,-0.300000,1.000000,1.100000,0.000000,0.000000,-1.571000,-0.299982,1.000693,1.065203,1.491990
0.960000,-0.000018,-0.000701,0.034797,-0.000000,-0.001015,1.570016,-0.300000,1.000000,1.100000,0.000000,0.000000,-1.571000,-0.299982,1.000701,1.065203,1.491995
0.970000,-0.000018,-0.000710,0.034797,-0.000000,-0.001015,1.570016,-0.300000,1.000000,1.100000,0.000000,0.000000,-1.571000,-0.299982,1.000710,1.065203,1.492001
0.980000,-0.000018,-0.000718,0.034797,-0.000000,-0.001015,1.570016,-0.300000,1.000000,1.100000,0.000000,0.000000,-1.571000,-0.299982,1.000718,1.065203,1.492006
0.990000,-0.000018,-0.000726,0.034797,-0.000000,-0.001015,1.570016,-0.300000,1.000000,1.100000,0.000000,0.000000,-1.571000,-0.299982,1.000726,1.065203,1.492012
1.000000,-0.000019,-0.000735,0.034797,-0.000000,-0.001015,1.570016,-0.300000,1.000000,1.100000,0.000000,0.000000,-1.571000,-0.299981,1.000735,1.065203,1.492017
1.010000,-0.000019,-0.000743,0.034797,-0.000000,-0.001015,1.570017,-0.300000,1.000000,1.100000,0.000000,0.000000,-1.571000,-0.299981,1.000743,1.065203,1.492023
1.020000,-0.000019,-0.000752,0.034797,-0.000000,-0.001015,1.570017,-0.300000,1.000000,1.100000,0.000000,0.000000,-1.571000,-0.299981,1.000752,1.065203,1.492029
1.030000,-0.000019,-0.000760,0.034797,-0.000000,-0.001015,1.570017,-0.300000,1.000000,1.100000,0.000000,0.000000,-1.571000,-0.299981,1.000760,1.065203,1.492034
1.040000,-0.000020,-0.000768,0.034797,-0.000000,-0.001015,1.570017,-0.300000,1.000000,1.100000,0.000000,0.000000,-1.571000,-0.299980,1.000768,1.065203,1.492040
1.050000,-0.000020,-0.000777,0.034797,-0.000000,-0.001015,1.570017,-0.300000,1.000000,1.100000,0.000000,0.000000,-1.571000,-0.299980,1.000777,1.065203,1.492045
1.060000,-0.000020,-0.000785,0.034797,-0.000000,-0.001015,1.570018,-0.300000,1.000000,1.100000,0.000000,0.000000,-1.571000,-0.299980,1.000785,1.065203,1.492051
1.070000,-0.000020,-0.000793,0.034797,-0.000000,-0.001015,1.570018,-0.300000,1.000000,1.100000,0.000000,0.000000,-1.571000,-0.299980,1.000793,1.065203,1.492056
1.080000,-0.000020,-0.000802,0.034797,-0.000000,-0.001015,1.570018,-0.300000,1.000000,1.100000,0.000000,0.000000,-1.571000,-0.299980,1.000802,1.065203,1.492062
1.090000,-0.000021,-0.000810,0.034797,-0.000000,-0.001015,1.570018,-0.300000,1.000000,1.100000,0.000000,0.000000,-1.571000,-0.299979,1.000810,1.065203,1.492068
1.100000,-0.000021,-0.000819,0.034797,-0.000000,-0.001015,1.570018,-0.300000,1.000000,1.100000,0.000000,0.000000,-1.571000,-0.299979,1.000819,1.065203,1.492073
1.110000,-0.000021,-0.000827,0.034797,-0.000000,-0.001015,1.570019,-0.300000,1.000000,1.100000,0.000000,0.000000,-1.571000,-0.299979,1.000827,1.065203,1.492079
1.120000,-0.000021,-0.000835,0.034797,-0.000000,-0.001015,1.570019,-0.300000,1.000000,1.100000,0.000000,0.000000,-1.571000,-0.299979,1.000835,1.065203,1.492084
1.130000,-0.000022,-0.000844,0.034797,-0.000000,-0.001015,1.570019,-0.300000,1.000000,1.100000,0.000000,0.000000,-1.571000,-0.299978,1.000844,1.065203,1.492090
1.140000,-0.000022,-0.000852,0.034797,-0.000000,-0.001015,1.570019,-0.300000,1.000000,1.100000,0.000000,0.000000,-1.571000,-0.299978,1.000852,1.065203,1.492095
1.150000,-0.000022,-0.000860,0.034797,-0.000000,-0.001015,1.570019,-0.300000,1.000000,1.100000,0.000000,0.000000,-1.571000,-0.299978,1.000860,1.065203,1.492101
1.160000,-0.000022,-0.000869,0.034797,-0.000000,-0.001015,1.570020,-0.300000,1.000000,1.100000,0.000000,0.000000,-1.571000,-0.299978,1.000869,1.065203,1.492107
1.170000,-0.000022,-0.000877,0.034797,-0.000000,-0.001015,1.570020,-0.300000,1.000000,1.100000,0.000000,0.000000,-1.571000,-0.299978,1.000877,1.065203,1.492112
1.180000,-0.000023,-0.000885,0.034797,-0.000000,-0.001015,1.570020,-0.300000,1.000000,1.100000,0.000000,0.000000,-1.571000,-0.299977,1.000885,1.065203,1.492118
1.190000,-0.000023,-0.000894,0.034797,-0.000000,-0.001015,1.570020,-0.300000,1.000000,1.100000,0.000000,0.000000,-1.571000,-0.299977,1.000894,1.065203,1.492123
1.200000,-0.000023,-0.000902,0.034797,-0.000000,-0.001015,1.570020,-0.300000,1.000000,1.100000,0.000000,0.000000,-1.571000,-0.299977,1.000902,1.065203,1.492129
1.210000,-0.000023,-0.000911,0.034797,-0.000000,-0.001015,1.570021,-0.300000,1.000000,1.100000,0.000000,0.000000,-1.571000,-0.299977,1.000911,1.065203,1.492134
1.220000,-0.000024,-0.000919,0.034797,-0.000000,-0.001015,1.570021,-0.300000,1.000000,1.100000,0.000000,0.000000,-1.571000,-0.299976,1.000919,1.065203,1.492140
1.230000,-0.000024,-0.000927,0.034797,-0.000000,-0.001015,1.570021,-0.300000,1.000000,1.100000,0.000000,0.000000,-1.571000,-0.299976,1.000927,1.065203,1.492146
1.240000,-0.000024,-0.000936,0.034797,-0.000000,-0.001015,1.570021,-0.300000,1.000000,1.100000,0.000000,0.000000,-1.571000,-0.299976,1.000936,1.065203,1.492151
1.250000,-0.000024,-0.000944,0.034797,-0.000000,-0.001015,1.570021,-0.300000,1.000000,1.100000,0.000000,0.000000,-1.571000,-0.299976,1.000944,1.065203,1.492157
1.260000,-0.000024,-0.000952,0.034797,-0.000000,-0.001015,1.570022,-0.300000,1.000000,1.100000,0.000000,0.000000,-1.571000,-0.299976,1.000952,1.065203,1.492162
1.270000,-0.000025,-0.000961,0.034797,-0.000000,-0.001015,1.570022,-0.300000,1.000000,1.100000,0.000000,0.000000,-1.571000,-0.299975,1.000961,1.065203,1.492168
1.280000,-0.000025,-0.000969,0.034797,-0.000000,-0.001015,1.570022,-0.300000,1.000000,1.100000,0.000000,0.000000,-1.571000,-0.299975,1.000969,1.065203,1.492173
1.290000,-0.000025,-0.000978,0.034797,-0.000000,-0.001015,1.570022,-0.300000,1.000000,1.100000,0.000000,0.000000,-1.571000,-0.299975,1.000978,1.065203,1.492179
1.300000,-0.000025,-0.000986,0.034797,-0.000000,-0.001015,1.570022,-0.300000,1.000000,1.100000,0.000000,0.000000,-1.571000,-0.299975,1.000986,1.065203,1.492185
1.310000,-0.000026,-0.000994,0.034797,-0.000000,-0.001015,1.570023,-0.300000,1.000000,1.100000,0.000000,0.000000,-1.571000,-0.299974,1.000994,1.065203,1.492190
1.320000,-0.000026,-0.001003,0.034797,-0.000000,-0.001015,1.570023,-0.300000,1.000000,1.100000,0.000000,0.000000,-1.571000,-0.299974,1.001003,1.065203,1.492196
1.330000,-0.000026,-0.001011,0.034797,-0.000000,-0.001015,1.570023,-0.300000,1.000000,1.100000,0.000000,0.000000,-1.571000,-0.299974,1.001011,1.065203,1.492201
1.340000,-0.000026,-0.001019,0.034797,-0.000000,-0.001015,1.570023,-0.300000,1.000000,1.100000,0.000000,0.000000,-1.571000,-0.299974,1.001019,1.065203,1.492207
1.350000,-0.000026,-0.001028,0.034797,-0.000000,-0.001015,1.570023,-0.300000,1.000000,1.100000,0.000000,0.000000,-1.571000,-0.299974,1.001028,1.065203,1.492212
1.360000,-0.000027,-0.001036,0.034797,-0.000000,-0.001015,1.570024,-0.300000,1.000000,1.100000,0.000000,0.000000,-1.571000,-0.299973,1.001036,1.065203,1.492218
1.370000,-0.000027,-0.001045,0.034797,-0.000000,-0.001015,1.570024,-0.300000,1.000000,1.100000,0.000000,0.000000,-1.571000,-0.299973,1.001045,1.065203,1.492224
1.380000,-0.000027,-0.001053,0.034797,-0.000000,-0.001015,1.570024,-0.300000,1.000000,1.100000,0.000000,0.000000,-1.571000,-0.299973,1.001053,1.065203,1.492229
1.390000,-0.000027,-0.001061,0.034797,-0.000000,-0.001015,1.570024,-0.300000,1.000000,1.100000,0.000000,0.000000,-1.571000,-0.299973,1.001061,1.065203,1.492235
1.400000,-0.000028,-0.001070,0.034797,-0.000000,-0.001015,1.570024,-0.300000,1.000000,1.100000,0.000000,0.000000,-1.571000,-0.299972,1.001070,1.065203,1.492240
1.410000,-0.000028,-0.001078,0.034797,-0.000000,-0.001015,1.570025,-0.300000,1.000000,1.100000,0.000000,0.000000,-1.571000,-0.299972,1.001078,1.065203,1.492246
1.420000,-0.000028,-0.001086,0.034797,-0.000000,-0.001015,1.570025,-0.300000,1.000000,1.100000,0.000000,0.000000,-1.571000,-0.299972,1.001086,1.065203,1.492251
1.430000,-0.000028,-0.001095,0.034797,-0.000000,-0.001015,1.570025,-0.300000,1.000000,1.100000,0.000000,0.000000,-1.571000,-0.299972,1.001095,1.065203,1.492257
1.440000,-0.000028,-0.001103,0.034797,-0.000000,-0.001015,1.570025,-0.300000,1.000000,1.100000,0.000000,0.000000,-1.571000,-0.299972,1.001103,1.065203,1.492263
1.450000,-0.000029,-0.001112,0.034797,-0.000000,-0.001015,1.570025,-0.300000,1.000000,1.100000,0.000000,0.000000,-1.571000,-0.299971,1.001112,1.065203,1.492268
1.460000,-0.000029,-0.001120,0.034797,-0.000000,-0.001015,1.570026,-0.300000,1.000000,1.100000,0.000000,0.000000,-1.571000,-0.299971,1.001120,1.065203,1.492274
1.470000,-0.000029,-0.001128,0.034797,-0.000000,-0.001015,1.570026,-0.300000,1.000000,1.100000,0.000000,0.000000,-1.571000,-0.299971,1.001128,1.065203,1.492279
1.480000,-0.000029,-0.001137,0.034797,-0.000000,-0.001015,1.570026,-0.300000,1.000000,1.100000,0.000000,0.000000,-1.571000,-0.299971,1.001137,1.065203,1.492285
1.490000,-0.000030,-0.001145,0.034797,-0.000000,-0.001015,1.570026,-0.300000,1.000000,1.100000,0.000000,0.000000,-1.571000,-0.299970,1.001145,1.065203,1.492290
1.500000,-0.000030,-0.001153,0.034797,-0.000000,-0.001015,1.570026,-0.300000,1.000000,1.100000,0.000000,0.000000,-1.571000,-0.299970,1.001153,1.065203,1.492296
1.510000,-0.000030,-0.001162,0.034797,-0.000000,-0.001015,1.570027,-0.300000,1.000000,1.100000,0.000000,0.000000,-1.571000,-0.299970,1.001162,1.065203,1.492302
1.520000,-0.000030,-0.001170,0.034797,-0.000000,-0.001015,1.570027,-0.300000,1.000000,1.100000,0.000000,0.000000,-1.571000,-0.299970,1.001170,1.065203,1.492307
1.530000,-0.000030,-0.001179,0.034797,-0.000000,-0.001015,1.570027,-0.300000,1.000000,1.100000,0.000000,0.000000,-1.571000,-0.299970,1.001179,1.065203,1.492313
1.540000,-0.000031,-0.001187,0.034797,-0.000000,-0.001015,1.570027,-0.300000,1.000000,1.100000,0.000000,0.000000,-1.571000,-0.299969,1.001187,1.065203,1.492318
1.550000,-0.000031,-0.001195,0.034797,-0.000000,-0.001015,1.570027,-0.300000,1.000000,1.100000,0.000000,0.000000,-1.571000,-0.299969,1.001195,1.065203,1.492324
1.560000,-0.000031,-0.001204,0.034797,-0.000000,-0.001015,1.570028,-0.300000,1.000000,1.100000,0.000000,0.000000,-1.571000,-0.299969,1.001204,1.065203,1.492330
1.570000,-0.000031,-0.001212,0.034797,-0.000000,-0.001015,1.570028,-0.300000,1.000000,1.100000,0.000000,0.000000,-1.571000,-0.299969,1.001212,1.065203,1.492335
1.580000,-0.000032,-0.001220,0.034797,-0.000000,-0.001015,1.570028,-0.300000,1.000000,1.100000,0.000000,0.000000,-1.571000,-0.299968,1.001220,1.065203,1.492341
1.590000,-0.000032,-0.001229,0.034797,-0.000000,-0.001015,1.570028,-0.300000,1.000000,1.100000,0.000000,0.000000,-1.571000,-0.299968,1.001229,1.065203,1.492346
1.600000,-0.000032,-0.001237,0.034797,-0.000000,-0.001015,1.570028,-0.300000,1.000000,1.100000,0.000000,0.000000,-1.571000,-0.299968,1.001237,1.065203,1.492352
1.610000,-0.000032,-0.001246,0.034797,-0.000000,-0.001015,1.570029,-0.300000,1.000000,1.100000,0.000000,0.000000,-1.571000,-0.299968,1.001246,1.065203,1.492357
1.620000,-0.000032,-0.001254,0.034797,-0.000000,-0.001015,1.570029,-0.300000,1.000000,1.100000,0.000000,0.000000,-1.571000,-0.299968,1.001254,1.065203,1.492363
1.630000,-0.000033,-0.001262,0.034797,-0.000000,-0.001015,1.570029,-0.300000,1.000000,1.100000,0.000000,0.000000,-1.571000,-0.299967,1.001262,1.065203,1.492369
1.640000,-0.000033,-0.001271,0.034797,-0.000000,-0.001015,1.570029,-0.300000,1.000000,1.100000,0.000000,0.000000,-1.571000,-0.299967,1.001271,1.065203,1.492374
1.650000,-0.000033,-0.001279,0.034797,-0.000000,-0.001015,1.570029,-0.300000,1.000000,1.100000,0.000000,0.000000,-1.571000,-0.299967,1.001279,1.065203,1.492380
1.660000,-0.000033,-0.001287,0.034797,-0.000000,-0.001015,1.570030,-0.300000,1.000000,1.100000,0.000000,0.000000,-1.571000,-0.299967,1.001287,1.065203,1.492385
1.670000,-0.000034,-0.001296,0.034797,-0.000000,-0.001015,1.570030,-0.300000,1.000000,1.100000,0.000000,0.000000,-1.571000,-0.299966,1.001296,1.065203,1.492391
1.680000,-0.000034,-0.001304,0.034797,-0.000000,-0.001015,1.570030,-0.300000,1.000000,1.100000,0.000000,0.000000,-1.571000,-0.299966,1.001304,1.065203,1.492396
1.690000,-0.000034,-0.001313,0.034797,-0.000000,-0.001015,1.570030,-0.300000,1.000000,1.100000,0.000000,0.000000,-1.571000,-0.299966,1.001313,1.065203,1.492402
1.700000,-0.000034,-0.001321,0.034797,-0.000000,-0.001015,1.570030,-0.300000,1.000000,1.100000,0.000000,0.000000,-1.571000,-0.299966,1.001321,1.065203,1.492408
1.710000,-0.000035,-0.001329,0.034797,-0.000000,-0.001015,1.570031,-0.300000,1.000000,1.100000,0.000000,0.000000,-1.571000,-0.299965,1.001329,1.065203,1.492413
1.720000,-0.000035,-0.001338,0.034797,-0.000000,-0.001015,1.570031,-0.300000,1.000000,1.100000,0.000000,0.000000,-1.571000,-0.299965,1.001338,1.065203,1.492419
1.730000,-0.000035,-0.001346,0.034797,-0.000000,-0.001015,1.570031,-0.300000,1.000000,1.100000,0.000000,0.000000,-1.571000,-0.299965,1.001346,1.065203,1.492424
1.740000,-0.000035,-0.001354,0.034797,-0.000000,-0.001015,1.570031,-0.300000,1.000000,1.100000,0.000000,0.000000,-1.571000,-0.299965,1.001354,1.065203,1.492430
1.750000,-0.000035,-0.001363,0.034797,-0.000000,-0.001015,1.570031,-0.300000,1.000000,1.100000,0.000000,0.000000,-1.571000,-0.299965,1.001363,1.065203,1.492435
1.760000,-0.000036,-0.001371,0.034797,-0.000000,-0.001015,1.570031,-0.300000,1.000000,1.100000,0.000000,0.000000,-1.571000,-0.299964,1.001371,1.065203,1.492441
1.770000,-0.000036,-0.001380,0.034797,-0.000000,-0.001015,1.570032,-0.300000,1.000000,1.100000,0.000000,0.000000,-1.571000,-0.299964,1.001380,1.065203,1.492447
1.780000,-0.000036,-0.001388,0.034797,-0.000000,-0.001015,1.570032,-0.300000,1.000000,1.100000,0.000000,0.000000,-1.571000,-0.299964,1.001388,1.065203,1.492452
1.790000,-0.000036,-0.001396,0.034797,-0.000000,-0.001015,1.570032,-0.300000,1.000000,1.100000,0.000000,0.000000,-1.571000,-0.299964,1.001396,1.065203,1.492458
1.800000,-0.000037,-0.001405,0.034797,-0.000000,-0.001015,1.570032,-0.300000,1.000000,1.100000,0.000000,0.000000,-1.571000,-0.299963,1.001405,1.065203,1.492463
1.810000,-0.000037,-0.001413,0.034797,-0.000000,-0.001015,1.570032,-0.300000,1.000000,1.100000,0.000000,0.000000,-1.571000,-0.299963,1.001413,1.065203,1.492469
1.820000,-0.000037,-0.001421,0.034797,-0.000000,-0.001015,1.570033,-0.300000,1.000000,1.100000,0.000000,0.000000,-1.571000,-0.299963,1.001421,1.065203,1.492474
1.830000,-0.000037,-0.001430,0.034797,-0.000000,-0.001015,1.570033,-0.300000,1.000000,1.100000,0.000000,0.000000,-1.571000,-0.299963,1.001430,1.065203,1.492480
1.840000,-0.000037,-0.001438,0.034797,-0.000000,-0.001015,1.570033,-0.300000,1.000000,1.100000,0.000000,0.000000,-1.571000,-0.299963,1.001438,1.065203,1.492486
1.850000,-0.000038,-0.001447,0.034797,-0.000000,-0.001015,1.570033,-0.300000,1.000000,1.100000,0.000000,0.000000,-1.571000,-0.299962,1.001447,1.065203,1.492491
1.860000,-0.000038,-0.001455,0.034797,-0.000000,-0.001015,1.570033,-0.300000,1.000000,1.100000,0.000000,0.000000,-1.571000,-0.299962,1.001455,1.065203,1.492497
1.870000,-0.000038,-0.001463,0.034797,-0.000000,-0.001015,1.570034,-0.300000,1.000000,1.100000,0.000000,0.000000,-1.571000,-0.299962,1.001463,1.065203,1.492502
1.880000,-0.000038,-0.001472,0.034797,-0.000000,-0.001015,1.570034,-0.300000,1.000000,1.100000,0.000000,0.000000,-1.571000,-0.299962,1.001472,1.065203,1.492508
1.890000,-0.000039,-0.001480,0.034797,-0.000000,-0.001015,1.570034,-0.300000,1.000000,1.100000,0.000000,0.000000,-1.571000,-0.299961,1.001480,1.065203,1.492513
1.900000,-0.000039,-0.001488,0.034797,-0.000000,-0.001015,1.570034,-0.300000,1.000000,1.100000,0.000000,0.000000,-1.571000,-0.299961,1.001488,1.065203,1.492519
1.910000,-0.000039,-0.001497,0.034797,-0.000000,-0.001015,1.570034,-0.300000,1.000000,1.100000,0.000000,0.000000,-1.571000,-0.299961,1.001497,1.065203,1.492525
1.920000,-0.000039,-0.001505,0.034797,-0.000000,-0.001015,1.570035,-0.300000,1.000000,1.100000,0.000000,0.000000,-1.571000,-0.299961,1.001505,1.065203,1.492530
1.930000,-0.000039,-0.001514,0.034797,-0.000000,-0.001015,1.570035,-0.300000,1.000000,1.100000,0.000000,0.000000,-1.571000,-0.299961,1.001514,1.065203,1.492536
1.940000,-0.000040,-0.001522,0.034797,-0.000000,-0.001015,1.570035,-0.300000,1.000000,1.100000,0.000000,0.000000,-1.571000,-0.299960,1.001522,1.065203,1.492541
1.950000,-0.000040,-0.001530,0.034797,-0.000000,-0.001015,1.570035,-0.300000,1.000000,1.100000,0.000000,0.000000,-1.571000,-0.299960,1.001530,1.065203,1.492547
1.960000,-0.000040,-0.001539,0.034797,-0.000000,-0.001015,1.570035,-0.300000,1.000000,1.100000,0.000000,0.000000,-1.571000,-0.299960,1.001539,1.065203,1.492552
1.970000,-0.000040,-0.001547,0.034797,-0.000000,-0.001015,1.570036,-0.300000,1.000000,1.100000,0.000000,0.000000,-1.571000,-0.299960,1.001547,1.065203,1.492558
1.980000,-0.000041,-0.001555,0.034797,-0.000000,-0.001015,1.570036,-0.300000,1.000000,1.100000,0.000000,0.000000,-1.571000,-0.299959,1.001555,1.065203,1.492564
1.990000,-0.000041,-0.001564,0.034797,-0.000000,-0.001015,1.570036,-0.300000,1.000000,1.100000,0.000000,0.000000,-1.571000,-0.299959,1.001564,1.065203,1.492569
2.000000,-0.000041,-0.001572,0.034797,-0.000000,-0.001015,1.570036,-0.300000,1.000000,1.100000,0.000000,0.000000,-1.571000,-0.299959,1.001572,1.065203,1.492575
2.010000,-0.000041,-0.001581,0.034797,-0.000000,-0.001015,1.570036,-0.300000,1.000000,1.100000,0.000000,0.000000,-1.571000,-0.299959,1.001581,1.065203,1.492580
2.020000,-0.000041,-0.001589,0.034797,-0.000000,-0.001015,1.570037,-0.300000,1.000000,1.100000,0.000000,0.000000,-1.571000,-0.299959,1.001589,1.065203,1.492586
2.030000,-0.000042,-0.001597,0.034797,-0.000000,-0.001015,1.570037,-0.300000,1.000000,1.100000,0.000000,0.000000,-1.571000,-0.299958,1.001597,1.065203,1.492591
2.040000,-0.000042,-0.001606,0.034797,-0.000000,-0.001015,1.570037,-0.300000,1.000000,1.100000,0.000000,0.000000,-1.571000,-0.299958,1.001606,1.065203,1.492597
2.050000,-0.000042,-0.001614,0.034797,-0.000000,-0.001015,1.570037,-0.300000,1.000000,1.100000,0.000000,0.000000,-1.571000,-0.299958,1.001614,1.065203,1.492603
2.060000,-0.000042,-0.001622,0.034797,-0.000000,-0.001015,1.570037,-0.300000,1.000000,1.100000,0.000000,0.000000,-1.571000,-0.299958,1.001622,1.065203,1.492608
2.070000,-0.000043,-0.001631,0.034797,-0.000000,-0.001015,1.570038,-0.300000,1.000000,1.100000,0.000000,0.000000,-1.571000,-0.299957,1.001631,1.065203,1.492614
2.080000,-0.000043,-0.001639,0.034797,-0.000000,-0.001015,1.570038,-0.300000,1.000000,1.100000,0.000000,0.000000,-1.571000,-0.299957,1.001639,1.065203,1.492619
2.090000,-0.000043,-0.001647,0.034797,-0.000000,-0.001015,1.570038,-0.300000,1.000000,1.100000,0.000000,0.000000,-1.571000,-0.299957,1.001647,1.065203,1.492625
2.100000,-0.000043,-0.001656,0.034797,-0.000000,-0.001015,1.570038,-0.300000,1.000000,1.100000,0.000000,0.000000,-1.571000,-0.299957,1.001656,1.065203,1.492630
2.110000,-0.000043,-0.001664,0.034797,-0.000000,-0.001015,1.570038,-0.300000,1.000000,1.100000,0.000000,0.000000,-1.571000,-0.299957,1.001664,1.065203,1.492636
2.120000,-0.000044,-0.001673,0.034797,-0.000000,-0.001015,1.570039,-0.300000,1.000000,1.100000,0.000000,0.000000,-1.571000,-0.299956,1.001673,1.065203,1.492642
2.130000,-0.000044,-0.001681,0.034797,-0.000000,-0.001015,1.570039,-0.300000,1.000000,1.100000,0.000000,0.000000,-1.571000,-0.299956,1.001681,1.065203,1.492647
2.140000,-0.000044,-0.001689,0.034797,-0.000000,-0.001015,1.570039,-0.300000,1.000000,1.100000,0.000000,0.000000,-1.571000,-0.299956,1.001689,1.065203,1.492653
2.150000,-0.000044,-0.001698,0.034797,-0.000000,-0.001015,1.570039,-0.300000,1.000000,1.100000,0.000000,0.000000,-1.571000,-0.299956,1.001698,1.065203,1.492658
2.160000,-0.000045,-0.001706,0.034797,-0.000000,-0.001015,1.570039,-0.300000,1.000000,1.100000,0.000000,0.000000,-1.571000,-0.299955,1.001706,1.065203,1.492664
2.170000,-0.000045,-0.001714,0.034797,-0.000000,-0.001015,1.570040,-0.300000,1.000000,1.100000,0.000000,0.000000,-1.571000,-0.299955,1.001714,1.065203,1.492669
2.180000,-0.000045,-0.001723,0.034797,-0.000000,-0.001015,1.570040,-0.300000,1.000000,1.100000,0.000000,0.000000,-1.571000,-0.299955,1.001723,1.065203,1.492675
2.190000,-0.000045,-0.001731,0.034797,-0.000000,-0.001015,1.570040,-0.300000,1.000000,1.100000,0.000000,0.000000,-1.571000,-0.299955,1.001731,1.065203,1.492681
2.200000,-0.000045,-0.001740,0.034797,-0.000000,-0.001015,1.570040,-0.300000,1.000000,1.100000,0.000000,0.000000,-1.571000,-0.299955,1.001740,1.065203,1.492686
2.210000,-0.000046,-0.001748,0.034797,-0.000000,-0.001015,1.570040,-0.300000,1.000000,1.100000,0.000000,0.000000,-1.571000,-0.299954,1.001748,1.065203,1.492692
2.220000,-0.000046,-0.001756,0.034797,-0.000000,-0.001015,1.570041,-0.300000,1.000000,1.100000,0.000000,0.000000,-1.571000,-0.299954,1.001756,1.065203,1.492697
2.230000,-0.000046,-0.001765,0.034797,-0.000000,-0.001015,1.570041,-0.300000,1.000000,1.100000,0.000000,0.000000,-1.571000,-0.299954,1.001765,1.065203,1.492703
2.240000,-0.000046,-0.001773,0.034797,-0.000000,-0.001015,1.570041,-0.300000,1.000000,1.100000,0.000000,0.000000,-1.571000,-0.299954,1.001773,1.065203,1.492709
2.250000,-0.000047,-0.001781,0.034797,-0.000000,-0.001015,1.570041,-0.300000,1.000000,1.100000,0.000000,0.000000,-1.571000,-0.299953,1.001781,1.065203,1.492714
2.260000,-0.000047,-0.001790,0.034797,-0.000000,-0.001015,1.570041,-0.300000,1.000000,1.100000,0.000000,0.000000,-1.571000,-0.299953,1.001790,1.065203,1.492720
2.270000,-0.000047,-0.001798,0.034797,-0.000000,-0.001015,1.570042,-0.300000,1.000000,1.100000,0.000000,0.000000,-1.571000,-0.299953,1.001798,1.065203,1.492725
2.280000,-0.000047,-0.001807,0.034797,-0.000000,-0.001015,1.570042,-0.300000,1.000000,1.100000,0.000000,0.000000,-1.571000,-0.299953,1.001807,1.065203,1.492731
2.290000,-0.000047,-0.001815,0.034797,-0.000000,-0.001015,1.570042,-0.300000,1.000000,1.100000,0.000000,0.000000,-1.571000,-0.299953,1.001815,1.065203,1.492736
2.300000,-0.000048,-0.001823,0.034797,-0.000000,-0.001015,1.570042,-0.300000,1.000000,1.100000,0.000000,0.000000,-1.571000,-0.299952,1.001823,1.065203,1.492742
2.310000,-0.000048,-0.001832,0.034797,-0.000000,-0.001015,1.570042,-0.300000,1.000000,1.100000,0.000000,0.000000,-1.571000,-0.299952,1.001832,1.065203,1.492748
2.320000,-0.000048,-0.001840,0.034797,-0.000000,-0.001015,1.570043,-0.300000,1.000000,1.100000,0.000000,0.000000,-1.571000,-0.299952,1.001840,1.065203,1.492753
2.330000,-0.000048,-0.001848,0.034797,-0.000000,-0.001015,1.570043,-0.300000,1.000000,1.100000,0.000000,0.000000,-1.571000,-0.299952,1.001848,1.065203,1.492759
2.340000,-0.000049,-0.001857,0.034797,-0.000000,-0.001015,1.570043,-0.300000,1.000000,1.100000,0.000000,0.000000,-1.571000,-0.299951,1.001857,1.065203,1.492764
2.350000,-0.000049,-0.001865,0.034797,-0.000000,-0.001015,1.570043,-0.300000,1.000000,1.100000,0.000000,0.000000,-1.571000,-0.299951,1.001865,1.065203,1.492770
2.360000,-0.000049,-0.001874,0.034797,-0.000000,-0.001015,1.570043,-0.300000,1.000000,1.100000,0.000000,0.000000,-1.571000,-0.299951,1.001874,1.065203,1.492775
2.370000,-0.000049,-0.001882,0.034797,-0.000000,-0.001015,1.570044,-0.300000,1.000000,1.100000,0.000000,0.000000,-1.571000,-0.299951,1.001882,1.065203,1.492781
2.380000,-0.000049,-0.001890,0.034797,-0.000000,-0.001015,1.570044,-0.300000,1.000000,1.100000,0.000000,0.000000,-1.571000,-0.299951,1.001890,1.065203,1.492787
2.390000,-0.000050,-0.001899,0.034797,-0.000000,-0.001015,1.570044,-0.300000,1.000000,1.100000,0.000000,0.000000,-1.571000,-0.299950,1.001899,1.065203,1.492792
2.400000,-0.000050,-0.001907,0.034797,-0.000000,-0.001015,1.570044,-0.300000,1.000000,1.100000,0.000000,0.000000,-1.571000,-0.299950,1.001907,1.065203,1.492798
2.410000,-0.000050,-0.001915,0.034797,-0.000000,-0.001015,1.570044,-0.300000,1.000000,1.100000,0.000000,0.000000,-1.571000,-0.299950,1.001915,1.065203,1.492803
2.420000,-0.000050,-0.001924,0.034797,-0.000000,-0.001015,1.570045,-0.300000,1.000000,1.100000,0.000000,0.000000,-1.571000,-0.299950,1.001924,1.065203,1.492809
2.430000,-0.000051,-0.001932,0.034797,-0.000000,-0.001015,1.570045,-0.300000,1.000000,1.100000,0.000000,0.000000,-1.571000,-0.299949,1.001932,1.065203,1.492814
2.440000,-0.000051,-0.001941,0.034797,-0.000000,-0.001015,1.570045,-0.300000,1.000000,1.100000,0.000000,0.000000,-1.571000,-0.299949,1.001941,1.065203,1.492820
2.450000,-0.000051,-0.001949,0.034797,-0.000000,-0.001015,1.570045,-0.300000,1.000000,1.100000,0.000000,0.000000,-1.571000,-0.299949,1.001949,1.065203,1.492826
2.460000,-0.000051,-0.001957,0.034797,-0.000000,-0.001015,1.570045,-0.300000,1.000000,1.100000,0.000000,0.000000,-1.571000,-0.299949,1.001957,1.065203,1.492831
2.470000,-0.000052,-0.001966,0.034797,-0.000000,-0.001015,1.570046,-0.300000,1.000000,1.100000,0.000000,0.000000,-1.571000,-0.299948,1.001966,1.065203,1.492837
2.480000,-0.000052,-0.001974,0.034797,-0.000000,-0.001015,1.570046,-0.300000,1.000000,1.100000,0.000000,0.000000,-1.571000,-0.299948,1.001974,1.065203,1.492842
2.490000,-0.000052,-0.001982,0.034797,-0.000000,-0.001015,1.570046,-0.300000,1.000000,1.100000,0.000000,0.000000,-1.571000,-0.299948,1.001982,1.065203,1.492848
2.500000,-0.000052,-0.001991,0.034797,-0.000000,-0.001015,1.570046,-0.300000,1.000000,1.100000,0.000000,0.000000,-1.571000,-0.299948,1.001991,1.065203,1.492853
2.510000,-0.000052,-0.001999,0.034797,-0.000000,-0.001015,1.570046,-0.300000,1.000000,1.100000,0.000000,0.000000,-1.571000,-0.299948,1.001999,1.065203,1.492859
2.520000,-0.000053,-0.002008,0.034797,-0.000000,-0.001015,1.570047,-0.300000,1.000000,1.100000,0.000000,0.000000,-1.571000,-0.299947,1.002008,1.065203,1.492865
2.530000,-0.000053,-0.002016,0.034797,-0.000000,-0.001015,1.570047,-0.300000,1.000000,1.100000,0.000000,0.000000,-1.571000,-0.299947,1.002016,1.065203,1.492870
2.540000,-0.000053,-0.002024,0.034797,-0.000000,-0.001015,1.570047,-0.300000,1.000000,1.100000,0.000000,0.000000,-1.571000,-0.299947,1.002024,1.065203,1.492876
2.550000,-0.000053,-0.002033,0.034797,-0.000000,-0.001015,1.570047,-0.300000,1.000000,1.100000,0.000000,0.000000,-1.571000,-0.299947,1.002033,1.065203,1.492881
2.560000,-0.000054,-0.002041,0.034797,-0.000000,-0.001015,1.570047,-0.300000,1.000000,1.100000,0.000000,0.000000,-1.571000,-0.299946,1.002041,1.065203,1.492887
2.570000,-0.000054,-0.002049,0.034797,-0.000000,-0.001015,1.570048,-0.300000,1.000000,1.100000,0.000000,0.000000,-1.571000,-0.299946,1.002049,1.065203,1.492892
2.580000,-0.000054,-0.002058,0.034797,-0.000000,-0.001015,1.570048,-0.300000,1.000000,1.100000,0.000000,0.000000,-1.571000,-0.299946,1.002058,1.065203,1.492898
2.590000,-0.000054,-0.002066,0.034797,-0.000000,-0.001015,1.570048,-0.300000,1.000000,1.100000,0.000000,0.000000,-1.571000,-0.299946,1.002066,1.065203,1.492904
2.600000,-0.000054,-0.002075,0.034797,-0.000000,-0.001015,1.570048,-0.300000,1.000000,1.100000,0.000000,0.000000,-1.571000,-0.299946,1.002075,1.065203,1.492909
2.610000,-0.000055,-0.002083,0.034797,-0.000000,-0.001015,1.570048,-0.300000,1.000000,1.100000,0.000000,0.000000,-1.571000,-0.299945,1.002083,1.065203,1.492915
2.620000,-0.000055,-0.002091,0.034797,-0.000000,-0.001015,1.570049,-0.300000,1.000000,1.100000,0.000000,0.000000,-1.571000,-0.299945,1.002091,1.065203,1.492920
2.630000,-0.000055,-0.002100,0.034797,-0.000000,-0.001015,1.570049,-0.300000,1.000000,1.100000,0.000000,0.000000,-1.571000,-0.299945,1.002100,1.065203,1.492926
2.640000,-0.000055,-0.002108,0.034797,-0.000000,-0.001015,1.570049,-0.300000,1.000000,1.100000,0.000000,0.000000,-1.571000,-0.299945,1.002108,1.065203,1.492932
2.650000,-0.000056,-0.002116,0.034797,-0.000000,-0.001015,1.570049,-0.300000,1.000000,1.100000,0.000000,0.000000,-1.571000,-0.299944,1.002116,1.065203,1.492937
2.660000,-0.000056,-0.002125,0.034797,-0.000000,-0.001015,1.570049,-0.300000,1.000000,1.100000,0.000000,0.000000,-1.571000,-0.299944,1.002125,1.065203,1.492943
2.670000,-0.000056,-0.002133,0.034797,-0.000000,-0.001015,1.570049,-0.300000,1.000000,1.100000,0.000000,0.000000,-1.571000,-0.299944,1.002133,1.065203,1.492948
2.680000,-0.000056,-0.002142,0.034797,-0.000000,-0.001015,1.570050,-0.300000,1.000000,1.100000,0.000000,0.000000,-1.571000,-0.299944,1.002142,1.065203,1.492954
2.690000,-0.000056,-0.002150,0.034797,-0.000000,-0.001015,1.570050,-0.300000,1.000000,1.100000,0.000000,0.000000,-1.571000,-0.299944,1.002150,1.065203,1.492959
2.700000,-0.000057,-0.002158,0.034797,-0.000000,-0.001015,1.570050,-0.300000,1.000000,1.100000,0.000000,0.000000,-1.571000,-0.299943,1.002158,1.065203,1.492965
2.710000,-0.000057,-0.002167,0.034797,-0.000000,-0.001015,1.570050,-0.300000,1.000000,1.100000,0.000000,0.000000,-1.571000,-0.299943,1.002167,1.065203,1.492971
2.720000,-0.000057,-0.002175,0.034797,-0.000000,-0.001015,1.570050,-0.300000,1.000000,1.100000,0.000000,0.000000,-1.571000,-0.299943,1.002175,1.065203,1.492976
2.730000,-0.000057,-0.002183,0.034797,-0.000000,-0.001015,1.570051,-0.300000,1.000000,1.100000,0.000000,0.000000,-1.571000,-0.299943,1.002183,1.065203,1.492982
2.740000,-0.000058,-0.002192,0.034797,-0.000000,-0.001015,1.570051,-0.300000,1.000000,1.100000,0.000000,0.000000,-1.571000,-0.299942,1.002192,1.065203,1.492987
2.750000,-0.000058,-0.002200,0.034797,-0.000000,-0.001015,1.570051,-0.300000,1.000000,1.100000,0.000000,0.000000,-1.571000,-0.299942,1.002200,1.065203,1.492993
2.760000,-0.000058,-0.002209,0.034797,-0.000000,-0.001015,1.570051,-0.300000,1.000000,1.100000,0.000000,0.000000,-1.571000,-0.299942,1.002209,1.065203,1.492998
2.770000,-0.000058,-0.002217,0.034797,-0.000000,-0.001015,1.570051,-0.300000,1.000000,1.100000,0.000000,0.000000,-1.571000,-0.299942,1.002217,1.065203,1.493004
2.780000,-0.000058,-0.002225,0.034797,-0.000000,-0.001015,1.570052,-0.300000,1.000000,1.100000,0.000000,0.000000,-1.571000,-0.299942,1.002225,1.065203,1.493010
2.790000,-0.000059,-0.002234,0.034797,-0.000000,-0.001015,1.570052,-0.300000,1.000000,1.100000,0.000000,0.000000,-1.571000,-0.299941,1.002234,1.065203,1.493015
2.800000,-0.000059,-0.002242,0.034797,-0.000000,-0.001015,1.570052,-0.300000,1.000000,1.100000,0.000000,0.000000,-1.571000,-0.299941,1.002242,1.065203,1.493021
2.810000,-0.000059,-0.002250,0.034797,-0.000000,-0.001015,1.570052,-0.300000,1.000000,1.100000,0.000000,0.000000,-1.571000,-0.299941,1.002250,1.065203,1.493026
2.820000,-0.000059,-0.002259,0.034797,-0.000000,-0.001015,1.570052,-0.300000,1.000000,1.100000,0.000000,0.000000,-1.571000,-0.299941,1.002259,1.065203,1.493032
2.830000,-0.000060,-0.002267,0.034797,-0.000000,-0.001015,1.570053,-0.300000,1.000000,1.100000,0.000000,0.000000,-1.571000,-0.299940,1.002267,1.065203,1.493037
2.840000,-0.000060,-0.002276,0.034797,-0.000000,-0.001015,1.570053,-0.300000,1.000000,1.100000,0.000000,0.000000,-1.571000,-0.299940,1.002276,1.065203,1.493043
2.850000,-0.000060,-0.002284,0.034797,-0.000000,-0.001015,1.570053,-0.300000,1.000000,1.100000,0.000000,0.000000,-1.571000,-0.299940,1.002284,1.065203,1.493049
2.860000,-0.000060,-0.002292,0.034797,-0.000000,-0.001015,1.570053,-0.300000,1.000000,1.100000,0.000000,0.000000,-1.571000,-0.299940,1.002292,1.065203,1.493054
2.870000,-0.000060,-0.002301,0.034797,-0.000000,-0.001015,1.570053,-0.300000,1.000000,1.100000,0.000000,0.000000,-1.571000,-0.299940,1.002301,1.065203,1.493060
2.880000,-0.000061,-0.002309,0.034797,-0.000000,-0.001015,1.570054,-0.300000,1.000000,1.100000,0.000000,0.000000,-1.571000,-0.299939,1.002309,1.065203,1.493065
2.890000,-0.000061,-0.002317,0.034797,-0.000000,-0.001015,1.570054,-0.300000,1.000000,1.100000,0.000000,0.000000,-1.571000,-0.299939,1.002317,1.065203,1.493071
2.900000,-0.000061,-0.002326,0.034797,-0.000000,-0.001015,1.570054,-0.300000,1.000000,1.100000,0.000000,0.000000,-1.571000,-0.299939,1.002326,1.065203,1.493076
2.910000,-0.000061,-0.002334,0.034797,-0.000000,-0.001015,1.570054,-0.300000,1.000000,1.100000,0.000000,0.000000,-1.571000,-0.299939,1.002334,1.065203,1.493082
2.920000,-0.000062,-0.002342,0.034797,-0.000000,-0.001015,1.570054,-0.300000,1.000000,1.100000,0.000000,0.000000,-1.571000,-0.299938,1.002342,1.065203,1.493088
2.930000,-0.000062,-0.002351,0.034797,-0.000000,-0.001015,1.570055,-0.300000,1.000000,1.100000,0.000000,0.000000,-1.571000,-0.299938,1.002351,1.065203,1.493093
2.940000,-0.000062,-0.002359,0.034797,-0.000000,-0.001015,1.570055,-0.300000,1.000000,1.100000,0.000000,0.000000,-1.571000,-0.299938,1.002359,1.065203,1.493099
2.950000,-0.000062,-0.002368,0.034797,-0.000000,-0.001015,1.570055,-0.300000,1.000000,1.100000,0.000000,0.000000,-1.571000,-0.299938,1.002368,1.065203,1.493104
2.960000,-0.000062,-0.002376,0.034797,-0.000000,-0.001015,1.570055,-0.300000,1.000000,1.100000,0.000000,0.000000,-1.571000,-0.299938,1.002376,1.065203,1.493110
2.970000,-0.000063,-0.002384,0.034797,-0.000000,-0.001015,1.570055,-0.300000,1.000000,1.100000,0.000000,0.000000,-1.571000,-0.299937,1.002384,1.065203,1.493116
2.980000,-0.000063,-0.002393,0.034797,-0.000000,-0.001015,1.570056,-0.300000,1.000000,1.100000,0.000000,0.000000,-1.571000,-0.299937,1.002393,1.065203,1.493121
2.990000,-0.000063,-0.002401,0.034797,-0.000000,-0.001015,1.570056,-0.300000,1.000000,1.100000,0.000000,0.000000,-1.571000,-0.299937,1.002401,1.065203,1.493127
3.000000,-0.000063,-0.002409,0.034797,-0.000000,-0.001015,1.570056,-0.300000,1.000000,1.100000,0.000000,0.000000,-1.571000,-0.299937,1.002409,1.065203,1.493132
3.010000,-0.000064,-0.002418,0.034797,-0.000000,-0.001015,1.570056,-0.300000,1.000000,1.100000,0.000000,0.000000,-1.571000,-0.299936,1.002418,1.065203,1.493138
3.020000,-0.000064,-0.002426,0.034797,-0.000000,-0.001015,1.570056,-0.300000,1.000000,1.100000,0.000000,0.000000,-1.571000,-0.299936,1.002426,1.065203,1.493143
3.030000,-0.000064,-0.002435,0.034797,-0.000000,-0.001015,1.570057,-0.300000,1.000000,1.100000,0.000000,0.000000,-1.571000,-0.299936,1.002435,1.065203,1.493149
3.040000,-0.000064,-0.002443,0.034797,-0.000000,-0.001015,1.570057,-0.300000,1.000000,1.100000,0.000000,0.000000,-1.571000,-0.299936,1.002443,1.065203,1.493155
3.050000,-0.000065,-0.002451,0.034797,-0.000000,-0.001015,1.570057,-0.300000,1.000000,1.100000,0.000000,0.000000,-1.571000,-0.299935,1.002451,1.065203,1.493160
3.060000,-0.000065,-0.002460,0.034797,-0.000000,-0.001015,1.570057,-0.300000,1.000000,1.100000,0.000000,0.000000,-1.571000,-0.299935,1.002460,1.065203,1.493166
3.070000,-0.000065,-0.002468,0.034797,-0.000000,-0.001015,1.570057,-0.300000,1.000000,1.100000,0.000000,0.000000,-1.571000,-0.299935,1.002468,1.065203,1.493171
3.080000,-0.000065,-0.002476,0.034797,-0.000000,-0.001015,1.570058,-0.300000,1.000000,1.100000,0.000000,0.000000,-1.571000,-0.299935,1.002476,1.065203,1.493177
3.090000,-0.000065,-0.002485,0.034797,-0.000000,-0.001015,1.570058,-0.300000,1.000000,1.100000,0.000000,0.000000,-1.571000,-0.299935,1.002485,1.065203,1.493182
3.100000,-0.000066,-0.002493,0.034797,-0.000000,-0.001015,1.570058,-0.300000,1.000000,1.100000,0.000000,0.000000,-1.571000,-0.299934,1.002493,1.065203,1.493188
3.110000,-0.000066,-0.002502,0.034797,-0.000000,-0.001015,1.570058,-0.300000,1.000000,1.100000,0.000000,0.000000,-1.571000,-0.299934,1.002502,1.065203,1.493194
3.120000,-0.000066,-0.002510,0.034797,-0.000000,-0.001015,1.570058,-0.300000,1.000000,1.100000,0.000000,0.000000,-1.571000,-0.299934,1.002510,1.065203,1.493199
3.130000,-0.000066,-0.002518,0.034797,-0.000000,-0.001015,1.570059,-0.300000,1.000000,1.100000,0.000000,0.000000,-1.571000,-0.299934,1.002518,1.065203,1.493205
3.140000,-0.000067,-0.002527,0.034797,-0.000000,-0.001015,1.570059,-0.300000,1.000000,1.100000,0.000000,0.000000,-1.571000,-0.299933,1.002527,1.065203,1.493210
3.150000,-0.000067,-0.002535,0.034797,-0.000000,-0.001015,1.570059,-0.300000,1.000000,1.100000,0.000000,0.000000,-1.571000,-0.299933,1.002535,1.065203,1.493216
3.160000,-0.000067,-0.002543,0.034797,-0.000000,-0.001015,1.570059,-0.300000,1.000000,1.100000,0.000000,0.000000,-1.571000,-0.299933,1.002543,1.065203,1.493221
3.170000,-0.000067,-0.002552,0.034797,-0.000000,-0.001015,1.570059,-0.300000,1.000000,1.100000,0.000000,0.000000,-1.571000,-0.299933,1.002552,1.065203,1.493227
3.180000,-0.000067,-0.002560,0.034797,-0.000000,-0.001015,1.570060,-0.300000,1.000000,1.100000,0.000000,0.000000,-1.571000,-0.299933,1.002560,1.065203,1.493233
3.190000,-0.000068,-0.002569,0.034797,-0.000000,-0.001015,1.570060,-0.300000,1.000000,1.100000,0.000000,0.000000,-1.571000,-0.299932,1.002569,1.065203,1.493238
3.200000,-0.000068,-0.002577,0.034797,-0.000000,-0.001015,1.570060,-0.300000,1.000000,1.100000,0.000000,0.000000,-1.571000,-0.299932,1.002577,1.065203,1.493244
3.210000,-0.000068,-0.002585,0.034797,-0.000000,-0.001015,1.570060,-0.300000,1.000000,1.100000,0.000000,0.000000,-1.571000,-0.299932,1.002585,1.065203,1.493249
3.220000,-0.000068,-0.002594,0.034797,-0.000000,-0.001015,1.570060,-0.300000,1.000000,1.100000,0.000000,0.000000,-1.571000,-0.299932,1.002594,1.065203,1.493255
3.230000,-0.000069,-0.002602,0.034797,-0.000000,-0.001015,1.570061,-0.300000,1.000000,1.100000,0.000000,0.000000,-1.571000,-0.299931,1.002602,1.065203,1.493261
3.240000,-0.000069,-0.002610,0.034797,-0.000000,-0.001015,1.570061,-0.300000,1.000000,1.100000,0.000000,0.000000,-1.571000,-0.299931,1.002610,1.065203,1.493266
3.250000,-0.000069,-0.002619,0.034797,-0.000000,-0.001015,1.570061,-0.300000,1.000000,1.100000,0.000000,0.000000,-1.571000,-0.299931,1.002619,1.065203,1.493272
3.260000,-0.000069,-0.002627,0.034797,-0.000000,-0.001015,1.570061,-0.300000,1.000000,1.100000,0.000000,0.000000,-1.571000,-0.299931,1.002627,1.065203,1.493277
3.270000,-0.000069,-0.002636,0.034797,-0.000000,-0.001015,1.570061,-0.300000,1.000000,1.100000,0.000000,0.000000,-1.571000,-0.299931,1.002636,1.065203,1.493283
3.280000,-0.000070,-0.002644,0.034797,-0.000000,-0.001015,1.570062,-0.300000,1.000000,1.100000,0.000000,0.000000,-1.571000,-0.299930,1.002644,1.065203,1.493288
3.290000,-0.000070,-0.002652,0.034797,-0.000000,-0.001015,1.570062,-0.300000,1.000000,1.100000,0.000000,0.000000,-1.571000,-0.299930,1.002652,1.065203,1.493294
3.300000,-0.000070,-0.002661,0.034797,-0.000000,-0.001015,1.570062,-0.300000,1.000000,1.100000,0.000000,0.000000,-1.571000,-0.299930,1.002661,1.065203,1.493300
3.310000,-0.000070,-0.002669,0.034797,-0.000000,-0.001015,1.570062,-0.300000,1.000000,1.100000,0.000000,0.000000,-1.571000,-0.299930,1.002669,1.065203,1.493305
3.320000,-0.000071,-0.002677,0.034797,-0.000000,-0.001015,1.570062,-0.300000,1.000000,1.100000,0.000000,0.000000,-1.571000,-0.299929,1.002677,1.065203,1.493311
3.330000,-0.000071,-0.002686,0.034797,-0.000000,-0.001015,1.570063,-0.300000,1.000000,1.100000,0.000000,0.000000,-1.571000,-0.299929,1.002686,1.065203,1.493316
3.340000,-0.000071,-0.002694,0.034797,-0.000000,-0.001015,1.570063,-0.300000,1.000000,1.100000,0.000000,0.000000,-1.571000,-0.299929,1.002694,1.065203,1.493322
3.350000,-0.000071,-0.002703,0.034797,-0.000000,-0.001015,1.570063,-0.300000,1.000000,1.100000,0.000000,0.000000,-1.571000,-0.299929,1.002703,1.065203,1.493327
3.360000,-0.000071,-0.002711,0.034797,-0.000000,-0.001015,1.570063,-0.300000,1.000000,1.100000,0.000000,0.000000,-1.571000,-0.299929,1.002711,1.065203,1.493333
3.370000,-0.000072,-0.002719,0.034797,-0.000000,-0.001015,1.570063,-0.300000,1.000000,1.100000,0.000000,0.000000,-1.571000,-0.299928,1.002719,1.065203,1.493339
3.380000,-0.000072,-0.002728,0.034797,-0.000000,-0.001015,1.570064,-0.300000,1.000000,1.100000,0.000000,0.000000,-1.571000,-0.299928,1.002728,1.065203,1.493344
3.390000,-0.000072,-0.002736,0.034797,-0.000000,-0.001015,1.570064,-0.300000,1.000000,1.100000,0.000000,0.000000,-1.571000,-0.299928,1.002736,1.065203,1.493350
3.400000,-0.000072,-0.002744,0.034797,-0.000000,-0.001015,1.570064,-0.300000,1.000000,1.100000,0.000000,0.000000,-1.571000,-0.299928,1.002744,1.065203,1.493355
3.410000,-0.000073,-0.002753,0.034797,-0.000000,-0.001015,1.570064,-0.300000,1.000000,1.100000,0.000000,0.000000,-1.571000,-0.299927,1.002753,1.065203,1.493361
3.420000,-0.000073,-0.002761,0.034797,-0.000000,-0.001015,1.570064,-0.300000,1.000000,1.100000,0.000000,0.000000,-1.571000,-0.299927,1.002761,1.065203,1.493366
3.430000,-0.000073,-0.002770,0.034797,-0.000000,-0.001015,1.570065,-0.300000,1.000000,1.100000,0.000000,0.000000,-1.571000,-0.299927,1.002770,1.065203,1.493372
3.440000,-0.000073,-0.002778,0.034797,-0.000000,-0.001015,1.570065,-0.300000,1.000000,1.100000,0.000000,0.000000,-1.571000,-0.299927,1.002778,1.065203,1.493378
3.450000,-0.000073,-0.002786,0.034797,-0.000000,-0.001015,1.570065,-0.300000,1.000000,1.100000,0.000000,0.000000,-1.571000,-0.299927,1.002786,1.065203,1.493383
3.460000,-0.000074,-0.002795,0.034797,-0.000000,-0.001015,1.570065,-0.300000,1.000000,1.100000,0.000000,0.000000,-1.571000,-0.299926,1.002795,1.065203,1.493389
3.470000,-0.000074,-0.002803,0.034797,-0.000000,-0.001015,1.570065,-0.300000,1.000000,1.100000,0.000000,0.000000,-1.571000,-0.299926,1.002803,1.065203,1.493394
3.480000,-0.000074,-0.002811,0.034797,-0.000000,-0.001015,1.570065,-0.300000,1.000000,1.100000,0.000000,0.000000,-1.571000,-0.299926,1.002811,1.065203,1.493400
3.490000,-0.000074,-0.002820,0.034797,-0.000000,-0.001015,1.570066,-0.300000,1.000000,1.100000,0.000000,0.000000,-1.571000,-0.299926,1.002820,1.065203,1.493406
3.500000,-0.000075,-0.002828,0.034797,-0.000000,-0.001015,1.570066,-0.300000,1.000000,1.100000,0.000000,0.000000,-1.571000,-0.299925,1.002828,1.065203,1.493411
3.510000,-0.000075,-0.002837,0.034797,-0.000000,-0.001015,1.570066,-0.300000,1.000000,1.100000,0.000000,0.000000,-1.571000,-0.299925,1.002837,1.065203,1.493417
3.520000,-0.000075,-0.002845,0.034797,-0.000000,-0.001015,1.570066,-0.300000,1.000000,1.100000,0.000000,0.000000,-1.571000,-0.299925,1.002845,1.065203,1.493422
3.530000,-0.000075,-0.002853,0.034797,-0.000000,-0.001015,1.570066,-0.300000,1.000000,1.100000,0.000000,0.000000,-1.571000,-0.299925,1.002853,1.065203,1.493428
3.540000,-0.000075,-0.002862,0.034797,-0.000000,-0.001015,1.570067,-0.300000,1.000000,1.100000,0.000000,0.000000,-1.571000,-0.299925,1.002862,1.065203,1.493433
3.550000,-0.000076,-0.002870,0.034797,-0.000000,-0.001015,1.570067,-0.300000,1.000000,1.100000,0.000000,0.000000,-1.571000,-0.299924,1.002870,1.065203,1.493439
3.560000,-0.000076,-0.002878,0.034797,-0.000000,-0.001015,1.570067,-0.300000,1.000000,1.100000,0.000000,0.000000,-1.571000,-0.299924,1.002878,1.065203,1.493445
3.570000,-0.000076,-0.002887,0.034797,-0.000000,-0.001015,1.570067,-0.300000,1.000000,1.100000,0.000000,0.000000,-1.571000,-0.299924,1.002887,1.065203,1.493450
3.580000,-0.000076,-0.002895,0.034797,-0.000000,-0.001015,1.570067,-0.300000,1.000000,1.100000,0.000000,0.000000,-1.571000,-0.299924,1.002895,1.065203,1.493456
3.590000,-0.000077,-0.002904,0.034797,-0.000000,-0.001015,1.570068,-0.300000,1.000000,1.100000,0.000000,0.000000,-1.571000,-0.299923,1.002904,1.065203,1.493461
3.600000,-0.000077,-0.002912,0.034797,-0.000000,-0.001015,1.570068,-0.300000,1.000000,1.100000,0.000000,0.000000,-1.571000,-0.299923,1.002912,1.065203,1.493467
3.610000,-0.000077,-0.002920,0.034797,-0.000000,-0.001015,1.570068,-0.300000,1.000000,1.100000,0.000000,0.000000,-1.571000,-0.299923,1.002920,1.065203,1.493472
3.620000,-0.000077,-0.002929,0.034797,-0.000000,-0.001015,1.570068,-0.300000,1.000000,1.100000,0.000000,0.000000,-1.571000,-0.299923,1.002929,1.065203,1.493478
3.630000,-0.000078,-0.002937,0.034797,-0.000000,-0.001015,1.570068,-0.300000,1.000000,1.100000,0.000000,0.000000,-1.571000,-0.299922,1.002937,1.065203,1.493484
3.640000,-0.000078,-0.002945,0.034797,-0.000000,-0.001015,1.570069,-0.300000,1.000000,1.100000,0.000000,0.000000,-1.571000,-0.299922,1.002945,1.065203,1.493489
3.650000,-0.000078,-0.002954,0.034797,-0.000000,-0.001015,1.570069,-0.300000,1.000000,1.100000,0.000000,0.000000,-1.571000,-0.299922,1.002954,1.065203,1.493495
3.660000,-0.000078,-0.002962,0.034797,-0.000000,-0.001015,1.570069,-0.300000,1.000000,1.100000,0.000000,0.000000,-1.571000,-0.299922,1.002962,1.065203,1.493500
3.670000,-0.000078,-0.002971,0.034797,-0.000000,-0.001015,1.570069,-0.300000,1.000000,1.100000,0.000000,0.000000,-1.571000,-0.299922,1.002971,1.065203,1.493506
3.680000,-0.000079,-0.002979,0.034797,-0.000000,-0.001015,1.570069,-0.300000,1.000000,1.100000,0.000000,0.000000,-1.571000,-0.299921,1.002979,1.065203,1.493512
3.690000,-0.000079,-0.002987,0.034797,-0.000000,-0.001015,1.570070,-0.300000,1.000000,1.100000,0.000000,0.000000,-1.571000,-0.299921,1.002987,1.065203,1.493517
3.700000,-0.000079,-0.002996,0.034797,-0.000000,-0.001015,1.570070,-0.300000,1.000000,1.100000,0.000000,0.000000,-1.571000,-0.299921,1.002996,1.065203,1.493523
3.710000,-0.000079,-0.003004,0.034797,-0.000000,-0.001015,1.570070,-0.300000,1.000000,1.100000,0.000000,0.000000,-1.571000,-0.299921,1.003004,1.065203,1.493528
3.720000,-0.000080,-0.003012,0.034797,-0.000000,-0.001015,1.570070,-0.300000,1.000000,1.100000,0.000000,0.000000,-1.571000,-0.299920,1.003012,1.065203,1.493534
3.730000,-0.000080,-0.003021,0.034797,-0.000000,-0.001015,1.570070,-0.300000,1.000000,1.100000,0.000000,0.000000,-1.571000,-0.299920,1.003021,1.065203,1.493539
3.740000,-0.000080,-0.003029,0.034797,-0.000000,-0.001015,1.570071,-0.300000,1.000000,1.100000,0.000000,0.000000,-1.571000,-0.299920,1.003029,1.065203,1.493545
3.750000,-0.000080,-0.003037,0.034797,-0.000000,-0.001015,1.570071,-0.300000,1.000000,1.100000,0.000000,0.000000,-1.571000,-0.299920,1.003037,1.065203,1.493551
3.760000,-0.000080,-0.003046,0.034797,-0.000000,-0.001015,1.570071,-0.300000,1.000000,1.100000,0.000000,0.000000,-1.571000,-0.299920,1.003046,1.065203,1.493556
3.770000,-0.000081,-0.003054,0.034797,-0.000000,-0.001015,1.570071,-0.300000,1.000000,1.100000,0.000000,0.000000,-1.571000,-0.299919,1.003054,1.065203,1.493562
3.780000,-0.000081,-0.003063,0.034797,-0.000000,-0.001015,1.570071,-0.300000,1.000000,1.100000,0.000000,0.000000,-1.571000,-0.299919,1.003063,1.065203,1.493567
3.790000,-0.000081,-0.003071,0.034797,-0.000000,-0.001015,1.570072,-0.300000,1.000000,1.100000,0.000000,0.000000,-1.571000,-0.299919,1.003071,1.065203,1.493573
3.800000,-0.000081,-0.003079,0.034797,-0.000000,-0.001015,1.570072,-0.300000,1.000000,1.100000,0.000000,0.000000,-1.571000,-0.299919,1.003079,1.065203,1.493578
3.810000,-0.000082,-0.003088,0.034797,-0.000000,-0.001015,1.570072,-0.300000,1.000000,1.100000,0.000000,0.000000,-1.571000,-0.299918,1.003088,1.065203,1.493584
3.820000,-0.000082,-0.003096,0.034797,-0.000000,-0.001015,1.570072,-0.300000,1.000000,1.100000,0.000000,0.000000,-1.571000,-0.299918,1.003096,1.065203,1.493590
3.830000,-0.000082,-0.003104,0.034797,-0.000000,-0.001015,1.570072,-0.300000,1.000000,1.100000,0.000000,0.000000,-1.571000,-0.299918,1.003104,1.065203,1.493595
3.840000,-0.000082,-0.003113,0.034797,-0.000000,-0.001015,1.570073,-0.300000,1.000000,1.100000,0.000000,0.000000,-1.571000,-0.299918,1.003113,1.065203,1.493601
3.850000,-0.000082,-0.003121,0.034797,-0.000000,-0.001015,1.570073,-0.300000,1.000000,1.100000,0.000000,0.000000,-1.571000,-0.299918,1.003121,1.065203,1.493606
3.860000,-0.000083,-0.003130,0.034797,-0.000000,-0.001015,1.570073,-0.300000,1.000000,1.100000,0.000000,0.000000,-1.571000,-0.299917,1.003130,1.065203,1.493612
3.870000,-0.000083,-0.003138,0.034797,-0.000000,-0.001015,1.570073,-0.300000,1.000000,1.100000,0.000000,0.000000,-1.571000,-0.299917,1.003138,1.065203,1.493618
3.880000,-0.000083,-0.003146,0.034797,-0.000000,-0.001015,1.570073,-0.300000,1.000000,1.100000,0.000000,0.000000,-1.571000,-0.299917,1.003146,1.065203,1.493623
3.890000,-0.000083,-0.003155,0.034797,-0.000000,-0.001015,1.570074,-0.300000,1.000000,1.100000,0.000000,0.000000,-1.571000,-0.299917,1.003155,1.065203,1.493629
3.900000,-0.000084,-0.003163,0.034797,-0.000000,-0.001015,1.570074,-0.300000,1.000000,1.100000,0.000000,0.000000,-1.571000,-0.299916,1.003163,1.065203,1.493634
3.910000,-0.000084,-0.003171,0.034797,-0.000000,-0.001015,1.570074,-0.300000,1.000000,1.100000,0.000000,0.000000,-1.571000,-0.299916,1.003171,1.065203,1.493640
3.920000,-0.000084,-0.003180,0.034797,-0.000000,-0.001015,1.570074,-0.300000,1.000000,1.100000,0.000000,0.000000,-1.571000,-0.299916,1.003180,1.065203,1.493645
3.930000,-0.000084,-0.003188,0.034797,-0.000000,-0.001015,1.570074,-0.300000,1.000000,1.100000,0.000000,0.000000,-1.571000,-0.299916,1.003188,1.065203,1.493651
3.940000,-0.000084,-0.003197,0.034797,-0.000000,-0.001015,1.570075,-0.300000,1.000000,1.100000,0.000000,0.000000,-1.571000,-0.299916,1.003197,1.065203,1.493657
3.950000,-0.000085,-0.003205,0.034797,-0.000000,-0.001015,1.570075,-0.300000,1.000000,1.100000,0.000000,0.000000,-1.571000,-0.299915,1.003205,1.065203,1.493662
3.960000,-0.000085,-0.003213,0.034797,-0.000000,-0.001015,1.570075,-0.300000,1.000000,1.100000,0.000000,0.000000,-1.571000,-0.299915,1.003213,1.065203,1.493668
3.970000,-0.000085,-0.003222,0.034797,-0.000000,-0.001015,1.570075,-0.300000,1.000000,1.100000,0.000000,0.000000,-1.571000,-0.299915,1.003222,1.065203,1.493673
3.980000,-0.000085,-0.003230,0.034797,-0.000000,-0.001015,1.570075,-0.300000,1.000000,1.100000,0.000000,0.000000,-1.571000,-0.299915,1.003230,1.065203,1.493679
3.990000,-0.000086,-0.003238,0.034797,-0.000000,-0.001015,1.570076,-0.300000,1.000000,1.100000,0.000000,0.000000,-1.571000,-0.299914,1.003238,1.065203,1.493684
4.000000,-0.000086,-0.003247,0.034797,-0.000000,-0.001015,1.570076,-0.300000,1.000000,1.100000,0.000000,0.000000,-1.571000,-0.299914,1.003247,1.065203,1.493690
4.010000,-0.000086,-0.003255,0.034797,-0.000000,-0.001015,1.570076,-0.300000,1.000000,1.100000,0.000000,0.000000,-1.571000,-0.299914,1.003255,1.065203,1.493696
4.020000,-0.000086,-0.003264,0.034797,-0.000000,-0.001015,1.570076,-0.300000,1.000000,1.100000,0.000000,0.000000,-1.571000,-0.299914,1.003264,1.065203,1.493701
4.030000,-0.000086,-0.003272,0.034797,-0.000000,-0.001015,1.570076,-0.300000,1.000000,1.100000,0.000000,0.000000,-1.571000,-0.299914,1.003272,1.065203,1.493707
4.040000,-0.000087,-0.003280,0.034797,-0.000000,-0.001015,1.570077,-0.300000,1.000000,1.100000,0.000000,0.000000,-1.571000,-0.299913,1.003280,1.065203,1.493712
4.050000,-0.000087,-0.003289,0.034797,-0.000000,-0.001015,1.570077,-0.300000,1.000000,1.100000,0.000000,0.000000,-1.571000,-0.299913,1.003289,1.065203,1.493718
4.060000,-0.000087,-0.003297,0.034797,-0.000000,-0.001015,1.570077,-0.300000,1.000000,1.100000,0.000000,0.000000,-1.571000,-0.299913,1.003297,1.065203,1.493724
4.070000,-0.000087,-0.003305,0.034797,-0.000000,-0.001015,1.570077,-0.300000,1.000000,1.100000,0.000000,0.000000,-1.571000,-0.299913,1.003305,1.065203,1.493729
4.080000,-0.000088,-0.003314,0.034797,-0.000000,-0.001015,1.570077,-0.300000,1.000000,1.100000,0.000000,0.000000,-1.571000,-0.299912,1.003314,1.065203,1.493735
4.090000,-0.000088,-0.003322,0.034797,-0.000000,-0.001015,1.570078,-0.300000,1.000000,1.100000,0.000000,0.000000,-1.571000,-0.299912,1.003322,1.065203,1.493740
4.100000,-0.000088,-0.003331,0.034797,-0.000000,-0.001015,1.570078,-0.300000,1.000000,1.100000,0.000000,0.000000,-1.571000,-0.299912,1.003331,1.065203,1.493746
4.110000,-0.000088,-0.003339,0.034797,-0.000000,-0.001015,1.570078,-0.300000,1.000000,1.100000,0.000000,0.000000,-1.571000,-0.299912,1.003339,1.065203,1.493751
4.120000,-0.000088,-0.003347,0.034797,-0.000000,-0.001015,1.570078,-0.300000,1.000000,1.100000,0.000000,0.000000,-1.571000,-0.299912,1.003347,1.065203,1.493757
4.130000,-0.000089,-0.003356,0.034797,-0.000000,-0.001015,1.570078,-0.300000,1.000000,1.100000,0.000000,0.000000,-1.571000,-0.299911,1.003356,1.065203,1.493763
4.140000,-0.000089,-0.003364,0.034797,-0.000000,-0.001015,1.570079,-0.300000,1.000000,1.100000,0.000000,0.000000,-1.571000,-0.299911,1.003364,1.065203,1.493768
4.150000,-0.000089,-0.003372,0.034797,-0.000000,-0.001015,1.570079,-0.300000,1.000000,1.100000,0.000000,0.000000,-1.571000,-0.299911,1.003372,1.065203,1.493774
4.160000,-0.000089,-0.003381,0.034797,-0.000000,-0.001015,1.570079,-0.300000,1.000000,1.100000,0.000000,0.000000,-1.571000,-0.299911,1.003381,1.065203,1.493779
4.170000,-0.000090,-0.003389,0.034797,-0.000000,-0.001015,1.570079,-0.300000,1.000000,1.100000,0.000000,0.000000,-1.571000,-0.299910,1.003389,1.065203,1.493785
4.180000,-0.000090,-0.003398,0.034797,-0.000000,-0.001015,1.570079,-0.300000,1.000000,1.100000,0.000000,0.000000,-1.571000,-0.299910,1.003398,1.065203,1.493790
4.190000,-0.000090,-0.003406,0.034797,-0.000000,-0.001015,1.570080,-0.300000,1.000000,1.100000,0.000000,0.000000,-1.571000,-0.299910,1.003406,1.065203,1.493796
4.200000,-0.000090,-0.003414,0.034797,-0.000000,-0.001015,1.570080,-0.300000,1.000000,1.100000,0.000000,0.000000,-1.571000,-0.299910,1.003414,1.065203,1.493802
4.210000,-0.000091,-0.003423,0.034797,-0.000000,-0.001015,1.570080,-0.300000,1.000000,1.100000,0.000000,0.000000,-1.571000,-0.299909,1.003423,1.065203,1.493807
4.220000,-0.000091,-0.003431,0.034797,-0.000000,-0.001015,1.570080,-0.300000,1.000000,1.100000,0.000000,0.000000,-1.571000,-0.299909,1.003431,1.065203,1.493813
4.230000,-0.000091,-0.003439,0.034797,-0.000000,-0.001015,1.570080,-0.300000,1.000000,1.100000,0.000000,0.000000,-1.571000,-0.299909,1.003439,1.065203,1.493818
4.240000,-0.000091,-0.003448,0.034797,-0.000000,-0.001015,1.570080,-0.300000,1.000000,1.100000,0.000000,0.000000,-1.571000,-0.299909,1.003448,1.065203,1.493824
4.250000,-0.000091,-0.003456,0.034797,-0.000000,-0.001015,1.570081,-0.300000,1.000000,1.100000,0.000000,0.000000,-1.571000,-0.299909,1.003456,1.065203,1.493830
4.260000,-0.000092,-0.003465,0.034797,-0.000000,-0.001015,1.570081,-0.300000,1.000000,1.100000,0.000000,0.000000,-1.571000,-0.299908,1.003465,1.065203,1.493835
4.270000,-0.000092,-0.003473,0.034797,-0.000000,-0.001015,1.570081,-0.300000,1.000000,1.100000,0.000000,0.000000,-1.571000,-0.299908,1.003473,1.065203,1.493841
4.280000,-0.000092,-0.003481,0.034797,-0.000000,-0.001015,1.570081,-0.300000,1.000000,1.100000,0.000000,0.000000,-1.571000,-0.299908,1.003481,1.065203,1.493846
4.290000,-0.000092,-0.003490,0.034797,-0.000000,-0.001015,1.570081,-0.300000,1.000000,1.100000,0.000000,0.000000,-1.571000,-0.299908,1.003490,1.065203,1.493852
4.300000,-0.000093,-0.003498,0.034797,-0.000000,-0.001015,1.570082,-0.300000,1.000000,1.100000,0.000000,0.000000,-1.571000,-0.299907,1.003498,1.065203,1.493857
4.310000,-0.000093,-0.003506,0.034797,-0.000000,-0.001015,1.570082,-0.300000,1.000000,1.100000,0.000000,0.000000,-1.571000,-0.299907,1.003506,1.065203,1.493863
4.320000,-0.000093,-0.003515,0.034797,-0.000000,-0.001015,1.570082,-0.300000,1.000000,1.100000,0.000000,0.000000,-1.571000,-0.299907,1.003515,1.065203,1.493869
4.330000,-0.000093,-0.003523,0.034797,-0.000000,-0.001015,1.570082,-0.300000,1.000000,1.100000,0.000000,0.000000,-1.571000,-0.299907,1.003523,1.065203,1.493874
4.340000,-0.000093,-0.003532,0.034797,-0.000000,-0.001015,1.570082,-0.300000,1.000000,1.100000,0.000000,0.000000,-1.571000,-0.299907,1.003532,1.065203,1.493880
4.350000,-0.000094,-0.003540,0.034797,-0.000000,-0.001015,1.570083,-0.300000,1.000000,1.100000,0.000000,0.000000,-1.571000,-0.299906,1.003540,1.065203,1.493885
4.360000,-0.000094,-0.003548,0.034797,-0.000000,-0.001015,1.570083,-0.300000,1.000000,1.100000,0.000000,0.000000,-1.571000,-0.299906,1.003548,1.065203,1.493891
4.370000,-0.000094,-0.003557,0.034797,-0.000000,-0.001015,1.570083,-0.300000,1.000000,1.100000,0.000000,0.000000,-1.571000,-0.299906,1.003557,1.065203,1.493896
4.380000,-0.000094,-0.003565,0.034797,-0.000000,-0.001015,1.570083,-0.300000,1.000000,1.100000,0.000000,0.000000,-1.571000,-0.299906,1.003565,1.065203,1.493902
4.390000,-0.000095,-0.003573,0.034797,-0.000000,-0.001015,1.570083,-0.300000,1.000000,1.100000,0.000000,0.000000,-1.571000,-0.299905,1.003573,1.065203,1.493908
4.400000,-0.000095,-0.003582,0.034797,-0.000000,-0.001015,1.570084,-0.300000,1.000000,1.100000,0.000000,0.000000,-1.571000,-0.299905,1.003582,1.065203,1.493913
4.410000,-0.000095,-0.003590,0.034797,-0.000000,-0.001015,1.570084,-0.300000,1.000000,1.100000,0.000000,0.000000,-1.571000,-0.299905,1.003590,1.065203,1.493919
4.420000,-0.000095,-0.003599,0.034797,-0.000000,-0.001015,1.570084,-0.300000,1.000000,1.100000,0.000000,0.000000,-1.571000,-0.299905,1.003599,1.065203,1.493924
4.430000,-0.000095,-0.003607,0.034797,-0.000000,-0.001015,1.570084,-0.300000,1.000000,1.100000,0.000000,0.000000,-1.571000,-0.299905,1.003607,1.065203,1.493930
4.440000,-0.000096,-0.003615,0.034797,-0.000000,-0.001015,1.570084,-0.300000,1.000000,1.100000,0.000000,0.000000,-1.571000,-0.299904,1.003615,1.065203,1.493936
4.450000,-0.000096,-0.003624,0.034797,-0.000000,-0.001015,1.570085,-0.300000,1.000000,1.100000,0.000000,0.000000,-1.571000,-0.299904,1.003624,1.065203,1.493941
4.460000,-0.000096,-0.003632,0.034797,-0.000000,-0.001015,1.570085,-0.300000,1.000000,1.100000,0.000000,0.000000,-1.571000,-0.299904,1.003632,1.065203,1.493947
4.470000,-0.000096,-0.003640,0.034797,-0.000000,-0.001015,1.570085,-0.300000,1.000000,1.100000,0.000000,0.000000,-1.571000,-0.299904,1.003640,1.065203,1.493952
4.480000,-0.000097,-0.003649,0.034797,-0.000000,-0.001015,1.570085,-0.300000,1.000000,1.100000,0.000000,0.000000,-1.571000,-0.299903,1.003649,1.065203,1.493958
4.490000,-0.000097,-0.003657,0.034797,-0.000000,-0.001015,1.570085,-0.300000,1.000000,1.100000,0.000000,0.000000,-1.571000,-0.299903,1.003657,1.065203,1.493963
4.500000,-0.000097,-0.003666,0.034797,-0.000000,-0.001015,1.570086,-0.300000,1.000000,1.100000,0.000000,0.000000,-1.571000,-0.299903,1.003666,1.065203,1.493969
4.510000,-0.000097,-0.003674,0.034797,-0.000000,-0.001015,1.570086,-0.300000,1.000000,1.100000,0.000000,0.000000,-1.571000,-0.299903,1.003674,1.065203,1.493975
4.520000,-0.000097,-0.003682,0.034797,-0.000000,-0.001015,1.570086,-0.300000,1.000000,1.100000,0.000000,0.000000,-1.571000,-0.299903,1.003682,1.065203,1.493980
4.530000,-0.000098,-0.003691,0.034797,-0.000000,-0.001015,1.570086,-0.300000,1.000000,1.100000,0.000000,0.000000,-1.571000,-0.299902,1.003691,1.065203,1.493986
4.540000,-0.000098,-0.003699,0.034797,-0.000000,-0.001015,1.570086,-0.300000,1.000000,1.100000,0.000000,0.000000,-1.571000,-0.299902,1.003699,1.065203,1.493991
4.550000,-0.000098,-0.003707,0.034797,-0.000000,-0.001015,1.570087,-0.300000,1.000000,1.100000,0.000000,0.000000,-1.571000,-0.299902,1.003707,1.065203,1.493997
4.560000,-0.000098,-0.003716,0.034797,-0.000000,-0.001015,1.570087,-0.300000,1.000000,1.100000,0.000000,0.000000,-1.571000,-0.299902,1.003716,1.065203,1.494003
4.570000,-0.000099,-0.003724,0.034797,-0.000000,-0.001015,1.570087,-0.300000,1.000000,1.100000,0.000000,0.000000,-1.571000,-0.299901,1.003724,1.065203,1.494008
4.580000,-0.000099,-0.003733,0.034797,-0.000000,-0.001015,1.570087,-0.300000,1.000000,1.100000,0.000000,0.000000,-1.571000,-0.299901,1.003733,1.065203,1.494014
4.590000,-0.000099,-0.003741,0.034797,-0.000000,-0.001015,1.570087,-0.300000,1.000000,1.100000,0.000000,0.000000,-1.571000,-0.299901,1.003741,1.065203,1.494019
4.600000,-0.000099,-0.003749,0.034797,-0.000000,-0.001015,1.570088,-0.300000,1.000000,1.100000,0.000000,0.000000,-1.571000,-0.299901,1.003749,1.065203,1.494025
4.610000,-0.000099,-0.003758,0.034797,-0.000000,-0.001015,1.570088,-0.300000,1.000000,1.100000,0.000000,0.000000,-1.571000,-0.299901,1.003758,1.065203,1.494030
4.620000,-0.000100,-0.003766,0.034797,-0.000000,-0.001015,1.570088,-0.300000,1.000000,1.100000,0.000000,0.000000,-1.571000,-0.299900,1.003766,1.065203,1.494036
4.630000,-0.000100,-0.003774,0.034797,-0.000000,-0.001015,1.570088,-0.300000,1.000000,1.100000,0.000000,0.000000,-1.571000,-0.299900,1.003774,1.065203,1.494042
4.640000,-0.000100,-0.003783,0.034797,-0.000000,-0.001015,1.570088,-0.300000,1.000000,1.100000,0.000000,0.000000,-1.571000,-0.299900,1.003783,1.065203,1.494047
4.650000,-0.000100,-0.003791,0.034797,-0.000000,-0.001015,1.570089,-0.300000,1.000000,1.100000,0.000000,0.000000,-1.571000,-0.299900,1.003791,1.065203,1.494053
4.660000,-0.000101,-0.003799,0.034797,-0.000000,-0.001015,1.570089,-0.300000,1.000000,1.100000,0.000000,0.000000,-1.571000,-0.299899,1.003799,1.065203,1.494058
4.670000,-0.000101,-0.003808,0.034797,-0.000000,-0.001015,1.570089,-0.300000,1.000000,1.100000,0.000000,0.000000,-1.571000,-0.299899,1.003808,1.065203,1.494064
4.680000,-0.000101,-0.003816,0.034797,-0.000000,-0.001015,1.570089,-0.300000,1.000000,1.100000,0.000000,0.000000,-1.571000,-0.299899,1.003816,1.065203,1.494069
4.690000,-0.000101,-0.003825,0.034797,-0.000000,-0.001015,1.570089,-0.300000,1.000000,1.100000,0.000000,0.000000,-1.571000,-0.299899,1.003825,1.065203,1.494075
4.700000,-0.000102,-0.003833,0.034797,-0.000000,-0.001015,1.570090,-0.300000,1.000000,1.100000,0.000000,0.000000,-1.571000,-0.299898,1.003833,1.065203,1.494081
4.710000,-0.000102,-0.003841,0.034797,-0.000000,-0.001015,1.570090,-0.300000,1.000000,1.100000,0.000000,0.000000,-1.571000,-0.299898,1.003841,1.065203,1.494086
4.720000,-0.000102,-0.003850,0.034797,-0.000000,-0.001015,1.570090,-0.300000,1.000000,1.100000,0.000000,0.000000,-1.571000,-0.299898,1.003850,1.065203,1.494092
4.730000,-0.000102,-0.003858,0.034797,-0.000000,-0.001015,1.570090,-0.300000,1.000000,1.100000,0.000000,0.000000,-1.571000,-0.299898,1.003858,1.065203,1.494097
4.740000,-0.000102,-0.003866,0.034797,-0.000000,-0.001015,1.570090,-0.300000,1.000000,1.100000,0.000000,0.000000,-1.571000,-0.299898,1.003866,1.065203,1.494103
4.750000,-0.000103,-0.003875,0.034797,-0.000000,-0.001015,1.570091,-0.300000,1.000000,1.100000,0.000000,0.000000,-1.571000,-0.299897,1.003875,1.065203,1.494109
4.760000,-0.000103,-0.003883,0.034797,-0.000000,-0.001015,1.570091,-0.300000,1.000000,1.100000,0.000000,0.000000,-1.571000,-0.299897,1.003883,1.065203,1.494114
4.770000,-0.000103,-0.003892,0.034797,-0.000000,-0.001015,1.570091,-0.300000,1.000000,1.100000,0.000000,0.000000,-1.571000,-0.299897,1.003892,1.065203,1.494120
4.780000,-0.000103,-0.003900,0.034797,-0.000000,-0.001015,1.570091,-0.300000,1.000000,1.100000,0.000000,0.000000,-1.571000,-0.299897,1.003900,1.065203,1.494125
4.790000,-0.000104,-0.003908,0.034797,-0.000000,-0.001015,1.570091,-0.300000,1.000000,1.100000,0.000000,0.000000,-1.571000,-0.299896,1.003908,1.065203,1.494131
4.800000,-0.000104,-0.003917,0.034797,-0.000000,-0.001015,1.570092,-0.300000,1.000000,1.100000,0.000000,0.000000,-1.571000,-0.299896,1.003917,1.065203,1.494136
4.810000,-0.000104,-0.003925,0.034797,-0.000000,-0.001015,1.570092,-0.300000,1.000000,1.100000,0.000000,0.000000,-1.571000,-0.299896,1.003925,1.065203,1.494142
4.820000,-0.000104,-0.003933,0.034797,-0.000000,-0.001015,1.570092,-0.300000,1.000000,1.100000,0.000000,0.000000,-1.571000,-0.299896,1.003933,1.065203,1.494148
4.830000,-0.000104,-0.003942,0.034797,-0.000000,-0.001015,1.570092,-0.300000,1.000000,1.100000,0.000000,0.000000,-1.571000,-0.299896,1.003942,1.065203,1.494153
4.840000,-0.000105,-0.003950,0.034797,-0.000000,-0.001015,1.570092,-0.300000,1.000000,1.100000,0.000000,0.000000,-1.571000,-0.299895,1.003950,1.065203,1.494159
4.850000,-0.000105,-0.003959,0.034797,-0.000000,-0.001015,1.570093,-0.300000,1.000000,1.100000,0.000000,0.000000,-1.571000,-0.299895,1.003959,1.065203,1.494164
4.860000,-0.000105,-0.003967,0.034797,-0.000000,-0.001015,1.570093,-0.300000,1.000000,1.100000,0.000000,0.000000,-1.571000,-0.299895,1.003967,1.065203,1.494170
4.870000,-0.000105,-0.003975,0.034797,-0.000000,-0.001015,1.570093,-0.300000,1.000000,1.100000,0.000000,0.000000,-1.571000,-0.299895,1.003975,1.065203,1.494176
4.880000,-0.000106,-0.003984,0.034797,-0.000000,-0.001015,1.570093,-0.300000,1.000000,1.100000,0.000000,0.000000,-1.571000,-0.299894,1.003984,1.065203,1.494181
4.890000,-0.000106,-0.003992,0.034797,-0.000000,-0.001015,1.570093,-0.300000,1.000000,1.100000,0.000000,0.000000,-1.571000,-0.299894,1.003992,1.065203,1.494187
4.900000,-0.000106,-0.004000,0.034797,-0.000000,-0.001015,1.570094,-0.300000,1.000000,1.100000,0.000000,0.000000,-1.571000,-0.299894,1.004000,1.065203,1.494192
4.910000,-0.000106,-0.004009,0.034797,-0.000000,-0.001015,1.570094,-0.300000,1.000000,1.100000,0.000000,0.000000,-1.571000,-0.299894,1.004009,1.065203,1.494198
4.920000,-0.000106,-0.004017,0.034797,-0.000000,-0.001015,1.570094,-0.300000,1.000000,1.100000,0.000000,0.000000,-1.571000,-0.299894,1.004017,1.065203,1.494203
4.930000,-0.000107,-0.004026,0.034797,-0.000000,-0.001015,1.570094,-0.300000,1.000000,1.100000,0.000000,0.000000,-1.571000,-0.299893,1.004026,1.065203,1.494209
4.940000,-0.000107,-0.004034,0.034797,-0.000000,-0.001015,1.570094,-0.300000,1.000000,1.100000,0.000000,0.000000,-1.571000,-0.299893,1.004034,1.065203,1.494215
4.950000,-0.000107,-0.004042,0.034797,-0.000000,-0.001015,1.570094,-0.300000,1.000000,1.100000,0.000000,0.000000,-1.571000,-0.299893,1.004042,1.065203,1.494220
4.960000,-0.000107,-0.004051,0.034797,-0.000000,-0.001015,1.570095,-0.300000,1.000000,1.100000,0.000000,0.000000,-1.571000,-0.299893,1.004051,1.065203,1.494226
4.970000,-0.000108,-0.004059,0.034797,-0.000000,-0.001015,1.570095,-0.300000,1.000000,1.100000,0.000000,0.000000,-1.571000,-0.299892,1.004059,1.065203,1.494231
4.980000,-0.000108,-0.004067,0.034797,-0.000000,-0.001015,1.570095,-0.300000,1.000000,1.100000,0.000000,0.000000,-1.571000,-0.299892,1.004067,1.065203,1.494237
4.990000,-0.000108,-0.004076,0.034797,-0.000000,-0.001015,1.570095,-0.300000,1.000000,1.100000,0.000000,0.000000,-1.571000,-0.299892,1.004076,1.065203,1.494242
5.000000,-0.000108,-0.004084,0.034797,-0.000000,-0.001015,1.570095,-0.300000,1.000000,1.100000,0.000000,0.000000,-1.571000,-0.299892,1.004084,1.065203,1.494248
5.010000,-0.000108,-0.004093,0.034797,-0.000000,-0.001015,1.570096,-0.300000,1.000000,1.100000,0.000000,0.000000,-1.571000,-0.299892,1.004093,1.065203,1.494254
5.020000,-0.000109,-0.004101,0.034797,-0.000000,-0.001015,1.570096,-0.300000,1.000000,1.100000,0.000000,0.000000,-1.571000,-0.299891,1.004101,1.065203,1.494259
5.030000,-0.000109,-0.004109,0.034797,-0.000000,-0.001015,1.570096,-0.300000,1.000000,1.100000,0.000000,0.000000,-1.571000,-0.299891,1.004109,1.065203,1.494265
5.040000,-0.000109,-0.004118,0.034797,-0.000000,-0.001015,1.570096,-0.300000,1.000000,1.100000,0.000000,0.000000,-1.571000,-0.299891,1.004118,1.065203,1.494270
5.050000,-0.000109,-0.004126,0.034797,-0.000000,-0.001015,1.570096,-0.300000,1.000000,1.100000,0.000000,0.000000,-1.571000,-0.299891,1.004126,1.065203,1.494276
5.060000,-0.000110,-0.004134,0.034797,-0.000000,-0.001015,1.570097,-0.300000,1.000000,1.100000,0.000000,0.000000,-1.571000,-0.299890,1.004134,1.065203,1.494282
5.070000,-0.000110,-0.004143,0.034797,-0.000000,-0.001015,1.570097,-0.300000,1.000000,1.100000,0.000000,0.000000,-1.571000,-0.299890,1.004143,1.065203,1.494287
5.080000,-0.000110,-0.004151,0.034797,-0.000000,-0.001015,1.570097,-0.300000,1.000000,1.100000,0.000000,0.000000,-1.571000,-0.299890,1.004151,1.065203,1.494293
5.090000,-0.000110,-0.004160,0.034797,-0.000000,-0.001015,1.570097,-0.300000,1.000000,1.100000,0.000000,0.000000,-1.571000,-0.299890,1.004160,1.065203,1.494298
5.100000,-0.000111,-0.004168,0.034797,-0.000000,-0.001015,1.570097,-0.300000,1.000000,1.100000,0.000000,0.000000,-1.571000,-0.299889,1.004168,1.065203,1.494304
5.110000,-0.000111,-0.004176,0.034797,-0.000000,-0.001015,1.570098,-0.300000,1.000000,1.100000,0.000000,0.000000,-1.571000,-0.299889,1.004176,1.065203,1.494309
5.120000,-0.000111,-0.004185,0.034797,-0.000000,-0.001015,1.570098,-0.300000,1.000000,1.100000,0.000000,0.000000,-1.571000,-0.299889,1.004185,1.065203,1.494315
5.130000,-0.000111,-0.004193,0.034797,-0.000000,-0.001015,1.570098,-0.300000,1.000000,1.100000,0.000000,0.000000,-1.571000,-0.299889,1.004193,1.065203,1.494321
5.140000,-0.000111,-0.004201,0.034797,-0.000000,-0.001015,1.570098,-0.300000,1.000000,1.100000,0.000000,0.000000,-1.571000,-0.299889,1.004201,1.065203,1.494326
5.150000,-0.000112,-0.004210,0.034797,-0.000000,-0.001015,1.570098,-0.300000,1.000000,1.100000,0.000000,0.000000,-1.571000,-0.299888,1.004210,1.065203,1.494332
5.160000,-0.000112,-0.004218,0.034797,-0.000000,-0.001015,1.570099,-0.300000,1.000000,1.100000,0.000000,0.000000,-1.571000,-0.299888,1.004218,1.065203,1.494337
5.170000,-0.000112,-0.004227,0.034797,-0.000000,-0.001015,1.570099,-0.300000,1.000000,1.100000,0.000000,0.000000,-1.571000,-0.299888,1.004227,1.065203,1.494343
5.180000,-0.000112,-0.004235,0.034797,-0.000000,-0.001015,1.570099,-0.300000,1.000000,1.100000,0.000000,0.000000,-1.571000,-0.299888,1.004235,1.065203,1.494349
5.190000,-0.000113,-0.004243,0.034797,-0.000000,-0.001015,1.570099,-0.300000,1.000000,1.100000,0.000000,0.000000,-1.571000,-0.299887,1.004243,1.065203,1.494354
5.200000,-0.000113,-0.004252,0.034797,-0.000000,-0.001015,1.570099,-0.300000,1.000000,1.100000,0.000000,0.000000,-1.571000,-0.299887,1.004252,1.065203,1.494360
5.210000,-0.000113,-0.004260,0.034797,-0.000000,-0.001015,1.570100,-0.300000,1.000000,1.100000,0.000000,0.000000,-1.571000,-0.299887,1.004260,1.065203,1.494365
5.220000,-0.000113,-0.004268,0.034797,-0.000000,-0.001015,1.570100,-0.300000,1.000000,1.100000,0.000000,0.000000,-1.571000,-0.299887,1.004268,1.065203,1.494371
5.230000,-0.000113,-0.004277,0.034797,-0.000000,-0.001015,1.570100,-0.300000,1.000000,1.100000,0.000000,0.000000,-1.571000,-0.299887,1.004277,1.065203,1.494376
5.240000,-0.000114,-0.004285,0.034797,-0.000000,-0.001015,1.570100,-0.300000,1.000000,1.100000,0.000000,0.000000,-1.571000,-0.299886,1.004285,1.065203,1.494382
5.250000,-0.000114,-0.004294,0.034797,-0.000000,-0.001015,1.570100,-0.300000,1.000000,1.100000,0.000000,0.000000,-1.571000,-0.299886,1.004294,1.065203,1.494388
5.260000,-0.000114,-0.004302,0.034797,-0.000000,-0.001015,1.570101,-0.300000,1.000000,1.100000,0.000000,0.000000,-1.571000,-0.299886,1.004302,1.065203,1.494393
5.270000,-0.000114,-0.004310,0.034797,-0.000000,-0.001015,1.570101,-0.300000,1.000000,1.100000,0.000000,0.000000,-1.571000,-0.299886,1.004310,1.065203,1.494399
5.280000,-0.000115,-0.004319,0.034797,-0.000000,-0.001015,1.570101,-0.300000,1.000000,1.100000,0.000000,0.000000,-1.571000,-0.299885,1.004319,1.065203,1.494404
5.290000,-0.000115,-0.004327,0.034797,-0.000000,-0.001015,1.570101,-0.300000,1.000000,1.100000,0.000000,0.000000,-1.571000,-0.299885,1.004327,1.065203,1.494410
5.300000,-0.000115,-0.004335,0.034797,-0.000000,-0.001015,1.570101,-0.300000,1.000000,1.100000,0.000000,0.000000,-1.571000,-0.299885,1.004335,1.065203,1.494416
5.310000,-0.000115,-0.004344,0.034797,-0.000000,-0.001015,1.570102,-0.300000,1.000000,1.100000,0.000000,0.000000,-1.571000,-0.299885,1.004344,1.065203,1.494421
5.320000,-0.000115,-0.004352,0.034797,-0.000000,-0.001015,1.570102,-0.300000,1.000000,1.100000,0.000000,0.000000,-1.571000,-0.299885,1.004352,1.065203,1.494427
5.330000,-0.000116,-0.004361,0.034797,-0.000000,-0.001015,1.570102,-0.300000,1.000000,1.100000,0.000000,0.000000,-1.571000,-0.299884,1.004361,1.065203,1.494432
5.340000,-0.000116,-0.004369,0.034797,-0.000000,-0.001015,1.570102,-0.300000,1.000000,1.100000,0.000000,0.000000,-1.571000,-0.299884,1.004369,1.065203,1.494438
5.350000,-0.000116,-0.004377,0.034797,-0.000000,-0.001015,1.570102,-0.300000,1.000000,1.100000,0.000000,0.000000,-1.571000,-0.299884,1.004377,1.065203,1.494443
5.360000,-0.000116,-0.004386,0.034797,-0.000000,-0.001015,1.570103,-0.300000,1.000000,1.100000,0.000000,0.000000,-1.571000,-0.299884,1.004386,1.065203,1.494449
5.370000,-0.000117,-0.004394,0.034797,-0.000000,-0.001015,1.570103,-0.300000,1.000000,1.100000,0.000000,0.000000,-1.571000,-0.299883,1.004394,1.065203,1.494455
5.380000,-0.000117,-0.004402,0.034797,-0.000000,-0.001015,1.570103,-0.300000,1.000000,1.100000,0.000000,0.000000,-1.571000,-0.299883,1.004402,1.065203,1.494460
5.390000,-0.000117,-0.004411,0.034797,-0.000000,-0.001015,1.570103,-0.300000,1.000000,1.100000,0.000000,0.000000,-1.571000,-0.299883,1.004411,1.065203,1.494466
5.400000,-0.000117,-0.004419,0.034797,-0.000000,-0.001015,1.570103,-0.300000,1.000000,1.100000,0.000000,0.000000,-1.571000,-0.299883,1.004419,1.065203,1.494471
5.410000,-0.000117,-0.004428,0.034797,-0.000000,-0.001015,1.570104,-0.300000,1.000000,1.100000,0.000000,0.000000,-1.571000,-0.299883,1.004428,1.065203,1.494477
5.420000,-0.000118,-0.004436,0.034797,-0.000000,-0.001015,1.570104,-0.300000,1.000000,1.100000,0.000000,0.000000,-1.571000,-0.299882,1.004436,1.065203,1.494483
5.430000,-0.000118,-0.004444,0.034797,-0.000000,-0.001015,1.570104,-0.300000,1.000000,1.100000,0.000000,0.000000,-1.571000,-0.299882,1.004444,1.065203,1.494488
5.440000,-0.000118,-0.004453,0.034797,-0.000000,-0.001015,1.570104,-0.300000,1.000000,1.100000,0.000000,0.000000,-1.571000,-0.299882,1.004453,1.065203,1.494494
5.450000,-0.000118,-0.004461,0.034797,-0.000000,-0.001015,1.570104,-0.300000,1.000000,1.100000,0.000000,0.000000,-1.571000,-0.299882,1.004461,1.065203,1.494499
5.460000,-0.000119,-0.004469,0.034797,-0.000000,-0.001015,1.570105,-0.300000,1.000000,1.100000,0.000000,0.000000,-1.571000,-0.299881,1.004469,1.065203,1.494505
5.470000,-0.000119,-0.004478,0.034797,-0.000000,-0.001015,1.570105,-0.300000,1.000000,1.100000,0.000000,0.000000,-1.571000,-0.299881,1.004478,1.065203,1.494510
5.480000,-0.000119,-0.004486,0.034797,-0.000000,-0.001015,1.570105,-0.300000,1.000000,1.100000,0.000000,0.000000,-1.571000,-0.299881,1.004486,1.065203,1.494516
5.490000,-0.000119,-0.004494,0.034797,-0.000000,-0.001015,1.570105,-0.300000,1.000000,1.100000,0.000000,0.000000,-1.571000,-0.299881,1.004494,1.065203,1.494522
5.500000,-0.000119,-0.004503,0.034797,-0.000000,-0.001015,1.570105,-0.300000,1.000000,1.100000,0.000000,0.000000,-1.571000,-0.299881,1.004503,1.065203,1.494527
5.510000,-0.000120,-0.004511,0.034797,-0.000000,-0.001015,1.570106,-0.300000,1.000000,1.100000,0.000000,0.000000,-1.571000,-0.299880,1.004511,1.065203,1.494533
5.520000,-0.000120,-0.004520,0.034797,-0.000000,-0.001015,1.570106,-0.300000,1.000000,1.100000,0.000000,0.000000,-1.571000,-0.299880,1.004520,1.065203,1.494538
5.530000,-0.000120,-0.004528,0.034797,-0.000000,-0.001015,1.570106,-0.300000,1.000000,1.100000,0.000000,0.000000,-1.571000,-0.299880,1.004528,1.065203,1.494544
5.540000,-0.000120,-0.004536,0.034797,-0.000000,-0.001015,1.570106,-0.300000,1.000000,1.100000,0.000000,0.000000,-1.571000,-0.299880,1.004536,1.065203,1.494550
5.550000,-0.000121,-0.004545,0.034797,-0.000000,-0.001015,1.570106,-0.300000,1.000000,1.100000,0.000000,0.000000,-1.571000,-0.299879,1.004545,1.065203,1.494555
5.560000,-0.000121,-0.004553,0.034797,-0.000000,-0.001015,1.570107,-0.300000,1.000000,1.100000,0.000000,0.000000,-1.571000,-0.299879,1.004553,1.065203,1.494561
5.570000,-0.000121,-0.004561,0.034797,-0.000000,-0.001015,1.570107,-0.300000,1.000000,1.100000,0.000000,0.000000,-1.571000,-0.299879,1.004561,1.065203,1.494566
5.580000,-0.000121,-0.004570,0.034797,-0.000000,-0.001015,1.570107,-0.300000,1.000000,1.100000,0.000000,0.000000,-1.571000,-0.299879,1.004570,1.065203,1.494572
5.590000,-0.000122,-0.004578,0.034797,-0.000000,-0.001015,1.570107,-0.300000,1.000000,1.100000,0.000000,0.000000,-1.571000,-0.299878,1.004578,1.065203,1.494577
5.600000,-0.000122,-0.004587,0.034797,-0.000000,-0.001015,1.570107,-0.300000,1.000000,1.100000,0.000000,0.000000,-1.571000,-0.299878,1.004587,1.065203,1.494583
5.610000,-0.000122,-0.004595,0.034797,-0.000000,-0.001015,1.570107,-0.300000,1.000000,1.100000,0.000000,0.000000,-1.571000,-0.299878,1.004595,1.065203,1.494589
5.620000,-0.000122,-0.004603,0.034797,-0.000000,-0.001015,1.570108,-0.300000,1.000000,1.100000,0.000000,0.000000,-1.571000,-0.299878,1.004603,1.065203,1.494594
5.630000,-0.000122,-0.004612,0.034797,-0.000000,-0.001015,1.570108,-0.300000,1.000000,1.100000,0.000000,0.000000,-1.571000,-0.299878,1.004612,1.065203,1.494600
5.640000,-0.000123,-0.004620,0.034797,-0.000000,-0.001015,1.570108,-0.300000,1.000000,1.100000,0.000000,0.000000,-1.571000,-0.299877,1.004620,1.065203,1.494605
5.650000,-0.000123,-0.004628,0.034797,-0.000000,-0.001015,1.570108,-0.300000,1.000000,1.100000,0.000000,0.000000,-1.571000,-0.299877,1.004628,1.065203,1.494611
5.660000,-0.000123,-0.004637,0.034797,-0.000000,-0.001015,1.570108,-0.300000,1.000000,1.100000,0.000000,0.000000,-1.571000,-0.299877,1.004637,1.065203,1.494617
5.670000,-0.000123,-0.004645,0.034797,-0.000000,-0.001015,1.570109,-0.300000,1.000000,1.100000,0.000000,0.000000,-1.571000,-0.299877,1.004645,1.065203,1.494622
5.680000,-0.000124,-0.004654,0.034797,-0.000000,-0.001015,1.570109,-0.300000,1.000000,1.100000,0.000000,0.000000,-1.571000,-0.299876,1.004654,1.065203,1.494628
5.690000,-0.000124,-0.004662,0.034797,-0.000000,-0.001015,1.570109,-0.300000,1.000000,1.100000,0.000000,0.000000,-1.571000,-0.299876,1.004662,1.065203,1.494633
5.700000,-0.000124,-0.004670,0.034797,-0.000000,-0.001015,1.570109,-0.300000,1.000000,1.100000,0.000000,0.000000,-1.571000,-0.299876,1.004670,1.065203,1.494639
5.710000,-0.000124,-0.004679,0.034797,-0.000000,-0.001015,1.570109,-0.300000,1.000000,1.100000,0.000000,0.000000,-1.571000,-0.299876,1.004679,1.065203,1.494644
5.720000,-0.000124,-0.004687,0.034797,-0.000000,-0.001015,1.570110,-0.300000,1.000000,1.100000,0.000000,0.000000,-1.571000,-0.299876,1.004687,1.065203,1.494650
5.730000,-0.000125,-0.004695,0.034797,-0.000000,-0.001015,1.570110,-0.300000,1.000000,1.100000,0.000000,0.000000,-1.571000,-0.299875,1.004695,1.065203,1.494656
5.740000,-0.000125,-0.004704,0.034797,-0.000000,-0.001015,1.570110,-0.300000,1.000000,1.100000,0.000000,0.000000,-1.571000,-0.299875,1.004704,1.065203,1.494661
5.750000,-0.000125,-0.004712,0.034797,-0.000000,-0.001015,1.570110,-0.300000,1.000000,1.100000,0.000000,0.000000,-1.571000,-0.299875,1.004712,1.065203,1.494667
5.760000,-0.000125,-0.004721,0.034797,-0.000000,-0.001015,1.570110,-0.300000,1.000000,1.100000,0.000000,0.000000,-1.571000,-0.299875,1.004721,1.065203,1.494672
5.770000,-0.000126,-0.004729,0.034797,-0.000000,-0.001015,1.570111,-0.300000,1.000000,1.100000,0.000000,0.000000,-1.571000,-0.299874,1.004729,1.065203,1.494678
5.780000,-0.000126,-0.004737,0.034797,-0.000000,-0.001015,1.570111,-0.300000,1.000000,1.100000,0.000000,0.000000,-1.571000,-0.299874,1.004737,1.065203,1.494684
5.790000,-0.000126,-0.004746,0.034797,-0.000000,-0.001015,1.570111,-0.300000,1.000000,1.100000,0.000000,0.000000,-1.571000,-0.299874,1.004746,1.065203,1.494689
5.800000,-0.000126,-0.004754,0.034797,-0.000000,-0.001015,1.570111,-0.300000,1.000000,1.100000,0.000000,0.000000,-1.571000,-0.299874,1.004754,1.065203,1.494695
5.810000,-0.000126,-0.004762,0.034797,-0.000000,-0.001015,1.570111,-0.300000,1.000000,1.100000,0.000000,0.000000,-1.571000,-0.299874,1.004762,1.065203,1.494700
5.820000,-0.000127,-0.004771,0.034797,-0.000000,-0.001015,1.570112,-0.300000,1.000000,1.100000,0.000000,0.000000,-1.571000,-0.299873,1.004771,1.065203,1.494706
5.830000,-0.000127,-0.004779,0.034797,-0.000000,-0.001015,1.570112,-0.300000,1.000000,1.100000,0.000000,0.000000,-1.571000,-0.299873,1.004779,1.065203,1.494711
5.840000,-0.000127,-0.004788,0.034797,-0.000000,-0.001015,1.570112,-0.300000,1.000000,1.100000,0.000000,0.000000,-1.571000,-0.299873,1.004788,1.065203,1.494717
5.850000,-0.000127,-0.004796,0.034797,-0.000000,-0.001015,1.570112,-0.300000,1.000000,1.100000,0.000000,0.000000,-1.571000,-0.299873,1.004796,1.065203,1.494723
5.860000,-0.000128,-0.004804,0.034797,-0.000000,-0.001015,1.570112,-0.300000,1.000000,1.100000,0.000000,0.000000,-1.571000,-0.299872,1.004804,1.065203,1.494728
5.870000,-0.000128,-0.004813,0.034797,-0.000000,-0.001015,1.570113,-0.300000,1.000000,1.100000,0.000000,0.000000,-1.571000,-0.299872,1.004813,1.065203,1.494734
5.880000,-0.000128,-0.004821,0.034797,-0.000000,-0.001015,1.570113,-0.300000,1.000000,1.100000,0.000000,0.000000,-1.571000,-0.299872,1.004821,1.065203,1.494739
5.890000,-0.000128,-0.004829,0.034797,-0.000000,-0.001015,1.570113,-0.300000,1.000000,1.100000,0.000000,0.000000,-1.571000,-0.299872,1.004829,1.065203,1.494745
5.900000,-0.000128,-0.004838,0.034797,-0.000000,-0.001015,1.570113,-0.300000,1.000000,1.100000,0.000000,0.000000,-1.571000,-0.299872,1.004838,1.065203,1.494751
5.910000,-0.000129,-0.004846,0.034797,-0.000000,-0.001015,1.570113,-0.300000,1.000000,1.100000,0.000000,0.000000,-1.571000,-0.299871,1.004846,1.065203,1.494756
5.920000,-0.000129,-0.004855,0.034797,-0.000000,-0.001015,1.570114,-0.300000,1.000000,1.100000,0.000000,0.000000,-1.571000,-0.299871,1.004855,1.065203,1.494762
5.930000,-0.000129,-0.004863,0.034797,-0.000000,-0.001015,1.570114,-0.300000,1.000000,1.100000,0.000000,0.000000,-1.571000,-0.299871,1.004863,1.065203,1.494767
5.940000,-0.000129,-0.004871,0.034797,-0.000000,-0.001015,1.570114,-0.300000,1.000000,1.100000,0.000000,0.000000,-1.571000,-0.299871,1.004871,1.065203,1.494773
5.950000,-0.000130,-0.004880,0.034797,-0.000000,-0.001015,1.570114,-0.300000,1.000000,1.100000,0.000000,0.000000,-1.571000,-0.299870,1.004880,1.065203,1.494778
5.960000,-0.000130,-0.004888,0.034797,-0.000000,-0.001015,1.570114,-0.300000,1.000000,1.100000,0.000000,0.000000,-1.571000,-0.299870,1.004888,1.065203,1.494784
5.970000,-0.000130,-0.004896,0.034797,-0.000000,-0.001015,1.570115,-0.300000,1.000000,1.100000,0.000000,0.000000,-1.571000,-0.299870,1.004896,1.065203,1.494790
5.980000,-0.000130,-0.004905,0.034797,-0.000000,-0.001015,1.570115,-0.300000,1.000000,1.100000,0.000000,0.000000,-1.571000,-0.299870,1.004905,1.065203,1.494795
5.990000,-0.000131,-0.004913,0.034797,-0.000000,-0.001015,1.570115,-0.300000,1.000000,1.100000,0.000000,0.000000,-1.571000,-0.299869,1.004913,1.065203,1.494801
6.000000,-0.000131,-0.004922,0.034797,-0.000000,-0.001015,1.570115,-0.300000,1.000000,1.100000,0.000000,0.000000,-1.571000,-0.299869,1.004922,1.065203,1.494806
6.010000,-0.000131,-0.004930,0.034797,-0.000000,-0.001015,1.570115,-0.300000,1.000000,1.100000,0.000000,0.000000,-1.571000,-0.299869,1.004930,1.065203,1.494812
6.020000,-0.000131,-0.004938,0.034797,-0.000000,-0.001015,1.570116,-0.300000,1.000000,1.100000,0.000000,0.000000,-1.571000,-0.299869,1.004938,1.065203,1.494818
6.030000,-0.000131,-0.004947,0.034797,-0.000000,-0.001015,1.570116,-0.300000,1.000000,1.100000,0.000000,0.000000,-1.571000,-0.299869,1.004947,1.065203,1.494823
6.040000,-0.000132,-0.004955,0.034797,-0.000000,-0.001015,1.570116,-0.300000,1.000000,1.100000,0.000000,0.000000,-1.571000,-0.299868,1.004955,1.065203,1.494829
6.050000,-0.000132,-0.004963,0.034797,-0.000000,-0.001015,1.570116,-0.300000,1.000000,1.100000,0.000000,0.000000,-1.571000,-0.299868,1.004963,1.065203,1.494834
6.060000,-0.000132,-0.004972,0.034797,-0.000000,-0.001015,1.570116,-0.300000,1.000000,1.100000,0.000000,0.000000,-1.571000,-0.299868,1.004972,1.065203,1.494840
6.070000,-0.000132,-0.004980,0.034797,-0.000000,-0.001015,1.570117,-0.300000,1.000000,1.100000,0.000000,0.000000,-1.571000,-0.299868,1.004980,1.065203,1.494845
6.080000,-0.000133,-0.004989,0.034797,-0.000000,-0.001015,1.570117,-0.300000,1.000000,1.100000,0.000000,0.000000,-1.571000,-0.299867,1.004989,1.065203,1.494851
6.090000,-0.000133,-0.004997,0.034797,-0.000000,-0.001015,1.570117,-0.300000,1.000000,1.100000,0.000000,0.000000,-1.571000,-0.299867,1.004997,1.065203,1.494857
6.100000,-0.000133,-0.005005,0.034797,-0.000000,-0.001015,1.570117,-0.300000,1.000000,1.100000,0.000000,0.000000,-1.571000,-0.299867,1.005005,1.065203,1.494862
6.110000,-0.000133,-0.005014,0.034797,-0.000000,-0.001015,1.570117,-0.300000,1.000000,1.100000,0.000000,0.000000,-1.571000,-0.299867,1.005014,1.065203,1.494868
6.120000,-0.000133,-0.005022,0.034797,-0.000000,-0.001015,1.570118,-0.300000,1.000000,1.100000,0.000000,0.000000,-1.571000,-0.299867,1.005022,1.065203,1.494873
6.130000,-0.000134,-0.005030,0.034797,-0.000000,-0.001015,1.570118,-0.300000,1.000000,1.100000,0.000000,0.000000,-1.571000,-0.299866,1.005030,1.065203,1.494879
6.140000,-0.000134,-0.005039,0.034797,-0.000000,-0.001015,1.570118,-0.300000,1.000000,1.100000,0.000000,0.000000,-1.571000,-0.299866,1.005039,1.065203,1.494885
6.150000,-0.000134,-0.005047,0.034797,-0.000000,-0.001015,1.570118,-0.300000,1.000000,1.100000,0.000000,0.000000,-1.571000,-0.299866,1.005047,1.065203,1.494890
6.160000,-0.000134,-0.005056,0.034797,-0.000000,-0.001015,1.570118,-0.300000,1.000000,1.100000,0.000000,0.000000,-1.571000,-0.299866,1.005056,1.065203,1.494896
6.170000,-0.000135,-0.005064,0.034797,-0.000000,-0.001015,1.570119,-0.300000,1.000000,1.100000,0.000000,0.000000,-1.571000,-0.299865,1.005064,1.065203,1.494901
6.180000,-0.000135,-0.005072,0.034797,-0.000000,-0.001015,1.570119,-0.300000,1.000000,1.100000,0.000000,0.000000,-1.571000,-0.299865,1.005072,1.065203,1.494907
6.190000,-0.000135,-0.005081,0.034797,-0.000000,-0.001015,1.570119,-0.300000,1.000000,1.100000,0.000000,0.000000,-1.571000,-0.299865,1.005081,1.065203,1.494912
6.200000,-0.000135,-0.005089,0.034797,-0.000000,-0.001015,1.570119,-0.300000,1.000000,1.100000,0.000000,0.000000,-1.571000,-0.299865,1.005089,1.065203,1.494918
6.210000,-0.000135,-0.005097,0.034797,-0.000000,-0.001015,1.570119,-0.300000,1.000000,1.100000,0.000000,0.000000,-1.571000,-0.299865,1.005097,1.065203,1.494924
6.220000,-0.000136,-0.005106,0.034797,-0.000000,-0.001015,1.570120,-0.300000,1.000000,1.100000,0.000000,0.000000,-1.571000,-0.299864,1.005106,1.065203,1.494929
6.230000,-0.000136,-0.005114,0.034797,-0.000000,-0.001015,1.570120,-0.300000,1.000000,1.100000,0.000000,0.000000,-1.571000,-0.299864,1.005114,1.065203,1.494935
6.240000,-0.000136,-0.005123,0.034797,-0.000000,-0.001015,1.570120,-0.300000,1.000000,1.100000,0.000000,0.000000,-1.571000,-0.299864,1.005123,1.065203,1.494940
6.250000,-0.000136,-0.005131,0.034797,-0.000000,-0.001015,1.570120,-0.300000,1.000000,1.100000,0.000000,0.000000,-1.571000,-0.299864,1.005131,1.065203,1.494946
6.260000,-0.000137,-0.005139,0.034797,-0.000000,-0.001015,1.570120,-0.300000,1.000000,1.100000,0.000000,0.000000,-1.571000,-0.299863,1.005139,1.065203,1.494952
6.270000,-0.000137,-0.005148,0.034797,-0.000000,-0.001015,1.570120,-0.300000,1.000000,1.100000,0.000000,0.000000,-1.571000,-0.299863,1.005148,1.065203,1.494957
6.280000,-0.000137,-0.005156,0.034797,-0.000000,-0.001015,1.570121,-0.300000,1.000000,1.100000,0.000000,0.000000,-1.571000,-0.299863,1.005156,1.065203,1.494963
6.290000,-0.000137,-0.005164,0.034797,-0.000000,-0.001015,1.570121,-0.300000,1.000000,1.100000,0.000000,0.000000,-1.571000,-0.299863,1.005164,1.065203,1.494968
6.300000,-0.000138,-0.005173,0.034797,-0.000000,-0.001015,1.570121,-0.300000,1.000000,1.100000,0.000000,0.000000,-1.571000,-0.299862,1.005173,1.065203,1.494974
6.310000,-0.000138,-0.005181,0.034797,-0.000000,-0.001015,1.570121,-0.300000,1.000000,1.100000,0.000000,0.000000,-1.571000,-0.299862,1.005181,1.065203,1.494979
6.320000,-0.000138,-0.005190,0.034797,-0.000000,-0.001015,1.570121,-0.300000,1.000000,1.100000,0.000000,0.000000,-1.571000,-0.299862,1.005190,1.065203,1.494985
6.330000,-0.000138,-0.005198,0.034797,-0.000000,-0.001015,1.570122,-0.300000,1.000000,1.100000,0.000000,0.000000,-1.571000,-0.299862,1.005198,1.065203,1.494991
6.340000,-0.000138,-0.005206,0.034797,-0.000000,-0.001015,1.570122,-0.300000,1.000000,1.100000,0.000000,0.000000,-1.571000,-0.299862,1.005206,1.065203,1.494996
6.350000,-0.000139,-0.005215,0.034797,-0.000000,-0.001015,1.570122,-0.300000,1.000000,1.100000,0.000000,0.000000,-1.571000,-0.299861,1.005215,1.065203,1.495002
6.360000,-0.000139,-0.005223,0.034797,-0.000000,-0.001015,1.570122,-0.300000,1.000000,1.100000,0.000000,0.000000,-1.571000,-0.299861,1.005223,1.065203,1.495007
6.370000,-0.000139,-0.005231,0.034797,-0.000000,-0.001015,1.570122,-0.300000,1.000000,1.100000,0.000000,0.000000,-1.571000,-0.299861,1.005231,1.065203,1.495013
6.380000,-0.000139,-0.005240,0.034797,-0.000000,-0.001015,1.570123,-0.300000,1.000000,1.100000,0.000000,0.000000,-1.571000,-0.299861,1.005240,1.065203,1.495019
6.390000,-0.000140,-0.005248,0.034797,-0.000000,-0.001015,1.570123,-0.300000,1.000000,1.100000,0.000000,0.000000,-1.571000,-0.299860,1.005248,1.065203,1.495024
6.400000,-0.000140,-0.005256,0.034797,-0.000000,-0.001015,1.570123,-0.300000,1.000000,1.100000,0.000000,0.000000,-1.571000,-0.299860,1.005256,1.065203,1.495030
6.410000,-0.000140,-0.005265,0.034797,-0.000000,-0.001015,1.570123,-0.300000,1.000000,1.100000,0.000000,0.000000,-1.571000,-0.299860,1.005265,1.065203,1.495035
6.420000,-0.000140,-0.005273,0.034797,-0.000000,-0.001015,1.570123,-0.300000,1.000000,1.100000,0.000000,0.000000,-1.571000,-0.299860,1.005273,1.065203,1.495041
6.430000,-0.000140,-0.005282,0.034797,-0.000000,-0.001015,1.570124,-0.300000,1.000000,1.100000,0.000000,0.000000,-1.571000,-0.299860,1.005282,1.065203,1.495047
6.440000,-0.000141,-0.005290,0.034797,-0.000000,-0.001015,1.570124,-0.300000,1.000000,1.100000,0.000000,0.000000,-1.571000,-0.299859,1.005290,1.065203,1.495052
6.450000,-0.000141,-0.005298,0.034797,-0.000000,-0.001015,1.570124,-0.300000,1.000000,1.100000,0.000000,0.000000,-1.571000,-0.299859,1.005298,1.065203,1.495058
6.460000,-0.000141,-0.005307,0.034797,-0.000000,-0.001015,1.570124,-0.300000,1.000000,1.100000,0.000000,0.000000,-1.571000,-0.299859,1.005307,1.065203,1.495063
6.470000,-0.000141,-0.005315,0.034797,-0.000000,-0.001015,1.570124,-0.300000,1.000000,1.100000,0.000000,0.000000,-1.571000,-0.299859,1.005315,1.065203,1.495069
6.480000,-0.000142,-0.005323,0.034797,-0.000000,-0.001015,1.570125,-0.300000,1.000000,1.100000,0.000000,0.000000,-1.571000,-0.299858,1.005323,1.065203,1.495074
6.490000,-0.000142,-0.005332,0.034797,-0.000000,-0.001015,1.570125,-0.300000,1.000000,1.100000,0.000000,0.000000,-1.571000,-0.299858,1.005332,1.065203,1.495080
6.500000,-0.000142,-0.005340,0.034797,-0.000000,-0.001015,1.570125,-0.300000,1.000000,1.100000,0.000000,0.000000,-1.571000,-0.299858,1.005340,1.065203,1.495086
6.510000,-0.000142,-0.005349,0.034797,-0.000000,-0.001015,1.570125,-0.300000,1.000000,1.100000,0.000000,0.000000,-1.571000,-0.299858,1.005349,1.065203,1.495091
6.520000,-0.000142,-0.005357,0.034797,-0.000000,-0.001015,1.570125,-0.300000,1.000000,1.100000,0.000000,0.000000,-1.571000,-0.299858,1.005357,1.065203,1.495097
6.530000,-0.000143,-0.005365,0.034797,-0.000000,-0.001015,1.570126,-0.300000,1.000000,1.100000,0.000000,0.000000,-1.571000,-0.299857,1.005365,1.065203,1.495102
6.540000,-0.000143,-0.005374,0.034797,-0.000000,-0.001015,1.570126,-0.300000,1.000000,1.100000,0.000000,0.000000,-1.571000,-0.299857,1.005374,1.065203,1.495108
6.550000,-0.000143,-0.005382,0.034797,-0.000000,-0.001015,1.570126,-0.300000,1.000000,1.100000,0.000000,0.000000,-1.571000,-0.299857,1.005382,1.065203,1.495114
6.560000,-0.000143,-0.005390,0.034797,-0.000000,-0.001015,1.570126,-0.300000,1.000000,1.100000,0.000000,0.000000,-1.571000,-0.299857,1.005390,1.065203,1.495119
6.570000,-0.000144,-0.005399,0.034797,-0.000000,-0.001015,1.570126,-0.300000,1.000000,1.100000,0.000000,0.000000,-1.571000,-0.299856,1.005399,1.065203,1.495125
6.580000,-0.000144,-0.005407,0.034797,-0.000000,-0.001015,1.570127,-0.300000,1.000000,1.100000,0.000000,0.000000,-1.571000,-0.299856,1.005407,1.065203,1.495130
6.590000,-0.000144,-0.005416,0.034797,-0.000000,-0.001015,1.570127,-0.300000,1.000000,1.100000,0.000000,0.000000,-1.571000,-0.299856,1.005416,1.065203,1.495136
6.600000,-0.000144,-0.005424,0.034797,-0.000000,-0.001015,1.570127,-0.300000,1.000000,1.100000,0.000000,0.000000,-1.571000,-0.299856,1.005424,1.065203,1.495141
6.610000,-0.000144,-0.005432,0.034797,-0.000000,-0.001015,1.570127,-0.300000,1.000000,1.100000,0.000000,0.000000,-1.571000,-0.299856,1.005432,1.065203,1.495147
6.620000,-0.000145,-0.005441,0.034797,-0.000000,-0.001015,1.570127,-0.300000,1.000000,1.100000,0.000000,0.000000,-1.571000,-0.299855,1.005441,1.065203,1.495153
6.630000,-0.000145,-0.005449,0.034797,-0.000000,-0.001015,1.570128,-0.300000,1.000000,1.100000,0.000000,0.000000,-1.571000,-0.299855,1.005449,1.065203,1.495158
6.640000,-0.000145,-0.005457,0.034797,-0.000000,-0.001015,1.570128,-0.300000,1.000000,1.100000,0.000000,0.000000,-1.571000,-0.299855,1.005457,1.065203,1.495164
6.650000,-0.000145,-0.005466,0.034797,-0.000000,-0.001015,1.570128,-0.300000,1.000000,1.100000,0.000000,0.000000,-1.571000,-0.299855,1.005466,1.065203,1.495169
6.660000,-0.000146,-0.005474,0.034797,-0.000000,-0.001015,1.570128,-0.300000,1.000000,1.100000,0.000000,0.000000,-1.571000,-0.299854,1.005474,1.065203,1.495175
6.670000,-0.000146,-0.005483,0.034797,-0.000000,-0.001015,1.570128,-0.300000,1.000000,1.100000,0.000000,0.000000,-1.571000,-0.299854,1.005483,1.065203,1.495181
6.680000,-0.000146,-0.005491,0.034797,-0.000000,-0.001015,1.570129,-0.300000,1.000000,1.100000,0.000000,0.000000,-1.571000,-0.299854,1.005491,1.065203,1.495186
6.690000,-0.000146,-0.005499,0.034797,-0.000000,-0.001015,1.570129,-0.300000,1.000000,1.100000,0.000000,0.000000,-1.571000,-0.299854,1.005499,1.065203,1.495192
6.700000,-0.000147,-0.005508,0.034797,-0.000000,-0.001015,1.570129,-0.300000,1.000000,1.100000,0.000000,0.000000,-1.571000,-0.299853,1.005508,1.065203,1.495197
6.710000,-0.000147,-0.005516,0.034797,-0.000000,-0.001015,1.570129,-0.300000,1.000000,1.100000,0.000000,0.000000,-1.571000,-0.299853,1.005516,1.065203,1.495203
6.720000,-0.000147,-0.005524,0.034797,-0.000000,-0.001015,1.570129,-0.300000,1.000000,1.100000,0.000000,0.000000,-1.571000,-0.299853,1.005524,1.065203,1.495208
6.730000,-0.000147,-0.005533,0.034797,-0.000000,-0.001013,1.570130,-0.300000,1.000000,1.100000,0.000000,0.000000,-1.571000,-0.299853,1.005533,1.065203,1.495214
6.740000,-0.000147,-0.005538,0.034800,-0.000000,-0.001002,1.570130,-0.300000,1.000000,1.100000,0.000000,0.000000,-1.571000,-0.299853,1.005538,1.065200,1.495216
6.750000,-0.000147,-0.005539,0.034802,-0.000000,-0.000991,1.570130,-0.300000,1.000000,1.100000,0.000000,0.000000,-1.571000,-0.299853,1.005539,1.065198,1.495215
6.760000,-0.000147,-0.005532,0.034803,-0.000000,-0.000987,1.570130,-0.300000,1.000000,1.100000,0.000000,0.000000,-1.571000,-0.299853,1.005532,1.065197,1.495210
6.770000,-0.000147,-0.005524,0.034803,-0.000000,-0.000985,1.570130,-0.300000,1.000000,1.100000,0.000000,0.000000,-1.571000,-0.299853,1.005524,1.065197,1.495204
6.780000,-0.000147,-0.005515,0.034803,-0.000000,-0.000984,1.570130,-0.300000,1.000000,1.100000,0.000000,0.000000,-1.571000,-0.299853,1.005515,1.065197,1.495198
6.790000,-0.000147,-0.005507,0.034803,-0.000000,-0.000983,1.570131,-0.300000,1.000000,1.100000,0.000000,0.000000,-1.571000,-0.299853,1.005507,1.065197,1.495192
6.800000,-0.000146,-0.005499,0.034804,-0.000000,-0.000982,1.570131,-0.300000,1.000000,1.100000,0.000000,0.000000,-1.571000,-0.299854,1.005499,1.065196,1.495187
6.810000,-0.000146,-0.005490,0.034804,-0.000000,-0.000982,1.570131,-0.300000,1.000000,1.100000,0.000000,0.000000,-1.571000,-0.299854,1.005490,1.065196,1.495181
6.820000,-0.000146,-0.005482,0.034804,-0.000000,-0.000981,1.570131,-0.300000,1.000000,1.100000,0.000000,0.000000,-1.571000,-0.299854,1.005482,1.065196,1.495175
6.830000,-0.000146,-0.005473,0.034804,-0.000000,-0.000981,1.570131,-0.300000,1.000000,1.100000,0.000000,0.000000,-1.571000,-0.299854,1.005473,1.065196,1.495170
6.840000,-0.000145,-0.005465,0.034804,-0.000000,-0.000981,1.570132,-0.300000,1.000000,1.100000,0.000000,0.000000,-1.571000,-0.299855,1.005465,1.065196,1.495164
6.850000,-0.000145,-0.005456,0.034804,-0.000000,-0.000981,1.570132,-0.300000,1.000000,1.100000,0.000000,0.000000,-1.571000,-0.299855,1.005456,1.065196,1.495158
6.860000,-0.000145,-0.005448,0.034804,-0.000000,-0.000981,1.570132,-0.300000,1.000000,1.100000,0.000000,0.000000,-1.571000,-0.299855,1.005448,1.065196,1.495153
6.870000,-0.000145,-0.005440,0.034804,-0.000000,-0.000981,1.570132,-0.300000,1.000000,1.100000,0.000000,0.000000,-1.571000,-0.299855,1.005440,1.065196,1.495147
6.880000,-0.000145,-0.005431,0.034804,-0.000000,-0.000981,1.570132,-0.300000,1.000000,1.100000,0.000000,0.000000,-1.571000,-0.299855,1.005431,1.065196,1.495141
6.890000,-0.000144,-0.005423,0.034804,-0.000000,-0.000981,1.570133,-0.300000,1.000000,1.100000,0.000000,0.000000,-1.571000,-0.299856,1.005423,1.065196,1.495136
6.900000,-0.000144,-0.005414,0.034804,-0.000000,-0.000981,1.570133,-0.300000,1.000000,1.100000,0.000000,0.000000,-1.571000,-0.299856,1.005414,1.065196,1.495130
6.910000,-0.000144,-0.005406,0.034804,-0.000000,-0.000981,1.570133,-0.300000,1.000000,1.100000,0.000000,0.000000,-1.571000,-0.299856,1.005406,1.065196,1.495124
6.920000,-0.000144,-0.005397,0.034804,-0.000000,-0.000981,1.570133,-0.300000,1.000000,1.100000,0.000000,0.000000,-1.571000,-0.299856,1.005397,1.065196,1.495119
6.930000,-0.000143,-0.005389,0.034804,-0.000000,-0.000981,1.570133,-0.300000,1.000000,1.100000,0.000000,0.000000,-1.571000,-0.299857,1.005389,1.065196,1.495113
6.940000,-0.000143,-0.005380,0.034804,-0.000000,-0.000981,1.570133,-0.300000,1.000000,1.100000,0.000000,0.000000,-1.571000,-0.299857,1.005380,1.065196,1.495107
6.950000,-0.000143,-0.005372,0.034804,-0.000000,-0.000981,1.570134,-0.300000,1.000000,1.100000,0.000000,0.000000,-1.571000,-0.299857,1.005372,1.065196,1.495102
6.960000,-0.000143,-0.005363,0.034804,-0.000000,-0.000981,1.570134,-0.300000,1.000000,1.100000,0.000000,0.000000,-1.571000,-0.299857,1.005363,1.065196,1.495096
6.970000,-0.000143,-0.005355,0.034804,-0.000000,-0.000981,1.570134,-0.300000,1.000000,1.100000,0.000000,0.000000,-1.571000,-0.299857,1.005355,1.065196,1.495091
6.980000,-0.000142,-0.005346,0.034804,-0.000000,-0.000981,1.570134,-0.300000,1.000000,1.100000,0.000000,0.000000,-1.571000,-0.299858,1.005346,1.065196,1.495085
6.990000,-0.000142,-0.005338,0.034804,-0.000000,-0.000981,1.570134,-0.300000,1.000000,1.100000,0.000000,0.000000,-1.571000,-0.299858,1.005338,1.065196,1.495079
7.000000,-0.000142,-0.005330,0.034804,-0.000000,-0.000981,1.570135,-0.300000,1.000000,1.100000,0.000000,0.000000,-1.571000,-0.299858,1.005330,1.065196,1.495074
7.010000,-0.000142,-0.005321,0.034804,-0.000000,-0.000981,1.570135,-0.300000,1.000000,1.100000,0.000000,0.000000,-1.571000,-0.299858,1.005321,1.065196,1.495068
7.020000,-0.000141,-0.005313,0.034804,-0.000000,-0.000981,1.570135,-0.300000,1.000000,1.100000,0.000000,0.000000,-1.571000,-0.299859,1.005313,1.065196,1.495062
7.030000,-0.000141,-0.005304,0.034804,-0.000000,-0.000981,1.570135,-0.300000,1.000000,1.100000,0.000000,0.000000,-1.571000,-0.299859,1.005304,1.065196,1.495057
7.040000,-0.000141,-0.005296,0.034804,-0.000000,-0.000981,1.570135,-0.300000,1.000000,1.100000,0.000000,0.000000,-1.571000,-0.299859,1.005296,1.065196,1.495051
7.050000,-0.000141,-0.005287,0.034804,-0.000000,-0.000981,1.570136,-0.300000,1.000000,1.100000,0.000000,0.000000,-1.571000,-0.299859,1.005287,1.065196,1.495045
7.060000,-0.000141,-0.005279,0.034804,-0.000000,-0.000981,1.570136,-0.300000,1.000000,1.100000,0.000000,0.000000,-1.571000,-0.299859,1.005279,1.065196,1.495040
7.070000,-0.000140,-0.005270,0.034804,-0.000000,-0.000981,1.570136,-0.300000,1.000000,1.100000,0.000000,0.000000,-1.571000,-0.299860,1.005270,1.065196,1.495034
7.080000,-0.000140,-0.005262,0.034804,-0.000000,-0.000981,1.570136,-0.300000,1.000000,1.100000,0.000000,0.000000,-1.571000,-0.299860,1.005262,1.065196,1.495028
7.090000,-0.000140,-0.005253,0.034804,-0.000000,-0.000981,1.570136,-0.300000,1.000000,1.100000,0.000000,0.000000,-1.571000,-0.299860,1.005253,1.065196,1.495023
7.100000,-0.000140,-0.005245,0.034804,-0.000000,-0.000981,1.570137,-0.300000,1.000000,1.100000,0.000000,0.000000,-1.571000,-0.299860,1.005245,1.065196,1.495017
7.110000,-0.000140,-0.005236,0.034804,-0.000000,-0.000981,1.570137,-0.300000,1.000000,1.100000,0.000000,0.000000,-1.571000,-0.299860,1.005236,1.065196,1.495011
7.120000,-0.000139,-0.005228,0.034804,-0.000000,-0.000981,1.570137,-0.300000,1.000000,1.100000,0.000000,0.000000,-1.571000,-0.299861,1.005228,1.065196,1.495006
7.130000,-0.000139,-0.005220,0.034804,-0.000000,-0.000981,1.570137,-0.300000,1.000000,1.100000,0.000000,0.000000,-1.571000,-0.299861,1.005220,1.065196,1.495000
7.140000,-0.000139,-0.005211,0.034804,-0.000000,-0.000981,1.570137,-0.300000,1.000000,1.100000,0.000000,0.000000,-1.571000,-0.299861,1.005211,1.065196,1.494995
7.150000,-0.000139,-0.005203,0.034804,-0.000000,-0.000981,1.570138,-0.300000,1.000000,1.100000,0.000000,0.000000,-1.571000,-0.299861,1.005203,1.065196,1.494989
7.160000,-0.000138,-0.005194,0.034804,-0.000000,-0.000981,1.570138,-0.300000,1.000000,1.100000,0.000000,0.000000,-1.571000,-0.299862,1.005194,1.065196,1.494983
7.170000,-0.000138,-0.005186,0.034804,-0.000000,-0.000981,1.570138,-0.300000,1.000000,1.100000,0.000000,0.000000,-1.571000,-0.299862,1.005186,1.065196,1.494978
7.180000,-0.000138,-0.005177,0.034804,-0.000000,-0.000981,1.570138,-0.300000,1.000000,1.100000,0.000000,0.000000,-1.571000,-0.299862,1.005177,1.065196,1.494972
7.190000,-0.000138,-0.005169,0.034804,-0.000000,-0.000981,1.570138,-0.300000,1.000000,1.100000,0.000000,0.000000,-1.571000,-0.299862,1.005169,1.065196,1.494966
7.200000,-0.000138,-0.005160,0.034804,-0.000000,-0.000981,1.570139,-0.300000,1.000000,1.100000,0.000000,0.000000,-1.571000,-0.299862,1.005160,1.065196,1.494961
7.210000,-0.000137,-0.005152,0.034804,-0.000000,-0.000981,1.570139,-0.300000,1.000000,1.100000,0.000000,0.000000,-1.571000,-0.299863,1.005152,1.065196,1.494955
7.220000,-0.000137,-0.005143,0.034804,-0.000000,-0.000981,1.570139,-0.300000,1.000000,1.100000,0.000000,0.000000,-1.571000,-0.299863,1.005143,1.065196,1.494949
7.230000,-0.000137,-0.005135,0.034804,-0.000000,-0.000981,1.570139,-0.300000,1.000000,1.100000,0.000000,0.000000,-1.571000,-0.299863,1.005135,1.065196,1.494944
7.240000,-0.000137,-0.005126,0.034804,-0.000000,-0.000981,1.570139,-0.300000,1.000000,1.100000,0.000000,0.000000,-1.571000,-0.299863,1.005126,1.065196,1.494938
7.250000,-0.000136,-0.005118,0.034804,-0.000000,-0.000981,1.570140,-0.300000,1.000000,1.100000,0.000000,0.000000,-1.571000,-0.299864,1.005118,1.065196,1.494932
7.260000,-0.000136,-0.005109,0.034804,-0.000000,-0.000981,1.570140,-0.300000,1.000000,1.100000,0.000000,0.000000,-1.571000,-0.299864,1.005109,1.065196,1.494927
7.270000,-0.000136,-0.005101,0.034804,-0.000000,-0.000981,1.570140,-0.300000,1.000000,1.100000,0.000000,0.000000,-1.571000,-0.299864,1.005101,1.065196,1.494921
7.280000,-0.000136,-0.005093,0.034804,-0.000000,-0.000981,1.570140,-0.300000,1.000000,1.100000,0.000000,0.000000,-1.571000,-0.299864,1.005093,1.065196,1.494915
7.290000,-0.000136,-0.005084,0.034804,-0.000000,-0.000981,1.570140,-0.300000,1.000000,1.100000,0.000000,0.000000,-1.571000,-0.299864,1.005084,1.065196,1.494910
7.300000,-0.000135,-0.005076,0.034804,-0.000000,-0.000981,1.570140,-0.300000,1.000000,1.100000,0.000000,0.000000,-1.571000,-0.299865,1.005076,1.065196,1.494904
7.310000,-0.000135,-0.005067,0.034804,-0.000000,-0.000981,1.570141,-0.300000,1.000000,1.100000,0.000000,0.000000,-1.571000,-0.299865,1.005067,1.065196,1.494899
7.320000,-0.000135,-0.005059,0.034804,-0.000000,-0.000981,1.570141,-0.300000,1.000000,1.100000,0.000000,0.000000,-1.571000,-0.299865,1.005059,1.065196,1.494893
7.330000,-0.000135,-0.005050,0.034804,-0.000000,-0.000981,1.570141,-0.300000,1.000000,1.100000,0.000000,0.000000,-1.571000,-0.299865,1.005050,1.065196,1.494887
7.340000,-0.000134,-0.005042,0.034804,-0.000000,-0.000981,1.570141,-0.300000,1.000000,1.100000,0.000000,0.000000,-1.571000,-0.299866,1.005042,1.065196,1.494882
7.350000,-0.000134,-0.005033,0.034804,-0.000000,-0.000981,1.570141,-0.300000,1.000000,1.100000,0.000000,0.000000,-1.571000,-0.299866,1.005033,1.065196,1.494876
7.360000,-0.000134,-0.005025,0.034804,-0.000000,-0.000981,1.570142,-0.300000,1.000000,1.100000,0.000000,0.000000,-1.571000,-0.299866,1.005025,1.065196,1.494870
7.370000,-0.000134,-0.005016,0.034804,-0.000000,-0.000981,1.570142,-0.300000,1.000000,1.100000,0.000000,0.000000,-1.571000,-0.299866,1.005016,1.065196,1.494865
7.380000,-0.000134,-0.005008,0.034804,-0.000000,-0.000981,1.570142,-0.300000,1.000000,1.100000,0.000000,0.000000,-1.571000,-0.299866,1.005008,1.065196,1.494859
7.390000,-0.000133,-0.004999,0.034804,-0.000000,-0.000981,1.570142,-0.300000,1.000000,1.100000,0.000000,0.000000,-1.571000,-0.299867,1.004999,1.065196,1.494853
7.400000,-0.000133,-0.004991,0.034804,-0.000000,-0.000981,1.570142,-0.300000,1.000000,1.100000,0.000000,0.000000,-1.571000,-0.299867,1.004991,1.065196,1.494848
7.410000,-0.000133,-0.004983,0.034804,-0.000000,-0.000981,1.570143,-0.300000,1.000000,1.100000,0.000000,0.000000,-1.571000,-0.299867,1.004983,1.065196,1.494842
7.420000,-0.000133,-0.004974,0.034804,-0.000000,-0.000981,1.570143,-0.300000,1.000000,1.100000,0.000000,0.000000,-1.571000,-0.299867,1.004974,1.065196,1.494836
7.430000,-0.000132,-0.004966,0.034804,-0.000000,-0.000981,1.570143,-0.300000,1.000000,1.100000,0.000000,0.000000,-1.571000,-0.299868,1.004966,1.065196,1.494831
7.440000,-0.000132,-0.004957,0.034804,-0.000000,-0.000981,1.570143,-0.300000,1.000000,1.100000,0.000000,0.000000,-1.571000,-0.299868,1.004957,1.065196,1.494825
7.450000,-0.000132,-0.004949,0.034804,-0.000000,-0.000981,1.570143,-0.300000,1.000000,1.100000,0.000000,0.000000,-1.571000,-0.299868,1.004949,1.065196,1.494820
7.460000,-0.000132,-0.004940,0.034804,-0.000000,-0.000981,1.570144,-0.300000,1.000000,1.100000,0.000000,0.000000,-1.571000,-0.299868,1.004940,1.065196,1.494814
7.470000,-0.000132,-0.004932,0.034804,-0.000000,-0.000981,1.570144,-0.300000,1.000000,1.100000,0.000000,0.000000,-1.571000,-0.299868,1.004932,1.065196,1.494808
7.480000,-0.000131,-0.004923,0.034804,-0.000000,-0.000981,1.570144,-0.300000,1.000000,1.100000,0.000000,0.000000,-1.571000,-0.299869,1.004923,1.065196,1.494803
7.490000,-0.000131,-0.004915,0.034804,-0.000000,-0.000981,1.570144,-0.300000,1.000000,1.100000,0.000000,0.000000,-1.571000,-0.299869,1.004915,1.065196,1.494797
7.500000,-0.000131,-0.004906,0.034804,-0.000000,-0.000981,1.570144,-0.300000,1.000000,1.100000,0.000000,0.000000,-1.571000,-0.299869,1.004906,1.065196,1.494791
7.510000,-0.000131,-0.004898,0.034804,-0.000000,-0.000981,1.570145,-0.300000,1.000000,1.100000,0.000000,0.000000,-1.571000,-0.299869,1.004898,1.065196,1.494786
7.520000,-0.000130,-0.004889,0.034804,-0.000000,-0.000981,1.570145,-0.300000,1.000000,1.100000,0.000000,0.000000,-1.571000,-0.299870,1.004889,1.065196,1.494780
7.530000,-0.000130,-0.004881,0.034804,-0.000000,-0.000981,1.570145,-0.300000,1.000000,1.100000,0.000000,0.000000,-1.571000,-0.299870,1.004881,1.065196,1.494774
7.540000,-0.000130,-0.004873,0.034804,-0.000000,-0.000981,1.570145,-0.300000,1.000000,1.100000,0.000000,0.000000,-1.571000,-0.299870,1.004873,1.065196,1.494769
7.550000,-0.000130,-0.004864,0.034804,-0.000000,-0.000981,1.570145,-0.300000,1.000000,1.100000,0.000000,0.000000,-1.571000,-0.299870,1.004864,1.065196,1.494763
7.560000,-0.000130,-0.004856,0.034804,-0.000000,-0.000981,1.570146,-0.300000,1.000000,1.100000,0.000000,0.000000,-1.571000,-0.299870,1.004856,1.065196,1.494757
7.570000,-0.000129,-0.004847,0.034804,-0.000000,-0.000981,1.570146,-0.300000,1.000000,1.100000,0.000000,0.000000,-1.571000,-0.299871,1.004847,1.065196,1.494752
7.580000,-0.000129,-0.004839,0.034804,-0.000000,-0.000981,1.570146,-0.300000,1.000000,1.100000,0.000000,0.000000,-1.571000,-0.299871,1.004839,1.065196,1.494746
7.590000,-0.000129,-0.004830,0.034804,-0.000000,-0.000981,1.570146,-0.300000,1.000000,1.100000,0.000000,0.000000,-1.571000,-0.299871,1.004830,1.065196,1.494740
7.600000,-0.000129,-0.004822,0.034804,-0.000000,-0.000981,1.570146,-0.300000,1.000000,1.100000,0.000000,0.000000,-1.571000,-0.299871,1.004822,1.065196,1.494735
7.610000,-0.000128,-0.004813,0.034804,-0.000000,-0.000981,1.570146,-0.300000,1.000000,1.100000,0.000000,0.000000,-1.571000,-0.299872,1.004813,1.065196,1.494729
7.620000,-0.000128,-0.004805,0.034804,-0.000000,-0.000981,1.570147,-0.300000,1.000000,1.100000,0.000000,0.000000,-1.571000,-0.299872,1.004805,1.065196,1.494724
7.630000,-0.000128,-0.004796,0.034804,-0.000000,-0.000981,1.570147,-0.300000,1.000000,1.100000,0.000000,0.000000,-1.571000,-0.299872,1.004796,1.065196,1.494718
7.640000,-0.000128,-0.004788,0.034804,-0.000000,-0.000981,1.570147,-0.300000,1.000000,1.100000,0.000000,0.000000,-1.571000,-0.299872,1.004788,1.065196,1.494712
7.650000,-0.000128,-0.004779,0.034804,-0.000000,-0.000981,1.570147,-0.300000,1.000000,1.100000,0.000000,0.000000,-1.571000,-0.299872,1.004779,1.065196,1.494707
7.660000,-0.000127,-0.004771,0.034804,-0.000000,-0.000981,1.570147,-0.300000,1.000000,1.100000,0.000000,0.000000,-1.571000,-0.299873,1.004771,1.065196,1.494701
7.670000,-0.000127,-0.004763,0.034804,-0.000000,-0.000981,1.570148,-0.300000,1.000000,1.100000,0.000000,0.000000,-1.571000,-0.299873,1.004763,1.065196,1.494695
7.680000,-0.000127,-0.004754,0.034804,-0.000000,-0.000981,1.570148,-0.300000,1.000000,1.100000,0.000000,0.000000,-1.571000,-0.299873,1.004754,1.065196,1.494690
7.690000,-0.000127,-0.004746,0.034804,-0.000000,-0.000981,1.570148,-0.300000,1.000000,1.100000,0.000000,0.000000,-1.571000,-0.299873,1.004746,1.065196,1.494684
7.700000,-0.000126,-0.004737,0.034804,-0.000000,-0.000981,1.570148,-0.300000,1.000000,1.100000,0.000000,0.000000,-1.571000,-0.299874,1.004737,1.065196,1.494678
7.710000,-0.000126,-0.004729,0.034804,-0.000000,-0.000981,1.570148,-0.300000,1.000000,1.100000,0.000000,0.000000,-1.571000,-0.299874,1.004729,1.065196,1.494673
7.720000,-0.000126,-0.004720,0.034804,-0.000000,-0.000981,1.570149,-0.300000,1.000000,1.100000,0.000000,0.000000,-1.571000,-0.299874,1.004720,1.065196,1.494667
7.730000,-0.000126,-0.004712,0.034804,-0.000000,-0.000981,1.570149,-0.300000,1.000000,1.100000,0.000000,0.000000,-1.571000,-0.299874,1.004712,1.065196,1.494661
7.740000,-0.000126,-0.004703,0.034804,-0.000000,-0.000981,1.570149,-0.300000,1.000000,1.100000,0.000000,0.000000,-1.571000,-0.299874,1.004703,1.065196,1.494656
7.750000,-0.000125,-0.004695,0.034804,-0.000000,-0.000981,1.570149,-0.300000,1.000000,1.100000,0.000000,0.000000,-1.571000,-0.299875,1.004695,1.065196,1.494650
7.760000,-0.000125,-0.004686,0.034804,-0.000000,-0.000981,1.570149,-0.300000,1.000000,1.100000,0.000000,0.000000,-1.571000,-0.299875,1.004686,1.065196,1.494645
7.770000,-0.000125,-0.004678,0.034804,-0.000000,-0.000981,1.570150,-0.300000,1.000000,1.100000,0.000000,0.000000,-1.571000,-0.299875,1.004678,1.065196,1.494639
7.780000,-0.000125,-0.004669,0.034804,-0.000000,-0.000981,1.570150,-0.300000,1.000000,1.100000,0.000000,0.000000,-1.571000,-0.299875,1.004669,1.065196,1.494633
7.790000,-0.000125,-0.004661,0.034804,-0.000000,-0.000981,1.570150,-0.300000,1.000000,1.100000,0.000000,0.000000,-1.571000,-0.299875,1.004661,1.065196,1.494628
7.800000,-0.000124,-0.004653,0.034804,-0.000000,-0.000981,1.570150,-0.300000,1.000000,1.100000,0.000000,0.000000,-1.571000,-0.299876,1.004653,1.065196,1.494622
7.810000,-0.000124,-0.004644,0.034804,-0.000000,-0.000981,1.570150,-0.300000,1.000000,1.100000,0.000000,0.000000,-1.571000,-0.299876,1.004644,1.065196,1.494616
7.820000,-0.000124,-0.004636,0.034804,-0.000000,-0.000981,1.570151,-0.300000,1.000000,1.100000,0.000000,0.000000,-1.571000,-0.299876,1.004636,1.065196,1.494611
7.830000,-0.000124,-0.004627,0.034804,-0.000000,-0.000981,1.570151,-0.300000,1.000000,1.100000,0.000000,0.000000,-1.571000,-0.299876,1.004627,1.065196,1.494605
7.840000,-0.000123,-0.004619,0.034804,-0.000000,-0.000981,1.570151,-0.300000,1.000000,1.100000,0.000000,0.000000,-1.571000,-0.299877,1.004619,1.065196,1.494599
7.850000,-0.000123,-0.004610,0.034804,-0.000000,-0.000981,1.570151,-0.300000,1.000000,1.100000,0.000000,0.000000,-1.571000,-0.299877,1.004610,1.065196,1.494594
7.860000,-0.000123,-0.004602,0.034804,-0.000000,-0.000981,1.570151,-0.300000,1.000000,1.100000,0.000000,0.000000,-1.571000,-0.299877,1.004602,1.065196,1.494588
7.870000,-0.000123,-0.004593,0.034804,-0.000000,-0.000981,1.570152,-0.300000,1.000000,1.100000,0.000000,0.000000,-1.571000,-0.299877,1.004593,1.065196,1.494582
7.880000,-0.000123,-0.004585,0.034804,-0.000000,-0.000981,1.570152,-0.300000,1.000000,1.100000,0.000000,0.000000,-1.571000,-0.299877,1.004585,1.065196,1.494577
7.890000,-0.000122,-0.004576,0.034804,-0.000000,-0.000981,1.570152,-0.300000,1.000000,1.100000,0.000000,0.000000,-1.571000,-0.299878,1.004576,1.065196,1.494571
7.900000,-0.000122,-0.004568,0.034804,-0.000000,-0.000981,1.570152,-0.300000,1.000000,1.100000,0.000000,0.000000,-1.571000,-0.299878,1.004568,1.065196,1.494566
7.910000,-0.000122,-0.004559,0.034804,-0.000000,-0.000981,1.570152,-0.300000,1.000000,1.100000,0.000000,0.000000,-1.571000,-0.299878,1.004559,1.065196,1.494560
7.920000,-0.000122,-0.004551,0.034804,-0.000000,-0.000981,1.570152,-0.300000,1.000000,1.100000,0.000000,0.000000,-1.571000,-0.299878,1.004551,1.065196,1.494554
7.930000,-0.000121,-0.004543,0.034804,-0.000000,-0.000981,1.570153,-0.300000,1.000000,1.100000,0.000000,0.000000,-1.571000,-0.299879,1.004543,1.065196,1.494549
7.940000,-0.000121,-0.004534,0.034804,-0.000000,-0.000981,1.570153,-0.300000,1.000000,1.100000,0.000000,0.000000,-1.571000,-0.299879,1.004534,1.065196,1.494543
7.950000,-0.000121,-0.004526,0.034804,-0.000000,-0.000981,1.570153,-0.300000,1.000000,1.100000,0.000000,0.000000,-1.571000,-0.299879,1.004526,1.065196,1.494537
7.960000,-0.000121,-0.004517,0.034804,-0.000000,-0.000981,1.570153,-0.300000,1.000000,1.100000,0.000000,0.000000,-1.571000,-0.299879,1.004517,1.065196,1.494532
7.970000,-0.000121,-0.004509,0.034804,-0.000000,-0.000981,1.570153,-0.300000,1.000000,1.100000,0.000000,0.000000,-1.571000,-0.299879,1.004509,1.065196,1.494526
7.980000,-0.000120,-0.004500,0.034804,-0.000000,-0.000981,1.570154,-0.300000,1.000000,1.100000,0.000000,0.000000,-1.571000,-0.299880,1.004500,1.065196,1.494520
7.990000,-0.000120,-0.004492,0.034804,-0.000000,-0.000981,1.570154,-0.300000,1.000000,1.100000,0.000000,0.000000,-1.571000,-0.299880,1.004492,1.065196,1.494515
8.000000,-0.000120,-0.004483,0.034804,-0.000000,-0.000981,1.570154,-0.300000,1.000000,1.100000,0.000000,0.000000,-1.571000,-0.299880,1.004483,1.065196,1.494509
8.010000,-0.000120,-0.004475,0.034804,-0.000000,-0.000981,1.570154,-0.300000,1.000000,1.100000,0.000000,0.000000,-1.571000,-0.299880,1.004475,1.065196,1.494503
8.020000,-0.000119,-0.004466,0.034804,-0.000000,-0.000981,1.570154,-0.300000,1.000000,1.100000,0.000000,0.000000,-1.571000,-0.299881,1.004466,1.065196,1.494498
8.030000,-0.000119,-0.004458,0.034804,-0.000000,-0.000981,1.570155,-0.300000,1.000000,1.100000,0.000000,0.000000,-1.571000,-0.299881,1.004458,1.065196,1.494492
8.040000,-0.000119,-0.004449,0.034804,-0.000000,-0.000981,1.570155,-0.300000,1.000000,1.100000,0.000000,0.000000,-1.571000,-0.299881,1.004449,1.065196,1.494487
8.050000,-0.000119,-0.004441,0.034804,-0.000000,-0.000981,1.570155,-0.300000,1.000000,1.100000,0.000000,0.000000,-1.571000,-0.299881,1.004441,1.065196,1.494481
8.060000,-0.000119,-0.004432,0.034804,-0.000000,-0.000981,1.570155,-0.300000,1.000000,1.100000,0.000000,0.000000,-1.571000,-0.299881,1.004432,1.065196,1.494475
8.070000,-0.000118,-0.004424,0.034804,-0.000000,-0.000981,1.570155,-0.300000,1.000000,1.100000,0.000000,0.000000,-1.571000,-0.299882,1.004424,1.065196,1.494470
8.080000,-0.000118,-0.004416,0.034804,-0.000000,-0.000981,1.570156,-0.300000,1.000000,1.100000,0.000000,0.000000,-1.571000,-0.299882,1.004416,1.065196,1.494464
8.090000,-0.000118,-0.004407,0.034804,-0.000000,-0.000981,1.570156,-0.300000,1.000000,1.100000,0.000000,0.000000,-1.571000,-0.299882,1.004407,1.065196,1.494458
8.100000,-0.000118,-0.004399,0.034804,-0.000000,-0.000981,1.570156,-0.300000,1.000000,1.100000,0.000000,0.000000,-1.571000,-0.299882,1.004399,1.065196,1.494453
8.110000,-0.000117,-0.004390,0.034804,-0.000000,-0.000981,1.570156,-0.300000,1.000000,1.100000,0.000000,0.000000,-1.571000,-0.299883,1.004390,1.065196,1.494447
8.120000,-0.000117,-0.004382,0.034804,-0.000000,-0.000981,1.570156,-0.300000,1.000000,1.100000,0.000000,0.000000,-1.571000,-0.299883,1.004382,1.065196,1.494441
8.130000,-0.000117,-0.004373,0.034804,-0.000000,-0.000981,1.570157,-0.300000,1.000000,1.100000,0.000000,0.000000,-1.571000,-0.299883,1.004373,1.065196,1.494436
8.140000,-0.000117,-0.004365,0.034804,-0.000000,-0.000981,1.570157,-0.300000,1.000000,1.100000,0.000000,0.000000,-1.571000,-0.299883,1.004365,1.065196,1.494430
8.150000,-0.000117,-0.004356,0.034804,-0.000000,-0.000981,1.570157,-0.300000,1.000000,1.100000,0.000000,0.000000,-1.571000,-0.299883,1.004356,1.065196,1.494424
8.160000,-0.000116,-0.004348,0.034804,-0.000000,-0.000981,1.570157,-0.300000,1.000000,1.100000,0.000000,0.000000,-1.571000,-0.299884,1.004348,1.065196,1.494419
8.170000,-0.000116,-0.004339,0.034804,-0.000000,-0.000981,1.570157,-0.300000,1.000000,1.100000,0.000000,0.000000,-1.571000,-0.299884,1.004339,1.065196,1.494413
8.180000,-0.000116,-0.004331,0.034804,-0.000000,-0.000981,1.570158,-0.300000,1.000000,1.100000,0.000000,0.000000,-1.571000,-0.299884,1.004331,1.065196,1.494407
8.190000,-0.000116,-0.004322,0.034804,-0.000000,-0.000981,1.570158,-0.300000,1.000000,1.100000,0.000000,0.000000,-1.571000,-0.299884,1.004322,1.065196,1.494402
8.200000,-0.000115,-0.004314,0.034804,-0.000000,-0.000981,1.570158,-0.300000,1.000000,1.100000,0.000000,0.000000,-1.571000,-0.299885,1.004314,1.065196,1.494396
8.210000,-0.000115,-0.004306,0.034804,-0.000000,-0.000981,1.570158,-0.300000,1.000000,1.100000,0.000000,0.000000,-1.571000,-0.299885,1.004306,1.065196,1.494391
8.220000,-0.000115,-0.004297,0.034804,-0.000000,-0.000981,1.570158,-0.300000,1.000000,1.100000,0.000000,0.000000,-1.571000,-0.299885,1.004297,1.065196,1.494385
8.230000,-0.000115,-0.004289,0.034804,-0.000000,-0.000981,1.570159,-0.300000,1.000000,1.100000,0.000000,0.000000,-1.571000,-0.299885,1.004289,1.065196,1.494379
8.240000,-0.000115,-0.004280,0.034804,-0.000000,-0.000981,1.570159,-0.300000,1.000000,1.100000,0.000000,0.000000,-1.571000,-0.299885,1.004280,1.065196,1.494374
8.250000,-0.000114,-0.004272,0.034804,-0.000000,-0.000981,1.570159,-0.300000,1.000000,1.100000,0.000000,0.000000,-1.571000,-0.299886,1.004272,1.065196,1.494368
8.260000,-0.000114,-0.004263,0.034804,-0.000000,-0.000981,1.570159,-0.300000,1.000000,1.100000,0.000000,0.000000,-1.571000,-0.299886,1.004263,1.065196,1.494362
8.270000,-0.000114,-0.004255,0.034804,-0.000000,-0.000981,1.570159,-0.300000,1.000000,1.100000,0.000000,0.000000,-1.571000,-0.299886,1.004255,1.065196,1.494357
8.280000,-0.000114,-0.004246,0.034804,-0.000000,-0.000981,1.570159,-0.300000,1.000000,1.100000,0.000000,0.000000,-1.571000,-0.299886,1.004246,1.065196,1.494351
8.290000,-0.000113,-0.004238,0.034804,-0.000000,-0.000981,1.570160,-0.300000,1.000000,1.100000,0.000000,0.000000,-1.571000,-0.299887,1.004238,1.065196,1.494345
8.300000,-0.000113,-0.004229,0.034804,-0.000000,-0.000981,1.570160,-0.300000,1.000000,1.100000,0.000000,0.000000,-1.571000,-0.299887,1.004229,1.065196,1.494340
8.310000,-0.000113,-0.004221,0.034804,-0.000000,-0.000981,1.570160,-0.300000,1.000000,1.100000,0.000000,0.000000,-1.571000,-0.299887,1.004221,1.065196,1.494334
8.320000,-0.000113,-0.004212,0.034804,-0.000000,-0.000981,1.570160,-0.300000,1.000000,1.100000,0.000000,0.000000,-1.571000,-0.299887,1.004212,1.065196,1.494328
8.330000,-0.000113,-0.004202,0.034819,-0.000000,-0.000905,1.570160,-0.300000,1.000000,1.100000,0.000000,0.000000,-1.571000,-0.299887,1.004202,1.065181,1.494311
8.340000,-0.000112,-0.004187,0.034899,-0.000000,-0.000503,1.570161,-0.300000,1.000000,1.100000,0.000000,0.000000,-1.571000,-0.299888,1.004187,1.065101,1.494244
8.350000,-0.000112,-0.004174,0.034980,-0.000000,-0.000098,1.570161,-0.300000,1.000000,1.100000,0.000000,0.000000,-1.571000,-0.299888,1.004174,1.065020,1.494177
8.360000,-0.000112,-0.004177,0.035057,0.000000,-0.000279,1.570161,-0.300000,1.000000,1.100000,0.000000,0.000000,-1.571000,-0.299888,1.004177,1.064943,1.494124
8.370000,-0.000112,-0.004184,0.035233,0.000001,-0.000994,1.570179,-0.300000,1.000000,1.100000,0.000000,0.000000,-1.571000,-0.299888,1.004184,1.064767,1.494003
8.380000,-0.000112,-0.004192,0.035601,0.000001,-0.002013,1.570263,-0.300000,1.000000,1.100000,0.000000,0.000000,-1.571000,-0.299888,1.004192,1.064399,1.493747
8.390000,-0.000112,-0.004203,0.036213,-0.000000,-0.003137,1.570389,-0.300000,1.000000,1.100000,0.000000,0.000000,-1.571000,-0.299888,1.004203,1.063787,1.493318
8.400000,-0.000112,-0.004218,0.037099,-0.000003,-0.004198,1.570529,-0.300000,1.000000,1.100000,0.000000,0.000000,-1.571000,-0.299888,1.004218,1.062901,1.492697
8.410000,-0.000112,-0.004238,0.038277,-0.000011,-0.005071,1.570657,-0.300000,1.000000,1.100000,0.000000,0.000000,-1.571000,-0.299888,1.004238,1.061723,1.491872
8.420000,-0.000112,-0.004264,0.039751,-0.000023,-0.005674,1.570758,-0.300000,1.000000,1.100000,0.000000,0.000000,-1.571000,-0.299888,1.004264,1.060249,1.490841
8.430000,-0.000112,-0.004297,0.041520,-0.000039,-0.005972,1.570821,-0.300000,1.000000,1.100000,0.000000,0.000000,-1.571000,-0.299888,1.004297,1.058480,1.489605
8.440000,-0.000112,-0.004338,0.043578,-0.000056,-0.005962,1.570845,-0.300000,1.000000,1.100000,0.000000,0.000000,-1.571000,-0.299888,1.004338,1.056422,1.488172
8.450000,-0.000113,-0.004385,0.045913,-0.000074,-0.005675,1.570832,-0.300000,1.000000,1.100000,0.000000,0.000000,-1.571000,-0.299887,1.004385,1.054087,1.486547
8.460000,-0.000113,-0.004440,0.048517,-0.000094,-0.005157,1.570792,-0.300000,1.000000,1.100000,0.000000,0.000000,-1.571000,-0.299887,1.004440,1.051483,1.484738
8.470000,-0.000113,-0.004500,0.051377,-0.000114,-0.004470,1.570733,-0.300000,1.000000,1.100000,0.000000,0.000000,-1.571000,-0.299887,1.004500,1.048623,1.482755
8.480000,-0.000114,-0.004565,0.054482,-0.000134,-0.003677,1.570666,-0.300000,1.000000,1.100000,0.000000,0.000000,-1.571000,-0.299886,1.004565,1.045518,1.480605
8.490000,-0.000115,-0.004635,0.057821,-0.000155,-0.002836,1.570599,-0.300000,1.000000,1.100000,0.000000,0.000000,-1.571000,-0.299885,1.004635,1.042179,1.478296
8.500000,-0.000115,-0.004707,0.061382,-0.000176,-0.002002,1.570537,-0.300000,1.000000,1.100000,0.000000,0.000000,-1.571000,-0.299885,1.004707,1.038618,1.475837
8.510000,-0.000117,-0.004781,0.065154,-0.000197,-0.001218,1.570483,-0.300000,1.000000,1.100000,0.000000,0.000000,-1.571000,-0.299883,1.004781,1.034846,1.473235
8.520000,-0.000118,-0.004856,0.069127,-0.000218,-0.000521,1.570440,-0.300000,1.000000,1.100000,0.000000,0.000000,-1.571000,-0.299882,1.004856,1.030873,1.470497
8.530000,-0.000119,-0.004930,0.073291,-0.000237,0.000070,1.570406,-0.300000,1.000000,1.100000,0.000000,0.000000,-1.571000,-0.299881,1.004930,1.026709,1.467632
8.540000,-0.000121,-0.005004,0.077637,-0.000255,0.000542,1.570381,-0.300000,1.000000,1.100000,0.000000,0.000000,-1.571000,-0.299879,1.005004,1.022363,1.464646
8.550000,-0.000123,-0.005077,0.082154,-0.000270,0.000894,1.570362,-0.300000,1.000000,1.100000,0.000000,0.000000,-1.571000,-0.299877,1.005077,1.017846,1.461546
8.560000,-0.000126,-0.005148,0.086834,-0.000282,0.001132,1.570349,-0.300000,1.000000,1.100000,0.000000,0.000000,-1.571000,-0.299874,1.005148,1.013166,1.458339
8.570000,-0.000129,-0.005217,0.091668,-0.000290,0.001265,1.570341,-0.300000,1.000000,1.100000,0.000000,0.000000,-1.571000,-0.299871,1.005217,1.008332,1.455031
8.580000,-0.000132,-0.005283,0.096648,-0.000296,0.001311,1.570335,-0.300000,1.000000,1.100000,0.000000,0.000000,-1.571000,-0.299868,1.005283,1.003352,1.451630
8.590000,-0.000135,-0.005348,0.101767,-0.000298,0.001287,1.570332,-0.300000,1.000000,1.100000,0.000000,0.000000,-1.571000,-0.299865,1.005348,0.998233,1.448142
8.600000,-0.000139,-0.005411,0.107015,-0.000297,0.001214,1.570330,-0.300000,1.000000,1.100000,0.000000,0.000000,-1.571000,-0.299861,1.005411,0.992985,1.444571
8.610000,-0.000143,-0.005471,0.112388,-0.000294,0.001110,1.570330,-0.300000,1.000000,1.100000,0.000000,0.000000,-1.571000,-0.299857,1.005471,0.987612,1.440925
8.620000,-0.000147,-0.005530,0.117877,-0.000288,0.000992,1.570331,-0.300000,1.000000,1.100000,0.000000,0.000000,-1.571000,-0.299853,1.005530,0.982123,1.437209
8.630000,-0.000151,-0.005587,0.123476,-0.000282,0.000875,1.570332,-0.300000,1.000000,1.100000,0.000000,0.000000,-1.571000,-0.299849,1.005587,0.976524,1.433428
8.640000,-0.000156,-0.005643,0.129179,-0.000275,0.000772,1.570334,-0.300000,1.000000,1.100000,0.000000,0.000000,-1.571000,-0.299844,1.005643,0.970821,1.429586
8.650000,-0.000161,-0.005697,0.134980,-0.000268,0.000692,1.570337,-0.300000,1.000000,1.100000,0.000000,0.000000,-1.571000,-0.299839,1.005697,0.965020,1.425690
8.660000,-0.000167,-0.005750,0.140874,-0.000260,0.000638,1.570340,-0.300000,1.000000,1.100000,0.000000,0.000000,-1.571000,-0.299833,1.005750,0.959126,1.421744
8.670000,-0.000172,-0.005802,0.146854,-0.000253,0.000614,1.570344,-0.300000,1.000000,1.100000,0.000000,0.000000,-1.571000,-0.299828,1.005802,0.953146,1.417752
8.680000,-0.000178,-0.005852,0.152916,-0.000245,0.000616,1.570348,-0.300000,1.000000,1.100000,0.000000,0.000000,-1.571000,-0.299822,1.005852,0.947084,1.413719
8.690000,-0.000184,-0.005902,0.159054,-0.000237,0.000641,1.570351,-0.300000,1.000000,1.100000,0.000000,0.000000,-1.571000,-0.299816,1.005902,0.940946,1.409648
8.700000,-0.000190,-0.005950,0.165265,-0.000229,0.000685,1.570354,-0.300000,1.000000,1.100000,0.000000,0.000000,-1.571000,-0.299810,1.005950,0.934735,1.405543
8.710000,-0.000197,-0.005997,0.171543,-0.000222,0.000740,1.570357,-0.300000,1.000000,1.100000,0.000000,0.000000,-1.571000,-0.299803,1.005997,0.928457,1.401408
8.720000,-0.000203,-0.006043,0.177885,-0.000214,0.000798,1.570360,-0.300000,1.000000,1.100000,0.000000,0.000000,-1.571000,-0.299797,1.006043,0.922115,1.397246
8.730000,-0.000210,-0.006088,0.184285,-0.000207,0.000855,1.570363,-0.300000,1.000000,1.100000,0.000000,0.000000,-1.571000,-0.299790,1.006088,0.915715,1.393061
8.740000,-0.000217,-0.006131,0.190741,-0.000202,0.000905,1.570365,-0.300000,1.000000,1.100000,0.000000,0.000000,-1.571000,-0.299783,1.006131,0.909259,1.388856
8.750000,-0.000224,-0.006173,0.197249,-0.000199,0.000945,1.570366,-0.300000,1.000000,1.100000,0.000000,0.000000,-1.571000,-0.299776,1.006173,0.902751,1.384633
8.760000,-0.000231,-0.006213,0.203805,-0.000199,0.000975,1.570368,-0.300000,1.000000,1.100000,0.000000,0.000000,-1.571000,-0.299769,1.006213,0.896195,1.380395
8.770000,-0.000239,-0.006252,0.210406,-0.000200,0.000994,1.570369,-0.300000,1.000000,1.100000,0.000000,0.000000,-1.571000,-0.299761,1.006252,0.889594,1.376146
8.780000,-0.000246,-0.006289,0.217048,-0.000203,0.001000,1.570370,-0.300000,1.000000,1.100000,0.000000,0.000000,-1.571000,-0.299754,1.006289,0.882952,1.371887
8.790000,-0.000254,-0.006326,0.223729,-0.000207,0.000994,1.570371,-0.300000,1.000000,1.100000,0.000000,0.000000,-1.571000,-0.299746,1.006326,0.876271,1.367622
8.800000,-0.000262,-0.006360,0.230446,-0.000211,0.000977,1.570371,-0.300000,1.000000,1.100000,0.000000,0.000000,-1.571000,-0.299738,1.006360,0.869554,1.363352
8.810000,-0.000270,-0.006394,0.237195,-0.000216,0.000950,1.570372,-0.300000,1.000000,1.100000,0.000000,0.000000,-1.571000,-0.299730,1.006394,0.862805,1.359080
8.820000,-0.000278,-0.006426,0.243976,-0.000220,0.000915,1.570372,-0.300000,1.000000,1.100000,0.000000,0.000000,-1.571000,-0.299722,1.006426,0.856024,1.354807
8.830000,-0.000286,-0.006456,0.250784,-0.000225,0.000875,1.570373,-0.300000,1.000000,1.100000,0.000000,0.000000,-1.571000,-0.299714,1.006456,0.849216,1.350537
8.840000,-0.000295,-0.006486,0.257618,-0.000230,0.000834,1.570373,-0.300000,1.000000,1.100000,0.000000,0.000000,-1.571000,-0.299705,1.006486,0.842382,1.346270
8.850000,-0.000304,-0.006514,0.264476,-0.000235,0.000793,1.570374,-0.300000,1.000000,1.100000,0.000000,0.000000,-1.571000,-0.299696,1.006514,0.835524,1.342010
8.860000,-0.000312,-0.006542,0.271355,-0.000239,0.000754,1.570374,-0.300000,1.000000,1.100000,0.000000,0.000000,-1.571000,-0.299688,1.006542,0.828645,1.337756
8.870000,-0.000321,-0.006568,0.278253,-0.000244,0.000715,1.570375,-0.300000,1.000000,1.100000,0.000000,0.000000,-1.571000,-0.299679,1.006568,0.821747,1.333512
8.880000,-0.000331,-0.006593,0.285169,-0.000249,0.000679,1.570375,-0.300000,1.000000,1.100000,0.000000,0.000000,-1.571000,-0.299669,1.006593,0.814831,1.329278
8.890000,-0.000340,-0.006617,0.292101,-0.000254,0.000644,1.570375,-0.300000,1.000000,1.100000,0.000000,0.000000,-1.571000,-0.299660,1.006617,0.807899,1.325057
8.900000,-0.000349,-0.006641,0.299047,-0.000259,0.000611,1.570374,-0.300000,1.000000,1.100000,0.000000,0.000000,-1.571000,-0.299651,1.006641,0.800953,1.320849
8.910000,-0.000359,-0.006663,0.306006,-0.000264,0.000580,1.570374,-0.300000,1.000000,1.100000,0.000000,0.000000,-1.571000,-0.299641,1.006663,0.793994,1.316656
8.920000,-0.000369,-0.006685,0.312975,-0.000269,0.000553,1.570373,-0.300000,1.000000,1.100000,0.000000,0.000000,-1.571000,-0.299631,1.006685,0.787025,1.312479
8.930000,-0.000379,-0.006706,0.319955,-0.000274,0.000528,1.570372,-0.300000,1.000000,1.100000,0.000000,0.000000,-1.571000,-0.299621,1.006706,0.780045,1.308319
8.940000,-0.000389,-0.006726,0.326942,-0.000279,0.000505,1.570372,-0.300000,1.000000,1.100000,0.000000,0.000000,-1.571000,-0.299611,1.006726,0.773058,1.304179
8.950000,-0.000400,-0.006745,0.333937,-0.000283,0.000485,1.570372,-0.300000,1.000000,1.100000,0.000000,0.000000,-1.571000,-0.299600,1.006745,0.766063,1.300057
8.960000,-0.000411,-0.006764,0.340937,-0.000286,0.000468,1.570371,-0.300000,1.000000,1.100000,0.000000,0.000000,-1.571000,-0.299589,1.006764,0.759063,1.295957
8.970000,-0.000421,-0.006782,0.347943,-0.000287,0.000452,1.570371,-0.300000,1.000000,1.100000,0.000000,0.000000,-1.571000,-0.299579,1.006782,0.752057,1.291878
8.980000,-0.000433,-0.006800,0.354952,-0.000285,0.000437,1.570371,-0.300000,1.000000,1.100000,0.000000,0.000000,-1.571000,-0.299567,1.006800,0.745048,1.287821
8.990000,-0.000444,-0.006817,0.361964,-0.000279,0.000421,1.570371,-0.300000,1.000000,1.100000,0.000000,0.000000,-1.571000,-0.299556,1.006817,0.738036,1.283788
9.000000,-0.000455,-0.006833,0.368977,-0.000266,0.000404,1.570370,-0.300000,1.000000,1.100000,0.000000,0.000000,-1.571000,-0.299545,1.006833,0.731023,1.279779
9.010000,-0.000467,-0.006848,0.375992,-0.000246,0.000385,1.570368,-0.300000,1.000000,1.100000,0.000000,0.000000,-1.571000,-0.299533,1.006848,0.724008,1.275794
9.020000,-0.000479,-0.006864,0.383008,-0.000218,0.000365,1.570365,-0.300000,1.000000,1.100000,0.000000,0.000000,-1.571000,-0.299521,1.006864,0.716992,1.271836
9.030000,-0.000491,-0.006878,0.390022,-0.000183,0.000345,1.570361,-0.300000,1.000000,1.100000,0.000000,0.000000,-1.571000,-0.299509,1.006878,0.709978,1.267903
9.040000,-0.000503,-0.006892,0.397036,-0.000145,0.000326,1.570356,-0.300000,1.000000,1.100000,0.000000,0.000000,-1.571000,-0.299497,1.006892,0.702964,1.263997
9.050000,-0.000515,-0.006906,0.404048,-0.000103,0.000307,1.570350,-0.300000,1.000000,1.100000,0.000000,0.000000,-1.571000,-0.299485,1.006906,0.695952,1.260119
9.060000,-0.000527,-0.006919,0.411057,-0.000059,0.000290,1.570345,-0.300000,1.000000,1.100000,0.000000,0.000000,-1.571000,-0.299473,1.006919,0.688943,1.256269
9.070000,-0.000539,-0.006932,0.418064,-0.000014,0.000275,1.570340,-0.300000,1.000000,1.100000,0.000000,0.000000,-1.571000,-0.299461,1.006932,0.681936,1.252448
9.080000,-0.000550,-0.006944,0.425068,0.000030,0.000263,1.570335,-0.300000,1.000000,1.100000,0.000000,0.000000,-1.571000,-0.299450,1.006944,0.674932,1.248656
9.090000,-0.000562,-0.006956,0.432067,0.000073,0.000253,1.570330,-0.300000,1.000000,1.100000,0.000000,0.000000,-1.571000,-0.299438,1.006956,0.667933,1.244893
9.100000,-0.000574,-0.006968,0.439063,0.000112,0.000247,1.570326,-0.300000,1.000000,1.100000,0.000000,0.000000,-1.571000,-0.299426,1.006968,0.660937,1.241160
9.110000,-0.000585,-0.006979,0.446054,0.000147,0.000243,1.570323,-0.300000,1.000000,1.100000,0.000000,0.000000,-1.571000,-0.299415,1.006979,0.653946,1.237458
9.120000,-0.000596,-0.006990,0.453040,0.000176,0.000242,1.570319,-0.300000,1.000000,1.100000,0.000000,0.000000,-1.571000,-0.299404,1.006990,0.646960,1.233787
9.130000,-0.000607,-0.007001,0.460020,0.000199,0.000243,1.570316,-0.300000,1.000000,1.100000,0.000000,0.000000,-1.571000,-0.299393,1.007001,0.639980,1.230147
9.140000,-0.000617,-0.007011,0.466995,0.000214,0.000244,1.570314,-0.300000,1.000000,1.100000,0.000000,0.000000,-1.571000,-0.299383,1.007011,0.633005,1.226538
9.150000,-0.000627,-0.007021,0.473964,0.000220,0.000246,1.570313,-0.300000,1.000000,1.100000,0.000000,0.000000,-1.571000,-0.299373,1.007021,0.626036,1.222962
9.160000,-0.000637,-0.007030,0.480927,0.000217,0.000247,1.570315,-0.300000,1.000000,1.100000,0.000000,0.000000,-1.571000,-0.299363,1.007030,0.619073,1.219418
9.170000,-0.000647,-0.007039,0.487883,0.000205,0.000248,1.570317,-0.300000,1.000000,1.100000,0.000000,0.000000,-1.571000,-0.299353,1.007039,0.612117,1.215906
9.180000,-0.000656,-0.007048,0.494834,0.000187,0.000249,1.570321,-0.300000,1.000000,1.100000,0.000000,0.000000,-1.571000,-0.299344,1.007048,0.605166,1.212427
9.190000,-0.000665,-0.007057,0.501777,0.000164,0.000248,1.570325,-0.300000,1.000000,1.100000,0.000000,0.000000,-1.571000,-0.299335,1.007057,0.598223,1.208981
9.200000,-0.000674,-0.007065,0.508714,0.000138,0.000243,1.570328,-0.300000,1.000000,1.100000,0.000000,0.000000,-1.571000,-0.299326,1.007065,0.591286,1.205568
9.210000,-0.000682,-0.007073,0.515644,0.000111,0.000234,1.570331,-0.300000,1.000000,1.100000,0.000000,0.000000,-1.571000,-0.299318,1.007073,0.584356,1.202189
9.220000,-0.000690,-0.007080,0.522567,0.000082,0.000220,1.570333,-0.300000,1.000000,1.100000,0.000000,0.000000,-1.571000,-0.299310,1.007080,0.577433,1.198844
9.230000,-0.000698,-0.007087,0.529483,0.000055,0.000202,1.570334,-0.300000,1.000000,1.100000,0.000000,0.000000,-1.571000,-0.299302,1.007087,0.570517,1.195532
9.240000,-0.000706,-0.007094,0.536391,0.000028,0.000181,1.570334,-0.300000,1.000000,1.100000,0.000000,0.000000,-1.571000,-0.299294,1.007094,0.563609,1.192254
9.250000,-0.000714,-0.007101,0.543293,0.000005,0.000158,1.570334,-0.300000,1.000000,1.100000,0.000000,0.000000,-1.571000,-0.299286,1.007101,0.556707,1.189011
9.260000,-0.000722,-0.007107,0.550188,-0.000015,0.000134,1.570332,-0.300000,1.000000,1.100000,0.000000,0.000000,-1.571000,-0.299278,1.007107,0.549812,1.185802
9.270000,-0.000730,-0.007114,0.557076,-0.000030,0.000111,1.570330,-0.300000,1.000000,1.100000,0.000000,0.000000,-1.571000,-0.299270,1.007114,0.542924,1.182627
9.280000,-0.000737,-0.007120,0.563957,-0.000040,0.000089,1.570327,-0.300000,1.000000,1.100000,0.000000,0.000000,-1.571000,-0.299263,1.007120,0.536043,1.179487
9.290000,-0.000745,-0.007126,0.570831,-0.000047,0.000068,1.570325,-0.300000,1.000000,1.100000,0.000000,0.000000,-1.571000,-0.299255,1.007126,0.529169,1.176382
9.300000,-0.000753,-0.007132,0.577698,-0.000051,0.000050,1.570323,-0.300000,1.000000,1.100000,0.000000,0.000000,-1.571000,-0.299247,1.007132,0.522302,1.173312
9.310000,-0.000760,-0.007137,0.584559,-0.000052,0.000036,1.570321,-0.300000,1.000000,1.100000,0.000000,0.000000,-1.571000,-0.299240,1.007137,0.515441,1.170277
9.320000,-0.000768,-0.007143,0.591413,-0.000050,0.000024,1.570319,-0.300000,1.000000,1.100000,0.000000,0.000000,-1.571000,-0.299232,1.007143,0.508587,1.167278
9.330000,-0.000776,-0.007148,0.598261,-0.000046,0.000015,1.570317,-0.300000,1.000000,1.100000,0.000000,0.000000,-1.571000,-0.299224,1.007148,0.501739,1.164313
9.340000,-0.000783,-0.007154,0.605101,-0.000040,0.000008,1.570316,-0.300000,1.000000,1.100000,0.000000,0.000000,-1.571000,-0.299217,1.007154,0.494899,1.161385
9.350000,-0.000791,-0.007159,0.611936,-0.000034,0.000003,1.570314,-0.300000,1.000000,1.100000,0.000000,0.000000,-1.571000,-0.299209,1.007159,0.488064,1.158492
9.360000,-0.000798,-0.007165,0.618764,-0.000027,-0.000001,1.570313,-0.300000,1.000000,1.100000,0.000000,0.000000,-1.571000,-0.299202,1.007165,0.481236,1.155634
9.370000,-0.000806,-0.007170,0.625586,-0.000020,-0.000004,1.570312,-0.300000,1.000000,1.100000,0.000000,0.000000,-1.571000,-0.299194,1.007170,0.474414,1.152813
9.380000,-0.000813,-0.007175,0.632402,-0.000013,-0.000006,1.570311,-0.300000,1.000000,1.100000,0.000000,0.000000,-1.571000,-0.299187,1.007175,0.467598,1.150027
9.390000,-0.000820,-0.007181,0.639212,-0.000006,-0.000007,1.570309,-0.300000,1.000000,1.100000,0.000000,0.000000,-1.571000,-0.299180,1.007181,0.460788,1.147278
9.400000,-0.000828,-0.007186,0.646016,0.000002,-0.000007,1.570308,-0.300000,1.000000,1.100000,0.000000,0.000000,-1.571000,-0.299172,1.007186,0.453984,1.144565
9.410000,-0.000835,-0.007191,0.652814,0.000009,-0.000005,1.570307,-0.300000,1.000000,1.100000,0.000000,0.000000,-1.571000,-0.299165,1.007191,0.447186,1.141888
9.420000,-0.000842,-0.007196,0.659607,0.000016,-0.000003,1.570306,-0.300000,1.000000,1.100000,0.000000,0.000000,-1.571000,-0.299158,1.007196,0.440393,1.139248
9.430000,-0.000849,-0.007201,0.666394,0.000024,-0.000000,1.570305,-0.300000,1.000000,1.100000,0.000000,0.000000,-1.571000,-0.299151,1.007201,0.433606,1.136644
9.440000,-0.000856,-0.007206,0.673177,0.000031,0.000004,1.570304,-0.300000,1.000000,1.100000,0.000000,0.000000,-1.571000,-0.299144,1.007206,0.426823,1.134076
9.450000,-0.000863,-0.007211,0.679955,0.000038,0.000008,1.570304,-0.300000,1.000000,1.100000,0.000000,0.000000,-1.571000,-0.299137,1.007211,0.420045,1.131545
9.460000,-0.000870,-0.007216,0.686728,0.000043,0.000012,1.570304,-0.300000,1.000000,1.100000,0.000000,0.000000,-1.571000,-0.299130,1.007216,0.413272,1.129051
9.470000,-0.000877,-0.007221,0.693497,0.000046,0.000015,1.570304,-0.300000,1.000000,1.100000,0.000000,0.000000,-1.571000,-0.299123,1.007221,0.406503,1.126594
9.480000,-0.000883,-0.007226,0.700260,0.000046,0.000017,1.570305,-0.300000,1.000000,1.100000,0.000000,0.000000,-1.571000,-0.299117,1.007226,0.399740,1.124173
9.490000,-0.000890,-0.007230,0.707020,0.000046,0.000017,1.570305,-0.300000,1.000000,1.100000,0.000000,0.000000,-1.571000,-0.299110,1.007230,0.392980,1.121790
9.500000,-0.000896,-0.007235,0.713776,0.000044,0.000017,1.570306,-0.300000,1.000000,1.100000,0.000000,0.000000,-1.571000,-0.299104,1.007235,0.386224,1.119444
9.510000,-0.000902,-0.007240,0.720528,0.000041,0.000016,1.570306,-0.300000,1.000000,1.100000,0.000000,0.000000,-1.571000,-0.299098,1.007240,0.379472,1.117135
9.520000,-0.000908,-0.007244,0.727277,0.000038,0.000016,1.570306,-0.300000,1.000000,1.100000,0.000000,0.000000,-1.571000,-0.299092,1.007244,0.372723,1.114863
9.530000,-0.000914,-0.007249,0.734022,0.000035,0.000016,1.570306,-0.300000,1.000000,1.100000,0.000000,0.000000,-1.571000,-0.299086,1.007249,0.365978,1.112628
9.540000,-0.000920,-0.007253,0.740764,0.000032,0.000018,1.570306,-0.300000,1.000000,1.100000,0.000000,0.000000,-1.571000,-0.299080,1.007253,0.359236,1.110431
9.550000,-0.000926,-0.007257,0.747503,0.000028,0.000018,1.570306,-0.300000,1.000000,1.100000,0.000000,0.000000,-1.571000,-0.299074,1.007257,0.352497,1.108272
9.560000,-0.000932,-0.007262,0.754238,0.000025,0.000017,1.570307,-0.300000,1.000000,1.100000,0.000000,0.000000,-1.571000,-0.299068,1.007262,0.345762,1.106151
9.570000,-0.000938,-0.007266,0.760971,0.000021,0.000015,1.570307,-0.300000,1.000000,1.100000,0.000000,0.000000,-1.571000,-0.299062,1.007266,0.339029,1.104067
9.580000,-0.000943,-0.007270,0.767702,0.000017,0.000012,1.570307,-0.300000,1.000000,1.100000,0.000000,0.000000,-1.571000,-0.299057,1.007270,0.332298,1.102021
9.590000,-0.000949,-0.007274,0.774430,0.000014,0.000009,1.570308,-0.300000,1.000000,1.100000,0.000000,0.000000,-1.571000,-0.299051,1.007274,0.325570,1.100013
9.600000,-0.000954,-0.007278,0.781157,0.000010,0.000006,1.570308,-0.300000,1.000000,1.100000,0.000000,0.000000,-1.571000,-0.299046,1.007278,0.318843,1.098043
9.610000,-0.000960,-0.007283,0.787882,0.000007,0.000005,1.570308,-0.300000,1.000000,1.100000,0.000000,0.000000,-1.571000,-0.299040,1.007283,0.312118,1.096112
9.620000,-0.000965,-0.007287,0.794606,0.000003,0.000004,1.570308,-0.300000,1.000000,1.100000,0.000000,0.000000,-1.571000,-0.299035,1.007287,0.305394,1.094218
9.630000,-0.000971,-0.007291,0.801329,-0.000000,0.000005,1.570308,-0.300000,1.000000,1.100000,0.000000,0.000000,-1.571000,-0.299029,1.007291,0.298671,1.092363
9.640000,-0.000976,-0.007294,0.808051,-0.000004,0.000006,1.570308,-0.300000,1.000000,1.100000,0.000000,0.000000,-1.571000,-0.299024,1.007294,0.291949,1.090547
9.650000,-0.000981,-0.007298,0.814773,-0.000008,0.000008,1.570308,-0.300000,1.000000,1.100000,0.000000,0.000000,-1.571000,-0.299019,1.007298,0.285227,1.088768
9.660000,-0.000986,-0.007302,0.821495,-0.000011,0.000008,1.570308,-0.300000,1.000000,1.100000,0.000000,0.000000,-1.571000,-0.299014,1.007302,0.278505,1.087029
9.670000,-0.000991,-0.007306,0.828216,-0.000015,0.000008,1.570308,-0.300000,1.000000,1.100000,0.000000,0.000000,-1.571000,-0.299009,1.007306,0.271784,1.085329
9.680000,-0.000997,-0.007310,0.834937,-0.000018,0.000006,1.570309,-0.300000,1.000000,1.100000,0.000000,0.000000,-1.571000,-0.299003,1.007310,0.265063,1.083667
9.690000,-0.001002,-0.007313,0.841657,-0.000022,0.000005,1.570309,-0.300000,1.000000,1.100000,0.000000,0.000000,-1.571000,-0.298998,1.007313,0.258343,1.082045
9.700000,-0.001007,-0.007317,0.848377,-0.000026,0.000004,1.570309,-0.300000,1.000000,1.100000,0.000000,0.000000,-1.571000,-0.298993,1.007317,0.251623,1.080462
9.710000,-0.001012,-0.007321,0.855098,-0.000029,0.000003,1.570309,-0.300000,1.000000,1.100000,0.000000,0.000000,-1.571000,-0.298988,1.007321,0.244902,1.078919
9.720000,-0.001017,-0.007324,0.861818,-0.000033,0.000004,1.570309,-0.300000,1.000000,1.100000,0.000000,0.000000,-1.571000,-0.298983,1.007324,0.238182,1.077415
9.730000,-0.001022,-0.007328,0.868539,-0.000037,0.000005,1.570309,-0.300000,1.000000,1.100000,0.000000,0.000000,-1.571000,-0.298978,1.007328,0.231461,1.075952
9.740000,-0.001027,-0.007332,0.875242,-0.000040,0.000005,1.570309,-0.300000,1.000000,1.100000,0.000000,0.000000,-1.571000,-0.298973,1.007332,0.224758,1.074531
9.750000,-0.001032,-0.007335,0.881811,-0.000043,-0.000006,1.570309,-0.300000,1.000000,1.100000,0.000000,0.000000,-1.571000,-0.298968,1.007335,0.218189,1.073179
9.760000,-0.001037,-0.007338,0.888140,-0.000044,-0.000034,1.570309,-0.300000,1.000000,1.100000,0.000000,0.000000,-1.571000,-0.298963,1.007338,0.211860,1.071912
9.770000,-0.001042,-0.007342,0.894171,-0.000043,-0.000079,1.570309,-0.300000,1.000000,1.100000,0.000000,0.000000,-1.571000,-0.298958,1.007342,0.205829,1.070738
9.780000,-0.001047,-0.007345,0.899871,-0.000041,-0.000139,1.570309,-0.300000,1.000000,1.100000,0.000000,0.000000,-1.571000,-0.298953,1.007345,0.200129,1.069659
9.790000,-0.001052,-0.007349,0.905224,-0.000037,-0.000208,1.570309,-0.300000,1.000000,1.100000,0.000000,0.000000,-1.571000,-0.298948,1.007349,0.194776,1.068672
9.800000,-0.001057,-0.007353,0.910227,-0.000033,-0.000278,1.570310,-0.300000,1.000000,1.100000,0.000000,0.000000,-1.571000,-0.298943,1.007353,0.189773,1.067774
9.810000,-0.001062,-0.007356,0.914880,-0.000029,-0.000342,1.570310,-0.300000,1.000000,1.100000,0.000000,0.000000,-1.571000,-0.298938,1.007356,0.185120,1.066959
9.820000,-0.001066,-0.007360,0.919190,-0.000025,-0.000392,1.570310,-0.300000,1.000000,1.100000,0.000000,0.000000,-1.571000,-0.298934,1.007360,0.180810,1.066222
9.830000,-0.001071,-0.007365,0.923164,-0.000020,-0.000425,1.570310,-0.300000,1.000000,1.100000,0.000000,0.000000,-1.571000,-0.298929,1.007365,0.176836,1.065558
9.840000,-0.001076,-0.007369,0.926812,-0.000015,-0.000439,1.570310,-0.300000,1.000000,1.100000,0.000000,0.000000,-1.571000,-0.298924,1.007369,0.173188,1.064961
9.850000,-0.001081,-0.007374,0.930142,-0.000011,-0.000431,1.570310,-0.300000,1.000000,1.100000,0.000000,0.000000,-1.571000,-0.298919,1.007374,0.169858,1.064428
9.860000,-0.001086,-0.007379,0.933166,-0.000006,-0.000404,1.570310,-0.300000,1.000000,1.100000,0.000000,0.000000,-1.571000,-0.298914,1.007379,0.166834,1.063953
9.870000,-0.001090,-0.007384,0.935894,-0.000001,-0.000360,1.570310,-0.300000,1.000000,1.100000,0.000000,0.000000,-1.571000,-0.298910,1.007384,0.164106,1.063532
9.880000,-0.001095,-0.007390,0.938335,0.000004,-0.000303,1.570310,-0.300000,1.000000,1.100000,0.000000,0.000000,-1.571000,-0.298905,1.007390,0.161665,1.063162
9.890000,-0.001100,-0.007395,0.940499,0.000008,-0.000238,1.570310,-0.300000,1.000000,1.100000,0.000000,0.000000,-1.571000,-0.298900,1.007395,0.159501,1.062839
9.900000,-0.001104,-0.007401,0.942398,0.000013,-0.000168,1.570310,-0.300000,1.000000,1.100000,0.000000,0.000000,-1.571000,-0.298896,1.007401,0.157602,1.062560
9.910000,-0.001109,-0.007407,0.944039,0.000018,-0.000099,1.570310,-0.300000,1.000000,1.100000,0.000000,0.000000,-1.571000,-0.298891,1.007407,0.155961,1.062322
9.920000,-0.001113,-0.007413,0.945433,0.000023,-0.000033,1.570311,-0.300000,1.000000,1.100000,0.000000,0.000000,-1.571000,-0.298887,1.007413,0.154567,1.062123
9.930000,-0.001118,-0.007418,0.946590,0.000028,0.000025,1.570311,-0.300000,1.000000,1.100000,0.000000,0.000000,-1.571000,-0.298882,1.007418,0.153410,1.061959
9.940000,-0.001122,-0.007424,0.947517,0.000032,0.000074,1.570310,-0.300000,1.000000,1.100000,0.000000,0.000000,-1.571000,-0.298878,1.007424,0.152483,1.061830
9.950000,-0.001126,-0.007430,0.948225,0.000037,0.000113,1.570310,-0.300000,1.000000,1.100000,0.000000,0.000000,-1.571000,-0.298874,1.007430,0.151775,1.061733
9.960000,-0.001130,-0.007435,0.948721,0.000041,0.000141,1.570309,-0.300000,1.000000,1.100000,0.000000,0.000000,-1.571000,-0.298870,1.007435,0.151279,1.061666
9.970000,-0.001135,-0.007441,0.949014,0.000042,0.000158,1.570309,-0.300000,1.000000,1.100000,0.000000,0.000000,-1.571000,-0.298865,1.007441,0.150986,1.061628
9.980000,-0.001139,-0.007446,0.949113,0.000041,0.000167,1.570309,-0.300000,1.000000,1.100000,0.000000,0.000000,-1.571000,-0.298861,1.007446,0.150887,1.061618
9.990000,-0.001143,-0.007451,0.949025,0.000039,0.000169,1.570309,-0.300000,1.000000,1.100000,0.000000,0.000000,-1.571000,-0.298857,1.007451,0.150975,1.061634
10.000000,-0.001147,-0.007456,0.948758,0.000035,0.000164,1.570309,-0.300000,1.000000,1.100000,0.000000,0.000000,-1.571000,-0.298853,1.007456,0.151242,1.061675
10.010000,-0.001150,-0.007460,0.948320,0.000031,0.000155,1.570309,-0.300000,1.000000,1.100000,0.000000,0.000000,-1.571000,-0.298850,1.007460,0.151680,1.061741
10.020000,-0.001154,-0.007465,0.947718,0.000027,0.000142,1.570309,-0.300000,1.000000,1.100000,0.000000,0.000000,-1.571000,-0.298846,1.007465,0.152282,1.061830
10.030000,-0.001158,-0.007469,0.946960,0.000022,0.000128,1.570309,-0.300000,1.000000,1.100000,0.000000,0.000000,-1.571000,-0.298842,1.007469,0.153040,1.061942
10.040000,-0.001162,-0.007473,0.946052,0.000017,0.000114,1.570308,-0.300000,1.000000,1.100000,0.000000,0.000000,-1.571000,-0.298838,1.007473,0.153948,1.062076
10.050000,-0.001166,-0.007477,0.945002,0.000013,0.000102,1.570308,-0.300000,1.000000,1.100000,0.000000,0.000000,-1.571000,-0.298834,1.007477,0.154998,1.062232
10.060000,-0.001169,-0.007481,0.943815,0.000008,0.000092,1.570308,-0.300000,1.000000,1.100000,0.000000,0.000000,-1.571000,-0.298831,1.007481,0.156185,1.062409
10.070000,-0.001173,-0.007485,0.942498,0.000003,0.000084,1.570308,-0.300000,1.000000,1.100000,0.000000,0.000000,-1.571000,-0.298827,1.007485,0.157502,1.062606
10.080000,-0.001176,-0.007489,0.941058,-0.000002,0.000079,1.570308,-0.300000,1.000000,1.100000,0.000000,0.000000,-1.571000,-0.298824,1.007489,0.158942,1.062822
10.090000,-0.001180,-0.007492,0.939501,-0.000007,0.000074,1.570308,-0.300000,1.000000,1.100000,0.000000,0.000000,-1.571000,-0.298820,1.007492,0.160499,1.063059
10.100000,-0.001183,-0.007496,0.937832,-0.000012,0.000071,1.570308,-0.300000,1.000000,1.100000,0.000000,0.000000,-1.571000,-0.298817,1.007496,0.162168,1.063315
10.110000,-0.001187,-0.007499,0.936057,-0.000017,0.000069,1.570308,-0.300000,1.000000,1.100000,0.000000,0.000000,-1.571000,-0.298813,1.007499,0.163943,1.063589
10.120000,-0.001190,-0.007503,0.934182,-0.000022,0.000068,1.570308,-0.300000,1.000000,1.100000,0.000000,0.000000,-1.571000,-0.298810,1.007503,0.165818,1.063882
10.130000,-0.001194,-0.007506,0.932212,-0.000027,0.000069,1.570308,-0.300000,1.000000,1.100000,0.000000,0.000000,-1.571000,-0.298806,1.007506,0.167788,1.064193
10.140000,-0.001197,-0.007509,0.930152,-0.000032,0.000070,1.570308,-0.300000,1.000000,1.100000,0.000000,0.000000,-1.571000,-0.298803,1.007509,0.169848,1.064521
10.150000,-0.001201,-0.007512,0.928007,-0.000036,0.000073,1.570308,-0.300000,1.000000,1.100000,0.000000,0.000000,-1.571000,-0.298799,1.007512,0.171993,1.064868
10.160000,-0.001204,-0.007515,0.925784,-0.000039,0.000077,1.570308,-0.300000,1.000000,1.100000,0.000000,0.000000,-1.571000,-0.298796,1.007515,0.174216,1.065231
10.170000,-0.001208,-0.007518,0.923485,-0.000038,0.000081,1.570308,-0.300000,1.000000,1.100000,0.000000,0.000000,-1.571000,-0.298792,1.007518,0.176515,1.065611
10.180000,-0.001211,-0.007521,0.921117,-0.000037,0.000083,1.570308,-0.300000,1.000000,1.100000,0.000000,0.000000,-1.571000,-0.298789,1.007521,0.178883,1.066007
10.190000,-0.001214,-0.007523,0.918684,-0.000034,0.000084,1.570308,-0.300000,1.000000,1.100000,0.000000,0.000000,-1.571000,-0.298786,1.007523,0.181316,1.066420
10.200000,-0.001218,-0.007526,0.916190,-0.000030,0.000082,1.570308,-0.300000,1.000000,1.100000,0.000000,0.000000,-1.571000,-0.298782,1.007526,0.183810,1.066848
10.210000,-0.001221,-0.007529,0.913640,-0.000026,0.000079,1.570308,-0.300000,1.000000,1.100000,0.000000,0.000000,-1.571000,-0.298779,1.007529,0.186360,1.067292
10.220000,-0.001225,-0.007531,0.911037,-0.000021,0.000075,1.570308,-0.300000,1.000000,1.100000,0.000000,0.000000,-1.571000,-0.298775,1.007531,0.188963,1.067751
10.230000,-0.001228,-0.007533,0.908385,-0.000017,0.000070,1.570308,-0.300000,1.000000,1.100000,0.000000,0.000000,-1.571000,-0.298772,1.007533,0.191615,1.068225
10.240000,-0.001232,-0.007535,0.905689,-0.000012,0.000066,1.570308,-0.300000,1.000000,1.100000,0.000000,0.000000,-1.571000,-0.298768,1.007535,0.194311,1.068713
10.250000,-0.001235,-0.007538,0.902952,-0.000008,0.000063,1.570308,-0.300000,1.000000,1.100000,0.000000,0.000000,-1.571000,-0.298765,1.007538,0.197048,1.069215
10.260000,-0.001238,-0.007540,0.900178,-0.000003,0.000060,1.570308,-0.300000,1.000000,1.100000,0.000000,0.000000,-1.571000,-0.298762,1.007540,0.199822,1.069731
10.270000,-0.001242,-0.007542,0.897370,0.000002,0.000058,1.570308,-0.300000,1.000000,1.100000,0.000000,0.000000,-1.571000,-0.298758,1.007542,0.202630,1.070260
10.280000,-0.001245,-0.007544,0.894532,0.000007,0.000055,1.570308,-0.300000,1.000000,1.100000,0.000000,0.000000,-1.571000,-0.298755,1.007544,0.205468,1.070801
10.290000,-0.001248,-0.007545,0.891667,0.000011,0.000053,1.570308,-0.300000,1.000000,1.100000,0.000000,0.000000,-1.571000,-0.298752,1.007545,0.208333,1.071356
10.300000,-0.001251,-0.007547,0.888777,0.000016,0.000050,1.570307,-0.300000,1.000000,1.100000,0.000000,0.000000,-1.571000,-0.298749,1.007547,0.211223,1.071922
10.310000,-0.001255,-0.007549,0.885868,0.000021,0.000047,1.570307,-0.300000,1.000000,1.100000,0.000000,0.000000,-1.571000,-0.298745,1.007549,0.214132,1.072500
10.320000,-0.001258,-0.007550,0.882940,0.000026,0.000045,1.570307,-0.300000,1.000000,1.100000,0.000000,0.000000,-1.571000,-0.298742,1.007550,0.217060,1.073089
10.330000,-0.001261,-0.007552,0.879997,0.000030,0.000043,1.570307,-0.300000,1.000000,1.100000,0.000000,0.000000,-1.571000,-0.298739,1.007552,0.220003,1.073689
10.340000,-0.001264,-0.007554,0.877042,0.000035,0.000041,1.570307,-0.300000,1.000000,1.100000,0.000000,0.000000,-1.571000,-0.298736,1.007554,0.222958,1.074299
10.350000,-0.001267,-0.007555,0.874078,0.000039,0.000041,1.570307,-0.300000,1.000000,1.100000,0.000000,0.000000,-1.571000,-0.298733,1.007555,0.225922,1.074918
10.360000,-0.001270,-0.007557,0.871107,0.000041,0.000041,1.570307,-0.300000,1.000000,1.100000,0.000000,0.000000,-1.571000,-0.298730,1.007557,0.228893,1.075547
10.370000,-0.001272,-0.007558,0.868131,0.000042,0.000042,1.570307,-0.300000,1.000000,1.100000,0.000000,0.000000,-1.571000,-0.298728,1.007558,0.231869,1.076185
10.380000,-0.001275,-0.007559,0.865153,0.000040,0.000043,1.570307,-0.300000,1.000000,1.100000,0.000000,0.000000,-1.571000,-0.298725,1.007559,0.234847,1.076831
10.390000,-0.001278,-0.007561,0.862176,0.000038,0.000045,1.570307,-0.300000,1.000000,1.100000,0.000000,0.000000,-1.571000,-0.298722,1.007561,0.237824,1.077485
10.400000,-0.001281,-0.007562,0.859202,0.000035,0.000047,1.570307,-0.300000,1.000000,1.100000,0.000000,0.000000,-1.571000,-0.298719,1.007562,0.240798,1.078146
10.410000,-0.001283,-0.007563,0.856232,0.000032,0.000050,1.570307,-0.300000,1.000000,1.100000,0.000000,0.000000,-1.571000,-0.298717,1.007563,0.243768,1.078813
10.420000,-0.001286,-0.007564,0.853270,0.000028,0.000052,1.570307,-0.300000,1.000000,1.100000,0.000000,0.000000,-1.571000,-0.298714,1.007564,0.246730,1.079487
10.430000,-0.001288,-0.007565,0.850316,0.000024,0.000053,1.570307,-0.300000,1.000000,1.100000,0.000000,0.000000,-1.571000,-0.298712,1.007565,0.249684,1.080166
10.440000,-0.001291,-0.007566,0.847374,0.000020,0.000053,1.570307,-0.300000,1.000000,1.100000,0.000000,0.000000,-1.571000,-0.298709,1.007566,0.252626,1.080850
10.450000,-0.001293,-0.007567,0.844445,0.000016,0.000053,1.570307,-0.300000,1.000000,1.100000,0.000000,0.000000,-1.571000,-0.298707,1.007567,0.255555,1.081539
10.460000,-0.001295,-0.007568,0.841530,0.000012,0.000052,1.570307,-0.300000,1.000000,1.100000,0.000000,0.000000,-1.571000,-0.298705,1.007568,0.258470,1.082231
10.470000,-0.001298,-0.007569,0.838631,0.000008,0.000050,1.570307,-0.300000,1.000000,1.100000,0.000000,0.000000,-1.571000,-0.298702,1.007569,0.261369,1.082927
10.480000,-0.001300,-0.007569,0.835751,0.000004,0.000048,1.570307,-0.300000,1.000000,1.100000,0.000000,0.000000,-1.571000,-0.298700,1.007569,0.264249,1.083626
10.490000,-0.001302,-0.007570,0.832891,-0.000000,0.000046,1.570307,-0.300000,1.000000,1.100000,0.000000,0.000000,-1.571000,-0.298698,1.007570,0.267109,1.084327
10.500000,-0.001304,-0.007571,0.830051,-0.000004,0.000043,1.570307,-0.300000,1.000000,1.100000,0.000000,0.000000,-1.571000,-0.298696,1.007571,0.269949,1.085030
10.510000,-0.001307,-0.007571,0.827240,-0.000008,0.000040,1.570307,-0.300000,1.000000,1.100000,0.000000,0.000000,-1.571000,-0.298693,1.007571,0.272760,1.085733
10.520000,-0.001309,-0.007572,0.824481,-0.000012,0.000040,1.570307,-0.300000,1.000000,1.100000,0.000000,0.000000,-1.571000,-0.298691,1.007572,0.275519,1.086429
10.530000,-0.001311,-0.007572,0.821794,-0.000017,0.000042,1.570308,-0.300000,1.000000,1.100000,0.000000,0.000000,-1.571000,-0.298689,1.007572,0.278206,1.087114
10.540000,-0.001313,-0.007573,0.819187,-0.000021,0.000046,1.570308,-0.300000,1.000000,1.100000,0.000000,0.000000,-1.571000,-0.298687,1.007573,0.280813,1.087783
10.550000,-0.001315,-0.007573,0.816669,-0.000025,0.000052,1.570308,-0.300000,1.000000,1.100000,0.000000,0.000000,-1.571000,-0.298685,1.007573,0.283331,1.088436
10.560000,-0.001318,-0.007574,0.814241,-0.000029,0.000059,1.570308,-0.300000,1.000000,1.100000,0.000000,0.000000,-1.571000,-0.298682,1.007574,0.285759,1.089070
10.570000,-0.001320,-0.007574,0.811904,-0.000033,0.000065,1.570308,-0.300000,1.000000,1.100000,0.000000,0.000000,-1.571000,-0.298680,1.007574,0.288096,1.089685
10.580000,-0.001322,-0.007574,0.809660,-0.000037,0.000070,1.570308,-0.300000,1.000000,1.100000,0.000000,0.000000,-1.571000,-0.298678,1.007574,0.290340,1.090281
10.590000,-0.001324,-0.007574,0.807507,-0.000041,0.000074,1.570308,-0.300000,1.000000,1.100000,0.000000,0.000000,-1.571000,-0.298676,1.007574,0.292493,1.090855
10.600000,-0.001327,-0.007574,0.805445,-0.000044,0.000076,1.570308,-0.300000,1.000000,1.100000,0.000000,0.000000,-1.571000,-0.298673,1.007574,0.294555,1.091409
10.610000,-0.001329,-0.007574,0.803472,-0.000046,0.000075,1.570308,-0.300000,1.000000,1.100000,0.000000,0.000000,-1.571000,-0.298671,1.007574,0.296528,1.091943
10.620000,-0.001331,-0.007574,0.801587,-0.000046,0.000071,1.570308,-0.300000,1.000000,1.100000,0.000000,0.000000,-1.571000,-0.298669,1.007574,0.298413,1.092456
10.630000,-0.001334,-0.007574,0.799789,-0.000044,0.000064,1.570308,-0.300000,1.000000,1.100000,0.000000,0.000000,-1.571000,-0.298666,1.007574,0.300211,1.092947
10.640000,-0.001336,-0.007574,0.798075,-0.000042,0.000054,1.570308,-0.300000,1.000000,1.100000,0.000000,0.000000,-1.571000,-0.298664,1.007574,0.301925,1.093419
10.650000,-0.001338,-0.007574,0.796445,-0.000038,0.000043,1.570308,-0.300000,1.000000,1.100000,0.000000,0.000000,-1.571000,-0.298662,1.007574,0.303555,1.093869
10.660000,-0.001341,-0.007573,0.794896,-0.000035,0.000030,1.570308,-0.300000,1.000000,1.100000,0.000000,0.000000,-1.571000,-0.298659,1.007573,0.305104,1.094299
10.670000,-0.001343,-0.007573,0.793428,-0.000031,0.000017,1.570308,-0.300000,1.000000,1.100000,0.000000,0.000000,-1.571000,-0.298657,1.007573,0.306572,1.094708
10.680000,-0.001346,-0.007573,0.792038,-0.000027,0.000006,1.570308,-0.300000,1.000000,1.100000,0.000000,0.000000,-1.571000,-0.298654,1.007573,0.307962,1.095097
10.690000,-0.001348,-0.007572,0.790726,-0.000022,-0.000003,1.570308,-0.300000,1.000000,1.100000,0.000000,0.000000,-1.571000,-0.298652,1.007572,0.309274,1.095466
10.700000,-0.001351,-0.007572,0.789490,-0.000018,-0.000009,1.570308,-0.300000,1.000000,1.100000,0.000000,0.000000,-1.571000,-0.298649,1.007572,0.310510,1.095814
10.710000,-0.001353,-0.007571,0.788327,-0.000014,-0.000013,1.570308,-0.300000,1.000000,1.100000,0.000000,0.000000,-1.571000,-0.298647,1.007571,0.311673,1.096143
10.720000,-0.001355,-0.007571,0.787238,-0.000010,-0.000015,1.570308,-0.300000,1.000000,1.100000,0.000000,0.000000,-1.571000,-0.298645,1.007571,0.312762,1.096453
10.730000,-0.001358,-0.007571,0.786220,-0.000005,-0.000016,1.570308,-0.300000,1.000000,1.100000,0.000000,0.000000,-1.571000,-0.298642,1.007571,0.313780,1.096743
10.740000,-0.001360,-0.007571,0.785271,-0.000001,-0.000016,1.570308,-0.300000,1.000000,1.100000,0.000000,0.000000,-1.571000,-0.298640,1.007571,0.314729,1.097013
10.750000,-0.001363,-0.007570,0.784392,0.000003,-0.000017,1.570308,-0.300000,1.000000,1.100000,0.000000,0.000000,-1.571000,-0.298637,1.007570,0.315608,1.097265
10.760000,-0.001365,-0.007570,0.783579,0.000007,-0.000017,1.570308,-0.300000,1.000000,1.100000,0.000000,0.000000,-1.571000,-0.298635,1.007570,0.316421,1.097498
10.770000,-0.001367,-0.007570,0.782832,0.000012,-0.000017,1.570308,-0.300000,1.000000,1.100000,0.000000,0.000000,-1.571000,-0.298633,1.007570,0.317168,1.097713
10.780000,-0.001370,-0.007570,0.782150,0.000016,-0.000018,1.570308,-0.300000,1.000000,1.100000,0.000000,0.000000,-1.571000,-0.298630,1.007570,0.317850,1.097910
10.790000,-0.001372,-0.007569,0.781530,0.000020,-0.000017,1.570308,-0.300000,1.000000,1.100000,0.000000,0.000000,-1.571000,-0.298628,1.007569,0.318470,1.098088
10.800000,-0.001374,-0.007569,0.780973,0.000025,-0.000013,1.570310,-0.300000,1.000000,1.100000,0.000000,0.000000,-1.571000,-0.298626,1.007569,0.319027,1.098249
10.810000,-0.001376,-0.007569,0.780475,0.000029,-0.000005,1.570312,-0.300000,1.000000,1.100000,0.000000,0.000000,-1.571000,-0.298624,1.007569,0.319525,1.098393
10.820000,-0.001378,-0.007569,0.780037,0.000033,0.000008,1.570316,-0.300000,1.000000,1.100000,0.000000,0.000000,-1.571000,-0.298622,1.007569,0.319963,1.098520
10.830000,-0.001380,-0.007569,0.779658,0.000037,0.000026,1.570320,-0.300000,1.000000,1.100000,0.000000,0.000000,-1.571000,-0.298620,1.007569,0.320342,1.098630
10.840000,-0.001382,-0.007568,0.779335,0.000041,0.000047,1.570325,-0.300000,1.000000,1.100000,0.000000,0.000000,-1.571000,-0.298618,1.007568,0.320665,1.098723
10.850000,-0.001384,-0.007568,0.779068,0.000044,0.000071,1.570331,-0.300000,1.000000,1.100000,0.000000,0.000000,-1.571000,-0.298616,1.007568,0.320932,1.098800
10.860000,-0.001386,-0.007568,0.778856,0.000045,0.000096,1.570336,-0.300000,1.000000,1.100000,0.000000,0.000000,-1.571000,-0.298614,1.007568,0.321144,1.098862
10.870000,-0.001388,-0.007568,0.778697,0.000043,0.000121,1.570341,-0.300000,1.000000,1.100000,0.000000,0.000000,-1.571000,-0.298612,1.007568,0.321303,1.098907
10.880000,-0.001390,-0.007567,0.778591,0.000040,0.000145,1.570346,-0.300000,1.000000,1.100000,0.000000,0.000000,-1.571000,-0.298610,1.007567,0.321409,1.098937
10.890000,-0.001392,-0.007566,0.778535,0.000036,0.000167,1.570350,-0.300000,1.000000,1.100000,0.000000,0.000000,-1.571000,-0.298608,1.007566,0.321465,1.098952
10.900000,-0.001393,-0.007565,0.778529,0.000031,0.000185,1.570354,-0.300000,1.000000,1.100000,0.000000,0.000000,-1.571000,-0.298607,1.007565,0.321471,1.098953
10.910000,-0.001395,-0.007564,0.778572,0.000027,0.000200,1.570357,-0.300000,1.000000,1.100000,0.000000,0.000000,-1.571000,-0.298605,1.007564,0.321428,1.098939
10.920000,-0.001396,-0.007563,0.778664,0.000021,0.000211,1.570361,-0.300000,1.000000,1.100000,0.000000,0.000000,-1.571000,-0.298604,1.007563,0.321336,1.098911
10.930000,-0.001398,-0.007562,0.778802,0.000016,0.000218,1.570364,-0.300000,1.000000,1.100000,0.000000,0.000000,-1.571000,-0.298602,1.007562,0.321198,1.098868
10.940000,-0.001400,-0.007560,0.778987,0.000011,0.000222,1.570367,-0.300000,1.000000,1.100000,0.000000,0.000000,-1.571000,-0.298600,1.007560,0.321013,1.098813
10.950000,-0.001401,-0.007558,0.779216,0.000005,0.000224,1.570369,-0.300000,1.000000,1.100000,0.000000,0.000000,-1.571000,-0.298599,1.007558,0.320784,1.098743
10.960000,-0.001403,-0.007556,0.779490,-0.000000,0.000226,1.570371,-0.300000,1.000000,1.100000,0.000000,0.000000,-1.571000,-0.298597,1.007556,0.320510,1.098661
10.970000,-0.001404,-0.007554,0.779806,-0.000005,0.000226,1.570372,-0.300000,1.000000,1.100000,0.000000,0.000000,-1.571000,-0.298596,1.007554,0.320194,1.098567
10.980000,-0.001406,-0.007551,0.780164,-0.000011,0.000226,1.570373,-0.300000,1.000000,1.100000,0.000000,0.000000,-1.571000,-0.298594,1.007551,0.319836,1.098460
10.990000,-0.001407,-0.007549,0.780563,-0.000016,0.000227,1.570373,-0.300000,1.000000,1.100000,0.000000,0.000000,-1.571000,-0.298593,1.007549,0.319437,1.098341
11.000000,-0.001409,-0.007546,0.781001,-0.000022,0.000228,1.570373,-0.300000,1.000000,1.100000,0.000000,0.000000,-1.571000,-0.298591,1.007546,0.318999,1.098210
11.010000,-0.001410,-0.007543,0.781479,-0.000027,0.000229,1.570373,-0.300000,1.000000,1.100000,0.000000,0.000000,-1.571000,-0.298590,1.007543,0.318521,1.098068
11.020000,-0.001412,-0.007539,0.781995,-0.000033,0.000230,1.570373,-0.300000,1.000000,1.100000,0.000000,0.000000,-1.571000,-0.298588,1.007539,0.318005,1.097915
11.030000,-0.001413,-0.007536,0.782547,-0.000037,0.000231,1.570372,-0.300000,1.000000,1.100000,0.000000,0.000000,-1.571000,-0.298587,1.007536,0.317453,1.097752
11.040000,-0.001415,-0.007532,0.783136,-0.000041,0.000231,1.570372,-0.300000,1.000000,1.100000,0.000000,0.000000,-1.571000,-0.298585,1.007532,0.316864,1.097578
11.050000,-0.001416,-0.007528,0.783759,-0.000043,0.000232,1.570372,-0.300000,1.000000,1.100000,0.000000,0.000000,-1.571000,-0.298584,1.007528,0.316241,1.097394
11.060000,-0.001418,-0.007524,0.784417,-0.000043,0.000234,1.570371,-0.300000,1.000000,1.100000,0.000000,0.000000,-1.571000,-0.298582,1.007524,0.315583,1.097200
11.070000,-0.001419,-0.007520,0.785107,-0.000042,0.000235,1.570371,-0.300000,1.000000,1.100000,0.000000,0.000000,-1.571000,-0.298581,1.007520,0.314893,1.096997
11.080000,-0.001421,-0.007515,0.785831,-0.000039,0.000236,1.570370,-0.300000,1.000000,1.100000,0.000000,0.000000,-1.571000,-0.298579,1.007515,0.314169,1.096785
11.090000,-0.001423,-0.007510,0.786585,-0.000036,0.000238,1.570370,-0.300000,1.000000,1.100000,0.000000,0.000000,-1.571000,-0.298577,1.007510,0.313415,1.096565
11.100000,-0.001425,-0.007505,0.787371,-0.000032,0.000239,1.570370,-0.300000,1.000000,1.100000,0.000000,0.000000,-1.571000,-0.298575,1.007505,0.312629,1.096336
11.110000,-0.001426,-0.007500,0.788186,-0.000028,0.000240,1.570370,-0.300000,1.000000,1.100000,0.000000,0.000000,-1.571000,-0.298574,1.007500,0.311814,1.096098
11.120000,-0.001428,-0.007495,0.789030,-0.000024,0.000241,1.570370,-0.300000,1.000000,1.100000,0.000000,0.000000,-1.571000,-0.298572,1.007495,0.310970,1.095853
11.130000,-0.001430,-0.007489,0.789902,-0.000020,0.000242,1.570370,-0.300000,1.000000,1.100000,0.000000,0.000000,-1.571000,-0.298570,1.007489,0.310098,1.095600
11.140000,-0.001431,-0.007484,0.790802,-0.000016,0.000243,1.570370,-0.300000,1.000000,1.100000,0.000000,0.000000,-1.571000,-0.298569,1.007484,0.309198,1.095340
11.150000,-0.001433,-0.007478,0.791728,-0.000012,0.000243,1.570369,-0.300000,1.000000,1.100000,0.000000,0.000000,-1.571000,-0.298567,1.007478,0.308272,1.095073
11.160000,-0.001435,-0.007472,0.792680,-0.000007,0.000242,1.570369,-0.300000,1.000000,1.100000,0.000000,0.000000,-1.571000,-0.298565,1.007472,0.307320,1.094800
11.170000,-0.001437,-0.007465,0.793657,-0.000003,0.000241,1.570369,-0.300000,1.000000,1.100000,0.000000,0.000000,-1.571000,-0.298563,1.007465,0.306343,1.094520
11.180000,-0.001438,-0.007459,0.794658,0.000001,0.000240,1.570369,-0.300000,1.000000,1.100000,0.000000,0.000000,-1.571000,-0.298562,1.007459,0.305342,1.094233
11.190000,-0.001440,-0.007452,0.795683,0.000006,0.000238,1.570369,-0.300000,1.000000,1.100000,0.000000,0.000000,-1.571000,-0.298560,1.007452,0.304317,1.093941
11.200000,-0.001442,-0.007446,0.796731,0.000010,0.000236,1.570369,-0.300000,1.000000,1.100000,0.000000,0.000000,-1.571000,-0.298558,1.007446,0.303269,1.093643
11.210000,-0.001443,-0.007439,0.797802,0.000014,0.000234,1.570369,-0.300000,1.000000,1.100000,0.000000,0.000000,-1.571000,-0.298557,1.007439,0.302198,1.093340
11.220000,-0.001445,-0.007431,0.798893,0.000018,0.000233,1.570369,-0.300000,1.000000,1.100000,0.000000,0.000000,-1.571000,-0.298555,1.007431,0.301107,1.093032
11.230000,-0.001447,-0.007424,0.800006,0.000023,0.000233,1.570369,-0.300000,1.000000,1.100000,0.000000,0.000000,-1.571000,-0.298553,1.007424,0.299994,1.092718
11.240000,-0.001448,-0.007417,0.801139,0.000027,0.000234,1.570369,-0.300000,1.000000,1.100000,0.000000,0.000000,-1.571000,-0.298552,1.007417,0.298861,1.092401
11.250000,-0.001450,-0.007409,0.802291,0.000031,0.000235,1.570369,-0.300000,1.000000,1.100000,0.000000,0.000000,-1.571000,-0.298550,1.007409,0.297709,1.092078
11.260000,-0.001451,-0.007401,0.803463,0.000036,0.000236,1.570370,-0.300000,1.000000,1.100000,0.000000,0.000000,-1.571000,-0.298549,1.007401,0.296537,1.091752
11.270000,-0.001453,-0.007393,0.804653,0.000040,0.000237,1.570370,-0.300000,1.000000,1.100000,0.000000,0.000000,-1.571000,-0.298547,1.007393,0.295347,1.091422
11.280000,-0.001454,-0.007385,0.805861,0.000044,0.000237,1.570369,-0.300000,1.000000,1.100000,0.000000,0.000000,-1.571000,-0.298546,1.007385,0.294139,1.091087
11.290000,-0.001455,-0.007376,0.807086,0.000045,0.000236,1.570369,-0.300000,1.000000,1.100000,0.000000,0.000000,-1.571000,-0.298545,1.007376,0.292914,1.090750
11.300000,-0.001457,-0.007368,0.808328,0.000044,0.000236,1.570369,-0.300000,1.000000,1.100000,0.000000,0.000000,-1.571000,-0.298543,1.007368,0.291672,1.090409
11.310000,-0.001458,-0.007359,0.809587,0.000041,0.000235,1.570369,-0.300000,1.000000,1.100000,0.000000,0.000000,-1.571000,-0.298542,1.007359,0.290413,1.090064
11.320000,-0.001459,-0.007351,0.810861,0.000037,0.000236,1.570369,-0.300000,1.000000,1.100000,0.000000,0.000000,-1.571000,-0.298541,1.007351,0.289139,1.089717
11.330000,-0.001460,-0.007342,0.812150,0.000032,0.000237,1.570369,-0.300000,1.000000,1.100000,0.000000,0.000000,-1.571000,-0.298540,1.007342,0.287850,1.089367
11.340000,-0.001461,-0.007332,0.813453,0.000026,0.000239,1.570369,-0.300000,1.000000,1.100000,0.000000,0.000000,-1.571000,-0.298539,1.007332,0.286547,1.089015
11.350000,-0.001462,-0.007323,0.814771,0.000020,0.000240,1.570369,-0.300000,1.000000,1.100000,0.000000,0.000000,-1.571000,-0.298538,1.007323,0.285229,1.088660
11.360000,-0.001463,-0.007314,0.816102,0.000014,0.000241,1.570369,-0.300000,1.000000,1.100000,0.000000,0.000000,-1.571000,-0.298537,1.007314,0.283898,1.088303
11.370000,-0.001464,-0.007304,0.817446,0.000008,0.000241,1.570369,-0.300000,1.000000,1.100000,0.000000,0.000000,-1.571000,-0.298536,1.007304,0.282554,1.087944
11.380000,-0.001465,-0.007294,0.818802,0.000002,0.000241,1.570369,-0.300000,1.000000,1.100000,0.000000,0.000000,-1.571000,-0.298535,1.007294,0.281198,1.087583
11.390000,-0.001466,-0.007285,0.820171,-0.000004,0.000240,1.570369,-0.300000,1.000000,1.100000,0.000000,0.000000,-1.571000,-0.298534,1.007285,0.279829,1.087221
11.400000,-0.001467,-0.007275,0.821551,-0.000011,0.000239,1.570369,-0.300000,1.000000,1.100000,0.000000,0.000000,-1.571000,-0.298533,1.007275,0.278449,1.086857
11.410000,-0.001468,-0.007264,0.822941,-0.000017,0.000239,1.570369,-0.300000,1.000000,1.100000,0.000000,0.000000,-1.571000,-0.298532,1.007264,0.277059,1.086492
11.420000,-0.001469,-0.007254,0.824342,-0.000023,0.000241,1.570369,-0.300000,1.000000,1.100000,0.000000,0.000000,-1.571000,-0.298531,1.007254,0.275658,1.086126
11.430000,-0.001470,-0.007244,0.825753,-0.000029,0.000242,1.570369,-0.300000,1.000000,1.100000,0.000000,0.000000,-1.571000,-0.298530,1.007244,0.274247,1.085759
11.440000,-0.001471,-0.007233,0.827173,-0.000035,0.000243,1.570369,-0.300000,1.000000,1.100000,0.000000,0.000000,-1.571000,-0.298529,1.007233,0.272827,1.085391
11.450000,-0.001472,-0.007222,0.828602,-0.000037,0.000243,1.570369,-0.300000,1.000000,1.100000,0.000000,0.000000,-1.571000,-0.298528,1.007222,0.271398,1.085022
11.460000,-0.001473,-0.007211,0.830040,-0.000037,0.000242,1.570369,-0.300000,1.000000,1.100000,0.000000,0.000000,-1.571000,-0.298527,1.007211,0.269960,1.084653
11.470000,-0.001474,-0.007200,0.831485,-0.000036,0.000241,1.570369,-0.300000,1.000000,1.100000,0.000000,0.000000,-1.571000,-0.298526,1.007200,0.268515,1.084283
11.480000,-0.001475,-0.007189,0.832939,-0.000033,0.000240,1.570369,-0.300000,1.000000,1.100000,0.000000,0.000000,-1.571000,-0.298525,1.007189,0.267061,1.083914
11.490000,-0.001476,-0.007178,0.834400,-0.000030,0.000240,1.570369,-0.300000,1.000000,1.100000,0.000000,0.000000,-1.571000,-0.298524,1.007178,0.265600,1.083544
11.500000,-0.001477,-0.007166,0.835867,-0.000026,0.000241,1.570369,-0.300000,1.000000,1.100000,0.000000,0.000000,-1.571000,-0.298523,1.007166,0.264133,1.083174
11.510000,-0.001478,-0.007155,0.837342,-0.000022,0.000242,1.570369,-0.300000,1.000000,1.100000,0.000000,0.000000,-1.571000,-0.298522,1.007155,0.262658,1.082804
11.520000,-0.001479,-0.007143,0.838822,-0.000018,0.000243,1.570369,-0.300000,1.000000,1.100000,0.000000,0.000000,-1.571000,-0.298521,1.007143,0.261178,1.082435
11.530000,-0.001481,-0.007131,0.840308,-0.000014,0.000243,1.570369,-0.300000,1.000000,1.100000,0.000000,0.000000,-1.571000,-0.298519,1.007131,0.259692,1.082066
11.540000,-0.001482,-0.007119,0.841800,-0.000009,0.000242,1.570369,-0.300000,1.000000,1.100000,0.000000,0.000000,-1.571000,-0.298518,1.007119,0.258200,1.081698
11.550000,-0.001483,-0.007107,0.843296,-0.000005,0.000241,1.570369,-0.300000,1.000000,1.100000,0.000000,0.000000,-1.571000,-0.298517,1.007107,0.256704,1.081330
11.560000,-0.001484,-0.007095,0.844797,-0.000001,0.000240,1.570369,-0.300000,1.000000,1.100000,0.000000,0.000000,-1.571000,-0.298516,1.007095,0.255203,1.080963
11.570000,-0.001485,-0.007082,0.846302,0.000003,0.000239,1.570369,-0.300000,1.000000,1.100000,0.000000,0.000000,-1.571000,-0.298515,1.007082,0.253698,1.080597
11.580000,-0.001486,-0.007070,0.847811,0.000008,0.000240,1.570369,-0.300000,1.000000,1.100000,0.000000,0.000000,-1.571000,-0.298514,1.007070,0.252189,1.080231
11.590000,-0.001487,-0.007057,0.849324,0.000012,0.000242,1.570369,-0.300000,1.000000,1.100000,0.000000,0.000000,-1.571000,-0.298513,1.007057,0.250676,1.079867
11.600000,-0.001488,-0.007045,0.850839,0.000016,0.000243,1.570369,-0.300000,1.000000,1.100000,0.000000,0.000000,-1.571000,-0.298512,1.007045,0.249161,1.079504
11.610000,-0.001490,-0.007032,0.852358,0.000021,0.000244,1.570369,-0.300000,1.000000,1.100000,0.000000,0.000000,-1.571000,-0.298510,1.007032,0.247642,1.079142
11.620000,-0.001491,-0.007019,0.853879,0.000025,0.000243,1.570369,-0.300000,1.000000,1.100000,0.000000,0.000000,-1.571000,-0.298509,1.007019,0.246121,1.078782
11.630000,-0.001492,-0.007006,0.855403,0.000029,0.000240,1.570368,-0.300000,1.000000,1.100000,0.000000,0.000000,-1.571000,-0.298508,1.007006,0.244597,1.078423
11.640000,-0.001493,-0.006992,0.856928,0.000033,0.000231,1.570365,-0.300000,1.000000,1.100000,0.000000,0.000000,-1.571000,-0.298507,1.006992,0.243072,1.078065
11.650000,-0.001493,-0.006979,0.858455,0.000036,0.000217,1.570362,-0.300000,1.000000,1.100000,0.000000,0.000000,-1.571000,-0.298507,1.006979,0.241545,1.077709
11.660000,-0.001494,-0.006966,0.859984,0.000038,0.000199,1.570357,-0.300000,1.000000,1.100000,0.000000,0.000000,-1.571000,-0.298506,1.006966,0.240016,1.077355
11.670000,-0.001495,-0.006952,0.861514,0.000038,0.000177,1.570352,-0.300000,1.000000,1.100000,0.000000,0.000000,-1.571000,-0.298505,1.006952,0.238486,1.077002
11.680000,-0.001496,-0.006939,0.863044,0.000037,0.000153,1.570347,-0.300000,1.000000,1.100000,0.000000,0.000000,-1.571000,-0.298504,1.006939,0.236956,1.076651
11.690000,-0.001497,-0.006925,0.864575,0.000034,0.000128,1.570342,-0.300000,1.000000,1.100000,0.000000,0.000000,-1.571000,-0.298503,1.006925,0.235425,1.076303
11.700000,-0.001497,-0.006912,0.866107,0.000031,0.000104,1.570337,-0.300000,1.000000,1.100000,0.000000,0.000000,-1.571000,-0.298503,1.006912,0.233893,1.075956
11.710000,-0.001498,-0.006898,0.867638,0.000028,0.000082,1.570333,-0.300000,1.000000,1.100000,0.000000,0.000000,-1.571000,-0.298502,1.006898,0.232362,1.075611
11.720000,-0.001499,-0.006884,0.869169,0.000025,0.000061,1.570329,-0.300000,1.000000,1.100000,0.000000,0.000000,-1.571000,-0.298501,1.006884,0.230831,1.075269
11.730000,-0.001499,-0.006871,0.870699,0.000021,0.000043,1.570325,-0.300000,1.000000,1.100000,0.000000,0.000000,-1.571000,-0.298501,1.006871,0.229301,1.074928
11.740000,-0.001500,-0.006858,0.872229,0.000018,0.000029,1.570322,-0.300000,1.000000,1.100000,0.000000,0.000000,-1.571000,-0.298500,1.006858,0.227771,1.074590
11.750000,-0.001500,-0.006844,0.873758,0.000014,0.000020,1.570321,-0.300000,1.000000,1.100000,0.000000,0.000000,-1.571000,-0.298500,1.006844,0.226242,1.074255
11.760000,-0.001501,-0.006831,0.875286,0.000011,0.000019,1.570321,-0.300000,1.000000,1.100000,0.000000,0.000000,-1.571000,-0.298499,1.006831,0.224714,1.073921
11.770000,-0.001501,-0.006818,0.876813,0.000007,0.000025,1.570323,-0.300000,1.000000,1.100000,0.000000,0.000000,-1.571000,-0.298499,1.006818,0.223187,1.073591
11.780000,-0.001502,-0.006805,0.878337,0.000003,0.000038,1.570325,-0.300000,1.000000,1.100000,0.000000,0.000000,-1.571000,-0.298498,1.006805,0.221663,1.073262
11.790000,-0.001502,-0.006792,0.879860,-0.000000,0.000058,1.570329,-0.300000,1.000000,1.100000,0.000000,0.000000,-1.571000,-0.298498,1.006792,0.220140,1.072937
11.800000,-0.001503,-0.006780,0.881380,-0.000004,0.000082,1.570333,-0.300000,1.000000,1.100000,0.000000,0.000000,-1.571000,-0.298497,1.006780,0.218620,1.072614
11.810000,-0.001503,-0.006767,0.882899,-0.000008,0.000108,1.570338,-0.300000,1.000000,1.100000,0.000000,0.000000,-1.571000,-0.298497,1.006767,0.217101,1.072293
11.820000,-0.001504,-0.006754,0.884415,-0.000011,0.000136,1.570342,-0.300000,1.000000,1.100000,0.000000,0.000000,-1.571000,-0.298496,1.006754,0.215585,1.071975
11.830000,-0.001504,-0.006741,0.885929,-0.000015,0.000162,1.570346,-0.300000,1.000000,1.100000,0.000000,0.000000,-1.571000,-0.298496,1.006741,0.214071,1.071659
11.840000,-0.001505,-0.006728,0.887441,-0.000019,0.000187,1.570349,-0.300000,1.000000,1.100000,0.000000,0.000000,-1.571000,-0.298495,1.006728,0.212559,1.071346
11.850000,-0.001505,-0.006715,0.888949,-0.000022,0.000210,1.570353,-0.300000,1.000000,1.100000,0.000000,0.000000,-1.571000,-0.298495,1.006715,0.211051,1.071036
11.860000,-0.001506,-0.006702,0.890455,-0.000026,0.000229,1.570356,-0.300000,1.000000,1.100000,0.000000,0.000000,-1.571000,-0.298494,1.006702,0.209545,1.070728
11.870000,-0.001507,-0.006689,0.891957,-0.000030,0.000245,1.570358,-0.300000,1.000000,1.100000,0.000000,0.000000,-1.571000,-0.298493,1.006689,0.208043,1.070422
11.880000,-0.001507,-0.006676,0.893456,-0.000033,0.000256,1.570361,-0.300000,1.000000,1.100000,0.000000,0.000000,-1.571000,-0.298493,1.006676,0.206544,1.070119
11.890000,-0.001508,-0.006663,0.894951,-0.000037,0.000262,1.570363,-0.300000,1.000000,1.100000,0.000000,0.000000,-1.571000,-0.298492,1.006663,0.205049,1.069819
11.900000,-0.001508,-0.006649,0.896443,-0.000040,0.000265,1.570365,-0.300000,1.000000,1.100000,0.000000,0.000000,-1.571000,-0.298492,1.006649,0.203557,1.069521
11.910000,-0.001509,-0.006636,0.897930,-0.000042,0.000265,1.570366,-0.300000,1.000000,1.100000,0.000000,0.000000,-1.571000,-0.298491,1.006636,0.202070,1.069226
11.920000,-0.001510,-0.006622,0.899414,-0.000042,0.000262,1.570368,-0.300000,1.000000,1.100000,0.000000,0.000000,-1.571000,-0.298490,1.006622,0.200586,1.068934
11.930000,-0.001510,-0.006608,0.900893,-0.000040,0.000259,1.570370,-0.300000,1.000000,1.100000,0.000000,0.000000,-1.571000,-0.298490,1.006608,0.199107,1.068644
11.940000,-0.001511,-0.006594,0.902369,-0.000037,0.000255,1.570372,-0.300000,1.000000,1.100000,0.000000,0.000000,-1.571000,-0.298489,1.006594,0.197631,1.068356
11.950000,-0.001512,-0.006580,0.903840,-0.000034,0.000251,1.570373,-0.300000,1.000000,1.100000,0.000000,0.000000,-1.571000,-0.298488,1.006580,0.196160,1.068072
11.960000,-0.001513,-0.006566,0.905306,-0.000031,0.000248,1.570374,-0.300000,1.000000,1.100000,0.000000,0.000000,-1.571000,-0.298487,1.006566,0.194694,1.067790
11.970000,-0.001514,-0.006551,0.906768,-0.000027,0.000244,1.570375,-0.300000,1.000000,1.100000,0.000000,0.000000,-1.571000,-0.298486,1.006551,0.193232,1.067510
11.980000,-0.001515,-0.006537,0.908226,-0.000024,0.000239,1.570375,-0.300000,1.000000,1.100000,0.000000,0.000000,-1.571000,-0.298485,1.006537,0.191774,1.067234
11.990000,-0.001516,-0.006522,0.909678,-0.000020,0.000235,1.570374,-0.300000,1.000000,1.100000,0.000000,0.000000,-1.571000,-0.298484,1.006522,0.190322,1.066960
12.000000,-0.001516,-0.006508,0.911125,-0.000016,0.000228,1.570373,-0.300000,1.000000,1.100000,0.000000,0.000000,-1.571000,-0.298484,1.006508,0.188875,1.066688
12.010000,-0.001517,-0.006493,0.912567,-0.000012,0.000219,1.570369,-0.300000,1.000000,1.100000,0.000000,0.000000,-1.571000,-0.298483,1.006493,0.187433,1.066420
12.020000,-0.001518,-0.006478,0.914004,-0.000008,0.000206,1.570365,-0.300000,1.000000,1.100000,0.000000,0.000000,-1.571000,-0.298482,1.006478,0.185996,1.066154
12.030000,-0.001519,-0.006463,0.915435,-0.000004,0.000190,1.570360,-0.300000,1.000000,1.100000,0.000000,0.000000,-1.571000,-0.298481,1.006463,0.184565,1.065891
12.040000,-0.001520,-0.006448,0.916860,-0.000000,0.000171,1.570354,-0.300000,1.000000,1.100000,0.000000,0.000000,-1.571000,-0.298480,1.006448,0.183140,1.065631
12.050000,-0.001521,-0.006433,0.918279,0.000004,0.000150,1.570348,-0.300000,1.000000,1.100000,0.000000,0.000000,-1.571000,-0.298479,1.006433,0.181721,1.065373
12.060000,-0.001522,-0.006418,0.919693,0.000007,0.000128,1.570342,-0.300000,1.000000,1.100000,0.000000,0.000000,-1.571000,-0.298478,1.006418,0.180307,1.065119
12.070000,-0.001523,-0.006403,0.921101,0.000011,0.000106,1.570337,-0.300000,1.000000,1.100000,0.000000,0.000000,-1.571000,-0.298477,1.006403,0.178899,1.064867
12.080000,-0.001524,-0.006388,0.922503,0.000015,0.000085,1.570332,-0.300000,1.000000,1.100000,0.000000,0.000000,-1.571000,-0.298476,1.006388,0.177497,1.064618
12.090000,-0.001524,-0.006373,0.923900,0.000019,0.000065,1.570328,-0.300000,1.000000,1.100000,0.000000,0.000000,-1.571000,-0.298476,1.006373,0.176100,1.064371
12.100000,-0.001525,-0.006359,0.925291,0.000023,0.000047,1.570325,-0.300000,1.000000,1.100000,0.000000,0.000000,-1.571000,-0.298475,1.006359,0.174709,1.064128
12.110000,-0.001526,-0.006344,0.926677,0.000027,0.000033,1.570321,-0.300000,1.000000,1.100000,0.000000,0.000000,-1.571000,-0.298474,1.006344,0.173323,1.063887
12.120000,-0.001527,-0.006329,0.928058,0.000031,0.000023,1.570319,-0.300000,1.000000,1.100000,0.000000,0.000000,-1.571000,-0.298473,1.006329,0.171942,1.063649
12.130000,-0.001527,-0.006315,0.929433,0.000035,0.000020,1.570318,-0.300000,1.000000,1.100000,0.000000,0.000000,-1.571000,-0.298473,1.006315,0.170567,1.063414
12.140000,-0.001528,-0.006300,0.930803,0.000039,0.000023,1.570318,-0.300000,1.000000,1.100000,0.000000,0.000000,-1.571000,-0.298472,1.006300,0.169197,1.063181
12.150000,-0.001529,-0.006286,0.932167,0.000042,0.000033,1.570320,-0.300000,1.000000,1.100000,0.000000,0.000000,-1.571000,-0.298471,1.006286,0.167833,1.062951
12.160000,-0.001529,-0.006272,0.933525,0.000042,0.000048,1.570323,-0.300000,1.000000,1.100000,0.000000,0.000000,-1.571000,-0.298471,1.006272,0.166475,1.062724
12.170000,-0.001530,-0.006258,0.934876,0.000041,0.000068,1.570327,-0.300000,1.000000,1.100000,0.000000,0.000000,-1.571000,-0.298470,1.006258,0.165124,1.062500
12.180000,-0.001530,-0.006244,0.936221,0.000038,0.000091,1.570332,-0.300000,1.000000,1.100000,0.000000,0.000000,-1.571000,-0.298470,1.006244,0.163779,1.062278
12.190000,-0.001531,-0.006230,0.937560,0.000034,0.000116,1.570336,-0.300000,1.000000,1.100000,0.000000,0.000000,-1.571000,-0.298469,1.006230,0.162440,1.062059
12.200000,-0.001531,-0.006216,0.938893,0.000029,0.000142,1.570341,-0.300000,1.000000,1.100000,0.000000,0.000000,-1.571000,-0.298469,1.006216,0.161107,1.061843
12.210000,-0.001531,-0.006202,0.940219,0.000025,0.000166,1.570345,-0.300000,1.000000,1.100000,0.000000,0.000000,-1.571000,-0.298469,1.006202,0.159781,1.061629
12.220000,-0.001532,-0.006188,0.941540,0.000019,0.000190,1.570349,-0.300000,1.000000,1.100000,0.000000,0.000000,-1.571000,-0.298468,1.006188,0.158460,1.061417
12.230000,-0.001532,-0.006174,0.942853,0.000014,0.000210,1.570352,-0.300000,1.000000,1.100000,0.000000,0.000000,-1.571000,-0.298468,1.006174,0.157147,1.061209
12.240000,-0.001532,-0.006160,0.944159,0.000009,0.000227,1.570355,-0.300000,1.000000,1.100000,0.000000,0.000000,-1.571000,-0.298468,1.006160,0.155841,1.061003
12.250000,-0.001533,-0.006145,0.945459,0.000004,0.000240,1.570358,-0.300000,1.000000,1.100000,0.000000,0.000000,-1.571000,-0.298467,1.006145,0.154541,1.060799
12.260000,-0.001533,-0.006131,0.946751,-0.000002,0.000249,1.570360,-0.300000,1.000000,1.100000,0.000000,0.000000,-1.571000,-0.298467,1.006131,0.153249,1.060598
12.270000,-0.001533,-0.006117,0.948036,-0.000007,0.000254,1.570362,-0.300000,1.000000,1.100000,0.000000,0.000000,-1.571000,-0.298467,1.006117,0.151964,1.060399
12.280000,-0.001534,-0.006102,0.949314,-0.000013,0.000257,1.570364,-0.300000,1.000000,1.100000,0.000000,0.000000,-1.571000,-0.298466,1.006102,0.150686,1.060203
12.290000,-0.001534,-0.006087,0.950586,-0.000018,0.000258,1.570366,-0.300000,1.000000,1.100000,0.000000,0.000000,-1.571000,-0.298466,1.006087,0.149414,1.060009
12.300000,-0.001534,-0.006072,0.951850,-0.000023,0.000258,1.570368,-0.300000,1.000000,1.100000,0.000000,0.000000,-1.571000,-0.298466,1.006072,0.148150,1.059817
12.310000,-0.001534,-0.006058,0.953108,-0.000029,0.000258,1.570370,-0.300000,1.000000,1.100000,0.000000,0.000000,-1.571000,-0.298466,1.006058,0.146892,1.059628
12.320000,-0.001535,-0.006042,0.954358,-0.000034,0.000258,1.570372,-0.300000,1.000000,1.100000,0.000000,0.000000,-1.571000,-0.298465,1.006042,0.145642,1.059441
12.330000,-0.001535,-0.006027,0.955601,-0.000039,0.000258,1.570373,-0.300000,1.000000,1.100000,0.000000,0.000000,-1.571000,-0.298465,1.006027,0.144399,1.059256
12.340000,-0.001536,-0.006012,0.956837,-0.000041,0.000259,1.570374,-0.300000,1.000000,1.100000,0.000000,0.000000,-1.571000,-0.298464,1.006012,0.143163,1.059074
12.350000,-0.001536,-0.005997,0.958066,-0.000040,0.000260,1.570375,-0.300000,1.000000,1.100000,0.000000,0.000000,-1.571000,-0.298464,1.005997,0.141934,1.058893
12.360000,-0.001537,-0.005981,0.959286,-0.000037,0.000260,1.570375,-0.300000,1.000000,1.100000,0.000000,0.000000,-1.571000,-0.298463,1.005981,0.140714,1.058716
12.370000,-0.001537,-0.005966,0.960500,-0.000033,0.000260,1.570375,-0.300000,1.000000,1.100000,0.000000,0.000000,-1.571000,-0.298463,1.005966,0.139500,1.058540
12.380000,-0.001538,-0.005950,0.961705,-0.000029,0.000259,1.570375,-0.300000,1.000000,1.100000,0.000000,0.000000,-1.571000,-0.298462,1.005950,0.138295,1.058367
12.390000,-0.001538,-0.005934,0.962904,-0.000024,0.000259,1.570375,-0.300000,1.000000,1.100000,0.000000,0.000000,-1.571000,-0.298462,1.005934,0.137096,1.058196
12.400000,-0.001539,-0.005918,0.964094,-0.000019,0.000262,1.570374,-0.300000,1.000000,1.100000,0.000000,0.000000,-1.571000,-0.298461,1.005918,0.135906,1.058027
12.410000,-0.001539,-0.005902,0.965278,-0.000013,0.000269,1.570373,-0.300000,1.000000,1.100000,0.000000,0.000000,-1.571000,-0.298461,1.005902,0.134722,1.057860
12.420000,-0.001540,-0.005886,0.966454,-0.000008,0.000280,1.570372,-0.300000,1.000000,1.100000,0.000000,0.000000,-1.571000,-0.298460,1.005886,0.133546,1.057695
12.430000,-0.001541,-0.005870,0.967623,-0.000002,0.000293,1.570371,-0.300000,1.000000,1.100000,0.000000,0.000000,-1.571000,-0.298459,1.005870,0.132377,1.057533
12.440000,-0.001541,-0.005853,0.968786,0.000003,0.000309,1.570370,-0.300000,1.000000,1.100000,0.000000,0.000000,-1.571000,-0.298459,1.005853,0.131214,1.057372
12.450000,-0.001542,-0.005837,0.969942,0.000009,0.000327,1.570370,-0.300000,1.000000,1.100000,0.000000,0.000000,-1.571000,-0.298458,1.005837,0.130058,1.057213
12.460000,-0.001542,-0.005820,0.971091,0.000015,0.000347,1.570369,-0.300000,1.000000,1.100000,0.000000,0.000000,-1.571000,-0.298458,1.005820,0.128909,1.057056
12.470000,-0.001543,-0.005803,0.972233,0.000020,0.000369,1.570369,-0.300000,1.000000,1.100000,0.000000,0.000000,-1.571000,-0.298457,1.005803,0.127767,1.056901
12.480000,-0.001544,-0.005786,0.973368,0.000026,0.000391,1.570369,-0.300000,1.000000,1.100000,0.000000,0.000000,-1.571000,-0.298456,1.005786,0.126632,1.056748
12.490000,-0.001544,-0.005768,0.974496,0.000031,0.000414,1.570369,-0.300000,1.000000,1.100000,0.000000,0.000000,-1.571000,-0.298456,1.005768,0.125504,1.056597
12.500000,-0.001545,-0.005751,0.975617,0.000035,0.000435,1.570369,-0.300000,1.000000,1.100000,0.000000,0.000000,-1.571000,-0.298455,1.005751,0.124383,1.056448
12.510000,-0.001545,-0.005733,0.976731,0.000036,0.000455,1.570369,-0.300000,1.000000,1.100000,0.000000,0.000000,-1.571000,-0.298455,1.005733,0.123269,1.056300
12.520000,-0.001545,-0.005715,0.977838,0.000035,0.000472,1.570369,-0.300000,1.000000,1.100000,0.000000,0.000000,-1.571000,-0.298455,1.005715,0.122162,1.056154
12.530000,-0.001546,-0.005696,0.978939,0.000033,0.000484,1.570369,-0.300000,1.000000,1.100000,0.000000,0.000000,-1.571000,-0.298454,1.005696,0.121061,1.056009
12.540000,-0.001546,-0.005678,0.980032,0.000030,0.000493,1.570369,-0.300000,1.000000,1.100000,0.000000,0.000000,-1.571000,-0.298454,1.005678,0.119968,1.055867
12.550000,-0.001546,-0.005659,0.981118,0.000026,0.000498,1.570369,-0.300000,1.000000,1.100000,0.000000,0.000000,-1.571000,-0.298454,1.005659,0.118882,1.055726
12.560000,-0.001547,-0.005639,0.982198,0.000023,0.000499,1.570369,-0.300000,1.000000,1.100000,0.000000,0.000000,-1.571000,-0.298453,1.005639,0.117802,1.055586
12.570000,-0.001547,-0.005620,0.983271,0.000019,0.000493,1.570369,-0.300000,1.000000,1.100000,0.000000,0.000000,-1.571000,-0.298453,1.005620,0.116729,1.055448
12.580000,-0.001547,-0.005600,0.984337,0.000015,0.000480,1.570369,-0.300000,1.000000,1.100000,0.000000,0.000000,-1.571000,-0.298453,1.005600,0.115663,1.055312
12.590000,-0.001547,-0.005579,0.985397,0.000011,0.000462,1.570369,-0.300000,1.000000,1.100000,0.000000,0.000000,-1.571000,-0.298453,1.005579,0.114603,1.055177
12.600000,-0.001547,-0.005559,0.986451,0.000007,0.000439,1.570369,-0.300000,1.000000,1.100000,0.000000,0.000000,-1.571000,-0.298453,1.005559,0.113549,1.055043
12.610000,-0.001548,-0.005538,0.987497,0.000003,0.000415,1.570369,-0.300000,1.000000,1.100000,0.000000,0.000000,-1.571000,-0.298452,1.005538,0.112503,1.054911
12.620000,-0.001548,-0.005517,0.988537,-0.000001,0.000389,1.570369,-0.300000,1.000000,1.100000,0.000000,0.000000,-1.571000,-0.298452,1.005517,0.111463,1.054781
12.630000,-0.001548,-0.005496,0.989570,-0.000005,0.000363,1.570370,-0.300000,1.000000,1.100000,0.000000,0.000000,-1.571000,-0.298452,1.005496,0.110430,1.054652
12.640000,-0.001548,-0.005475,0.990597,-0.000010,0.000338,1.570370,-0.300000,1.000000,1.100000,0.000000,0.000000,-1.571000,-0.298452,1.005475,0.109403,1.054524
12.650000,-0.001548,-0.005453,0.991616,-0.000014,0.000315,1.570369,-0.300000,1.000000,1.100000,0.000000,0.000000,-1.571000,-0.298452,1.005453,0.108384,1.054399
12.660000,-0.001549,-0.005431,0.992629,-0.000018,0.000295,1.570369,-0.300000,1.000000,1.100000,0.000000,0.000000,-1.571000,-0.298451,1.005431,0.107371,1.054274
12.670000,-0.001549,-0.005410,0.993635,-0.000022,0.000278,1.570369,-0.300000,1.000000,1.100000,0.000000,0.000000,-1.571000,-0.298451,1.005410,0.106365,1.054152
12.680000,-0.001549,-0.005388,0.994635,-0.000026,0.000264,1.570369,-0.300000,1.000000,1.100000,0.000000,0.000000,-1.571000,-0.298451,1.005388,0.105365,1.054030
12.690000,-0.001549,-0.005366,0.995628,-0.000030,0.000254,1.570369,-0.300000,1.000000,1.100000,0.000000,0.000000,-1.571000,-0.298451,1.005366,0.104372,1.053911
12.700000,-0.001549,-0.005344,0.996615,-0.000034,0.000248,1.570369,-0.300000,1.000000,1.100000,0.000000,0.000000,-1.571000,-0.298451,1.005344,0.103385,1.053793
12.710000,-0.001550,-0.005323,0.997595,-0.000038,0.000244,1.570369,-0.300000,1.000000,1.100000,0.000000,0.000000,-1.571000,-0.298450,1.005323,0.102405,1.053676
12.720000,-0.001550,-0.005301,0.998569,-0.000040,0.000242,1.570369,-0.300000,1.000000,1.100000,0.000000,0.000000,-1.571000,-0.298450,1.005301,0.101431,1.053561
12.730000,-0.001551,-0.005279,0.999536,-0.000040,0.000243,1.570369,-0.300000,1.000000,1.100000,0.000000,0.000000,-1.571000,-0.298449,1.005279,0.100464,1.053447
12.740000,-0.001551,-0.005257,1.000497,-0.000039,0.000244,1.570369,-0.300000,1.000000,1.100000,0.000000,0.000000,-1.571000,-0.298449,1.005257,0.099503,1.053335
12.750000,-0.001551,-0.005235,1.001451,-0.000030,0.000247,1.570370,-0.300000,1.000000,1.100000,0.000000,0.000000,-1.571000,-0.298449,1.005235,0.098549,1.053224
12.760000,-0.001552,-0.005213,1.002395,0.000010,0.000246,1.570377,-0.300000,1.000000,1.100000,0.000000,0.000000,-1.571000,-0.298448,1.005213,0.097605,1.053115
12.770000,-0.001552,-0.005191,1.003330,-0.000160,0.000241,1.570393,-0.300000,1.000000,1.100000,0.000000,0.000000,-1.571000,-0.298448,1.005191,0.096670,1.053007
12.780000,-0.001553,-0.005168,1.004263,-0.001459,0.000231,1.570423,-0.300000,1.000000,1.100000,0.000000,0.000000,-1.571000,-0.298447,1.005168,0.095737,1.052901
12.790000,-0.001555,-0.005146,1.005201,-0.004512,0.000216,1.570466,-0.300000,1.000000,1.100000,0.000000,0.000000,-1.571000,-0.298445,1.005146,0.094799,1.052794
12.800000,-0.001562,-0.005124,1.006149,-0.009533,0.000198,1.570519,-0.300000,1.000000,1.100000,0.000000,0.000000,-1.571000,-0.298438,1.005124,0.093851,1.052686
12.810000,-0.001579,-0.005102,1.007108,-0.016432,0.000178,1.570574,-0.300000,1.000000,1.100000,0.000000,0.000000,-1.571000,-0.298421,1.005102,0.092892,1.052575
12.820000,-0.001612,-0.005080,1.008079,-0.024906,0.000157,1.570628,-0.300000,1.000000,1.100000,0.000000,0.000000,-1.571000,-0.298388,1.005080,0.091921,1.052459
12.830000,-0.001670,-0.005058,1.009095,-0.034671,0.000138,1.570682,-0.300000,1.000000,1.100000,0.000000,0.000000,-1.571000,-0.298330,1.005058,0.090905,1.052333
12.840000,-0.001768,-0.005036,1.010273,-0.045793,0.000131,1.570741,-0.300000,1.000000,1.100000,0.000000,0.000000,-1.571000,-0.298232,1.005036,0.089727,1.052183
12.850000,-0.001923,-0.005014,1.011708,-0.058141,0.000142,1.570805,-0.300000,1.000000,1.100000,0.000000,0.000000,-1.571000,-0.298077,1.005014,0.088292,1.051997
12.860000,-0.002152,-0.004992,1.013467,-0.071375,0.000174,1.570867,-0.300000,1.000000,1.100000,0.000000,0.000000,-1.571000,-0.297848,1.004992,0.086533,1.051765
12.870000,-0.002477,-0.004970,1.015587,-0.085042,0.000223,1.570930,-0.300000,1.000000,1.100000,0.000000,0.000000,-1.571000,-0.297523,1.004970,0.084413,1.051480
12.880000,-0.002915,-0.004948,1.018083,-0.098652,0.000284,1.570991,-0.300000,1.000000,1.100000,0.000000,0.000000,-1.571000,-0.297085,1.004948,0.081917,1.051137
12.890000,-0.003483,-0.004925,1.020927,-0.111468,0.000343,1.571009,-0.300000,1.000000,1.100000,0.000000,0.000000,-1.571000,-0.296517,1.004925,0.079073,1.050738
12.900000,-0.004182,-0.004903,1.024002,-0.122104,0.000380,1.570955,-0.300000,1.000000,1.100000,0.000000,0.000000,-1.571000,-0.295818,1.004903,0.075998,1.050292
12.910000,-0.005016,-0.004880,1.027222,-0.129592,0.000385,1.570848,-0.300000,1.000000,1.100000,0.000000,0.000000,-1.571000,-0.294984,1.004880,0.072778,1.049808
12.920000,-0.005985,-0.004857,1.030531,-0.133505,0.000353,1.570715,-0.300000,1.000000,1.100000,0.000000,0.000000,-1.571000,-0.294015,1.004857,0.069469,1.049290
12.930000,-0.007087,-0.004834,1.033897,-0.133852,0.000291,1.570584,-0.300000,1.000000,1.100000,0.000000,0.000000,-1.571000,-0.292913,1.004834,0.066103,1.048742
12.940000,-0.008319,-0.004811,1.037298,-0.130969,0.000205,1.570479,-0.300000,1.000000,1.100000,0.000000,0.000000,-1.571000,-0.291681,1.004811,0.062702,1.048167
12.950000,-0.009675,-0.004788,1.040722,-0.125414,0.000106,1.570414,-0.300000,1.000000,1.100000,0.000000,0.000000,-1.571000,-0.290325,1.004788,0.059278,1.047569
12.960000,-0.011146,-0.004765,1.044151,-0.117877,0.000003,1.570394,-0.300000,1.000000,1.100000,0.000000,0.000000,-1.571000,-0.288854,1.004765,0.055849,1.046952
12.970000,-0.012722,-0.004742,1.047574,-0.109093,-0.000096,1.570416,-0.300000,1.000000,1.100000,0.000000,0.000000,-1.571000,-0.287278,1.004742,0.052426,1.046319
12.980000,-0.014393,-0.004719,1.050987,-0.099776,-0.000184,1.570471,-0.300000,1.000000,1.100000,0.000000,0.000000,-1.571000,-0.285607,1.004719,0.049013,1.045674
12.990000,-0.016148,-0.004697,1.054384,-0.090561,-0.000255,1.570547,-0.300000,1.000000,1.100000,0.000000,0.000000,-1.571000,-0.283852,1.004697,0.045616,1.045021
13.000000,-0.017976,-0.004675,1.057766,-0.081967,-0.000307,1.570632,-0.300000,1.000000,1.100000,0.000000,0.000000,-1.571000,-0.282024,1.004675,0.042234,1.044362
13.010000,-0.019869,-0.004653,1.061129,-0.074376,-0.000338,1.570715,-0.300000,1.000000,1.100000,0.000000,0.000000,-1.571000,-0.280131,1.004653,0.038871,1.043702
13.020000,-0.021818,-0.004633,1.064476,-0.068027,-0.000349,1.570788,-0.300000,1.000000,1.100000,0.000000,0.000000,-1.571000,-0.278182,1.004633,0.035524,1.043041
13.030000,-0.023817,-0.004612,1.067804,-0.063026,-0.000342,1.570848,-0.300000,1.000000,1.100000,0.000000,0.000000,-1.571000,-0.276183,1.004612,0.032196,1.042382
13.040000,-0.025859,-0.004592,1.071111,-0.059354,-0.000319,1.570893,-0.300000,1.000000,1.100000,0.000000,0.000000,-1.571000,-0.274141,1.004592,0.028889,1.041726
13.050000,-0.027941,-0.004573,1.074394,-0.056901,-0.000285,1.570924,-0.300000,1.000000,1.100000,0.000000,0.000000,-1.571000,-0.272059,1.004573,0.025606,1.041076
13.060000,-0.030060,-0.004554,1.077654,-0.055499,-0.000244,1.570940,-0.300000,1.000000,1.100000,0.000000,0.000000,-1.571000,-0.269940,1.004554,0.022346,1.040431
13.070000,-0.032214,-0.004536,1.080888,-0.054940,-0.000199,1.570945,-0.300000,1.000000,1.100000,0.000000,0.000000,-1.571000,-0.267786,1.004536,0.019112,1.039791
13.080000,-0.034402,-0.004518,1.084096,-0.055007,-0.000154,1.570941,-0.300000,1.000000,1.100000,0.000000,0.000000,-1.571000,-0.265598,1.004518,0.015904,1.039159
13.090000,-0.036624,-0.004500,1.087268,-0.055372,-0.000112,1.570929,-0.300000,1.000000,1.100000,0.000000,0.000000,-1.571000,-0.263376,1.004500,0.012732,1.038532
13.100000,-0.038876,-0.004482,1.090366,-0.055431,-0.000079,1.570910,-0.300000,1.000000,1.100000,0.000000,0.000000,-1.571000,-0.261124,1.004482,0.009634,1.037913
13.110000,-0.041157,-0.004465,1.093359,-0.054747,-0.000057,1.570885,-0.300000,1.000000,1.100000,0.000000,0.000000,-1.571000,-0.258843,1.004465,0.006641,1.037301
13.120000,-0.043466,-0.004448,1.096230,-0.053109,-0.000047,1.570859,-0.300000,1.000000,1.100000,0.000000,0.000000,-1.571000,-0.256534,1.004448,0.003770,1.036697
13.130000,-0.045799,-0.004431,1.098970,-0.050480,-0.000048,1.570833,-0.300000,1.000000,1.100000,0.000000,0.000000,-1.571000,-0.254201,1.004431,0.001030,1.036099
13.140000,-0.048155,-0.004415,1.101572,-0.046956,-0.000057,1.570811,-0.300000,1.000000,1.100000,0.000000,0.000000,-1.571000,-0.251845,1.004415,-0.001572,1.035508
13.150000,-0.050529,-0.004398,1.104040,-0.042772,-0.000071,1.570795,-0.300000,1.000000,1.100000,0.000000,0.000000,-1.571000,-0.249471,1.004398,-0.004040,1.034924
13.160000,-0.052920,-0.004382,1.106400,-0.038333,-0.000085,1.570787,-0.300000,1.000000,1.100000,0.000000,0.000000,-1.571000,-0.247080,1.004382,-0.006400,1.034347
13.170000,-0.055323,-0.004366,1.108671,-0.034009,-0.000096,1.570786,-0.300000,1.000000,1.100000,0.000000,0.000000,-1.571000,-0.244677,1.004366,-0.008671,1.033776
13.180000,-0.057735,-0.004350,1.110866,-0.030088,-0.000100,1.570791,-0.300000,1.000000,1.100000,0.000000,0.000000,-1.571000,-0.242265,1.004350,-0.010866,1.033213
13.190000,-0.060154,-0.004335,1.112991,-0.026771,-0.000097,1.570800,-0.300000,1.000000,1.100000,0.000000,0.000000,-1.571000,-0.239846,1.004335,-0.012991,1.032659
13.200000,-0.062574,-0.004320,1.115052,-0.024178,-0.000088,1.570812,-0.300000,1.000000,1.100000,0.000000,0.000000,-1.571000,-0.237426,1.004320,-0.015052,1.032112
13.210000,-0.064995,-0.004305,1.117052,-0.022347,-0.000072,1.570824,-0.300000,1.000000,1.100000,0.000000,0.000000,-1.571000,-0.235005,1.004305,-0.017052,1.031574
13.220000,-0.067415,-0.004290,1.118994,-0.021255,-0.000052,1.570835,-0.300000,1.000000,1.100000,0.000000,0.000000,-1.571000,-0.232585,1.004290,-0.018994,1.031045
13.230000,-0.069832,-0.004275,1.120878,-0.020755,-0.000031,1.570842,-0.300000,1.000000,1.100000,0.000000,0.000000,-1.571000,-0.230168,1.004275,-0.020878,1.030525
13.240000,-0.072247,-0.004261,1.122705,-0.020494,-0.000009,1.570843,-0.300000,1.000000,1.100000,0.000000,0.000000,-1.571000,-0.227753,1.004261,-0.022705,1.030013
13.250000,-0.074658,-0.004246,1.124473,-0.020175,0.000011,1.570839,-0.300000,1.000000,1.100000,0.000000,0.000000,-1.571000,-0.225342,1.004246,-0.024473,1.029509
13.260000,-0.077066,-0.004232,1.126183,-0.019606,0.000029,1.570829,-0.300000,1.000000,1.100000,0.000000,0.000000,-1.571000,-0.222934,1.004232,-0.026183,1.029013
13.270000,-0.079469,-0.004218,1.127834,-0.018686,0.000043,1.570816,-0.300000,1.000000,1.100000,0.000000,0.000000,-1.571000,-0.220531,1.004218,-0.027834,1.028524
13.280000,-0.081868,-0.004204,1.129429,-0.017384,0.000052,1.570803,-0.300000,1.000000,1.100000,0.000000,0.000000,-1.571000,-0.218132,1.004204,-0.029429,1.028043
13.290000,-0.084262,-0.004190,1.130967,-0.015710,0.000057,1.570790,-0.300000,1.000000,1.100000,0.000000,0.000000,-1.571000,-0.215738,1.004190,-0.030967,1.027570
13.300000,-0.086647,-0.004176,1.132453,-0.013670,0.000058,1.570780,-0.300000,1.000000,1.100000,0.000000,0.000000,-1.571000,-0.213353,1.004176,-0.032453,1.027104
13.310000,-0.089024,-0.004162,1.133890,-0.011314,0.000056,1.570773,-0.300000,1.000000,1.100000,0.000000,0.000000,-1.571000,-0.210976,1.004162,-0.033890,1.026646
13.320000,-0.091389,-0.004149,1.135279,-0.008734,0.000052,1.570769,-0.300000,1.000000,1.100000,0.000000,0.000000,-1.571000,-0.208611,1.004149,-0.035279,1.026196
13.330000,-0.093741,-0.004135,1.136623,-0.006044,0.000046,1.570768,-0.300000,1.000000,1.100000,0.000000,0.000000,-1.571000,-0.206259,1.004135,-0.036623,1.025754
13.340000,-0.096076,-0.004121,1.137922,-0.003358,0.000040,1.570770,-0.300000,1.000000,1.100000,0.000000,0.000000,-1.571000,-0.203924,1.004121,-0.037922,1.025321
13.350000,-0.098393,-0.004108,1.139178,-0.000775,0.000033,1.570774,-0.300000,1.000000,1.100000,0.000000,0.000000,-1.571000,-0.201607,1.004108,-0.039178,1.024896
13.360000,-0.100690,-0.004095,1.140389,0.001653,0.000028,1.570779,-0.300000,1.000000,1.100000,0.000000,0.000000,-1.571000,-0.199310,1.004095,-0.040389,1.024481
13.370000,-0.102964,-0.004081,1.141556,0.003883,0.000023,1.570786,-0.300000,1.000000,1.100000,0.000000,0.000000,-1.571000,-0.197036,1.004081,-0.041556,1.024075
13.380000,-0.105213,-0.004068,1.142679,0.005881,0.000019,1.570793,-0.300000,1.000000,1.100000,0.000000,0.000000,-1.571000,-0.194787,1.004068,-0.042679,1.023678
13.390000,-0.107436,-0.004055,1.143758,0.007623,0.000016,1.570799,-0.300000,1.000000,1.100000,0.000000,0.000000,-1.571000,-0.192564,1.004055,-0.043758,1.023290
13.400000,-0.109631,-0.004042,1.144793,0.009104,0.000014,1.570805,-0.300000,1.000000,1.100000,0.000000,0.000000,-1.571000,-0.190369,1.004042,-0.044793,1.022911
13.410000,-0.111797,-0.004029,1.145785,0.010326,0.000012,1.570808,-0.300000,1.000000,1.100000,0.000000,0.000000,-1.571000,-0.188203,1.004029,-0.045785,1.022542
13.420000,-0.113934,-0.004016,1.146734,0.011307,0.000009,1.570811,-0.300000,1.000000,1.100000,0.000000,0.000000,-1.571000,-0.186066,1.004016,-0.046734,1.022181
13.430000,-0.116040,-0.004004,1.147641,0.012027,0.000007,1.570812,-0.300000,1.000000,1.100000,0.000000,0.000000,-1.571000,-0.183960,1.004004,-0.047641,1.021829
13.440000,-0.118115,-0.003991,1.148508,0.012367,0.000004,1.570813,-0.300000,1.000000,1.100000,0.000000,0.000000,-1.571000,-0.181885,1.003991,-0.048508,1.021486
13.450000,-0.120160,-0.003979,1.149337,0.012257,0.000002,1.570814,-0.300000,1.000000,1.100000,0.000000,0.000000,-1.571000,-0.179840,1.003979,-0.049337,1.021151
13.460000,-0.122174,-0.003966,1.150128,0.011698,0.000002,1.570815,-0.300000,1.000000,1.100000,0.000000,0.000000,-1.571000,-0.177826,1.003966,-0.050128,1.020825
13.470000,-0.124159,-0.003954,1.150882,0.010734,0.000002,1.570817,-0.300000,1.000000,1.100000,0.000000,0.000000,-1.571000,-0.175841,1.003954,-0.050882,1.020506
13.480000,-0.126115,-0.003942,1.151600,0.009446,0.000002,1.570817,-0.300000,1.000000,1.100000,0.000000,0.000000,-1.571000,-0.173885,1.003942,-0.051600,1.020195
13.490000,-0.128044,-0.003930,1.152283,0.007999,0.000003,1.570815,-0.300000,1.000000,1.100000,0.000000,0.000000,-1.571000,-0.171956,1.003930,-0.052283,1.019891
13.500000,-0.129948,-0.003918,1.152930,0.006748,0.000003,1.570811,-0.300000,1.000000,1.100000,0.000000,0.000000,-1.571000,-0.170052,1.003918,-0.052930,1.019594
13.510000,-0.131827,-0.003907,1.153541,0.005960,0.000004,1.570803,-0.300000,1.000000,1.100000,0.000000,0.000000,-1.571000,-0.168173,1.003907,-0.053541,1.019302
13.520000,-0.133684,-0.003895,1.154117,0.005779,0.000004,1.570792,-0.300000,1.000000,1.100000,0.000000,0.000000,-1.571000,-0.166316,1.003895,-0.054117,1.019016
13.530000,-0.135518,-0.003883,1.154657,0.006246,0.000005,1.570780,-0.300000,1.000000,1.100000,0.000000,0.000000,-1.571000,-0.164482,1.003883,-0.054657,1.018736
13.540000,-0.137329,-0.003872,1.155162,0.007325,0.000006,1.570769,-0.300000,1.000000,1.100000,0.000000,0.000000,-1.571000,-0.162671,1.003872,-0.055162,1.018461
13.550000,-0.139116,-0.003860,1.155632,0.008878,0.000006,1.570761,-0.300000,1.000000,1.100000,0.000000,0.000000,-1.571000,-0.160884,1.003860,-0.055632,1.018192
13.560000,-0.140879,-0.003849,1.156071,0.010611,0.000007,1.570756,-0.300000,1.000000,1.100000,0.000000,0.000000,-1.571000,-0.159121,1.003849,-0.056071,1.017928
13.570000,-0.142615,-0.003838,1.156479,0.012268,0.000008,1.570757,-0.300000,1.000000,1.100000,0.000000,0.000000,-1.571000,-0.157385,1.003838,-0.056479,1.017669
13.580000,-0.144323,-0.003827,1.156857,0.013665,0.000009,1.570762,-0.300000,1.000000,1.100000,0.000000,0.000000,-1.571000,-0.155677,1.003827,-0.056857,1.017417
13.590000,-0.146003,-0.003816,1.157208,0.014686,0.000010,1.570771,-0.300000,1.000000,1.100000,0.000000,0.000000,-1.571000,-0.153997,1.003816,-0.057208,1.017170
13.600000,-0.147653,-0.003805,1.157530,0.015274,0.000012,1.570782,-0.300000,1.000000,1.100000,0.000000,0.000000,-1.571000,-0.152347,1.003805,-0.057530,1.016929
13.610000,-0.149274,-0.003794,1.157825,0.015423,0.000014,1.570793,-0.300000,1.000000,1.100000,0.000000,0.000000,-1.571000,-0.150726,1.003794,-0.057825,1.016693
13.620000,-0.150865,-0.003784,1.158092,0.015171,0.000015,1.570804,-0.300000,1.000000,1.100000,0.000000,0.000000,-1.571000,-0.149135,1.003784,-0.058092,1.016463
13.630000,-0.152426,-0.003773,1.158334,0.014592,0.000015,1.570812,-0.300000,1.000000,1.100000,0.000000,0.000000,-1.571000,-0.147574,1.003773,-0.058334,1.016239
13.640000,-0.153960,-0.003763,1.158552,0.013808,0.000015,1.570816,-0.300000,1.000000,1.100000,0.000000,0.000000,-1.571000,-0.146040,1.003763,-0.058552,1.016019
13.650000,-0.155466,-0.003752,1.158749,0.012934,0.000014,1.570817,-0.300000,1.000000,1.100000,0.000000,0.000000,-1.571000,-0.144534,1.003752,-0.058749,1.015805
13.660000,-0.156946,-0.003742,1.158925,0.012068,0.000014,1.570815,-0.300000,1.000000,1.100000,0.000000,0.000000,-1.571000,-0.143054,1.003742,-0.058925,1.015595
13.670000,-0.158400,-0.003731,1.159082,0.011286,0.000015,1.570810,-0.300000,1.000000,1.100000,0.000000,0.000000,-1.571000,-0.141600,1.003731,-0.059082,1.015391
13.680000,-0.159831,-0.003721,1.159220,0.010639,0.000015,1.570804,-0.300000,1.000000,1.100000,0.000000,0.000000,-1.571000,-0.140169,1.003721,-0.059220,1.015190
13.690000,-0.161237,-0.003711,1.159340,0.010171,0.000015,1.570798,-0.300000,1.000000,1.100000,0.000000,0.000000,-1.571000,-0.138763,1.003711,-0.059340,1.014994
13.700000,-0.162622,-0.003701,1.159441,0.009936,0.000013,1.570792,-0.300000,1.000000,1.100000,0.000000,0.000000,-1.571000,-0.137378,1.003701,-0.059441,1.014801
13.710000,-0.163983,-0.003691,1.159525,0.009957,0.000012,1.570787,-0.300000,1.000000,1.100000,0.000000,0.000000,-1.571000,-0.136017,1.003691,-0.059525,1.014613
13.720000,-0.165323,-0.003681,1.159591,0.010225,0.000011,1.570783,-0.300000,1.000000,1.100000,0.000000,0.000000,-1.571000,-0.134677,1.003681,-0.059591,1.014428
13.730000,-0.166640,-0.003671,1.159640,0.010706,0.000010,1.570780,-0.300000,1.000000,1.100000,0.000000,0.000000,-1.571000,-0.133360,1.003671,-0.059640,1.014247
13.740000,-0.167935,-0.003662,1.159671,0.011350,0.000010,1.570779,-0.300000,1.000000,1.100000,0.000000,0.000000,-1.571000,-0.132065,1.003662,-0.059671,1.014070
13.750000,-0.169207,-0.003652,1.159685,0.012058,0.000010,1.570779,-0.300000,1.000000,1.100000,0.000000,0.000000,-1.571000,-0.130793,1.003652,-0.059685,1.013897
13.760000,-0.170456,-0.003642,1.159679,0.012605,0.000009,1.570781,-0.300000,1.000000,1.100000,0.000000,0.000000,-1.571000,-0.129544,1.003642,-0.059679,1.013726
13.770000,-0.171682,-0.003633,1.159651,0.012828,0.000007,1.570786,-0.300000,1.000000,1.100000,0.000000,0.000000,-1.571000,-0.128318,1.003633,-0.059651,1.013560
13.780000,-0.172884,-0.003624,1.159600,0.012647,0.000004,1.570792,-0.300000,1.000000,1.100000,0.000000,0.000000,-1.571000,-0.127116,1.003624,-0.059600,1.013396
13.790000,-0.174062,-0.003614,1.159525,0.012046,0.000001,1.570799,-0.300000,1.000000,1.100000,0.000000,0.000000,-1.571000,-0.125938,1.003614,-0.059525,1.013235
13.800000,-0.175219,-0.003605,1.159427,0.011059,-0.000002,1.570806,-0.300000,1.000000,1.100000,0.000000,0.000000,-1.571000,-0.124781,1.003605,-0.059427,1.013077
13.810000,-0.176354,-0.003596,1.159304,0.009757,-0.000005,1.570811,-0.300000,1.000000,1.100000,0.000000,0.000000,-1.571000,-0.123646,1.003596,-0.059304,1.012922
13.820000,-0.177469,-0.003587,1.159159,0.008229,-0.000007,1.570814,-0.300000,1.000000,1.100000,0.000000,0.000000,-1.571000,-0.122531,1.003587,-0.059159,1.012768
13.830000,-0.178567,-0.003578,1.158990,0.006581,-0.000009,1.570814,-0.300000,1.000000,1.100000,0.000000,0.000000,-1.571000,-0.121433,1.003578,-0.058990,1.012618
13.840000,-0.179648,-0.003569,1.158800,0.004934,-0.000010,1.570812,-0.300000,1.000000,1.100000,0.000000,0.000000,-1.571000,-0.120352,1.003569,-0.058800,1.012469
13.850000,-0.180714,-0.003560,1.158592,0.003393,-0.000010,1.570807,-0.300000,1.000000,1.100000,0.000000,0.000000,-1.571000,-0.119286,1.003560,-0.058592,1.012322
13.860000,-0.181767,-0.003551,1.158367,0.002032,-0.000009,1.570801,-0.300000,1.000000,1.100000,0.000000,0.000000,-1.571000,-0.118233,1.003551,-0.058367,1.012176
13.870000,-0.182809,-0.003543,1.158124,0.000902,-0.000006,1.570795,-0.300000,1.000000,1.100000,0.000000,0.000000,-1.571000,-0.117191,1.003543,-0.058124,1.012033
13.880000,-0.183840,-0.003534,1.157866,0.000026,-0.000003,1.570789,-0.300000,1.000000,1.100000,0.000000,0.000000,-1.571000,-0.116160,1.003534,-0.057866,1.011891
13.890000,-0.184861,-0.003526,1.157593,-0.000586,0.000000,1.570784,-0.300000,1.000000,1.100000,0.000000,0.000000,-1.571000,-0.115139,1.003526,-0.057593,1.011750
13.900000,-0.185874,-0.003518,1.157307,-0.000927,0.000003,1.570779,-0.300000,1.000000,1.100000,0.000000,0.000000,-1.571000,-0.114126,1.003518,-0.057307,1.011611
13.910000,-0.186878,-0.003509,1.157012,-0.001007,0.000006,1.570776,-0.300000,1.000000,1.100000,0.000000,0.000000,-1.571000,-0.113122,1.003509,-0.057012,1.011473
13.920000,-0.187873,-0.003501,1.156708,-0.000861,0.000009,1.570774,-0.300000,1.000000,1.100000,0.000000,0.000000,-1.571000,-0.112127,1.003501,-0.056708,1.011337
13.930000,-0.188861,-0.003493,1.156396,-0.000535,0.000011,1.570773,-0.300000,1.000000,1.100000,0.000000,0.000000,-1.571000,-0.111139,1.003493,-0.056396,1.011202
13.940000,-0.189839,-0.003485,1.156077,-0.000082,0.000013,1.570773,-0.300000,1.000000,1.100000,0.000000,0.000000,-1.571000,-0.110161,1.003485,-0.056077,1.011070
13.950000,-0.190809,-0.003477,1.155752,0.000398,0.000014,1.570775,-0.300000,1.000000,1.100000,0.000000,0.000000,-1.571000,-0.109191,1.003477,-0.055752,1.010938
13.960000,-0.191770,-0.003469,1.155420,0.000679,0.000015,1.570779,-0.300000,1.000000,1.100000,0.000000,0.000000,-1.571000,-0.108230,1.003469,-0.055420,1.010809
13.970000,-0.192721,-0.003461,1.155082,0.000598,0.000015,1.570786,-0.300000,1.000000,1.100000,0.000000,0.000000,-1.571000,-0.107279,1.003461,-0.055082,1.010681
13.980000,-0.193662,-0.003453,1.154738,0.000084,0.000015,1.570794,-0.300000,1.000000,1.100000,0.000000,0.000000,-1.571000,-0.106338,1.003453,-0.054738,1.010555
13.990000,-0.194595,-0.003445,1.154390,-0.000866,0.000015,1.570802,-0.300000,1.000000,1.100000,0.000000,0.000000,-1.571000,-0.105405,1.003445,-0.054390,1.010431
14.000000,-0.195520,-0.003438,1.154035,-0.002204,0.000014,1.570810,-0.300000,1.000000,1.100000,0.000000,0.000000,-1.571000,-0.104480,1.003438,-0.054035,1.010308
14.010000,-0.196439,-0.003430,1.153676,-0.003847,0.000013,1.570816,-0.300000,1.000000,1.100000,0.000000,0.000000,-1.571000,-0.103561,1.003430,-0.053676,1.010187
14.020000,-0.197353,-0.003422,1.153312,-0.005692,0.000011,1.570820,-0.300000,1.000000,1.100000,0.000000,0.000000,-1.571000,-0.102647,1.003422,-0.053312,1.010067
14.030000,-0.198264,-0.003415,1.152942,-0.007623,0.000009,1.570820,-0.300000,1.000000,1.100000,0.000000,0.000000,-1.571000,-0.101736,1.003415,-0.052942,1.009948
14.040000,-0.199174,-0.003407,1.152568,-0.009513,0.000007,1.570817,-0.300000,1.000000,1.100000,0.000000,0.000000,-1.571000,-0.100826,1.003407,-0.052568,1.009829
14.050000,-0.200085,-0.003400,1.152189,-0.011255,0.000004,1.570812,-0.300000,1.000000,1.100000,0.000000,0.000000,-1.571000,-0.099915,1.003400,-0.052189,1.009712
14.060000,-0.200998,-0.003392,1.151807,-0.012771,0.000002,1.570805,-0.300000,1.000000,1.100000,0.000000,0.000000,-1.571000,-0.099002,1.003392,-0.051807,1.009595
14.070000,-0.201915,-0.003385,1.151420,-0.014014,0.000001,1.570798,-0.300000,1.000000,1.100000,0.000000,0.000000,-1.571000,-0.098085,1.003385,-0.051420,1.009478
14.080000,-0.202838,-0.003378,1.151029,-0.014966,-0.000000,1.570791,-0.300000,1.000000,1.100000,0.000000,0.000000,-1.571000,-0.097162,1.003378,-0.051029,1.009362
14.090000,-0.203766,-0.003371,1.150635,-0.015520,-0.000001,1.570784,-0.300000,1.000000,1.100000,0.000000,0.000000,-1.571000,-0.096234,1.003371,-0.050635,1.009246
14.100000,-0.204701,-0.003364,1.150236,-0.015304,-0.000001,1.570776,-0.300000,1.000000,1.100000,0.000000,0.000000,-1.571000,-0.095299,1.003364,-0.050236,1.009130
14.110000,-0.205641,-0.003357,1.149834,-0.014087,-0.000002,1.570767,-0.300000,1.000000,1.100000,0.000000,0.000000,-1.571000,-0.094359,1.003357,-0.049834,1.009015
14.120000,-0.206587,-0.003350,1.149429,-0.011827,-0.000002,1.570757,-0.300000,1.000000,1.100000,0.000000,0.000000,-1.571000,-0.093413,1.003350,-0.049429,1.008900
14.130000,-0.207535,-0.003343,1.149020,-0.008619,-0.000003,1.570748,-0.300000,1.000000,1.100000,0.000000,0.000000,-1.571000,-0.092465,1.003343,-0.049020,1.008786
14.140000,-0.208483,-0.003336,1.148609,-0.004644,-0.000004,1.570742,-0.300000,1.000000,1.100000,0.000000,0.000000,-1.571000,-0.091517,1.003336,-0.048609,1.008673
14.150000,-0.209427,-0.003329,1.148194,-0.000190,-0.000003,1.570741,-0.300000,1.000000,1.100000,0.000000,0.000000,-1.571000,-0.090573,1.003329,-0.048194,1.008561
14.160000,-0.210362,-0.003322,1.147776,0.004314,-0.000002,1.570746,-0.300000,1.000000,1.100000,0.000000,0.000000,-1.571000,-0.089638,1.003322,-0.047776,1.008451
14.170000,-0.211284,-0.003316,1.147355,0.008501,-0.000000,1.570757,-0.300000,1.000000,1.100000,0.000000,0.000000,-1.571000,-0.088716,1.003316,-0.047355,1.008343
14.180000,-0.212189,-0.003309,1.146932,0.012109,0.000002,1.570774,-0.300000,1.000000,1.100000,0.000000,0.000000,-1.571000,-0.087811,1.003309,-0.046932,1.008237
14.190000,-0.213075,-0.003303,1.146506,0.014979,0.000004,1.570793,-0.300000,1.000000,1.100000,0.000000,0.000000,-1.571000,-0.086925,1.003303,-0.046506,1.008134
14.200000,-0.213937,-0.003296,1.146077,0.017038,0.000006,1.570812,-0.300000,1.000000,1.100000,0.000000,0.000000,-1.571000,-0.086063,1.003296,-0.046077,1.008034
14.210000,-0.214776,-0.003290,1.145646,0.018293,0.000008,1.570830,-0.300000,1.000000,1.100000,0.000000,0.000000,-1.571000,-0.085224,1.003290,-0.045646,1.007937
14.220000,-0.215589,-0.003283,1.145212,0.018813,0.000010,1.570844,-0.300000,1.000000,1.100000,0.000000,0.000000,-1.571000,-0.084411,1.003283,-0.045212,1.007843
14.230000,-0.216376,-0.003277,1.144775,0.018717,0.000013,1.570854,-0.300000,1.000000,1.100000,0.000000,0.000000,-1.571000,-0.083624,1.003277,-0.044775,1.007751
14.240000,-0.217138,-0.003271,1.144332,0.018170,0.000014,1.570858,-0.300000,1.000000,1.100000,0.000000,0.000000,-1.571000,-0.082862,1.003271,-0.044332,1.007663
14.250000,-0.217875,-0.003265,1.143882,0.017334,0.000015,1.570857,-0.300000,1.000000,1.100000,0.000000,0.000000,-1.571000,-0.082125,1.003265,-0.043882,1.007576
14.260000,-0.218589,-0.003258,1.143424,0.016360,0.000014,1.570851,-0.300000,1.000000,1.100000,0.000000,0.000000,-1.571000,-0.081411,1.003258,-0.043424,1.007492
14.270000,-0.219281,-0.003252,1.142957,0.015372,0.000012,1.570841,-0.300000,1.000000,1.100000,0.000000,0.000000,-1.571000,-0.080719,1.003252,-0.042957,1.007411
14.280000,-0.219951,-0.003246,1.142482,0.014467,0.000009,1.570830,-0.300000,1.000000,1.100000,0.000000,0.000000,-1.571000,-0.080049,1.003246,-0.042482,1.007331
14.290000,-0.220601,-0.003240,1.141998,0.013667,0.000005,1.570818,-0.300000,1.000000,1.100000,0.000000,0.000000,-1.571000,-0.079399,1.003240,-0.041998,1.007253
14.300000,-0.221232,-0.003234,1.141508,0.012846,0.000001,1.570809,-0.300000,1.000000,1.100000,0.000000,0.000000,-1.571000,-0.078768,1.003234,-0.041508,1.007177
14.310000,-0.221845,-0.003228,1.141014,0.011905,-0.000002,1.570801,-0.300000,1.000000,1.100000,0.000000,0.000000,-1.571000,-0.078155,1.003228,-0.041014,1.007103
14.320000,-0.222441,-0.003222,1.140517,0.010798,-0.000004,1.570797,-0.300000,1.000000,1.100000,0.000000,0.000000,-1.571000,-0.077559,1.003222,-0.040517,1.007031
14.330000,-0.223021,-0.003217,1.140018,0.009520,-0.000005,1.570795,-0.300000,1.000000,1.100000,0.000000,0.000000,-1.571000,-0.076979,1.003217,-0.040018,1.006961
14.340000,-0.223586,-0.003211,1.139518,0.008093,-0.000005,1.570794,-0.300000,1.000000,1.100000,0.000000,0.000000,-1.571000,-0.076414,1.003211,-0.039518,1.006893
14.350000,-0.224138,-0.003205,1.139016,0.006560,-0.000005,1.570794,-0.300000,1.000000,1.100000,0.000000,0.000000,-1.571000,-0.075862,1.003205,-0.039016,1.006826
14.360000,-0.224678,-0.003199,1.138514,0.004983,-0.000004,1.570794,-0.300000,1.000000,1.100000,0.000000,0.000000,-1.571000,-0.075322,1.003199,-0.038514,1.006760
14.370000,-0.225209,-0.003194,1.138011,0.003423,-0.000003,1.570793,-0.300000,1.000000,1.100000,0.000000,0.000000,-1.571000,-0.074791,1.003194,-0.038011,1.006696
14.380000,-0.225731,-0.003188,1.137508,0.001937,-0.000002,1.570790,-0.300000,1.000000,1.100000,0.000000,0.000000,-1.571000,-0.074269,1.003188,-0.037508,1.006633
14.390000,-0.226247,-0.003183,1.137005,0.000573,-0.000001,1.570788,-0.300000,1.000000,1.100000,0.000000,0.000000,-1.571000,-0.073753,1.003183,-0.037005,1.006571
14.400000,-0.226758,-0.003177,1.136502,-0.000633,-0.000000,1.570784,-0.300000,1.000000,1.100000,0.000000,0.000000,-1.571000,-0.073242,1.003177,-0.036502,1.006510
14.410000,-0.227264,-0.003172,1.135998,-0.001660,0.000001,1.570781,-0.300000,1.000000,1.100000,0.000000,0.000000,-1.571000,-0.072736,1.003172,-0.035998,1.006449
14.420000,-0.227767,-0.003167,1.135495,-0.002497,0.000003,1.570778,-0.300000,1.000000,1.100000,0.000000,0.000000,-1.571000,-0.072233,1.003167,-0.035495,1.006390
14.430000,-0.228268,-0.003161,1.134992,-0.003145,0.000004,1.570776,-0.300000,1.000000,1.100000,0.000000,0.000000,-1.571000,-0.071732,1.003161,-0.034992,1.006331
14.440000,-0.228768,-0.003156,1.134488,-0.003603,0.000006,1.570774,-0.300000,1.000000,1.100000,0.000000,0.000000,-1.571000,-0.071232,1.003156,-0.034488,1.006273
14.450000,-0.229266,-0.003151,1.133986,-0.003884,0.000008,1.570772,-0.300000,1.000000,1.100000,0.000000,0.000000,-1.571000,-0.070734,1.003151,-0.033986,1.006216
14.460000,-0.229764,-0.003146,1.133484,-0.004010,0.000010,1.570772,-0.300000,1.000000,1.100000,0.000000,0.000000,-1.571000,-0.070236,1.003146,-0.033484,1.006159
14.470000,-0.230260,-0.003141,1.132984,-0.004010,0.000011,1.570772,-0.300000,1.000000,1.100000,0.000000,0.000000,-1.571000,-0.069740,1.003141,-0.032984,1.006103
14.480000,-0.230756,-0.003136,1.132484,-0.003914,0.000011,1.570774,-0.300000,1.000000,1.100000,0.000000,0.000000,-1.571000,-0.069244,1.003136,-0.032484,1.006047
14.490000,-0.231252,-0.003131,1.131985,-0.003752,0.000011,1.570776,-0.300000,1.000000,1.100000,0.000000,0.000000,-1.571000,-0.068748,1.003131,-0.031985,1.005992
14.500000,-0.231746,-0.003126,1.131488,-0.003533,0.000010,1.570779,-0.300000,1.000000,1.100000,0.000000,0.000000,-1.571000,-0.068254,1.003126,-0.031488,1.005938
14.510000,-0.232239,-0.003121,1.130992,-0.003273,0.000009,1.570782,-0.300000,1.000000,1.100000,0.000000,0.000000,-1.571000,-0.067761,1.003121,-0.030992,1.005884
14.520000,-0.232731,-0.003116,1.130498,-0.002986,0.000008,1.570786,-0.300000,1.000000,1.100000,0.000000,0.000000,-1.571000,-0.067269,1.003116,-0.030498,1.005831
14.530000,-0.233221,-0.003111,1.130005,-0.002686,0.000007,1.570789,-0.300000,1.000000,1.100000,0.000000,0.000000,-1.571000,-0.066779,1.003111,-0.030005,1.005779
14.540000,-0.233710,-0.003106,1.129515,-0.002388,0.000007,1.570792,-0.300000,1.000000,1.100000,0.000000,0.000000,-1.571000,-0.066290,1.003106,-0.029515,1.005727
14.550000,-0.234196,-0.003101,1.129026,-0.002101,0.000006,1.570795,-0.300000,1.000000,1.100000,0.000000,0.000000,-1.571000,-0.065804,1.003101,-0.029026,1.005676
14.560000,-0.234680,-0.003096,1.128540,-0.001828,0.000005,1.570798,-0.300000,1.000000,1.100000,0.000000,0.000000,-1.571000,-0.065320,1.003096,-0.028540,1.005626
14.570000,-0.235161,-0.003091,1.128057,-0.001571,0.000004,1.570800,-0.300000,1.000000,1.100000,0.000000,0.000000,-1.571000,-0.064839,1.003091,-0.028057,1.005576
14.580000,-0.235639,-0.003087,1.127576,-0.001332,0.000004,1.570802,-0.300000,1.000000,1.100000,0.000000,0.000000,-1.571000,-0.064361,1.003087,-0.027576,1.005528
14.590000,-0.236114,-0.003082,1.127097,-0.001115,0.000004,1.570804,-0.300000,1.000000,1.100000,0.000000,0.000000,-1.571000,-0.063886,1.003082,-0.027097,1.005480
14.600000,-0.236585,-0.003077,1.126621,-0.000922,0.000005,1.570806,-0.300000,1.000000,1.100000,0.000000,0.000000,-1.571000,-0.063415,1.003077,-0.026621,1.005432
14.610000,-0.237054,-0.003073,1.126148,-0.000752,0.000005,1.570806,-0.300000,1.000000,1.100000,0.000000,0.000000,-1.571000,-0.062946,1.003073,-0.026148,1.005386
14.620000,-0.237518,-0.003068,1.125678,-0.000605,0.000006,1.570807,-0.300000,1.000000,1.100000,0.000000,0.000000,-1.571000,-0.062482,1.003068,-0.025678,1.005340
14.630000,-0.237979,-0.003064,1.125210,-0.000533,0.000006,1.570807,-0.300000,1.000000,1.100000,0.000000,0.000000,-1.571000,-0.062021,1.003064,-0.025210,1.005296
14.640000,-0.238436,-0.003059,1.124746,-0.000723,0.000005,1.570807,-0.300000,1.000000,1.100000,0.000000,0.000000,-1.571000,-0.061564,1.003059,-0.024746,1.005251
14.650000,-0.238890,-0.003055,1.124285,-0.001300,0.000004,1.570809,-0.300000,1.000000,1.100000,0.000000,0.000000,-1.571000,-0.061110,1.003055,-0.024285,1.005208
14.660000,-0.239341,-0.003050,1.123827,-0.002305,0.000002,1.570812,-0.300000,1.000000,1.100000,0.000000,0.000000,-1.571000,-0.060659,1.003050,-0.023827,1.005165
14.670000,-0.239790,-0.003046,1.123373,-0.003713,0.000001,1.570815,-0.300000,1.000000,1.100000,0.000000,0.000000,-1.571000,-0.060210,1.003046,-0.023373,1.005123
14.680000,-0.240238,-0.003042,1.122922,-0.005457,-0.000001,1.570818,-0.300000,1.000000,1.100000,0.000000,0.000000,-1.571000,-0.059762,1.003042,-0.022922,1.005082
14.690000,-0.240688,-0.003037,1.122476,-0.007387,-0.000002,1.570818,-0.300000,1.000000,1.100000,0.000000,0.000000,-1.571000,-0.059312,1.003037,-0.022476,1.005041
14.700000,-0.241141,-0.003033,1.122033,-0.009197,-0.000003,1.570816,-0.300000,1.000000,1.100000,0.000000,0.000000,-1.571000,-0.058859,1.003033,-0.022033,1.005000
14.710000,-0.241598,-0.003029,1.121594,-0.010646,-0.000003,1.570810,-0.300000,1.000000,1.100000,0.000000,0.000000,-1.571000,-0.058402,1.003029,-0.021594,1.004960
14.720000,-0.242062,-0.003025,1.121160,-0.011590,-0.000004,1.570802,-0.300000,1.000000,1.100000,0.000000,0.000000,-1.571000,-0.057938,1.003025,-0.021160,1.004920
14.730000,-0.242532,-0.003021,1.120729,-0.011969,-0.000004,1.570791,-0.300000,1.000000,1.100000,0.000000,0.000000,-1.571000,-0.057468,1.003021,-0.020729,1.004879
14.740000,-0.243010,-0.003017,1.120304,-0.011791,-0.000004,1.570781,-0.300000,1.000000,1.100000,0.000000,0.000000,-1.571000,-0.056990,1.003017,-0.020304,1.004840
14.750000,-0.243495,-0.003013,1.119882,-0.011111,-0.000003,1.570771,-0.300000,1.000000,1.100000,0.000000,0.000000,-1.571000,-0.056505,1.003013,-0.019882,1.004800
14.760000,-0.243987,-0.003009,1.119465,-0.010014,-0.000003,1.570764,-0.300000,1.000000,1.100000,0.000000,0.000000,-1.571000,-0.056013,1.003009,-0.019465,1.004760
14.770000,-0.244483,-0.003005,1.119052,-0.008610,-0.000001,1.570760,-0.300000,1.000000,1.100000,0.000000,0.000000,-1.571000,-0.055517,1.003005,-0.019052,1.004721
14.780000,-0.244983,-0.003001,1.118645,-0.007015,0.000000,1.570760,-0.300000,1.000000,1.100000,0.000000,0.000000,-1.571000,-0.055017,1.003001,-0.018645,1.004681
14.790000,-0.245486,-0.002997,1.118242,-0.005346,0.000002,1.570763,-0.300000,1.000000,1.100000,0.000000,0.000000,-1.571000,-0.054514,1.002997,-0.018242,1.004643
14.800000,-0.245989,-0.002993,1.117844,-0.003706,0.000003,1.570769,-0.300000,1.000000,1.100000,0.000000,0.000000,-1.571000,-0.054011,1.002993,-0.017844,1.004605
14.810000,-0.246491,-0.002989,1.117451,-0.002182,0.000004,1.570777,-0.300000,1.000000,1.100000,0.000000,0.000000,-1.571000,-0.053509,1.002989,-0.017451,1.004567
14.820000,-0.246991,-0.002985,1.117062,-0.000836,0.000003,1.570785,-0.300000,1.000000,1.100000,0.000000,0.000000,-1.571000,-0.053009,1.002985,-0.017062,1.004530
14.830000,-0.247487,-0.002982,1.116678,0.000295,0.000001,1.570793,-0.300000,1.000000,1.100000,0.000000,0.000000,-1.571000,-0.052513,1.002982,-0.016678,1.004494
14.840000,-0.247978,-0.002978,1.116296,0.001211,-0.000000,1.570801,-0.300000,1.000000,1.100000,0.000000,0.000000,-1.571000,-0.052022,1.002978,-0.016296,1.004458
14.850000,-0.248463,-0.002974,1.115914,0.001925,-0.000002,1.570807,-0.300000,1.000000,1.100000,0.000000,0.000000,-1.571000,-0.051537,1.002974,-0.015914,1.004424
14.860000,-0.248942,-0.002971,1.115531,0.002459,-0.000005,1.570812,-0.300000,1.000000,1.100000,0.000000,0.000000,-1.571000,-0.051058,1.002971,-0.015531,1.004389
14.870000,-0.249414,-0.002967,1.115146,0.002840,-0.000007,1.570816,-0.300000,1.000000,1.100000,0.000000,0.000000,-1.571000,-0.050586,1.002967,-0.015146,1.004356
14.880000,-0.249879,-0.002963,1.114760,0.003098,-0.000010,1.570817,-0.300000,1.000000,1.100000,0.000000,0.000000,-1.571000,-0.050121,1.002963,-0.014760,1.004323
14.890000,-0.250337,-0.002960,1.114372,0.003266,-0.000013,1.570817,-0.300000,1.000000,1.100000,0.000000,0.000000,-1.571000,-0.049663,1.002960,-0.014372,1.004292
14.900000,-0.250787,-0.002956,1.113981,0.003384,-0.000015,1.570816,-0.300000,1.000000,1.100000,0.000000,0.000000,-1.571000,-0.049213,1.002956,-0.013981,1.004260
14.910000,-0.251230,-0.002953,1.113589,0.003484,-0.000016,1.570813,-0.300000,1.000000,1.100000,0.000000,0.000000,-1.571000,-0.048770,1.002953,-0.013589,1.004230
14.920000,-0.251666,-0.002950,1.113194,0.003587,-0.000016,1.570810,-0.300000,1.000000,1.100000,0.000000,0.000000,-1.571000,-0.048334,1.002950,-0.013194,1.004200
14.930000,-0.252094,-0.002946,1.112796,0.003709,-0.000015,1.570807,-0.300000,1.000000,1.100000,0.000000,0.000000,-1.571000,-0.047906,1.002946,-0.012796,1.004171
14.940000,-0.252514,-0.002943,1.112396,0.003854,-0.000014,1.570804,-0.300000,1.000000,1.100000,0.000000,0.000000,-1.571000,-0.047486,1.002943,-0.012396,1.004143
14.950000,-0.252927,-0.002940,1.111995,0.003972,-0.000012,1.570802,-0.300000,1.000000,1.100000,0.000000,0.000000,-1.571000,-0.047073,1.002940,-0.011995,1.004115
14.960000,-0.253332,-0.002936,1.111595,0.003878,-0.000010,1.570801,-0.300000,1.000000,1.100000,0.000000,0.000000,-1.571000,-0.046668,1.002936,-0.011595,1.004089
14.970000,-0.253729,-0.002933,1.111197,0.003441,-0.000008,1.570803,-0.300000,1.000000,1.100000,0.000000,0.000000,-1.571000,-0.046271,1.002933,-0.011197,1.004062
14.980000,-0.254120,-0.002930,1.110804,0.002612,-0.000006,1.570805,-0.300000,1.000000,1.100000,0.000000,0.000000,-1.571000,-0.045880,1.002930,-0.010804,1.004037
14.990000,-0.254505,-0.002927,1.110416,0.001403,-0.000003,1.570808,-0.300000,1.000000,1.100000,0.000000,0.000000,-1.571000,-0.045495,1.002927,-0.010416,1.004012
15.000000,-0.254884,-0.002924,1.110033,-0.000131,-0.000000,1.570811,-0.300000,1.000000,1.100000,0.000000,0.000000,-1.571000,-0.045116,1.002924,-0.010033,1.003988
15.010000,-0.255260,-0.002921,1.109655,-0.001909,0.000003,1.570813,-0.299880,1.000000,1.100000,0.000000,0.000000,-1.571000,-0.044620,1.002921,-0.009655,1.003959
15.020000,-0.255635,-0.002918,1.109283,-0.003833,0.000006,1.570812,-0.299466,1.000000,1.100000,0.000000,0.000000,-1.571000,-0.043831,1.002918,-0.009283,1.003918
15.030000,-0.256010,-0.002915,1.108916,-0.005801,0.000009,1.570810,-0.298756,1.000000,1.100000,0.000000,0.000000,-1.571000,-0.042746,1.002915,-0.008916,1.003865
15.040000,-0.256387,-0.002912,1.108556,-0.007708,0.000011,1.570806,-0.297751,1.000000,1.100000,0.000000,0.000000,-1.571000,-0.041364,1.002912,-0.008556,1.003801
15.050000,-0.256768,-0.002909,1.108202,-0.009466,0.000012,1.570801,-0.296452,1.000000,1.100000,0.000000,0.000000,-1.571000,-0.039684,1.002909,-0.008202,1.003727
15.060000,-0.257155,-0.002906,1.107854,-0.011010,0.000012,1.570795,-0.294861,1.000000,1.100000,0.000000,0.000000,-1.571000,-0.037706,1.002906,-0.007854,1.003645
15.070000,-0.257549,-0.002903,1.107512,-0.012301,0.000011,1.570788,-0.292979,1.000000,1.100000,0.000000,0.000000,-1.571000,-0.035430,1.002903,-0.007512,1.003557
15.080000,-0.257952,-0.002900,1.107177,-0.013322,0.000010,1.570783,-0.290808,1.000000,1.100000,0.000000,0.000000,-1.571000,-0.032856,1.002900,-0.007177,1.003464
15.090000,-0.258364,-0.002897,1.106848,-0.013858,0.000009,1.570776,-0.288350,1.000000,1.100000,0.000000,0.000000,-1.571000,-0.029986,1.002897,-0.006848,1.003369
15.100000,-0.258785,-0.002894,1.106527,-0.013131,0.000009,1.570766,-0.285607,1.000000,1.100000,0.000000,0.000000,-1.571000,-0.026822,1.002894,-0.006527,1.003274
15.110000,-0.259215,-0.002892,1.106213,-0.010637,0.000009,1.570751,-0.282582,1.000000,1.100000,0.000000,0.000000,-1.571000,-0.023367,1.002892,-0.006213,1.003183
15.120000,-0.259652,-0.002889,1.105909,-0.006239,0.000009,1.570733,-0.279279,1.000000,1.100000,0.000000,0.000000,-1.571000,-0.019626,1.002889,-0.005909,1.003098
15.130000,-0.260091,-0.002886,1.105613,-0.000067,0.000010,1.570717,-0.275699,1.000000,1.100000,0.000000,0.000000,-1.571000,-0.015609,1.002886,-0.005613,1.003023
15.140000,-0.260525,-0.002883,1.105326,0.007564,0.000011,1.570705,-0.271848,1.000000,1.100000,0.000000,0.000000,-1.571000,-0.011323,1.002883,-0.005326,1.002961
15.150000,-0.260948,-0.002880,1.105048,0.016290,0.000012,1.570699,-0.267729,1.000000,1.100000,0.000000,0.000000,-1.571000,-0.006780,1.002880,-0.005048,1.002916
15.160000,-0.261351,-0.002878,1.104780,0.025868,0.000011,1.570701,-0.263345,1.000000,1.100000,0.000000,0.000000,-1.571000,-0.001994,1.002878,-0.004780,1.002891
15.170000,-0.261725,-0.002875,1.104523,0.035982,0.000011,1.570711,-0.258701,1.000000,1.100000,0.000000,0.000000,-1.571000,0.003024,1.002875,-0.004523,1.002890
15.180000,-0.262060,-0.002872,1.104277,0.046259,0.000010,1.570728,-0.253802,1.000000,1.100000,0.000000,0.000000,-1.571000,0.008257,1.002872,-0.004277,1.002915
15.190000,-0.262346,-0.002869,1.104041,0.056321,0.000010,1.570750,-0.248653,1.000000,1.100000,0.000000,0.000000,-1.571000,0.013693,1.002869,-0.004041,1.002971
15.200000,-0.262574,-0.002867,1.103815,0.065828,0.000009,1.570775,-0.243258,1.000000,1.100000,0.000000,0.000000,-1.571000,0.019316,1.002867,-0.003815,1.003060
15.210000,-0.262735,-0.002864,1.103599,0.074502,0.000008,1.570803,-0.237623,1.000000,1.100000,0.000000,0.000000,-1.571000,0.025112,1.002864,-0.003599,1.003185
15.220000,-0.262821,-0.002861,1.103393,0.082148,0.000006,1.570829,-0.231754,1.000000,1.100000,0.000000,0.000000,-1.571000,0.031068,1.002861,-0.003393,1.003348
15.230000,-0.262826,-0.002859,1.103195,0.088806,0.000003,1.570851,-0.225655,1.000000,1.100000,0.000000,0.000000,-1.571000,0.037170,1.002859,-0.003195,1.003552
15.240000,-0.262743,-0.002856,1.103013,0.095001,0.000000,1.570867,-0.219335,1.000000,1.100000,0.000000,0.000000,-1.571000,0.043408,1.002856,-0.003013,1.003799
15.250000,-0.262565,-0.002853,1.102848,0.101147,-0.000002,1.570873,-0.212797,1.000000,1.100000,0.000000,0.000000,-1.571000,0.049768,1.002853,-0.002848,1.004091
15.260000,-0.262289,-0.002851,1.102702,0.107457,-0.000003,1.570871,-0.206050,1.000000,1.100000,0.000000,0.000000,-1.571000,0.056239,1.002851,-0.002702,1.004430
15.270000,-0.261908,-0.002848,1.102576,0.114002,-0.000001,1.570863,-0.199100,1.000000,1.100000,0.000000,0.000000,-1.571000,0.062808,1.002848,-0.002576,1.004816
15.280000,-0.261417,-0.002846,1.102471,0.120743,0.000001,1.570851,-0.191952,1.000000,1.100000,0.000000,0.000000,-1.571000,0.069464,1.002846,-0.002471,1.005251
15.290000,-0.260809,-0.002843,1.102387,0.127570,0.000005,1.570839,-0.184616,1.000000,1.100000,0.000000,0.000000,-1.571000,0.076193,1.002843,-0.002387,1.005736
15.300000,-0.260078,-0.002840,1.102331,0.134329,0.000009,1.570828,-0.177097,1.000000,1.100000,0.000000,0.000000,-1.571000,0.082980,1.002840,-0.002331,1.006270
15.310000,-0.259217,-0.002838,1.102308,0.140851,0.000014,1.570821,-0.169404,1.000000,1.100000,0.000000,0.000000,-1.571000,0.089813,1.002838,-0.002308,1.006854
15.320000,-0.258221,-0.002835,1.102320,0.146972,0.000019,1.570818,-0.161543,1.000000,1.100000,0.000000,0.000000,-1.571000,0.096678,1.002835,-0.002320,1.007487
15.330000,-0.257085,-0.002833,1.102369,0.152553,0.000023,1.570818,-0.153523,1.000000,1.100000,0.000000,0.000000,-1.571000,0.103562,1.002833,-0.002369,1.008169
15.340000,-0.255803,-0.002830,1.102455,0.157487,0.000027,1.570821,-0.145351,1.000000,1.100000,0.000000,0.000000,-1.571000,0.110452,1.002830,-0.002455,1.008898
15.350000,-0.254372,-0.002828,1.102576,0.161708,0.000030,1.570826,-0.137036,1.000000,1.100000,0.000000,0.000000,-1.571000,0.117336,1.002828,-0.002576,1.009672
15.360000,-0.252789,-0.002825,1.102736,0.165194,0.000032,1.570831,-0.128586,1.000000,1.100000,0.000000,0.000000,-1.571000,0.124203,1.002825,-0.002736,1.010491
15.370000,-0.251052,-0.002823,1.102934,0.167962,0.000034,1.570836,-0.120009,1.000000,1.100000,0.000000,0.000000,-1.571000,0.131043,1.002823,-0.002934,1.011353
15.380000,-0.249158,-0.002820,1.103170,0.170061,0.000035,1.570839,-0.111313,1.000000,1.100000,0.000000,0.000000,-1.571000,0.137845,1.002820,-0.003170,1.012255
15.390000,-0.247107,-0.002818,1.103444,0.171567,0.000035,1.570839,-0.102508,1.000000,1.100000,0.000000,0.000000,-1.571000,0.144599,1.002818,-0.003444,1.013195
15.400000,-0.244899,-0.002815,1.103756,0.172570,0.000035,1.570836,-0.093601,1.000000,1.100000,0.000000,0.000000,-1.571000,0.151298,1.002815,-0.003756,1.014171
15.410000,-0.242534,-0.002812,1.104106,0.173171,0.000033,1.570831,-0.084602,1.000000,1.100000,0.000000,0.000000,-1.571000,0.157933,1.002812,-0.004106,1.015181
15.420000,-0.240014,-0.002810,1.104493,0.173467,0.000031,1.570823,-0.075519,1.000000,1.100000,0.000000,0.000000,-1.571000,0.164494,1.002810,-0.004493,1.016221
15.430000,-0.237338,-0.002807,1.104917,0.173552,0.000029,1.570814,-0.066362,1.000000,1.100000,0.000000,0.000000,-1.571000,0.170976,1.002807,-0.004917,1.017290
15.440000,-0.234509,-0.002804,1.105380,0.173506,0.000025,1.570805,-0.057140,1.000000,1.100000,0.000000,0.000000,-1.571000,0.177369,1.002804,-0.005380,1.018384
15.450000,-0.231527,-0.002802,1.105882,0.173395,0.000021,1.570795,-0.047861,1.000000,1.100000,0.000000,0.000000,-1.571000,0.183666,1.002802,-0.005882,1.019499
15.460000,-0.228394,-0.002799,1.106425,0.173270,0.000016,1.570785,-0.038535,1.000000,1.100000,0.000000,0.000000,-1.571000,0.189859,1.002799,-0.006425,1.020634
15.470000,-0.225111,-0.002796,1.107008,0.173166,0.000011,1.570777,-0.029171,1.000000,1.100000,0.000000,0.000000,-1.571000,0.195941,1.002796,-0.007008,1.021784
15.480000,-0.221680,-0.002794,1.107631,0.173107,0.000007,1.570769,-0.019778,1.000000,1.100000,0.000000,0.000000,-1.571000,0.201902,1.002794,-0.007631,1.022946
15.490000,-0.218102,-0.002791,1.108294,0.173101,0.000003,1.570762,-0.010365,1.000000,1.100000,0.000000,0.000000,-1.571000,0.207737,1.002791,-0.008294,1.024116
15.500000,-0.214378,-0.002789,1.108996,0.173148,0.000000,1.570757,-0.000942,1.000000,1.100000,0.000000,0.000000,-1.571000,0.213435,1.002789,-0.008996,1.025290
15.510000,-0.210510,-0.002786,1.109739,0.173243,-0.000002,1.570753,0.008481,1.000000,1.100000,0.000000,0.000000,-1.571000,0.218991,1.002786,-0.009739,1.026466
15.520000,-0.206498,-0.002783,1.110521,0.173373,-0.000004,1.570751,0.017896,1.000000,1.100000,0.000000,0.000000,-1.571000,0.224395,1.002783,-0.010521,1.027637
15.530000,-0.202345,-0.002781,1.111342,0.173526,-0.000005,1.570751,0.027294,1.000000,1.100000,0.000000,0.000000,-1.571000,0.229639,1.002781,-0.011342,1.028801
15.540000,-0.198051,-0.002779,1.112201,0.173690,-0.000005,1.570752,0.036665,1.000000,1.100000,0.000000,0.000000,-1.571000,0.234715,1.002779,-0.012201,1.029954
15.550000,-0.193617,-0.002776,1.113098,0.173852,-0.000004,1.570755,0.045999,1.000000,1.100000,0.000000,0.000000,-1.571000,0.239616,1.002776,-0.013098,1.031090
15.560000,-0.189046,-0.002774,1.114026,0.174003,-0.000003,1.570758,0.055288,1.000000,1.100000,0.000000,0.000000,-1.571000,0.244334,1.002774,-0.014026,1.032207
15.570000,-0.184339,-0.002771,1.114981,0.174134,-0.000003,1.570761,0.064523,1.000000,1.100000,0.000000,0.000000,-1.571000,0.248862,1.002771,-0.014981,1.033299
15.580000,-0.179499,-0.002769,1.115960,0.174242,-0.000004,1.570764,0.073694,1.000000,1.100000,0.000000,0.000000,-1.571000,0.253192,1.002769,-0.015960,1.034363
15.590000,-0.174525,-0.002767,1.116962,0.174324,-0.000005,1.570767,0.082792,1.000000,1.100000,0.000000,0.000000,-1.571000,0.257317,1.002767,-0.016962,1.035394
15.600000,-0.169420,-0.002764,1.117985,0.174381,-0.000006,1.570769,0.091808,1.000000,1.100000,0.000000,0.000000,-1.571000,0.261229,1.002764,-0.017985,1.036388
15.610000,-0.164186,-0.002762,1.119030,0.174412,-0.000007,1.570771,0.100734,1.000000,1.100000,0.000000,0.000000,-1.571000,0.264920,1.002762,-0.019030,1.037341
15.620000,-0.158822,-0.002760,1.120094,0.174423,-0.000008,1.570773,0.109561,1.000000,1.100000,0.000000,0.000000,-1.571000,0.268382,1.002760,-0.020094,1.038249
15.630000,-0.153331,-0.002758,1.121176,0.174417,-0.000010,1.570775,0.118279,1.000000,1.100000,0.000000,0.000000,-1.571000,0.271610,1.002758,-0.021176,1.039107
15.640000,-0.147714,-0.002756,1.122272,0.174399,-0.000012,1.570776,0.126880,1.000000,1.100000,0.000000,0.000000,-1.571000,0.274595,1.002756,-0.022272,1.039912
15.650000,-0.141975,-0.002754,1.123376,0.174373,-0.000015,1.570777,0.135357,1.000000,1.100000,0.000000,0.000000,-1.571000,0.277331,1.002754,-0.023376,1.040660
15.660000,-0.136113,-0.002752,1.124487,0.174342,-0.000020,1.570778,0.143699,1.000000,1.100000,0.000000,0.000000,-1.571000,0.279812,1.002752,-0.024487,1.041348
15.670000,-0.130131,-0.002750,1.125603,0.174309,-0.000024,1.570778,0.151900,1.000000,1.100000,0.000000,0.000000,-1.571000,0.282031,1.002750,-0.025603,1.041971
15.680000,-0.124030,-0.002748,1.126722,0.174275,-0.000029,1.570778,0.159951,1.000000,1.100000,0.000000,0.000000,-1.571000,0.283981,1.002748,-0.026722,1.042527
15.690000,-0.117811,-0.002746,1.127844,0.174245,-0.000034,1.570778,0.167845,1.000000,1.100000,0.000000,0.000000,-1.571000,0.285656,1.002746,-0.027844,1.043012
15.700000,-0.111476,-0.002744,1.128965,0.174219,-0.000038,1.570778,0.175572,1.000000,1.100000,0.000000,0.000000,-1.571000,0.287048,1.002744,-0.028965,1.043423
15.710000,-0.105026,-0.002742,1.130083,0.174197,-0.000041,1.570778,0.183127,1.000000,1.100000,0.000000,0.000000,-1.571000,0.288153,1.002742,-0.030083,1.043757
15.720000,-0.098464,-0.002740,1.131197,0.174182,-0.000044,1.570777,0.190500,1.000000,1.100000,0.000000,0.000000,-1.571000,0.288964,1.002740,-0.031197,1.044012
15.730000,-0.091789,-0.002739,1.132306,0.174173,-0.000044,1.570777,0.197686,1.000000,1.100000,0.000000,0.000000,-1.571000,0.289475,1.002739,-0.032306,1.044186
15.740000,-0.085003,-0.002737,1.133408,0.174170,-0.000043,1.570778,0.204676,1.000000,1.100000,0.000000,0.000000,-1.571000,0.289679,1.002737,-0.033408,1.044276
15.750000,-0.078108,-0.002735,1.134503,0.174135,-0.000040,1.570779,0.211465,1.000000,1.100000,0.000000,0.000000,-1.571000,0.289573,1.002735,-0.034503,1.044280
15.760000,-0.071106,-0.002734,1.135583,0.173932,-0.000037,1.570781,0.218044,1.000000,1.100000,0.000000,0.000000,-1.571000,0.289150,1.002734,-0.035583,1.044198
15.770000,-0.063998,-0.002732,1.136645,0.173468,-0.000034,1.570783,0.224409,1.000000,1.100000,0.000000,0.000000,-1.571000,0.288407,1.002732,-0.036645,1.044028
15.780000,-0.056788,-0.002731,1.137684,0.172711,-0.000032,1.570787,0.230552,1.000000,1.100000,0.000000,0.000000,-1.571000,0.287340,1.002731,-0.037684,1.043769
15.790000,-0.049476,-0.002730,1.138699,0.171675,-0.000032,1.570790,0.236468,1.000000,1.100000,0.000000,0.000000,-1.571000,0.285944,1.002730,-0.038699,1.043421
15.800000,-0.042065,-0.002728,1.139690,0.170405,-0.000032,1.570793,0.242150,1.000000,1.100000,0.000000,0.000000,-1.571000,0.284215,1.002728,-0.039690,1.042985
15.810000,-0.034557,-0.002727,1.140657,0.168966,-0.000032,1.570794,0.247593,1.000000,1.100000,0.000000,0.000000,-1.571000,0.282151,1.002727,-0.040657,1.042460
15.820000,-0.026955,-0.002726,1.141599,0.167433,-0.000032,1.570794,0.252792,1.000000,1.100000,0.000000,0.000000,-1.571000,0.279747,1.002726,-0.041599,1.041848
15.830000,-0.019261,-0.002725,1.142515,0.165721,-0.000032,1.570794,0.257742,1.000000,1.100000,0.000000,0.000000,-1.571000,0.277003,1.002725,-0.042515,1.041151
15.840000,-0.011478,-0.002723,1.143404,0.163322,-0.000031,1.570795,0.262437,1.000000,1.100000,0.000000,0.000000,-1.571000,0.273915,1.002723,-0.043404,1.040369
15.850000,-0.003610,-0.002722,1.144262,0.159909,-0.000030,1.570801,0.266873,1.000000,1.100000,0.000000,0.000000,-1.571000,0.270483,1.002722,-0.044262,1.039506
15.860000,0.004339,-0.002721,1.145091,0.155397,-0.000029,1.570808,0.271045,1.000000,1.100000,0.000000,0.000000,-1.571000,0.266706,1.002721,-0.045091,1.038564
15.870000,0.012365,-0.002720,1.145888,0.149878,-0.000028,1.570816,0.274951,1.000000,1.100000,0.000000,0.000000,-1.571000,0.262586,1.002720,-0.045888,1.037548
15.880000,0.020459,-0.002719,1.146656,0.143563,-0.000026,1.570823,0.278585,1.000000,1.100000,0.000000,0.000000,-1.571000,0.258125,1.002719,-0.046656,1.036461
15.890000,0.028617,-0.002718,1.147392,0.136502,-0.000024,1.570828,0.281944,1.000000,1.100000,0.000000,0.000000,-1.571000,0.253327,1.002718,-0.047392,1.035309
15.900000,0.036829,-0.002717,1.148092,0.128161,-0.000022,1.570833,0.285024,1.000000,1.100000,0.000000,0.000000,-1.571000,0.248195,1.002717,-0.048092,1.034097
15.910000,0.045087,-0.002716,1.148750,0.118278,-0.000020,1.570839,0.287824,1.000000,1.100000,0.000000,0.000000,-1.571000,0.242737,1.002716,-0.048750,1.032830
15.920000,0.053379,-0.002716,1.149366,0.106935,-0.000019,1.570845,0.290339,1.000000,1.100000,0.000000,0.000000,-1.571000,0.236960,1.002716,-0.049366,1.031516
15.930000,0.061696,-0.002715,1.149938,0.094443,-0.000017,1.570848,0.292568,1.000000,1.100000,0.000000,0.000000,-1.571000,0.230872,1.002715,-0.049938,1.030161
15.940000,0.070025,-0.002714,1.150468,0.081247,-0.000016,1.570847,0.294508,1.000000,1.100000,0.000000,0.000000,-1.571000,0.224483,1.002714,-0.050468,1.028773
15.950000,0.078353,-0.002713,1.150954,0.067659,-0.000013,1.570840,0.296158,1.000000,1.100000,0.000000,0.000000,-1.571000,0.217805,1.002713,-0.050954,1.027360
15.960000,0.086668,-0.002712,1.151396,0.053488,-0.000011,1.570831,0.297515,1.000000,1.100000,0.000000,0.000000,-1.571000,0.210847,1.002712,-0.051396,1.025929
15.970000,0.094955,-0.002711,1.151792,0.038721,-0.000007,1.570820,0.298578,1.000000,1.100000,0.000000,0.000000,-1.571000,0.203623,1.002711,-0.051792,1.024488
15.980000,0.103203,-0.002711,1.152142,0.023566,-0.000004,1.570809,0.299347,1.000000,1.100000,0.000000,0.000000,-1.571000,0.196145,1.002711,-0.052142,1.023045
15.990000,0.111396,-0.002710,1.152447,0.008356,-0.000000,1.570796,0.299821,1.000000,1.100000,0.000000,0.000000,-1.571000,0.188425,1.002710,-0.052447,1.021607
16.000000,0.119521,-0.002709,1.152706,-0.006522,0.000002,1.570781,0.299999,1.000000,1.100000,0.000000,0.000000,-1.571000,0.180477,1.002709,-0.052706,1.020184
16.010000,0.127566,-0.002708,1.152920,-0.020687,0.000004,1.570764,0.299880,1.000000,1.100000,0.000000,0.000000,-1.571000,0.172314,1.002708,-0.052920,1.018782
16.020000,0.135516,-0.002708,1.153088,-0.033802,0.000004,1.570745,0.299466,1.000000,1.100000,0.000000,0.000000,-1.571000,0.163949,1.002708,-0.053088,1.017409
16.030000,0.143362,-0.002707,1.153211,-0.045651,0.000002,1.570727,0.298756,1.000000,1.100000,0.000000,0.000000,-1.571000,0.155393,1.002707,-0.053211,1.016071
16.040000,0.151093,-0.002706,1.153287,-0.056233,0.000001,1.570710,0.297751,1.000000,1.100000,0.000000,0.000000,-1.571000,0.146658,1.002706,-0.053287,1.014774
16.050000,0.158701,-0.002705,1.153315,-0.065580,-0.000002,1.570697,0.296452,1.000000,1.100000,0.000000,0.000000,-1.571000,0.137752,1.002705,-0.053315,1.013526
16.060000,0.166177,-0.002705,1.153296,-0.073732,-0.000005,1.570689,0.294861,1.000000,1.100000,0.000000,0.000000,-1.571000,0.128684,1.002705,-0.053296,1.012332
16.070000,0.173516,-0.002704,1.153228,-0.080744,-0.000007,1.570686,0.292979,1.000000,1.100000,0.000000,0.000000,-1.571000,0.119463,1.002704,-0.053228,1.011197
16.080000,0.180712,-0.002703,1.153112,-0.086690,-0.000010,1.570687,0.290808,1.000000,1.100000,0.000000,0.000000,-1.571000,0.110096,1.002703,-0.053112,1.010126
16.090000,0.187761,-0.002702,1.152960,-0.091803,-0.000011,1.570693,0.288350,1.000000,1.100000,0.000000,0.000000,-1.571000,0.100589,1.002702,-0.052960,1.009126
16.100000,0.194653,-0.002702,1.152820,-0.096705,-0.000008,1.570703,0.285607,1.000000,1.100000,0.000000,0.000000,-1.571000,0.090954,1.002702,-0.052820,1.008203
16.110000,0.201382,-0.002701,1.152727,-0.101852,0.000003,1.570718,0.282582,1.000000,1.100000,0.000000,0.000000,-1.571000,0.081200,1.002701,-0.052727,1.007364
16.120000,0.207943,-0.002700,1.152704,-0.107471,0.000020,1.570737,0.279279,1.000000,1.100000,0.000000,0.000000,-1.571000,0.071336,1.002700,-0.052704,1.006615
16.130000,0.214328,-0.002699,1.152763,-0.113610,0.000045,1.570759,0.275699,1.000000,1.100000,0.000000,0.000000,-1.571000,0.061371,1.002699,-0.052763,1.005960
16.140000,0.220533,-0.002699,1.152910,-0.120191,0.000072,1.570779,0.271848,1.000000,1.100000,0.000000,0.000000,-1.571000,0.051315,1.002699,-0.052910,1.005404
16.150000,0.226553,-0.002698,1.153145,-0.127050,0.000101,1.570796,0.267729,1.000000,1.100000,0.000000,0.000000,-1.571000,0.041176,1.002698,-0.053145,1.004949
16.160000,0.232382,-0.002697,1.153451,-0.133976,0.000125,1.570809,0.263345,1.000000,1.100000,0.000000,0.000000,-1.571000,0.030963,1.002697,-0.053451,1.004598
16.170000,0.238018,-0.002696,1.153815,-0.140743,0.000142,1.570817,0.258701,1.000000,1.100000,0.000000,0.000000,-1.571000,0.020683,1.002696,-0.053815,1.004352
16.180000,0.243456,-0.002694,1.154229,-0.147137,0.000150,1.570819,0.253802,1.000000,1.100000,0.000000,0.000000,-1.571000,0.010346,1.002694,-0.054229,1.004213
16.190000,0.248693,-0.002693,1.154687,-0.152977,0.000148,1.570816,0.248653,1.000000,1.100000,0.000000,0.000000,-1.571000,-0.000040,1.002693,-0.054687,1.004183
16.200000,0.253723,-0.002692,1.155184,-0.158128,0.000138,1.570810,0.243258,1.000000,1.100000,0.000000,0.000000,-1.571000,-0.010466,1.002692,-0.055184,1.004264
16.210000,0.258546,-0.002690,1.155719,-0.162508,0.000121,1.570802,0.237623,1.000000,1.100000,0.000000,0.000000,-1.571000,-0.020923,1.002690,-0.055719,1.004455
16.220000,0.263157,-0.002688,1.156289,-0.166087,0.000099,1.570795,0.231754,1.000000,1.100000,0.000000,0.000000,-1.571000,-0.031403,1.002688,-0.056289,1.004758
16.230000,0.267555,-0.002686,1.156895,-0.168883,0.000074,1.570789,0.225655,1.000000,1.100000,0.000000,0.000000,-1.571000,-0.041899,1.002686,-0.056895,1.005173
16.240000,0.271737,-0.002685,1.157547,-0.170954,0.000050,1.570786,0.219335,1.000000,1.100000,0.000000,0.000000,-1.571000,-0.052402,1.002685,-0.057547,1.005701
16.250000,0.275702,-0.002683,1.158252,-0.172385,0.000028,1.570784,0.212797,1.000000,1.100000,0.000000,0.000000,-1.571000,-0.062905,1.002683,-0.058252,1.006341
16.260000,0.279449,-0.002681,1.159014,-0.173281,0.000011,1.570785,0.206050,1.000000,1.100000,0.000000,0.000000,-1.571000,-0.073399,1.002681,-0.059014,1.007094
16.270000,0.282980,-0.002679,1.159835,-0.173756,-0.000001,1.570789,0.199100,1.000000,1.100000,0.000000,0.000000,-1.571000,-0.083880,1.002679,-0.059835,1.007959
16.280000,0.286295,-0.002677,1.160717,-0.173920,-0.000007,1.570794,0.191952,1.000000,1.100000,0.000000,0.000000,-1.571000,-0.094342,1.002677,-0.060717,1.008934
16.290000,0.289395,-0.002675,1.161660,-0.173878,-0.000010,1.570801,0.184616,1.000000,1.100000,0.000000,0.000000,-1.571000,-0.104779,1.002675,-0.061660,1.010019
16.300000,0.292283,-0.002673,1.162663,-0.173718,-0.000008,1.570808,0.177097,1.000000,1.100000,0.000000,0.000000,-1.571000,-0.115186,1.002673,-0.062663,1.011211
16.310000,0.294961,-0.002671,1.163727,-0.173510,-0.000005,1.570815,0.169404,1.000000,1.100000,0.000000,0.000000,-1.571000,-0.125558,1.002671,-0.063727,1.012510
16.320000,0.297431,-0.002670,1.164850,-0.173310,0.000000,1.570822,0.161543,1.000000,1.100000,0.000000,0.000000,-1.571000,-0.135888,1.002670,-0.064850,1.013912
16.330000,0.299696,-0.002668,1.166033,-0.173153,0.000005,1.570828,0.153523,1.000000,1.100000,0.000000,0.000000,-1.571000,-0.146173,1.002668,-0.066033,1.015416
16.340000,0.301756,-0.002666,1.167274,-0.173061,0.000010,1.570833,0.145351,1.000000,1.100000,0.000000,0.000000,-1.571000,-0.156405,1.002666,-0.067274,1.017019
16.350000,0.303615,-0.002664,1.168574,-0.173040,0.000014,1.570836,0.137036,1.000000,1.100000,0.000000,0.000000,-1.571000,-0.166578,1.002664,-0.068574,1.018718
16.360000,0.305273,-0.002663,1.169932,-0.173088,0.000016,1.570839,0.128586,1.000000,1.100000,0.000000,0.000000,-1.571000,-0.176687,1.002663,-0.069932,1.020510
16.370000,0.306734,-0.002661,1.171347,-0.173193,0.000017,1.570840,0.120009,1.000000,1.100000,0.000000,0.000000,-1.571000,-0.186725,1.002661,-0.071347,1.022392
16.380000,0.307998,-0.002659,1.172820,-0.173341,0.000016,1.570841,0.111313,1.000000,1.100000,0.000000,0.000000,-1.571000,-0.196685,1.002659,-0.072820,1.024360
16.390000,0.309067,-0.002657,1.174350,-0.173516,0.000014,1.570840,0.102508,1.000000,1.100000,0.000000,0.000000,-1.571000,-0.206559,1.002657,-0.074350,1.026410
16.400000,0.309942,-0.002656,1.175938,-0.173702,0.000012,1.570839,0.093601,1.000000,1.100000,0.000000,0.000000,-1.571000,-0.216341,1.002656,-0.075938,1.028537
16.410000,0.310625,-0.002654,1.177583,-0.173885,0.000010,1.570837,0.084602,1.000000,1.100000,0.000000,0.000000,-1.571000,-0.226023,1.002654,-0.077583,1.030738
16.420000,0.311118,-0.002652,1.179285,-0.174056,0.000008,1.570834,0.075519,1.000000,1.100000,0.000000,0.000000,-1.571000,-0.235599,1.002652,-0.079285,1.033008
16.430000,0.311422,-0.002651,1.181044,-0.174204,0.000006,1.570832,0.066362,1.000000,1.100000,0.000000,0.000000,-1.571000,-0.245060,1.002651,-0.081044,1.035341
16.440000,0.311539,-0.002649,1.182858,-0.174323,0.000004,1.570829,0.057140,1.000000,1.100000,0.000000,0.000000,-1.571000,-0.254399,1.002649,-0.082858,1.037733
16.450000,0.311470,-0.002647,1.184729,-0.174413,0.000003,1.570827,0.047861,1.000000,1.100000,0.000000,0.000000,-1.571000,-0.263609,1.002647,-0.084729,1.040178
16.460000,0.311217,-0.002646,1.186656,-0.174472,0.000002,1.570824,0.038535,1.000000,1.100000,0.000000,0.000000,-1.571000,-0.272683,1.002646,-0.086656,1.042671
16.470000,0.310782,-0.002644,1.188638,-0.174504,0.000002,1.570822,0.029171,1.000000,1.100000,0.000000,0.000000,-1.571000,-0.281611,1.002644,-0.088638,1.045207
16.480000,0.310165,-0.002643,1.190674,-0.174512,0.000002,1.570820,0.019778,1.000000,1.100000,0.000000,0.000000,-1.571000,-0.290387,1.002643,-0.090674,1.047778
16.490000,0.309369,-0.002641,1.192764,-0.174502,0.000003,1.570818,0.010365,1.000000,1.100000,0.000000,0.000000,-1.571000,-0.299004,1.002641,-0.092764,1.050380
16.500000,0.308398,-0.002640,1.194898,-0.174479,0.000002,1.570817,0.000942,1.000000,1.100000,0.000000,0.000000,-1.571000,-0.307455,1.002640,-0.094898,1.053006
16.510000,0.307253,-0.002638,1.197070,-0.174447,0.000001,1.570816,-0.008481,1.000000,1.100000,0.000000,0.000000,-1.571000,-0.315734,1.002638,-0.097070,1.055649
16.520000,0.305937,-0.002637,1.199278,-0.174410,-0.000002,1.570816,-0.017896,1.000000,1.100000,0.000000,0.000000,-1.571000,-0.323834,1.002637,-0.099278,1.058303
16.530000,0.304452,-0.002635,1.201517,-0.174373,-0.000006,1.570816,-0.027294,1.000000,1.100000,0.000000,0.000000,-1.571000,-0.331746,1.002635,-0.101517,1.060961
16.540000,0.302800,-0.002634,1.203788,-0.174338,-0.000011,1.570816,-0.036665,1.000000,1.100000,0.000000,0.000000,-1.571000,-0.339465,1.002634,-0.103788,1.063618
16.550000,0.300982,-0.002632,1.206088,-0.174306,-0.000017,1.570816,-0.045999,1.000000,1.100000,0.000000,0.000000,-1.571000,-0.346981,1.002632,-0.106088,1.066265
16.560000,0.299000,-0.002631,1.208417,-0.174280,-0.000022,1.570817,-0.055288,1.000000,1.100000,0.000000,0.000000,-1.571000,-0.354289,1.002631,-0.108417,1.068898
16.570000,0.296856,-0.002629,1.210773,-0.174261,-0.000027,1.570818,-0.064523,1.000000,1.100000,0.000000,0.000000,-1.571000,-0.361379,1.002629,-0.110773,1.071509
16.580000,0.294553,-0.002628,1.213153,-0.174248,-0.000033,1.570819,-0.073694,1.000000,1.100000,0.000000,0.000000,-1.571000,-0.368246,1.002628,-0.113153,1.074091
16.590000,0.292091,-0.002627,1.215553,-0.174241,-0.000037,1.570821,-0.082792,1.000000,1.100000,0.000000,0.000000,-1.571000,-0.374883,1.002627,-0.115553,1.076638
16.600000,0.289473,-0.002626,1.217972,-0.174240,-0.000041,1.570822,-0.091808,1.000000,1.100000,0.000000,0.000000,-1.571000,-0.381281,1.002626,-0.117972,1.079143
16.610000,0.286700,-0.002624,1.220408,-0.174243,-0.000044,1.570823,-0.100734,1.000000,1.100000,0.000000,0.000000,-1.571000,-0.387434,1.002624,-0.120408,1.081600
16.620000,0.283774,-0.002623,1.222861,-0.174250,-0.000045,1.570824,-0.109561,1.000000,1.100000,0.000000,0.000000,-1.571000,-0.393335,1.002623,-0.122861,1.084002
16.630000,0.280697,-0.002622,1.225328,-0.174260,-0.000045,1.570823,-0.118279,1.000000,1.100000,0.000000,0.000000,-1.571000,-0.398976,1.002622,-0.125328,1.086343
16.640000,0.277472,-0.002621,1.227799,-0.174272,-0.000043,1.570823,-0.126880,1.000000,1.100000,0.000000,0.000000,-1.571000,-0.404352,1.002621,-0.127799,1.088615
16.650000,0.274101,-0.002620,1.230269,-0.174284,-0.000041,1.570821,-0.135357,1.000000,1.100000,0.000000,0.000000,-1.571000,-0.409458,1.002620,-0.130269,1.090813
16.660000,0.270587,-0.002619,1.232732,-0.174298,-0.000039,1.570820,-0.143699,1.000000,1.100000,0.000000,0.000000,-1.571000,-0.414286,1.002619,-0.132732,1.092930
16.670000,0.266930,-0.002619,1.235186,-0.174311,-0.000037,1.570819,-0.151900,1.000000,1.100000,0.000000,0.000000,-1.571000,-0.418831,1.002619,-0.135186,1.094961
16.680000,0.263134,-0.002618,1.237630,-0.174325,-0.000036,1.570818,-0.159951,1.000000,1.100000,0.000000,0.000000,-1.571000,-0.423085,1.002618,-0.137630,1.096898
16.690000,0.259199,-0.002617,1.240061,-0.174338,-0.000035,1.570817,-0.167845,1.000000,1.100000,0.000000,0.000000,-1.571000,-0.427043,1.002617,-0.140061,1.098738
16.700000,0.255127,-0.002616,1.242476,-0.174351,-0.000035,1.570817,-0.175572,1.000000,1.100000,0.000000,0.000000,-1.571000,-0.430699,1.002616,-0.142476,1.100473
16.710000,0.250920,-0.002616,1.244871,-0.174361,-0.000035,1.570816,-0.183127,1.000000,1.100000,0.000000,0.000000,-1.571000,-0.434047,1.002616,-0.144871,1.102099
16.720000,0.246581,-0.002615,1.247244,-0.174369,-0.000036,1.570816,-0.190500,1.000000,1.100000,0.000000,0.000000,-1.571000,-0.437081,1.002615,-0.147244,1.103611
16.730000,0.242110,-0.002615,1.249594,-0.174374,-0.000039,1.570816,-0.197686,1.000000,1.100000,0.000000,0.000000,-1.571000,-0.439795,1.002615,-0.149594,1.105004
16.740000,0.237508,-0.002614,1.251921,-0.174376,-0.000041,1.570816,-0.204676,1.000000,1.100000,0.000000,0.000000,-1.571000,-0.442184,1.002614,-0.151921,1.106274
16.750000,0.232778,-0.002614,1.254224,-0.174376,-0.000042,1.570817,-0.211465,1.000000,1.100000,0.000000,0.000000,-1.571000,-0.444242,1.002614,-0.154224,1.107416
16.760000,0.227919,-0.002613,1.256502,-0.174374,-0.000043,1.570817,-0.218044,1.000000,1.100000,0.000000,0.000000,-1.571000,-0.445964,1.002613,-0.156502,1.108427
16.770000,0.222935,-0.002613,1.258755,-0.174370,-0.000042,1.570816,-0.224409,1.000000,1.100000,0.000000,0.000000,-1.571000,-0.447344,1.002613,-0.158755,1.109303
16.780000,0.217826,-0.002613,1.260977,-0.174366,-0.000041,1.570816,-0.230552,1.000000,1.100000,0.000000,0.000000,-1.571000,-0.448378,1.002613,-0.160977,1.110040
16.790000,0.212596,-0.002612,1.263162,-0.174360,-0.000040,1.570816,-0.236468,1.000000,1.100000,0.000000,0.000000,-1.571000,-0.449064,1.002612,-0.163162,1.110636
16.800000,0.207245,-0.002612,1.265307,-0.174355,-0.000038,1.570815,-0.242150,1.000000,1.100000,0.000000,0.000000,-1.571000,-0.449395,1.002612,-0.165307,1.111087
16.810000,0.201776,-0.002612,1.267412,-0.174349,-0.000038,1.570815,-0.247593,1.000000,1.100000,0.000000,0.000000,-1.571000,-0.449369,1.002612,-0.167412,1.111391
16.820000,0.196189,-0.002612,1.269476,-0.174343,-0.000037,1.570815,-0.252792,1.000000,1.100000,0.000000,0.000000,-1.571000,-0.448981,1.002612,-0.169476,1.111547
16.830000,0.190486,-0.002612,1.271496,-0.174337,-0.000038,1.570814,-0.257742,1.000000,1.100000,0.000000,0.000000,-1.571000,-0.448227,1.002612,-0.171496,1.111552
16.840000,0.184669,-0.002612,1.273465,-0.174330,-0.000038,1.570814,-0.262437,1.000000,1.100000,0.000000,0.000000,-1.571000,-0.447106,1.002612,-0.173465,1.111406
16.850000,0.178741,-0.002612,1.275378,-0.174324,-0.000040,1.570815,-0.266873,1.000000,1.100000,0.000000,0.000000,-1.571000,-0.445614,1.002612,-0.175378,1.111107
16.860000,0.172703,-0.002612,1.277233,-0.174318,-0.000041,1.570815,-0.271045,1.000000,1.100000,0.000000,0.000000,-1.571000,-0.443749,1.002612,-0.177233,1.110655
16.870000,0.166556,-0.002612,1.279028,-0.174312,-0.000043,1.570815,-0.274951,1.000000,1.100000,0.000000,0.000000,-1.571000,-0.441507,1.002612,-0.179028,1.110050
16.880000,0.160303,-0.002612,1.280762,-0.174306,-0.000044,1.570815,-0.278585,1.000000,1.100000,0.000000,0.000000,-1.571000,-0.438887,1.002612,-0.180762,1.109291
16.890000,0.153943,-0.002612,1.282434,-0.174230,-0.000045,1.570815,-0.281944,1.000000,1.100000,0.000000,0.000000,-1.571000,-0.435886,1.002612,-0.182434,1.108382
16.900000,0.147479,-0.002612,1.284040,-0.173833,-0.000046,1.570813,-0.285024,1.000000,1.100000,0.000000,0.000000,-1.571000,-0.432503,1.002612,-0.184040,1.107322
16.910000,0.140912,-0.002612,1.285579,-0.172946,-0.000045,1.570809,-0.287824,1.000000,1.100000,0.000000,0.000000,-1.571000,-0.428736,1.002612,-0.185579,1.106113
16.920000,0.134245,-0.002613,1.287050,-0.171514,-0.000044,1.570804,-0.290339,1.000000,1.100000,0.000000,0.000000,-1.571000,-0.424585,1.002613,-0.187050,1.104759
16.930000,0.127481,-0.002613,1.288452,-0.169565,-0.000041,1.570798,-0.292568,1.000000,1.100000,0.000000,0.000000,-1.571000,-0.420049,1.002613,-0.188452,1.103262
16.940000,0.120621,-0.002613,1.289787,-0.167184,-0.000037,1.570793,-0.294508,1.000000,1.100000,0.000000,0.000000,-1.571000,-0.415129,1.002613,-0.189787,1.101628
16.950000,0.113669,-0.002614,1.291053,-0.164496,-0.000033,1.570789,-0.296158,1.000000,1.100000,0.000000,0.000000,-1.571000,-0.409826,1.002614,-0.191053,1.099861
16.960000,0.106628,-0.002614,1.292253,-0.161639,-0.000029,1.570788,-0.297515,1.000000,1.100000,0.000000,0.000000,-1.571000,-0.404143,1.002614,-0.192253,1.097965
16.970000,0.099503,-0.002615,1.293385,-0.158519,-0.000024,1.570789,-0.298578,1.000000,1.100000,0.000000,0.000000,-1.571000,-0.398081,1.002615,-0.193385,1.095948
16.980000,0.092297,-0.002615,1.294445,-0.154417,-0.000020,1.570786,-0.299347,1.000000,1.100000,0.000000,0.000000,-1.571000,-0.391645,1.002615,-0.194445,1.093815
16.990000,0.085017,-0.002616,1.295428,-0.148872,-0.000017,1.570780,-0.299821,1.000000,1.100000,0.000000,0.000000,-1.571000,-0.384838,1.002616,-0.195428,1.091572
17.000000,0.077667,-0.002616,1.296335,-0.141774,-0.000016,1.570770,-0.299999,1.000000,1.100000,0.000000,0.000000,-1.571000,-0.377666,1.002616,-0.196335,1.089228
17.010000,0.070257,-0.002616,1.297164,-0.133268,-0.000015,1.570760,-0.299880,1.000000,1.100000,0.000000,0.000000,-1.571000,-0.370137,1.002616,-0.197164,1.086791
17.020000,0.062793,-0.002617,1.297916,-0.123668,-0.000014,1.570751,-0.299466,1.000000,1.100000,0.000000,0.000000,-1.571000,-0.362258,1.002617,-0.197916,1.084271
17.030000,0.055285,-0.002617,1.298592,-0.113352,-0.000013,1.570748,-0.298756,1.000000,1.100000,0.000000,0.000000,-1.571000,-0.354041,1.002617,-0.198592,1.081677
17.040000,0.047744,-0.002618,1.299192,-0.102645,-0.000012,1.570751,-0.297751,1.000000,1.100000,0.000000,0.000000,-1.571000,-0.345495,1.002618,-0.199192,1.079021
17.050000,0.040179,-0.002618,1.299716,-0.091901,-0.000010,1.570760,-0.296452,1.000000,1.100000,0.000000,0.000000,-1.571000,-0.336631,1.002618,-0.199716,1.076313
17.060000,0.032600,-0.002619,1.300164,-0.081479,-0.000008,1.570776,-0.294861,1.000000,1.100000,0.000000,0.000000,-1.571000,-0.327462,1.002619,-0.200164,1.073565
17.070000,0.025018,-0.002619,1.300538,-0.071703,-0.000006,1.570796,-0.292979,1.000000,1.100000,0.000000,0.000000,-1.571000,-0.317997,1.002619,-0.200538,1.070786
17.080000,0.017440,-0.002620,1.300839,-0.062833,-0.000004,1.570819,-0.290808,1.000000,1.100000,0.000000,0.000000,-1.571000,-0.308248,1.002620,-0.200839,1.067989
17.090000,0.009875,-0.002620,1.301069,-0.054579,-0.000002,1.570839,-0.288350,1.000000,1.100000,0.000000,0.000000,-1.571000,-0.298225,1.002620,-0.201069,1.065183
17.100000,0.002330,-0.002621,1.301238,-0.045328,-0.000001,1.570847,-0.285607,1.000000,1.100000,0.000000,0.000000,-1.571000,-0.287937,1.002621,-0.201238,1.062381
17.110000,-0.005187,-0.002621,1.301351,-0.033953,0.000000,1.570838,-0.282582,1.000000,1.100000,0.000000,0.000000,-1.571000,-0.277395,1.002621,-0.201351,1.059594
17.120000,-0.012666,-0.002622,1.301413,-0.020025,0.000003,1.570815,-0.279279,1.000000,1.100000,0.000000,0.000000,-1.571000,-0.266613,1.002622,-0.201413,1.056835
17.130000,-0.020094,-0.002622,1.301426,-0.003632,0.000009,1.570786,-0.275699,1.000000,1.100000,0.000000,0.000000,-1.571000,-0.255606,1.002622,-0.201426,1.054115
17.140000,-0.027457,-0.002623,1.301394,0.014775,0.000016,1.570757,-0.271848,1.000000,1.100000,0.000000,0.000000,-1.571000,-0.244392,1.002623,-0.201394,1.051446
17.150000,-0.034737,-0.002623,1.301317,0.034518,0.000026,1.570735,-0.267729,1.000000,1.100000,0.000000,0.000000,-1.571000,-0.232991,1.002623,-0.201317,1.048841
17.160000,-0.041919,-0.002624,1.301195,0.054807,0.000037,1.570728,-0.263345,1.000000,1.100000,0.000000,0.000000,-1.571000,-0.221426,1.002624,-0.201195,1.046309
17.170000,-0.048983,-0.002624,1.301029,0.074842,0.000047,1.570736,-0.258701,1.000000,1.100000,0.000000,0.000000,-1.571000,-0.209718,1.002624,-0.201029,1.043863
17.180000,-0.055912,-0.002624,1.300824,0.093889,0.000056,1.570759,-0.253802,1.000000,1.100000,0.000000,0.000000,-1.571000,-0.197891,1.002624,-0.200824,1.041512
17.190000,-0.062688,-0.002625,1.300582,0.111338,0.000063,1.570794,-0.248653,1.000000,1.100000,0.000000,0.000000,-1.571000,-0.185965,1.002625,-0.200582,1.039265
17.200000,-0.069297,-0.002625,1.300305,0.126739,0.000066,1.570836,-0.243258,1.000000,1.100000,0.000000,0.000000,-1.571000,-0.173960,1.002625,-0.200305,1.037131
17.210000,-0.075726,-0.002625,1.299991,0.139818,0.000065,1.570879,-0.237623,1.000000,1.100000,0.000000,0.000000,-1.571000,-0.161897,1.002625,-0.199991,1.035115
17.220000,-0.081964,-0.002625,1.299641,0.150470,0.000060,1.570917,-0.231754,1.000000,1.100000,0.000000,0.000000,-1.571000,-0.149789,1.002625,-0.199641,1.033223
17.230000,-0.088002,-0.002625,1.299261,0.158747,0.000053,1.570947,-0.225655,1.000000,1.100000,0.000000,0.000000,-1.571000,-0.137653,1.002625,-0.199261,1.031460
17.240000,-0.093829,-0.002625,1.298874,0.164825,0.000046,1.570967,-0.219335,1.000000,1.100000,0.000000,0.000000,-1.571000,-0.125505,1.002625,-0.198874,1.029835
17.250000,-0.099440,-0.002625,1.298498,0.168971,0.000040,1.570975,-0.212797,1.000000,1.100000,0.000000,0.000000,-1.571000,-0.113358,1.002625,-0.198498,1.028352
17.260000,-0.104829,-0.002625,1.298144,0.171511,0.000038,1.570973,-0.206050,1.000000,1.100000,0.000000,0.000000,-1.571000,-0.101222,1.002625,-0.198144,1.027017
17.270000,-0.109994,-0.002624,1.297818,0.172795,0.000038,1.570961,-0.199100,1.000000,1.100000,0.000000,0.000000,-1.571000,-0.089105,1.002624,-0.197818,1.025830
17.280000,-0.114937,-0.002624,1.297525,0.173164,0.000041,1.570941,-0.191952,1.000000,1.100000,0.000000,0.000000,-1.571000,-0.077015,1.002624,-0.197525,1.024794
17.290000,-0.119658,-0.002624,1.297268,0.172935,0.000046,1.570915,-0.184616,1.000000,1.100000,0.000000,0.000000,-1.571000,-0.064958,1.002624,-0.197268,1.023908
17.300000,-0.124157,-0.002623,1.297056,0.172379,0.000052,1.570887,-0.177097,1.000000,1.100000,0.000000,0.000000,-1.571000,-0.052940,1.002623,-0.197056,1.023175
17.310000,-0.128436,-0.002623,1.296893,0.171711,0.000060,1.570857,-0.169404,1.000000,1.100000,0.000000,0.000000,-1.571000,-0.040968,1.002623,-0.196893,1.022594
17.320000,-0.132498,-0.002622,1.296784,0.171092,0.000068,1.570828,-0.161543,1.000000,1.100000,0.000000,0.000000,-1.571000,-0.029045,1.002622,-0.196784,1.022164
17.330000,-0.136344,-0.002621,1.296731,0.170629,0.000074,1.570801,-0.153523,1.000000,1.100000,0.000000,0.000000,-1.571000,-0.017179,1.002621,-0.196731,1.021884
17.340000,-0.139977,-0.002621,1.296733,0.170376,0.000080,1.570778,-0.145351,1.000000,1.100000,0.000000,0.000000,-1.571000,-0.005375,1.002621,-0.196733,1.021754
17.350000,-0.143398,-0.002620,1.296793,0.170350,0.000084,1.570758,-0.137036,1.000000,1.100000,0.000000,0.000000,-1.571000,0.006362,1.002620,-0.196793,1.021770
17.360000,-0.146610,-0.002619,1.296909,0.170535,0.000086,1.570744,-0.128586,1.000000,1.100000,0.000000,0.000000,-1.571000,0.018024,1.002619,-0.196909,1.021931
17.370000,-0.149615,-0.002618,1.297082,0.170893,0.000087,1.570733,-0.120009,1.000000,1.100000,0.000000,0.000000,-1.571000,0.029606,1.002618,-0.197082,1.022233
17.380000,-0.152413,-0.002617,1.297309,0.171377,0.000085,1.570727,-0.111313,1.000000,1.100000,0.000000,0.000000,-1.571000,0.041100,1.002617,-0.197309,1.022673
17.390000,-0.155007,-0.002616,1.297591,0.171934,0.000081,1.570724,-0.102508,1.000000,1.100000,0.000000,0.000000,-1.571000,0.052500,1.002616,-0.197591,1.023248
17.400000,-0.157398,-0.002615,1.297926,0.172513,0.000075,1.570723,-0.093601,1.000000,1.100000,0.000000,0.000000,-1.571000,0.063797,1.002615,-0.197926,1.023954
17.410000,-0.159588,-0.002614,1.298312,0.173071,0.000066,1.570725,-0.084602,1.000000,1.100000,0.000000,0.000000,-1.571000,0.074986,1.002614,-0.198312,1.024785
17.420000,-0.161576,-0.002612,1.298751,0.173573,0.000056,1.570729,-0.075519,1.000000,1.100000,0.000000,0.000000,-1.571000,0.086057,1.002612,-0.198751,1.025738
17.430000,-0.163366,-0.002611,1.299241,0.173996,0.000046,1.570733,-0.066362,1.000000,1.100000,0.000000,0.000000,-1.571000,0.097003,1.002611,-0.199241,1.026808
17.440000,-0.164956,-0.002610,1.299789,0.174327,0.000036,1.570738,-0.057140,1.000000,1.100000,0.000000,0.000000,-1.571000,0.107816,1.002610,-0.199789,1.027991
17.450000,-0.166349,-0.002608,1.300398,0.174561,0.000027,1.570743,-0.047861,1.000000,1.100000,0.000000,0.000000,-1.571000,0.118488,1.002608,-0.200398,1.029282
17.460000,-0.167544,-0.002607,1.301069,0.174704,0.000019,1.570748,-0.038535,1.000000,1.100000,0.000000,0.000000,-1.571000,0.129009,1.002607,-0.201069,1.030676
17.470000,-0.168544,-0.002606,1.301804,0.174767,0.000013,1.570752,-0.029171,1.000000,1.100000,0.000000,0.000000,-1.571000,0.139373,1.002606,-0.201804,1.032167
17.480000,-0.169350,-0.002604,1.302602,0.174764,0.000008,1.570757,-0.019778,1.000000,1.100000,0.000000,0.000000,-1.571000,0.149572,1.002604,-0.202602,1.033748
17.490000,-0.169963,-0.002603,1.303464,0.174713,0.000004,1.570760,-0.010365,1.000000,1.100000,0.000000,0.000000,-1.571000,0.159598,1.002603,-0.203464,1.035414
17.500000,-0.170388,-0.002602,1.304381,0.174630,0.000001,1.570763,-0.000942,1.000000,1.100000,0.000000,0.000000,-1.571000,0.169445,1.002602,-0.204381,1.037157
17.510000,-0.170626,-0.002601,1.305349,0.174529,-0.000001,1.570766,0.008481,1.000000,1.100000,0.000000,0.000000,-1.571000,0.179107,1.002601,-0.205349,1.038968
17.520000,-0.170679,-0.002599,1.306366,0.174423,-0.000003,1.570768,0.017896,1.000000,1.100000,0.000000,0.000000,-1.571000,0.188576,1.002599,-0.206366,1.040842
17.530000,-0.170550,-0.002598,1.307428,0.174322,-0.000005,1.570769,0.027294,1.000000,1.100000,0.000000,0.000000,-1.571000,0.197844,1.002598,-0.207428,1.042771
17.540000,-0.170241,-0.002597,1.308535,0.174233,-0.000008,1.570770,0.036665,1.000000,1.100000,0.000000,0.000000,-1.571000,0.206906,1.002597,-0.208535,1.044748
17.550000,-0.169754,-0.002596,1.309686,0.174162,-0.000011,1.570771,0.045999,1.000000,1.100000,0.000000,0.000000,-1.571000,0.215753,1.002596,-0.209686,1.046764
17.560000,-0.169090,-0.002594,1.310879,0.174110,-0.000014,1.570771,0.055288,1.000000,1.100000,0.000000,0.000000,-1.571000,0.224378,1.002594,-0.210879,1.048814
17.570000,-0.168251,-0.002593,1.312114,0.174079,-0.000017,1.570772,0.064523,1.000000,1.100000,0.000000,0.000000,-1.571000,0.232774,1.002593,-0.212114,1.050890
17.580000,-0.167240,-0.002592,1.313387,0.174067,-0.000020,1.570772,0.073694,1.000000,1.100000,0.000000,0.000000,-1.571000,0.240934,1.002592,-0.213387,1.052984
17.590000,-0.166058,-0.002591,1.314697,0.174072,-0.000021,1.570773,0.082792,1.000000,1.100000,0.000000,0.000000,-1.571000,0.248850,1.002591,-0.214697,1.055088
17.600000,-0.164707,-0.002590,1.316042,0.174089,-0.000022,1.570774,0.091808,1.000000,1.100000,0.000000,0.000000,-1.571000,0.256515,1.002590,-0.216042,1.057195
17.610000,-0.163188,-0.002589,1.317421,0.174115,-0.000022,1.570774,0.100734,1.000000,1.100000,0.000000,0.000000,-1.571000,0.263922,1.002589,-0.217421,1.059298
17.620000,-0.161504,-0.002588,1.318833,0.174146,-0.000021,1.570775,0.109561,1.000000,1.100000,0.000000,0.000000,-1.571000,0.271065,1.002588,-0.218833,1.061389
17.630000,-0.159656,-0.002587,1.320275,0.174181,-0.000020,1.570776,0.118279,1.000000,1.100000,0.000000,0.000000,-1.571000,0.277935,1.002587,-0.220275,1.063461
17.640000,-0.157648,-0.002586,1.321735,0.174215,-0.000020,1.570776,0.126880,1.000000,1.100000,0.000000,0.000000,-1.571000,0.284528,1.002586,-0.221735,1.065506
17.650000,-0.155482,-0.002586,1.323207,0.174246,-0.000022,1.570776,0.135357,1.000000,1.100000,0.000000,0.000000,-1.571000,0.290839,1.002586,-0.223207,1.067514
17.660000,-0.153162,-0.002585,1.324684,0.174274,-0.000026,1.570775,0.143699,1.000000,1.100000,0.000000,0.000000,-1.571000,0.296861,1.002585,-0.224684,1.069479
17.670000,-0.150688,-0.002584,1.326164,0.174297,-0.000031,1.570773,0.151900,1.000000,1.100000,0.000000,0.000000,-1.571000,0.302588,1.002584,-0.226164,1.071393
17.680000,-0.148062,-0.002583,1.327644,0.174315,-0.000037,1.570772,0.159951,1.000000,1.100000,0.000000,0.000000,-1.571000,0.308013,1.002583,-0.227644,1.073251
17.690000,-0.145287,-0.002582,1.329122,0.174328,-0.000043,1.570771,0.167845,1.000000,1.100000,0.000000,0.000000,-1.571000,0.313131,1.002582,-0.229122,1.075044
17.700000,-0.142364,-0.002582,1.330593,0.174335,-0.000049,1.570770,0.175572,1.000000,1.100000,0.000000,0.000000,-1.571000,0.317936,1.002582,-0.230593,1.076767
17.710000,-0.139296,-0.002581,1.332051,0.174337,-0.000054,1.570769,0.183127,1.000000,1.100000,0.000000,0.000000,-1.571000,0.322423,1.002581,-0.232051,1.078412
17.720000,-0.136085,-0.002581,1.333495,0.174336,-0.000057,1.570770,0.190500,1.000000,1.100000,0.000000,0.000000,-1.571000,0.326585,1.002581,-0.233495,1.079975
17.730000,-0.132733,-0.002580,1.334923,0.174331,-0.000060,1.570770,0.197686,1.000000,1.100000,0.000000,0.000000,-1.571000,0.330418,1.002580,-0.234923,1.081449
17.740000,-0.129240,-0.002580,1.336334,0.174325,-0.000061,1.570770,0.204676,1.000000,1.100000,0.000000,0.000000,-1.571000,0.333916,1.002580,-0.236334,1.082829
17.750000,-0.125608,-0.002580,1.337727,0.174317,-0.000060,1.570771,0.211465,1.000000,1.100000,0.000000,0.000000,-1.571000,0.337072,1.002580,-0.237727,1.084111
17.760000,-0.121838,-0.002579,1.339102,0.174308,-0.000058,1.570772,0.218044,1.000000,1.100000,0.000000,0.000000,-1.571000,0.339883,1.002579,-0.239102,1.085290
17.770000,-0.117933,-0.002579,1.340458,0.174299,-0.000055,1.570773,0.224409,1.000000,1.100000,0.000000,0.000000,-1.571000,0.342342,1.002579,-0.240458,1.086362
17.780000,-0.113895,-0.002579,1.341784,0.174290,-0.000051,1.570774,0.230552,1.000000,1.100000,0.000000,0.000000,-1.571000,0.344447,1.002579,-0.241784,1.087322
17.790000,-0.109727,-0.002579,1.343077,0.174281,-0.000048,1.570775,0.236468,1.000000,1.100000,0.000000,0.000000,-1.571000,0.346194,1.002579,-0.243077,1.088164
17.800000,-0.105429,-0.002579,1.344330,0.174271,-0.000044,1.570775,0.242150,1.000000,1.100000,0.000000,0.000000,-1.571000,0.347579,1.002579,-0.244330,1.088886
17.810000,-0.101005,-0.002579,1.345544,0.174261,-0.000040,1.570776,0.247593,1.000000,1.100000,0.000000,0.000000,-1.571000,0.348598,1.002579,-0.245544,1.089485
17.820000,-0.096455,-0.002579,1.346715,0.174252,-0.000036,1.570777,0.252792,1.000000,1.100000,0.000000,0.000000,-1.571000,0.349247,1.002579,-0.246715,1.089957
17.830000,-0.091781,-0.002579,1.347844,0.174242,-0.000034,1.570778,0.257742,1.000000,1.100000,0.000000,0.000000,-1.571000,0.349523,1.002579,-0.247844,1.090301
17.840000,-0.086985,-0.002579,1.348924,0.174232,-0.000032,1.570778,0.262437,1.000000,1.100000,0.000000,0.000000,-1.571000,0.349422,1.002579,-0.248924,1.090515
17.850000,-0.082069,-0.002579,1.349952,0.174224,-0.000032,1.570778,0.266873,1.000000,1.100000,0.000000,0.000000,-1.571000,0.348942,1.002579,-0.249952,1.090597
17.860000,-0.077034,-0.002579,1.350927,0.174217,-0.000033,1.570778,0.271045,1.000000,1.100000,0.000000,0.000000,-1.571000,0.348080,1.002579,-0.250927,1.090545
17.870000,-0.071882,-0.002580,1.351848,0.174212,-0.000034,1.570778,0.274951,1.000000,1.100000,0.000000,0.000000,-1.571000,0.346833,1.002580,-0.251848,1.090361
17.880000,-0.066614,-0.002580,1.352714,0.174211,-0.000036,1.570778,0.278585,1.000000,1.100000,0.000000,0.000000,-1.571000,0.345199,1.002580,-0.252714,1.090043
17.890000,-0.061232,-0.002580,1.353523,0.174152,-0.000037,1.570778,0.281944,1.000000,1.100000,0.000000,0.000000,-1.571000,0.343175,1.002580,-0.253523,1.089592
17.900000,-0.055737,-0.002580,1.354270,0.173816,-0.000039,1.570780,0.285024,1.000000,1.100000,0.000000,0.000000,-1.571000,0.340761,1.002580,-0.254270,1.089008
17.910000,-0.050132,-0.002581,1.354949,0.173056,-0.000041,1.570783,0.287824,1.000000,1.100000,0.000000,0.000000,-1.571000,0.337956,1.002581,-0.254949,1.088293
17.920000,-0.044419,-0.002581,1.355558,0.171823,-0.000043,1.570788,0.290339,1.000000,1.100000,0.000000,0.000000,-1.571000,0.334758,1.002581,-0.255558,1.087448
17.930000,-0.038602,-0.002582,1.356096,0.170139,-0.000045,1.570792,0.292568,1.000000,1.100000,0.000000,0.000000,-1.571000,0.331170,1.002582,-0.256096,1.086475
17.940000,-0.032681,-0.002582,1.356564,0.168080,-0.000045,1.570796,0.294508,1.000000,1.100000,0.000000,0.000000,-1.571000,0.327189,1.002582,-0.256564,1.085379
17.950000,-0.026661,-0.002583,1.356960,0.165751,-0.000044,1.570798,0.296158,1.000000,1.100000,0.000000,0.000000,-1.571000,0.322819,1.002583,-0.256960,1.084164
17.960000,-0.020545,-0.002583,1.357286,0.163273,-0.000041,1.570799,0.297515,1.000000,1.100000,0.000000,0.000000,-1.571000,0.318060,1.002583,-0.257286,1.082835
17.970000,-0.014335,-0.002584,1.357542,0.160531,-0.000037,1.570798,0.298578,1.000000,1.100000,0.000000,0.000000,-1.571000,0.312914,1.002584,-0.257542,1.081396
17.980000,-0.008037,-0.002584,1.357724,0.156780,-0.000033,1.570801,0.299347,1.000000,1.100000,0.000000,0.000000,-1.571000,0.307384,1.002584,-0.257724,1.079853
17.990000,-0.001653,-0.002585,1.357833,0.151540,-0.000030,1.570809,0.299821,1.000000,1.100000,0.000000,0.000000,-1.571000,0.301474,1.002585,-0.257833,1.078212
18.000000,0.004809,-0.002585,1.357867,0.144690,-0.000027,1.570820,0.299999,1.000000,1.100000,0.000000,0.000000,-1.571000,0.295190,1.002585,-0.257867,1.076480
18.010000,0.011342,-0.002586,1.357827,0.136369,-0.000025,1.570832,0.299880,1.000000,1.100000,0.000000,0.000000,-1.571000,0.288538,1.002586,-0.257827,1.074666
18.020000,0.017939,-0.002587,1.357714,0.126891,-0.000023,1.570842,0.299466,1.000000,1.100000,0.000000,0.000000,-1.571000,0.281526,1.002587,-0.257714,1.072779
18.030000,0.024591,-0.002587,1.357530,0.116642,-0.000020,1.570847,0.298756,1.000000,1.100000,0.000000,0.000000,-1.571000,0.274165,1.002587,-0.257530,1.070827
18.040000,0.031287,-0.002588,1.357275,0.105958,-0.000016,1.570845,0.297751,1.000000,1.100000,0.000000,0.000000,-1.571000,0.266464,1.002588,-0.257275,1.068820
18.050000,0.038017,-0.002589,1.356950,0.095206,-0.000011,1.570836,0.296452,1.000000,1.100000,0.000000,0.000000,-1.571000,0.258436,1.002589,-0.256950,1.066769
18.060000,0.044771,-0.002590,1.356555,0.084756,-0.000005,1.570821,0.294861,1.000000,1.100000,0.000000,0.000000,-1.571000,0.250090,1.002590,-0.256555,1.064684
18.070000,0.051539,-0.002590,1.356093,0.074942,0.000001,1.570801,0.292979,1.000000,1.100000,0.000000,0.000000,-1.571000,0.241440,1.002590,-0.256093,1.062574
18.080000,0.058314,-0.002591,1.355563,0.066034,0.000007,1.570778,0.290808,1.000000,1.100000,0.000000,0.000000,-1.571000,0.232494,1.002591,-0.255563,1.060450
18.090000,0.065085,-0.002592,1.354973,0.057738,0.000011,1.570757,0.288350,1.000000,1.100000,0.000000,0.000000,-1.571000,0.223264,1.002592,-0.254973,1.058323
18.100000,0.071848,-0.002592,1.354344,0.048420,0.000015,1.570749,0.285607,1.000000,1.100000,0.000000,0.000000,-1.571000,0.213758,1.002592,-0.254344,1.056208
18.110000,0.078595,-0.002593,1.353692,0.036933,0.000020,1.570757,0.282582,1.000000,1.100000,0.000000,0.000000,-1.571000,0.203987,1.002593,-0.253692,1.054117
18.120000,0.085314,-0.002593,1.353028,0.022843,0.000027,1.570779,0.279279,1.000000,1.100000,0.000000,0.000000,-1.571000,0.193965,1.002593,-0.253028,1.052064
18.130000,0.091993,-0.002594,1.352358,0.006242,0.000037,1.570808,0.275699,1.000000,1.100000,0.000000,0.000000,-1.571000,0.183707,1.002594,-0.252358,1.050061
18.140000,0.098616,-0.002595,1.351685,-0.012414,0.000050,1.570837,0.271848,1.000000,1.100000,0.000000,0.000000,-1.571000,0.173232,1.002595,-0.251685,1.048118
18.150000,0.105166,-0.002595,1.351013,-0.032435,0.000064,1.570858,0.267729,1.000000,1.100000,0.000000,0.000000,-1.571000,0.162563,1.002595,-0.251013,1.046246
18.160000,0.111623,-0.002595,1.350342,-0.053019,0.000079,1.570866,0.263345,1.000000,1.100000,0.000000,0.000000,-1.571000,0.151722,1.002595,-0.250342,1.044456
18.170000,0.117970,-0.002596,1.349669,-0.073351,0.000093,1.570858,0.258701,1.000000,1.100000,0.000000,0.000000,-1.571000,0.140731,1.002596,-0.249669,1.042755
18.180000,0.124187,-0.002596,1.348988,-0.092686,0.000103,1.570834,0.253802,1.000000,1.100000,0.000000,0.000000,-1.571000,0.129615,1.002596,-0.248988,1.041150
18.190000,0.130259,-0.002596,1.348293,-0.110402,0.000107,1.570799,0.248653,1.000000,1.100000,0.000000,0.000000,-1.571000,0.118394,1.002596,-0.248293,1.039647
18.200000,0.136169,-0.002596,1.347577,-0.126042,0.000103,1.570756,0.243258,1.000000,1.100000,0.000000,0.000000,-1.571000,0.107089,1.002596,-0.247577,1.038249
18.210000,0.141905,-0.002596,1.346839,-0.139326,0.000093,1.570713,0.237623,1.000000,1.100000,0.000000,0.000000,-1.571000,0.095718,1.002596,-0.246839,1.036962
18.220000,0.147456,-0.002596,1.346075,-0.150147,0.000078,1.570674,0.231754,1.000000,1.100000,0.000000,0.000000,-1.571000,0.084298,1.002596,-0.246075,1.035789
18.230000,0.152812,-0.002596,1.345292,-0.158557,0.000059,1.570644,0.225655,1.000000,1.100000,0.000000,0.000000,-1.571000,0.072844,1.002596,-0.245292,1.034733
18.240000,0.157962,-0.002595,1.344518,-0.164732,0.000041,1.570625,0.219335,1.000000,1.100000,0.000000,0.000000,-1.571000,0.061372,1.002595,-0.244518,1.033805
18.250000,0.162899,-0.002595,1.343774,-0.168947,0.000026,1.570617,0.212797,1.000000,1.100000,0.000000,0.000000,-1.571000,0.049898,1.002595,-0.243774,1.033011
18.260000,0.167618,-0.002595,1.343073,-0.171530,0.000017,1.570620,0.206050,1.000000,1.100000,0.000000,0.000000,-1.571000,0.038432,1.002595,-0.243073,1.032355
18.270000,0.172117,-0.002594,1.342422,-0.172835,0.000013,1.570632,0.199100,1.000000,1.100000,0.000000,0.000000,-1.571000,0.026983,1.002594,-0.242422,1.031839
18.280000,0.176395,-0.002594,1.341826,-0.173212,0.000015,1.570652,0.191952,1.000000,1.100000,0.000000,0.000000,-1.571000,0.015557,1.002594,-0.241826,1.031463
18.290000,0.180454,-0.002593,1.341288,-0.172980,0.000021,1.570678,0.184616,1.000000,1.100000,0.000000,0.000000,-1.571000,0.004162,1.002593,-0.241288,1.031227
18.300000,0.184296,-0.002592,1.340809,-0.172414,0.000030,1.570707,0.177097,1.000000,1.100000,0.000000,0.000000,-1.571000,-0.007199,1.002592,-0.240809,1.031132
18.310000,0.187923,-0.002592,1.340388,-0.171735,0.000039,1.570738,0.169404,1.000000,1.100000,0.000000,0.000000,-1.571000,-0.018519,1.002592,-0.240388,1.031174
18.320000,0.191337,-0.002591,1.340027,-0.171106,0.000049,1.570768,0.161543,1.000000,1.100000,0.000000,0.000000,-1.571000,-0.029794,1.002591,-0.240027,1.031353
18.330000,0.194542,-0.002590,1.339725,-0.170634,0.000057,1.570795,0.153523,1.000000,1.100000,0.000000,0.000000,-1.571000,-0.041019,1.002590,-0.239725,1.031668
18.340000,0.197539,-0.002590,1.339481,-0.170376,0.000062,1.570819,0.145351,1.000000,1.100000,0.000000,0.000000,-1.571000,-0.052187,1.002590,-0.239481,1.032115
18.350000,0.200331,-0.002589,1.339296,-0.170348,0.000064,1.570839,0.137036,1.000000,1.100000,0.000000,0.000000,-1.571000,-0.063294,1.002589,-0.239296,1.032692
18.360000,0.202919,-0.002588,1.339169,-0.170535,0.000064,1.570855,0.128586,1.000000,1.100000,0.000000,0.000000,-1.571000,-0.074333,1.002588,-0.239169,1.033397
18.370000,0.205306,-0.002587,1.339099,-0.170899,0.000061,1.570866,0.120009,1.000000,1.100000,0.000000,0.000000,-1.571000,-0.085297,1.002587,-0.239099,1.034227
18.380000,0.207494,-0.002586,1.339082,-0.171391,0.000055,1.570873,0.111313,1.000000,1.100000,0.000000,0.000000,-1.571000,-0.096181,1.002586,-0.239082,1.035176
18.390000,0.209483,-0.002585,1.339115,-0.171958,0.000048,1.570876,0.102508,1.000000,1.100000,0.000000,0.000000,-1.571000,-0.106976,1.002585,-0.239115,1.036241
18.400000,0.211277,-0.002584,1.339196,-0.172548,0.000039,1.570877,0.093601,1.000000,1.100000,0.000000,0.000000,-1.571000,-0.117676,1.002584,-0.239196,1.037418
18.410000,0.212875,-0.002583,1.339324,-0.173116,0.000030,1.570875,0.084602,1.000000,1.100000,0.000000,0.000000,-1.571000,-0.128273,1.002583,-0.239324,1.038702
18.420000,0.214280,-0.002582,1.339498,-0.173628,0.000020,1.570871,0.075519,1.000000,1.100000,0.000000,0.000000,-1.571000,-0.138760,1.002582,-0.239498,1.040088
18.430000,0.215492,-0.002581,1.339717,-0.174060,0.000012,1.570866,0.066362,1.000000,1.100000,0.000000,0.000000,-1.571000,-0.149130,1.002581,-0.239717,1.041572
18.440000,0.216513,-0.002580,1.339984,-0.174397,0.000005,1.570860,0.057140,1.000000,1.100000,0.000000,0.000000,-1.571000,-0.159373,1.002580,-0.239984,1.043148
18.450000,0.217344,-0.002579,1.340298,-0.174636,-0.000001,1.570854,0.047861,1.000000,1.100000,0.000000,0.000000,-1.571000,-0.169483,1.002579,-0.240298,1.044812
18.460000,0.217986,-0.002578,1.340661,-0.174782,-0.000004,1.570848,0.038535,1.000000,1.100000,0.000000,0.000000,-1.571000,-0.179451,1.002578,-0.240661,1.046557
18.470000,0.218440,-0.002577,1.341072,-0.174846,-0.000005,1.570843,0.029171,1.000000,1.100000,0.000000,0.000000,-1.571000,-0.189270,1.002577,-0.241072,1.048379
18.480000,0.218709,-0.002576,1.341532,-0.174842,-0.000005,1.570838,0.019778,1.000000,1.100000,0.000000,0.000000,-1.571000,-0.198931,1.002576,-0.241532,1.050271
18.490000,0.218793,-0.002575,1.342039,-0.174789,-0.000005,1.570834,0.010365,1.000000,1.100000,0.000000,0.000000,-1.571000,-0.208428,1.002575,-0.242039,1.052227
18.500000,0.218696,-0.002574,1.342590,-0.174702,-0.000004,1.570830,0.000942,1.000000,1.100000,0.000000,0.000000,-1.571000,-0.217754,1.002574,-0.242590,1.054240
18.510000,0.218420,-0.002573,1.343182,-0.174597,-0.000003,1.570827,-0.008481,1.000000,1.100000,0.000000,0.000000,-1.571000,-0.226901,1.002573,-0.243182,1.056302
18.520000,0.217966,-0.002572,1.343812,-0.174487,-0.000003,1.570825,-0.017896,1.000000,1.100000,0.000000,0.000000,-1.571000,-0.235862,1.002572,-0.243812,1.058407
18.530000,0.217337,-0.002571,1.344481,-0.174383,-0.000004,1.570823,-0.027294,1.000000,1.100000,0.000000,0.000000,-1.571000,-0.244631,1.002571,-0.244481,1.060549
18.540000,0.216533,-0.002570,1.345186,-0.174292,-0.000005,1.570821,-0.036665,1.000000,1.100000,0.000000,0.000000,-1.571000,-0.253198,1.002570,-0.245186,1.062719
18.550000,0.215558,-0.002569,1.345927,-0.174219,-0.000007,1.570820,-0.045999,1.000000,1.100000,0.000000,0.000000,-1.571000,-0.261558,1.002569,-0.245927,1.064912
18.560000,0.214413,-0.002569,1.346704,-0.174168,-0.000010,1.570820,-0.055288,1.000000,1.100000,0.000000,0.000000,-1.571000,-0.269701,1.002569,-0.246704,1.067120
18.570000,0.213099,-0.002568,1.347515,-0.174138,-0.000012,1.570819,-0.064523,1.000000,1.100000,0.000000,0.000000,-1.571000,-0.277622,1.002568,-0.247515,1.069336
18.580000,0.211619,-0.002567,1.348357,-0.174127,-0.000014,1.570818,-0.073694,1.000000,1.100000,0.000000,0.000000,-1.571000,-0.285313,1.002567,-0.248357,1.071553
18.590000,0.209975,-0.002566,1.349227,-0.174131,-0.000015,1.570818,-0.082792,1.000000,1.100000,0.000000,0.000000,-1.571000,-0.292767,1.002566,-0.249227,1.073763
18.600000,0.208168,-0.002566,1.350124,-0.174149,-0.000016,1.570817,-0.091808,1.000000,1.100000,0.000000,0.000000,-1.571000,-0.299976,1.002566,-0.250124,1.075958
18.610000,0.206200,-0.002565,1.351046,-0.174175,-0.000016,1.570817,-0.100734,1.000000,1.100000,0.000000,0.000000,-1.571000,-0.306934,1.002565,-0.251046,1.078132
18.620000,0.204073,-0.002564,1.351992,-0.174206,-0.000016,1.570817,-0.109561,1.000000,1.100000,0.000000,0.000000,-1.571000,-0.313634,1.002564,-0.251992,1.080278
18.630000,0.201788,-0.002564,1.352960,-0.174241,-0.000016,1.570818,-0.118279,1.000000,1.100000,0.000000,0.000000,-1.571000,-0.320067,1.002564,-0.252960,1.082389
18.640000,0.199349,-0.002563,1.353943,-0.174277,-0.000016,1.570818,-0.126880,1.000000,1.100000,0.000000,0.000000,-1.571000,-0.326229,1.002563,-0.253943,1.084456
18.650000,0.196757,-0.002562,1.354934,-0.174310,-0.000018,1.570818,-0.135357,1.000000,1.100000,0.000000,0.000000,-1.571000,-0.332114,1.002562,-0.254934,1.086472
18.660000,0.194015,-0.002562,1.355931,-0.174339,-0.000020,1.570819,-0.143699,1.000000,1.100000,0.000000,0.000000,-1.571000,-0.337714,1.002562,-0.255931,1.088431
18.670000,0.191124,-0.002561,1.356930,-0.174363,-0.000024,1.570819,-0.151900,1.000000,1.100000,0.000000,0.000000,-1.571000,-0.343024,1.002561,-0.256930,1.090325
18.680000,0.188085,-0.002561,1.357931,-0.174382,-0.000028,1.570819,-0.159951,1.000000,1.100000,0.000000,0.000000,-1.571000,-0.348037,1.002561,-0.257931,1.092148
18.690000,0.184902,-0.002560,1.358931,-0.174395,-0.000034,1.570819,-0.167845,1.000000,1.100000,0.000000,0.000000,-1.571000,-0.352747,1.002560,-0.258931,1.093893
18.700000,0.181576,-0.002560,1.359921,-0.174403,-0.000039,1.570819,-0.175572,1.000000,1.100000,0.000000,0.000000,-1.571000,-0.357148,1.002560,-0.259921,1.095555
18.710000,0.178110,-0.002560,1.360896,-0.174405,-0.000045,1.570819,-0.183127,1.000000,1.100000,0.000000,0.000000,-1.571000,-0.361236,1.002560,-0.260896,1.097125
18.720000,0.174506,-0.002559,1.361852,-0.174403,-0.000051,1.570820,-0.190500,1.000000,1.100000,0.000000,0.000000,-1.571000,-0.365006,1.002559,-0.261852,1.098599
18.730000,0.170765,-0.002559,1.362786,-0.174397,-0.000057,1.570820,-0.197686,1.000000,1.100000,0.000000,0.000000,-1.571000,-0.368451,1.002559,-0.262786,1.099971
18.740000,0.166889,-0.002559,1.363698,-0.174388,-0.000060,1.570820,-0.204676,1.000000,1.100000,0.000000,0.000000,-1.571000,-0.371566,1.002559,-0.263698,1.101236
18.750000,0.162880,-0.002559,1.364586,-0.174377,-0.000062,1.570820,-0.211465,1.000000,1.100000,0.000000,0.000000,-1.571000,-0.374345,1.002559,-0.264586,1.102390
18.760000,0.158739,-0.002559,1.365451,-0.174365,-0.000062,1.570820,-0.218044,1.000000,1.100000,0.000000,0.000000,-1.571000,-0.376783,1.002559,-0.265451,1.103428
18.770000,0.154467,-0.002559,1.366290,-0.174352,-0.000059,1.570820,-0.224409,1.000000,1.100000,0.000000,0.000000,-1.571000,-0.378876,1.002559,-0.266290,1.104346
18.780000,0.150067,-0.002559,1.367098,-0.174338,-0.000056,1.570819,-0.230552,1.000000,1.100000,0.000000,0.000000,-1.571000,-0.380619,1.002559,-0.267098,1.105141
18.790000,0.145540,-0.002559,1.367871,-0.174325,-0.000052,1.570818,-0.236468,1.000000,1.100000,0.000000,0.000000,-1.571000,-0.382008,1.002559,-0.267871,1.105807
18.800000,0.140889,-0.002559,1.368607,-0.174311,-0.000049,1.570818,-0.242150,1.000000,1.100000,0.000000,0.000000,-1.571000,-0.383039,1.002559,-0.268607,1.106342
18.810000,0.136114,-0.002559,1.369303,-0.174298,-0.000046,1.570817,-0.247593,1.000000,1.100000,0.000000,0.000000,-1.571000,-0.383708,1.002559,-0.269303,1.106743
18.820000,0.131218,-0.002559,1.369959,-0.174286,-0.000043,1.570816,-0.252792,1.000000,1.100000,0.000000,0.000000,-1.571000,-0.384010,1.002559,-0.269959,1.107008
18.830000,0.126201,-0.002560,1.370574,-0.174276,-0.000041,1.570816,-0.257742,1.000000,1.100000,0.000000,0.000000,-1.571000,-0.383943,1.002560,-0.270574,1.107135
18.840000,0.121066,-0.002560,1.371143,-0.174267,-0.000039,1.570815,-0.262437,1.000000,1.100000,0.000000,0.000000,-1.571000,-0.383503,1.002560,-0.271143,1.107122
18.850000,0.115815,-0.002560,1.371662,-0.174261,-0.000037,1.570815,-0.266873,1.000000,1.100000,0.000000,0.000000,-1.571000,-0.382687,1.002560,-0.271662,1.106967
18.860000,0.110448,-0.002561,1.372128,-0.174258,-0.000035,1.570814,-0.271045,1.000000,1.100000,0.000000,0.000000,-1.571000,-0.381493,1.002561,-0.272128,1.106670
18.870000,0.104968,-0.002561,1.372542,-0.174257,-0.000033,1.570814,-0.274951,1.000000,1.100000,0.000000,0.000000,-1.571000,-0.379918,1.002561,-0.272542,1.106230
18.880000,0.099375,-0.002562,1.372902,-0.174258,-0.000029,1.570813,-0.278585,1.000000,1.100000,0.000000,0.000000,-1.571000,-0.377960,1.002562,-0.272902,1.105648
18.890000,0.093671,-0.002562,1.373208,-0.174152,-0.000026,1.570812,-0.281944,1.000000,1.100000,0.000000,0.000000,-1.571000,-0.375615,1.002562,-0.273208,1.104925
18.900000,0.087857,-0.002562,1.373457,-0.173544,-0.000023,1.570808,-0.285024,1.000000,1.100000,0.000000,0.000000,-1.571000,-0.372882,1.002562,-0.273457,1.104061
18.910000,0.081936,-0.002563,1.373648,-0.172167,-0.000021,1.570801,-0.287824,1.000000,1.100000,0.000000,0.000000,-1.571000,-0.369760,1.002563,-0.273648,1.103059
18.920000,0.075910,-0.002564,1.373781,-0.169934,-0.000021,1.570793,-0.290339,1.000000,1.100000,0.000000,0.000000,-1.571000,-0.366250,1.002564,-0.273781,1.101920
18.930000,0.069782,-0.002564,1.373855,-0.166886,-0.000022,1.570785,-0.292568,1.000000,1.100000,0.000000,0.000000,-1.571000,-0.362350,1.002564,-0.273855,1.100649
18.940000,0.063556,-0.002565,1.373870,-0.163159,-0.000022,1.570778,-0.294508,1.000000,1.100000,0.000000,0.000000,-1.571000,-0.358065,1.002565,-0.273870,1.099250
18.950000,0.057237,-0.002565,1.373829,-0.158946,-0.000022,1.570774,-0.296158,1.000000,1.100000,0.000000,0.000000,-1.571000,-0.353394,1.002565,-0.273829,1.097728
18.960000,0.050828,-0.002566,1.373731,-0.154466,-0.000021,1.570774,-0.297515,1.000000,1.100000,0.000000,0.000000,-1.571000,-0.348343,1.002566,-0.273731,1.096088
18.970000,0.044336,-0.002566,1.373575,-0.149704,-0.000019,1.570777,-0.298578,1.000000,1.100000,0.000000,0.000000,-1.571000,-0.342914,1.002566,-0.273575,1.094337
18.980000,0.037766,-0.002567,1.373357,-0.144010,-0.000017,1.570778,-0.299347,1.000000,1.100000,0.000000,0.000000,-1.571000,-0.337113,1.002567,-0.273357,1.092479
18.990000,0.031125,-0.002568,1.373070,-0.136982,-0.000016,1.570776,-0.299821,1.000000,1.100000,0.000000,0.000000,-1.571000,-0.330946,1.002568,-0.273070,1.090520
19.000000,0.024422,-0.002568,1.372714,-0.128554,-0.000015,1.570771,-0.299999,1.000000,1.100000,0.000000,0.000000,-1.571000,-0.324420,1.002568,-0.272714,1.088469
19.010000,0.017664,-0.002569,1.372289,-0.118903,-0.000014,1.570765,-0.299880,1.000000,1.100000,0.000000,0.000000,-1.571000,-0.317544,1.002569,-0.272289,1.086333
19.020000,0.010860,-0.002570,1.371793,-0.108357,-0.000013,1.570761,-0.299466,1.000000,1.100000,0.000000,0.000000,-1.571000,-0.310326,1.002570,-0.271793,1.084121
19.030000,0.004021,-0.002570,1.371229,-0.097290,-0.000011,1.570760,-0.298756,1.000000,1.100000,0.000000,0.000000,-1.571000,-0.302777,1.002570,-0.271229,1.081844
19.040000,-0.002842,-0.002571,1.370595,-0.086004,-0.000009,1.570764,-0.297751,1.000000,1.100000,0.000000,0.000000,-1.571000,-0.294909,1.002571,-0.270595,1.079510
19.050000,-0.009720,-0.002571,1.369891,-0.074825,-0.000006,1.570774,-0.296452,1.000000,1.100000,0.000000,0.000000,-1.571000,-0.286732,1.002571,-0.269891,1.077129
19.060000,-0.016602,-0.002572,1.369119,-0.064082,-0.000004,1.570790,-0.294861,1.000000,1.100000,0.000000,0.000000,-1.571000,-0.278259,1.002572,-0.269119,1.074711
19.070000,-0.023478,-0.002573,1.368278,-0.054073,-0.000002,1.570809,-0.292979,1.000000,1.100000,0.000000,0.000000,-1.571000,-0.269501,1.002573,-0.268278,1.072267
19.080000,-0.030340,-0.002573,1.367370,-0.045033,-0.000001,1.570831,-0.290808,1.000000,1.100000,0.000000,0.000000,-1.571000,-0.260468,1.002573,-0.267370,1.069805
19.090000,-0.037179,-0.002574,1.366400,-0.036695,0.000000,1.570849,-0.288350,1.000000,1.100000,0.000000,0.000000,-1.571000,-0.251171,1.002574,-0.266400,1.067338
19.100000,-0.043989,-0.002575,1.365384,-0.027590,0.000002,1.570856,-0.285607,1.000000,1.100000,0.000000,0.000000,-1.571000,-0.241618,1.002575,-0.265384,1.064877
19.110000,-0.050761,-0.002575,1.364337,-0.016685,0.000005,1.570847,-0.282582,1.000000,1.100000,0.000000,0.000000,-1.571000,-0.231821,1.002575,-0.264337,1.062437
19.120000,-0.057486,-0.002576,1.363265,-0.003578,0.000011,1.570826,-0.279279,1.000000,1.100000,0.000000,0.000000,-1.571000,-0.221792,1.002576,-0.263265,1.060028
19.130000,-0.064153,-0.002576,1.362175,0.011663,0.000020,1.570798,-0.275699,1.000000,1.100000,0.000000,0.000000,-1.571000,-0.211547,1.002576,-0.262175,1.057661
19.140000,-0.070746,-0.002577,1.361069,0.028646,0.000031,1.570770,-0.271848,1.000000,1.100000,0.000000,0.000000,-1.571000,-0.201102,1.002577,-0.261069,1.055348
19.150000,-0.077252,-0.002577,1.359948,0.046771,0.000043,1.570750,-0.267729,1.000000,1.100000,0.000000,0.000000,-1.571000,-0.190477,1.002577,-0.259948,1.053098
19.160000,-0.083652,-0.002578,1.358814,0.065334,0.000055,1.570741,-0.263345,1.000000,1.100000,0.000000,0.000000,-1.571000,-0.179692,1.002578,-0.258814,1.050922
19.170000,-0.089932,-0.002578,1.357666,0.083624,0.000066,1.570746,-0.258701,1.000000,1.100000,0.000000,0.000000,-1.571000,-0.168770,1.002578,-0.257666,1.048827
19.180000,-0.096073,-0.002579,1.356510,0.100984,0.000075,1.570765,-0.253802,1.000000,1.100000,0.000000,0.000000,-1.571000,-0.157729,1.002579,-0.256510,1.046824
19.190000,-0.102060,-0.002579,1.355346,0.116870,0.000080,1.570795,-0.248653,1.000000,1.100000,0.000000,0.000000,-1.571000,-0.146592,1.002579,-0.255346,1.044919
19.200000,-0.107880,-0.002579,1.354175,0.130884,0.000081,1.570831,-0.243258,1.000000,1.100000,0.000000,0.000000,-1.571000,-0.135378,1.002579,-0.254175,1.043119
19.210000,-0.113520,-0.002579,1.352997,0.142780,0.000077,1.570869,-0.237623,1.000000,1.100000,0.000000,0.000000,-1.571000,-0.124103,1.002579,-0.252997,1.041429
19.220000,-0.118971,-0.002579,1.351811,0.152471,0.000070,1.570903,-0.231754,1.000000,1.100000,0.000000,0.000000,-1.571000,-0.112783,1.002579,-0.251811,1.039853
19.230000,-0.124223,-0.002579,1.350622,0.160004,0.000061,1.570930,-0.225655,1.000000,1.100000,0.000000,0.000000,-1.571000,-0.101432,1.002579,-0.250622,1.038396
19.240000,-0.129269,-0.002579,1.349451,0.165540,0.000052,1.570947,-0.219335,1.000000,1.100000,0.000000,0.000000,-1.571000,-0.090066,1.002579,-0.249451,1.037064
19.250000,-0.134102,-0.002579,1.348312,0.169323,0.000045,1.570954,-0.212797,1.000000,1.100000,0.000000,0.000000,-1.571000,-0.078696,1.002579,-0.248312,1.035865
19.260000,-0.138717,-0.002579,1.347216,0.171648,0.000041,1.570952,-0.206050,1.000000,1.100000,0.000000,0.000000,-1.571000,-0.067333,1.002579,-0.247216,1.034801
19.270000,-0.143115,-0.002579,1.346167,0.172832,0.000040,1.570940,-0.199100,1.000000,1.100000,0.000000,0.000000,-1.571000,-0.055985,1.002579,-0.246167,1.033874
19.280000,-0.147294,-0.002578,1.345169,0.173187,0.000042,1.570922,-0.191952,1.000000,1.100000,0.000000,0.000000,-1.571000,-0.044658,1.002578,-0.245169,1.033085
19.290000,-0.151257,-0.002578,1.344224,0.172998,0.000047,1.570899,-0.184616,1.000000,1.100000,0.000000,0.000000,-1.571000,-0.033359,1.002578,-0.244224,1.032434
19.300000,-0.155005,-0.002577,1.343333,0.172508,0.000052,1.570872,-0.177097,1.000000,1.100000,0.000000,0.000000,-1.571000,-0.022093,1.002577,-0.243333,1.031921
19.310000,-0.158539,-0.002577,1.342497,0.171916,0.000056,1.570845,-0.169404,1.000000,1.100000,0.000000,0.000000,-1.571000,-0.010864,1.002577,-0.242497,1.031544
19.320000,-0.161863,-0.002576,1.341718,0.171366,0.000060,1.570818,-0.161543,1.000000,1.100000,0.000000,0.000000,-1.571000,0.000320,1.002576,-0.241718,1.031303
19.330000,-0.164980,-0.002575,1.340994,0.170954,0.000063,1.570793,-0.153523,1.000000,1.100000,0.000000,0.000000,-1.571000,0.011457,1.002575,-0.240994,1.031197
19.340000,-0.167890,-0.002574,1.340326,0.170731,0.000064,1.570772,-0.145351,1.000000,1.100000,0.000000,0.000000,-1.571000,0.022539,1.002574,-0.240326,1.031223
19.350000,-0.170597,-0.002574,1.339713,0.170712,0.000064,1.570754,-0.137036,1.000000,1.100000,0.000000,0.000000,-1.571000,0.033561,1.002574,-0.239713,1.031379
19.360000,-0.173102,-0.002573,1.339156,0.170882,0.000061,1.570740,-0.128586,1.000000,1.100000,0.000000,0.000000,-1.571000,0.044516,1.002573,-0.239156,1.031663
19.370000,-0.175407,-0.002572,1.338653,0.171208,0.000056,1.570731,-0.120009,1.000000,1.100000,0.000000,0.000000,-1.571000,0.055398,1.002572,-0.238653,1.032073
19.380000,-0.177513,-0.002571,1.338205,0.171646,0.000050,1.570725,-0.111313,1.000000,1.100000,0.000000,0.000000,-1.571000,0.066200,1.002571,-0.238205,1.032605
19.390000,-0.179422,-0.002570,1.337811,0.172149,0.000042,1.570722,-0.102508,1.000000,1.100000,0.000000,0.000000,-1.571000,0.076914,1.002570,-0.237811,1.033255
19.400000,-0.181135,-0.002569,1.337470,0.172673,0.000034,1.570722,-0.093601,1.000000,1.100000,0.000000,0.000000,-1.571000,0.087534,1.002569,-0.237470,1.034021
19.410000,-0.182653,-0.002568,1.337183,0.173177,0.000026,1.570724,-0.084602,1.000000,1.100000,0.000000,0.000000,-1.571000,0.098051,1.002568,-0.237183,1.034897
19.420000,-0.183978,-0.002567,1.336948,0.173632,0.000018,1.570727,-0.075519,1.000000,1.100000,0.000000,0.000000,-1.571000,0.108458,1.002567,-0.236948,1.035880
19.430000,-0.185110,-0.002566,1.336766,0.174014,0.000010,1.570732,-0.066362,1.000000,1.100000,0.000000,0.000000,-1.571000,0.118748,1.002566,-0.236766,1.036966
19.440000,-0.186051,-0.002565,1.336637,0.174314,0.000004,1.570737,-0.057140,1.000000,1.100000,0.000000,0.000000,-1.571000,0.128911,1.002565,-0.236637,1.038148
19.450000,-0.186803,-0.002564,1.336564,0.174527,-0.000000,1.570742,-0.047861,1.000000,1.100000,0.000000,0.000000,-1.571000,0.138942,1.002564,-0.236564,1.039424
19.460000,-0.187365,-0.002563,1.336545,0.174657,-0.000003,1.570748,-0.038535,1.000000,1.100000,0.000000,0.000000,-1.571000,0.148830,1.002563,-0.236545,1.040787
19.470000,-0.187741,-0.002562,1.336582,0.174715,-0.000005,1.570752,-0.029171,1.000000,1.100000,0.000000,0.000000,-1.571000,0.158570,1.002562,-0.236582,1.042231
19.480000,-0.187931,-0.002561,1.336674,0.174714,-0.000006,1.570757,-0.019778,1.000000,1.100000,0.000000,0.000000,-1.571000,0.168153,1.002561,-0.236674,1.043752
19.490000,-0.187937,-0.002560,1.336820,0.174668,-0.000006,1.570761,-0.010365,1.000000,1.100000,0.000000,0.000000,-1.571000,0.177572,1.002560,-0.236820,1.045343
19.500000,-0.187762,-0.002559,1.337016,0.174594,-0.000005,1.570764,-0.000942,1.000000,1.100000,0.000000,0.000000,-1.571000,0.186820,1.002559,-0.237016,1.046997
19.510000,-0.187408,-0.002559,1.337260,0.174503,-0.000005,1.570767,0.008481,1.000000,1.100000,0.000000,0.000000,-1.571000,0.195889,1.002559,-0.237260,1.048708
19.520000,-0.186877,-0.002558,1.337549,0.174407,-0.000004,1.570769,0.017896,1.000000,1.100000,0.000000,0.000000,-1.571000,0.204773,1.002558,-0.237549,1.050468
19.530000,-0.186170,-0.002557,1.337884,0.174316,-0.000003,1.570771,0.027294,1.000000,1.100000,0.000000,0.000000,-1.571000,0.213464,1.002557,-0.237884,1.052272
19.540000,-0.185289,-0.002556,1.338262,0.174236,-0.000002,1.570772,0.036665,1.000000,1.100000,0.000000,0.000000,-1.571000,0.221954,1.002556,-0.238262,1.054111
19.550000,-0.184237,-0.002555,1.338683,0.174171,-0.000001,1.570774,0.045999,1.000000,1.100000,0.000000,0.000000,-1.571000,0.230236,1.002555,-0.238683,1.055981
19.560000,-0.183014,-0.002555,1.339146,0.174125,-0.000000,1.570775,0.055288,1.000000,1.100000,0.000000,0.000000,-1.571000,0.238303,1.002555,-0.239146,1.057873
19.570000,-0.181624,-0.002554,1.339649,0.174097,-0.000001,1.570776,0.064523,1.000000,1.100000,0.000000,0.000000,-1.571000,0.246147,1.002554,-0.239649,1.059780
19.580000,-0.180068,-0.002553,1.340186,0.174086,-0.000002,1.570776,0.073694,1.000000,1.100000,0.000000,0.000000,-1.571000,0.253761,1.002553,-0.240186,1.061695
19.590000,-0.178349,-0.002552,1.340750,0.174089,-0.000006,1.570777,0.082792,1.000000,1.100000,0.000000,0.000000,-1.571000,0.261140,1.002552,-0.240750,1.063610
19.600000,-0.176469,-0.002552,1.341338,0.174105,-0.000011,1.570776,0.091808,1.000000,1.100000,0.000000,0.000000,-1.571000,0.268277,1.002552,-0.241338,1.065517
19.610000,-0.174430,-0.002551,1.341949,0.174128,-0.000017,1.570775,0.100734,1.000000,1.100000,0.000000,0.000000,-1.571000,0.275164,1.002551,-0.241949,1.067409
19.620000,-0.172233,-0.002550,1.342580,0.174157,-0.000024,1.570773,0.109561,1.000000,1.100000,0.000000,0.000000,-1.571000,0.281793,1.002550,-0.242580,1.069280
19.630000,-0.169881,-0.002549,1.343229,0.174189,-0.000030,1.570772,0.118279,1.000000,1.100000,0.000000,0.000000,-1.571000,0.288159,1.002549,-0.243229,1.071122
19.640000,-0.167375,-0.002549,1.343891,0.174221,-0.000035,1.570771,0.126880,1.000000,1.100000,0.000000,0.000000,-1.571000,0.294255,1.002549,-0.243891,1.072927
19.650000,-0.164718,-0.002548,1.344562,0.174253,-0.000040,1.570770,0.135357,1.000000,1.100000,0.000000,0.000000,-1.571000,0.300075,1.002548,-0.244562,1.074690
19.660000,-0.161912,-0.002548,1.345239,0.174281,-0.000045,1.570770,0.143699,1.000000,1.100000,0.000000,0.000000,-1.571000,0.305612,1.002548,-0.245239,1.076403
19.670000,-0.158958,-0.002547,1.345920,0.174306,-0.000048,1.570770,0.151900,1.000000,1.100000,0.000000,0.000000,-1.571000,0.310859,1.002547,-0.245920,1.078059
19.680000,-0.155858,-0.002547,1.346605,0.174325,-0.000051,1.570770,0.159951,1.000000,1.100000,0.000000,0.000000,-1.571000,0.315809,1.002547,-0.246605,1.079653
19.690000,-0.152613,-0.002547,1.347291,0.174338,-0.000053,1.570771,0.167845,1.000000,1.100000,0.000000,0.000000,-1.571000,0.320458,1.002547,-0.247291,1.081178
19.700000,-0.149226,-0.002546,1.347972,0.174346,-0.000054,1.570772,0.175572,1.000000,1.100000,0.000000,0.000000,-1.571000,0.324798,1.002546,-0.247972,1.082628
19.710000,-0.145699,-0.002546,1.348644,0.174347,-0.000053,1.570772,0.183127,1.000000,1.100000,0.000000,0.000000,-1.571000,0.328825,1.002546,-0.248644,1.083997
19.720000,-0.142033,-0.002546,1.349305,0.174343,-0.000051,1.570773,0.190500,1.000000,1.100000,0.000000,0.000000,-1.571000,0.332533,1.002546,-0.249305,1.085278
19.730000,-0.138231,-0.002546,1.349952,0.174335,-0.000048,1.570774,0.197686,1.000000,1.100000,0.000000,0.000000,-1.571000,0.335916,1.002546,-0.249952,1.086468
19.740000,-0.134293,-0.002546,1.350584,0.174325,-0.000045,1.570775,0.204676,1.000000,1.100000,0.000000,0.000000,-1.571000,0.338969,1.002546,-0.250584,1.087562
19.750000,-0.130222,-0.002546,1.351202,0.174313,-0.000041,1.570776,0.211465,1.000000,1.100000,0.000000,0.000000,-1.571000,0.341686,1.002546,-0.251202,1.088554
19.760000,-0.126018,-0.002546,1.351804,0.174301,-0.000038,1.570777,0.218044,1.000000,1.100000,0.000000,0.000000,-1.571000,0.344062,1.002546,-0.251804,1.089441
19.770000,-0.121682,-0.002546,1.352390,0.174287,-0.000034,1.570778,0.224409,1.000000,1.100000,0.000000,0.000000,-1.571000,0.346091,1.002546,-0.252390,1.090219
19.780000,-0.117218,-0.002546,1.352954,0.174274,-0.000031,1.570778,0.230552,1.000000,1.100000,0.000000,0.000000,-1.571000,0.347770,1.002546,-0.252954,1.090884
19.790000,-0.112627,-0.002546,1.353492,0.174260,-0.000029,1.570779,0.236468,1.000000,1.100000,0.000000,0.000000,-1.571000,0.349095,1.002546,-0.253492,1.091432
19.800000,-0.107911,-0.002546,1.354002,0.174246,-0.000027,1.570779,0.242150,1.000000,1.100000,0.000000,0.000000,-1.571000,0.350061,1.002546,-0.254002,1.091860
19.810000,-0.103071,-0.002546,1.354483,0.174233,-0.000026,1.570779,0.247593,1.000000,1.100000,0.000000,0.000000,-1.571000,0.350664,1.002546,-0.254483,1.092166
19.820000,-0.098108,-0.002547,1.354934,0.174221,-0.000026,1.570780,0.252792,1.000000,1.100000,0.000000,0.000000,-1.571000,0.350900,1.002547,-0.254934,1.092347
19.830000,-0.093024,-0.002547,1.355353,0.174211,-0.000025,1.570780,0.257742,1.000000,1.100000,0.000000,0.000000,-1.571000,0.350765,1.002547,-0.255353,1.092402
19.840000,-0.087821,-0.002547,1.355734,0.174203,-0.000025,1.570780,0.262437,1.000000,1.100000,0.000000,0.000000,-1.571000,0.350258,1.002547,-0.255734,1.092328
19.850000,-0.082502,-0.002547,1.356073,0.174197,-0.000025,1.570780,0.266873,1.000000,1.100000,0.000000,0.000000,-1.571000,0.349374,1.002547,-0.256073,1.092125
19.860000,-0.077067,-0.002548,1.356366,0.174193,-0.000026,1.570780,0.271045,1.000000,1.100000,0.000000,0.000000,-1.571000,0.348112,1.002548,-0.256366,1.091791
19.870000,-0.071518,-0.002548,1.356613,0.174191,-0.000028,1.570780,0.274951,1.000000,1.100000,0.000000,0.000000,-1.571000,0.346469,1.002548,-0.256613,1.091327
19.880000,-0.065857,-0.002548,1.356814,0.174192,-0.000030,1.570779,0.278585,1.000000,1.100000,0.000000,0.000000,-1.571000,0.344441,1.002548,-0.256814,1.090732
19.890000,-0.060084,-0.002549,1.356965,0.174079,-0.000033,1.570780,0.281944,1.000000,1.100000,0.000000,0.000000,-1.571000,0.342028,1.002549,-0.256965,1.090008
19.900000,-0.054203,-0.002549,1.357062,0.173428,-0.000035,1.570782,0.285024,1.000000,1.100000,0.000000,0.000000,-1.571000,0.339227,1.002549,-0.257062,1.089156
19.910000,-0.048215,-0.002550,1.357100,0.171952,-0.000039,1.570789,0.287824,1.000000,1.100000,0.000000,0.000000,-1.571000,0.336039,1.002550,-0.257100,1.088177
19.920000,-0.042123,-0.002550,1.357078,0.169557,-0.000042,1.570797,0.290339,1.000000,1.100000,0.000000,0.000000,-1.571000,0.332462,1.002550,-0.257078,1.087073
19.930000,-0.035931,-0.002551,1.356994,0.166287,-0.000045,1.570806,0.292568,1.000000,1.100000,0.000000,0.000000,-1.571000,0.328499,1.002551,-0.256994,1.085848
19.940000,-0.029643,-0.002551,1.356849,0.162288,-0.000047,1.570813,0.294508,1.000000,1.100000,0.000000,0.000000,-1.571000,0.324152,1.002551,-0.256849,1.084507
19.950000,-0.023264,-0.002552,1.356642,0.157766,-0.000048,1.570818,0.296158,1.000000,1.100000,0.000000,0.000000,-1.571000,0.319422,1.002552,-0.256642,1.083054
19.960000,-0.016798,-0.002553,1.356376,0.152958,-0.000047,1.570818,0.297515,1.000000,1.100000,0.000000,0.000000,-1.571000,0.314313,1.002553,-0.256376,1.081496
19.970000,-0.010251,-0.002553,1.356050,0.147802,-0.000044,1.570816,0.298578,1.000000,1.100000,0.000000,0.000000,-1.571000,0.308830,1.002553,-0.256050,1.079838
19.980000,-0.003630,-0.002554,1.355659,0.141441,-0.000042,1.570817,0.299347,1.000000,1.100000,0.000000,0.000000,-1.571000,0.302977,1.002554,-0.255659,1.078087
19.990000,0.003059,-0.002555,1.355201,0.133332,-0.000040,1.570823,0.299821,1.000000,1.100000,0.000000,0.000000,-1.571000,0.296761,1.002555,-0.255201,1.076248
20.000000,0.009808,-0.002555,1.354675,0.123372,-0.000038,1.570832,0.299999,1.000000,1.100000,0.000000,0.000000,-1.571000,0.290190,1.002555,-0.254675,1.074331
20.010000,0.016606,-0.002556,1.354083,0.111766,-0.000035,1.570842,0.299880,1.000000,1.100000,0.000000,0.000000,-1.571000,0.283274,1.002556,-0.254083,1.072344
20.020000,0.023443,-0.002557,1.353424,0.098923,-0.000032,1.570849,0.299466,1.000000,1.100000,0.000000,0.000000,-1.571000,0.276023,1.002557,-0.253424,1.070296
20.030000,0.030306,-0.002558,1.352700,0.085327,-0.000027,1.570851,0.298756,1.000000,1.100000,0.000000,0.000000,-1.571000,0.268449,1.002558,-0.252700,1.068197
20.040000,0.037184,-0.002558,1.351911,0.071400,-0.000020,1.570845,0.297751,1.000000,1.100000,0.000000,0.000000,-1.571000,0.260567,1.002558,-0.251911,1.066057
20.050000,0.044062,-0.002559,1.351057,0.057590,-0.000012,1.570831,0.296452,1.000000,1.100000,0.000000,0.000000,-1.571000,0.252390,1.002559,-0.251057,1.063887
20.060000,0.050929,-0.002560,1.350140,0.044336,-0.000004,1.570811,0.294861,1.000000,1.100000,0.000000,0.000000,-1.571000,0.243932,1.002560,-0.250140,1.061696
20.070000,0.057773,-0.002561,1.349159,0.032024,0.000004,1.570786,0.292979,1.000000,1.100000,0.000000,0.000000,-1.571000,0.235206,1.002561,-0.249159,1.059495
20.080000,0.064583,-0.002562,1.348116,0.020956,0.000012,1.570758,0.290808,1.000000,1.100000,0.000000,0.000000,-1.571000,0.226225,1.002562,-0.248116,1.057293
20.090000,0.071349,-0.002563,1.347019,0.010972,0.000019,1.570732,0.288350,1.000000,1.100000,0.000000,0.000000,-1.571000,0.217001,1.002563,-0.247019,1.055102
20.100000,0.078063,-0.002563,1.345898,0.000873,0.000026,1.570718,0.285607,1.000000,1.100000,0.000000,0.000000,-1.571000,0.207544,1.002563,-0.245898,1.052936
20.110000,0.084715,-0.002564,1.344775,-0.010214,0.000035,1.570717,0.282582,1.000000,1.100000,0.000000,0.000000,-1.571000,0.197867,1.002564,-0.244775,1.050809
20.120000,0.091296,-0.002565,1.343663,-0.022658,0.000047,1.570730,0.279279,1.000000,1.100000,0.000000,0.000000,-1.571000,0.187982,1.002565,-0.243663,1.048735
20.130000,0.097794,-0.002565,1.342570,-0.036458,0.000060,1.570750,0.275699,1.000000,1.100000,0.000000,0.000000,-1.571000,0.177905,1.002565,-0.242570,1.046722
20.140000,0.104196,-0.002566,1.341502,-0.051353,0.000075,1.570773,0.271848,1.000000,1.100000,0.000000,0.000000,-1.571000,0.167652,1.002566,-0.241502,1.044782
20.150000,0.110487,-0.002566,1.340459,-0.066914,0.000089,1.570792,0.267729,1.000000,1.100000,0.000000,0.000000,-1.571000,0.157242,1.002566,-0.240459,1.042921
20.160000,0.116654,-0.002567,1.339444,-0.082627,0.000102,1.570803,0.263345,1.000000,1.100000,0.000000,0.000000,-1.571000,0.146691,1.002567,-0.239444,1.041149
20.170000,0.122681,-0.002567,1.338454,-0.097964,0.000111,1.570804,0.258701,1.000000,1.100000,0.000000,0.000000,-1.571000,0.136020,1.002567,-0.238454,1.039472
20.180000,0.128556,-0.002567,1.337484,-0.112436,0.000115,1.570795,0.253802,1.000000,1.100000,0.000000,0.000000,-1.571000,0.125246,1.002567,-0.237484,1.037895
20.190000,0.134266,-0.002567,1.336528,-0.125636,0.000113,1.570778,0.248653,1.000000,1.100000,0.000000,0.000000,-1.571000,0.114386,1.002567,-0.236528,1.036422
20.200000,0.139800,-0.002567,1.335583,-0.137267,0.000106,1.570755,0.243258,1.000000,1.100000,0.000000,0.000000,-1.571000,0.103458,1.002567,-0.235583,1.035058
20.210000,0.145148,-0.002567,1.334646,-0.147148,0.000093,1.570731,0.237623,1.000000,1.100000,0.000000,0.000000,-1.571000,0.092475,1.002567,-0.234646,1.033804
20.220000,0.150303,-0.002567,1.333715,-0.155220,0.000077,1.570709,0.231754,1.000000,1.100000,0.000000,0.000000,-1.571000,0.081450,1.002567,-0.233715,1.032665
20.230000,0.155258,-0.002567,1.332793,-0.161529,0.000060,1.570692,0.225655,1.000000,1.100000,0.000000,0.000000,-1.571000,0.070398,1.002567,-0.232793,1.031643
20.240000,0.160006,-0.002566,1.331892,-0.166207,0.000042,1.570682,0.219335,1.000000,1.100000,0.000000,0.000000,-1.571000,0.059329,1.002566,-0.231892,1.030744
20.250000,0.164542,-0.002566,1.331023,-0.169454,0.000028,1.570680,0.212797,1.000000,1.100000,0.000000,0.000000,-1.571000,0.048255,1.002566,-0.231023,1.029970
20.260000,0.168865,-0.002565,1.330192,-0.171505,0.000017,1.570685,0.206050,1.000000,1.100000,0.000000,0.000000,-1.571000,0.037186,1.002565,-0.230192,1.029324
20.270000,0.172972,-0.002565,1.329402,-0.172615,0.000011,1.570696,0.199100,1.000000,1.100000,0.000000,0.000000,-1.571000,0.026127,1.002565,-0.229402,1.028807
20.280000,0.176866,-0.002564,1.328657,-0.173035,0.000008,1.570712,0.191952,1.000000,1.100000,0.000000,0.000000,-1.571000,0.015087,1.002564,-0.228657,1.028419
20.290000,0.180546,-0.002563,1.327957,-0.172995,0.000009,1.570732,0.184616,1.000000,1.100000,0.000000,0.000000,-1.571000,0.004070,1.002563,-0.227957,1.028161
20.300000,0.184014,-0.002563,1.327308,-0.172692,0.000012,1.570754,0.177097,1.000000,1.100000,0.000000,0.000000,-1.571000,-0.006916,1.002563,-0.227308,1.028032
20.310000,0.187271,-0.002562,1.326712,-0.172287,0.000017,1.570775,0.169404,1.000000,1.100000,0.000000,0.000000,-1.571000,-0.017867,1.002562,-0.226712,1.028032
20.320000,0.190320,-0.002562,1.326173,-0.171896,0.000023,1.570796,0.161543,1.000000,1.100000,0.000000,0.000000,-1.571000,-0.028777,1.002562,-0.226173,1.028160
20.330000,0.193162,-0.002561,1.325690,-0.171600,0.000030,1.570815,0.153523,1.000000,1.100000,0.000000,0.000000,-1.571000,-0.039639,1.002561,-0.225690,1.028414
20.340000,0.195799,-0.002560,1.325264,-0.171444,0.000035,1.570831,0.145351,1.000000,1.100000,0.000000,0.000000,-1.571000,-0.050448,1.002560,-0.225264,1.028794
20.350000,0.198234,-0.002560,1.324896,-0.171441,0.000039,1.570843,0.137036,1.000000,1.100000,0.000000,0.000000,-1.571000,-0.061198,1.002560,-0.224896,1.029295
20.360000,0.200468,-0.002559,1.324584,-0.171583,0.000042,1.570853,0.128586,1.000000,1.100000,0.000000,0.000000,-1.571000,-0.071882,1.002559,-0.224584,1.029917
20.370000,0.202503,-0.002558,1.324329,-0.171846,0.000042,1.570860,0.120009,1.000000,1.100000,0.000000,0.000000,-1.571000,-0.082495,1.002558,-0.224329,1.030656
20.380000,0.204341,-0.002557,1.324129,-0.172197,0.000041,1.570863,0.111313,1.000000,1.100000,0.000000,0.000000,-1.571000,-0.093028,1.002557,-0.224129,1.031508
20.390000,0.205983,-0.002557,1.323983,-0.172599,0.000038,1.570865,0.102508,1.000000,1.100000,0.000000,0.000000,-1.571000,-0.103476,1.002557,-0.223983,1.032470
20.400000,0.207431,-0.002556,1.323888,-0.173017,0.000034,1.570864,0.093601,1.000000,1.100000,0.000000,0.000000,-1.571000,-0.113830,1.002556,-0.223888,1.033538
20.410000,0.208687,-0.002555,1.323846,-0.173421,0.000030,1.570861,0.084602,1.000000,1.100000,0.000000,0.000000,-1.571000,-0.124085,1.002555,-0.223846,1.034708
20.420000,0.209750,-0.002554,1.323854,-0.173787,0.000026,1.570858,0.075519,1.000000,1.100000,0.000000,0.000000,-1.571000,-0.134231,1.002554,-0.223854,1.035975
20.430000,0.210624,-0.002553,1.323913,-0.174096,0.000021,1.570854,0.066362,1.000000,1.100000,0.000000,0.000000,-1.571000,-0.144262,1.002553,-0.223913,1.037334
20.440000,0.211309,-0.002552,1.324021,-0.174340,0.000016,1.570850,0.057140,1.000000,1.100000,0.000000,0.000000,-1.571000,-0.154170,1.002552,-0.224021,1.038780
20.450000,0.211808,-0.002552,1.324178,-0.174515,0.000012,1.570845,0.047861,1.000000,1.100000,0.000000,0.000000,-1.571000,-0.163947,1.002552,-0.224178,1.040309
20.460000,0.212120,-0.002551,1.324384,-0.174625,0.000007,1.570841,0.038535,1.000000,1.100000,0.000000,0.000000,-1.571000,-0.173586,1.002551,-0.224384,1.041915
20.470000,0.212249,-0.002550,1.324637,-0.174677,0.000002,1.570837,0.029171,1.000000,1.100000,0.000000,0.000000,-1.571000,-0.183079,1.002550,-0.224637,1.043593
20.480000,0.212196,-0.002549,1.324939,-0.174682,-0.000002,1.570833,0.019778,1.000000,1.100000,0.000000,0.000000,-1.571000,-0.192418,1.002549,-0.224939,1.045336
20.490000,0.211962,-0.002548,1.325287,-0.174651,-0.000006,1.570829,0.010365,1.000000,1.100000,0.000000,0.000000,-1.571000,-0.201597,1.002548,-0.225287,1.047138
20.500000,0.211550,-0.002547,1.325678,-0.174595,-0.000008,1.570826,0.000942,1.000000,1.100000,0.000000,0.000000,-1.571000,-0.210608,1.002547,-0.225678,1.048994
20.510000,0.210962,-0.002547,1.326112,-0.174526,-0.000009,1.570824,-0.008481,1.000000,1.100000,0.000000,0.000000,-1.571000,-0.219443,1.002547,-0.226112,1.050896
20.520000,0.210199,-0.002546,1.326587,-0.174451,-0.000010,1.570822,-0.017896,1.000000,1.100000,0.000000,0.000000,-1.571000,-0.228095,1.002546,-0.226587,1.052838
20.530000,0.209263,-0.002545,1.327101,-0.174378,-0.000011,1.570821,-0.027294,1.000000,1.100000,0.000000,0.000000,-1.571000,-0.236557,1.002545,-0.227101,1.054813
20.540000,0.208156,-0.002544,1.327654,-0.174312,-0.000013,1.570820,-0.036665,1.000000,1.100000,0.000000,0.000000,-1.571000,-0.244821,1.002544,-0.227654,1.056815
20.550000,0.206880,-0.002544,1.328245,-0.174258,-0.000014,1.570819,-0.045999,1.000000,1.100000,0.000000,0.000000,-1.571000,-0.252879,1.002544,-0.228245,1.058838
20.560000,0.205437,-0.002543,1.328875,-0.174217,-0.000015,1.570818,-0.055288,1.000000,1.100000,0.000000,0.000000,-1.571000,-0.260725,1.002543,-0.228875,1.060874
20.570000,0.203827,-0.002542,1.329539,-0.174191,-0.000014,1.570817,-0.064523,1.000000,1.100000,0.000000,0.000000,-1.571000,-0.268350,1.002542,-0.229539,1.062917
20.580000,0.202055,-0.002542,1.330232,-0.174178,-0.000013,1.570816,-0.073694,1.000000,1.100000,0.000000,0.000000,-1.571000,-0.275749,1.002542,-0.230232,1.064957
20.590000,0.200122,-0.002541,1.330947,-0.174178,-0.000013,1.570816,-0.082792,1.000000,1.100000,0.000000,0.000000,-1.571000,-0.282914,1.002541,-0.230947,1.066989
20.600000,0.198032,-0.002541,1.331679,-0.174188,-0.000014,1.570817,-0.091808,1.000000,1.100000,0.000000,0.000000,-1.571000,-0.289840,1.002541,-0.231679,1.069004
20.610000,0.195784,-0.002540,1.332427,-0.174205,-0.000016,1.570817,-0.100734,1.000000,1.100000,0.000000,0.000000,-1.571000,-0.296519,1.002540,-0.232427,1.070996
20.620000,0.193383,-0.002540,1.333190,-0.174226,-0.000019,1.570818,-0.109561,1.000000,1.100000,0.000000,0.000000,-1.571000,-0.302943,1.002540,-0.233190,1.072958
20.630000,0.190828,-0.002539,1.333966,-0.174250,-0.000023,1.570819,-0.118279,1.000000,1.100000,0.000000,0.000000,-1.571000,-0.309106,1.002539,-0.233966,1.074882
20.640000,0.188121,-0.002539,1.334751,-0.174276,-0.000027,1.570820,-0.126880,1.000000,1.100000,0.000000,0.000000,-1.571000,-0.315002,1.002539,-0.234751,1.076763
20.650000,0.185266,-0.002538,1.335544,-0.174301,-0.000030,1.570820,-0.135357,1.000000,1.100000,0.000000,0.000000,-1.571000,-0.320622,1.002538,-0.235544,1.078593
20.660000,0.182262,-0.002538,1.336344,-0.174325,-0.000034,1.570820,-0.143699,1.000000,1.100000,0.000000,0.000000,-1.571000,-0.325962,1.002538,-0.236344,1.080366
20.670000,0.179112,-0.002538,1.337148,-0.174347,-0.000037,1.570820,-0.151900,1.000000,1.100000,0.000000,0.000000,-1.571000,-0.331013,1.002538,-0.237148,1.082077
20.680000,0.175817,-0.002537,1.337958,-0.174366,-0.000039,1.570820,-0.159951,1.000000,1.100000,0.000000,0.000000,-1.571000,-0.335769,1.002537,-0.237958,1.083718
20.690000,0.172379,-0.002537,1.338770,-0.174381,-0.000041,1.570819,-0.167845,1.000000,1.100000,0.000000,0.000000,-1.571000,-0.340224,1.002537,-0.238770,1.085285
20.700000,0.168801,-0.002537,1.339576,-0.174392,-0.000043,1.570819,-0.175572,1.000000,1.100000,0.000000,0.000000,-1.571000,-0.344373,1.002537,-0.239576,1.086770
20.710000,0.165084,-0.002537,1.340370,-0.174398,-0.000044,1.570819,-0.183127,1.000000,1.100000,0.000000,0.000000,-1.571000,-0.348211,1.002537,-0.240370,1.088167
20.720000,0.161231,-0.002537,1.341149,-0.174399,-0.000045,1.570818,-0.190500,1.000000,1.100000,0.000000,0.000000,-1.571000,-0.351731,1.002537,-0.241149,1.089471
20.730000,0.157244,-0.002536,1.341910,-0.174395,-0.000045,1.570818,-0.197686,1.000000,1.100000,0.000000,0.000000,-1.571000,-0.354930,1.002536,-0.241910,1.090676
20.740000,0.153124,-0.002536,1.342652,-0.174389,-0.000044,1.570817,-0.204676,1.000000,1.100000,0.000000,0.000000,-1.571000,-0.357800,1.002536,-0.242652,1.091778
20.750000,0.148872,-0.002536,1.343374,-0.174380,-0.000042,1.570817,-0.211465,1.000000,1.100000,0.000000,0.000000,-1.571000,-0.360336,1.002536,-0.243374,1.092773
20.760000,0.144489,-0.002537,1.344076,-0.174369,-0.000038,1.570816,-0.218044,1.000000,1.100000,0.000000,0.000000,-1.571000,-0.362534,1.002537,-0.244076,1.093656
20.770000,0.139978,-0.002537,1.344757,-0.174358,-0.000034,1.570815,-0.224409,1.000000,1.100000,0.000000,0.000000,-1.571000,-0.364387,1.002537,-0.244757,1.094424
20.780000,0.135340,-0.002537,1.345411,-0.174347,-0.000030,1.570814,-0.230552,1.000000,1.100000,0.000000,0.000000,-1.571000,-0.365892,1.002537,-0.245411,1.095073
20.790000,0.130578,-0.002537,1.346036,-0.174335,-0.000027,1.570814,-0.236468,1.000000,1.100000,0.000000,0.000000,-1.571000,-0.367045,1.002537,-0.246036,1.095599
20.800000,0.125692,-0.002537,1.346627,-0.174323,-0.000025,1.570813,-0.242150,1.000000,1.100000,0.000000,0.000000,-1.571000,-0.367842,1.002537,-0.246627,1.095999
20.810000,0.120684,-0.002537,1.347185,-0.174311,-0.000024,1.570813,-0.247593,1.000000,1.100000,0.000000,0.000000,-1.571000,-0.368278,1.002537,-0.247185,1.096271
20.820000,0.115556,-0.002538,1.347709,-0.174299,-0.000025,1.570813,-0.252792,1.000000,1.100000,0.000000,0.000000,-1.571000,-0.368348,1.002538,-0.247709,1.096413
20.830000,0.110309,-0.002538,1.348197,-0.174287,-0.000026,1.570813,-0.257742,1.000000,1.100000,0.000000,0.000000,-1.571000,-0.368051,1.002538,-0.248197,1.096424
20.840000,0.104945,-0.002538,1.348645,-0.174277,-0.000027,1.570813,-0.262437,1.000000,1.100000,0.000000,0.000000,-1.571000,-0.367382,1.002538,-0.248645,1.096301
20.850000,0.099466,-0.002539,1.349047,-0.174269,-0.000030,1.570813,-0.266873,1.000000,1.100000,0.000000,0.000000,-1.571000,-0.366338,1.002539,-0.249047,1.096044
20.860000,0.093873,-0.002539,1.349402,-0.174263,-0.000033,1.570814,-0.271045,1.000000,1.100000,0.000000,0.000000,-1.571000,-0.364918,1.002539,-0.249402,1.095651
20.870000,0.088168,-0.002539,1.349710,-0.174260,-0.000036,1.570814,-0.274951,1.000000,1.100000,0.000000,0.000000,-1.571000,-0.363118,1.002539,-0.249710,1.095123
20.880000,0.082352,-0.002540,1.349969,-0.174259,-0.000038,1.570815,-0.278585,1.000000,1.100000,0.000000,0.000000,-1.571000,-0.360936,1.002540,-0.249969,1.094461
20.890000,0.076426,-0.002540,1.350177,-0.174086,-0.000039,1.570814,-0.281944,1.000000,1.100000,0.000000,0.000000,-1.571000,-0.358369,1.002540,-0.250177,1.093665
20.900000,0.070393,-0.002541,1.350330,-0.173100,-0.000040,1.570808,-0.285024,1.000000,1.100000,0.000000,0.000000,-1.571000,-0.355417,1.002541,-0.250330,1.092737
20.910000,0.064255,-0.002541,1.350422,-0.170871,-0.000042,1.570798,-0.287824,1.000000,1.100000,0.000000,0.000000,-1.571000,-0.352078,1.002541,-0.250422,1.091677
20.920000,0.058016,-0.002542,1.350453,-0.167255,-0.000044,1.570785,-0.290339,1.000000,1.100000,0.000000,0.000000,-1.571000,-0.348355,1.002542,-0.250453,1.090490
20.930000,0.051680,-0.002542,1.350422,-0.162323,-0.000046,1.570772,-0.292568,1.000000,1.100000,0.000000,0.000000,-1.571000,-0.344248,1.002542,-0.250422,1.089178
20.940000,0.045254,-0.002543,1.350329,-0.156293,-0.000047,1.570760,-0.294508,1.000000,1.100000,0.000000,0.000000,-1.571000,-0.339762,1.002543,-0.250329,1.087748
20.950000,0.038743,-0.002544,1.350174,-0.149478,-0.000046,1.570753,-0.296158,1.000000,1.100000,0.000000,0.000000,-1.571000,-0.334900,1.002544,-0.250174,1.086204
20.960000,0.032154,-0.002544,1.349960,-0.142232,-0.000044,1.570752,-0.297515,1.000000,1.100000,0.000000,0.000000,-1.571000,-0.329669,1.002544,-0.249960,1.084554
20.970000,0.025496,-0.002545,1.349684,-0.134673,-0.000041,1.570757,-0.298578,1.000000,1.100000,0.000000,0.000000,-1.571000,-0.324074,1.002545,-0.249684,1.082803
20.980000,0.018776,-0.002546,1.349343,-0.126254,-0.000037,1.570762,-0.299347,1.000000,1.100000,0.000000,0.000000,-1.571000,-0.318123,1.002546,-0.249343,1.080959
20.990000,0.012003,-0.002546,1.348932,-0.116662,-0.000033,1.570766,-0.299821,1.000000,1.100000,0.000000,0.000000,-1.571000,-0.311824,1.002546,-0.248932,1.079028
21.000000,0.005188,-0.002547,1.348450,-0.105907,-0.000030,1.570769,-0.299999,1.000000,1.100000,0.000000,0.000000,-1.571000,-0.305186,1.002547,-0.248450,1.077018
21.010000,-0.001660,-0.002548,1.347897,-0.094216,-0.000026,1.570770,-0.299880,1.000000,1.100000,0.000000,0.000000,-1.571000,-0.298220,1.002548,-0.247897,1.074937
21.020000,-0.008530,-0.002549,1.347273,-0.081943,-0.000022,1.570773,-0.299466,1.000000,1.100000,0.000000,0.000000,-1.571000,-0.290936,1.002549,-0.247273,1.072796
21.030000,-0.015410,-0.002550,1.346578,-0.069467,-0.000017,1.570779,-0.298756,1.000000,1.100000,0.000000,0.000000,-1.571000,-0.283345,1.002550,-0.246578,1.070603
21.040000,-0.022290,-0.002550,1.345814,-0.057060,-0.000012,1.570789,-0.297751,1.000000,1.100000,0.000000,0.000000,-1.571000,-0.275461,1.002550,-0.245814,1.068368
21.050000,-0.029157,-0.002551,1.344979,-0.045011,-0.000007,1.570802,-0.296452,1.000000,1.100000,0.000000,0.000000,-1.571000,-0.267296,1.002551,-0.244979,1.066101
21.060000,-0.036001,-0.002552,1.344074,-0.033608,-0.000001,1.570819,-0.294861,1.000000,1.100000,0.000000,0.000000,-1.571000,-0.258860,1.002552,-0.244074,1.063810
21.070000,-0.042812,-0.002553,1.343101,-0.023107,0.000003,1.570837,-0.292979,1.000000,1.100000,0.000000,0.000000,-1.571000,-0.250167,1.002553,-0.243101,1.061505
21.080000,-0.049582,-0.002554,1.342059,-0.013704,0.000006,1.570856,-0.290808,1.000000,1.100000,0.000000,0.000000,-1.571000,-0.241226,1.002554,-0.242059,1.059196
21.090000,-0.056301,-0.002555,1.340958,-0.005173,0.000008,1.570871,-0.288350,1.000000,1.100000,0.000000,0.000000,-1.571000,-0.232049,1.002555,-0.240958,1.056893
21.100000,-0.062963,-0.002555,1.339833,0.003702,0.000011,1.570876,-0.285607,1.000000,1.100000,0.000000,0.000000,-1.571000,-0.222644,1.002555,-0.239833,1.054612
21.110000,-0.069559,-0.002556,1.338708,0.013791,0.000017,1.570868,-0.282582,1.000000,1.100000,0.000000,0.000000,-1.571000,-0.213023,1.002556,-0.238708,1.052368
21.120000,-0.076081,-0.002557,1.337600,0.025447,0.000028,1.570849,-0.279279,1.000000,1.100000,0.000000,0.000000,-1.571000,-0.203197,1.002557,-0.237600,1.050173
21.130000,-0.082518,-0.002558,1.336517,0.038649,0.000043,1.570824,-0.275699,1.000000,1.100000,0.000000,0.000000,-1.571000,-0.193182,1.002558,-0.236517,1.048037
21.140000,-0.088856,-0.002558,1.335466,0.053104,0.000061,1.570799,-0.271848,1.000000,1.100000,0.000000,0.000000,-1.571000,-0.182992,1.002558,-0.235466,1.045970
21.150000,-0.095083,-0.002559,1.334449,0.068355,0.000080,1.570779,-0.267729,1.000000,1.100000,0.000000,0.000000,-1.571000,-0.172646,1.002559,-0.234449,1.043981
21.160000,-0.101183,-0.002559,1.333466,0.083855,0.000099,1.570769,-0.263345,1.000000,1.100000,0.000000,0.000000,-1.571000,-0.162162,1.002559,-0.233466,1.042079
21.170000,-0.107144,-0.002560,1.332514,0.099047,0.000116,1.570769,-0.258701,1.000000,1.100000,0.000000,0.000000,-1.571000,-0.151558,1.002560,-0.232514,1.040268
21.180000,-0.112951,-0.002560,1.331581,0.113417,0.000126,1.570781,-0.253802,1.000000,1.100000,0.000000,0.000000,-1.571000,-0.140851,1.002560,-0.231581,1.038555
21.190000,-0.118594,-0.002560,1.330657,0.126540,0.000130,1.570801,-0.248653,1.000000,1.100000,0.000000,0.000000,-1.571000,-0.130059,1.002560,-0.230657,1.036940
21.200000,-0.124061,-0.002560,1.329734,0.138101,0.000125,1.570826,-0.243258,1.000000,1.100000,0.000000,0.000000,-1.571000,-0.119197,1.002560,-0.229734,1.035429
21.210000,-0.129344,-0.002560,1.328808,0.147914,0.000113,1.570853,-0.237623,1.000000,1.100000,0.000000,0.000000,-1.571000,-0.108279,1.002560,-0.228808,1.034023
21.220000,-0.134435,-0.002560,1.327876,0.155912,0.000095,1.570877,-0.231754,1.000000,1.100000,0.000000,0.000000,-1.571000,-0.097318,1.002560,-0.227876,1.032727
21.230000,-0.139328,-0.002560,1.326940,0.162140,0.000074,1.570895,-0.225655,1.000000,1.100000,0.000000,0.000000,-1.571000,-0.086327,1.002560,-0.226940,1.031543
21.240000,-0.144015,-0.002559,1.326019,0.166731,0.000052,1.570906,-0.219335,1.000000,1.100000,0.000000,0.000000,-1.571000,-0.075319,1.002559,-0.226019,1.030477
21.250000,-0.148492,-0.002559,1.325125,0.169887,0.000032,1.570910,-0.212797,1.000000,1.100000,0.000000,0.000000,-1.571000,-0.064306,1.002559,-0.225125,1.029534
21.260000,-0.152755,-0.002558,1.324268,0.171847,0.000017,1.570906,-0.206050,1.000000,1.100000,0.000000,0.000000,-1.571000,-0.053295,1.002558,-0.224268,1.028717
21.270000,-0.156804,-0.002558,1.323451,0.172870,0.000006,1.570895,-0.199100,1.000000,1.100000,0.000000,0.000000,-1.571000,-0.042296,1.002558,-0.223451,1.028028
21.280000,-0.160638,-0.002557,1.322678,0.173211,0.000001,1.570880,-0.191952,1.000000,1.100000,0.000000,0.000000,-1.571000,-0.031314,1.002557,-0.222678,1.027466
21.290000,-0.164260,-0.002557,1.321951,0.173100,0.000000,1.570861,-0.184616,1.000000,1.100000,0.000000,0.000000,-1.571000,-0.020356,1.002557,-0.221951,1.027033
21.300000,-0.167670,-0.002556,1.321275,0.172738,0.000004,1.570840,-0.177097,1.000000,1.100000,0.000000,0.000000,-1.571000,-0.009427,1.002556,-0.221275,1.026728
21.310000,-0.170870,-0.002555,1.320654,0.172285,0.000010,1.570819,-0.169404,1.000000,1.100000,0.000000,0.000000,-1.571000,0.001466,1.002555,-0.220654,1.026551
21.320000,-0.173861,-0.002555,1.320090,0.171858,0.000019,1.570799,-0.161543,1.000000,1.100000,0.000000,0.000000,-1.571000,0.012318,1.002555,-0.220090,1.026503
21.330000,-0.176646,-0.002554,1.319584,0.171538,0.000028,1.570781,-0.153523,1.000000,1.100000,0.000000,0.000000,-1.571000,0.023123,1.002554,-0.219584,1.026580
21.340000,-0.179227,-0.002554,1.319135,0.171367,0.000037,1.570765,-0.145351,1.000000,1.100000,0.000000,0.000000,-1.571000,0.033876,1.002554,-0.219135,1.026782
21.350000,-0.181606,-0.002553,1.318746,0.171357,0.000044,1.570753,-0.137036,1.000000,1.100000,0.000000,0.000000,-1.571000,0.044570,1.002553,-0.218746,1.027107
21.360000,-0.183785,-0.002552,1.318414,0.171498,0.000050,1.570743,-0.128586,1.000000,1.100000,0.000000,0.000000,-1.571000,0.055199,1.002552,-0.218414,1.027552
21.370000,-0.185766,-0.002552,1.318139,0.171766,0.000053,1.570737,-0.120009,1.000000,1.100000,0.000000,0.000000,-1.571000,0.065757,1.002552,-0.218139,1.028114
21.380000,-0.187550,-0.002551,1.317916,0.172123,0.000053,1.570733,-0.111313,1.000000,1.100000,0.000000,0.000000,-1.571000,0.076237,1.002551,-0.217916,1.028789
21.390000,-0.189139,-0.002550,1.317742,0.172533,0.000051,1.570732,-0.102508,1.000000,1.100000,0.000000,0.000000,-1.571000,0.086632,1.002550,-0.217742,1.029574
21.400000,-0.190537,-0.002549,1.317615,0.172960,0.000046,1.570732,-0.093601,1.000000,1.100000,0.000000,0.000000,-1.571000,0.096936,1.002549,-0.217615,1.030465
21.410000,-0.191743,-0.002548,1.317532,0.173372,0.000039,1.570734,-0.084602,1.000000,1.100000,0.000000,0.000000,-1.571000,0.107141,1.002548,-0.217532,1.031457
21.420000,-0.192759,-0.002548,1.317494,0.173743,0.000031,1.570738,-0.075519,1.000000,1.100000,0.000000,0.000000,-1.571000,0.117240,1.002548,-0.217494,1.032545
21.430000,-0.193588,-0.002547,1.317499,0.174057,0.000022,1.570741,-0.066362,1.000000,1.100000,0.000000,0.000000,-1.571000,0.127225,1.002547,-0.217499,1.033727
21.440000,-0.194229,-0.002546,1.317549,0.174304,0.000013,1.570745,-0.057140,1.000000,1.100000,0.000000,0.000000,-1.571000,0.137089,1.002546,-0.217549,1.034997
21.450000,-0.194684,-0.002545,1.317646,0.174479,0.000005,1.570749,-0.047861,1.000000,1.100000,0.000000,0.000000,-1.571000,0.146823,1.002545,-0.217646,1.036351
21.460000,-0.194954,-0.002544,1.317791,0.174588,-0.000001,1.570753,-0.038535,1.000000,1.100000,0.000000,0.000000,-1.571000,0.156419,1.002544,-0.217791,1.037783
21.470000,-0.195041,-0.002543,1.317984,0.174637,-0.000005,1.570757,-0.029171,1.000000,1.100000,0.000000,0.000000,-1.571000,0.165870,1.002543,-0.217984,1.039289
21.480000,-0.194946,-0.002542,1.318224,0.174637,-0.000008,1.570760,-0.019778,1.000000,1.100000,0.000000,0.000000,-1.571000,0.175169,1.002542,-0.218224,1.040863
21.490000,-0.194671,-0.002541,1.318511,0.174599,-0.000008,1.570763,-0.010365,1.000000,1.100000,0.000000,0.000000,-1.571000,0.184306,1.002541,-0.218511,1.042500
21.500000,-0.194219,-0.002541,1.318843,0.174537,-0.000008,1.570766,-0.000942,1.000000,1.100000,0.000000,0.000000,-1.571000,0.193276,1.002541,-0.218843,1.044191
21.510000,-0.193590,-0.002540,1.319218,0.174461,-0.000008,1.570768,0.008481,1.000000,1.100000,0.000000,0.000000,-1.571000,0.202071,1.002540,-0.219218,1.045933
21.520000,-0.192787,-0.002539,1.319634,0.174380,-0.000008,1.570770,0.017896,1.000000,1.100000,0.000000,0.000000,-1.571000,0.210684,1.002539,-0.219634,1.047717
21.530000,-0.191812,-0.002538,1.320090,0.174304,-0.000009,1.570772,0.027294,1.000000,1.100000,0.000000,0.000000,-1.571000,0.219106,1.002538,-0.220090,1.049538
21.540000,-0.190666,-0.002538,1.320586,0.174236,-0.000011,1.570773,0.036665,1.000000,1.100000,0.000000,0.000000,-1.571000,0.227331,1.002538,-0.220586,1.051389
21.550000,-0.189352,-0.002537,1.321122,0.174181,-0.000013,1.570773,0.045999,1.000000,1.100000,0.000000,0.000000,-1.571000,0.235351,1.002537,-0.221122,1.053264
21.560000,-0.187870,-0.002536,1.321696,0.174141,-0.000014,1.570774,0.055288,1.000000,1.100000,0.000000,0.000000,-1.571000,0.243158,1.002536,-0.221696,1.055156
21.570000,-0.186223,-0.002536,1.322307,0.174117,-0.000015,1.570775,0.064523,1.000000,1.100000,0.000000,0.000000,-1.571000,0.250745,1.002536,-0.222307,1.057058
21.580000,-0.184412,-0.002535,1.322954,0.174107,-0.000015,1.570775,0.073694,1.000000,1.100000,0.000000,0.000000,-1.571000,0.258105,1.002535,-0.222954,1.058963
21.590000,-0.182439,-0.002535,1.323634,0.174111,-0.000014,1.570776,0.082792,1.000000,1.100000,0.000000,0.000000,-1.571000,0.265231,1.002535,-0.223634,1.060865
21.600000,-0.180306,-0.002534,1.324345,0.174125,-0.000013,1.570776,0.091808,1.000000,1.100000,0.000000,0.000000,-1.571000,0.272114,1.002534,-0.224345,1.062756
21.610000,-0.178014,-0.002533,1.325087,0.174145,-0.000011,1.570775,0.100734,1.000000,1.100000,0.000000,0.000000,-1.571000,0.278749,1.002533,-0.225087,1.064630
21.620000,-0.175566,-0.002533,1.325858,0.174170,-0.000010,1.570775,0.109561,1.000000,1.100000,0.000000,0.000000,-1.571000,0.285127,1.002533,-0.225858,1.066481
21.630000,-0.172963,-0.002532,1.326657,0.174198,-0.000010,1.570775,0.118279,1.000000,1.100000,0.000000,0.000000,-1.571000,0.291241,1.002532,-0.226657,1.068301
21.640000,-0.170207,-0.002532,1.327472,0.174226,-0.000011,1.570775,0.126880,1.000000,1.100000,0.000000,0.000000,-1.571000,0.297088,1.002532,-0.227472,1.070082
21.650000,-0.167302,-0.002531,1.328297,0.174253,-0.000014,1.570775,0.135357,1.000000,1.100000,0.000000,0.000000,-1.571000,0.302659,1.002531,-0.228297,1.071817
21.660000,-0.164250,-0.002531,1.329127,0.174276,-0.000018,1.570775,0.143699,1.000000,1.100000,0.000000,0.000000,-1.571000,0.307950,1.002531,-0.229127,1.073499
21.670000,-0.161053,-0.002531,1.329960,0.174296,-0.000023,1.570775,0.151900,1.000000,1.100000,0.000000,0.000000,-1.571000,0.312953,1.002531,-0.229960,1.075123
21.680000,-0.157712,-0.002530,1.330793,0.174312,-0.000028,1.570775,0.159951,1.000000,1.100000,0.000000,0.000000,-1.571000,0.317663,1.002530,-0.230793,1.076681
21.690000,-0.154229,-0.002530,1.331624,0.174323,-0.000034,1.570775,0.167845,1.000000,1.100000,0.000000,0.000000,-1.571000,0.322073,1.002530,-0.231624,1.078168
21.700000,-0.150606,-0.002530,1.332446,0.174330,-0.000040,1.570775,0.175572,1.000000,1.100000,0.000000,0.000000,-1.571000,0.326178,1.002530,-0.232446,1.079578
21.710000,-0.146846,-0.002529,1.333256,0.174333,-0.000045,1.570774,0.183127,1.000000,1.100000,0.000000,0.000000,-1.571000,0.329972,1.002529,-0.233256,1.080905
21.720000,-0.142950,-0.002529,1.334049,0.174333,-0.000048,1.570774,0.190500,1.000000,1.100000,0.000000,0.000000,-1.571000,0.333450,1.002529,-0.234049,1.082142
21.730000,-0.138920,-0.002529,1.334824,0.174330,-0.000050,1.570774,0.197686,1.000000,1.100000,0.000000,0.000000,-1.571000,0.336606,1.002529,-0.234824,1.083287
21.740000,-0.134757,-0.002529,1.335581,0.174324,-0.000052,1.570774,0.204676,1.000000,1.100000,0.000000,0.000000,-1.571000,0.339434,1.002529,-0.235581,1.084333
21.750000,-0.130464,-0.002529,1.336319,0.174317,-0.000052,1.570774,0.211465,1.000000,1.100000,0.000000,0.000000,-1.571000,0.341928,1.002529,-0.236319,1.085277
21.760000,-0.126040,-0.002529,1.337037,0.174309,-0.000051,1.570775,0.218044,1.000000,1.100000,0.000000,0.000000,-1.571000,0.344084,1.002529,-0.237037,1.086114
21.770000,-0.121488,-0.002529,1.337734,0.174300,-0.000049,1.570775,0.224409,1.000000,1.100000,0.000000,0.000000,-1.571000,0.345897,1.002529,-0.237734,1.086842
21.780000,-0.116809,-0.002529,1.338406,0.174291,-0.000047,1.570776,0.230552,1.000000,1.100000,0.000000,0.000000,-1.571000,0.347361,1.002529,-0.238406,1.087456
21.790000,-0.112006,-0.002529,1.339048,0.174281,-0.000044,1.570776,0.236468,1.000000,1.100000,0.000000,0.000000,-1.571000,0.348473,1.002529,-0.239048,1.087953
21.800000,-0.107080,-0.002529,1.339658,0.174271,-0.000041,1.570777,0.242150,1.000000,1.100000,0.000000,0.000000,-1.571000,0.349230,1.002529,-0.239658,1.088330
21.810000,-0.102032,-0.002529,1.340236,0.174261,-0.000037,1.570778,0.247593,1.000000,1.100000,0.000000,0.000000,-1.571000,0.349625,1.002529,-0.240236,1.088584
21.820000,-0.096864,-0.002530,1.340780,0.174251,-0.000034,1.570778,0.252792,1.000000,1.100000,0.000000,0.000000,-1.571000,0.349656,1.002530,-0.240780,1.088715
21.830000,-0.091577,-0.002530,1.341289,0.174241,-0.000030,1.570779,0.257742,1.000000,1.100000,0.000000,0.000000,-1.571000,0.349319,1.002530,-0.241289,1.088720
21.840000,-0.086174,-0.002530,1.341756,0.174232,-0.000027,1.570780,0.262437,1.000000,1.100000,0.000000,0.000000,-1.571000,0.348611,1.002530,-0.241756,1.088597
21.850000,-0.080657,-0.002531,1.342176,0.174222,-0.000025,1.570780,0.266873,1.000000,1.100000,0.000000,0.000000,-1.571000,0.347529,1.002531,-0.242176,1.088344
21.860000,-0.075026,-0.002531,1.342546,0.174215,-0.000024,1.570781,0.271045,1.000000,1.100000,0.000000,0.000000,-1.571000,0.346072,1.002531,-0.242546,1.087963
21.870000,-0.069285,-0.002531,1.342865,0.174208,-0.000024,1.570781,0.274951,1.000000,1.100000,0.000000,0.000000,-1.571000,0.344236,1.002531,-0.242865,1.087451
21.880000,-0.063433,-0.002532,1.343132,0.174204,-0.000025,1.570781,0.278585,1.000000,1.100000,0.000000,0.000000,-1.571000,0.342018,1.002532,-0.243132,1.086812
21.890000,-0.057473,-0.002532,1.343345,0.174080,-0.000026,1.570781,0.281944,1.000000,1.100000,0.000000,0.000000,-1.571000,0.339416,1.002532,-0.243345,1.086044
21.900000,-0.051406,-0.002533,1.343502,0.173395,-0.000028,1.570785,0.285024,1.000000,1.100000,0.000000,0.000000,-1.571000,0.336430,1.002533,-0.243502,1.085150
21.910000,-0.045233,-0.002533,1.343599,0.171854,-0.000030,1.570792,0.287824,1.000000,1.100000,0.000000,0.000000,-1.571000,0.333057,1.002533,-0.243599,1.084131
21.920000,-0.038959,-0.002534,1.343637,0.169358,-0.000033,1.570800,0.290339,1.000000,1.100000,0.000000,0.000000,-1.571000,0.329299,1.002534,-0.243637,1.082991
21.930000,-0.032587,-0.002534,1.343614,0.165955,-0.000035,1.570809,0.292568,1.000000,1.100000,0.000000,0.000000,-1.571000,0.325155,1.002534,-0.243614,1.081734
21.940000,-0.026120,-0.002535,1.343531,0.161796,-0.000037,1.570817,0.294508,1.000000,1.100000,0.000000,0.000000,-1.571000,0.320628,1.002535,-0.243531,1.080364
21.950000,-0.019563,-0.002535,1.343389,0.157095,-0.000038,1.570821,0.296158,1.000000,1.100000,0.000000,0.000000,-1.571000,0.315720,1.002535,-0.243389,1.078886
21.960000,-0.012921,-0.002536,1.343189,0.152097,-0.000038,1.570821,0.297515,1.000000,1.100000,0.000000,0.000000,-1.571000,0.310436,1.002536,-0.243189,1.077307
21.970000,-0.006201,-0.002537,1.342930,0.146754,-0.000036,1.570819,0.298578,1.000000,1.100000,0.000000,0.000000,-1.571000,0.304779,1.002537,-0.242930,1.075632
21.980000,0.000592,-0.002537,1.342610,0.140218,-0.000035,1.570820,0.299347,1.000000,1.100000,0.000000,0.000000,-1.571000,0.298755,1.002537,-0.242610,1.073869
21.990000,0.007451,-0.002538,1.342224,0.131960,-0.000034,1.570824,0.299821,1.000000,1.100000,0.000000,0.000000,-1.571000,0.292370,1.002538,-0.242224,1.072024
22.000000,0.014366,-0.002539,1.341774,0.121880,-0.000033,1.570832,0.299999,1.000000,1.100000,0.000000,0.000000,-1.571000,0.285633,1.002539,-0.241774,1.070105
22.010000,0.021328,-0.002539,1.341259,0.110186,-0.000032,1.570841,0.299880,1.000000,1.100000,0.000000,0.000000,-1.571000,0.278552,1.002539,-0.241259,1.068121
22.020000,0.028327,-0.002540,1.340679,0.097286,-0.000029,1.570848,0.299466,1.000000,1.100000,0.000000,0.000000,-1.571000,0.271139,1.002540,-0.240679,1.066081
22.030000,0.035349,-0.002541,1.340036,0.083656,-0.000025,1.570849,0.298756,1.000000,1.100000,0.000000,0.000000,-1.571000,0.263407,1.002541,-0.240036,1.063997
22.040000,0.042382,-0.002542,1.339331,0.069699,-0.000019,1.570843,0.297751,1.000000,1.100000,0.000000,0.000000,-1.571000,0.255369,1.002542,-0.239331,1.061877
22.050000,0.049414,-0.002542,1.338563,0.055846,-0.000012,1.570829,0.296452,1.000000,1.100000,0.000000,0.000000,-1.571000,0.247038,1.002542,-0.238563,1.059732
22.060000,0.056432,-0.002543,1.337734,0.042526,-0.000005,1.570809,0.294861,1.000000,1.100000,0.000000,0.000000,-1.571000,0.238429,1.002543,-0.237734,1.057572
22.070000,0.063423,-0.002544,1.336844,0.030121,0.000002,1.570784,0.292979,1.000000,1.100000,0.000000,0.000000,-1.571000,0.229556,1.002544,-0.236844,1.055408
22.080000,0.070378,-0.002545,1.335894,0.018934,0.000008,1.570757,0.290808,1.000000,1.100000,0.000000,0.000000,-1.571000,0.220430,1.002545,-0.235894,1.053248
22.090000,0.077285,-0.002545,1.334892,0.008817,0.000013,1.570732,0.288350,1.000000,1.100000,0.000000,0.000000,-1.571000,0.211064,1.002545,-0.234892,1.051104
22.100000,0.084137,-0.002546,1.333868,-0.001394,0.000020,1.570718,0.285607,1.000000,1.100000,0.000000,0.000000,-1.571000,0.201470,1.002546,-0.233868,1.048991
22.110000,0.090924,-0.002547,1.332844,-0.012546,0.000029,1.570717,0.282582,1.000000,1.100000,0.000000,0.000000,-1.571000,0.191658,1.002547,-0.232844,1.046924
22.120000,0.097637,-0.002548,1.331834,-0.024992,0.000041,1.570729,0.279279,1.000000,1.100000,0.000000,0.000000,-1.571000,0.181642,1.002548,-0.231834,1.044913
22.130000,0.104262,-0.002548,1.330845,-0.038728,0.000056,1.570749,0.275699,1.000000,1.100000,0.000000,0.000000,-1.571000,0.171437,1.002548,-0.230845,1.042968
22.140000,0.110787,-0.002549,1.329882,-0.053495,0.000072,1.570771,0.271848,1.000000,1.100000,0.000000,0.000000,-1.571000,0.161061,1.002549,-0.229882,1.041100
22.150000,0.117199,-0.002549,1.328947,-0.068876,0.000088,1.570789,0.267729,1.000000,1.100000,0.000000,0.000000,-1.571000,0.150529,1.002549,-0.228947,1.039317
22.160000,0.123483,-0.002550,1.328042,-0.084369,0.000102,1.570800,0.263345,1.000000,1.100000,0.000000,0.000000,-1.571000,0.139861,1.002550,-0.228042,1.037627
22.170000,0.129625,-0.002550,1.327164,-0.099461,0.000112,1.570800,0.258701,1.000000,1.100000,0.000000,0.000000,-1.571000,0.129076,1.002550,-0.227164,1.036036
22.180000,0.135612,-0.002550,1.326308,-0.113678,0.000117,1.570791,0.253802,1.000000,1.100000,0.000000,0.000000,-1.571000,0.118191,1.002550,-0.226308,1.034549
22.190000,0.141430,-0.002550,1.325470,-0.126628,0.000117,1.570773,0.248653,1.000000,1.100000,0.000000,0.000000,-1.571000,0.107223,1.002550,-0.225470,1.033170
22.200000,0.147070,-0.002550,1.324647,-0.138024,0.000111,1.570751,0.243258,1.000000,1.100000,0.000000,0.000000,-1.571000,0.096188,1.002550,-0.224647,1.031903
22.210000,0.152522,-0.002550,1.323835,-0.147697,0.000099,1.570728,0.237623,1.000000,1.100000,0.000000,0.000000,-1.571000,0.085101,1.002550,-0.223835,1.030752
22.220000,0.157778,-0.002550,1.323032,-0.155591,0.000084,1.570708,0.231754,1.000000,1.100000,0.000000,0.000000,-1.571000,0.073975,1.002550,-0.223032,1.029719
22.230000,0.162832,-0.002549,1.322242,-0.161756,0.000066,1.570693,0.225655,1.000000,1.100000,0.000000,0.000000,-1.571000,0.062823,1.002549,-0.222242,1.028807
22.240000,0.167677,-0.002549,1.321479,-0.166325,0.000048,1.570685,0.219335,1.000000,1.100000,0.000000,0.000000,-1.571000,0.051658,1.002549,-0.221479,1.028020
22.250000,0.172308,-0.002548,1.320756,-0.169494,0.000032,1.570683,0.212797,1.000000,1.100000,0.000000,0.000000,-1.571000,0.040490,1.002548,-0.220756,1.027363
22.260000,0.176722,-0.002548,1.320078,-0.171497,0.000021,1.570688,0.206050,1.000000,1.100000,0.000000,0.000000,-1.571000,0.029328,1.002548,-0.220078,1.026838
22.270000,0.180920,-0.002547,1.319450,-0.172583,0.000014,1.570699,0.199100,1.000000,1.100000,0.000000,0.000000,-1.571000,0.018180,1.002547,-0.219450,1.026445
22.280000,0.184900,-0.002546,1.318875,-0.172997,0.000010,1.570715,0.191952,1.000000,1.100000,0.000000,0.000000,-1.571000,0.007053,1.002546,-0.218875,1.026185
22.290000,0.188665,-0.002546,1.318353,-0.172965,0.000011,1.570735,0.184616,1.000000,1.100000,0.000000,0.000000,-1.571000,-0.004049,1.002546,-0.218353,1.026057
22.300000,0.192215,-0.002545,1.317889,-0.172677,0.000014,1.570756,0.177097,1.000000,1.100000,0.000000,0.000000,-1.571000,-0.015118,1.002545,-0.217889,1.026061
22.310000,0.195553,-0.002544,1.317482,-0.172290,0.000019,1.570777,0.169404,1.000000,1.100000,0.000000,0.000000,-1.571000,-0.026149,1.002544,-0.217482,1.026196
22.320000,0.198680,-0.002544,1.317135,-0.171918,0.000025,1.570798,0.161543,1.000000,1.100000,0.000000,0.000000,-1.571000,-0.037137,1.002544,-0.217135,1.026460
22.330000,0.201600,-0.002543,1.316848,-0.171638,0.000031,1.570816,0.153523,1.000000,1.100000,0.000000,0.000000,-1.571000,-0.048077,1.002543,-0.216848,1.026853
22.340000,0.204313,-0.002542,1.316620,-0.171493,0.000036,1.570832,0.145351,1.000000,1.100000,0.000000,0.000000,-1.571000,-0.058962,1.002542,-0.216620,1.027371
22.350000,0.206822,-0.002542,1.316452,-0.171498,0.000041,1.570844,0.137036,1.000000,1.100000,0.000000,0.000000,-1.571000,-0.069786,1.002542,-0.216452,1.028013
22.360000,0.209129,-0.002541,1.316343,-0.171643,0.000044,1.570853,0.128586,1.000000,1.100000,0.000000,0.000000,-1.571000,-0.080543,1.002541,-0.216343,1.028776
22.370000,0.211236,-0.002540,1.316292,-0.171904,0.000045,1.570859,0.120009,1.000000,1.100000,0.000000,0.000000,-1.571000,-0.091227,1.002540,-0.216292,1.029656
22.380000,0.213145,-0.002539,1.316295,-0.172250,0.000045,1.570863,0.111313,1.000000,1.100000,0.000000,0.000000,-1.571000,-0.101832,1.002539,-0.216295,1.030649
22.390000,0.214857,-0.002538,1.316349,-0.172644,0.000043,1.570864,0.102508,1.000000,1.100000,0.000000,0.000000,-1.571000,-0.112349,1.002538,-0.216349,1.031752
22.400000,0.216375,-0.002537,1.316451,-0.173053,0.000038,1.570863,0.093601,1.000000,1.100000,0.000000,0.000000,-1.571000,-0.122774,1.002537,-0.216451,1.032960
22.410000,0.217699,-0.002536,1.316601,-0.173447,0.000032,1.570861,0.084602,1.000000,1.100000,0.000000,0.000000,-1.571000,-0.133098,1.002536,-0.216601,1.034268
22.420000,0.218833,-0.002535,1.316796,-0.173803,0.000024,1.570858,0.075519,1.000000,1.100000,0.000000,0.000000,-1.571000,-0.143313,1.002535,-0.216796,1.035672
22.430000,0.219776,-0.002535,1.317038,-0.174103,0.000016,1.570854,0.066362,1.000000,1.100000,0.000000,0.000000,-1.571000,-0.153413,1.002535,-0.217038,1.037168
22.440000,0.220530,-0.002534,1.317326,-0.174339,0.000008,1.570850,0.057140,1.000000,1.100000,0.000000,0.000000,-1.571000,-0.163390,1.002534,-0.217326,1.038749
22.450000,0.221096,-0.002533,1.317663,-0.174509,0.000001,1.570845,0.047861,1.000000,1.100000,0.000000,0.000000,-1.571000,-0.173235,1.002533,-0.217663,1.040413
22.460000,0.221476,-0.002532,1.318048,-0.174615,-0.000004,1.570841,0.038535,1.000000,1.100000,0.000000,0.000000,-1.571000,-0.182941,1.002532,-0.218048,1.042153
22.470000,0.221671,-0.002531,1.318481,-0.174665,-0.000007,1.570837,0.029171,1.000000,1.100000,0.000000,0.000000,-1.571000,-0.192500,1.002531,-0.218481,1.043963
22.480000,0.221683,-0.002530,1.318962,-0.174669,-0.000010,1.570834,0.019778,1.000000,1.100000,0.000000,0.000000,-1.571000,-0.201905,1.002530,-0.218962,1.045838
22.490000,0.221513,-0.002529,1.319491,-0.174639,-0.000011,1.570831,0.010365,1.000000,1.100000,0.000000,0.000000,-1.571000,-0.211148,1.002529,-0.219491,1.047771
22.500000,0.221164,-0.002528,1.320066,-0.174585,-0.000012,1.570828,0.000942,1.000000,1.100000,0.000000,0.000000,-1.571000,-0.220221,1.002528,-0.220066,1.049757
22.510000,0.220637,-0.002528,1.320683,-0.174517,-0.000013,1.570826,-0.008481,1.000000,1.100000,0.000000,0.000000,-1.571000,-0.229118,1.002528,-0.220683,1.051788
22.520000,0.219935,-0.002527,1.321342,-0.174445,-0.000015,1.570824,-0.017896,1.000000,1.100000,0.000000,0.000000,-1.571000,-0.237832,1.002527,-0.221342,1.053858
22.530000,0.219059,-0.002526,1.322042,-0.174375,-0.000017,1.570822,-0.027294,1.000000,1.100000,0.000000,0.000000,-1.571000,-0.246353,1.002526,-0.222042,1.055960
22.540000,0.218011,-0.002525,1.322782,-0.174312,-0.000018,1.570821,-0.036665,1.000000,1.100000,0.000000,0.000000,-1.571000,-0.254676,1.002525,-0.222782,1.058087
22.550000,0.216793,-0.002525,1.323562,-0.174260,-0.000018,1.570820,-0.045999,1.000000,1.100000,0.000000,0.000000,-1.571000,-0.262792,1.002525,-0.223562,1.060234
22.560000,0.215406,-0.002524,1.324381,-0.174222,-0.000017,1.570819,-0.055288,1.000000,1.100000,0.000000,0.000000,-1.571000,-0.270694,1.002524,-0.224381,1.062392
22.570000,0.213852,-0.002523,1.325236,-0.174197,-0.000016,1.570818,-0.064523,1.000000,1.100000,0.000000,0.000000,-1.571000,-0.278375,1.002523,-0.225236,1.064555
22.580000,0.212134,-0.002523,1.326121,-0.174185,-0.000016,1.570817,-0.073694,1.000000,1.100000,0.000000,0.000000,-1.571000,-0.285828,1.002523,-0.226121,1.066715
22.590000,0.210255,-0.002522,1.327029,-0.174184,-0.000017,1.570817,-0.082792,1.000000,1.100000,0.000000,0.000000,-1.571000,-0.293047,1.002522,-0.227029,1.068864
22.600000,0.208217,-0.002522,1.327955,-0.174193,-0.000019,1.570817,-0.091808,1.000000,1.100000,0.000000,0.000000,-1.571000,-0.300025,1.002522,-0.227955,1.070994
22.610000,0.206021,-0.002521,1.328899,-0.174210,-0.000022,1.570818,-0.100734,1.000000,1.100000,0.000000,0.000000,-1.571000,-0.306755,1.002521,-0.228899,1.073100
22.620000,0.203670,-0.002521,1.329859,-0.174231,-0.000026,1.570819,-0.109561,1.000000,1.100000,0.000000,0.000000,-1.571000,-0.313230,1.002521,-0.229859,1.075173
22.630000,0.201164,-0.002520,1.330831,-0.174254,-0.000029,1.570820,-0.118279,1.000000,1.100000,0.000000,0.000000,-1.571000,-0.319443,1.002520,-0.230831,1.077207
22.640000,0.198507,-0.002520,1.331812,-0.174280,-0.000032,1.570821,-0.126880,1.000000,1.100000,0.000000,0.000000,-1.571000,-0.325388,1.002520,-0.231812,1.079194
22.650000,0.195701,-0.002520,1.332796,-0.174304,-0.000034,1.570821,-0.135357,1.000000,1.100000,0.000000,0.000000,-1.571000,-0.331057,1.002520,-0.232796,1.081128
22.660000,0.192746,-0.002519,1.333782,-0.174328,-0.000036,1.570821,-0.143699,1.000000,1.100000,0.000000,0.000000,-1.571000,-0.336446,1.002519,-0.233782,1.083003
22.670000,0.189646,-0.002519,1.334768,-0.174349,-0.000038,1.570821,-0.151900,1.000000,1.100000,0.000000,0.000000,-1.571000,-0.341546,1.002519,-0.234768,1.084811
22.680000,0.186401,-0.002519,1.335752,-0.174366,-0.000039,1.570820,-0.159951,1.000000,1.100000,0.000000,0.000000,-1.571000,-0.346352,1.002519,-0.235752,1.086546
22.690000,0.183012,-0.002519,1.336734,-0.174380,-0.000040,1.570819,-0.167845,1.000000,1.100000,0.000000,0.000000,-1.571000,-0.350857,1.002519,-0.236734,1.088204
22.700000,0.179483,-0.002518,1.337706,-0.174390,-0.000041,1.570819,-0.175572,1.000000,1.100000,0.000000,0.000000,-1.571000,-0.355056,1.002518,-0.237706,1.089776
22.710000,0.175816,-0.002518,1.338664,-0.174395,-0.000042,1.570818,-0.183127,1.000000,1.100000,0.000000,0.000000,-1.571000,-0.358943,1.002518,-0.238664,1.091258
22.720000,0.172012,-0.002518,1.339606,-0.174396,-0.000043,1.570818,-0.190500,1.000000,1.100000,0.000000,0.000000,-1.571000,-0.362512,1.002518,-0.239606,1.092643
22.730000,0.168073,-0.002518,1.340529,-0.174394,-0.000043,1.570818,-0.197686,1.000000,1.100000,0.000000,0.000000,-1.571000,-0.365759,1.002518,-0.240529,1.093927
22.740000,0.164000,-0.002518,1.341433,-0.174388,-0.000042,1.570817,-0.204676,1.000000,1.100000,0.000000,0.000000,-1.571000,-0.368676,1.002518,-0.241433,1.095105
22.750000,0.159795,-0.002518,1.342317,-0.174381,-0.000040,1.570816,-0.211465,1.000000,1.100000,0.000000,0.000000,-1.571000,-0.371260,1.002518,-0.242317,1.096173
22.760000,0.155459,-0.002518,1.343181,-0.174372,-0.000037,1.570816,-0.218044,1.000000,1.100000,0.000000,0.000000,-1.571000,-0.373503,1.002518,-0.243181,1.097126
22.770000,0.150993,-0.002519,1.344024,-0.174362,-0.000033,1.570815,-0.224409,1.000000,1.100000,0.000000,0.000000,-1.571000,-0.375402,1.002519,-0.244024,1.097961
22.780000,0.146400,-0.002519,1.344840,-0.174352,-0.000029,1.570814,-0.230552,1.000000,1.100000,0.000000,0.000000,-1.571000,-0.376953,1.002519,-0.244840,1.098674
22.790000,0.141682,-0.002519,1.345625,-0.174341,-0.000025,1.570813,-0.236468,1.000000,1.100000,0.000000,0.000000,-1.571000,-0.378150,1.002519,-0.245625,1.099260
22.800000,0.136840,-0.002519,1.346376,-0.174330,-0.000022,1.570813,-0.242150,1.000000,1.100000,0.000000,0.000000,-1.571000,-0.378990,1.002519,-0.246376,1.099718
22.810000,0.131876,-0.002519,1.347092,-0.174319,-0.000021,1.570812,-0.247593,1.000000,1.100000,0.000000,0.000000,-1.571000,-0.379469,1.002519,-0.247092,1.100044
22.820000,0.126791,-0.002520,1.347773,-0.174308,-0.000021,1.570812,-0.252792,1.000000,1.100000,0.000000,0.000000,-1.571000,-0.379583,1.002520,-0.247773,1.100237
22.830000,0.121587,-0.002520,1.348416,-0.174297,-0.000022,1.570812,-0.257742,1.000000,1.100000,0.000000,0.000000,-1.571000,-0.379328,1.002520,-0.248416,1.100294
22.840000,0.116265,-0.002520,1.349016,-0.174287,-0.000025,1.570813,-0.262437,1.000000,1.100000,0.000000,0.000000,-1.571000,-0.378702,1.002520,-0.249016,1.100214
22.850000,0.110828,-0.002521,1.349567,-0.174278,-0.000028,1.570813,-0.266873,1.000000,1.100000,0.000000,0.000000,-1.571000,-0.377701,1.002521,-0.249567,1.099995
22.860000,0.105278,-0.002521,1.350066,-0.174270,-0.000033,1.570814,-0.271045,1.000000,1.100000,0.000000,0.000000,-1.571000,-0.376323,1.002521,-0.250066,1.099637
22.870000,0.099616,-0.002521,1.350513,-0.174265,-0.000037,1.570814,-0.274951,1.000000,1.100000,0.000000,0.000000,-1.571000,-0.374566,1.002521,-0.250513,1.099139
22.880000,0.093843,-0.002522,1.350906,-0.174262,-0.000041,1.570815,-0.278585,1.000000,1.100000,0.000000,0.000000,-1.571000,-0.372427,1.002522,-0.250906,1.098502
22.890000,0.087960,-0.002522,1.351244,-0.174153,-0.000044,1.570815,-0.281944,1.000000,1.100000,0.000000,0.000000,-1.571000,-0.369904,1.002522,-0.251244,1.097726
22.900000,0.081970,-0.002523,1.351524,-0.173537,-0.000047,1.570812,-0.285024,1.000000,1.100000,0.000000,0.000000,-1.571000,-0.366994,1.002523,-0.251524,1.096814
22.910000,0.075874,-0.002523,1.351744,-0.172145,-0.000048,1.570806,-0.287824,1.000000,1.100000,0.000000,0.000000,-1.571000,-0.363698,1.002523,-0.251744,1.095766
22.920000,0.069675,-0.002524,1.351901,-0.169888,-0.000049,1.570798,-0.290339,1.000000,1.100000,0.000000,0.000000,-1.571000,-0.360015,1.002524,-0.251901,1.094586
22.930000,0.063377,-0.002525,1.351997,-0.166807,-0.000048,1.570789,-0.292568,1.000000,1.100000,0.000000,0.000000,-1.571000,-0.355945,1.002525,-0.251997,1.093277
22.940000,0.056983,-0.002525,1.352032,-0.163040,-0.000046,1.570781,-0.294508,1.000000,1.100000,0.000000,0.000000,-1.571000,-0.351491,1.002525,-0.252032,1.091844
22.950000,0.050497,-0.002526,1.352005,-0.158782,-0.000043,1.570777,-0.296158,1.000000,1.100000,0.000000,0.000000,-1.571000,-0.346654,1.002526,-0.252005,1.090291
22.960000,0.043924,-0.002527,1.351919,-0.154253,-0.000038,1.570776,-0.297515,1.000000,1.100000,0.000000,0.000000,-1.571000,-0.341439,1.002527,-0.251919,1.088625
22.970000,0.037270,-0.002527,1.351772,-0.149381,-0.000033,1.570778,-0.298578,1.000000,1.100000,0.000000,0.000000,-1.571000,-0.335849,1.002527,-0.251772,1.086851
22.980000,0.030541,-0.002528,1.351562,-0.143298,-0.000028,1.570777,-0.299347,1.000000,1.100000,0.000000,0.000000,-1.571000,-0.329888,1.002528,-0.251562,1.084976
22.990000,0.023743,-0.002529,1.351284,-0.135456,-0.000023,1.570771,-0.299821,1.000000,1.100000,0.000000,0.000000,-1.571000,-0.323563,1.002529,-0.251284,1.083006
23.000000,0.016884,-0.002530,1.350939,-0.125743,-0.000019,1.570761,-0.299999,1.000000,1.100000,0.000000,0.000000,-1.571000,-0.316882,1.002530,-0.250939,1.080949
23.010000,0.009974,-0.002531,1.350527,-0.114360,-0.000016,1.570750,-0.299880,1.000000,1.100000,0.000000,0.000000,-1.571000,-0.309854,1.002531,-0.250527,1.078815
23.020000,0.003024,-0.002531,1.350049,-0.101710,-0.000014,1.570741,-0.299466,1.000000,1.100000,0.000000,0.000000,-1.571000,-0.302490,1.002531,-0.250049,1.076612
23.030000,-0.003954,-0.002532,1.349505,-0.088271,-0.000011,1.570739,-0.298756,1.000000,1.100000,0.000000,0.000000,-1.571000,-0.294802,1.002532,-0.249505,1.074352
23.040000,-0.010947,-0.002533,1.348896,-0.074453,-0.000007,1.570743,-0.297751,1.000000,1.100000,0.000000,0.000000,-1.571000,-0.286804,1.002533,-0.248896,1.072044
23.050000,-0.017944,-0.002534,1.348223,-0.060691,-0.000002,1.570756,-0.296452,1.000000,1.100000,0.000000,0.000000,-1.571000,-0.278508,1.002534,-0.248223,1.069699
23.060000,-0.024931,-0.002535,1.347486,-0.047425,0.000003,1.570776,-0.294861,1.000000,1.100000,0.000000,0.000000,-1.571000,-0.269930,1.002535,-0.247486,1.067327
23.070000,-0.031897,-0.002535,1.346686,-0.035045,0.000006,1.570801,-0.292979,1.000000,1.100000,0.000000,0.000000,-1.571000,-0.261082,1.002535,-0.246686,1.064939
23.080000,-0.038830,-0.002536,1.345824,-0.023862,0.000009,1.570829,-0.290808,1.000000,1.100000,0.000000,0.000000,-1.571000,-0.251977,1.002536,-0.245824,1.062545
23.090000,-0.045722,-0.002537,1.344908,-0.013725,0.000010,1.570855,-0.288350,1.000000,1.100000,0.000000,0.000000,-1.571000,-0.242628,1.002537,-0.244908,1.060155
23.100000,-0.052562,-0.002538,1.343964,-0.003435,0.000012,1.570870,-0.285607,1.000000,1.100000,0.000000,0.000000,-1.571000,-0.233045,1.002538,-0.243964,1.057786
23.110000,-0.059342,-0.002538,1.343013,0.007877,0.000017,1.570871,-0.282582,1.000000,1.100000,0.000000,0.000000,-1.571000,-0.223240,1.002538,-0.243013,1.055450
23.120000,-0.066052,-0.002539,1.342066,0.020570,0.000025,1.570859,-0.279279,1.000000,1.100000,0.000000,0.000000,-1.571000,-0.213226,1.002539,-0.242066,1.053160
23.130000,-0.072680,-0.002540,1.341132,0.034634,0.000037,1.570839,-0.275699,1.000000,1.100000,0.000000,0.000000,-1.571000,-0.203020,1.002540,-0.241132,1.050927
23.140000,-0.079212,-0.002540,1.340214,0.049796,0.000051,1.570817,-0.271848,1.000000,1.100000,0.000000,0.000000,-1.571000,-0.192636,1.002540,-0.240214,1.048760
23.150000,-0.085635,-0.002541,1.339314,0.065615,0.000068,1.570799,-0.267729,1.000000,1.100000,0.000000,0.000000,-1.571000,-0.182094,1.002541,-0.239314,1.046670
23.160000,-0.091933,-0.002541,1.338433,0.081569,0.000084,1.570789,-0.263345,1.000000,1.100000,0.000000,0.000000,-1.571000,-0.171411,1.002541,-0.238433,1.044663
23.170000,-0.098093,-0.002542,1.337570,0.097123,0.000098,1.570789,-0.258701,1.000000,1.100000,0.000000,0.000000,-1.571000,-0.160608,1.002542,-0.237570,1.042748
23.180000,-0.104101,-0.002542,1.336718,0.111783,0.000107,1.570799,-0.253802,1.000000,1.100000,0.000000,0.000000,-1.571000,-0.149701,1.002542,-0.236718,1.040931
23.190000,-0.109944,-0.002542,1.335872,0.125141,0.000111,1.570818,-0.248653,1.000000,1.100000,0.000000,0.000000,-1.571000,-0.138709,1.002542,-0.235872,1.039214
23.200000,-0.115611,-0.002542,1.335028,0.136898,0.000108,1.570841,-0.243258,1.000000,1.100000,0.000000,0.000000,-1.571000,-0.127647,1.002542,-0.235028,1.037605
23.210000,-0.121093,-0.002542,1.334184,0.146878,0.000098,1.570866,-0.237623,1.000000,1.100000,0.000000,0.000000,-1.571000,-0.116530,1.002542,-0.234184,1.036105
23.220000,-0.126381,-0.002542,1.333338,0.155021,0.000084,1.570889,-0.231754,1.000000,1.100000,0.000000,0.000000,-1.571000,-0.105373,1.002542,-0.233338,1.034718
23.230000,-0.131469,-0.002542,1.332492,0.161379,0.000066,1.570905,-0.225655,1.000000,1.100000,0.000000,0.000000,-1.571000,-0.094187,1.002542,-0.232492,1.033448
23.240000,-0.136350,-0.002542,1.331663,0.166088,0.000049,1.570915,-0.219335,1.000000,1.100000,0.000000,0.000000,-1.571000,-0.082985,1.002542,-0.231663,1.032300
23.250000,-0.141018,-0.002541,1.330864,0.169351,0.000033,1.570916,-0.212797,1.000000,1.100000,0.000000,0.000000,-1.571000,-0.071779,1.002541,-0.230864,1.031281
23.260000,-0.145472,-0.002541,1.330102,0.171409,0.000021,1.570911,-0.206050,1.000000,1.100000,0.000000,0.000000,-1.571000,-0.060578,1.002541,-0.230102,1.030391
23.270000,-0.149709,-0.002541,1.329382,0.172520,0.000014,1.570899,-0.199100,1.000000,1.100000,0.000000,0.000000,-1.571000,-0.049390,1.002541,-0.229382,1.029633
23.280000,-0.153731,-0.002540,1.328707,0.172937,0.000011,1.570882,-0.191952,1.000000,1.100000,0.000000,0.000000,-1.571000,-0.038221,1.002540,-0.228707,1.029006
23.290000,-0.157539,-0.002540,1.328076,0.172894,0.000012,1.570862,-0.184616,1.000000,1.100000,0.000000,0.000000,-1.571000,-0.027077,1.002540,-0.228076,1.028512
23.300000,-0.161133,-0.002539,1.327493,0.172588,0.000015,1.570840,-0.177097,1.000000,1.100000,0.000000,0.000000,-1.571000,-0.015964,1.002539,-0.227493,1.028150
23.310000,-0.164518,-0.002538,1.326957,0.172180,0.000020,1.570818,-0.169404,1.000000,1.100000,0.000000,0.000000,-1.571000,-0.004886,1.002538,-0.226957,1.027919
23.320000,-0.167694,-0.002538,1.326468,0.171789,0.000026,1.570797,-0.161543,1.000000,1.100000,0.000000,0.000000,-1.571000,0.006150,1.002538,-0.226468,1.027817
23.330000,-0.170663,-0.002537,1.326026,0.171494,0.000032,1.570778,-0.153523,1.000000,1.100000,0.000000,0.000000,-1.571000,0.017140,1.002537,-0.226026,1.027844
23.340000,-0.173429,-0.002537,1.325630,0.171339,0.000036,1.570762,-0.145351,1.000000,1.100000,0.000000,0.000000,-1.571000,0.028078,1.002537,-0.225630,1.027997
23.350000,-0.175993,-0.002536,1.325282,0.171339,0.000038,1.570749,-0.137036,1.000000,1.100000,0.000000,0.000000,-1.571000,0.038957,1.002536,-0.225282,1.028274
23.360000,-0.178357,-0.002535,1.324980,0.171486,0.000038,1.570739,-0.128586,1.000000,1.100000,0.000000,0.000000,-1.571000,0.049771,1.002535,-0.224980,1.028674
23.370000,-0.180523,-0.002535,1.324724,0.171754,0.000037,1.570732,-0.120009,1.000000,1.100000,0.000000,0.000000,-1.571000,0.060514,1.002535,-0.224724,1.029193
23.380000,-0.182491,-0.002534,1.324516,0.172110,0.000035,1.570728,-0.111313,1.000000,1.100000,0.000000,0.000000,-1.571000,0.071178,1.002534,-0.224516,1.029829
23.390000,-0.184264,-0.002533,1.324356,0.172517,0.000032,1.570727,-0.102508,1.000000,1.100000,0.000000,0.000000,-1.571000,0.081756,1.002533,-0.224356,1.030579
23.400000,-0.185842,-0.002533,1.324245,0.172940,0.000029,1.570728,-0.093601,1.000000,1.100000,0.000000,0.000000,-1.571000,0.092241,1.002533,-0.224245,1.031439
23.410000,-0.187227,-0.002532,1.324182,0.173349,0.000026,1.570731,-0.084602,1.000000,1.100000,0.000000,0.000000,-1.571000,0.102625,1.002532,-0.224182,1.032405
23.420000,-0.188419,-0.002531,1.324167,0.173719,0.000022,1.570735,-0.075519,1.000000,1.100000,0.000000,0.000000,-1.571000,0.112900,1.002531,-0.224167,1.033473
23.430000,-0.189421,-0.002530,1.324201,0.174032,0.000019,1.570740,-0.066362,1.000000,1.100000,0.000000,0.000000,-1.571000,0.123059,1.002530,-0.224201,1.034638
23.440000,-0.190234,-0.002530,1.324282,0.174279,0.000015,1.570745,-0.057140,1.000000,1.100000,0.000000,0.000000,-1.571000,0.133094,1.002530,-0.224282,1.035897
23.450000,-0.190859,-0.002529,1.324410,0.174457,0.000012,1.570749,-0.047861,1.000000,1.100000,0.000000,0.000000,-1.571000,0.142998,1.002529,-0.224410,1.037242
23.460000,-0.191298,-0.002528,1.324584,0.174569,0.000008,1.570753,-0.038535,1.000000,1.100000,0.000000,0.000000,-1.571000,0.152763,1.002528,-0.224584,1.038671
23.470000,-0.191552,-0.002527,1.324805,0.174622,0.000005,1.570757,-0.029171,1.000000,1.100000,0.000000,0.000000,-1.571000,0.162381,1.002527,-0.224805,1.040176
23.480000,-0.191623,-0.002527,1.325071,0.174627,0.000001,1.570760,-0.019778,1.000000,1.100000,0.000000,0.000000,-1.571000,0.171845,1.002527,-0.225071,1.041752
23.490000,-0.191513,-0.002526,1.325383,0.174594,-0.000002,1.570763,-0.010365,1.000000,1.100000,0.000000,0.000000,-1.571000,0.181148,1.002526,-0.225383,1.043394
23.500000,-0.191223,-0.002525,1.325741,0.174537,-0.000004,1.570765,-0.000942,1.000000,1.100000,0.000000,0.000000,-1.571000,0.190281,1.002525,-0.225741,1.045095
23.510000,-0.190755,-0.002524,1.326146,0.174466,-0.000005,1.570768,0.008481,1.000000,1.100000,0.000000,0.000000,-1.571000,0.199236,1.002524,-0.226146,1.046849
23.520000,-0.190111,-0.002524,1.326597,0.174389,-0.000005,1.570770,0.017896,1.000000,1.100000,0.000000,0.000000,-1.571000,0.208007,1.002524,-0.226597,1.048650
23.530000,-0.189291,-0.002523,1.327094,0.174314,-0.000005,1.570772,0.027294,1.000000,1.100000,0.000000,0.000000,-1.571000,0.216585,1.002523,-0.227094,1.050492
23.540000,-0.188299,-0.002522,1.327637,0.174248,-0.000005,1.570773,0.036665,1.000000,1.100000,0.000000,0.000000,-1.571000,0.224963,1.002522,-0.227637,1.052368
23.550000,-0.187134,-0.002522,1.328225,0.174195,-0.000005,1.570775,0.045999,1.000000,1.100000,0.000000,0.000000,-1.571000,0.233134,1.002522,-0.228225,1.054271
23.560000,-0.185800,-0.002521,1.328859,0.174155,-0.000006,1.570775,0.055288,1.000000,1.100000,0.000000,0.000000,-1.571000,0.241089,1.002521,-0.228859,1.056196
23.570000,-0.184298,-0.002521,1.329536,0.174129,-0.000007,1.570776,0.064523,1.000000,1.100000,0.000000,0.000000,-1.571000,0.248821,1.002521,-0.229536,1.058133
23.580000,-0.182631,-0.002520,1.330248,0.174117,-0.000008,1.570776,0.073694,1.000000,1.100000,0.000000,0.000000,-1.571000,0.256325,1.002520,-0.230248,1.060077
23.590000,-0.180802,-0.002519,1.330987,0.174116,-0.000010,1.570777,0.082792,1.000000,1.100000,0.000000,0.000000,-1.571000,0.263594,1.002519,-0.230987,1.062018
23.600000,-0.178812,-0.002519,1.331751,0.174125,-0.000013,1.570776,0.091808,1.000000,1.100000,0.000000,0.000000,-1.571000,0.270621,1.002519,-0.231751,1.063949
23.610000,-0.176664,-0.002518,1.332538,0.174142,-0.000015,1.570775,0.100734,1.000000,1.100000,0.000000,0.000000,-1.571000,0.277398,1.002518,-0.232538,1.065864
23.620000,-0.174360,-0.002518,1.333344,0.174164,-0.000018,1.570775,0.109561,1.000000,1.100000,0.000000,0.000000,-1.571000,0.283920,1.002518,-0.233344,1.067756
23.630000,-0.171900,-0.002517,1.334169,0.174188,-0.000021,1.570774,0.118279,1.000000,1.100000,0.000000,0.000000,-1.571000,0.290179,1.002517,-0.234169,1.069617
23.640000,-0.169287,-0.002517,1.335007,0.174214,-0.000025,1.570773,0.126880,1.000000,1.100000,0.000000,0.000000,-1.571000,0.296168,1.002517,-0.235007,1.071440
23.650000,-0.166524,-0.002517,1.335855,0.174240,-0.000028,1.570773,0.135357,1.000000,1.100000,0.000000,0.000000,-1.571000,0.301881,1.002517,-0.235855,1.073219
23.660000,-0.163612,-0.002516,1.336710,0.174264,-0.000030,1.570773,0.143699,1.000000,1.100000,0.000000,0.000000,-1.571000,0.307312,1.002516,-0.236710,1.074947
23.670000,-0.160553,-0.002516,1.337572,0.174286,-0.000032,1.570773,0.151900,1.000000,1.100000,0.000000,0.000000,-1.571000,0.312453,1.002516,-0.237572,1.076617
23.680000,-0.157347,-0.002516,1.338438,0.174304,-0.000033,1.570774,0.159951,1.000000,1.100000,0.000000,0.000000,-1.571000,0.317299,1.002516,-0.238438,1.078225
23.690000,-0.153998,-0.002515,1.339308,0.174318,-0.000034,1.570774,0.167845,1.000000,1.100000,0.000000,0.000000,-1.571000,0.321842,1.002515,-0.239308,1.079763
23.700000,-0.150507,-0.002515,1.340171,0.174329,-0.000035,1.570775,0.175572,1.000000,1.100000,0.000000,0.000000,-1.571000,0.326079,1.002515,-0.240171,1.081224
23.710000,-0.146877,-0.002515,1.341021,0.174334,-0.000036,1.570775,0.183127,1.000000,1.100000,0.000000,0.000000,-1.571000,0.330004,1.002515,-0.241021,1.082603
23.720000,-0.143111,-0.002515,1.341855,0.174336,-0.000038,1.570776,0.190500,1.000000,1.100000,0.000000,0.000000,-1.571000,0.333611,1.002515,-0.241855,1.083894
23.730000,-0.139210,-0.002515,1.342669,0.174333,-0.000040,1.570776,0.197686,1.000000,1.100000,0.000000,0.000000,-1.571000,0.336895,1.002515,-0.242669,1.085091
23.740000,-0.135175,-0.002515,1.343464,0.174329,-0.000042,1.570776,0.204676,1.000000,1.100000,0.000000,0.000000,-1.571000,0.339851,1.002515,-0.243464,1.086190
23.750000,-0.131007,-0.002515,1.344237,0.174321,-0.000044,1.570776,0.211465,1.000000,1.100000,0.000000,0.000000,-1.571000,0.342472,1.002515,-0.244237,1.087186
23.760000,-0.126709,-0.002515,1.344989,0.174313,-0.000044,1.570776,0.218044,1.000000,1.100000,0.000000,0.000000,-1.571000,0.344754,1.002515,-0.244989,1.088076
23.770000,-0.122282,-0.002515,1.345718,0.174303,-0.000044,1.570776,0.224409,1.000000,1.100000,0.000000,0.000000,-1.571000,0.346691,1.002515,-0.245718,1.088856
23.780000,-0.117726,-0.002515,1.346422,0.174293,-0.000044,1.570776,0.230552,1.000000,1.100000,0.000000,0.000000,-1.571000,0.348278,1.002515,-0.246422,1.089522
23.790000,-0.113045,-0.002515,1.347098,0.174283,-0.000043,1.570776,0.236468,1.000000,1.100000,0.000000,0.000000,-1.571000,0.349513,1.002515,-0.247098,1.090070
23.800000,-0.108239,-0.002515,1.347745,0.174273,-0.000042,1.570776,0.242150,1.000000,1.100000,0.000000,0.000000,-1.571000,0.350389,1.002515,-0.247745,1.090498
23.810000,-0.103310,-0.002515,1.348362,0.174262,-0.000039,1.570777,0.247593,1.000000,1.100000,0.000000,0.000000,-1.571000,0.350903,1.002515,-0.248362,1.090804
23.820000,-0.098259,-0.002516,1.348949,0.174251,-0.000037,1.570778,0.252792,1.000000,1.100000,0.000000,0.000000,-1.571000,0.351051,1.002516,-0.248949,1.090986
23.830000,-0.093088,-0.002516,1.349503,0.174240,-0.000034,1.570778,0.257742,1.000000,1.100000,0.000000,0.000000,-1.571000,0.350829,1.002516,-0.249503,1.091041
23.840000,-0.087799,-0.002516,1.350017,0.174230,-0.000033,1.570779,0.262437,1.000000,1.100000,0.000000,0.000000,-1.571000,0.350235,1.002516,-0.250017,1.090969
23.850000,-0.082394,-0.002517,1.350484,0.174220,-0.000032,1.570779,0.266873,1.000000,1.100000,0.000000,0.000000,-1.571000,0.349267,1.002517,-0.250484,1.090765
23.860000,-0.076875,-0.002517,1.350900,0.174212,-0.000033,1.570779,0.271045,1.000000,1.100000,0.000000,0.000000,-1.571000,0.347921,1.002517,-0.250900,1.090431
23.870000,-0.071245,-0.002518,1.351264,0.174206,-0.000035,1.570779,0.274951,1.000000,1.100000,0.000000,0.000000,-1.571000,0.346196,1.002518,-0.251264,1.089966
23.880000,-0.065503,-0.002518,1.351574,0.174203,-0.000036,1.570779,0.278585,1.000000,1.100000,0.000000,0.000000,-1.571000,0.344088,1.002518,-0.251574,1.089371
23.890000,-0.059652,-0.002519,1.351828,0.174084,-0.000038,1.570779,0.281944,1.000000,1.100000,0.000000,0.000000,-1.571000,0.341596,1.002519,-0.251828,1.088645
23.900000,-0.053694,-0.002519,1.352025,0.173422,-0.000040,1.570782,0.285024,1.000000,1.100000,0.000000,0.000000,-1.571000,0.338718,1.002519,-0.252025,1.087792
23.910000,-0.047629,-0.002520,1.352160,0.171928,-0.000042,1.570788,0.287824,1.000000,1.100000,0.000000,0.000000,-1.571000,0.335453,1.002520,-0.252160,1.086811
23.920000,-0.041462,-0.002520,1.352233,0.169506,-0.000044,1.570797,0.290339,1.000000,1.100000,0.000000,0.000000,-1.571000,0.331801,1.002520,-0.252233,1.085707
23.930000,-0.035196,-0.002521,1.352243,0.166201,-0.000046,1.570806,0.292568,1.000000,1.100000,0.000000,0.000000,-1.571000,0.327764,1.002521,-0.252243,1.084483
23.940000,-0.028834,-0.002522,1.352192,0.162159,-0.000045,1.570814,0.294508,1.000000,1.100000,0.000000,0.000000,-1.571000,0.323342,1.002522,-0.252192,1.083144
23.950000,-0.022381,-0.002522,1.352079,0.157590,-0.000043,1.570819,0.296158,1.000000,1.100000,0.000000,0.000000,-1.571000,0.318539,1.002522,-0.252079,1.081694
23.960000,-0.015843,-0.002523,1.351906,0.152732,-0.000039,1.570819,0.297515,1.000000,1.100000,0.000000,0.000000,-1.571000,0.313358,1.002523,-0.251906,1.080140
23.970000,-0.009225,-0.002524,1.351673,0.147528,-0.000034,1.570818,0.298578,1.000000,1.100000,0.000000,0.000000,-1.571000,0.307803,1.002524,-0.251673,1.078488
23.980000,-0.002532,-0.002525,1.351375,0.141126,-0.000029,1.570819,0.299347,1.000000,1.100000,0.000000,0.000000,-1.571000,0.301879,1.002525,-0.251375,1.076743
23.990000,0.004227,-0.002525,1.351010,0.132989,-0.000025,1.570825,0.299821,1.000000,1.100000,0.000000,0.000000,-1.571000,0.295593,1.002525,-0.251010,1.074913
24.000000,0.011045,-0.002526,1.350578,0.123015,-0.000020,1.570834,0.299999,1.000000,1.100000,0.000000,0.000000,-1.571000,0.288953,1.002526,-0.250578,1.073006
24.010000,0.017912,-0.002527,1.350079,0.111411,-0.000015,1.570844,0.299880,1.000000,1.100000,0.000000,0.000000,-1.571000,0.281968,1.002527,-0.250079,1.071030
24.020000,0.024816,-0.002528,1.349514,0.098583,-0.000011,1.570851,0.299466,1.000000,1.100000,0.000000,0.000000,-1.571000,0.274649,1.002528,-0.249514,1.068996
24.030000,0.031746,-0.002529,1.348883,0.085010,-0.000007,1.570852,0.298756,1.000000,1.100000,0.000000,0.000000,-1.571000,0.267009,1.002529,-0.248883,1.066912
24.040000,0.038690,-0.002530,1.348187,0.071101,-0.000003,1.570846,0.297751,1.000000,1.100000,0.000000,0.000000,-1.571000,0.259061,1.002530,-0.248187,1.064789
24.050000,0.045633,-0.002530,1.347427,0.057290,0.000001,1.570832,0.296452,1.000000,1.100000,0.000000,0.000000,-1.571000,0.250819,1.002530,-0.247427,1.062637
24.060000,0.052565,-0.002531,1.346604,0.044011,0.000004,1.570812,0.294861,1.000000,1.100000,0.000000,0.000000,-1.571000,0.242297,1.002531,-0.246604,1.060467
24.070000,0.059472,-0.002532,1.345717,0.031647,0.000006,1.570786,0.292979,1.000000,1.100000,0.000000,0.000000,-1.571000,0.233507,1.002532,-0.245717,1.058288
24.080000,0.066344,-0.002533,1.344768,0.020503,0.000007,1.570758,0.290808,1.000000,1.100000,0.000000,0.000000,-1.571000,0.224464,1.002533,-0.244768,1.056109
24.090000,0.073172,-0.002533,1.343767,0.010427,0.000009,1.570734,0.288350,1.000000,1.100000,0.000000,0.000000,-1.571000,0.215178,1.002533,-0.243767,1.053944
24.100000,0.079946,-0.002534,1.342743,0.000237,0.000013,1.570719,0.285607,1.000000,1.100000,0.000000,0.000000,-1.571000,0.205661,1.002534,-0.242743,1.051806
24.110000,0.086658,-0.002535,1.341722,-0.010926,0.000021,1.570719,0.282582,1.000000,1.100000,0.000000,0.000000,-1.571000,0.195924,1.002535,-0.241722,1.049710
24.120000,0.093297,-0.002536,1.340717,-0.023420,0.000033,1.570730,0.279279,1.000000,1.100000,0.000000,0.000000,-1.571000,0.185981,1.002536,-0.240717,1.047670
24.130000,0.099852,-0.002536,1.339738,-0.037241,0.000049,1.570750,0.275699,1.000000,1.100000,0.000000,0.000000,-1.571000,0.175848,1.002536,-0.239738,1.045694
24.140000,0.106308,-0.002537,1.338789,-0.052126,0.000068,1.570772,0.271848,1.000000,1.100000,0.000000,0.000000,-1.571000,0.165540,1.002537,-0.238789,1.043793
24.150000,0.112653,-0.002537,1.337872,-0.067649,0.000087,1.570791,0.267729,1.000000,1.100000,0.000000,0.000000,-1.571000,0.155076,1.002537,-0.237872,1.041976
24.160000,0.118871,-0.002538,1.336989,-0.083302,0.000105,1.570801,0.263345,1.000000,1.100000,0.000000,0.000000,-1.571000,0.144474,1.002538,-0.236989,1.040249
24.170000,0.124949,-0.002538,1.336137,-0.098562,0.000119,1.570802,0.258701,1.000000,1.100000,0.000000,0.000000,-1.571000,0.133752,1.002538,-0.236137,1.038621
24.180000,0.130872,-0.002538,1.335305,-0.112945,0.000128,1.570793,0.253802,1.000000,1.100000,0.000000,0.000000,-1.571000,0.122930,1.002538,-0.235305,1.037094
24.190000,0.136630,-0.002538,1.334488,-0.126053,0.000129,1.570775,0.248653,1.000000,1.100000,0.000000,0.000000,-1.571000,0.112023,1.002538,-0.234488,1.035672
24.200000,0.142211,-0.002538,1.333679,-0.137593,0.000123,1.570752,0.243258,1.000000,1.100000,0.000000,0.000000,-1.571000,0.101047,1.002538,-0.233679,1.034360
24.210000,0.147606,-0.002538,1.332875,-0.147391,0.000109,1.570729,0.237623,1.000000,1.100000,0.000000,0.000000,-1.571000,0.090017,1.002538,-0.232875,1.033159
24.220000,0.152807,-0.002538,1.332072,-0.155388,0.000091,1.570708,0.231754,1.000000,1.100000,0.000000,0.000000,-1.571000,0.078947,1.002538,-0.232072,1.032072
24.230000,0.157807,-0.002538,1.331273,-0.161635,0.000069,1.570692,0.225655,1.000000,1.100000,0.000000,0.000000,-1.571000,0.067848,1.002538,-0.231273,1.031102
24.240000,0.162601,-0.002537,1.330493,-0.166264,0.000047,1.570683,0.219335,1.000000,1.100000,0.000000,0.000000,-1.571000,0.056734,1.002537,-0.230493,1.030255
24.250000,0.167183,-0.002537,1.329744,-0.169475,0.000028,1.570682,0.212797,1.000000,1.100000,0.000000,0.000000,-1.571000,0.045615,1.002537,-0.229744,1.029535
24.260000,0.171550,-0.002536,1.329031,-0.171503,0.000013,1.570687,0.206050,1.000000,1.100000,0.000000,0.000000,-1.571000,0.034500,1.002536,-0.229031,1.028943
24.270000,0.175703,-0.002535,1.328358,-0.172601,0.000002,1.570699,0.199100,1.000000,1.100000,0.000000,0.000000,-1.571000,0.023397,1.002535,-0.228358,1.028480
24.280000,0.179640,-0.002535,1.327729,-0.173018,-0.000004,1.570716,0.191952,1.000000,1.100000,0.000000,0.000000,-1.571000,0.012312,1.002535,-0.227729,1.028148
24.290000,0.183364,-0.002534,1.327145,-0.172981,-0.000005,1.570736,0.184616,1.000000,1.100000,0.000000,0.000000,-1.571000,0.001252,1.002534,-0.227145,1.027945
24.300000,0.186875,-0.002533,1.326611,-0.172686,-0.000002,1.570757,0.177097,1.000000,1.100000,0.000000,0.000000,-1.571000,-0.009778,1.002533,-0.226611,1.027872
24.310000,0.190175,-0.002533,1.326131,-0.172288,0.000004,1.570779,0.169404,1.000000,1.100000,0.000000,0.000000,-1.571000,-0.020771,1.002533,-0.226131,1.027929
24.320000,0.193266,-0.002532,1.325706,-0.171906,0.000012,1.570799,0.161543,1.000000,1.100000,0.000000,0.000000,-1.571000,-0.031723,1.002532,-0.225706,1.028115
24.330000,0.196150,-0.002532,1.325337,-0.171618,0.000021,1.570817,0.153523,1.000000,1.100000,0.000000,0.000000,-1.571000,-0.042627,1.002532,-0.225337,1.028428
24.340000,0.198828,-0.002531,1.325025,-0.171467,0.000030,1.570832,0.145351,1.000000,1.100000,0.000000,0.000000,-1.571000,-0.053477,1.002531,-0.225025,1.028866
24.350000,0.201304,-0.002530,1.324769,-0.171467,0.000038,1.570844,0.137036,1.000000,1.100000,0.000000,0.000000,-1.571000,-0.064268,1.002530,-0.224769,1.029426
24.360000,0.203578,-0.002530,1.324571,-0.171610,0.000045,1.570852,0.128586,1.000000,1.100000,0.000000,0.000000,-1.571000,-0.074992,1.002530,-0.224571,1.030107
24.370000,0.205653,-0.002529,1.324427,-0.171871,0.000049,1.570858,0.120009,1.000000,1.100000,0.000000,0.000000,-1.571000,-0.085645,1.002529,-0.224427,1.030906
24.380000,0.207531,-0.002528,1.324334,-0.172218,0.000051,1.570861,0.111313,1.000000,1.100000,0.000000,0.000000,-1.571000,-0.096218,1.002528,-0.224334,1.031817
24.390000,0.209214,-0.002527,1.324288,-0.172615,0.000050,1.570862,0.102508,1.000000,1.100000,0.000000,0.000000,-1.571000,-0.106706,1.002527,-0.224288,1.032837
24.400000,0.210703,-0.002527,1.324287,-0.173028,0.000047,1.570861,0.093601,1.000000,1.100000,0.000000,0.000000,-1.571000,-0.117102,1.002527,-0.224287,1.033962
24.410000,0.212000,-0.002526,1.324330,-0.173427,0.000040,1.570859,0.084602,1.000000,1.100000,0.000000,0.000000,-1.571000,-0.127398,1.002526,-0.224330,1.035187
24.420000,0.213107,-0.002525,1.324415,-0.173787,0.000032,1.570856,0.075519,1.000000,1.100000,0.000000,0.000000,-1.571000,-0.137588,1.002525,-0.224415,1.036508
24.430000,0.214025,-0.002524,1.324542,-0.174093,0.000023,1.570853,0.066362,1.000000,1.100000,0.000000,0.000000,-1.571000,-0.147663,1.002524,-0.224542,1.037920
24.440000,0.214755,-0.002523,1.324713,-0.174334,0.000014,1.570849,0.057140,1.000000,1.100000,0.000000,0.000000,-1.571000,-0.157615,1.002523,-0.224713,1.039418
24.450000,0.215298,-0.002522,1.324929,-0.174508,0.000006,1.570845,0.047861,1.000000,1.100000,0.000000,0.000000,-1.571000,-0.167437,1.002522,-0.224929,1.040999
24.460000,0.215655,-0.002521,1.325191,-0.174617,-0.000001,1.570841,0.038535,1.000000,1.100000,0.000000,0.000000,-1.571000,-0.177120,1.002521,-0.225191,1.042656
24.470000,0.215828,-0.002520,1.325500,-0.174669,-0.000005,1.570837,0.029171,1.000000,1.100000,0.000000,0.000000,-1.571000,-0.186658,1.002520,-0.225500,1.044384
24.480000,0.215819,-0.002520,1.325855,-0.174674,-0.000008,1.570834,0.019778,1.000000,1.100000,0.000000,0.000000,-1.571000,-0.196041,1.002520,-0.225855,1.046178
24.490000,0.215629,-0.002519,1.326255,-0.174644,-0.000009,1.570830,0.010365,1.000000,1.100000,0.000000,0.000000,-1.571000,-0.205264,1.002519,-0.226255,1.048031
24.500000,0.215260,-0.002518,1.326699,-0.174590,-0.000010,1.570827,0.000942,1.000000,1.100000,0.000000,0.000000,-1.571000,-0.214318,1.002518,-0.226699,1.049937
24.510000,0.214715,-0.002517,1.327184,-0.174522,-0.000010,1.570825,-0.008481,1.000000,1.100000,0.000000,0.000000,-1.571000,-0.223196,1.002517,-0.227184,1.051889
24.520000,0.213995,-0.002517,1.327709,-0.174448,-0.000012,1.570823,-0.017896,1.000000,1.100000,0.000000,0.000000,-1.571000,-0.231891,1.002517,-0.227709,1.053881
24.530000,0.213101,-0.002516,1.328274,-0.174376,-0.000013,1.570822,-0.027294,1.000000,1.100000,0.000000,0.000000,-1.571000,-0.240395,1.002516,-0.228274,1.055906
24.540000,0.212037,-0.002515,1.328876,-0.174312,-0.000015,1.570821,-0.036665,1.000000,1.100000,0.000000,0.000000,-1.571000,-0.248701,1.002515,-0.228876,1.057957
24.550000,0.210802,-0.002514,1.329517,-0.174258,-0.000016,1.570820,-0.045999,1.000000,1.100000,0.000000,0.000000,-1.571000,-0.256801,1.002514,-0.229517,1.060028
24.560000,0.209400,-0.002514,1.330195,-0.174218,-0.000016,1.570819,-0.055288,1.000000,1.100000,0.000000,0.000000,-1.571000,-0.264688,1.002514,-0.230195,1.062113
24.570000,0.207831,-0.002513,1.330909,-0.174192,-0.000014,1.570818,-0.064523,1.000000,1.100000,0.000000,0.000000,-1.571000,-0.272354,1.002513,-0.230909,1.064203
24.580000,0.206098,-0.002513,1.331654,-0.174179,-0.000013,1.570817,-0.073694,1.000000,1.100000,0.000000,0.000000,-1.571000,-0.279792,1.002513,-0.231654,1.066292
24.590000,0.204204,-0.002512,1.332426,-0.174179,-0.000012,1.570816,-0.082792,1.000000,1.100000,0.000000,0.000000,-1.571000,-0.286996,1.002512,-0.232426,1.068372
24.600000,0.202150,-0.002512,1.333222,-0.174188,-0.000013,1.570816,-0.091808,1.000000,1.100000,0.000000,0.000000,-1.571000,-0.293958,1.002512,-0.233222,1.070436
24.610000,0.199938,-0.002511,1.334041,-0.174205,-0.000013,1.570817,-0.100734,1.000000,1.100000,0.000000,0.000000,-1.571000,-0.300672,1.002511,-0.234041,1.072477
24.620000,0.197569,-0.002510,1.334882,-0.174227,-0.000015,1.570818,-0.109561,1.000000,1.100000,0.000000,0.000000,-1.571000,-0.307130,1.002510,-0.234882,1.074489
24.630000,0.195046,-0.002510,1.335743,-0.174251,-0.000017,1.570818,-0.118279,1.000000,1.100000,0.000000,0.000000,-1.571000,-0.313325,1.002510,-0.235743,1.076463
24.640000,0.192370,-0.002510,1.336619,-0.174277,-0.000020,1.570819,-0.126880,1.000000,1.100000,0.000000,0.000000,-1.571000,-0.319250,1.002510,-0.236619,1.078395
24.650000,0.189544,-0.002509,1.337505,-0.174304,-0.000023,1.570819,-0.135357,1.000000,1.100000,0.000000,0.000000,-1.571000,-0.324900,1.002509,-0.237505,1.080275
24.660000,0.186569,-0.002509,1.338399,-0.174329,-0.000027,1.570819,-0.143699,1.000000,1.100000,0.000000,0.000000,-1.571000,-0.330268,1.002509,-0.238399,1.082097
24.670000,0.183447,-0.002508,1.339299,-0.174351,-0.000030,1.570819,-0.151900,1.000000,1.100000,0.000000,0.000000,-1.571000,-0.335348,1.002508,-0.239299,1.083857
24.680000,0.180180,-0.002508,1.340204,-0.174370,-0.000034,1.570819,-0.159951,1.000000,1.100000,0.000000,0.000000,-1.571000,-0.340131,1.002508,-0.240204,1.085546
24.690000,0.176769,-0.002508,1.341111,-0.174385,-0.000036,1.570819,-0.167845,1.000000,1.100000,0.000000,0.000000,-1.571000,-0.344614,1.002508,-0.241111,1.087159
24.700000,0.173218,-0.002508,1.342009,-0.174396,-0.000039,1.570818,-0.175572,1.000000,1.100000,0.000000,0.000000,-1.571000,-0.348790,1.002508,-0.242009,1.088689
24.710000,0.169529,-0.002507,1.342890,-0.174402,-0.000043,1.570818,-0.183127,1.000000,1.100000,0.000000,0.000000,-1.571000,-0.352656,1.002507,-0.242890,1.090130
24.720000,0.165705,-0.002507,1.343750,-0.174402,-0.000046,1.570818,-0.190500,1.000000,1.100000,0.000000,0.000000,-1.571000,-0.356205,1.002507,-0.243750,1.091475
24.730000,0.161747,-0.002507,1.344584,-0.174397,-0.000049,1.570818,-0.197686,1.000000,1.100000,0.000000,0.000000,-1.571000,-0.359433,1.002507,-0.244584,1.092719
24.740000,0.157657,-0.002507,1.345393,-0.174390,-0.000051,1.570818,-0.204676,1.000000,1.100000,0.000000,0.000000,-1.571000,-0.362333,1.002507,-0.245393,1.093857
24.750000,0.153437,-0.002507,1.346174,-0.174380,-0.000052,1.570818,-0.211465,1.000000,1.100000,0.000000,0.000000,-1.571000,-0.364901,1.002507,-0.246174,1.094886
24.760000,0.149087,-0.002507,1.346927,-0.174368,-0.000053,1.570818,-0.218044,1.000000,1.100000,0.000000,0.000000,-1.571000,-0.367131,1.002507,-0.246927,1.095801
24.770000,0.144609,-0.002507,1.347652,-0.174356,-0.000052,1.570818,-0.224409,1.000000,1.100000,0.000000,0.000000,-1.571000,-0.369018,1.002507,-0.247652,1.096598
24.780000,0.140005,-0.002507,1.348346,-0.174343,-0.000052,1.570818,-0.230552,1.000000,1.100000,0.000000,0.000000,-1.571000,-0.370557,1.002507,-0.248346,1.097273
24.790000,0.135276,-0.002508,1.349005,-0.174329,-0.000052,1.570818,-0.236468,1.000000,1.100000,0.000000,0.000000,-1.571000,-0.371744,1.002508,-0.249005,1.097824
24.800000,0.130424,-0.002508,1.349630,-0.174316,-0.000051,1.570818,-0.242150,1.000000,1.100000,0.000000,0.000000,-1.571000,-0.372574,1.002508,-0.249630,1.098248
24.810000,0.125450,-0.002508,1.350219,-0.174303,-0.000050,1.570817,-0.247593,1.000000,1.100000,0.000000,0.000000,-1.571000,-0.373044,1.002508,-0.250219,1.098542
24.820000,0.120356,-0.002509,1.350773,-0.174291,-0.000047,1.570817,-0.252792,1.000000,1.100000,0.000000,0.000000,-1.571000,-0.373148,1.002509,-0.250773,1.098704
24.830000,0.115143,-0.002509,1.351290,-0.174282,-0.000042,1.570816,-0.257742,1.000000,1.100000,0.000000,0.000000,-1.571000,-0.372884,1.002509,-0.251290,1.098733
24.840000,0.109812,-0.002509,1.351765,-0.174274,-0.000038,1.570815,-0.262437,1.000000,1.100000,0.000000,0.000000,-1.571000,-0.372249,1.002509,-0.251765,1.098626
24.850000,0.104366,-0.002510,1.352194,-0.174269,-0.000034,1.570814,-0.266873,1.000000,1.100000,0.000000,0.000000,-1.571000,-0.371239,1.002510,-0.252194,1.098383
24.860000,0.098807,-0.002510,1.352575,-0.174266,-0.000031,1.570814,-0.271045,1.000000,1.100000,0.000000,0.000000,-1.571000,-0.369852,1.002510,-0.252575,1.098003
24.870000,0.093134,-0.002511,1.352907,-0.174266,-0.000029,1.570813,-0.274951,1.000000,1.100000,0.000000,0.000000,-1.571000,-0.368085,1.002511,-0.252907,1.097487
24.880000,0.087351,-0.002511,1.353190,-0.174268,-0.000027,1.570813,-0.278585,1.000000,1.100000,0.000000,0.000000,-1.571000,-0.365936,1.002511,-0.253190,1.096833
24.890000,0.081458,-0.002512,1.353421,-0.174098,-0.000025,1.570811,-0.281944,1.000000,1.100000,0.000000,0.000000,-1.571000,-0.363401,1.002512,-0.253421,1.096044
24.900000,0.075457,-0.002513,1.353596,-0.173131,-0.000024,1.570805,-0.285024,1.000000,1.100000,0.000000,0.000000,-1.571000,-0.360481,1.002513,-0.253596,1.095121
24.910000,0.069351,-0.002513,1.353710,-0.170943,-0.000023,1.570795,-0.287824,1.000000,1.100000,0.000000,0.000000,-1.571000,-0.357175,1.002513,-0.253710,1.094064
24.920000,0.063144,-0.002514,1.353762,-0.167395,-0.000023,1.570782,-0.290339,1.000000,1.100000,0.000000,0.000000,-1.571000,-0.353483,1.002514,-0.253762,1.092877
24.930000,0.056840,-0.002515,1.353750,-0.162555,-0.000023,1.570769,-0.292568,1.000000,1.100000,0.000000,0.000000,-1.571000,-0.349408,1.002515,-0.253750,1.091563
24.940000,0.050445,-0.002515,1.353675,-0.156638,-0.000024,1.570758,-0.294508,1.000000,1.100000,0.000000,0.000000,-1.571000,-0.344953,1.002515,-0.253675,1.090129
24.950000,0.043965,-0.002516,1.353538,-0.149951,-0.000024,1.570751,-0.296158,1.000000,1.100000,0.000000,0.000000,-1.571000,-0.340122,1.002516,-0.253538,1.088578
24.960000,0.037406,-0.002517,1.353340,-0.142843,-0.000022,1.570750,-0.297515,1.000000,1.100000,0.000000,0.000000,-1.571000,-0.334921,1.002517,-0.253340,1.086919
24.970000,0.030777,-0.002517,1.353081,-0.135425,-0.000020,1.570754,-0.298578,1.000000,1.100000,0.000000,0.000000,-1.571000,-0.329355,1.002517,-0.253081,1.085157
24.980000,0.024085,-0.002518,1.352758,-0.127143,-0.000017,1.570760,-0.299347,1.000000,1.100000,0.000000,0.000000,-1.571000,-0.323432,1.002518,-0.252758,1.083299
24.990000,0.017339,-0.002519,1.352369,-0.117678,-0.000014,1.570764,-0.299821,1.000000,1.100000,0.000000,0.000000,-1.571000,-0.317160,1.002519,-0.252369,1.081353
25.000000,0.010548,-0.002519,1.351914,-0.107037,-0.000012,1.570766,-0.299999,1.000000,1.100000,0.000000,0.000000,-1.571000,-0.310547,1.002519,-0.251914,1.079326
25.010000,0.003723,-0.002520,1.351394,-0.095442,-0.000010,1.570768,-0.299880,1.000000,1.100000,0.000000,0.000000,-1.571000,-0.303603,1.002520,-0.251394,1.077228
25.020000,-0.003126,-0.002521,1.350809,-0.083249,-0.000009,1.570771,-0.299466,1.000000,1.100000,0.000000,0.000000,-1.571000,-0.296340,1.002521,-0.250809,1.075068
25.030000,-0.009987,-0.002521,1.350160,-0.070835,-0.000008,1.570777,-0.298756,1.000000,1.100000,0.000000,0.000000,-1.571000,-0.288769,1.002521,-0.250160,1.072854
25.040000,-0.016850,-0.002522,1.349447,-0.058480,-0.000005,1.570786,-0.297751,1.000000,1.100000,0.000000,0.000000,-1.571000,-0.280902,1.002522,-0.249447,1.070598
25.050000,-0.023701,-0.002523,1.348669,-0.046477,-0.000002,1.570799,-0.296452,1.000000,1.100000,0.000000,0.000000,-1.571000,-0.272751,1.002523,-0.248669,1.068308
25.060000,-0.030532,-0.002524,1.347828,-0.035116,0.000000,1.570816,-0.294861,1.000000,1.100000,0.000000,0.000000,-1.571000,-0.264329,1.002524,-0.247828,1.065993
25.070000,-0.037332,-0.002524,1.346923,-0.024657,0.000002,1.570835,-0.292979,1.000000,1.100000,0.000000,0.000000,-1.571000,-0.255648,1.002524,-0.246923,1.063664
25.080000,-0.044091,-0.002525,1.345956,-0.015295,0.000002,1.570854,-0.290808,1.000000,1.100000,0.000000,0.000000,-1.571000,-0.246717,1.002525,-0.245956,1.061329
25.090000,-0.050801,-0.002526,1.344933,-0.006801,0.000002,1.570870,-0.288350,1.000000,1.100000,0.000000,0.000000,-1.571000,-0.237548,1.002526,-0.244933,1.058999
25.100000,-0.057456,-0.002526,1.343881,0.002058,0.000004,1.570875,-0.285607,1.000000,1.100000,0.000000,0.000000,-1.571000,-0.228150,1.002526,-0.243881,1.056688
25.110000,-0.064048,-0.002527,1.342819,0.012163,0.000008,1.570867,-0.282582,1.000000,1.100000,0.000000,0.000000,-1.571000,-0.218534,1.002527,-0.242819,1.054409
25.120000,-0.070567,-0.002528,1.341758,0.023874,0.000016,1.570848,-0.279279,1.000000,1.100000,0.000000,0.000000,-1.571000,-0.208712,1.002528,-0.241758,1.052174
25.130000,-0.077002,-0.002528,1.340708,0.037167,0.000028,1.570823,-0.275699,1.000000,1.100000,0.000000,0.000000,-1.571000,-0.198698,1.002528,-0.240708,1.049992
25.140000,-0.083341,-0.002529,1.339670,0.051746,0.000042,1.570797,-0.271848,1.000000,1.100000,0.000000,0.000000,-1.571000,-0.188507,1.002529,-0.239670,1.047874
25.150000,-0.089570,-0.002529,1.338647,0.067143,0.000057,1.570777,-0.267729,1.000000,1.100000,0.000000,0.000000,-1.571000,-0.178158,1.002529,-0.238647,1.045829
25.160000,-0.095676,-0.002530,1.337640,0.082805,0.000072,1.570766,-0.263345,1.000000,1.100000,0.000000,0.000000,-1.571000,-0.167669,1.002530,-0.237640,1.043864
25.170000,-0.101644,-0.002530,1.336648,0.098165,0.000085,1.570767,-0.258701,1.000000,1.100000,0.000000,0.000000,-1.571000,-0.157057,1.002530,-0.236648,1.041986
25.180000,-0.107461,-0.002531,1.335665,0.112702,0.000095,1.570778,-0.253802,1.000000,1.100000,0.000000,0.000000,-1.571000,-0.146341,1.002531,-0.235665,1.040203
25.190000,-0.113115,-0.002531,1.334689,0.125981,0.000100,1.570799,-0.248653,1.000000,1.100000,0.000000,0.000000,-1.571000,-0.135538,1.002531,-0.234689,1.038517
25.200000,-0.118593,-0.002531,1.333716,0.137685,0.000099,1.570826,-0.243258,1.000000,1.100000,0.000000,0.000000,-1.571000,-0.124665,1.002531,-0.233716,1.036934
25.210000,-0.123887,-0.002531,1.332743,0.147620,0.000093,1.570854,-0.237623,1.000000,1.100000,0.000000,0.000000,-1.571000,-0.113736,1.002531,-0.232743,1.035458
25.220000,-0.128988,-0.002531,1.331769,0.155718,0.000083,1.570879,-0.231754,1.000000,1.100000,0.000000,0.000000,-1.571000,-0.102766,1.002531,-0.231769,1.034092
25.230000,-0.133890,-0.002531,1.330797,0.162024,0.000069,1.570899,-0.225655,1.000000,1.100000,0.000000,0.000000,-1.571000,-0.091765,1.002531,-0.230797,1.032839
25.240000,-0.138587,-0.002530,1.329842,0.166672,0.000054,1.570911,-0.219335,1.000000,1.100000,0.000000,0.000000,-1.571000,-0.080748,1.002530,-0.229842,1.031705
25.250000,-0.143072,-0.002530,1.328916,0.169865,0.000041,1.570916,-0.212797,1.000000,1.100000,0.000000,0.000000,-1.571000,-0.069725,1.002530,-0.228916,1.030694
25.260000,-0.147344,-0.002530,1.328027,0.171848,0.000029,1.570912,-0.206050,1.000000,1.100000,0.000000,0.000000,-1.571000,-0.058706,1.002530,-0.228027,1.029810
25.270000,-0.151402,-0.002529,1.327178,0.172882,0.000021,1.570901,-0.199100,1.000000,1.100000,0.000000,0.000000,-1.571000,-0.047698,1.002529,-0.227178,1.029053
25.280000,-0.155245,-0.002529,1.326372,0.173224,0.000016,1.570885,-0.191952,1.000000,1.100000,0.000000,0.000000,-1.571000,-0.036707,1.002529,-0.226372,1.028424
25.290000,-0.158876,-0.002528,1.325612,0.173109,0.000014,1.570865,-0.184616,1.000000,1.100000,0.000000,0.000000,-1.571000,-0.025740,1.002528,-0.225612,1.027923
25.300000,-0.162295,-0.002528,1.324902,0.172739,0.000015,1.570843,-0.177097,1.000000,1.100000,0.000000,0.000000,-1.571000,-0.014802,1.002528,-0.224902,1.027552
25.310000,-0.165504,-0.002527,1.324246,0.172276,0.000018,1.570821,-0.169404,1.000000,1.100000,0.000000,0.000000,-1.571000,-0.003900,1.002527,-0.224246,1.027308
25.320000,-0.168505,-0.002527,1.323645,0.171840,0.000023,1.570800,-0.161543,1.000000,1.100000,0.000000,0.000000,-1.571000,0.006962,1.002527,-0.223645,1.027193
25.330000,-0.171300,-0.002526,1.323102,0.171511,0.000029,1.570781,-0.153523,1.000000,1.100000,0.000000,0.000000,-1.571000,0.017777,1.002526,-0.223102,1.027205
25.340000,-0.173891,-0.002526,1.322615,0.171333,0.000036,1.570764,-0.145351,1.000000,1.100000,0.000000,0.000000,-1.571000,0.028540,1.002526,-0.222615,1.027341
25.350000,-0.176280,-0.002525,1.322185,0.171319,0.000041,1.570751,-0.137036,1.000000,1.100000,0.000000,0.000000,-1.571000,0.039244,1.002525,-0.222185,1.027601
25.360000,-0.178469,-0.002524,1.321813,0.171459,0.000045,1.570742,-0.128586,1.000000,1.100000,0.000000,0.000000,-1.571000,0.049883,1.002524,-0.221813,1.027981
25.370000,-0.180460,-0.002524,1.321495,0.171727,0.000048,1.570735,-0.120009,1.000000,1.100000,0.000000,0.000000,-1.571000,0.060451,1.002524,-0.221495,1.028479
25.380000,-0.182255,-0.002523,1.321226,0.172088,0.000048,1.570731,-0.111313,1.000000,1.100000,0.000000,0.000000,-1.571000,0.070942,1.002523,-0.221226,1.029090
25.390000,-0.183857,-0.002522,1.321000,0.172503,0.000045,1.570730,-0.102508,1.000000,1.100000,0.000000,0.000000,-1.571000,0.081350,1.002522,-0.221000,1.029811
25.400000,-0.185268,-0.002522,1.320813,0.172936,0.000040,1.570731,-0.093601,1.000000,1.100000,0.000000,0.000000,-1.571000,0.091667,1.002522,-0.220813,1.030636
25.410000,-0.186489,-0.002521,1.320665,0.173354,0.000033,1.570733,-0.084602,1.000000,1.100000,0.000000,0.000000,-1.571000,0.101887,1.002521,-0.220665,1.031563
25.420000,-0.187521,-0.002520,1.320552,0.173731,0.000025,1.570736,-0.075519,1.000000,1.100000,0.000000,0.000000,-1.571000,0.112002,1.002520,-0.220552,1.032586
25.430000,-0.188367,-0.002519,1.320476,0.174051,0.000016,1.570740,-0.066362,1.000000,1.100000,0.000000,0.000000,-1.571000,0.122005,1.002519,-0.220476,1.033702
25.440000,-0.189026,-0.002518,1.320443,0.174302,0.000008,1.570744,-0.057140,1.000000,1.100000,0.000000,0.000000,-1.571000,0.131886,1.002518,-0.220443,1.034907
25.450000,-0.189498,-0.002518,1.320458,0.174481,0.000002,1.570748,-0.047861,1.000000,1.100000,0.000000,0.000000,-1.571000,0.141637,1.002518,-0.220458,1.036197
25.460000,-0.189785,-0.002517,1.320523,0.174591,-0.000002,1.570753,-0.038535,1.000000,1.100000,0.000000,0.000000,-1.571000,0.151251,1.002517,-0.220523,1.037568
25.470000,-0.189889,-0.002516,1.320639,0.174641,-0.000003,1.570757,-0.029171,1.000000,1.100000,0.000000,0.000000,-1.571000,0.160718,1.002516,-0.220639,1.039014
25.480000,-0.189809,-0.002515,1.320808,0.174640,-0.000003,1.570761,-0.019778,1.000000,1.100000,0.000000,0.000000,-1.571000,0.170031,1.002515,-0.220808,1.040531
25.490000,-0.189549,-0.002515,1.321029,0.174602,-0.000002,1.570764,-0.010365,1.000000,1.100000,0.000000,0.000000,-1.571000,0.179184,1.002515,-0.221029,1.042111
25.500000,-0.189110,-0.002514,1.321297,0.174539,-0.000000,1.570767,-0.000942,1.000000,1.100000,0.000000,0.000000,-1.571000,0.188168,1.002514,-0.221297,1.043750
25.510000,-0.188495,-0.002513,1.321609,0.174462,0.000002,1.570770,0.008481,1.000000,1.100000,0.000000,0.000000,-1.571000,0.196977,1.002513,-0.221609,1.045439
25.520000,-0.187706,-0.002513,1.321963,0.174381,0.000004,1.570772,0.017896,1.000000,1.100000,0.000000,0.000000,-1.571000,0.205603,1.002513,-0.221963,1.047173
25.530000,-0.186745,-0.002512,1.322357,0.174304,0.000005,1.570774,0.027294,1.000000,1.100000,0.000000,0.000000,-1.571000,0.214039,1.002512,-0.222357,1.048945
25.540000,-0.185613,-0.002511,1.322791,0.174236,0.000005,1.570775,0.036665,1.000000,1.100000,0.000000,0.000000,-1.571000,0.222278,1.002511,-0.222791,1.050748
25.550000,-0.184312,-0.002510,1.323263,0.174181,0.000004,1.570776,0.045999,1.000000,1.100000,0.000000,0.000000,-1.571000,0.230311,1.002510,-0.223263,1.052576
25.560000,-0.182844,-0.002510,1.323773,0.174141,0.000002,1.570777,0.055288,1.000000,1.100000,0.000000,0.000000,-1.571000,0.238132,1.002510,-0.223773,1.054423
25.570000,-0.181211,-0.002509,1.324320,0.174116,-0.000002,1.570777,0.064523,1.000000,1.100000,0.000000,0.000000,-1.571000,0.245734,1.002509,-0.224320,1.056281
25.580000,-0.179414,-0.002509,1.324901,0.174107,-0.000006,1.570777,0.073694,1.000000,1.100000,0.000000,0.000000,-1.571000,0.253107,1.002509,-0.224901,1.058143
25.590000,-0.177455,-0.002508,1.325515,0.174111,-0.000010,1.570776,0.082792,1.000000,1.100000,0.000000,0.000000,-1.571000,0.260247,1.002508,-0.225515,1.060003
25.600000,-0.175337,-0.002507,1.326159,0.174125,-0.000013,1.570775,0.091808,1.000000,1.100000,0.000000,0.000000,-1.571000,0.267145,1.002507,-0.226159,1.061854
25.610000,-0.173060,-0.002507,1.326832,0.174145,-0.000017,1.570774,0.100734,1.000000,1.100000,0.000000,0.000000,-1.571000,0.273794,1.002507,-0.226832,1.063690
25.620000,-0.170626,-0.002506,1.327535,0.174170,-0.000021,1.570773,0.109561,1.000000,1.100000,0.000000,0.000000,-1.571000,0.280186,1.002506,-0.227535,1.065502
25.630000,-0.168037,-0.002506,1.328265,0.174198,-0.000024,1.570773,0.118279,1.000000,1.100000,0.000000,0.000000,-1.571000,0.286316,1.002506,-0.228265,1.067286
25.640000,-0.165296,-0.002505,1.329013,0.174226,-0.000028,1.570772,0.126880,1.000000,1.100000,0.000000,0.000000,-1.571000,0.292176,1.002505,-0.229013,1.069032
25.650000,-0.162405,-0.002505,1.329776,0.174253,-0.000031,1.570772,0.135357,1.000000,1.100000,0.000000,0.000000,-1.571000,0.297761,1.002505,-0.229776,1.070735
25.660000,-0.159365,-0.002504,1.330548,0.174278,-0.000033,1.570773,0.143699,1.000000,1.100000,0.000000,0.000000,-1.571000,0.303065,1.002504,-0.230548,1.072388
25.670000,-0.156179,-0.002504,1.331329,0.174300,-0.000035,1.570773,0.151900,1.000000,1.100000,0.000000,0.000000,-1.571000,0.308080,1.002504,-0.231329,1.073983
25.680000,-0.152848,-0.002503,1.332116,0.174317,-0.000037,1.570774,0.159951,1.000000,1.100000,0.000000,0.000000,-1.571000,0.312800,1.002503,-0.232116,1.075516
25.690000,-0.149375,-0.002503,1.332907,0.174331,-0.000038,1.570774,0.167845,1.000000,1.100000,0.000000,0.000000,-1.571000,0.317219,1.002503,-0.232907,1.076980
25.700000,-0.145760,-0.002503,1.333694,0.174340,-0.000038,1.570775,0.175572,1.000000,1.100000,0.000000,0.000000,-1.571000,0.321333,1.002503,-0.233694,1.078369
25.710000,-0.142009,-0.002503,1.334469,0.174344,-0.000040,1.570775,0.183127,1.000000,1.100000,0.000000,0.000000,-1.571000,0.325135,1.002503,-0.234469,1.079676
25.720000,-0.138121,-0.002503,1.335230,0.174342,-0.000041,1.570776,0.190500,1.000000,1.100000,0.000000,0.000000,-1.571000,0.328621,1.002503,-0.235230,1.080896
25.730000,-0.134099,-0.002502,1.335974,0.174336,-0.000044,1.570776,0.197686,1.000000,1.100000,0.000000,0.000000,-1.571000,0.331784,1.002502,-0.235974,1.082024
25.740000,-0.129944,-0.002502,1.336699,0.174328,-0.000046,1.570775,0.204676,1.000000,1.100000,0.000000,0.000000,-1.571000,0.334620,1.002502,-0.236699,1.083055
25.750000,-0.125658,-0.002502,1.337406,0.174317,-0.000047,1.570775,0.211465,1.000000,1.100000,0.000000,0.000000,-1.571000,0.337122,1.002502,-0.237406,1.083985
25.760000,-0.121241,-0.002502,1.338093,0.174305,-0.000047,1.570775,0.218044,1.000000,1.100000,0.000000,0.000000,-1.571000,0.339286,1.002502,-0.238093,1.084811
25.770000,-0.116697,-0.002502,1.338758,0.174292,-0.000047,1.570775,0.224409,1.000000,1.100000,0.000000,0.000000,-1.571000,0.341106,1.002502,-0.238758,1.085527
25.780000,-0.112026,-0.002502,1.339395,0.174279,-0.000047,1.570776,0.230552,1.000000,1.100000,0.000000,0.000000,-1.571000,0.342578,1.002502,-0.239395,1.086131
25.790000,-0.107232,-0.002503,1.339997,0.174266,-0.000047,1.570776,0.236468,1.000000,1.100000,0.000000,0.000000,-1.571000,0.343700,1.002503,-0.239997,1.086619
25.800000,-0.102316,-0.002503,1.340562,0.174252,-0.000046,1.570776,0.242150,1.000000,1.100000,0.000000,0.000000,-1.571000,0.344466,1.002503,-0.240562,1.086986
25.810000,-0.097280,-0.002503,1.341087,0.174239,-0.000045,1.570776,0.247593,1.000000,1.100000,0.000000,0.000000,-1.571000,0.344873,1.002503,-0.241087,1.087232
25.820000,-0.092125,-0.002503,1.341571,0.174226,-0.000044,1.570776,0.252792,1.000000,1.100000,0.000000,0.000000,-1.571000,0.344917,1.002503,-0.241571,1.087353
25.830000,-0.086851,-0.002504,1.342015,0.174215,-0.000043,1.570777,0.257742,1.000000,1.100000,0.000000,0.000000,-1.571000,0.344593,1.002504,-0.242015,1.087350
25.840000,-0.081462,-0.002504,1.342417,0.174205,-0.000041,1.570777,0.262437,1.000000,1.100000,0.000000,0.000000,-1.571000,0.343899,1.002504,-0.242417,1.087220
25.850000,-0.075957,-0.002505,1.342777,0.174198,-0.000039,1.570777,0.266873,1.000000,1.100000,0.000000,0.000000,-1.571000,0.342830,1.002505,-0.242777,1.086963
25.860000,-0.070338,-0.002505,1.343095,0.174192,-0.000036,1.570778,0.271045,1.000000,1.100000,0.000000,0.000000,-1.571000,0.341384,1.002505,-0.243095,1.086579
25.870000,-0.064607,-0.002506,1.343370,0.174189,-0.000032,1.570779,0.274951,1.000000,1.100000,0.000000,0.000000,-1.571000,0.339557,1.002506,-0.243370,1.086069
25.880000,-0.058763,-0.002506,1.343604,0.174188,-0.000029,1.570779,0.278585,1.000000,1.100000,0.000000,0.000000,-1.571000,0.337347,1.002506,-0.243604,1.085433
25.890000,-0.052809,-0.002507,1.343794,0.174007,-0.000026,1.570781,0.281944,1.000000,1.100000,0.000000,0.000000,-1.571000,0.334752,1.002507,-0.243794,1.084672
25.900000,-0.046747,-0.002507,1.343933,0.172993,-0.000025,1.570788,0.285024,1.000000,1.100000,0.000000,0.000000,-1.571000,0.331771,1.002507,-0.243933,1.083788
25.910000,-0.040580,-0.002508,1.344015,0.170704,-0.000026,1.570798,0.287824,1.000000,1.100000,0.000000,0.000000,-1.571000,0.328404,1.002508,-0.244015,1.082781
25.920000,-0.034312,-0.002508,1.344038,0.166995,-0.000028,1.570811,0.290339,1.000000,1.100000,0.000000,0.000000,-1.571000,0.324651,1.002508,-0.244038,1.081654
25.930000,-0.027948,-0.002509,1.344001,0.161936,-0.000030,1.570825,0.292568,1.000000,1.100000,0.000000,0.000000,-1.571000,0.320516,1.002509,-0.244001,1.080412
25.940000,-0.021493,-0.002510,1.343903,0.155752,-0.000032,1.570836,0.294508,1.000000,1.100000,0.000000,0.000000,-1.571000,0.316001,1.002510,-0.243903,1.079060
25.950000,-0.014954,-0.002510,1.343745,0.148764,-0.000033,1.570843,0.296158,1.000000,1.100000,0.000000,0.000000,-1.571000,0.311112,1.002510,-0.243745,1.077603
25.960000,-0.008339,-0.002511,1.343528,0.141336,-0.000033,1.570844,0.297515,1.000000,1.100000,0.000000,0.000000,-1.571000,0.305853,1.002511,-0.243528,1.076048
25.970000,-0.001654,-0.002512,1.343251,0.133593,-0.000031,1.570839,0.298578,1.000000,1.100000,0.000000,0.000000,-1.571000,0.300232,1.002512,-0.243251,1.074402
25.980000,0.005091,-0.002512,1.342910,0.124997,-0.000028,1.570833,0.299347,1.000000,1.100000,0.000000,0.000000,-1.571000,0.294256,1.002512,-0.242910,1.072671
25.990000,0.011887,-0.002513,1.342501,0.115242,-0.000026,1.570828,0.299821,1.000000,1.100000,0.000000,0.000000,-1.571000,0.287934,1.002513,-0.242501,1.070862
26.000000,0.018725,-0.002514,1.342021,0.104343,-0.000024,1.570825,0.299999,1.000000,1.100000,0.000000,0.000000,-1.571000,0.281274,1.002514,-0.242021,1.068982
26.010000,0.025594,-0.002514,1.341471,0.092527,-0.000022,1.570823,0.299880,1.000000,1.100000,0.000000,0.000000,-1.571000,0.274286,1.002514,-0.241471,1.067041
26.020000,0.032483,-0.002515,1.340851,0.080154,-0.000019,1.570819,0.299466,1.000000,1.100000,0.000000,0.000000,-1.571000,0.266983,1.002515,-0.240851,1.065047
26.030000,0.039380,-0.002516,1.340162,0.067595,-0.000015,1.570812,0.298756,1.000000,1.100000,0.000000,0.000000,-1.571000,0.259375,1.002516,-0.240162,1.063011
26.040000,0.046275,-0.002517,1.339403,0.055111,-0.000011,1.570803,0.297751,1.000000,1.100000,0.000000,0.000000,-1.571000,0.251476,1.002517,-0.239403,1.060940
26.050000,0.053156,-0.002518,1.338575,0.042979,-0.000007,1.570790,0.296452,1.000000,1.100000,0.000000,0.000000,-1.571000,0.243296,1.002518,-0.238575,1.058845
26.060000,0.060012,-0.002518,1.337677,0.031482,-0.000002,1.570773,0.294861,1.000000,1.100000,0.000000,0.000000,-1.571000,0.234849,1.002518,-0.237677,1.056734
26.070000,0.066834,-0.002519,1.336711,0.020873,0.000001,1.570755,0.292979,1.000000,1.100000,0.000000,0.000000,-1.571000,0.226146,1.002519,-0.236711,1.054618
26.080000,0.073611,-0.002520,1.335676,0.011350,0.000003,1.570737,0.290808,1.000000,1.100000,0.000000,0.000000,-1.571000,0.217197,1.002520,-0.235676,1.052504
26.090000,0.080335,-0.002521,1.334584,0.002698,0.000003,1.570722,0.288350,1.000000,1.100000,0.000000,0.000000,-1.571000,0.208014,1.002521,-0.234584,1.050403
26.100000,0.087000,-0.002521,1.333472,-0.006267,0.000007,1.570717,0.285607,1.000000,1.100000,0.000000,0.000000,-1.571000,0.198606,1.002521,-0.233472,1.048333
26.110000,0.093598,-0.002522,1.332370,-0.016389,0.000015,1.570724,0.282582,1.000000,1.100000,0.000000,0.000000,-1.571000,0.188984,1.002522,-0.232370,1.046309
26.120000,0.100118,-0.002523,1.331296,-0.028012,0.000028,1.570742,0.279279,1.000000,1.100000,0.000000,0.000000,-1.571000,0.179161,1.002523,-0.231296,1.044341
26.130000,0.106549,-0.002523,1.330259,-0.041112,0.000046,1.570766,0.275699,1.000000,1.100000,0.000000,0.000000,-1.571000,0.169150,1.002523,-0.230259,1.042441
26.140000,0.112880,-0.002524,1.329265,-0.055405,0.000067,1.570790,0.271848,1.000000,1.100000,0.000000,0.000000,-1.571000,0.158968,1.002524,-0.229265,1.040619
26.150000,0.119095,-0.002525,1.328318,-0.070442,0.000090,1.570809,0.267729,1.000000,1.100000,0.000000,0.000000,-1.571000,0.148633,1.002525,-0.228318,1.038882
26.160000,0.125182,-0.002525,1.327418,-0.085694,0.000112,1.570820,0.263345,1.000000,1.100000,0.000000,0.000000,-1.571000,0.138163,1.002525,-0.227418,1.037239
26.170000,0.131126,-0.002525,1.326562,-0.100619,0.000130,1.570819,0.258701,1.000000,1.100000,0.000000,0.000000,-1.571000,0.127575,1.002525,-0.226562,1.035694
26.180000,0.136914,-0.002526,1.325736,-0.114718,0.000141,1.570808,0.253802,1.000000,1.100000,0.000000,0.000000,-1.571000,0.116888,1.002526,-0.225736,1.034252
26.190000,0.142535,-0.002526,1.324928,-0.127581,0.000144,1.570789,0.248653,1.000000,1.100000,0.000000,0.000000,-1.571000,0.106118,1.002526,-0.224928,1.032914
26.200000,0.147978,-0.002526,1.324131,-0.138904,0.000138,1.570765,0.243258,1.000000,1.100000,0.000000,0.000000,-1.571000,0.095280,1.002526,-0.224131,1.031683
26.210000,0.153235,-0.002525,1.323341,-0.148508,0.000124,1.570739,0.237623,1.000000,1.100000,0.000000,0.000000,-1.571000,0.084388,1.002525,-0.223341,1.030563
26.220000,0.158299,-0.002525,1.322552,-0.156331,0.000104,1.570716,0.231754,1.000000,1.100000,0.000000,0.000000,-1.571000,0.073455,1.002525,-0.222552,1.029554
26.230000,0.163163,-0.002525,1.321768,-0.162420,0.000079,1.570699,0.225655,1.000000,1.100000,0.000000,0.000000,-1.571000,0.062493,1.002525,-0.221768,1.028660
26.240000,0.167819,-0.002524,1.321004,-0.166908,0.000053,1.570689,0.219335,1.000000,1.100000,0.000000,0.000000,-1.571000,0.051515,1.002524,-0.221004,1.027887
26.250000,0.172265,-0.002523,1.320272,-0.169992,0.000030,1.570686,0.212797,1.000000,1.100000,0.000000,0.000000,-1.571000,0.040533,1.002523,-0.220272,1.027237
26.260000,0.176496,-0.002523,1.319579,-0.171909,0.000012,1.570691,0.206050,1.000000,1.100000,0.000000,0.000000,-1.571000,0.029554,1.002523,-0.219579,1.026713
26.270000,0.180512,-0.002522,1.318929,-0.172913,-0.000001,1.570702,0.199100,1.000000,1.100000,0.000000,0.000000,-1.571000,0.018587,1.002522,-0.218929,1.026317
26.280000,0.184314,-0.002521,1.318325,-0.173250,-0.000008,1.570718,0.191952,1.000000,1.100000,0.000000,0.000000,-1.571000,0.007638,1.002521,-0.218325,1.026047
26.290000,0.187903,-0.002521,1.317769,-0.173148,-0.000010,1.570737,0.184616,1.000000,1.100000,0.000000,0.000000,-1.571000,-0.003287,1.002521,-0.217769,1.025905
26.300000,0.191280,-0.002520,1.317265,-0.172802,-0.000006,1.570758,0.177097,1.000000,1.100000,0.000000,0.000000,-1.571000,-0.014182,1.002520,-0.217265,1.025891
26.310000,0.194446,-0.002519,1.316818,-0.172366,0.000000,1.570779,0.169404,1.000000,1.100000,0.000000,0.000000,-1.571000,-0.025042,1.002519,-0.216818,1.026003
26.320000,0.197403,-0.002519,1.316429,-0.171957,0.000009,1.570798,0.161543,1.000000,1.100000,0.000000,0.000000,-1.571000,-0.035860,1.002519,-0.216429,1.026241
26.330000,0.200154,-0.002518,1.316099,-0.171651,0.000019,1.570816,0.153523,1.000000,1.100000,0.000000,0.000000,-1.571000,-0.046631,1.002518,-0.216099,1.026604
26.340000,0.202701,-0.002517,1.315829,-0.171491,0.000029,1.570830,0.145351,1.000000,1.100000,0.000000,0.000000,-1.571000,-0.057349,1.002517,-0.215829,1.027089
26.350000,0.205045,-0.002517,1.315618,-0.171487,0.000038,1.570842,0.137036,1.000000,1.100000,0.000000,0.000000,-1.571000,-0.068009,1.002517,-0.215618,1.027694
26.360000,0.207189,-0.002516,1.315467,-0.171629,0.000044,1.570851,0.128586,1.000000,1.100000,0.000000,0.000000,-1.571000,-0.078603,1.002516,-0.215467,1.028417
26.370000,0.209133,-0.002515,1.315373,-0.171892,0.000046,1.570857,0.120009,1.000000,1.100000,0.000000,0.000000,-1.571000,-0.089125,1.002515,-0.215373,1.029255
26.380000,0.210882,-0.002514,1.315329,-0.172241,0.000046,1.570860,0.111313,1.000000,1.100000,0.000000,0.000000,-1.571000,-0.099569,1.002514,-0.215329,1.030202
26.390000,0.212438,-0.002513,1.315331,-0.172641,0.000042,1.570861,0.102508,1.000000,1.100000,0.000000,0.000000,-1.571000,-0.109930,1.002513,-0.215331,1.031254
26.400000,0.213801,-0.002513,1.315375,-0.173056,0.000036,1.570861,0.093601,1.000000,1.100000,0.000000,0.000000,-1.571000,-0.120200,1.002513,-0.215375,1.032408
26.410000,0.214974,-0.002512,1.315459,-0.173456,0.000027,1.570859,0.084602,1.000000,1.100000,0.000000,0.000000,-1.571000,-0.130372,1.002512,-0.215459,1.033658
26.420000,0.215958,-0.002511,1.315581,-0.173817,0.000017,1.570857,0.075519,1.000000,1.100000,0.000000,0.000000,-1.571000,-0.140439,1.002511,-0.215581,1.035001
26.430000,0.216755,-0.002510,1.315741,-0.174121,0.000006,1.570854,0.066362,1.000000,1.100000,0.000000,0.000000,-1.571000,-0.150393,1.002510,-0.215741,1.036431
26.440000,0.217366,-0.002509,1.315943,-0.174360,-0.000005,1.570851,0.057140,1.000000,1.100000,0.000000,0.000000,-1.571000,-0.160226,1.002509,-0.215943,1.037944
26.450000,0.217790,-0.002508,1.316191,-0.174530,-0.000013,1.570847,0.047861,1.000000,1.100000,0.000000,0.000000,-1.571000,-0.169929,1.002508,-0.216191,1.039537
26.460000,0.218030,-0.002508,1.316485,-0.174634,-0.000018,1.570843,0.038535,1.000000,1.100000,0.000000,0.000000,-1.571000,-0.179495,1.002508,-0.216485,1.041204
26.470000,0.218087,-0.002507,1.316826,-0.174680,-0.000021,1.570839,0.029171,1.000000,1.100000,0.000000,0.000000,-1.571000,-0.188916,1.002507,-0.216826,1.042939
26.480000,0.217962,-0.002506,1.317216,-0.174680,-0.000021,1.570835,0.019778,1.000000,1.100000,0.000000,0.000000,-1.571000,-0.198184,1.002506,-0.217216,1.044738
26.490000,0.217657,-0.002505,1.317653,-0.174645,-0.000019,1.570830,0.010365,1.000000,1.100000,0.000000,0.000000,-1.571000,-0.207291,1.002505,-0.217653,1.046594
26.500000,0.217173,-0.002505,1.318135,-0.174586,-0.000016,1.570827,0.000942,1.000000,1.100000,0.000000,0.000000,-1.571000,-0.216231,1.002505,-0.218135,1.048501
26.510000,0.216514,-0.002504,1.318660,-0.174514,-0.000012,1.570824,-0.008481,1.000000,1.100000,0.000000,0.000000,-1.571000,-0.224995,1.002504,-0.218660,1.050452
26.520000,0.215681,-0.002503,1.319227,-0.174439,-0.000008,1.570821,-0.017896,1.000000,1.100000,0.000000,0.000000,-1.571000,-0.233577,1.002503,-0.219227,1.052441
26.530000,0.214675,-0.002503,1.319835,-0.174366,-0.000005,1.570819,-0.027294,1.000000,1.100000,0.000000,0.000000,-1.571000,-0.241969,1.002503,-0.219835,1.054461
26.540000,0.213498,-0.002502,1.320484,-0.174301,-0.000002,1.570818,-0.036665,1.000000,1.100000,0.000000,0.000000,-1.571000,-0.250163,1.002502,-0.220484,1.056506
26.550000,0.212152,-0.002502,1.321172,-0.174249,-0.000000,1.570817,-0.045999,1.000000,1.100000,0.000000,0.000000,-1.571000,-0.258151,1.002502,-0.221172,1.058569
26.560000,0.210639,-0.002501,1.321900,-0.174211,0.000000,1.570816,-0.055288,1.000000,1.100000,0.000000,0.000000,-1.571000,-0.265927,1.002501,-0.221900,1.060644
26.570000,0.208960,-0.002501,1.322665,-0.174188,-0.000000,1.570815,-0.064523,1.000000,1.100000,0.000000,0.000000,-1.571000,-0.273483,1.002501,-0.222665,1.062723
26.580000,0.207119,-0.002500,1.323459,-0.174178,-0.000002,1.570815,-0.073694,1.000000,1.100000,0.000000,0.000000,-1.571000,-0.280813,1.002500,-0.223459,1.064799
26.590000,0.205118,-0.002500,1.324276,-0.174180,-0.000006,1.570816,-0.082792,1.000000,1.100000,0.000000,0.000000,-1.571000,-0.287910,1.002500,-0.224276,1.066863
26.600000,0.202958,-0.002499,1.325112,-0.174192,-0.000010,1.570817,-0.091808,1.000000,1.100000,0.000000,0.000000,-1.571000,-0.294767,1.002499,-0.225112,1.068909
26.610000,0.200643,-0.002498,1.325966,-0.174210,-0.000016,1.570818,-0.100734,1.000000,1.100000,0.000000,0.000000,-1.571000,-0.301377,1.002498,-0.225966,1.070930
26.620000,0.198173,-0.002498,1.326836,-0.174232,-0.000021,1.570819,-0.109561,1.000000,1.100000,0.000000,0.000000,-1.571000,-0.307733,1.002498,-0.226836,1.072920
26.630000,0.195550,-0.002498,1.327720,-0.174257,-0.000025,1.570820,-0.118279,1.000000,1.100000,0.000000,0.000000,-1.571000,-0.313829,1.002498,-0.227720,1.074870
26.640000,0.192776,-0.002497,1.328615,-0.174283,-0.000029,1.570820,-0.126880,1.000000,1.100000,0.000000,0.000000,-1.571000,-0.319656,1.002497,-0.228615,1.076776
26.650000,0.189853,-0.002497,1.329519,-0.174308,-0.000031,1.570820,-0.135357,1.000000,1.100000,0.000000,0.000000,-1.571000,-0.325209,1.002497,-0.229519,1.078629
26.660000,0.186782,-0.002496,1.330431,-0.174332,-0.000033,1.570820,-0.143699,1.000000,1.100000,0.000000,0.000000,-1.571000,-0.330481,1.002496,-0.230431,1.080424
26.670000,0.183565,-0.002496,1.331349,-0.174352,-0.000033,1.570819,-0.151900,1.000000,1.100000,0.000000,0.000000,-1.571000,-0.335465,1.002496,-0.231349,1.082154
26.680000,0.180203,-0.002496,1.332273,-0.174370,-0.000033,1.570819,-0.159951,1.000000,1.100000,0.000000,0.000000,-1.571000,-0.340155,1.002496,-0.232273,1.083815
26.690000,0.176698,-0.002496,1.333201,-0.174383,-0.000033,1.570818,-0.167845,1.000000,1.100000,0.000000,0.000000,-1.571000,-0.344543,1.002496,-0.233201,1.085399
26.700000,0.173054,-0.002496,1.334120,-0.174392,-0.000032,1.570817,-0.175572,1.000000,1.100000,0.000000,0.000000,-1.571000,-0.348626,1.002496,-0.234120,1.086899
26.710000,0.169273,-0.002495,1.335024,-0.174395,-0.000032,1.570816,-0.183127,1.000000,1.100000,0.000000,0.000000,-1.571000,-0.352399,1.002495,-0.235024,1.088310
26.720000,0.165356,-0.002495,1.335907,-0.174394,-0.000033,1.570816,-0.190500,1.000000,1.100000,0.000000,0.000000,-1.571000,-0.355856,1.002495,-0.235907,1.089625
26.730000,0.161307,-0.002495,1.336766,-0.174388,-0.000036,1.570816,-0.197686,1.000000,1.100000,0.000000,0.000000,-1.571000,-0.358993,1.002495,-0.236766,1.090839
26.740000,0.157126,-0.002495,1.337600,-0.174380,-0.000039,1.570816,-0.204676,1.000000,1.100000,0.000000,0.000000,-1.571000,-0.361802,1.002495,-0.237600,1.091948
26.750000,0.152816,-0.002495,1.338408,-0.174370,-0.000041,1.570816,-0.211465,1.000000,1.100000,0.000000,0.000000,-1.571000,-0.364280,1.002495,-0.238408,1.092948
26.760000,0.148376,-0.002495,1.339189,-0.174358,-0.000044,1.570817,-0.218044,1.000000,1.100000,0.000000,0.000000,-1.571000,-0.366420,1.002495,-0.239189,1.093834
26.770000,0.143809,-0.002495,1.339942,-0.174346,-0.000047,1.570817,-0.224409,1.000000,1.100000,0.000000,0.000000,-1.571000,-0.368218,1.002495,-0.239942,1.094602
26.780000,0.139117,-0.002495,1.340665,-0.174334,-0.000049,1.570818,-0.230552,1.000000,1.100000,0.000000,0.000000,-1.571000,-0.369669,1.002495,-0.240665,1.095250
26.790000,0.134300,-0.002496,1.341356,-0.174321,-0.000051,1.570818,-0.236468,1.000000,1.100000,0.000000,0.000000,-1.571000,-0.370768,1.002496,-0.241356,1.095773
26.800000,0.129361,-0.002496,1.342015,-0.174308,-0.000053,1.570818,-0.242150,1.000000,1.100000,0.000000,0.000000,-1.571000,-0.371511,1.002496,-0.242015,1.096170
26.810000,0.124301,-0.002496,1.342639,-0.174297,-0.000053,1.570818,-0.247593,1.000000,1.100000,0.000000,0.000000,-1.571000,-0.371894,1.002496,-0.242639,1.096438
26.820000,0.119120,-0.002497,1.343230,-0.174288,-0.000051,1.570818,-0.252792,1.000000,1.100000,0.000000,0.000000,-1.571000,-0.371912,1.002497,-0.243230,1.096576
26.830000,0.113820,-0.002497,1.343785,-0.174282,-0.000047,1.570817,-0.257742,1.000000,1.100000,0.000000,0.000000,-1.571000,-0.371562,1.002497,-0.243785,1.096581
26.840000,0.108404,-0.002497,1.344299,-0.174278,-0.000043,1.570816,-0.262437,1.000000,1.100000,0.000000,0.000000,-1.571000,-0.370841,1.002497,-0.244299,1.096451
26.850000,0.102874,-0.002498,1.344765,-0.174277,-0.000038,1.570815,-0.266873,1.000000,1.100000,0.000000,0.000000,-1.571000,-0.369747,1.002498,-0.244765,1.096186
26.860000,0.097231,-0.002498,1.345181,-0.174276,-0.000034,1.570814,-0.271045,1.000000,1.100000,0.000000,0.000000,-1.571000,-0.368277,1.002498,-0.245181,1.095785
26.870000,0.091477,-0.002499,1.345546,-0.174277,-0.000032,1.570813,-0.274951,1.000000,1.100000,0.000000,0.000000,-1.571000,-0.366428,1.002499,-0.245546,1.095247
26.880000,0.085612,-0.002499,1.345858,-0.174278,-0.000030,1.570813,-0.278585,1.000000,1.100000,0.000000,0.000000,-1.571000,-0.364197,1.002499,-0.245858,1.094573
26.890000,0.079639,-0.002500,1.346117,-0.174161,-0.000029,1.570812,-0.281944,1.000000,1.100000,0.000000,0.000000,-1.571000,-0.361583,1.002500,-0.246117,1.093765
26.900000,0.073559,-0.002501,1.346319,-0.173498,-0.000030,1.570808,-0.285024,1.000000,1.100000,0.000000,0.000000,-1.571000,-0.358584,1.002501,-0.246319,1.092823
26.910000,0.067375,-0.002501,1.346462,-0.172002,-0.000031,1.570802,-0.287824,1.000000,1.100000,0.000000,0.000000,-1.571000,-0.355198,1.002501,-0.246462,1.091750
26.920000,0.061088,-0.002502,1.346544,-0.169576,-0.000032,1.570793,-0.290339,1.000000,1.100000,0.000000,0.000000,-1.571000,-0.351427,1.002502,-0.246544,1.090548
26.930000,0.054702,-0.002503,1.346566,-0.166268,-0.000033,1.570784,-0.292568,1.000000,1.100000,0.000000,0.000000,-1.571000,-0.347270,1.002503,-0.246566,1.089221
26.940000,0.048222,-0.002503,1.346527,-0.162225,-0.000034,1.570776,-0.294508,1.000000,1.100000,0.000000,0.000000,-1.571000,-0.342730,1.002503,-0.246527,1.087774
26.950000,0.041652,-0.002504,1.346429,-0.157655,-0.000034,1.570772,-0.296158,1.000000,1.100000,0.000000,0.000000,-1.571000,-0.337809,1.002504,-0.246429,1.086212
26.960000,0.034996,-0.002505,1.346273,-0.152797,-0.000032,1.570772,-0.297515,1.000000,1.100000,0.000000,0.000000,-1.571000,-0.332511,1.002505,-0.246273,1.084541
26.970000,0.028261,-0.002506,1.346058,-0.147594,-0.000030,1.570774,-0.298578,1.000000,1.100000,0.000000,0.000000,-1.571000,-0.326840,1.002506,-0.246058,1.082768
26.980000,0.021453,-0.002506,1.345780,-0.141194,-0.000027,1.570774,-0.299347,1.000000,1.100000,0.000000,0.000000,-1.571000,-0.320801,1.002506,-0.245780,1.080898
26.990000,0.014579,-0.002507,1.345437,-0.133059,-0.000025,1.570769,-0.299821,1.000000,1.100000,0.000000,0.000000,-1.571000,-0.314400,1.002507,-0.245437,1.078938
27.000000,0.007647,-0.002508,1.345029,-0.123087,-0.000023,1.570761,-0.299999,1.000000,1.100000,0.000000,0.000000,-1.571000,-0.307646,1.002508,-0.245029,1.076897
27.010000,0.000667,-0.002509,1.344555,-0.111485,-0.000021,1.570751,-0.299880,1.000000,1.100000,0.000000,0.000000,-1.571000,-0.300547,1.002509,-0.244555,1.074783
27.020000,-0.006350,-0.002510,1.344016,-0.098658,-0.000018,1.570743,-0.299466,1.000000,1.100000,0.000000,0.000000,-1.571000,-0.293116,1.002510,-0.244016,1.072607
27.030000,-0.013392,-0.002510,1.343414,-0.085085,-0.000013,1.570741,-0.298756,1.000000,1.100000,0.000000,0.000000,-1.571000,-0.285364,1.002510,-0.243414,1.070379
27.040000,-0.020446,-0.002511,1.342748,-0.071173,-0.000006,1.570747,-0.297751,1.000000,1.100000,0.000000,0.000000,-1.571000,-0.277305,1.002511,-0.242748,1.068108
27.050000,-0.027499,-0.002512,1.342020,-0.057359,0.000000,1.570760,-0.296452,1.000000,1.100000,0.000000,0.000000,-1.571000,-0.268953,1.002512,-0.242020,1.065805
27.060000,-0.034540,-0.002513,1.341230,-0.044077,0.000007,1.570780,-0.294861,1.000000,1.100000,0.000000,0.000000,-1.571000,-0.260321,1.002513,-0.241230,1.063481
27.070000,-0.041556,-0.002514,1.340379,-0.031711,0.000013,1.570805,-0.292979,1.000000,1.100000,0.000000,0.000000,-1.571000,-0.251423,1.002514,-0.240379,1.061145
27.080000,-0.048536,-0.002515,1.339467,-0.020564,0.000019,1.570833,-0.290808,1.000000,1.100000,0.000000,0.000000,-1.571000,-0.242272,1.002515,-0.239467,1.058809
27.090000,-0.055470,-0.002515,1.338502,-0.010486,0.000023,1.570858,-0.288350,1.000000,1.100000,0.000000,0.000000,-1.571000,-0.232880,1.002515,-0.238502,1.056481
27.100000,-0.062350,-0.002516,1.337512,-0.000293,0.000028,1.570872,-0.285607,1.000000,1.100000,0.000000,0.000000,-1.571000,-0.223257,1.002516,-0.237512,1.054179
27.110000,-0.069167,-0.002517,1.336517,0.010872,0.000035,1.570873,-0.282582,1.000000,1.100000,0.000000,0.000000,-1.571000,-0.213415,1.002517,-0.236517,1.051915
27.120000,-0.075910,-0.002517,1.335529,0.023367,0.000044,1.570862,-0.279279,1.000000,1.100000,0.000000,0.000000,-1.571000,-0.203369,1.002517,-0.235529,1.049702
27.130000,-0.082567,-0.002518,1.334555,0.037189,0.000056,1.570842,-0.275699,1.000000,1.100000,0.000000,0.000000,-1.571000,-0.193132,1.002518,-0.234555,1.047549
27.140000,-0.089127,-0.002519,1.333601,0.052075,0.000068,1.570820,-0.271848,1.000000,1.100000,0.000000,0.000000,-1.571000,-0.182721,1.002519,-0.233601,1.045466
27.150000,-0.095574,-0.002519,1.332667,0.067599,0.000081,1.570801,-0.267729,1.000000,1.100000,0.000000,0.000000,-1.571000,-0.172155,1.002519,-0.232667,1.043463
27.160000,-0.101895,-0.002519,1.331755,0.083252,0.000093,1.570790,-0.263345,1.000000,1.100000,0.000000,0.000000,-1.571000,-0.161450,1.002519,-0.231755,1.041548
27.170000,-0.108075,-0.002520,1.330863,0.098510,0.000102,1.570790,-0.258701,1.000000,1.100000,0.000000,0.000000,-1.571000,-0.150627,1.002520,-0.230863,1.039727
27.180000,-0.114101,-0.002520,1.329984,0.112893,0.000107,1.570799,-0.253802,1.000000,1.100000,0.000000,0.000000,-1.571000,-0.139702,1.002520,-0.229984,1.038005
27.190000,-0.119960,-0.002520,1.329114,0.125999,0.000106,1.570817,-0.248653,1.000000,1.100000,0.000000,0.000000,-1.571000,-0.128692,1.002520,-0.229114,1.036389
27.200000,-0.125643,-0.002520,1.328249,0.137537,0.000100,1.570840,-0.243258,1.000000,1.100000,0.000000,0.000000,-1.571000,-0.117615,1.002520,-0.228249,1.034880
27.210000,-0.131139,-0.002520,1.327385,0.147332,0.000089,1.570863,-0.237623,1.000000,1.100000,0.000000,0.000000,-1.571000,-0.106484,1.002520,-0.227385,1.033484
27.220000,-0.136441,-0.002520,1.326521,0.155328,0.000074,1.570885,-0.231754,1.000000,1.100000,0.000000,0.000000,-1.571000,-0.095313,1.002520,-0.226521,1.032202
27.230000,-0.141542,-0.002519,1.325661,0.161573,0.000056,1.570901,-0.225655,1.000000,1.100000,0.000000,0.000000,-1.571000,-0.084114,1.002519,-0.225661,1.031040
27.240000,-0.146434,-0.002519,1.324822,0.166201,0.000040,1.570910,-0.219335,1.000000,1.100000,0.000000,0.000000,-1.571000,-0.072901,1.002519,-0.224822,1.030002
27.250000,-0.151113,-0.002518,1.324021,0.169411,0.000026,1.570912,-0.212797,1.000000,1.100000,0.000000,0.000000,-1.571000,-0.061685,1.002518,-0.224021,1.029093
27.260000,-0.155575,-0.002518,1.323264,0.171438,0.000017,1.570907,-0.206050,1.000000,1.100000,0.000000,0.000000,-1.571000,-0.050475,1.002518,-0.223264,1.028317
27.270000,-0.159820,-0.002517,1.322557,0.172537,0.000013,1.570896,-0.199100,1.000000,1.100000,0.000000,0.000000,-1.571000,-0.039279,1.002517,-0.222557,1.027675
27.280000,-0.163848,-0.002517,1.321904,0.172954,0.000013,1.570880,-0.191952,1.000000,1.100000,0.000000,0.000000,-1.571000,-0.028105,1.002517,-0.221904,1.027167
27.290000,-0.167659,-0.002516,1.321305,0.172917,0.000016,1.570861,-0.184616,1.000000,1.100000,0.000000,0.000000,-1.571000,-0.016957,1.002516,-0.221305,1.026792
27.300000,-0.171256,-0.002516,1.320763,0.172621,0.000023,1.570840,-0.177097,1.000000,1.100000,0.000000,0.000000,-1.571000,-0.005841,1.002516,-0.220763,1.026552
27.310000,-0.174640,-0.002515,1.320278,0.172224,0.000031,1.570819,-0.169404,1.000000,1.100000,0.000000,0.000000,-1.571000,0.005236,1.002515,-0.220278,1.026444
27.320000,-0.177814,-0.002515,1.319852,0.171842,0.000038,1.570798,-0.161543,1.000000,1.100000,0.000000,0.000000,-1.571000,0.016271,1.002515,-0.219852,1.026467
27.330000,-0.180779,-0.002514,1.319485,0.171554,0.000046,1.570780,-0.153523,1.000000,1.100000,0.000000,0.000000,-1.571000,0.027257,1.002514,-0.219485,1.026621
27.340000,-0.183539,-0.002513,1.319176,0.171403,0.000051,1.570764,-0.145351,1.000000,1.100000,0.000000,0.000000,-1.571000,0.038188,1.002513,-0.219176,1.026903
27.350000,-0.186095,-0.002512,1.318925,0.171403,0.000054,1.570751,-0.137036,1.000000,1.100000,0.000000,0.000000,-1.571000,0.049059,1.002512,-0.218925,1.027310
27.360000,-0.188448,-0.002512,1.318732,0.171546,0.000055,1.570741,-0.128586,1.000000,1.100000,0.000000,0.000000,-1.571000,0.059862,1.002512,-0.218732,1.027841
27.370000,-0.190602,-0.002511,1.318595,0.171807,0.000053,1.570735,-0.120009,1.000000,1.100000,0.000000,0.000000,-1.571000,0.070593,1.002511,-0.218595,1.028492
27.380000,-0.192557,-0.002510,1.318509,0.172155,0.000049,1.570730,-0.111313,1.000000,1.100000,0.000000,0.000000,-1.571000,0.081244,1.002510,-0.218509,1.029258
27.390000,-0.194316,-0.002509,1.318472,0.172554,0.000043,1.570729,-0.102508,1.000000,1.100000,0.000000,0.000000,-1.571000,0.091809,1.002509,-0.218472,1.030137
27.400000,-0.195881,-0.002508,1.318481,0.172968,0.000036,1.570729,-0.093601,1.000000,1.100000,0.000000,0.000000,-1.571000,0.102280,1.002508,-0.218481,1.031124
27.410000,-0.197254,-0.002507,1.318533,0.173368,0.000027,1.570731,-0.084602,1.000000,1.100000,0.000000,0.000000,-1.571000,0.112652,1.002507,-0.218533,1.032215
27.420000,-0.198435,-0.002506,1.318629,0.173730,0.000018,1.570734,-0.075519,1.000000,1.100000,0.000000,0.000000,-1.571000,0.122915,1.002506,-0.218629,1.033405
27.430000,-0.199426,-0.002505,1.318769,0.174035,0.000009,1.570737,-0.066362,1.000000,1.100000,0.000000,0.000000,-1.571000,0.133063,1.002505,-0.218769,1.034690
27.440000,-0.200227,-0.002504,1.318957,0.174276,0.000000,1.570741,-0.057140,1.000000,1.100000,0.000000,0.000000,-1.571000,0.143088,1.002504,-0.218957,1.036065
27.450000,-0.200840,-0.002504,1.319197,0.174449,-0.000006,1.570746,-0.047861,1.000000,1.100000,0.000000,0.000000,-1.571000,0.152979,1.002504,-0.219197,1.037528
27.460000,-0.201266,-0.002503,1.319492,0.174557,-0.000010,1.570750,-0.038535,1.000000,1.100000,0.000000,0.000000,-1.571000,0.162731,1.002503,-0.219492,1.039072
27.470000,-0.201505,-0.002502,1.319842,0.174608,-0.000012,1.570754,-0.029171,1.000000,1.100000,0.000000,0.000000,-1.571000,0.172334,1.002502,-0.219842,1.040692
27.480000,-0.201559,-0.002501,1.320248,0.174612,-0.000011,1.570759,-0.019778,1.000000,1.100000,0.000000,0.000000,-1.571000,0.181781,1.002501,-0.220248,1.042383
27.490000,-0.201430,-0.002500,1.320709,0.174581,-0.000009,1.570762,-0.010365,1.000000,1.100000,0.000000,0.000000,-1.571000,0.191065,1.002500,-0.220709,1.044138
27.500000,-0.201121,-0.002499,1.321219,0.174526,-0.000006,1.570766,-0.000942,1.000000,1.100000,0.000000,0.000000,-1.571000,0.200178,1.002499,-0.221219,1.045951
27.510000,-0.200634,-0.002499,1.321775,0.174458,-0.000004,1.570768,0.008481,1.000000,1.100000,0.000000,0.000000,-1.571000,0.209115,1.002499,-0.221775,1.047815
27.520000,-0.199970,-0.002498,1.322374,0.174385,-0.000001,1.570771,0.017896,1.000000,1.100000,0.000000,0.000000,-1.571000,0.217867,1.002498,-0.222374,1.049723
27.530000,-0.199133,-0.002497,1.323014,0.174314,0.000001,1.570773,0.027294,1.000000,1.100000,0.000000,0.000000,-1.571000,0.226427,1.002497,-0.223014,1.051668
27.540000,-0.198124,-0.002496,1.323694,0.174251,0.000002,1.570775,0.036665,1.000000,1.100000,0.000000,0.000000,-1.571000,0.234788,1.002496,-0.223694,1.053643
27.550000,-0.196944,-0.002496,1.324413,0.174198,0.000002,1.570776,0.045999,1.000000,1.100000,0.000000,0.000000,-1.571000,0.242943,1.002496,-0.224413,1.055642
27.560000,-0.195595,-0.002495,1.325170,0.174159,0.000001,1.570777,0.055288,1.000000,1.100000,0.000000,0.000000,-1.571000,0.250883,1.002495,-0.225170,1.057658
27.570000,-0.194079,-0.002494,1.325965,0.174133,-0.000002,1.570777,0.064523,1.000000,1.100000,0.000000,0.000000,-1.571000,0.258602,1.002494,-0.225965,1.059684
27.580000,-0.192399,-0.002494,1.326790,0.174121,-0.000005,1.570777,0.073694,1.000000,1.100000,0.000000,0.000000,-1.571000,0.266093,1.002494,-0.226790,1.061712
27.590000,-0.190557,-0.002493,1.327644,0.174120,-0.000010,1.570777,0.082792,1.000000,1.100000,0.000000,0.000000,-1.571000,0.273348,1.002493,-0.227644,1.063736
27.600000,-0.188553,-0.002492,1.328523,0.174128,-0.000016,1.570776,0.091808,1.000000,1.100000,0.000000,0.000000,-1.571000,0.280362,1.002492,-0.228523,1.065747
27.610000,-0.186392,-0.002492,1.329426,0.174145,-0.000022,1.570775,0.100734,1.000000,1.100000,0.000000,0.000000,-1.571000,0.287126,1.002492,-0.229426,1.067739
27.620000,-0.184073,-0.002491,1.330351,0.174166,-0.000027,1.570773,0.109561,1.000000,1.100000,0.000000,0.000000,-1.571000,0.293633,1.002491,-0.230351,1.069706
27.630000,-0.181598,-0.002490,1.331297,0.174191,-0.000032,1.570772,0.118279,1.000000,1.100000,0.000000,0.000000,-1.571000,0.299877,1.002490,-0.231297,1.071640
27.640000,-0.178971,-0.002490,1.332254,0.174217,-0.000035,1.570771,0.126880,1.000000,1.100000,0.000000,0.000000,-1.571000,0.305852,1.002490,-0.232254,1.073533
27.650000,-0.176194,-0.002490,1.333218,0.174243,-0.000037,1.570771,0.135357,1.000000,1.100000,0.000000,0.000000,-1.571000,0.311551,1.002490,-0.233218,1.075379
27.660000,-0.173269,-0.002489,1.334184,0.174266,-0.000039,1.570771,0.143699,1.000000,1.100000,0.000000,0.000000,-1.571000,0.316968,1.002489,-0.234184,1.077170
27.670000,-0.170197,-0.002489,1.335151,0.174287,-0.000040,1.570771,0.151900,1.000000,1.100000,0.000000,0.000000,-1.571000,0.322098,1.002489,-0.235151,1.078901
27.680000,-0.166981,-0.002488,1.336117,0.174304,-0.000041,1.570772,0.159951,1.000000,1.100000,0.000000,0.000000,-1.571000,0.326932,1.002488,-0.236117,1.080564
27.690000,-0.163621,-0.002488,1.337079,0.174317,-0.000042,1.570773,0.167845,1.000000,1.100000,0.000000,0.000000,-1.571000,0.331466,1.002488,-0.237079,1.082154
27.700000,-0.160121,-0.002488,1.338031,0.174326,-0.000043,1.570773,0.175572,1.000000,1.100000,0.000000,0.000000,-1.571000,0.335693,1.002488,-0.238031,1.083665
27.710000,-0.156482,-0.002488,1.338969,0.174331,-0.000044,1.570774,0.183127,1.000000,1.100000,0.000000,0.000000,-1.571000,0.339608,1.002488,-0.238969,1.085091
27.720000,-0.152706,-0.002488,1.339889,0.174333,-0.000046,1.570774,0.190500,1.000000,1.100000,0.000000,0.000000,-1.571000,0.343206,1.002488,-0.239889,1.086425
27.730000,-0.148796,-0.002487,1.340791,0.174332,-0.000047,1.570774,0.197686,1.000000,1.100000,0.000000,0.000000,-1.571000,0.346481,1.002487,-0.240791,1.087663
27.740000,-0.144751,-0.002487,1.341673,0.174328,-0.000047,1.570775,0.204676,1.000000,1.100000,0.000000,0.000000,-1.571000,0.349427,1.002487,-0.241673,1.088800
27.750000,-0.140574,-0.002487,1.342534,0.174322,-0.000046,1.570775,0.211465,1.000000,1.100000,0.000000,0.000000,-1.571000,0.352039,1.002487,-0.242534,1.089833
27.760000,-0.136266,-0.002487,1.343375,0.174314,-0.000045,1.570775,0.218044,1.000000,1.100000,0.000000,0.000000,-1.571000,0.354311,1.002487,-0.243375,1.090756
27.770000,-0.131829,-0.002488,1.344194,0.174306,-0.000043,1.570776,0.224409,1.000000,1.100000,0.000000,0.000000,-1.571000,0.356238,1.002488,-0.244194,1.091566
27.780000,-0.127263,-0.002488,1.344989,0.174296,-0.000040,1.570777,0.230552,1.000000,1.100000,0.000000,0.000000,-1.571000,0.357815,1.002488,-0.244989,1.092260
27.790000,-0.122571,-0.002488,1.345756,0.174286,-0.000037,1.570777,0.236468,1.000000,1.100000,0.000000,0.000000,-1.571000,0.359039,1.002488,-0.245756,1.092835
27.800000,-0.117755,-0.002488,1.346496,0.174276,-0.000034,1.570778,0.242150,1.000000,1.100000,0.000000,0.000000,-1.571000,0.359905,1.002488,-0.246496,1.093286
27.810000,-0.112815,-0.002488,1.347207,0.174266,-0.000029,1.570779,0.247593,1.000000,1.100000,0.000000,0.000000,-1.571000,0.360408,1.002488,-0.247207,1.093612
27.820000,-0.107753,-0.002489,1.347888,0.174255,-0.000025,1.570780,0.252792,1.000000,1.100000,0.000000,0.000000,-1.571000,0.360545,1.002489,-0.247888,1.093812
27.830000,-0.102570,-0.002489,1.348538,0.174245,-0.000020,1.570781,0.257742,1.000000,1.100000,0.000000,0.000000,-1.571000,0.360312,1.002489,-0.248538,1.093883
27.840000,-0.097269,-0.002489,1.349148,0.174234,-0.000017,1.570781,0.262437,1.000000,1.100000,0.000000,0.000000,-1.571000,0.359706,1.002489,-0.249148,1.093823
27.850000,-0.091853,-0.002490,1.349712,0.174225,-0.000016,1.570782,0.266873,1.000000,1.100000,0.000000,0.000000,-1.571000,0.358726,1.002490,-0.249712,1.093630
27.860000,-0.086322,-0.002490,1.350226,0.174217,-0.000017,1.570782,0.271045,1.000000,1.100000,0.000000,0.000000,-1.571000,0.357368,1.002490,-0.250226,1.093303
27.870000,-0.080680,-0.002490,1.350688,0.174212,-0.000020,1.570781,0.274951,1.000000,1.100000,0.000000,0.000000,-1.571000,0.355631,1.002490,-0.250688,1.092842
27.880000,-0.074926,-0.002491,1.351096,0.174209,-0.000024,1.570781,0.278585,1.000000,1.100000,0.000000,0.000000,-1.571000,0.353511,1.002491,-0.251096,1.092249
27.890000,-0.069063,-0.002491,1.351450,0.174098,-0.000030,1.570780,0.281944,1.000000,1.100000,0.000000,0.000000,-1.571000,0.351006,1.002491,-0.251450,1.091522
27.900000,-0.063091,-0.002492,1.351746,0.173481,-0.000035,1.570783,0.285024,1.000000,1.100000,0.000000,0.000000,-1.571000,0.348116,1.002492,-0.251746,1.090665
27.910000,-0.057015,-0.002492,1.351982,0.172088,-0.000041,1.570788,0.287824,1.000000,1.100000,0.000000,0.000000,-1.571000,0.344838,1.002492,-0.251982,1.089678
27.920000,-0.050835,-0.002493,1.352155,0.169829,-0.000046,1.570795,0.290339,1.000000,1.100000,0.000000,0.000000,-1.571000,0.341174,1.002493,-0.252155,1.088565
27.930000,-0.044555,-0.002493,1.352267,0.166747,-0.000049,1.570803,0.292568,1.000000,1.100000,0.000000,0.000000,-1.571000,0.337123,1.002493,-0.252267,1.087328
27.940000,-0.038179,-0.002494,1.352317,0.162978,-0.000050,1.570810,0.294508,1.000000,1.100000,0.000000,0.000000,-1.571000,0.332687,1.002494,-0.252317,1.085973
27.950000,-0.031712,-0.002494,1.352306,0.158717,-0.000049,1.570815,0.296158,1.000000,1.100000,0.000000,0.000000,-1.571000,0.327869,1.002494,-0.252306,1.084505
27.960000,-0.025157,-0.002495,1.352235,0.154186,-0.000047,1.570815,0.297515,1.000000,1.100000,0.000000,0.000000,-1.571000,0.322672,1.002495,-0.252235,1.082929
27.970000,-0.018521,-0.002496,1.352103,0.149311,-0.000042,1.570813,0.298578,1.000000,1.100000,0.000000,0.000000,-1.571000,0.317100,1.002496,-0.252103,1.081252
27.980000,-0.011810,-0.002496,1.351908,0.143226,-0.000038,1.570814,0.299347,1.000000,1.100000,0.000000,0.000000,-1.571000,0.311157,1.002496,-0.251908,1.079479
27.990000,-0.005030,-0.002497,1.351645,0.135382,-0.000034,1.570820,0.299821,1.000000,1.100000,0.000000,0.000000,-1.571000,0.304851,1.002497,-0.251645,1.077618
28.000000,0.001811,-0.002498,1.351315,0.125668,-0.000031,1.570830,0.299999,1.000000,1.100000,0.000000,0.000000,-1.571000,0.298187,1.002498,-0.251315,1.075675
28.010000,0.008703,-0.002499,1.350918,0.114285,-0.000027,1.570842,0.299880,1.000000,1.100000,0.000000,0.000000,-1.571000,0.291177,1.002499,-0.250918,1.073661
28.020000,0.015635,-0.002499,1.350454,0.101636,-0.000022,1.570850,0.299466,1.000000,1.100000,0.000000,0.000000,-1.571000,0.283830,1.002499,-0.250454,1.071584
28.030000,0.022596,-0.002500,1.349925,0.088199,-0.000016,1.570853,0.298756,1.000000,1.100000,0.000000,0.000000,-1.571000,0.276160,1.002500,-0.249925,1.069455
28.040000,0.029572,-0.002501,1.349330,0.074382,-0.000010,1.570849,0.297751,1.000000,1.100000,0.000000,0.000000,-1.571000,0.268179,1.002501,-0.249330,1.067283
28.050000,0.036551,-0.002502,1.348670,0.060622,-0.000005,1.570836,0.296452,1.000000,1.100000,0.000000,0.000000,-1.571000,0.259901,1.002502,-0.248670,1.065080
28.060000,0.043521,-0.002503,1.347945,0.047356,-0.000000,1.570816,0.294861,1.000000,1.100000,0.000000,0.000000,-1.571000,0.251340,1.002503,-0.247945,1.062855
28.070000,0.050470,-0.002503,1.347156,0.034976,0.000003,1.570791,0.292979,1.000000,1.100000,0.000000,0.000000,-1.571000,0.242510,1.002503,-0.247156,1.060618
28.080000,0.057386,-0.002504,1.346305,0.023793,0.000006,1.570763,0.290808,1.000000,1.100000,0.000000,0.000000,-1.571000,0.233422,1.002504,-0.246305,1.058379
28.090000,0.064260,-0.002505,1.345397,0.013657,0.000007,1.570737,0.288350,1.000000,1.100000,0.000000,0.000000,-1.571000,0.224090,1.002505,-0.245397,1.056150
28.100000,0.071083,-0.002506,1.344462,0.003367,0.000009,1.570723,0.285607,1.000000,1.100000,0.000000,0.000000,-1.571000,0.214524,1.002506,-0.244462,1.053945
28.110000,0.077846,-0.002506,1.343518,-0.007944,0.000014,1.570722,0.282582,1.000000,1.100000,0.000000,0.000000,-1.571000,0.204736,1.002506,-0.243518,1.051778
28.120000,0.084539,-0.002507,1.342579,-0.020636,0.000022,1.570733,0.279279,1.000000,1.100000,0.000000,0.000000,-1.571000,0.194739,1.002507,-0.242579,1.049661
28.130000,0.091150,-0.002508,1.341652,-0.034700,0.000035,1.570753,0.275699,1.000000,1.100000,0.000000,0.000000,-1.571000,0.184549,1.002508,-0.241652,1.047605
28.140000,0.097665,-0.002509,1.340742,-0.049860,0.000050,1.570775,0.271848,1.000000,1.100000,0.000000,0.000000,-1.571000,0.174183,1.002509,-0.240742,1.045619
28.150000,0.104072,-0.002509,1.339849,-0.065679,0.000067,1.570794,0.267729,1.000000,1.100000,0.000000,0.000000,-1.571000,0.163657,1.002509,-0.239849,1.043712
28.160000,0.110354,-0.002510,1.338975,-0.081633,0.000084,1.570804,0.263345,1.000000,1.100000,0.000000,0.000000,-1.571000,0.152991,1.002510,-0.238975,1.041893
28.170000,0.116497,-0.002510,1.338119,-0.097186,0.000098,1.570804,0.258701,1.000000,1.100000,0.000000,0.000000,-1.571000,0.142204,1.002510,-0.238119,1.040168
28.180000,0.122488,-0.002510,1.337273,-0.111846,0.000108,1.570794,0.253802,1.000000,1.100000,0.000000,0.000000,-1.571000,0.131314,1.002510,-0.237273,1.038542
28.190000,0.128315,-0.002511,1.336434,-0.125203,0.000112,1.570775,0.248653,1.000000,1.100000,0.000000,0.000000,-1.571000,0.120338,1.002511,-0.236434,1.037020
28.200000,0.133966,-0.002511,1.335598,-0.136960,0.000109,1.570751,0.243258,1.000000,1.100000,0.000000,0.000000,-1.571000,0.109292,1.002511,-0.235598,1.035605
28.210000,0.139431,-0.002511,1.334760,-0.146938,0.000100,1.570726,0.237623,1.000000,1.100000,0.000000,0.000000,-1.571000,0.098192,1.002511,-0.234760,1.034303
28.220000,0.144703,-0.002511,1.333920,-0.155081,0.000086,1.570704,0.231754,1.000000,1.100000,0.000000,0.000000,-1.571000,0.087050,1.002511,-0.233920,1.033114
28.230000,0.149776,-0.002510,1.333081,-0.161439,0.000068,1.570687,0.225655,1.000000,1.100000,0.000000,0.000000,-1.571000,0.075880,1.002510,-0.233081,1.032043
28.240000,0.154640,-0.002510,1.332263,-0.166147,0.000051,1.570677,0.219335,1.000000,1.100000,0.000000,0.000000,-1.571000,0.064695,1.002510,-0.232263,1.031095
28.250000,0.159291,-0.002510,1.331478,-0.169410,0.000035,1.570675,0.212797,1.000000,1.100000,0.000000,0.000000,-1.571000,0.053506,1.002510,-0.231478,1.030277
28.260000,0.163727,-0.002509,1.330736,-0.171467,0.000024,1.570681,0.206050,1.000000,1.100000,0.000000,0.000000,-1.571000,0.042323,1.002509,-0.230736,1.029590
28.270000,0.167946,-0.002509,1.330042,-0.172579,0.000017,1.570692,0.199100,1.000000,1.100000,0.000000,0.000000,-1.571000,0.031154,1.002509,-0.230042,1.029035
28.280000,0.171948,-0.002508,1.329398,-0.172997,0.000015,1.570709,0.191952,1.000000,1.100000,0.000000,0.000000,-1.571000,0.020005,1.002508,-0.229398,1.028614
28.290000,0.175734,-0.002508,1.328807,-0.172954,0.000017,1.570729,0.184616,1.000000,1.100000,0.000000,0.000000,-1.571000,0.008882,1.002508,-0.228807,1.028326
28.300000,0.179307,-0.002507,1.328270,-0.172648,0.000021,1.570751,0.177097,1.000000,1.100000,0.000000,0.000000,-1.571000,-0.002209,1.002507,-0.228270,1.028170
28.310000,0.182667,-0.002507,1.327789,-0.172240,0.000028,1.570773,0.169404,1.000000,1.100000,0.000000,0.000000,-1.571000,-0.013263,1.002507,-0.227789,1.028146
28.320000,0.185818,-0.002506,1.327364,-0.171849,0.000034,1.570794,0.161543,1.000000,1.100000,0.000000,0.000000,-1.571000,-0.024275,1.002506,-0.227364,1.028252
28.330000,0.188761,-0.002506,1.326996,-0.171554,0.000041,1.570813,0.153523,1.000000,1.100000,0.000000,0.000000,-1.571000,-0.035238,1.002506,-0.226996,1.028487
28.340000,0.191498,-0.002505,1.326684,-0.171398,0.000046,1.570830,0.145351,1.000000,1.100000,0.000000,0.000000,-1.571000,-0.046147,1.002505,-0.226684,1.028849
28.350000,0.194032,-0.002504,1.326428,-0.171398,0.000049,1.570843,0.137036,1.000000,1.100000,0.000000,0.000000,-1.571000,-0.056996,1.002504,-0.226428,1.029336
28.360000,0.196365,-0.002504,1.326228,-0.171544,0.000051,1.570852,0.128586,1.000000,1.100000,0.000000,0.000000,-1.571000,-0.067779,1.002504,-0.226228,1.029945
28.370000,0.198498,-0.002503,1.326082,-0.171812,0.000050,1.570859,0.120009,1.000000,1.100000,0.000000,0.000000,-1.571000,-0.078489,1.002503,-0.226082,1.030672
28.380000,0.200433,-0.002502,1.325986,-0.172168,0.000047,1.570863,0.111313,1.000000,1.100000,0.000000,0.000000,-1.571000,-0.089120,1.002502,-0.225986,1.031515
28.390000,0.202172,-0.002501,1.325938,-0.172577,0.000043,1.570865,0.102508,1.000000,1.100000,0.000000,0.000000,-1.571000,-0.099665,1.002501,-0.225938,1.032468
28.400000,0.203718,-0.002500,1.325935,-0.173002,0.000036,1.570864,0.093601,1.000000,1.100000,0.000000,0.000000,-1.571000,-0.110117,1.002500,-0.225935,1.033528
28.410000,0.205071,-0.002499,1.325975,-0.173412,0.000028,1.570862,0.084602,1.000000,1.100000,0.000000,0.000000,-1.571000,-0.120469,1.002499,-0.225975,1.034690
28.420000,0.206233,-0.002499,1.326059,-0.173783,0.000020,1.570859,0.075519,1.000000,1.100000,0.000000,0.000000,-1.571000,-0.130714,1.002499,-0.226059,1.035950
28.430000,0.207206,-0.002498,1.326184,-0.174097,0.000012,1.570855,0.066362,1.000000,1.100000,0.000000,0.000000,-1.571000,-0.140844,1.002498,-0.226184,1.037303
28.440000,0.207990,-0.002497,1.326354,-0.174344,0.000005,1.570851,0.057140,1.000000,1.100000,0.000000,0.000000,-1.571000,-0.150850,1.002497,-0.226354,1.038745
28.450000,0.208587,-0.002496,1.326568,-0.174522,-0.000001,1.570846,0.047861,1.000000,1.100000,0.000000,0.000000,-1.571000,-0.160726,1.002496,-0.226568,1.040271
28.460000,0.208998,-0.002495,1.326827,-0.174633,-0.000005,1.570842,0.038535,1.000000,1.100000,0.000000,0.000000,-1.571000,-0.170463,1.002495,-0.226827,1.041876
28.470000,0.209224,-0.002494,1.327131,-0.174685,-0.000007,1.570838,0.029171,1.000000,1.100000,0.000000,0.000000,-1.571000,-0.180054,1.002494,-0.227131,1.043553
28.480000,0.209268,-0.002494,1.327481,-0.174688,-0.000008,1.570834,0.019778,1.000000,1.100000,0.000000,0.000000,-1.571000,-0.189490,1.002494,-0.227481,1.045298
28.490000,0.209131,-0.002493,1.327874,-0.174654,-0.000008,1.570831,0.010365,1.000000,1.100000,0.000000,0.000000,-1.571000,-0.198766,1.002493,-0.227874,1.047104
28.500000,0.208815,-0.002492,1.328310,-0.174595,-0.000009,1.570828,0.000942,1.000000,1.100000,0.000000,0.000000,-1.571000,-0.207872,1.002492,-0.228310,1.048964
28.510000,0.208321,-0.002491,1.328785,-0.174523,-0.000009,1.570825,-0.008481,1.000000,1.100000,0.000000,0.000000,-1.571000,-0.216802,1.002491,-0.228785,1.050873
28.520000,0.207653,-0.002491,1.329300,-0.174446,-0.000010,1.570823,-0.017896,1.000000,1.100000,0.000000,0.000000,-1.571000,-0.225549,1.002491,-0.229300,1.052824
28.530000,0.206811,-0.002490,1.329852,-0.174371,-0.000012,1.570822,-0.027294,1.000000,1.100000,0.000000,0.000000,-1.571000,-0.234105,1.002490,-0.229852,1.054810
28.540000,0.205798,-0.002489,1.330441,-0.174306,-0.000014,1.570821,-0.036665,1.000000,1.100000,0.000000,0.000000,-1.571000,-0.242463,1.002489,-0.230441,1.056824
28.550000,0.204615,-0.002489,1.331066,-0.174252,-0.000014,1.570820,-0.045999,1.000000,1.100000,0.000000,0.000000,-1.571000,-0.250614,1.002489,-0.231066,1.058859
28.560000,0.203264,-0.002488,1.331728,-0.174213,-0.000013,1.570819,-0.055288,1.000000,1.100000,0.000000,0.000000,-1.571000,-0.258552,1.002488,-0.231728,1.060910
28.570000,0.201746,-0.002487,1.332425,-0.174189,-0.000012,1.570817,-0.064523,1.000000,1.100000,0.000000,0.000000,-1.571000,-0.266269,1.002487,-0.232425,1.062968
28.580000,0.200063,-0.002487,1.333154,-0.174177,-0.000011,1.570816,-0.073694,1.000000,1.100000,0.000000,0.000000,-1.571000,-0.273757,1.002487,-0.233154,1.065028
28.590000,0.198218,-0.002486,1.333914,-0.174178,-0.000010,1.570816,-0.082792,1.000000,1.100000,0.000000,0.000000,-1.571000,-0.281010,1.002486,-0.233914,1.067081
28.600000,0.196212,-0.002486,1.334703,-0.174187,-0.000010,1.570816,-0.091808,1.000000,1.100000,0.000000,0.000000,-1.571000,-0.288020,1.002486,-0.234703,1.069121
28.610000,0.194046,-0.002485,1.335519,-0.174204,-0.000010,1.570816,-0.100734,1.000000,1.100000,0.000000,0.000000,-1.571000,-0.294781,1.002485,-0.235519,1.071140
28.620000,0.191723,-0.002485,1.336363,-0.174226,-0.000010,1.570817,-0.109561,1.000000,1.100000,0.000000,0.000000,-1.571000,-0.301283,1.002485,-0.236363,1.073133
28.630000,0.189243,-0.002484,1.337232,-0.174251,-0.000011,1.570817,-0.118279,1.000000,1.100000,0.000000,0.000000,-1.571000,-0.307522,1.002484,-0.237232,1.075092
28.640000,0.186611,-0.002484,1.338115,-0.174277,-0.000012,1.570818,-0.126880,1.000000,1.100000,0.000000,0.000000,-1.571000,-0.313491,1.002484,-0.238115,1.077010
28.650000,0.183829,-0.002483,1.339005,-0.174303,-0.000014,1.570818,-0.135357,1.000000,1.100000,0.000000,0.000000,-1.571000,-0.319185,1.002483,-0.239005,1.078877
28.660000,0.180898,-0.002483,1.339898,-0.174327,-0.000018,1.570818,-0.143699,1.000000,1.100000,0.000000,0.000000,-1.571000,-0.324597,1.002483,-0.239898,1.080688
28.670000,0.177821,-0.002483,1.340791,-0.174348,-0.000023,1.570818,-0.151900,1.000000,1.100000,0.000000,0.000000,-1.571000,-0.329721,1.002483,-0.240791,1.082436
28.680000,0.174599,-0.002482,1.341682,-0.174365,-0.000028,1.570818,-0.159951,1.000000,1.100000,0.000000,0.000000,-1.571000,-0.334551,1.002482,-0.241682,1.084115
28.690000,0.171235,-0.002482,1.342569,-0.174377,-0.000034,1.570818,-0.167845,1.000000,1.100000,0.000000,0.000000,-1.571000,-0.339080,1.002482,-0.242569,1.085719
28.700000,0.167730,-0.002482,1.343445,-0.174385,-0.000041,1.570819,-0.175572,1.000000,1.100000,0.000000,0.000000,-1.571000,-0.343303,1.002482,-0.243445,1.087240
28.710000,0.164087,-0.002482,1.344305,-0.174390,-0.000046,1.570819,-0.183127,1.000000,1.100000,0.000000,0.000000,-1.571000,-0.347214,1.002482,-0.244305,1.088674
28.720000,0.160308,-0.002481,1.345147,-0.174390,-0.000051,1.570819,-0.190500,1.000000,1.100000,0.000000,0.000000,-1.571000,-0.350808,1.002481,-0.245147,1.090015
28.730000,0.156394,-0.002481,1.345969,-0.174388,-0.000054,1.570819,-0.197686,1.000000,1.100000,0.000000,0.000000,-1.571000,-0.354079,1.002481,-0.245969,1.091257
28.740000,0.152346,-0.002481,1.346770,-0.174384,-0.000056,1.570819,-0.204676,1.000000,1.100000,0.000000,0.000000,-1.571000,-0.357022,1.002481,-0.246770,1.092396
28.750000,0.148166,-0.002481,1.347549,-0.174378,-0.000057,1.570819,-0.211465,1.000000,1.100000,0.000000,0.000000,-1.571000,-0.359631,1.002481,-0.247549,1.093427
28.760000,0.143855,-0.002481,1.348306,-0.174370,-0.000056,1.570819,-0.218044,1.000000,1.100000,0.000000,0.000000,-1.571000,-0.361900,1.002481,-0.248306,1.094347
28.770000,0.139416,-0.002481,1.349040,-0.174362,-0.000055,1.570819,-0.224409,1.000000,1.100000,0.000000,0.000000,-1.571000,-0.363825,1.002481,-0.249040,1.095152
28.780000,0.134849,-0.002481,1.349743,-0.174353,-0.000053,1.570818,-0.230552,1.000000,1.100000,0.000000,0.000000,-1.571000,-0.365401,1.002481,-0.249743,1.095837
28.790000,0.130159,-0.002482,1.350409,-0.174344,-0.000052,1.570818,-0.236468,1.000000,1.100000,0.000000,0.000000,-1.571000,-0.366626,1.002482,-0.250409,1.096398
28.800000,0.125345,-0.002482,1.351035,-0.174335,-0.000050,1.570817,-0.242150,1.000000,1.100000,0.000000,0.000000,-1.571000,-0.367495,1.002482,-0.251035,1.096832
28.810000,0.120411,-0.002482,1.351620,-0.174326,-0.000048,1.570817,-0.247593,1.000000,1.100000,0.000000,0.000000,-1.571000,-0.368004,1.002482,-0.251620,1.097137
28.820000,0.115356,-0.002483,1.352162,-0.174316,-0.000047,1.570817,-0.252792,1.000000,1.100000,0.000000,0.000000,-1.571000,-0.368148,1.002483,-0.252162,1.097310
28.830000,0.110184,-0.002483,1.352661,-0.174307,-0.000044,1.570816,-0.257742,1.000000,1.100000,0.000000,0.000000,-1.571000,-0.367925,1.002483,-0.252661,1.097351
28.840000,0.104894,-0.002483,1.353116,-0.174298,-0.000040,1.570815,-0.262437,1.000000,1.100000,0.000000,0.000000,-1.571000,-0.367330,1.002483,-0.253116,1.097257
28.850000,0.099488,-0.002484,1.353528,-0.174289,-0.000036,1.570815,-0.266873,1.000000,1.100000,0.000000,0.000000,-1.571000,-0.366360,1.002484,-0.253528,1.097028
28.860000,0.093967,-0.002484,1.353895,-0.174280,-0.000033,1.570814,-0.271045,1.000000,1.100000,0.000000,0.000000,-1.571000,-0.365012,1.002484,-0.253895,1.096664
28.870000,0.088332,-0.002485,1.354218,-0.174274,-0.000030,1.570813,-0.274951,1.000000,1.100000,0.000000,0.000000,-1.571000,-0.363283,1.002485,-0.254218,1.096165
28.880000,0.082585,-0.002485,1.354498,-0.174269,-0.000027,1.570813,-0.278585,1.000000,1.100000,0.000000,0.000000,-1.571000,-0.361170,1.002485,-0.254498,1.095532
28.890000,0.076727,-0.002486,1.354731,-0.174089,-0.000024,1.570811,-0.281944,1.000000,1.100000,0.000000,0.000000,-1.571000,-0.358671,1.002486,-0.254731,1.094765
28.900000,0.070760,-0.002487,1.354912,-0.173097,-0.000023,1.570805,-0.285024,1.000000,1.100000,0.000000,0.000000,-1.571000,-0.355785,1.002487,-0.254912,1.093866
28.910000,0.064688,-0.002487,1.355034,-0.170862,-0.000023,1.570795,-0.287824,1.000000,1.100000,0.000000,0.000000,-1.571000,-0.352512,1.002487,-0.255034,1.092835
28.920000,0.058514,-0.002488,1.355094,-0.167241,-0.000025,1.570782,-0.290339,1.000000,1.100000,0.000000,0.000000,-1.571000,-0.348853,1.002488,-0.255094,1.091675
28.930000,0.052243,-0.002489,1.355092,-0.162305,-0.000028,1.570769,-0.292568,1.000000,1.100000,0.000000,0.000000,-1.571000,-0.344811,1.002489,-0.255092,1.090390
28.940000,0.045880,-0.002489,1.355028,-0.156272,-0.000030,1.570758,-0.294508,1.000000,1.100000,0.000000,0.000000,-1.571000,-0.340388,1.002489,-0.255028,1.088985
28.950000,0.039432,-0.002490,1.354901,-0.149454,-0.000030,1.570751,-0.296158,1.000000,1.100000,0.000000,0.000000,-1.571000,-0.335590,1.002490,-0.254901,1.087466
28.960000,0.032907,-0.002491,1.354713,-0.142207,-0.000030,1.570750,-0.297515,1.000000,1.100000,0.000000,0.000000,-1.571000,-0.330421,1.002491,-0.254713,1.085838
28.970000,0.026310,-0.002491,1.354464,-0.134648,-0.000028,1.570755,-0.298578,1.000000,1.100000,0.000000,0.000000,-1.571000,-0.324889,1.002491,-0.254464,1.084110
28.980000,0.019652,-0.002492,1.354152,-0.126232,-0.000026,1.570760,-0.299347,1.000000,1.100000,0.000000,0.000000,-1.571000,-0.318999,1.002492,-0.254152,1.082286
28.990000,0.012940,-0.002493,1.353773,-0.116643,-0.000024,1.570765,-0.299821,1.000000,1.100000,0.000000,0.000000,-1.571000,-0.312761,1.002493,-0.253773,1.080376
29.000000,0.006184,-0.002494,1.353329,-0.105893,-0.000021,1.570767,-0.299999,1.000000,1.100000,0.000000,0.000000,-1.571000,-0.306182,1.002494,-0.253329,1.078386
29.010000,-0.000606,-0.002494,1.352819,-0.094206,-0.000018,1.570769,-0.299880,1.000000,1.100000,0.000000,0.000000,-1.571000,-0.299274,1.002494,-0.252819,1.076326
29.020000,-0.007419,-0.002495,1.352244,-0.081939,-0.000014,1.570772,-0.299466,1.000000,1.100000,0.000000,0.000000,-1.571000,-0.292046,1.002495,-0.252244,1.074204
29.030000,-0.014244,-0.002496,1.351605,-0.069468,-0.000010,1.570778,-0.298756,1.000000,1.100000,0.000000,0.000000,-1.571000,-0.284512,1.002496,-0.251605,1.072031
29.040000,-0.021068,-0.002497,1.350902,-0.057064,-0.000005,1.570787,-0.297751,1.000000,1.100000,0.000000,0.000000,-1.571000,-0.276683,1.002497,-0.250902,1.069815
29.050000,-0.027881,-0.002497,1.350133,-0.045018,-0.000000,1.570800,-0.296452,1.000000,1.100000,0.000000,0.000000,-1.571000,-0.268571,1.002497,-0.250133,1.067567
29.060000,-0.034672,-0.002498,1.349301,-0.033617,0.000004,1.570817,-0.294861,1.000000,1.100000,0.000000,0.000000,-1.571000,-0.260189,1.002498,-0.249301,1.065294
29.070000,-0.041431,-0.002499,1.348404,-0.023117,0.000006,1.570836,-0.292979,1.000000,1.100000,0.000000,0.000000,-1.571000,-0.251548,1.002499,-0.248404,1.063008
29.080000,-0.048148,-0.002500,1.347443,-0.013714,0.000006,1.570855,-0.290808,1.000000,1.100000,0.000000,0.000000,-1.571000,-0.242660,1.002500,-0.247443,1.060716
29.090000,-0.054816,-0.002500,1.346427,-0.005184,0.000006,1.570871,-0.288350,1.000000,1.100000,0.000000,0.000000,-1.571000,-0.233534,1.002500,-0.246427,1.058429
29.100000,-0.061427,-0.002501,1.345383,0.003691,0.000007,1.570876,-0.285607,1.000000,1.100000,0.000000,0.000000,-1.571000,-0.224180,1.002501,-0.245383,1.056162
29.110000,-0.067973,-0.002502,1.344332,0.013780,0.000012,1.570868,-0.282582,1.000000,1.100000,0.000000,0.000000,-1.571000,-0.214609,1.002502,-0.244332,1.053928
29.120000,-0.074446,-0.002503,1.343288,0.025438,0.000021,1.570850,-0.279279,1.000000,1.100000,0.000000,0.000000,-1.571000,-0.204833,1.002503,-0.243288,1.051740
29.130000,-0.080833,-0.002503,1.342257,0.038641,0.000034,1.570825,-0.275699,1.000000,1.100000,0.000000,0.000000,-1.571000,-0.194866,1.002503,-0.242257,1.049607
29.140000,-0.087123,-0.002504,1.341245,0.053098,0.000050,1.570799,-0.271848,1.000000,1.100000,0.000000,0.000000,-1.571000,-0.184725,1.002504,-0.241245,1.047538
29.150000,-0.093303,-0.002504,1.340253,0.068350,0.000067,1.570780,-0.267729,1.000000,1.100000,0.000000,0.000000,-1.571000,-0.174426,1.002504,-0.240253,1.045543
29.160000,-0.099358,-0.002505,1.339282,0.083851,0.000084,1.570769,-0.263345,1.000000,1.100000,0.000000,0.000000,-1.571000,-0.163987,1.002505,-0.239282,1.043630
29.170000,-0.105274,-0.002505,1.338329,0.099043,0.000098,1.570769,-0.258701,1.000000,1.100000,0.000000,0.000000,-1.571000,-0.153427,1.002505,-0.238329,1.041805
29.180000,-0.111038,-0.002506,1.337387,0.113414,0.000107,1.570780,-0.253802,1.000000,1.100000,0.000000,0.000000,-1.571000,-0.142764,1.002506,-0.237387,1.040073
29.190000,-0.116639,-0.002506,1.336446,0.126536,0.000109,1.570800,-0.248653,1.000000,1.100000,0.000000,0.000000,-1.571000,-0.132013,1.002506,-0.236446,1.038437
29.200000,-0.122066,-0.002506,1.335503,0.138098,0.000105,1.570825,-0.243258,1.000000,1.100000,0.000000,0.000000,-1.571000,-0.121192,1.002506,-0.235503,1.036903
29.210000,-0.127309,-0.002506,1.334554,0.147911,0.000095,1.570852,-0.237623,1.000000,1.100000,0.000000,0.000000,-1.571000,-0.110314,1.002506,-0.234554,1.035472
29.220000,-0.132361,-0.002506,1.333595,0.155910,0.000079,1.570876,-0.231754,1.000000,1.100000,0.000000,0.000000,-1.571000,-0.099392,1.002506,-0.233595,1.034149
29.230000,-0.137216,-0.002506,1.332631,0.162138,0.000061,1.570894,-0.225655,1.000000,1.100000,0.000000,0.000000,-1.571000,-0.088440,1.002506,-0.232631,1.032936
29.240000,-0.141865,-0.002505,1.331679,0.166730,0.000043,1.570906,-0.219335,1.000000,1.100000,0.000000,0.000000,-1.571000,-0.077469,1.002505,-0.231679,1.031840
29.250000,-0.146305,-0.002505,1.330754,0.169885,0.000027,1.570910,-0.212797,1.000000,1.100000,0.000000,0.000000,-1.571000,-0.066493,1.002505,-0.230754,1.030866
29.260000,-0.150532,-0.002505,1.329863,0.171846,0.000016,1.570907,-0.206050,1.000000,1.100000,0.000000,0.000000,-1.571000,-0.055518,1.002505,-0.229863,1.030017
29.270000,-0.154545,-0.002504,1.329011,0.172871,0.000009,1.570897,-0.199100,1.000000,1.100000,0.000000,0.000000,-1.571000,-0.044555,1.002504,-0.229011,1.029294
29.280000,-0.158345,-0.002504,1.328201,0.173212,0.000008,1.570882,-0.191952,1.000000,1.100000,0.000000,0.000000,-1.571000,-0.033608,1.002504,-0.228201,1.028698
29.290000,-0.161932,-0.002503,1.327435,0.173102,0.000010,1.570863,-0.184616,1.000000,1.100000,0.000000,0.000000,-1.571000,-0.022684,1.002503,-0.227435,1.028229
29.300000,-0.165309,-0.002503,1.326715,0.172741,0.000016,1.570842,-0.177097,1.000000,1.100000,0.000000,0.000000,-1.571000,-0.011788,1.002503,-0.226715,1.027887
29.310000,-0.168477,-0.002502,1.326043,0.172288,0.000024,1.570821,-0.169404,1.000000,1.100000,0.000000,0.000000,-1.571000,-0.000926,1.002502,-0.226043,1.027671
29.320000,-0.171439,-0.002502,1.325419,0.171863,0.000032,1.570801,-0.161543,1.000000,1.100000,0.000000,0.000000,-1.571000,0.009896,1.002502,-0.225419,1.027580
29.330000,-0.174197,-0.002501,1.324843,0.171543,0.000040,1.570782,-0.153523,1.000000,1.100000,0.000000,0.000000,-1.571000,0.020674,1.002501,-0.224843,1.027614
29.340000,-0.176753,-0.002501,1.324316,0.171372,0.000046,1.570766,-0.145351,1.000000,1.100000,0.000000,0.000000,-1.571000,0.031402,1.002501,-0.224316,1.027770
29.350000,-0.179109,-0.002500,1.323837,0.171363,0.000050,1.570753,-0.137036,1.000000,1.100000,0.000000,0.000000,-1.571000,0.042073,1.002500,-0.223837,1.028046
29.360000,-0.181266,-0.002500,1.323406,0.171505,0.000052,1.570743,-0.128586,1.000000,1.100000,0.000000,0.000000,-1.571000,0.052680,1.002500,-0.223406,1.028441
29.370000,-0.183227,-0.002499,1.323023,0.171771,0.000052,1.570736,-0.120009,1.000000,1.100000,0.000000,0.000000,-1.571000,0.063219,1.002499,-0.223023,1.028951
29.380000,-0.184993,-0.002498,1.322689,0.172127,0.000049,1.570733,-0.111313,1.000000,1.100000,0.000000,0.000000,-1.571000,0.073680,1.002498,-0.222689,1.029573
29.390000,-0.186564,-0.002497,1.322405,0.172536,0.000045,1.570732,-0.102508,1.000000,1.100000,0.000000,0.000000,-1.571000,0.084057,1.002497,-0.222405,1.030306
29.400000,-0.187943,-0.002497,1.322172,0.172961,0.000040,1.570732,-0.093601,1.000000,1.100000,0.000000,0.000000,-1.571000,0.094342,1.002497,-0.222172,1.031145
29.410000,-0.189130,-0.002496,1.321989,0.173371,0.000034,1.570735,-0.084602,1.000000,1.100000,0.000000,0.000000,-1.571000,0.104528,1.002496,-0.221989,1.032087
29.420000,-0.190127,-0.002495,1.321855,0.173741,0.000028,1.570738,-0.075519,1.000000,1.100000,0.000000,0.000000,-1.571000,0.114607,1.002495,-0.221855,1.033127
29.430000,-0.190934,-0.002494,1.321772,0.174054,0.000022,1.570742,-0.066362,1.000000,1.100000,0.000000,0.000000,-1.571000,0.124572,1.002494,-0.221772,1.034261
29.440000,-0.191554,-0.002493,1.321741,0.174300,0.000016,1.570746,-0.057140,1.000000,1.100000,0.000000,0.000000,-1.571000,0.134414,1.002493,-0.221741,1.035485
29.450000,-0.191986,-0.002493,1.321764,0.174475,0.000010,1.570750,-0.047861,1.000000,1.100000,0.000000,0.000000,-1.571000,0.144125,1.002493,-0.221764,1.036794
29.460000,-0.192233,-0.002492,1.321840,0.174585,0.000005,1.570754,-0.038535,1.000000,1.100000,0.000000,0.000000,-1.571000,0.153698,1.002492,-0.221840,1.038184
29.470000,-0.192296,-0.002491,1.321971,0.174635,0.000000,1.570758,-0.029171,1.000000,1.100000,0.000000,0.000000,-1.571000,0.163125,1.002491,-0.221971,1.039648
29.480000,-0.192176,-0.002490,1.322156,0.174637,-0.000003,1.570762,-0.019778,1.000000,1.100000,0.000000,0.000000,-1.571000,0.172399,1.002490,-0.222156,1.041182
29.490000,-0.191876,-0.002489,1.322393,0.174601,-0.000005,1.570765,-0.010365,1.000000,1.100000,0.000000,0.000000,-1.571000,0.181511,1.002489,-0.222393,1.042780
29.500000,-0.191398,-0.002489,1.322679,0.174541,-0.000007,1.570768,-0.000942,1.000000,1.100000,0.000000,0.000000,-1.571000,0.190455,1.002489,-0.222679,1.044434
29.510000,-0.190743,-0.002488,1.323009,0.174467,-0.000008,1.570770,0.008481,1.000000,1.100000,0.000000,0.000000,-1.571000,0.199224,1.002488,-0.223009,1.046138
29.520000,-0.189914,-0.002487,1.323382,0.174389,-0.000010,1.570771,0.017896,1.000000,1.100000,0.000000,0.000000,-1.571000,0.207811,1.002487,-0.223382,1.047886
29.530000,-0.188914,-0.002486,1.323795,0.174313,-0.000012,1.570772,0.027294,1.000000,1.100000,0.000000,0.000000,-1.571000,0.216208,1.002486,-0.223795,1.049671
29.540000,-0.187743,-0.002486,1.324249,0.174246,-0.000013,1.570772,0.036665,1.000000,1.100000,0.000000,0.000000,-1.571000,0.224408,1.002486,-0.224249,1.051487
29.550000,-0.186403,-0.002485,1.324742,0.174191,-0.000013,1.570773,0.045999,1.000000,1.100000,0.000000,0.000000,-1.571000,0.232403,1.002485,-0.224742,1.053326
29.560000,-0.184897,-0.002484,1.325273,0.174152,-0.000013,1.570774,0.055288,1.000000,1.100000,0.000000,0.000000,-1.571000,0.240185,1.002484,-0.225273,1.055183
29.570000,-0.183225,-0.002484,1.325840,0.174127,-0.000011,1.570775,0.064523,1.000000,1.100000,0.000000,0.000000,-1.571000,0.247748,1.002484,-0.225840,1.057051
29.580000,-0.181391,-0.002483,1.326439,0.174116,-0.000010,1.570775,0.073694,1.000000,1.100000,0.000000,0.000000,-1.571000,0.255085,1.002483,-0.226439,1.058922
29.590000,-0.179396,-0.002483,1.327065,0.174117,-0.000010,1.570775,0.082792,1.000000,1.100000,0.000000,0.000000,-1.571000,0.262188,1.002483,-0.227065,1.060789
29.600000,-0.177243,-0.002482,1.327715,0.174128,-0.000011,1.570775,0.091808,1.000000,1.100000,0.000000,0.000000,-1.571000,0.269051,1.002482,-0.227715,1.062644
29.610000,-0.174933,-0.002482,1.328387,0.174145,-0.000012,1.570774,0.100734,1.000000,1.100000,0.000000,0.000000,-1.571000,0.275667,1.002482,-0.228387,1.064482
29.620000,-0.172468,-0.002481,1.329082,0.174166,-0.000014,1.570774,0.109561,1.000000,1.100000,0.000000,0.000000,-1.571000,0.282028,1.002481,-0.229082,1.066296
29.630000,-0.169849,-0.002481,1.329795,0.174189,-0.000016,1.570774,0.118279,1.000000,1.100000,0.000000,0.000000,-1.571000,0.288128,1.002481,-0.229795,1.068078
29.640000,-0.167080,-0.002480,1.330519,0.174214,-0.000020,1.570773,0.126880,1.000000,1.100000,0.000000,0.000000,-1.571000,0.293960,1.002480,-0.230519,1.069822
29.650000,-0.164162,-0.002480,1.331250,0.174238,-0.000024,1.570773,0.135357,1.000000,1.100000,0.000000,0.000000,-1.571000,0.299519,1.002480,-0.231250,1.071519
29.660000,-0.161098,-0.002479,1.331984,0.174261,-0.000029,1.570773,0.143699,1.000000,1.100000,0.000000,0.000000,-1.571000,0.304797,1.002479,-0.231984,1.073165
29.670000,-0.157888,-0.002479,1.332718,0.174282,-0.000035,1.570773,0.151900,1.000000,1.100000,0.000000,0.000000,-1.571000,0.309789,1.002479,-0.232718,1.074751
29.680000,-0.154536,-0.002479,1.333451,0.174299,-0.000040,1.570773,0.159951,1.000000,1.100000,0.000000,0.000000,-1.571000,0.314488,1.002479,-0.233451,1.076274
29.690000,-0.151042,-0.002478,1.334183,0.174312,-0.000044,1.570773,0.167845,1.000000,1.100000,0.000000,0.000000,-1.571000,0.318887,1.002478,-0.234183,1.077726
29.700000,-0.147407,-0.002478,1.334911,0.174320,-0.000046,1.570774,0.175572,1.000000,1.100000,0.000000,0.000000,-1.571000,0.322980,1.002478,-0.234911,1.079102
29.710000,-0.143634,-0.002478,1.335635,0.174324,-0.000047,1.570774,0.183127,1.000000,1.100000,0.000000,0.000000,-1.571000,0.326761,1.002478,-0.235635,1.080397
29.720000,-0.139724,-0.002478,1.336354,0.174325,-0.000045,1.570775,0.190500,1.000000,1.100000,0.000000,0.000000,-1.571000,0.330224,1.002478,-0.236354,1.081606
29.730000,-0.135678,-0.002478,1.337066,0.174323,-0.000041,1.570776,0.197686,1.000000,1.100000,0.000000,0.000000,-1.571000,0.333363,1.002478,-0.237066,1.082725
29.740000,-0.131497,-0.002478,1.337773,0.174317,-0.000037,1.570777,0.204676,1.000000,1.100000,0.000000,0.000000,-1.571000,0.336173,1.002478,-0.237773,1.083748
29.750000,-0.127183,-0.002478,1.338474,0.174310,-0.000032,1.570778,0.211465,1.000000,1.100000,0.000000,0.000000,-1.571000,0.338647,1.002478,-0.238474,1.084672
29.760000,-0.122736,-0.002478,1.339169,0.174301,-0.000026,1.570779,0.218044,1.000000,1.100000,0.000000,0.000000,-1.571000,0.340781,1.002478,-0.239169,1.085493
29.770000,-0.118160,-0.002478,1.339855,0.174292,-0.000020,1.570780,0.224409,1.000000,1.100000,0.000000,0.000000,-1.571000,0.342569,1.002478,-0.239855,1.086207
29.780000,-0.113456,-0.002478,1.340520,0.174283,-0.000016,1.570781,0.230552,1.000000,1.100000,0.000000,0.000000,-1.571000,0.344008,1.002478,-0.240520,1.086809
29.790000,-0.108628,-0.002478,1.341156,0.174273,-0.000014,1.570782,0.236468,1.000000,1.100000,0.000000,0.000000,-1.571000,0.345096,1.002478,-0.241156,1.087294
29.800000,-0.103678,-0.002478,1.341757,0.174263,-0.000015,1.570782,0.242150,1.000000,1.100000,0.000000,0.000000,-1.571000,0.345828,1.002478,-0.241757,1.087660
29.810000,-0.098607,-0.002478,1.342320,0.174253,-0.000019,1.570781,0.247593,1.000000,1.100000,0.000000,0.000000,-1.571000,0.346200,1.002478,-0.242320,1.087905
29.820000,-0.093418,-0.002478,1.342845,0.174243,-0.000024,1.570780,0.252792,1.000000,1.100000,0.000000,0.000000,-1.571000,0.346210,1.002478,-0.242845,1.088025
29.830000,-0.088110,-0.002478,1.343327,0.174233,-0.000031,1.570779,0.257742,1.000000,1.100000,0.000000,0.000000,-1.571000,0.345852,1.002478,-0.243327,1.088019
29.840000,-0.082688,-0.002479,1.343764,0.174225,-0.000037,1.570778,0.262437,1.000000,1.100000,0.000000,0.000000,-1.571000,0.345125,1.002479,-0.243764,1.087886
29.850000,-0.077152,-0.002479,1.344150,0.174219,-0.000044,1.570777,0.266873,1.000000,1.100000,0.000000,0.000000,-1.571000,0.344025,1.002479,-0.244150,1.087624
29.860000,-0.071504,-0.002479,1.344485,0.174214,-0.000050,1.570776,0.271045,1.000000,1.100000,0.000000,0.000000,-1.571000,0.342549,1.002479,-0.244485,1.087234
29.870000,-0.065745,-0.002480,1.344766,0.174212,-0.000054,1.570775,0.274951,1.000000,1.100000,0.000000,0.000000,-1.571000,0.340696,1.002480,-0.244766,1.086715
29.880000,-0.059876,-0.002480,1.344995,0.174212,-0.000057,1.570775,0.278585,1.000000,1.100000,0.000000,0.000000,-1.571000,0.338461,1.002480,-0.244995,1.086068
29.890000,-0.053899,-0.002480,1.345169,0.174029,-0.000057,1.570776,0.281944,1.000000,1.100000,0.000000,0.000000,-1.571000,0.335843,1.002480,-0.245169,1.085295
29.900000,-0.047815,-0.002481,1.345288,0.172996,-0.000057,1.570782,0.285024,1.000000,1.100000,0.000000,0.000000,-1.571000,0.332840,1.002481,-0.245288,1.084397
29.910000,-0.041627,-0.002481,1.345351,0.170664,-0.000055,1.570793,0.287824,1.000000,1.100000,0.000000,0.000000,-1.571000,0.329450,1.002481,-0.245351,1.083376
29.920000,-0.035337,-0.002482,1.345357,0.166883,-0.000053,1.570807,0.290339,1.000000,1.100000,0.000000,0.000000,-1.571000,0.325676,1.002482,-0.245357,1.082236
29.930000,-0.028950,-0.002483,1.345308,0.161725,-0.000049,1.570823,0.292568,1.000000,1.100000,0.000000,0.000000,-1.571000,0.321518,1.002483,-0.245308,1.080982
29.940000,-0.022472,-0.002483,1.345203,0.155420,-0.000045,1.570836,0.294508,1.000000,1.100000,0.000000,0.000000,-1.571000,0.316981,1.002483,-0.245203,1.079618
29.950000,-0.015910,-0.002484,1.345045,0.148294,-0.000038,1.570844,0.296158,1.000000,1.100000,0.000000,0.000000,-1.571000,0.312068,1.002484,-0.245045,1.078150
29.960000,-0.009271,-0.002485,1.344835,0.140718,-0.000031,1.570846,0.297515,1.000000,1.100000,0.000000,0.000000,-1.571000,0.306786,1.002485,-0.244835,1.076586
29.970000,-0.002562,-0.002485,1.344571,0.132829,-0.000023,1.570842,0.298578,1.000000,1.100000,0.000000,0.000000,-1.571000,0.301141,1.002485,-0.244571,1.074931
29.980000,0.004206,-0.002486,1.344246,0.124109,-0.000015,1.570836,0.299347,1.000000,1.100000,0.000000,0.000000,-1.571000,0.295141,1.002486,-0.244246,1.073193
29.990000,0.011025,-0.002487,1.343855,0.114265,-0.000010,1.570831,0.299821,1.000000,1.100000,0.000000,0.000000,-1.571000,0.288796,1.002487,-0.243855,1.071377
30.000000,0.017884,-0.002488,1.343396,0.103319,-0.000006,1.570827,0.299999,1.000000,1.100000,0.000000,0.000000,-1.571000,0.282114,1.002488,-0.243396,1.069491
30.010000,0.024774,-0.002488,1.342868,0.091501,-0.000004,1.570823,0.299880,1.000000,1.100000,0.000000,0.000000,-1.571000,0.275106,1.002488,-0.242868,1.067544
30.020000,0.031683,-0.002489,1.342270,0.079166,-0.000003,1.570819,0.299466,1.000000,1.100000,0.000000,0.000000,-1.571000,0.267783,1.002489,-0.242270,1.065545
30.030000,0.038599,-0.002490,1.341603,0.066680,-0.000003,1.570811,0.298756,1.000000,1.100000,0.000000,0.000000,-1.571000,0.260157,1.002490,-0.241603,1.063503
30.040000,0.045512,-0.002490,1.340866,0.054294,-0.000003,1.570801,0.297751,1.000000,1.100000,0.000000,0.000000,-1.571000,0.252239,1.002490,-0.240866,1.061427
30.050000,0.052410,-0.002491,1.340060,0.042278,-0.000003,1.570788,0.296452,1.000000,1.100000,0.000000,0.000000,-1.571000,0.244043,1.002491,-0.240060,1.059327
30.060000,0.059282,-0.002492,1.339184,0.030904,-0.000003,1.570771,0.294861,1.000000,1.100000,0.000000,0.000000,-1.571000,0.235579,1.002492,-0.239184,1.057212
30.070000,0.066118,-0.002493,1.338240,0.020418,-0.000003,1.570753,0.292979,1.000000,1.100000,0.000000,0.000000,-1.571000,0.226861,1.002493,-0.238240,1.055090
30.080000,0.072910,-0.002493,1.337227,0.011011,-0.000003,1.570735,0.290808,1.000000,1.100000,0.000000,0.000000,-1.571000,0.217898,1.002493,-0.237227,1.052971
30.090000,0.079649,-0.002494,1.336156,0.002463,-0.000002,1.570721,0.288350,1.000000,1.100000,0.000000,0.000000,-1.571000,0.208700,1.002494,-0.236156,1.050866
30.100000,0.086328,-0.002495,1.335062,-0.006415,0.000002,1.570716,0.285607,1.000000,1.100000,0.000000,0.000000,-1.571000,0.199278,1.002495,-0.235062,1.048791
30.110000,0.092940,-0.002495,1.333974,-0.016468,0.000010,1.570725,0.282582,1.000000,1.100000,0.000000,0.000000,-1.571000,0.189643,1.002495,-0.233974,1.046759
30.120000,0.099473,-0.002496,1.332907,-0.028041,0.000024,1.570743,0.279279,1.000000,1.100000,0.000000,0.000000,-1.571000,0.179805,1.002496,-0.232907,1.044784
30.130000,0.105918,-0.002497,1.331872,-0.041108,0.000042,1.570767,0.275699,1.000000,1.100000,0.000000,0.000000,-1.571000,0.169781,1.002497,-0.231872,1.042876
30.140000,0.112263,-0.002497,1.330874,-0.055382,0.000064,1.570792,0.271848,1.000000,1.100000,0.000000,0.000000,-1.571000,0.159585,1.002497,-0.230874,1.041043
30.150000,0.118492,-0.002498,1.329915,-0.070413,0.000087,1.570811,0.267729,1.000000,1.100000,0.000000,0.000000,-1.571000,0.149236,1.002498,-0.229915,1.039295
30.160000,0.124594,-0.002498,1.328997,-0.085668,0.000108,1.570822,0.263345,1.000000,1.100000,0.000000,0.000000,-1.571000,0.138751,1.002498,-0.228997,1.037639
30.170000,0.130552,-0.002499,1.328117,-0.100601,0.000125,1.570821,0.258701,1.000000,1.100000,0.000000,0.000000,-1.571000,0.128149,1.002499,-0.228117,1.036081
30.180000,0.136355,-0.002499,1.327262,-0.114711,0.000136,1.570810,0.253802,1.000000,1.100000,0.000000,0.000000,-1.571000,0.117447,1.002499,-0.227262,1.034623
30.190000,0.141992,-0.002499,1.326424,-0.127585,0.000139,1.570790,0.248653,1.000000,1.100000,0.000000,0.000000,-1.571000,0.106661,1.002499,-0.226424,1.033271
30.200000,0.147451,-0.002499,1.325594,-0.138919,0.000134,1.570765,0.243258,1.000000,1.100000,0.000000,0.000000,-1.571000,0.095807,1.002499,-0.225594,1.032025
30.210000,0.152724,-0.002499,1.324768,-0.148530,0.000120,1.570739,0.237623,1.000000,1.100000,0.000000,0.000000,-1.571000,0.084899,1.002499,-0.224768,1.030889
30.220000,0.157803,-0.002498,1.323944,-0.156359,0.000100,1.570716,0.231754,1.000000,1.100000,0.000000,0.000000,-1.571000,0.073950,1.002498,-0.223944,1.029865
30.230000,0.162682,-0.002498,1.323124,-0.162451,0.000076,1.570699,0.225655,1.000000,1.100000,0.000000,0.000000,-1.571000,0.062973,1.002498,-0.223124,1.028957
30.240000,0.167354,-0.002497,1.322326,-0.166938,0.000051,1.570688,0.219335,1.000000,1.100000,0.000000,0.000000,-1.571000,0.051980,1.002497,-0.222326,1.028169
30.250000,0.171814,-0.002497,1.321564,-0.170020,0.000029,1.570686,0.212797,1.000000,1.100000,0.000000,0.000000,-1.571000,0.040984,1.002497,-0.221564,1.027507
30.260000,0.176059,-0.002496,1.320846,-0.171933,0.000011,1.570690,0.206050,1.000000,1.100000,0.000000,0.000000,-1.571000,0.029992,1.002496,-0.220846,1.026972
30.270000,0.180087,-0.002495,1.320177,-0.172930,-0.000002,1.570702,0.199100,1.000000,1.100000,0.000000,0.000000,-1.571000,0.019012,1.002495,-0.220177,1.026565
30.280000,0.183900,-0.002495,1.319560,-0.173261,-0.000010,1.570718,0.191952,1.000000,1.100000,0.000000,0.000000,-1.571000,0.008052,1.002495,-0.219560,1.026288
30.290000,0.187499,-0.002494,1.318996,-0.173152,-0.000012,1.570737,0.184616,1.000000,1.100000,0.000000,0.000000,-1.571000,-0.002883,1.002494,-0.218996,1.026139
30.300000,0.190886,-0.002493,1.318486,-0.172800,-0.000009,1.570758,0.177097,1.000000,1.100000,0.000000,0.000000,-1.571000,-0.013788,1.002493,-0.218486,1.026119
30.310000,0.194062,-0.002493,1.318030,-0.172360,-0.000004,1.570780,0.169404,1.000000,1.100000,0.000000,0.000000,-1.571000,-0.024658,1.002493,-0.218030,1.026225
30.320000,0.197030,-0.002492,1.317628,-0.171947,0.000004,1.570800,0.161543,1.000000,1.100000,0.000000,0.000000,-1.571000,-0.035487,1.002492,-0.217628,1.026456
30.330000,0.199793,-0.002491,1.317280,-0.171640,0.000013,1.570818,0.153523,1.000000,1.100000,0.000000,0.000000,-1.571000,-0.046270,1.002491,-0.217280,1.026811
30.340000,0.202352,-0.002491,1.316985,-0.171478,0.000021,1.570832,0.145351,1.000000,1.100000,0.000000,0.000000,-1.571000,-0.057001,1.002491,-0.216985,1.027287
30.350000,0.204710,-0.002490,1.316743,-0.171473,0.000028,1.570844,0.137036,1.000000,1.100000,0.000000,0.000000,-1.571000,-0.067674,1.002490,-0.216743,1.027883
30.360000,0.206868,-0.002489,1.316555,-0.171617,0.000034,1.570853,0.128586,1.000000,1.100000,0.000000,0.000000,-1.571000,-0.078282,1.002489,-0.216555,1.028596
30.370000,0.208829,-0.002489,1.316417,-0.171881,0.000037,1.570859,0.120009,1.000000,1.100000,0.000000,0.000000,-1.571000,-0.088820,1.002489,-0.216417,1.029422
30.380000,0.210594,-0.002488,1.316329,-0.172233,0.000038,1.570862,0.111313,1.000000,1.100000,0.000000,0.000000,-1.571000,-0.099281,1.002488,-0.216329,1.030358
30.390000,0.212164,-0.002487,1.316289,-0.172635,0.000037,1.570862,0.102508,1.000000,1.100000,0.000000,0.000000,-1.571000,-0.109657,1.002487,-0.216289,1.031400
30.400000,0.213542,-0.002487,1.316294,-0.173053,0.000033,1.570861,0.093601,1.000000,1.100000,0.000000,0.000000,-1.571000,-0.119941,1.002487,-0.216294,1.032545
30.410000,0.214729,-0.002486,1.316344,-0.173455,0.000028,1.570859,0.084602,1.000000,1.100000,0.000000,0.000000,-1.571000,-0.130127,1.002486,-0.216344,1.033787
30.420000,0.215726,-0.002485,1.316438,-0.173818,0.000022,1.570856,0.075519,1.000000,1.100000,0.000000,0.000000,-1.571000,-0.140207,1.002485,-0.216438,1.035123
30.430000,0.216535,-0.002484,1.316576,-0.174124,0.000016,1.570852,0.066362,1.000000,1.100000,0.000000,0.000000,-1.571000,-0.150172,1.002484,-0.216576,1.036548
30.440000,0.217156,-0.002483,1.316760,-0.174363,0.000009,1.570848,0.057140,1.000000,1.100000,0.000000,0.000000,-1.571000,-0.160016,1.002483,-0.216760,1.038057
30.450000,0.217591,-0.002483,1.316991,-0.174534,0.000004,1.570844,0.047861,1.000000,1.100000,0.000000,0.000000,-1.571000,-0.169730,1.002483,-0.216991,1.039647
30.460000,0.217841,-0.002482,1.317271,-0.174639,0.000001,1.570840,0.038535,1.000000,1.100000,0.000000,0.000000,-1.571000,-0.179306,1.002482,-0.217271,1.041310
30.470000,0.217907,-0.002481,1.317599,-0.174686,-0.000001,1.570835,0.029171,1.000000,1.100000,0.000000,0.000000,-1.571000,-0.188737,1.002481,-0.217599,1.043043
30.480000,0.217792,-0.002480,1.317975,-0.174687,-0.000002,1.570831,0.019778,1.000000,1.100000,0.000000,0.000000,-1.571000,-0.198014,1.002480,-0.217975,1.044840
30.490000,0.217496,-0.002480,1.318400,-0.174652,-0.000002,1.570827,0.010365,1.000000,1.100000,0.000000,0.000000,-1.571000,-0.207131,1.002480,-0.218400,1.046694
30.500000,0.217022,-0.002479,1.318869,-0.174593,-0.000002,1.570824,0.000942,1.000000,1.100000,0.000000,0.000000,-1.571000,-0.216080,1.002479,-0.218869,1.048598
30.510000,0.216372,-0.002478,1.319383,-0.174522,-0.000002,1.570822,-0.008481,1.000000,1.100000,0.000000,0.000000,-1.571000,-0.224853,1.002478,-0.219383,1.050548
30.520000,0.215548,-0.002478,1.319938,-0.174446,-0.000003,1.570820,-0.017896,1.000000,1.100000,0.000000,0.000000,-1.571000,-0.233444,1.002478,-0.219938,1.052535
30.530000,0.214551,-0.002477,1.320535,-0.174373,-0.000004,1.570819,-0.027294,1.000000,1.100000,0.000000,0.000000,-1.571000,-0.241845,1.002477,-0.220535,1.054554
30.540000,0.213383,-0.002476,1.321172,-0.174309,-0.000006,1.570818,-0.036665,1.000000,1.100000,0.000000,0.000000,-1.571000,-0.250048,1.002476,-0.221172,1.056598
30.550000,0.212046,-0.002476,1.321849,-0.174256,-0.000008,1.570818,-0.045999,1.000000,1.100000,0.000000,0.000000,-1.571000,-0.258045,1.002476,-0.221849,1.058660
30.560000,0.210542,-0.002475,1.322565,-0.174217,-0.000010,1.570818,-0.055288,1.000000,1.100000,0.000000,0.000000,-1.571000,-0.265830,1.002475,-0.222565,1.060734
30.570000,0.208872,-0.002475,1.323319,-0.174192,-0.000011,1.570817,-0.064523,1.000000,1.100000,0.000000,0.000000,-1.571000,-0.273395,1.002475,-0.223319,1.062813
30.580000,0.207039,-0.002474,1.324102,-0.174181,-0.000011,1.570817,-0.073694,1.000000,1.100000,0.000000,0.000000,-1.571000,-0.280733,1.002474,-0.224102,1.064888
30.590000,0.205046,-0.002473,1.324908,-0.174181,-0.000011,1.570817,-0.082792,1.000000,1.100000,0.000000,0.000000,-1.571000,-0.287838,1.002473,-0.224908,1.066952
30.600000,0.202895,-0.002473,1.325734,-0.174191,-0.000012,1.570817,-0.091808,1.000000,1.100000,0.000000,0.000000,-1.571000,-0.294704,1.002473,-0.225734,1.068999
30.610000,0.200588,-0.002472,1.326577,-0.174208,-0.000012,1.570818,-0.100734,1.000000,1.100000,0.000000,0.000000,-1.571000,-0.301322,1.002472,-0.226577,1.071020
30.620000,0.198126,-0.002472,1.327436,-0.174229,-0.000013,1.570818,-0.109561,1.000000,1.100000,0.000000,0.000000,-1.571000,-0.307687,1.002472,-0.227436,1.073009
30.630000,0.195511,-0.002471,1.328309,-0.174252,-0.000015,1.570819,-0.118279,1.000000,1.100000,0.000000,0.000000,-1.571000,-0.313790,1.002471,-0.228309,1.074960
30.640000,0.192746,-0.002471,1.329194,-0.174276,-0.000018,1.570819,-0.126880,1.000000,1.100000,0.000000,0.000000,-1.571000,-0.319626,1.002471,-0.229194,1.076865
30.650000,0.189830,-0.002471,1.330087,-0.174300,-0.000022,1.570819,-0.135357,1.000000,1.100000,0.000000,0.000000,-1.571000,-0.325187,1.002471,-0.230087,1.078719
30.660000,0.186767,-0.002470,1.330989,-0.174322,-0.000026,1.570819,-0.143699,1.000000,1.100000,0.000000,0.000000,-1.571000,-0.330467,1.002470,-0.230989,1.080514
30.670000,0.183558,-0.002470,1.331897,-0.174341,-0.000030,1.570819,-0.151900,1.000000,1.100000,0.000000,0.000000,-1.571000,-0.335459,1.002470,-0.231897,1.082245
30.680000,0.180204,-0.002470,1.332811,-0.174357,-0.000034,1.570818,-0.159951,1.000000,1.100000,0.000000,0.000000,-1.571000,-0.340156,1.002470,-0.232811,1.083906
30.690000,0.176707,-0.002469,1.333729,-0.174370,-0.000037,1.570818,-0.167845,1.000000,1.100000,0.000000,0.000000,-1.571000,-0.344552,1.002469,-0.233729,1.085491
30.700000,0.173071,-0.002469,1.334639,-0.174378,-0.000041,1.570818,-0.175572,1.000000,1.100000,0.000000,0.000000,-1.571000,-0.348643,1.002469,-0.234639,1.086992
30.710000,0.169297,-0.002469,1.335534,-0.174384,-0.000044,1.570818,-0.183127,1.000000,1.100000,0.000000,0.000000,-1.571000,-0.352423,1.002469,-0.235534,1.088404
30.720000,0.165388,-0.002469,1.336409,-0.174387,-0.000047,1.570818,-0.190500,1.000000,1.100000,0.000000,0.000000,-1.571000,-0.355888,1.002469,-0.236409,1.089720
30.730000,0.161346,-0.002469,1.337260,-0.174388,-0.000049,1.570818,-0.197686,1.000000,1.100000,0.000000,0.000000,-1.571000,-0.359032,1.002469,-0.237260,1.090935
30.740000,0.157172,-0.002469,1.338087,-0.174386,-0.000050,1.570818,-0.204676,1.000000,1.100000,0.000000,0.000000,-1.571000,-0.361848,1.002469,-0.238087,1.092045
30.750000,0.152868,-0.002469,1.338889,-0.174381,-0.000051,1.570818,-0.211465,1.000000,1.100000,0.000000,0.000000,-1.571000,-0.364333,1.002469,-0.238889,1.093046
30.760000,0.148435,-0.002469,1.339664,-0.174375,-0.000051,1.570818,-0.218044,1.000000,1.100000,0.000000,0.000000,-1.571000,-0.366480,1.002469,-0.239664,1.093933
30.770000,0.143875,-0.002469,1.340413,-0.174368,-0.000051,1.570818,-0.224409,1.000000,1.100000,0.000000,0.000000,-1.571000,-0.368284,1.002469,-0.240413,1.094703
30.780000,0.139189,-0.002469,1.341132,-0.174360,-0.000051,1.570818,-0.230552,1.000000,1.100000,0.000000,0.000000,-1.571000,-0.369741,1.002469,-0.241132,1.095352
30.790000,0.134379,-0.002469,1.341819,-0.174351,-0.000051,1.570817,-0.236468,1.000000,1.100000,0.000000,0.000000,-1.571000,-0.370846,1.002469,-0.241819,1.095878
30.800000,0.129445,-0.002469,1.342472,-0.174342,-0.000049,1.570817,-0.242150,1.000000,1.100000,0.000000,0.000000,-1.571000,-0.371595,1.002469,-0.242472,1.096276
30.810000,0.124391,-0.002470,1.343092,-0.174333,-0.000048,1.570817,-0.247593,1.000000,1.100000,0.000000,0.000000,-1.571000,-0.371984,1.002470,-0.243092,1.096545
30.820000,0.119216,-0.002470,1.343678,-0.174323,-0.000046,1.570817,-0.252792,1.000000,1.100000,0.000000,0.000000,-1.571000,-0.372008,1.002470,-0.243678,1.096684
30.830000,0.113923,-0.002470,1.344228,-0.174314,-0.000044,1.570816,-0.257742,1.000000,1.100000,0.000000,0.000000,-1.571000,-0.371664,1.002470,-0.244228,1.096690
30.840000,0.108513,-0.002471,1.344736,-0.174304,-0.000043,1.570816,-0.262437,1.000000,1.100000,0.000000,0.000000,-1.571000,-0.370950,1.002471,-0.244736,1.096562
30.850000,0.102989,-0.002471,1.345196,-0.174295,-0.000041,1.570815,-0.266873,1.000000,1.100000,0.000000,0.000000,-1.571000,-0.369861,1.002471,-0.245196,1.096297
30.860000,0.097352,-0.002472,1.345607,-0.174286,-0.000040,1.570815,-0.271045,1.000000,1.100000,0.000000,0.000000,-1.571000,-0.368397,1.002472,-0.245607,1.095897
30.870000,0.091603,-0.002472,1.345966,-0.174280,-0.000038,1.570814,-0.274951,1.000000,1.100000,0.000000,0.000000,-1.571000,-0.366554,1.002472,-0.245966,1.095359
30.880000,0.085745,-0.002473,1.346273,-0.174276,-0.000036,1.570814,-0.278585,1.000000,1.100000,0.000000,0.000000,-1.571000,-0.364329,1.002473,-0.246273,1.094686
30.890000,0.079777,-0.002474,1.346526,-0.174157,-0.000033,1.570813,-0.281944,1.000000,1.100000,0.000000,0.000000,-1.571000,-0.361721,1.002474,-0.246526,1.093879
30.900000,0.073703,-0.002474,1.346723,-0.173494,-0.000030,1.570808,-0.285024,1.000000,1.100000,0.000000,0.000000,-1.571000,-0.358727,1.002474,-0.246723,1.092937
30.910000,0.067524,-0.002475,1.346860,-0.171998,-0.000027,1.570801,-0.287824,1.000000,1.100000,0.000000,0.000000,-1.571000,-0.355348,1.002475,-0.246860,1.091864
30.920000,0.061243,-0.002476,1.346937,-0.169574,-0.000025,1.570792,-0.290339,1.000000,1.100000,0.000000,0.000000,-1.571000,-0.351582,1.002476,-0.246937,1.090663
30.930000,0.054863,-0.002476,1.346953,-0.166266,-0.000024,1.570782,-0.292568,1.000000,1.100000,0.000000,0.000000,-1.571000,-0.347431,1.002476,-0.246953,1.089336
30.940000,0.048388,-0.002477,1.346909,-0.162223,-0.000023,1.570774,-0.294508,1.000000,1.100000,0.000000,0.000000,-1.571000,-0.342896,1.002477,-0.246909,1.087889
30.950000,0.041823,-0.002478,1.346806,-0.157651,-0.000022,1.570770,-0.296158,1.000000,1.100000,0.000000,0.000000,-1.571000,-0.337981,1.002478,-0.246806,1.086327
30.960000,0.035173,-0.002479,1.346644,-0.152790,-0.000020,1.570770,-0.297515,1.000000,1.100000,0.000000,0.000000,-1.571000,-0.332688,1.002479,-0.246644,1.084656
30.970000,0.028444,-0.002479,1.346424,-0.147583,-0.000018,1.570772,-0.298578,1.000000,1.100000,0.000000,0.000000,-1.571000,-0.327022,1.002479,-0.246424,1.082882
30.980000,0.021641,-0.002480,1.346141,-0.141178,-0.000016,1.570772,-0.299347,1.000000,1.100000,0.000000,0.000000,-1.571000,-0.320988,1.002480,-0.246141,1.081011
30.990000,0.014772,-0.002481,1.345793,-0.133038,-0.000014,1.570768,-0.299821,1.000000,1.100000,0.000000,0.000000,-1.571000,-0.314593,1.002481,-0.245793,1.079051
31.000000,0.007845,-0.002482,1.345379,-0.123064,-0.000013,1.570759,-0.299999,1.000000,1.100000,0.000000,0.000000,-1.571000,-0.307844,1.002482,-0.245379,1.077009
31.010000,0.000871,-0.002482,1.344900,-0.111459,-0.000011,1.570749,-0.299880,1.000000,1.100000,0.000000,0.000000,-1.571000,-0.300751,1.002482,-0.244900,1.074894
31.020000,-0.006141,-0.002483,1.344357,-0.098631,-0.000009,1.570742,-0.299466,1.000000,1.100000,0.000000,0.000000,-1.571000,-0.293325,1.002483,-0.244357,1.072717
31.030000,-0.013178,-0.002484,1.343750,-0.085059,-0.000007,1.570741,-0.298756,1.000000,1.100000,0.000000,0.000000,-1.571000,-0.285578,1.002484,-0.243750,1.070487
31.040000,-0.020227,-0.002485,1.343079,-0.071151,-0.000005,1.570747,-0.297751,1.000000,1.100000,0.000000,0.000000,-1.571000,-0.277524,1.002485,-0.243079,1.068215
31.050000,-0.027275,-0.002485,1.342346,-0.057341,-0.000003,1.570760,-0.296452,1.000000,1.100000,0.000000,0.000000,-1.571000,-0.269177,1.002485,-0.242346,1.065910
31.060000,-0.034311,-0.002486,1.341551,-0.044063,-0.000001,1.570780,-0.294861,1.000000,1.100000,0.000000,0.000000,-1.571000,-0.260550,1.002486,-0.241551,1.063585
31.070000,-0.041322,-0.002487,1.340695,-0.031701,0.000001,1.570805,-0.292979,1.000000,1.100000,0.000000,0.000000,-1.571000,-0.251657,1.002487,-0.240695,1.061247
31.080000,-0.048296,-0.002488,1.339779,-0.020558,0.000003,1.570833,-0.290808,1.000000,1.100000,0.000000,0.000000,-1.571000,-0.242511,1.002488,-0.239779,1.058908
31.090000,-0.055226,-0.002488,1.338809,-0.010484,0.000005,1.570858,-0.288350,1.000000,1.100000,0.000000,0.000000,-1.571000,-0.233124,1.002488,-0.238809,1.056579
31.100000,-0.062101,-0.002489,1.337815,-0.000294,0.000009,1.570873,-0.285607,1.000000,1.100000,0.000000,0.000000,-1.571000,-0.223506,1.002489,-0.237815,1.054275
31.110000,-0.068913,-0.002490,1.336815,0.010867,0.000015,1.570874,-0.282582,1.000000,1.100000,0.000000,0.000000,-1.571000,-0.213670,1.002490,-0.236815,1.052008
31.120000,-0.075651,-0.002490,1.335822,0.023360,0.000025,1.570862,-0.279279,1.000000,1.100000,0.000000,0.000000,-1.571000,-0.203628,1.002490,-0.235822,1.049792
31.130000,-0.082304,-0.002491,1.334844,0.037181,0.000038,1.570842,-0.275699,1.000000,1.100000,0.000000,0.000000,-1.571000,-0.193396,1.002491,-0.234844,1.047636
31.140000,-0.088858,-0.002492,1.333885,0.052066,0.000054,1.570820,-0.271848,1.000000,1.100000,0.000000,0.000000,-1.571000,-0.182990,1.002492,-0.233885,1.045551
31.150000,-0.095301,-0.002492,1.332947,0.067591,0.000071,1.570801,-0.267729,1.000000,1.100000,0.000000,0.000000,-1.571000,-0.172428,1.002492,-0.232947,1.043545
31.160000,-0.101617,-0.002493,1.332031,0.083245,0.000087,1.570791,-0.263345,1.000000,1.100000,0.000000,0.000000,-1.571000,-0.161728,1.002493,-0.232031,1.041626
31.170000,-0.107792,-0.002493,1.331134,0.098507,0.000100,1.570790,-0.258701,1.000000,1.100000,0.000000,0.000000,-1.571000,-0.150909,1.002493,-0.231134,1.039802
31.180000,-0.113814,-0.002493,1.330251,0.112892,0.000108,1.570800,-0.253802,1.000000,1.100000,0.000000,0.000000,-1.571000,-0.139989,1.002493,-0.230251,1.038078
31.190000,-0.119669,-0.002493,1.329377,0.126001,0.000111,1.570818,-0.248653,1.000000,1.100000,0.000000,0.000000,-1.571000,-0.128984,1.002493,-0.229377,1.036457
31.200000,-0.125347,-0.002493,1.328508,0.137542,0.000107,1.570841,-0.243258,1.000000,1.100000,0.000000,0.000000,-1.571000,-0.117911,1.002493,-0.228508,1.034945
31.210000,-0.130839,-0.002493,1.327640,0.147339,0.000097,1.570865,-0.237623,1.000000,1.100000,0.000000,0.000000,-1.571000,-0.106784,1.002493,-0.227640,1.033545
31.220000,-0.136136,-0.002493,1.326772,0.155337,0.000082,1.570886,-0.231754,1.000000,1.100000,0.000000,0.000000,-1.571000,-0.095618,1.002493,-0.226772,1.032260
31.230000,-0.141232,-0.002493,1.325907,0.161582,0.000065,1.570901,-0.225655,1.000000,1.100000,0.000000,0.000000,-1.571000,-0.084423,1.002493,-0.225907,1.031093
31.240000,-0.146121,-0.002493,1.325065,0.166210,0.000047,1.570911,-0.219335,1.000000,1.100000,0.000000,0.000000,-1.571000,-0.073214,1.002493,-0.225065,1.030051
31.250000,-0.150795,-0.002492,1.324259,0.169417,0.000032,1.570913,-0.212797,1.000000,1.100000,0.000000,0.000000,-1.571000,-0.062002,1.002492,-0.224259,1.029139
31.260000,-0.155253,-0.002492,1.323498,0.171442,0.000021,1.570908,-0.206050,1.000000,1.100000,0.000000,0.000000,-1.571000,-0.050797,1.002492,-0.223498,1.028359
31.270000,-0.159494,-0.002491,1.322788,0.172537,0.000016,1.570896,-0.199100,1.000000,1.100000,0.000000,0.000000,-1.571000,-0.039606,1.002491,-0.222788,1.027712
31.280000,-0.163517,-0.002491,1.322130,0.172950,0.000014,1.570880,-0.191952,1.000000,1.100000,0.000000,0.000000,-1.571000,-0.028435,1.002491,-0.222130,1.027199
31.290000,-0.167325,-0.002490,1.321527,0.172909,0.000016,1.570861,-0.184616,1.000000,1.100000,0.000000,0.000000,-1.571000,-0.017291,1.002490,-0.221527,1.026820
31.300000,-0.170918,-0.002490,1.320976,0.172610,0.000020,1.570839,-0.177097,1.000000,1.100000,0.000000,0.000000,-1.571000,-0.006179,1.002490,-0.220976,1.026574
31.310000,-0.174300,-0.002489,1.320478,0.172211,0.000026,1.570817,-0.169404,1.000000,1.100000,0.000000,0.000000,-1.571000,0.004896,1.002489,-0.220478,1.026459
31.320000,-0.177473,-0.002488,1.320031,0.171828,0.000031,1.570796,-0.161543,1.000000,1.100000,0.000000,0.000000,-1.571000,0.015930,1.002488,-0.220031,1.026475
31.330000,-0.180439,-0.002488,1.319634,0.171541,0.000036,1.570777,-0.153523,1.000000,1.100000,0.000000,0.000000,-1.571000,0.026916,1.002488,-0.219634,1.026618
31.340000,-0.183201,-0.002487,1.319287,0.171392,0.000039,1.570761,-0.145351,1.000000,1.100000,0.000000,0.000000,-1.571000,0.037849,1.002487,-0.219287,1.026888
31.350000,-0.185760,-0.002486,1.318990,0.171395,0.000040,1.570748,-0.137036,1.000000,1.100000,0.000000,0.000000,-1.571000,0.048724,1.002486,-0.218990,1.027283
31.360000,-0.188118,-0.002486,1.318742,0.171542,0.000039,1.570738,-0.128586,1.000000,1.100000,0.000000,0.000000,-1.571000,0.059532,1.002486,-0.218742,1.027799
31.370000,-0.190278,-0.002485,1.318543,0.171808,0.000037,1.570731,-0.120009,1.000000,1.100000,0.000000,0.000000,-1.571000,0.070269,1.002485,-0.218543,1.028433
31.380000,-0.192240,-0.002484,1.318394,0.172160,0.000034,1.570727,-0.111313,1.000000,1.100000,0.000000,0.000000,-1.571000,0.080927,1.002484,-0.218394,1.029184
31.390000,-0.194006,-0.002483,1.318295,0.172561,0.000031,1.570727,-0.102508,1.000000,1.100000,0.000000,0.000000,-1.571000,0.091498,1.002483,-0.218295,1.030047
31.400000,-0.195576,-0.002483,1.318248,0.172977,0.000027,1.570728,-0.093601,1.000000,1.100000,0.000000,0.000000,-1.571000,0.101975,1.002483,-0.218248,1.031020
31.410000,-0.196953,-0.002482,1.318251,0.173379,0.000024,1.570731,-0.084602,1.000000,1.100000,0.000000,0.000000,-1.571000,0.112351,1.002482,-0.218251,1.032098
31.420000,-0.198137,-0.002481,1.318305,0.173741,0.000021,1.570735,-0.075519,1.000000,1.100000,0.000000,0.000000,-1.571000,0.122617,1.002481,-0.218305,1.033276
31.430000,-0.199130,-0.002480,1.318410,0.174047,0.000018,1.570740,-0.066362,1.000000,1.100000,0.000000,0.000000,-1.571000,0.132767,1.002480,-0.218410,1.034551
31.440000,-0.199932,-0.002479,1.318569,0.174287,0.000015,1.570745,-0.057140,1.000000,1.100000,0.000000,0.000000,-1.571000,0.142792,1.002479,-0.218569,1.035918
31.450000,-0.200546,-0.002479,1.318783,0.174459,0.000014,1.570750,-0.047861,1.000000,1.100000,0.000000,0.000000,-1.571000,0.152685,1.002479,-0.218783,1.037373
31.460000,-0.200971,-0.002478,1.319054,0.174566,0.000013,1.570755,-0.038535,1.000000,1.100000,0.000000,0.000000,-1.571000,0.162436,1.002478,-0.219054,1.038909
31.470000,-0.201210,-0.002477,1.319381,0.174614,0.000013,1.570759,-0.029171,1.000000,1.100000,0.000000,0.000000,-1.571000,0.172039,1.002477,-0.219381,1.040522
31.480000,-0.201264,-0.002476,1.319765,0.174616,0.000014,1.570763,-0.019778,1.000000,1.100000,0.000000,0.000000,-1.571000,0.181486,1.002476,-0.219765,1.042206
31.490000,-0.201134,-0.002475,1.320205,0.174583,0.000013,1.570766,-0.010365,1.000000,1.100000,0.000000,0.000000,-1.571000,0.190769,1.002475,-0.220205,1.043954
31.500000,-0.200825,-0.002475,1.320694,0.174526,0.000012,1.570769,-0.000942,1.000000,1.100000,0.000000,0.000000,-1.571000,0.199882,1.002475,-0.220694,1.045760
31.510000,-0.200337,-0.002474,1.321229,0.174456,0.000009,1.570771,0.008481,1.000000,1.100000,0.000000,0.000000,-1.571000,0.208818,1.002474,-0.221229,1.047617
31.520000,-0.199673,-0.002473,1.321808,0.174381,0.000005,1.570772,0.017896,1.000000,1.100000,0.000000,0.000000,-1.571000,0.217570,1.002473,-0.221808,1.049518
31.530000,-0.198836,-0.002472,1.322428,0.174309,-0.000001,1.570773,0.027294,1.000000,1.100000,0.000000,0.000000,-1.571000,0.226130,1.002472,-0.222428,1.051456
31.540000,-0.197826,-0.002471,1.323088,0.174245,-0.000006,1.570773,0.036665,1.000000,1.100000,0.000000,0.000000,-1.571000,0.234491,1.002471,-0.223088,1.053424
31.550000,-0.196645,-0.002471,1.323787,0.174193,-0.000011,1.570773,0.045999,1.000000,1.100000,0.000000,0.000000,-1.571000,0.242645,1.002471,-0.223787,1.055417
31.560000,-0.195296,-0.002470,1.324525,0.174154,-0.000016,1.570774,0.055288,1.000000,1.100000,0.000000,0.000000,-1.571000,0.250585,1.002470,-0.224525,1.057426
31.570000,-0.193780,-0.002469,1.325300,0.174129,-0.000019,1.570774,0.064523,1.000000,1.100000,0.000000,0.000000,-1.571000,0.258303,1.002469,-0.225300,1.059446
31.580000,-0.192099,-0.002469,1.326107,0.174117,-0.000021,1.570774,0.073694,1.000000,1.100000,0.000000,0.000000,-1.571000,0.265793,1.002469,-0.226107,1.061468
31.590000,-0.190256,-0.002468,1.326942,0.174117,-0.000023,1.570774,0.082792,1.000000,1.100000,0.000000,0.000000,-1.571000,0.273048,1.002468,-0.226942,1.063485
31.600000,-0.188253,-0.002467,1.327803,0.174126,-0.000024,1.570774,0.091808,1.000000,1.100000,0.000000,0.000000,-1.571000,0.280061,1.002467,-0.227803,1.065490
31.610000,-0.186091,-0.002467,1.328687,0.174143,-0.000025,1.570774,0.100734,1.000000,1.100000,0.000000,0.000000,-1.571000,0.286825,1.002467,-0.228687,1.067476
31.620000,-0.183771,-0.002466,1.329594,0.174164,-0.000026,1.570773,0.109561,1.000000,1.100000,0.000000,0.000000,-1.571000,0.293332,1.002466,-0.229594,1.069437
31.630000,-0.181296,-0.002466,1.330522,0.174188,-0.000028,1.570773,0.118279,1.000000,1.100000,0.000000,0.000000,-1.571000,0.299575,1.002466,-0.230522,1.071365
31.640000,-0.178668,-0.002465,1.331465,0.174214,-0.000030,1.570772,0.126880,1.000000,1.100000,0.000000,0.000000,-1.571000,0.305549,1.002465,-0.231465,1.073253
31.650000,-0.175889,-0.002465,1.332420,0.174239,-0.000032,1.570772,0.135357,1.000000,1.100000,0.000000,0.000000,-1.571000,0.311246,1.002465,-0.232420,1.075095
31.660000,-0.172961,-0.002464,1.333382,0.174263,-0.000034,1.570772,0.143699,1.000000,1.100000,0.000000,0.000000,-1.571000,0.316661,1.002464,-0.233382,1.076883
31.670000,-0.169885,-0.002464,1.334352,0.174285,-0.000036,1.570772,0.151900,1.000000,1.100000,0.000000,0.000000,-1.571000,0.321786,1.002464,-0.234352,1.078611
31.680000,-0.166664,-0.002464,1.335328,0.174303,-0.000038,1.570773,0.159951,1.000000,1.100000,0.000000,0.000000,-1.571000,0.326615,1.002464,-0.235328,1.080273
31.690000,-0.163298,-0.002463,1.336306,0.174318,-0.000038,1.570774,0.167845,1.000000,1.100000,0.000000,0.000000,-1.571000,0.331143,1.002463,-0.236306,1.081864
31.700000,-0.159791,-0.002463,1.337276,0.174328,-0.000040,1.570774,0.175572,1.000000,1.100000,0.000000,0.000000,-1.571000,0.335363,1.002463,-0.237276,1.083375
31.710000,-0.156146,-0.002463,1.338230,0.174333,-0.000042,1.570775,0.183127,1.000000,1.100000,0.000000,0.000000,-1.571000,0.339273,1.002463,-0.238230,1.084800
31.720000,-0.152365,-0.002463,1.339163,0.174335,-0.000044,1.570775,0.190500,1.000000,1.100000,0.000000,0.000000,-1.571000,0.342865,1.002463,-0.239163,1.086134
31.730000,-0.148450,-0.002463,1.340072,0.174332,-0.000046,1.570775,0.197686,1.000000,1.100000,0.000000,0.000000,-1.571000,0.346135,1.002463,-0.240072,1.087371
31.740000,-0.144402,-0.002463,1.340955,0.174327,-0.000048,1.570775,0.204676,1.000000,1.100000,0.000000,0.000000,-1.571000,0.349078,1.002463,-0.240955,1.088506
31.750000,-0.140222,-0.002463,1.341811,0.174320,-0.000050,1.570775,0.211465,1.000000,1.100000,0.000000,0.000000,-1.571000,0.351687,1.002463,-0.241811,1.089536
31.760000,-0.135913,-0.002463,1.342641,0.174312,-0.000050,1.570775,0.218044,1.000000,1.100000,0.000000,0.000000,-1.571000,0.353958,1.002463,-0.242641,1.090455
31.770000,-0.131476,-0.002463,1.343443,0.174302,-0.000050,1.570775,0.224409,1.000000,1.100000,0.000000,0.000000,-1.571000,0.355885,1.002463,-0.243443,1.091261
31.780000,-0.126911,-0.002463,1.344216,0.174292,-0.000050,1.570775,0.230552,1.000000,1.100000,0.000000,0.000000,-1.571000,0.357463,1.002463,-0.244216,1.091949
31.790000,-0.122220,-0.002463,1.344960,0.174282,-0.000049,1.570775,0.236468,1.000000,1.100000,0.000000,0.000000,-1.571000,0.358688,1.002463,-0.244960,1.092518
31.800000,-0.117405,-0.002464,1.345675,0.174271,-0.000047,1.570775,0.242150,1.000000,1.100000,0.000000,0.000000,-1.571000,0.359555,1.002464,-0.245675,1.092963
31.810000,-0.112466,-0.002464,1.346360,0.174260,-0.000045,1.570776,0.247593,1.000000,1.100000,0.000000,0.000000,-1.571000,0.360060,1.002464,-0.246360,1.093284
31.820000,-0.107406,-0.002464,1.347016,0.174250,-0.000042,1.570776,0.252792,1.000000,1.100000,0.000000,0.000000,-1.571000,0.360198,1.002464,-0.247016,1.093478
31.830000,-0.102225,-0.002465,1.347640,0.174239,-0.000040,1.570777,0.257742,1.000000,1.100000,0.000000,0.000000,-1.571000,0.359966,1.002465,-0.247640,1.093543
31.840000,-0.096926,-0.002465,1.348224,0.174229,-0.000038,1.570778,0.262437,1.000000,1.100000,0.000000,0.000000,-1.571000,0.359362,1.002465,-0.248224,1.093477
31.850000,-0.091511,-0.002465,1.348762,0.174219,-0.000037,1.570778,0.266873,1.000000,1.100000,0.000000,0.000000,-1.571000,0.358384,1.002465,-0.248762,1.093279
31.860000,-0.085982,-0.002466,1.349250,0.174212,-0.000037,1.570778,0.271045,1.000000,1.100000,0.000000,0.000000,-1.571000,0.357028,1.002466,-0.249250,1.092947
31.870000,-0.080341,-0.002467,1.349686,0.174206,-0.000037,1.570778,0.274951,1.000000,1.100000,0.000000,0.000000,-1.571000,0.355292,1.002467,-0.249686,1.092481
31.880000,-0.074589,-0.002467,1.350070,0.174203,-0.000037,1.570778,0.278585,1.000000,1.100000,0.000000,0.000000,-1.571000,0.353174,1.002467,-0.250070,1.091882
31.890000,-0.068727,-0.002468,1.350399,0.174034,-0.000036,1.570780,0.281944,1.000000,1.100000,0.000000,0.000000,-1.571000,0.350671,1.002468,-0.250399,1.091151
31.900000,-0.062758,-0.002468,1.350668,0.173084,-0.000036,1.570785,0.285024,1.000000,1.100000,0.000000,0.000000,-1.571000,0.347782,1.002468,-0.250668,1.090289
31.910000,-0.056684,-0.002469,1.350876,0.170939,-0.000036,1.570794,0.287824,1.000000,1.100000,0.000000,0.000000,-1.571000,0.344508,1.002469,-0.250876,1.089297
31.920000,-0.050508,-0.002470,1.351021,0.167463,-0.000036,1.570807,0.290339,1.000000,1.100000,0.000000,0.000000,-1.571000,0.340847,1.002470,-0.251021,1.088179
31.930000,-0.044235,-0.002470,1.351102,0.162721,-0.000036,1.570820,0.292568,1.000000,1.100000,0.000000,0.000000,-1.571000,0.336803,1.002470,-0.251102,1.086938
31.940000,-0.037870,-0.002471,1.351120,0.156924,-0.000036,1.570832,0.294508,1.000000,1.100000,0.000000,0.000000,-1.571000,0.332378,1.002471,-0.251120,1.085580
31.950000,-0.031419,-0.002472,1.351075,0.150373,-0.000034,1.570839,0.296158,1.000000,1.100000,0.000000,0.000000,-1.571000,0.327576,1.002472,-0.251075,1.084110
31.960000,-0.024889,-0.002473,1.350969,0.143408,-0.000031,1.570840,0.297515,1.000000,1.100000,0.000000,0.000000,-1.571000,0.322404,1.002473,-0.250969,1.082534
31.970000,-0.018287,-0.002473,1.350802,0.136192,-0.000027,1.570836,0.298578,1.000000,1.100000,0.000000,0.000000,-1.571000,0.316866,1.002473,-0.250802,1.080860
31.980000,-0.011623,-0.002474,1.350568,0.128377,-0.000022,1.570830,0.299347,1.000000,1.100000,0.000000,0.000000,-1.571000,0.310970,1.002474,-0.250568,1.079093
31.990000,-0.004903,-0.002475,1.350263,0.119781,-0.000018,1.570823,0.299821,1.000000,1.100000,0.000000,0.000000,-1.571000,0.304724,1.002475,-0.250263,1.077239
32.000000,0.001863,-0.002476,1.349886,0.110451,-0.000013,1.570817,0.299999,1.000000,1.100000,0.000000,0.000000,-1.571000,0.298135,1.002476,-0.249886,1.075307
32.010000,0.008667,-0.002477,1.349436,0.100586,-0.000009,1.570812,0.299880,1.000000,1.100000,0.000000,0.000000,-1.571000,0.291213,1.002477,-0.249436,1.073305
32.020000,0.015498,-0.002477,1.348914,0.090466,-0.000006,1.570805,0.299466,1.000000,1.100000,0.000000,0.000000,-1.571000,0.283968,1.002477,-0.248914,1.071241
32.030000,0.022348,-0.002478,1.348321,0.080368,-0.000002,1.570797,0.298756,1.000000,1.100000,0.000000,0.000000,-1.571000,0.276408,1.002478,-0.248321,1.069124
32.040000,0.029207,-0.002479,1.347655,0.070453,0.000000,1.570787,0.297751,1.000000,1.100000,0.000000,0.000000,-1.571000,0.268545,1.002479,-0.247655,1.066965
32.050000,0.036065,-0.002480,1.346918,0.060898,0.000002,1.570775,0.296452,1.000000,1.100000,0.000000,0.000000,-1.571000,0.260387,1.002480,-0.246918,1.064770
32.060000,0.042916,-0.002481,1.346109,0.051888,0.000003,1.570763,0.294861,1.000000,1.100000,0.000000,0.000000,-1.571000,0.251945,1.002481,-0.246109,1.062550
32.070000,0.049750,-0.002481,1.345229,0.043594,0.000004,1.570750,0.292979,1.000000,1.100000,0.000000,0.000000,-1.571000,0.243230,1.002481,-0.245229,1.060315
32.080000,0.056560,-0.002482,1.344280,0.036147,0.000004,1.570738,0.290808,1.000000,1.100000,0.000000,0.000000,-1.571000,0.234248,1.002482,-0.244280,1.058072
32.090000,0.063339,-0.002483,1.343269,0.029216,0.000004,1.570731,0.288350,1.000000,1.100000,0.000000,0.000000,-1.571000,0.225010,1.002483,-0.243269,1.055832
32.100000,0.070084,-0.002484,1.342226,0.021328,0.000007,1.570734,0.285607,1.000000,1.100000,0.000000,0.000000,-1.571000,0.215523,1.002484,-0.242226,1.053612
32.110000,0.076786,-0.002484,1.341175,0.011456,0.000013,1.570751,0.282582,1.000000,1.100000,0.000000,0.000000,-1.571000,0.205796,1.002484,-0.241175,1.051424
32.120000,0.083437,-0.002485,1.340128,-0.000788,0.000023,1.570778,0.279279,1.000000,1.100000,0.000000,0.000000,-1.571000,0.195841,1.002485,-0.240128,1.049281
32.130000,0.090026,-0.002486,1.339094,-0.015319,0.000037,1.570810,0.275699,1.000000,1.100000,0.000000,0.000000,-1.571000,0.185673,1.002486,-0.239094,1.047195
32.140000,0.096539,-0.002486,1.338079,-0.031725,0.000054,1.570840,0.271848,1.000000,1.100000,0.000000,0.000000,-1.571000,0.175309,1.002486,-0.238079,1.045177
32.150000,0.102960,-0.002487,1.337084,-0.049383,0.000072,1.570862,0.267729,1.000000,1.100000,0.000000,0.000000,-1.571000,0.164768,1.002487,-0.237084,1.043234
32.160000,0.109273,-0.002488,1.336112,-0.067569,0.000091,1.570870,0.263345,1.000000,1.100000,0.000000,0.000000,-1.571000,0.154071,1.002488,-0.236112,1.041378
32.170000,0.115461,-0.002488,1.335159,-0.085549,0.000107,1.570864,0.258701,1.000000,1.100000,0.000000,0.000000,-1.571000,0.143240,1.002488,-0.235159,1.039615
32.180000,0.121508,-0.002488,1.334221,-0.102653,0.000119,1.570843,0.253802,1.000000,1.100000,0.000000,0.000000,-1.571000,0.132294,1.002488,-0.234221,1.037952
32.190000,0.127398,-0.002489,1.333291,-0.118321,0.000124,1.570811,0.248653,1.000000,1.100000,0.000000,0.000000,-1.571000,0.121254,1.002489,-0.233291,1.036393
32.200000,0.133119,-0.002489,1.332365,-0.132145,0.000122,1.570773,0.243258,1.000000,1.100000,0.000000,0.000000,-1.571000,0.110139,1.002489,-0.232365,1.034943
32.210000,0.138658,-0.002489,1.331441,-0.143871,0.000113,1.570734,0.237623,1.000000,1.100000,0.000000,0.000000,-1.571000,0.098965,1.002489,-0.231441,1.033607
32.220000,0.144007,-0.002488,1.330516,-0.153409,0.000098,1.570698,0.231754,1.000000,1.100000,0.000000,0.000000,-1.571000,0.087747,1.002488,-0.230516,1.032386
32.230000,0.149156,-0.002488,1.329594,-0.160802,0.000079,1.570671,0.225655,1.000000,1.100000,0.000000,0.000000,-1.571000,0.076500,1.002488,-0.229594,1.031285
32.240000,0.154097,-0.002488,1.328694,-0.166212,0.000059,1.570653,0.219335,1.000000,1.100000,0.000000,0.000000,-1.571000,0.065238,1.002488,-0.228694,1.030310
32.250000,0.158823,-0.002487,1.327832,-0.169882,0.000041,1.570645,0.212797,1.000000,1.100000,0.000000,0.000000,-1.571000,0.053974,1.002487,-0.227832,1.029467
32.260000,0.163333,-0.002487,1.327016,-0.172108,0.000027,1.570648,0.206050,1.000000,1.100000,0.000000,0.000000,-1.571000,0.042717,1.002487,-0.227016,1.028757
32.270000,0.167623,-0.002486,1.326252,-0.173206,0.000018,1.570659,0.199100,1.000000,1.100000,0.000000,0.000000,-1.571000,0.031476,1.002486,-0.226252,1.028183
32.280000,0.171695,-0.002486,1.325543,-0.173488,0.000013,1.570677,0.191952,1.000000,1.100000,0.000000,0.000000,-1.571000,0.020257,1.002486,-0.225543,1.027744
32.290000,0.175550,-0.002485,1.324891,-0.173238,0.000013,1.570701,0.184616,1.000000,1.100000,0.000000,0.000000,-1.571000,0.009066,1.002485,-0.224891,1.027441
32.300000,0.179189,-0.002485,1.324295,-0.172700,0.000017,1.570727,0.177097,1.000000,1.100000,0.000000,0.000000,-1.571000,-0.002092,1.002485,-0.224295,1.027272
32.310000,0.182615,-0.002484,1.323758,-0.172070,0.000022,1.570754,0.169404,1.000000,1.100000,0.000000,0.000000,-1.571000,-0.013211,1.002484,-0.223758,1.027237
32.320000,0.185831,-0.002483,1.323278,-0.171491,0.000028,1.570780,0.161543,1.000000,1.100000,0.000000,0.000000,-1.571000,-0.024288,1.002483,-0.223278,1.027334
32.330000,0.188839,-0.002483,1.322855,-0.171058,0.000033,1.570804,0.153523,1.000000,1.100000,0.000000,0.000000,-1.571000,-0.035316,1.002483,-0.222855,1.027562
32.340000,0.191641,-0.002482,1.322490,-0.170821,0.000037,1.570825,0.145351,1.000000,1.100000,0.000000,0.000000,-1.571000,-0.046290,1.002482,-0.222490,1.027917
32.350000,0.194240,-0.002481,1.322182,-0.170793,0.000041,1.570842,0.137036,1.000000,1.100000,0.000000,0.000000,-1.571000,-0.057204,1.002481,-0.222182,1.028399
32.360000,0.196637,-0.002480,1.321930,-0.170958,0.000042,1.570855,0.128586,1.000000,1.100000,0.000000,0.000000,-1.571000,-0.068051,1.002480,-0.221930,1.029005
32.370000,0.198835,-0.002479,1.321733,-0.171281,0.000041,1.570864,0.120009,1.000000,1.100000,0.000000,0.000000,-1.571000,-0.078826,1.002479,-0.221733,1.029730
32.380000,0.200834,-0.002479,1.321591,-0.171719,0.000039,1.570869,0.111313,1.000000,1.100000,0.000000,0.000000,-1.571000,-0.089521,1.002479,-0.221591,1.030573
32.390000,0.202637,-0.002478,1.321501,-0.172223,0.000034,1.570871,0.102508,1.000000,1.100000,0.000000,0.000000,-1.571000,-0.100129,1.002478,-0.221501,1.031528
32.400000,0.204244,-0.002477,1.321462,-0.172747,0.000029,1.570870,0.093601,1.000000,1.100000,0.000000,0.000000,-1.571000,-0.110643,1.002477,-0.221462,1.032593
32.410000,0.205658,-0.002476,1.321475,-0.173253,0.000022,1.570868,0.084602,1.000000,1.100000,0.000000,0.000000,-1.571000,-0.121056,1.002476,-0.221475,1.033762
32.420000,0.206879,-0.002475,1.321537,-0.173708,0.000015,1.570864,0.075519,1.000000,1.100000,0.000000,0.000000,-1.571000,-0.131359,1.002475,-0.221537,1.035031
32.430000,0.207908,-0.002474,1.321648,-0.174091,0.000008,1.570859,0.066362,1.000000,1.100000,0.000000,0.000000,-1.571000,-0.141546,1.002474,-0.221648,1.036396
32.440000,0.208748,-0.002473,1.321808,-0.174390,0.000002,1.570854,0.057140,1.000000,1.100000,0.000000,0.000000,-1.571000,-0.151608,1.002473,-0.221808,1.037852
32.450000,0.209400,-0.002473,1.322015,-0.174603,-0.000002,1.570849,0.047861,1.000000,1.100000,0.000000,0.000000,-1.571000,-0.161539,1.002473,-0.222015,1.039392
32.460000,0.209864,-0.002472,1.322270,-0.174732,-0.000005,1.570844,0.038535,1.000000,1.100000,0.000000,0.000000,-1.571000,-0.171329,1.002472,-0.222270,1.041013
32.470000,0.210144,-0.002471,1.322573,-0.174789,-0.000007,1.570839,0.029171,1.000000,1.100000,0.000000,0.000000,-1.571000,-0.180973,1.002471,-0.222573,1.042707
32.480000,0.210239,-0.002470,1.322921,-0.174786,-0.000008,1.570835,0.019778,1.000000,1.100000,0.000000,0.000000,-1.571000,-0.190462,1.002470,-0.222921,1.044469
32.490000,0.210153,-0.002469,1.323316,-0.174738,-0.000009,1.570831,0.010365,1.000000,1.100000,0.000000,0.000000,-1.571000,-0.199788,1.002469,-0.223316,1.046293
32.500000,0.209887,-0.002469,1.323756,-0.174661,-0.000010,1.570829,0.000942,1.000000,1.100000,0.000000,0.000000,-1.571000,-0.208944,1.002469,-0.223756,1.048174
32.510000,0.209442,-0.002468,1.324243,-0.174568,-0.000011,1.570826,-0.008481,1.000000,1.100000,0.000000,0.000000,-1.571000,-0.217923,1.002468,-0.224243,1.050103
32.520000,0.208820,-0.002467,1.324774,-0.174470,-0.000012,1.570824,-0.017896,1.000000,1.100000,0.000000,0.000000,-1.571000,-0.226717,1.002467,-0.224774,1.052076
32.530000,0.208023,-0.002467,1.325350,-0.174376,-0.000013,1.570823,-0.027294,1.000000,1.100000,0.000000,0.000000,-1.571000,-0.235317,1.002467,-0.225350,1.054085
32.540000,0.207053,-0.002466,1.325971,-0.174295,-0.000013,1.570822,-0.036665,1.000000,1.100000,0.000000,0.000000,-1.571000,-0.243718,1.002466,-0.225971,1.056125
32.550000,0.205911,-0.002465,1.326636,-0.174230,-0.000013,1.570820,-0.045999,1.000000,1.100000,0.000000,0.000000,-1.571000,-0.251911,1.002465,-0.226636,1.058187
32.560000,0.204600,-0.002465,1.327345,-0.174185,-0.000011,1.570819,-0.055288,1.000000,1.100000,0.000000,0.000000,-1.571000,-0.259888,1.002465,-0.227345,1.060265
32.570000,0.203120,-0.002464,1.328095,-0.174158,-0.000010,1.570818,-0.064523,1.000000,1.100000,0.000000,0.000000,-1.571000,-0.267643,1.002464,-0.228095,1.062353
32.580000,0.201474,-0.002463,1.328880,-0.174149,-0.000009,1.570817,-0.073694,1.000000,1.100000,0.000000,0.000000,-1.571000,-0.275168,1.002463,-0.228880,1.064442
32.590000,0.199666,-0.002463,1.329695,-0.174155,-0.000010,1.570817,-0.082792,1.000000,1.100000,0.000000,0.000000,-1.571000,-0.282458,1.002463,-0.229695,1.066524
32.600000,0.197697,-0.002462,1.330535,-0.174171,-0.000012,1.570817,-0.091808,1.000000,1.100000,0.000000,0.000000,-1.571000,-0.289506,1.002462,-0.230535,1.068593
32.610000,0.195569,-0.002462,1.331399,-0.174195,-0.000015,1.570817,-0.100734,1.000000,1.100000,0.000000,0.000000,-1.571000,-0.296303,1.002462,-0.231399,1.070640
32.620000,0.193283,-0.002461,1.332285,-0.174224,-0.000018,1.570818,-0.109561,1.000000,1.100000,0.000000,0.000000,-1.571000,-0.302844,1.002461,-0.232285,1.072660
32.630000,0.190842,-0.002461,1.333191,-0.174254,-0.000021,1.570819,-0.118279,1.000000,1.100000,0.000000,0.000000,-1.571000,-0.309121,1.002461,-0.233191,1.074645
32.640000,0.188248,-0.002461,1.334109,-0.174284,-0.000025,1.570820,-0.126880,1.000000,1.100000,0.000000,0.000000,-1.571000,-0.315129,1.002461,-0.234109,1.076587
32.650000,0.185504,-0.002460,1.335032,-0.174312,-0.000029,1.570820,-0.135357,1.000000,1.100000,0.000000,0.000000,-1.571000,-0.320861,1.002460,-0.235032,1.078480
32.660000,0.182612,-0.002460,1.335957,-0.174337,-0.000034,1.570821,-0.143699,1.000000,1.100000,0.000000,0.000000,-1.571000,-0.326311,1.002460,-0.235957,1.080315
32.670000,0.179572,-0.002460,1.336881,-0.174357,-0.000038,1.570821,-0.151900,1.000000,1.100000,0.000000,0.000000,-1.571000,-0.331473,1.002460,-0.236881,1.082087
32.680000,0.176388,-0.002459,1.337804,-0.174372,-0.000042,1.570821,-0.159951,1.000000,1.100000,0.000000,0.000000,-1.571000,-0.336340,1.002459,-0.237804,1.083790
32.690000,0.173061,-0.002459,1.338723,-0.174381,-0.000045,1.570820,-0.167845,1.000000,1.100000,0.000000,0.000000,-1.571000,-0.340905,1.002459,-0.238723,1.085417
32.700000,0.169592,-0.002459,1.339631,-0.174386,-0.000048,1.570820,-0.175572,1.000000,1.100000,0.000000,0.000000,-1.571000,-0.345164,1.002459,-0.239631,1.086962
32.710000,0.165985,-0.002459,1.340524,-0.174387,-0.000050,1.570820,-0.183127,1.000000,1.100000,0.000000,0.000000,-1.571000,-0.349112,1.002459,-0.240524,1.088418
32.720000,0.162241,-0.002459,1.341398,-0.174384,-0.000051,1.570819,-0.190500,1.000000,1.100000,0.000000,0.000000,-1.571000,-0.352742,1.002459,-0.241398,1.089781
32.730000,0.158362,-0.002459,1.342252,-0.174380,-0.000051,1.570819,-0.197686,1.000000,1.100000,0.000000,0.000000,-1.571000,-0.356048,1.002459,-0.242252,1.091045
32.740000,0.154350,-0.002459,1.343084,-0.174373,-0.000050,1.570818,-0.204676,1.000000,1.100000,0.000000,0.000000,-1.571000,-0.359026,1.002459,-0.243084,1.092206
32.750000,0.150204,-0.002459,1.343895,-0.174366,-0.000047,1.570818,-0.211465,1.000000,1.100000,0.000000,0.000000,-1.571000,-0.361669,1.002459,-0.243895,1.093258
32.760000,0.145928,-0.002459,1.344684,-0.174358,-0.000043,1.570817,-0.218044,1.000000,1.100000,0.000000,0.000000,-1.571000,-0.363972,1.002459,-0.244684,1.094199
32.770000,0.141522,-0.002459,1.345450,-0.174350,-0.000038,1.570816,-0.224409,1.000000,1.100000,0.000000,0.000000,-1.571000,-0.365931,1.002459,-0.245450,1.095023
32.780000,0.136989,-0.002459,1.346188,-0.174342,-0.000033,1.570815,-0.230552,1.000000,1.100000,0.000000,0.000000,-1.571000,-0.367541,1.002459,-0.246188,1.095728
32.790000,0.132330,-0.002460,1.346893,-0.174333,-0.000028,1.570814,-0.236468,1.000000,1.100000,0.000000,0.000000,-1.571000,-0.368798,1.002460,-0.246893,1.096309
32.800000,0.127547,-0.002460,1.347563,-0.174325,-0.000024,1.570813,-0.242150,1.000000,1.100000,0.000000,0.000000,-1.571000,-0.369697,1.002460,-0.247563,1.096763
32.810000,0.122642,-0.002460,1.348199,-0.174316,-0.000022,1.570812,-0.247593,1.000000,1.100000,0.000000,0.000000,-1.571000,-0.370235,1.002460,-0.248199,1.097088
32.820000,0.117615,-0.002461,1.348798,-0.174307,-0.000021,1.570812,-0.252792,1.000000,1.100000,0.000000,0.000000,-1.571000,-0.370407,1.002461,-0.248798,1.097283
32.830000,0.112469,-0.002461,1.349359,-0.174299,-0.000021,1.570812,-0.257742,1.000000,1.100000,0.000000,0.000000,-1.571000,-0.370210,1.002461,-0.249359,1.097344
32.840000,0.107205,-0.002461,1.349879,-0.174290,-0.000023,1.570812,-0.262437,1.000000,1.100000,0.000000,0.000000,-1.571000,-0.369641,1.002461,-0.249879,1.097271
32.850000,0.101824,-0.002462,1.350355,-0.174282,-0.000027,1.570813,-0.266873,1.000000,1.100000,0.000000,0.000000,-1.571000,-0.368697,1.002462,-0.250355,1.097062
32.860000,0.096329,-0.002462,1.350785,-0.174276,-0.000030,1.570814,-0.271045,1.000000,1.100000,0.000000,0.000000,-1.571000,-0.367374,1.002462,-0.250785,1.096716
32.870000,0.090720,-0.002462,1.351168,-0.174272,-0.000032,1.570814,-0.274951,1.000000,1.100000,0.000000,0.000000,-1.571000,-0.365670,1.002462,-0.251168,1.096235
32.880000,0.084998,-0.002463,1.351505,-0.174271,-0.000034,1.570814,-0.278585,1.000000,1.100000,0.000000,0.000000,-1.571000,-0.363583,1.002463,-0.251505,1.095618
32.890000,0.079166,-0.002463,1.351792,-0.174154,-0.000035,1.570813,-0.281944,1.000000,1.100000,0.000000,0.000000,-1.571000,-0.361109,1.002463,-0.251792,1.094866
32.900000,0.073225,-0.002464,1.352026,-0.173494,-0.000036,1.570810,-0.285024,1.000000,1.100000,0.000000,0.000000,-1.571000,-0.358249,1.002464,-0.252026,1.093981
32.910000,0.067177,-0.002464,1.352202,-0.172001,-0.000037,1.570803,-0.287824,1.000000,1.100000,0.000000,0.000000,-1.571000,-0.355001,1.002464,-0.252202,1.092962
32.920000,0.061026,-0.002465,1.352317,-0.169579,-0.000037,1.570794,-0.290339,1.000000,1.100000,0.000000,0.000000,-1.571000,-0.351366,1.002465,-0.252317,1.091814
32.930000,0.054776,-0.002466,1.352372,-0.166274,-0.000038,1.570785,-0.292568,1.000000,1.100000,0.000000,0.000000,-1.571000,-0.347344,1.002466,-0.252372,1.090540
32.940000,0.048429,-0.002466,1.352366,-0.162232,-0.000037,1.570777,-0.294508,1.000000,1.100000,0.000000,0.000000,-1.571000,-0.342937,1.002466,-0.252366,1.089143
32.950000,0.041991,-0.002467,1.352300,-0.157662,-0.000036,1.570773,-0.296158,1.000000,1.100000,0.000000,0.000000,-1.571000,-0.338149,1.002467,-0.252300,1.087630
32.960000,0.035467,-0.002468,1.352174,-0.152803,-0.000033,1.570772,-0.297515,1.000000,1.100000,0.000000,0.000000,-1.571000,-0.332982,1.002468,-0.252174,1.086006
32.970000,0.028862,-0.002468,1.351988,-0.147598,-0.000029,1.570774,-0.298578,1.000000,1.100000,0.000000,0.000000,-1.571000,-0.327441,1.002468,-0.251988,1.084278
32.980000,0.022183,-0.002469,1.351739,-0.141195,-0.000026,1.570773,-0.299347,1.000000,1.100000,0.000000,0.000000,-1.571000,-0.321531,1.002469,-0.251739,1.082450
32.990000,0.015437,-0.002470,1.351423,-0.133057,-0.000023,1.570767,-0.299821,1.000000,1.100000,0.000000,0.000000,-1.571000,-0.315258,1.002470,-0.251423,1.080531
33.000000,0.008632,-0.002471,1.351041,-0.123083,-0.000020,1.570759,-0.299999,1.000000,1.100000,0.000000,0.000000,-1.571000,-0.308631,1.002471,-0.251041,1.078528
33.010000,0.001778,-0.002471,1.350592,-0.111478,-0.000017,1.570749,-0.299880,1.000000,1.100000,0.000000,0.000000,-1.571000,-0.301658,1.002471,-0.250592,1.076449
33.020000,-0.005114,-0.002472,1.350078,-0.098649,-0.000015,1.570742,-0.299466,1.000000,1.100000,0.000000,0.000000,-1.571000,-0.294352,1.002472,-0.250078,1.074305
33.030000,-0.012032,-0.002473,1.349499,-0.085075,-0.000012,1.570741,-0.298756,1.000000,1.100000,0.000000,0.000000,-1.571000,-0.286723,1.002473,-0.249499,1.072106
33.040000,-0.018964,-0.002474,1.348855,-0.071164,-0.000009,1.570747,-0.297751,1.000000,1.100000,0.000000,0.000000,-1.571000,-0.278787,1.002474,-0.248855,1.069862
33.050000,-0.025896,-0.002474,1.348146,-0.057350,-0.000007,1.570761,-0.296452,1.000000,1.100000,0.000000,0.000000,-1.571000,-0.270557,1.002474,-0.248146,1.067582
33.060000,-0.032816,-0.002475,1.347374,-0.044069,-0.000004,1.570782,-0.294861,1.000000,1.100000,0.000000,0.000000,-1.571000,-0.262046,1.002475,-0.247374,1.065278
33.070000,-0.039712,-0.002476,1.346538,-0.031703,-0.000001,1.570807,-0.292979,1.000000,1.100000,0.000000,0.000000,-1.571000,-0.253267,1.002476,-0.246538,1.062960
33.080000,-0.046573,-0.002477,1.345640,-0.020556,0.000002,1.570835,-0.290808,1.000000,1.100000,0.000000,0.000000,-1.571000,-0.244235,1.002477,-0.245640,1.060636
33.090000,-0.053390,-0.002477,1.344687,-0.010479,0.000003,1.570860,-0.288350,1.000000,1.100000,0.000000,0.000000,-1.571000,-0.234960,1.002477,-0.244687,1.058319
33.100000,-0.060153,-0.002478,1.343707,-0.000286,0.000006,1.570874,-0.285607,1.000000,1.100000,0.000000,0.000000,-1.571000,-0.225454,1.002478,-0.243707,1.056023
33.110000,-0.066854,-0.002479,1.342721,0.010878,0.000012,1.570875,-0.282582,1.000000,1.100000,0.000000,0.000000,-1.571000,-0.215728,1.002479,-0.242721,1.053763
33.120000,-0.073483,-0.002480,1.341740,0.023373,0.000022,1.570863,-0.279279,1.000000,1.100000,0.000000,0.000000,-1.571000,-0.205796,1.002480,-0.241740,1.051549
33.130000,-0.080027,-0.002480,1.340774,0.037195,0.000035,1.570842,-0.275699,1.000000,1.100000,0.000000,0.000000,-1.571000,-0.195672,1.002480,-0.240774,1.049393
33.140000,-0.086474,-0.002481,1.339825,0.052080,0.000051,1.570820,-0.271848,1.000000,1.100000,0.000000,0.000000,-1.571000,-0.185374,1.002481,-0.239825,1.047305
33.150000,-0.092811,-0.002481,1.338897,0.067602,0.000068,1.570801,-0.267729,1.000000,1.100000,0.000000,0.000000,-1.571000,-0.174918,1.002481,-0.238897,1.045293
33.160000,-0.099021,-0.002482,1.337989,0.083254,0.000085,1.570791,-0.263345,1.000000,1.100000,0.000000,0.000000,-1.571000,-0.164324,1.002482,-0.237989,1.043365
33.170000,-0.105092,-0.002482,1.337100,0.098512,0.000098,1.570790,-0.258701,1.000000,1.100000,0.000000,0.000000,-1.571000,-0.153609,1.002482,-0.237100,1.041529
33.180000,-0.111010,-0.002483,1.336224,0.112893,0.000107,1.570800,-0.253802,1.000000,1.100000,0.000000,0.000000,-1.571000,-0.142792,1.002483,-0.236224,1.039790
33.190000,-0.116763,-0.002483,1.335356,0.125998,0.000109,1.570818,-0.248653,1.000000,1.100000,0.000000,0.000000,-1.571000,-0.131890,1.002483,-0.235356,1.038152
33.200000,-0.122340,-0.002483,1.334492,0.137535,0.000105,1.570840,-0.243258,1.000000,1.100000,0.000000,0.000000,-1.571000,-0.120918,1.002483,-0.234492,1.036619
33.210000,-0.127731,-0.002483,1.333628,0.147330,0.000095,1.570864,-0.237623,1.000000,1.100000,0.000000,0.000000,-1.571000,-0.109892,1.002483,-0.233628,1.035196
33.220000,-0.132930,-0.002483,1.332763,0.155325,0.000080,1.570885,-0.231754,1.000000,1.100000,0.000000,0.000000,-1.571000,-0.098824,1.002483,-0.232763,1.033884
33.230000,-0.137928,-0.002483,1.331899,0.161570,0.000063,1.570901,-0.225655,1.000000,1.100000,0.000000,0.000000,-1.571000,-0.087727,1.002483,-0.231899,1.032688
33.240000,-0.142721,-0.002482,1.331050,0.166198,0.000045,1.570910,-0.219335,1.000000,1.100000,0.000000,0.000000,-1.571000,-0.076614,1.002482,-0.231050,1.031613
33.250000,-0.147303,-0.002482,1.330225,0.169408,0.000030,1.570912,-0.212797,1.000000,1.100000,0.000000,0.000000,-1.571000,-0.065495,1.002482,-0.230225,1.030662
33.260000,-0.151672,-0.002482,1.329431,0.171436,0.000018,1.570906,-0.206050,1.000000,1.100000,0.000000,0.000000,-1.571000,-0.054379,1.002482,-0.229431,1.029837
33.270000,-0.155827,-0.002481,1.328670,0.172534,0.000009,1.570894,-0.199100,1.000000,1.100000,0.000000,0.000000,-1.571000,-0.043273,1.002481,-0.228670,1.029141
33.280000,-0.159768,-0.002481,1.327946,0.172951,0.000006,1.570878,-0.191952,1.000000,1.100000,0.000000,0.000000,-1.571000,-0.032184,1.002481,-0.227946,1.028573
33.290000,-0.163497,-0.002480,1.327260,0.172914,0.000005,1.570858,-0.184616,1.000000,1.100000,0.000000,0.000000,-1.571000,-0.021119,1.002480,-0.227260,1.028134
33.300000,-0.167014,-0.002480,1.326620,0.172618,0.000009,1.570837,-0.177097,1.000000,1.100000,0.000000,0.000000,-1.571000,-0.010083,1.002480,-0.226620,1.027825
33.310000,-0.170321,-0.002479,1.326031,0.172222,0.000014,1.570816,-0.169404,1.000000,1.100000,0.000000,0.000000,-1.571000,0.000918,1.002479,-0.226031,1.027646
33.320000,-0.173420,-0.002479,1.325495,0.171841,0.000022,1.570796,-0.161543,1.000000,1.100000,0.000000,0.000000,-1.571000,0.011877,1.002479,-0.225495,1.027596
33.330000,-0.176311,-0.002478,1.325014,0.171553,0.000030,1.570778,-0.153523,1.000000,1.100000,0.000000,0.000000,-1.571000,0.022788,1.002478,-0.225014,1.027674
33.340000,-0.178998,-0.002478,1.324589,0.171403,0.000039,1.570763,-0.145351,1.000000,1.100000,0.000000,0.000000,-1.571000,0.033647,1.002478,-0.224589,1.027878
33.350000,-0.181482,-0.002477,1.324220,0.171404,0.000046,1.570751,-0.137036,1.000000,1.100000,0.000000,0.000000,-1.571000,0.044446,1.002477,-0.224220,1.028207
33.360000,-0.183765,-0.002477,1.323906,0.171548,0.000052,1.570742,-0.128586,1.000000,1.100000,0.000000,0.000000,-1.571000,0.055179,1.002477,-0.223906,1.028658
33.370000,-0.185849,-0.002476,1.323648,0.171810,0.000056,1.570736,-0.120009,1.000000,1.100000,0.000000,0.000000,-1.571000,0.065841,1.002476,-0.223648,1.029229
33.380000,-0.187736,-0.002475,1.323444,0.172158,0.000059,1.570733,-0.111313,1.000000,1.100000,0.000000,0.000000,-1.571000,0.076423,1.002475,-0.223444,1.029915
33.390000,-0.189426,-0.002474,1.323293,0.172556,0.000059,1.570732,-0.102508,1.000000,1.100000,0.000000,0.000000,-1.571000,0.086918,1.002474,-0.223293,1.030713
33.400000,-0.190922,-0.002474,1.323193,0.172970,0.000056,1.570733,-0.093601,1.000000,1.100000,0.000000,0.000000,-1.571000,0.097321,1.002474,-0.223193,1.031620
33.410000,-0.192225,-0.002473,1.323144,0.173369,0.000051,1.570736,-0.084602,1.000000,1.100000,0.000000,0.000000,-1.571000,0.107623,1.002473,-0.223144,1.032632
33.420000,-0.193336,-0.002472,1.323145,0.173730,0.000044,1.570739,-0.075519,1.000000,1.100000,0.000000,0.000000,-1.571000,0.117817,1.002472,-0.223145,1.033743
33.430000,-0.194257,-0.002471,1.323195,0.174035,0.000036,1.570742,-0.066362,1.000000,1.100000,0.000000,0.000000,-1.571000,0.127895,1.002471,-0.223195,1.034950
33.440000,-0.194990,-0.002470,1.323295,0.174276,0.000028,1.570746,-0.057140,1.000000,1.100000,0.000000,0.000000,-1.571000,0.137850,1.002470,-0.223295,1.036248
33.450000,-0.195535,-0.002469,1.323442,0.174449,0.000019,1.570750,-0.047861,1.000000,1.100000,0.000000,0.000000,-1.571000,0.147674,1.002469,-0.223442,1.037631
33.460000,-0.195894,-0.002469,1.323637,0.174558,0.000010,1.570754,-0.038535,1.000000,1.100000,0.000000,0.000000,-1.571000,0.157359,1.002469,-0.223637,1.039095
33.470000,-0.196070,-0.002468,1.323880,0.174610,0.000002,1.570757,-0.029171,1.000000,1.100000,0.000000,0.000000,-1.571000,0.166899,1.002468,-0.223880,1.040634
33.480000,-0.196063,-0.002467,1.324169,0.174614,-0.000004,1.570760,-0.019778,1.000000,1.100000,0.000000,0.000000,-1.571000,0.176285,1.002467,-0.224169,1.042242
33.490000,-0.195875,-0.002466,1.324504,0.174583,-0.000009,1.570762,-0.010365,1.000000,1.100000,0.000000,0.000000,-1.571000,0.185510,1.002466,-0.224504,1.043913
33.500000,-0.195508,-0.002465,1.324886,0.174529,-0.000012,1.570765,-0.000942,1.000000,1.100000,0.000000,0.000000,-1.571000,0.194565,1.002465,-0.224886,1.045641
33.510000,-0.194964,-0.002464,1.325314,0.174460,-0.000013,1.570767,0.008481,1.000000,1.100000,0.000000,0.000000,-1.571000,0.203445,1.002464,-0.225314,1.047421
33.520000,-0.194244,-0.002463,1.325787,0.174386,-0.000014,1.570769,0.017896,1.000000,1.100000,0.000000,0.000000,-1.571000,0.212140,1.002463,-0.225787,1.049246
33.530000,-0.193350,-0.002463,1.326306,0.174313,-0.000014,1.570771,0.027294,1.000000,1.100000,0.000000,0.000000,-1.571000,0.220644,1.002463,-0.226306,1.051109
33.540000,-0.192283,-0.002462,1.326869,0.174248,-0.000014,1.570772,0.036665,1.000000,1.100000,0.000000,0.000000,-1.571000,0.228948,1.002462,-0.226869,1.053004
33.550000,-0.191046,-0.002461,1.327478,0.174195,-0.000015,1.570773,0.045999,1.000000,1.100000,0.000000,0.000000,-1.571000,0.237045,1.002461,-0.227478,1.054924
33.560000,-0.189640,-0.002461,1.328130,0.174155,-0.000016,1.570774,0.055288,1.000000,1.100000,0.000000,0.000000,-1.571000,0.244928,1.002461,-0.228130,1.056863
33.570000,-0.188067,-0.002460,1.328823,0.174129,-0.000017,1.570774,0.064523,1.000000,1.100000,0.000000,0.000000,-1.571000,0.252590,1.002460,-0.228823,1.058814
33.580000,-0.186330,-0.002459,1.329548,0.174116,-0.000017,1.570775,0.073694,1.000000,1.100000,0.000000,0.000000,-1.571000,0.260023,1.002459,-0.229548,1.060768
33.590000,-0.184432,-0.002459,1.330297,0.174116,-0.000017,1.570776,0.082792,1.000000,1.100000,0.000000,0.000000,-1.571000,0.267224,1.002459,-0.230297,1.062718
33.600000,-0.182375,-0.002458,1.331065,0.174126,-0.000017,1.570775,0.091808,1.000000,1.100000,0.000000,0.000000,-1.571000,0.274183,1.002458,-0.231065,1.064655
33.610000,-0.180161,-0.002458,1.331850,0.174143,-0.000017,1.570775,0.100734,1.000000,1.100000,0.000000,0.000000,-1.571000,0.280895,1.002458,-0.231850,1.066573
33.620000,-0.177793,-0.002457,1.332649,0.174165,-0.000018,1.570774,0.109561,1.000000,1.100000,0.000000,0.000000,-1.571000,0.287353,1.002457,-0.232649,1.068465
33.630000,-0.175270,-0.002456,1.333461,0.174190,-0.000020,1.570774,0.118279,1.000000,1.100000,0.000000,0.000000,-1.571000,0.293549,1.002456,-0.233461,1.070324
33.640000,-0.172597,-0.002456,1.334283,0.174217,-0.000023,1.570773,0.126880,1.000000,1.100000,0.000000,0.000000,-1.571000,0.299477,1.002456,-0.234283,1.072144
33.650000,-0.169774,-0.002456,1.335113,0.174243,-0.000027,1.570773,0.135357,1.000000,1.100000,0.000000,0.000000,-1.571000,0.305130,1.002456,-0.235113,1.073918
33.660000,-0.166802,-0.002455,1.335948,0.174268,-0.000030,1.570773,0.143699,1.000000,1.100000,0.000000,0.000000,-1.571000,0.310502,1.002455,-0.235948,1.075639
33.670000,-0.163684,-0.002455,1.336788,0.174290,-0.000034,1.570773,0.151900,1.000000,1.100000,0.000000,0.000000,-1.571000,0.315585,1.002455,-0.236788,1.077301
33.680000,-0.160421,-0.002454,1.337633,0.174308,-0.000037,1.570773,0.159951,1.000000,1.100000,0.000000,0.000000,-1.571000,0.320372,1.002454,-0.237633,1.078899
33.690000,-0.157014,-0.002454,1.338481,0.174322,-0.000040,1.570773,0.167845,1.000000,1.100000,0.000000,0.000000,-1.571000,0.324859,1.002454,-0.238481,1.080426
33.700000,-0.153466,-0.002454,1.339325,0.174332,-0.000043,1.570774,0.175572,1.000000,1.100000,0.000000,0.000000,-1.571000,0.329038,1.002454,-0.239325,1.081876
33.710000,-0.149779,-0.002454,1.340162,0.174337,-0.000045,1.570774,0.183127,1.000000,1.100000,0.000000,0.000000,-1.571000,0.332905,1.002454,-0.240162,1.083244
33.720000,-0.145954,-0.002454,1.340988,0.174337,-0.000046,1.570774,0.190500,1.000000,1.100000,0.000000,0.000000,-1.571000,0.336455,1.002454,-0.240988,1.084523
33.730000,-0.141994,-0.002454,1.341802,0.174333,-0.000045,1.570775,0.197686,1.000000,1.100000,0.000000,0.000000,-1.571000,0.339680,1.002454,-0.241802,1.085709
33.740000,-0.137899,-0.002453,1.342604,0.174326,-0.000043,1.570776,0.204676,1.000000,1.100000,0.000000,0.000000,-1.571000,0.342575,1.002453,-0.242604,1.086797
33.750000,-0.133672,-0.002453,1.343392,0.174316,-0.000040,1.570776,0.211465,1.000000,1.100000,0.000000,0.000000,-1.571000,0.345136,1.002453,-0.243392,1.087783
33.760000,-0.129312,-0.002454,1.344167,0.174306,-0.000037,1.570777,0.218044,1.000000,1.100000,0.000000,0.000000,-1.571000,0.347357,1.002454,-0.244167,1.088663
33.770000,-0.124823,-0.002454,1.344925,0.174294,-0.000034,1.570778,0.224409,1.000000,1.100000,0.000000,0.000000,-1.571000,0.349232,1.002454,-0.244925,1.089433
33.780000,-0.120206,-0.002454,1.345658,0.174282,-0.000031,1.570778,0.230552,1.000000,1.100000,0.000000,0.000000,-1.571000,0.350758,1.002454,-0.245658,1.090088
33.790000,-0.115465,-0.002454,1.346357,0.174269,-0.000029,1.570779,0.236468,1.000000,1.100000,0.000000,0.000000,-1.571000,0.351933,1.002454,-0.246357,1.090625
33.800000,-0.110602,-0.002454,1.347019,0.174256,-0.000029,1.570779,0.242150,1.000000,1.100000,0.000000,0.000000,-1.571000,0.352752,1.002454,-0.247019,1.091039
33.810000,-0.105617,-0.002454,1.347642,0.174244,-0.000030,1.570779,0.247593,1.000000,1.100000,0.000000,0.000000,-1.571000,0.353210,1.002454,-0.247642,1.091329
33.820000,-0.100513,-0.002455,1.348223,0.174232,-0.000031,1.570779,0.252792,1.000000,1.100000,0.000000,0.000000,-1.571000,0.353305,1.002455,-0.248223,1.091492
33.830000,-0.095291,-0.002455,1.348762,0.174221,-0.000033,1.570778,0.257742,1.000000,1.100000,0.000000,0.000000,-1.571000,0.353032,1.002455,-0.248762,1.091526
33.840000,-0.089952,-0.002455,1.349253,0.174212,-0.000036,1.570778,0.262437,1.000000,1.100000,0.000000,0.000000,-1.571000,0.352389,1.002455,-0.249253,1.091431
33.850000,-0.084500,-0.002455,1.349693,0.174204,-0.000038,1.570778,0.266873,1.000000,1.100000,0.000000,0.000000,-1.571000,0.351373,1.002455,-0.249693,1.091204
33.860000,-0.078935,-0.002456,1.350079,0.174199,-0.000040,1.570778,0.271045,1.000000,1.100000,0.000000,0.000000,-1.571000,0.349980,1.002456,-0.250079,1.090845
33.870000,-0.073258,-0.002456,1.350412,0.174196,-0.000042,1.570777,0.274951,1.000000,1.100000,0.000000,0.000000,-1.571000,0.348208,1.002456,-0.250412,1.090355
33.880000,-0.067471,-0.002457,1.350691,0.174197,-0.000043,1.570777,0.278585,1.000000,1.100000,0.000000,0.000000,-1.571000,0.346055,1.002457,-0.250691,1.089734
33.890000,-0.061575,-0.002457,1.350913,0.174083,-0.000043,1.570778,0.281944,1.000000,1.100000,0.000000,0.000000,-1.571000,0.343518,1.002457,-0.250913,1.088982
33.900000,-0.055571,-0.002458,1.351078,0.173425,-0.000043,1.570782,0.285024,1.000000,1.100000,0.000000,0.000000,-1.571000,0.340596,1.002458,-0.251078,1.088102
33.910000,-0.049463,-0.002458,1.351181,0.171935,-0.000044,1.570788,0.287824,1.000000,1.100000,0.000000,0.000000,-1.571000,0.337287,1.002458,-0.251181,1.087096
33.920000,-0.043253,-0.002459,1.351222,0.169516,-0.000044,1.570797,0.290339,1.000000,1.100000,0.000000,0.000000,-1.571000,0.333592,1.002459,-0.251222,1.085965
33.930000,-0.036943,-0.002459,1.351201,0.166214,-0.000044,1.570807,0.292568,1.000000,1.100000,0.000000,0.000000,-1.571000,0.329511,1.002459,-0.251201,1.084714
33.940000,-0.030538,-0.002460,1.351118,0.162175,-0.000043,1.570814,0.294508,1.000000,1.100000,0.000000,0.000000,-1.571000,0.325046,1.002460,-0.251118,1.083347
33.950000,-0.024043,-0.002461,1.350975,0.157608,-0.000042,1.570819,0.296158,1.000000,1.100000,0.000000,0.000000,-1.571000,0.320201,1.002461,-0.250975,1.081871
33.960000,-0.017463,-0.002461,1.350771,0.152751,-0.000039,1.570819,0.297515,1.000000,1.100000,0.000000,0.000000,-1.571000,0.314978,1.002461,-0.250771,1.080290
33.970000,-0.010802,-0.002462,1.350508,0.147548,-0.000035,1.570818,0.298578,1.000000,1.100000,0.000000,0.000000,-1.571000,0.309381,1.002462,-0.250508,1.078611
33.980000,-0.004068,-0.002463,1.350183,0.141147,-0.000031,1.570818,0.299347,1.000000,1.100000,0.000000,0.000000,-1.571000,0.303415,1.002463,-0.250183,1.076840
33.990000,0.002734,-0.002464,1.349798,0.133011,-0.000027,1.570823,0.299821,1.000000,1.100000,0.000000,0.000000,-1.571000,0.297087,1.002464,-0.249798,1.074985
34.000000,0.009594,-0.002465,1.349351,0.123037,-0.000023,1.570832,0.299999,1.000000,1.100000,0.000000,0.000000,-1.571000,0.290404,1.002465,-0.249351,1.073054
34.010000,0.016504,-0.002465,1.348845,0.111433,-0.000019,1.570843,0.299880,1.000000,1.100000,0.000000,0.000000,-1.571000,0.283376,1.002465,-0.248845,1.071057
34.020000,0.023452,-0.002466,1.348280,0.098604,-0.000013,1.570850,0.299466,1.000000,1.100000,0.000000,0.000000,-1.571000,0.276013,1.002466,-0.248280,1.069002
34.030000,0.030427,-0.002467,1.347657,0.085033,-0.000007,1.570852,0.298756,1.000000,1.100000,0.000000,0.000000,-1.571000,0.268329,1.002467,-0.247657,1.066899
34.040000,0.037414,-0.002468,1.346976,0.071140,-0.000000,1.570847,0.297751,1.000000,1.100000,0.000000,0.000000,-1.571000,0.260337,1.002468,-0.246976,1.064760
34.050000,0.044402,-0.002469,1.346239,0.057369,0.000007,1.570833,0.296452,1.000000,1.100000,0.000000,0.000000,-1.571000,0.252050,1.002469,-0.246239,1.062594
34.060000,0.051378,-0.002469,1.345445,0.044156,0.000014,1.570813,0.294861,1.000000,1.100000,0.000000,0.000000,-1.571000,0.243483,1.002469,-0.245445,1.060411
34.070000,0.058330,-0.002470,1.344595,0.031884,0.000020,1.570787,0.292979,1.000000,1.100000,0.000000,0.000000,-1.571000,0.234649,1.002470,-0.244595,1.058222
34.080000,0.065247,-0.002471,1.343690,0.020853,0.000024,1.570759,0.290808,1.000000,1.100000,0.000000,0.000000,-1.571000,0.225561,1.002471,-0.243690,1.056035
34.090000,0.072119,-0.002472,1.342738,0.010902,0.000026,1.570733,0.288350,1.000000,1.100000,0.000000,0.000000,-1.571000,0.216230,1.002472,-0.242738,1.053863
34.100000,0.078938,-0.002472,1.341765,0.000828,0.000028,1.570719,0.285607,1.000000,1.100000,0.000000,0.000000,-1.571000,0.206669,1.002472,-0.241765,1.051719
34.110000,0.085695,-0.002473,1.340793,-0.010239,0.000032,1.570719,0.282582,1.000000,1.100000,0.000000,0.000000,-1.571000,0.196887,1.002473,-0.240793,1.049618
34.120000,0.092379,-0.002474,1.339834,-0.022670,0.000040,1.570731,0.279279,1.000000,1.100000,0.000000,0.000000,-1.571000,0.186899,1.002474,-0.239834,1.047571
34.130000,0.098979,-0.002474,1.338896,-0.036462,0.000050,1.570752,0.275699,1.000000,1.100000,0.000000,0.000000,-1.571000,0.176720,1.002474,-0.238896,1.045589
34.140000,0.105482,-0.002475,1.337983,-0.051353,0.000062,1.570775,0.271848,1.000000,1.100000,0.000000,0.000000,-1.571000,0.166366,1.002475,-0.237983,1.043680
34.150000,0.111874,-0.002475,1.337096,-0.066914,0.000076,1.570794,0.267729,1.000000,1.100000,0.000000,0.000000,-1.571000,0.155855,1.002475,-0.237096,1.041855
34.160000,0.118139,-0.002475,1.336237,-0.082630,0.000089,1.570805,0.263345,1.000000,1.100000,0.000000,0.000000,-1.571000,0.145205,1.002475,-0.236237,1.040120
34.170000,0.124265,-0.002476,1.335402,-0.097971,0.000099,1.570805,0.258701,1.000000,1.100000,0.000000,0.000000,-1.571000,0.134436,1.002476,-0.235402,1.038482
34.180000,0.130238,-0.002476,1.334582,-0.112448,0.000105,1.570796,0.253802,1.000000,1.100000,0.000000,0.000000,-1.571000,0.123564,1.002476,-0.234582,1.036945
34.190000,0.136045,-0.002476,1.333766,-0.125653,0.000104,1.570778,0.248653,1.000000,1.100000,0.000000,0.000000,-1.571000,0.112607,1.002476,-0.233766,1.035512
34.200000,0.141677,-0.002476,1.332951,-0.137286,0.000097,1.570755,0.243258,1.000000,1.100000,0.000000,0.000000,-1.571000,0.101581,1.002476,-0.232951,1.034187
34.210000,0.147124,-0.002476,1.332132,-0.147169,0.000084,1.570731,0.237623,1.000000,1.100000,0.000000,0.000000,-1.571000,0.090499,1.002476,-0.232132,1.032973
34.220000,0.152378,-0.002475,1.331305,-0.155241,0.000067,1.570710,0.231754,1.000000,1.100000,0.000000,0.000000,-1.571000,0.079375,1.002475,-0.231305,1.031872
34.230000,0.157433,-0.002475,1.330476,-0.161548,0.000048,1.570694,0.225655,1.000000,1.100000,0.000000,0.000000,-1.571000,0.068223,1.002475,-0.230476,1.030888
34.240000,0.162280,-0.002475,1.329667,-0.166223,0.000029,1.570684,0.219335,1.000000,1.100000,0.000000,0.000000,-1.571000,0.057055,1.002475,-0.229667,1.030028
34.250000,0.166913,-0.002474,1.328896,-0.169466,0.000015,1.570681,0.212797,1.000000,1.100000,0.000000,0.000000,-1.571000,0.045884,1.002474,-0.228896,1.029298
34.260000,0.171330,-0.002474,1.328173,-0.171513,0.000005,1.570685,0.206050,1.000000,1.100000,0.000000,0.000000,-1.571000,0.034720,1.002474,-0.228173,1.028699
34.270000,0.175529,-0.002473,1.327505,-0.172620,0.000001,1.570696,0.199100,1.000000,1.100000,0.000000,0.000000,-1.571000,0.023571,1.002473,-0.227505,1.028235
34.280000,0.179509,-0.002473,1.326894,-0.173037,0.000003,1.570711,0.191952,1.000000,1.100000,0.000000,0.000000,-1.571000,0.012443,1.002473,-0.226894,1.027905
34.290000,0.183274,-0.002473,1.326342,-0.172994,0.000010,1.570730,0.184616,1.000000,1.100000,0.000000,0.000000,-1.571000,0.001342,1.002473,-0.226342,1.027708
34.300000,0.186824,-0.002472,1.325848,-0.172689,0.000019,1.570751,0.177097,1.000000,1.100000,0.000000,0.000000,-1.571000,-0.009726,1.002472,-0.225848,1.027644
34.310000,0.190162,-0.002471,1.325408,-0.172281,0.000029,1.570772,0.169404,1.000000,1.100000,0.000000,0.000000,-1.571000,-0.020758,1.002471,-0.225408,1.027710
34.320000,0.193291,-0.002471,1.325022,-0.171888,0.000039,1.570793,0.161543,1.000000,1.100000,0.000000,0.000000,-1.571000,-0.031748,1.002471,-0.225022,1.027906
34.330000,0.196213,-0.002470,1.324689,-0.171592,0.000046,1.570813,0.153523,1.000000,1.100000,0.000000,0.000000,-1.571000,-0.042690,1.002470,-0.224689,1.028229
34.340000,0.198930,-0.002470,1.324407,-0.171436,0.000051,1.570829,0.145351,1.000000,1.100000,0.000000,0.000000,-1.571000,-0.053579,1.002470,-0.224407,1.028676
34.350000,0.201445,-0.002469,1.324176,-0.171434,0.000054,1.570842,0.137036,1.000000,1.100000,0.000000,0.000000,-1.571000,-0.064409,1.002469,-0.224176,1.029246
34.360000,0.203759,-0.002468,1.323996,-0.171578,0.000053,1.570853,0.128586,1.000000,1.100000,0.000000,0.000000,-1.571000,-0.075173,1.002468,-0.223996,1.029936
34.370000,0.205875,-0.002468,1.323866,-0.171843,0.000050,1.570860,0.120009,1.000000,1.100000,0.000000,0.000000,-1.571000,-0.085866,1.002468,-0.223866,1.030743
34.380000,0.207794,-0.002467,1.323782,-0.172196,0.000044,1.570864,0.111313,1.000000,1.100000,0.000000,0.000000,-1.571000,-0.096481,1.002467,-0.223782,1.031662
34.390000,0.209517,-0.002466,1.323744,-0.172601,0.000037,1.570865,0.102508,1.000000,1.100000,0.000000,0.000000,-1.571000,-0.107010,1.002466,-0.223744,1.032691
34.400000,0.211047,-0.002465,1.323748,-0.173022,0.000028,1.570865,0.093601,1.000000,1.100000,0.000000,0.000000,-1.571000,-0.117446,1.002465,-0.223748,1.033825
34.410000,0.212385,-0.002464,1.323796,-0.173428,0.000019,1.570863,0.084602,1.000000,1.100000,0.000000,0.000000,-1.571000,-0.127783,1.002464,-0.223796,1.035059
34.420000,0.213532,-0.002463,1.323885,-0.173795,0.000010,1.570860,0.075519,1.000000,1.100000,0.000000,0.000000,-1.571000,-0.138013,1.002463,-0.223885,1.036390
34.430000,0.214490,-0.002463,1.324016,-0.174105,0.000003,1.570856,0.066362,1.000000,1.100000,0.000000,0.000000,-1.571000,-0.148128,1.002463,-0.224016,1.037813
34.440000,0.215259,-0.002462,1.324195,-0.174349,-0.000002,1.570851,0.057140,1.000000,1.100000,0.000000,0.000000,-1.571000,-0.158119,1.002462,-0.224195,1.039324
34.450000,0.215839,-0.002461,1.324425,-0.174523,-0.000005,1.570846,0.047861,1.000000,1.100000,0.000000,0.000000,-1.571000,-0.167978,1.002461,-0.224425,1.040919
34.460000,0.216232,-0.002460,1.324709,-0.174632,-0.000006,1.570842,0.038535,1.000000,1.100000,0.000000,0.000000,-1.571000,-0.177697,1.002460,-0.224709,1.042592
34.470000,0.216439,-0.002460,1.325048,-0.174682,-0.000005,1.570837,0.029171,1.000000,1.100000,0.000000,0.000000,-1.571000,-0.187269,1.002460,-0.225048,1.044338
34.480000,0.216462,-0.002459,1.325441,-0.174685,-0.000002,1.570833,0.019778,1.000000,1.100000,0.000000,0.000000,-1.571000,-0.196684,1.002459,-0.225441,1.046151
34.490000,0.216302,-0.002458,1.325888,-0.174652,0.000002,1.570829,0.010365,1.000000,1.100000,0.000000,0.000000,-1.571000,-0.205937,1.002458,-0.225888,1.048026
34.500000,0.215962,-0.002457,1.326385,-0.174595,0.000004,1.570825,0.000942,1.000000,1.100000,0.000000,0.000000,-1.571000,-0.215020,1.002457,-0.226385,1.049954
34.510000,0.215445,-0.002457,1.326925,-0.174524,0.000006,1.570823,-0.008481,1.000000,1.100000,0.000000,0.000000,-1.571000,-0.223926,1.002457,-0.226925,1.051930
34.520000,0.214751,-0.002456,1.327508,-0.174448,0.000005,1.570820,-0.017896,1.000000,1.100000,0.000000,0.000000,-1.571000,-0.232648,1.002456,-0.227508,1.053946
34.530000,0.213885,-0.002455,1.328132,-0.174373,0.000003,1.570819,-0.027294,1.000000,1.100000,0.000000,0.000000,-1.571000,-0.241179,1.002455,-0.228132,1.055996
34.540000,0.212846,-0.002455,1.328795,-0.174307,-0.000001,1.570818,-0.036665,1.000000,1.100000,0.000000,0.000000,-1.571000,-0.249511,1.002455,-0.228795,1.058073
34.550000,0.211637,-0.002454,1.329496,-0.174253,-0.000005,1.570818,-0.045999,1.000000,1.100000,0.000000,0.000000,-1.571000,-0.257636,1.002454,-0.229496,1.060169
34.560000,0.210260,-0.002453,1.330235,-0.174212,-0.000009,1.570817,-0.055288,1.000000,1.100000,0.000000,0.000000,-1.571000,-0.265548,1.002453,-0.230235,1.062279
34.570000,0.208716,-0.002453,1.331009,-0.174186,-0.000012,1.570817,-0.064523,1.000000,1.100000,0.000000,0.000000,-1.571000,-0.273239,1.002453,-0.231009,1.064395
34.580000,0.207009,-0.002452,1.331810,-0.174174,-0.000015,1.570817,-0.073694,1.000000,1.100000,0.000000,0.000000,-1.571000,-0.280703,1.002452,-0.231810,1.066508
34.590000,0.205141,-0.002451,1.332633,-0.174174,-0.000017,1.570817,-0.082792,1.000000,1.100000,0.000000,0.000000,-1.571000,-0.287932,1.002451,-0.232633,1.068612
34.600000,0.203113,-0.002451,1.333474,-0.174184,-0.000020,1.570818,-0.091808,1.000000,1.100000,0.000000,0.000000,-1.571000,-0.294922,1.002451,-0.233474,1.070699
34.610000,0.200929,-0.002450,1.334330,-0.174201,-0.000023,1.570819,-0.100734,1.000000,1.100000,0.000000,0.000000,-1.571000,-0.301663,1.002450,-0.234330,1.072762
34.620000,0.198589,-0.002450,1.335200,-0.174223,-0.000027,1.570820,-0.109561,1.000000,1.100000,0.000000,0.000000,-1.571000,-0.308150,1.002450,-0.235200,1.074794
34.630000,0.196096,-0.002449,1.336083,-0.174248,-0.000031,1.570821,-0.118279,1.000000,1.100000,0.000000,0.000000,-1.571000,-0.314375,1.002449,-0.236083,1.076787
34.640000,0.193450,-0.002449,1.336975,-0.174275,-0.000033,1.570821,-0.126880,1.000000,1.100000,0.000000,0.000000,-1.571000,-0.320331,1.002449,-0.236975,1.078737
34.650000,0.190655,-0.002449,1.337874,-0.174301,-0.000035,1.570821,-0.135357,1.000000,1.100000,0.000000,0.000000,-1.571000,-0.326012,1.002449,-0.237874,1.080634
34.660000,0.187711,-0.002448,1.338779,-0.174325,-0.000037,1.570821,-0.143699,1.000000,1.100000,0.000000,0.000000,-1.571000,-0.331410,1.002448,-0.238779,1.082474
34.670000,0.184620,-0.002448,1.339690,-0.174346,-0.000037,1.570820,-0.151900,1.000000,1.100000,0.000000,0.000000,-1.571000,-0.336520,1.002448,-0.239690,1.084250
34.680000,0.181383,-0.002448,1.340604,-0.174365,-0.000037,1.570820,-0.159951,1.000000,1.100000,0.000000,0.000000,-1.571000,-0.341335,1.002448,-0.240604,1.085956
34.690000,0.178003,-0.002447,1.341521,-0.174380,-0.000037,1.570819,-0.167845,1.000000,1.100000,0.000000,0.000000,-1.571000,-0.345847,1.002447,-0.241521,1.087586
34.700000,0.174481,-0.002447,1.342431,-0.174390,-0.000036,1.570818,-0.175572,1.000000,1.100000,0.000000,0.000000,-1.571000,-0.350053,1.002447,-0.242431,1.089133
34.710000,0.170821,-0.002447,1.343329,-0.174396,-0.000036,1.570817,-0.183127,1.000000,1.100000,0.000000,0.000000,-1.571000,-0.353947,1.002447,-0.243329,1.090591
34.720000,0.167024,-0.002447,1.344211,-0.174397,-0.000036,1.570817,-0.190500,1.000000,1.100000,0.000000,0.000000,-1.571000,-0.357524,1.002447,-0.244211,1.091953
34.730000,0.163091,-0.002447,1.345075,-0.174394,-0.000038,1.570817,-0.197686,1.000000,1.100000,0.000000,0.000000,-1.571000,-0.360777,1.002447,-0.245075,1.093216
34.740000,0.159025,-0.002447,1.345919,-0.174388,-0.000039,1.570816,-0.204676,1.000000,1.100000,0.000000,0.000000,-1.571000,-0.363702,1.002447,-0.245919,1.094374
34.750000,0.154827,-0.002447,1.346744,-0.174380,-0.000041,1.570817,-0.211465,1.000000,1.100000,0.000000,0.000000,-1.571000,-0.366292,1.002447,-0.246744,1.095423
34.760000,0.150498,-0.002447,1.347547,-0.174371,-0.000041,1.570816,-0.218044,1.000000,1.100000,0.000000,0.000000,-1.571000,-0.368543,1.002447,-0.247547,1.096359
34.770000,0.146040,-0.002447,1.348329,-0.174361,-0.000041,1.570816,-0.224409,1.000000,1.100000,0.000000,0.000000,-1.571000,-0.370449,1.002447,-0.248329,1.097178
34.780000,0.141455,-0.002447,1.349083,-0.174350,-0.000041,1.570816,-0.230552,1.000000,1.100000,0.000000,0.000000,-1.571000,-0.372007,1.002447,-0.249083,1.097876
34.790000,0.136744,-0.002448,1.349805,-0.174339,-0.000040,1.570816,-0.236468,1.000000,1.100000,0.000000,0.000000,-1.571000,-0.373212,1.002448,-0.249805,1.098449
34.800000,0.131910,-0.002448,1.350492,-0.174328,-0.000039,1.570816,-0.242150,1.000000,1.100000,0.000000,0.000000,-1.571000,-0.374060,1.002448,-0.250492,1.098894
34.810000,0.126954,-0.002448,1.351145,-0.174317,-0.000038,1.570815,-0.247593,1.000000,1.100000,0.000000,0.000000,-1.571000,-0.374547,1.002448,-0.251145,1.099209
34.820000,0.121877,-0.002448,1.351761,-0.174306,-0.000037,1.570815,-0.252792,1.000000,1.100000,0.000000,0.000000,-1.571000,-0.374669,1.002448,-0.251761,1.099392
34.830000,0.116681,-0.002449,1.352339,-0.174295,-0.000037,1.570815,-0.257742,1.000000,1.100000,0.000000,0.000000,-1.571000,-0.374422,1.002449,-0.252339,1.099441
34.840000,0.111367,-0.002449,1.352872,-0.174285,-0.000037,1.570815,-0.262437,1.000000,1.100000,0.000000,0.000000,-1.571000,-0.373804,1.002449,-0.252872,1.099353
34.850000,0.105939,-0.002450,1.353356,-0.174276,-0.000038,1.570815,-0.266873,1.000000,1.100000,0.000000,0.000000,-1.571000,-0.372812,1.002450,-0.253356,1.099128
34.860000,0.100398,-0.002450,1.353788,-0.174269,-0.000039,1.570815,-0.271045,1.000000,1.100000,0.000000,0.000000,-1.571000,-0.371443,1.002450,-0.253788,1.098765
34.870000,0.094744,-0.002450,1.354167,-0.174264,-0.000039,1.570815,-0.274951,1.000000,1.100000,0.000000,0.000000,-1.571000,-0.369695,1.002450,-0.254167,1.098263
34.880000,0.088980,-0.002451,1.354491,-0.174262,-0.000039,1.570815,-0.278585,1.000000,1.100000,0.000000,0.000000,-1.571000,-0.367565,1.002451,-0.254491,1.097624
34.890000,0.083107,-0.002452,1.354760,-0.174149,-0.000038,1.570814,-0.281944,1.000000,1.100000,0.000000,0.000000,-1.571000,-0.365050,1.002452,-0.254760,1.096847
34.900000,0.077126,-0.002452,1.354971,-0.173514,-0.000038,1.570810,-0.285024,1.000000,1.100000,0.000000,0.000000,-1.571000,-0.362150,1.002452,-0.254971,1.095935
34.910000,0.071039,-0.002453,1.355120,-0.172078,-0.000037,1.570803,-0.287824,1.000000,1.100000,0.000000,0.000000,-1.571000,-0.358863,1.002453,-0.255120,1.094888
34.920000,0.064850,-0.002453,1.355207,-0.169749,-0.000037,1.570795,-0.290339,1.000000,1.100000,0.000000,0.000000,-1.571000,-0.355189,1.002453,-0.255207,1.093711
34.930000,0.058562,-0.002454,1.355232,-0.166572,-0.000036,1.570786,-0.292568,1.000000,1.100000,0.000000,0.000000,-1.571000,-0.351130,1.002454,-0.255232,1.092405
34.940000,0.052178,-0.002455,1.355195,-0.162686,-0.000035,1.570778,-0.294508,1.000000,1.100000,0.000000,0.000000,-1.571000,-0.346686,1.002455,-0.255195,1.090977
34.950000,0.045702,-0.002455,1.355096,-0.158294,-0.000032,1.570774,-0.296158,1.000000,1.100000,0.000000,0.000000,-1.571000,-0.341860,1.002455,-0.255096,1.089431
34.960000,0.039141,-0.002456,1.354937,-0.153625,-0.000029,1.570774,-0.297515,1.000000,1.100000,0.000000,0.000000,-1.571000,-0.336656,1.002456,-0.254937,1.087772
34.970000,0.032499,-0.002457,1.354718,-0.148610,-0.000025,1.570775,-0.298578,1.000000,1.100000,0.000000,0.000000,-1.571000,-0.331077,1.002457,-0.254718,1.086008
34.980000,0.025782,-0.002458,1.354433,-0.142385,-0.000020,1.570775,-0.299347,1.000000,1.100000,0.000000,0.000000,-1.571000,-0.325129,1.002458,-0.254433,1.084143
34.990000,0.018997,-0.002459,1.354082,-0.134404,-0.000017,1.570769,-0.299821,1.000000,1.100000,0.000000,0.000000,-1.571000,-0.318818,1.002459,-0.254082,1.082186
35.000000,0.012152,-0.002459,1.353663,-0.124558,-0.000015,1.570760,-0.299999,1.000000,1.100000,0.000000,0.000000,-1.571000,-0.312151,1.002459,-0.253663,1.080143
35.010000,0.005258,-0.002460,1.353177,-0.113050,-0.000013,1.570749,-0.299880,1.000000,1.100000,0.000000,0.000000,-1.571000,-0.305138,1.002460,-0.253177,1.078023
35.020000,-0.001675,-0.002461,1.352624,-0.100287,-0.000012,1.570741,-0.299466,1.000000,1.100000,0.000000,0.000000,-1.571000,-0.297791,1.002461,-0.252624,1.075837
35.030000,-0.008635,-0.002462,1.352006,-0.086749,-0.000010,1.570739,-0.298756,1.000000,1.100000,0.000000,0.000000,-1.571000,-0.290120,1.002462,-0.252006,1.073595
35.040000,-0.015610,-0.002462,1.351322,-0.072849,-0.000007,1.570744,-0.297751,1.000000,1.100000,0.000000,0.000000,-1.571000,-0.282141,1.002462,-0.251322,1.071306
35.050000,-0.022586,-0.002463,1.350574,-0.059027,-0.000002,1.570757,-0.296452,1.000000,1.100000,0.000000,0.000000,-1.571000,-0.273866,1.002463,-0.250574,1.068982
35.060000,-0.029552,-0.002464,1.349762,-0.045722,0.000001,1.570777,-0.294861,1.000000,1.100000,0.000000,0.000000,-1.571000,-0.265310,1.002464,-0.249762,1.066632
35.070000,-0.036494,-0.002465,1.348886,-0.033323,0.000004,1.570803,-0.292979,1.000000,1.100000,0.000000,0.000000,-1.571000,-0.256485,1.002465,-0.248886,1.064267
35.080000,-0.043403,-0.002466,1.347948,-0.022140,0.000006,1.570831,-0.290808,1.000000,1.100000,0.000000,0.000000,-1.571000,-0.247405,1.002466,-0.247948,1.061897
35.090000,-0.050268,-0.002466,1.346956,-0.012021,0.000007,1.570857,-0.288350,1.000000,1.100000,0.000000,0.000000,-1.571000,-0.238082,1.002466,-0.246956,1.059532
35.100000,-0.057081,-0.002467,1.345936,-0.001774,0.000008,1.570872,-0.285607,1.000000,1.100000,0.000000,0.000000,-1.571000,-0.228526,1.002467,-0.245936,1.057189
35.110000,-0.063832,-0.002468,1.344909,0.009463,0.000012,1.570873,-0.282582,1.000000,1.100000,0.000000,0.000000,-1.571000,-0.218750,1.002468,-0.244909,1.054881
35.120000,-0.070512,-0.002468,1.343887,0.022050,0.000020,1.570861,-0.279279,1.000000,1.100000,0.000000,0.000000,-1.571000,-0.208766,1.002468,-0.243887,1.052619
35.130000,-0.077109,-0.002469,1.342877,0.035983,0.000031,1.570841,-0.275699,1.000000,1.100000,0.000000,0.000000,-1.571000,-0.198590,1.002469,-0.242877,1.050415
35.140000,-0.083609,-0.002470,1.341885,0.050993,0.000046,1.570819,-0.271848,1.000000,1.100000,0.000000,0.000000,-1.571000,-0.188239,1.002470,-0.241885,1.048278
35.150000,-0.089999,-0.002470,1.340911,0.066651,0.000063,1.570801,-0.267729,1.000000,1.100000,0.000000,0.000000,-1.571000,-0.177730,1.002470,-0.240911,1.046218
35.160000,-0.096264,-0.002471,1.339957,0.082442,0.000079,1.570790,-0.263345,1.000000,1.100000,0.000000,0.000000,-1.571000,-0.167081,1.002471,-0.239957,1.044243
35.170000,-0.102389,-0.002471,1.339021,0.097838,0.000094,1.570790,-0.258701,1.000000,1.100000,0.000000,0.000000,-1.571000,-0.156312,1.002471,-0.239021,1.042359
35.180000,-0.108362,-0.002472,1.338097,0.112351,0.000104,1.570800,-0.253802,1.000000,1.100000,0.000000,0.000000,-1.571000,-0.145440,1.002472,-0.238097,1.040573
35.190000,-0.114170,-0.002472,1.337180,0.125578,0.000108,1.570818,-0.248653,1.000000,1.100000,0.000000,0.000000,-1.571000,-0.134483,1.002472,-0.237180,1.038888
35.200000,-0.119802,-0.002472,1.336265,0.137222,0.000106,1.570842,-0.243258,1.000000,1.100000,0.000000,0.000000,-1.571000,-0.123456,1.002472,-0.236265,1.037310
35.210000,-0.125249,-0.002472,1.335350,0.147106,0.000098,1.570866,-0.237623,1.000000,1.100000,0.000000,0.000000,-1.571000,-0.112374,1.002472,-0.235350,1.035841
35.220000,-0.130502,-0.002472,1.334433,0.155174,0.000085,1.570888,-0.231754,1.000000,1.100000,0.000000,0.000000,-1.571000,-0.101251,1.002472,-0.234433,1.034485
35.230000,-0.135556,-0.002472,1.333517,0.161473,0.000069,1.570904,-0.225655,1.000000,1.100000,0.000000,0.000000,-1.571000,-0.090100,1.002472,-0.233517,1.033246
35.240000,-0.140402,-0.002471,1.332620,0.166141,0.000053,1.570913,-0.219335,1.000000,1.100000,0.000000,0.000000,-1.571000,-0.078933,1.002471,-0.232620,1.032129
35.250000,-0.145036,-0.002471,1.331756,0.169376,0.000039,1.570915,-0.212797,1.000000,1.100000,0.000000,0.000000,-1.571000,-0.067762,1.002471,-0.231756,1.031140
35.260000,-0.149455,-0.002471,1.330932,0.171417,0.000028,1.570910,-0.206050,1.000000,1.100000,0.000000,0.000000,-1.571000,-0.056596,1.002471,-0.230932,1.030281
35.270000,-0.153657,-0.002470,1.330153,0.172521,0.000022,1.570899,-0.199100,1.000000,1.100000,0.000000,0.000000,-1.571000,-0.045442,1.002470,-0.230153,1.029554
35.280000,-0.157644,-0.002470,1.329423,0.172937,0.000020,1.570883,-0.191952,1.000000,1.100000,0.000000,0.000000,-1.571000,-0.034309,1.002470,-0.229423,1.028959
35.290000,-0.161416,-0.002469,1.328742,0.172897,0.000021,1.570863,-0.184616,1.000000,1.100000,0.000000,0.000000,-1.571000,-0.023200,1.002469,-0.228742,1.028497
35.300000,-0.164974,-0.002469,1.328111,0.172596,0.000024,1.570841,-0.177097,1.000000,1.100000,0.000000,0.000000,-1.571000,-0.012123,1.002469,-0.228111,1.028166
35.310000,-0.168323,-0.002468,1.327531,0.172194,0.000029,1.570819,-0.169404,1.000000,1.100000,0.000000,0.000000,-1.571000,-0.001081,1.002468,-0.227531,1.027966
35.320000,-0.171462,-0.002467,1.327003,0.171808,0.000034,1.570797,-0.161543,1.000000,1.100000,0.000000,0.000000,-1.571000,0.009919,1.002467,-0.227003,1.027896
35.330000,-0.174395,-0.002467,1.326525,0.171519,0.000038,1.570778,-0.153523,1.000000,1.100000,0.000000,0.000000,-1.571000,0.020872,1.002467,-0.226525,1.027954
35.340000,-0.177124,-0.002466,1.326098,0.171368,0.000041,1.570762,-0.145351,1.000000,1.100000,0.000000,0.000000,-1.571000,0.031773,1.002466,-0.226098,1.028138
35.350000,-0.179651,-0.002465,1.325721,0.171371,0.000042,1.570749,-0.137036,1.000000,1.100000,0.000000,0.000000,-1.571000,0.042615,1.002465,-0.225721,1.028447
35.360000,-0.181978,-0.002465,1.325394,0.171518,0.000041,1.570738,-0.128586,1.000000,1.100000,0.000000,0.000000,-1.571000,0.053392,1.002465,-0.225394,1.028877
35.370000,-0.184106,-0.002464,1.325117,0.171784,0.000039,1.570732,-0.120009,1.000000,1.100000,0.000000,0.000000,-1.571000,0.064097,1.002464,-0.225117,1.029427
35.380000,-0.186036,-0.002463,1.324890,0.172137,0.000035,1.570728,-0.111313,1.000000,1.100000,0.000000,0.000000,-1.571000,0.074723,1.002463,-0.224890,1.030093
35.390000,-0.187771,-0.002462,1.324714,0.172541,0.000031,1.570726,-0.102508,1.000000,1.100000,0.000000,0.000000,-1.571000,0.085264,1.002462,-0.224714,1.030872
35.400000,-0.189312,-0.002462,1.324587,0.172960,0.000027,1.570727,-0.093601,1.000000,1.100000,0.000000,0.000000,-1.571000,0.095711,1.002462,-0.224587,1.031760
35.410000,-0.190659,-0.002461,1.324509,0.173365,0.000022,1.570730,-0.084602,1.000000,1.100000,0.000000,0.000000,-1.571000,0.106057,1.002461,-0.224509,1.032754
35.420000,-0.191814,-0.002460,1.324481,0.173730,0.000018,1.570734,-0.075519,1.000000,1.100000,0.000000,0.000000,-1.571000,0.116295,1.002460,-0.224481,1.033848
35.430000,-0.192779,-0.002459,1.324502,0.174040,0.000013,1.570738,-0.066362,1.000000,1.100000,0.000000,0.000000,-1.571000,0.126416,1.002459,-0.224502,1.035039
35.440000,-0.193555,-0.002458,1.324571,0.174283,0.000009,1.570743,-0.057140,1.000000,1.100000,0.000000,0.000000,-1.571000,0.136415,1.002458,-0.224571,1.036322
35.450000,-0.194143,-0.002458,1.324688,0.174458,0.000005,1.570748,-0.047861,1.000000,1.100000,0.000000,0.000000,-1.571000,0.146282,1.002458,-0.224688,1.037692
35.460000,-0.194545,-0.002457,1.324852,0.174566,0.000000,1.570752,-0.038535,1.000000,1.100000,0.000000,0.000000,-1.571000,0.156011,1.002457,-0.224852,1.039143
35.470000,-0.194763,-0.002456,1.325063,0.174617,-0.000003,1.570756,-0.029171,1.000000,1.100000,0.000000,0.000000,-1.571000,0.165593,1.002456,-0.225063,1.040669
35.480000,-0.194799,-0.002455,1.325321,0.174621,-0.000005,1.570760,-0.019778,1.000000,1.100000,0.000000,0.000000,-1.571000,0.175021,1.002455,-0.225321,1.042266
35.490000,-0.194653,-0.002455,1.325624,0.174589,-0.000005,1.570763,-0.010365,1.000000,1.100000,0.000000,0.000000,-1.571000,0.184288,1.002455,-0.225624,1.043927
35.500000,-0.194328,-0.002454,1.325970,0.174532,-0.000006,1.570766,-0.000942,1.000000,1.100000,0.000000,0.000000,-1.571000,0.193386,1.002454,-0.225970,1.045645
35.510000,-0.193827,-0.002453,1.326356,0.174462,-0.000006,1.570768,0.008481,1.000000,1.100000,0.000000,0.000000,-1.571000,0.202308,1.002453,-0.226356,1.047415
35.520000,-0.193151,-0.002452,1.326783,0.174387,-0.000007,1.570770,0.017896,1.000000,1.100000,0.000000,0.000000,-1.571000,0.211047,1.002452,-0.226783,1.049229
35.530000,-0.192301,-0.002452,1.327248,0.174314,-0.000009,1.570772,0.027294,1.000000,1.100000,0.000000,0.000000,-1.571000,0.219595,1.002452,-0.227248,1.051082
35.540000,-0.191280,-0.002451,1.327751,0.174248,-0.000010,1.570773,0.036665,1.000000,1.100000,0.000000,0.000000,-1.571000,0.227945,1.002451,-0.227751,1.052966
35.550000,-0.190089,-0.002451,1.328292,0.174194,-0.000011,1.570774,0.045999,1.000000,1.100000,0.000000,0.000000,-1.571000,0.236089,1.002451,-0.228292,1.054875
35.560000,-0.188730,-0.002450,1.328869,0.174154,-0.000011,1.570775,0.055288,1.000000,1.100000,0.000000,0.000000,-1.571000,0.244019,1.002450,-0.228869,1.056803
35.570000,-0.187205,-0.002449,1.329482,0.174128,-0.000010,1.570776,0.064523,1.000000,1.100000,0.000000,0.000000,-1.571000,0.251728,1.002449,-0.229482,1.058742
35.580000,-0.185515,-0.002449,1.330129,0.174116,-0.000008,1.570777,0.073694,1.000000,1.100000,0.000000,0.000000,-1.571000,0.259209,1.002449,-0.230129,1.060685
35.590000,-0.183663,-0.002448,1.330806,0.174115,-0.000008,1.570777,0.082792,1.000000,1.100000,0.000000,0.000000,-1.571000,0.266455,1.002448,-0.230806,1.062625
35.600000,-0.181650,-0.002448,1.331514,0.174124,-0.000008,1.570777,0.091808,1.000000,1.100000,0.000000,0.000000,-1.571000,0.273458,1.002448,-0.231514,1.064556
35.610000,-0.179477,-0.002447,1.332250,0.174141,-0.000008,1.570777,0.100734,1.000000,1.100000,0.000000,0.000000,-1.571000,0.280212,1.002447,-0.232250,1.066470
35.620000,-0.177147,-0.002447,1.333014,0.174163,-0.000010,1.570776,0.109561,1.000000,1.100000,0.000000,0.000000,-1.571000,0.286708,1.002447,-0.233014,1.068361
35.630000,-0.174661,-0.002446,1.333804,0.174188,-0.000011,1.570775,0.118279,1.000000,1.100000,0.000000,0.000000,-1.571000,0.292940,1.002446,-0.233804,1.070223
35.640000,-0.172021,-0.002446,1.334612,0.174214,-0.000013,1.570775,0.126880,1.000000,1.100000,0.000000,0.000000,-1.571000,0.298902,1.002446,-0.234612,1.072046
35.650000,-0.169231,-0.002445,1.335434,0.174240,-0.000016,1.570775,0.135357,1.000000,1.100000,0.000000,0.000000,-1.571000,0.304588,1.002445,-0.235434,1.073825
35.660000,-0.166292,-0.002445,1.336264,0.174265,-0.000019,1.570775,0.143699,1.000000,1.100000,0.000000,0.000000,-1.571000,0.309991,1.002445,-0.236264,1.075551
35.670000,-0.163205,-0.002445,1.337101,0.174286,-0.000023,1.570775,0.151900,1.000000,1.100000,0.000000,0.000000,-1.571000,0.315105,1.002445,-0.237101,1.077220
35.680000,-0.159972,-0.002444,1.337945,0.174303,-0.000027,1.570775,0.159951,1.000000,1.100000,0.000000,0.000000,-1.571000,0.319924,1.002444,-0.237945,1.078825
35.690000,-0.156596,-0.002444,1.338791,0.174316,-0.000030,1.570775,0.167845,1.000000,1.100000,0.000000,0.000000,-1.571000,0.324441,1.002444,-0.238791,1.080360
35.700000,-0.153078,-0.002444,1.339635,0.174325,-0.000033,1.570775,0.175572,1.000000,1.100000,0.000000,0.000000,-1.571000,0.328650,1.002444,-0.239635,1.081818
35.710000,-0.149421,-0.002443,1.340472,0.174330,-0.000037,1.570775,0.183127,1.000000,1.100000,0.000000,0.000000,-1.571000,0.332547,1.002443,-0.240472,1.083193
35.720000,-0.145626,-0.002443,1.341298,0.174332,-0.000040,1.570775,0.190500,1.000000,1.100000,0.000000,0.000000,-1.571000,0.336126,1.002443,-0.241298,1.084480
35.730000,-0.141694,-0.002443,1.342113,0.174331,-0.000043,1.570775,0.197686,1.000000,1.100000,0.000000,0.000000,-1.571000,0.339380,1.002443,-0.242113,1.085675
35.740000,-0.137629,-0.002443,1.342915,0.174327,-0.000045,1.570775,0.204676,1.000000,1.100000,0.000000,0.000000,-1.571000,0.342305,1.002443,-0.242915,1.086771
35.750000,-0.133429,-0.002443,1.343703,0.174321,-0.000045,1.570775,0.211465,1.000000,1.100000,0.000000,0.000000,-1.571000,0.344894,1.002443,-0.243703,1.087766
35.760000,-0.129098,-0.002443,1.344478,0.174313,-0.000045,1.570776,0.218044,1.000000,1.100000,0.000000,0.000000,-1.571000,0.347143,1.002443,-0.244478,1.088655
35.770000,-0.124637,-0.002443,1.345236,0.174304,-0.000043,1.570776,0.224409,1.000000,1.100000,0.000000,0.000000,-1.571000,0.349046,1.002443,-0.245236,1.089434
35.780000,-0.120048,-0.002443,1.345969,0.174295,-0.000041,1.570776,0.230552,1.000000,1.100000,0.000000,0.000000,-1.571000,0.350600,1.002443,-0.245969,1.090098
35.790000,-0.115335,-0.002443,1.346669,0.174285,-0.000040,1.570777,0.236468,1.000000,1.100000,0.000000,0.000000,-1.571000,0.351802,1.002443,-0.246669,1.090643
35.800000,-0.110498,-0.002443,1.347331,0.174275,-0.000038,1.570777,0.242150,1.000000,1.100000,0.000000,0.000000,-1.571000,0.352648,1.002443,-0.247331,1.091066
35.810000,-0.105541,-0.002443,1.347954,0.174265,-0.000036,1.570778,0.247593,1.000000,1.100000,0.000000,0.000000,-1.571000,0.353134,1.002443,-0.247954,1.091365
35.820000,-0.100463,-0.002444,1.348536,0.174255,-0.000034,1.570778,0.252792,1.000000,1.100000,0.000000,0.000000,-1.571000,0.353255,1.002444,-0.248536,1.091537
35.830000,-0.095267,-0.002444,1.349075,0.174245,-0.000033,1.570778,0.257742,1.000000,1.100000,0.000000,0.000000,-1.571000,0.353009,1.002444,-0.249075,1.091580
35.840000,-0.089955,-0.002444,1.349566,0.174234,-0.000034,1.570779,0.262437,1.000000,1.100000,0.000000,0.000000,-1.571000,0.352392,1.002444,-0.249566,1.091493
35.850000,-0.084529,-0.002444,1.350006,0.174224,-0.000035,1.570778,0.266873,1.000000,1.100000,0.000000,0.000000,-1.571000,0.351402,1.002444,-0.250006,1.091275
35.860000,-0.078989,-0.002445,1.350393,0.174216,-0.000038,1.570778,0.271045,1.000000,1.100000,0.000000,0.000000,-1.571000,0.350035,1.002445,-0.250393,1.090925
35.870000,-0.073338,-0.002445,1.350726,0.174209,-0.000040,1.570778,0.274951,1.000000,1.100000,0.000000,0.000000,-1.571000,0.348289,1.002445,-0.250726,1.090442
35.880000,-0.067576,-0.002446,1.351005,0.174206,-0.000043,1.570777,0.278585,1.000000,1.100000,0.000000,0.000000,-1.571000,0.346160,1.002446,-0.251005,1.089829
35.890000,-0.061705,-0.002446,1.351228,0.174087,-0.000045,1.570778,0.281944,1.000000,1.100000,0.000000,0.000000,-1.571000,0.343648,1.002446,-0.251228,1.089086
35.900000,-0.055726,-0.002447,1.351392,0.173425,-0.000047,1.570781,0.285024,1.000000,1.100000,0.000000,0.000000,-1.571000,0.340751,1.002447,-0.251392,1.088213
35.910000,-0.049642,-0.002447,1.351496,0.171930,-0.000049,1.570787,0.287824,1.000000,1.100000,0.000000,0.000000,-1.571000,0.337466,1.002447,-0.251496,1.087214
35.920000,-0.043456,-0.002448,1.351537,0.169506,-0.000050,1.570796,0.290339,1.000000,1.100000,0.000000,0.000000,-1.571000,0.333795,1.002448,-0.251537,1.086090
35.930000,-0.037170,-0.002448,1.351516,0.166200,-0.000050,1.570806,0.292568,1.000000,1.100000,0.000000,0.000000,-1.571000,0.329738,1.002448,-0.251516,1.084846
35.940000,-0.030789,-0.002449,1.351434,0.162158,-0.000048,1.570814,0.294508,1.000000,1.100000,0.000000,0.000000,-1.571000,0.325298,1.002449,-0.251434,1.083486
35.950000,-0.024318,-0.002450,1.351290,0.157588,-0.000045,1.570818,0.296158,1.000000,1.100000,0.000000,0.000000,-1.571000,0.320476,1.002450,-0.251290,1.082015
35.960000,-0.017761,-0.002450,1.351087,0.152730,-0.000040,1.570819,0.297515,1.000000,1.100000,0.000000,0.000000,-1.571000,0.315276,1.002450,-0.251087,1.080440
35.970000,-0.011124,-0.002451,1.350823,0.147527,-0.000034,1.570818,0.298578,1.000000,1.100000,0.000000,0.000000,-1.571000,0.309702,1.002451,-0.250823,1.078766
35.980000,-0.004413,-0.002452,1.350495,0.141125,-0.000029,1.570819,0.299347,1.000000,1.100000,0.000000,0.000000,-1.571000,0.303760,1.002452,-0.250495,1.077000
35.990000,0.002364,-0.002453,1.350101,0.132990,-0.000023,1.570824,0.299821,1.000000,1.100000,0.000000,0.000000,-1.571000,0.297456,1.002453,-0.250101,1.075148
36.000000,0.009200,-0.002454,1.349639,0.123017,-0.000019,1.570833,0.299999,1.000000,1.100000,0.000000,0.000000,-1.571000,0.290798,1.002454,-0.249639,1.073218
36.010000,0.016085,-0.002454,1.349111,0.111414,-0.000015,1.570843,0.299880,1.000000,1.100000,0.000000,0.000000,-1.571000,0.283795,1.002454,-0.249111,1.071219
36.020000,0.023007,-0.002455,1.348517,0.098586,-0.000011,1.570851,0.299466,1.000000,1.100000,0.000000,0.000000,-1.571000,0.276459,1.002455,-0.248517,1.069162
36.030000,0.029954,-0.002456,1.347857,0.085016,-0.000007,1.570852,0.298756,1.000000,1.100000,0.000000,0.000000,-1.571000,0.268801,1.002456,-0.247857,1.067055
36.040000,0.036915,-0.002457,1.347133,0.071125,-0.000003,1.570846,0.297751,1.000000,1.100000,0.000000,0.000000,-1.571000,0.260836,1.002457,-0.247133,1.064908
36.050000,0.043876,-0.002458,1.346345,0.057356,-0.000000,1.570832,0.296452,1.000000,1.100000,0.000000,0.000000,-1.571000,0.252577,1.002458,-0.246345,1.062733
36.060000,0.050824,-0.002458,1.345493,0.044145,0.000003,1.570811,0.294861,1.000000,1.100000,0.000000,0.000000,-1.571000,0.244037,1.002458,-0.245493,1.060539
36.070000,0.057749,-0.002459,1.344578,0.031876,0.000005,1.570786,0.292979,1.000000,1.100000,0.000000,0.000000,-1.571000,0.235231,1.002459,-0.244578,1.058337
36.080000,0.064638,-0.002460,1.343602,0.020848,0.000006,1.570758,0.290808,1.000000,1.100000,0.000000,0.000000,-1.571000,0.226170,1.002460,-0.243602,1.056135
36.090000,0.071483,-0.002461,1.342572,0.010901,0.000008,1.570733,0.288350,1.000000,1.100000,0.000000,0.000000,-1.571000,0.216867,1.002461,-0.242572,1.053945
36.100000,0.078275,-0.002462,1.341521,0.000831,0.000012,1.570719,0.285607,1.000000,1.100000,0.000000,0.000000,-1.571000,0.207332,1.002462,-0.241521,1.051783
36.110000,0.085005,-0.002462,1.340472,-0.010233,0.000020,1.570718,0.282582,1.000000,1.100000,0.000000,0.000000,-1.571000,0.197577,1.002462,-0.240472,1.049664
36.120000,0.091662,-0.002463,1.339441,-0.022660,0.000032,1.570731,0.279279,1.000000,1.100000,0.000000,0.000000,-1.571000,0.187616,1.002463,-0.239441,1.047599
36.130000,0.098236,-0.002464,1.338435,-0.036451,0.000048,1.570751,0.275699,1.000000,1.100000,0.000000,0.000000,-1.571000,0.177464,1.002464,-0.238435,1.045599
36.140000,0.104712,-0.002464,1.337459,-0.051341,0.000066,1.570774,0.271848,1.000000,1.100000,0.000000,0.000000,-1.571000,0.167136,1.002464,-0.237459,1.043674
36.150000,0.111077,-0.002465,1.336516,-0.066902,0.000085,1.570793,0.267729,1.000000,1.100000,0.000000,0.000000,-1.571000,0.156652,1.002465,-0.236516,1.041832
36.160000,0.117316,-0.002465,1.335606,-0.082619,0.000103,1.570804,0.263345,1.000000,1.100000,0.000000,0.000000,-1.571000,0.146029,1.002465,-0.235606,1.040082
36.170000,0.123415,-0.002465,1.334728,-0.097962,0.000118,1.570804,0.258701,1.000000,1.100000,0.000000,0.000000,-1.571000,0.135286,1.002465,-0.234728,1.038430
36.180000,0.129360,-0.002466,1.333870,-0.112440,0.000126,1.570795,0.253802,1.000000,1.100000,0.000000,0.000000,-1.571000,0.124442,1.002466,-0.233870,1.036879
36.190000,0.135140,-0.002466,1.333026,-0.125646,0.000127,1.570776,0.248653,1.000000,1.100000,0.000000,0.000000,-1.571000,0.113513,1.002466,-0.233026,1.035434
36.200000,0.140743,-0.002466,1.332188,-0.137281,0.000121,1.570753,0.243258,1.000000,1.100000,0.000000,0.000000,-1.571000,0.102514,1.002466,-0.232188,1.034098
36.210000,0.146161,-0.002466,1.331354,-0.147166,0.000108,1.570729,0.237623,1.000000,1.100000,0.000000,0.000000,-1.571000,0.091462,1.002466,-0.231354,1.032873
36.220000,0.151385,-0.002465,1.330521,-0.155241,0.000090,1.570707,0.231754,1.000000,1.100000,0.000000,0.000000,-1.571000,0.080369,1.002465,-0.230521,1.031763
36.230000,0.156409,-0.002465,1.329691,-0.161550,0.000068,1.570691,0.225655,1.000000,1.100000,0.000000,0.000000,-1.571000,0.069247,1.002465,-0.229691,1.030771
36.240000,0.161225,-0.002464,1.328883,-0.166227,0.000047,1.570682,0.219335,1.000000,1.100000,0.000000,0.000000,-1.571000,0.058110,1.002464,-0.228883,1.029903
36.250000,0.165828,-0.002464,1.328112,-0.169471,0.000028,1.570680,0.212797,1.000000,1.100000,0.000000,0.000000,-1.571000,0.046969,1.002464,-0.228112,1.029162
36.260000,0.170216,-0.002463,1.327386,-0.171518,0.000013,1.570685,0.206050,1.000000,1.100000,0.000000,0.000000,-1.571000,0.035835,1.002463,-0.227386,1.028553
36.270000,0.174386,-0.002463,1.326710,-0.172625,0.000004,1.570697,0.199100,1.000000,1.100000,0.000000,0.000000,-1.571000,0.024714,1.002463,-0.226710,1.028076
36.280000,0.178340,-0.002462,1.326086,-0.173041,-0.000000,1.570713,0.191952,1.000000,1.100000,0.000000,0.000000,-1.571000,0.013613,1.002462,-0.226086,1.027731
36.290000,0.182078,-0.002462,1.325517,-0.172998,0.000000,1.570733,0.184616,1.000000,1.100000,0.000000,0.000000,-1.571000,0.002538,1.002462,-0.225517,1.027518
36.300000,0.185603,-0.002461,1.325000,-0.172693,0.000005,1.570755,0.177097,1.000000,1.100000,0.000000,0.000000,-1.571000,-0.008506,1.002461,-0.225000,1.027436
36.310000,0.188917,-0.002460,1.324534,-0.172285,0.000011,1.570777,0.169404,1.000000,1.100000,0.000000,0.000000,-1.571000,-0.019513,1.002460,-0.224534,1.027484
36.320000,0.192022,-0.002460,1.324120,-0.171893,0.000019,1.570798,0.161543,1.000000,1.100000,0.000000,0.000000,-1.571000,-0.030479,1.002460,-0.224120,1.027660
36.330000,0.194921,-0.002459,1.323756,-0.171596,0.000027,1.570816,0.153523,1.000000,1.100000,0.000000,0.000000,-1.571000,-0.041398,1.002459,-0.223756,1.027961
36.340000,0.197617,-0.002458,1.323441,-0.171440,0.000033,1.570832,0.145351,1.000000,1.100000,0.000000,0.000000,-1.571000,-0.052265,1.002458,-0.223441,1.028387
36.350000,0.200110,-0.002458,1.323176,-0.171437,0.000037,1.570845,0.137036,1.000000,1.100000,0.000000,0.000000,-1.571000,-0.063074,1.002458,-0.223176,1.028935
36.360000,0.202403,-0.002457,1.322960,-0.171580,0.000039,1.570855,0.128586,1.000000,1.100000,0.000000,0.000000,-1.571000,-0.073817,1.002457,-0.222960,1.029602
36.370000,0.204498,-0.002456,1.322791,-0.171844,0.000038,1.570862,0.120009,1.000000,1.100000,0.000000,0.000000,-1.571000,-0.084490,1.002456,-0.222791,1.030385
36.380000,0.206397,-0.002456,1.322669,-0.172196,0.000036,1.570865,0.111313,1.000000,1.100000,0.000000,0.000000,-1.571000,-0.095084,1.002456,-0.222669,1.031281
36.390000,0.208100,-0.002455,1.322593,-0.172599,0.000032,1.570866,0.102508,1.000000,1.100000,0.000000,0.000000,-1.571000,-0.105593,1.002455,-0.222593,1.032285
36.400000,0.209610,-0.002454,1.322562,-0.173019,0.000027,1.570865,0.093601,1.000000,1.100000,0.000000,0.000000,-1.571000,-0.116009,1.002454,-0.222562,1.033395
36.410000,0.210928,-0.002453,1.322575,-0.173424,0.000022,1.570863,0.084602,1.000000,1.100000,0.000000,0.000000,-1.571000,-0.126326,1.002453,-0.222575,1.034606
36.420000,0.212055,-0.002452,1.322632,-0.173790,0.000016,1.570859,0.075519,1.000000,1.100000,0.000000,0.000000,-1.571000,-0.136535,1.002452,-0.222632,1.035914
36.430000,0.212992,-0.002452,1.322733,-0.174100,0.000010,1.570855,0.066362,1.000000,1.100000,0.000000,0.000000,-1.571000,-0.146630,1.002452,-0.222733,1.037314
36.440000,0.213741,-0.002451,1.322878,-0.174344,0.000005,1.570850,0.057140,1.000000,1.100000,0.000000,0.000000,-1.571000,-0.156601,1.002451,-0.222878,1.038800
36.450000,0.214303,-0.002450,1.323070,-0.174519,0.000002,1.570845,0.047861,1.000000,1.100000,0.000000,0.000000,-1.571000,-0.166442,1.002450,-0.223070,1.040370
36.460000,0.214679,-0.002449,1.323309,-0.174628,-0.000000,1.570840,0.038535,1.000000,1.100000,0.000000,0.000000,-1.571000,-0.176144,1.002449,-0.223309,1.042016
36.470000,0.214871,-0.002449,1.323594,-0.174678,-0.000002,1.570836,0.029171,1.000000,1.100000,0.000000,0.000000,-1.571000,-0.185700,1.002449,-0.223594,1.043735
36.480000,0.214880,-0.002448,1.323926,-0.174682,-0.000003,1.570832,0.019778,1.000000,1.100000,0.000000,0.000000,-1.571000,-0.195102,1.002448,-0.223926,1.045519
36.490000,0.214708,-0.002447,1.324304,-0.174650,-0.000004,1.570829,0.010365,1.000000,1.100000,0.000000,0.000000,-1.571000,-0.204343,1.002447,-0.224304,1.047363
36.500000,0.214357,-0.002446,1.324725,-0.174593,-0.000005,1.570827,0.000942,1.000000,1.100000,0.000000,0.000000,-1.571000,-0.213415,1.002446,-0.224725,1.049260
36.510000,0.213830,-0.002446,1.325188,-0.174523,-0.000006,1.570824,-0.008481,1.000000,1.100000,0.000000,0.000000,-1.571000,-0.222311,1.002446,-0.225188,1.051204
36.520000,0.213127,-0.002445,1.325691,-0.174448,-0.000007,1.570823,-0.017896,1.000000,1.100000,0.000000,0.000000,-1.571000,-0.231023,1.002445,-0.225691,1.053188
36.530000,0.212251,-0.002444,1.326234,-0.174374,-0.000009,1.570821,-0.027294,1.000000,1.100000,0.000000,0.000000,-1.571000,-0.239545,1.002444,-0.226234,1.055205
36.540000,0.211203,-0.002444,1.326815,-0.174308,-0.000009,1.570820,-0.036665,1.000000,1.100000,0.000000,0.000000,-1.571000,-0.247868,1.002444,-0.226815,1.057250
36.550000,0.209986,-0.002443,1.327434,-0.174254,-0.000008,1.570818,-0.045999,1.000000,1.100000,0.000000,0.000000,-1.571000,-0.255985,1.002443,-0.227434,1.059314
36.560000,0.208600,-0.002443,1.328091,-0.174214,-0.000007,1.570817,-0.055288,1.000000,1.100000,0.000000,0.000000,-1.571000,-0.263889,1.002443,-0.228091,1.061392
36.570000,0.207048,-0.002442,1.328785,-0.174188,-0.000006,1.570816,-0.064523,1.000000,1.100000,0.000000,0.000000,-1.571000,-0.271571,1.002442,-0.228785,1.063477
36.580000,0.205332,-0.002441,1.329512,-0.174175,-0.000006,1.570816,-0.073694,1.000000,1.100000,0.000000,0.000000,-1.571000,-0.279026,1.002441,-0.229512,1.065561
36.590000,0.203453,-0.002441,1.330271,-0.174175,-0.000007,1.570815,-0.082792,1.000000,1.100000,0.000000,0.000000,-1.571000,-0.286245,1.002441,-0.230271,1.067637
36.600000,0.201413,-0.002440,1.331061,-0.174184,-0.000009,1.570816,-0.091808,1.000000,1.100000,0.000000,0.000000,-1.571000,-0.293221,1.002440,-0.231061,1.069698
36.610000,0.199213,-0.002440,1.331880,-0.174201,-0.000012,1.570817,-0.100734,1.000000,1.100000,0.000000,0.000000,-1.571000,-0.299947,1.002440,-0.231880,1.071738
36.620000,0.196856,-0.002439,1.332727,-0.174223,-0.000014,1.570817,-0.109561,1.000000,1.100000,0.000000,0.000000,-1.571000,-0.306416,1.002439,-0.232727,1.073749
36.630000,0.194343,-0.002439,1.333601,-0.174248,-0.000017,1.570818,-0.118279,1.000000,1.100000,0.000000,0.000000,-1.571000,-0.312621,1.002439,-0.233601,1.075725
36.640000,0.191677,-0.002439,1.334490,-0.174274,-0.000020,1.570819,-0.126880,1.000000,1.100000,0.000000,0.000000,-1.571000,-0.318557,1.002439,-0.234490,1.077658
36.650000,0.188861,-0.002438,1.335388,-0.174300,-0.000024,1.570819,-0.135357,1.000000,1.100000,0.000000,0.000000,-1.571000,-0.324217,1.002438,-0.235388,1.079540
36.660000,0.185896,-0.002438,1.336290,-0.174325,-0.000028,1.570820,-0.143699,1.000000,1.100000,0.000000,0.000000,-1.571000,-0.329596,1.002438,-0.236290,1.081364
36.670000,0.182786,-0.002437,1.337193,-0.174347,-0.000032,1.570820,-0.151900,1.000000,1.100000,0.000000,0.000000,-1.571000,-0.334686,1.002437,-0.237193,1.083123
36.680000,0.179531,-0.002437,1.338096,-0.174366,-0.000036,1.570819,-0.159951,1.000000,1.100000,0.000000,0.000000,-1.571000,-0.339483,1.002437,-0.238096,1.084812
36.690000,0.176133,-0.002437,1.338996,-0.174381,-0.000040,1.570819,-0.167845,1.000000,1.100000,0.000000,0.000000,-1.571000,-0.343978,1.002437,-0.238996,1.086425
36.700000,0.172595,-0.002437,1.339886,-0.174390,-0.000043,1.570819,-0.175572,1.000000,1.100000,0.000000,0.000000,-1.571000,-0.348167,1.002437,-0.239886,1.087954
36.710000,0.168919,-0.002436,1.340762,-0.174395,-0.000045,1.570819,-0.183127,1.000000,1.100000,0.000000,0.000000,-1.571000,-0.352045,1.002436,-0.240762,1.089395
36.720000,0.165106,-0.002436,1.341621,-0.174395,-0.000046,1.570818,-0.190500,1.000000,1.100000,0.000000,0.000000,-1.571000,-0.355606,1.002436,-0.241621,1.090741
36.730000,0.161159,-0.002436,1.342462,-0.174391,-0.000046,1.570818,-0.197686,1.000000,1.100000,0.000000,0.000000,-1.571000,-0.358844,1.002436,-0.242462,1.091987
36.740000,0.157078,-0.002436,1.343282,-0.174384,-0.000044,1.570817,-0.204676,1.000000,1.100000,0.000000,0.000000,-1.571000,-0.361754,1.002436,-0.243282,1.093129
36.750000,0.152865,-0.002436,1.344082,-0.174376,-0.000041,1.570816,-0.211465,1.000000,1.100000,0.000000,0.000000,-1.571000,-0.364330,1.002436,-0.244082,1.094162
36.760000,0.148521,-0.002436,1.344862,-0.174367,-0.000038,1.570816,-0.218044,1.000000,1.100000,0.000000,0.000000,-1.571000,-0.366566,1.002436,-0.244862,1.095083
36.770000,0.144049,-0.002436,1.345619,-0.174357,-0.000035,1.570815,-0.224409,1.000000,1.100000,0.000000,0.000000,-1.571000,-0.368458,1.002436,-0.245619,1.095887
36.780000,0.139449,-0.002437,1.346346,-0.174346,-0.000032,1.570814,-0.230552,1.000000,1.100000,0.000000,0.000000,-1.571000,-0.370002,1.002437,-0.246346,1.096570
36.790000,0.134726,-0.002437,1.347038,-0.174335,-0.000030,1.570814,-0.236468,1.000000,1.100000,0.000000,0.000000,-1.571000,-0.371194,1.002437,-0.247038,1.097129
36.800000,0.129880,-0.002437,1.347691,-0.174325,-0.000030,1.570814,-0.242150,1.000000,1.100000,0.000000,0.000000,-1.571000,-0.372030,1.002437,-0.247691,1.097559
36.810000,0.124912,-0.002437,1.348304,-0.174314,-0.000030,1.570814,-0.247593,1.000000,1.100000,0.000000,0.000000,-1.571000,-0.372506,1.002437,-0.248304,1.097859
36.820000,0.119826,-0.002437,1.348875,-0.174303,-0.000030,1.570814,-0.252792,1.000000,1.100000,0.000000,0.000000,-1.571000,-0.372618,1.002437,-0.248875,1.098027
36.830000,0.114620,-0.002438,1.349403,-0.174292,-0.000032,1.570814,-0.257742,1.000000,1.100000,0.000000,0.000000,-1.571000,-0.372362,1.002438,-0.249403,1.098060
36.840000,0.109298,-0.002438,1.349887,-0.174282,-0.000034,1.570814,-0.262437,1.000000,1.100000,0.000000,0.000000,-1.571000,-0.371735,1.002438,-0.249887,1.097958
36.850000,0.103861,-0.002438,1.350324,-0.174274,-0.000036,1.570814,-0.266873,1.000000,1.100000,0.000000,0.000000,-1.571000,-0.370734,1.002438,-0.250324,1.097720
36.860000,0.098310,-0.002439,1.350715,-0.174268,-0.000036,1.570815,-0.271045,1.000000,1.100000,0.000000,0.000000,-1.571000,-0.369355,1.002439,-0.250715,1.097344
36.870000,0.092645,-0.002439,1.351059,-0.174265,-0.000036,1.570815,-0.274951,1.000000,1.100000,0.000000,0.000000,-1.571000,-0.367596,1.002439,-0.251059,1.096833
36.880000,0.086869,-0.002440,1.351356,-0.174264,-0.000035,1.570814,-0.278585,1.000000,1.100000,0.000000,0.000000,-1.571000,-0.365454,1.002440,-0.251356,1.096185
36.890000,0.080983,-0.002440,1.351604,-0.174149,-0.000033,1.570813,-0.281944,1.000000,1.100000,0.000000,0.000000,-1.571000,-0.362927,1.002440,-0.251604,1.095402
36.900000,0.074988,-0.002441,1.351798,-0.173489,-0.000031,1.570809,-0.285024,1.000000,1.100000,0.000000,0.000000,-1.571000,-0.360013,1.002441,-0.251798,1.094485
36.910000,0.068888,-0.002441,1.351934,-0.171997,-0.000030,1.570802,-0.287824,1.000000,1.100000,0.000000,0.000000,-1.571000,-0.356712,1.002441,-0.251934,1.093436
36.920000,0.062684,-0.002442,1.352011,-0.169576,-0.000031,1.570793,-0.290339,1.000000,1.100000,0.000000,0.000000,-1.571000,-0.353024,1.002442,-0.252011,1.092257
36.930000,0.056382,-0.002442,1.352027,-0.166272,-0.000032,1.570783,-0.292568,1.000000,1.100000,0.000000,0.000000,-1.571000,-0.348950,1.002442,-0.252027,1.090951
36.940000,0.049983,-0.002443,1.351982,-0.162231,-0.000032,1.570776,-0.294508,1.000000,1.100000,0.000000,0.000000,-1.571000,-0.344491,1.002443,-0.251982,1.089523
36.950000,0.043494,-0.002443,1.351878,-0.157662,-0.000032,1.570772,-0.296158,1.000000,1.100000,0.000000,0.000000,-1.571000,-0.339652,1.002443,-0.251878,1.087979
36.960000,0.036920,-0.002444,1.351715,-0.152804,-0.000031,1.570772,-0.297515,1.000000,1.100000,0.000000,0.000000,-1.571000,-0.334434,1.002444,-0.251715,1.086324
36.970000,0.030265,-0.002445,1.351492,-0.147658,-0.000029,1.570774,-0.298578,1.000000,1.100000,0.000000,0.000000,-1.571000,-0.328843,1.002445,-0.251492,1.084565
36.980000,0.023536,-0.002445,1.351205,-0.141584,-0.000026,1.570775,-0.299347,1.000000,1.100000,0.000000,0.000000,-1.571000,-0.322883,1.002445,-0.251205,1.082707
36.990000,0.016740,-0.002446,1.350853,-0.134187,-0.000025,1.570774,-0.299821,1.000000,1.100000,0.000000,0.000000,-1.571000,-0.316561,1.002446,-0.250853,1.080757
37.000000,0.009885,-0.002447,1.350435,-0.125412,-0.000023,1.570771,-0.299999,1.000000,1.100000,0.000000,0.000000,-1.571000,-0.309883,1.002447,-0.250435,1.078724
37.010000,0.002979,-0.002448,1.349950,-0.115443,-0.000021,1.570766,-0.299880,1.000000,1.100000,0.000000,0.000000,-1.571000,-0.302859,1.002448,-0.249950,1.076615
37.020000,-0.003969,-0.002448,1.349400,-0.104613,-0.000019,1.570762,-0.299466,1.000000,1.100000,0.000000,0.000000,-1.571000,-0.295497,1.002448,-0.249400,1.074440
37.030000,-0.010947,-0.002449,1.348784,-0.093296,-0.000016,1.570762,-0.298756,1.000000,1.100000,0.000000,0.000000,-1.571000,-0.287809,1.002449,-0.248784,1.072209
37.040000,-0.017945,-0.002450,1.348104,-0.081779,-0.000012,1.570768,-0.297751,1.000000,1.100000,0.000000,0.000000,-1.571000,-0.279806,1.002450,-0.248104,1.069931
37.050000,-0.024953,-0.002451,1.347360,-0.070374,-0.000007,1.570778,-0.296452,1.000000,1.100000,0.000000,0.000000,-1.571000,-0.271499,1.002451,-0.247360,1.067617
37.060000,-0.031961,-0.002451,1.346552,-0.059407,-0.000003,1.570793,-0.294861,1.000000,1.100000,0.000000,0.000000,-1.571000,-0.262901,1.002451,-0.246552,1.065276
37.070000,-0.038957,-0.002452,1.345681,-0.049170,-0.000000,1.570813,-0.292979,1.000000,1.100000,0.000000,0.000000,-1.571000,-0.254022,1.002452,-0.245681,1.062919
37.080000,-0.045933,-0.002453,1.344748,-0.039902,0.000001,1.570834,-0.290808,1.000000,1.100000,0.000000,0.000000,-1.571000,-0.244875,1.002453,-0.244748,1.060555
37.090000,-0.052882,-0.002453,1.343760,-0.031352,0.000002,1.570852,-0.288350,1.000000,1.100000,0.000000,0.000000,-1.571000,-0.235468,1.002453,-0.243760,1.058195
37.100000,-0.059795,-0.002454,1.342743,-0.022113,0.000004,1.570858,-0.285607,1.000000,1.100000,0.000000,0.000000,-1.571000,-0.225811,1.002454,-0.242743,1.055855
37.110000,-0.066666,-0.002455,1.341716,-0.011197,0.000010,1.570851,-0.282582,1.000000,1.100000,0.000000,0.000000,-1.571000,-0.215916,1.002455,-0.241716,1.053547
37.120000,-0.073484,-0.002456,1.340692,0.001780,0.000019,1.570831,-0.279279,1.000000,1.100000,0.000000,0.000000,-1.571000,-0.205794,1.002456,-0.240692,1.051285
37.130000,-0.080237,-0.002456,1.339677,0.016755,0.000033,1.570804,-0.275699,1.000000,1.100000,0.000000,0.000000,-1.571000,-0.195462,1.002456,-0.239677,1.049080
37.140000,-0.086911,-0.002457,1.338676,0.033350,0.000050,1.570777,-0.271848,1.000000,1.100000,0.000000,0.000000,-1.571000,-0.184937,1.002457,-0.238676,1.046942
37.150000,-0.093491,-0.002457,1.337691,0.050990,0.000068,1.570757,-0.267729,1.000000,1.100000,0.000000,0.000000,-1.571000,-0.174238,1.002457,-0.237691,1.044881
37.160000,-0.099960,-0.002458,1.336722,0.069007,0.000086,1.570748,-0.263345,1.000000,1.100000,0.000000,0.000000,-1.571000,-0.163385,1.002458,-0.236722,1.042906
37.170000,-0.106301,-0.002458,1.335769,0.086720,0.000101,1.570753,-0.258701,1.000000,1.100000,0.000000,0.000000,-1.571000,-0.152401,1.002458,-0.235769,1.041026
37.180000,-0.112498,-0.002459,1.334831,0.103505,0.000112,1.570770,-0.253802,1.000000,1.100000,0.000000,0.000000,-1.571000,-0.141305,1.002459,-0.234831,1.039248
37.190000,-0.118536,-0.002459,1.333905,0.118846,0.000118,1.570798,-0.248653,1.000000,1.100000,0.000000,0.000000,-1.571000,-0.130117,1.002459,-0.233905,1.037577
37.200000,-0.124402,-0.002459,1.332991,0.132365,0.000118,1.570833,-0.243258,1.000000,1.100000,0.000000,0.000000,-1.571000,-0.118856,1.002459,-0.232991,1.036019
37.210000,-0.130083,-0.002459,1.332085,0.143832,0.000111,1.570868,-0.237623,1.000000,1.100000,0.000000,0.000000,-1.571000,-0.107540,1.002459,-0.232085,1.034578
37.220000,-0.135572,-0.002459,1.331186,0.153168,0.000100,1.570901,-0.231754,1.000000,1.100000,0.000000,0.000000,-1.571000,-0.096182,1.002459,-0.231186,1.033258
37.230000,-0.140858,-0.002458,1.330298,0.160421,0.000085,1.570926,-0.225655,1.000000,1.100000,0.000000,0.000000,-1.571000,-0.084797,1.002458,-0.230298,1.032061
37.240000,-0.145936,-0.002458,1.329433,0.165753,0.000068,1.570941,-0.219335,1.000000,1.100000,0.000000,0.000000,-1.571000,-0.073399,1.002458,-0.229433,1.030994
37.250000,-0.150799,-0.002458,1.328603,0.169398,0.000052,1.570947,-0.212797,1.000000,1.100000,0.000000,0.000000,-1.571000,-0.061998,1.002458,-0.228603,1.030060
37.260000,-0.155445,-0.002457,1.327814,0.171643,0.000038,1.570943,-0.206050,1.000000,1.100000,0.000000,0.000000,-1.571000,-0.050605,1.002457,-0.227814,1.029262
37.270000,-0.159872,-0.002457,1.327069,0.172792,0.000027,1.570930,-0.199100,1.000000,1.100000,0.000000,0.000000,-1.571000,-0.039227,1.002457,-0.227069,1.028600
37.280000,-0.164082,-0.002456,1.326371,0.173144,0.000019,1.570910,-0.191952,1.000000,1.100000,0.000000,0.000000,-1.571000,-0.027871,1.002456,-0.226371,1.028075
37.290000,-0.168074,-0.002455,1.325722,0.172975,0.000014,1.570886,-0.184616,1.000000,1.100000,0.000000,0.000000,-1.571000,-0.016542,1.002455,-0.225722,1.027687
37.300000,-0.171850,-0.002455,1.325130,0.172518,0.000014,1.570860,-0.177097,1.000000,1.100000,0.000000,0.000000,-1.571000,-0.005247,1.002455,-0.225130,1.027437
37.310000,-0.175412,-0.002454,1.324598,0.171962,0.000016,1.570833,-0.169404,1.000000,1.100000,0.000000,0.000000,-1.571000,0.006008,1.002454,-0.224598,1.027324
37.320000,-0.178761,-0.002453,1.324130,0.171445,0.000020,1.570807,-0.161543,1.000000,1.100000,0.000000,0.000000,-1.571000,0.017218,1.002453,-0.224130,1.027348
37.330000,-0.181899,-0.002452,1.323727,0.171059,0.000025,1.570785,-0.153523,1.000000,1.100000,0.000000,0.000000,-1.571000,0.028377,1.002452,-0.223727,1.027507
37.340000,-0.184830,-0.002452,1.323390,0.170853,0.000031,1.570765,-0.145351,1.000000,1.100000,0.000000,0.000000,-1.571000,0.039478,1.002452,-0.223390,1.027799
37.350000,-0.187554,-0.002451,1.323119,0.170841,0.000036,1.570749,-0.137036,1.000000,1.100000,0.000000,0.000000,-1.571000,0.050517,1.002451,-0.223119,1.028223
37.360000,-0.190073,-0.002450,1.322914,0.171009,0.000041,1.570737,-0.128586,1.000000,1.100000,0.000000,0.000000,-1.571000,0.061487,1.002450,-0.222914,1.028775
37.370000,-0.192390,-0.002449,1.322773,0.171327,0.000044,1.570729,-0.120009,1.000000,1.100000,0.000000,0.000000,-1.571000,0.072381,1.002449,-0.222773,1.029452
37.380000,-0.194506,-0.002448,1.322693,0.171751,0.000046,1.570725,-0.111313,1.000000,1.100000,0.000000,0.000000,-1.571000,0.083193,1.002448,-0.222693,1.030250
37.390000,-0.196424,-0.002448,1.322669,0.172236,0.000046,1.570723,-0.102508,1.000000,1.100000,0.000000,0.000000,-1.571000,0.093916,1.002448,-0.222669,1.031166
37.400000,-0.198145,-0.002447,1.322699,0.172740,0.000045,1.570724,-0.093601,1.000000,1.100000,0.000000,0.000000,-1.571000,0.104544,1.002447,-0.222699,1.032194
37.410000,-0.199671,-0.002446,1.322782,0.173225,0.000041,1.570727,-0.084602,1.000000,1.100000,0.000000,0.000000,-1.571000,0.115069,1.002446,-0.222782,1.033329
37.420000,-0.201002,-0.002445,1.322915,0.173661,0.000036,1.570731,-0.075519,1.000000,1.100000,0.000000,0.000000,-1.571000,0.125483,1.002445,-0.222915,1.034569
37.430000,-0.202142,-0.002444,1.323099,0.174027,0.000029,1.570735,-0.066362,1.000000,1.100000,0.000000,0.000000,-1.571000,0.135779,1.002444,-0.223099,1.035907
37.440000,-0.203090,-0.002443,1.323333,0.174314,0.000021,1.570740,-0.057140,1.000000,1.100000,0.000000,0.000000,-1.571000,0.145950,1.002443,-0.223333,1.037338
37.450000,-0.203848,-0.002442,1.323615,0.174517,0.000013,1.570745,-0.047861,1.000000,1.100000,0.000000,0.000000,-1.571000,0.155987,1.002442,-0.223615,1.038858
37.460000,-0.204419,-0.002441,1.323945,0.174641,0.000005,1.570749,-0.038535,1.000000,1.100000,0.000000,0.000000,-1.571000,0.165884,1.002441,-0.223945,1.040460
37.470000,-0.204803,-0.002440,1.324322,0.174696,-0.000003,1.570753,-0.029171,1.000000,1.100000,0.000000,0.000000,-1.571000,0.175633,1.002440,-0.224322,1.042139
37.480000,-0.205003,-0.002439,1.324747,0.174695,-0.000010,1.570757,-0.019778,1.000000,1.100000,0.000000,0.000000,-1.571000,0.185225,1.002439,-0.224747,1.043888
37.490000,-0.205019,-0.002438,1.325218,0.174651,-0.000015,1.570760,-0.010365,1.000000,1.100000,0.000000,0.000000,-1.571000,0.194654,1.002438,-0.225218,1.045703
37.500000,-0.204854,-0.002437,1.325737,0.174581,-0.000019,1.570763,-0.000942,1.000000,1.100000,0.000000,0.000000,-1.571000,0.203912,1.002437,-0.225737,1.047577
37.510000,-0.204509,-0.002436,1.326303,0.174495,-0.000021,1.570765,0.008481,1.000000,1.100000,0.000000,0.000000,-1.571000,0.212990,1.002436,-0.226303,1.049503
37.520000,-0.203986,-0.002435,1.326917,0.174404,-0.000022,1.570767,0.017896,1.000000,1.100000,0.000000,0.000000,-1.571000,0.221883,1.002435,-0.226917,1.051475
37.530000,-0.203287,-0.002435,1.327578,0.174317,-0.000021,1.570769,0.027294,1.000000,1.100000,0.000000,0.000000,-1.571000,0.230581,1.002435,-0.227578,1.053487
37.540000,-0.202412,-0.002434,1.328287,0.174240,-0.000020,1.570770,0.036665,1.000000,1.100000,0.000000,0.000000,-1.571000,0.239077,1.002434,-0.228287,1.055531
37.550000,-0.201365,-0.002433,1.329043,0.174178,-0.000019,1.570771,0.045999,1.000000,1.100000,0.000000,0.000000,-1.571000,0.247364,1.002433,-0.229043,1.057602
37.560000,-0.200146,-0.002433,1.329845,0.174133,-0.000017,1.570772,0.055288,1.000000,1.100000,0.000000,0.000000,-1.571000,0.255434,1.002433,-0.229845,1.059692
37.570000,-0.198758,-0.002432,1.330691,0.174106,-0.000015,1.570773,0.064523,1.000000,1.100000,0.000000,0.000000,-1.571000,0.263280,1.002432,-0.230691,1.061793
37.580000,-0.197203,-0.002431,1.331574,0.174095,-0.000015,1.570774,0.073694,1.000000,1.100000,0.000000,0.000000,-1.571000,0.270896,1.002431,-0.231574,1.063898
37.590000,-0.195484,-0.002431,1.332487,0.174097,-0.000016,1.570775,0.082792,1.000000,1.100000,0.000000,0.000000,-1.571000,0.278275,1.002431,-0.232487,1.065999
37.600000,-0.193603,-0.002430,1.333427,0.174110,-0.000019,1.570775,0.091808,1.000000,1.100000,0.000000,0.000000,-1.571000,0.285411,1.002430,-0.233427,1.068089
37.610000,-0.191562,-0.002430,1.334390,0.174131,-0.000022,1.570774,0.100734,1.000000,1.100000,0.000000,0.000000,-1.571000,0.292296,1.002430,-0.234390,1.070159
37.620000,-0.189362,-0.002429,1.335377,0.174157,-0.000026,1.570773,0.109561,1.000000,1.100000,0.000000,0.000000,-1.571000,0.298923,1.002429,-0.235377,1.072204
37.630000,-0.187006,-0.002429,1.336383,0.174187,-0.000030,1.570772,0.118279,1.000000,1.100000,0.000000,0.000000,-1.571000,0.305285,1.002429,-0.236383,1.074215
37.640000,-0.184496,-0.002428,1.337404,0.174217,-0.000033,1.570771,0.126880,1.000000,1.100000,0.000000,0.000000,-1.571000,0.311376,1.002428,-0.237404,1.076187
37.650000,-0.181834,-0.002428,1.338436,0.174247,-0.000035,1.570771,0.135357,1.000000,1.100000,0.000000,0.000000,-1.571000,0.317191,1.002428,-0.238436,1.078111
37.660000,-0.179021,-0.002427,1.339475,0.174275,-0.000037,1.570771,0.143699,1.000000,1.100000,0.000000,0.000000,-1.571000,0.322721,1.002427,-0.239475,1.079980
37.670000,-0.176060,-0.002427,1.340520,0.174298,-0.000037,1.570772,0.151900,1.000000,1.100000,0.000000,0.000000,-1.571000,0.327961,1.002427,-0.240520,1.081789
37.680000,-0.172952,-0.002427,1.341570,0.174317,-0.000038,1.570772,0.159951,1.000000,1.100000,0.000000,0.000000,-1.571000,0.332904,1.002427,-0.241570,1.083531
37.690000,-0.169699,-0.002426,1.342622,0.174331,-0.000038,1.570773,0.167845,1.000000,1.100000,0.000000,0.000000,-1.571000,0.337544,1.002426,-0.242622,1.085200
37.700000,-0.166304,-0.002426,1.343664,0.174340,-0.000038,1.570774,0.175572,1.000000,1.100000,0.000000,0.000000,-1.571000,0.341876,1.002426,-0.243664,1.086789
37.710000,-0.162769,-0.002426,1.344689,0.174345,-0.000039,1.570775,0.183127,1.000000,1.100000,0.000000,0.000000,-1.571000,0.345896,1.002426,-0.244689,1.088290
37.720000,-0.159098,-0.002426,1.345692,0.174345,-0.000041,1.570775,0.190500,1.000000,1.100000,0.000000,0.000000,-1.571000,0.349598,1.002426,-0.245692,1.089698
37.730000,-0.155292,-0.002426,1.346670,0.174341,-0.000043,1.570775,0.197686,1.000000,1.100000,0.000000,0.000000,-1.571000,0.352977,1.002426,-0.246670,1.091007
37.740000,-0.151351,-0.002426,1.347621,0.174335,-0.000045,1.570775,0.204676,1.000000,1.100000,0.000000,0.000000,-1.571000,0.356027,1.002426,-0.247621,1.092213
37.750000,-0.147279,-0.002426,1.348545,0.174326,-0.000047,1.570775,0.211465,1.000000,1.100000,0.000000,0.000000,-1.571000,0.358744,1.002426,-0.248545,1.093311
37.760000,-0.143076,-0.002426,1.349440,0.174316,-0.000048,1.570775,0.218044,1.000000,1.100000,0.000000,0.000000,-1.571000,0.361120,1.002426,-0.249440,1.094297
37.770000,-0.138743,-0.002426,1.350306,0.174304,-0.000048,1.570775,0.224409,1.000000,1.100000,0.000000,0.000000,-1.571000,0.363152,1.002426,-0.250306,1.095167
37.780000,-0.134283,-0.002426,1.351140,0.174292,-0.000048,1.570775,0.230552,1.000000,1.100000,0.000000,0.000000,-1.571000,0.364835,1.002426,-0.251140,1.095917
37.790000,-0.129697,-0.002427,1.351938,0.174279,-0.000048,1.570775,0.236468,1.000000,1.100000,0.000000,0.000000,-1.571000,0.366165,1.002427,-0.251938,1.096544
37.800000,-0.124987,-0.002427,1.352700,0.174266,-0.000048,1.570775,0.242150,1.000000,1.100000,0.000000,0.000000,-1.571000,0.367137,1.002427,-0.252700,1.097044
37.810000,-0.120154,-0.002427,1.353424,0.174253,-0.000048,1.570775,0.247593,1.000000,1.100000,0.000000,0.000000,-1.571000,0.367747,1.002427,-0.253424,1.097416
37.820000,-0.115199,-0.002428,1.354111,0.174240,-0.000048,1.570776,0.252792,1.000000,1.100000,0.000000,0.000000,-1.571000,0.367991,1.002428,-0.254111,1.097657
37.830000,-0.110124,-0.002428,1.354759,0.174229,-0.000046,1.570776,0.257742,1.000000,1.100000,0.000000,0.000000,-1.571000,0.367866,1.002428,-0.254759,1.097765
37.840000,-0.104931,-0.002428,1.355360,0.174220,-0.000043,1.570777,0.262437,1.000000,1.100000,0.000000,0.000000,-1.571000,0.367368,1.002428,-0.255360,1.097739
37.850000,-0.099622,-0.002429,1.355912,0.174214,-0.000040,1.570777,0.266873,1.000000,1.100000,0.000000,0.000000,-1.571000,0.366495,1.002429,-0.255912,1.097576
37.860000,-0.094199,-0.002429,1.356410,0.174211,-0.000037,1.570778,0.271045,1.000000,1.100000,0.000000,0.000000,-1.571000,0.365244,1.002429,-0.256410,1.097276
37.870000,-0.088663,-0.002430,1.356854,0.174209,-0.000035,1.570778,0.274951,1.000000,1.100000,0.000000,0.000000,-1.571000,0.363613,1.002430,-0.256854,1.096839
37.880000,-0.083015,-0.002431,1.357243,0.174210,-0.000034,1.570779,0.278585,1.000000,1.100000,0.000000,0.000000,-1.571000,0.361599,1.002431,-0.257243,1.096264
37.890000,-0.077257,-0.002431,1.357576,0.174104,-0.000032,1.570780,0.281944,1.000000,1.100000,0.000000,0.000000,-1.571000,0.359200,1.002431,-0.257576,1.095554
37.900000,-0.071390,-0.002432,1.357848,0.173505,-0.000031,1.570783,0.285024,1.000000,1.100000,0.000000,0.000000,-1.571000,0.356414,1.002432,-0.257848,1.094709
37.910000,-0.065417,-0.002433,1.358059,0.172154,-0.000031,1.570789,0.287824,1.000000,1.100000,0.000000,0.000000,-1.571000,0.353241,1.002433,-0.258059,1.093730
37.920000,-0.059341,-0.002433,1.358206,0.169963,-0.000031,1.570797,0.290339,1.000000,1.100000,0.000000,0.000000,-1.571000,0.349680,1.002433,-0.258206,1.092620
37.930000,-0.053163,-0.002434,1.358289,0.166974,-0.000030,1.570806,0.292568,1.000000,1.100000,0.000000,0.000000,-1.571000,0.345731,1.002434,-0.258289,1.091383
37.940000,-0.046889,-0.002435,1.358310,0.163322,-0.000029,1.570813,0.294508,1.000000,1.100000,0.000000,0.000000,-1.571000,0.341397,1.002435,-0.258310,1.090024
37.950000,-0.040522,-0.002435,1.358267,0.159193,-0.000028,1.570817,0.296158,1.000000,1.100000,0.000000,0.000000,-1.571000,0.336680,1.002435,-0.258267,1.088546
37.960000,-0.034068,-0.002436,1.358163,0.154805,-0.000025,1.570817,0.297515,1.000000,1.100000,0.000000,0.000000,-1.571000,0.331582,1.002436,-0.258163,1.086956
37.970000,-0.027530,-0.002437,1.357998,0.150133,-0.000022,1.570815,0.298578,1.000000,1.100000,0.000000,0.000000,-1.571000,0.326108,1.002437,-0.257998,1.085260
37.980000,-0.020915,-0.002438,1.357771,0.144511,-0.000018,1.570814,0.299347,1.000000,1.100000,0.000000,0.000000,-1.571000,0.320262,1.002438,-0.257771,1.083464
37.990000,-0.014229,-0.002439,1.357480,0.137523,-0.000015,1.570817,0.299821,1.000000,1.100000,0.000000,0.000000,-1.571000,0.314049,1.002439,-0.257480,1.081576
38.000000,-0.007478,-0.002439,1.357126,0.129101,-0.000012,1.570823,0.299999,1.000000,1.100000,0.000000,0.000000,-1.571000,0.307477,1.002439,-0.257126,1.079602
38.010000,-0.000672,-0.002440,1.356709,0.119419,-0.000009,1.570830,0.299880,1.000000,1.100000,0.000000,0.000000,-1.571000,0.300552,1.002440,-0.256709,1.077552
38.020000,0.006181,-0.002441,1.356232,0.108808,-0.000007,1.570835,0.299466,1.000000,1.100000,0.000000,0.000000,-1.571000,0.293285,1.002441,-0.256232,1.075434
38.030000,0.013070,-0.002442,1.355695,0.097649,-0.000005,1.570836,0.298756,1.000000,1.100000,0.000000,0.000000,-1.571000,0.285686,1.002442,-0.255695,1.073260
38.040000,0.019984,-0.002443,1.355098,0.086252,-0.000003,1.570831,0.297751,1.000000,1.100000,0.000000,0.000000,-1.571000,0.277767,1.002443,-0.255098,1.071037
38.050000,0.026914,-0.002443,1.354441,0.074951,-0.000001,1.570821,0.296452,1.000000,1.100000,0.000000,0.000000,-1.571000,0.269539,1.002443,-0.254441,1.068777
38.060000,0.033848,-0.002444,1.353725,0.064084,0.000002,1.570805,0.294861,1.000000,1.100000,0.000000,0.000000,-1.571000,0.261014,1.002444,-0.253725,1.066489
38.070000,0.040776,-0.002445,1.352950,0.053955,0.000005,1.570785,0.292979,1.000000,1.100000,0.000000,0.000000,-1.571000,0.252203,1.002445,-0.252950,1.064183
38.080000,0.047689,-0.002446,1.352118,0.044805,0.000007,1.570763,0.290808,1.000000,1.100000,0.000000,0.000000,-1.571000,0.243118,1.002446,-0.252118,1.061870
38.090000,0.054580,-0.002446,1.351234,0.036371,0.000009,1.570744,0.288350,1.000000,1.100000,0.000000,0.000000,-1.571000,0.233769,1.002446,-0.251234,1.059559
38.100000,0.061442,-0.002447,1.350322,0.027192,0.000011,1.570737,0.285607,1.000000,1.100000,0.000000,0.000000,-1.571000,0.224165,1.002447,-0.250322,1.057266
38.110000,0.068265,-0.002448,1.349400,0.016238,0.000016,1.570744,0.282582,1.000000,1.100000,0.000000,0.000000,-1.571000,0.214317,1.002448,-0.249400,1.055004
38.120000,0.075042,-0.002449,1.348478,0.003108,0.000023,1.570764,0.279279,1.000000,1.100000,0.000000,0.000000,-1.571000,0.204237,1.002449,-0.248478,1.052785
38.130000,0.081758,-0.002449,1.347562,-0.012133,0.000034,1.570792,0.275699,1.000000,1.100000,0.000000,0.000000,-1.571000,0.193941,1.002449,-0.247562,1.050621
38.140000,0.088401,-0.002450,1.346657,-0.029095,0.000047,1.570820,0.271848,1.000000,1.100000,0.000000,0.000000,-1.571000,0.183447,1.002450,-0.246657,1.048522
38.150000,0.094953,-0.002450,1.345765,-0.047182,0.000062,1.570840,0.267729,1.000000,1.100000,0.000000,0.000000,-1.571000,0.172775,1.002450,-0.245765,1.046498
38.160000,0.101399,-0.002451,1.344885,-0.065697,0.000077,1.570850,0.263345,1.000000,1.100000,0.000000,0.000000,-1.571000,0.161946,1.002451,-0.244885,1.044559
38.170000,0.107721,-0.002451,1.344017,-0.083933,0.000090,1.570845,0.258701,1.000000,1.100000,0.000000,0.000000,-1.571000,0.150980,1.002451,-0.244017,1.042712
38.180000,0.113902,-0.002452,1.343154,-0.101238,0.000100,1.570826,0.253802,1.000000,1.100000,0.000000,0.000000,-1.571000,0.139900,1.002452,-0.243154,1.040964
38.190000,0.119929,-0.002452,1.342290,-0.117073,0.000103,1.570797,0.248653,1.000000,1.100000,0.000000,0.000000,-1.571000,0.128724,1.002452,-0.242290,1.039319
38.200000,0.125786,-0.002452,1.341420,-0.131039,0.000101,1.570761,0.243258,1.000000,1.100000,0.000000,0.000000,-1.571000,0.117471,1.002452,-0.241420,1.037783
38.210000,0.131464,-0.002452,1.340543,-0.142897,0.000092,1.570724,0.237623,1.000000,1.100000,0.000000,0.000000,-1.571000,0.106159,1.002452,-0.240543,1.036359
38.220000,0.136951,-0.002452,1.339654,-0.152556,0.000079,1.570691,0.231754,1.000000,1.100000,0.000000,0.000000,-1.571000,0.094803,1.002452,-0.239654,1.035052
38.230000,0.142240,-0.002452,1.338759,-0.160066,0.000062,1.570665,0.225655,1.000000,1.100000,0.000000,0.000000,-1.571000,0.083415,1.002452,-0.238759,1.033864
38.240000,0.147322,-0.002452,1.337880,-0.165587,0.000045,1.570649,0.219335,1.000000,1.100000,0.000000,0.000000,-1.571000,0.072013,1.002452,-0.237880,1.032803
38.250000,0.152189,-0.002451,1.337033,-0.169363,0.000030,1.570643,0.212797,1.000000,1.100000,0.000000,0.000000,-1.571000,0.060608,1.002451,-0.237033,1.031875
38.260000,0.156839,-0.002451,1.336228,-0.171686,0.000020,1.570646,0.206050,1.000000,1.100000,0.000000,0.000000,-1.571000,0.049211,1.002451,-0.236228,1.031084
38.270000,0.161270,-0.002451,1.335471,-0.172873,0.000015,1.570657,0.199100,1.000000,1.100000,0.000000,0.000000,-1.571000,0.037829,1.002451,-0.235471,1.030429
38.280000,0.165482,-0.002450,1.334765,-0.173232,0.000015,1.570676,0.191952,1.000000,1.100000,0.000000,0.000000,-1.571000,0.026470,1.002450,-0.234765,1.029913
38.290000,0.169476,-0.002450,1.334112,-0.173048,0.000019,1.570699,0.184616,1.000000,1.100000,0.000000,0.000000,-1.571000,0.015140,1.002450,-0.234112,1.029535
38.300000,0.173255,-0.002449,1.333514,-0.172566,0.000025,1.570725,0.177097,1.000000,1.100000,0.000000,0.000000,-1.571000,0.003842,1.002449,-0.233514,1.029295
38.310000,0.176820,-0.002449,1.332970,-0.171979,0.000032,1.570753,0.169404,1.000000,1.100000,0.000000,0.000000,-1.571000,-0.007416,1.002449,-0.232970,1.029191
38.320000,0.180173,-0.002448,1.332481,-0.171433,0.000039,1.570779,0.161543,1.000000,1.100000,0.000000,0.000000,-1.571000,-0.018630,1.002448,-0.232481,1.029221
38.330000,0.183318,-0.002448,1.332046,-0.171024,0.000045,1.570803,0.153523,1.000000,1.100000,0.000000,0.000000,-1.571000,-0.029795,1.002448,-0.232046,1.029385
38.340000,0.186257,-0.002447,1.331666,-0.170803,0.000050,1.570824,0.145351,1.000000,1.100000,0.000000,0.000000,-1.571000,-0.040906,1.002447,-0.231666,1.029681
38.350000,0.188992,-0.002446,1.331340,-0.170783,0.000053,1.570841,0.137036,1.000000,1.100000,0.000000,0.000000,-1.571000,-0.051956,1.002446,-0.231340,1.030105
38.360000,0.191524,-0.002446,1.331067,-0.170952,0.000054,1.570854,0.128586,1.000000,1.100000,0.000000,0.000000,-1.571000,-0.062938,1.002446,-0.231067,1.030655
38.370000,0.193856,-0.002445,1.330848,-0.171277,0.000054,1.570862,0.120009,1.000000,1.100000,0.000000,0.000000,-1.571000,-0.073847,1.002445,-0.230848,1.031329
38.380000,0.195988,-0.002444,1.330684,-0.171713,0.000051,1.570868,0.111313,1.000000,1.100000,0.000000,0.000000,-1.571000,-0.084675,1.002444,-0.230684,1.032123
38.390000,0.197922,-0.002443,1.330576,-0.172215,0.000046,1.570870,0.102508,1.000000,1.100000,0.000000,0.000000,-1.571000,-0.095414,1.002443,-0.230576,1.033035
38.400000,0.199658,-0.002442,1.330523,-0.172737,0.000040,1.570869,0.093601,1.000000,1.100000,0.000000,0.000000,-1.571000,-0.106057,1.002442,-0.230523,1.034060
38.410000,0.201199,-0.002441,1.330527,-0.173240,0.000034,1.570867,0.084602,1.000000,1.100000,0.000000,0.000000,-1.571000,-0.116597,1.002441,-0.230527,1.035194
38.420000,0.202545,-0.002441,1.330586,-0.173694,0.000028,1.570864,0.075519,1.000000,1.100000,0.000000,0.000000,-1.571000,-0.127025,1.002441,-0.230586,1.036432
38.430000,0.203697,-0.002440,1.330699,-0.174076,0.000021,1.570859,0.066362,1.000000,1.100000,0.000000,0.000000,-1.571000,-0.137335,1.002440,-0.230699,1.037771
38.440000,0.204658,-0.002439,1.330864,-0.174376,0.000015,1.570854,0.057140,1.000000,1.100000,0.000000,0.000000,-1.571000,-0.147518,1.002439,-0.230864,1.039203
38.450000,0.205430,-0.002438,1.331078,-0.174589,0.000009,1.570849,0.047861,1.000000,1.100000,0.000000,0.000000,-1.571000,-0.157569,1.002438,-0.231078,1.040724
38.460000,0.206013,-0.002437,1.331338,-0.174720,0.000003,1.570844,0.038535,1.000000,1.100000,0.000000,0.000000,-1.571000,-0.167479,1.002437,-0.231338,1.042327
38.470000,0.206411,-0.002436,1.331644,-0.174778,-0.000003,1.570840,0.029171,1.000000,1.100000,0.000000,0.000000,-1.571000,-0.177240,1.002436,-0.231644,1.044007
38.480000,0.206624,-0.002435,1.331995,-0.174777,-0.000009,1.570836,0.019778,1.000000,1.100000,0.000000,0.000000,-1.571000,-0.186846,1.002435,-0.231995,1.045758
38.490000,0.206654,-0.002434,1.332390,-0.174732,-0.000013,1.570833,0.010365,1.000000,1.100000,0.000000,0.000000,-1.571000,-0.196289,1.002434,-0.232390,1.047573
38.500000,0.206504,-0.002434,1.332825,-0.174658,-0.000017,1.570830,0.000942,1.000000,1.100000,0.000000,0.000000,-1.571000,-0.205562,1.002434,-0.232825,1.049446
38.510000,0.206176,-0.002433,1.333300,-0.174567,-0.000019,1.570827,-0.008481,1.000000,1.100000,0.000000,0.000000,-1.571000,-0.214657,1.002433,-0.233300,1.051370
38.520000,0.205671,-0.002432,1.333811,-0.174471,-0.000019,1.570825,-0.017896,1.000000,1.100000,0.000000,0.000000,-1.571000,-0.223568,1.002432,-0.233811,1.053338
38.530000,0.204992,-0.002431,1.334359,-0.174379,-0.000019,1.570824,-0.027294,1.000000,1.100000,0.000000,0.000000,-1.571000,-0.232286,1.002431,-0.234359,1.055343
38.540000,0.204140,-0.002431,1.334943,-0.174298,-0.000018,1.570823,-0.036665,1.000000,1.100000,0.000000,0.000000,-1.571000,-0.240804,1.002431,-0.234943,1.057380
38.550000,0.203116,-0.002430,1.335562,-0.174233,-0.000017,1.570821,-0.045999,1.000000,1.100000,0.000000,0.000000,-1.571000,-0.249116,1.002430,-0.235562,1.059440
38.560000,0.201924,-0.002429,1.336216,-0.174186,-0.000017,1.570821,-0.055288,1.000000,1.100000,0.000000,0.000000,-1.571000,-0.257212,1.002429,-0.236216,1.061518
38.570000,0.200563,-0.002429,1.336903,-0.174158,-0.000017,1.570820,-0.064523,1.000000,1.100000,0.000000,0.000000,-1.571000,-0.265086,1.002429,-0.236903,1.063606
38.580000,0.199038,-0.002428,1.337617,-0.174147,-0.000018,1.570819,-0.073694,1.000000,1.100000,0.000000,0.000000,-1.571000,-0.272731,1.002428,-0.237617,1.065695
38.590000,0.197349,-0.002428,1.338357,-0.174151,-0.000018,1.570818,-0.082792,1.000000,1.100000,0.000000,0.000000,-1.571000,-0.280141,1.002428,-0.238357,1.067780
38.600000,0.195499,-0.002427,1.339118,-0.174166,-0.000019,1.570818,-0.091808,1.000000,1.100000,0.000000,0.000000,-1.571000,-0.287307,1.002427,-0.239118,1.069852
38.610000,0.193490,-0.002427,1.339899,-0.174190,-0.000020,1.570818,-0.100734,1.000000,1.100000,0.000000,0.000000,-1.571000,-0.294224,1.002427,-0.239899,1.071904
38.620000,0.191323,-0.002426,1.340700,-0.174218,-0.000020,1.570819,-0.109561,1.000000,1.100000,0.000000,0.000000,-1.571000,-0.300883,1.002426,-0.240700,1.073930
38.630000,0.188999,-0.002426,1.341519,-0.174250,-0.000021,1.570819,-0.118279,1.000000,1.100000,0.000000,0.000000,-1.571000,-0.307278,1.002426,-0.241519,1.075922
38.640000,0.186522,-0.002425,1.342353,-0.174282,-0.000023,1.570820,-0.126880,1.000000,1.100000,0.000000,0.000000,-1.571000,-0.313402,1.002425,-0.242353,1.077874
38.650000,0.183891,-0.002425,1.343200,-0.174312,-0.000025,1.570820,-0.135357,1.000000,1.100000,0.000000,0.000000,-1.571000,-0.319248,1.002425,-0.243200,1.079779
38.660000,0.181110,-0.002425,1.344059,-0.174338,-0.000026,1.570820,-0.143699,1.000000,1.100000,0.000000,0.000000,-1.571000,-0.324810,1.002425,-0.244059,1.081629
38.670000,0.178179,-0.002424,1.344929,-0.174361,-0.000027,1.570819,-0.151900,1.000000,1.100000,0.000000,0.000000,-1.571000,-0.330080,1.002424,-0.244929,1.083419
38.680000,0.175100,-0.002424,1.345810,-0.174377,-0.000027,1.570818,-0.159951,1.000000,1.100000,0.000000,0.000000,-1.571000,-0.335052,1.002424,-0.245810,1.085143
38.690000,0.171875,-0.002424,1.346697,-0.174389,-0.000027,1.570817,-0.167845,1.000000,1.100000,0.000000,0.000000,-1.571000,-0.339720,1.002424,-0.246697,1.086795
38.700000,0.168507,-0.002424,1.347582,-0.174396,-0.000026,1.570816,-0.175572,1.000000,1.100000,0.000000,0.000000,-1.571000,-0.344079,1.002424,-0.247582,1.088366
38.710000,0.164999,-0.002423,1.348454,-0.174399,-0.000026,1.570816,-0.183127,1.000000,1.100000,0.000000,0.000000,-1.571000,-0.348125,1.002423,-0.248454,1.089850
38.720000,0.161352,-0.002423,1.349311,-0.174397,-0.000026,1.570815,-0.190500,1.000000,1.100000,0.000000,0.000000,-1.571000,-0.351852,1.002423,-0.249311,1.091242
38.730000,0.157569,-0.002423,1.350148,-0.174392,-0.000028,1.570815,-0.197686,1.000000,1.100000,0.000000,0.000000,-1.571000,-0.355255,1.002423,-0.250148,1.092535
38.740000,0.153652,-0.002423,1.350964,-0.174385,-0.000030,1.570815,-0.204676,1.000000,1.100000,0.000000,0.000000,-1.571000,-0.358328,1.002423,-0.250964,1.093725
38.750000,0.149601,-0.002423,1.351758,-0.174376,-0.000033,1.570815,-0.211465,1.000000,1.100000,0.000000,0.000000,-1.571000,-0.361066,1.002423,-0.251758,1.094807
38.760000,0.145419,-0.002423,1.352531,-0.174366,-0.000035,1.570815,-0.218044,1.000000,1.100000,0.000000,0.000000,-1.571000,-0.363463,1.002423,-0.252531,1.095778
38.770000,0.141106,-0.002423,1.353279,-0.174355,-0.000036,1.570816,-0.224409,1.000000,1.100000,0.000000,0.000000,-1.571000,-0.365515,1.002423,-0.253279,1.096633
38.780000,0.136664,-0.002423,1.354001,-0.174344,-0.000037,1.570816,-0.230552,1.000000,1.100000,0.000000,0.000000,-1.571000,-0.367216,1.002423,-0.254001,1.097368
38.790000,0.132096,-0.002423,1.354694,-0.174333,-0.000038,1.570816,-0.236468,1.000000,1.100000,0.000000,0.000000,-1.571000,-0.368563,1.002423,-0.254694,1.097980
38.800000,0.127402,-0.002423,1.355358,-0.174322,-0.000038,1.570816,-0.242150,1.000000,1.100000,0.000000,0.000000,-1.571000,-0.369552,1.002423,-0.255358,1.098466
38.810000,0.122583,-0.002424,1.355990,-0.174310,-0.000038,1.570816,-0.247593,1.000000,1.100000,0.000000,0.000000,-1.571000,-0.370177,1.002424,-0.255990,1.098824
38.820000,0.117642,-0.002424,1.356591,-0.174299,-0.000037,1.570815,-0.252792,1.000000,1.100000,0.000000,0.000000,-1.571000,-0.370434,1.002424,-0.256591,1.099051
38.830000,0.112580,-0.002424,1.357159,-0.174288,-0.000036,1.570815,-0.257742,1.000000,1.100000,0.000000,0.000000,-1.571000,-0.370321,1.002424,-0.257159,1.099146
38.840000,0.107399,-0.002424,1.357685,-0.174279,-0.000034,1.570815,-0.262437,1.000000,1.100000,0.000000,0.000000,-1.571000,-0.369835,1.002424,-0.257685,1.099106
38.850000,0.102101,-0.002425,1.358163,-0.174272,-0.000033,1.570814,-0.266873,1.000000,1.100000,0.000000,0.000000,-1.571000,-0.368974,1.002425,-0.258163,1.098929
38.860000,0.096689,-0.002425,1.358590,-0.174267,-0.000032,1.570814,-0.271045,1.000000,1.100000,0.000000,0.000000,-1.571000,-0.367735,1.002425,-0.258590,1.098614
38.870000,0.091164,-0.002425,1.358962,-0.174263,-0.000034,1.570814,-0.274951,1.000000,1.100000,0.000000,0.000000,-1.571000,-0.366115,1.002425,-0.258962,1.098161
38.880000,0.085527,-0.002426,1.359281,-0.174262,-0.000036,1.570814,-0.278585,1.000000,1.100000,0.000000,0.000000,-1.571000,-0.364112,1.002426,-0.259281,1.097570
38.890000,0.079780,-0.002426,1.359543,-0.174147,-0.000039,1.570814,-0.281944,1.000000,1.100000,0.000000,0.000000,-1.571000,-0.361723,1.002426,-0.259543,1.096843
38.900000,0.073924,-0.002427,1.359745,-0.173493,-0.000043,1.570811,-0.285024,1.000000,1.100000,0.000000,0.000000,-1.571000,-0.358948,1.002427,-0.259745,1.095979
38.910000,0.067962,-0.002427,1.359886,-0.172014,-0.000047,1.570805,-0.287824,1.000000,1.100000,0.000000,0.000000,-1.571000,-0.355785,1.002427,-0.259886,1.094981
38.920000,0.061896,-0.002428,1.359963,-0.169615,-0.000050,1.570797,-0.290339,1.000000,1.100000,0.000000,0.000000,-1.571000,-0.352235,1.002428,-0.259963,1.093852
38.930000,0.055729,-0.002428,1.359977,-0.166341,-0.000052,1.570788,-0.292568,1.000000,1.100000,0.000000,0.000000,-1.571000,-0.348297,1.002428,-0.259977,1.092594
38.940000,0.049467,-0.002429,1.359928,-0.162339,-0.000052,1.570780,-0.294508,1.000000,1.100000,0.000000,0.000000,-1.571000,-0.343975,1.002429,-0.259928,1.091213
38.950000,0.043113,-0.002430,1.359817,-0.157816,-0.000050,1.570776,-0.296158,1.000000,1.100000,0.000000,0.000000,-1.571000,-0.339270,1.002430,-0.259817,1.089713
38.960000,0.036672,-0.002430,1.359645,-0.153007,-0.000046,1.570775,-0.297515,1.000000,1.100000,0.000000,0.000000,-1.571000,-0.334187,1.002430,-0.259645,1.088100
38.970000,0.030150,-0.002431,1.359411,-0.147909,-0.000041,1.570777,-0.298578,1.000000,1.100000,0.000000,0.000000,-1.571000,-0.328728,1.002431,-0.259411,1.086381
38.980000,0.023552,-0.002432,1.359112,-0.141876,-0.000036,1.570777,-0.299347,1.000000,1.100000,0.000000,0.000000,-1.571000,-0.322900,1.002432,-0.259112,1.084561
38.990000,0.016887,-0.002433,1.358745,-0.134509,-0.000032,1.570775,-0.299821,1.000000,1.100000,0.000000,0.000000,-1.571000,-0.316708,1.002433,-0.258745,1.082647
39.000000,0.010161,-0.002433,1.358310,-0.125750,-0.000027,1.570770,-0.299999,1.000000,1.100000,0.000000,0.000000,-1.571000,-0.310159,1.002433,-0.258310,1.080646
39.010000,0.003382,-0.002434,1.357807,-0.115782,-0.000023,1.570765,-0.299880,1.000000,1.100000,0.000000,0.000000,-1.571000,-0.303262,1.002434,-0.257807,1.078567
39.020000,-0.003438,-0.002435,1.357236,-0.104939,-0.000018,1.570761,-0.299466,1.000000,1.100000,0.000000,0.000000,-1.571000,-0.296027,1.002435,-0.257236,1.076419
39.030000,-0.010291,-0.002436,1.356599,-0.093597,-0.000012,1.570761,-0.298756,1.000000,1.100000,0.000000,0.000000,-1.571000,-0.288464,1.002436,-0.256599,1.074213
39.040000,-0.017166,-0.002437,1.355895,-0.082046,-0.000007,1.570766,-0.297751,1.000000,1.100000,0.000000,0.000000,-1.571000,-0.280585,1.002437,-0.255895,1.071956
39.050000,-0.024051,-0.002438,1.355126,-0.070602,-0.000002,1.570777,-0.296452,1.000000,1.100000,0.000000,0.000000,-1.571000,-0.272401,1.002438,-0.255126,1.069660
39.060000,-0.030937,-0.002438,1.354290,-0.059594,0.000002,1.570792,-0.294861,1.000000,1.100000,0.000000,0.000000,-1.571000,-0.263925,1.002438,-0.254290,1.067334
39.070000,-0.037812,-0.002439,1.353390,-0.049317,0.000005,1.570812,-0.292979,1.000000,1.100000,0.000000,0.000000,-1.571000,-0.255167,1.002439,-0.253390,1.064989
39.080000,-0.044670,-0.002440,1.352427,-0.040010,0.000006,1.570833,-0.290808,1.000000,1.100000,0.000000,0.000000,-1.571000,-0.246138,1.002440,-0.252427,1.062633
39.090000,-0.051500,-0.002441,1.351407,-0.031427,0.000007,1.570851,-0.288350,1.000000,1.100000,0.000000,0.000000,-1.571000,-0.236850,1.002441,-0.251407,1.060279
39.100000,-0.058296,-0.002442,1.350356,-0.022162,0.000010,1.570857,-0.285607,1.000000,1.100000,0.000000,0.000000,-1.571000,-0.227310,1.002442,-0.250356,1.057940
39.110000,-0.065051,-0.002442,1.349294,-0.011226,0.000015,1.570850,-0.282582,1.000000,1.100000,0.000000,0.000000,-1.571000,-0.217531,1.002442,-0.249294,1.055631
39.120000,-0.071754,-0.002443,1.348233,0.001766,0.000024,1.570830,-0.279279,1.000000,1.100000,0.000000,0.000000,-1.571000,-0.207524,1.002443,-0.248233,1.053365
39.130000,-0.078393,-0.002444,1.347180,0.016749,0.000036,1.570804,-0.275699,1.000000,1.100000,0.000000,0.000000,-1.571000,-0.197306,1.002444,-0.247180,1.051152
39.140000,-0.084955,-0.002444,1.346140,0.033349,0.000051,1.570778,-0.271848,1.000000,1.100000,0.000000,0.000000,-1.571000,-0.186893,1.002444,-0.246140,1.049004
39.150000,-0.091423,-0.002445,1.345114,0.050991,0.000067,1.570758,-0.267729,1.000000,1.100000,0.000000,0.000000,-1.571000,-0.176306,1.002445,-0.245114,1.046929
39.160000,-0.097781,-0.002446,1.344103,0.069007,0.000084,1.570749,-0.263345,1.000000,1.100000,0.000000,0.000000,-1.571000,-0.165564,1.002446,-0.244103,1.044938
39.170000,-0.104013,-0.002446,1.343106,0.086718,0.000098,1.570754,-0.258701,1.000000,1.100000,0.000000,0.000000,-1.571000,-0.154689,1.002446,-0.243106,1.043038
39.180000,-0.110102,-0.002446,1.342119,0.103501,0.000108,1.570771,-0.253802,1.000000,1.100000,0.000000,0.000000,-1.571000,-0.143700,1.002446,-0.242119,1.041235
39.190000,-0.116034,-0.002447,1.341138,0.118840,0.000112,1.570799,-0.248653,1.000000,1.100000,0.000000,0.000000,-1.571000,-0.132619,1.002447,-0.241138,1.039536
39.200000,-0.121796,-0.002447,1.340159,0.132356,0.000111,1.570833,-0.243258,1.000000,1.100000,0.000000,0.000000,-1.571000,-0.121462,1.002447,-0.240159,1.037945
39.210000,-0.127376,-0.002447,1.339180,0.143823,0.000103,1.570868,-0.237623,1.000000,1.100000,0.000000,0.000000,-1.571000,-0.110247,1.002447,-0.239180,1.036466
39.220000,-0.132765,-0.002447,1.338198,0.153159,0.000090,1.570900,-0.231754,1.000000,1.100000,0.000000,0.000000,-1.571000,-0.098989,1.002447,-0.238198,1.035102
39.230000,-0.137954,-0.002447,1.337219,0.160414,0.000073,1.570924,-0.225655,1.000000,1.100000,0.000000,0.000000,-1.571000,-0.087701,1.002447,-0.237219,1.033859
39.240000,-0.142936,-0.002446,1.336261,0.165747,0.000055,1.570940,-0.219335,1.000000,1.100000,0.000000,0.000000,-1.571000,-0.076398,1.002446,-0.236261,1.032741
39.250000,-0.147704,-0.002446,1.335340,0.169394,0.000040,1.570945,-0.212797,1.000000,1.100000,0.000000,0.000000,-1.571000,-0.065093,1.002446,-0.235340,1.031756
39.260000,-0.152255,-0.002446,1.334466,0.171641,0.000028,1.570942,-0.206050,1.000000,1.100000,0.000000,0.000000,-1.571000,-0.053795,1.002446,-0.234466,1.030905
39.270000,-0.156588,-0.002445,1.333643,0.172792,0.000020,1.570929,-0.199100,1.000000,1.100000,0.000000,0.000000,-1.571000,-0.042512,1.002445,-0.233643,1.030191
39.280000,-0.160701,-0.002445,1.332875,0.173146,0.000016,1.570911,-0.191952,1.000000,1.100000,0.000000,0.000000,-1.571000,-0.031251,1.002445,-0.232875,1.029613
39.290000,-0.164598,-0.002444,1.332162,0.172977,0.000016,1.570887,-0.184616,1.000000,1.100000,0.000000,0.000000,-1.571000,-0.020018,1.002444,-0.232162,1.029172
39.300000,-0.168279,-0.002444,1.331507,0.172521,0.000019,1.570861,-0.177097,1.000000,1.100000,0.000000,0.000000,-1.571000,-0.008818,1.002444,-0.231507,1.028867
39.310000,-0.171748,-0.002443,1.330909,0.171964,0.000024,1.570835,-0.169404,1.000000,1.100000,0.000000,0.000000,-1.571000,0.002344,1.002443,-0.230909,1.028696
39.320000,-0.175006,-0.002442,1.330367,0.171447,0.000030,1.570809,-0.161543,1.000000,1.100000,0.000000,0.000000,-1.571000,0.013463,1.002442,-0.230367,1.028660
39.330000,-0.178055,-0.002442,1.329883,0.171061,0.000036,1.570786,-0.153523,1.000000,1.100000,0.000000,0.000000,-1.571000,0.024532,1.002442,-0.229883,1.028755
39.340000,-0.180899,-0.002441,1.329455,0.170855,0.000041,1.570766,-0.145351,1.000000,1.100000,0.000000,0.000000,-1.571000,0.035548,1.002441,-0.229455,1.028981
39.350000,-0.183540,-0.002440,1.329084,0.170843,0.000044,1.570750,-0.137036,1.000000,1.100000,0.000000,0.000000,-1.571000,0.046504,1.002440,-0.229084,1.029334
39.360000,-0.185978,-0.002440,1.328768,0.171011,0.000045,1.570737,-0.128586,1.000000,1.100000,0.000000,0.000000,-1.571000,0.057392,1.002440,-0.228768,1.029813
39.370000,-0.188217,-0.002439,1.328508,0.171328,0.000045,1.570729,-0.120009,1.000000,1.100000,0.000000,0.000000,-1.571000,0.068208,1.002439,-0.228508,1.030413
39.380000,-0.190257,-0.002438,1.328301,0.171752,0.000042,1.570724,-0.111313,1.000000,1.100000,0.000000,0.000000,-1.571000,0.078944,1.002438,-0.228301,1.031133
39.390000,-0.192100,-0.002437,1.328145,0.172237,0.000038,1.570722,-0.102508,1.000000,1.100000,0.000000,0.000000,-1.571000,0.089593,1.002437,-0.228145,1.031968
39.400000,-0.193748,-0.002436,1.328041,0.172740,0.000033,1.570722,-0.093601,1.000000,1.100000,0.000000,0.000000,-1.571000,0.100147,1.002436,-0.228041,1.032914
39.410000,-0.195202,-0.002436,1.327987,0.173225,0.000027,1.570725,-0.084602,1.000000,1.100000,0.000000,0.000000,-1.571000,0.110600,1.002436,-0.227987,1.033967
39.420000,-0.196463,-0.002435,1.327982,0.173660,0.000020,1.570729,-0.075519,1.000000,1.100000,0.000000,0.000000,-1.571000,0.120944,1.002435,-0.227982,1.035122
39.430000,-0.197533,-0.002434,1.328025,0.174027,0.000013,1.570734,-0.066362,1.000000,1.100000,0.000000,0.000000,-1.571000,0.131170,1.002434,-0.228025,1.036376
39.440000,-0.198413,-0.002433,1.328117,0.174313,0.000007,1.570739,-0.057140,1.000000,1.100000,0.000000,0.000000,-1.571000,0.141273,1.002433,-0.228117,1.037722
39.450000,-0.199104,-0.002432,1.328256,0.174516,0.000002,1.570744,-0.047861,1.000000,1.100000,0.000000,0.000000,-1.571000,0.151243,1.002432,-0.228256,1.039156
39.460000,-0.199608,-0.002431,1.328442,0.174641,-0.000002,1.570749,-0.038535,1.000000,1.100000,0.000000,0.000000,-1.571000,0.161073,1.002431,-0.228442,1.040672
39.470000,-0.199927,-0.002431,1.328674,0.174696,-0.000004,1.570754,-0.029171,1.000000,1.100000,0.000000,0.000000,-1.571000,0.170757,1.002431,-0.228674,1.042265
39.480000,-0.200063,-0.002430,1.328952,0.174695,-0.000006,1.570758,-0.019778,1.000000,1.100000,0.000000,0.000000,-1.571000,0.180285,1.002430,-0.228952,1.043929
39.490000,-0.200016,-0.002429,1.329277,0.174652,-0.000008,1.570761,-0.010365,1.000000,1.100000,0.000000,0.000000,-1.571000,0.189651,1.002429,-0.229277,1.045657
39.500000,-0.199788,-0.002428,1.329651,0.174581,-0.000009,1.570764,-0.000942,1.000000,1.100000,0.000000,0.000000,-1.571000,0.198846,1.002428,-0.229651,1.047445
39.510000,-0.199381,-0.002428,1.330076,0.174495,-0.000009,1.570767,0.008481,1.000000,1.100000,0.000000,0.000000,-1.571000,0.207862,1.002428,-0.230076,1.049287
39.520000,-0.198795,-0.002427,1.330553,0.174404,-0.000009,1.570769,0.017896,1.000000,1.100000,0.000000,0.000000,-1.571000,0.216692,1.002427,-0.230553,1.051175
39.530000,-0.198033,-0.002426,1.331083,0.174317,-0.000008,1.570771,0.027294,1.000000,1.100000,0.000000,0.000000,-1.571000,0.225327,1.002426,-0.231083,1.053105
39.540000,-0.197096,-0.002426,1.331665,0.174240,-0.000007,1.570772,0.036665,1.000000,1.100000,0.000000,0.000000,-1.571000,0.233761,1.002426,-0.231665,1.055069
39.550000,-0.195986,-0.002425,1.332300,0.174179,-0.000005,1.570774,0.045999,1.000000,1.100000,0.000000,0.000000,-1.571000,0.241985,1.002425,-0.232300,1.057060
39.560000,-0.194704,-0.002424,1.332987,0.174135,-0.000002,1.570775,0.055288,1.000000,1.100000,0.000000,0.000000,-1.571000,0.249992,1.002424,-0.232987,1.059072
39.570000,-0.193252,-0.002424,1.333724,0.174108,-0.000000,1.570776,0.064523,1.000000,1.100000,0.000000,0.000000,-1.571000,0.257775,1.002424,-0.233724,1.061098
39.580000,-0.191634,-0.002423,1.334501,0.174098,0.000001,1.570777,0.073694,1.000000,1.100000,0.000000,0.000000,-1.571000,0.265327,1.002423,-0.234501,1.063128
39.590000,-0.189852,-0.002423,1.335309,0.174100,0.000001,1.570778,0.082792,1.000000,1.100000,0.000000,0.000000,-1.571000,0.272644,1.002423,-0.235309,1.065155
39.600000,-0.187909,-0.002422,1.336145,0.174114,-0.000001,1.570778,0.091808,1.000000,1.100000,0.000000,0.000000,-1.571000,0.279717,1.002422,-0.236145,1.067172
39.610000,-0.185806,-0.002421,1.337006,0.174136,-0.000004,1.570777,0.100734,1.000000,1.100000,0.000000,0.000000,-1.571000,0.286540,1.002421,-0.237006,1.069171
39.620000,-0.183546,-0.002421,1.337889,0.174162,-0.000009,1.570776,0.109561,1.000000,1.100000,0.000000,0.000000,-1.571000,0.293106,1.002421,-0.237889,1.071144
39.630000,-0.181130,-0.002420,1.338792,0.174191,-0.000015,1.570774,0.118279,1.000000,1.100000,0.000000,0.000000,-1.571000,0.299409,1.002420,-0.238792,1.073086
39.640000,-0.178560,-0.002420,1.339710,0.174221,-0.000022,1.570773,0.126880,1.000000,1.100000,0.000000,0.000000,-1.571000,0.305441,1.002420,-0.239710,1.074988
39.650000,-0.175840,-0.002419,1.340637,0.174248,-0.000029,1.570772,0.135357,1.000000,1.100000,0.000000,0.000000,-1.571000,0.311196,1.002419,-0.240637,1.076844
39.660000,-0.172970,-0.002419,1.341571,0.174273,-0.000035,1.570772,0.143699,1.000000,1.100000,0.000000,0.000000,-1.571000,0.316669,1.002419,-0.241571,1.078647
39.670000,-0.169952,-0.002418,1.342512,0.174293,-0.000041,1.570771,0.151900,1.000000,1.100000,0.000000,0.000000,-1.571000,0.321852,1.002418,-0.242512,1.080390
39.680000,-0.166787,-0.002418,1.343456,0.174308,-0.000046,1.570771,0.159951,1.000000,1.100000,0.000000,0.000000,-1.571000,0.326739,1.002418,-0.243456,1.082068
39.690000,-0.163479,-0.002418,1.344402,0.174318,-0.000049,1.570772,0.167845,1.000000,1.100000,0.000000,0.000000,-1.571000,0.331324,1.002418,-0.244402,1.083674
39.700000,-0.160029,-0.002418,1.345338,0.174323,-0.000051,1.570772,0.175572,1.000000,1.100000,0.000000,0.000000,-1.571000,0.335601,1.002418,-0.245338,1.085200
39.710000,-0.156441,-0.002417,1.346256,0.174324,-0.000053,1.570773,0.183127,1.000000,1.100000,0.000000,0.000000,-1.571000,0.339567,1.002417,-0.246256,1.086641
39.720000,-0.152717,-0.002417,1.347152,0.174323,-0.000054,1.570773,0.190500,1.000000,1.100000,0.000000,0.000000,-1.571000,0.343217,1.002417,-0.247152,1.087990
39.730000,-0.148858,-0.002417,1.348022,0.174319,-0.000054,1.570773,0.197686,1.000000,1.100000,0.000000,0.000000,-1.571000,0.346543,1.002417,-0.248022,1.089242
39.740000,-0.144866,-0.002417,1.348866,0.174314,-0.000053,1.570774,0.204676,1.000000,1.100000,0.000000,0.000000,-1.571000,0.349542,1.002417,-0.248866,1.090392
39.750000,-0.140743,-0.002417,1.349681,0.174308,-0.000052,1.570774,0.211465,1.000000,1.100000,0.000000,0.000000,-1.571000,0.352207,1.002417,-0.249681,1.091435
39.760000,-0.136490,-0.002417,1.350468,0.174302,-0.000050,1.570774,0.218044,1.000000,1.100000,0.000000,0.000000,-1.571000,0.354534,1.002417,-0.250468,1.092368
39.770000,-0.132108,-0.002417,1.351226,0.174295,-0.000048,1.570775,0.224409,1.000000,1.100000,0.000000,0.000000,-1.571000,0.356516,1.002417,-0.251226,1.093187
39.780000,-0.127598,-0.002417,1.351954,0.174288,-0.000045,1.570776,0.230552,1.000000,1.100000,0.000000,0.000000,-1.571000,0.358150,1.002417,-0.251954,1.093889
39.790000,-0.122963,-0.002418,1.352651,0.174282,-0.000041,1.570776,0.236468,1.000000,1.100000,0.000000,0.000000,-1.571000,0.359430,1.002418,-0.252651,1.094470
39.800000,-0.118203,-0.002418,1.353318,0.174275,-0.000038,1.570777,0.242150,1.000000,1.100000,0.000000,0.000000,-1.571000,0.360353,1.002418,-0.253318,1.094927
39.810000,-0.113319,-0.002418,1.353953,0.174268,-0.000033,1.570778,0.247593,1.000000,1.100000,0.000000,0.000000,-1.571000,0.360912,1.002418,-0.253953,1.095259
39.820000,-0.108313,-0.002419,1.354558,0.174261,-0.000028,1.570779,0.252792,1.000000,1.100000,0.000000,0.000000,-1.571000,0.361105,1.002419,-0.254558,1.095463
39.830000,-0.103187,-0.002419,1.355129,0.174253,-0.000023,1.570780,0.257742,1.000000,1.100000,0.000000,0.000000,-1.571000,0.360928,1.002419,-0.255129,1.095538
39.840000,-0.097942,-0.002419,1.355659,0.174246,-0.000018,1.570781,0.262437,1.000000,1.100000,0.000000,0.000000,-1.571000,0.360379,1.002419,-0.255659,1.095481
39.850000,-0.092582,-0.002420,1.356142,0.174239,-0.000016,1.570782,0.266873,1.000000,1.100000,0.000000,0.000000,-1.571000,0.359454,1.002420,-0.256142,1.095290
39.860000,-0.087107,-0.002420,1.356573,0.174232,-0.000016,1.570782,0.271045,1.000000,1.100000,0.000000,0.000000,-1.571000,0.358152,1.002420,-0.256573,1.094965
39.870000,-0.081520,-0.002421,1.356951,0.174225,-0.000016,1.570782,0.274951,1.000000,1.100000,0.000000,0.000000,-1.571000,0.356471,1.002421,-0.256951,1.094505
39.880000,-0.075821,-0.002421,1.357274,0.174219,-0.000018,1.570782,0.278585,1.000000,1.100000,0.000000,0.000000,-1.571000,0.354406,1.002421,-0.257274,1.093911
39.890000,-0.070013,-0.002421,1.357542,0.174104,-0.000021,1.570782,0.281944,1.000000,1.100000,0.000000,0.000000,-1.571000,0.351957,1.002421,-0.257542,1.093184
39.900000,-0.064097,-0.002422,1.357751,0.173482,-0.000025,1.570785,0.285024,1.000000,1.100000,0.000000,0.000000,-1.571000,0.349121,1.002422,-0.257751,1.092324
39.910000,-0.058075,-0.002422,1.357898,0.172084,-0.000029,1.570790,0.287824,1.000000,1.100000,0.000000,0.000000,-1.571000,0.345899,1.002422,-0.257898,1.091333
39.920000,-0.051950,-0.002423,1.357982,0.169820,-0.000033,1.570798,0.290339,1.000000,1.100000,0.000000,0.000000,-1.571000,0.342289,1.002423,-0.257982,1.090215
39.930000,-0.045724,-0.002424,1.358003,0.166734,-0.000038,1.570806,0.292568,1.000000,1.100000,0.000000,0.000000,-1.571000,0.338292,1.002424,-0.258003,1.088972
39.940000,-0.039403,-0.002424,1.357962,0.162961,-0.000042,1.570812,0.294508,1.000000,1.100000,0.000000,0.000000,-1.571000,0.333911,1.002424,-0.257962,1.087610
39.950000,-0.032990,-0.002425,1.357858,0.158699,-0.000045,1.570816,0.296158,1.000000,1.100000,0.000000,0.000000,-1.571000,0.329147,1.002425,-0.257858,1.086132
39.960000,-0.026489,-0.002425,1.357693,0.154168,-0.000045,1.570816,0.297515,1.000000,1.100000,0.000000,0.000000,-1.571000,0.324004,1.002425,-0.257693,1.084546
39.970000,-0.019907,-0.002426,1.357467,0.149296,-0.000043,1.570813,0.298578,1.000000,1.100000,0.000000,0.000000,-1.571000,0.318486,1.002426,-0.257467,1.082857
39.980000,-0.013249,-0.002427,1.357175,0.143215,-0.000041,1.570814,0.299347,1.000000,1.100000,0.000000,0.000000,-1.571000,0.312597,1.002427,-0.257175,1.081071
39.990000,-0.006522,-0.002427,1.356816,0.135376,-0.000039,1.570819,0.299821,1.000000,1.100000,0.000000,0.000000,-1.571000,0.306343,1.002427,-0.256816,1.079195
40.000000,0.000265,-0.002428,1.356388,0.125668,-0.000037,1.570829,0.299999,1.000000,1.100000,0.000000,0.000000,-1.571000,0.299733,1.002428,-0.256388,1.077236
40.010000,0.007104,-0.002429,1.355891,0.114291,-0.000035,1.570840,0.299880,1.000000,1.100000,0.000000,0.000000,-1.571000,0.292776,1.002429,-0.255891,1.075203
40.020000,0.013984,-0.002430,1.355327,0.101647,-0.000032,1.570849,0.299466,1.000000,1.100000,0.000000,0.000000,-1.571000,0.285482,1.002430,-0.255327,1.073106
40.030000,0.020892,-0.002431,1.354697,0.088214,-0.000027,1.570852,0.298756,1.000000,1.100000,0.000000,0.000000,-1.571000,0.277864,1.002431,-0.254697,1.070956
40.040000,0.027816,-0.002431,1.354001,0.074400,-0.000021,1.570847,0.297751,1.000000,1.100000,0.000000,0.000000,-1.571000,0.269935,1.002431,-0.254001,1.068761
40.050000,0.034744,-0.002432,1.353239,0.060640,-0.000013,1.570835,0.296452,1.000000,1.100000,0.000000,0.000000,-1.571000,0.261708,1.002432,-0.253239,1.066532
40.060000,0.041663,-0.002433,1.352412,0.047374,-0.000006,1.570815,0.294861,1.000000,1.100000,0.000000,0.000000,-1.571000,0.253199,1.002433,-0.252412,1.064281
40.070000,0.048560,-0.002434,1.351521,0.034993,0.000001,1.570790,0.292979,1.000000,1.100000,0.000000,0.000000,-1.571000,0.244419,1.002434,-0.251521,1.062015
40.080000,0.055426,-0.002435,1.350567,0.023808,0.000007,1.570762,0.290808,1.000000,1.100000,0.000000,0.000000,-1.571000,0.235382,1.002435,-0.250567,1.059747
40.090000,0.062250,-0.002435,1.349558,0.013669,0.000013,1.570737,0.288350,1.000000,1.100000,0.000000,0.000000,-1.571000,0.226099,1.002435,-0.249558,1.057486
40.100000,0.069024,-0.002436,1.348523,0.003375,0.000019,1.570722,0.285607,1.000000,1.100000,0.000000,0.000000,-1.571000,0.216583,1.002436,-0.248523,1.055249
40.110000,0.075739,-0.002437,1.347484,-0.007939,0.000027,1.570721,0.282582,1.000000,1.100000,0.000000,0.000000,-1.571000,0.206843,1.002437,-0.247484,1.053049
40.120000,0.082383,-0.002438,1.346454,-0.020635,0.000039,1.570733,0.279279,1.000000,1.100000,0.000000,0.000000,-1.571000,0.196895,1.002438,-0.246454,1.050899
40.130000,0.088946,-0.002438,1.345442,-0.034700,0.000052,1.570753,0.275699,1.000000,1.100000,0.000000,0.000000,-1.571000,0.186753,1.002438,-0.245442,1.048810
40.140000,0.095414,-0.002439,1.344452,-0.049862,0.000067,1.570775,0.271848,1.000000,1.100000,0.000000,0.000000,-1.571000,0.176434,1.002439,-0.244452,1.046790
40.150000,0.101772,-0.002440,1.343485,-0.065682,0.000083,1.570793,0.267729,1.000000,1.100000,0.000000,0.000000,-1.571000,0.165956,1.002440,-0.243485,1.044850
40.160000,0.108007,-0.002440,1.342544,-0.081637,0.000097,1.570803,0.263345,1.000000,1.100000,0.000000,0.000000,-1.571000,0.155338,1.002440,-0.242544,1.042997
40.170000,0.114103,-0.002440,1.341624,-0.097191,0.000109,1.570803,0.258701,1.000000,1.100000,0.000000,0.000000,-1.571000,0.144598,1.002440,-0.241624,1.041239
40.180000,0.120047,-0.002441,1.340720,-0.111852,0.000116,1.570793,0.253802,1.000000,1.100000,0.000000,0.000000,-1.571000,0.133755,1.002441,-0.240720,1.039579
40.190000,0.125826,-0.002441,1.339824,-0.125210,0.000116,1.570775,0.248653,1.000000,1.100000,0.000000,0.000000,-1.571000,0.122826,1.002441,-0.239824,1.038022
40.200000,0.131430,-0.002441,1.338931,-0.136967,0.000110,1.570751,0.243258,1.000000,1.100000,0.000000,0.000000,-1.571000,0.111827,1.002441,-0.238931,1.036572
40.210000,0.136850,-0.002441,1.338038,-0.146946,0.000098,1.570727,0.237623,1.000000,1.100000,0.000000,0.000000,-1.571000,0.100773,1.002441,-0.238038,1.035232
40.220000,0.142076,-0.002440,1.337142,-0.155088,0.000081,1.570705,0.231754,1.000000,1.100000,0.000000,0.000000,-1.571000,0.089678,1.002440,-0.237142,1.034005
40.230000,0.147103,-0.002440,1.336248,-0.161444,0.000062,1.570689,0.225655,1.000000,1.100000,0.000000,0.000000,-1.571000,0.078553,1.002440,-0.236248,1.032894
40.240000,0.151923,-0.002440,1.335373,-0.166151,0.000043,1.570679,0.219335,1.000000,1.100000,0.000000,0.000000,-1.571000,0.067412,1.002440,-0.235373,1.031906
40.250000,0.156530,-0.002439,1.334533,-0.169412,0.000027,1.570678,0.212797,1.000000,1.100000,0.000000,0.000000,-1.571000,0.056268,1.002439,-0.234533,1.031046
40.260000,0.160922,-0.002439,1.333735,-0.171467,0.000015,1.570683,0.206050,1.000000,1.100000,0.000000,0.000000,-1.571000,0.045128,1.002439,-0.233735,1.030317
40.270000,0.165097,-0.002438,1.332984,-0.172576,0.000009,1.570694,0.199100,1.000000,1.100000,0.000000,0.000000,-1.571000,0.034002,1.002438,-0.232984,1.029719
40.280000,0.169057,-0.002438,1.332284,-0.172993,0.000007,1.570711,0.191952,1.000000,1.100000,0.000000,0.000000,-1.571000,0.022896,1.002438,-0.232284,1.029253
40.290000,0.172801,-0.002437,1.331636,-0.172948,0.000009,1.570731,0.184616,1.000000,1.100000,0.000000,0.000000,-1.571000,0.011815,1.002437,-0.231636,1.028920
40.300000,0.176333,-0.002437,1.331038,-0.172643,0.000014,1.570753,0.177097,1.000000,1.100000,0.000000,0.000000,-1.571000,0.000764,1.002437,-0.231038,1.028717
40.310000,0.179654,-0.002436,1.330489,-0.172236,0.000020,1.570775,0.169404,1.000000,1.100000,0.000000,0.000000,-1.571000,-0.010250,1.002436,-0.230489,1.028644
40.320000,0.182767,-0.002436,1.329989,-0.171845,0.000026,1.570796,0.161543,1.000000,1.100000,0.000000,0.000000,-1.571000,-0.021224,1.002436,-0.229989,1.028700
40.330000,0.185674,-0.002435,1.329538,-0.171552,0.000031,1.570816,0.153523,1.000000,1.100000,0.000000,0.000000,-1.571000,-0.032152,1.002435,-0.229538,1.028882
40.340000,0.188378,-0.002434,1.329133,-0.171399,0.000034,1.570832,0.145351,1.000000,1.100000,0.000000,0.000000,-1.571000,-0.043027,1.002434,-0.229133,1.029188
40.350000,0.190881,-0.002434,1.328776,-0.171400,0.000036,1.570846,0.137036,1.000000,1.100000,0.000000,0.000000,-1.571000,-0.053845,1.002434,-0.228776,1.029617
40.360000,0.193184,-0.002433,1.328466,-0.171548,0.000035,1.570856,0.128586,1.000000,1.100000,0.000000,0.000000,-1.571000,-0.064598,1.002433,-0.228466,1.030166
40.370000,0.195289,-0.002432,1.328202,-0.171817,0.000034,1.570862,0.120009,1.000000,1.100000,0.000000,0.000000,-1.571000,-0.075280,1.002432,-0.228202,1.030832
40.380000,0.197197,-0.002432,1.327985,-0.172174,0.000031,1.570866,0.111313,1.000000,1.100000,0.000000,0.000000,-1.571000,-0.085884,1.002432,-0.227985,1.031612
40.390000,0.198910,-0.002431,1.327817,-0.172583,0.000029,1.570866,0.102508,1.000000,1.100000,0.000000,0.000000,-1.571000,-0.096403,1.002431,-0.227817,1.032503
40.400000,0.200429,-0.002430,1.327698,-0.173007,0.000026,1.570865,0.093601,1.000000,1.100000,0.000000,0.000000,-1.571000,-0.106828,1.002430,-0.227698,1.033501
40.410000,0.201755,-0.002429,1.327628,-0.173417,0.000023,1.570862,0.084602,1.000000,1.100000,0.000000,0.000000,-1.571000,-0.117153,1.002429,-0.227628,1.034603
40.420000,0.202890,-0.002429,1.327605,-0.173787,0.000020,1.570858,0.075519,1.000000,1.100000,0.000000,0.000000,-1.571000,-0.127370,1.002429,-0.227605,1.035804
40.430000,0.203834,-0.002428,1.327631,-0.174100,0.000016,1.570854,0.066362,1.000000,1.100000,0.000000,0.000000,-1.571000,-0.137472,1.002428,-0.227631,1.037100
40.440000,0.204590,-0.002427,1.327704,-0.174347,0.000013,1.570849,0.057140,1.000000,1.100000,0.000000,0.000000,-1.571000,-0.147450,1.002427,-0.227704,1.038485
40.450000,0.205158,-0.002426,1.327825,-0.174523,0.000010,1.570844,0.047861,1.000000,1.100000,0.000000,0.000000,-1.571000,-0.157297,1.002426,-0.227825,1.039954
40.460000,0.205540,-0.002426,1.327992,-0.174634,0.000006,1.570839,0.038535,1.000000,1.100000,0.000000,0.000000,-1.571000,-0.167005,1.002426,-0.227992,1.041503
40.470000,0.205739,-0.002425,1.328205,-0.174686,0.000003,1.570835,0.029171,1.000000,1.100000,0.000000,0.000000,-1.571000,-0.176568,1.002425,-0.228205,1.043125
40.480000,0.205754,-0.002424,1.328464,-0.174688,0.000000,1.570832,0.019778,1.000000,1.100000,0.000000,0.000000,-1.571000,-0.185977,1.002424,-0.228464,1.044815
40.490000,0.205589,-0.002424,1.328768,-0.174654,-0.000003,1.570830,0.010365,1.000000,1.100000,0.000000,0.000000,-1.571000,-0.195224,1.002424,-0.228768,1.046566
40.500000,0.205246,-0.002423,1.329114,-0.174595,-0.000006,1.570827,0.000942,1.000000,1.100000,0.000000,0.000000,-1.571000,-0.204303,1.002423,-0.229114,1.048372
40.510000,0.204726,-0.002422,1.329501,-0.174522,-0.000008,1.570825,-0.008481,1.000000,1.100000,0.000000,0.000000,-1.571000,-0.213207,1.002422,-0.229501,1.050228
40.520000,0.204031,-0.002421,1.329926,-0.174444,-0.000009,1.570823,-0.017896,1.000000,1.100000,0.000000,0.000000,-1.571000,-0.221927,1.002421,-0.229926,1.052125
40.530000,0.203163,-0.002421,1.330390,-0.174369,-0.000008,1.570821,-0.027294,1.000000,1.100000,0.000000,0.000000,-1.571000,-0.230457,1.002421,-0.230390,1.054058
40.540000,0.202124,-0.002420,1.330891,-0.174303,-0.000008,1.570820,-0.036665,1.000000,1.100000,0.000000,0.000000,-1.571000,-0.238788,1.002420,-0.230891,1.056019
40.550000,0.200915,-0.002420,1.331429,-0.174248,-0.000008,1.570819,-0.045999,1.000000,1.100000,0.000000,0.000000,-1.571000,-0.246914,1.002420,-0.231429,1.058003
40.560000,0.199538,-0.002419,1.332003,-0.174209,-0.000009,1.570818,-0.055288,1.000000,1.100000,0.000000,0.000000,-1.571000,-0.254827,1.002419,-0.232003,1.060003
40.570000,0.197996,-0.002418,1.332612,-0.174183,-0.000010,1.570817,-0.064523,1.000000,1.100000,0.000000,0.000000,-1.571000,-0.262519,1.002418,-0.232612,1.062011
40.580000,0.196289,-0.002418,1.333250,-0.174172,-0.000011,1.570817,-0.073694,1.000000,1.100000,0.000000,0.000000,-1.571000,-0.269983,1.002418,-0.233250,1.064020
40.590000,0.194421,-0.002417,1.333915,-0.174173,-0.000012,1.570816,-0.082792,1.000000,1.100000,0.000000,0.000000,-1.571000,-0.277213,1.002417,-0.233915,1.066022
40.600000,0.192394,-0.002417,1.334602,-0.174184,-0.000013,1.570817,-0.091808,1.000000,1.100000,0.000000,0.000000,-1.571000,-0.284202,1.002417,-0.234602,1.068012
40.610000,0.190208,-0.002416,1.335312,-0.174203,-0.000014,1.570817,-0.100734,1.000000,1.100000,0.000000,0.000000,-1.571000,-0.290942,1.002416,-0.235312,1.069980
40.620000,0.187866,-0.002416,1.336043,-0.174226,-0.000015,1.570818,-0.109561,1.000000,1.100000,0.000000,0.000000,-1.571000,-0.297427,1.002416,-0.236043,1.071922
40.630000,0.185369,-0.002415,1.336793,-0.174252,-0.000017,1.570819,-0.118279,1.000000,1.100000,0.000000,0.000000,-1.571000,-0.303648,1.002415,-0.236793,1.073830
40.640000,0.182720,-0.002415,1.337556,-0.174280,-0.000019,1.570819,-0.126880,1.000000,1.100000,0.000000,0.000000,-1.571000,-0.309601,1.002415,-0.237556,1.075696
40.650000,0.179921,-0.002415,1.338328,-0.174307,-0.000022,1.570819,-0.135357,1.000000,1.100000,0.000000,0.000000,-1.571000,-0.315278,1.002415,-0.238328,1.077514
40.660000,0.176973,-0.002414,1.339107,-0.174332,-0.000025,1.570819,-0.143699,1.000000,1.100000,0.000000,0.000000,-1.571000,-0.320673,1.002414,-0.239107,1.079277
40.670000,0.173879,-0.002414,1.339892,-0.174354,-0.000028,1.570819,-0.151900,1.000000,1.100000,0.000000,0.000000,-1.571000,-0.325779,1.002414,-0.239892,1.080978
40.680000,0.170639,-0.002414,1.340681,-0.174371,-0.000030,1.570818,-0.159951,1.000000,1.100000,0.000000,0.000000,-1.571000,-0.330590,1.002414,-0.240681,1.082613
40.690000,0.167255,-0.002413,1.341472,-0.174385,-0.000033,1.570818,-0.167845,1.000000,1.100000,0.000000,0.000000,-1.571000,-0.335100,1.002413,-0.241472,1.084174
40.700000,0.163731,-0.002413,1.342256,-0.174394,-0.000035,1.570818,-0.175572,1.000000,1.100000,0.000000,0.000000,-1.571000,-0.339303,1.002413,-0.242256,1.085655
40.710000,0.160068,-0.002413,1.343027,-0.174398,-0.000038,1.570817,-0.183127,1.000000,1.100000,0.000000,0.000000,-1.571000,-0.343195,1.002413,-0.243027,1.087050
40.720000,0.156269,-0.002413,1.343782,-0.174398,-0.000040,1.570817,-0.190500,1.000000,1.100000,0.000000,0.000000,-1.571000,-0.346769,1.002413,-0.243782,1.088352
40.730000,0.152335,-0.002413,1.344517,-0.174394,-0.000043,1.570817,-0.197686,1.000000,1.100000,0.000000,0.000000,-1.571000,-0.350021,1.002413,-0.244517,1.089557
40.740000,0.148268,-0.002413,1.345233,-0.174387,-0.000045,1.570817,-0.204676,1.000000,1.100000,0.000000,0.000000,-1.571000,-0.352944,1.002413,-0.245233,1.090660
40.750000,0.144069,-0.002413,1.345927,-0.174378,-0.000045,1.570817,-0.211465,1.000000,1.100000,0.000000,0.000000,-1.571000,-0.355534,1.002413,-0.245927,1.091657
40.760000,0.139739,-0.002413,1.346600,-0.174368,-0.000045,1.570817,-0.218044,1.000000,1.100000,0.000000,0.000000,-1.571000,-0.357784,1.002413,-0.246600,1.092544
40.770000,0.135281,-0.002413,1.347251,-0.174357,-0.000043,1.570816,-0.224409,1.000000,1.100000,0.000000,0.000000,-1.571000,-0.359690,1.002413,-0.247251,1.093317
40.780000,0.130695,-0.002413,1.347874,-0.174346,-0.000041,1.570816,-0.230552,1.000000,1.100000,0.000000,0.000000,-1.571000,-0.361247,1.002413,-0.247874,1.093971
40.790000,0.125985,-0.002413,1.348466,-0.174334,-0.000039,1.570816,-0.236468,1.000000,1.100000,0.000000,0.000000,-1.571000,-0.362452,1.002413,-0.248466,1.094504
40.800000,0.121151,-0.002413,1.349024,-0.174323,-0.000037,1.570815,-0.242150,1.000000,1.100000,0.000000,0.000000,-1.571000,-0.363301,1.002413,-0.249024,1.094912
40.810000,0.116195,-0.002414,1.349548,-0.174311,-0.000034,1.570814,-0.247593,1.000000,1.100000,0.000000,0.000000,-1.571000,-0.363788,1.002414,-0.249548,1.095194
40.820000,0.111118,-0.002414,1.350037,-0.174299,-0.000030,1.570814,-0.252792,1.000000,1.100000,0.000000,0.000000,-1.571000,-0.363910,1.002414,-0.250037,1.095346
40.830000,0.105921,-0.002414,1.350489,-0.174288,-0.000027,1.570813,-0.257742,1.000000,1.100000,0.000000,0.000000,-1.571000,-0.363663,1.002414,-0.250489,1.095367
40.840000,0.100608,-0.002415,1.350899,-0.174278,-0.000024,1.570813,-0.262437,1.000000,1.100000,0.000000,0.000000,-1.571000,-0.363045,1.002415,-0.250899,1.095257
40.850000,0.095179,-0.002415,1.351264,-0.174270,-0.000022,1.570812,-0.266873,1.000000,1.100000,0.000000,0.000000,-1.571000,-0.362052,1.002415,-0.251264,1.095012
40.860000,0.089637,-0.002415,1.351581,-0.174264,-0.000021,1.570812,-0.271045,1.000000,1.100000,0.000000,0.000000,-1.571000,-0.360682,1.002415,-0.251581,1.094633
40.870000,0.083982,-0.002416,1.351848,-0.174260,-0.000021,1.570812,-0.274951,1.000000,1.100000,0.000000,0.000000,-1.571000,-0.358932,1.002416,-0.251848,1.094119
40.880000,0.078215,-0.002416,1.352066,-0.174257,-0.000022,1.570812,-0.278585,1.000000,1.100000,0.000000,0.000000,-1.571000,-0.356800,1.002416,-0.252066,1.093472
40.890000,0.072339,-0.002417,1.352233,-0.174077,-0.000024,1.570811,-0.281944,1.000000,1.100000,0.000000,0.000000,-1.571000,-0.354282,1.002417,-0.252233,1.092692
40.900000,0.066355,-0.002417,1.352343,-0.173068,-0.000026,1.570806,-0.285024,1.000000,1.100000,0.000000,0.000000,-1.571000,-0.351379,1.002417,-0.252343,1.091780
40.910000,0.060266,-0.002418,1.352393,-0.170793,-0.000030,1.570796,-0.287824,1.000000,1.100000,0.000000,0.000000,-1.571000,-0.348090,1.002418,-0.252393,1.090738
40.920000,0.054076,-0.002418,1.352380,-0.167106,-0.000034,1.570783,-0.290339,1.000000,1.100000,0.000000,0.000000,-1.571000,-0.344415,1.002418,-0.252380,1.089569
40.930000,0.047789,-0.002419,1.352305,-0.162078,-0.000038,1.570770,-0.292568,1.000000,1.100000,0.000000,0.000000,-1.571000,-0.340357,1.002419,-0.252305,1.088276
40.940000,0.041412,-0.002419,1.352166,-0.155933,-0.000041,1.570759,-0.294508,1.000000,1.100000,0.000000,0.000000,-1.571000,-0.335920,1.002419,-0.252166,1.086864
40.950000,0.034949,-0.002420,1.351966,-0.148987,-0.000043,1.570752,-0.296158,1.000000,1.100000,0.000000,0.000000,-1.571000,-0.331107,1.002420,-0.251966,1.085340
40.960000,0.028410,-0.002420,1.351705,-0.141604,-0.000044,1.570751,-0.297515,1.000000,1.100000,0.000000,0.000000,-1.571000,-0.325924,1.002420,-0.251705,1.083711
40.970000,0.021800,-0.002421,1.351383,-0.133904,-0.000043,1.570756,-0.298578,1.000000,1.100000,0.000000,0.000000,-1.571000,-0.320378,1.002421,-0.251383,1.081981
40.980000,0.015129,-0.002422,1.350999,-0.125345,-0.000042,1.570762,-0.299347,1.000000,1.100000,0.000000,0.000000,-1.571000,-0.314477,1.002422,-0.250999,1.080160
40.990000,0.008406,-0.002422,1.350549,-0.115614,-0.000040,1.570767,-0.299821,1.000000,1.100000,0.000000,0.000000,-1.571000,-0.308227,1.002422,-0.250549,1.078253
41.000000,0.001639,-0.002423,1.350034,-0.104726,-0.000039,1.570769,-0.299999,1.000000,1.100000,0.000000,0.000000,-1.571000,-0.301638,1.002423,-0.250034,1.076269
41.010000,-0.005160,-0.002424,1.349454,-0.092908,-0.000036,1.570771,-0.299880,1.000000,1.100000,0.000000,0.000000,-1.571000,-0.294720,1.002424,-0.249454,1.074216
41.020000,-0.011981,-0.002425,1.348810,-0.080521,-0.000033,1.570774,-0.299466,1.000000,1.100000,0.000000,0.000000,-1.571000,-0.287484,1.002425,-0.248810,1.072105
41.030000,-0.018812,-0.002425,1.348102,-0.067945,-0.000029,1.570780,-0.298756,1.000000,1.100000,0.000000,0.000000,-1.571000,-0.279943,1.002425,-0.248102,1.069944
41.040000,-0.025642,-0.002426,1.347332,-0.055457,-0.000023,1.570790,-0.297751,1.000000,1.100000,0.000000,0.000000,-1.571000,-0.272109,1.002426,-0.247332,1.067743
41.050000,-0.032459,-0.002427,1.346498,-0.043348,-0.000016,1.570803,-0.296452,1.000000,1.100000,0.000000,0.000000,-1.571000,-0.263994,1.002427,-0.246498,1.065511
41.060000,-0.039252,-0.002428,1.345600,-0.031908,-0.000009,1.570820,-0.294861,1.000000,1.100000,0.000000,0.000000,-1.571000,-0.255609,1.002428,-0.245600,1.063258
41.070000,-0.046012,-0.002429,1.344640,-0.021389,-0.000003,1.570839,-0.292979,1.000000,1.100000,0.000000,0.000000,-1.571000,-0.246968,1.002429,-0.244640,1.060992
41.080000,-0.052728,-0.002429,1.343618,-0.011987,0.000003,1.570858,-0.290808,1.000000,1.100000,0.000000,0.000000,-1.571000,-0.238080,1.002429,-0.243618,1.058724
41.090000,-0.059393,-0.002430,1.342543,-0.003475,0.000008,1.570873,-0.288350,1.000000,1.100000,0.000000,0.000000,-1.571000,-0.228956,1.002430,-0.242543,1.056463
41.100000,-0.066000,-0.002431,1.341444,0.005356,0.000014,1.570878,-0.285607,1.000000,1.100000,0.000000,0.000000,-1.571000,-0.219606,1.002431,-0.241444,1.054225
41.110000,-0.072541,-0.002432,1.340344,0.015370,0.000023,1.570870,-0.282582,1.000000,1.100000,0.000000,0.000000,-1.571000,-0.210041,1.002432,-0.240344,1.052023
41.120000,-0.079006,-0.002433,1.339257,0.026922,0.000036,1.570851,-0.279279,1.000000,1.100000,0.000000,0.000000,-1.571000,-0.200272,1.002433,-0.239257,1.049869
41.130000,-0.085385,-0.002433,1.338191,0.039994,0.000052,1.570826,-0.275699,1.000000,1.100000,0.000000,0.000000,-1.571000,-0.190314,1.002433,-0.238191,1.047772
41.140000,-0.091665,-0.002434,1.337151,0.054301,0.000070,1.570801,-0.271848,1.000000,1.100000,0.000000,0.000000,-1.571000,-0.180183,1.002434,-0.237151,1.045744
41.150000,-0.097833,-0.002434,1.336139,0.069392,0.000088,1.570781,-0.267729,1.000000,1.100000,0.000000,0.000000,-1.571000,-0.169896,1.002434,-0.236139,1.043792
41.160000,-0.103875,-0.002435,1.335155,0.084729,0.000104,1.570770,-0.263345,1.000000,1.100000,0.000000,0.000000,-1.571000,-0.159470,1.002435,-0.235155,1.041923
41.170000,-0.109776,-0.002435,1.334197,0.099763,0.000117,1.570770,-0.258701,1.000000,1.100000,0.000000,0.000000,-1.571000,-0.148925,1.002435,-0.234197,1.040146
41.180000,-0.115525,-0.002436,1.333254,0.113985,0.000124,1.570781,-0.253802,1.000000,1.100000,0.000000,0.000000,-1.571000,-0.138277,1.002436,-0.233254,1.038463
41.190000,-0.121110,-0.002436,1.332317,0.126975,0.000125,1.570800,-0.248653,1.000000,1.100000,0.000000,0.000000,-1.571000,-0.127543,1.002436,-0.232317,1.036878
41.200000,-0.126519,-0.002436,1.331380,0.138422,0.000119,1.570825,-0.243258,1.000000,1.100000,0.000000,0.000000,-1.571000,-0.116738,1.002436,-0.231380,1.035395
41.210000,-0.131745,-0.002436,1.330439,0.148139,0.000106,1.570852,-0.237623,1.000000,1.100000,0.000000,0.000000,-1.571000,-0.105878,1.002436,-0.230439,1.034016
41.220000,-0.136779,-0.002435,1.329491,0.156062,0.000088,1.570876,-0.231754,1.000000,1.100000,0.000000,0.000000,-1.571000,-0.094974,1.002435,-0.229491,1.032745
41.230000,-0.141615,-0.002435,1.328539,0.162232,0.000067,1.570894,-0.225655,1.000000,1.100000,0.000000,0.000000,-1.571000,-0.084040,1.002435,-0.228539,1.031586
41.240000,-0.146247,-0.002435,1.327601,0.166783,0.000045,1.570905,-0.219335,1.000000,1.100000,0.000000,0.000000,-1.571000,-0.073088,1.002435,-0.227601,1.030543
41.250000,-0.150668,-0.002434,1.326691,0.169913,0.000026,1.570908,-0.212797,1.000000,1.100000,0.000000,0.000000,-1.571000,-0.062130,1.002434,-0.226691,1.029623
41.260000,-0.154876,-0.002434,1.325817,0.171860,0.000011,1.570904,-0.206050,1.000000,1.100000,0.000000,0.000000,-1.571000,-0.051175,1.002434,-0.225817,1.028827
41.270000,-0.158870,-0.002433,1.324983,0.172878,0.000001,1.570893,-0.199100,1.000000,1.100000,0.000000,0.000000,-1.571000,-0.040230,1.002433,-0.224983,1.028158
41.280000,-0.162651,-0.002433,1.324193,0.173218,-0.000005,1.570877,-0.191952,1.000000,1.100000,0.000000,0.000000,-1.571000,-0.029302,1.002433,-0.224193,1.027615
41.290000,-0.166219,-0.002432,1.323449,0.173111,-0.000005,1.570858,-0.184616,1.000000,1.100000,0.000000,0.000000,-1.571000,-0.018397,1.002432,-0.223449,1.027199
41.300000,-0.169577,-0.002432,1.322751,0.172754,-0.000001,1.570837,-0.177097,1.000000,1.100000,0.000000,0.000000,-1.571000,-0.007520,1.002432,-0.222751,1.026910
41.310000,-0.172726,-0.002431,1.322103,0.172306,0.000006,1.570816,-0.169404,1.000000,1.100000,0.000000,0.000000,-1.571000,0.003322,1.002431,-0.222103,1.026747
41.320000,-0.175669,-0.002431,1.321504,0.171884,0.000014,1.570796,-0.161543,1.000000,1.100000,0.000000,0.000000,-1.571000,0.014126,1.002431,-0.221504,1.026709
41.330000,-0.178407,-0.002430,1.320955,0.171566,0.000023,1.570778,-0.153523,1.000000,1.100000,0.000000,0.000000,-1.571000,0.024884,1.002430,-0.220955,1.026794
41.340000,-0.180943,-0.002430,1.320455,0.171395,0.000032,1.570763,-0.145351,1.000000,1.100000,0.000000,0.000000,-1.571000,0.035592,1.002430,-0.220455,1.027002
41.350000,-0.183279,-0.002429,1.320005,0.171384,0.000039,1.570751,-0.137036,1.000000,1.100000,0.000000,0.000000,-1.571000,0.046243,1.002429,-0.220005,1.027329
41.360000,-0.185417,-0.002428,1.319604,0.171524,0.000044,1.570742,-0.128586,1.000000,1.100000,0.000000,0.000000,-1.571000,0.056831,1.002428,-0.219604,1.027774
41.370000,-0.187358,-0.002428,1.319253,0.171788,0.000047,1.570736,-0.120009,1.000000,1.100000,0.000000,0.000000,-1.571000,0.067349,1.002428,-0.219253,1.028333
41.380000,-0.189104,-0.002427,1.318952,0.172142,0.000048,1.570733,-0.111313,1.000000,1.100000,0.000000,0.000000,-1.571000,0.077790,1.002427,-0.218952,1.029005
41.390000,-0.190655,-0.002426,1.318702,0.172548,0.000046,1.570732,-0.102508,1.000000,1.100000,0.000000,0.000000,-1.571000,0.088147,1.002426,-0.218702,1.029786
41.400000,-0.192013,-0.002426,1.318503,0.172971,0.000043,1.570733,-0.093601,1.000000,1.100000,0.000000,0.000000,-1.571000,0.098412,1.002426,-0.218503,1.030672
41.410000,-0.193180,-0.002425,1.318356,0.173379,0.000039,1.570736,-0.084602,1.000000,1.100000,0.000000,0.000000,-1.571000,0.108578,1.002425,-0.218356,1.031661
41.420000,-0.194156,-0.002424,1.318260,0.173748,0.000034,1.570739,-0.075519,1.000000,1.100000,0.000000,0.000000,-1.571000,0.118637,1.002424,-0.218260,1.032747
41.430000,-0.194944,-0.002423,1.318215,0.174060,0.000028,1.570743,-0.066362,1.000000,1.100000,0.000000,0.000000,-1.571000,0.128581,1.002423,-0.218215,1.033926
41.440000,-0.195543,-0.002422,1.318224,0.174305,0.000023,1.570747,-0.057140,1.000000,1.100000,0.000000,0.000000,-1.571000,0.138403,1.002422,-0.218224,1.035194
41.450000,-0.195955,-0.002422,1.318287,0.174481,0.000018,1.570752,-0.047861,1.000000,1.100000,0.000000,0.000000,-1.571000,0.148094,1.002422,-0.218287,1.036547
41.460000,-0.196181,-0.002421,1.318405,0.174589,0.000014,1.570756,-0.038535,1.000000,1.100000,0.000000,0.000000,-1.571000,0.157646,1.002421,-0.218405,1.037979
41.470000,-0.196223,-0.002420,1.318578,0.174638,0.000010,1.570760,-0.029171,1.000000,1.100000,0.000000,0.000000,-1.571000,0.167053,1.002420,-0.218578,1.039485
41.480000,-0.196083,-0.002419,1.318807,0.174638,0.000007,1.570764,-0.019778,1.000000,1.100000,0.000000,0.000000,-1.571000,0.176305,1.002419,-0.218807,1.041059
41.490000,-0.195762,-0.002418,1.319089,0.174600,0.000005,1.570767,-0.010365,1.000000,1.100000,0.000000,0.000000,-1.571000,0.185397,1.002418,-0.219089,1.042696
41.500000,-0.195262,-0.002418,1.319421,0.174538,0.000002,1.570769,-0.000942,1.000000,1.100000,0.000000,0.000000,-1.571000,0.194320,1.002418,-0.219421,1.044388
41.510000,-0.194587,-0.002417,1.319798,0.174462,-0.000000,1.570771,0.008481,1.000000,1.100000,0.000000,0.000000,-1.571000,0.203068,1.002417,-0.219798,1.046130
41.520000,-0.193737,-0.002416,1.320219,0.174382,-0.000003,1.570772,0.017896,1.000000,1.100000,0.000000,0.000000,-1.571000,0.211634,1.002416,-0.220219,1.047914
41.530000,-0.192715,-0.002415,1.320682,0.174305,-0.000006,1.570773,0.027294,1.000000,1.100000,0.000000,0.000000,-1.571000,0.220009,1.002415,-0.220682,1.049734
41.540000,-0.191523,-0.002414,1.321186,0.174239,-0.000009,1.570773,0.036665,1.000000,1.100000,0.000000,0.000000,-1.571000,0.228188,1.002414,-0.221186,1.051583
41.550000,-0.190163,-0.002414,1.321729,0.174185,-0.000013,1.570773,0.045999,1.000000,1.100000,0.000000,0.000000,-1.571000,0.236162,1.002414,-0.221729,1.053456
41.560000,-0.188635,-0.002413,1.322312,0.174146,-0.000015,1.570773,0.055288,1.000000,1.100000,0.000000,0.000000,-1.571000,0.243923,1.002413,-0.222312,1.055345
41.570000,-0.186942,-0.002412,1.322933,0.174123,-0.000017,1.570774,0.064523,1.000000,1.100000,0.000000,0.000000,-1.571000,0.251465,1.002412,-0.222933,1.057244
41.580000,-0.185087,-0.002412,1.323582,0.174114,-0.000017,1.570774,0.073694,1.000000,1.100000,0.000000,0.000000,-1.571000,0.258781,1.002412,-0.223582,1.059144
41.590000,-0.183072,-0.002411,1.324254,0.174117,-0.000018,1.570774,0.082792,1.000000,1.100000,0.000000,0.000000,-1.571000,0.265864,1.002411,-0.224254,1.061038
41.600000,-0.180900,-0.002410,1.324946,0.174129,-0.000019,1.570773,0.091808,1.000000,1.100000,0.000000,0.000000,-1.571000,0.272709,1.002410,-0.224946,1.062919
41.610000,-0.178572,-0.002410,1.325655,0.174148,-0.000020,1.570773,0.100734,1.000000,1.100000,0.000000,0.000000,-1.571000,0.279306,1.002410,-0.225655,1.064781
41.620000,-0.176090,-0.002409,1.326380,0.174170,-0.000022,1.570772,0.109561,1.000000,1.100000,0.000000,0.000000,-1.571000,0.285651,1.002409,-0.226380,1.066616
41.630000,-0.173456,-0.002409,1.327119,0.174195,-0.000025,1.570772,0.118279,1.000000,1.100000,0.000000,0.000000,-1.571000,0.291735,1.002409,-0.227119,1.068417
41.640000,-0.170671,-0.002408,1.327868,0.174220,-0.000028,1.570772,0.126880,1.000000,1.100000,0.000000,0.000000,-1.571000,0.297551,1.002408,-0.227868,1.070179
41.650000,-0.167737,-0.002408,1.328627,0.174246,-0.000032,1.570772,0.135357,1.000000,1.100000,0.000000,0.000000,-1.571000,0.303094,1.002408,-0.228627,1.071894
41.660000,-0.164656,-0.002408,1.329393,0.174270,-0.000035,1.570772,0.143699,1.000000,1.100000,0.000000,0.000000,-1.571000,0.308355,1.002408,-0.229393,1.073557
41.670000,-0.161429,-0.002407,1.330166,0.174292,-0.000039,1.570773,0.151900,1.000000,1.100000,0.000000,0.000000,-1.571000,0.313329,1.002407,-0.230166,1.075161
41.680000,-0.158058,-0.002407,1.330944,0.174311,-0.000041,1.570773,0.159951,1.000000,1.100000,0.000000,0.000000,-1.571000,0.318009,1.002407,-0.230944,1.076701
41.690000,-0.154544,-0.002407,1.331727,0.174326,-0.000043,1.570773,0.167845,1.000000,1.100000,0.000000,0.000000,-1.571000,0.322388,1.002407,-0.231727,1.078170
41.700000,-0.150890,-0.002406,1.332504,0.174336,-0.000045,1.570774,0.175572,1.000000,1.100000,0.000000,0.000000,-1.571000,0.326462,1.002406,-0.232504,1.079562
41.710000,-0.147099,-0.002406,1.333271,0.174340,-0.000046,1.570774,0.183127,1.000000,1.100000,0.000000,0.000000,-1.571000,0.330225,1.002406,-0.233271,1.080871
41.720000,-0.143172,-0.002406,1.334024,0.174340,-0.000046,1.570775,0.190500,1.000000,1.100000,0.000000,0.000000,-1.571000,0.333672,1.002406,-0.234024,1.082092
41.730000,-0.139111,-0.002406,1.334760,0.174334,-0.000045,1.570775,0.197686,1.000000,1.100000,0.000000,0.000000,-1.571000,0.336797,1.002406,-0.234760,1.083218
41.740000,-0.134918,-0.002406,1.335478,0.174326,-0.000043,1.570776,0.204676,1.000000,1.100000,0.000000,0.000000,-1.571000,0.339594,1.002406,-0.235478,1.084247
41.750000,-0.130594,-0.002406,1.336178,0.174316,-0.000041,1.570777,0.211465,1.000000,1.100000,0.000000,0.000000,-1.571000,0.342058,1.002406,-0.236178,1.085174
41.760000,-0.126140,-0.002406,1.336858,0.174304,-0.000038,1.570777,0.218044,1.000000,1.100000,0.000000,0.000000,-1.571000,0.344184,1.002406,-0.236858,1.085994
41.770000,-0.121557,-0.002406,1.337519,0.174292,-0.000034,1.570778,0.224409,1.000000,1.100000,0.000000,0.000000,-1.571000,0.345966,1.002406,-0.237519,1.086704
41.780000,-0.116849,-0.002406,1.338154,0.174279,-0.000031,1.570779,0.230552,1.000000,1.100000,0.000000,0.000000,-1.571000,0.347401,1.002406,-0.238154,1.087301
41.790000,-0.112016,-0.002407,1.338759,0.174266,-0.000029,1.570779,0.236468,1.000000,1.100000,0.000000,0.000000,-1.571000,0.348484,1.002407,-0.238759,1.087780
41.800000,-0.107061,-0.002407,1.339334,0.174253,-0.000028,1.570779,0.242150,1.000000,1.100000,0.000000,0.000000,-1.571000,0.349211,1.002407,-0.239334,1.088140
41.810000,-0.101984,-0.002407,1.339876,0.174240,-0.000028,1.570779,0.247593,1.000000,1.100000,0.000000,0.000000,-1.571000,0.349578,1.002407,-0.239876,1.088377
41.820000,-0.096788,-0.002407,1.340386,0.174228,-0.000028,1.570779,0.252792,1.000000,1.100000,0.000000,0.000000,-1.571000,0.349580,1.002407,-0.240386,1.088491
41.830000,-0.091473,-0.002408,1.340860,0.174218,-0.000029,1.570779,0.257742,1.000000,1.100000,0.000000,0.000000,-1.571000,0.349214,1.002408,-0.240860,1.088478
41.840000,-0.086042,-0.002408,1.341292,0.174209,-0.000031,1.570779,0.262437,1.000000,1.100000,0.000000,0.000000,-1.571000,0.348478,1.002408,-0.241292,1.088339
41.850000,-0.080497,-0.002408,1.341678,0.174202,-0.000033,1.570779,0.266873,1.000000,1.100000,0.000000,0.000000,-1.571000,0.347369,1.002408,-0.241678,1.088070
41.860000,-0.074839,-0.002409,1.342015,0.174198,-0.000036,1.570778,0.271045,1.000000,1.100000,0.000000,0.000000,-1.571000,0.345884,1.002409,-0.242015,1.087672
41.870000,-0.069070,-0.002409,1.342300,0.174197,-0.000038,1.570778,0.274951,1.000000,1.100000,0.000000,0.000000,-1.571000,0.344021,1.002409,-0.242300,1.087145
41.880000,-0.063192,-0.002409,1.342534,0.174200,-0.000040,1.570778,0.278585,1.000000,1.100000,0.000000,0.000000,-1.571000,0.341776,1.002409,-0.242534,1.086489
41.890000,-0.057205,-0.002410,1.342714,0.174084,-0.000042,1.570779,0.281944,1.000000,1.100000,0.000000,0.000000,-1.571000,0.339148,1.002410,-0.242714,1.085706
41.900000,-0.051111,-0.002410,1.342838,0.173408,-0.000043,1.570782,0.285024,1.000000,1.100000,0.000000,0.000000,-1.571000,0.336135,1.002410,-0.242838,1.084797
41.910000,-0.044913,-0.002411,1.342903,0.171874,-0.000045,1.570789,0.287824,1.000000,1.100000,0.000000,0.000000,-1.571000,0.332736,1.002411,-0.242903,1.083764
41.920000,-0.038613,-0.002412,1.342909,0.169383,-0.000046,1.570798,0.290339,1.000000,1.100000,0.000000,0.000000,-1.571000,0.328952,1.002412,-0.242909,1.082609
41.930000,-0.032214,-0.002412,1.342854,0.165983,-0.000047,1.570807,0.292568,1.000000,1.100000,0.000000,0.000000,-1.571000,0.324782,1.002412,-0.242854,1.081338
41.940000,-0.025722,-0.002413,1.342740,0.161825,-0.000048,1.570815,0.294508,1.000000,1.100000,0.000000,0.000000,-1.571000,0.320230,1.002413,-0.242740,1.079954
41.950000,-0.019139,-0.002414,1.342567,0.157123,-0.000047,1.570819,0.296158,1.000000,1.100000,0.000000,0.000000,-1.571000,0.315297,1.002414,-0.242567,1.078464
41.960000,-0.012473,-0.002414,1.342336,0.152124,-0.000044,1.570820,0.297515,1.000000,1.100000,0.000000,0.000000,-1.571000,0.309988,1.002414,-0.242336,1.076872
41.970000,-0.005727,-0.002415,1.342047,0.146777,-0.000041,1.570818,0.298578,1.000000,1.100000,0.000000,0.000000,-1.571000,0.304306,1.002415,-0.242047,1.075186
41.980000,0.001090,-0.002416,1.341696,0.140237,-0.000038,1.570819,0.299347,1.000000,1.100000,0.000000,0.000000,-1.571000,0.298257,1.002416,-0.241696,1.073411
41.990000,0.007973,-0.002417,1.341280,0.131973,-0.000035,1.570823,0.299821,1.000000,1.100000,0.000000,0.000000,-1.571000,0.291848,1.002417,-0.241280,1.071555
42.000000,0.014913,-0.002417,1.340800,0.121887,-0.000032,1.570832,0.299999,1.000000,1.100000,0.000000,0.000000,-1.571000,0.285086,1.002417,-0.240800,1.069626
42.010000,0.021899,-0.002418,1.340255,0.110188,-0.000028,1.570842,0.299880,1.000000,1.100000,0.000000,0.000000,-1.571000,0.277981,1.002418,-0.240255,1.067632
42.020000,0.028922,-0.002419,1.339647,0.097283,-0.000024,1.570849,0.299466,1.000000,1.100000,0.000000,0.000000,-1.571000,0.270544,1.002419,-0.239647,1.065584
42.030000,0.035967,-0.002420,1.338975,0.083648,-0.000017,1.570850,0.298756,1.000000,1.100000,0.000000,0.000000,-1.571000,0.262788,1.002420,-0.238975,1.063491
42.040000,0.043024,-0.002421,1.338241,0.069688,-0.000010,1.570844,0.297751,1.000000,1.100000,0.000000,0.000000,-1.571000,0.254727,1.002421,-0.238241,1.061363
42.050000,0.050079,-0.002422,1.337445,0.055832,-0.000001,1.570831,0.296452,1.000000,1.100000,0.000000,0.000000,-1.571000,0.246373,1.002422,-0.237445,1.059212
42.060000,0.057120,-0.002423,1.336588,0.042511,0.000008,1.570811,0.294861,1.000000,1.100000,0.000000,0.000000,-1.571000,0.237742,1.002423,-0.236588,1.057046
42.070000,0.064134,-0.002424,1.335670,0.030107,0.000015,1.570786,0.292979,1.000000,1.100000,0.000000,0.000000,-1.571000,0.228845,1.002424,-0.235670,1.054876
42.080000,0.071111,-0.002424,1.334692,0.018922,0.000022,1.570758,0.290808,1.000000,1.100000,0.000000,0.000000,-1.571000,0.219697,1.002424,-0.234692,1.052712
42.090000,0.078041,-0.002425,1.333663,0.008809,0.000027,1.570733,0.288350,1.000000,1.100000,0.000000,0.000000,-1.571000,0.210309,1.002425,-0.233663,1.050564
42.100000,0.084915,-0.002426,1.332612,-0.001400,0.000032,1.570719,0.285607,1.000000,1.100000,0.000000,0.000000,-1.571000,0.200692,1.002426,-0.232612,1.048448
42.110000,0.091724,-0.002427,1.331561,-0.012547,0.000038,1.570719,0.282582,1.000000,1.100000,0.000000,0.000000,-1.571000,0.190858,1.002427,-0.231561,1.046378
42.120000,0.098457,-0.002427,1.330524,-0.024990,0.000046,1.570730,0.279279,1.000000,1.100000,0.000000,0.000000,-1.571000,0.180821,1.002427,-0.230524,1.044365
42.130000,0.105104,-0.002428,1.329509,-0.038723,0.000057,1.570750,0.275699,1.000000,1.100000,0.000000,0.000000,-1.571000,0.170595,1.002428,-0.229509,1.042420
42.140000,0.111651,-0.002429,1.328520,-0.053488,0.000070,1.570772,0.271848,1.000000,1.100000,0.000000,0.000000,-1.571000,0.160197,1.002429,-0.228520,1.040552
42.150000,0.118084,-0.002429,1.327560,-0.068868,0.000084,1.570790,0.267729,1.000000,1.100000,0.000000,0.000000,-1.571000,0.149644,1.002429,-0.227560,1.038769
42.160000,0.124389,-0.002429,1.326628,-0.084360,0.000098,1.570800,0.263345,1.000000,1.100000,0.000000,0.000000,-1.571000,0.138956,1.002429,-0.226628,1.037080
42.170000,0.130551,-0.002430,1.325726,-0.099453,0.000108,1.570801,0.258701,1.000000,1.100000,0.000000,0.000000,-1.571000,0.128150,1.002430,-0.225726,1.035490
42.180000,0.136558,-0.002430,1.324848,-0.113671,0.000115,1.570791,0.253802,1.000000,1.100000,0.000000,0.000000,-1.571000,0.117244,1.002430,-0.224848,1.034006
42.190000,0.142396,-0.002430,1.323994,-0.126623,0.000117,1.570773,0.248653,1.000000,1.100000,0.000000,0.000000,-1.571000,0.106257,1.002430,-0.223994,1.032632
42.200000,0.148054,-0.002430,1.323159,-0.138021,0.000113,1.570751,0.243258,1.000000,1.100000,0.000000,0.000000,-1.571000,0.095203,1.002430,-0.223159,1.031373
42.210000,0.153524,-0.002430,1.322343,-0.147695,0.000105,1.570727,0.237623,1.000000,1.100000,0.000000,0.000000,-1.571000,0.084099,1.002430,-0.222343,1.030230
42.220000,0.158796,-0.002430,1.321543,-0.155591,0.000092,1.570706,0.231754,1.000000,1.100000,0.000000,0.000000,-1.571000,0.072957,1.002430,-0.221543,1.029208
42.230000,0.163865,-0.002429,1.320761,-0.161758,0.000077,1.570691,0.225655,1.000000,1.100000,0.000000,0.000000,-1.571000,0.061790,1.002429,-0.220761,1.028308
42.240000,0.168725,-0.002429,1.320008,-0.166328,0.000060,1.570682,0.219335,1.000000,1.100000,0.000000,0.000000,-1.571000,0.050610,1.002429,-0.220008,1.027535
42.250000,0.173371,-0.002428,1.319293,-0.169498,0.000045,1.570681,0.212797,1.000000,1.100000,0.000000,0.000000,-1.571000,0.039426,1.002428,-0.219293,1.026891
42.260000,0.177801,-0.002428,1.318620,-0.171501,0.000032,1.570687,0.206050,1.000000,1.100000,0.000000,0.000000,-1.571000,0.028249,1.002428,-0.218620,1.026379
42.270000,0.182014,-0.002427,1.317992,-0.172588,0.000022,1.570699,0.199100,1.000000,1.100000,0.000000,0.000000,-1.571000,0.017085,1.002427,-0.217992,1.025998
42.280000,0.186012,-0.002426,1.317411,-0.173003,0.000015,1.570716,0.191952,1.000000,1.100000,0.000000,0.000000,-1.571000,0.005941,1.002426,-0.217411,1.025749
42.290000,0.189794,-0.002426,1.316878,-0.172970,0.000011,1.570736,0.184616,1.000000,1.100000,0.000000,0.000000,-1.571000,-0.005178,1.002426,-0.216878,1.025631
42.300000,0.193362,-0.002425,1.316399,-0.172683,0.000011,1.570758,0.177097,1.000000,1.100000,0.000000,0.000000,-1.571000,-0.016265,1.002425,-0.216399,1.025645
42.310000,0.196718,-0.002424,1.315976,-0.172295,0.000012,1.570780,0.169404,1.000000,1.100000,0.000000,0.000000,-1.571000,-0.027315,1.002424,-0.215976,1.025790
42.320000,0.199864,-0.002423,1.315611,-0.171922,0.000016,1.570800,0.161543,1.000000,1.100000,0.000000,0.000000,-1.571000,-0.038321,1.002423,-0.215611,1.026065
42.330000,0.202802,-0.002423,1.315305,-0.171642,0.000021,1.570818,0.153523,1.000000,1.100000,0.000000,0.000000,-1.571000,-0.049279,1.002423,-0.215305,1.026468
42.340000,0.205534,-0.002422,1.315059,-0.171497,0.000025,1.570833,0.145351,1.000000,1.100000,0.000000,0.000000,-1.571000,-0.060183,1.002422,-0.215059,1.026997
42.350000,0.208061,-0.002421,1.314872,-0.171500,0.000030,1.570846,0.137036,1.000000,1.100000,0.000000,0.000000,-1.571000,-0.071025,1.002421,-0.214872,1.027649
42.360000,0.210386,-0.002420,1.314744,-0.171644,0.000033,1.570855,0.128586,1.000000,1.100000,0.000000,0.000000,-1.571000,-0.081800,1.002420,-0.214744,1.028423
42.370000,0.212511,-0.002419,1.314675,-0.171905,0.000036,1.570861,0.120009,1.000000,1.100000,0.000000,0.000000,-1.571000,-0.092502,1.002419,-0.214675,1.029314
42.380000,0.214437,-0.002419,1.314663,-0.172250,0.000036,1.570864,0.111313,1.000000,1.100000,0.000000,0.000000,-1.571000,-0.103124,1.002419,-0.214663,1.030319
42.390000,0.216165,-0.002418,1.314706,-0.172643,0.000035,1.570865,0.102508,1.000000,1.100000,0.000000,0.000000,-1.571000,-0.113658,1.002418,-0.214706,1.031435
42.400000,0.217698,-0.002417,1.314804,-0.173052,0.000032,1.570864,0.093601,1.000000,1.100000,0.000000,0.000000,-1.571000,-0.124097,1.002417,-0.214804,1.032657
42.410000,0.219036,-0.002416,1.314955,-0.173447,0.000028,1.570861,0.084602,1.000000,1.100000,0.000000,0.000000,-1.571000,-0.134435,1.002416,-0.214955,1.033981
42.420000,0.220182,-0.002415,1.315159,-0.173803,0.000023,1.570857,0.075519,1.000000,1.100000,0.000000,0.000000,-1.571000,-0.144663,1.002415,-0.215159,1.035402
42.430000,0.221137,-0.002414,1.315414,-0.174103,0.000019,1.570853,0.066362,1.000000,1.100000,0.000000,0.000000,-1.571000,-0.154774,1.002414,-0.215414,1.036915
42.440000,0.221901,-0.002413,1.315718,-0.174340,0.000014,1.570848,0.057140,1.000000,1.100000,0.000000,0.000000,-1.571000,-0.164762,1.002413,-0.215718,1.038515
42.450000,0.222479,-0.002413,1.316069,-0.174509,0.000009,1.570844,0.047861,1.000000,1.100000,0.000000,0.000000,-1.571000,-0.174618,1.002413,-0.216069,1.040196
42.460000,0.222870,-0.002412,1.316464,-0.174615,0.000004,1.570839,0.038535,1.000000,1.100000,0.000000,0.000000,-1.571000,-0.184336,1.002412,-0.216464,1.041953
42.470000,0.223078,-0.002411,1.316903,-0.174665,-0.000001,1.570836,0.029171,1.000000,1.100000,0.000000,0.000000,-1.571000,-0.193907,1.002411,-0.216903,1.043779
42.480000,0.223103,-0.002410,1.317384,-0.174669,-0.000005,1.570833,0.019778,1.000000,1.100000,0.000000,0.000000,-1.571000,-0.203325,1.002410,-0.217384,1.045669
42.490000,0.222947,-0.002409,1.317908,-0.174638,-0.000010,1.570830,0.010365,1.000000,1.100000,0.000000,0.000000,-1.571000,-0.212582,1.002409,-0.217908,1.047616
42.500000,0.222613,-0.002408,1.318473,-0.174584,-0.000013,1.570828,0.000942,1.000000,1.100000,0.000000,0.000000,-1.571000,-0.221670,1.002408,-0.218473,1.049614
42.510000,0.222101,-0.002408,1.319079,-0.174517,-0.000015,1.570826,-0.008481,1.000000,1.100000,0.000000,0.000000,-1.571000,-0.230582,1.002408,-0.219079,1.051658
42.520000,0.221414,-0.002407,1.319726,-0.174445,-0.000016,1.570824,-0.017896,1.000000,1.100000,0.000000,0.000000,-1.571000,-0.239310,1.002407,-0.219726,1.053740
42.530000,0.220553,-0.002406,1.320413,-0.174375,-0.000016,1.570822,-0.027294,1.000000,1.100000,0.000000,0.000000,-1.571000,-0.247847,1.002406,-0.220413,1.055854
42.540000,0.219519,-0.002405,1.321139,-0.174312,-0.000015,1.570821,-0.036665,1.000000,1.100000,0.000000,0.000000,-1.571000,-0.256184,1.002405,-0.221139,1.057993
42.550000,0.218316,-0.002405,1.321906,-0.174260,-0.000015,1.570820,-0.045999,1.000000,1.100000,0.000000,0.000000,-1.571000,-0.264315,1.002405,-0.221906,1.060151
42.560000,0.216944,-0.002404,1.322711,-0.174221,-0.000015,1.570819,-0.055288,1.000000,1.100000,0.000000,0.000000,-1.571000,-0.272232,1.002404,-0.222711,1.062320
42.570000,0.215404,-0.002403,1.323552,-0.174195,-0.000015,1.570818,-0.064523,1.000000,1.100000,0.000000,0.000000,-1.571000,-0.279927,1.002403,-0.223552,1.064494
42.580000,0.213701,-0.002403,1.324423,-0.174183,-0.000015,1.570817,-0.073694,1.000000,1.100000,0.000000,0.000000,-1.571000,-0.287395,1.002403,-0.224423,1.066665
42.590000,0.211836,-0.002402,1.325317,-0.174182,-0.000016,1.570817,-0.082792,1.000000,1.100000,0.000000,0.000000,-1.571000,-0.294628,1.002402,-0.225317,1.068824
42.600000,0.209812,-0.002402,1.326231,-0.174191,-0.000017,1.570817,-0.091808,1.000000,1.100000,0.000000,0.000000,-1.571000,-0.301621,1.002402,-0.226231,1.070964
42.610000,0.207631,-0.002401,1.327161,-0.174208,-0.000018,1.570818,-0.100734,1.000000,1.100000,0.000000,0.000000,-1.571000,-0.308365,1.002401,-0.227161,1.073079
42.620000,0.205293,-0.002401,1.328107,-0.174230,-0.000020,1.570818,-0.109561,1.000000,1.100000,0.000000,0.000000,-1.571000,-0.314854,1.002401,-0.228107,1.075162
42.630000,0.202801,-0.002400,1.329067,-0.174254,-0.000022,1.570819,-0.118279,1.000000,1.100000,0.000000,0.000000,-1.571000,-0.321080,1.002400,-0.229067,1.077205
42.640000,0.200157,-0.002400,1.330041,-0.174280,-0.000025,1.570820,-0.126880,1.000000,1.100000,0.000000,0.000000,-1.571000,-0.327038,1.002400,-0.230041,1.079202
42.650000,0.197362,-0.002399,1.331025,-0.174306,-0.000028,1.570820,-0.135357,1.000000,1.100000,0.000000,0.000000,-1.571000,-0.332719,1.002399,-0.231025,1.081147
42.660000,0.194417,-0.002399,1.332020,-0.174330,-0.000030,1.570820,-0.143699,1.000000,1.100000,0.000000,0.000000,-1.571000,-0.338117,1.002399,-0.232020,1.083033
42.670000,0.191324,-0.002399,1.333025,-0.174351,-0.000031,1.570819,-0.151900,1.000000,1.100000,0.000000,0.000000,-1.571000,-0.343225,1.002399,-0.233025,1.084853
42.680000,0.188085,-0.002399,1.334039,-0.174368,-0.000032,1.570819,-0.159951,1.000000,1.100000,0.000000,0.000000,-1.571000,-0.348036,1.002399,-0.234039,1.086603
42.690000,0.184700,-0.002398,1.335063,-0.174381,-0.000031,1.570818,-0.167845,1.000000,1.100000,0.000000,0.000000,-1.571000,-0.352545,1.002398,-0.235063,1.088276
42.700000,0.181171,-0.002398,1.336096,-0.174390,-0.000030,1.570817,-0.175572,1.000000,1.100000,0.000000,0.000000,-1.571000,-0.356743,1.002398,-0.236096,1.089866
42.710000,0.177500,-0.002398,1.337135,-0.174395,-0.000027,1.570816,-0.183127,1.000000,1.100000,0.000000,0.000000,-1.571000,-0.360627,1.002398,-0.237135,1.091369
42.720000,0.173691,-0.002398,1.338168,-0.174396,-0.000025,1.570815,-0.190500,1.000000,1.100000,0.000000,0.000000,-1.571000,-0.364191,1.002398,-0.238168,1.092776
42.730000,0.169745,-0.002398,1.339187,-0.174392,-0.000024,1.570814,-0.197686,1.000000,1.100000,0.000000,0.000000,-1.571000,-0.367431,1.002398,-0.239187,1.094083
42.740000,0.165666,-0.002398,1.340186,-0.174386,-0.000024,1.570814,-0.204676,1.000000,1.100000,0.000000,0.000000,-1.571000,-0.370342,1.002398,-0.240186,1.095282
42.750000,0.161455,-0.002397,1.341163,-0.174376,-0.000026,1.570814,-0.211465,1.000000,1.100000,0.000000,0.000000,-1.571000,-0.372920,1.002397,-0.241163,1.096371
42.760000,0.157114,-0.002397,1.342114,-0.174366,-0.000029,1.570814,-0.218044,1.000000,1.100000,0.000000,0.000000,-1.571000,-0.375158,1.002397,-0.242114,1.097344
42.770000,0.152644,-0.002397,1.343039,-0.174354,-0.000033,1.570815,-0.224409,1.000000,1.100000,0.000000,0.000000,-1.571000,-0.377053,1.002397,-0.243039,1.098197
42.780000,0.148047,-0.002397,1.343931,-0.174341,-0.000038,1.570815,-0.230552,1.000000,1.100000,0.000000,0.000000,-1.571000,-0.378599,1.002397,-0.243931,1.098927
42.790000,0.143327,-0.002398,1.344786,-0.174329,-0.000044,1.570816,-0.236468,1.000000,1.100000,0.000000,0.000000,-1.571000,-0.379794,1.002398,-0.244786,1.099529
42.800000,0.138483,-0.002398,1.345601,-0.174316,-0.000050,1.570817,-0.242150,1.000000,1.100000,0.000000,0.000000,-1.571000,-0.380633,1.002398,-0.245601,1.100001
42.810000,0.133519,-0.002398,1.346375,-0.174303,-0.000056,1.570818,-0.247593,1.000000,1.100000,0.000000,0.000000,-1.571000,-0.381112,1.002398,-0.246375,1.100340
42.820000,0.128434,-0.002398,1.347108,-0.174291,-0.000061,1.570819,-0.252792,1.000000,1.100000,0.000000,0.000000,-1.571000,-0.381227,1.002398,-0.247108,1.100544
42.830000,0.123231,-0.002398,1.347797,-0.174281,-0.000064,1.570820,-0.257742,1.000000,1.100000,0.000000,0.000000,-1.571000,-0.380973,1.002398,-0.247797,1.100612
42.840000,0.117912,-0.002399,1.348438,-0.174274,-0.000065,1.570820,-0.262437,1.000000,1.100000,0.000000,0.000000,-1.571000,-0.380349,1.002399,-0.248438,1.100541
42.850000,0.112478,-0.002399,1.349028,-0.174268,-0.000064,1.570819,-0.266873,1.000000,1.100000,0.000000,0.000000,-1.571000,-0.379351,1.002399,-0.249028,1.100330
42.860000,0.106930,-0.002400,1.349565,-0.174265,-0.000061,1.570819,-0.271045,1.000000,1.100000,0.000000,0.000000,-1.571000,-0.377976,1.002400,-0.249565,1.099979
42.870000,0.101271,-0.002400,1.350049,-0.174265,-0.000058,1.570818,-0.274951,1.000000,1.100000,0.000000,0.000000,-1.571000,-0.376222,1.002400,-0.250049,1.099488
42.880000,0.095501,-0.002401,1.350477,-0.174269,-0.000053,1.570817,-0.278585,1.000000,1.100000,0.000000,0.000000,-1.571000,-0.374086,1.002401,-0.250477,1.098857
42.890000,0.089621,-0.002401,1.350852,-0.174275,-0.000047,1.570816,-0.281944,1.000000,1.100000,0.000000,0.000000,-1.571000,-0.371565,1.002401,-0.250852,1.098087
42.900000,0.083633,-0.002402,1.351172,-0.174282,-0.000040,1.570815,-0.285024,1.000000,1.100000,0.000000,0.000000,-1.571000,-0.368657,1.002402,-0.251172,1.097180
42.910000,0.077537,-0.002403,1.351437,-0.174180,-0.000033,1.570813,-0.287824,1.000000,1.100000,0.000000,0.000000,-1.571000,-0.365361,1.002403,-0.251437,1.096139
42.920000,0.071336,-0.002403,1.351645,-0.173569,-0.000028,1.570809,-0.290339,1.000000,1.100000,0.000000,0.000000,-1.571000,-0.361675,1.002403,-0.251645,1.094964
42.930000,0.065031,-0.002404,1.351791,-0.172178,-0.000023,1.570802,-0.292568,1.000000,1.100000,0.000000,0.000000,-1.571000,-0.357599,1.002404,-0.251791,1.093659
42.940000,0.058625,-0.002405,1.351877,-0.169920,-0.000021,1.570793,-0.294508,1.000000,1.100000,0.000000,0.000000,-1.571000,-0.353133,1.002405,-0.251877,1.092227
42.950000,0.052121,-0.002406,1.351902,-0.166836,-0.000019,1.570784,-0.296158,1.000000,1.100000,0.000000,0.000000,-1.571000,-0.348279,1.002406,-0.251902,1.090674
42.960000,0.045523,-0.002406,1.351865,-0.163064,-0.000018,1.570776,-0.297515,1.000000,1.100000,0.000000,0.000000,-1.571000,-0.343038,1.002406,-0.251865,1.089004
42.970000,0.038836,-0.002407,1.351768,-0.158560,-0.000017,1.570770,-0.298578,1.000000,1.100000,0.000000,0.000000,-1.571000,-0.337415,1.002407,-0.251768,1.087224
42.980000,0.032065,-0.002408,1.351608,-0.152682,-0.000016,1.570763,-0.299347,1.000000,1.100000,0.000000,0.000000,-1.571000,-0.331412,1.002408,-0.251608,1.085340
42.990000,0.025216,-0.002409,1.351385,-0.145072,-0.000015,1.570754,-0.299821,1.000000,1.100000,0.000000,0.000000,-1.571000,-0.325037,1.002409,-0.251385,1.083359
43.000000,0.018297,-0.002409,1.351100,-0.135743,-0.000014,1.570743,-0.299999,1.000000,1.100000,0.000000,0.000000,-1.571000,-0.318296,1.002409,-0.251100,1.081290
43.010000,0.011318,-0.002410,1.350752,-0.124961,-0.000012,1.570735,-0.299880,1.000000,1.100000,0.000000,0.000000,-1.571000,-0.311198,1.002410,-0.250752,1.079142
43.020000,0.004289,-0.002411,1.350345,-0.113153,-0.000009,1.570732,-0.299466,1.000000,1.100000,0.000000,0.000000,-1.571000,-0.303755,1.002411,-0.250345,1.076925
43.030000,-0.002779,-0.002412,1.349879,-0.100782,-0.000005,1.570735,-0.298756,1.000000,1.100000,0.000000,0.000000,-1.571000,-0.295977,1.002412,-0.249879,1.074649
43.040000,-0.009874,-0.002413,1.349353,-0.088219,-0.000001,1.570746,-0.297751,1.000000,1.100000,0.000000,0.000000,-1.571000,-0.287877,1.002413,-0.249353,1.072325
43.050000,-0.016984,-0.002413,1.348769,-0.075844,0.000002,1.570763,-0.296452,1.000000,1.100000,0.000000,0.000000,-1.571000,-0.279468,1.002413,-0.248769,1.069963
43.060000,-0.024098,-0.002414,1.348126,-0.064032,0.000005,1.570785,-0.294861,1.000000,1.100000,0.000000,0.000000,-1.571000,-0.270763,1.002414,-0.248126,1.067574
43.070000,-0.031205,-0.002415,1.347426,-0.053107,0.000006,1.570811,-0.292979,1.000000,1.100000,0.000000,0.000000,-1.571000,-0.261774,1.002415,-0.247426,1.065167
43.080000,-0.038295,-0.002416,1.346670,-0.043317,0.000007,1.570838,-0.290808,1.000000,1.100000,0.000000,0.000000,-1.571000,-0.252513,1.002416,-0.246670,1.062754
43.090000,-0.045359,-0.002416,1.345857,-0.034825,0.000007,1.570863,-0.288350,1.000000,1.100000,0.000000,0.000000,-1.571000,-0.242991,1.002416,-0.245857,1.060344
43.100000,-0.052389,-0.002417,1.344990,-0.027704,0.000007,1.570885,-0.285607,1.000000,1.100000,0.000000,0.000000,-1.571000,-0.233217,1.002417,-0.244990,1.057946
43.110000,-0.059381,-0.002418,1.344074,-0.021525,0.000008,1.570898,-0.282582,1.000000,1.100000,0.000000,0.000000,-1.571000,-0.223202,1.002418,-0.244074,1.055572
43.120000,-0.066328,-0.002418,1.343135,-0.014686,0.000010,1.570897,-0.279279,1.000000,1.100000,0.000000,0.000000,-1.571000,-0.212951,1.002418,-0.243135,1.053236
43.130000,-0.073224,-0.002419,1.342191,-0.006034,0.000015,1.570878,-0.275699,1.000000,1.100000,0.000000,0.000000,-1.571000,-0.202475,1.002419,-0.242191,1.050950
43.140000,-0.080063,-0.002420,1.341253,0.004937,0.000023,1.570847,-0.271848,1.000000,1.100000,0.000000,0.000000,-1.571000,-0.191785,1.002420,-0.241253,1.048728
43.150000,-0.086833,-0.002420,1.340329,0.018242,0.000035,1.570808,-0.267729,1.000000,1.100000,0.000000,0.000000,-1.571000,-0.180895,1.002420,-0.240329,1.046579
43.160000,-0.093523,-0.002421,1.339422,0.033542,0.000049,1.570770,-0.263345,1.000000,1.100000,0.000000,0.000000,-1.571000,-0.169821,1.002421,-0.239422,1.044514
43.170000,-0.100118,-0.002421,1.338532,0.050266,0.000065,1.570740,-0.258701,1.000000,1.100000,0.000000,0.000000,-1.571000,-0.158583,1.002421,-0.238532,1.042542
43.180000,-0.106603,-0.002422,1.337653,0.067717,0.000080,1.570724,-0.253802,1.000000,1.100000,0.000000,0.000000,-1.571000,-0.147199,1.002422,-0.237653,1.040671
43.190000,-0.112962,-0.002422,1.336778,0.085169,0.000092,1.570723,-0.248653,1.000000,1.100000,0.000000,0.000000,-1.571000,-0.135691,1.002422,-0.236778,1.038906
43.200000,-0.119180,-0.002422,1.335903,0.101939,0.000100,1.570739,-0.243258,1.000000,1.100000,0.000000,0.000000,-1.571000,-0.124078,1.002422,-0.235903,1.037254
43.210000,-0.125241,-0.002423,1.335024,0.117446,0.000103,1.570766,-0.237623,1.000000,1.100000,0.000000,0.000000,-1.571000,-0.112382,1.002423,-0.235024,1.035721
43.220000,-0.131134,-0.002423,1.334138,0.131247,0.000100,1.570802,-0.231754,1.000000,1.100000,0.000000,0.000000,-1.571000,-0.100620,1.002423,-0.234138,1.034310
43.230000,-0.136844,-0.002423,1.333252,0.143056,0.000092,1.570841,-0.225655,1.000000,1.100000,0.000000,0.000000,-1.571000,-0.088811,1.002423,-0.233252,1.033027
43.240000,-0.142359,-0.002423,1.332390,0.152744,0.000082,1.570877,-0.219335,1.000000,1.100000,0.000000,0.000000,-1.571000,-0.076976,1.002423,-0.232390,1.031882
43.250000,-0.147668,-0.002422,1.331570,0.160323,0.000072,1.570908,-0.212797,1.000000,1.100000,0.000000,0.000000,-1.571000,-0.065130,1.002422,-0.231570,1.030882
43.260000,-0.152762,-0.002422,1.330805,0.165927,0.000065,1.570930,-0.206050,1.000000,1.100000,0.000000,0.000000,-1.571000,-0.053288,1.002422,-0.230805,1.030030
43.270000,-0.157637,-0.002422,1.330100,0.169776,0.000059,1.570942,-0.199100,1.000000,1.100000,0.000000,0.000000,-1.571000,-0.041462,1.002422,-0.230100,1.029327
43.280000,-0.162290,-0.002421,1.329460,0.172153,0.000056,1.570945,-0.191952,1.000000,1.100000,0.000000,0.000000,-1.571000,-0.029662,1.002421,-0.229460,1.028776
43.290000,-0.166720,-0.002421,1.328885,0.173364,0.000055,1.570937,-0.184616,1.000000,1.100000,0.000000,0.000000,-1.571000,-0.017896,1.002421,-0.228885,1.028376
43.300000,-0.170928,-0.002420,1.328377,0.173719,0.000055,1.570922,-0.177097,1.000000,1.100000,0.000000,0.000000,-1.571000,-0.006169,1.002420,-0.228377,1.028125
43.310000,-0.174914,-0.002420,1.327937,0.173504,0.000056,1.570900,-0.169404,1.000000,1.100000,0.000000,0.000000,-1.571000,0.005511,1.002420,-0.227937,1.028023
43.320000,-0.178682,-0.002419,1.327565,0.172967,0.000057,1.570875,-0.161543,1.000000,1.100000,0.000000,0.000000,-1.571000,0.017139,1.002419,-0.227565,1.028068
43.330000,-0.182232,-0.002418,1.327261,0.172313,0.000058,1.570847,-0.153523,1.000000,1.100000,0.000000,0.000000,-1.571000,0.028710,1.002418,-0.227261,1.028258
43.340000,-0.185569,-0.002417,1.327025,0.171691,0.000057,1.570820,-0.145351,1.000000,1.100000,0.000000,0.000000,-1.571000,0.040218,1.002417,-0.227025,1.028590
43.350000,-0.188694,-0.002416,1.326858,0.171204,0.000055,1.570795,-0.137036,1.000000,1.100000,0.000000,0.000000,-1.571000,0.051658,1.002416,-0.226858,1.029063
43.360000,-0.191611,-0.002415,1.326759,0.170909,0.000052,1.570772,-0.128586,1.000000,1.100000,0.000000,0.000000,-1.571000,0.063025,1.002415,-0.226759,1.029674
43.370000,-0.194320,-0.002414,1.326726,0.170824,0.000048,1.570754,-0.120009,1.000000,1.100000,0.000000,0.000000,-1.571000,0.074311,1.002414,-0.226726,1.030418
43.380000,-0.196825,-0.002413,1.326757,0.170939,0.000043,1.570739,-0.111313,1.000000,1.100000,0.000000,0.000000,-1.571000,0.085512,1.002413,-0.226757,1.031292
43.390000,-0.199127,-0.002412,1.326851,0.171222,0.000036,1.570729,-0.102508,1.000000,1.100000,0.000000,0.000000,-1.571000,0.096620,1.002412,-0.226851,1.032292
43.400000,-0.201229,-0.002411,1.327005,0.171629,0.000029,1.570723,-0.093601,1.000000,1.100000,0.000000,0.000000,-1.571000,0.107628,1.002411,-0.227005,1.033413
43.410000,-0.203132,-0.002410,1.327219,0.172112,0.000021,1.570720,-0.084602,1.000000,1.100000,0.000000,0.000000,-1.571000,0.118530,1.002410,-0.227219,1.034651
43.420000,-0.204837,-0.002409,1.327491,0.172625,0.000013,1.570719,-0.075519,1.000000,1.100000,0.000000,0.000000,-1.571000,0.129318,1.002409,-0.227491,1.036001
43.430000,-0.206346,-0.002408,1.327821,0.173127,0.000005,1.570721,-0.066362,1.000000,1.100000,0.000000,0.000000,-1.571000,0.139984,1.002408,-0.227821,1.037458
43.440000,-0.207660,-0.002407,1.328207,0.173585,-0.000003,1.570725,-0.057140,1.000000,1.100000,0.000000,0.000000,-1.571000,0.150520,1.002407,-0.228207,1.039016
43.450000,-0.208779,-0.002406,1.328650,0.173976,-0.000010,1.570730,-0.047861,1.000000,1.100000,0.000000,0.000000,-1.571000,0.160919,1.002406,-0.228650,1.040669
43.460000,-0.209707,-0.002405,1.329150,0.174285,-0.000015,1.570735,-0.038535,1.000000,1.100000,0.000000,0.000000,-1.571000,0.171172,1.002405,-0.229150,1.042413
43.470000,-0.210443,-0.002404,1.329705,0.174509,-0.000018,1.570741,-0.029171,1.000000,1.100000,0.000000,0.000000,-1.571000,0.181273,1.002404,-0.229705,1.044240
43.480000,-0.210990,-0.002403,1.330315,0.174650,-0.000019,1.570746,-0.019778,1.000000,1.100000,0.000000,0.000000,-1.571000,0.191212,1.002403,-0.230315,1.046144
43.490000,-0.211349,-0.002402,1.330979,0.174718,-0.000019,1.570752,-0.010365,1.000000,1.100000,0.000000,0.000000,-1.571000,0.200984,1.002402,-0.230979,1.048120
43.500000,-0.211522,-0.002401,1.331698,0.174724,-0.000018,1.570757,-0.000942,1.000000,1.100000,0.000000,0.000000,-1.571000,0.210580,1.002401,-0.231698,1.050160
43.510000,-0.211511,-0.002400,1.332470,0.174684,-0.000016,1.570761,0.008481,1.000000,1.100000,0.000000,0.000000,-1.571000,0.219992,1.002400,-0.232470,1.052257
43.520000,-0.211317,-0.002399,1.333292,0.174612,-0.000014,1.570765,0.017896,1.000000,1.100000,0.000000,0.000000,-1.571000,0.229213,1.002399,-0.233292,1.054404
43.530000,-0.210943,-0.002398,1.334163,0.174521,-0.000011,1.570768,0.027294,1.000000,1.100000,0.000000,0.000000,-1.571000,0.238237,1.002398,-0.234163,1.056594
43.540000,-0.210390,-0.002398,1.335081,0.174425,-0.000008,1.570770,0.036665,1.000000,1.100000,0.000000,0.000000,-1.571000,0.247055,1.002398,-0.235081,1.058820
43.550000,-0.209661,-0.002397,1.336045,0.174331,-0.000005,1.570772,0.045999,1.000000,1.100000,0.000000,0.000000,-1.571000,0.255660,1.002397,-0.236045,1.061075
43.560000,-0.208757,-0.002396,1.337055,0.174248,-0.000002,1.570773,0.055288,1.000000,1.100000,0.000000,0.000000,-1.571000,0.264046,1.002396,-0.237055,1.063350
43.570000,-0.207681,-0.002396,1.338108,0.174180,-0.000001,1.570774,0.064523,1.000000,1.100000,0.000000,0.000000,-1.571000,0.272204,1.002396,-0.238108,1.065639
43.580000,-0.206435,-0.002395,1.339196,0.174131,-0.000000,1.570775,0.073694,1.000000,1.100000,0.000000,0.000000,-1.571000,0.280128,1.002395,-0.239196,1.067934
43.590000,-0.205022,-0.002394,1.340313,0.174100,-0.000001,1.570776,0.082792,1.000000,1.100000,0.000000,0.000000,-1.571000,0.287814,1.002394,-0.240313,1.070225
43.600000,-0.203444,-0.002393,1.341455,0.174087,-0.000005,1.570776,0.091808,1.000000,1.100000,0.000000,0.000000,-1.571000,0.295252,1.002393,-0.241455,1.072505
43.610000,-0.201703,-0.002393,1.342619,0.174089,-0.000010,1.570776,0.100734,1.000000,1.100000,0.000000,0.000000,-1.571000,0.302437,1.002393,-0.242619,1.074767