t,drone_x,drone_y,drone_z,drone_roll,drone_pitch,drone_yaw,flower_x,flower_y,flower_z,flower_roll,flower_pitch,flower_yaw,dx,dy,dz,distance
0.010000,0.000000,0.000000,0.099560,0.000000,0.000000,1.570000,-0.300000,1.000000,1.100000,0.000000,0.000000,-1.571000,-0.300000,1.000000,1.000440,1.445988
0.020000,0.000000,0.000000,0.098148,-0.000000,0.000001,1.570000,-0.300000,1.000000,1.100000,0.000000,0.000000,-1.571000,-0.300000,1.000000,1.001852,1.446965
0.030000,0.000000,0.000000,0.095773,-0.000000,0.000003,1.570000,-0.300000,1.000000,1.100000,0.000000,0.000000,-1.571000,-0.300000,1.000000,1.004227,1.448610
0.040000,0.000000,0.000000,0.092445,-0.000000,0.000006,1.570000,-0.300000,1.000000,1.100000,0.000000,0.000000,-1.571000,-0.300000,1.000000,1.007555,1.450920
0.050000,0.000000,0.000000,0.088171,-0.000000,0.000013,1.570000,-0.300000,1.000000,1.100000,0.000000,0.000000,-1.571000,-0.300000,1.000000,1.011829,1.453891
0.060000,0.000000,0.000000,0.082960,-0.000000,0.000022,1.570000,-0.300000,1.000000,1.100000,0.000000,0.000000,-1.571000,-0.300000,1.000000,1.017040,1.457522
0.070000,0.000000,0.000000,0.076822,-0.000000,0.000035,1.570000,-0.300000,1.000000,1.100000,0.000000,0.000000,-1.571000,-0.300000,1.000000,1.023178,1.461811
0.080000,0.000000,0.000000,0.069765,-0.000000,0.000052,1.570000,-0.300000,1.000000,1.100000,0.000000,0.000000,-1.571000,-0.300000,1.000000,1.030235,1.466760
0.090000,0.000000,0.000000,0.061797,-0.000000,0.000075,1.570000,-0.300000,1.000000,1.100000,0.000000,0.000000,-1.571000,-0.300000,1.000000,1.038203,1.472368
0.100000,0.000000,0.000000,0.052926,-0.000000,0.000103,1.570000,-0.300000,1.000000,1.100000,0.000000,0.000000,-1.571000,-0.300000,1.000000,1.047074,1.478636
0.110000,0.000000,0.000000,0.043162,0.000000,0.000137,1.570000,-0.300000,1.000000,1.100000,0.000000,0.000000,-1.571000,-0.300000,1.000000,1.056838,1.485566
0.120000,0.000000,-0.000004,0.035000,-0.000000,-0.000001,1.570000,-0.300000,1.000000,1.100000,0.000000,0.000000,-1.571000,-0.300000,1.000004,1.065000,1.491387
0.130000,0.000000,-0.000014,0.034914,-0.000000,-0.000430,1.570000,-0.300000,1.000000,1.100000,0.000000,0.000000,-1.571000,-0.300000,1.000014,1.065086,1.491454
0.140000,0.000000,-0.000025,0.034824,-0.000000,-0.000879,1.570000,-0.300000,1.000000,1.100000,0.000000,0.000000,-1.571000,-0.300000,1.000025,1.065176,1.491526
0.150000,0.000000,-0.000030,0.034803,-0.000000,-0.000987,1.570000,-0.300000,1.000000,1.100000,0.000000,0.000000,-1.571000,-0.300000,1.000030,1.065197,1.491545
0.160000,-0.000000,-0.000035,0.034799,-0.000000,-0.001007,1.570000,-0.300000,1.000000,1.100000,0.000000,0.000000,-1.571000,-0.300000,1.000035,1.065201,1.491551
0.170000,-0.000000,-0.000041,0.034798,-0.000000,-0.001010,1.570000,-0.300000,1.000000,1.100000,0.000000,0.000000,-1.571000,-0.300000,1.000041,1.065202,1.491555
0.180000,-0.000000,-0.000048,0.034798,-0.000000,-0.001012,1.570000,-0.300000,1.000000,1.100000,0.000000,0.000000,-1.571000,-0.300000,1.000048,1.065202,1.491560
0.190000,-0.000001,-0.000057,0.034797,-0.000000,-0.001014,1.570000,-0.300000,1.000000,1.100000,0.000000,0.000000,-1.571000,-0.299999,1.000057,1.065203,1.491566
0.200000,-0.000001,-0.000065,0.034797,-0.000000,-0.001014,1.570001,-0.300000,1.000000,1.100000,0.000000,0.000000,-1.571000,-0.299999,1.000065,1.065203,1.491572
0.210000,-0.000001,-0.000073,0.034797,-0.000000,-0.001015,1.570001,-0.300000,1.000000,1.100000,0.000000,0.000000,-1.571000,-0.299999,1.000073,1.065203,1.491577
0.220000,-0.000001,-0.000082,0.034797,-0.000000,-0.001015,1.570001,-0.300000,1.000000,1.100000,0.000000,0.000000,-1.571000,-0.299999,1.000082,1.065203,1.491583
0.230000,-0.000001,-0.000090,0.034797,-0.000000,-0.001015,1.570001,-0.300000,1.000000,1.100000,0.000000,0.000000,-1.571000,-0.299999,1.000090,1.065203,1.491589
0.240000,-0.000002,-0.000098,0.034797,-0.000000,-0.001015,1.570001,-0.300000,1.000000,1.100000,0.000000,0.000000,-1.571000,-0.299998,1.000098,1.065203,1.491594
0.250000,-0.000002,-0.000107,0.034797,-0.000000,-0.001015,1.570002,-0.300000,1.000000,1.100000,0.000000,0.000000,-1.571000,-0.299998,1.000107,1.065203,1.491600
0.260000,-0.000002,-0.000115,0.034797,-0.000000,-0.001015,1.570002,-0.300000,1.000000,1.100000,0.000000,0.000000,-1.571000,-0.299998,1.000115,1.065203,1.491605
0.270000,-0.000002,-0.000124,0.034797,-0.000000,-0.001015,1.570002,-0.300000,1.000000,1.100000,0.000000,0.000000,-1.571000,-0.299998,1.000124,1.065203,1.491611
0.280000,-0.000003,-0.000132,0.034797,-0.000000,-0.001015,1.570002,-0.300000,1.000000,1.100000,0.000000,0.000000,-1.571000,-0.299997,1.000132,1.065203,1.491616
0.290000,-0.000003,-0.000140,0.034797,-0.000000,-0.001015,1.570002,-0.300000,1.000000,1.100000,0.000000,0.000000,-1.571000,-0.299997,1.000140,1.065203,1.491622
0.300000,-0.000003,-0.000149,0.034797,-0.000000,-0.001015,1.570003,-0.300000,1.000000,1.100000,0.000000,0.000000,-1.571000,-0.299997,1.000149,1.065203,1.491628
0.310000,-0.000003,-0.000157,0.034797,-0.000000,-0.001015,1.570003,-0.300000,1.000000,1.100000,0.000000,0.000000,-1.571000,-0.299997,1.000157,1.065203,1.491633
0.320000,-0.000003,-0.000165,0.034797,-0.000000,-0.001015,1.570003,-0.300000,1.000000,1.100000,0.000000,0.000000,-1.571000,-0.299997,1.000165,1.065203,1.491639
0.330000,-0.000004,-0.000174,0.034797,-0.000000,-0.001015,1.570003,-0.300000,1.000000,1.100000,0.000000,0.000000,-1.571000,-0.299996,1.000174,1.065203,1.491644
0.340000,-0.000004,-0.000182,0.034797,-0.000000,-0.001015,1.570003,-0.300000,1.000000,1.100000,0.000000,0.000000,-1.571000,-0.299996,1.000182,1.065203,1.491650
0.350000,-0.000004,-0.000190,0.034797,-0.000000,-0.001015,1.570004,-0.300000,1.000000,1.100000,0.000000,0.000000,-1.571000,-0.299996,1.000190,1.065203,1.491655
0.360000,-0.000004,-0.000199,0.034797,-0.000000,-0.001015,1.570004,-0.300000,1.000000,1.100000,0.000000,0.000000,-1.571000,-0.299996,1.000199,1.065203,1.491661
0.370000,-0.000005,-0.000207,0.034797,-0.000000,-0.001015,1.570004,-0.300000,1.000000,1.100000,0.000000,0.000000,-1.571000,-0.299995,1.000207,1.065203,1.491667
0.380000,-0.000005,-0.000216,0.034797,-0.000000,-0.001015,1.570004,-0.300000,1.000000,1.100000,0.000000,0.000000,-1.571000,-0.299995,1.000216,1.065203,1.491672
0.390000,-0.000005,-0.000224,0.034797,-0.000000,-0.001015,1.570004,-0.300000,1.000000,1.100000,0.000000,0.000000,-1.571000,-0.299995,1.000224,1.065203,1.491678
0.400000,-0.000005,-0.000232,0.034797,-0.000000,-0.001015,1.570005,-0.300000,1.000000,1.100000,0.000000,0.000000,-1.571000,-0.299995,1.000232,1.065203,1.491683
0.410000,-0.000005,-0.000241,0.034797,-0.000000,-0.001015,1.570005,-0.300000,1.000000,1.100000,0.000000,0.000000,-1.571000,-0.299995,1.000241,1.065203,1.491689
0.420000,-0.000006,-0.000249,0.034797,-0.000000,-0.001015,1.570005,-0.300000,1.000000,1.100000,0.000000,0.000000,-1.571000,-0.299994,1.000249,1.065203,1.491694
0.430000,-0.000006,-0.000257,0.034797,-0.000000,-0.001015,1.570005,-0.300000,1.000000,1.100000,0.000000,0.000000,-1.571000,-0.299994,1.000257,1.065203,1.491700
0.440000,-0.000006,-0.000266,0.034797,-0.000000,-0.001015,1.570005,-0.300000,1.000000,1.100000,0.000000,0.000000,-1.571000,-0.299994,1.000266,1.065203,1.491705
0.450000,-0.000006,-0.000274,0.034797,-0.000000,-0.001015,1.570006,-0.300000,1.000000,1.100000,0.000000,0.000000,-1.571000,-0.299994,1.000274,1.065203,1.491711
0.460000,-0.000007,-0.000283,0.034797,-0.000000,-0.001015,1.570006,-0.300000,1.000000,1.100000,0.000000,0.000000,-1.571000,-0.299993,1.000283,1.065203,1.491717
0.470000,-0.000007,-0.000291,0.034797,-0.000000,-0.001015,1.570006,-0.300000,1.000000,1.100000,0.000000,0.000000,-1.571000,-0.299993,1.000291,1.065203,1.491722
0.480000,-0.000007,-0.000299,0.034797,-0.000000,-0.001015,1.570006,-0.300000,1.000000,1.100000,0.000000,0.000000,-1.571000,-0.299993,1.000299,1.065203,1.491728
0.490000,-0.000007,-0.000308,0.034797,-0.000000,-0.001015,1.570006,-0.300000,1.000000,1.100000,0.000000,0.000000,-1.571000,-0.299993,1.000308,1.065203,1.491733
0.500000,-0.000007,-0.000316,0.034797,-0.000000,-0.001015,1.570007,-0.300000,1.000000,1.100000,0.000000,0.000000,-1.571000,-0.299993,1.000316,1.065203,1.491739
0.510000,-0.000008,-0.000324,0.034797,-0.000000,-0.001015,1.570007,-0.300000,1.000000,1.100000,0.000000,0.000000,-1.571000,-0.299992,1.000324,1.065203,1.491744
0.520000,-0.000008,-0.000333,0.034797,-0.000000,-0.001015,1.570007,-0.300000,1.000000,1.100000,0.000000,0.000000,-1.571000,-0.299992,1.000333,1.065203,1.491750
0.530000,-0.000008,-0.000341,0.034797,-0.000000,-0.001015,1.570007,-0.300000,1.000000,1.100000,0.000000,0.000000,-1.571000,-0.299992,1.000341,1.065203,1.491756
0.540000,-0.000008,-0.000350,0.034797,-0.000000,-0.001015,1.570007,-0.300000,1.000000,1.100000,0.000000,0.000000,-1.571000,-0.299992,1.000350,1.065203,1.491761
0.550000,-0.000009,-0.000358,0.034797,-0.000000,-0.001015,1.570008,-0.300000,1.000000,1.100000,0.000000,0.000000,-1.571000,-0.299991,1.000358,1.065203,1.491767
0.560000,-0.000009,-0.000366,0.034797,-0.000000,-0.001015,1.570008,-0.300000,1.000000,1.100000,0.000000,0.000000,-1.571000,-0.299991,1.000366,1.065203,1.491772
0.570000,-0.000009,-0.000375,0.034797,-0.000000,-0.001015,1.570008,-0.300000,1.000000,1.100000,0.000000,0.000000,-1.571000,-0.299991,1.000375,1.065203,1.491778
0.580000,-0.000009,-0.000383,0.034797,-0.000000,-0.001015,1.570008,-0.300000,1.000000,1.100000,0.000000,0.000000,-1.571000,-0.299991,1.000383,1.065203,1.491783
0.590000,-0.000009,-0.000391,0.034797,-0.000000,-0.001015,1.570008,-0.300000,1.000000,1.100000,0.000000,0.000000,-1.571000,-0.299991,1.000391,1.065203,1.491789
0.600000,-0.000010,-0.000400,0.034797,-0.000000,-0.001015,1.570009,-0.300000,1.000000,1.100000,0.000000,0.000000,-1.571000,-0.299990,1.000400,1.065203,1.491795
0.610000,-0.000010,-0.000408,0.034797,-0.000000,-0.001015,1.570009,-0.300000,1.000000,1.100000,0.000000,0.000000,-1.571000,-0.299990,1.000408,1.065203,1.491800
0.620000,-0.000010,-0.000417,0.034797,-0.000000,-0.001015,1.570009,-0.300000,1.000000,1.100000,0.000000,0.000000,-1.571000,-0.299990,1.000417,1.065203,1.491806
0.630000,-0.000010,-0.000425,0.034797,-0.000000,-0.001015,1.570009,-0.300000,1.000000,1.100000,0.000000,0.000000,-1.571000,-0.299990,1.000425,1.065203,1.491811
0.640000,-0.000011,-0.000433,0.034797,-0.000000,-0.001015,1.570009,-0.300000,1.000000,1.100000,0.000000,0.000000,-1.571000,-0.299989,1.000433,1.065203,1.491817
0.650000,-0.000011,-0.000442,0.034797,-0.000000,-0.001015,1.570010,-0.300000,1.000000,1.100000,0.000000,0.000000,-1.571000,-0.299989,1.000442,1.065203,1.491822
0.660000,-0.000011,-0.000450,0.034797,-0.000000,-0.001015,1.570010,-0.300000,1.000000,1.100000,0.000000,0.000000,-1.571000,-0.299989,1.000450,1.065203,1.491828
0.670000,-0.000011,-0.000458,0.034797,-0.000000,-0.001015,1.570010,-0.300000,1.000000,1.100000,0.000000,0.000000,-1.571000,-0.299989,1.000458,1.065203,1.491834
0.680000,-0.000011,-0.000467,0.034797,-0.000000,-0.001015,1.570010,-0.300000,1.000000,1.100000,0.000000,0.000000,-1.571000,-0.299989,1.000467,1.065203,1.491839
0.690000,-0.000012,-0.000475,0.034797,-0.000000,-0.001015,1.570010,-0.300000,1.000000,1.100000,0.000000,0.000000,-1.571000,-0.299988,1.000475,1.065203,1.491845
0.700000,-0.000012,-0.000484,0.034797,-0.000000,-0.001015,1.570011,-0.300000,1.000000,1.100000,0.000000,0.000000,-1.571000,-0.299988,1.000484,1.065203,1.491850
0.710000,-0.000012,-0.000492,0.034797,-0.000000,-0.001015,1.570011,-0.300000,1.000000,1.100000,0.000000,0.000000,-1.571000,-0.299988,1.000492,1.065203,1.491856
0.720000,-0.000012,-0.000500,0.034797,-0.000000,-0.001015,1.570011,-0.300000,1.000000,1.100000,0.000000,0.000000,-1.571000,-0.299988,1.000500,1.065203,1.491861
0.730000,-0.000013,-0.000509,0.034797,-0.000000,-0.001015,1.570011,-0.300000,1.000000,1.100000,0.000000,0.000000,-1.571000,-0.299987,1.000509,1.065203,1.491867
0.740000,-0.000013,-0.000517,0.034797,-0.000000,-0.001015,1.570011,-0.300000,1.000000,1.100000,0.000000,0.000000,-1.571000,-0.299987,1.000517,1.065203,1.491873
0.750000,-0.000013,-0.000525,0.034797,-0.000000,-0.001015,1.570011,-0.300000,1.000000,1.100000,0.000000,0.000000,-1.571000,-0.299987,1.000525,1.065203,1.491878
0.760000,-0.000013,-0.000534,0.034797,-0.000000,-0.001015,1.570012,-0.300000,1.000000,1.100000,0.000000,0.000000,-1.571000,-0.299987,1.000534,1.065203,1.491884
0.770000,-0.000014,-0.000542,0.034797,-0.000000,-0.001015,1.570012,-0.300000,1.000000,1.100000,0.000000,0.000000,-1.571000,-0.299986,1.000542,1.065203,1.491889
0.780000,-0.000014,-0.000551,0.034797,-0.000000,-0.001015,1.570012,-0.300000,1.000000,1.100000,0.000000,0.000000,-1.571000,-0.299986,1.000551,1.065203,1.491895
0.790000,-0.000014,-0.000559,0.034797,-0.000000,-0.001015,1.570012,-0.300000,1.000000,1.100000,0.000000,0.000000,-1.571000,-0.299986,1.000559,1.065203,1.491900
0.800000,-0.000014,-0.000567,0.034797,-0.000000,-0.001015,1.570012,-0.300000,1.000000,1.100000,0.000000,0.000000,-1.571000,-0.299986,1.000567,1.065203,1.491906
0.810000,-0.000014,-0.000576,0.034797,-0.000000,-0.001015,1.570013,-0.300000,1.000000,1.100000,0.000000,0.000000,-1.571000,-0.299986,1.000576,1.065203,1.491912
0.820000,-0.000015,-0.000584,0.034797,-0.000000,-0.001015,1.570013,-0.300000,1.000000,1.100000,0.000000,0.000000,-1.571000,-0.299985,1.000584,1.065203,1.491917
0.830000,-0.000015,-0.000592,0.034797,-0.000000,-0.001015,1.570013,-0.300000,1.000000,1.100000,0.000000,0.000000,-1.571000,-0.299985,1.000592,1.065203,1.491923
0.840000,-0.000015,-0.000601,0.034797,-0.000000,-0.001015,1.570013,-0.300000,1.000000,1.100000,0.000000,0.000000,-1.571000,-0.299985,1.000601,1.065203,1.491928
0.850000,-0.000015,-0.000609,0.034797,-0.000000,-0.001015,1.570013,-0.300000,1.000000,1.100000,0.000000,0.000000,-1.571000,-0.299985,1.000609,1.065203,1.491934
0.860000,-0.000016,-0.000618,0.034797,-0.000000,-0.001015,1.570014,-0.300000,1.000000,1.100000,0.000000,0.000000,-1.571000,-0.299984,1.000618,1.065203,1.491939
0.870000,-0.000016,-0.000626,0.034797,-0.000000,-0.001015,1.570014,-0.300000,1.000000,1.100000,0.000000,0.000000,-1.571000,-0.299984,1.000626,1.065203,1.491945
0.880000,-0.000016,-0.000634,0.034797,-0.000000,-0.001015,1.570014,-0.300000,1.000000,1.100000,0.000000,0.000000,-1.571000,-0.299984,1.000634,1.065203,1.491951
0.890000,-0.000016,-0.000643,0.034797,-0.000000,-0.001015,1.570014,-0.300000,1.000000,1.100000,0.000000,0.000000,-1.571000,-0.299984,1.000643,1.065203,1.491956
0.900000,-0.000016,-0.000651,0.034797,-0.000000,-0.001015,1.570014,-0.300000,1.000000,1.100000,0.000000,0.000000,-1.571000,-0.299984,1.000651,1.065203,1.491962
0.910000,-0.000017,-0.000659,0.034797,-0.000000,-0.001015,1.570015,-0.300000,1.000000,1.100000,0.000000,0.000000,-1.571000,-0.299983,1.000659,1.065203,1.491967
0.920000,-0.000017,-0.000668,0.034797,-0.000000,-0.001015,1.570015,-0.300000,1.000000,1.100000,0.000000,0.000000,-1.571000,-0.299983,1.000668,1.065203,1.491973
0.930000,-0.000017,-0.000676,0.034797,-0.000000,-0.001015,1.570015,-0.300000,1.000000,1.100000,0.000000,0.000000,-1.571000,-0.299983,1.000676,1.065203,1.491978
0.940000,-0.000017,-0.000685,0.034797,-0.000000,-0.001015,1.570015,-0.300000,1.000000,1.100000,0.000000,0.000000,-1.571000,-0.299983,1.000685,1.065203,1.491984
0.950000,-0.000018,-0.000693,0.034797,-0.000000,-0.001015,1.570015,-0.300000,1.000000,1.100000,0.000000,0.000000,-1.571000,-0.299982,1.000693,1.065203,1.491990
0.960000,-0.000018,-0.000701,0.034797,-0.000000,-0.001015,1.570016,-0.300000,1.000000,1.100000,0.000000,0.000000,-1.571000,-0.299982,1.000701,1.065203,1.491995
0.970000,-0.000018,-0.000710,0.034797,-0.000000,-0.001015,1.570016,-0.300000,1.000000,1.100000,0.000000,0.000000,-1.571000,-0.299982,1.000710,1.065203,1.492001
0.980000,-0.000018,-0.000718,0.034797,-0.000000,-0.001015,1.570016,-0.300000,1.000000,1.100000,0.000000,0.000000,-1.571000,-0.299982,1.000718,1.065203,1.492006
0.990000,-0.000018,-0.000726,0.034797,-0.000000,-0.001015,1.570016,-0.300000,1.000000,1.100000,0.000000,0.000000,-1.571000,-0.299982,1.000726,1.065203,1.492012
1.000000,-0.000019,-0.000735,0.034797,-0.000000,-0.001015,1.570016,-0.300000,1.000000,1.100000,0.000000,0.000000,-1.571000,-0.299981,1.000735,1.065203,1.492017
1.010000,-0.000019,-0.000743,0.034797,-0.000000,-0.001015,1.570017,-0.300000,1.000000,1.100000,0.000000,0.000000,-1.571000,-0.299981,1.000743,1.065203,1.492023
1.020000,-0.000019,-0.000752,0.034797,-0.000000,-0.001015,1.570017,-0.300000,1.000000,1.100000,0.000000,0.000000,-1.571000,-0.299981,1.000752,1.065203,1.492029
1.030000,-0.000019,-0.000760,0.034797,-0.000000,-0.001015,1.570017,-0.300000,1.000000,1.100000,0.000000,0.000000,-1.571000,-0.299981,1.000760,1.065203,1.492034
1.040000,-0.000020,-0.000768,0.034797,-0.000000,-0.001015,1.570017,-0.300000,1.000000,1.100000,0.000000,0.000000,-1.571000,-0.299980,1.000768,1.065203,1.492040
1.050000,-0.000020,-0.000777,0.034797,-0.000000,-0.001015,1.570017,-0.300000,1.000000,1.100000,0.000000,0.000000,-1.571000,-0.299980,1.000777,1.065203,1.492045
1.060000,-0.000020,-0.000785,0.034797,-0.000000,-0.001015,1.570018,-0.300000,1.000000,1.100000,0.000000,0.000000,-1.571000,-0.299980,1.000785,1.065203,1.492051
1.070000,-0.000020,-0.000793,0.034797,-0.000000,-0.001015,1.570018,-0.300000,1.000000,1.100000,0.000000,0.000000,-1.571000,-0.299980,1.000793,1.065203,1.492056
1.080000,-0.000020,-0.000802,0.034797,-0.000000,-0.001015,1.570018,-0.300000,1.000000,1.100000,0.000000,0.000000,-1.571000,-0.299980,1.000802,1.065203,1.492062
1.090000,-0.000021,-0.000810,0.034797,-0.000000,-0.001015,1.570018,-0.300000,1.000000,1.100000,0.000000,0.000000,-1.571000,-0.299979,1.000810,1.065203,1.492068
1.100000,-0.000021,-0.000819,0.034797,-0.000000,-0.001015,1.570018,-0.300000,1.000000,1.100000,0.000000,0.000000,-1.571000,-0.299979,1.000819,1.065203,1.492073
1.110000,-0.000021,-0.000827,0.034797,-0.000000,-0.001015,1.570019,-0.300000,1.000000,1.100000,0.000000,0.000000,-1.571000,-0.299979,1.000827,1.065203,1.492079
1.120000,-0.000021,-0.000835,0.034797,-0.000000,-0.001015,1.570019,-0.300000,1.000000,1.100000,0.000000,0.000000,-1.571000,-0.299979,1.000835,1.065203,1.492084
1.130000,-0.000022,-0.000844,0.034797,-0.000000,-0.001015,1.570019,-0.300000,1.000000,1.100000,0.000000,0.000000,-1.571000,-0.299978,1.000844,1.065203,1.492090
1.140000,-0.000022,-0.000852,0.034797,-0.000000,-0.001015,1.570019,-0.300000,1.000000,1.100000,0.000000,0.000000,-1.571000,-0.299978,1.000852,1.065203,1.492095
1.150000,-0.000022,-0.000860,0.034797,-0.000000,-0.001015,1.570019,-0.300000,1.000000,1.100000,0.000000,0.000000,-1.571000,-0.299978,1.000860,1.065203,1.492101
1.160000,-0.000022,-0.000869,0.034797,-0.000000,-0.001015,1.570020,-0.300000,1.000000,1.100000,0.000000,0.000000,-1.571000,-0.299978,1.000869,1.065203,1.492107
1.170000,-0.000022,-0.000877,0.034797,-0.000000,-0.001015,1.570020,-0.300000,1.000000,1.100000,0.000000,0.000000,-1.571000,-0.299978,1.000877,1.065203,1.492112
1.180000,-0.000023,-0.000885,0.034797,-0.000000,-0.001015,1.570020,-0.300000,1.000000,1.100000,0.000000,0.000000,-1.571000,-0.299977,1.000885,1.065203,1.492118
1.190000,-0.000023,-0.000894,0.034797,-0.000000,-0.001015,1.570020,-0.300000,1.000000,1.100000,0.000000,0.000000,-1.571000,-0.299977,1.000894,1.065203,1.492123
1.200000,-0.000023,-0.000902,0.034797,-0.000000,-0.001015,1.570020,-0.300000,1.000000,1.100000,0.000000,0.000000,-1.571000,-0.299977,1.000902,1.065203,1.492129
1.210000,-0.000023,-0.000911,0.034797,-0.000000,-0.001015,1.570021,-0.300000,1.000000,1.100000,0.000000,0.000000,-1.571000,-0.299977,1.000911,1.065203,1.492134
1.220000,-0.000024,-0.000919,0.034797,-0.000000,-0.001015,1.570021,-0.300000,1.000000,1.100000,0.000000,0.000000,-1.571000,-0.299976,1.000919,1.065203,1.492140
1.230000,-0.000024,-0.000927,0.034797,-0.000000,-0.001015,1.570021,-0.300000,1.000000,1.100000,0.000000,0.000000,-1.571000,-0.299976,1.000927,1.065203,1.492146
1.240000,-0.000024,-0.000936,0.034797,-0.000000,-0.001015,1.570021,-0.300000,1.000000,1.100000,0.000000,0.000000,-1.571000,-0.299976,1.000936,1.065203,1.492151
1.250000,-0.000024,-0.000944,0.034797,-0.000000,-0.001015,1.570021,-0.300000,1.000000,1.100000,0.000000,0.000000,-1.571000,-0.299976,1.000944,1.065203,1.492157
1.260000,-0.000024,-0.000952,0.034797,-0.000000,-0.001015,1.570022,-0.300000,1.000000,1.100000,0.000000,0.000000,-1.571000,-0.299976,1.000952,1.065203,1.492162
1.270000,-0.000025,-0.000961,0.034797,-0.000000,-0.001015,1.570022,-0.300000,1.000000,1.100000,0.000000,0.000000,-1.571000,-0.299975,1.000961,1.065203,1.492168
1.280000,-0.000025,-0.000969,0.034797,-0.000000,-0.001015,1.570022,-0.300000,1.000000,1.100000,0.000000,0.000000,-1.571000,-0.299975,1.000969,1.065203,1.492173
1.290000,-0.000025,-0.000978,0.034797,-0.000000,-0.001015,1.570022,-0.300000,1.000000,1.100000,0.000000,0.000000,-1.571000,-0.299975,1.000978,1.065203,1.492179
1.300000,-0.000025,-0.000986,0.034797,-0.000000,-0.001015,1.570022,-0.300000,1.000000,1.100000,0.000000,0.000000,-1.571000,-0.299975,1.000986,1.065203,1.492185
1.310000,-0.000026,-0.000994,0.034797,-0.000000,-0.001015,1.570023,-0.300000,1.000000,1.100000,0.000000,0.000000,-1.571000,-0.299974,1.000994,1.065203,1.492190
1.320000,-0.000026,-0.001003,0.034797,-0.000000,-0.001015,1.570023,-0.300000,1.000000,1.100000,0.000000,0.000000,-1.571000,-0.299974,1.001003,1.065203,1.492196
1.330000,-0.000026,-0.001011,0.034797,-0.000000,-0.001015,1.570023,-0.300000,1.000000,1.100000,0.000000,0.000000,-1.571000,-0.299974,1.001011,1.065203,1.492201
1.340000,-0.000026,-0.001019,0.034797,-0.000000,-0.001015,1.570023,-0.300000,1.000000,1.100000,0.000000,0.000000,-1.571000,-0.299974,1.001019,1.065203,1.492207
1.350000,-0.000026,-0.001028,0.034797,-0.000000,-0.001015,1.570023,-0.300000,1.000000,1.100000,0.000000,0.000000,-1.571000,-0.299974,1.001028,1.065203,1.492212
1.360000,-0.000027,-0.001036,0.034797,-0.000000,-0.001015,1.570024,-0.300000,1.000000,1.100000,0.000000,0.000000,-1.571000,-0.299973,1.001036,1.065203,1.492218
1.370000,-0.000027,-0.001045,0.034797,-0.000000,-0.001015,1.570024,-0.300000,1.000000,1.100000,0.000000,0.000000,-1.571000,-0.299973,1.001045,1.065203,1.492224
1.380000,-0.000027,-0.001053,0.034797,-0.000000,-0.001015,1.570024,-0.300000,1.000000,1.100000,0.000000,0.000000,-1.571000,-0.299973,1.001053,1.065203,1.492229
1.390000,-0.000027,-0.001061,0.034797,-0.000000,-0.001015,1.570024,-0.300000,1.000000,1.100000,0.000000,0.000000,-1.571000,-0.299973,1.001061,1.065203,1.492235
1.400000,-0.000028,-0.001070,0.034797,-0.000000,-0.001015,1.570024,-0.300000,1.000000,1.100000,0.000000,0.000000,-1.571000,-0.299972,1.001070,1.065203,1.492240
1.410000,-0.000028,-0.001078,0.034797,-0.000000,-0.001015,1.570025,-0.300000,1.000000,1.100000,0.000000,0.000000,-1.571000,-0.299972,1.001078,1.065203,1.492246
1.420000,-0.000028,-0.001086,0.034797,-0.000000,-0.001015,1.570025,-0.300000,1.000000,1.100000,0.000000,0.000000,-1.571000,-0.299972,1.001086,1.065203,1.492251
1.430000,-0.000028,-0.001095,0.034797,-0.000000,-0.001015,1.570025,-0.300000,1.000000,1.100000,0.000000,0.000000,-1.571000,-0.299972,1.001095,1.065203,1.492257
1.440000,-0.000028,-0.001103,0.034797,-0.000000,-0.001015,1.570025,-0.300000,1.000000,1.100000,0.000000,0.000000,-1.571000,-0.299972,1.001103,1.065203,1.492263
1.450000,-0.000029,-0.001112,0.034797,-0.000000,-0.001015,1.570025,-0.300000,1.000000,1.100000,0.000000,0.000000,-1.571000,-0.299971,1.001112,1.065203,1.492268
1.460000,-0.000029,-0.001120,0.034797,-0.000000,-0.001015,1.570026,-0.300000,1.000000,1.100000,0.000000,0.000000,-1.571000,-0.299971,1.001120,1.065203,1.492274
1.470000,-0.000029,-0.001128,0.034797,-0.000000,-0.001015,1.570026,-0.300000,1.000000,1.100000,0.000000,0.000000,-1.571000,-0.299971,1.001128,1.065203,1.492279
1.480000,-0.000029,-0.001137,0.034797,-0.000000,-0.001015,1.570026,-0.300000,1.000000,1.100000,0.000000,0.000000,-1.571000,-0.299971,1.001137,1.065203,1.492285
1.490000,-0.000030,-0.001145,0.034797,-0.000000,-0.001015,1.570026,-0.300000,1.000000,1.100000,0.000000,0.000000,-1.571000,-0.299970,1.001145,1.065203,1.492290
1.500000,-0.000030,-0.001153,0.034797,-0.000000,-0.001015,1.570026,-0.300000,1.000000,1.100000,0.000000,0.000000,-1.571000,-0.299970,1.001153,1.065203,1.492296
1.510000,-0.000030,-0.001162,0.034797,-0.000000,-0.001015,1.570027,-0.300000,1.000000,1.100000,0.000000,0.000000,-1.571000,-0.299970,1.001162,1.065203,1.492302
1.520000,-0.000030,-0.001170,0.034797,-0.000000,-0.001015,1.570027,-0.300000,1.000000,1.100000,0.000000,0.000000,-1.571000,-0.299970,1.001170,1.065203,1.492307
1.530000,-0.000030,-0.001179,0.034797,-0.000000,-0.001015,1.570027,-0.300000,1.000000,1.100000,0.000000,0.000000,-1.571000,-0.299970,1.001179,1.065203,1.492313
1.540000,-0.000031,-0.001187,0.034797,-0.000000,-0.001015,1.570027,-0.300000,1.000000,1.100000,0.000000,0.000000,-1.571000,-0.299969,1.001187,1.065203,1.492318
1.550000,-0.000031,-0.001195,0.034797,-0.000000,-0.001015,1.570027,-0.300000,1.000000,1.100000,0.000000,0.000000,-1.571000,-0.299969,1.001195,1.065203,1.492324
1.560000,-0.000031,-0.001204,0.034797,-0.000000,-0.001015,1.570028,-0.300000,1.000000,1.100000,0.000000,0.000000,-1.571000,-0.299969,1.001204,1.065203,1.492330
1.570000,-0.000031,-0.001212,0.034797,-0.000000,-0.001015,1.570028,-0.300000,1.000000,1.100000,0.000000,0.000000,-1.571000,-0.299969,1.001212,1.065203,1.492335
1.580000,-0.000032,-0.001220,0.034797,-0.000000,-0.001015,1.570028,-0.300000,1.000000,1.100000,0.000000,0.000000,-1.571000,-0.299968,1.001220,1.065203,1.492341
1.590000,-0.000032,-0.001229,0.034797,-0.000000,-0.001015,1.570028,-0.300000,1.000000,1.100000,0.000000,0.000000,-1.571000,-0.299968,1.001229,1.065203,1.492346
1.600000,-0.000032,-0.001237,0.034797,-0.000000,-0.001015,1.570028,-0.300000,1.000000,1.100000,0.000000,0.000000,-1.571000,-0.299968,1.001237,1.065203,1.492352
1.610000,-0.000032,-0.001246,0.034797,-0.000000,-0.001015,1.570029,-0.300000,1.000000,1.100000,0.000000,0.000000,-1.571000,-0.299968,1.001246,1.065203,1.492357
1.620000,-0.000032,-0.001254,0.034797,-0.000000,-0.001015,1.570029,-0.300000,1.000000,1.100000,0.000000,0.000000,-1.571000,-0.299968,1.001254,1.065203,1.492363
1.630000,-0.000033,-0.001262,0.034797,-0.000000,-0.001015,1.570029,-0.300000,1.000000,1.100000,0.000000,0.000000,-1.571000,-0.299967,1.001262,1.065203,1.492369
1.640000,-0.000033,-0.001271,0.034797,-0.000000,-0.001015,1.570029,-0.300000,1.000000,1.100000,0.000000,0.000000,-1.571000,-0.299967,1.001271,1.065203,1.492374
1.650000,-0.000033,-0.001279,0.034797,-0.000000,-0.001015,1.570029,-0.300000,1.000000,1.100000,0.000000,0.000000,-1.571000,-0.299967,1.001279,1.065203,1.492380
1.660000,-0.000033,-0.001287,0.034797,-0.000000,-0.001015,1.570030,-0.300000,1.000000,1.100000,0.000000,0.000000,-1.571000,-0.299967,1.001287,1.065203,1.492385
1.670000,-0.000034,-0.001296,0.034797,-0.000000,-0.001015,1.570030,-0.300000,1.000000,1.100000,0.000000,0.000000,-1.571000,-0.299966,1.001296,1.065203,1.492391
1.680000,-0.000034,-0.001304,0.034797,-0.000000,-0.001015,1.570030,-0.300000,1.000000,1.100000,0.000000,0.000000,-1.571000,-0.299966,1.001304,1.065203,1.492396
1.690000,-0.000034,-0.001313,0.034797,-0.000000,-0.001015,1.570030,-0.300000,1.000000,1.100000,0.000000,0.000000,-1.571000,-0.299966,1.001313,1.065203,1.492402
1.700000,-0.000034,-0.001321,0.034797,-0.000000,-0.001015,1.570030,-0.300000,1.000000,1.100000,0.000000,0.000000,-1.571000,-0.299966,1.001321,1.065203,1.492408
1.710000,-0.000035,-0.001329,0.034797,-0.000000,-0.001015,1.570031,-0.300000,1.000000,1.100000,0.000000,0.000000,-1.571000,-0.299965,1.001329,1.065203,1.492413
1.720000,-0.000035,-0.001338,0.034797,-0.000000,-0.001015,1.570031,-0.300000,1.000000,1.100000,0.000000,0.000000,-1.571000,-0.299965,1.001338,1.065203,1.492419
1.730000,-0.000035,-0.001346,0.034797,-0.000000,-0.001015,1.570031,-0.300000,1.000000,1.100000,0.000000,0.000000,-1.571000,-0.299965,1.001346,1.065203,1.492424
1.740000,-0.000035,-0.001354,0.034797,-0.000000,-0.001015,1.570031,-0.300000,1.000000,1.100000,0.000000,0.000000,-1.571000,-0.299965,1.001354,1.065203,1.492430
1.750000,-0.000035,-0.001363,0.034797,-0.000000,-0.001015,1.570031,-0.300000,1.000000,1.100000,0.000000,0.000000,-1.571000,-0.299965,1.001363,1.065203,1.492435
1.760000,-0.000036,-0.001371,0.034797,-0.000000,-0.001015,1.570031,-0.300000,1.000000,1.100000,0.000000,0.000000,-1.571000,-0.299964,1.001371,1.065203,1.492441
1.770000,-0.000036,-0.001380,0.034797,-0.000000,-0.001015,1.570032,-0.300000,1.000000,1.100000,0.000000,0.000000,-1.571000,-0.299964,1.001380,1.065203,1.492447
1.780000,-0.000036,-0.001388,0.034797,-0.000000,-0.001015,1.570032,-0.300000,1.000000,1.100000,0.000000,0.000000,-1.571000,-0.299964,1.001388,1.065203,1.492452
1.790000,-0.000036,-0.001396,0.034797,-0.000000,-0.001015,1.570032,-0.300000,1.000000,1.100000,0.000000,0.000000,-1.571000,-0.299964,1.001396,1.065203,1.492458
1.800000,-0.000037,-0.001405,0.034797,-0.000000,-0.001015,1.570032,-0.300000,1.000000,1.100000,0.000000,0.000000,-1.571000,-0.299963,1.001405,1.065203,1.492463
1.810000,-0.000037,-0.001413,0.034797,-0.000000,-0.001015,1.570032,-0.300000,1.000000,1.100000,0.000000,0.000000,-1.571000,-0.299963,1.001413,1.065203,1.492469
1.820000,-0.000037,-0.001421,0.034797,-0.000000,-0.001015,1.570033,-0.300000,1.000000,1.100000,0.000000,0.000000,-1.571000,-0.299963,1.001421,1.065203,1.492474
1.830000,-0.000037,-0.001430,0.034797,-0.000000,-0.001015,1.570033,-0.300000,1.000000,1.100000,0.000000,0.000000,-1.571000,-0.299963,1.001430,1.065203,1.492480
1.840000,-0.000037,-0.001438,0.034797,-0.000000,-0.001015,1.570033,-0.300000,1.000000,1.100000,0.000000,0.000000,-1.571000,-0.299963,1.001438,1.065203,1.492486
1.850000,-0.000038,-0.001447,0.034797,-0.000000,-0.001015,1.570033,-0.300000,1.000000,1.100000,0.000000,0.000000,-1.571000,-0.299962,1.001447,1.065203,1.492491
1.860000,-0.000038,-0.001455,0.034797,-0.000000,-0.001015,1.570033,-0.300000,1.000000,1.100000,0.000000,0.000000,-1.571000,-0.299962,1.001455,1.065203,1.492497
1.870000,-0.000038,-0.001463,0.034797,-0.000000,-0.001015,1.570034,-0.300000,1.000000,1.100000,0.000000,0.000000,-1.571000,-0.299962,1.001463,1.065203,1.492502
1.880000,-0.000038,-0.001472,0.034797,-0.000000,-0.001015,1.570034,-0.300000,1.000000,1.100000,0.000000,0.000000,-1.571000,-0.299962,1.001472,1.065203,1.492508
1.890000,-0.000039,-0.001480,0.034797,-0.000000,-0.001015,1.570034,-0.300000,1.000000,1.100000,0.000000,0.000000,-1.571000,-0.299961,1.001480,1.065203,1.492513
1.900000,-0.000039,-0.001488,0.034797,-0.000000,-0.001015,1.570034,-0.300000,1.000000,1.100000,0.000000,0.000000,-1.571000,-0.299961,1.001488,1.065203,1.492519
1.910000,-0.000039,-0.001497,0.034797,-0.000000,-0.001015,1.570034,-0.300000,1.000000,1.100000,0.000000,0.000000,-1.571000,-0.299961,1.001497,1.065203,1.492525
1.920000,-0.000039,-0.001505,0.034797,-0.000000,-0.001015,1.570035,-0.300000,1.000000,1.100000,0.000000,0.000000,-1.571000,-0.299961,1.001505,1.065203,1.492530
1.930000,-0.000039,-0.001514,0.034797,-0.000000,-0.001015,1.570035,-0.300000,1.000000,1.100000,0.000000,0.000000,-1.571000,-0.299961,1.001514,1.065203,1.492536
1.940000,-0.000040,-0.001522,0.034797,-0.000000,-0.001015,1.570035,-0.300000,1.000000,1.100000,0.000000,0.000000,-1.571000,-0.299960,1.001522,1.065203,1.492541
1.950000,-0.000040,-0.001530,0.034797,-0.000000,-0.001015,1.570035,-0.300000,1.000000,1.100000,0.000000,0.000000,-1.571000,-0.299960,1.001530,1.065203,1.492547
1.960000,-0.000040,-0.001539,0.034797,-0.000000,-0.001015,1.570035,-0.300000,1.000000,1.100000,0.000000,0.000000,-1.571000,-0.299960,1.001539,1.065203,1.492552
1.970000,-0.000040,-0.001547,0.034797,-0.000000,-0.001015,1.570036,-0.300000,1.000000,1.100000,0.000000,0.000000,-1.571000,-0.299960,1.001547,1.065203,1.492558
1.980000,-0.000041,-0.001555,0.034797,-0.000000,-0.001015,1.570036,-0.300000,1.000000,1.100000,0.000000,0.000000,-1.571000,-0.299959,1.001555,1.065203,1.492564
1.990000,-0.000041,-0.001564,0.034797,-0.000000,-0.001015,1.570036,-0.300000,1.000000,1.100000,0.000000,0.000000,-1.571000,-0.299959,1.001564,1.065203,1.492569
2.000000,-0.000041,-0.001572,0.034797,-0.000000,-0.001015,1.570036,-0.300000,1.000000,1.100000,0.000000,0.000000,-1.571000,-0.299959,1.001572,1.065203,1.492575
2.010000,-0.000041,-0.001581,0.034797,-0.000000,-0.001015,1.570036,-0.300000,1.000000,1.100000,0.000000,0.000000,-1.571000,-0.299959,1.001581,1.065203,1.492580
2.020000,-0.000041,-0.001589,0.034797,-0.000000,-0.001015,1.570037,-0.300000,1.000000,1.100000,0.000000,0.000000,-1.571000,-0.299959,1.001589,1.065203,1.492586
2.030000,-0.000042,-0.001597,0.034797,-0.000000,-0.001015,1.570037,-0.300000,1.000000,1.100000,0.000000,0.000000,-1.571000,-0.299958,1.001597,1.065203,1.492591
2.040000,-0.000042,-0.001606,0.034797,-0.000000,-0.001015,1.570037,-0.300000,1.000000,1.100000,0.000000,0.000000,-1.571000,-0.299958,1.001606,1.065203,1.492597
2.050000,-0.000042,-0.001614,0.034797,-0.000000,-0.001015,1.570037,-0.300000,1.000000,1.100000,0.000000,0.000000,-1.571000,-0.299958,1.001614,1.065203,1.492603
2.060000,-0.000042,-0.001622,0.034797,-0.000000,-0.001015,1.570037,-0.300000,1.000000,1.100000,0.000000,0.000000,-1.571000,-0.299958,1.001622,1.065203,1.492608
2.070000,-0.000043,-0.001631,0.034797,-0.000000,-0.001015,1.570038,-0.300000,1.000000,1.100000,0.000000,0.000000,-1.571000,-0.299957,1.001631,1.065203,1.492614
2.080000,-0.000043,-0.001639,0.034797,-0.000000,-0.001015,1.570038,-0.300000,1.000000,1.100000,0.000000,0.000000,-1.571000,-0.299957,1.001639,1.065203,1.492619
2.090000,-0.000043,-0.001647,0.034797,-0.000000,-0.001015,1.570038,-0.300000,1.000000,1.100000,0.000000,0.000000,-1.571000,-0.299957,1.001647,1.065203,1.492625
2.100000,-0.000043,-0.001656,0.034797,-0.000000,-0.001015,1.570038,-0.300000,1.000000,1.100000,0.000000,0.000000,-1.571000,-0.299957,1.001656,1.065203,1.492630
2.110000,-0.000043,-0.001664,0.034797,-0.000000,-0.001015,1.570038,-0.300000,1.000000,1.100000,0.000000,0.000000,-1.571000,-0.299957,1.001664,1.065203,1.492636
2.120000,-0.000044,-0.001673,0.034797,-0.000000,-0.001015,1.570039,-0.300000,1.000000,1.100000,0.000000,0.000000,-1.571000,-0.299956,1.001673,1.065203,1.492642
2.130000,-0.000044,-0.001681,0.034797,-0.000000,-0.001015,1.570039,-0.300000,1.000000,1.100000,0.000000,0.000000,-1.571000,-0.299956,1.001681,1.065203,1.492647
2.140000,-0.000044,-0.001689,0.034797,-0.000000,-0.001015,1.570039,-0.300000,1.000000,1.100000,0.000000,0.000000,-1.571000,-0.299956,1.001689,1.065203,1.492653
2.150000,-0.000044,-0.001698,0.034797,-0.000000,-0.001015,1.570039,-0.300000,1.000000,1.100000,0.000000,0.000000,-1.571000,-0.299956,1.001698,1.065203,1.492658
2.160000,-0.000045,-0.001706,0.034797,-0.000000,-0.001015,1.570039,-0.300000,1.000000,1.100000,0.000000,0.000000,-1.571000,-0.299955,1.001706,1.065203,1.492664
2.170000,-0.000045,-0.001714,0.034797,-0.000000,-0.001015,1.570040,-0.300000,1.000000,1.100000,0.000000,0.000000,-1.571000,-0.299955,1.001714,1.065203,1.492669
2.180000,-0.000045,-0.001723,0.034797,-0.000000,-0.001015,1.570040,-0.300000,1.000000,1.100000,0.000000,0.000000,-1.571000,-0.299955,1.001723,1.065203,1.492675
2.190000,-0.000045,-0.001731,0.034797,-0.000000,-0.001015,1.570040,-0.300000,1.000000,1.100000,0.000000,0.000000,-1.571000,-0.299955,1.001731,1.065203,1.492681
2.200000,-0.000045,-0.001740,0.034797,-0.000000,-0.001015,1.570040,-0.300000,1.000000,1.100000,0.000000,0.000000,-1.571000,-0.299955,1.001740,1.065203,1.492686
2.210000,-0.000046,-0.001748,0.034797,-0.000000,-0.001015,1.570040,-0.300000,1.000000,1.100000,0.000000,0.000000,-1.571000,-0.299954,1.001748,1.065203,1.492692
2.220000,-0.000046,-0.001756,0.034797,-0.000000,-0.001015,1.570041,-0.300000,1.000000,1.100000,0.000000,0.000000,-1.571000,-0.299954,1.001756,1.065203,1.492697
2.230000,-0.000046,-0.001765,0.034797,-0.000000,-0.001015,1.570041,-0.300000,1.000000,1.100000,0.000000,0.000000,-1.571000,-0.299954,1.001765,1.065203,1.492703
2.240000,-0.000046,-0.001773,0.034797,-0.000000,-0.001015,1.570041,-0.300000,1.000000,1.100000,0.000000,0.000000,-1.571000,-0.299954,1.001773,1.065203,1.492709
2.250000,-0.000047,-0.001781,0.034797,-0.000000,-0.001015,1.570041,-0.300000,1.000000,1.100000,0.000000,0.000000,-1.571000,-0.299953,1.001781,1.065203,1.492714
2.260000,-0.000047,-0.001790,0.034797,-0.000000,-0.001015,1.570041,-0.300000,1.000000,1.100000,0.000000,0.000000,-1.571000,-0.299953,1.001790,1.065203,1.492720
2.270000,-0.000047,-0.001798,0.034797,-0.000000,-0.001015,1.570042,-0.300000,1.000000,1.100000,0.000000,0.000000,-1.571000,-0.299953,1.001798,1.065203,1.492725
2.280000,-0.000047,-0.001807,0.034797,-0.000000,-0.001015,1.570042,-0.300000,1.000000,1.100000,0.000000,0.000000,-1.571000,-0.299953,1.001807,1.065203,1.492731
2.290000,-0.000047,-0.001815,0.034797,-0.000000,-0.001015,1.570042,-0.300000,1.000000,1.100000,0.000000,0.000000,-1.571000,-0.299953,1.001815,1.065203,1.492736
2.300000,-0.000048,-0.001823,0.034797,-0.000000,-0.001015,1.570042,-0.300000,1.000000,1.100000,0.000000,0.000000,-1.571000,-0.299952,1.001823,1.065203,1.492742
2.310000,-0.000048,-0.001832,0.034797,-0.000000,-0.001015,1.570042,-0.300000,1.000000,1.100000,0.000000,0.000000,-1.571000,-0.299952,1.001832,1.065203,1.492748
2.320000,-0.000048,-0.001840,0.034797,-0.000000,-0.001015,1.570043,-0.300000,1.000000,1.100000,0.000000,0.000000,-1.571000,-0.299952,1.001840,1.065203,1.492753
2.330000,-0.000048,-0.001848,0.034797,-0.000000,-0.001015,1.570043,-0.300000,1.000000,1.100000,0.000000,0.000000,-1.571000,-0.299952,1.001848,1.065203,1.492759
2.340000,-0.000049,-0.001857,0.034797,-0.000000,-0.001015,1.570043,-0.300000,1.000000,1.100000,0.000000,0.000000,-1.571000,-0.299951,1.001857,1.065203,1.492764
2.350000,-0.000049,-0.001865,0.034797,-0.000000,-0.001015,1.570043,-0.300000,1.000000,1.100000,0.000000,0.000000,-1.571000,-0.299951,1.001865,1.065203,1.492770
2.360000,-0.000049,-0.001874,0.034797,-0.000000,-0.001015,1.570043,-0.300000,1.000000,1.100000,0.000000,0.000000,-1.571000,-0.299951,1.001874,1.065203,1.492775
2.370000,-0.000049,-0.001882,0.034797,-0.000000,-0.001015,1.570044,-0.300000,1.000000,1.100000,0.000000,0.000000,-1.571000,-0.299951,1.001882,1.065203,1.492781
2.380000,-0.000049,-0.001890,0.034797,-0.000000,-0.001015,1.570044,-0.300000,1.000000,1.100000,0.000000,0.000000,-1.571000,-0.299951,1.001890,1.065203,1.492787
2.390000,-0.000050,-0.001899,0.034797,-0.000000,-0.001015,1.570044,-0.300000,1.000000,1.100000,0.000000,0.000000,-1.571000,-0.299950,1.001899,1.065203,1.492792
2.400000,-0.000050,-0.001907,0.034797,-0.000000,-0.001015,1.570044,-0.300000,1.000000,1.100000,0.000000,0.000000,-1.571000,-0.299950,1.001907,1.065203,1.492798
2.410000,-0.000050,-0.001915,0.034797,-0.000000,-0.001015,1.570044,-0.300000,1.000000,1.100000,0.000000,0.000000,-1.571000,-0.299950,1.001915,1.065203,1.492803
2.420000,-0.000050,-0.001924,0.034797,-0.000000,-0.001015,1.570045,-0.300000,1.000000,1.100000,0.000000,0.000000,-1.571000,-0.299950,1.001924,1.065203,1.492809
2.430000,-0.000051,-0.001932,0.034797,-0.000000,-0.001015,1.570045,-0.300000,1.000000,1.100000,0.000000,0.000000,-1.571000,-0.299949,1.001932,1.065203,1.492814
2.440000,-0.000051,-0.001941,0.034797,-0.000000,-0.001015,1.570045,-0.300000,1.000000,1.100000,0.000000,0.000000,-1.571000,-0.299949,1.001941,1.065203,1.492820
2.450000,-0.000051,-0.001949,0.034797,-0.000000,-0.001015,1.570045,-0.300000,1.000000,1.100000,0.000000,0.000000,-1.571000,-0.299949,1.001949,1.065203,1.492826
2.460000,-0.000051,-0.001957,0.034797,-0.000000,-0.001015,1.570045,-0.300000,1.000000,1.100000,0.000000,0.000000,-1.571000,-0.299949,1.001957,1.065203,1.492831
2.470000,-0.000052,-0.001966,0.034797,-0.000000,-0.001015,1.570046,-0.300000,1.000000,1.100000,0.000000,0.000000,-1.571000,-0.299948,1.001966,1.065203,1.492837
2.480000,-0.000052,-0.001974,0.034797,-0.000000,-0.001015,1.570046,-0.300000,1.000000,1.100000,0.000000,0.000000,-1.571000,-0.299948,1.001974,1.065203,1.492842
2.490000,-0.000052,-0.001982,0.034797,-0.000000,-0.001015,1.570046,-0.300000,1.000000,1.100000,0.000000,0.000000,-1.571000,-0.299948,1.001982,1.065203,1.492848
2.500000,-0.000052,-0.001991,0.034797,-0.000000,-0.001015,1.570046,-0.300000,1.000000,1.100000,0.000000,0.000000,-1.571000,-0.299948,1.001991,1.065203,1.492853
2.510000,-0.000052,-0.001999,0.034797,-0.000000,-0.001015,1.570046,-0.300000,1.000000,1.100000,0.000000,0.000000,-1.571000,-0.299948,1.001999,1.065203,1.492859
2.520000,-0.000053,-0.002008,0.034797,-0.000000,-0.001015,1.570047,-0.300000,1.000000,1.100000,0.000000,0.000000,-1.571000,-0.299947,1.002008,1.065203,1.492865
2.530000,-0.000053,-0.002016,0.034797,-0.000000,-0.001015,1.570047,-0.300000,1.000000,1.100000,0.000000,0.000000,-1.571000,-0.299947,1.002016,1.065203,1.492870
2.540000,-0.000053,-0.002024,0.034797,-0.000000,-0.001015,1.570047,-0.300000,1.000000,1.100000,0.000000,0.000000,-1.571000,-0.299947,1.002024,1.065203,1.492876
2.550000,-0.000053,-0.002033,0.034797,-0.000000,-0.001015,1.570047,-0.300000,1.000000,1.100000,0.000000,0.000000,-1.571000,-0.299947,1.002033,1.065203,1.492881
2.560000,-0.000054,-0.002041,0.034797,-0.000000,-0.001015,1.570047,-0.300000,1.000000,1.100000,0.000000,0.000000,-1.571000,-0.299946,1.002041,1.065203,1.492887
2.570000,-0.000054,-0.002049,0.034797,-0.000000,-0.001015,1.570048,-0.300000,1.000000,1.100000,0.000000,0.000000,-1.571000,-0.299946,1.002049,1.065203,1.492892
2.580000,-0.000054,-0.002058,0.034797,-0.000000,-0.001015,1.570048,-0.300000,1.000000,1.100000,0.000000,0.000000,-1.571000,-0.299946,1.002058,1.065203,1.492898
2.590000,-0.000054,-0.002066,0.034797,-0.000000,-0.001015,1.570048,-0.300000,1.000000,1.100000,0.000000,0.000000,-1.571000,-0.299946,1.002066,1.065203,1.492904
2.600000,-0.000054,-0.002075,0.034797,-0.000000,-0.001015,1.570048,-0.300000,1.000000,1.100000,0.000000,0.000000,-1.571000,-0.299946,1.002075,1.065203,1.492909
2.610000,-0.000055,-0.002083,0.034797,-0.000000,-0.001015,1.570048,-0.300000,1.000000,1.100000,0.000000,0.000000,-1.571000,-0.299945,1.002083,1.065203,1.492915
2.620000,-0.000055,-0.002091,0.034797,-0.000000,-0.001015,1.570049,-0.300000,1.000000,1.100000,0.000000,0.000000,-1.571000,-0.299945,1.002091,1.065203,1.492920
2.630000,-0.000055,-0.002100,0.034797,-0.000000,-0.001015,1.570049,-0.300000,1.000000,1.100000,0.000000,0.000000,-1.571000,-0.299945,1.002100,1.065203,1.492926
2.640000,-0.000055,-0.002108,0.034797,-0.000000,-0.001015,1.570049,-0.300000,1.000000,1.100000,0.000000,0.000000,-1.571000,-0.299945,1.002108,1.065203,1.492932
2.650000,-0.000056,-0.002116,0.034797,-0.000000,-0.001015,1.570049,-0.300000,1.000000,1.100000,0.000000,0.000000,-1.571000,-0.299944,1.002116,1.065203,1.492937
2.660000,-0.000056,-0.002125,0.034797,-0.000000,-0.001015,1.570049,-0.300000,1.000000,1.100000,0.000000,0.000000,-1.571000,-0.299944,1.002125,1.065203,1.492943
2.670000,-0.000056,-0.002133,0.034797,-0.000000,-0.001015,1.570049,-0.300000,1.000000,1.100000,0.000000,0.000000,-1.571000,-0.299944,1.002133,1.065203,1.492948
2.680000,-0.000056,-0.002142,0.034797,-0.000000,-0.001015,1.570050,-0.300000,1.000000,1.100000,0.000000,0.000000,-1.571000,-0.299944,1.002142,1.065203,1.492954
2.690000,-0.000056,-0.002150,0.034797,-0.000000,-0.001015,1.570050,-0.300000,1.000000,1.100000,0.000000,0.000000,-1.571000,-0.299944,1.002150,1.065203,1.492959
2.700000,-0.000057,-0.002158,0.034797,-0.000000,-0.001015,1.570050,-0.300000,1.000000,1.100000,0.000000,0.000000,-1.571000,-0.299943,1.002158,1.065203,1.492965
2.710000,-0.000057,-0.002167,0.034797,-0.000000,-0.001015,1.570050,-0.300000,1.000000,1.100000,0.000000,0.000000,-1.571000,-0.299943,1.002167,1.065203,1.492971
2.720000,-0.000057,-0.002175,0.034797,-0.000000,-0.001015,1.570050,-0.300000,1.000000,1.100000,0.000000,0.000000,-1.571000,-0.299943,1.002175,1.065203,1.492976
2.730000,-0.000057,-0.002183,0.034797,-0.000000,-0.001015,1.570051,-0.300000,1.000000,1.100000,0.000000,0.000000,-1.571000,-0.299943,1.002183,1.065203,1.492982
2.740000,-0.000058,-0.002192,0.034797,-0.000000,-0.001015,1.570051,-0.300000,1.000000,1.100000,0.000000,0.000000,-1.571000,-0.299942,1.002192,1.065203,1.492987
2.750000,-0.000058,-0.002200,0.034797,-0.000000,-0.001015,1.570051,-0.300000,1.000000,1.100000,0.000000,0.000000,-1.571000,-0.299942,1.002200,1.065203,1.492993
2.760000,-0.000058,-0.002209,0.034797,-0.000000,-0.001015,1.570051,-0.300000,1.000000,1.100000,0.000000,0.000000,-1.571000,-0.299942,1.002209,1.065203,1.492998
2.770000,-0.000058,-0.002217,0.034797,-0.000000,-0.001015,1.570051,-0.300000,1.000000,1.100000,0.000000,0.000000,-1.571000,-0.299942,1.002217,1.065203,1.493004
2.780000,-0.000058,-0.002225,0.034797,-0.000000,-0.001015,1.570052,-0.300000,1.000000,1.100000,0.000000,0.000000,-1.571000,-0.299942,1.002225,1.065203,1.493010
2.790000,-0.000059,-0.002234,0.034797,-0.000000,-0.001015,1.570052,-0.300000,1.000000,1.100000,0.000000,0.000000,-1.571000,-0.299941,1.002234,1.065203,1.493015
2.800000,-0.000059,-0.002242,0.034797,-0.000000,-0.001015,1.570052,-0.300000,1.000000,1.100000,0.000000,0.000000,-1.571000,-0.299941,1.002242,1.065203,1.493021
2.810000,-0.000059,-0.002250,0.034797,-0.000000,-0.001015,1.570052,-0.300000,1.000000,1.100000,0.000000,0.000000,-1.571000,-0.299941,1.002250,1.065203,1.493026
2.820000,-0.000059,-0.002259,0.034797,-0.000000,-0.001015,1.570052,-0.300000,1.000000,1.100000,0.000000,0.000000,-1.571000,-0.299941,1.002259,1.065203,1.493032
2.830000,-0.000060,-0.002267,0.034797,-0.000000,-0.001015,1.570053,-0.300000,1.000000,1.100000,0.000000,0.000000,-1.571000,-0.299940,1.002267,1.065203,1.493037
2.840000,-0.000060,-0.002276,0.034797,-0.000000,-0.001015,1.570053,-0.300000,1.000000,1.100000,0.000000,0.000000,-1.571000,-0.299940,1.002276,1.065203,1.493043
2.850000,-0.000060,-0.002284,0.034797,-0.000000,-0.001015,1.570053,-0.300000,1.000000,1.100000,0.000000,0.000000,-1.571000,-0.299940,1.002284,1.065203,1.493049
2.860000,-0.000060,-0.002292,0.034797,-0.000000,-0.001015,1.570053,-0.300000,1.000000,1.100000,0.000000,0.000000,-1.571000,-0.299940,1.002292,1.065203,1.493054
2.870000,-0.000060,-0.002301,0.034797,-0.000000,-0.001015,1.570053,-0.300000,1.000000,1.100000,0.000000,0.000000,-1.571000,-0.299940,1.002301,1.065203,1.493060
2.880000,-0.000061,-0.002309,0.034797,-0.000000,-0.001015,1.570054,-0.300000,1.000000,1.100000,0.000000,0.000000,-1.571000,-0.299939,1.002309,1.065203,1.493065
2.890000,-0.000061,-0.002317,0.034797,-0.000000,-0.001015,1.570054,-0.300000,1.000000,1.100000,0.000000,0.000000,-1.571000,-0.299939,1.002317,1.065203,1.493071
2.900000,-0.000061,-0.002326,0.034797,-0.000000,-0.001015,1.570054,-0.300000,1.000000,1.100000,0.000000,0.000000,-1.571000,-0.299939,1.002326,1.065203,1.493076
2.910000,-0.000061,-0.002334,0.034797,-0.000000,-0.001015,1.570054,-0.300000,1.000000,1.100000,0.000000,0.000000,-1.571000,-0.299939,1.002334,1.065203,1.493082
2.920000,-0.000062,-0.002342,0.034797,-0.000000,-0.001015,1.570054,-0.300000,1.000000,1.100000,0.000000,0.000000,-1.571000,-0.299938,1.002342,1.065203,1.493088
2.930000,-0.000062,-0.002351,0.034797,-0.000000,-0.001015,1.570055,-0.300000,1.000000,1.100000,0.000000,0.000000,-1.571000,-0.299938,1.002351,1.065203,1.493093
2.940000,-0.000062,-0.002359,0.034797,-0.000000,-0.001015,1.570055,-0.300000,1.000000,1.100000,0.000000,0.000000,-1.571000,-0.299938,1.002359,1.065203,1.493099
2.950000,-0.000062,-0.002368,0.034797,-0.000000,-0.001015,1.570055,-0.300000,1.000000,1.100000,0.000000,0.000000,-1.571000,-0.299938,1.002368,1.065203,1.493104
2.960000,-0.000062,-0.002376,0.034797,-0.000000,-0.001015,1.570055,-0.300000,1.000000,1.100000,0.000000,0.000000,-1.571000,-0.299938,1.002376,1.065203,1.493110
2.970000,-0.000063,-0.002384,0.034797,-0.000000,-0.001015,1.570055,-0.300000,1.000000,1.100000,0.000000,0.000000,-1.571000,-0.299937,1.002384,1.065203,1.493116
2.980000,-0.000063,-0.002393,0.034797,-0.000000,-0.001015,1.570056,-0.300000,1.000000,1.100000,0.000000,0.000000,-1.571000,-0.299937,1.002393,1.065203,1.493121
2.990000,-0.000063,-0.002401,0.034797,-0.000000,-0.001015,1.570056,-0.300000,1.000000,1.100000,0.000000,0.000000,-1.571000,-0.299937,1.002401,1.065203,1.493127
3.000000,-0.000063,-0.002409,0.034797,-0.000000,-0.001015,1.570056,-0.300000,1.000000,1.100000,0.000000,0.000000,-1.571000,-0.299937,1.002409,1.065203,1.493132
3.010000,-0.000064,-0.002418,0.034797,-0.000000,-0.001015,1.570056,-0.300000,1.000000,1.100000,0.000000,0.000000,-1.571000,-0.299936,1.002418,1.065203,1.493138
3.020000,-0.000064,-0.002426,0.034797,-0.000000,-0.001015,1.570056,-0.300000,1.000000,1.100000,0.000000,0.000000,-1.571000,-0.299936,1.002426,1.065203,1.493143
3.030000,-0.000064,-0.002435,0.034797,-0.000000,-0.001015,1.570057,-0.300000,1.000000,1.100000,0.000000,0.000000,-1.571000,-0.299936,1.002435,1.065203,1.493149
3.040000,-0.000064,-0.002443,0.034797,-0.000000,-0.001015,1.570057,-0.300000,1.000000,1.100000,0.000000,0.000000,-1.571000,-0.299936,1.002443,1.065203,1.493155
3.050000,-0.000065,-0.002451,0.034797,-0.000000,-0.001015,1.570057,-0.300000,1.000000,1.100000,0.000000,0.000000,-1.571000,-0.299935,1.002451,1.065203,1.493160
3.060000,-0.000065,-0.002460,0.034797,-0.000000,-0.001015,1.570057,-0.300000,1.000000,1.100000,0.000000,0.000000,-1.571000,-0.299935,1.002460,1.065203,1.493166
3.070000,-0.000065,-0.002468,0.034797,-0.000000,-0.001015,1.570057,-0.300000,1.000000,1.100000,0.000000,0.000000,-1.571000,-0.299935,1.002468,1.065203,1.493171
3.080000,-0.000065,-0.002476,0.034797,-0.000000,-0.001015,1.570058,-0.300000,1.000000,1.100000,0.000000,0.000000,-1.571000,-0.299935,1.002476,1.065203,1.493177
3.090000,-0.000065,-0.002485,0.034797,-0.000000,-0.001015,1.570058,-0.300000,1.000000,1.100000,0.000000,0.000000,-1.571000,-0.299935,1.002485,1.065203,1.493182
3.100000,-0.000066,-0.002493,0.034797,-0.000000,-0.001015,1.570058,-0.300000,1.000000,1.100000,0.000000,0.000000,-1.571000,-0.299934,1.002493,1.065203,1.493188
3.110000,-0.000066,-0.002502,0.034797,-0.000000,-0.001015,1.570058,-0.300000,1.000000,1.100000,0.000000,0.000000,-1.571000,-0.299934,1.002502,1.065203,1.493194
3.120000,-0.000066,-0.002510,0.034797,-0.000000,-0.001015,1.570058,-0.300000,1.000000,1.100000,0.000000,0.000000,-1.571000,-0.299934,1.002510,1.065203,1.493199
3.130000,-0.000066,-0.002518,0.034797,-0.000000,-0.001015,1.570059,-0.300000,1.000000,1.100000,0.000000,0.000000,-1.571000,-0.299934,1.002518,1.065203,1.493205
3.140000,-0.000067,-0.002527,0.034797,-0.000000,-0.001015,1.570059,-0.300000,1.000000,1.100000,0.000000,0.000000,-1.571000,-0.299933,1.002527,1.065203,1.493210
3.150000,-0.000067,-0.002535,0.034797,-0.000000,-0.001015,1.570059,-0.300000,1.000000,1.100000,0.000000,0.000000,-1.571000,-0.299933,1.002535,1.065203,1.493216
3.160000,-0.000067,-0.002543,0.034797,-0.000000,-0.001015,1.570059,-0.300000,1.000000,1.100000,0.000000,0.000000,-1.571000,-0.299933,1.002543,1.065203,1.493221
3.170000,-0.000067,-0.002552,0.034797,-0.000000,-0.001015,1.570059,-0.300000,1.000000,1.100000,0.000000,0.000000,-1.571000,-0.299933,1.002552,1.065203,1.493227
3.180000,-0.000067,-0.002560,0.034797,-0.000000,-0.001015,1.570060,-0.300000,1.000000,1.100000,0.000000,0.000000,-1.571000,-0.299933,1.002560,1.065203,1.493233
3.190000,-0.000068,-0.002569,0.034797,-0.000000,-0.001015,1.570060,-0.300000,1.000000,1.100000,0.000000,0.000000,-1.571000,-0.299932,1.002569,1.065203,1.493238
3.200000,-0.000068,-0.002577,0.034797,-0.000000,-0.001015,1.570060,-0.300000,1.000000,1.100000,0.000000,0.000000,-1.571000,-0.299932,1.002577,1.065203,1.493244
3.210000,-0.000068,-0.002585,0.034797,-0.000000,-0.001015,1.570060,-0.300000,1.000000,1.100000,0.000000,0.000000,-1.571000,-0.299932,1.002585,1.065203,1.493249
3.220000,-0.000068,-0.002594,0.034797,-0.000000,-0.001015,1.570060,-0.300000,1.000000,1.100000,0.000000,0.000000,-1.571000,-0.299932,1.002594,1.065203,1.493255
3.230000,-0.000069,-0.002602,0.034797,-0.000000,-0.001015,1.570061,-0.300000,1.000000,1.100000,0.000000,0.000000,-1.571000,-0.299931,1.002602,1.065203,1.493261
3.240000,-0.000069,-0.002610,0.034797,-0.000000,-0.001015,1.570061,-0.300000,1.000000,1.100000,0.000000,0.000000,-1.571000,-0.299931,1.002610,1.065203,1.493266
3.250000,-0.000069,-0.002619,0.034797,-0.000000,-0.001015,1.570061,-0.300000,1.000000,1.100000,0.000000,0.000000,-1.571000,-0.299931,1.002619,1.065203,1.493272
3.260000,-0.000069,-0.002627,0.034797,-0.000000,-0.001015,1.570061,-0.300000,1.000000,1.100000,0.000000,0.000000,-1.571000,-0.299931,1.002627,1.065203,1.493277
3.270000,-0.000069,-0.002636,0.034797,-0.000000,-0.001015,1.570061,-0.300000,1.000000,1.100000,0.000000,0.000000,-1.571000,-0.299931,1.002636,1.065203,1.493283
3.280000,-0.000070,-0.002644,0.034797,-0.000000,-0.001015,1.570062,-0.300000,1.000000,1.100000,0.000000,0.000000,-1.571000,-0.299930,1.002644,1.065203,1.493288
3.290000,-0.000070,-0.002652,0.034797,-0.000000,-0.001015,1.570062,-0.300000,1.000000,1.100000,0.000000,0.000000,-1.571000,-0.299930,1.002652,1.065203,1.493294
3.300000,-0.000070,-0.002661,0.034797,-0.000000,-0.001015,1.570062,-0.300000,1.000000,1.100000,0.000000,0.000000,-1.571000,-0.299930,1.002661,1.065203,1.493300
3.310000,-0.000070,-0.002669,0.034797,-0.000000,-0.001015,1.570062,-0.300000,1.000000,1.100000,0.000000,0.000000,-1.571000,-0.299930,1.002669,1.065203,1.493305
3.320000,-0.000071,-0.002677,0.034797,-0.000000,-0.001015,1.570062,-0.300000,1.000000,1.100000,0.000000,0.000000,-1.571000,-0.299929,1.002677,1.065203,1.493311
3.330000,-0.000071,-0.002686,0.034797,-0.000000,-0.001015,1.570063,-0.300000,1.000000,1.100000,0.000000,0.000000,-1.571000,-0.299929,1.002686,1.065203,1.493316
3.340000,-0.000071,-0.002694,0.034797,-0.000000,-0.001015,1.570063,-0.300000,1.000000,1.100000,0.000000,0.000000,-1.571000,-0.299929,1.002694,1.065203,1.493322
3.350000,-0.000071,-0.002703,0.034797,-0.000000,-0.001015,1.570063,-0.300000,1.000000,1.100000,0.000000,0.000000,-1.571000,-0.299929,1.002703,1.065203,1.493327
3.360000,-0.000071,-0.002711,0.034797,-0.000000,-0.001015,1.570063,-0.300000,1.000000,1.100000,0.000000,0.000000,-1.571000,-0.299929,1.002711,1.065203,1.493333
3.370000,-0.000072,-0.002719,0.034797,-0.000000,-0.001015,1.570063,-0.300000,1.000000,1.100000,0.000000,0.000000,-1.571000,-0.299928,1.002719,1.065203,1.493339
3.380000,-0.000072,-0.002728,0.034797,-0.000000,-0.001015,1.570064,-0.300000,1.000000,1.100000,0.000000,0.000000,-1.571000,-0.299928,1.002728,1.065203,1.493344
3.390000,-0.000072,-0.002736,0.034797,-0.000000,-0.001015,1.570064,-0.300000,1.000000,1.100000,0.000000,0.000000,-1.571000,-0.299928,1.002736,1.065203,1.493350
3.400000,-0.000072,-0.002744,0.034797,-0.000000,-0.001015,1.570064,-0.300000,1.000000,1.100000,0.000000,0.000000,-1.571000,-0.299928,1.002744,1.065203,1.493355
3.410000,-0.000073,-0.002753,0.034797,-0.000000,-0.001015,1.570064,-0.300000,1.000000,1.100000,0.000000,0.000000,-1.571000,-0.299927,1.002753,1.065203,1.493361
3.420000,-0.000073,-0.002761,0.034797,-0.000000,-0.001015,1.570064,-0.300000,1.000000,1.100000,0.000000,0.000000,-1.571000,-0.299927,1.002761,1.065203,1.493366
3.430000,-0.000073,-0.002770,0.034797,-0.000000,-0.001015,1.570065,-0.300000,1.000000,1.100000,0.000000,0.000000,-1.571000,-0.299927,1.002770,1.065203,1.493372
3.440000,-0.000073,-0.002778,0.034797,-0.000000,-0.001015,1.570065,-0.300000,1.000000,1.100000,0.000000,0.000000,-1.571000,-0.299927,1.002778,1.065203,1.493378
3.450000,-0.000073,-0.002786,0.034797,-0.000000,-0.001015,1.570065,-0.300000,1.000000,1.100000,0.000000,0.000000,-1.571000,-0.299927,1.002786,1.065203,1.493383
3.460000,-0.000074,-0.002795,0.034797,-0.000000,-0.001015,1.570065,-0.300000,1.000000,1.100000,0.000000,0.000000,-1.571000,-0.299926,1.002795,1.065203,1.493389
3.470000,-0.000074,-0.002803,0.034797,-0.000000,-0.001015,1.570065,-0.300000,1.000000,1.100000,0.000000,0.000000,-1.571000,-0.299926,1.002803,1.065203,1.493394
3.480000,-0.000074,-0.002811,0.034797,-0.000000,-0.001015,1.570065,-0.300000,1.000000,1.100000,0.000000,0.000000,-1.571000,-0.299926,1.002811,1.065203,1.493400
3.490000,-0.000074,-0.002820,0.034797,-0.000000,-0.001015,1.570066,-0.300000,1.000000,1.100000,0.000000,0.000000,-1.571000,-0.299926,1.002820,1.065203,1.493406
3.500000,-0.000075,-0.002828,0.034797,-0.000000,-0.001015,1.570066,-0.300000,1.000000,1.100000,0.000000,0.000000,-1.571000,-0.299925,1.002828,1.065203,1.493411
3.510000,-0.000075,-0.002837,0.034797,-0.000000,-0.001015,1.570066,-0.300000,1.000000,1.100000,0.000000,0.000000,-1.571000,-0.299925,1.002837,1.065203,1.493417
3.520000,-0.000075,-0.002845,0.034797,-0.000000,-0.001015,1.570066,-0.300000,1.000000,1.100000,0.000000,0.000000,-1.571000,-0.299925,1.002845,1.065203,1.493422
3.530000,-0.000075,-0.002853,0.034797,-0.000000,-0.001015,1.570066,-0.300000,1.000000,1.100000,0.000000,0.000000,-1.571000,-0.299925,1.002853,1.065203,1.493428
3.540000,-0.000075,-0.002862,0.034797,-0.000000,-0.001015,1.570067,-0.300000,1.000000,1.100000,0.000000,0.000000,-1.571000,-0.299925,1.002862,1.065203,1.493433
3.550000,-0.000076,-0.002870,0.034797,-0.000000,-0.001015,1.570067,-0.300000,1.000000,1.100000,0.000000,0.000000,-1.571000,-0.299924,1.002870,1.065203,1.493439
3.560000,-0.000076,-0.002878,0.034797,-0.000000,-0.001015,1.570067,-0.300000,1.000000,1.100000,0.000000,0.000000,-1.571000,-0.299924,1.002878,1.065203,1.493445
3.570000,-0.000076,-0.002887,0.034797,-0.000000,-0.001015,1.570067,-0.300000,1.000000,1.100000,0.000000,0.000000,-1.571000,-0.299924,1.002887,1.065203,1.493450
3.580000,-0.000076,-0.002895,0.034797,-0.000000,-0.001015,1.570067,-0.300000,1.000000,1.100000,0.000000,0.000000,-1.571000,-0.299924,1.002895,1.065203,1.493456
3.590000,-0.000077,-0.002904,0.034797,-0.000000,-0.001015,1.570068,-0.300000,1.000000,1.100000,0.000000,0.000000,-1.571000,-0.299923,1.002904,1.065203,1.493461
3.600000,-0.000077,-0.002912,0.034797,-0.000000,-0.001015,1.570068,-0.300000,1.000000,1.100000,0.000000,0.000000,-1.571000,-0.299923,1.002912,1.065203,1.493467
3.610000,-0.000077,-0.002920,0.034797,-0.000000,-0.001015,1.570068,-0.300000,1.000000,1.100000,0.000000,0.000000,-1.571000,-0.299923,1.002920,1.065203,1.493472
3.620000,-0.000077,-0.002929,0.034797,-0.000000,-0.001015,1.570068,-0.300000,1.000000,1.100000,0.000000,0.000000,-1.571000,-0.299923,1.002929,1.065203,1.493478
3.630000,-0.000078,-0.002937,0.034797,-0.000000,-0.001015,1.570068,-0.300000,1.000000,1.100000,0.000000,0.000000,-1.571000,-0.299922,1.002937,1.065203,1.493484
3.640000,-0.000078,-0.002945,0.034797,-0.000000,-0.001015,1.570069,-0.300000,1.000000,1.100000,0.000000,0.000000,-1.571000,-0.299922,1.002945,1.065203,1.493489
3.650000,-0.000078,-0.002954,0.034797,-0.000000,-0.001015,1.570069,-0.300000,1.000000,1.100000,0.000000,0.000000,-1.571000,-0.299922,1.002954,1.065203,1.493495
3.660000,-0.000078,-0.002962,0.034797,-0.000000,-0.001015,1.570069,-0.300000,1.000000,1.100000,0.000000,0.000000,-1.571000,-0.299922,1.002962,1.065203,1.493500
3.670000,-0.000078,-0.002971,0.034797,-0.000000,-0.001015,1.570069,-0.300000,1.000000,1.100000,0.000000,0.000000,-1.571000,-0.299922,1.002971,1.065203,1.493506
3.680000,-0.000079,-0.002979,0.034797,-0.000000,-0.001015,1.570069,-0.300000,1.000000,1.100000,0.000000,0.000000,-1.571000,-0.299921,1.002979,1.065203,1.493512
3.690000,-0.000079,-0.002987,0.034797,-0.000000,-0.001015,1.570070,-0.300000,1.000000,1.100000,0.000000,0.000000,-1.571000,-0.299921,1.002987,1.065203,1.493517
3.700000,-0.000079,-0.002996,0.034797,-0.000000,-0.001015,1.570070,-0.300000,1.000000,1.100000,0.000000,0.000000,-1.571000,-0.299921,1.002996,1.065203,1.493523
3.710000,-0.000079,-0.003004,0.034797,-0.000000,-0.001015,1.570070,-0.300000,1.000000,1.100000,0.000000,0.000000,-1.571000,-0.299921,1.003004,1.065203,1.493528
3.720000,-0.000080,-0.003012,0.034797,-0.000000,-0.001015,1.570070,-0.300000,1.000000,1.100000,0.000000,0.000000,-1.571000,-0.299920,1.003012,1.065203,1.493534
3.730000,-0.000080,-0.003021,0.034797,-0.000000,-0.001015,1.570070,-0.300000,1.000000,1.100000,0.000000,0.000000,-1.571000,-0.299920,1.003021,1.065203,1.493539
3.740000,-0.000080,-0.003029,0.034797,-0.000000,-0.001015,1.570071,-0.300000,1.000000,1.100000,0.000000,0.000000,-1.571000,-0.299920,1.003029,1.065203,1.493545
3.750000,-0.000080,-0.003037,0.034797,-0.000000,-0.001015,1.570071,-0.300000,1.000000,1.100000,0.000000,0.000000,-1.571000,-0.299920,1.003037,1.065203,1.493551
3.760000,-0.000080,-0.003046,0.034797,-0.000000,-0.001015,1.570071,-0.300000,1.000000,1.100000,0.000000,0.000000,-1.571000,-0.299920,1.003046,1.065203,1.493556
3.770000,-0.000081,-0.003054,0.034797,-0.000000,-0.001015,1.570071,-0.300000,1.000000,1.100000,0.000000,0.000000,-1.571000,-0.299919,1.003054,1.065203,1.493562
3.780000,-0.000081,-0.003063,0.034797,-0.000000,-0.001015,1.570071,-0.300000,1.000000,1.100000,0.000000,0.000000,-1.571000,-0.299919,1.003063,1.065203,1.493567
3.790000,-0.000081,-0.003071,0.034797,-0.000000,-0.001015,1.570072,-0.300000,1.000000,1.100000,0.000000,0.000000,-1.571000,-0.299919,1.003071,1.065203,1.493573
3.800000,-0.000081,-0.003079,0.034797,-0.000000,-0.001015,1.570072,-0.300000,1.000000,1.100000,0.000000,0.000000,-1.571000,-0.299919,1.003079,1.065203,1.493578
3.810000,-0.000082,-0.003088,0.034797,-0.000000,-0.001015,1.570072,-0.300000,1.000000,1.100000,0.000000,0.000000,-1.571000,-0.299918,1.003088,1.065203,1.493584
3.820000,-0.000082,-0.003096,0.034797,-0.000000,-0.001015,1.570072,-0.300000,1.000000,1.100000,0.000000,0.000000,-1.571000,-0.299918,1.003096,1.065203,1.493590
3.830000,-0.000082,-0.003104,0.034797,-0.000000,-0.001015,1.570072,-0.300000,1.000000,1.100000,0.000000,0.000000,-1.571000,-0.299918,1.003104,1.065203,1.493595
3.840000,-0.000082,-0.003113,0.034797,-0.000000,-0.001015,1.570073,-0.300000,1.000000,1.100000,0.000000,0.000000,-1.571000,-0.299918,1.003113,1.065203,1.493601
3.850000,-0.000082,-0.003121,0.034797,-0.000000,-0.001015,1.570073,-0.300000,1.000000,1.100000,0.000000,0.000000,-1.571000,-0.299918,1.003121,1.065203,1.493606
3.860000,-0.000083,-0.003130,0.034797,-0.000000,-0.001015,1.570073,-0.300000,1.000000,1.100000,0.000000,0.000000,-1.571000,-0.299917,1.003130,1.065203,1.493612
3.870000,-0.000083,-0.003138,0.034797,-0.000000,-0.001015,1.570073,-0.300000,1.000000,1.100000,0.000000,0.000000,-1.571000,-0.299917,1.003138,1.065203,1.493618
3.880000,-0.000083,-0.003146,0.034797,-0.000000,-0.001015,1.570073,-0.300000,1.000000,1.100000,0.000000,0.000000,-1.571000,-0.299917,1.003146,1.065203,1.493623
3.890000,-0.000083,-0.003155,0.034797,-0.000000,-0.001015,1.570074,-0.300000,1.000000,1.100000,0.000000,0.000000,-1.571000,-0.299917,1.003155,1.065203,1.493629
3.900000,-0.000084,-0.003163,0.034797,-0.000000,-0.001015,1.570074,-0.300000,1.000000,1.100000,0.000000,0.000000,-1.571000,-0.299916,1.003163,1.065203,1.493634
3.910000,-0.000084,-0.003171,0.034797,-0.000000,-0.001015,1.570074,-0.300000,1.000000,1.100000,0.000000,0.000000,-1.571000,-0.299916,1.003171,1.065203,1.493640
3.920000,-0.000084,-0.003180,0.034797,-0.000000,-0.001015,1.570074,-0.300000,1.000000,1.100000,0.000000,0.000000,-1.571000,-0.299916,1.003180,1.065203,1.493645
3.930000,-0.000084,-0.003188,0.034797,-0.000000,-0.001015,1.570074,-0.300000,1.000000,1.100000,0.000000,0.000000,-1.571000,-0.299916,1.003188,1.065203,1.493651
3.940000,-0.000084,-0.003197,0.034797,-0.000000,-0.001015,1.570075,-0.300000,1.000000,1.100000,0.000000,0.000000,-1.571000,-0.299916,1.003197,1.065203,1.493657
3.950000,-0.000085,-0.003205,0.034797,-0.000000,-0.001015,1.570075,-0.300000,1.000000,1.100000,0.000000,0.000000,-1.571000,-0.299915,1.003205,1.065203,1.493662
3.960000,-0.000085,-0.003213,0.034797,-0.000000,-0.001015,1.570075,-0.300000,1.000000,1.100000,0.000000,0.000000,-1.571000,-0.299915,1.003213,1.065203,1.493668
3.970000,-0.000085,-0.003222,0.034797,-0.000000,-0.001015,1.570075,-0.300000,1.000000,1.100000,0.000000,0.000000,-1.571000,-0.299915,1.003222,1.065203,1.493673
3.980000,-0.000085,-0.003230,0.034797,-0.000000,-0.001015,1.570075,-0.300000,1.000000,1.100000,0.000000,0.000000,-1.571000,-0.299915,1.003230,1.065203,1.493679
3.990000,-0.000086,-0.003238,0.034797,-0.000000,-0.001015,1.570076,-0.300000,1.000000,1.100000,0.000000,0.000000,-1.571000,-0.299914,1.003238,1.065203,1.493684
4.000000,-0.000086,-0.003247,0.034797,-0.000000,-0.001015,1.570076,-0.300000,1.000000,1.100000,0.000000,0.000000,-1.571000,-0.299914,1.003247,1.065203,1.493690
4.010000,-0.000086,-0.003255,0.034797,-0.000000,-0.001015,1.570076,-0.300000,1.000000,1.100000,0.000000,0.000000,-1.571000,-0.299914,1.003255,1.065203,1.493696
4.020000,-0.000086,-0.003264,0.034797,-0.000000,-0.001015,1.570076,-0.300000,1.000000,1.100000,0.000000,0.000000,-1.571000,-0.299914,1.003264,1.065203,1.493701
4.030000,-0.000086,-0.003272,0.034797,-0.000000,-0.001015,1.570076,-0.300000,1.000000,1.100000,0.000000,0.000000,-1.571000,-0.299914,1.003272,1.065203,1.493707
4.040000,-0.000087,-0.003280,0.034797,-0.000000,-0.001015,1.570077,-0.300000,1.000000,1.100000,0.000000,0.000000,-1.571000,-0.299913,1.003280,1.065203,1.493712
4.050000,-0.000087,-0.003289,0.034797,-0.000000,-0.001015,1.570077,-0.300000,1.000000,1.100000,0.000000,0.000000,-1.571000,-0.299913,1.003289,1.065203,1.493718
4.060000,-0.000087,-0.003297,0.034797,-0.000000,-0.001015,1.570077,-0.300000,1.000000,1.100000,0.000000,0.000000,-1.571000,-0.299913,1.003297,1.065203,1.493724
4.070000,-0.000087,-0.003305,0.034797,-0.000000,-0.001015,1.570077,-0.300000,1.000000,1.100000,0.000000,0.000000,-1.571000,-0.299913,1.003305,1.065203,1.493729
4.080000,-0.000088,-0.003314,0.034797,-0.000000,-0.001015,1.570077,-0.300000,1.000000,1.100000,0.000000,0.000000,-1.571000,-0.299912,1.003314,1.065203,1.493735
4.090000,-0.000088,-0.003322,0.034797,-0.000000,-0.001015,1.570078,-0.300000,1.000000,1.100000,0.000000,0.000000,-1.571000,-0.299912,1.003322,1.065203,1.493740
4.100000,-0.000088,-0.003331,0.034797,-0.000000,-0.001015,1.570078,-0.300000,1.000000,1.100000,0.000000,0.000000,-1.571000,-0.299912,1.003331,1.065203,1.493746
4.110000,-0.000088,-0.003339,0.034797,-0.000000,-0.001015,1.570078,-0.300000,1.000000,1.100000,0.000000,0.000000,-1.571000,-0.299912,1.003339,1.065203,1.493751
4.120000,-0.000088,-0.003347,0.034797,-0.000000,-0.001015,1.570078,-0.300000,1.000000,1.100000,0.000000,0.000000,-1.571000,-0.299912,1.003347,1.065203,1.493757
4.130000,-0.000089,-0.003356,0.034797,-0.000000,-0.001015,1.570078,-0.300000,1.000000,1.100000,0.000000,0.000000,-1.571000,-0.299911,1.003356,1.065203,1.493763
4.140000,-0.000089,-0.003364,0.034797,-0.000000,-0.001015,1.570079,-0.300000,1.000000,1.100000,0.000000,0.000000,-1.571000,-0.299911,1.003364,1.065203,1.493768
4.150000,-0.000089,-0.003372,0.034797,-0.000000,-0.001015,1.570079,-0.300000,1.000000,1.100000,0.000000,0.000000,-1.571000,-0.299911,1.003372,1.065203,1.493774
4.160000,-0.000089,-0.003381,0.034797,-0.000000,-0.001015,1.570079,-0.300000,1.000000,1.100000,0.000000,0.000000,-1.571000,-0.299911,1.003381,1.065203,1.493779
4.170000,-0.000090,-0.003389,0.034797,-0.000000,-0.001015,1.570079,-0.300000,1.000000,1.100000,0.000000,0.000000,-1.571000,-0.299910,1.003389,1.065203,1.493785
4.180000,-0.000090,-0.003398,0.034797,-0.000000,-0.001015,1.570079,-0.300000,1.000000,1.100000,0.000000,0.000000,-1.571000,-0.299910,1.003398,1.065203,1.493790
4.190000,-0.000090,-0.003406,0.034797,-0.000000,-0.001015,1.570080,-0.300000,1.000000,1.100000,0.000000,0.000000,-1.571000,-0.299910,1.003406,1.065203,1.493796
4.200000,-0.000090,-0.003414,0.034797,-0.000000,-0.001015,1.570080,-0.300000,1.000000,1.100000,0.000000,0.000000,-1.571000,-0.299910,1.003414,1.065203,1.493802
4.210000,-0.000091,-0.003423,0.034797,-0.000000,-0.001015,1.570080,-0.300000,1.000000,1.100000,0.000000,0.000000,-1.571000,-0.299909,1.003423,1.065203,1.493807
4.220000,-0.000091,-0.003431,0.034797,-0.000000,-0.001015,1.570080,-0.300000,1.000000,1.100000,0.000000,0.000000,-1.571000,-0.299909,1.003431,1.065203,1.493813
4.230000,-0.000091,-0.003439,0.034797,-0.000000,-0.001015,1.570080,-0.300000,1.000000,1.100000,0.000000,0.000000,-1.571000,-0.299909,1.003439,1.065203,1.493818
4.240000,-0.000091,-0.003448,0.034797,-0.000000,-0.001015,1.570080,-0.300000,1.000000,1.100000,0.000000,0.000000,-1.571000,-0.299909,1.003448,1.065203,1.493824
4.250000,-0.000091,-0.003456,0.034797,-0.000000,-0.001015,1.570081,-0.300000,1.000000,1.100000,0.000000,0.000000,-1.571000,-0.299909,1.003456,1.065203,1.493830
4.260000,-0.000092,-0.003465,0.034797,-0.000000,-0.001015,1.570081,-0.300000,1.000000,1.100000,0.000000,0.000000,-1.571000,-0.299908,1.003465,1.065203,1.493835
4.270000,-0.000092,-0.003473,0.034797,-0.000000,-0.001015,1.570081,-0.300000,1.000000,1.100000,0.000000,0.000000,-1.571000,-0.299908,1.003473,1.065203,1.493841
4.280000,-0.000092,-0.003481,0.034797,-0.000000,-0.001015,1.570081,-0.300000,1.000000,1.100000,0.000000,0.000000,-1.571000,-0.299908,1.003481,1.065203,1.493846
4.290000,-0.000092,-0.003490,0.034797,-0.000000,-0.001015,1.570081,-0.300000,1.000000,1.100000,0.000000,0.000000,-1.571000,-0.299908,1.003490,1.065203,1.493852
4.300000,-0.000093,-0.003498,0.034797,-0.000000,-0.001015,1.570082,-0.300000,1.000000,1.100000,0.000000,0.000000,-1.571000,-0.299907,1.003498,1.065203,1.493857
4.310000,-0.000093,-0.003506,0.034797,-0.000000,-0.001015,1.570082,-0.300000,1.000000,1.100000,0.000000,0.000000,-1.571000,-0.299907,1.003506,1.065203,1.493863
4.320000,-0.000093,-0.003515,0.034797,-0.000000,-0.001015,1.570082,-0.300000,1.000000,1.100000,0.000000,0.000000,-1.571000,-0.299907,1.003515,1.065203,1.493869
4.330000,-0.000093,-0.003523,0.034797,-0.000000,-0.001015,1.570082,-0.300000,1.000000,1.100000,0.000000,0.000000,-1.571000,-0.299907,1.003523,1.065203,1.493874
4.340000,-0.000093,-0.003532,0.034797,-0.000000,-0.001015,1.570082,-0.300000,1.000000,1.100000,0.000000,0.000000,-1.571000,-0.299907,1.003532,1.065203,1.493880
4.350000,-0.000094,-0.003540,0.034797,-0.000000,-0.001015,1.570083,-0.300000,1.000000,1.100000,0.000000,0.000000,-1.571000,-0.299906,1.003540,1.065203,1.493885
4.360000,-0.000094,-0.003548,0.034797,-0.000000,-0.001015,1.570083,-0.300000,1.000000,1.100000,0.000000,0.000000,-1.571000,-0.299906,1.003548,1.065203,1.493891
4.370000,-0.000094,-0.003557,0.034797,-0.000000,-0.001015,1.570083,-0.300000,1.000000,1.100000,0.000000,0.000000,-1.571000,-0.299906,1.003557,1.065203,1.493896
4.380000,-0.000094,-0.003565,0.034797,-0.000000,-0.001015,1.570083,-0.300000,1.000000,1.100000,0.000000,0.000000,-1.571000,-0.299906,1.003565,1.065203,1.493902
4.390000,-0.000095,-0.003573,0.034797,-0.000000,-0.001015,1.570083,-0.300000,1.000000,1.100000,0.000000,0.000000,-1.571000,-0.299905,1.003573,1.065203,1.493908
4.400000,-0.000095,-0.003582,0.034797,-0.000000,-0.001015,1.570084,-0.300000,1.000000,1.100000,0.000000,0.000000,-1.571000,-0.299905,1.003582,1.065203,1.493913
4.410000,-0.000095,-0.003590,0.034797,-0.000000,-0.001015,1.570084,-0.300000,1.000000,1.100000,0.000000,0.000000,-1.571000,-0.299905,1.003590,1.065203,1.493919
4.420000,-0.000095,-0.003599,0.034797,-0.000000,-0.001015,1.570084,-0.300000,1.000000,1.100000,0.000000,0.000000,-1.571000,-0.299905,1.003599,1.065203,1.493924
4.430000,-0.000095,-0.003607,0.034797,-0.000000,-0.001015,1.570084,-0.300000,1.000000,1.100000,0.000000,0.000000,-1.571000,-0.299905,1.003607,1.065203,1.493930
4.440000,-0.000096,-0.003615,0.034797,-0.000000,-0.001015,1.570084,-0.300000,1.000000,1.100000,0.000000,0.000000,-1.571000,-0.299904,1.003615,1.065203,1.493936
4.450000,-0.000096,-0.003624,0.034797,-0.000000,-0.001015,1.570085,-0.300000,1.000000,1.100000,0.000000,0.000000,-1.571000,-0.299904,1.003624,1.065203,1.493941
4.460000,-0.000096,-0.003632,0.034797,-0.000000,-0.001015,1.570085,-0.300000,1.000000,1.100000,0.000000,0.000000,-1.571000,-0.299904,1.003632,1.065203,1.493947
4.470000,-0.000096,-0.003640,0.034797,-0.000000,-0.001015,1.570085,-0.300000,1.000000,1.100000,0.000000,0.000000,-1.571000,-0.299904,1.003640,1.065203,1.493952
4.480000,-0.000097,-0.003649,0.034797,-0.000000,-0.001015,1.570085,-0.300000,1.000000,1.100000,0.000000,0.000000,-1.571000,-0.299903,1.003649,1.065203,1.493958
4.490000,-0.000097,-0.003657,0.034797,-0.000000,-0.001015,1.570085,-0.300000,1.000000,1.100000,0.000000,0.000000,-1.571000,-0.299903,1.003657,1.065203,1.493963
4.500000,-0.000097,-0.003666,0.034797,-0.000000,-0.001015,1.570086,-0.300000,1.000000,1.100000,0.000000,0.000000,-1.571000,-0.299903,1.003666,1.065203,1.493969
4.510000,-0.000097,-0.003674,0.034797,-0.000000,-0.001015,1.570086,-0.300000,1.000000,1.100000,0.000000,0.000000,-1.571000,-0.299903,1.003674,1.065203,1.493975
4.520000,-0.000097,-0.003682,0.034797,-0.000000,-0.001015,1.570086,-0.300000,1.000000,1.100000,0.000000,0.000000,-1.571000,-0.299903,1.003682,1.065203,1.493980
4.530000,-0.000098,-0.003691,0.034797,-0.000000,-0.001015,1.570086,-0.300000,1.000000,1.100000,0.000000,0.000000,-1.571000,-0.299902,1.003691,1.065203,1.493986
4.540000,-0.000098,-0.003699,0.034797,-0.000000,-0.001015,1.570086,-0.300000,1.000000,1.100000,0.000000,0.000000,-1.571000,-0.299902,1.003699,1.065203,1.493991
4.550000,-0.000098,-0.003707,0.034797,-0.000000,-0.001015,1.570087,-0.300000,1.000000,1.100000,0.000000,0.000000,-1.571000,-0.299902,1.003707,1.065203,1.493997
4.560000,-0.000098,-0.003716,0.034797,-0.000000,-0.001015,1.570087,-0.300000,1.000000,1.100000,0.000000,0.000000,-1.571000,-0.299902,1.003716,1.065203,1.494003
4.570000,-0.000099,-0.003724,0.034797,-0.000000,-0.001015,1.570087,-0.300000,1.000000,1.100000,0.000000,0.000000,-1.571000,-0.299901,1.003724,1.065203,1.494008
4.580000,-0.000099,-0.003733,0.034797,-0.000000,-0.001015,1.570087,-0.300000,1.000000,1.100000,0.000000,0.000000,-1.571000,-0.299901,1.003733,1.065203,1.494014
4.590000,-0.000099,-0.003741,0.034797,-0.000000,-0.001015,1.570087,-0.300000,1.000000,1.100000,0.000000,0.000000,-1.571000,-0.299901,1.003741,1.065203,1.494019
4.600000,-0.000099,-0.003749,0.034797,-0.000000,-0.001015,1.570088,-0.300000,1.000000,1.100000,0.000000,0.000000,-1.571000,-0.299901,1.003749,1.065203,1.494025
4.610000,-0.000099,-0.003758,0.034797,-0.000000,-0.001015,1.570088,-0.300000,1.000000,1.100000,0.000000,0.000000,-1.571000,-0.299901,1.003758,1.065203,1.494030
4.620000,-0.000100,-0.003766,0.034797,-0.000000,-0.001015,1.570088,-0.300000,1.000000,1.100000,0.000000,0.000000,-1.571000,-0.299900,1.003766,1.065203,1.494036
4.630000,-0.000100,-0.003774,0.034797,-0.000000,-0.001015,1.570088,-0.300000,1.000000,1.100000,0.000000,0.000000,-1.571000,-0.299900,1.003774,1.065203,1.494042
4.640000,-0.000100,-0.003783,0.034797,-0.000000,-0.001015,1.570088,-0.300000,1.000000,1.100000,0.000000,0.000000,-1.571000,-0.299900,1.003783,1.065203,1.494047
4.650000,-0.000100,-0.003791,0.034797,-0.000000,-0.001015,1.570089,-0.300000,1.000000,1.100000,0.000000,0.000000,-1.571000,-0.299900,1.003791,1.065203,1.494053
4.660000,-0.000101,-0.003799,0.034797,-0.000000,-0.001015,1.570089,-0.300000,1.000000,1.100000,0.000000,0.000000,-1.571000,-0.299899,1.003799,1.065203,1.494058
4.670000,-0.000101,-0.003808,0.034797,-0.000000,-0.001015,1.570089,-0.300000,1.000000,1.100000,0.000000,0.000000,-1.571000,-0.299899,1.003808,1.065203,1.494064
4.680000,-0.000101,-0.003816,0.034797,-0.000000,-0.001015,1.570089,-0.300000,1.000000,1.100000,0.000000,0.000000,-1.571000,-0.299899,1.003816,1.065203,1.494069
4.690000,-0.000101,-0.003825,0.034797,-0.000000,-0.001015,1.570089,-0.300000,1.000000,1.100000,0.000000,0.000000,-1.571000,-0.299899,1.003825,1.065203,1.494075
4.700000,-0.000102,-0.003833,0.034797,-0.000000,-0.001015,1.570090,-0.300000,1.000000,1.100000,0.000000,0.000000,-1.571000,-0.299898,1.003833,1.065203,1.494081
4.710000,-0.000102,-0.003841,0.034797,-0.000000,-0.001015,1.570090,-0.300000,1.000000,1.100000,0.000000,0.000000,-1.571000,-0.299898,1.003841,1.065203,1.494086
4.720000,-0.000102,-0.003850,0.034797,-0.000000,-0.001015,1.570090,-0.300000,1.000000,1.100000,0.000000,0.000000,-1.571000,-0.299898,1.003850,1.065203,1.494092
4.730000,-0.000102,-0.003858,0.034797,-0.000000,-0.001015,1.570090,-0.300000,1.000000,1.100000,0.000000,0.000000,-1.571000,-0.299898,1.003858,1.065203,1.494097
4.740000,-0.000102,-0.003866,0.034797,-0.000000,-0.001015,1.570090,-0.300000,1.000000,1.100000,0.000000,0.000000,-1.571000,-0.299898,1.003866,1.065203,1.494103
4.750000,-0.000103,-0.003875,0.034797,-0.000000,-0.001015,1.570091,-0.300000,1.000000,1.100000,0.000000,0.000000,-1.571000,-0.299897,1.003875,1.065203,1.494109
4.760000,-0.000103,-0.003883,0.034797,-0.000000,-0.001015,1.570091,-0.300000,1.000000,1.100000,0.000000,0.000000,-1.571000,-0.299897,1.003883,1.065203,1.494114
4.770000,-0.000103,-0.003892,0.034797,-0.000000,-0.001015,1.570091,-0.300000,1.000000,1.100000,0.000000,0.000000,-1.571000,-0.299897,1.003892,1.065203,1.494120
4.780000,-0.000103,-0.003900,0.034797,-0.000000,-0.001015,1.570091,-0.300000,1.000000,1.100000,0.000000,0.000000,-1.571000,-0.299897,1.003900,1.065203,1.494125
4.790000,-0.000104,-0.003908,0.034797,-0.000000,-0.001015,1.570091,-0.300000,1.000000,1.100000,0.000000,0.000000,-1.571000,-0.299896,1.003908,1.065203,1.494131
4.800000,-0.000104,-0.003917,0.034797,-0.000000,-0.001015,1.570092,-0.300000,1.000000,1.100000,0.000000,0.000000,-1.571000,-0.299896,1.003917,1.065203,1.494136
4.810000,-0.000104,-0.003925,0.034797,-0.000000,-0.001015,1.570092,-0.300000,1.000000,1.100000,0.000000,0.000000,-1.571000,-0.299896,1.003925,1.065203,1.494142
4.820000,-0.000104,-0.003933,0.034797,-0.000000,-0.001015,1.570092,-0.300000,1.000000,1.100000,0.000000,0.000000,-1.571000,-0.299896,1.003933,1.065203,1.494148
4.830000,-0.000104,-0.003942,0.034797,-0.000000,-0.001015,1.570092,-0.300000,1.000000,1.100000,0.000000,0.000000,-1.571000,-0.299896,1.003942,1.065203,1.494153
4.840000,-0.000105,-0.003950,0.034797,-0.000000,-0.001015,1.570092,-0.300000,1.000000,1.100000,0.000000,0.000000,-1.571000,-0.299895,1.003950,1.065203,1.494159
4.850000,-0.000105,-0.003959,0.034797,-0.000000,-0.001015,1.570093,-0.300000,1.000000,1.100000,0.000000,0.000000,-1.571000,-0.299895,1.003959,1.065203,1.494164
4.860000,-0.000105,-0.003967,0.034797,-0.000000,-0.001015,1.570093,-0.300000,1.000000,1.100000,0.000000,0.000000,-1.571000,-0.299895,1.003967,1.065203,1.494170
4.870000,-0.000105,-0.003975,0.034797,-0.000000,-0.001015,1.570093,-0.300000,1.000000,1.100000,0.000000,0.000000,-1.571000,-0.299895,1.003975,1.065203,1.494176
4.880000,-0.000106,-0.003984,0.034797,-0.000000,-0.001015,1.570093,-0.300000,1.000000,1.100000,0.000000,0.000000,-1.571000,-0.299894,1.003984,1.065203,1.494181
4.890000,-0.000106,-0.003992,0.034797,-0.000000,-0.001015,1.570093,-0.300000,1.000000,1.100000,0.000000,0.000000,-1.571000,-0.299894,1.003992,1.065203,1.494187
4.900000,-0.000106,-0.004000,0.034797,-0.000000,-0.001015,1.570094,-0.300000,1.000000,1.100000,0.000000,0.000000,-1.571000,-0.299894,1.004000,1.065203,1.494192
4.910000,-0.000106,-0.004009,0.034797,-0.000000,-0.001015,1.570094,-0.300000,1.000000,1.100000,0.000000,0.000000,-1.571000,-0.299894,1.004009,1.065203,1.494198
4.920000,-0.000106,-0.004017,0.034797,-0.000000,-0.001015,1.570094,-0.300000,1.000000,1.100000,0.000000,0.000000,-1.571000,-0.299894,1.004017,1.065203,1.494203
4.930000,-0.000107,-0.004026,0.034797,-0.000000,-0.001015,1.570094,-0.300000,1.000000,1.100000,0.000000,0.000000,-1.571000,-0.299893,1.004026,1.065203,1.494209
4.940000,-0.000107,-0.004034,0.034797,-0.000000,-0.001015,1.570094,-0.300000,1.000000,1.100000,0.000000,0.000000,-1.571000,-0.299893,1.004034,1.065203,1.494215
4.950000,-0.000107,-0.004042,0.034797,-0.000000,-0.001015,1.570094,-0.300000,1.000000,1.100000,0.000000,0.000000,-1.571000,-0.299893,1.004042,1.065203,1.494220
4.960000,-0.000107,-0.004051,0.034797,-0.000000,-0.001015,1.570095,-0.300000,1.000000,1.100000,0.000000,0.000000,-1.571000,-0.299893,1.004051,1.065203,1.494226
4.970000,-0.000108,-0.004059,0.034797,-0.000000,-0.001015,1.570095,-0.300000,1.000000,1.100000,0.000000,0.000000,-1.571000,-0.299892,1.004059,1.065203,1.494231
4.980000,-0.000108,-0.004067,0.034797,-0.000000,-0.001015,1.570095,-0.300000,1.000000,1.100000,0.000000,0.000000,-1.571000,-0.299892,1.004067,1.065203,1.494237
4.990000,-0.000108,-0.004076,0.034797,-0.000000,-0.001015,1.570095,-0.300000,1.000000,1.100000,0.000000,0.000000,-1.571000,-0.299892,1.004076,1.065203,1.494242
5.000000,-0.000108,-0.004084,0.034797,-0.000000,-0.001015,1.570095,-0.300000,1.000000,1.100000,0.000000,0.000000,-1.571000,-0.299892,1.004084,1.065203,1.494248
5.010000,-0.000108,-0.004093,0.034797,-0.000000,-0.001015,1.570096,-0.300000,1.000000,1.100000,0.000000,0.000000,-1.571000,-0.299892,1.004093,1.065203,1.494254
5.020000,-0.000109,-0.004101,0.034797,-0.000000,-0.001015,1.570096,-0.300000,1.000000,1.100000,0.000000,0.000000,-1.571000,-0.299891,1.004101,1.065203,1.494259
5.030000,-0.000109,-0.004109,0.034797,-0.000000,-0.001015,1.570096,-0.300000,1.000000,1.100000,0.000000,0.000000,-1.571000,-0.299891,1.004109,1.065203,1.494265
5.040000,-0.000109,-0.004118,0.034797,-0.000000,-0.001015,1.570096,-0.300000,1.000000,1.100000,0.000000,0.000000,-1.571000,-0.299891,1.004118,1.065203,1.494270
5.050000,-0.000109,-0.004126,0.034797,-0.000000,-0.001015,1.570096,-0.300000,1.000000,1.100000,0.000000,0.000000,-1.571000,-0.299891,1.004126,1.065203,1.494276
5.060000,-0.000110,-0.004134,0.034797,-0.000000,-0.001015,1.570097,-0.300000,1.000000,1.100000,0.000000,0.000000,-1.571000,-0.299890,1.004134,1.065203,1.494282
5.070000,-0.000110,-0.004143,0.034797,-0.000000,-0.001015,1.570097,-0.300000,1.000000,1.100000,0.000000,0.000000,-1.571000,-0.299890,1.004143,1.065203,1.494287
5.080000,-0.000110,-0.004151,0.034797,-0.000000,-0.001015,1.570097,-0.300000,1.000000,1.100000,0.000000,0.000000,-1.571000,-0.299890,1.004151,1.065203,1.494293
5.090000,-0.000110,-0.004160,0.034797,-0.000000,-0.001015,1.570097,-0.300000,1.000000,1.100000,0.000000,0.000000,-1.571000,-0.299890,1.004160,1.065203,1.494298
5.100000,-0.000111,-0.004168,0.034797,-0.000000,-0.001015,1.570097,-0.300000,1.000000,1.100000,0.000000,0.000000,-1.571000,-0.299889,1.004168,1.065203,1.494304
5.110000,-0.000111,-0.004176,0.034797,-0.000000,-0.001015,1.570098,-0.300000,1.000000,1.100000,0.000000,0.000000,-1.571000,-0.299889,1.004176,1.065203,1.494309
5.120000,-0.000111,-0.004185,0.034797,-0.000000,-0.001015,1.570098,-0.300000,1.000000,1.100000,0.000000,0.000000,-1.571000,-0.299889,1.004185,1.065203,1.494315
5.130000,-0.000111,-0.004193,0.034797,-0.000000,-0.001015,1.570098,-0.300000,1.000000,1.100000,0.000000,0.000000,-1.571000,-0.299889,1.004193,1.065203,1.494321
5.140000,-0.000111,-0.004201,0.034797,-0.000000,-0.001015,1.570098,-0.300000,1.000000,1.100000,0.000000,0.000000,-1.571000,-0.299889,1.004201,1.065203,1.494326
5.150000,-0.000112,-0.004210,0.034797,-0.000000,-0.001015,1.570098,-0.300000,1.000000,1.100000,0.000000,0.000000,-1.571000,-0.299888,1.004210,1.065203,1.494332
5.160000,-0.000112,-0.004218,0.034797,-0.000000,-0.001015,1.570099,-0.300000,1.000000,1.100000,0.000000,0.000000,-1.571000,-0.299888,1.004218,1.065203,1.494337
5.170000,-0.000112,-0.004227,0.034797,-0.000000,-0.001015,1.570099,-0.300000,1.000000,1.100000,0.000000,0.000000,-1.571000,-0.299888,1.004227,1.065203,1.494343
5.180000,-0.000112,-0.004235,0.034797,-0.000000,-0.001015,1.570099,-0.300000,1.000000,1.100000,0.000000,0.000000,-1.571000,-0.299888,1.004235,1.065203,1.494349
5.190000,-0.000113,-0.004243,0.034797,-0.000000,-0.001015,1.570099,-0.300000,1.000000,1.100000,0.000000,0.000000,-1.571000,-0.299887,1.004243,1.065203,1.494354
5.200000,-0.000113,-0.004252,0.034797,-0.000000,-0.001015,1.570099,-0.300000,1.000000,1.100000,0.000000,0.000000,-1.571000,-0.299887,1.004252,1.065203,1.494360
5.210000,-0.000113,-0.004260,0.034797,-0.000000,-0.001015,1.570100,-0.300000,1.000000,1.100000,0.000000,0.000000,-1.571000,-0.299887,1.004260,1.065203,1.494365
5.220000,-0.000113,-0.004268,0.034797,-0.000000,-0.001015,1.570100,-0.300000,1.000000,1.100000,0.000000,0.000000,-1.571000,-0.299887,1.004268,1.065203,1.494371
5.230000,-0.000113,-0.004277,0.034797,-0.000000,-0.001015,1.570100,-0.300000,1.000000,1.100000,0.000000,0.000000,-1.571000,-0.299887,1.004277,1.065203,1.494376
5.240000,-0.000114,-0.004285,0.034797,-0.000000,-0.001015,1.570100,-0.300000,1.000000,1.100000,0.000000,0.000000,-1.571000,-0.299886,1.004285,1.065203,1.494382
5.250000,-0.000114,-0.004294,0.034797,-0.000000,-0.001015,1.570100,-0.300000,1.000000,1.100000,0.000000,0.000000,-1.571000,-0.299886,1.004294,1.065203,1.494388
5.260000,-0.000114,-0.004302,0.034797,-0.000000,-0.001015,1.570101,-0.300000,1.000000,1.100000,0.000000,0.000000,-1.571000,-0.299886,1.004302,1.065203,1.494393
5.270000,-0.000114,-0.004310,0.034797,-0.000000,-0.001015,1.570101,-0.300000,1.000000,1.100000,0.000000,0.000000,-1.571000,-0.299886,1.004310,1.065203,1.494399
5.280000,-0.000115,-0.004319,0.034797,-0.000000,-0.001015,1.570101,-0.300000,1.000000,1.100000,0.000000,0.000000,-1.571000,-0.299885,1.004319,1.065203,1.494404
5.290000,-0.000115,-0.004327,0.034797,-0.000000,-0.001015,1.570101,-0.300000,1.000000,1.100000,0.000000,0.000000,-1.571000,-0.299885,1.004327,1.065203,1.494410
5.300000,-0.000115,-0.004335,0.034797,-0.000000,-0.001015,1.570101,-0.300000,1.000000,1.100000,0.000000,0.000000,-1.571000,-0.299885,1.004335,1.065203,1.494416
5.310000,-0.000115,-0.004344,0.034797,-0.000000,-0.001015,1.570102,-0.300000,1.000000,1.100000,0.000000,0.000000,-1.571000,-0.299885,1.004344,1.065203,1.494421
5.320000,-0.000115,-0.004352,0.034797,-0.000000,-0.001015,1.570102,-0.300000,1.000000,1.100000,0.000000,0.000000,-1.571000,-0.299885,1.004352,1.065203,1.494427
5.330000,-0.000116,-0.004361,0.034797,-0.000000,-0.001015,1.570102,-0.300000,1.000000,1.100000,0.000000,0.000000,-1.571000,-0.299884,1.004361,1.065203,1.494432
5.340000,-0.000116,-0.004369,0.034797,-0.000000,-0.001015,1.570102,-0.300000,1.000000,1.100000,0.000000,0.000000,-1.571000,-0.299884,1.004369,1.065203,1.494438
5.350000,-0.000116,-0.004377,0.034797,-0.000000,-0.001015,1.570102,-0.300000,1.000000,1.100000,0.000000,0.000000,-1.571000,-0.299884,1.004377,1.065203,1.494443
5.360000,-0.000116,-0.004386,0.034797,-0.000000,-0.001015,1.570103,-0.300000,1.000000,1.100000,0.000000,0.000000,-1.571000,-0.299884,1.004386,1.065203,1.494449
5.370000,-0.000117,-0.004394,0.034797,-0.000000,-0.001015,1.570103,-0.300000,1.000000,1.100000,0.000000,0.000000,-1.571000,-0.299883,1.004394,1.065203,1.494455
5.380000,-0.000117,-0.004402,0.034797,-0.000000,-0.001015,1.570103,-0.300000,1.000000,1.100000,0.000000,0.000000,-1.571000,-0.299883,1.004402,1.065203,1.494460
5.390000,-0.000117,-0.004411,0.034797,-0.000000,-0.001015,1.570103,-0.300000,1.000000,1.100000,0.000000,0.000000,-1.571000,-0.299883,1.004411,1.065203,1.494466
5.400000,-0.000117,-0.004419,0.034797,-0.000000,-0.001015,1.570103,-0.300000,1.000000,1.100000,0.000000,0.000000,-1.571000,-0.299883,1.004419,1.065203,1.494471
5.410000,-0.000117,-0.004428,0.034797,-0.000000,-0.001015,1.570104,-0.300000,1.000000,1.100000,0.000000,0.000000,-1.571000,-0.299883,1.004428,1.065203,1.494477
5.420000,-0.000118,-0.004436,0.034797,-0.000000,-0.001015,1.570104,-0.300000,1.000000,1.100000,0.000000,0.000000,-1.571000,-0.299882,1.004436,1.065203,1.494483
5.430000,-0.000118,-0.004444,0.034797,-0.000000,-0.001015,1.570104,-0.300000,1.000000,1.100000,0.000000,0.000000,-1.571000,-0.299882,1.004444,1.065203,1.494488
5.440000,-0.000118,-0.004453,0.034797,-0.000000,-0.001015,1.570104,-0.300000,1.000000,1.100000,0.000000,0.000000,-1.571000,-0.299882,1.004453,1.065203,1.494494
5.450000,-0.000118,-0.004461,0.034797,-0.000000,-0.001015,1.570104,-0.300000,1.000000,1.100000,0.000000,0.000000,-1.571000,-0.299882,1.004461,1.065203,1.494499
5.460000,-0.000119,-0.004469,0.034797,-0.000000,-0.001015,1.570105,-0.300000,1.000000,1.100000,0.000000,0.000000,-1.571000,-0.299881,1.004469,1.065203,1.494505
5.470000,-0.000119,-0.004478,0.034797,-0.000000,-0.001015,1.570105,-0.300000,1.000000,1.100000,0.000000,0.000000,-1.571000,-0.299881,1.004478,1.065203,1.494510
5.480000,-0.000119,-0.004486,0.034797,-0.000000,-0.001015,1.570105,-0.300000,1.000000,1.100000,0.000000,0.000000,-1.571000,-0.299881,1.004486,1.065203,1.494516
5.490000,-0.000119,-0.004494,0.034797,-0.000000,-0.001015,1.570105,-0.300000,1.000000,1.100000,0.000000,0.000000,-1.571000,-0.299881,1.004494,1.065203,1.494522
5.500000,-0.000119,-0.004503,0.034797,-0.000000,-0.001015,1.570105,-0.300000,1.000000,1.100000,0.000000,0.000000,-1.571000,-0.299881,1.004503,1.065203,1.494527
5.510000,-0.000120,-0.004511,0.034797,-0.000000,-0.001015,1.570106,-0.300000,1.000000,1.100000,0.000000,0.000000,-1.571000,-0.299880,1.004511,1.065203,1.494533
5.520000,-0.000120,-0.004520,0.034797,-0.000000,-0.001015,1.570106,-0.300000,1.000000,1.100000,0.000000,0.000000,-1.571000,-0.299880,1.004520,1.065203,1.494538
5.530000,-0.000120,-0.004528,0.034797,-0.000000,-0.001015,1.570106,-0.300000,1.000000,1.100000,0.000000,0.000000,-1.571000,-0.299880,1.004528,1.065203,1.494544
5.540000,-0.000120,-0.004536,0.034797,-0.000000,-0.001015,1.570106,-0.300000,1.000000,1.100000,0.000000,0.000000,-1.571000,-0.299880,1.004536,1.065203,1.494550
5.550000,-0.000121,-0.004545,0.034797,-0.000000,-0.001015,1.570106,-0.300000,1.000000,1.100000,0.000000,0.000000,-1.571000,-0.299879,1.004545,1.065203,1.494555
5.560000,-0.000121,-0.004553,0.034797,-0.000000,-0.001015,1.570107,-0.300000,1.000000,1.100000,0.000000,0.000000,-1.571000,-0.299879,1.004553,1.065203,1.494561
5.570000,-0.000121,-0.004561,0.034797,-0.000000,-0.001015,1.570107,-0.300000,1.000000,1.100000,0.000000,0.000000,-1.571000,-0.299879,1.004561,1.065203,1.494566
5.580000,-0.000121,-0.004570,0.034797,-0.000000,-0.001015,1.570107,-0.300000,1.000000,1.100000,0.000000,0.000000,-1.571000,-0.299879,1.004570,1.065203,1.494572
5.590000,-0.000122,-0.004578,0.034797,-0.000000,-0.001015,1.570107,-0.300000,1.000000,1.100000,0.000000,0.000000,-1.571000,-0.299878,1.004578,1.065203,1.494577
5.600000,-0.000122,-0.004587,0.034797,-0.000000,-0.001015,1.570107,-0.300000,1.000000,1.100000,0.000000,0.000000,-1.571000,-0.299878,1.004587,1.065203,1.494583
5.610000,-0.000122,-0.004595,0.034797,-0.000000,-0.001015,1.570107,-0.300000,1.000000,1.100000,0.000000,0.000000,-1.571000,-0.299878,1.004595,1.065203,1.494589
5.620000,-0.000122,-0.004603,0.034797,-0.000000,-0.001015,1.570108,-0.300000,1.000000,1.100000,0.000000,0.000000,-1.571000,-0.299878,1.004603,1.065203,1.494594
5.630000,-0.000122,-0.004612,0.034797,-0.000000,-0.001015,1.570108,-0.300000,1.000000,1.100000,0.000000,0.000000,-1.571000,-0.299878,1.004612,1.065203,1.494600
5.640000,-0.000123,-0.004620,0.034797,-0.000000,-0.001015,1.570108,-0.300000,1.000000,1.100000,0.000000,0.000000,-1.571000,-0.299877,1.004620,1.065203,1.494605
5.650000,-0.000123,-0.004628,0.034797,-0.000000,-0.001015,1.570108,-0.300000,1.000000,1.100000,0.000000,0.000000,-1.571000,-0.299877,1.004628,1.065203,1.494611
5.660000,-0.000123,-0.004637,0.034797,-0.000000,-0.001015,1.570108,-0.300000,1.000000,1.100000,0.000000,0.000000,-1.571000,-0.299877,1.004637,1.065203,1.494617
5.670000,-0.000123,-0.004645,0.034797,-0.000000,-0.001015,1.570109,-0.300000,1.000000,1.100000,0.000000,0.000000,-1.571000,-0.299877,1.004645,1.065203,1.494622
5.680000,-0.000124,-0.004654,0.034797,-0.000000,-0.001015,1.570109,-0.300000,1.000000,1.100000,0.000000,0.000000,-1.571000,-0.299876,1.004654,1.065203,1.494628
5.690000,-0.000124,-0.004662,0.034797,-0.000000,-0.001015,1.570109,-0.300000,1.000000,1.100000,0.000000,0.000000,-1.571000,-0.299876,1.004662,1.065203,1.494633
5.700000,-0.000124,-0.004670,0.034797,-0.000000,-0.001015,1.570109,-0.300000,1.000000,1.100000,0.000000,0.000000,-1.571000,-0.299876,1.004670,1.065203,1.494639
5.710000,-0.000124,-0.004679,0.034797,-0.000000,-0.001015,1.570109,-0.300000,1.000000,1.100000,0.000000,0.000000,-1.571000,-0.299876,1.004679,1.065203,1.494644
5.720000,-0.000124,-0.004687,0.034797,-0.000000,-0.001015,1.570110,-0.300000,1.000000,1.100000,0.000000,0.000000,-1.571000,-0.299876,1.004687,1.065203,1.494650
5.730000,-0.000125,-0.004695,0.034797,-0.000000,-0.001015,1.570110,-0.300000,1.000000,1.100000,0.000000,0.000000,-1.571000,-0.299875,1.004695,1.065203,1.494656
5.740000,-0.000125,-0.004704,0.034797,-0.000000,-0.001015,1.570110,-0.300000,1.000000,1.100000,0.000000,0.000000,-1.571000,-0.299875,1.004704,1.065203,1.494661
5.750000,-0.000125,-0.004712,0.034797,-0.000000,-0.001015,1.570110,-0.300000,1.000000,1.100000,0.000000,0.000000,-1.571000,-0.299875,1.004712,1.065203,1.494667
5.760000,-0.000125,-0.004721,0.034797,-0.000000,-0.001015,1.570110,-0.300000,1.000000,1.100000,0.000000,0.000000,-1.571000,-0.299875,1.004721,1.065203,1.494672
5.770000,-0.000126,-0.004729,0.034797,-0.000000,-0.001015,1.570111,-0.300000,1.000000,1.100000,0.000000,0.000000,-1.571000,-0.299874,1.004729,1.065203,1.494678
5.780000,-0.000126,-0.004737,0.034797,-0.000000,-0.001015,1.570111,-0.300000,1.000000,1.100000,0.000000,0.000000,-1.571000,-0.299874,1.004737,1.065203,1.494684
5.790000,-0.000126,-0.004746,0.034797,-0.000000,-0.001015,1.570111,-0.300000,1.000000,1.100000,0.000000,0.000000,-1.571000,-0.299874,1.004746,1.065203,1.494689
5.800000,-0.000126,-0.004754,0.034797,-0.000000,-0.001015,1.570111,-0.300000,1.000000,1.100000,0.000000,0.000000,-1.571000,-0.299874,1.004754,1.065203,1.494695
5.810000,-0.000126,-0.004762,0.034797,-0.000000,-0.001015,1.570111,-0.300000,1.000000,1.100000,0.000000,0.000000,-1.571000,-0.299874,1.004762,1.065203,1.494700
5.820000,-0.000127,-0.004771,0.034797,-0.000000,-0.001015,1.570112,-0.300000,1.000000,1.100000,0.000000,0.000000,-1.571000,-0.299873,1.004771,1.065203,1.494706
5.830000,-0.000127,-0.004779,0.034797,-0.000000,-0.001015,1.570112,-0.300000,1.000000,1.100000,0.000000,0.000000,-1.571000,-0.299873,1.004779,1.065203,1.494711
5.840000,-0.000127,-0.004788,0.034797,-0.000000,-0.001015,1.570112,-0.300000,1.000000,1.100000,0.000000,0.000000,-1.571000,-0.299873,1.004788,1.065203,1.494717
5.850000,-0.000127,-0.004796,0.034797,-0.000000,-0.001015,1.570112,-0.300000,1.000000,1.100000,0.000000,0.000000,-1.571000,-0.299873,1.004796,1.065203,1.494723
5.860000,-0.000128,-0.004804,0.034797,-0.000000,-0.001015,1.570112,-0.300000,1.000000,1.100000,0.000000,0.000000,-1.571000,-0.299872,1.004804,1.065203,1.494728
5.870000,-0.000128,-0.004813,0.034797,-0.000000,-0.001015,1.570113,-0.300000,1.000000,1.100000,0.000000,0.000000,-1.571000,-0.299872,1.004813,1.065203,1.494734
5.880000,-0.000128,-0.004821,0.034797,-0.000000,-0.001015,1.570113,-0.300000,1.000000,1.100000,0.000000,0.000000,-1.571000,-0.299872,1.004821,1.065203,1.494739
5.890000,-0.000128,-0.004829,0.034797,-0.000000,-0.001015,1.570113,-0.300000,1.000000,1.100000,0.000000,0.000000,-1.571000,-0.299872,1.004829,1.065203,1.494745
5.900000,-0.000128,-0.004838,0.034797,-0.000000,-0.001015,1.570113,-0.300000,1.000000,1.100000,0.000000,0.000000,-1.571000,-0.299872,1.004838,1.065203,1.494751
5.910000,-0.000129,-0.004846,0.034797,-0.000000,-0.001015,1.570113,-0.300000,1.000000,1.100000,0.000000,0.000000,-1.571000,-0.299871,1.004846,1.065203,1.494756
5.920000,-0.000129,-0.004855,0.034797,-0.000000,-0.001015,1.570114,-0.300000,1.000000,1.100000,0.000000,0.000000,-1.571000,-0.299871,1.004855,1.065203,1.494762
5.930000,-0.000129,-0.004863,0.034797,-0.000000,-0.001015,1.570114,-0.300000,1.000000,1.100000,0.000000,0.000000,-1.571000,-0.299871,1.004863,1.065203,1.494767
5.940000,-0.000129,-0.004871,0.034797,-0.000000,-0.001015,1.570114,-0.300000,1.000000,1.100000,0.000000,0.000000,-1.571000,-0.299871,1.004871,1.065203,1.494773
5.950000,-0.000130,-0.004880,0.034797,-0.000000,-0.001015,1.570114,-0.300000,1.000000,1.100000,0.000000,0.000000,-1.571000,-0.299870,1.004880,1.065203,1.494778
5.960000,-0.000130,-0.004888,0.034797,-0.000000,-0.001015,1.570114,-0.300000,1.000000,1.100000,0.000000,0.000000,-1.571000,-0.299870,1.004888,1.065203,1.494784
5.970000,-0.000130,-0.004896,0.034797,-0.000000,-0.001015,1.570115,-0.300000,1.000000,1.100000,0.000000,0.000000,-1.571000,-0.299870,1.004896,1.065203,1.494790
5.980000,-0.000130,-0.004905,0.034797,-0.000000,-0.001015,1.570115,-0.300000,1.000000,1.100000,0.000000,0.000000,-1.571000,-0.299870,1.004905,1.065203,1.494795
5.990000,-0.000131,-0.004913,0.034797,-0.000000,-0.001015,1.570115,-0.300000,1.000000,1.100000,0.000000,0.000000,-1.571000,-0.299869,1.004913,1.065203,1.494801
6.000000,-0.000131,-0.004922,0.034797,-0.000000,-0.001015,1.570115,-0.300000,1.000000,1.100000,0.000000,0.000000,-1.571000,-0.299869,1.004922,1.065203,1.494806
6.010000,-0.000131,-0.004930,0.034797,-0.000000,-0.001015,1.570115,-0.300000,1.000000,1.100000,0.000000,0.000000,-1.571000,-0.299869,1.004930,1.065203,1.494812
6.020000,-0.000131,-0.004938,0.034797,-0.000000,-0.001015,1.570116,-0.300000,1.000000,1.100000,0.000000,0.000000,-1.571000,-0.299869,1.004938,1.065203,1.494818
6.030000,-0.000131,-0.004947,0.034797,-0.000000,-0.001015,1.570116,-0.300000,1.000000,1.100000,0.000000,0.000000,-1.571000,-0.299869,1.004947,1.065203,1.494823
6.040000,-0.000132,-0.004955,0.034797,-0.000000,-0.001015,1.570116,-0.300000,1.000000,1.100000,0.000000,0.000000,-1.571000,-0.299868,1.004955,1.065203,1.494829
6.050000,-0.000132,-0.004963,0.034797,-0.000000,-0.001015,1.570116,-0.300000,1.000000,1.100000,0.000000,0.000000,-1.571000,-0.299868,1.004963,1.065203,1.494834
6.060000,-0.000132,-0.004972,0.034797,-0.000000,-0.001015,1.570116,-0.300000,1.000000,1.100000,0.000000,0.000000,-1.571000,-0.299868,1.004972,1.065203,1.494840
6.070000,-0.000132,-0.004980,0.034797,-0.000000,-0.001015,1.570117,-0.300000,1.000000,1.100000,0.000000,0.000000,-1.571000,-0.299868,1.004980,1.065203,1.494845
6.080000,-0.000133,-0.004989,0.034797,-0.000000,-0.001015,1.570117,-0.300000,1.000000,1.100000,0.000000,0.000000,-1.571000,-0.299867,1.004989,1.065203,1.494851
6.090000,-0.000133,-0.004997,0.034797,-0.000000,-0.001015,1.570117,-0.300000,1.000000,1.100000,0.000000,0.000000,-1.571000,-0.299867,1.004997,1.065203,1.494857
6.100000,-0.000133,-0.005005,0.034797,-0.000000,-0.001015,1.570117,-0.300000,1.000000,1.100000,0.000000,0.000000,-1.571000,-0.299867,1.005005,1.065203,1.494862
6.110000,-0.000133,-0.005014,0.034797,-0.000000,-0.001015,1.570117,-0.300000,1.000000,1.100000,0.000000,0.000000,-1.571000,-0.299867,1.005014,1.065203,1.494868
6.120000,-0.000133,-0.005022,0.034797,-0.000000,-0.001015,1.570118,-0.300000,1.000000,1.100000,0.000000,0.000000,-1.571000,-0.299867,1.005022,1.065203,1.494873
6.130000,-0.000134,-0.005030,0.034797,-0.000000,-0.001015,1.570118,-0.300000,1.000000,1.100000,0.000000,0.000000,-1.571000,-0.299866,1.005030,1.065203,1.494879
6.140000,-0.000134,-0.005039,0.034797,-0.000000,-0.001015,1.570118,-0.300000,1.000000,1.100000,0.000000,0.000000,-1.571000,-0.299866,1.005039,1.065203,1.494885
6.150000,-0.000134,-0.005047,0.034797,-0.000000,-0.001015,1.570118,-0.300000,1.000000,1.100000,0.000000,0.000000,-1.571000,-0.299866,1.005047,1.065203,1.494890
6.160000,-0.000134,-0.005056,0.034797,-0.000000,-0.001015,1.570118,-0.300000,1.000000,1.100000,0.000000,0.000000,-1.571000,-0.299866,1.005056,1.065203,1.494896
6.170000,-0.000135,-0.005064,0.034797,-0.000000,-0.001015,1.570119,-0.300000,1.000000,1.100000,0.000000,0.000000,-1.571000,-0.299865,1.005064,1.065203,1.494901
6.180000,-0.000135,-0.005072,0.034797,-0.000000,-0.001015,1.570119,-0.300000,1.000000,1.100000,0.000000,0.000000,-1.571000,-0.299865,1.005072,1.065203,1.494907
6.190000,-0.000135,-0.005081,0.034797,-0.000000,-0.001015,1.570119,-0.300000,1.000000,1.100000,0.000000,0.000000,-1.571000,-0.299865,1.005081,1.065203,1.494912
6.200000,-0.000135,-0.005089,0.034797,-0.000000,-0.001015,1.570119,-0.300000,1.000000,1.100000,0.000000,0.000000,-1.571000,-0.299865,1.005089,1.065203,1.494918
6.210000,-0.000135,-0.005097,0.034797,-0.000000,-0.001015,1.570119,-0.300000,1.000000,1.100000,0.000000,0.000000,-1.571000,-0.299865,1.005097,1.065203,1.494924
6.220000,-0.000136,-0.005106,0.034797,-0.000000,-0.001015,1.570120,-0.300000,1.000000,1.100000,0.000000,0.000000,-1.571000,-0.299864,1.005106,1.065203,1.494929
6.230000,-0.000136,-0.005114,0.034797,-0.000000,-0.001015,1.570120,-0.300000,1.000000,1.100000,0.000000,0.000000,-1.571000,-0.299864,1.005114,1.065203,1.494935
6.240000,-0.000136,-0.005123,0.034797,-0.000000,-0.001015,1.570120,-0.300000,1.000000,1.100000,0.000000,0.000000,-1.571000,-0.299864,1.005123,1.065203,1.494940
6.250000,-0.000136,-0.005131,0.034797,-0.000000,-0.001015,1.570120,-0.300000,1.000000,1.100000,0.000000,0.000000,-1.571000,-0.299864,1.005131,1.065203,1.494946
6.260000,-0.000137,-0.005139,0.034797,-0.000000,-0.001015,1.570120,-0.300000,1.000000,1.100000,0.000000,0.000000,-1.571000,-0.299863,1.005139,1.065203,1.494952
6.270000,-0.000137,-0.005148,0.034797,-0.000000,-0.001015,1.570120,-0.300000,1.000000,1.100000,0.000000,0.000000,-1.571000,-0.299863,1.005148,1.065203,1.494957
6.280000,-0.000137,-0.005156,0.034797,-0.000000,-0.001015,1.570121,-0.300000,1.000000,1.100000,0.000000,0.000000,-1.571000,-0.299863,1.005156,1.065203,1.494963
6.290000,-0.000137,-0.005164,0.034797,-0.000000,-0.001015,1.570121,-0.300000,1.000000,1.100000,0.000000,0.000000,-1.571000,-0.299863,1.005164,1.065203,1.494968
6.300000,-0.000138,-0.005173,0.034797,-0.000000,-0.001015,1.570121,-0.300000,1.000000,1.100000,0.000000,0.000000,-1.571000,-0.299862,1.005173,1.065203,1.494974
6.310000,-0.000138,-0.005181,0.034797,-0.000000,-0.001015,1.570121,-0.300000,1.000000,1.100000,0.000000,0.000000,-1.571000,-0.299862,1.005181,1.065203,1.494979
6.320000,-0.000138,-0.005190,0.034797,-0.000000,-0.001015,1.570121,-0.300000,1.000000,1.100000,0.000000,0.000000,-1.571000,-0.299862,1.005190,1.065203,1.494985
6.330000,-0.000138,-0.005198,0.034797,-0.000000,-0.001015,1.570122,-0.300000,1.000000,1.100000,0.000000,0.000000,-1.571000,-0.299862,1.005198,1.065203,1.494991
6.340000,-0.000138,-0.005206,0.034797,-0.000000,-0.001015,1.570122,-0.300000,1.000000,1.100000,0.000000,0.000000,-1.571000,-0.299862,1.005206,1.065203,1.494996
6.350000,-0.000139,-0.005215,0.034797,-0.000000,-0.001015,1.570122,-0.300000,1.000000,1.100000,0.000000,0.000000,-1.571000,-0.299861,1.005215,1.065203,1.495002
6.360000,-0.000139,-0.005223,0.034797,-0.000000,-0.001015,1.570122,-0.300000,1.000000,1.100000,0.000000,0.000000,-1.571000,-0.299861,1.005223,1.065203,1.495007
6.370000,-0.000139,-0.005231,0.034797,-0.000000,-0.001015,1.570122,-0.300000,1.000000,1.100000,0.000000,0.000000,-1.571000,-0.299861,1.005231,1.065203,1.495013
6.380000,-0.000139,-0.005240,0.034797,-0.000000,-0.001015,1.570123,-0.300000,1.000000,1.100000,0.000000,0.000000,-1.571000,-0.299861,1.005240,1.065203,1.495019
6.390000,-0.000140,-0.005248,0.034797,-0.000000,-0.001015,1.570123,-0.300000,1.000000,1.100000,0.000000,0.000000,-1.571000,-0.299860,1.005248,1.065203,1.495024
6.400000,-0.000140,-0.005256,0.034797,-0.000000,-0.001015,1.570123,-0.300000,1.000000,1.100000,0.000000,0.000000,-1.571000,-0.299860,1.005256,1.065203,1.495030
6.410000,-0.000140,-0.005265,0.034797,-0.000000,-0.001015,1.570123,-0.300000,1.000000,1.100000,0.000000,0.000000,-1.571000,-0.299860,1.005265,1.065203,1.495035
6.420000,-0.000140,-0.005273,0.034797,-0.000000,-0.001015,1.570123,-0.300000,1.000000,1.100000,0.000000,0.000000,-1.571000,-0.299860,1.005273,1.065203,1.495041
6.430000,-0.000140,-0.005282,0.034797,-0.000000,-0.001015,1.570124,-0.300000,1.000000,1.100000,0.000000,0.000000,-1.571000,-0.299860,1.005282,1.065203,1.495047
6.440000,-0.000141,-0.005290,0.034797,-0.000000,-0.001015,1.570124,-0.300000,1.000000,1.100000,0.000000,0.000000,-1.571000,-0.299859,1.005290,1.065203,1.495052
6.450000,-0.000141,-0.005298,0.034797,-0.000000,-0.001015,1.570124,-0.300000,1.000000,1.100000,0.000000,0.000000,-1.571000,-0.299859,1.005298,1.065203,1.495058
6.460000,-0.000141,-0.005307,0.034797,-0.000000,-0.001015,1.570124,-0.300000,1.000000,1.100000,0.000000,0.000000,-1.571000,-0.299859,1.005307,1.065203,1.495063
6.470000,-0.000141,-0.005315,0.034797,-0.000000,-0.001015,1.570124,-0.300000,1.000000,1.100000,0.000000,0.000000,-1.571000,-0.299859,1.005315,1.065203,1.495069
6.480000,-0.000142,-0.005323,0.034797,-0.000000,-0.001015,1.570125,-0.300000,1.000000,1.100000,0.000000,0.000000,-1.571000,-0.299858,1.005323,1.065203,1.495074
6.490000,-0.000142,-0.005332,0.034797,-0.000000,-0.001015,1.570125,-0.300000,1.000000,1.100000,0.000000,0.000000,-1.571000,-0.299858,1.005332,1.065203,1.495080
6.500000,-0.000142,-0.005340,0.034797,-0.000000,-0.001015,1.570125,-0.300000,1.000000,1.100000,0.000000,0.000000,-1.571000,-0.299858,1.005340,1.065203,1.495086
6.510000,-0.000142,-0.005349,0.034797,-0.000000,-0.001015,1.570125,-0.300000,1.000000,1.100000,0.000000,0.000000,-1.571000,-0.299858,1.005349,1.065203,1.495091
6.520000,-0.000142,-0.005357,0.034797,-0.000000,-0.001015,1.570125,-0.300000,1.000000,1.100000,0.000000,0.000000,-1.571000,-0.299858,1.005357,1.065203,1.495097
6.530000,-0.000143,-0.005365,0.034797,-0.000000,-0.001015,1.570126,-0.300000,1.000000,1.100000,0.000000,0.000000,-1.571000,-0.299857,1.005365,1.065203,1.495102
6.540000,-0.000143,-0.005374,0.034797,-0.000000,-0.001015,1.570126,-0.300000,1.000000,1.100000,0.000000,0.000000,-1.571000,-0.299857,1.005374,1.065203,1.495108
6.550000,-0.000143,-0.005382,0.034797,-0.000000,-0.001015,1.570126,-0.300000,1.000000,1.100000,0.000000,0.000000,-1.571000,-0.299857,1.005382,1.065203,1.495114
6.560000,-0.000143,-0.005390,0.034797,-0.000000,-0.001015,1.570126,-0.300000,1.000000,1.100000,0.000000,0.000000,-1.571000,-0.299857,1.005390,1.065203,1.495119
6.570000,-0.000144,-0.005399,0.034797,-0.000000,-0.001015,1.570126,-0.300000,1.000000,1.100000,0.000000,0.000000,-1.571000,-0.299856,1.005399,1.065203,1.495125
6.580000,-0.000144,-0.005407,0.034797,-0.000000,-0.001015,1.570127,-0.300000,1.000000,1.100000,0.000000,0.000000,-1.571000,-0.299856,1.005407,1.065203,1.495130
6.590000,-0.000144,-0.005416,0.034797,-0.000000,-0.001015,1.570127,-0.300000,1.000000,1.100000,0.000000,0.000000,-1.571000,-0.299856,1.005416,1.065203,1.495136
6.600000,-0.000144,-0.005424,0.034797,-0.000000,-0.001015,1.570127,-0.300000,1.000000,1.100000,0.000000,0.000000,-1.571000,-0.299856,1.005424,1.065203,1.495141
6.610000,-0.000144,-0.005432,0.034797,-0.000000,-0.001015,1.570127,-0.300000,1.000000,1.100000,0.000000,0.000000,-1.571000,-0.299856,1.005432,1.065203,1.495147
6.620000,-0.000145,-0.005441,0.034797,-0.000000,-0.001015,1.570127,-0.300000,1.000000,1.100000,0.000000,0.000000,-1.571000,-0.299855,1.005441,1.065203,1.495153
6.630000,-0.000145,-0.005449,0.034797,-0.000000,-0.001015,1.570128,-0.300000,1.000000,1.100000,0.000000,0.000000,-1.571000,-0.299855,1.005449,1.065203,1.495158
6.640000,-0.000145,-0.005457,0.034797,-0.000000,-0.001015,1.570128,-0.300000,1.000000,1.100000,0.000000,0.000000,-1.571000,-0.299855,1.005457,1.065203,1.495164
6.650000,-0.000145,-0.005466,0.034797,-0.000000,-0.001015,1.570128,-0.300000,1.000000,1.100000,0.000000,0.000000,-1.571000,-0.299855,1.005466,1.065203,1.495169
6.660000,-0.000146,-0.005474,0.034797,-0.000000,-0.001015,1.570128,-0.300000,1.000000,1.100000,0.000000,0.000000,-1.571000,-0.299854,1.005474,1.065203,1.495175
6.670000,-0.000146,-0.005483,0.034797,-0.000000,-0.001015,1.570128,-0.300000,1.000000,1.100000,0.000000,0.000000,-1.571000,-0.299854,1.005483,1.065203,1.495181
6.680000,-0.000146,-0.005491,0.034797,-0.000000,-0.001015,1.570129,-0.300000,1.000000,1.100000,0.000000,0.000000,-1.571000,-0.299854,1.005491,1.065203,1.495186
6.690000,-0.000146,-0.005499,0.034797,-0.000000,-0.001015,1.570129,-0.300000,1.000000,1.100000,0.000000,0.000000,-1.571000,-0.299854,1.005499,1.065203,1.495192
6.700000,-0.000147,-0.005508,0.034797,-0.000000,-0.001015,1.570129,-0.300000,1.000000,1.100000,0.000000,0.000000,-1.571000,-0.299853,1.005508,1.065203,1.495197
6.710000,-0.000147,-0.005516,0.034797,-0.000000,-0.001015,1.570129,-0.300000,1.000000,1.100000,0.000000,0.000000,-1.571000,-0.299853,1.005516,1.065203,1.495203
6.720000,-0.000147,-0.005524,0.034797,-0.000000,-0.001015,1.570129,-0.300000,1.000000,1.100000,0.000000,0.000000,-1.571000,-0.299853,1.005524,1.065203,1.495208
6.730000,-0.000147,-0.005533,0.034797,-0.000000,-0.001015,1.570130,-0.300000,1.000000,1.100000,0.000000,0.000000,-1.571000,-0.299853,1.005533,1.065203,1.495214
6.740000,-0.000147,-0.005541,0.034797,-0.000000,-0.001015,1.570130,-0.300000,1.000000,1.100000,0.000000,0.000000,-1.571000,-0.299853,1.005541,1.065203,1.495220
6.750000,-0.000148,-0.005550,0.034797,-0.000000,-0.001015,1.570130,-0.300000,1.000000,1.100000,0.000000,0.000000,-1.571000,-0.299852,1.005550,1.065203,1.495225
6.760000,-0.000148,-0.005558,0.034797,-0.000000,-0.001015,1.570130,-0.300000,1.000000,1.100000,0.000000,0.000000,-1.571000,-0.299852,1.005558,1.065203,1.495231
6.770000,-0.000148,-0.005566,0.034797,-0.000000,-0.001015,1.570130,-0.300000,1.000000,1.100000,0.000000,0.000000,-1.571000,-0.299852,1.005566,1.065203,1.495236
6.780000,-0.000148,-0.005575,0.034797,-0.000000,-0.001015,1.570131,-0.300000,1.000000,1.100000,0.000000,0.000000,-1.571000,-0.299852,1.005575,1.065203,1.495242
6.790000,-0.000149,-0.005583,0.034797,-0.000000,-0.001015,1.570131,-0.300000,1.000000,1.100000,0.000000,0.000000,-1.571000,-0.299851,1.005583,1.065203,1.495248
6.800000,-0.000149,-0.005591,0.034797,-0.000000,-0.001015,1.570131,-0.300000,1.000000,1.100000,0.000000,0.000000,-1.571000,-0.299851,1.005591,1.065203,1.495253
6.810000,-0.000149,-0.005600,0.034797,-0.000000,-0.001015,1.570131,-0.300000,1.000000,1.100000,0.000000,0.000000,-1.571000,-0.299851,1.005600,1.065203,1.495259
6.820000,-0.000149,-0.005608,0.034797,-0.000000,-0.001015,1.570131,-0.300000,1.000000,1.100000,0.000000,0.000000,-1.571000,-0.299851,1.005608,1.065203,1.495264
6.830000,-0.000149,-0.005617,0.034797,-0.000000,-0.001015,1.570132,-0.300000,1.000000,1.100000,0.000000,0.000000,-1.571000,-0.299851,1.005617,1.065203,1.495270
6.840000,-0.000150,-0.005625,0.034797,-0.000000,-0.001015,1.570132,-0.300000,1.000000,1.100000,0.000000,0.000000,-1.571000,-0.299850,1.005625,1.065203,1.495276
6.850000,-0.000150,-0.005633,0.034797,-0.000000,-0.001015,1.570132,-0.300000,1.000000,1.100000,0.000000,0.000000,-1.571000,-0.299850,1.005633,1.065203,1.495281
6.860000,-0.000150,-0.005642,0.034797,-0.000000,-0.001015,1.570132,-0.300000,1.000000,1.100000,0.000000,0.000000,-1.571000,-0.299850,1.005642,1.065203,1.495287
6.870000,-0.000150,-0.005650,0.034797,-0.000000,-0.001015,1.570132,-0.300000,1.000000,1.100000,0.000000,0.000000,-1.571000,-0.299850,1.005650,1.065203,1.495292
6.880000,-0.000151,-0.005658,0.034797,-0.000000,-0.001015,1.570132,-0.300000,1.000000,1.100000,0.000000,0.000000,-1.571000,-0.299849,1.005658,1.065203,1.495298
6.890000,-0.000151,-0.005667,0.034797,-0.000000,-0.001015,1.570133,-0.300000,1.000000,1.100000,0.000000,0.000000,-1.571000,-0.299849,1.005667,1.065203,1.495303
6.900000,-0.000151,-0.005675,0.034797,-0.000000,-0.001015,1.570133,-0.300000,1.000000,1.100000,0.000000,0.000000,-1.571000,-0.299849,1.005675,1.065203,1.495309
6.910000,-0.000151,-0.005684,0.034797,-0.000000,-0.001015,1.570133,-0.300000,1.000000,1.100000,0.000000,0.000000,-1.571000,-0.299849,1.005684,1.065203,1.495315
6.920000,-0.000151,-0.005692,0.034797,-0.000000,-0.001015,1.570133,-0.300000,1.000000,1.100000,0.000000,0.000000,-1.571000,-0.299849,1.005692,1.065203,1.495320
6.930000,-0.000152,-0.005700,0.034797,-0.000000,-0.001015,1.570133,-0.300000,1.000000,1.100000,0.000000,0.000000,-1.571000,-0.299848,1.005700,1.065203,1.495326
6.940000,-0.000152,-0.005709,0.034797,-0.000000,-0.001015,1.570134,-0.300000,1.000000,1.100000,0.000000,0.000000,-1.571000,-0.299848,1.005709,1.065203,1.495331
6.950000,-0.000152,-0.005717,0.034797,-0.000000,-0.001015,1.570134,-0.300000,1.000000,1.100000,0.000000,0.000000,-1.571000,-0.299848,1.005717,1.065203,1.495337
6.960000,-0.000152,-0.005725,0.034797,-0.000000,-0.001015,1.570134,-0.300000,1.000000,1.100000,0.000000,0.000000,-1.571000,-0.299848,1.005725,1.065203,1.495343
6.970000,-0.000153,-0.005734,0.034797,-0.000000,-0.001015,1.570134,-0.300000,1.000000,1.100000,0.000000,0.000000,-1.571000,-0.299847,1.005734,1.065203,1.495348
6.980000,-0.000153,-0.005742,0.034797,-0.000000,-0.001015,1.570134,-0.300000,1.000000,1.100000,0.000000,0.000000,-1.571000,-0.299847,1.005742,1.065203,1.495354
6.990000,-0.000153,-0.005751,0.034797,-0.000000,-0.001015,1.570135,-0.300000,1.000000,1.100000,0.000000,0.000000,-1.571000,-0.299847,1.005751,1.065203,1.495359
7.000000,-0.000153,-0.005759,0.034797,-0.000000,-0.001015,1.570135,-0.300000,1.000000,1.100000,0.000000,0.000000,-1.571000,-0.299847,1.005759,1.065203,1.495365
7.010000,-0.000153,-0.005767,0.034797,-0.000000,-0.001015,1.570135,-0.300000,1.000000,1.100000,0.000000,0.000000,-1.571000,-0.299847,1.005767,1.065203,1.495371
7.020000,-0.000154,-0.005776,0.034797,-0.000000,-0.001015,1.570135,-0.300000,1.000000,1.100000,0.000000,0.000000,-1.571000,-0.299846,1.005776,1.065203,1.495376
7.030000,-0.000154,-0.005784,0.034797,-0.000000,-0.001015,1.570135,-0.300000,1.000000,1.100000,0.000000,0.000000,-1.571000,-0.299846,1.005784,1.065203,1.495382
7.040000,-0.000154,-0.005792,0.034797,-0.000000,-0.001015,1.570136,-0.300000,1.000000,1.100000,0.000000,0.000000,-1.571000,-0.299846,1.005792,1.065203,1.495387
7.050000,-0.000154,-0.005801,0.034797,-0.000000,-0.001015,1.570136,-0.300000,1.000000,1.100000,0.000000,0.000000,-1.571000,-0.299846,1.005801,1.065203,1.495393
7.060000,-0.000155,-0.005809,0.034797,-0.000000,-0.001015,1.570136,-0.300000,1.000000,1.100000,0.000000,0.000000,-1.571000,-0.299845,1.005809,1.065203,1.495398
7.070000,-0.000155,-0.005818,0.034797,-0.000000,-0.001015,1.570136,-0.300000,1.000000,1.100000,0.000000,0.000000,-1.571000,-0.299845,1.005818,1.065203,1.495404
7.080000,-0.000155,-0.005826,0.034797,-0.000000,-0.001015,1.570136,-0.300000,1.000000,1.100000,0.000000,0.000000,-1.571000,-0.299845,1.005826,1.065203,1.495410
7.090000,-0.000155,-0.005834,0.034797,-0.000000,-0.001015,1.570137,-0.300000,1.000000,1.100000,0.000000,0.000000,-1.571000,-0.299845,1.005834,1.065203,1.495415
7.100000,-0.000156,-0.005843,0.034797,-0.000000,-0.001015,1.570137,-0.300000,1.000000,1.100000,0.000000,0.000000,-1.571000,-0.299844,1.005843,1.065203,1.495421
7.110000,-0.000156,-0.005851,0.034797,-0.000000,-0.001015,1.570137,-0.300000,1.000000,1.100000,0.000000,0.000000,-1.571000,-0.299844,1.005851,1.065203,1.495426
7.120000,-0.000156,-0.005859,0.034797,-0.000000,-0.001015,1.570137,-0.300000,1.000000,1.100000,0.000000,0.000000,-1.571000,-0.299844,1.005859,1.065203,1.495432
7.130000,-0.000156,-0.005868,0.034797,-0.000000,-0.001015,1.570137,-0.300000,1.000000,1.100000,0.000000,0.000000,-1.571000,-0.299844,1.005868,1.065203,1.495438
7.140000,-0.000156,-0.005876,0.034797,-0.000000,-0.001015,1.570138,-0.300000,1.000000,1.100000,0.000000,0.000000,-1.571000,-0.299844,1.005876,1.065203,1.495443
7.150000,-0.000157,-0.005885,0.034797,-0.000000,-0.001015,1.570138,-0.300000,1.000000,1.100000,0.000000,0.000000,-1.571000,-0.299843,1.005885,1.065203,1.495449
7.160000,-0.000157,-0.005893,0.034797,-0.000000,-0.001015,1.570138,-0.300000,1.000000,1.100000,0.000000,0.000000,-1.571000,-0.299843,1.005893,1.065203,1.495454
7.170000,-0.000157,-0.005901,0.034797,-0.000000,-0.001015,1.570138,-0.300000,1.000000,1.100000,0.000000,0.000000,-1.571000,-0.299843,1.005901,1.065203,1.495460
7.180000,-0.000157,-0.005910,0.034797,-0.000000,-0.001015,1.570138,-0.300000,1.000000,1.100000,0.000000,0.000000,-1.571000,-0.299843,1.005910,1.065203,1.495465
7.190000,-0.000158,-0.005918,0.034797,-0.000000,-0.001015,1.570139,-0.300000,1.000000,1.100000,0.000000,0.000000,-1.571000,-0.299842,1.005918,1.065203,1.495471
7.200000,-0.000158,-0.005926,0.034797,-0.000000,-0.001015,1.570139,-0.300000,1.000000,1.100000,0.000000,0.000000,-1.571000,-0.299842,1.005926,1.065203,1.495477
7.210000,-0.000158,-0.005935,0.034797,-0.000000,-0.001015,1.570139,-0.300000,1.000000,1.100000,0.000000,0.000000,-1.571000,-0.299842,1.005935,1.065203,1.495482
7.220000,-0.000158,-0.005943,0.034797,-0.000000,-0.001015,1.570139,-0.300000,1.000000,1.100000,0.000000,0.000000,-1.571000,-0.299842,1.005943,1.065203,1.495488
7.230000,-0.000158,-0.005951,0.034797,-0.000000,-0.001015,1.570139,-0.300000,1.000000,1.100000,0.000000,0.000000,-1.571000,-0.299842,1.005951,1.065203,1.495493
7.240000,-0.000159,-0.005960,0.034797,-0.000000,-0.001015,1.570140,-0.300000,1.000000,1.100000,0.000000,0.000000,-1.571000,-0.299841,1.005960,1.065203,1.495499
7.250000,-0.000159,-0.005968,0.034797,-0.000000,-0.001015,1.570140,-0.300000,1.000000,1.100000,0.000000,0.000000,-1.571000,-0.299841,1.005968,1.065203,1.495505
7.260000,-0.000159,-0.005977,0.034797,-0.000000,-0.001015,1.570140,-0.300000,1.000000,1.100000,0.000000,0.000000,-1.571000,-0.299841,1.005977,1.065203,1.495510
7.270000,-0.000159,-0.005985,0.034797,-0.000000,-0.001015,1.570140,-0.300000,1.000000,1.100000,0.000000,0.000000,-1.571000,-0.299841,1.005985,1.065203,1.495516
7.280000,-0.000160,-0.005993,0.034797,-0.000000,-0.001015,1.570140,-0.300000,1.000000,1.100000,0.000000,0.000000,-1.571000,-0.299840,1.005993,1.065203,1.495521
7.290000,-0.000160,-0.006002,0.034797,-0.000000,-0.001015,1.570141,-0.300000,1.000000,1.100000,0.000000,0.000000,-1.571000,-0.299840,1.006002,1.065203,1.495527
7.300000,-0.000160,-0.006010,0.034797,-0.000000,-0.001015,1.570141,-0.300000,1.000000,1.100000,0.000000,0.000000,-1.571000,-0.299840,1.006010,1.065203,1.495533
7.310000,-0.000160,-0.006018,0.034797,-0.000000,-0.001015,1.570141,-0.300000,1.000000,1.100000,0.000000,0.000000,-1.571000,-0.299840,1.006018,1.065203,1.495538
7.320000,-0.000160,-0.006027,0.034797,-0.000000,-0.001015,1.570141,-0.300000,1.000000,1.100000,0.000000,0.000000,-1.571000,-0.299840,1.006027,1.065203,1.495544
7.330000,-0.000161,-0.006035,0.034797,-0.000000,-0.001015,1.570141,-0.300000,1.000000,1.100000,0.000000,0.000000,-1.571000,-0.299839,1.006035,1.065203,1.495549
7.340000,-0.000161,-0.006044,0.034797,-0.000000,-0.001015,1.570142,-0.300000,1.000000,1.100000,0.000000,0.000000,-1.571000,-0.299839,1.006044,1.065203,1.495555
7.350000,-0.000161,-0.006052,0.034797,-0.000000,-0.001015,1.570142,-0.300000,1.000000,1.100000,0.000000,0.000000,-1.571000,-0.299839,1.006052,1.065203,1.495560
7.360000,-0.000161,-0.006060,0.034797,-0.000000,-0.001015,1.570142,-0.300000,1.000000,1.100000,0.000000,0.000000,-1.571000,-0.299839,1.006060,1.065203,1.495566
7.370000,-0.000162,-0.006069,0.034797,-0.000000,-0.001015,1.570142,-0.300000,1.000000,1.100000,0.000000,0.000000,-1.571000,-0.299838,1.006069,1.065203,1.495572
7.380000,-0.000162,-0.006077,0.034797,-0.000000,-0.001015,1.570142,-0.300000,1.000000,1.100000,0.000000,0.000000,-1.571000,-0.299838,1.006077,1.065203,1.495577
7.390000,-0.000162,-0.006085,0.034797,-0.000000,-0.001015,1.570143,-0.300000,1.000000,1.100000,0.000000,0.000000,-1.571000,-0.299838,1.006085,1.065203,1.495583
7.400000,-0.000162,-0.006094,0.034797,-0.000000,-0.001015,1.570143,-0.300000,1.000000,1.100000,0.000000,0.000000,-1.571000,-0.299838,1.006094,1.065203,1.495588
7.410000,-0.000163,-0.006102,0.034797,-0.000000,-0.001015,1.570143,-0.300000,1.000000,1.100000,0.000000,0.000000,-1.571000,-0.299837,1.006102,1.065203,1.495594
7.420000,-0.000163,-0.006111,0.034797,-0.000000,-0.001015,1.570143,-0.300000,1.000000,1.100000,0.000000,0.000000,-1.571000,-0.299837,1.006111,1.065203,1.495600
7.430000,-0.000163,-0.006119,0.034797,-0.000000,-0.001015,1.570143,-0.300000,1.000000,1.100000,0.000000,0.000000,-1.571000,-0.299837,1.006119,1.065203,1.495605
7.440000,-0.000163,-0.006127,0.034797,-0.000000,-0.001015,1.570143,-0.300000,1.000000,1.100000,0.000000,0.000000,-1.571000,-0.299837,1.006127,1.065203,1.495611
7.450000,-0.000163,-0.006136,0.034797,-0.000000,-0.001015,1.570144,-0.300000,1.000000,1.100000,0.000000,0.000000,-1.571000,-0.299837,1.006136,1.065203,1.495616
7.460000,-0.000164,-0.006144,0.034797,-0.000000,-0.001015,1.570144,-0.300000,1.000000,1.100000,0.000000,0.000000,-1.571000,-0.299836,1.006144,1.065203,1.495622
7.470000,-0.000164,-0.006152,0.034797,-0.000000,-0.001015,1.570144,-0.300000,1.000000,1.100000,0.000000,0.000000,-1.571000,-0.299836,1.006152,1.065203,1.495628
7.480000,-0.000164,-0.006161,0.034797,-0.000000,-0.001015,1.570144,-0.300000,1.000000,1.100000,0.000000,0.000000,-1.571000,-0.299836,1.006161,1.065203,1.495633
7.490000,-0.000164,-0.006169,0.034797,-0.000000,-0.001015,1.570144,-0.300000,1.000000,1.100000,0.000000,0.000000,-1.571000,-0.299836,1.006169,1.065203,1.495639
7.500000,-0.000165,-0.006178,0.034797,-0.000000,-0.001015,1.570145,-0.300000,1.000000,1.100000,0.000000,0.000000,-1.571000,-0.299835,1.006178,1.065203,1.495644
7.510000,-0.000165,-0.006186,0.034797,-0.000000,-0.001015,1.570145,-0.300000,1.000000,1.100000,0.000000,0.000000,-1.571000,-0.299835,1.006186,1.065203,1.495650
7.520000,-0.000165,-0.006194,0.034797,-0.000000,-0.001015,1.570145,-0.300000,1.000000,1.100000,0.000000,0.000000,-1.571000,-0.299835,1.006194,1.065203,1.495655
7.530000,-0.000165,-0.006203,0.034797,-0.000000,-0.001015,1.570145,-0.300000,1.000000,1.100000,0.000000,0.000000,-1.571000,-0.299835,1.006203,1.065203,1.495661
7.540000,-0.000165,-0.006211,0.034797,-0.000000,-0.001015,1.570145,-0.300000,1.000000,1.100000,0.000000,0.000000,-1.571000,-0.299835,1.006211,1.065203,1.495667
7.550000,-0.000166,-0.006219,0.034797,-0.000000,-0.001015,1.570146,-0.300000,1.000000,1.100000,0.000000,0.000000,-1.571000,-0.299834,1.006219,1.065203,1.495672
7.560000,-0.000166,-0.006228,0.034797,-0.000000,-0.001015,1.570146,-0.300000,1.000000,1.100000,0.000000,0.000000,-1.571000,-0.299834,1.006228,1.065203,1.495678
7.570000,-0.000166,-0.006236,0.034797,-0.000000,-0.001015,1.570146,-0.300000,1.000000,1.100000,0.000000,0.000000,-1.571000,-0.299834,1.006236,1.065203,1.495683
7.580000,-0.000166,-0.006245,0.034797,-0.000000,-0.001015,1.570146,-0.300000,1.000000,1.100000,0.000000,0.000000,-1.571000,-0.299834,1.006245,1.065203,1.495689
7.590000,-0.000167,-0.006253,0.034797,-0.000000,-0.001015,1.570146,-0.300000,1.000000,1.100000,0.000000,0.000000,-1.571000,-0.299833,1.006253,1.065203,1.495695
7.600000,-0.000167,-0.006261,0.034797,-0.000000,-0.001015,1.570147,-0.300000,1.000000,1.100000,0.000000,0.000000,-1.571000,-0.299833,1.006261,1.065203,1.495700
7.610000,-0.000167,-0.006270,0.034797,-0.000000,-0.001015,1.570147,-0.300000,1.000000,1.100000,0.000000,0.000000,-1.571000,-0.299833,1.006270,1.065203,1.495706
7.620000,-0.000167,-0.006278,0.034797,-0.000000,-0.001015,1.570147,-0.300000,1.000000,1.100000,0.000000,0.000000,-1.571000,-0.299833,1.006278,1.065203,1.495711
7.630000,-0.000167,-0.006286,0.034797,-0.000000,-0.001015,1.570147,-0.300000,1.000000,1.100000,0.000000,0.000000,-1.571000,-0.299833,1.006286,1.065203,1.495717
7.640000,-0.000168,-0.006295,0.034797,-0.000000,-0.001015,1.570147,-0.300000,1.000000,1.100000,0.000000,0.000000,-1.571000,-0.299832,1.006295,1.065203,1.495723
7.650000,-0.000168,-0.006303,0.034797,-0.000000,-0.001015,1.570148,-0.300000,1.000000,1.100000,0.000000,0.000000,-1.571000,-0.299832,1.006303,1.065203,1.495728
7.660000,-0.000168,-0.006312,0.034797,-0.000000,-0.001015,1.570148,-0.300000,1.000000,1.100000,0.000000,0.000000,-1.571000,-0.299832,1.006312,1.065203,1.495734
7.670000,-0.000168,-0.006320,0.034797,-0.000000,-0.001015,1.570148,-0.300000,1.000000,1.100000,0.000000,0.000000,-1.571000,-0.299832,1.006320,1.065203,1.495739
7.680000,-0.000169,-0.006328,0.034797,-0.000000,-0.001015,1.570148,-0.300000,1.000000,1.100000,0.000000,0.000000,-1.571000,-0.299831,1.006328,1.065203,1.495745
7.690000,-0.000169,-0.006337,0.034797,-0.000000,-0.001015,1.570148,-0.300000,1.000000,1.100000,0.000000,0.000000,-1.571000,-0.299831,1.006337,1.065203,1.495750
7.700000,-0.000169,-0.006345,0.034797,-0.000000,-0.001015,1.570149,-0.300000,1.000000,1.100000,0.000000,0.000000,-1.571000,-0.299831,1.006345,1.065203,1.495756
7.710000,-0.000169,-0.006353,0.034797,-0.000000,-0.001015,1.570149,-0.300000,1.000000,1.100000,0.000000,0.000000,-1.571000,-0.299831,1.006353,1.065203,1.495762
7.720000,-0.000170,-0.006362,0.034797,-0.000000,-0.001015,1.570149,-0.300000,1.000000,1.100000,0.000000,0.000000,-1.571000,-0.299830,1.006362,1.065203,1.495767
7.730000,-0.000170,-0.006370,0.034797,-0.000000,-0.001015,1.570149,-0.300000,1.000000,1.100000,0.000000,0.000000,-1.571000,-0.299830,1.006370,1.065203,1.495773
7.740000,-0.000170,-0.006379,0.034797,-0.000000,-0.001015,1.570149,-0.300000,1.000000,1.100000,0.000000,0.000000,-1.571000,-0.299830,1.006379,1.065203,1.495778
7.750000,-0.000170,-0.006387,0.034797,-0.000000,-0.001015,1.570150,-0.300000,1.000000,1.100000,0.000000,0.000000,-1.571000,-0.299830,1.006387,1.065203,1.495784
7.760000,-0.000170,-0.006395,0.034797,-0.000000,-0.001015,1.570150,-0.300000,1.000000,1.100000,0.000000,0.000000,-1.571000,-0.299830,1.006395,1.065203,1.495790
7.770000,-0.000171,-0.006404,0.034797,-0.000000,-0.001015,1.570150,-0.300000,1.000000,1.100000,0.000000,0.000000,-1.571000,-0.299829,1.006404,1.065203,1.495795
7.780000,-0.000171,-0.006412,0.034797,-0.000000,-0.001015,1.570150,-0.300000,1.000000,1.100000,0.000000,0.000000,-1.571000,-0.299829,1.006412,1.065203,1.495801
7.790000,-0.000171,-0.006420,0.034797,-0.000000,-0.001015,1.570150,-0.300000,1.000000,1.100000,0.000000,0.000000,-1.571000,-0.299829,1.006420,1.065203,1.495806
7.800000,-0.000171,-0.006429,0.034797,-0.000000,-0.001015,1.570151,-0.300000,1.000000,1.100000,0.000000,0.000000,-1.571000,-0.299829,1.006429,1.065203,1.495812
7.810000,-0.000172,-0.006437,0.034797,-0.000000,-0.001015,1.570151,-0.300000,1.000000,1.100000,0.000000,0.000000,-1.571000,-0.299828,1.006437,1.065203,1.495818
7.820000,-0.000172,-0.006446,0.034797,-0.000000,-0.001015,1.570151,-0.300000,1.000000,1.100000,0.000000,0.000000,-1.571000,-0.299828,1.006446,1.065203,1.495823
7.830000,-0.000172,-0.006454,0.034797,-0.000000,-0.001015,1.570151,-0.300000,1.000000,1.100000,0.000000,0.000000,-1.571000,-0.299828,1.006454,1.065203,1.495829
7.840000,-0.000172,-0.006462,0.034797,-0.000000,-0.001015,1.570151,-0.300000,1.000000,1.100000,0.000000,0.000000,-1.571000,-0.299828,1.006462,1.065203,1.495834
7.850000,-0.000172,-0.006471,0.034797,-0.000000,-0.001015,1.570152,-0.300000,1.000000,1.100000,0.000000,0.000000,-1.571000,-0.299828,1.006471,1.065203,1.495840
7.860000,-0.000173,-0.006479,0.034797,-0.000000,-0.001015,1.570152,-0.300000,1.000000,1.100000,0.000000,0.000000,-1.571000,-0.299827,1.006479,1.065203,1.495845
7.870000,-0.000173,-0.006487,0.034797,-0.000000,-0.001015,1.570152,-0.300000,1.000000,1.100000,0.000000,0.000000,-1.571000,-0.299827,1.006487,1.065203,1.495851
7.880000,-0.000173,-0.006496,0.034797,-0.000000,-0.001015,1.570152,-0.300000,1.000000,1.100000,0.000000,0.000000,-1.571000,-0.299827,1.006496,1.065203,1.495857
7.890000,-0.000173,-0.006504,0.034797,-0.000000,-0.001015,1.570152,-0.300000,1.000000,1.100000,0.000000,0.000000,-1.571000,-0.299827,1.006504,1.065203,1.495862
7.900000,-0.000174,-0.006513,0.034797,-0.000000,-0.001015,1.570153,-0.300000,1.000000,1.100000,0.000000,0.000000,-1.571000,-0.299826,1.006513,1.065203,1.495868
7.910000,-0.000174,-0.006521,0.034797,-0.000000,-0.001015,1.570153,-0.300000,1.000000,1.100000,0.000000,0.000000,-1.571000,-0.299826,1.006521,1.065203,1.495873
7.920000,-0.000174,-0.006529,0.034797,-0.000000,-0.001015,1.570153,-0.300000,1.000000,1.100000,0.000000,0.000000,-1.571000,-0.299826,1.006529,1.065203,1.495879
7.930000,-0.000174,-0.006538,0.034797,-0.000000,-0.001015,1.570153,-0.300000,1.000000,1.100000,0.000000,0.000000,-1.571000,-0.299826,1.006538,1.065203,1.495885
7.940000,-0.000174,-0.006546,0.034797,-0.000000,-0.001015,1.570153,-0.300000,1.000000,1.100000,0.000000,0.000000,-1.571000,-0.299826,1.006546,1.065203,1.495890
7.950000,-0.000175,-0.006554,0.034797,-0.000000,-0.001015,1.570154,-0.300000,1.000000,1.100000,0.000000,0.000000,-1.571000,-0.299825,1.006554,1.065203,1.495896
7.960000,-0.000175,-0.006563,0.034797,-0.000000,-0.001015,1.570154,-0.300000,1.000000,1.100000,0.000000,0.000000,-1.571000,-0.299825,1.006563,1.065203,1.495901
7.970000,-0.000175,-0.006571,0.034797,-0.000000,-0.001015,1.570154,-0.300000,1.000000,1.100000,0.000000,0.000000,-1.571000,-0.299825,1.006571,1.065203,1.495907
7.980000,-0.000175,-0.006580,0.034797,-0.000000,-0.001015,1.570154,-0.300000,1.000000,1.100000,0.000000,0.000000,-1.571000,-0.299825,1.006580,1.065203,1.495913
7.990000,-0.000176,-0.006588,0.034797,-0.000000,-0.001015,1.570154,-0.300000,1.000000,1.100000,0.000000,0.000000,-1.571000,-0.299824,1.006588,1.065203,1.495918
8.000000,-0.000176,-0.006596,0.034797,-0.000000,-0.001015,1.570155,-0.300000,1.000000,1.100000,0.000000,0.000000,-1.571000,-0.299824,1.006596,1.065203,1.495924
8.010000,-0.000176,-0.006605,0.034797,-0.000000,-0.001015,1.570155,-0.300000,1.000000,1.100000,0.000000,0.000000,-1.571000,-0.299824,1.006605,1.065203,1.495929
8.020000,-0.000176,-0.006613,0.034797,-0.000000,-0.001015,1.570155,-0.300000,1.000000,1.100000,0.000000,0.000000,-1.571000,-0.299824,1.006613,1.065203,1.495935
8.030000,-0.000177,-0.006621,0.034797,-0.000000,-0.001015,1.570155,-0.300000,1.000000,1.100000,0.000000,0.000000,-1.571000,-0.299823,1.006621,1.065203,1.495940
8.040000,-0.000177,-0.006630,0.034797,-0.000000,-0.001015,1.570155,-0.300000,1.000000,1.100000,0.000000,0.000000,-1.571000,-0.299823,1.006630,1.065203,1.495946
8.050000,-0.000177,-0.006638,0.034797,-0.000000,-0.001015,1.570155,-0.300000,1.000000,1.100000,0.000000,0.000000,-1.571000,-0.299823,1.006638,1.065203,1.495952
8.060000,-0.000177,-0.006647,0.034797,-0.000000,-0.001015,1.570156,-0.300000,1.000000,1.100000,0.000000,0.000000,-1.571000,-0.299823,1.006647,1.065203,1.495957
8.070000,-0.000177,-0.006655,0.034797,-0.000000,-0.001015,1.570156,-0.300000,1.000000,1.100000,0.000000,0.000000,-1.571000,-0.299823,1.006655,1.065203,1.495963
8.080000,-0.000178,-0.006663,0.034797,-0.000000,-0.001015,1.570156,-0.300000,1.000000,1.100000,0.000000,0.000000,-1.571000,-0.299822,1.006663,1.065203,1.495968
8.090000,-0.000178,-0.006672,0.034797,-0.000000,-0.001015,1.570156,-0.300000,1.000000,1.100000,0.000000,0.000000,-1.571000,-0.299822,1.006672,1.065203,1.495974
8.100000,-0.000178,-0.006680,0.034797,-0.000000,-0.001015,1.570156,-0.300000,1.000000,1.100000,0.000000,0.000000,-1.571000,-0.299822,1.006680,1.065203,1.495980
8.110000,-0.000178,-0.006688,0.034797,-0.000000,-0.001015,1.570157,-0.300000,1.000000,1.100000,0.000000,0.000000,-1.571000,-0.299822,1.006688,1.065203,1.495985
8.120000,-0.000179,-0.006697,0.034797,-0.000000,-0.001015,1.570157,-0.300000,1.000000,1.100000,0.000000,0.000000,-1.571000,-0.299821,1.006697,1.065203,1.495991
8.130000,-0.000179,-0.006705,0.034797,-0.000000,-0.001015,1.570157,-0.300000,1.000000,1.100000,0.000000,0.000000,-1.571000,-0.299821,1.006705,1.065203,1.495996
8.140000,-0.000179,-0.006713,0.034797,-0.000000,-0.001015,1.570157,-0.300000,1.000000,1.100000,0.000000,0.000000,-1.571000,-0.299821,1.006713,1.065203,1.496002
8.150000,-0.000179,-0.006722,0.034797,-0.000000,-0.001015,1.570157,-0.300000,1.000000,1.100000,0.000000,0.000000,-1.571000,-0.299821,1.006722,1.065203,1.496008
8.160000,-0.000179,-0.006730,0.034797,-0.000000,-0.001015,1.570158,-0.300000,1.000000,1.100000,0.000000,0.000000,-1.571000,-0.299821,1.006730,1.065203,1.496013
8.170000,-0.000180,-0.006739,0.034797,-0.000000,-0.001015,1.570158,-0.300000,1.000000,1.100000,0.000000,0.000000,-1.571000,-0.299820,1.006739,1.065203,1.496019
8.180000,-0.000180,-0.006747,0.034797,-0.000000,-0.001015,1.570158,-0.300000,1.000000,1.100000,0.000000,0.000000,-1.571000,-0.299820,1.006747,1.065203,1.496024
8.190000,-0.000180,-0.006755,0.034797,-0.000000,-0.001015,1.570158,-0.300000,1.000000,1.100000,0.000000,0.000000,-1.571000,-0.299820,1.006755,1.065203,1.496030
8.200000,-0.000180,-0.006764,0.034797,-0.000000,-0.001015,1.570158,-0.300000,1.000000,1.100000,0.000000,0.000000,-1.571000,-0.299820,1.006764,1.065203,1.496036
8.210000,-0.000181,-0.006772,0.034797,-0.000000,-0.001015,1.570159,-0.300000,1.000000,1.100000,0.000000,0.000000,-1.571000,-0.299819,1.006772,1.065203,1.496041
8.220000,-0.000181,-0.006780,0.034797,-0.000000,-0.001015,1.570159,-0.300000,1.000000,1.100000,0.000000,0.000000,-1.571000,-0.299819,1.006780,1.065203,1.496047
8.230000,-0.000181,-0.006789,0.034797,-0.000000,-0.001015,1.570159,-0.300000,1.000000,1.100000,0.000000,0.000000,-1.571000,-0.299819,1.006789,1.065203,1.496052
8.240000,-0.000181,-0.006797,0.034797,-0.000000,-0.001015,1.570159,-0.300000,1.000000,1.100000,0.000000,0.000000,-1.571000,-0.299819,1.006797,1.065203,1.496058
8.250000,-0.000181,-0.006806,0.034797,-0.000000,-0.001015,1.570159,-0.300000,1.000000,1.100000,0.000000,0.000000,-1.571000,-0.299819,1.006806,1.065203,1.496063
8.260000,-0.000182,-0.006814,0.034797,-0.000000,-0.001015,1.570160,-0.300000,1.000000,1.100000,0.000000,0.000000,-1.571000,-0.299818,1.006814,1.065203,1.496069
8.270000,-0.000182,-0.006822,0.034797,-0.000000,-0.001015,1.570160,-0.300000,1.000000,1.100000,0.000000,0.000000,-1.571000,-0.299818,1.006822,1.065203,1.496075
8.280000,-0.000182,-0.006831,0.034797,-0.000000,-0.001015,1.570160,-0.300000,1.000000,1.100000,0.000000,0.000000,-1.571000,-0.299818,1.006831,1.065203,1.496080
8.290000,-0.000182,-0.006839,0.034797,-0.000000,-0.001015,1.570160,-0.300000,1.000000,1.100000,0.000000,0.000000,-1.571000,-0.299818,1.006839,1.065203,1.496086
8.300000,-0.000183,-0.006847,0.034797,-0.000000,-0.001015,1.570160,-0.300000,1.000000,1.100000,0.000000,0.000000,-1.571000,-0.299817,1.006847,1.065203,1.496091
8.310000,-0.000183,-0.006856,0.034797,-0.000000,-0.001015,1.570161,-0.300000,1.000000,1.100000,0.000000,0.000000,-1.571000,-0.299817,1.006856,1.065203,1.496097
8.320000,-0.000183,-0.006864,0.034797,-0.000000,-0.001015,1.570161,-0.300000,1.000000,1.100000,0.000000,0.000000,-1.571000,-0.299817,1.006864,1.065203,1.496103
8.330000,-0.000183,-0.006873,0.034797,-0.000000,-0.001015,1.570161,-0.300000,1.000000,1.100000,0.000000,0.000000,-1.571000,-0.299817,1.006873,1.065203,1.496108
8.340000,-0.000184,-0.006881,0.034797,-0.000000,-0.001015,1.570161,-0.300000,1.000000,1.100000,0.000000,0.000000,-1.571000,-0.299816,1.006881,1.065203,1.496114
8.350000,-0.000184,-0.006889,0.034797,-0.000000,-0.001015,1.570161,-0.300000,1.000000,1.100000,0.000000,0.000000,-1.571000,-0.299816,1.006889,1.065203,1.496119
8.360000,-0.000184,-0.006898,0.034797,-0.000000,-0.001015,1.570162,-0.300000,1.000000,1.100000,0.000000,0.000000,-1.571000,-0.299816,1.006898,1.065203,1.496125
8.370000,-0.000184,-0.006906,0.034797,-0.000000,-0.001015,1.570162,-0.300000,1.000000,1.100000,0.000000,0.000000,-1.571000,-0.299816,1.006906,1.065203,1.496131
8.380000,-0.000184,-0.006914,0.034797,-0.000000,-0.001015,1.570162,-0.300000,1.000000,1.100000,0.000000,0.000000,-1.571000,-0.299816,1.006914,1.065203,1.496136
8.390000,-0.000185,-0.006923,0.034797,-0.000000,-0.001015,1.570162,-0.300000,1.000000,1.100000,0.000000,0.000000,-1.571000,-0.299815,1.006923,1.065203,1.496142
8.400000,-0.000185,-0.006931,0.034797,-0.000000,-0.001015,1.570162,-0.300000,1.000000,1.100000,0.000000,0.000000,-1.571000,-0.299815,1.006931,1.065203,1.496147
8.410000,-0.000185,-0.006940,0.034797,-0.000000,-0.001015,1.570163,-0.300000,1.000000,1.100000,0.000000,0.000000,-1.571000,-0.299815,1.006940,1.065203,1.496153
8.420000,-0.000185,-0.006948,0.034797,-0.000000,-0.001015,1.570163,-0.300000,1.000000,1.100000,0.000000,0.000000,-1.571000,-0.299815,1.006948,1.065203,1.496158
8.430000,-0.000186,-0.006956,0.034797,-0.000000,-0.001015,1.570163,-0.300000,1.000000,1.100000,0.000000,0.000000,-1.571000,-0.299814,1.006956,1.065203,1.496164
8.440000,-0.000186,-0.006965,0.034797,-0.000000,-0.001015,1.570163,-0.300000,1.000000,1.100000,0.000000,0.000000,-1.571000,-0.299814,1.006965,1.065203,1.496170
8.450000,-0.000186,-0.006973,0.034797,-0.000000,-0.001015,1.570163,-0.300000,1.000000,1.100000,0.000000,0.000000,-1.571000,-0.299814,1.006973,1.065203,1.496175
8.460000,-0.000186,-0.006981,0.034797,-0.000000,-0.001015,1.570164,-0.300000,1.000000,1.100000,0.000000,0.000000,-1.571000,-0.299814,1.006981,1.065203,1.496181
8.470000,-0.000186,-0.006990,0.034797,-0.000000,-0.001015,1.570164,-0.300000,1.000000,1.100000,0.000000,0.000000,-1.571000,-0.299814,1.006990,1.065203,1.496186
8.480000,-0.000187,-0.006998,0.034797,-0.000000,-0.001015,1.570164,-0.300000,1.000000,1.100000,0.000000,0.000000,-1.571000,-0.299813,1.006998,1.065203,1.496192
8.490000,-0.000187,-0.007007,0.034797,-0.000000,-0.001015,1.570164,-0.300000,1.000000,1.100000,0.000000,0.000000,-1.571000,-0.299813,1.007007,1.065203,1.496198
8.500000,-0.000187,-0.007015,0.034797,-0.000000,-0.001015,1.570164,-0.300000,1.000000,1.100000,0.000000,0.000000,-1.571000,-0.299813,1.007015,1.065203,1.496203
8.510000,-0.000187,-0.007023,0.034797,-0.000000,-0.001015,1.570165,-0.300000,1.000000,1.100000,0.000000,0.000000,-1.571000,-0.299813,1.007023,1.065203,1.496209
8.520000,-0.000188,-0.007032,0.034797,-0.000000,-0.001015,1.570165,-0.300000,1.000000,1.100000,0.000000,0.000000,-1.571000,-0.299812,1.007032,1.065203,1.496214
8.530000,-0.000188,-0.007040,0.034797,-0.000000,-0.001015,1.570165,-0.300000,1.000000,1.100000,0.000000,0.000000,-1.571000,-0.299812,1.007040,1.065203,1.496220
8.540000,-0.000188,-0.007048,0.034797,-0.000000,-0.001015,1.570165,-0.300000,1.000000,1.100000,0.000000,0.000000,-1.571000,-0.299812,1.007048,1.065203,1.496226
8.550000,-0.000188,-0.007057,0.034797,-0.000000,-0.001015,1.570165,-0.300000,1.000000,1.100000,0.000000,0.000000,-1.571000,-0.299812,1.007057,1.065203,1.496231
8.560000,-0.000188,-0.007065,0.034797,-0.000000,-0.001015,1.570165,-0.300000,1.000000,1.100000,0.000000,0.000000,-1.571000,-0.299812,1.007065,1.065203,1.496237
8.570000,-0.000189,-0.007074,0.034797,-0.000000,-0.001015,1.570166,-0.300000,1.000000,1.100000,0.000000,0.000000,-1.571000,-0.299811,1.007074,1.065203,1.496242
8.580000,-0.000189,-0.007082,0.034797,-0.000000,-0.001015,1.570166,-0.300000,1.000000,1.100000,0.000000,0.000000,-1.571000,-0.299811,1.007082,1.065203,1.496248
8.590000,-0.000189,-0.007090,0.034797,-0.000000,-0.001015,1.570166,-0.300000,1.000000,1.100000,0.000000,0.000000,-1.571000,-0.299811,1.007090,1.065203,1.496254
8.600000,-0.000189,-0.007099,0.034797,-0.000000,-0.001015,1.570166,-0.300000,1.000000,1.100000,0.000000,0.000000,-1.571000,-0.299811,1.007099,1.065203,1.496259
8.610000,-0.000190,-0.007107,0.034797,-0.000000,-0.001015,1.570166,-0.300000,1.000000,1.100000,0.000000,0.000000,-1.571000,-0.299810,1.007107,1.065203,1.496265
8.620000,-0.000190,-0.007115,0.034797,-0.000000,-0.001015,1.570167,-0.300000,1.000000,1.100000,0.000000,0.000000,-1.571000,-0.299810,1.007115,1.065203,1.496270
8.630000,-0.000190,-0.007124,0.034797,-0.000000,-0.001015,1.570167,-0.300000,1.000000,1.100000,0.000000,0.000000,-1.571000,-0.299810,1.007124,1.065203,1.496276
8.640000,-0.000190,-0.007132,0.034797,-0.000000,-0.001015,1.570167,-0.300000,1.000000,1.100000,0.000000,0.000000,-1.571000,-0.299810,1.007132,1.065203,1.496281
8.650000,-0.000191,-0.007141,0.034797,-0.000000,-0.001015,1.570167,-0.300000,1.000000,1.100000,0.000000,0.000000,-1.571000,-0.299809,1.007141,1.065203,1.496287
8.660000,-0.000191,-0.007149,0.034797,-0.000000,-0.001015,1.570167,-0.300000,1.000000,1.100000,0.000000,0.000000,-1.571000,-0.299809,1.007149,1.065203,1.496293
8.670000,-0.000191,-0.007157,0.034797,-0.000000,-0.001015,1.570168,-0.300000,1.000000,1.100000,0.000000,0.000000,-1.571000,-0.299809,1.007157,1.065203,1.496298
8.680000,-0.000191,-0.007166,0.034797,-0.000000,-0.001015,1.570168,-0.300000,1.000000,1.100000,0.000000,0.000000,-1.571000,-0.299809,1.007166,1.065203,1.496304
8.690000,-0.000191,-0.007174,0.034797,-0.000000,-0.001015,1.570168,-0.300000,1.000000,1.100000,0.000000,0.000000,-1.571000,-0.299809,1.007174,1.065203,1.496309
8.700000,-0.000192,-0.007182,0.034797,-0.000000,-0.001015,1.570168,-0.300000,1.000000,1.100000,0.000000,0.000000,-1.571000,-0.299808,1.007182,1.065203,1.496315
8.710000,-0.000192,-0.007191,0.034797,-0.000000,-0.001015,1.570168,-0.300000,1.000000,1.100000,0.000000,0.000000,-1.571000,-0.299808,1.007191,1.065203,1.496321
8.720000,-0.000192,-0.007199,0.034797,-0.000000,-0.001015,1.570169,-0.300000,1.000000,1.100000,0.000000,0.000000,-1.571000,-0.299808,1.007199,1.065203,1.496326
8.730000,-0.000192,-0.007208,0.034797,-0.000000,-0.001015,1.570169,-0.300000,1.000000,1.100000,0.000000,0.000000,-1.571000,-0.299808,1.007208,1.065203,1.496332
8.740000,-0.000193,-0.007216,0.034797,-0.000000,-0.001015,1.570169,-0.300000,1.000000,1.100000,0.000000,0.000000,-1.571000,-0.299807,1.007216,1.065203,1.496337
8.750000,-0.000193,-0.007224,0.034797,-0.000000,-0.001015,1.570169,-0.300000,1.000000,1.100000,0.000000,0.000000,-1.571000,-0.299807,1.007224,1.065203,1.496343
8.760000,-0.000193,-0.007233,0.034797,-0.000000,-0.001015,1.570169,-0.300000,1.000000,1.100000,0.000000,0.000000,-1.571000,-0.299807,1.007233,1.065203,1.496349
8.770000,-0.000193,-0.007241,0.034797,-0.000000,-0.001015,1.570170,-0.300000,1.000000,1.100000,0.000000,0.000000,-1.571000,-0.299807,1.007241,1.065203,1.496354
8.780000,-0.000193,-0.007249,0.034797,-0.000000,-0.001015,1.570170,-0.300000,1.000000,1.100000,0.000000,0.000000,-1.571000,-0.299807,1.007249,1.065203,1.496360
8.790000,-0.000194,-0.007258,0.034797,-0.000000,-0.001015,1.570170,-0.300000,1.000000,1.100000,0.000000,0.000000,-1.571000,-0.299806,1.007258,1.065203,1.496365
8.800000,-0.000194,-0.007266,0.034797,-0.000000,-0.001015,1.570170,-0.300000,1.000000,1.100000,0.000000,0.000000,-1.571000,-0.299806,1.007266,1.065203,1.496371
8.810000,-0.000194,-0.007275,0.034797,-0.000000,-0.001015,1.570170,-0.300000,1.000000,1.100000,0.000000,0.000000,-1.571000,-0.299806,1.007275,1.065203,1.496377
8.820000,-0.000194,-0.007283,0.034797,-0.000000,-0.001015,1.570171,-0.300000,1.000000,1.100000,0.000000,0.000000,-1.571000,-0.299806,1.007283,1.065203,1.496382
8.830000,-0.000195,-0.007291,0.034797,-0.000000,-0.001015,1.570171,-0.300000,1.000000,1.100000,0.000000,0.000000,-1.571000,-0.299805,1.007291,1.065203,1.496388
8.840000,-0.000195,-0.007300,0.034797,-0.000000,-0.001015,1.570171,-0.300000,1.000000,1.100000,0.000000,0.000000,-1.571000,-0.299805,1.007300,1.065203,1.496393
8.850000,-0.000195,-0.007308,0.034797,-0.000000,-0.001015,1.570171,-0.300000,1.000000,1.100000,0.000000,0.000000,-1.571000,-0.299805,1.007308,1.065203,1.496399
8.860000,-0.000195,-0.007316,0.034797,-0.000000,-0.001015,1.570171,-0.300000,1.000000,1.100000,0.000000,0.000000,-1.571000,-0.299805,1.007316,1.065203,1.496404
8.870000,-0.000195,-0.007325,0.034797,-0.000000,-0.001015,1.570172,-0.300000,1.000000,1.100000,0.000000,0.000000,-1.571000,-0.299805,1.007325,1.065203,1.496410
8.880000,-0.000196,-0.007333,0.034797,-0.000000,-0.001015,1.570172,-0.300000,1.000000,1.100000,0.000000,0.000000,-1.571000,-0.299804,1.007333,1.065203,1.496416
8.890000,-0.000196,-0.007342,0.034797,-0.000000,-0.001015,1.570172,-0.300000,1.000000,1.100000,0.000000,0.000000,-1.571000,-0.299804,1.007342,1.065203,1.496421
8.900000,-0.000196,-0.007350,0.034797,-0.000000,-0.001015,1.570172,-0.300000,1.000000,1.100000,0.000000,0.000000,-1.571000,-0.299804,1.007350,1.065203,1.496427
8.910000,-0.000196,-0.007358,0.034797,-0.000000,-0.001015,1.570172,-0.300000,1.000000,1.100000,0.000000,0.000000,-1.571000,-0.299804,1.007358,1.065203,1.496432
8.920000,-0.000197,-0.007367,0.034797,-0.000000,-0.001015,1.570173,-0.300000,1.000000,1.100000,0.000000,0.000000,-1.571000,-0.299803,1.007367,1.065203,1.496438
8.930000,-0.000197,-0.007375,0.034797,-0.000000,-0.001015,1.570173,-0.300000,1.000000,1.100000,0.000000,0.000000,-1.571000,-0.299803,1.007375,1.065203,1.496444
8.940000,-0.000197,-0.007383,0.034797,-0.000000,-0.001015,1.570173,-0.300000,1.000000,1.100000,0.000000,0.000000,-1.571000,-0.299803,1.007383,1.065203,1.496449
8.950000,-0.000197,-0.007392,0.034797,-0.000000,-0.001015,1.570173,-0.300000,1.000000,1.100000,0.000000,0.000000,-1.571000,-0.299803,1.007392,1.065203,1.496455
8.960000,-0.000198,-0.007400,0.034797,-0.000000,-0.001015,1.570173,-0.300000,1.000000,1.100000,0.000000,0.000000,-1.571000,-0.299802,1.007400,1.065203,1.496460
8.970000,-0.000198,-0.007408,0.034797,-0.000000,-0.001015,1.570174,-0.300000,1.000000,1.100000,0.000000,0.000000,-1.571000,-0.299802,1.007408,1.065203,1.496466
8.980000,-0.000198,-0.007417,0.034797,-0.000000,-0.001015,1.570174,-0.300000,1.000000,1.100000,0.000000,0.000000,-1.571000,-0.299802,1.007417,1.065203,1.496472
8.990000,-0.000198,-0.007425,0.034797,-0.000000,-0.001015,1.570174,-0.300000,1.000000,1.100000,0.000000,0.000000,-1.571000,-0.299802,1.007425,1.065203,1.496477
9.000000,-0.000198,-0.007434,0.034797,-0.000000,-0.001015,1.570174,-0.300000,1.000000,1.100000,0.000000,0.000000,-1.571000,-0.299802,1.007434,1.065203,1.496483
9.010000,-0.000199,-0.007442,0.034797,-0.000000,-0.001015,1.570174,-0.300000,1.000000,1.100000,0.000000,0.000000,-1.571000,-0.299801,1.007442,1.065203,1.496488
9.020000,-0.000199,-0.007450,0.034797,-0.000000,-0.001015,1.570175,-0.300000,1.000000,1.100000,0.000000,0.000000,-1.571000,-0.299801,1.007450,1.065203,1.496494
9.030000,-0.000199,-0.007459,0.034797,-0.000000,-0.001015,1.570175,-0.300000,1.000000,1.100000,0.000000,0.000000,-1.571000,-0.299801,1.007459,1.065203,1.496500
9.040000,-0.000199,-0.007467,0.034797,-0.000000,-0.001015,1.570175,-0.300000,1.000000,1.100000,0.000000,0.000000,-1.571000,-0.299801,1.007467,1.065203,1.496505
9.050000,-0.000200,-0.007475,0.034797,-0.000000,-0.001015,1.570175,-0.300000,1.000000,1.100000,0.000000,0.000000,-1.571000,-0.299800,1.007475,1.065203,1.496511
9.060000,-0.000200,-0.007484,0.034797,-0.000000,-0.001015,1.570175,-0.300000,1.000000,1.100000,0.000000,0.000000,-1.571000,-0.299800,1.007484,1.065203,1.496516
9.070000,-0.000200,-0.007492,0.034797,-0.000000,-0.001015,1.570176,-0.300000,1.000000,1.100000,0.000000,0.000000,-1.571000,-0.299800,1.007492,1.065203,1.496522
9.080000,-0.000200,-0.007501,0.034797,-0.000000,-0.001015,1.570176,-0.300000,1.000000,1.100000,0.000000,0.000000,-1.571000,-0.299800,1.007501,1.065203,1.496528
9.090000,-0.000200,-0.007509,0.034797,-0.000000,-0.001015,1.570176,-0.300000,1.000000,1.100000,0.000000,0.000000,-1.571000,-0.299800,1.007509,1.065203,1.496533
9.100000,-0.000201,-0.007517,0.034797,-0.000000,-0.001015,1.570176,-0.300000,1.000000,1.100000,0.000000,0.000000,-1.571000,-0.299799,1.007517,1.065203,1.496539
9.110000,-0.000201,-0.007526,0.034797,-0.000000,-0.001015,1.570176,-0.300000,1.000000,1.100000,0.000000,0.000000,-1.571000,-0.299799,1.007526,1.065203,1.496544
9.120000,-0.000201,-0.007534,0.034797,-0.000000,-0.001015,1.570176,-0.300000,1.000000,1.100000,0.000000,0.000000,-1.571000,-0.299799,1.007534,1.065203,1.496550
9.130000,-0.000201,-0.007542,0.034797,-0.000000,-0.001015,1.570177,-0.300000,1.000000,1.100000,0.000000,0.000000,-1.571000,-0.299799,1.007542,1.065203,1.496555
9.140000,-0.000202,-0.007551,0.034797,-0.000000,-0.001015,1.570177,-0.300000,1.000000,1.100000,0.000000,0.000000,-1.571000,-0.299798,1.007551,1.065203,1.496561
9.150000,-0.000202,-0.007559,0.034797,-0.000000,-0.001015,1.570177,-0.300000,1.000000,1.100000,0.000000,0.000000,-1.571000,-0.299798,1.007559,1.065203,1.496567
9.160000,-0.000202,-0.007568,0.034797,-0.000000,-0.001015,1.570177,-0.300000,1.000000,1.100000,0.000000,0.000000,-1.571000,-0.299798,1.007568,1.065203,1.496572
9.170000,-0.000202,-0.007576,0.034797,-0.000000,-0.001015,1.570177,-0.300000,1.000000,1.100000,0.000000,0.000000,-1.571000,-0.299798,1.007576,1.065203,1.496578
9.180000,-0.000202,-0.007584,0.034797,-0.000000,-0.001015,1.570178,-0.300000,1.000000,1.100000,0.000000,0.000000,-1.571000,-0.299798,1.007584,1.065203,1.496583
9.190000,-0.000203,-0.007593,0.034797,-0.000000,-0.001015,1.570178,-0.300000,1.000000,1.100000,0.000000,0.000000,-1.571000,-0.299797,1.007593,1.065203,1.496589
9.200000,-0.000203,-0.007601,0.034797,-0.000000,-0.001015,1.570178,-0.300000,1.000000,1.100000,0.000000,0.000000,-1.571000,-0.299797,1.007601,1.065203,1.496595
9.210000,-0.000203,-0.007609,0.034797,-0.000000,-0.001015,1.570178,-0.300000,1.000000,1.100000,0.000000,0.000000,-1.571000,-0.299797,1.007609,1.065203,1.496600
9.220000,-0.000203,-0.007618,0.034797,-0.000000,-0.001015,1.570178,-0.300000,1.000000,1.100000,0.000000,0.000000,-1.571000,-0.299797,1.007618,1.065203,1.496606
9.230000,-0.000204,-0.007626,0.034797,-0.000000,-0.001015,1.570179,-0.300000,1.000000,1.100000,0.000000,0.000000,-1.571000,-0.299796,1.007626,1.065203,1.496611
9.240000,-0.000204,-0.007635,0.034797,-0.000000,-0.001015,1.570179,-0.300000,1.000000,1.100000,0.000000,0.000000,-1.571000,-0.299796,1.007635,1.065203,1.496617
9.250000,-0.000204,-0.007643,0.034797,-0.000000,-0.001015,1.570179,-0.300000,1.000000,1.100000,0.000000,0.000000,-1.571000,-0.299796,1.007643,1.065203,1.496623
9.260000,-0.000204,-0.007651,0.034797,-0.000000,-0.001015,1.570179,-0.300000,1.000000,1.100000,0.000000,0.000000,-1.571000,-0.299796,1.007651,1.065203,1.496628
9.270000,-0.000205,-0.007660,0.034797,-0.000000,-0.001015,1.570179,-0.300000,1.000000,1.100000,0.000000,0.000000,-1.571000,-0.299795,1.007660,1.065203,1.496634
9.280000,-0.000205,-0.007668,0.034797,-0.000000,-0.001015,1.570180,-0.300000,1.000000,1.100000,0.000000,0.000000,-1.571000,-0.299795,1.007668,1.065203,1.496639
9.290000,-0.000205,-0.007676,0.034797,-0.000000,-0.001015,1.570180,-0.300000,1.000000,1.100000,0.000000,0.000000,-1.571000,-0.299795,1.007676,1.065203,1.496645
9.300000,-0.000205,-0.007685,0.034797,-0.000000,-0.001015,1.570180,-0.300000,1.000000,1.100000,0.000000,0.000000,-1.571000,-0.299795,1.007685,1.065203,1.496651
9.310000,-0.000205,-0.007693,0.034797,-0.000000,-0.001015,1.570180,-0.300000,1.000000,1.100000,0.000000,0.000000,-1.571000,-0.299795,1.007693,1.065203,1.496656
9.320000,-0.000206,-0.007702,0.034797,-0.000000,-0.001015,1.570180,-0.300000,1.000000,1.100000,0.000000,0.000000,-1.571000,-0.299794,1.007702,1.065203,1.496662
9.330000,-0.000206,-0.007710,0.034797,-0.000000,-0.001015,1.570181,-0.300000,1.000000,1.100000,0.000000,0.000000,-1.571000,-0.299794,1.007710,1.065203,1.496667
9.340000,-0.000206,-0.007718,0.034797,-0.000000,-0.001015,1.570181,-0.300000,1.000000,1.100000,0.000000,0.000000,-1.571000,-0.299794,1.007718,1.065203,1.496673
9.350000,-0.000206,-0.007727,0.034797,-0.000000,-0.001015,1.570181,-0.300000,1.000000,1.100000,0.000000,0.000000,-1.571000,-0.299794,1.007727,1.065203,1.496678
9.360000,-0.000207,-0.007735,0.034797,-0.000000,-0.001015,1.570181,-0.300000,1.000000,1.100000,0.000000,0.000000,-1.571000,-0.299793,1.007735,1.065203,1.496684
9.370000,-0.000207,-0.007743,0.034797,-0.000000,-0.001015,1.570181,-0.300000,1.000000,1.100000,0.000000,0.000000,-1.571000,-0.299793,1.007743,1.065203,1.496690
9.380000,-0.000207,-0.007752,0.034797,-0.000000,-0.001015,1.570182,-0.300000,1.000000,1.100000,0.000000,0.000000,-1.571000,-0.299793,1.007752,1.065203,1.496695
9.390000,-0.000207,-0.007760,0.034797,-0.000000,-0.001015,1.570182,-0.300000,1.000000,1.100000,0.000000,0.000000,-1.571000,-0.299793,1.007760,1.065203,1.496701
9.400000,-0.000207,-0.007769,0.034797,-0.000000,-0.001015,1.570182,-0.300000,1.000000,1.100000,0.000000,0.000000,-1.571000,-0.299793,1.007769,1.065203,1.496706
9.410000,-0.000208,-0.007777,0.034797,-0.000000,-0.001015,1.570182,-0.300000,1.000000,1.100000,0.000000,0.000000,-1.571000,-0.299792,1.007777,1.065203,1.496712
9.420000,-0.000208,-0.007785,0.034797,-0.000000,-0.001015,1.570182,-0.300000,1.000000,1.100000,0.000000,0.000000,-1.571000,-0.299792,1.007785,1.065203,1.496718
9.430000,-0.000208,-0.007794,0.034797,-0.000000,-0.001015,1.570183,-0.300000,1.000000,1.100000,0.000000,0.000000,-1.571000,-0.299792,1.007794,1.065203,1.496723
9.440000,-0.000208,-0.007802,0.034797,-0.000000,-0.001015,1.570183,-0.300000,1.000000,1.100000,0.000000,0.000000,-1.571000,-0.299792,1.007802,1.065203,1.496729
9.450000,-0.000209,-0.007810,0.034797,-0.000000,-0.001015,1.570183,-0.300000,1.000000,1.100000,0.000000,0.000000,-1.571000,-0.299791,1.007810,1.065203,1.496734
9.460000,-0.000209,-0.007819,0.034797,-0.000000,-0.001015,1.570183,-0.300000,1.000000,1.100000,0.000000,0.000000,-1.571000,-0.299791,1.007819,1.065203,1.496740
9.470000,-0.000209,-0.007827,0.034797,-0.000000,-0.001015,1.570183,-0.300000,1.000000,1.100000,0.000000,0.000000,-1.571000,-0.299791,1.007827,1.065203,1.496746
9.480000,-0.000209,-0.007836,0.034797,-0.000000,-0.001015,1.570184,-0.300000,1.000000,1.100000,0.000000,0.000000,-1.571000,-0.299791,1.007836,1.065203,1.496751
9.490000,-0.000209,-0.007844,0.034797,-0.000000,-0.001015,1.570184,-0.300000,1.000000,1.100000,0.000000,0.000000,-1.571000,-0.299791,1.007844,1.065203,1.496757
9.500000,-0.000210,-0.007852,0.034797,-0.000000,-0.001015,1.570184,-0.300000,1.000000,1.100000,0.000000,0.000000,-1.571000,-0.299790,1.007852,1.065203,1.496762
9.510000,-0.000210,-0.007861,0.034797,-0.000000,-0.001015,1.570184,-0.300000,1.000000,1.100000,0.000000,0.000000,-1.571000,-0.299790,1.007861,1.065203,1.496768
9.520000,-0.000210,-0.007869,0.034797,-0.000000,-0.001015,1.570184,-0.300000,1.000000,1.100000,0.000000,0.000000,-1.571000,-0.299790,1.007869,1.065203,1.496774
9.530000,-0.000210,-0.007877,0.034797,-0.000000,-0.001015,1.570185,-0.300000,1.000000,1.100000,0.000000,0.000000,-1.571000,-0.299790,1.007877,1.065203,1.496779
9.540000,-0.000211,-0.007886,0.034797,-0.000000,-0.001015,1.570185,-0.300000,1.000000,1.100000,0.000000,0.000000,-1.571000,-0.299789,1.007886,1.065203,1.496785
9.550000,-0.000211,-0.007894,0.034797,-0.000000,-0.001015,1.570185,-0.300000,1.000000,1.100000,0.000000,0.000000,-1.571000,-0.299789,1.007894,1.065203,1.496790
9.560000,-0.000211,-0.007903,0.034797,-0.000000,-0.001015,1.570185,-0.300000,1.000000,1.100000,0.000000,0.000000,-1.571000,-0.299789,1.007903,1.065203,1.496796
9.570000,-0.000211,-0.007911,0.034797,-0.000000,-0.001015,1.570185,-0.300000,1.000000,1.100000,0.000000,0.000000,-1.571000,-0.299789,1.007911,1.065203,1.496802
9.580000,-0.000212,-0.007919,0.034797,-0.000000,-0.001015,1.570186,-0.300000,1.000000,1.100000,0.000000,0.000000,-1.571000,-0.299788,1.007919,1.065203,1.496807
9.590000,-0.000212,-0.007928,0.034797,-0.000000,-0.001015,1.570186,-0.300000,1.000000,1.100000,0.000000,0.000000,-1.571000,-0.299788,1.007928,1.065203,1.496813
9.600000,-0.000212,-0.007936,0.034797,-0.000000,-0.001015,1.570186,-0.300000,1.000000,1.100000,0.000000,0.000000,-1.571000,-0.299788,1.007936,1.065203,1.496818
9.610000,-0.000212,-0.007944,0.034797,-0.000000,-0.001015,1.570186,-0.300000,1.000000,1.100000,0.000000,0.000000,-1.571000,-0.299788,1.007944,1.065203,1.496824
9.620000,-0.000212,-0.007953,0.034797,-0.000000,-0.001015,1.570186,-0.300000,1.000000,1.100000,0.000000,0.000000,-1.571000,-0.299788,1.007953,1.065203,1.496830
9.630000,-0.000213,-0.007961,0.034797,-0.000000,-0.001015,1.570186,-0.300000,1.000000,1.100000,0.000000,0.000000,-1.571000,-0.299787,1.007961,1.065203,1.496835
9.640000,-0.000213,-0.007970,0.034797,-0.000000,-0.001015,1.570187,-0.300000,1.000000,1.100000,0.000000,0.000000,-1.571000,-0.299787,1.007970,1.065203,1.496841
9.650000,-0.000213,-0.007978,0.034797,-0.000000,-0.001015,1.570187,-0.300000,1.000000,1.100000,0.000000,0.000000,-1.571000,-0.299787,1.007978,1.065203,1.496846
9.660000,-0.000213,-0.007986,0.034797,-0.000000,-0.001015,1.570187,-0.300000,1.000000,1.100000,0.000000,0.000000,-1.571000,-0.299787,1.007986,1.065203,1.496852
9.670000,-0.000214,-0.007995,0.034797,-0.000000,-0.001015,1.570187,-0.300000,1.000000,1.100000,0.000000,0.000000,-1.571000,-0.299786,1.007995,1.065203,1.496857
9.680000,-0.000214,-0.008003,0.034797,-0.000000,-0.001015,1.570187,-0.300000,1.000000,1.100000,0.000000,0.000000,-1.571000,-0.299786,1.008003,1.065203,1.496863
9.690000,-0.000214,-0.008011,0.034797,-0.000000,-0.001015,1.570188,-0.300000,1.000000,1.100000,0.000000,0.000000,-1.571000,-0.299786,1.008011,1.065203,1.496869
9.700000,-0.000214,-0.008020,0.034797,-0.000000,-0.001015,1.570188,-0.300000,1.000000,1.100000,0.000000,0.000000,-1.571000,-0.299786,1.008020,1.065203,1.496874
9.710000,-0.000214,-0.008028,0.034797,-0.000000,-0.001015,1.570188,-0.300000,1.000000,1.100000,0.000000,0.000000,-1.571000,-0.299786,1.008028,1.065203,1.496880
9.720000,-0.000215,-0.008037,0.034797,-0.000000,-0.001015,1.570188,-0.300000,1.000000,1.100000,0.000000,0.000000,-1.571000,-0.299785,1.008037,1.065203,1.496885
9.730000,-0.000215,-0.008045,0.034797,-0.000000,-0.001015,1.570188,-0.300000,1.000000,1.100000,0.000000,0.000000,-1.571000,-0.299785,1.008045,1.065203,1.496891
9.740000,-0.000215,-0.008053,0.034797,-0.000000,-0.001015,1.570189,-0.300000,1.000000,1.100000,0.000000,0.000000,-1.571000,-0.299785,1.008053,1.065203,1.496897
9.750000,-0.000215,-0.008062,0.034797,-0.000000,-0.001015,1.570189,-0.300000,1.000000,1.100000,0.000000,0.000000,-1.571000,-0.299785,1.008062,1.065203,1.496902
9.760000,-0.000216,-0.008070,0.034797,-0.000000,-0.001015,1.570189,-0.300000,1.000000,1.100000,0.000000,0.000000,-1.571000,-0.299784,1.008070,1.065203,1.496908
9.770000,-0.000216,-0.008078,0.034797,-0.000000,-0.001015,1.570189,-0.300000,1.000000,1.100000,0.000000,0.000000,-1.571000,-0.299784,1.008078,1.065203,1.496913
9.780000,-0.000216,-0.008087,0.034797,-0.000000,-0.001015,1.570189,-0.300000,1.000000,1.100000,0.000000,0.000000,-1.571000,-0.299784,1.008087,1.065203,1.496919
9.790000,-0.000216,-0.008095,0.034797,-0.000000,-0.001015,1.570190,-0.300000,1.000000,1.100000,0.000000,0.000000,-1.571000,-0.299784,1.008095,1.065203,1.496925
9.800000,-0.000217,-0.008104,0.034797,-0.000000,-0.001015,1.570190,-0.300000,1.000000,1.100000,0.000000,0.000000,-1.571000,-0.299783,1.008104,1.065203,1.496930
9.810000,-0.000217,-0.008112,0.034797,-0.000000,-0.001015,1.570190,-0.300000,1.000000,1.100000,0.000000,0.000000,-1.571000,-0.299783,1.008112,1.065203,1.496936
9.820000,-0.000217,-0.008120,0.034797,-0.000000,-0.001015,1.570190,-0.300000,1.000000,1.100000,0.000000,0.000000,-1.571000,-0.299783,1.008120,1.065203,1.496941
9.830000,-0.000217,-0.008129,0.034797,-0.000000,-0.001015,1.570190,-0.300000,1.000000,1.100000,0.000000,0.000000,-1.571000,-0.299783,1.008129,1.065203,1.496947
9.840000,-0.000217,-0.008137,0.034797,-0.000000,-0.001015,1.570191,-0.300000,1.000000,1.100000,0.000000,0.000000,-1.571000,-0.299783,1.008137,1.065203,1.496953
9.850000,-0.000218,-0.008145,0.034797,-0.000000,-0.001015,1.570191,-0.300000,1.000000,1.100000,0.000000,0.000000,-1.571000,-0.299782,1.008145,1.065203,1.496958
9.860000,-0.000218,-0.008154,0.034797,-0.000000,-0.001015,1.570191,-0.300000,1.000000,1.100000,0.000000,0.000000,-1.571000,-0.299782,1.008154,1.065203,1.496964
9.870000,-0.000218,-0.008162,0.034797,-0.000000,-0.001015,1.570191,-0.300000,1.000000,1.100000,0.000000,0.000000,-1.571000,-0.299782,1.008162,1.065203,1.496969
9.880000,-0.000218,-0.008170,0.034797,-0.000000,-0.001015,1.570191,-0.300000,1.000000,1.100000,0.000000,0.000000,-1.571000,-0.299782,1.008170,1.065203,1.496975
9.890000,-0.000219,-0.008179,0.034797,-0.000000,-0.001015,1.570192,-0.300000,1.000000,1.100000,0.000000,0.000000,-1.571000,-0.299781,1.008179,1.065203,1.496981
9.900000,-0.000219,-0.008187,0.034797,-0.000000,-0.001015,1.570192,-0.300000,1.000000,1.100000,0.000000,0.000000,-1.571000,-0.299781,1.008187,1.065203,1.496986
9.910000,-0.000219,-0.008196,0.034797,-0.000000,-0.001015,1.570192,-0.300000,1.000000,1.100000,0.000000,0.000000,-1.571000,-0.299781,1.008196,1.065203,1.496992
9.920000,-0.000219,-0.008204,0.034797,-0.000000,-0.001015,1.570192,-0.300000,1.000000,1.100000,0.000000,0.000000,-1.571000,-0.299781,1.008204,1.065203,1.496997
9.930000,-0.000219,-0.008212,0.034797,-0.000000,-0.001015,1.570192,-0.300000,1.000000,1.100000,0.000000,0.000000,-1.571000,-0.299781,1.008212,1.065203,1.497003
9.940000,-0.000220,-0.008221,0.034797,-0.000000,-0.001015,1.570193,-0.300000,1.000000,1.100000,0.000000,0.000000,-1.571000,-0.299780,1.008221,1.065203,1.497009
9.950000,-0.000220,-0.008229,0.034797,-0.000000,-0.001015,1.570193,-0.300000,1.000000,1.100000,0.000000,0.000000,-1.571000,-0.299780,1.008229,1.065203,1.497014
9.960000,-0.000220,-0.008237,0.034797,-0.000000,-0.001015,1.570193,-0.300000,1.000000,1.100000,0.000000,0.000000,-1.571000,-0.299780,1.008237,1.065203,1.497020
9.970000,-0.000220,-0.008246,0.034797,-0.000000,-0.001015,1.570193,-0.300000,1.000000,1.100000,0.000000,0.000000,-1.571000,-0.299780,1.008246,1.065203,1.497025
9.980000,-0.000221,-0.008254,0.034797,-0.000000,-0.001015,1.570193,-0.300000,1.000000,1.100000,0.000000,0.000000,-1.571000,-0.299779,1.008254,1.065203,1.497031
9.990000,-0.000221,-0.008263,0.034797,-0.000000,-0.001015,1.570194,-0.300000,1.000000,1.100000,0.000000,0.000000,-1.571000,-0.299779,1.008263,1.065203,1.497036
10.000000,-0.000221,-0.008271,0.034797,-0.000000,-0.001015,1.570194,-0.300000,1.000000,1.100000,0.000000,0.000000,-1.571000,-0.299779,1.008271,1.065203,1.497042
10.010000,-0.000221,-0.008279,0.034797,-0.000000,-0.001015,1.570194,-0.300000,1.000000,1.100000,0.000000,0.000000,-1.571000,-0.299779,1.008279,1.065203,1.497048
10.020000,-0.000221,-0.008288,0.034797,-0.000000,-0.001015,1.570194,-0.300000,1.000000,1.100000,0.000000,0.000000,-1.571000,-0.299779,1.008288,1.065203,1.497053
10.030000,-0.000222,-0.008296,0.034797,-0.000000,-0.001015,1.570194,-0.300000,1.000000,1.100000,0.000000,0.000000,-1.571000,-0.299778,1.008296,1.065203,1.497059
10.040000,-0.000222,-0.008304,0.034797,-0.000000,-0.001015,1.570195,-0.300000,1.000000,1.100000,0.000000,0.000000,-1.571000,-0.299778,1.008304,1.065203,1.497064
10.050000,-0.000222,-0.008313,0.034797,-0.000000,-0.001015,1.570195,-0.300000,1.000000,1.100000,0.000000,0.000000,-1.571000,-0.299778,1.008313,1.065203,1.497070
10.060000,-0.000222,-0.008321,0.034797,-0.000000,-0.001015,1.570195,-0.300000,1.000000,1.100000,0.000000,0.000000,-1.571000,-0.299778,1.008321,1.065203,1.497076
10.070000,-0.000223,-0.008330,0.034797,-0.000000,-0.001015,1.570195,-0.300000,1.000000,1.100000,0.000000,0.000000,-1.571000,-0.299777,1.008330,1.065203,1.497081
10.080000,-0.000223,-0.008338,0.034797,-0.000000,-0.001015,1.570195,-0.300000,1.000000,1.100000,0.000000,0.000000,-1.571000,-0.299777,1.008338,1.065203,1.497087
10.090000,-0.000223,-0.008346,0.034797,-0.000000,-0.001015,1.570195,-0.300000,1.000000,1.100000,0.000000,0.000000,-1.571000,-0.299777,1.008346,1.065203,1.497092
10.100000,-0.000223,-0.008355,0.034797,-0.000000,-0.001015,1.570196,-0.300000,1.000000,1.100000,0.000000,0.000000,-1.571000,-0.299777,1.008355,1.065203,1.497098
10.110000,-0.000224,-0.008363,0.034797,-0.000000,-0.001015,1.570196,-0.300000,1.000000,1.100000,0.000000,0.000000,-1.571000,-0.299776,1.008363,1.065203,1.497104
10.120000,-0.000224,-0.008371,0.034797,-0.000000,-0.001015,1.570196,-0.300000,1.000000,1.100000,0.000000,0.000000,-1.571000,-0.299776,1.008371,1.065203,1.497109
10.130000,-0.000224,-0.008380,0.034797,-0.000000,-0.001015,1.570196,-0.300000,1.000000,1.100000,0.000000,0.000000,-1.571000,-0.299776,1.008380,1.065203,1.497115
10.140000,-0.000224,-0.008388,0.034797,-0.000000,-0.001015,1.570196,-0.300000,1.000000,1.100000,0.000000,0.000000,-1.571000,-0.299776,1.008388,1.065203,1.497120
10.150000,-0.000224,-0.008397,0.034797,-0.000000,-0.001015,1.570197,-0.300000,1.000000,1.100000,0.000000,0.000000,-1.571000,-0.299776,1.008397,1.065203,1.497126
10.160000,-0.000225,-0.008405,0.034797,-0.000000,-0.001015,1.570197,-0.300000,1.000000,1.100000,0.000000,0.000000,-1.571000,-0.299775,1.008405,1.065203,1.497132
10.170000,-0.000225,-0.008413,0.034797,-0.000000,-0.001015,1.570197,-0.300000,1.000000,1.100000,0.000000,0.000000,-1.571000,-0.299775,1.008413,1.065203,1.497137
10.180000,-0.000225,-0.008422,0.034797,-0.000000,-0.001015,1.570197,-0.300000,1.000000,1.100000,0.000000,0.000000,-1.571000,-0.299775,1.008422,1.065203,1.497143
10.190000,-0.000225,-0.008430,0.034797,-0.000000,-0.001015,1.570197,-0.300000,1.000000,1.100000,0.000000,0.000000,-1.571000,-0.299775,1.008430,1.065203,1.497148
10.200000,-0.000226,-0.008438,0.034797,-0.000000,-0.001015,1.570198,-0.300000,1.000000,1.100000,0.000000,0.000000,-1.571000,-0.299774,1.008438,1.065203,1.497154
10.210000,-0.000226,-0.008447,0.034797,-0.000000,-0.001015,1.570198,-0.300000,1.000000,1.100000,0.000000,0.000000,-1.571000,-0.299774,1.008447,1.065203,1.497160
10.220000,-0.000226,-0.008455,0.034797,-0.000000,-0.001015,1.570198,-0.300000,1.000000,1.100000,0.000000,0.000000,-1.571000,-0.299774,1.008455,1.065203,1.497165
10.230000,-0.000226,-0.008464,0.034797,-0.000000,-0.001015,1.570198,-0.300000,1.000000,1.100000,0.000000,0.000000,-1.571000,-0.299774,1.008464,1.065203,1.497171
10.240000,-0.000226,-0.008472,0.034797,-0.000000,-0.001015,1.570198,-0.300000,1.000000,1.100000,0.000000,0.000000,-1.571000,-0.299774,1.008472,1.065203,1.497176
10.250000,-0.000227,-0.008480,0.034797,-0.000000,-0.001015,1.570199,-0.300000,1.000000,1.100000,0.000000,0.000000,-1.571000,-0.299773,1.008480,1.065203,1.497182
10.260000,-0.000227,-0.008489,0.034797,-0.000000,-0.001015,1.570199,-0.300000,1.000000,1.100000,0.000000,0.000000,-1.571000,-0.299773,1.008489,1.065203,1.497188
10.270000,-0.000227,-0.008497,0.034797,-0.000000,-0.001015,1.570199,-0.300000,1.000000,1.100000,0.000000,0.000000,-1.571000,-0.299773,1.008497,1.065203,1.497193
10.280000,-0.000227,-0.008505,0.034797,-0.000000,-0.001015,1.570199,-0.300000,1.000000,1.100000,0.000000,0.000000,-1.571000,-0.299773,1.008505,1.065203,1.497199
10.290000,-0.000228,-0.008514,0.034797,-0.000000,-0.001015,1.570199,-0.300000,1.000000,1.100000,0.000000,0.000000,-1.571000,-0.299772,1.008514,1.065203,1.497204
10.300000,-0.000228,-0.008522,0.034797,-0.000000,-0.001015,1.570200,-0.300000,1.000000,1.100000,0.000000,0.000000,-1.571000,-0.299772,1.008522,1.065203,1.497210
10.310000,-0.000228,-0.008531,0.034797,-0.000000,-0.001015,1.570200,-0.300000,1.000000,1.100000,0.000000,0.000000,-1.571000,-0.299772,1.008531,1.065203,1.497216
10.320000,-0.000228,-0.008539,0.034797,-0.000000,-0.001015,1.570200,-0.300000,1.000000,1.100000,0.000000,0.000000,-1.571000,-0.299772,1.008539,1.065203,1.497221
10.330000,-0.000229,-0.008547,0.034797,-0.000000,-0.001015,1.570200,-0.300000,1.000000,1.100000,0.000000,0.000000,-1.571000,-0.299771,1.008547,1.065203,1.497227
10.340000,-0.000229,-0.008556,0.034797,-0.000000,-0.001015,1.570200,-0.300000,1.000000,1.100000,0.000000,0.000000,-1.571000,-0.299771,1.008556,1.065203,1.497232
10.350000,-0.000229,-0.008564,0.034797,-0.000000,-0.001015,1.570201,-0.300000,1.000000,1.100000,0.000000,0.000000,-1.571000,-0.299771,1.008564,1.065203,1.497238
10.360000,-0.000229,-0.008572,0.034797,-0.000000,-0.001015,1.570201,-0.300000,1.000000,1.100000,0.000000,0.000000,-1.571000,-0.299771,1.008572,1.065203,1.497243
10.370000,-0.000229,-0.008581,0.034797,-0.000000,-0.001015,1.570201,-0.300000,1.000000,1.100000,0.000000,0.000000,-1.571000,-0.299771,1.008581,1.065203,1.497249
10.380000,-0.000230,-0.008589,0.034797,-0.000000,-0.001015,1.570201,-0.300000,1.000000,1.100000,0.000000,0.000000,-1.571000,-0.299770,1.008589,1.065203,1.497255
10.390000,-0.000230,-0.008598,0.034797,-0.000000,-0.001015,1.570201,-0.300000,1.000000,1.100000,0.000000,0.000000,-1.571000,-0.299770,1.008598,1.065203,1.497260
10.400000,-0.000230,-0.008606,0.034797,-0.000000,-0.001015,1.570202,-0.300000,1.000000,1.100000,0.000000,0.000000,-1.571000,-0.299770,1.008606,1.065203,1.497266
10.410000,-0.000230,-0.008614,0.034797,-0.000000,-0.001015,1.570202,-0.300000,1.000000,1.100000,0.000000,0.000000,-1.571000,-0.299770,1.008614,1.065203,1.497271
10.420000,-0.000231,-0.008623,0.034797,-0.000000,-0.001015,1.570202,-0.300000,1.000000,1.100000,0.000000,0.000000,-1.571000,-0.299769,1.008623,1.065203,1.497277
10.430000,-0.000231,-0.008631,0.034797,-0.000000,-0.001015,1.570202,-0.300000,1.000000,1.100000,0.000000,0.000000,-1.571000,-0.299769,1.008631,1.065203,1.497283
10.440000,-0.000231,-0.008639,0.034797,-0.000000,-0.001015,1.570202,-0.300000,1.000000,1.100000,0.000000,0.000000,-1.571000,-0.299769,1.008639,1.065203,1.497288
10.450000,-0.000231,-0.008648,0.034797,-0.000000,-0.001015,1.570203,-0.300000,1.000000,1.100000,0.000000,0.000000,-1.571000,-0.299769,1.008648,1.065203,1.497294
10.460000,-0.000231,-0.008656,0.034797,-0.000000,-0.001015,1.570203,-0.300000,1.000000,1.100000,0.000000,0.000000,-1.571000,-0.299769,1.008656,1.065203,1.497299
10.470000,-0.000232,-0.008665,0.034797,-0.000000,-0.001015,1.570203,-0.300000,1.000000,1.100000,0.000000,0.000000,-1.571000,-0.299768,1.008665,1.065203,1.497305
10.480000,-0.000232,-0.008673,0.034797,-0.000000,-0.001015,1.570203,-0.300000,1.000000,1.100000,0.000000,0.000000,-1.571000,-0.299768,1.008673,1.065203,1.497311
10.490000,-0.000232,-0.008681,0.034797,-0.000000,-0.001015,1.570203,-0.300000,1.000000,1.100000,0.000000,0.000000,-1.571000,-0.299768,1.008681,1.065203,1.497316
10.500000,-0.000232,-0.008690,0.034797,-0.000000,-0.001015,1.570204,-0.300000,1.000000,1.100000,0.000000,0.000000,-1.571000,-0.299768,1.008690,1.065203,1.497322
10.510000,-0.000233,-0.008698,0.034797,-0.000000,-0.001015,1.570204,-0.300000,1.000000,1.100000,0.000000,0.000000,-1.571000,-0.299767,1.008698,1.065203,1.497327
10.520000,-0.000233,-0.008706,0.034797,-0.000000,-0.001015,1.570204,-0.300000,1.000000,1.100000,0.000000,0.000000,-1.571000,-0.299767,1.008706,1.065203,1.497333
10.530000,-0.000233,-0.008715,0.034797,-0.000000,-0.001015,1.570204,-0.300000,1.000000,1.100000,0.000000,0.000000,-1.571000,-0.299767,1.008715,1.065203,1.497339
10.540000,-0.000233,-0.008723,0.034797,-0.000000,-0.001015,1.570204,-0.300000,1.000000,1.100000,0.000000,0.000000,-1.571000,-0.299767,1.008723,1.065203,1.497344
10.550000,-0.000233,-0.008732,0.034797,-0.000000,-0.001015,1.570205,-0.300000,1.000000,1.100000,0.000000,0.000000,-1.571000,-0.299767,1.008732,1.065203,1.497350
10.560000,-0.000234,-0.008740,0.034797,-0.000000,-0.001015,1.570205,-0.300000,1.000000,1.100000,0.000000,0.000000,-1.571000,-0.299766,1.008740,1.065203,1.497355
10.570000,-0.000234,-0.008748,0.034797,-0.000000,-0.001015,1.570205,-0.300000,1.000000,1.100000,0.000000,0.000000,-1.571000,-0.299766,1.008748,1.065203,1.497361
10.580000,-0.000234,-0.008757,0.034797,-0.000000,-0.001015,1.570205,-0.300000,1.000000,1.100000,0.000000,0.000000,-1.571000,-0.299766,1.008757,1.065203,1.497367
10.590000,-0.000234,-0.008765,0.034797,-0.000000,-0.001015,1.570205,-0.300000,1.000000,1.100000,0.000000,0.000000,-1.571000,-0.299766,1.008765,1.065203,1.497372
10.600000,-0.000235,-0.008773,0.034797,-0.000000,-0.001015,1.570205,-0.300000,1.000000,1.100000,0.000000,0.000000,-1.571000,-0.299765,1.008773,1.065203,1.497378
10.610000,-0.000235,-0.008782,0.034797,-0.000000,-0.001015,1.570206,-0.300000,1.000000,1.100000,0.000000,0.000000,-1.571000,-0.299765,1.008782,1.065203,1.497383
10.620000,-0.000235,-0.008790,0.034797,-0.000000,-0.001015,1.570206,-0.300000,1.000000,1.100000,0.000000,0.000000,-1.571000,-0.299765,1.008790,1.065203,1.497389
10.630000,-0.000235,-0.008799,0.034797,-0.000000,-0.001015,1.570206,-0.300000,1.000000,1.100000,0.000000,0.000000,-1.571000,-0.299765,1.008799,1.065203,1.497395
10.640000,-0.000236,-0.008807,0.034797,-0.000000,-0.001015,1.570206,-0.300000,1.000000,1.100000,0.000000,0.000000,-1.571000,-0.299764,1.008807,1.065203,1.497400
10.650000,-0.000236,-0.008815,0.034797,-0.000000,-0.001015,1.570206,-0.300000,1.000000,1.100000,0.000000,0.000000,-1.571000,-0.299764,1.008815,1.065203,1.497406
10.660000,-0.000236,-0.008824,0.034797,-0.000000,-0.001015,1.570207,-0.300000,1.000000,1.100000,0.000000,0.000000,-1.571000,-0.299764,1.008824,1.065203,1.497411
10.670000,-0.000236,-0.008832,0.034797,-0.000000,-0.001015,1.570207,-0.300000,1.000000,1.100000,0.000000,0.000000,-1.571000,-0.299764,1.008832,1.065203,1.497417
10.680000,-0.000236,-0.008840,0.034797,-0.000000,-0.001015,1.570207,-0.300000,1.000000,1.100000,0.000000,0.000000,-1.571000,-0.299764,1.008840,1.065203,1.497423
10.690000,-0.000237,-0.008849,0.034797,-0.000000,-0.001015,1.570207,-0.300000,1.000000,1.100000,0.000000,0.000000,-1.571000,-0.299763,1.008849,1.065203,1.497428
10.700000,-0.000237,-0.008857,0.034797,-0.000000,-0.001015,1.570207,-0.300000,1.000000,1.100000,0.000000,0.000000,-1.571000,-0.299763,1.008857,1.065203,1.497434
10.710000,-0.000237,-0.008865,0.034797,-0.000000,-0.001015,1.570208,-0.300000,1.000000,1.100000,0.000000,0.000000,-1.571000,-0.299763,1.008865,1.065203,1.497439
10.720000,-0.000237,-0.008874,0.034797,-0.000000,-0.001015,1.570208,-0.300000,1.000000,1.100000,0.000000,0.000000,-1.571000,-0.299763,1.008874,1.065203,1.497445
10.730000,-0.000238,-0.008882,0.034797,-0.000000,-0.001015,1.570208,-0.300000,1.000000,1.100000,0.000000,0.000000,-1.571000,-0.299762,1.008882,1.065203,1.497451
10.740000,-0.000238,-0.008891,0.034797,-0.000000,-0.001015,1.570208,-0.300000,1.000000,1.100000,0.000000,0.000000,-1.571000,-0.299762,1.008891,1.065203,1.497456
10.750000,-0.000238,-0.008899,0.034797,-0.000000,-0.001015,1.570208,-0.300000,1.000000,1.100000,0.000000,0.000000,-1.571000