time,pos_x,pos_y,pos_z,vel_x,vel_y,vel_z,acc_x,acc_y,acc_z,att_phi,att_theta,att_psi,distance_est,centroid_x,centroid_y,height_e,divergence,true_divergence,divergence_sp,set_point,dt,raw_divergence,color_count,raw_of_y, of_y, raw_of_y_d, of_y_d, yaw_vel,mu_y, mu_z,cmd_thrust,cmd_roll,cmd_pitch,cmd_yaw
61.599850,0.009111,-0.326817,-1.060977,0.000004,-0.000028,0.000907,-0.000004,0.000210,-0.022484,0.000022,0.000001,0.000001,10.000000,3.000000,-141.000000,0.039022,-0.389656,0.000001,0.000000,0.000000,0.000000,-0.276590,782.000000,-44.776100,-56.123192,462.410095,446.189850,-0.000023,0.000000,10.005117,6520,0,31,0
61.601803,0.009111,-0.326818,-1.060975,0.000004,-0.000028,0.000862,-0.000007,0.000219,-0.022485,0.000023,0.000001,0.000001,10.000000,3.000000,-141.000000,0.039024,-0.389656,0.000001,0.000000,0.000000,0.000000,-0.276590,782.000000,-44.776100,-56.123192,462.410095,446.189850,-0.000022,0.000000,10.005126,6520,0,31,0
61.603760,0.009111,-0.326818,-1.060973,0.000004,-0.000027,0.000817,-0.000009,0.000229,-0.022485,0.000024,0.000001,0.000001,10.000000,3.000000,-141.000000,0.039026,-0.389656,0.000001,0.000000,0.000000,0.000000,-0.276590,782.000000,-44.776100,-56.123192,462.410095,446.189850,-0.000021,0.000000,10.005134,6520,0,31,0
61.605713,0.009111,-0.326818,-1.060972,0.000004,-0.000027,0.000772,-0.000011,0.000238,-0.022486,0.000025,0.000001,0.000001,10.000000,3.000000,-141.000000,0.039027,-0.389656,0.000001,0.000000,0.000000,0.000000,-0.276590,782.000000,-44.776100,-56.123192,462.410095,446.189850,-0.000020,0.000000,10.005141,6520,0,31,0
61.607666,0.009111,-0.326818,-1.060970,0.000004,-0.000027,0.000727,-0.000013,0.000247,-0.022487,0.000026,0.000001,0.000001,10.000000,3.000000,-141.000000,0.039029,-0.389656,0.000001,0.000000,0.000000,0.000000,-0.276590,782.000000,-44.776100,-56.123192,462.410095,446.189850,-0.000019,0.000000,10.005149,6520,0,31,0
61.609619,0.009111,-0.326818,-1.060969,0.000004,-0.000026,0.000682,-0.000015,0.000256,-0.022487,0.000027,0.000002,0.000001,10.000000,3.000000,-141.000000,0.039030,-0.389656,0.000001,0.000000,0.000000,0.000000,-0.276590,782.000000,-44.776100,-56.123192,462.410095,446.189850,-0.000018,0.000000,10.005157,6520,0,31,0
61.611572,0.009111,-0.326818,-1.060968,0.000004,-0.000025,0.000637,-0.000016,0.000266,-0.022488,0.000028,0.000002,0.000001,10.000000,3.000000,-141.000000,0.039032,-0.389656,0.000001,0.000000,0.000000,0.000000,-0.276590,782.000000,-44.776100,-56.123192,462.410095,446.189850,-0.000017,0.000000,10.005162,6520,0,31,0
61.613529,0.009111,-0.326818,-1.060966,0.000004,-0.000025,0.000592,-0.000017,0.000275,-0.022489,0.000028,0.000002,0.000001,10.000000,3.000000,-141.000000,0.039033,-0.389656,0.000001,0.000000,0.000000,0.000000,-0.276590,782.000000,-44.776100,-56.123192,462.410095,446.189850,-0.000016,0.000000,10.005169,6520,0,31,0
61.615482,0.009111,-0.326818,-1.060965,0.000004,-0.000024,0.000547,-0.000018,0.000284,-0.022490,0.000029,0.000002,0.000001,10.000000,3.000000,-141.000000,0.039034,-0.389656,0.000001,0.000000,0.000000,0.000000,-0.276590,782.000000,-44.776100,-56.123192,462.410095,446.189850,-0.000016,0.000000,10.005175,6520,0,31,0
61.617435,0.009111,-0.326818,-1.060964,0.000004,-0.000024,0.000502,-0.000018,0.000293,-0.022490,0.000030,0.000002,0.000001,10.000000,3.000000,-141.000000,0.039035,-0.389656,0.000001,0.000000,0.000000,0.000000,-0.276590,782.000000,-44.776100,-56.123192,462.410095,446.189850,-0.000015,0.000000,10.005179,6520,0,31,0
61.619389,0.009111,-0.326818,-1.060963,0.000004,-0.000023,0.000457,-0.000018,0.000302,-0.022490,0.000031,0.000002,0.000001,10.000000,3.000000,-141.000000,0.039036,-0.389656,0.000001,0.000000,0.000000,0.000000,-0.276590,782.000000,-44.776100,-56.123192,462.410095,446.189850,-0.000014,0.000000,10.005185,6520,0,31,0
61.621346,0.009111,-0.326818,-1.060962,0.000004,-0.000023,0.000412,-0.000017,0.000312,-0.022491,0.000032,0.000002,0.000001,10.000000,3.000000,-141.000000,0.039037,-0.389656,0.000001,0.000000,0.000000,0.000000,-0.276590,782.000000,-44.776100,-56.123192,462.410095,446.189850,-0.000014,0.000000,10.005188,6520,0,31,0
61.623299,0.009111,-0.326818,-1.060962,0.000004,-0.000022,0.000367,-0.000016,0.000321,-0.022492,0.000033,0.000002,0.000001,10.000000,3.000000,-141.000000,0.039038,-0.389656,0.000001,0.000000,0.000000,0.000000,-0.276590,782.000000,-44.776100,-56.123192,462.410095,446.189850,-0.000014,0.000000,10.005192,6520,0,31,0
61.625252,0.009111,-0.326818,-1.060961,0.000004,-0.000021,0.000322,-0.000015,0.000330,-0.022492,0.000034,0.000001,0.000001,10.000000,3.000000,-140.000000,0.039039,-0.389656,0.000001,0.000000,0.000000,0.000000,-0.276590,802.000000,-44.776100,-56.123192,462.410095,446.189850,-0.000013,0.000000,10.005196,6520,0,31,0
61.627205,0.009111,-0.326818,-1.060960,0.000004,-0.000021,0.000277,-0.000013,0.000339,-0.022493,0.000035,0.000001,0.000001,10.000000,3.000000,-140.000000,0.039039,-0.299352,0.000001,0.000000,0.000000,0.066000,0.190115,802.000000,0.000000,-12.045986,678.425781,526.254578,-0.000013,0.000000,10.005198,6520,0,32,0
61.629162,0.009111,-0.326818,-1.060960,0.000004,-0.000020,0.000232,-0.000011,0.000349,-0.022492,0.000036,0.000001,0.000001,10.000000,3.000000,-140.000000,0.039040,-0.299352,0.000001,0.000000,0.000000,0.000000,0.190115,802.000000,0.000000,-12.045986,678.425781,526.254578,-0.000012,0.000000,10.005200,6520,-1,32,0
61.631115,0.009111,-0.326818,-1.060960,0.000004,-0.000019,0.000188,-0.000008,0.000358,-0.022491,0.000037,0.000001,0.000001,10.000000,3.000000,-140.000000,0.039040,-0.299352,0.000001,0.000000,0.000000,0.000000,0.190115,802.000000,0.000000,-12.045986,678.425781,526.254578,-0.000012,0.000000,10.005203,6520,-1,32,0
61.633068,0.009111,-0.326818,-1.060959,0.000004,-0.000018,0.000143,-0.000005,0.000367,-0.022491,0.000038,0.000000,0.000001,10.000000,3.000000,-140.000000,0.039041,-0.299352,0.000001,0.000000,0.000000,0.000000,0.190115,802.000000,0.000000,-12.045986,678.425781,526.254578,-0.000012,0.000000,10.005205,6520,-1,32,0
61.635021,0.009111,-0.326818,-1.060959,0.000004,-0.000018,0.000098,-0.000002,0.000376,-0.022490,0.000039,0.000000,0.000001,10.000000,3.000000,-140.000000,0.039041,-0.299352,0.000001,0.000000,0.000000,0.000000,0.190115,802.000000,0.000000,-12.045986,678.425781,526.254578,-0.000012,0.000000,10.005206,6520,-1,32,0
61.636974,0.009111,-0.326818,-1.060959,0.000004,-0.000017,0.000053,0.000002,0.000384,-0.022490,0.000040,-0.000000,0.000001,10.000000,3.000000,-140.000000,0.039041,-0.299352,0.000001,0.000000,0.000000,0.000000,0.190115,802.000000,0.000000,-12.045986,678.425781,526.254578,-0.000012,0.000000,10.005205,6520,-1,32,0
61.638931,0.009111,-0.326818,-1.060959,0.000004,-0.000016,0.000008,0.000005,0.000392,-0.022490,0.000040,-0.000001,0.000001,10.000000,3.000000,-140.000000,0.039041,-0.299352,0.000001,0.000000,0.000000,0.000000,0.190115,802.000000,0.000000,-12.045986,678.425781,526.254578,-0.000012,0.000000,10.005206,6520,-1,32,0
61.640884,0.009111,-0.326818,-1.060959,0.000004,-0.000015,-0.000037,0.000008,0.000399,-0.022489,0.000041,-0.000001,0.000001,10.000000,3.000000,-140.000000,0.039041,-0.299352,0.000001,0.000000,0.000000,0.000000,0.190115,802.000000,0.000000,-12.045986,678.425781,526.254578,-0.000012,0.000000,10.005206,6520,-1,32,0
61.642838,0.009111,-0.326818,-1.060959,0.000004,-0.000015,-0.000082,0.000012,0.000406,-0.022489,0.000042,-0.000001,0.000001,10.000000,3.000000,-140.000000,0.039041,-0.299352,0.000001,0.000000,0.000000,0.000000,0.190115,802.000000,0.000000,-12.045986,678.425781,526.254578,-0.000012,0.000000,10.005205,6520,-1,32,0
61.644791,0.009111,-0.326818,-1.060959,0.000004,-0.000014,-0.000127,0.000015,0.000411,-0.022488,0.000042,-0.000002,0.000001,10.000000,3.000000,-140.000000,0.039041,-0.299352,0.000001,0.000000,0.000000,0.000000,0.190115,802.000000,0.000000,-12.045986,678.425781,526.254578,-0.000012,0.000000,10.005203,6520,-1,32,0
61.646748,0.009111,-0.326818,-1.060960,0.000004,-0.000013,-0.000172,0.000018,0.000416,-0.022488,0.000043,-0.000002,0.000001,10.000000,3.000000,-140.000000,0.039041,-0.299352,0.000001,0.000000,0.000000,0.000000,0.190115,802.000000,0.000000,-12.045986,678.425781,526.254578,-0.000012,0.000000,10.005202,6520,-1,32,0
61.648701,0.009111,-0.326818,-1.060960,0.000004,-0.000012,-0.000217,0.000021,0.000420,-0.022487,0.000043,-0.000002,0.000001,10.000000,3.000000,-140.000000,0.039040,-0.299352,0.000001,0.000000,0.000000,0.000000,0.190115,802.000000,0.000000,-12.045986,678.425781,526.254578,-0.000012,0.000000,10.005200,6520,-1,32,0
61.650654,0.009111,-0.326819,-1.060961,0.000004,-0.000011,-0.000262,0.000023,0.000423,-0.022487,0.000043,-0.000002,0.000001,10.000000,3.000000,-140.000000,0.039040,-0.299352,0.000001,0.000000,0.000000,0.000000,0.190115,802.000000,0.000000,-12.045986,678.425781,526.254578,-0.000012,0.000000,10.005198,6520,0,32,0
61.652607,0.009111,-0.326819,-1.060961,0.000004,-0.000010,-0.000307,0.000026,0.000424,-0.022487,0.000043,-0.000003,0.000001,10.000000,3.000000,-140.000000,0.039039,-0.299352,0.000001,0.000000,0.000000,0.000000,0.190115,802.000000,0.000000,-12.045986,678.425781,526.254578,-0.000012,0.000000,10.005196,6520,0,32,0
61.654564,0.009111,-0.326819,-1.060962,0.000004,-0.000010,-0.000352,0.000027,0.000425,-0.022487,0.000043,-0.000003,0.000001,10.000000,3.000000,-140.000000,0.039039,-0.299352,0.000001,0.000000,0.000000,0.000000,0.190115,802.000000,0.000000,-12.045986,678.425781,526.254578,-0.000012,0.000000,10.005191,6520,0,32,0
61.656517,0.009111,-0.326819,-1.060963,0.000004,-0.000009,-0.000397,0.000029,0.000424,-0.022486,0.000043,-0.000003,0.000000,10.000000,3.000000,-140.000000,0.039038,-0.299352,0.000001,0.000000,0.000000,0.000000,0.190115,802.000000,0.000000,-12.045986,678.425781,526.254578,-0.000012,0.000000,10.005188,6520,0,32,0
61.658470,0.009111,-0.326819,-1.060963,0.000004,-0.000008,-0.000442,0.000030,0.000423,-0.022487,0.000043,-0.000003,0.000000,10.000000,3.000000,-140.000000,0.039037,-0.299352,0.000001,0.000000,0.000000,0.000000,0.190115,802.000000,0.000000,-12.045986,678.425781,526.254578,-0.000013,0.000000,10.005183,6520,0,32,0
61.660423,0.009111,-0.326819,-1.060964,0.000004,-0.000007,-0.000487,0.000031,0.000420,-0.022487,0.000043,-0.000003,0.000000,10.000000,3.000000,-140.000000,0.039036,-0.299352,0.000001,0.000000,0.000000,0.000000,0.190115,802.000000,0.000000,-12.045986,678.425781,526.254578,-0.000013,0.000000,10.005179,6520,0,32,0
61.662376,0.009111,-0.326819,-1.060965,0.000004,-0.000006,-0.000532,0.000031,0.000418,-0.022487,0.000042,-0.000003,0.000000,10.000000,3.000000,-140.000000,0.039035,-0.299352,0.000001,0.000000,0.000000,0.000000,0.190115,802.000000,0.000000,-12.045986,678.425781,526.254578,-0.000013,0.000000,10.005173,6520,0,32,0
61.664333,0.009111,-0.326819,-1.060967,0.000004,-0.000005,-0.000577,0.000031,0.000414,-0.022487,0.000042,-0.000003,0.000000,10.000000,3.000000,-140.000000,0.039034,-0.299352,0.000001,0.000000,0.000000,0.000000,0.190115,802.000000,0.000000,-12.045986,678.425781,526.254578,-0.000013,0.000000,10.005168,6520,0,32,0
61.666286,0.009111,-0.326819,-1.060968,0.000004,-0.000005,-0.000622,0.000030,0.000410,-0.022487,0.000041,-0.000003,0.000000,10.000000,3.000000,-140.000000,0.039033,-0.299352,0.000001,0.000000,0.000000,0.000000,0.190115,802.000000,0.000000,-12.045986,678.425781,526.254578,-0.000013,0.000000,10.005161,6520,0,32,0
61.668240,0.009111,-0.326819,-1.060969,0.000004,-0.000004,-0.000667,0.000029,0.000405,-0.022487,0.000041,-0.000003,0.000000,10.000000,3.000000,-140.000000,0.039032,-0.299352,0.000001,0.000000,0.000000,0.000000,0.190115,802.000000,0.000000,-12.045986,678.425781,526.254578,-0.000013,0.000000,10.005156,6520,0,31,0
61.670193,0.009111,-0.326819,-1.060971,0.000004,-0.000003,-0.000712,0.000027,0.000400,-0.022488,0.000040,-0.000003,0.000000,10.000000,3.000000,-140.000000,0.039030,-0.299352,0.000001,0.000000,0.000000,0.000000,0.190115,802.000000,0.000000,-12.045986,678.425781,526.254578,-0.000013,0.000000,10.005148,6520,0,31,0
61.672150,0.009111,-0.326819,-1.060972,0.000004,-0.000002,-0.000757,0.000025,0.000394,-0.022488,0.000040,-0.000002,0.000000,10.000000,3.000000,-140.000000,0.039029,-0.299352,0.000001,0.000000,0.000000,0.000000,0.190115,802.000000,0.000000,-12.045986,678.425781,526.254578,-0.000013,0.000000,10.005140,6520,0,31,0
61.674103,0.009111,-0.326819,-1.060974,0.000005,-0.000001,-0.000802,0.000023,0.000388,-0.022489,0.000039,-0.000002,0.000000,10.000000,3.000000,-140.000000,0.039027,-0.299352,0.000001,0.000000,0.000000,0.000000,0.190115,802.000000,0.000000,-12.045986,678.425781,526.254578,-0.000013,0.000000,10.005133,6520,0,31,0
61.676056,0.009111,-0.326819,-1.060975,0.000005,-0.000001,-0.000847,0.000020,0.000382,-0.022490,0.000039,-0.000002,0.000000,10.000000,3.000000,-140.000000,0.039026,-0.299352,0.000001,0.000000,0.000000,0.000000,0.190115,802.000000,0.000000,-12.045986,678.425781,526.254578,-0.000013,0.000000,10.005125,6520,0,31,0
61.678009,0.009111,-0.326819,-1.060977,0.000005,0.000000,-0.000892,0.000017,0.000375,-0.022490,0.000038,-0.000002,0.000000,10.000000,3.000000,-140.000000,0.039024,-0.299352,0.000001,0.000000,0.000000,0.000000,0.190115,802.000000,0.000000,-12.045986,678.425781,526.254578,-0.000013,0.000000,10.005115,6520,0,31,0
61.679962,0.009111,-0.326819,-1.060979,0.000005,0.000001,-0.000937,0.000014,0.000368,-0.022491,0.000037,-0.000001,0.000000,10.000000,3.000000,-140.000000,0.039022,-0.299352,0.000001,0.000000,0.000000,0.000000,0.190115,802.000000,0.000000,-12.045986,678.425781,526.254578,-0.000013,0.000000,10.005106,6520,0,31,0
61.681919,0.009111,-0.326819,-1.060981,0.000005,0.000002,-0.000982,0.000011,0.000361,-0.022491,0.000036,-0.000001,0.000000,10.000000,3.000000,-140.000000,0.039020,-0.299352,0.000001,0.000000,0.000000,0.000000,0.190115,802.000000,0.000000,-12.045986,678.425781,526.254578,-0.000013,0.000000,10.005096,6520,0,31,0
61.683872,0.009111,-0.326819,-1.060983,0.000005,0.000002,-0.001027,0.000008,0.000353,-0.022492,0.000036,-0.000001,0.000000,10.000000,4.000000,-137.000000,0.039018,-0.299352,0.000001,0.000000,0.000000,0.000000,0.190115,818.000000,0.000000,-12.045986,678.425781,526.254578,-0.000013,0.000000,10.005087,6520,0,31,0
61.685825,0.009111,-0.326819,-1.060985,0.000005,0.000003,-0.001072,0.000005,0.000346,-0.022492,0.000035,-0.000000,0.000000,10.000000,4.000000,-137.000000,0.039016,-0.228125,0.000001,0.000000,0.000000,0.067000,0.146690,818.000000,44.776112,34.592613,668.300110,580.750244,-0.000013,0.000000,10.005075,6520,0,31,0
61.687778,0.009111,-0.326819,-1.060987,0.000005,0.000004,-0.001117,0.000003,0.000338,-0.022493,0.000034,-0.000000,0.000000,10.000000,4.000000,-137.000000,0.039014,-0.228125,0.000001,0.000000,0.000000,0.000000,0.146690,818.000000,44.776112,34.592613,668.300110,580.750244,-0.000013,0.000000,10.005065,6520,0,31,0
61.689735,0.009111,-0.326819,-1.060989,0.000005,0.000004,-0.001162,0.000000,0.000329,-0.022493,0.000033,0.000000,0.000000,10.000000,4.000000,-137.000000,0.039012,-0.228125,0.000001,0.000000,0.000000,0.000000,0.146690,818.000000,44.776112,34.592613,668.300110,580.750244,-0.000013,0.000000,10.005054,6520,0,31,0
61.691689,0.009111,-0.326819,-1.060992,0.000005,0.000005,-0.001207,-0.000002,0.000321,-0.022493,0.000032,0.000000,0.000000,10.000000,4.000000,-137.000000,0.039009,-0.228125,0.000001,0.000000,0.000000,0.000000,0.146690,818.000000,44.776112,34.592613,668.300110,580.750244,-0.000013,0.000000,10.005041,6520,0,31,0
61.693642,0.009111,-0.326819,-1.060994,0.000005,0.000006,-0.001252,-0.000005,0.000313,-0.022493,0.000031,0.000001,-0.000000,10.000000,4.000000,-137.000000,0.039007,-0.228125,0.000001,0.000000,0.000000,0.000000,0.146690,818.000000,44.776112,34.592613,668.300110,580.750244,-0.000013,0.000000,10.005030,6520,0,31,0
61.695595,0.009111,-0.326819,-1.060997,0.000005,0.000006,-0.001297,-0.000007,0.000304,-0.022494,0.000031,0.000001,-0.000000,10.000000,4.000000,-137.000000,0.039004,-0.228125,0.000001,0.000000,0.000000,0.000000,0.146690,818.000000,44.776112,34.592613,668.300110,580.750244,-0.000013,0.000000,10.005016,6520,0,31,0
61.697552,0.009111,-0.326819,-1.061000,0.000005,0.000007,-0.001342,-0.000008,0.000295,-0.022494,0.000030,0.000001,-0.000000,10.000000,4.000000,-137.000000,0.039002,-0.228125,0.000001,0.000000,0.000000,0.000000,0.146690,818.000000,44.776112,34.592613,668.300110,580.750244,-0.000013,0.000000,10.005003,6520,0,31,0
61.699505,0.009111,-0.326819,-1.061002,0.000005,0.000007,-0.001387,-0.000009,0.000287,-0.022494,0.000029,0.000001,-0.000000,10.000000,4.000000,-137.000000,0.038999,-0.228125,0.000001,0.000000,0.000000,0.000000,0.146690,818.000000,44.776112,34.592613,668.300110,580.750244,-0.000013,0.000000,10.004989,6520,0,31,0
61.701458,0.009111,-0.326819,-1.061005,0.000005,0.000008,-0.001432,-0.000010,0.000278,-0.022494,0.000028,0.000001,-0.000000,10.000000,4.000000,-137.000000,0.038996,-0.228125,0.000001,0.000000,0.000000,0.000000,0.146690,818.000000,44.776112,34.592613,668.300110,580.750244,-0.000013,0.000000,10.004975,6520,0,31,0
61.703411,0.009111,-0.326819,-1.061008,0.000005,0.000009,-0.001477,-0.000011,0.000269,-0.022494,0.000027,0.000001,-0.000000,10.000000,4.000000,-137.000000,0.038993,-0.228125,0.000001,0.000000,0.000000,0.000000,0.146690,818.000000,44.776112,34.592613,668.300110,580.750244,-0.000013,0.000000,10.004959,6520,0,31,0
61.705364,0.009111,-0.326819,-1.061011,0.000005,0.000009,-0.001522,-0.000011,0.000259,-0.022494,0.000026,0.000001,-0.000000,10.000000,4.000000,-137.000000,0.038990,-0.228125,0.000001,0.000000,0.000000,0.000000,0.146690,818.000000,44.776112,34.592613,668.300110,580.750244,-0.000013,0.000000,10.004945,6520,0,31,0
61.707321,0.009111,-0.326818,-1.061014,0.000005,0.000010,-0.001567,-0.000011,0.000250,-0.022494,0.000025,0.000001,-0.000000,10.000000,4.000000,-137.000000,0.038987,-0.228125,0.000001,0.000000,0.000000,0.000000,0.146690,818.000000,44.776112,34.592613,668.300110,580.750244,-0.000013,0.000000,10.004930,6520,0,31,0
61.709274,0.009111,-0.326818,-1.061017,0.000005,0.000010,-0.001612,-0.000010,0.000241,-0.022494,0.000024,0.000001,-0.000000,10.000000,4.000000,-137.000000,0.038984,-0.228125,0.000001,0.000000,0.000000,0.000000,0.146690,818.000000,44.776112,34.592613,668.300110,580.750244,-0.000013,0.000000,10.004913,6520,0,31,0
61.711227,0.009111,-0.326818,-1.061021,0.000004,0.000011,-0.001657,-0.000009,0.000232,-0.022494,0.000023,0.000001,-0.000000,10.000000,4.000000,-137.000000,0.038981,-0.228125,0.000001,0.000000,0.000000,0.000000,0.146690,818.000000,44.776112,34.592613,668.300110,580.750244,-0.000013,0.000000,10.004897,6520,0,31,0
61.713181,0.009111,-0.326818,-1.061024,0.000004,0.000011,-0.001702,-0.000007,0.000222,-0.022494,0.000022,0.000001,-0.000000,10.000000,4.000000,-137.000000,0.038978,-0.228125,0.000001,0.000000,0.000000,0.000000,0.146690,818.000000,44.776112,34.592613,668.300110,580.750244,-0.000013,0.000000,10.004880,6520,0,32,0
61.715137,0.009111,-0.326818,-1.061028,0.000004,0.000011,-0.001747,-0.000005,0.000213,-0.022493,0.000021,0.000000,-0.000000,10.000000,4.000000,-137.000000,0.038974,-0.228125,0.000001,0.000000,0.000000,0.000000,0.146690,818.000000,44.776112,34.592613,668.300110,580.750244,-0.000013,0.000000,10.004863,6520,0,32,0
61.717091,0.009111,-0.326818,-1.061031,0.000004,0.000012,-0.001792,-0.000003,0.000203,-0.022493,0.000020,0.000000,-0.000000,10.000000,4.000000,-137.000000,0.038971,-0.228125,0.000001,0.000000,0.000000,0.000000,0.146690,818.000000,44.776112,34.592613,668.300110,580.750244,-0.000013,0.000000,10.004846,6520,0,32,0
61.719044,0.009111,-0.326818,-1.061035,0.000004,0.000012,-0.001837,-0.000000,0.000194,-0.022492,0.000019,-0.000000,-0.000000,10.000000,4.000000,-137.000000,0.038967,-0.228125,0.000001,0.000000,0.000000,0.000000,0.146690,818.000000,44.776112,34.592613,668.300110,580.750244,-0.000013,0.000000,10.004827,6520,0,32,0
61.720997,0.009111,-0.326818,-1.061038,0.000004,0.000013,-0.001882,0.000003,0.000184,-0.022491,0.000018,-0.000000,-0.000000,10.000000,4.000000,-137.000000,0.038963,-0.228125,0.000001,0.000000,0.000000,0.000000,0.146690,818.000000,44.776112,34.592613,668.300110,580.750244,-0.000013,0.000000,10.004808,6520,0,32,0
61.722954,0.009111,-0.326818,-1.061042,0.000004,0.000013,-0.001927,0.000006,0.000175,-0.022491,0.000017,-0.000001,-0.000000,10.000000,4.000000,-137.000000,0.038960,-0.228125,0.000001,0.000000,0.000000,0.000000,0.146690,818.000000,44.776112,34.592613,668.300110,580.750244,-0.000013,0.000000,10.004789,6520,0,32,0
61.724907,0.009111,-0.326818,-1.061046,0.000004,0.000013,-0.001972,0.000009,0.000165,-0.022491,0.000016,-0.000001,-0.000000,10.000000,4.000000,-137.000000,0.038956,-0.228125,0.000001,0.000000,0.000000,0.000000,0.146690,818.000000,44.776112,34.592613,668.300110,580.750244,-0.000013,0.000000,10.004769,6520,0,32,0
61.726860,0.009111,-0.326818,-1.061050,0.000005,0.000014,-0.002017,0.000012,0.000155,-0.022490,0.000015,-0.000001,-0.000000,10.000000,4.000000,-137.000000,0.038952,-0.228125,0.000001,0.000000,0.000000,0.000000,0.146690,818.000000,44.776112,34.592613,668.300110,580.750244,-0.000013,0.000000,10.004749,6520,0,32,0
61.728813,0.009111,-0.326818,-1.061054,0.000005,0.000014,-0.002062,0.000015,0.000146,-0.022490,0.000014,-0.000002,-0.000000,10.000000,4.000000,-137.000000,0.038948,-0.228125,0.000001,0.000000,0.000000,0.000000,0.146690,818.000000,44.776112,34.592613,668.300110,580.750244,-0.000013,0.000000,10.004728,6520,0,32,0
61.730766,0.009111,-0.326818,-1.061059,0.000005,0.000014,-0.002107,0.000018,0.000136,-0.022490,0.000013,-0.000002,-0.000001,10.000000,4.000000,-137.000000,0.038944,-0.228125,0.000001,0.000000,0.000000,0.000000,0.146690,818.000000,44.776112,34.592613,668.300110,580.750244,-0.000013,0.000000,10.004707,6520,0,32,0
61.732723,0.009111,-0.326818,-1.061063,0.000005,0.000014,-0.002152,0.000021,0.000126,-0.022489,0.000012,-0.000002,-0.000001,10.000000,4.000000,-137.000000,0.038939,-0.228125,0.000001,0.000000,0.000000,0.000000,0.146690,818.000000,44.776112,34.592613,668.300110,580.750244,-0.000013,0.000000,10.004686,6520,0,32,0
61.734676,0.009111,-0.326818,-1.061067,0.000005,0.000015,-0.002196,0.000023,0.000116,-0.022489,0.000011,-0.000003,-0.000001,10.000000,4.000000,-137.000000,0.038935,-0.228125,0.000001,0.000000,0.000000,0.000000,0.146690,818.000000,44.776112,34.592613,668.300110,580.750244,-0.000013,0.000000,10.004664,6520,0,32,0
61.736629,0.009111,-0.326818,-1.061072,0.000005,0.000015,-0.002241,0.000026,0.000107,-0.022489,0.000010,-0.000003,-0.000001,10.000000,4.000000,-137.000000,0.038931,-0.228125,0.000001,0.000000,0.000000,0.000000,0.146690,818.000000,44.776112,34.592613,668.300110,580.750244,-0.000013,0.000000,10.004642,6520,0,32,0
61.738583,0.009111,-0.326818,-1.061076,0.000005,0.000015,-0.002286,0.000028,0.000097,-0.022489,0.000009,-0.000003,-0.000001,10.000000,4.000000,-137.000000,0.038926,-0.228125,0.000001,0.000000,0.000000,0.000000,0.146690,818.000000,44.776112,34.592613,668.300110,580.750244,-0.000013,0.000000,10.004620,6520,0,32,0
61.740540,0.009111,-0.326818,-1.061081,0.000005,0.000015,-0.002331,0.000029,0.000087,-0.022488,0.000008,-0.000003,-0.000001,10.000000,4.000000,-137.000000,0.038921,-0.228125,0.000001,0.000000,0.000000,0.000000,0.146690,818.000000,44.776112,34.592613,668.300110,580.750244,-0.000013,0.000000,10.004597,6520,0,32,0
61.742493,0.009111,-0.326818,-1.061086,0.000005,0.000015,-0.002376,0.000031,0.000077,-0.022488,0.000007,-0.000003,-0.000001,10.000000,4.000000,-137.000000,0.038917,-0.228125,0.000001,0.000000,0.000000,0.000000,0.146690,818.000000,44.776112,34.592613,668.300110,580.750244,-0.000013,0.000000,10.004573,6520,0,32,0
61.744446,0.009111,-0.326818,-1.061090,0.000005,0.000016,-0.002421,0.000031,0.000067,-0.022488,0.000006,-0.000003,-0.000001,10.000000,4.000000,-137.000000,0.038912,-0.228125,0.000001,0.000000,0.000000,0.000000,0.146690,818.000000,44.776112,34.592613,668.300110,580.750244,-0.000013,0.000000,10.004548,6520,0,32,0
61.746399,0.009112,-0.326818,-1.061095,0.000005,0.000016,-0.002466,0.000032,0.000058,-0.022488,0.000005,-0.000003,-0.000001,10.000000,4.000000,-137.000000,0.038907,-0.228125,0.000001,0.000000,0.000000,0.000000,0.146690,818.000000,44.776112,34.592613,668.300110,580.750244,-0.000013,0.000000,10.004524,6520,0,32,0
61.748356,0.009112,-0.326818,-1.061100,0.000005,0.000016,-0.002511,0.000032,0.000048,-0.022488,0.000004,-0.000003,-0.000001,10.000000,4.000000,-137.000000,0.038902,-0.228125,0.000001,0.000000,0.000000,0.000000,0.146690,818.000000,44.776112,34.592613,668.300110,580.750244,-0.000013,0.000000,10.004498,6520,0,32,0
61.750309,0.009112,-0.326818,-1.061105,0.000005,0.000016,-0.002556,0.000032,0.000038,-0.022488,0.000003,-0.000003,-0.000001,10.000000,4.000000,-137.000000,0.038897,-0.228125,0.000001,0.000000,0.000000,0.000000,0.146690,818.000000,44.776112,34.592613,668.300110,580.750244,-0.000013,0.000000,10.004474,6520,0,32,0
61.752262,0.009112,-0.326818,-1.061111,0.000005,0.000016,-0.002601,0.000031,0.000028,-0.022488,0.000002,-0.000003,-0.000001,10.000000,4.000000,-137.000000,0.038892,-0.228125,0.000001,0.000000,0.000000,0.000000,0.146690,818.000000,44.776112,34.592613,668.300110,580.750244,-0.000013,0.000000,10.004447,6520,0,32,0
61.754215,0.009112,-0.326818,-1.061116,0.000005,0.000016,-0.002646,0.000029,0.000018,-0.022488,0.000001,-0.000003,-0.000001,10.000000,4.000000,-137.000000,0.038887,-0.228125,0.000001,0.000000,0.000000,0.000000,0.146690,818.000000,44.776112,34.592613,668.300110,580.750244,-0.000013,0.000000,10.004421,6520,0,31,0
61.756168,0.009112,-0.326818,-1.061121,0.000005,0.000016,-0.002691,0.000027,0.000008,-0.022488,0.000000,-0.000003,-0.000001,10.000000,4.000000,-137.000000,0.038881,-0.228125,0.000001,0.000000,0.000000,0.000000,0.146690,818.000000,44.776112,34.592613,668.300110,580.750244,-0.000013,0.000000,10.004395,6520,0,31,0
61.758125,0.009112,-0.326818,-1.061127,0.000005,0.000016,-0.002736,0.000025,-0.000002,-0.022489,-0.000001,-0.000002,-0.000001,10.000000,4.000000,-137.000000,0.038876,-0.228125,0.000001,0.000000,0.000000,0.000000,0.146690,818.000000,44.776112,34.592613,668.300110,580.750244,-0.000013,0.000000,10.004368,6520,0,31,0
61.760078,0.009112,-0.326818,-1.061132,0.000005,0.000016,-0.002781,0.000022,-0.000011,-0.022489,-0.000002,-0.000002,-0.000001,10.000000,4.000000,-137.000000,0.038871,-0.228125,0.000001,0.000000,0.000000,0.000000,0.146690,818.000000,44.776112,34.592613,668.300110,580.750244,-0.000013,0.000000,10.004340,6520,0,31,0
61.762032,0.009112,-0.326818,-1.061138,0.000005,0.000016,-0.002826,0.000019,-0.000021,-0.022490,-0.000003,-0.000002,-0.000001,10.000000,5.000000,-131.000000,0.038865,-0.228125,0.000001,0.000000,0.000000,0.000000,0.146690,854.000000,44.776112,34.592613,668.300110,580.750244,-0.000013,0.000000,10.004311,6520,0,31,0
61.763985,0.009112,-0.326818,-1.061144,0.000005,0.000016,-0.002871,0.000016,-0.000031,-0.022490,-0.000004,-0.000001,-0.000001,10.000000,5.000000,-131.000000,0.038859,-0.139022,0.000001,0.000000,0.000000,0.067000,0.317974,854.000000,89.552238,81.791306,668.300354,617.212891,-0.000013,0.000000,10.004283,6520,0,31,0
61.765942,0.009112,-0.326818,-1.061149,0.000006,0.000016,-0.002916,0.000013,-0.000041,-0.022490,-0.000005,-0.000001,-0.000001,10.000000,5.000000,-131.000000,0.038854,-0.139022,0.000001,0.000000,0.000000,0.000000,0.317974,854.000000,89.552238,81.791306,668.300354,617.212891,-0.000013,0.000000,10.004253,6520,0,31,0
61.767895,0.009112,-0.326818,-1.061155,0.000006,0.000016,-0.002961,0.000010,-0.000051,-0.022491,-0.000006,-0.000001,-0.000001,10.000000,5.000000,-131.000000,0.038848,-0.139022,0.000001,0.000000,0.000000,0.000000,0.317974,854.000000,89.552238,81.791306,668.300354,617.212891,-0.000013,0.000000,10.004225,6520,0,31,0
61.769848,0.009112,-0.326818,-1.061161,0.000006,0.000016,-0.003006,0.000007,-0.000061,-0.022492,-0.000007,-0.000001,-0.000001,10.000000,5.000000,-131.000000,0.038842,-0.139022,0.000001,0.000000,0.000000,0.000000,0.317974,854.000000,89.552238,81.791306,668.300354,617.212891,-0.000013,0.000000,10.004194,6520,0,31,0
61.771801,0.009112,-0.326818,-1.061167,0.000006,0.000015,-0.003051,0.000003,-0.000071,-0.022492,-0.000008,-0.000000,-0.000001,10.000000,5.000000,-131.000000,0.038836,-0.139022,0.000001,0.000000,0.000000,0.000000,0.317974,854.000000,89.552238,81.791306,668.300354,617.212891,-0.000013,0.000000,10.004164,6520,0,31,0
61.773758,0.009112,-0.326818,-1.061174,0.000006,0.000015,-0.003096,0.000000,-0.000081,-0.022492,-0.000009,0.000000,-0.000001,10.000000,5.000000,-131.000000,0.038830,-0.139022,0.000001,0.000000,0.000000,0.000000,0.317974,854.000000,89.552238,81.791306,668.300354,617.212891,-0.000013,0.000000,10.004133,6520,0,31,0
61.775711,0.009112,-0.326817,-1.061180,0.000006,0.000015,-0.003141,-0.000002,-0.000091,-0.022493,-0.000010,0.000000,-0.000001,10.000000,5.000000,-131.000000,0.038823,-0.139022,0.000001,0.000000,0.000000,0.000000,0.317974,854.000000,89.552238,81.791306,668.300354,617.212891,-0.000013,0.000000,10.004102,6520,0,31,0
61.777664,0.009112,-0.326817,-1.061186,0.000006,0.000015,-0.003186,-0.000005,-0.000101,-0.022493,-0.000011,0.000001,-0.000001,10.000000,5.000000,-131.000000,0.038817,-0.139022,0.000001,0.000000,0.000000,0.000000,0.317974,854.000000,89.552238,81.791306,668.300354,617.212891,-0.000013,0.000000,10.004069,6520,0,31,0
61.779617,0.009112,-0.326817,-1.061193,0.000006,0.000015,-0.003231,-0.000008,-0.000111,-0.022493,-0.000012,0.000001,-0.000001,10.000000,5.000000,-131.000000,0.038811,-0.139022,0.000001,0.000000,0.000000,0.000000,0.317974,854.000000,89.552238,81.791306,668.300354,617.212891,-0.000013,0.000000,10.004038,6520,0,31,0
61.781570,0.009112,-0.326817,-1.061199,0.000006,0.000014,-0.003276,-0.000010,-0.000121,-0.022493,-0.000013,0.000001,-0.000001,10.000000,5.000000,-131.000000,0.038804,-0.139022,0.000001,0.000000,0.000000,0.000000,0.317974,854.000000,89.552238,81.791306,668.300354,617.212891,-0.000013,0.000000,10.004005,6520,0,31,0
61.783527,0.009112,-0.326817,-1.061206,0.000005,0.000014,-0.003321,-0.000012,-0.000130,-0.022493,-0.000014,0.000001,-0.000001,10.000000,5.000000,-131.000000,0.038798,-0.139022,0.000001,0.000000,0.000000,0.000000,0.317974,854.000000,89.552238,81.791306,668.300354,617.212891,-0.000013,0.000000,10.003972,6520,0,31,0
61.785480,0.009112,-0.326817,-1.061212,0.000005,0.000014,-0.003366,-0.000013,-0.000140,-0.022493,-0.000015,0.000001,-0.000001,10.000000,5.000000,-131.000000,0.038791,-0.139022,0.000001,0.000000,0.000000,0.000000,0.317974,854.000000,89.552238,81.791306,668.300354,617.212891,-0.000013,0.000000,10.003938,6519,0,31,0
61.787434,0.009112,-0.326817,-1.061219,0.000005,0.000014,-0.003411,-0.000014,-0.000150,-0.022387,-0.000016,0.000001,-0.000001,10.000000,5.000000,-131.000000,0.038784,-0.139022,0.000001,0.000000,0.000000,0.000000,0.317974,854.000000,89.552238,81.791306,668.300354,617.212891,-0.000013,0.000000,10.003904,6519,0,31,0
61.789387,0.009112,-0.326817,-1.061226,0.000005,0.000013,-0.003455,-0.000015,-0.000160,-0.022256,-0.000017,0.000002,-0.000001,10.000000,5.000000,-131.000000,0.038777,-0.139022,0.000001,0.000000,0.000000,0.000000,0.317974,854.000000,89.552238,81.791306,668.300354,617.212891,-0.000013,0.000000,10.003870,6519,0,31,0
61.791344,0.009112,-0.326817,-1.061233,0.000005,0.000013,-0.003500,-0.000015,-0.000170,-0.022138,-0.000018,0.000002,-0.000001,10.000000,5.000000,-131.000000,0.038770,-0.139022,0.000001,0.000000,0.000000,0.000000,0.317974,854.000000,89.552238,81.791306,668.300354,617.212891,-0.000013,0.000000,10.003836,6519,0,31,0
61.793297,0.009112,-0.326817,-1.061240,0.000005,0.000013,-0.003544,-0.000015,-0.000180,-0.022031,-0.000019,0.000002,-0.000001,10.000000,5.000000,-131.000000,0.038763,-0.139022,0.000001,0.000000,0.000000,0.000000,0.317974,854.000000,89.552238,81.791306,668.300354,617.212891,-0.000013,0.000000,10.003800,6519,0,31,0
61.795250,0.009112,-0.326817,-1.061247,0.000005,0.000012,-0.003588,-0.000015,-0.000190,-0.021934,-0.000020,0.000001,-0.000001,10.000000,5.000000,-131.000000,0.038756,-0.139022,0.000001,0.000000,0.000000,0.000000,0.317974,854.000000,89.552238,81.791306,668.300354,617.212891,-0.000013,0.000000,10.003763,6519,0,31,0
61.797203,0.009112,-0.326817,-1.061255,0.000005,0.000012,-0.003631,-0.000014,-0.000200,-0.021845,-0.000021,0.000001,-0.000001,10.000000,5.000000,-131.000000,0.038749,-0.139022,0.000001,0.000000,0.000000,0.000000,0.317974,854.000000,89.552238,81.791306,668.300354,617.212891,-0.000013,0.000000,10.003728,6519,0,31,0
61.799156,0.009112,-0.326817,-1.061262,0.000005,0.000011,-0.003675,-0.000013,-0.000210,-0.021765,-0.000022,0.000001,-0.000001,10.000000,5.000000,-131.000000,0.038742,-0.139022,0.000001,0.000000,0.000000,0.000000,0.317974,854.000000,89.552238,81.791306,668.300354,617.212891,-0.000013,0.000000,10.003692,6519,0,32,0
61.801113,0.009112,-0.326817,-1.061269,0.000005,0.000011,-0.003718,-0.000011,-0.000220,-0.021692,-0.000023,0.000001,-0.000001,10.000000,5.000000,-131.000000,0.038734,-0.139022,0.000001,0.000000,0.000000,0.000000,0.317974,854.000000,89.552238,81.791306,668.300354,617.212891,-0.000013,0.000000,10.003654,6519,0,32,0
61.803066,0.009112,-0.326817,-1.061277,0.000005,0.000011,-0.003762,-0.000009,-0.000230,-0.021625,-0.000024,0.000001,-0.000002,10.000000,5.000000,-131.000000,0.038727,-0.139022,0.000001,0.000000,0.000000,0.000000,0.317974,854.000000,89.552238,81.791306,668.300354,617.212891,-0.000013,0.000000,10.003616,6519,0,32,0
61.805019,0.009112,-0.326817,-1.061284,0.000005,0.000010,-0.003805,-0.000006,-0.000240,-0.021564,-0.000025,0.000000,-0.000002,10.000000,5.000000,-131.000000,0.038719,-0.139022,0.000001,0.000000,0.000000,0.000000,0.317974,854.000000,89.552238,81.791306,668.300354,617.212891,-0.000013,0.000000,10.003578,6519,0,32,0
61.806973,0.009112,-0.326817,-1.061292,0.000005,0.000010,-0.003848,-0.000003,-0.000250,-0.021510,-0.000026,0.000000,-0.000002,10.000000,5.000000,-131.000000,0.038712,-0.139022,0.000001,0.000000,0.000000,0.000000,0.317974,854.000000,89.552238,81.791306,668.300354,617.212891,-0.000013,0.000000,10.003540,6519,0,32,0
61.808929,0.009112,-0.326817,-1.061300,0.000005,0.000009,-0.003891,-0.000001,-0.000260,-0.021460,-0.000027,-0.000000,-0.000002,10.000000,5.000000,-131.000000,0.038704,-0.139022,0.000001,0.000000,0.000000,0.000000,0.317974,854.000000,89.552238,81.791306,668.300354,617.212891,-0.000013,0.000000,10.003502,6519,0,32,0
61.810883,0.009112,-0.326817,-1.061308,0.000005,0.000009,-0.003934,0.000002,-0.000270,-0.021415,-0.000028,-0.000000,-0.000002,10.000000,5.000000,-131.000000,0.038696,-0.139022,0.000001,0.000000,0.000000,0.000000,0.317974,854.000000,89.552238,81.791306,668.300354,617.212891,-0.000013,0.000000,10.003462,6519,0,32,0
61.812836,0.009112,-0.326817,-1.061316,0.000005,0.000008,-0.003977,0.000005,-0.000280,-0.021375,-0.000029,-0.000001,-0.000002,10.000000,5.000000,-131.000000,0.038688,-0.139022,0.000001,0.000000,0.000000,0.000000,0.317974,854.000000,89.552238,81.791306,668.300354,617.212891,-0.000013,0.000000,10.003423,6519,1,32,0
61.814789,0.009112,-0.326817,-1.061324,0.000005,0.000007,-0.004019,0.000008,-0.000290,-0.021338,-0.000030,-0.000001,-0.000002,10.000000,5.000000,-131.000000,0.038680,-0.139022,0.000001,0.000000,0.000000,0.000000,0.317974,854.000000,89.552238,81.791306,668.300354,617.212891,-0.000013,0.000000,10.003383,6519,1,32,0
61.816746,0.009112,-0.326817,-1.061332,0.000005,0.000007,-0.004062,0.000011,-0.000299,-0.021304,-0.000031,-0.000001,-0.000002,10.000000,5.000000,-131.000000,0.038672,-0.139022,0.000001,0.000000,0.000000,0.000000,0.317974,854.000000,89.552238,81.791306,668.300354,617.212891,-0.000013,0.000000,10.003342,6519,1,32,0
61.818699,0.009112,-0.326817,-1.061340,0.000005,0.000006,-0.004104,0.000013,-0.000309,-0.021273,-0.000032,-0.000001,-0.000002,10.000000,5.000000,-131.000000,0.038664,-0.139022,0.000001,0.000000,0.000000,0.000000,0.317974,854.000000,89.552238,81.791306,668.300354,617.212891,-0.000013,0.000000,10.003302,6519,1,32,0
61.820652,0.009112,-0.326817,-1.061348,0.000005,0.000006,-0.004147,0.000016,-0.000318,-0.021245,-0.000033,-0.000002,-0.000002,10.000000,6.000000,-124.000000,0.038656,-0.139022,0.000001,0.000000,0.000000,0.000000,0.317974,918.000000,89.552238,81.791306,668.300354,617.212891,-0.000013,0.000000,10.003260,6519,1,32,0
61.822605,0.009112,-0.326817,-1.061357,0.000005,0.000005,-0.004189,0.000018,-0.000327,-0.021221,-0.000034,-0.000002,-0.000002,10.000000,6.000000,-124.000000,0.038648,-0.026252,0.000001,0.000000,0.000000,0.066000,0.537699,918.000000,106.060631,111.182549,250.127213,517.232056,-0.000013,0.000000,10.003218,6519,1,32,0
61.824558,0.009112,-0.326817,-1.061365,0.000005,0.000004,-0.004232,0.000019,-0.000335,-0.021198,-0.000034,-0.000002,-0.000002,10.000000,6.000000,-124.000000,0.038639,-0.026252,0.000001,0.000000,0.000000,0.000000,0.537699,918.000000,106.060631,111.182549,250.127213,517.232056,-0.000013,0.000000,10.003176,6519,1,32,0
61.826515,0.009112,-0.326817,-1.061373,0.000005,0.000004,-0.004274,0.000021,-0.000342,-0.021177,-0.000035,-0.000002,-0.000002,10.000000,6.000000,-124.000000,0.038631,-0.026252,0.000001,0.000000,0.000000,0.000000,0.537699,918.000000,106.060631,111.182549,250.127213,517.232056,-0.000013,0.000000,10.003134,6519,1,32,0
61.828468,0.009112,-0.326817,-1.061382,0.000005,0.000003,-0.004316,0.000022,-0.000348,-0.021158,-0.000036,-0.000002,-0.000002,10.000000,6.000000,-124.000000,0.038622,-0.026252,0.000001,0.000000,0.000000,0.000000,0.537699,918.000000,106.060631,111.182549,250.127213,517.232056,-0.000012,0.000000,10.003090,6519,1,32,0
61.830421,0.009112,-0.326817,-1.061391,0.000006,0.000002,-0.004359,0.000022,-0.000354,-0.021141,-0.000036,-0.000002,-0.000002,10.000000,6.000000,-124.000000,0.038614,-0.026252,0.000001,0.000000,0.000000,0.000000,0.537699,918.000000,106.060631,111.182549,250.127213,517.232056,-0.000012,0.000000,10.003046,6519,1,32,0
61.832375,0.009112,-0.326817,-1.061400,0.000006,0.000001,-0.004401,0.000022,-0.000358,-0.021126,-0.000037,-0.000002,-0.000002,10.000000,6.000000,-124.000000,0.038605,-0.026252,0.000001,0.000000,0.000000,0.000000,0.537699,918.000000,106.060631,111.182549,250.127213,517.232056,-0.000012,0.000000,10.003003,6519,1,32,0
61.834332,0.009112,-0.326817,-1.061409,0.000006,0.000001,-0.004443,0.000022,-0.000362,-0.021112,-0.000037,-0.000002,-0.000002,10.000000,6.000000,-124.000000,0.038596,-0.026252,0.000001,0.000000,0.000000,0.000000,0.537699,918.000000,106.060631,111.182549,250.127213,517.232056,-0.000012,0.000000,10.002958,6519,0,32,0
61.836285,0.009112,-0.326817,-1.061417,0.000006,0.000000,-0.004485,0.000021,-0.000364,-0.021099,-0.000037,-0.000002,-0.000002,10.000000,6.000000,-124.000000,0.038587,-0.026252,0.000001,0.000000,0.000000,0.000000,0.537699,918.000000,106.060631,111.182549,250.127213,517.232056,-0.000011,0.000000,10.002913,6519,0,32,0
61.838238,0.009112,-0.326817,-1.061426,0.000006,-0.000001,-0.004528,0.000020,-0.000365,-0.021088,-0.000037,-0.000002,-0.000002,10.000000,6.000000,-124.000000,0.038578,-0.026252,0.000001,0.000000,0.000000,0.000000,0.537699,918.000000,106.060631,111.182549,250.127213,517.232056,-0.000011,0.000000,10.002869,6519,0,31,0
61.840191,0.009112,-0.326817,-1.061436,0.000006,-0.000001,-0.004570,0.000019,-0.000365,-0.021078,-0.000037,-0.000002,-0.000002,10.000000,6.000000,-124.000000,0.038569,-0.026252,0.000001,0.000000,0.000000,0.000000,0.537699,918.000000,106.060631,111.182549,250.127213,517.232056,-0.000011,0.000000,10.002823,6519,0,31,0
61.842148,0.009112,-0.326817,-1.061445,0.000006,-0.000002,-0.004612,0.000016,-0.000365,-0.021069,-0.000037,-0.000002,-0.000002,10.000000,6.000000,-124.000000,0.038560,-0.026252,0.000001,0.000000,0.000000,0.000000,0.537699,918.000000,106.060631,111.182549,250.127213,517.232056,-0.000011,0.000000,10.002777,6519,0,31,0
61.844101,0.009112,-0.326817,-1.061454,0.000006,-0.000003,-0.004654,0.000014,-0.000363,-0.021062,-0.000037,-0.000001,-0.000002,10.000000,6.000000,-124.000000,0.038551,-0.026252,0.000001,0.000000,0.000000,0.000000,0.537699,918.000000,106.060631,111.182549,250.127213,517.232056,-0.000011,0.000000,10.002730,6519,0,31,0
61.846054,0.009112,-0.326817,-1.061463,0.000006,-0.000004,-0.004696,0.000011,-0.000361,-0.021054,-0.000037,-0.000001,-0.000002,10.000000,6.000000,-124.000000,0.038541,-0.026252,0.000001,0.000000,0.000000,0.000000,0.537699,918.000000,106.060631,111.182549,250.127213,517.232056,-0.000011,0.000000,10.002683,6519,0,31,0
61.848007,0.009112,-0.326817,-1.061473,0.000006,-0.000004,-0.004738,0.000008,-0.000358,-0.021048,-0.000036,-0.000001,-0.000002,10.000000,6.000000,-124.000000,0.038532,-0.026252,0.000001,0.000000,0.000000,0.000000,0.537699,918.000000,106.060631,111.182549,250.127213,517.232056,-0.000010,0.000000,10.002636,6519,0,31,0
61.849960,0.009112,-0.326817,-1.061482,0.000006,-0.000005,-0.004780,0.000005,-0.000355,-0.021042,-0.000036,-0.000000,-0.000002,10.000000,6.000000,-124.000000,0.038522,-0.026252,0.000001,0.000000,0.000000,0.000000,0.537699,918.000000,106.060631,111.182549,250.127213,517.232056,-0.000010,0.000000,10.002588,6519,0,31,0
61.851917,0.009112,-0.326817,-1.061492,0.000006,-0.000006,-0.004822,0.000002,-0.000351,-0.021036,-0.000035,-0.000000,-0.000002,10.000000,6.000000,-124.000000,0.038513,-0.026252,0.000001,0.000000,0.000000,0.000000,0.537699,918.000000,106.060631,111.182549,250.127213,517.232056,-0.000010,0.000000,10.002541,6519,0,31,0
61.853870,0.009112,-0.326817,-1.061502,0.000006,-0.000006,-0.004864,-0.000001,-0.000346,-0.021031,-0.000035,0.000000,-0.000002,10.000000,6.000000,-124.000000,0.038503,-0.026252,0.000001,0.000000,0.000000,0.000000,0.537699,918.000000,106.060631,111.182549,250.127213,517.232056,-0.000010,0.000000,10.002492,6519,0,31,0
61.855824,0.009112,-0.326817,-1.061512,0.000006,-0.000007,-0.004907,-0.000003,-0.000341,-0.021027,-0.000034,0.000000,-0.000002,10.000000,6.000000,-124.000000,0.038493,-0.026252,0.000001,0.000000,0.000000,0.000000,0.537699,918.000000,106.060631,111.182549,250.127213,517.232056,-0.000010,0.000000,10.002442,6519,0,31,0
61.857777,0.009112,-0.326817,-1.061521,0.000006,-0.000008,-0.004949,-0.000006,-0.000336,-0.021023,-0.000034,0.000001,-0.000002,10.000000,6.000000,-124.000000,0.038484,-0.026252,0.000001,0.000000,0.000000,0.000000,0.537699,918.000000,106.060631,111.182549,250.127213,517.232056,-0.000010,0.000000,10.002393,6518,0,31,0
61.859734,0.009112,-0.326817,-1.061531,0.000006,-0.000008,-0.004990,-0.000009,-0.000330,-0.020913,-0.000033,0.000001,-0.000002,10.000000,6.000000,-124.000000,0.038474,-0.026252,0.000001,0.000000,0.000000,0.000000,0.537699,918.000000,106.060631,111.182549,250.127213,517.232056,-0.000010,0.000000,10.002344,6518,0,31,0
61.861687,0.009112,-0.326817,-1.061541,0.000006,-0.000009,-0.005032,-0.000011,-0.000324,-0.020780,-0.000033,0.000001,-0.000002,10.000000,6.000000,-124.000000,0.038464,-0.026252,0.000001,0.000000,0.000000,0.000000,0.537699,918.000000,106.060631,111.182549,250.127213,517.232056,-0.000010,0.000000,10.002294,6518,0,31,0
61.863640,0.009112,-0.326817,-1.061552,0.000006,-0.000010,-0.005073,-0.000013,-0.000318,-0.020658,-0.000032,0.000001,-0.000002,10.000000,6.000000,-124.000000,0.038454,-0.026252,0.000001,0.000000,0.000000,0.000000,0.537699,918.000000,106.060631,111.182549,250.127213,517.232056,-0.000010,0.000000,10.002243,6518,0,31,0
61.865593,0.009112,-0.326817,-1.061562,0.000006,-0.000010,-0.005115,-0.000015,-0.000311,-0.020548,-0.000031,0.000002,-0.000002,10.000000,6.000000,-124.000000,0.038443,-0.026252,0.000001,0.000000,0.000000,0.000000,0.537699,918.000000,106.060631,111.182549,250.127213,517.232056,-0.000010,0.000000,10.002192,6518,0,31,0
61.867546,0.009112,-0.326817,-1.061572,0.000006,-0.000011,-0.005156,-0.000017,-0.000304,-0.020448,-0.000031,0.000002,-0.000002,10.000000,6.000000,-124.000000,0.038433,-0.026252,0.000001,0.000000,0.000000,0.000000,0.537699,918.000000,106.060631,111.182549,250.127213,517.232056,-0.000010,0.000000,10.002140,6518,0,31,0
61.869503,0.009112,-0.326817,-1.061582,0.000006,-0.000012,-0.005196,-0.000018,-0.000297,-0.020357,-0.000030,0.000002,-0.000002,10.000000,6.000000,-124.000000,0.038423,-0.026252,0.000001,0.000000,0.000000,0.000000,0.537699,918.000000,106.060631,111.182549,250.127213,517.232056,-0.000010,0.000000,10.002089,6518,0,31,0
61.871456,0.009112,-0.326817,-1.061593,0.000006,-0.000012,-0.005237,-0.000019,-0.000290,-0.020275,-0.000029,0.000002,-0.000002,10.000000,6.000000,-124.000000,0.038412,-0.026252,0.000001,0.000000,0.000000,0.000000,0.537699,918.000000,106.060631,111.182549,250.127213,517.232056,-0.000010,0.000000,10.002036,6518,0,31,0
61.873409,0.009112,-0.326817,-1.061603,0.000006,-0.000013,-0.005277,-0.000019,-0.000283,-0.020200,-0.000028,0.000002,-0.000002,10.000000,6.000000,-124.000000,0.038402,-0.026252,0.000001,0.000000,0.000000,0.000000,0.537699,918.000000,106.060631,111.182549,250.127213,517.232056,-0.000010,0.000000,10.001983,6518,0,31,0
61.875362,0.009112,-0.326817,-1.061614,0.000006,-0.000013,-0.005318,-0.000020,-0.000275,-0.020133,-0.000028,0.000002,-0.000002,10.000000,6.000000,-124.000000,0.038391,-0.026252,0.000001,0.000000,0.000000,0.000000,0.537699,918.000000,106.060631,111.182549,250.127213,517.232056,-0.000010,0.000000,10.001930,6518,0,31,0
61.877319,0.009112,-0.326817,-1.061625,0.000006,-0.000014,-0.005358,-0.000019,-0.000267,-0.020071,-0.000027,0.000002,-0.000002,10.000000,6.000000,-124.000000,0.038381,-0.026252,0.000001,0.000000,0.000000,0.000000,0.537699,918.000000,106.060631,111.182549,250.127213,517.232056,-0.000010,0.000000,10.001877,6518,0,31,0
61.879272,0.009112,-0.326817,-1.061635,0.000005,-0.000014,-0.005398,-0.000019,-0.000259,-0.020016,-0.000026,0.000002,-0.000002,10.000000,7.000000,-114.000000,0.038370,-0.026252,0.000001,0.000000,0.000000,0.000000,0.537699,1004.000000,106.060631,111.182549,250.127213,517.232056,-0.000009,0.000000,10.001823,6518,0,31,0
61.881226,0.009112,-0.326817,-1.061646,0.000005,-0.000015,-0.005438,-0.000017,-0.000251,-0.019965,-0.000025,0.000002,-0.000002,10.000000,7.000000,-114.000000,0.038359,0.094013,0.000001,0.000000,0.000000,0.067000,0.653542,1004.000000,149.253723,148.730270,644.672974,549.570129,-0.000009,0.000000,10.001770,6518,0,31,0
61.883179,0.009112,-0.326817,-1.061657,0.000005,-0.000015,-0.005478,-0.000016,-0.000243,-0.019920,-0.000024,0.000002,-0.000002,10.000000,7.000000,-114.000000,0.038348,0.094013,0.000001,0.000000,0.000000,0.000000,0.653542,1004.000000,149.253723,148.730270,644.672974,549.570129,-0.000009,0.000000,10.001714,6518,0,32,0
61.885136,0.009112,-0.326817,-1.061668,0.000005,-0.000016,-0.005517,-0.000014,-0.000235,-0.019878,-0.000024,0.000001,-0.000002,10.000000,7.000000,-114.000000,0.038337,0.094013,0.000001,0.000000,0.000000,0.000000,0.653542,1004.000000,149.253723,148.730270,644.672974,549.570129,-0.000009,0.000000,10.001658,6518,0,32,0
61.887089,0.009112,-0.326817,-1.061679,0.000005,-0.000016,-0.005557,-0.000011,-0.000227,-0.019839,-0.000023,0.000001,-0.000002,10.000000,7.000000,-114.000000,0.038326,0.094013,0.000001,0.000000,0.000000,0.000000,0.653542,1004.000000,149.253723,148.730270,644.672974,549.570129,-0.000009,0.000000,10.001603,6518,0,32,0
61.889042,0.009112,-0.326817,-1.061691,0.000005,-0.000017,-0.005597,-0.000009,-0.000218,-0.019804,-0.000022,0.000001,-0.000002,10.000000,7.000000,-114.000000,0.038315,0.094013,0.000001,0.000000,0.000000,0.000000,0.653542,1004.000000,149.253723,148.730270,644.672974,549.570129,-0.000009,0.000000,10.001548,6518,0,32,0
61.890995,0.009112,-0.326817,-1.061702,0.000005,-0.000017,-0.005636,-0.000006,-0.000210,-0.019773,-0.000021,0.000000,-0.000002,10.000000,7.000000,-114.000000,0.038304,0.094013,0.000001,0.000000,0.000000,0.000000,0.653542,1004.000000,149.253723,148.730270,644.672974,549.570129,-0.000009,0.000000,10.001493,6518,0,32,0
61.892948,0.009112,-0.326818,-1.061713,0.000005,-0.000018,-0.005676,-0.000002,-0.000201,-0.019745,-0.000020,0.000000,-0.000003,10.000000,7.000000,-114.000000,0.038293,0.094013,0.000001,0.000000,0.000000,0.000000,0.653542,1004.000000,149.253723,148.730270,644.672974,549.570129,-0.000009,0.000000,10.001434,6518,0,32,0
61.894905,0.009112,-0.326818,-1.061725,0.000005,-0.000018,-0.005715,0.000001,-0.000193,-0.019719,-0.000019,-0.000000,-0.000003,10.000000,7.000000,-114.000000,0.038281,0.094013,0.000001,0.000000,0.000000,0.000000,0.653542,1004.000000,149.253723,148.730270,644.672974,549.570129,-0.000009,0.000000,10.001378,6518,0,32,0
61.896858,0.009112,-0.326818,-1.061736,0.000005,-0.000018,-0.005755,0.000004,-0.000184,-0.019695,-0.000018,-0.000001,-0.000003,10.000000,7.000000,-114.000000,0.038270,0.094013,0.000001,0.000000,0.000000,0.000000,0.653542,1004.000000,149.253723,148.730270,644.672974,549.570129,-0.000009,0.000000,10.001321,6518,0,32,0
61.898811,0.009112,-0.326818,-1.061748,0.000005,-0.000019,-0.005794,0.000007,-0.000175,-0.019674,-0.000017,-0.000001,-0.000003,10.000000,7.000000,-114.000000,0.038258,0.094013,0.000001,0.000000,0.000000,0.000000,0.653542,1004.000000,149.253723,148.730270,644.672974,549.570129,-0.000009,0.000000,10.001263,6518,0,32,0
61.900764,0.009112,-0.326818,-1.061759,0.000005,-0.000019,-0.005833,0.000010,-0.000166,-0.019654,-0.000016,-0.000001,-0.000003,10.000000,7.000000,-114.000000,0.038247,0.094013,0.000001,0.000000,0.000000,0.000000,0.653542,1004.000000,149.253723,148.730270,644.672974,549.570129,-0.000009,0.000000,10.001205,6518,0,32,0
61.902721,0.009112,-0.326818,-1.061771,0.000005,-0.000019,-0.005873,0.000012,-0.000158,-0.019637,-0.000016,-0.000001,-0.000003,10.000000,7.000000,-114.000000,0.038235,0.094013,0.000001,0.000000,0.000000,0.000000,0.653542,1004.000000,149.253723,148.730270,644.672974,549.570129,-0.000009,0.000000,10.001145,6518,0,32,0
61.904675,0.009112,-0.326818,-1.061783,0.000005,-0.000020,-0.005912,0.000015,-0.000149,-0.019621,-0.000015,-0.000002,-0.000003,10.000000,7.000000,-114.000000,0.038223,0.094013,0.000001,0.000000,0.000000,0.000000,0.653542,1004.000000,149.253723,148.730270,644.672974,549.570129,-0.000009,0.000000,10.001086,6518,0,32,0
61.906628,0.009112,-0.326818,-1.061795,0.000005,-0.000020,-0.005951,0.000017,-0.000140,-0.019607,-0.000014,-0.000002,-0.000003,10.000000,7.000000,-114.000000,0.038211,0.094013,0.000001,0.000000,0.000000,0.000000,0.653542,1004.000000,149.253723,148.730270,644.672974,549.570129,-0.000009,0.000000,10.001027,6518,0,32,0
61.908581,0.009112,-0.326818,-1.061807,0.000005,-0.000020,-0.005990,0.000019,-0.000131,-0.019594,-0.000013,-0.000002,-0.000003,10.000000,7.000000,-114.000000,0.038199,0.094013,0.000001,0.000000,0.000000,0.000000,0.653542,1004.000000,149.253723,148.730270,644.672974,549.570129,-0.000009,0.000000,10.000968,6518,0,32,0
61.910538,0.009112,-0.326818,-1.061819,0.000006,-0.000020,-0.006030,0.000021,-0.000122,-0.019582,-0.000012,-0.000002,-0.000003,10.000000,7.000000,-114.000000,0.038187,0.094013,0.000001,0.000000,0.000000,0.000000,0.653542,1004.000000,149.253723,148.730270,644.672974,549.570129,-0.000009,0.000000,10.000907,6518,0,32,0
61.912491,0.009112,-0.326818,-1.061831,0.000006,-0.000021,-0.006069,0.000022,-0.000113,-0.019571,-0.000011,-0.000002,-0.000003,10.000000,7.000000,-114.000000,0.038175,0.094013,0.000001,0.000000,0.000000,0.000000,0.653542,1004.000000,149.253723,148.730270,644.672974,549.570129,-0.000009,0.000000,10.000847,6517,0,32,0
61.914444,0.009112,-0.326818,-1.061843,0.000006,-0.000021,-0.006108,0.000023,-0.000104,-0.019455,-0.000010,-0.000002,-0.000003,10.000000,7.000000,-114.000000,0.038163,0.094013,0.000001,0.000000,0.000000,0.000000,0.653542,1004.000000,149.253723,148.730270,644.672974,549.570129,-0.000009,0.000000,10.000786,6517,0,32,0
61.916397,0.009112,-0.326818,-1.061855,0.000006,-0.000021,-0.006146,0.000023,-0.000095,-0.019317,-0.000009,-0.000002,-0.000003,10.000000,7.000000,-114.000000,0.038151,0.094013,0.000001,0.000000,0.000000,0.000000,0.653542,1004.000000,149.253723,148.730270,644.672974,549.570129,-0.000009,0.000000,10.000725,6517,0,32,0
61.918350,0.009112,-0.326818,-1.061868,0.000006,-0.000021,-0.006185,0.000023,-0.000086,-0.019190,-0.000008,-0.000002,-0.000003,10.000000,7.000000,-114.000000,0.038139,0.094013,0.000001,0.000000,0.000000,0.000000,0.653542,1004.000000,149.253723,148.730270,644.672974,549.570129,-0.000009,0.000000,10.000663,6517,0,32,0
61.920307,0.009112,-0.326818,-1.061880,0.000006,-0.000021,-0.006223,0.000022,-0.000077,-0.019076,-0.000007,-0.000002,-0.000003,10.000000,7.000000,-114.000000,0.038126,0.094013,0.000001,0.000000,0.000000,0.000000,0.653542,1004.000000,149.253723,148.730270,644.672974,549.570129,-0.000009,0.000000,10.000600,6517,0,32,0
61.922260,0.009112,-0.326818,-1.061893,0.000006,-0.000022,-0.006261,0.000021,-0.000068,-0.018973,-0.000006,-0.000002,-0.000003,10.000000,7.000000,-114.000000,0.038114,0.094013,0.000001,0.000000,0.000000,0.000000,0.653542,1004.000000,149.253723,148.730270,644.672974,549.570129,-0.000009,0.000000,10.000538,6517,0,31,0
61.924213,0.009113,-0.326818,-1.061905,0.000006,-0.000022,-0.006299,0.000020,-0.000059,-0.018880,-0.000005,-0.000002,-0.000003,10.000000,7.000000,-114.000000,0.038101,0.094013,0.000001,0.000000,0.000000,0.000000,0.653542,1004.000000,149.253723,148.730270,644.672974,549.570129,-0.000009,0.000000,10.000475,6517,0,31,0
61.926167,0.009113,-0.326818,-1.061918,0.000006,-0.000022,-0.006336,0.000018,-0.000049,-0.018795,-0.000005,-0.000002,-0.000003,10.000000,7.000000,-114.000000,0.038089,0.094013,0.000001,0.000000,0.000000,0.000000,0.653542,1004.000000,149.253723,148.730270,644.672974,549.570129,-0.000009,0.000000,10.000412,6517,0,31,0
61.928123,0.009113,-0.326818,-1.061931,0.000006,-0.000022,-0.006374,0.000015,-0.000040,-0.018718,-0.000004,-0.000001,-0.000003,10.000000,7.000000,-114.000000,0.038076,0.094013,0.000001,0.000000,0.000000,0.000000,0.653542,1004.000000,149.253723,148.730270,644.672974,549.570129,-0.000009,0.000000,10.000348,6517,0,31,0
61.930077,0.009113,-0.326818,-1.061943,0.000006,-0.000022,-0.006411,0.000013,-0.000031,-0.018649,-0.000003,-0.000001,-0.000003,10.000000,7.000000,-114.000000,0.038063,0.094013,0.000001,0.000000,0.000000,0.000000,0.653542,1004.000000,149.253723,148.730270,644.672974,549.570129,-0.000009,0.000000,10.000284,6517,0,31,0
61.932030,0.009113,-0.326818,-1.061956,0.000006,-0.000022,-0.006448,0.000010,-0.000022,-0.018586,-0.000002,-0.000001,-0.000003,10.000000,7.000000,-114.000000,0.038050,0.094013,0.000001,0.000000,0.000000,0.000000,0.653542,1004.000000,149.253723,148.730270,644.672974,549.570129,-0.000009,0.000000,10.000219,6517,0,31,0
61.933983,0.009113,-0.326818,-1.061969,0.000006,-0.000022,-0.006486,0.000007,-0.000013,-0.018529,-0.000001,-0.000001,-0.000003,10.000000,7.000000,-114.000000,0.038037,0.094013,0.000001,0.000000,0.000000,0.000000,0.653542,1004.000000,149.253723,148.730270,644.672974,549.570129,-0.000009,0.000000,10.000154,6517,0,31,1
61.935940,0.009113,-0.326818,-1.061982,0.000006,-0.000022,-0.006523,0.000005,-0.000005,-0.018477,0.000000,-0.000000,-0.000003,10.000000,7.000000,-114.000000,0.038024,0.094013,0.000001,0.000000,0.000000,0.000000,0.653542,1004.000000,149.253723,148.730270,644.672974,549.570129,-0.000002,0.000000,10.000090,6517,0,31,1
61.937893,0.009113,-0.326818,-1.061995,0.000006,-0.000022,-0.006559,0.000002,0.000004,-0.018430,0.000001,-0.000000,-0.000003,10.000000,7.000000,-114.000000,0.038011,0.094013,0.000001,0.000000,0.000000,0.000000,0.653542,1004.000000,149.253723,148.730270,644.672974,549.570129,0.000012,0.000000,10.000025,6517,0,31,1
61.939846,0.009113,-0.326818,-1.062009,0.000006,-0.000022,-0.006596,-0.000001,0.000013,-0.018387,0.000002,0.000000,-0.000003,10.000000,7.000000,-114.000000,0.037998,0.094013,0.000001,0.000000,0.000000,0.000000,0.653542,1004.000000,149.253723,148.730270,644.672974,549.570129,0.000024,0.000000,9.999959,6517,0,31,1
61.941799,0.009113,-0.326819,-1.062022,0.000006,-0.000022,-0.006633,-0.000004,0.000022,-0.018347,0.000003,0.000001,-0.000003,10.000000,7.000000,-114.000000,0.037985,0.094013,0.000001,0.000000,0.000000,0.000000,0.653542,1004.000000,149.253723,148.730270,644.672974,549.570129,0.000036,0.000000,9.999892,6517,0,31,1
61.943752,0.009113,-0.326819,-1.062035,0.000006,-0.000022,-0.006670,-0.000007,0.000032,-0.018312,0.000004,0.000001,-0.000003,10.000000,7.000000,-114.000000,0.037972,0.094013,0.000001,0.000000,0.000000,0.000000,0.653542,1004.000000,149.253723,148.730270,644.672974,549.570129,0.000047,0.000000,9.999825,6517,0,31,1
61.945709,0.009113,-0.326819,-1.062048,0.000006,-0.000022,-0.006706,-0.000010,0.000041,-0.018279,0.000005,0.000001,-0.000003,10.000000,7.000000,-114.000000,0.037958,0.094013,0.000001,0.000000,0.000000,0.000000,0.653542,1004.000000,149.253723,148.730270,644.672974,549.570129,0.000057,0.000000,9.999759,6517,0,31,1
61.947662,0.009113,-0.326819,-1.062062,0.000006,-0.000022,-0.006743,-0.000013,0.000050,-0.018250,0.000006,0.000002,-0.000002,10.000000,7.000000,-114.000000,0.037945,0.094013,0.000001,0.000000,0.000000,0.000000,0.653542,1004.000000,149.253723,148.730270,644.672974,549.570129,0.000067,0.000000,9.999692,6517,0,31,0
61.949615,0.009113,-0.326819,-1.062075,0.000006,-0.000022,-0.006779,-0.000016,0.000061,-0.018224,0.000007,0.000002,-0.000002,10.000000,7.000000,-114.000000,0.037931,0.094013,0.000001,0.000000,0.000000,0.000000,0.653542,1004.000000,149.253723,148.730270,644.672974,549.570129,0.000068,0.000000,9.999623,6517,0,31,0
61.951569,0.009113,-0.326819,-1.062089,0.000006,-0.000021,-0.006816,-0.000019,0.000071,-0.018200,0.000008,0.000002,-0.000002,10.000000,7.000000,-114.000000,0.037918,0.094013,0.000001,0.000000,0.000000,0.000000,0.653542,1004.000000,149.253723,148.730270,644.672974,549.570129,0.000063,0.000000,9.999556,6517,0,31,0
61.953526,0.009113,-0.326819,-1.062103,0.000006,-0.000021,-0.006852,-0.000023,0.000080,-0.018179,0.000009,0.000002,-0.000002,10.000000,7.000000,-114.000000,0.037904,0.094013,0.000001,0.000000,0.000000,0.000000,0.653542,1004.000000,149.253723,148.730270,644.672974,549.570129,0.000059,0.000000,9.999487,6517,0,31,0
61.955479,0.009113,-0.326819,-1.062117,0.000006,-0.000021,-0.006888,-0.000025,0.000089,-0.018159,0.000009,0.000003,-0.000002,10.000000,7.000000,-114.000000,0.037890,0.094013,0.000001,0.000000,0.000000,0.000000,0.653542,1004.000000,149.253723,148.730270,644.672974,549.570129,0.000054,0.000000,9.999418,6517,0,31,0
61.957432,0.009113,-0.326819,-1.062130,0.000006,-0.000021,-0.006924,-0.000028,0.000098,-0.018142,0.000010,0.000003,-0.000002,10.000000,9.000000,-102.000000,0.037877,0.094013,0.000001,0.000000,0.000000,0.000000,0.653542,1116.000000,149.253723,148.730270,644.672974,549.570129,0.000051,0.000000,9.999350,6517,0,31,0
61.959385,0.009113,-0.326819,-1.062144,0.000006,-0.000021,-0.006961,-0.000031,0.000107,-0.018126,0.000011,0.000003,-0.000002,10.000000,9.000000,-102.000000,0.037863,0.219863,0.000001,0.000000,0.000000,0.067000,0.768741,1116.000000,179.104477,181.505768,445.533630,519.375977,0.000047,0.000000,9.999280,6516,0,31,0
61.961342,0.009113,-0.326819,-1.062158,0.000006,-0.000021,-0.006997,-0.000033,0.000117,-0.018006,0.000012,0.000003,-0.000002,10.000000,9.000000,-102.000000,0.037849,0.219863,0.000001,0.000000,0.000000,0.000000,0.768741,1116.000000,179.104477,181.505768,445.533630,519.375977,0.000044,0.000000,9.999209,6516,0,31,0
61.963295,0.009113,-0.326819,-1.062172,0.000005,-0.000020,-0.007033,-0.000035,0.000126,-0.017862,0.000013,0.000004,-0.000002,10.000000,9.000000,-102.000000,0.037835,0.219863,0.000001,0.000000,0.000000,0.000000,0.768741,1116.000000,179.104477,181.505768,445.533630,519.375977,0.000041,0.000000,9.999139,6516,0,31,0
61.965248,0.009113,-0.326819,-1.062186,0.000005,-0.000020,-0.007068,-0.000037,0.000135,-0.017732,0.000014,0.000004,-0.000001,10.000000,9.000000,-102.000000,0.037821,0.219863,0.000001,0.000000,0.000000,0.000000,0.768741,1116.000000,179.104477,181.505768,445.533630,519.375977,0.000038,0.000000,9.999068,6516,0,31,0
61.967201,0.009113,-0.326819,-1.062201,0.000005,-0.000020,-0.007103,-0.000038,0.000144,-0.017615,0.000015,0.000004,-0.000001,10.000000,9.000000,-102.000000,0.037807,0.219863,0.000001,0.000000,0.000000,0.000000,0.768741,1116.000000,179.104477,181.505768,445.533630,519.375977,0.000036,0.000000,9.998999,6516,0,31,0
61.969154,0.009113,-0.326819,-1.062215,0.000005,-0.000019,-0.007139,-0.000040,0.000153,-0.017508,0.000016,0.000004,-0.000001,10.000000,9.000000,-102.000000,0.037792,0.219863,0.000001,0.000000,0.000000,0.000000,0.768741,1116.000000,179.104477,181.505768,445.533630,519.375977,0.000034,0.000000,9.998927,6516,0,31,0
61.971111,0.009113,-0.326819,-1.062229,0.000005,-0.000019,-0.007173,-0.000040,0.000163,-0.017411,0.000017,0.000004,-0.000001,10.000000,9.000000,-102.000000,0.037778,0.219863,0.000001,0.000000,0.000000,0.000000,0.768741,1116.000000,179.104477,181.505768,445.533630,519.375977,0.000032,0.000000,9.998855,6516,0,31,0
61.973064,0.009113,-0.326819,-1.062244,0.000005,-0.000019,-0.007208,-0.000041,0.000172,-0.017323,0.000018,0.000004,-0.000001,10.000000,9.000000,-102.000000,0.037764,0.219863,0.000001,0.000000,0.000000,0.000000,0.768741,1116.000000,179.104477,181.505768,445.533630,519.375977,0.000030,0.000000,9.998783,6516,0,31,0
61.975018,0.009113,-0.326819,-1.062258,0.000005,-0.000018,-0.007243,-0.000041,0.000181,-0.017244,0.000019,0.000004,-0.000001,10.000000,9.000000,-102.000000,0.037749,0.219863,0.000001,0.000000,0.000000,0.000000,0.768741,1116.000000,179.104477,181.505768,445.533630,519.375977,0.000029,0.000000,9.998711,6516,0,31,0
61.976971,0.009113,-0.326819,-1.062273,0.000005,-0.000018,-0.007277,-0.000040,0.000190,-0.017171,0.000020,0.000004,-0.000001,10.000000,9.000000,-102.000000,0.037735,0.219863,0.000001,0.000000,0.000000,0.000000,0.768741,1116.000000,179.104477,181.505768,445.533630,519.375977,0.000027,0.000000,9.998638,6516,0,31,0
61.978928,0.009113,-0.326819,-1.062287,0.000005,-0.000018,-0.007311,-0.000039,0.000200,-0.017106,0.000021,0.000004,-0.000001,10.000000,9.000000,-102.000000,0.037720,0.219863,0.000001,0.000000,0.000000,0.000000,0.768741,1116.000000,179.104477,181.505768,445.533630,519.375977,0.000026,0.000000,9.998566,6516,0,31,0
61.980881,0.009113,-0.326819,-1.062302,0.000005,-0.000017,-0.007345,-0.000038,0.000209,-0.017046,0.000022,0.000004,-0.000001,10.000000,9.000000,-102.000000,0.037706,0.219863,0.000001,0.000000,0.000000,0.000000,0.768741,1116.000000,179.104477,181.505768,445.533630,519.375977,0.000025,0.000000,9.998492,6516,0,31,0
61.982834,0.009113,-0.326819,-1.062317,0.000005,-0.000017,-0.007379,-0.000036,0.000218,-0.016992,0.000023,0.000004,-0.000001,10.000000,9.000000,-102.000000,0.037691,0.219863,0.000001,0.000000,0.000000,0.000000,0.768741,1116.000000,179.104477,181.505768,445.533630,519.375977,0.000024,0.000000,9.998418,6516,0,31,0
61.984787,0.009113,-0.326819,-1.062331,0.000005,-0.000016,-0.007413,-0.000034,0.000227,-0.016943,0.000024,0.000003,-0.000001,10.000000,9.000000,-102.000000,0.037676,0.219863,0.000001,0.000000,0.000000,0.000000,0.768741,1116.000000,179.104477,181.505768,445.533630,519.375977,0.000023,0.000000,9.998343,6516,0,32,0
61.986740,0.009113,-0.326819,-1.062346,0.000005,-0.000016,-0.007447,-0.000031,0.000236,-0.016898,0.000025,0.000003,-0.000001,10.000000,9.000000,-102.000000,0.037661,0.219863,0.000001,0.000000,0.000000,0.000000,0.768741,1116.000000,179.104477,181.505768,445.533630,519.375977,0.000022,0.000000,9.998269,6516,0,32,0
61.988697,0.009113,-0.326819,-1.062361,0.000005,-0.000015,-0.007481,-0.000028,0.000246,-0.016857,0.000025,0.000003,-0.000001,10.000000,9.000000,-102.000000,0.037646,0.219863,0.000001,0.000000,0.000000,0.000000,0.768741,1116.000000,179.104477,181.505768,445.533630,519.375977,0.000021,0.000000,9.998195,6516,0,32,0
61.990650,0.009113,-0.326820,-1.062376,0.000004,-0.000015,-0.007514,-0.000025,0.000255,-0.016820,0.000026,0.000002,-0.000001,10.000000,9.000000,-102.000000,0.037631,0.219863,0.000001,0.000000,0.000000,0.000000,0.768741,1116.000000,179.104477,181.505768,445.533630,519.375977,0.000020,0.000000,9.998120,6516,0,32,0
61.992603,0.009113,-0.326820,-1.062391,0.000004,-0.000014,-0.007548,-0.000021,0.000264,-0.016787,0.000027,0.000002,-0.000001,10.000000,9.000000,-102.000000,0.037616,0.219863,0.000001,0.000000,0.000000,0.000000,0.768741,1116.000000,179.104477,181.505768,445.533630,519.375977,0.000019,0.000000,9.998044,6516,0,32,0
61.994556,0.009113,-0.326820,-1.062406,0.000004,-0.000014,-0.007582,-0.000018,0.000273,-0.016756,0.000028,0.000002,-0.000001,10.000000,9.000000,-102.000000,0.037601,0.219863,0.000001,0.000000,0.000000,0.000000,0.768741,1116.000000,179.104477,181.505768,445.533630,519.375977,0.000019,0.000000,9.997969,6516,0,32,0
61.996513,0.009113,-0.326820,-1.062422,0.000004,-0.000013,-0.007615,-0.000014,0.000283,-0.016728,0.000029,0.000001,-0.000001,10.000000,9.000000,-102.000000,0.037586,0.219863,0.000001,0.000000,0.000000,0.000000,0.768741,1116.000000,179.104477,181.505768,445.533630,519.375977,0.000018,0.000000,9.997892,6516,0,32,0
61.998466,0.009113,-0.326820,-1.062437,0.000004,-0.000013,-0.007648,-0.000010,0.000292,-0.016703,0.000030,0.000001,-0.000001,10.000000,9.000000,-102.000000,0.037571,0.219863,0.000001,0.000000,0.000000,0.000000,0.768741,1116.000000,179.104477,181.505768,445.533630,519.375977,0.000018,0.000000,9.997816,6516,-1,32,0
62.000420,0.009113,-0.326820,-1.062452,0.000004,-0.000012,-0.007682,-0.000006,0.000301,-0.016681,0.000031,0.000000,-0.000001,10.000000,9.000000,-102.000000,0.037555,0.219863,0.000001,0.000000,0.000000,0.000000,0.768741,1116.000000,179.104477,181.505768,445.533630,519.375977,0.000017,0.000000,9.997740,6515,-1,32,0
62.002373,0.009113,-0.326820,-1.062468,0.000004,-0.000011,-0.007715,-0.000003,0.000310,-0.016554,0.000032,0.000000,-0.000001,10.000000,9.000000,-102.000000,0.037540,0.219863,0.000001,0.000000,0.000000,0.000000,0.768741,1116.000000,179.104477,181.505768,445.533630,519.375977,0.000017,0.000000,9.997663,6515,-1,32,0
62.004330,0.009113,-0.326820,-1.062483,0.000004,-0.000011,-0.007748,0.000000,0.000319,-0.016405,0.000033,-0.000000,-0.000001,10.000000,9.000000,-102.000000,0.037525,0.219863,0.000001,0.000000,0.000000,0.000000,0.768741,1116.000000,179.104477,181.505768,445.533630,519.375977,0.000016,0.000000,9.997584,6515,-1,32,0
62.006283,0.009113,-0.326820,-1.062499,0.000004,-0.000010,-0.007781,0.000004,0.000328,-0.016269,0.000034,-0.000001,-0.000001,10.000000,9.000000,-102.000000,0.037509,0.219863,0.000001,0.000000,0.000000,0.000000,0.768741,1116.000000,179.104477,181.505768,445.533630,519.375977,0.000016,0.000000,9.997507,6515,-1,32,0
62.008236,0.009113,-0.326820,-1.062514,0.000004,-0.000010,-0.007813,0.000006,0.000336,-0.016146,0.000035,-0.000001,-0.000000,10.000000,9.000000,-102.000000,0.037493,0.219863,0.000001,0.000000,0.000000,0.000000,0.768741,1116.000000,179.104477,181.505768,445.533630,519.375977,0.000015,0.000000,9.997429,6515,-1,32,0
62.010189,0.009113,-0.326820,-1.062530,0.000004,-0.000009,-0.007845,0.000009,0.000343,-0.016035,0.000035,-0.000001,-0.000000,10.000000,9.000000,-102.000000,0.037478,0.219863,0.000001,0.000000,0.000000,0.000000,0.768741,1116.000000,179.104477,181.505768,445.533630,519.375977,0.000015,0.000000,9.997351,6515,-1,32,0
62.012142,0.009113,-0.326820,-1.062546,0.000004,-0.000008,-0.007877,0.000011,0.000349,-0.015934,0.000036,-0.000001,-0.000000,10.000000,9.000000,-102.000000,0.037462,0.219863,0.000001,0.000000,0.000000,0.000000,0.768741,1116.000000,179.104477,181.505768,445.533630,519.375977,0.000015,0.000000,9.997272,6515,-1,32,0
62.014099,0.009113,-0.326820,-1.062562,0.000004,-0.000007,-0.007909,0.000013,0.000355,-0.015843,0.000036,-0.000001,-0.000000,10.000000,9.000000,-102.000000,0.037446,0.219863,0.000001,0.000000,0.000000,0.000000,0.768741,1116.000000,179.104477,181.505768,445.533630,519.375977,0.000014,0.000000,9.997193,6515,-1,32,0
62.016052,0.009113,-0.326820,-1.062577,0.000004,-0.000007,-0.007940,0.000014,0.000360,-0.015760,0.000037,-0.000002,-0.000000,10.000000,10.000000,-89.000000,0.037431,0.219863,0.000001,0.000000,0.000000,0.000000,0.768741,1190.000000,179.104477,181.505768,445.533630,519.375977,0.000014,0.000000,9.997113,6515,-1,32,0
62.018005,0.009113,-0.326820,-1.062593,0.000004,-0.000006,-0.007972,0.000015,0.000364,-0.015685,0.000037,-0.000002,-0.000000,10.000000,10.000000,-89.000000,0.037415,0.268964,0.000001,0.000000,0.000000,0.066000,0.478658,1190.000000,196.969650,204.586578,270.684387,443.729858,0.000013,0.000000,9.997034,6515,0,32,0
62.019958,0.009113,-0.326820,-1.062609,0.000004,-0.000005,-0.008003,0.000016,0.000366,-0.015616,0.000037,-0.000002,-0.000000,10.000000,10.000000,-89.000000,0.037399,0.268964,0.000001,0.000000,0.000000,0.000000,0.478658,1190.000000,196.969650,204.586578,270.684387,443.729858,0.000013,0.000000,9.996954,6515,0,32,0
62.021915,0.009113,-0.326820,-1.062625,0.000005,-0.000005,-0.008034,0.000016,0.000368,-0.015554,0.000038,-0.000002,-0.000000,10.000000,10.000000,-89.000000,0.037383,0.268964,0.000001,0.000000,0.000000,0.000000,0.478658,1190.000000,196.969650,204.586578,270.684387,443.729858,0.000012,0.000000,9.996874,6515,0,32,0
62.023869,0.009113,-0.326820,-1.062642,0.000005,-0.000004,-0.008065,0.000016,0.000369,-0.015498,0.000038,-0.000002,-0.000000,10.000000,10.000000,-89.000000,0.037367,0.268964,0.000001,0.000000,0.000000,0.000000,0.478658,1190.000000,196.969650,204.586578,270.684387,443.729858,0.000012,0.000000,9.996794,6515,0,31,0
62.025822,0.009113,-0.326820,-1.062658,0.000005,-0.000003,-0.008096,0.000015,0.000369,-0.015448,0.000038,-0.000001,-0.000000,10.000000,10.000000,-89.000000,0.037350,0.268964,0.000001,0.000000,0.000000,0.000000,0.478658,1190.000000,196.969650,204.586578,270.684387,443.729858,0.000012,0.000000,9.996713,6515,0,31,0
62.027775,0.009113,-0.326820,-1.062674,0.000005,-0.000002,-0.008127,0.000013,0.000368,-0.015402,0.000037,-0.000001,-0.000000,10.000000,10.000000,-89.000000,0.037334,0.268964,0.000001,0.000000,0.000000,0.000000,0.478658,1190.000000,196.969650,204.586578,270.684387,443.729858,0.000012,0.000000,9.996631,6515,0,31,0
62.029732,0.009113,-0.326820,-1.062690,0.000005,-0.000002,-0.008158,0.000012,0.000366,-0.015361,0.000037,-0.000001,-0.000000,10.000000,10.000000,-89.000000,0.037318,0.268964,0.000001,0.000000,0.000000,0.000000,0.478658,1190.000000,196.969650,204.586578,270.684387,443.729858,0.000011,0.000000,9.996550,6515,0,31,0
62.031685,0.009113,-0.326820,-1.062707,0.000005,-0.000001,-0.008188,0.000010,0.000364,-0.015324,0.000037,-0.000001,-0.000000,10.000000,10.000000,-89.000000,0.037302,0.268964,0.000001,0.000000,0.000000,0.000000,0.478658,1190.000000,196.969650,204.586578,270.684387,443.729858,0.000011,0.000000,9.996468,6515,0,31,0
62.033638,0.009113,-0.326820,-1.062723,0.000005,-0.000000,-0.008219,0.000007,0.000362,-0.015290,0.000037,-0.000001,-0.000000,10.000000,10.000000,-89.000000,0.037285,0.268964,0.000001,0.000000,0.000000,0.000000,0.478658,1190.000000,196.969650,204.586578,270.684387,443.729858,0.000011,0.000000,9.996386,6515,0,31,0
62.035591,0.009113,-0.326820,-1.062739,0.000005,0.000001,-0.008249,0.000005,0.000358,-0.015260,0.000036,-0.000000,-0.000000,10.000000,10.000000,-89.000000,0.037269,0.268964,0.000001,0.000000,0.000000,0.000000,0.478658,1190.000000,196.969650,204.586578,270.684387,443.729858,0.000011,0.000000,9.996304,6515,0,31,0
62.037544,0.009113,-0.326820,-1.062756,0.000005,0.000001,-0.008280,0.000003,0.000355,-0.015232,0.000036,-0.000000,-0.000000,10.000000,10.000000,-89.000000,0.037252,0.268964,0.000001,0.000000,0.000000,0.000000,0.478658,1190.000000,196.969650,204.586578,270.684387,443.729858,0.000011,0.000000,9.996221,6514,0,31,0
62.039501,0.009113,-0.326820,-1.062773,0.000005,0.000002,-0.008310,0.000000,0.000351,-0.015101,0.000036,0.000000,-0.000000,10.000000,10.000000,-89.000000,0.037236,0.268964,0.000001,0.000000,0.000000,0.000000,0.478658,1190.000000,196.969650,204.586578,270.684387,443.729858,0.000011,0.000000,9.996139,6514,0,31,0
62.041454,0.009113,-0.326820,-1.062789,0.000005,0.000003,-0.008340,-0.000002,0.000346,-0.014947,0.000035,0.000000,-0.000000,10.000000,10.000000,-89.000000,0.037219,0.268964,0.000001,0.000000,0.000000,0.000000,0.478658,1190.000000,196.969650,204.586578,270.684387,443.729858,0.000010,0.000000,9.996054,6514,0,31,0
62.043407,0.009113,-0.326820,-1.062806,0.000005,0.000003,-0.008370,-0.000004,0.000342,-0.014807,0.000035,0.000001,-0.000000,10.000000,10.000000,-89.000000,0.037202,0.268964,0.000001,0.000000,0.000000,0.000000,0.478658,1190.000000,196.969650,204.586578,270.684387,443.729858,0.000010,0.000000,9.995970,6514,0,31,0
62.045361,0.009113,-0.326820,-1.062823,0.000005,0.000004,-0.008399,-0.000006,0.000336,-0.014681,0.000034,0.000001,-0.000000,10.000000,10.000000,-89.000000,0.037186,0.268964,0.000001,0.000000,0.000000,0.000000,0.478658,1190.000000,196.969650,204.586578,270.684387,443.729858,0.000010,0.000000,9.995887,6514,0,31,0
62.047318,0.009113,-0.326820,-1.062840,0.000005,0.000005,-0.008428,-0.000008,0.000331,-0.014567,0.000033,0.000001,-0.000000,10.000000,10.000000,-89.000000,0.037169,0.268964,0.000001,0.000000,0.000000,0.000000,0.478658,1190.000000,196.969650,204.586578,270.684387,443.729858,0.000010,0.000000,9.995803,6514,0,31,0
62.049271,0.009113,-0.326820,-1.062857,0.000005,0.000005,-0.008457,-0.000009,0.000325,-0.014463,0.000033,0.000001,0.000000,10.000000,10.000000,-89.000000,0.037152,0.268964,0.000001,0.000000,0.000000,0.000000,0.478658,1190.000000,196.969650,204.586578,270.684387,443.729858,0.000010,0.000000,9.995718,6514,0,31,0
62.051224,0.009113,-0.326820,-1.062873,0.000005,0.000006,-0.008486,-0.000011,0.000320,-0.014369,0.000032,0.000001,0.000000,10.000000,10.000000,-89.000000,0.037135,0.268964,0.000001,0.000000,0.000000,0.000000,0.478658,1190.000000,196.969650,204.586578,270.684387,443.729858,0.000010,0.000000,9.995633,6514,0,31,0
62.053177,0.009113,-0.326820,-1.062891,0.000005,0.000007,-0.008515,-0.000012,0.000313,-0.014283,0.000032,0.000001,0.000000,10.000000,10.000000,-89.000000,0.037118,0.268964,0.000001,0.000000,0.000000,0.000000,0.478658,1190.000000,196.969650,204.586578,270.684387,443.729858,0.000010,0.000000,9.995548,6514,0,31,0
62.055134,0.009113,-0.326820,-1.062908,0.000005,0.000007,-0.008543,-0.000013,0.000307,-0.014205,0.000031,0.000001,0.000000,10.000000,10.000000,-89.000000,0.037101,0.268964,0.000001,0.000000,0.000000,0.000000,0.478658,1190.000000,196.969650,204.586578,270.684387,443.729858,0.000010,0.000000,9.995462,6514,0,31,0
62.057087,0.009113,-0.326820,-1.062925,0.000005,0.000008,-0.008571,-0.000013,0.000301,-0.014135,0.000030,0.000001,0.000000,10.000000,10.000000,-89.000000,0.037084,0.268964,0.000001,0.000000,0.000000,0.000000,0.478658,1190.000000,196.969650,204.586578,270.684387,443.729858,0.000010,0.000000,9.995377,6514,0,31,0
62.059040,0.009113,-0.326820,-1.062942,0.000005,0.000008,-0.008600,-0.000013,0.000294,-0.014071,0.000030,0.000001,0.000000,10.000000,10.000000,-89.000000,0.037067,0.268964,0.000001,0.000000,0.000000,0.000000,0.478658,1190.000000,196.969650,204.586578,270.684387,443.729858,0.000010,0.000000,9.995291,6514,0,31,0
62.060993,0.009113,-0.326820,-1.062959,0.000004,0.000009,-0.008628,-0.000013,0.000287,-0.014013,0.000029,0.000001,0.000000,10.000000,10.000000,-89.000000,0.037050,0.268964,0.000001,0.000000,0.000000,0.000000,0.478658,1190.000000,196.969650,204.586578,270.684387,443.729858,0.000010,0.000000,9.995205,6514,0,31,0
62.062946,0.009113,-0.326820,-1.062976,0.000004,0.000010,-0.008656,-0.000012,0.000281,-0.013961,0.000028,0.000001,0.000000,10.000000,10.000000,-89.000000,0.037032,0.268964,0.000001,0.000000,0.000000,0.000000,0.478658,1190.000000,196.969650,204.586578,270.684387,443.729858,0.000010,0.000000,9.995119,6514,0,31,0
62.064903,0.009113,-0.326820,-1.062994,0.000004,0.000010,-0.008684,-0.000011,0.000274,-0.013913,0.000028,0.000001,0.000000,10.000000,10.000000,-89.000000,0.037015,0.268964,0.000001,0.000000,0.000000,0.000000,0.478658,1190.000000,196.969650,204.586578,270.684387,443.729858,0.000010,0.000000,9.995032,6514,0,31,0
62.066856,0.009113,-0.326820,-1.063011,0.000004,0.000011,-0.008711,-0.000009,0.000266,-0.013870,0.000027,0.000001,0.000000,10.000000,10.000000,-89.000000,0.036998,0.268964,0.000001,0.000000,0.000000,0.000000,0.478658,1190.000000,196.969650,204.586578,270.684387,443.729858,0.000009,0.000000,9.994945,6514,0,32,0
62.068810,0.009113,-0.326820,-1.063029,0.000004,0.000011,-0.008739,-0.000007,0.000259,-0.013830,0.000026,0.000001,0.000000,10.000000,10.000000,-89.000000,0.036980,0.268964,0.000001,0.000000,0.000000,0.000000,0.478658,1190.000000,196.969650,204.586578,270.684387,443.729858,0.000009,0.000000,9.994858,6514,0,32,0
62.070763,0.009113,-0.326820,-1.063046,0.000004,0.000012,-0.008767,-0.000005,0.000252,-0.013794,0.000025,0.000000,0.000000,10.000000,10.000000,-89.000000,0.036963,0.268964,0.000001,0.000000,0.000000,0.000000,0.478658,1190.000000,196.969650,204.586578,270.684387,443.729858,0.000009,0.000000,9.994770,6514,0,32,0
62.072720,0.009113,-0.326820,-1.063064,0.000004,0.000012,-0.008794,-0.000002,0.000245,-0.013761,0.000025,0.000000,0.000000,10.000000,10.000000,-89.000000,0.036945,0.268964,0.000001,0.000000,0.000000,0.000000,0.478658,1190.000000,196.969650,204.586578,270.684387,443.729858,0.000009,0.000000,9.994682,6513,0,32,0
62.074673,0.009113,-0.326820,-1.063081,0.000004,0.000013,-0.008821,0.000000,0.000237,-0.013626,0.000024,-0.000000,0.000000,10.000000,11.000000,-75.000000,0.036927,0.268964,0.000001,0.000000,0.000000,0.000000,0.478658,1280.000000,196.969650,204.586578,270.684387,443.729858,0.000009,0.000000,9.994594,6513,0,32,0
62.076626,0.009113,-0.326820,-1.063099,0.000004,0.000013,-0.008848,0.000003,0.000230,-0.013469,0.000023,-0.000000,0.000000,10.000000,11.000000,-75.000000,0.036910,0.321963,0.000001,0.000000,0.000000,0.067000,0.534284,1280.000000,208.955307,219.916367,178.890472,357.559631,0.000009,0.000000,9.994506,6513,0,32,0
62.078579,0.009113,-0.326820,-1.063117,0.000004,0.000014,-0.008875,0.000006,0.000222,-0.013325,0.000022,-0.000001,0.000000,10.000000,11.000000,-75.000000,0.036892,0.321963,0.000001,0.000000,0.000000,0.000000,0.534284,1280.000000,208.955307,219.916367,178.890472,357.559631,0.000009,0.000000,9.994417,6513,0,32,0
62.080536,0.009113,-0.326819,-1.063135,0.000004,0.000014,-0.008902,0.000009,0.000214,-0.013196,0.000021,-0.000001,0.000000,10.000000,11.000000,-75.000000,0.036874,0.321963,0.000001,0.000000,0.000000,0.000000,0.534284,1280.000000,208.955307,219.916367,178.890472,357.559631,0.000009,0.000000,9.994327,6513,0,32,0
62.082489,0.009113,-0.326819,-1.063152,0.000004,0.000014,-0.008928,0.000012,0.000207,-0.013079,0.000021,-0.000001,0.000000,10.000000,11.000000,-75.000000,0.036857,0.321963,0.000001,0.000000,0.000000,0.000000,0.534284,1280.000000,208.955307,219.916367,178.890472,357.559631,0.000009,0.000000,9.994238,6513,0,32,0
62.084442,0.009113,-0.326819,-1.063170,0.000004,0.000015,-0.008954,0.000014,0.000199,-0.012973,0.000020,-0.000002,0.000000,10.000000,11.000000,-75.000000,0.036839,0.321963,0.000001,0.000000,0.000000,0.000000,0.534284,1280.000000,208.955307,219.916367,178.890472,357.559631,0.000009,0.000000,9.994149,6513,0,32,0
62.086395,0.009113,-0.326819,-1.063188,0.000004,0.000015,-0.008980,0.000017,0.000191,-0.012876,0.000019,-0.000002,0.000000,10.000000,11.000000,-75.000000,0.036821,0.321963,0.000001,0.000000,0.000000,0.000000,0.534284,1280.000000,208.955307,219.916367,178.890472,357.559631,0.000009,0.000000,9.994060,6513,0,32,0
62.088348,0.009113,-0.326819,-1.063206,0.000005,0.000016,-0.009005,0.000019,0.000184,-0.012789,0.000018,-0.000002,0.000000,10.000000,11.000000,-75.000000,0.036803,0.321963,0.000001,0.000000,0.000000,0.000000,0.534284,1280.000000,208.955307,219.916367,178.890472,357.559631,0.000009,0.000000,9.993970,6513,0,32,0
62.090305,0.009113,-0.326819,-1.063224,0.000005,0.000016,-0.009031,0.000021,0.000176,-0.012709,0.000018,-0.000002,0.000000,10.000000,11.000000,-75.000000,0.036785,0.321963,0.000001,0.000000,0.000000,0.000000,0.534284,1280.000000,208.955307,219.916367,178.890472,357.559631,0.000009,0.000000,9.993879,6513,0,32,0
62.092258,0.009113,-0.326819,-1.063242,0.000005,0.000016,-0.009056,0.000022,0.000168,-0.012637,0.000017,-0.000002,0.000000,10.000000,11.000000,-75.000000,0.036767,0.321963,0.000001,0.000000,0.000000,0.000000,0.534284,1280.000000,208.955307,219.916367,178.890472,357.559631,0.000009,0.000000,9.993789,6513,0,32,0
62.094212,0.009113,-0.326819,-1.063261,0.000005,0.000017,-0.009081,0.000024,0.000160,-0.012572,0.000016,-0.000002,0.000000,10.000000,11.000000,-75.000000,0.036749,0.321963,0.000001,0.000000,0.000000,0.000000,0.534284,1280.000000,208.955307,219.916367,178.890472,357.559631,0.000009,0.000000,9.993697,6513,0,32,0
62.096165,0.009113,-0.326819,-1.063279,0.000005,0.000017,-0.009106,0.000024,0.000152,-0.012512,0.000015,-0.000003,0.000000,10.000000,11.000000,-75.000000,0.036730,0.321963,0.000001,0.000000,0.000000,0.000000,0.534284,1280.000000,208.955307,219.916367,178.890472,357.559631,0.000009,0.000000,9.993607,6513,0,32,0
62.098122,0.009113,-0.326819,-1.063297,0.000005,0.000017,-0.009131,0.000025,0.000144,-0.012459,0.000014,-0.000003,0.000000,10.000000,11.000000,-75.000000,0.036712,0.321963,0.000001,0.000000,0.000000,0.000000,0.534284,1280.000000,208.955307,219.916367,178.890472,357.559631,0.000009,0.000000,9.993515,6513,0,32,0
62.100075,0.009113,-0.326819,-1.063315,0.000005,0.000018,-0.009156,0.000025,0.000136,-0.012410,0.000013,-0.000002,0.000001,10.000000,11.000000,-75.000000,0.036694,0.321963,0.000001,0.000000,0.000000,0.000000,0.534284,1280.000000,208.955307,219.916367,178.890472,357.559631,0.000009,0.000000,9.993423,6513,0,32,0
62.102028,0.009113,-0.326819,-1.063334,0.000005,0.000018,-0.009181,0.000024,0.000128,-0.012365,0.000013,-0.000002,0.000001,10.000000,11.000000,-75.000000,0.036676,0.321963,0.000001,0.000000,0.000000,0.000000,0.534284,1280.000000,208.955307,219.916367,178.890472,357.559631,0.000009,0.000000,9.993333,6513,0,32,0
62.103981,0.009113,-0.326819,-1.063352,0.000005,0.000018,-0.009205,0.000023,0.000120,-0.012325,0.000012,-0.000002,0.000001,10.000000,11.000000,-75.000000,0.036657,0.321963,0.000001,0.000000,0.000000,0.000000,0.534284,1280.000000,208.955307,219.916367,178.890472,357.559631,0.000009,0.000000,9.993240,6513,0,31,0
62.105934,0.009113,-0.326819,-1.063370,0.000005,0.000018,-0.009230,0.000021,0.000112,-0.012290,0.000011,-0.000002,0.000001,10.000000,11.000000,-75.000000,0.036639,0.321963,0.000001,0.000000,0.000000,0.000000,0.534284,1280.000000,208.955307,219.916367,178.890472,357.559631,0.000009,0.000000,9.993149,6512,0,31,0
62.107891,0.009113,-0.326819,-1.063389,0.000005,0.000018,-0.009254,0.000019,0.000104,-0.012152,0.000010,-0.000002,0.000001,10.000000,11.000000,-75.000000,0.036620,0.321963,0.000001,0.000000,0.000000,0.000000,0.534284,1280.000000,208.955307,219.916367,178.890472,357.559631,0.000009,0.000000,9.993056,6512,0,31,0
62.109844,0.009113,-0.326819,-1.063408,0.000005,0.000019,-0.009278,0.000017,0.000096,-0.011992,0.000009,-0.000002,0.000001,10.000000,11.000000,-75.000000,0.036602,0.321963,0.000001,0.000000,0.000000,0.000000,0.534284,1280.000000,208.955307,219.916367,178.890472,357.559631,0.000009,0.000000,9.992963,6512,0,31,0
62.111797,0.009113,-0.326819,-1.063426,0.000005,0.000019,-0.009302,0.000014,0.000088,-0.011848,0.000009,-0.000001,0.000001,10.000000,11.000000,-75.000000,0.036583,0.321963,0.000001,0.000000,0.000000,0.000000,0.534284,1280.000000,208.955307,219.916367,178.890472,357.559631,0.000009,0.000000,9.992869,6512,0,31,0
62.113750,0.009113,-0.326819,-1.063445,0.000005,0.000019,-0.009326,0.000012,0.000080,-0.011717,0.000008,-0.000001,0.000001,10.000000,11.000000,-75.000000,0.036565,0.321963,0.000001,0.000000,0.000000,0.000000,0.534284,1280.000000,208.955307,219.916367,178.890472,357.559631,0.000009,0.000000,9.992777,6512,0,31,0
62.115707,0.009113,-0.326819,-1.063463,0.000005,0.000019,-0.009349,0.000009,0.000072,-0.011598,0.000007,-0.000001,0.000001,10.000000,11.000000,-75.000000,0.036546,0.321963,0.000001,0.000000,0.000000,0.000000,0.534284,1280.000000,208.955307,219.916367,178.890472,357.559631,0.000009,0.000000,9.992683,6512,0,31,0
62.117661,0.009113,-0.326819,-1.063482,0.000005,0.000019,-0.009372,0.000006,0.000064,-0.011490,0.000006,-0.000000,0.000001,10.000000,11.000000,-75.000000,0.036527,0.321963,0.000001,0.000000,0.000000,0.000000,0.534284,1280.000000,208.955307,219.916367,178.890472,357.559631,0.000009,0.000000,9.992589,6512,0,31,0
62.119614,0.009113,-0.326819,-1.063501,0.000005,0.000019,-0.009395,0.000003,0.000056,-0.011392,0.000005,-0.000000,0.000001,10.000000,11.000000,-75.000000,0.036508,0.321963,0.000001,0.000000,0.000000,0.000000,0.534284,1280.000000,208.955307,219.916367,178.890472,357.559631,0.000009,0.000000,9.992496,6512,0,31,0
62.121567,0.009113,-0.326819,-1.063520,0.000005,0.000020,-0.009418,0.000000,0.000048,-0.011303,0.000005,0.000000,0.000001,10.000000,11.000000,-75.000000,0.036490,0.321963,0.000001,0.000000,0.000000,0.000000,0.534284,1280.000000,208.955307,219.916367,178.890472,357.559631,0.000009,0.000000,9.992402,6512,0,31,0
62.123524,0.009114,-0.326819,-1.063539,0.000005,0.000020,-0.009440,-0.000003,0.000040,-0.011223,0.000004,0.000000,0.000001,10.000000,11.000000,-75.000000,0.036471,0.321963,0.000001,0.000000,0.000000,0.000000,0.534284,1280.000000,208.955307,219.916367,178.890472,357.559631,0.000009,0.000000,9.992308,6512,0,31,0
62.125477,0.009114,-0.326819,-1.063558,0.000005,0.000020,-0.009462,-0.000005,0.000032,-0.011150,0.000003,0.000001,0.000001,10.000000,11.000000,-75.000000,0.036452,0.321963,0.000001,0.000000,0.000000,0.000000,0.534284,1280.000000,208.955307,219.916367,178.890472,357.559631,0.000009,0.000000,9.992212,6512,0,31,0
62.127430,0.009114,-0.326819,-1.063577,0.000005,0.000020,-0.009485,-0.000008,0.000024,-0.011084,0.000002,0.000001,0.000001,10.000000,11.000000,-75.000000,0.036433,0.321963,0.000001,0.000000,0.000000,0.000000,0.534284,1280.000000,208.955307,219.916367,178.890472,357.559631,0.000009,0.000000,9.992118,6512,0,31,0
62.129383,0.009114,-0.326819,-1.063596,0.000005,0.000020,-0.009507,-0.000010,0.000016,-0.011024,0.000001,0.000001,0.000001,10.000000,11.000000,-75.000000,0.036414,0.321963,0.000001,0.000000,0.000000,0.000000,0.534284,1280.000000,208.955307,219.916367,178.890472,357.559631,0.000009,0.000000,9.992023,6512,0,31,0
62.131336,0.009114,-0.326819,-1.063615,0.000005,0.000020,-0.009529,-0.000012,0.000008,-0.010970,0.000000,0.000001,0.000001,10.000000,11.000000,-75.000000,0.036395,0.321963,0.000001,0.000000,0.000000,0.000000,0.534284,1280.000000,208.955307,219.916367,178.890472,357.559631,0.000009,0.000000,9.991927,6512,0,31,0
62.133293,0.009114,-0.326819,-1.063634,0.000005,0.000020,-0.009550,-0.000014,-0.000000,-0.010920,-0.000000,0.000001,0.000001,10.000000,11.000000,-75.000000,0.036376,0.321963,0.000001,0.000000,0.000000,0.000000,0.534284,1280.000000,208.955307,219.916367,178.890472,357.559631,0.000009,0.000000,9.991832,6512,0,31,0
62.135246,0.009114,-0.326818,-1.063653,0.000005,0.000020,-0.009572,-0.000015,-0.000008,-0.010875,-0.000001,0.000002,0.000001,10.000000,11.000000,-75.000000,0.036357,0.321963,0.000001,0.000000,0.000000,0.000000,0.534284,1280.000000,208.955307,219.916367,178.890472,357.559631,0.000009,0.000000,9.991736,6512,0,31,0
62.137199,0.009114,-0.326818,-1.063672,0.000005,0.000020,-0.009594,-0.000016,-0.000016,-0.010835,-0.000002,0.000002,0.000001,10.000000,11.000000,-75.000000,0.036338,0.321963,0.000001,0.000000,0.000000,0.000000,0.534284,1280.000000,208.955307,219.916367,178.890472,357.559631,0.000009,0.000000,9.991641,6511,0,31,0
62.139153,0.009114,-0.326818,-1.063691,0.000005,0.000020,-0.009615,-0.000017,-0.000025,-0.010692,-0.000003,0.000002,0.000001,10.000000,11.000000,-75.000000,0.036318,0.321963,0.000001,0.000000,0.000000,0.000000,0.534284,1280.000000,208.955307,219.916367,178.890472,357.559631,0.000009,0.000000,9.991545,6511,0,31,0
62.141109,0.009114,-0.326818,-1.063710,0.000005,0.000020,-0.009637,-0.000017,-0.000033,-0.010528,-0.000004,0.000002,0.000001,10.000000,11.000000,-75.000000,0.036299,0.321963,0.000001,0.000000,0.000000,0.000000,0.534284,1280.000000,208.955307,219.916367,178.890472,357.559631,0.000009,0.000000,9.991449,6511,0,31,0
62.143063,0.009114,-0.326818,-1.063730,0.000005,0.000020,-0.009657,-0.000017,-0.000041,-0.010380,-0.000005,0.000002,0.000001,10.000000,11.000000,-75.000000,0.036280,0.321963,0.000001,0.000000,0.000000,0.000000,0.534284,1280.000000,208.955307,219.916367,178.890472,357.559631,0.000009,0.000000,9.991351,6511,0,31,0
62.145016,0.009114,-0.326818,-1.063749,0.000005,0.000019,-0.009678,-0.000017,-0.000049,-0.010246,-0.000005,0.000002,0.000001,10.000000,11.000000,-75.000000,0.036261,0.321963,0.000001,0.000000,0.000000,0.000000,0.534284,1280.000000,208.955307,219.916367,178.890472,357.559631,0.000009,0.000000,9.991255,6511,0,31,0
62.146969,0.009114,-0.326818,-1.063769,0.000005,0.000019,-0.009698,-0.000016,-0.000057,-0.010124,-0.000006,0.000002,0.000001,10.000000,11.000000,-75.000000,0.036241,0.321963,0.000001,0.000000,0.000000,0.000000,0.534284,1280.000000,208.955307,219.916367,178.890472,357.559631,0.000009,0.000000,9.991158,6511,0,31,0
62.148926,0.009114,-0.326818,-1.063788,0.000005,0.000019,-0.009718,-0.000015,-0.000065,-0.010013,-0.000007,0.000001,0.000001,10.000000,11.000000,-75.000000,0.036222,0.321963,0.000001,0.000000,0.000000,0.000000,0.534284,1280.000000,208.955307,219.916367,178.890472,357.559631,0.000009,0.000000,9.991061,6511,0,31,0
62.150879,0.009114,-0.326818,-1.063807,0.000005,0.000019,-0.009738,-0.000013,-0.000073,-0.009913,-0.000008,0.000001,0.000001,10.000000,11.000000,-75.000000,0.036202,0.321963,0.000001,0.000000,0.000000,0.000000,0.534284,1280.000000,208.955307,219.916367,178.890472,357.559631,0.000009,0.000000,9.990963,6511,0,32,0
62.152832,0.009114,-0.326818,-1.063827,0.000005,0.000019,-0.009758,-0.000011,-0.000081,-0.009821,-0.000009,0.000001,0.000001,10.000000,13.000000,-60.000000,0.036183,0.321963,0.000001,0.000000,0.000000,0.000000,0.534284,1356.000000,208.955307,219.916367,178.890472,357.559631,0.000009,0.000000,9.990867,6511,0,32,0
62.154785,0.009114,-0.326818,-1.063846,0.000005,0.000019,-0.009777,-0.000009,-0.000089,-0.009738,-0.000010,0.000001,0.000001,10.000000,13.000000,-60.000000,0.036163,0.343002,0.000001,0.000000,0.000000,0.067000,0.424293,1356.000000,223.880493,233.280579,222.763870,306.333069,0.000009,0.000000,9.990768,6511,0,32,0
62.156738,0.009114,-0.326818,-1.063866,0.000005,0.000019,-0.009797,-0.000006,-0.000097,-0.009663,-0.000010,0.000000,0.000001,10.000000,13.000000,-60.000000,0.036144,0.343002,0.000001,0.000000,0.000000,0.000000,0.424293,1356.000000,223.880493,233.280579,222.763870,306.333069,0.000009,0.000000,9.990670,6511,0,32,0
62.158695,0.009114,-0.326818,-1.063886,0.000005,0.000018,-0.009816,-0.000003,-0.000106,-0.009594,-0.000011,0.000000,0.000001,10.000000,13.000000,-60.000000,0.036124,0.343002,0.000001,0.000000,0.000000,0.000000,0.424293,1356.000000,223.880493,233.280579,222.763870,306.333069,0.000009,0.000000,9.990573,6511,0,32,0
62.160648,0.009114,-0.326818,-1.063905,0.000005,0.000018,-0.009835,0.000000,-0.000114,-0.009533,-0.000012,-0.000000,0.000001,10.000000,13.000000,-60.000000,0.036105,0.343002,0.000001,0.000000,0.000000,0.000000,0.424293,1356.000000,223.880493,233.280579,222.763870,306.333069,0.000009,0.000000,9.990474,6511,0,32,0
62.162601,0.009114,-0.326818,-1.063925,0.000005,0.000018,-0.009854,0.000003,-0.000122,-0.009477,-0.000013,-0.000001,0.000001,10.000000,13.000000,-60.000000,0.036085,0.343002,0.000001,0.000000,0.000000,0.000000,0.424293,1356.000000,223.880493,233.280579,222.763870,306.333069,0.000009,0.000000,9.990376,6511,0,32,0
62.164555,0.009114,-0.326818,-1.063945,0.000005,0.000018,-0.009873,0.000006,-0.000130,-0.009425,-0.000014,-0.000001,0.000001,10.000000,13.000000,-60.000000,0.036065,0.343002,0.000001,0.000000,0.000000,0.000000,0.424293,1356.000000,223.880493,233.280579,222.763870,306.333069,0.000009,0.000000,9.990276,6511,0,32,0
62.166512,0.009114,-0.326818,-1.063964,0.000005,0.000017,-0.009892,0.000009,-0.000138,-0.009379,-0.000014,-0.000001,0.000001,10.000000,13.000000,-60.000000,0.036045,0.343002,0.000001,0.000000,0.000000,0.000000,0.424293,1356.000000,223.880493,233.280579,222.763870,306.333069,0.000009,0.000000,9.990178,6511,0,32,0
62.168465,0.009114,-0.326818,-1.063984,0.000005,0.000017,-0.009910,0.000012,-0.000146,-0.009336,-0.000015,-0.000001,0.000001,10.000000,13.000000,-60.000000,0.036026,0.343002,0.000001,0.000000,0.000000,0.000000,0.424293,1356.000000,223.880493,233.280579,222.763870,306.333069,0.000009,0.000000,9.990079,6510,0,32,0
62.170418,0.009114,-0.326818,-1.064004,0.000005,0.000017,-0.009929,0.000015,-0.000154,-0.009192,-0.000016,-0.000002,0.000001,10.000000,13.000000,-60.000000,0.036006,0.343002,0.000001,0.000000,0.000000,0.000000,0.424293,1356.000000,223.880493,233.280579,222.763870,306.333069,0.000009,0.000000,9.989980,6510,0,32,0
62.172371,0.009114,-0.326818,-1.064024,0.000005,0.000016,-0.009947,0.000017,-0.000162,-0.009027,-0.000017,-0.000002,0.000001,10.000000,13.000000,-60.000000,0.035986,0.343002,0.000001,0.000000,0.000000,0.000000,0.424293,1356.000000,223.880493,233.280579,222.763870,306.333069,0.000009,0.000000,9.989881,6510,0,32,0
62.174328,0.009114,-0.326818,-1.064044,0.000005,0.000016,-0.009965,0.000019,-0.000171,-0.008877,-0.000018,-0.000002,0.000001,10.000000,13.000000,-60.000000,0.035966,0.343002,0.000001,0.000000,0.000000,0.000000,0.424293,1356.000000,223.880493,233.280579,222.763870,306.333069,0.000009,0.000000,9.989781,6510,0,32,0
62.176281,0.009114,-0.326818,-1.064064,0.000005,0.000016,-0.009982,0.000021,-0.000179,-0.008741,-0.000019,-0.000002,0.000001,10.000000,13.000000,-60.000000,0.035946,0.343002,0.000001,0.000000,0.000000,0.000000,0.424293,1356.000000,223.880493,233.280579,222.763870,306.333069,0.000009,0.000000,9.989681,6510,0,32,0
62.178234,0.009114,-0.326818,-1.064084,0.000005,0.000015,-0.010000,0.000022,-0.000187,-0.008618,-0.000019,-0.000002,0.000001,10.000000,13.000000,-60.000000,0.035926,0.343002,0.000001,0.000000,0.000000,0.000000,0.424293,1356.000000,223.880493,233.280579,222.763870,306.333069,0.000009,0.000000,9.989581,6510,0,32,0
62.180187,0.009114,-0.326818,-1.064104,0.000005,0.000015,-0.009997,0.000019,-0.000209,0.000774,-0.000020,-0.000002,0.000001,10.000000,13.000000,-60.000000,0.035906,0.343002,0.000001,0.000000,0.000000,0.000000,0.424293,1356.000000,223.880493,233.280579,222.763870,306.333069,0.000009,0.000000,9.989481,6510,0,32,0
62.182140,0.009114,-0.326818,-1.064124,0.000005,0.000015,-0.009996,0.000019,-0.000217,0.000874,-0.000021,-0.000002,0.000001,10.000000,13.000000,-60.000000,0.035886,0.343002,0.000001,0.000000,0.000000,0.000000,0.424293,1356.000000,223.880493,233.280579,222.763870,306.333069,0.000009,0.000000,9.989381,6510,0,32,0
62.184097,0.009114,-0.326818,-1.064144,0.000005,0.000014,-0.009994,0.000019,-0.000224,0.000964,-0.000022,-0.000002,0.000001,10.000000,13.000000,-60.000000,0.035866,0.343002,0.000001,0.000000,0.000000,0.000000,0.424293,1356.000000,223.880493,233.280579,222.763870,306.333069,0.000009,0.000000,9.989281,6510,0,32,0
62.186050,0.009114,-0.326818,-1.064164,0.000005,0.000014,-0.009992,0.000018,-0.000232,0.001046,-0.000023,-0.000002,0.000001,10.000000,13.000000,-60.000000,0.035846,0.343002,0.000001,0.000000,0.000000,0.000000,0.424293,1356.000000,223.880493,233.280579,222.763870,306.333069,0.000009,0.000000,9.989181,6510,0,32,0
62.188004,0.009114,-0.326818,-1.064184,0.000005,0.000013,-0.010000,0.000022,-0.000226,-0.008881,-0.000024,-0.000002,0.000001,10.000000,13.000000,-60.000000,0.035826,0.343002,0.000001,0.000000,0.000000,0.000000,0.424293,1356.000000,223.880493,233.280579,222.763870,306.333069,0.000009,0.000000,9.989081,6510,0,31,0
62.189957,0.009114,-0.326818,-1.064204,0.000005,0.000013,-0.009997,0.000016,-0.000247,0.001193,-0.000024,-0.000002,0.000001,10.000000,13.000000,-60.000000,0.035806,0.343002,0.000001,0.000000,0.000000,0.000000,0.424293,1356.000000,223.880493,233.280579,222.763870,306.333069,0.000009,0.000000,9.988981,6510,0,31,0
62.191914,0.009114,-0.326817,-1.064224,0.000005,0.000012,-0.009994,0.000014,-0.000255,0.001252,-0.000025,-0.000002,0.000001,10.000000,13.000000,-60.000000,0.035786,0.343002,0.000001,0.000000,0.000000,0.000000,0.424293,1356.000000,223.880493,233.280579,222.763870,306.333069,0.000009,0.000000,9.988881,6510,0,31,0
62.193867,0.009114,-0.326817,-1.064244,0.000005,0.000012,-0.009991,0.000011,-0.000263,0.001305,-0.000026,-0.000002,0.000001,10.000000,13.000000,-60.000000,0.035766,0.343002,0.000001,0.000000,0.000000,0.000000,0.424293,1356.000000,223.880493,233.280579,222.763870,306.333069,0.000009,0.000000,9.988781,6510,0,31,0
62.195820,0.009114,-0.326817,-1.064264,0.000005,0.000011,-0.009999,0.000014,-0.000259,-0.008645,-0.000027,-0.000001,0.000001,10.000000,13.000000,-60.000000,0.035746,0.343002,0.000001,0.000000,0.000000,0.000000,0.424293,1356.000000,223.880493,233.280579,222.763870,306.333069,0.000009,0.000000,9.988681,6510,0,31,0
62.197773,0.009114,-0.326817,-1.064284,0.000005,0.000011,-0.009995,0.000006,-0.000278,0.001406,-0.000028,-0.000001,0.000001,10.000000,13.000000,-60.000000,0.035726,0.343002,0.000001,0.000000,0.000000,0.000000,0.424293,1356.000000,223.880493,233.280579,222.763870,306.333069,0.000009,0.000000,9.988581,6509,0,31,0
62.199726,0.009114,-0.326817,-1.064304,0.000005,0.000010,-0.009992,0.000003,-0.000285,0.001551,-0.000029,-0.000001,0.000001,10.000000,13.000000,-60.000000,0.035706,0.343002,0.000001,0.000000,0.000000,0.000000,0.424293,1356.000000,223.880493,233.280579,222.763870,306.333069,0.000009,0.000000,9.988482,6509,0,31,0
62.201683,0.009114,-0.326817,-1.064324,0.000005,0.000009,-0.009999,0.000005,-0.000284,-0.008283,-0.000029,-0.000000,0.000001,10.000000,13.000000,-60.000000,0.035686,0.343002,0.000001,0.000000,0.000000,0.000000,0.424293,1356.000000,223.880493,233.280579,222.763870,306.333069,0.000009,0.000000,9.988380,6509,0,31,0
62.203636,0.009114,-0.326817,-1.064344,0.000005,0.000009,-0.009994,-0.000004,-0.000301,0.001874,-0.000030,0.000000,0.000001,10.000000,13.000000,-60.000000,0.035666,0.343002,0.000001,0.000000,0.000000,0.000000,0.424293,1356.000000,223.880493,233.280579,222.763870,306.333069,0.000009,0.000000,9.988281,6509,0,31,0
62.205589,0.009114,-0.326817,-1.064364,0.000005,0.000008,-0.009991,-0.000007,-0.000308,0.002008,-0.000031,0.000000,0.000001,10.000000,13.000000,-60.000000,0.035646,0.343002,0.000001,0.000000,0.000000,0.000000,0.424293,1356.000000,223.880493,233.280579,222.763870,306.333069,0.000009,0.000000,9.988180,6509,0,31,0
62.207542,0.009114,-0.326817,-1.064384,0.000005,0.000008,-0.009996,-0.000010,-0.000316,0.002865,-0.000032,0.000001,0.000002,10.000000,13.000000,-60.000000,0.035626,0.343002,0.000001,0.000000,0.000000,0.000000,0.424293,1356.000000,223.880493,233.280579,222.763870,306.333069,0.000009,0.000000,9.988081,6509,0,31,0
62.209499,0.009114,-0.326817,-1.064404,0.000005,0.000007,-0.009991,-0.000013,-0.000323,0.002248,-0.000033,0.000001,0.000002,10.000000,13.000000,-60.000000,0.035606,0.343002,0.000001,0.000000,0.000000,0.000000,0.424293,1356.000000,223.880493,233.280579,222.763870,306.333069,0.000009,0.000000,9.987981,6509,1,31,0
62.211452,0.009114,-0.326817,-1.064424,0.000005,0.000006,-0.009996,-0.000016,-0.000331,0.003083,-0.000034,0.000001,0.000002,10.000000,13.000000,-46.000000,0.035586,0.343002,0.000001,0.000000,0.000000,0.000000,0.424293,1426.000000,223.880493,233.280579,222.763870,306.333069,0.000009,0.000000,9.987881,6509,1,31,0
62.213406,0.009114,-0.326817,-1.064444,0.000005,0.000006,-0.009991,-0.000018,-0.000338,0.002446,-0.000034,0.000002,0.000002,10.000000,13.000000,-46.000000,0.035566,0.349972,0.000001,0.000000,0.000000,0.066000,0.376561,1426.000000,212.121262,229.517120,-178.170212,154.079895,0.000009,0.000000,9.987781,6509,1,31,0
62.215359,0.009114,-0.326817,-1.064464,0.000005,0.000005,-0.009995,-0.000021,-0.000346,0.003262,-0.000035,0.000002,0.000002,10.000000,13.000000,-46.000000,0.035546,0.349972,0.000001,0.000000,0.000000,0.000000,0.376561,1426.000000,212.121262,229.517120,-178.170212,154.079895,0.000009,0.000000,9.987680,6509,1,31,0
62.217316,0.009114,-0.326817,-1.064484,0.000005,0.000004,-0.009990,-0.000023,-0.000352,0.002608,-0.000036,0.000002,0.000002,10.000000,13.000000,-46.000000,0.035526,0.349972,0.000001,0.000000,0.000000,0.000000,0.376561,1426.000000,212.121262,229.517120,-178.170212,154.079895,0.000009,0.000000,9.987580,6509,1,31,0
62.219269,0.009114,-0.326817,-1.064504,0.000005,0.000004,-0.009994,-0.000026,-0.000359,0.003409,-0.000037,0.000002,0.000002,10.000000,13.000000,-46.000000,0.035506,0.349972,0.000001,0.000000,0.000000,0.000000,0.376561,1426.000000,212.121262,229.517120,-178.170212,154.079895,0.000009,0.000000,9.987481,6509,1,31,0
62.221222,0.009114,-0.326817,-1.064524,0.000005,0.000003,-0.009998,-0.000023,-0.000363,-0.007258,-0.000037,0.000002,0.000002,10.000000,13.000000,-46.000000,0.035486,0.349972,0.000001,0.000000,0.000000,0.000000,0.376561,1426.000000,212.121262,229.517120,-178.170212,154.079895,0.000009,0.000000,9.987381,6509,1,31,0
62.223175,0.009114,-0.326817,-1.064544,0.000005,0.000002,-0.009992,-0.000030,-0.000372,0.002802,-0.000038,0.000003,0.000002,10.000000,13.000000,-46.000000,0.035466,0.349972,0.000001,0.000000,0.000000,0.000000,0.376561,1426.000000,212.121262,229.517120,-178.170212,154.079895,0.000010,0.000000,9.987281,6509,1,31,0
62.225128,0.009114,-0.326817,-1.064564,0.000005,0.000001,-0.009996,-0.000032,-0.000377,0.003585,-0.000039,0.000003,0.000002,10.000000,13.000000,-46.000000,0.035446,0.349972,0.000001,0.000000,0.000000,0.000000,0.376561,1426.000000,212.121262,229.517120,-178.170212,154.079895,0.000010,0.000000,9.987181,6509,1,31,0
62.227085,0.009114,-0.326817,-1.064584,0.000005,0.000001,-0.009990,-0.000034,-0.000383,0.002899,-0.000039,0.000003,0.000002,10.000000,13.000000,-46.000000,0.035426,0.349972,0.000001,0.000000,0.000000,0.000000,0.376561,1426.000000,212.121262,229.517120,-178.170212,154.079895,0.000010,0.000000,9.987081,6509,1,31,0
62.229038,0.009114,-0.326817,-1.064604,0.000005,-0.000000,-0.009993,-0.000037,-0.000387,0.003672,-0.000040,0.000003,0.000002,10.000000,13.000000,-46.000000,0.035406,0.349972,0.000001,0.000000,0.000000,0.000000,0.376561,1426.000000,212.121262,229.517120,-178.170212,154.079895,0.000010,0.000000,9.986980,6508,1,31,0
62.230991,0.009114,-0.326817,-1.064624,0.000005,-0.000001,-0.009997,-0.000034,-0.000392,-0.006913,-0.000040,0.000004,0.000002,10.000000,13.000000,-46.000000,0.035386,0.349972,0.000001,0.000000,0.000000,0.000000,0.376561,1426.000000,212.121262,229.517120,-178.170212,154.079895,0.000010,0.000000,9.986880,6508,1,31,0
62.232944,0.009114,-0.326817,-1.064644,0.000005,-0.000002,-0.009990,-0.000041,-0.000395,0.003253,-0.000041,0.000004,0.000002,10.000000,13.000000,-46.000000,0.035366,0.349972,0.000001,0.000000,0.000000,0.000000,0.376561,1426.000000,212.121262,229.517120,-178.170212,154.079895,0.000010,0.000000,9.986780,6508,1,31,0
62.234901,0.009114,-0.326817,-1.064664,0.000004,-0.000003,-0.009993,-0.000043,-0.000398,0.004132,-0.000041,0.000004,0.000002,10.000000,13.000000,-46.000000,0.035346,0.349972,0.000001,0.000000,0.000000,0.000000,0.376561,1426.000000,212.121262,229.517120,-178.170212,154.079895,0.000010,0.000000,9.986680,6508,1,31,0
62.236855,0.009114,-0.326817,-1.064684,0.000004,-0.000003,-0.009995,-0.000045,-0.000400,0.004271,-0.000041,0.000004,0.000002,10.000000,13.000000,-46.000000,0.035326,0.349972,0.000001,0.000000,0.000000,0.000000,0.376561,1426.000000,212.121262,229.517120,-178.170212,154.079895,0.000010,0.000000,9.986580,6508,1,31,0
62.238808,0.009114,-0.326817,-1.064704,0.000004,-0.000004,-0.009998,-0.000043,-0.000406,-0.006337,-0.000041,0.000004,0.000002,10.000000,13.000000,-46.000000,0.035306,0.349972,0.000001,0.000000,0.000000,0.000000,0.376561,1426.000000,212.121262,229.517120,-178.170212,154.079895,0.000011,0.000000,9.986481,6508,1,31,0
62.240761,0.009114,-0.326817,-1.064724,0.000004,-0.000005,-0.009999,-0.000045,-0.000408,-0.006225,-0.000042,0.000005,0.000002,10.000000,13.000000,-46.000000,0.035286,0.349972,0.000001,0.000000,0.000000,0.000000,0.376561,1426.000000,212.121262,229.517120,-178.170212,154.079895,0.000011,0.000000,9.986381,6508,1,31,0
62.242718,0.009114,-0.326817,-1.064744,0.000004,-0.000006,-0.009991,-0.000051,-0.000403,0.003877,-0.000042,0.000005,0.000002,10.000000,13.000000,-46.000000,0.035266,0.349972,0.000001,0.000000,0.000000,0.000000,0.376561,1426.000000,212.121262,229.517120,-178.170212,154.079895,0.000011,0.000000,9.986280,6508,1,31,0
62.244671,0.009114,-0.326817,-1.064764,0.000004,-0.000007,-0.009992,-0.000054,-0.000402,0.004698,-0.000042,0.000005,0.000002,10.000000,13.000000,-46.000000,0.035246,0.349972,0.000001,0.000000,0.000000,0.000000,0.376561,1426.000000,212.121262,229.517120,-178.170212,154.079895,0.000011,0.000000,9.986180,6508,1,31,0
62.246624,0.009114,-0.326817,-1.064784,0.000004,-0.000007,-0.009994,-0.000056,-0.000401,0.004783,-0.000042,0.000005,0.000002,10.000000,13.000000,-46.000000,0.035226,0.349972,0.000001,0.000000,0.000000,0.000000,0.376561,1426.000000,212.121262,229.517120,-178.170212,154.079895,0.000011,0.000000,9.986081,6508,0,31,0
62.248577,0.009114,-0.326817,-1.064804,0.000004,-0.000008,-0.009995,-0.000059,-0.000399,0.004859,-0.000041,0.000006,0.000002,10.000000,13.000000,-46.000000,0.035206,0.349972,0.000001,0.000000,0.000000,0.000000,0.376561,1426.000000,212.121262,229.517120,-178.170212,154.079895,0.000011,0.000000,9.985981,6508,0,31,0
62.250530,0.009114,-0.326817,-1.064824,0.000004,-0.000009,-0.009996,-0.000057,-0.000406,-0.005804,-0.000041,0.000006,0.000002,10.000000,13.000000,-46.000000,0.035186,0.349972,0.000001,0.000000,0.000000,0.000000,0.376561,1426.000000,212.121262,229.517120,-178.170212,154.079895,0.000011,0.000000,9.985881,6508,0,31,0
62.252487,0.009114,-0.326817,-1.064844,0.000004,-0.000010,-0.009997,-0.000059,-0.000404,-0.005742,-0.000041,0.000006,0.000002,10.000000,13.000000,-46.000000,0.035166,0.349972,0.000001,0.000000,0.000000,0.000000,0.376561,1426.000000,212.121262,229.517120,-178.170212,154.079895,0.000012,0.000000,9.985781,6508,0,31,0
62.254440,0.009114,-0.326817,-1.064864,0.000003,-0.000011,-0.009998,-0.000062,-0.000401,-0.005685,-0.000041,0.000006,0.000002,10.000000,13.000000,-46.000000,0.035146,0.349972,0.000001,0.000000,0.000000,0.000000,0.376561,1426.000000,212.121262,229.517120,-178.170212,154.079895,0.000012,0.000000,9.985681,6508,0,31,0
62.256393,0.009114,-0.326817,-1.064884,0.000003,-0.000011,-0.009998,-0.000064,-0.000398,-0.005634,-0.000040,0.000007,0.000002,10.000000,13.000000,-46.000000,0.035126,0.349972,0.000001,0.000000,0.000000,0.000000,0.376561,1426.000000,212.121262,229.517120,-178.170212,154.079895,0.000012,0.000000,9.985580,6508,0,31,0
62.258347,0.009114,-0.326817,-1.064904,0.000003,-0.000012,-0.009999,-0.000066,-0.000394,-0.005588,-0.000040,0.000007,0.000002,10.000000,13.000000,-46.000000,0.035106,0.349972,0.000001,0.000000,0.000000,0.000000,0.376561,1426.000000,212.121262,229.517120,-178.170212,154.079895,0.000012,0.000000,9.985480,6507,0,31,0
62.260303,0.009114,-0.326817,-1.064924,0.000003,-0.000013,-0.009999,-0.000068,-0.000390,-0.005440,-0.000039,0.000007,0.000002,10.000000,13.000000,-46.000000,0.035086,0.349972,0.000001,0.000000,0.000000,0.000000,0.376561,1426.000000,212.121262,229.517120,-178.170212,154.079895,0.000012,0.000000,9.985380,6507,0,31,0
62.262257,0.009114,-0.326817,-1.064944,0.000003,-0.000014,-0.009999,-0.000070,-0.000385,-0.005272,-0.000039,0.000007,0.000002,10.000000,13.000000,-46.000000,0.035066,0.349972,0.000001,0.000000,0.000000,0.000000,0.376561,1426.000000,212.121262,229.517120,-178.170212,154.079895,0.000012,0.000000,9.985280,6507,0,31,0
62.264210,0.009114,-0.326818,-1.064964,0.000003,-0.000014,-0.009999,-0.000071,-0.000380,-0.005120,-0.000038,0.000007,0.000002,10.000000,13.000000,-46.000000,0.035046,0.349972,0.000001,0.000000,0.000000,0.000000,0.376561,1426.000000,212.121262,229.517120,-178.170212,154.079895,0.000012,0.000000,9.985180,6507,0,31,0
62.266163,0.009114,-0.326818,-1.064984,0.000003,-0.000015,-0.009998,-0.000072,-0.000375,-0.004981,-0.000038,0.000007,0.000002,10.000000,13.000000,-46.000000,0.035026,0.349972,0.000001,0.000000,0.000000,0.000000,0.376561,1426.000000,212.121262,229.517120,-178.170212,154.079895,0.000012,0.000000,9.985081,6507,0,31,0
62.268120,0.009114,-0.326818,-1.065004,0.000002,-0.000016,-0.009997,-0.000073,-0.000369,-0.004856,-0.000037,0.000008,0.000002,10.000000,13.000000,-46.000000,0.035006,0.349972,0.000001,0.000000,0.000000,0.000000,0.376561,1426.000000,212.121262,229.517120,-178.170212,154.079895,0.000012,0.000000,9.984981,6507,0,31,0
62.270073,0.009114,-0.326818,-1.065024,0.000002,-0.000017,-0.009996,-0.000074,-0.000363,-0.004742,-0.000037,0.000008,0.000002,10.000000,14.000000,-33.000000,0.034986,0.349972,0.000001,0.000000,0.000000,0.000000,0.376561,1476.000000,212.121262,229.517120,-178.170212,154.079895,0.000012,0.000000,9.984880,6507,0,31,0
62.272026,0.009114,-0.326818,-1.065044,0.000002,-0.000017,-0.009994,-0.000076,-0.000339,0.006091,-0.000036,0.000008,0.000002,10.000000,14.000000,-33.000000,0.034966,0.329596,0.000001,0.000000,0.000000,0.067000,0.254979,1476.000000,194.029755,214.392975,-270.022369,10.690903,0.000012,0.000000,9.984780,6507,0,31,0
62.273979,0.009114,-0.326818,-1.065064,0.000002,-0.000018,-0.009992,-0.000076,-0.000332,0.006183,-0.000035,0.000007,0.000002,10.000000,14.000000,-33.000000,0.034946,0.329596,0.000001,0.000000,0.000000,0.000000,0.254979,1476.000000,194.029755,214.392975,-270.022369,10.690903,0.000012,0.000000,9.984680,6507,0,31,0
62.275932,0.009114,-0.326818,-1.065084,0.000002,-0.000019,-0.009990,-0.000075,-0.000325,0.006266,-0.000035,0.000007,0.000002,10.000000,14.000000,-33.000000,0.034926,0.329596,0.000001,0.000000,0.000000,0.000000,0.254979,1476.000000,194.029755,214.392975,-270.022369,10.690903,0.000012,0.000000,9.984581,6507,0,31,0
62.277889,0.009114,-0.326818,-1.065104,0.000002,-0.000019,-0.009998,-0.000072,-0.000337,-0.003657,-0.000034,0.000007,0.000002,10.000000,14.000000,-33.000000,0.034906,0.329596,0.000001,0.000000,0.000000,0.000000,0.254979,1476.000000,194.029755,214.392975,-270.022369,10.690903,0.000012,0.000000,9.984480,6507,0,31,0
62.279842,0.009114,-0.326818,-1.065124,0.000002,-0.000020,-0.009996,-0.000071,-0.000331,-0.004314,-0.000033,0.000007,0.000002,10.000000,14.000000,-33.000000,0.034886,0.329596,0.000001,0.000000,0.000000,0.000000,0.254979,1476.000000,194.029755,214.392975,-270.022369,10.690903,0.000012,0.000000,9.984381,6507,0,31,0
62.281796,0.009114,-0.326818,-1.065144,0.000001,-0.000021,-0.009993,-0.000070,-0.000302,0.006479,-0.000033,0.000007,0.000002,10.000000,14.000000,-33.000000,0.034866,0.329596,0.000001,0.000000,0.000000,0.000000,0.254979,1476.000000,194.029755,214.392975,-270.022369,10.690903,0.000012,0.000000,9.984281,6507,0,31,0
62.283749,0.009114,-0.326818,-1.065164,0.000001,-0.000021,-0.009991,-0.000068,-0.000294,0.006534,-0.000032,0.000007,0.000002,10.000000,14.000000,-33.000000,0.034846,0.329596,0.000001,0.000000,0.000000,0.000000,0.254979,1476.000000,194.029755,214.392975,-270.022369,10.690903,0.000012,0.000000,9.984180,6507,0,31,0
62.285706,0.009114,-0.326818,-1.065184,0.000001,-0.000022,-0.009999,-0.000064,-0.000308,-0.003414,-0.000031,0.000006,0.000002,10.000000,14.000000,-33.000000,0.034826,0.329596,0.000001,0.000000,0.000000,0.000000,0.254979,1476.000000,194.029755,214.392975,-270.022369,10.690903,0.000012,0.000000,9.984080,6507,0,31,0
62.287659,0.009114,-0.326818,-1.065204,0.000001,-0.000022,-0.009996,-0.000061,-0.000303,-0.004094,-0.000030,0.000006,0.000002,10.000000,14.000000,-33.000000,0.034806,0.329596,0.000001,0.000000,0.000000,0.000000,0.254979,1476.000000,194.029755,214.392975,-270.022369,10.690903,0.000012,0.000000,9.983980,6506,0,31,0
62.289612,0.009114,-0.326818,-1.065224,0.000001,-0.000023,-0.009993,-0.000058,-0.000271,0.006784,-0.000030,0.000006,0.000002,10.000000,14.000000,-33.000000,0.034786,0.329596,0.000001,0.000000,0.000000,0.000000,0.254979,1476.000000,194.029755,214.392975,-270.022369,10.690903,0.000012,0.000000,9.983881,6506,0,31,0
62.291565,0.009114,-0.326818,-1.065244,0.000001,-0.000024,-0.009999,-0.000054,-0.000286,-0.003048,-0.000029,0.000005,0.000002,10.000000,14.000000,-33.000000,0.034766,0.329596,0.000001,0.000000,0.000000,0.000000,0.254979,1476.000000,194.029755,214.392975,-270.022369,10.690903,0.000012,0.000000,9.983781,6506,0,32,0
62.293522,0.009114,-0.326818,-1.065264,0.000001,-0.000024,-0.009996,-0.000049,-0.000280,-0.003621,-0.000028,0.000005,0.000002,10.000000,14.000000,-33.000000,0.034746,0.329596,0.000001,0.000000,0.000000,0.000000,0.254979,1476.000000,194.029755,214.392975,-270.022369,10.690903,0.000012,0.000000,9.983681,6506,0,32,0
62.295475,0.009114,-0.326818,-1.065284,0.000001,-0.000025,-0.009992,-0.000045,-0.000246,0.007248,-0.000027,0.000004,0.000003,10.000000,14.000000,-33.000000,0.034726,0.329596,0.000001,0.000000,0.000000,0.000000,0.254979,1476.000000,194.029755,214.392975,-270.022369,10.690903,0.000012,0.000000,9.983581,6506,0,32,0
62.297428,0.009114,-0.326818,-1.065304,0.000001,-0.000025,-0.009998,-0.000039,-0.000263,-0.002627,-0.000026,0.000004,0.000003,10.000000,14.000000,-33.000000,0.034706,0.329596,0.000001,0.000000,0.000000,0.000000,0.254979,1476.000000,194.029755,214.392975,-270.022369,10.690903,0.000013,0.000000,9.983480,6506,0,32,0
62.299381,0.009114,-0.326818,-1.065324,0.000000,-0.000026,-0.009993,-0.000034,-0.000257,-0.003239,-0.000026,0.000003,0.000003,10.000000,14.000000,-33.000000,0.034686,0.329596,0.000001,0.000000,0.000000,0.000000,0.254979,1476.000000,194.029755,214.392975,-270.022369,10.690903,0.000013,0.000000,9.983380,6506,0,32,0
62.301334,0.009114,-0.326818,-1.065344,0.000000,-0.000026,-0.009998,-0.000028,-0.000247,-0.002408,-0.000025,0.000003,0.000003,10.000000,14.000000,-33.000000,0.034666,0.329596,0.000001,0.000000,0.000000,0.000000,0.254979,1476.000000,194.029755,214.392975,-270.022369,10.690903,0.000013,0.000000,9.983280,6506,0,32,0
62.303291,0.009114,-0.326818,-1.065364,0.000000,-0.000027,-0.009994,-0.000023,-0.000242,-0.003040,-0.000024,0.000002,0.000003,10.000000,14.000000,-33.000000,0.034646,0.329596,0.000001,0.000000,0.000000,0.000000,0.254979,1476.000000,194.029755,214.392975,-270.022369,10.690903,0.000013,0.000000,9.983180,6506,0,32,0
62.305244,0.009114,-0.326818,-1.065384,0.000000,-0.000027,-0.009998,-0.000018,-0.000232,-0.002228,-0.000023,0.000002,0.000003,10.000000,14.000000,-33.000000,0.034626,0.329596,0.000001,0.000000,0.000000,0.000000,0.254979,1476.000000,194.029755,214.392975,-270.022369,10.690903,0.000013,0.000000,9.983081,6506,0,32,0
62.307198,0.009114,-0.326818,-1.065404,0.000000,-0.000028,-0.009993,-0.000012,-0.000226,-0.002877,-0.000022,0.000001,0.000003,10.000000,14.000000,-33.000000,0.034606,0.329596,0.000001,0.000000,0.000000,0.000000,0.254979,1476.000000,194.029755,214.392975,-270.022369,10.690903,0.000013,0.000000,9.982981,6506,0,32,0
62.309151,0.009114,-0.326819,-1.065424,0.000000,-0.000028,-0.009997,-0.000007,-0.000216,-0.002081,-0.000022,0.000000,0.000003,10.000000,14.000000,-33.000000,0.034586,0.329596,0.000001,0.000000,0.000000,0.000000,0.254979,1476.000000,194.029755,214.392975,-270.022369,10.690903,0.000013,0.000000,9.982881,6506,0,32,0
62.311108,0.009114,-0.326819,-1.065444,0.000000,-0.000028,-0.009992,-0.000002,-0.000179,0.007985,-0.000021,-0.000000,0.000003,10.000000,14.000000,-33.000000,0.034566,0.329596,0.000001,0.000000,0.000000,0.000000,0.254979,1476.000000,194.029755,214.392975,-270.022369,10.690903,0.000013,0.000000,9.982781,6506,0,32,0
62.313061,0.009114,-0.326819,-1.065464,0.000000,-0.000029,-0.009996,0.000002,-0.000199,-0.001957,-0.000020,-0.000000,0.000003,10.000000,14.000000,-33.000000,0.034546,0.329596,0.000001,0.000000,0.000000,0.000000,0.254979,1476.000000,194.029755,214.392975,-270.022369,10.690903,0.000013,0.000000,9.982681,6506,0,32,0
62.315014,0.009114,-0.326819,-1.065484,0.000000,-0.000029,-0.009990,0.000006,-0.000162,0.008095,-0.000019,-0.000001,0.000003,10.000000,14.000000,-33.000000,0.034526,0.329596,0.000001,0.000000,0.000000,0.000000,0.254979,1476.000000,194.029755,214.392975,-270.022369,10.690903,0.000013,0.000000,9.982581,6506,0,32,0
62.316967,0.009114,-0.326819,-1.065504,0.000000,-0.000030,-0.009995,0.000011,-0.000183,-0.001857,-0.000018,-0.000001,0.000003,10.000000,14.000000,-33.000000,0.034506,0.329596,0.000001,0.000000,0.000000,0.000000,0.254979,1476.000000,194.029755,214.392975,-270.022369,10.690903,0.000013,0.000000,9.982481,6506,0,32,0
62.318920,0.009114,-0.326819,-1.065524,0.000000,-0.000030,-0.009998,0.000014,-0.000175,-0.001814,-0.000017,-0.000002,0.000003,10.000000,14.000000,-33.000000,0.034486,0.329596,0.000001,0.000000,0.000000,0.000000,0.254979,1476.000000,194.029755,214.392975,-270.022369,10.690903,0.000013,0.000000,9.982381,6505,0,32,-1
62.320877,0.009114,-0.326819,-1.065544,0.000000,-0.000030,-0.009992,0.000017,-0.000135,0.008333,-0.000017,-0.000002,0.000003,10.000000,14.000000,-33.000000,0.034466,0.329596,0.000001,0.000000,0.000000,0.000000,0.254979,1476.000000,194.029755,214.392975,-270.022369,10.690903,0.000005,0.000000,9.982281,6505,0,32,-1
62.322830,0.009114,-0.326819,-1.065564,0.000000,-0.000030,-0.009995,0.000020,-0.000157,-0.001502,-0.000016,-0.000002,0.000003,10.000000,14.000000,-33.000000,0.034446,0.329596,0.000001,0.000000,0.000000,0.000000,0.254979,1476.000000,194.029755,214.392975,-270.022369,10.690903,-0.000008,0.000000,9.982181,6505,0,32,-1
62.324783,0.009114,-0.326819,-1.065584,0.000000,-0.000031,-0.009998,0.000022,-0.000149,-0.001351,-0.000015,-0.000002,0.000003,10.000000,14.000000,-33.000000,0.034426,0.329596,0.000001,0.000000,0.000000,0.000000,0.254979,1476.000000,194.029755,214.392975,-270.022369,10.690903,-0.000021,0.000000,9.982080,6505,0,32,-1
62.326736,0.009114,-0.326819,-1.065604,0.000000,-0.000031,-0.009991,0.000023,-0.000110,0.008787,-0.000014,-0.000002,0.000003,10.000000,14.000000,-33.000000,0.034406,0.329596,0.000001,0.000000,0.000000,0.000000,0.254979,1476.000000,194.029755,214.392975,-270.022369,10.690903,-0.000033,0.000000,9.981981,6505,0,32,-1
62.328693,0.009114,-0.326819,-1.065624,0.000001,-0.000031,-0.009994,0.000025,-0.000133,-0.001090,-0.000013,-0.000003,0.000003,10.000000,14.000000,-33.000000,0.034386,0.329596,0.000001,0.000000,0.000000,0.000000,0.254979,1476.000000,194.029755,214.392975,-270.022369,10.690903,-0.000044,0.000000,9.981881,6505,0,32,-1
62.330647,0.009114,-0.326819,-1.065644,0.000001,-0.000032,-0.009996,0.000025,-0.000124,-0.000977,-0.000012,-0.000002,0.000002,10.000000,14.000000,-33.000000,0.034366,0.329596,0.000001,0.000000,0.000000,0.000000,0.254979,1476.000000,194.029755,214.392975,-270.022369,10.690903,-0.000054,0.000000,9.981781,6505,0,31,-1
62.332600,0.009114,-0.326819,-1.065664,0.000001,-0.000032,-0.009997,0.000024,-0.000116,-0.000875,-0.000012,-0.000002,0.000002,10.000000,14.000000,-33.000000,0.034346,0.329596,0.000001,0.000000,0.000000,0.000000,0.254979,1476.000000,194.029755,214.392975,-270.022369,10.690903,-0.000063,0.000000,9.981682,6505,0,31,0
62.334553,0.009114,-0.326819,-1.065684,0.000001,-0.000032,-0.009999,0.000022,-0.000110,-0.000784,-0.000011,-0.000002,0.000002,10.000000,14.000000,-33.000000,0.034326,0.329596,0.000001,0.000000,0.000000,0.000000,0.254979,1476.000000,194.029755,214.392975,-270.022369,10.690903,-0.000065,0.000000,9.981581,6505,0,31,0
62.336510,0.009114,-0.326819,-1.065704,0.000001,-0.000032,-0.009991,0.000019,-0.000069,0.009301,-0.000010,-0.000002,0.000002,10.000000,14.000000,-33.000000,0.034306,0.329596,0.000001,0.000000,0.000000,0.000000,0.254979,1476.000000,194.029755,214.392975,-270.022369,10.690903,-0.000060,0.000000,9.981482,6505,0,31,0
62.338463,0.009114,-0.326819,-1.065724,0.000001,-0.000032,-0.009993,0.000017,-0.000093,-0.000625,-0.000009,-0.000002,0.000002,10.000000,14.000000,-33.000000,0.034286,0.329596,0.000001,0.000000,0.000000,0.000000,0.254979,1476.000000,194.029755,214.392975,-270.022369,10.690903,-0.000055,0.000000,9.981380,6505,0,31,0
62.340416,0.009114,-0.326820,-1.065744,0.000001,-0.000033,-0.009994,0.000014,-0.000085,-0.000556,-0.000008,-0.000001,0.000002,10.000000,14.000000,-33.000000,0.034266,0.329596,0.000001,0.000000,0.000000,0.000000,0.254979,1476.000000,194.029755,214.392975,-270.022369,10.690903,-0.000051,0.000000,9.981281,6505,0,31,0
62.342369,0.009114,-0.326820,-1.065764,0.000001,-0.000033,-0.009995,0.000010,-0.000076,-0.000494,-0.000007,-0.000001,0.000002,10.000000,14.000000,-33.000000,0.034246,0.329596,0.000001,0.000000,0.000000,0.000000,0.254979,1476.000000,194.029755,214.392975,-270.022369,10.690903,-0.000047,0.000000,9.981181,6505,0,31,0
62.344322,0.009114,-0.326820,-1.065784,0.000001,-0.000033,-0.009996,0.000006,-0.000068,-0.000439,-0.000006,-0.000000,0.000002,10.000000,14.000000,-33.000000,0.034226,0.329596,0.000001,0.000000,0.000000,0.000000,0.254979,1476.000000,194.029755,214.392975,-270.022369,10.690903,-0.000044,0.000000,9.981081,6505,0,31,0
62.346279,0.009114,-0.326820,-1.065804,0.000001,-0.000033,-0.009996,0.000002,-0.000059,-0.000388,-0.000006,-0.000000,0.000002,10.000000,14.000000,-33.000000,0.034206,0.329596,0.000001,0.000000,0.000000,0.000000,0.254979,1476.000000,194.029755,214.392975,-270.022369,10.690903,-0.000041,0.000000,9.980982,6505,0,31,0
62.348232,0.009114,-0.326820,-1.065824,0.000001,-0.000033,-0.009997,-0.000002,-0.000051,-0.000342,-0.000005,0.000000,0.000002,10.000000,14.000000,-22.000000,0.034186,0.329596,0.000001,0.000000,0.000000,0.000000,0.254979,1476.000000,194.029755,214.392975,-270.022369,10.690903,-0.000038,0.000000,9.980882,6504,0,31,0
62.350185,0.009114,-0.326820,-1.065844,0.000001,-0.000033,-0.009998,-0.000006,-0.000043,-0.000194,-0.000004,0.000001,0.000001,10.000000,14.000000,-22.000000,0.034166,0.258896,0.000000,0.000000,0.000000,0.067000,0.000000,1476.000000,164.179169,186.952179,-445.531311,-145.282425,-0.000035,0.000000,9.980782,6504,0,31,0
62.352139,0.009114,-0.326820,-1.065864,0.000001,-0.000033,-0.009998,-0.000011,-0.000034,-0.000026,-0.000003,0.000001,0.000001,10.000000,14.000000,-22.000000,0.034146,0.258896,0.000000,0.000000,0.000000,0.000000,0.000000,1476.000000,164.179169,186.952179,-445.531311,-145.282425,-0.000033,0.000000,9.980681,6504,0,31,0
62.354095,0.009114,-0.326820,-1.065884,0.000001,-0.000033,-0.009998,-0.000015,-0.000026,0.000127,-0.000002,0.000002,0.000001,10.000000,14.000000,-22.000000,0.034126,0.258896,0.000000,0.000000,0.000000,0.000000,0.000000,1476.000000,164.179169,186.952179,-445.531311,-145.282425,-0.000031,0.000000,9.980581,6504,0,31,0
62.356049,0.009114,-0.326820,-1.065904,0.000001,-0.000033,-0.009997,-0.000019,-0.000017,0.000265,-0.000001,0.000002,0.000001,10.000000,14.000000,-22.000000,0.034106,0.258896,0.000000,0.000000,0.000000,0.000000,0.000000,1476.000000,164.179169,186.952179,-445.531311,-145.282425,-0.000029,0.000000,9.980481,6504,0,31,0
62.358002,0.009114,-0.326820,-1.065924,0.000001,-0.000033,-0.009996,-0.000023,-0.000009,0.000391,-0.000000,0.000003,0.000001,10.000000,14.000000,-22.000000,0.034086,0.258896,0.000000,0.000000,0.000000,0.000000,0.000000,1476.000000,164.179169,186.952179,-445.531311,-145.282425,-0.000027,0.000000,9.980381,6504,0,31,0
62.359955,0.009114,-0.326820,-1.065944,0.000001,-0.000033,-0.009995,-0.000027,-0.000001,0.000505,0.000000,0.000003,0.000001,10.000000,14.000000,-22.000000,0.034066,0.258896,0.000000,0.000000,0.000000,0.000000,0.000000,1476.000000,164.179169,186.952179,-445.531311,-145.282425,-0.000025,0.000000,9.980282,6504,0,31,0
62.361912,0.009114,-0.326820,-1.065964,0.000001,-0.000033,-0.009994,-0.000031,0.000008,0.000608,0.000001,0.000003,0.000001,10.000000,14.000000,-22.000000,0.034046,0.258896,0.000000,0.000000,0.000000,0.000000,0.000000,1476.000000,164.179169,186.952179,-445.531311,-145.282425,-0.000024,0.000000,9.980182,6504,0,31,0
62.363865,0.009114,-0.326820,-1.065984,0.000000,-0.000033,-0.009993,-0.000035,0.000016,0.000702,0.000002,0.000004,0.000001,10.000000,14.000000,-22.000000,0.034026,0.258896,0.000000,0.000000,0.000000,0.000000,0.000000,1476.000000,164.179169,186.952179,-445.531311,-145.282425,-0.000023,0.000000,9.980082,6504,0,31,0
62.365818,0.009114,-0.326820,-1.066004,0.000000,-0.000033,-0.009991,-0.000038,0.000025,0.000787,0.000003,0.000004,0.000001,10.000000,14.000000,-22.000000,0.034006,0.258896,0.000000,0.000000,0.000000,0.000000,0.000000,1476.000000,164.179169,186.952179,-445.531311,-145.282425,-0.000021,0.000000,9.979982,6504,0,31,0
62.367771,0.009114,-0.326820,-1.066024,0.000000,-0.000033,-0.009990,-0.000041,0.000033,0.000864,0.000004,0.000004,0.000001,10.000000,14.000000,-22.000000,0.033986,0.258896,0.000000,0.000000,0.000000,0.000000,0.000000,1476.000000,164.179169,186.952179,-445.531311,-145.282425,-0.000020,0.000000,9.979882,6504,0,31,0
62.369724,0.009114,-0.326821,-1.066044,0.000000,-0.000033,-0.009988,-0.000044,0.000042,0.000934,0.000005,0.000005,0.000001,10.000000,14.000000,-22.000000,0.033966,0.258896,0.000000,0.000000,0.000000,0.000000,0.000000,1476.000000,164.179169,186.952179,-445.531311,-145.282425,-0.000019,0.000000,9.979782,6504,0,31,0
62.371681,0.009114,-0.326821,-1.066064,0.000000,-0.000033,-0.009986,-0.000046,0.000050,0.000997,0.000006,0.000005,0.000001,10.000000,14.000000,-22.000000,0.033946,0.258896,0.000000,0.000000,0.000000,0.000000,0.000000,1476.000000,164.179169,186.952179,-445.531311,-145.282425,-0.000018,0.000000,9.979682,6504,0,31,0
62.373634,0.009114,-0.326821,-1.066084,0.000000,-0.000033,-0.009984,-0.000048,0.000058,0.001055,0.000006,0.000005,0.000001,10.000000,14.000000,-22.000000,0.033926,0.258896,0.000000,0.000000,0.000000,0.000000,0.000000,1476.000000,164.179169,186.952179,-445.531311,-145.282425,-0.000018,0.000000,9.979582,6504,0,31,0
62.375587,0.009114,-0.326821,-1.066104,-0.000000,-0.000033,-0.009982,-0.000050,0.000067,0.001108,0.000007,0.000005,0.000001,10.000000,14.000000,-22.000000,0.033906,0.258896,0.000000,0.000000,0.000000,0.000000,0.000000,1476.000000,164.179169,186.952179,-445.531311,-145.282425,-0.000017,0.000000,9.979483,6504,0,31,0
62.377541,0.009114,-0.326821,-1.066124,-0.000000,-0.000033,-0.009979,-0.000051,0.000075,0.001155,0.000008,0.000005,0.000001,10.000000,14.000000,-22.000000,0.033886,0.258896,0.000000,0.000000,0.000000,0.000000,0.000000,1476.000000,164.179169,186.952179,-445.531311,-145.282425,-0.000016,0.000000,9.979383,6503,0,31,0
62.379498,0.009114,-0.326821,-1.066144,-0.000000,-0.000033,-0.009977,-0.000052,0.000084,0.001304,0.000009,0.000005,0.000001,10.000000,14.000000,-22.000000,0.033866,0.258896,0.000000,0.000000,0.000000,0.000000,0.000000,1476.000000,164.179169,186.952179,-445.531311,-145.282425,-0.000016,0.000000,9.979282,6503,0,31,0
62.381451,0.009114,-0.326821,-1.066164,-0.000000,-0.000032,-0.009974,-0.000053,0.000092,0.001473,0.000010,0.000005,0.000001,10.000000,14.000000,-22.000000,0.033846,0.258896,0.000000,0.000000,0.000000,0.000000,0.000000,1476.000000,164.179169,186.952179,-445.531311,-145.282425,-0.000015,0.000000,9.979183,6503,0,31,0
62.383404,0.009114,-0.326821,-1.066183,-0.000000,-0.000032,-0.009971,-0.000053,0.000100,0.001627,0.000011,0.000005,0.000001,10.000000,14.000000,-22.000000,0.033826,0.258896,0.000000,0.000000,0.000000,0.000000,0.000000,1476.000000,164.179169,186.952179,-445.531311,-145.282425,-0.000015,0.000000,9.979083,6503,0,31,0
62.385357,0.009114,-0.326821,-1.066203,-0.000001,-0.000032,-0.009967,-0.000053,0.000109,0.001765,0.000012,0.000005,0.000001,10.000000,14.000000,-22.000000,0.033807,0.258896,0.000000,0.000000,0.000000,0.000000,0.000000,1476.000000,164.179169,186.952179,-445.531311,-145.282425,-0.000014,0.000000,9.978984,6503,0,31,0
62.387314,0.009114,-0.326821,-1.066223,-0.000001,-0.000032,-0.009964,-0.000052,0.000117,0.001892,0.000012,0.000005,0.000001,10.000000,14.000000,-22.000000,0.033787,0.258896,0.000000,0.000000,0.000000,0.000000,0.000000,1476.000000,164.179169,186.952179,-445.531311,-145.282425,-0.000014,0.000000,9.978884,6503,0,31,0
62.389267,0.009114,-0.326821,-1.066243,-0.000001,-0.000031,-0.009960,-0.000051,0.000126,0.002006,0.000013,0.000005,0.000001,10.000000,14.000000,-22.000000,0.033767,0.258896,0.000000,0.000000,0.000000,0.000000,0.000000,1476.000000,164.179169,186.952179,-445.531311,-145.282425,-0.000013,0.000000,9.978785,6503,0,31,0
62.391220,0.009114,-0.326821,-1.066263,-0.000001,-0.000031,-0.009955,-0.000049,0.000134,0.002110,0.000014,0.000005,0.000001,10.000000,14.000000,-22.000000,0.033747,0.258896,0.000000,0.000000,0.000000,0.000000,0.000000,1476.000000,164.179169,186.952179,-445.531311,-145.282425,-0.000013,0.000000,9.978685,6503,0,31,0
62.393173,0.009114,-0.326821,-1.066283,-0.000001,-0.000031,-0.009951,-0.000047,0.000143,0.002204,0.000015,0.000005,0.000001,10.000000,14.000000,-22.000000,0.033727,0.258896,0.000000,0.000000,0.000000,0.000000,0.000000,1476.000000,164.179169,186.952179,-445.531311,-145.282425,-0.000013,0.000000,9.978585,6503,0,31,0
62.395126,0.009114,-0.326821,-1.066303,-0.000001,-0.000031,-0.009947,-0.000045,0.000151,0.002289,0.000016,0.000004,0.000001,10.000000,14.000000,-22.000000,0.033707,0.258896,0.000000,0.000000,0.000000,0.000000,0.000000,1476.000000,164.179169,186.952179,-445.531311,-145.282425,-0.000012,0.000000,9.978486,6503,0,31,0
62.397083,0.009114,-0.326821,-1.066323,-0.000001,-0.000030,-0.009942,-0.000042,0.000159,0.002366,0.000017,0.000004,0.000001,10.000000,14.000000,-22.000000,0.033687,0.258896,0.000000,0.000000,0.000000,0.000000,0.000000,1476.000000,164.179169,186.952179,-445.531311,-145.282425,-0.000012,0.000000,9.978386,6503,0,31,0
62.399036,0.009114,-0.326821,-1.066343,-0.000001,-0.000030,-0.009937,-0.000038,0.000168,0.002436,0.000018,0.000004,0.000001,10.000000,14.000000,-22.000000,0.033667,0.258896,0.000000,0.000000,0.000000,0.000000,0.000000,1476.000000,164.179169,186.952179,-445.531311,-145.282425,-0.000012,0.000000,9.978287,6503,0,31,0
62.400990,0.009114,-0.326822,-1.066363,-0.000001,-0.000030,-0.009932,-0.000035,0.000176,0.002500,0.000018,0.000003,0.000001,10.000000,14.000000,-22.000000,0.033647,0.258896,0.000000,0.000000,0.000000,0.000000,0.000000,1476.000000,164.179169,186.952179,-445.531311,-145.282425,-0.000012,0.000000,9.978188,6503,0,32,0
62.402943,0.009114,-0.326822,-1.066383,-0.000001,-0.000029,-0.009927,-0.000030,0.000185,0.002559,0.000019,0.000003,0.000001,10.000000,14.000000,-22.000000,0.033628,0.258896,0.000000,0.000000,0.000000,0.000000,0.000000,1476.000000,164.179169,186.952179,-445.531311,-145.282425,-0.000012,0.000000,9.978088,6503,0,32,0
62.404900,0.009114,-0.326822,-1.066402,-0.000001,-0.000029,-0.009922,-0.000026,0.000193,0.002612,0.000020,0.000002,0.000000,10.000000,14.000000,-22.000000,0.033608,0.258896,0.000000,0.000000,0.000000,0.000000,0.000000,1476.000000,164.179169,186.952179,-445.531311,-145.282425,-0.000011,0.000000,9.977989,6503,0,32,0
62.406853,0.009114,-0.326822,-1.066422,-0.000001,-0.000028,-0.009916,-0.000020,0.000201,0.002660,0.000021,0.000002,0.000000,10.000000,15.000000,-14.000000,0.033588,0.258896,0.000000,0.000000,0.000000,0.000000,0.000000,1488.000000,164.179169,186.952179,-445.531311,-145.282425,-0.000011,0.000000,9.977890,6503,0,32,0
62.408806,0.009114,-0.326822,-1.066442,-0.000001,-0.000028,-0.009911,-0.000015,0.000210,0.002703,0.000022,0.000001,0.000000,10.000000,15.000000,-14.000000,0.033568,0.216957,-0.000000,0.000000,0.000000,0.066000,0.061218,1488.000000,121.212151,146.387466,-651.015564,-317.598907,-0.000011,0.000000,9.977791,6502,0,32,0
62.410759,0.009114,-0.326822,-1.066462,-0.000002,-0.000028,-0.009905,-0.000010,0.000218,0.002849,0.000023,0.000001,0.000000,10.000000,15.000000,-14.000000,0.033548,0.216957,-0.000000,0.000000,0.000000,0.000000,0.061218,1488.000000,121.212151,146.387466,-651.015564,-317.598907,-0.000011,0.000000,9.977692,6502,0,32,0
62.412712,0.009114,-0.326822,-1.066482,-0.000002,-0.000027,-0.009899,-0.000005,0.000227,0.003015,0.000024,0.000000,0.000000,10.000000,15.000000,-14.000000,0.033528,0.216957,-0.000000,0.000000,0.000000,0.000000,0.061218,1488.000000,121.212151,146.387466,-651.015564,-317.598907,-0.000011,0.000000,9.977592,6502,0,32,0
62.414669,0.009114,-0.326822,-1.066501,-0.000002,-0.000027,-0.009893,0.000001,0.000235,0.003165,0.000024,-0.000000,0.000000,10.000000,15.000000,-14.000000,0.033509,0.216957,-0.000000,0.000000,0.000000,0.000000,0.061218,1488.000000,121.212151,146.387466,-651.015564,-317.598907,-0.000011,0.000000,9.977493,6502,0,32,0
62.416622,0.009114,-0.326822,-1.066521,-0.000002,-0.000026,-0.009887,0.000006,0.000244,0.003302,0.000025,-0.000001,0.000000,10.000000,15.000000,-14.000000,0.033489,0.216957,-0.000000,0.000000,0.000000,0.000000,0.061218,1488.000000,121.212151,146.387466,-651.015564,-317.598907,-0.000011,0.000000,9.977394,6502,0,32,0
62.418575,0.009114,-0.326822,-1.066541,-0.000001,-0.000026,-0.009880,0.000011,0.000252,0.003426,0.000026,-0.000001,0.000000,10.000000,15.000000,-14.000000,0.033469,0.216957,-0.000000,0.000000,0.000000,0.000000,0.061218,1488.000000,121.212151,146.387466,-651.015564,-317.598907,-0.000011,0.000000,9.977296,6502,0,32,0
62.420528,0.009114,-0.326822,-1.066561,-0.000001,-0.000025,-0.009873,0.000016,0.000260,0.003538,0.000027,-0.000002,0.000000,10.000000,15.000000,-14.000000,0.033449,0.216957,-0.000000,0.000000,0.000000,0.000000,0.061218,1488.000000,121.212151,146.387466,-651.015564,-317.598907,-0.000011,0.000000,9.977197,6502,0,32,0
62.422485,0.009114,-0.326822,-1.066580,-0.000001,-0.000025,-0.009866,0.000020,0.000269,0.003640,0.000028,-0.000002,0.000000,10.000000,15.000000,-14.000000,0.033430,0.216957,-0.000000,0.000000,0.000000,0.000000,0.061218,1488.000000,121.212151,146.387466,-651.015564,-317.598907,-0.000010,0.000000,9.977098,6502,0,32,0
62.424438,0.009114,-0.326822,-1.066600,-0.000001,-0.000024,-0.009858,0.000025,0.000277,0.003732,0.000029,-0.000003,0.000000,10.000000,15.000000,-14.000000,0.033410,0.216957,-0.000000,0.000000,0.000000,0.000000,0.061218,1488.000000,121.212151,146.387466,-651.015564,-317.598907,-0.000010,0.000000,9.976999,6502,0,32,0
62.426392,0.009114,-0.326822,-1.066620,-0.000001,-0.000024,-0.009851,0.000029,0.000286,0.003816,0.000030,-0.000003,0.000000,10.000000,15.000000,-14.000000,0.033390,0.216957,-0.000000,0.000000,0.000000,0.000000,0.061218,1488.000000,121.212151,146.387466,-651.015564,-317.598907,-0.000010,0.000000,9.976901,6502,0,32,0
62.428345,0.009114,-0.326822,-1.066640,-0.000001,-0.000023,-0.009843,0.000032,0.000294,0.003892,0.000030,-0.000003,0.000000,10.000000,15.000000,-14.000000,0.033370,0.216957,-0.000000,0.000000,0.000000,0.000000,0.061218,1488.000000,121.212151,146.387466,-651.015564,-317.598907,-0.000010,0.000000,9.976803,6502,0,32,0
62.430302,0.009114,-0.326822,-1.066659,-0.000001,-0.000022,-0.009835,0.000035,0.000303,0.003960,0.000031,-0.000004,0.000000,10.000000,15.000000,-14.000000,0.033351,0.216957,-0.000000,0.000000,0.000000,0.000000,0.061218,1488.000000,121.212151,146.387466,-651.015564,-317.598907,-0.000010,0.000000,9.976705,6502,0,32,0
62.432255,0.009114,-0.326822,-1.066679,-0.000001,-0.000022,-0.009827,0.000038,0.000311,0.004023,0.000032,-0.000004,0.000000,10.000000,15.000000,-14.000000,0.033331,0.216957,-0.000000,0.000000,0.000000,0.000000,0.061218,1488.000000,121.212151,146.387466,-651.015564,-317.598907,-0.000010,0.000000,9.976606,6502,0,32,0
62.434208,0.009114,-0.326822,-1.066699,-0.000001,-0.000021,-0.009819,0.000040,0.000319,0.004080,0.000033,-0.000004,0.000000,10.000000,15.000000,-14.000000,0.033311,0.216957,-0.000000,0.000000,0.000000,0.000000,0.061218,1488.000000,121.212151,146.387466,-651.015564,-317.598907,-0.000010,0.000000,9.976507,6502,0,32,0
62.436161,0.009114,-0.326822,-1.066718,-0.000001,-0.000020,-0.009811,0.000042,0.000328,0.004131,0.000034,-0.000004,0.000000,10.000000,15.000000,-14.000000,0.033292,0.216957,-0.000000,0.000000,0.000000,0.000000,0.061218,1488.000000,121.212151,146.387466,-651.015564,-317.598907,-0.000010,0.000000,9.976410,6502,0,32,0
62.438114,0.009114,-0.326822,-1.066738,-0.000001,-0.000020,-0.009802,0.000043,0.000336,0.004178,0.000035,-0.000004,0.000000,10.000000,15.000000,-14.000000,0.033272,0.216957,-0.000000,0.000000,0.000000,0.000000,0.061218,1488.000000,121.212151,146.387466,-651.015564,-317.598907,-0.000010,0.000000,9.976313,6501,0,32,0
62.440071,0.009114,-0.326823,-1.066757,-0.000001,-0.000019,-0.009794,0.000044,0.000345,0.004327,0.000036,-0.000004,0.000000,10.000000,15.000000,-14.000000,0.033252,0.216957,-0.000000,0.000000,0.000000,0.000000,0.061218,1488.000000,121.212151,146.387466,-651.015564,-317.598907,-0.000010,0.000000,9.976214,6501,0,32,0
62.442024,0.009114,-0.326823,-1.066777,-0.000001,-0.000018,-0.009785,0.000044,0.000353,0.004495,0.000036,-0.000004,0.000000,10.000000,15.000000,-14.000000,0.033233,0.216957,-0.000000,0.000000,0.000000,0.000000,0.061218,1488.000000,121.212151,146.387466,-651.015564,-317.598907,-0.000010,0.000000,9.976116,6501,0,31,0
62.443977,0.009114,-0.326823,-1.066796,-0.000001,-0.000018,-0.009776,0.000043,0.000361,0.004648,0.000037,-0.000004,0.000000,10.000000,15.000000,-14.000000,0.033213,0.216957,-0.000000,0.000000,0.000000,0.000000,0.061218,1488.000000,121.212151,146.387466,-651.015564,-317.598907,-0.000010,0.000000,9.976019,6501,-1,31,0
62.445930,0.009114,-0.326823,-1.066816,-0.000001,-0.000017,-0.009766,0.000042,0.000370,0.004786,0.000038,-0.000004,0.000000,10.000000,15.000000,-14.000000,0.033194,0.216957,-0.000000,0.000000,0.000000,0.000000,0.061218,1488.000000,121.212151,146.387466,-651.015564,-317.598907,-0.000010,0.000000,9.975921,6501,-1,31,0
62.447887,0.009114,-0.326823,-1.066836,-0.000000,-0.000016,-0.009756,0.000041,0.000378,0.004911,0.000039,-0.000004,0.000000,10.000000,15.000000,-14.000000,0.033174,0.216957,-0.000000,0.000000,0.000000,0.000000,0.061218,1488.000000,121.212151,146.387466,-651.015564,-317.598907,-0.000010,0.000000,9.975823,6501,-1,31,0
62.449841,0.009114,-0.326823,-1.066855,-0.000000,-0.000015,-0.009746,0.000039,0.000386,0.005026,0.000040,-0.000004,0.000000,10.000000,15.000000,-14.000000,0.033155,0.216957,-0.000000,0.000000,0.000000,0.000000,0.061218,1488.000000,121.212151,146.387466,-651.015564,-317.598907,-0.000010,0.000000,9.975725,6501,-1,31,0
62.451794,0.009114,-0.326823,-1.066875,-0.000000,-0.000015,-0.009736,0.000037,0.000394,0.005130,0.000041,-0.000004,-0.000000,10.000000,15.000000,-14.000000,0.033135,0.216957,-0.000000,0.000000,0.000000,0.000000,0.061218,1488.000000,121.212151,146.387466,-651.015564,-317.598907,-0.000010,0.000000,9.975628,6501,-1,31,0
62.453747,0.009114,-0.326823,-1.066894,-0.000000,-0.000014,-0.009726,0.000034,0.000402,0.005223,0.000041,-0.000003,-0.000000,10.000000,15.000000,-14.000000,0.033116,0.216957,-0.000000,0.000000,0.000000,0.000000,0.061218,1488.000000,121.212151,146.387466,-651.015564,-317.598907,-0.000010,0.000000,9.975531,6501,-1,31,0
62.455704,0.009114,-0.326823,-1.066913,-0.000000,-0.000013,-0.009715,0.000031,0.000410,0.005308,0.000042,-0.000003,-0.000000,10.000000,15.000000,-14.000000,0.033096,0.216957,-0.000000,0.000000,0.000000,0.000000,0.061218,1488.000000,121.212151,146.387466,-651.015564,-317.598907,-0.000010,0.000000,9.975433,6501,-1,31,0
62.457657,0.009114,-0.326823,-1.066933,-0.000000,-0.000012,-0.009704,0.000028,0.000417,0.005385,0.000043,-0.000003,-0.000000,10.000000,15.000000,-14.000000,0.033077,0.216957,-0.000000,0.000000,0.000000,0.000000,0.061218,1488.000000,121.212151,146.387466,-651.015564,-317.598907,-0.000010,0.000000,9.975336,6501,-1,31,0
62.459610,0.009114,-0.326823,-1.066952,-0.000000,-0.000011,-0.009694,0.000024,0.000423,0.005455,0.000044,-0.000002,-0.000000,10.000000,15.000000,-14.000000,0.033058,0.216957,-0.000000,0.000000,0.000000,0.000000,0.061218,1488.000000,121.212151,146.387466,-651.015564,-317.598907,-0.000010,0.000000,9.975240,6501,-1,31,0
62.461563,0.009114,-0.326823,-1.066972,-0.000000,-0.000010,-0.009683,0.000020,0.000429,0.005519,0.000044,-0.000002,-0.000000,10.000000,15.000000,-14.000000,0.033038,0.216957,-0.000000,0.000000,0.000000,0.000000,0.061218,1488.000000,121.212151,146.387466,-651.015564,-317.598907,-0.000011,0.000000,9.975142,6501,-1,31,0
62.463516,0.009114,-0.326823,-1.066991,0.000000,-0.000010,-0.009671,0.000016,0.000435,0.005577,0.000045,-0.000001,-0.000000,10.000000,15.000000,-14.000000,0.033019,0.216957,-0.000000,0.000000,0.000000,0.000000,0.061218,1488.000000,121.212151,146.387466,-651.015564,-317.598907,-0.000011,0.000000,9.975046,6501,-1,31,0
62.465473,0.009114,-0.326823,-1.067010,0.000000,-0.000009,-0.009660,0.000012,0.000440,0.005629,0.000045,-0.000001,-0.000000,10.000000,15.000000,-9.000000,0.032999,0.216957,-0.000000,0.000000,0.000000,0.000000,0.061218,1520.000000,121.212151,146.387466,-651.015564,-317.598907,-0.000011,0.000000,9.974949,6501,-1,31,0
62.467426,0.009114,-0.326823,-1.067030,0.000000,-0.000008,-0.009649,0.000007,0.000445,0.005676,0.000046,-0.000000,-0.000000,10.000000,15.000000,-9.000000,0.032980,0.204111,0.000000,0.000000,0.000000,0.067000,0.157945,1520.000000,74.626831,97.997345,-695.302979,-455.358154,-0.000011,0.000000,9.974853,6501,-1,31,0
62.469379,0.009114,-0.326823,-1.067049,0.000000,-0.000007,-0.009637,0.000002,0.000449,0.005719,0.000046,0.000000,-0.000000,10.000000,15.000000,-9.000000,0.032961,0.204111,0.000000,0.000000,0.000000,0.000000,0.157945,1520.000000,74.626831,97.997345,-695.302979,-455.358154,-0.000011,0.000000,9.974756,6500,-1,31,0
62.471333,0.009114,-0.326823,-1.067068,0.000000,-0.000006,-0.009626,-0.000003,0.000452,0.005865,0.000046,0.000001,-0.000000,10.000000,15.000000,-9.000000,0.032942,0.204111,0.000000,0.000000,0.000000,0.000000,0.157945,1520.000000,74.626831,97.997345,-695.302979,-455.358154,-0.000011,0.000000,9.974661,6500,-1,31,0
62.473289,0.009114,-0.326823,-1.067087,0.000000,-0.000005,-0.009614,-0.000008,0.000455,0.006030,0.000047,0.000001,-0.000000,10.000000,15.000000,-9.000000,0.032922,0.204111,0.000000,0.000000,0.000000,0.000000,0.157945,1520.000000,74.626831,97.997345,-695.302979,-455.358154,-0.000011,0.000000,9.974565,6500,-1,31,0
62.475243,0.009114,-0.326823,-1.067106,0.000000,-0.000004,-0.009602,-0.000014,0.000457,0.006181,0.000047,0.000002,-0.000000,10.000000,15.000000,-9.000000,0.032903,0.204111,0.000000,0.000000,0.000000,0.000000,0.157945,1520.000000,74.626831,97.997345,-695.302979,-455.358154,-0.000011,0.000000,9.974468,6500,-1,31,0
62.477196,0.009114,-0.326823,-1.067126,0.000000,-0.000003,-0.009589,-0.000019,0.000458,0.006317,0.000047,0.000002,-0.000000,10.000000,15.000000,-9.000000,0.032884,0.204111,0.000000,0.000000,0.000000,0.000000,0.157945,1520.000000,74.626831,97.997345,-695.302979,-455.358154,-0.000012,0.000000,9.974372,6500,-1,31,0
62.479149,0.009114,-0.326823,-1.067145,-0.000000,-0.000002,-0.009576,-0.000025,0.000459,0.006441,0.000047,0.000003,-0.000000,10.000000,15.000000,-9.000000,0.032865,0.204111,0.000000,0.000000,0.000000,0.000000,0.157945,1520.000000,74.626831,97.997345,-695.302979,-455.358154,-0.000012,0.000000,9.974277,6500,-1,31,0
62.481106,0.009114,-0.326823,-1.067164,-0.000000,-0.000001,-0.009563,-0.000031,0.000459,0.006554,0.000047,0.000003,-0.000000,10.000000,15.000000,-9.000000,0.032846,0.204111,0.000000,0.000000,0.000000,0.000000,0.157945,1520.000000,74.626831,97.997345,-695.302979,-455.358154,-0.000012,0.000000,9.974181,6500,-1,31,0
62.483059,0.009114,-0.326823,-1.067183,-0.000000,-0.000001,-0.009550,-0.000037,0.000458,0.006656,0.000047,0.000004,-0.000000,10.000000,15.000000,-9.000000,0.032826,0.204111,0.000000,0.000000,0.000000,0.000000,0.157945,1520.000000,74.626831,97.997345,-695.302979,-455.358154,-0.000012,0.000000,9.974085,6500,-1,31,0
62.485012,0.009114,-0.326823,-1.067202,-0.000000,0.000000,-0.009536,-0.000044,0.000456,0.006748,0.000046,0.000005,-0.000000,10.000000,15.000000,-9.000000,0.032807,0.204111,0.000000,0.000000,0.000000,0.000000,0.157945,1520.000000,74.626831,97.997345,-695.302979,-455.358154,-0.000012,0.000000,9.973989,6500,0,31,0
62.486965,0.009114,-0.326823,-1.067221,-0.000000,0.000001,-0.009523,-0.000050,0.000454,0.006831,0.000046,0.000005,-0.000000,10.000000,15.000000,-9.000000,0.032788,0.204111,0.000000,0.000000,0.000000,0.000000,0.157945,1520.000000,74.626831,97.997345,-695.302979,-455.358154,-0.000012,0.000000,9.973894,6500,0,31,0
62.488918,0.009114,-0.326823,-1.067240,-0.000000,0.000002,-0.009509,-0.000057,0.000451,0.006906,0.000046,0.000006,-0.000000,10.000000,15.000000,-9.000000,0.032769,0.204111,0.000000,0.000000,0.000000,0.000000,0.157945,1520.000000,74.626831,97.997345,-695.302979,-455.358154,-0.000013,0.000000,9.973800,6500,0,31,0
62.490875,0.009114,-0.326823,-1.067259,-0.000001,0.000003,-0.009495,-0.000064,0.000447,0.006975,0.000045,0.000007,-0.000000,10.000000,15.000000,-9.000000,0.032750,0.204111,0.000000,0.000000,0.000000,0.000000,0.157945,1520.000000,74.626831,97.997345,-695.302979,-455.358154,-0.000013,0.000000,9.973704,6500,0,31,0
62.492828,0.009114,-0.326823,-1.067278,-0.000001,0.000004,-0.009481,-0.000070,0.000443,0.007038,0.000045,0.000008,-0.000000,10.000000,15.000000,-9.000000,0.032731,0.204111,0.000000,0.000000,0.000000,0.000000,0.157945,1520.000000,74.626831,97.997345,-695.302979,-455.358154,-0.000013,0.000000,9.973609,6500,0,31,0
62.494781,0.009114,-0.326823,-1.067297,-0.000001,0.000005,-0.009467,-0.000077,0.000438,0.007094,0.000045,0.000008,-0.000001,10.000000,15.000000,-9.000000,0.032712,0.204111,0.000000,0.000000,0.000000,0.000000,0.157945,1520.000000,74.626831,97.997345,-695.302979,-455.358154,-0.000013,0.000000,9.973515,6500,0,31,0
62.496735,0.009114,-0.326823,-1.067316,-0.000001,0.000006,-0.009453,-0.000084,0.000433,0.007145,0.000044,0.000009,-0.000001,10.000000,15.000000,-9.000000,0.032693,0.204111,0.000000,0.000000,0.000000,0.000000,0.157945,1520.000000,74.626831,97.997345,-695.302979,-455.358154,-0.000013,0.000000,9.973419,6500,0,31,0
62.498692,0.009114,-0.326823,-1.067335,-0.000001,0.000007,-0.009438,-0.000090,0.000428,0.007191,0.000043,0.000010,-0.000001,10.000000,15.000000,-9.000000,0.032675,0.204111,0.000000,0.000000,0.000000,0.000000,0.157945,1520.000000,74.626831,97.997345,-695.302979,-455.358154,-0.000013,0.000000,9.973326,6500,0,30,0
62.500645,0.009114,-0.326823,-1.067354,-0.000001,0.000007,-0.009424,-0.000097,0.000422,0.007234,0.000043,0.000010,-0.000001,10.000000,15.000000,-9.000000,0.032656,0.204111,0.000000,0.000000,0.000000,0.000000,0.157945,1520.000000,74.626831,97.997345,-695.302979,-455.358154,-0.000013,0.000000,9.973231,6499,0,30,0
62.502598,0.009114,-0.326823,-1.067373,-0.000002,0.000008,-0.009409,-0.000103,0.000415,0.007378,0.000042,0.000011,-0.000001,10.000000,15.000000,-9.000000,0.032637,0.204111,0.000000,0.000000,0.000000,0.000000,0.157945,1520.000000,74.626831,97.997345,-695.302979,-455.358154,-0.000013,0.000000,9.973138,6499,0,30,0
62.504551,0.009114,-0.326823,-1.067391,-0.000002,0.000009,-0.009394,-0.000109,0.000408,0.007543,0.000041,0.000011,-0.000001,10.000000,15.000000,-9.000000,0.032618,0.204111,0.000000,0.000000,0.000000,0.000000,0.157945,1520.000000,74.626831,97.997345,-695.302979,-455.358154,-0.000013,0.000000,9.973043,6499,0,30,0
62.506508,0.009114,-0.326823,-1.067410,-0.000002,0.000010,-0.009379,-0.000114,0.000401,0.007692,0.000041,0.000012,-0.000001,10.000000,15.000000,-9.000000,0.032599,0.204111,0.000000,0.000000,0.000000,0.000000,0.157945,1520.000000,74.626831,97.997345,-695.302979,-455.358154,-0.000013,0.000000,9.972950,6499,0,30,0
62.508461,0.009114,-0.326823,-1.067429,-0.000002,0.000011,-0.009363,-0.000120,0.000394,0.007828,0.000040,0.000012,-0.000001,10.000000,15.000000,-9.000000,0.032580,0.204111,0.000000,0.000000,0.000000,0.000000,0.157945,1520.000000,74.626831,97.997345,-695.302979,-455.358154,-0.000013,0.000000,9.972857,6499,0,30,0
62.510414,0.009114,-0.326823,-1.067448,-0.000003,0.000011,-0.009347,-0.000125,0.000386,0.007951,0.000039,0.000013,-0.000001,10.000000,15.000000,-9.000000,0.032562,0.204111,0.000000,0.000000,0.000000,0.000000,0.157945,1520.000000,74.626831,97.997345,-695.302979,-455.358154,-0.000013,0.000000,9.972762,6499,0,30,0
62.512367,0.009114,-0.326823,-1.067466,-0.000003,0.000012,-0.009331,-0.000130,0.000379,0.008062,0.000038,0.000013,-0.000001,10.000000,15.000000,-9.000000,0.032543,0.204111,0.000000,0.000000,0.000000,0.000000,0.157945,1520.000000,74.626831,97.997345,-695.302979,-455.358154,-0.000013,0.000000,9.972669,6499,0,30,0
62.514320,0.009114,-0.326823,-1.067485,-0.000003,0.000013,-0.009315,-0.000134,0.000371,0.008163,0.000037,0.000014,-0.000001,10.000000,15.000000,-9.000000,0.032524,0.204111,0.000000,0.000000,0.000000,0.000000,0.157945,1520.000000,74.626831,97.997345,-695.302979,-455.358154,-0.000013,0.000000,9.972575,6499,0,30,0
62.516277,0.009114,-0.326823,-1.067504,-0.000003,0.000014,-0.009299,-0.000138,0.000363,0.008255,0.000037,0.000014,-0.000001,10.000000,15.000000,-9.000000,0.032506,0.204111,0.000000,0.000000,0.000000,0.000000,0.157945,1520.000000,74.626831,97.997345,-695.302979,-455.358154,-0.000013,0.000000,9.972483,6499,0,31,0
62.518230,0.009114,-0.326823,-1.067522,-0.000004,0.000014,-0.009282,-0.000142,0.000354,0.008338,0.000036,0.000015,-0.000001,10.000000,15.000000,-9.000000,0.032487,0.204111,0.000000,0.000000,0.000000,0.000000,0.157945,1520.000000,74.626831,97.997345,-695.302979,-455.358154,-0.000013,0.000000,9.972389,6499,0,31,0
62.520184,0.009114,-0.326823,-1.067541,-0.000004,0.000015,-0.009265,-0.000145,0.000346,0.008413,0.000035,0.000015,-0.000001,10.000000,15.000000,-9.000000,0.032469,0.204111,0.000000,0.000000,0.000000,0.000000,0.157945,1520.000000,74.626831,97.997345,-695.302979,-455.358154,-0.000014,0.000000,9.972297,6499,0,31,0
62.522137,0.009114,-0.326823,-1.067559,-0.000004,0.000016,-0.009248,-0.000148,0.000337,0.008482,0.000034,0.000015,-0.000001,10.000000,15.000000,-9.000000,0.032450,0.204111,0.000000,0.000000,0.000000,0.000000,0.157945,1520.000000,74.626831,97.997345,-695.302979,-455.358154,-0.000014,0.000000,9.972204,6499,0,31,0
62.524094,0.009114,-0.326823,-1.067578,-0.000004,0.000016,-0.009231,-0.000151,0.000329,0.008544,0.000033,0.000016,-0.000001,10.000000,15.000000,-9.000000,0.032432,0.204111,0.000000,0.000000,0.000000,0.000000,0.157945,1520.000000,74.626831,97.997345,-695.302979,-455.358154,-0.000014,0.000000,9.972113,6499,0,31,0
62.526047,0.009114,-0.326823,-1.067596,-0.000005,0.000017,-0.009214,-0.000153,0.000320,0.008600,0.000032,0.000016,-0.000001,10.000000,15.000000,-9.000000,0.032413,0.204111,0.000000,0.000000,0.000000,0.000000,0.157945,1520.000000,74.626831,97.997345,-695.302979,-455.358154,-0.000014,0.000000,9.972020,6499,0,31,0
62.528000,0.009114,-0.326823,-1.067614,-0.000005,0.000018,-0.009197,-0.000155,0.000311,0.008651,0.000031,0.000016,-0.000001,10.000000,15.000000,-9.000000,0.032395,0.204111,0.000000,0.000000,0.000000,0.000000,0.157945,1520.000000,74.626831,97.997345,-695.302979,-455.358154,-0.000014,0.000000,9.971929,6499,0,31,0
62.529953,0.009114,-0.326822,-1.067633,-0.000005,0.000018,-0.009179,-0.000156,0.000302,0.008697,0.000030,0.000016,-0.000001,10.000000,15.000000,-9.000000,0.032376,0.204111,0.000000,0.000000,0.000000,0.000000,0.157945,1520.000000,74.626831,97.997345,-695.302979,-455.358154,-0.000014,0.000000,9.971837,6499,0,31,0
62.531906,0.009114,-0.326822,-1.067651,-0.000006,0.000019,-0.009162,-0.000157,0.000293,0.008739,0.000029,0.000016,-0.000001,10.000000,15.000000,-9.000000,0.032358,0.204111,0.000000,0.000000,0.000000,0.000000,0.157945,1520.000000,74.626831,97.997345,-695.302979,-455.358154,-0.000014,0.000000,9.971745,6499,0,31,0
62.533863,0.009114,-0.326822,-1.067670,-0.000006,0.000019,-0.009144,-0.000158,0.000284,0.008777,0.000029,0.000016,-0.000001,10.000000,15.000000,-9.000000,0.032340,0.204111,0.000000,0.000000,0.000000,0.000000,0.157945,1520.000000,74.626831,97.997345,-695.302979,-455.358154,-0.000014,0.000000,9.971653,6498,0,31,0
62.535816,0.009114,-0.326822,-1.067688,-0.000006,0.000020,-0.009127,-0.000158,0.000275,0.008917,0.000028,0.000016,-0.000001,10.000000,15.000000,-9.000000,0.032321,0.204111,0.000000,0.000000,0.000000,0.000000,0.157945,1520.000000,74.626831,97.997345,-695.302979,-455.358154,-0.000014,0.000000,9.971561,6498,0,31,0
62.537769,0.009114,-0.326822,-1.067706,-0.000007,0.000021,-0.009109,-0.000157,0.000265,0.009079,0.000027,0.000016,-0.000001,10.000000,15.000000,-9.000000,0.032303,0.204111,0.000000,0.000000,0.000000,0.000000,0.157945,1520.000000,74.626831,97.997345,-695.302979,-455.358154,-0.000014,0.000000,9.971471,6498,0,31,0
62.539722,0.009114,-0.326822,-1.067724,-0.000007,0.000021,-0.009090,-0.000156,0.000256,0.009225,0.000026,0.000016,-0.000001,10.000000,15.000000,-9.000000,0.032285,0.204111,0.000000,0.000000,0.000000,0.000000,0.157945,1520.000000,74.626831,97.997345,-695.302979,-455.358154,-0.000014,0.000000,9.971379,6498,0,31,0
62.541679,0.009114,-0.326822,-1.067742,-0.000007,0.000022,-0.009071,-0.000155,0.000246,0.009358,0.000025,0.000016,-0.000001,10.000000,15.000000,-9.000000,0.032267,0.204111,0.000000,0.000000,0.000000,0.000000,0.157945,1520.000000,74.626831,97.997345,-695.302979,-455.358154,-0.000014,0.000000,9.971289,6498,0,31,0
62.543633,0.009114,-0.326822,-1.067760,-0.000008,0.000022,-0.009053,-0.000153,0.000237,0.009478,0.000024,0.000016,-0.000001,10.000000,14.000000,-7.000000,0.032249,0.204111,0.000000,0.000000,0.000000,0.000000,0.157945,1518.000000,74.626831,97.997345,-695.302979,-455.358154,-0.000014,0.000000,9.971198,6498,0,31,0
62.545586,0.009114,-0.326822,-1.067778,-0.000008,0.000022,-0.009033,-0.000151,0.000228,0.009587,0.000023,0.000015,-0.000001,10.000000,14.000000,-7.000000,0.032231,0.204111,0.000000,0.000000,0.000000,-0.932999,0.157945,1518.000000,74.626831,97.997345,-695.302979,-455.358154,-0.000014,0.000000,9.971108,6498,0,31,0
62.547539,0.009114,-0.326822,-1.067797,-0.000008,0.000023,-0.009014,-0.000148,0.000218,0.009686,0.000022,0.000015,-0.000001,10.000000,14.000000,-7.000000,0.032212,0.204111,0.000000,0.000000,0.000000,0.000000,0.157945,1518.000000,74.626831,97.997345,-695.302979,-455.358154,-0.000014,0.000000,9.971018,6498,0,31,0
62.549496,0.009114,-0.326822,-1.067815,-0.000009,0.000023,-0.008995,-0.000145,0.000209,0.009776,0.000021,0.000015,-0.000001,10.000000,14.000000,-7.000000,0.032194,0.204111,0.000000,0.000000,0.000000,0.000000,0.157945,1518.000000,74.626831,97.997345,-695.302979,-455.358154,-0.000014,0.000000,9.970928,6498,0,31,0
62.551449,0.009114,-0.326822,-1.067832,-0.000009,0.000024,-0.008975,-0.000142,0.000199,0.009857,0.000020,0.000014,-0.000001,10.000000,14.000000,-7.000000,0.032176,0.204111,0.000000,0.000000,0.000000,0.000000,0.157945,1518.000000,74.626831,97.997345,-695.302979,-455.358154,-0.000014,0.000000,9.970838,6498,0,31,0
62.553402,0.009114,-0.326822,-1.067850,-0.000009,0.000024,-0.008955,-0.000137,0.000189,0.009932,0.000019,0.000014,-0.000001,10.000000,14.000000,-7.000000,0.032159,0.204111,0.000000,0.000000,0.000000,0.000000,0.157945,1518.000000,74.626831,97.997345,-695.302979,-455.358154,-0.000014,0.000000,9.970749,6498,0,31,0
62.555355,0.009114,-0.326822,-1.067868,-0.000009,0.000025,-0.008935,-0.000133,0.000180,0.009999,0.000018,0.000013,-0.000001,10.000000,14.000000,-7.000000,0.032141,0.204111,0.000000,0.000000,0.000000,0.000000,0.157945,1518.000000,74.626831,97.997345,-695.302979,-455.358154,-0.000014,0.000000,9.970658,6498,0,31,0
62.557308,0.009114,-0.326822,-1.067886,-0.000010,0.000025,-0.008915,-0.000128,0.000170,0.010060,0.000017,0.000013,-0.000001,10.000000,14.000000,-7.000000,0.032123,0.204111,0.000000,0.000000,0.000000,0.000000,0.157945,1518.000000,74.626831,97.997345,-695.302979,-455.358154,-0.000014,0.000000,9.970570,6498,0,31,0
62.559265,0.009114,-0.326822,-1.067904,-0.000010,0.000025,-0.008895,-0.000122,0.000160,0.010115,0.000016,0.000012,-0.000001,10.000000,14.000000,-7.000000,0.032105,0.204111,0.000000,0.000000,0.000000,0.000000,0.157945,1518.000000,74.626831,97.997345,-695.302979,-455.358154,-0.000014,0.000000,9.970481,6498,0,31,0
62.561218,0.009114,-0.326822,-1.067922,-0.000010,0.000025,-0.008875,-0.000116,0.000151,0.010165,0.000015,0.000012,-0.000001,10.000000,14.000000,-7.000000,0.032087,0.204111,0.000000,0.000000,0.000000,0.000000,0.157945,1518.000000,74.626831,97.997345,-695.302979,-455.358154,-0.000014,0.000000,9.970391,6498,0,31,0
62.563171,0.009114,-0.326822,-1.067939,-0.000010,0.000026,-0.008854,-0.000110,0.000141,0.010211,0.000014,0.000011,-0.000001,10.000000,14.000000,-7.000000,0.032069,0.204111,0.000000,0.000000,0.000000,0.000000,0.157945,1518.000000,74.626831,97.997345,-695.302979,-455.358154,-0.000014,0.000000,9.970304,6498,0,31,0
62.565125,0.009114,-0.326822,-1.067957,-0.000011,0.000026,-0.008834,-0.000103,0.000131,0.010252,0.000013,0.000010,-0.000001,10.000000,14.000000,-7.000000,0.032052,0.204111,0.000000,0.000000,0.000000,0.000000,0.157945,1518.000000,74.626831,97.997345,-695.302979,-455.358154,-0.000014,0.000000,9.970216,6498,0,31,0
62.567081,0.009114,-0.326822,-1.067975,-0.000011,0.000026,-0.008813,-0.000095,0.000121,0.010289,0.000012,0.000009,-0.000002,10.000000,14.000000,-7.000000,0.032034,0.204111,0.000000,0.000000,0.000000,0.000000,0.157945,1518.000000,74.626831,97.997345,-695.302979,-455.358154,-0.000014,0.000000,9.970127,6497,0,31,0
62.569035,0.009114,-0.326822,-1.067992,-0.000011,0.000027,-0.008792,-0.000087,0.000112,0.010430,0.000011,0.000008,-0.000002,10.000000,14.000000,-7.000000,0.032017,0.204111,0.000000,0.000000,0.000000,0.000000,0.157945,1518.000000,74.626831,97.997345,-695.302979,-455.358154,-0.000014,0.000000,9.970039,6497,0,31,0
62.570988,0.009114,-0.326822,-1.068010,-0.000011,0.000027,-0.008771,-0.000079,0.000102,0.010591,0.000010,0.000008,-0.000002,10.000000,14.000000,-7.000000,0.031999,0.204111,0.000000,0.000000,0.000000,0.000000,0.157945,1518.000000,74.626831,97.997345,-695.302979,-455.358154,-0.000014,0.000000,9.969951,6497,0,32,0
62.572941,0.009114,-0.326821,-1.068027,-0.000011,0.000027,-0.008750,-0.000070,0.000092,0.010737,0.000009,0.000007,-0.000002,10.000000,14.000000,-7.000000,0.031981,0.204111,0.000000,0.000000,0.000000,0.000000,0.157945,1518.000000,74.626831,97.997345,-695.302979,-455.358154,-0.000014,0.000000,9.969863,6497,0,32,0
62.574898,0.009114,-0.326821,-1.068045,-0.000011,0.000027,-0.008728,-0.000061,0.000082,0.010871,0.000008,0.000006,-0.000002,10.000000,14.000000,-7.000000,0.031964,0.204111,0.000000,0.000000,0.000000,0.000000,0.157945,1518.000000,74.626831,97.997345,-695.302979,-455.358154,-0.000014,0.000000,9.969776,6497,0,32,0
62.576851,0.009114,-0.326821,-1.068062,-0.000011,0.000027,-0.008706,-0.000051,0.000073,0.010992,0.000007,0.000005,-0.000002,10.000000,14.000000,-7.000000,0.031946,0.204111,0.000000,0.000000,0.000000,0.000000,0.157945,1518.000000,74.626831,97.997345,-695.302979,-455.358154,-0.000014,0.000000,9.969688,6497,0,32,0
62.578804,0.009114,-0.326821,-1.068080,-0.000012,0.000027,-0.008684,-0.000041,0.000063,0.011101,0.000006,0.000004,-0.000002,10.000000,14.000000,-7.000000,0.031929,0.204111,0.000000,0.000000,0.000000,0.000000,0.157945,1518.000000,74.626831,97.997345,-695.302979,-455.358154,-0.000014,0.000000,9.969602,6497,0,32,0
62.580757,0.009114,-0.326821,-1.068097,-0.000012,0.000027,-0.008662,-0.000031,0.000053,0.011200,0.000005,0.000003,-0.000002,10.000000,14.000000,-7.000000,0.031912,0.204111,0.000000,0.000000,0.000000,0.000000,0.157945,1518.000000,74.626831,97.997345,-695.302979,-455.358154,-0.000014,0.000000,9.969516,6497,0,32,0
62.582710,0.009114,-0.326821,-1.068114,-0.000012,0.000028,-0.008639,-0.000021,0.000043,0.011291,0.000004,0.000002,-0.000002,10.000000,14.000000,-7.000000,0.031894,0.204111,0.000000,0.000000,0.000000,0.000000,0.157945,1518.000000,74.626831,97.997345,-695.302979,-455.358154,-0.000014,0.000000,9.969429,6497,0,32,0
62.584667,0.009114,-0.326821,-1.068132,-0.000012,0.000028,-0.008617,-0.000011,0.000033,0.011373,0.000003,0.000001,-0.000002,10.000000,14.000000,-7.000000,0.031877,0.204111,0.000000,0.000000,0.000000,0.000000,0.157945,1518.000000,74.626831,97.997345,-695.302979,-455.358154,-0.000014,0.000000,9.969343,6497,0,32,0
62.586620,0.009114,-0.326821,-1.068149,-0.000012,0.000028,-0.008594,-0.000002,0.000023,0.011447,0.000002,-0.000000,-0.000002,10.000000,14.000000,-7.000000,0.031860,0.204111,0.000000,0.000000,0.000000,0.000000,0.157945,1518.000000,74.626831,97.997345,-695.302979,-455.358154,-0.000014,0.000000,9.969256,6497,0,32,0
62.588573,0.009114,-0.326821,-1.068166,-0.000012,0.000028,-0.008571,0.000008,0.000014,0.011514,0.000001,-0.000001,-0.000002,10.000000,14.000000,-7.000000,0.031843,0.204111,0.000000,0.000000,0.000000,0.000000,0.157945,1518.000000,74.626831,97.997345,-695.302979,-455.358154,-0.000014,0.000000,9.969171,6497,0,32,0
62.590527,0.009113,-0.326821,-1.068183,-0.000012,0.000028,-0.008548,0.000017,0.000004,0.011575,-0.000000,-0.000002,-0.000002,10.000000,14.000000,-7.000000,0.031826,0.204111,0.000000,0.000000,0.000000,0.000000,0.157945,1518.000000,74.626831,97.997345,-695.302979,-455.358154,-0.000014,0.000000,9.969085,6497,0,32,0
62.592484,0.009113,-0.326821,-1.068200,-0.000012,0.000028,-0.008524,0.000026,-0.000006,0.011630,-0.000001,-0.000003,-0.000002,10.000000,14.000000,-7.000000,0.031808,0.204111,0.000000,0.000000,0.000000,0.000000,0.157945,1518.000000,74.626831,97.997345,-695.302979,-455.358154,-0.000014,0.000000,9.969000,6497,0,32,0
62.594437,0.009113,-0.326821,-1.068217,-0.000012,0.000028,-0.008501,0.000035,-0.000016,0.011680,-0.000002,-0.000004,-0.000002,10.000000,14.000000,-7.000000,0.031791,0.204111,0.000000,0.000000,0.000000,0.000000,0.157945,1518.000000,74.626831,97.997345,-695.302979,-455.358154,-0.000014,0.000000,9.968915,6497,0,32,0
62.596390,0.009113,-0.326821,-1.068234,-0.000011,0.000028,-0.008478,0.000044,-0.000026,0.011726,-0.000003,-0.000005,-0.000002,10.000000,14.000000,-7.000000,0.031775,0.204111,0.000000,0.000000,0.000000,0.000000,0.157945,1518.000000,74.626831,97.997345,-695.302979,-455.358154,-0.000014,0.000000,9.968830,6497,0,32,0
62.598343,0.009113,-0.326821,-1.068251,-0.000011,0.000028,-0.008454,0.000052,-0.000036,0.011766,-0.000004,-0.000006,-0.000002,10.000000,14.000000,-7.000000,0.031758,0.204111,0.000000,0.000000,0.000000,0.000000,0.157945,1518.000000,74.626831,97.997345,-695.302979,-455.358154,-0.000014,0.000000,9.968746,6497,0,32,0
62.600300,0.009113,-0.326821,-1.068268,-0.000011,0.000027,-0.008430,0.000059,-0.000045,0.011804,-0.000005,-0.000006,-0.000002,10.000000,14.000000,-7.000000,0.031741,0.204111,0.000000,0.000000,0.000000,0.000000,0.157945,1518.000000,74.626831,97.997345,-695.302979,-455.358154,-0.000014,0.000000,9.968662,6497,0,32,0
62.602253,0.009113,-0.326821,-1.068285,-0.000011,0.000027,-0.008407,0.000066,-0.000055,0.011837,-0.000006,-0.000007,-0.000002,10.000000,14.000000,-9.000000,0.031724,0.204111,0.000000,0.000000,0.000000,0.000000,0.157945,1542.000000,74.626831,97.997345,-695.302979,-455.358154,-0.000014,0.000000,9.968577,6496,0,32,0
62.604206,0.009113,-0.326821,-1.068301,-0.000011,0.000027,-0.008383,0.000073,-0.000065,0.011974,-0.000007,-0.000008,-0.000002,10.000000,14.000000,-9.000000,0.031707,0.185594,-0.000003,0.000000,0.000000,0.066000,0.118372,1542.000000,0.000000,29.816637,-1130.709595,-678.242798,-0.000014,0.000000,9.968493,6496,0,32,0
62.606159,0.009113,-0.326821,-1.068318,-0.000011,0.000027,-0.008359,0.000079,-0.000075,0.012133,-0.000008,-0.000008,-0.000002,10.000000,14.000000,-9.000000,0.031690,0.185594,-0.000003,0.000000,0.000000,0.000000,0.118372,1542.000000,0.000000,29.816637,-1130.709595,-678.242798,-0.000014,0.000000,9.968410,6496,0,32,0
62.608112,0.009113,-0.326820,-1.068335,-0.000011,0.000027,-0.008334,0.000085,-0.000085,0.012277,-0.000009,-0.000009,-0.000002,10.000000,14.000000,-9.000000,0.031674,0.185594,-0.000003,0.000000,0.000000,0.000000,0.118372,1542.000000,0.000000,29.816637,-1130.709595,-678.242798,-0.000014,0.000000,9.968327,6496,0,32,0
62.610069,0.009113,-0.326820,-1.068352,-0.000010,0.000027,-0.008309,0.000090,-0.000095,0.012408,-0.000010,-0.000009,-0.000002,10.000000,14.000000,-9.000000,0.031657,0.185594,-0.000003,0.000000,0.000000,0.000000,0.118372,1542.000000,0.000000,29.816637,-1130.709595,-678.242798,-0.000014,0.000000,9.968243,6496,0,32,0
62.612022,0.009113,-0.326820,-1.068368,-0.000010,0.000027,-0.008284,0.000094,-0.000105,0.012526,-0.000011,-0.000010,-0.000002,10.000000,14.000000,-9.000000,0.031640,0.185594,-0.000003,0.000000,0.000000,0.000000,0.118372,1542.000000,0.000000,29.816637,-1130.709595,-678.242798,-0.000014,0.000000,9.968160,6496,0,32,0
62.613976,0.009113,-0.326820,-1.068385,-0.000010,0.000026,-0.008259,0.000098,-0.000114,0.012634,-0.000012,-0.000010,-0.000002,10.000000,14.000000,-9.000000,0.031624,0.185594,-0.000003,0.000000,0.000000,0.000000,0.118372,1542.000000,0.000000,29.816637,-1130.709595,-678.242798,-0.000014,0.000000,9.968078,6496,0,32,0
62.615929,0.009113,-0.326820,-1.068401,-0.000010,0.000026,-0.008234,0.000101,-0.000124,0.012731,-0.000013,-0.000010,-0.000002,10.000000,14.000000,-9.000000,0.031607,0.185594,-0.000003,0.000000,0.000000,0.000000,0.118372,1542.000000,0.000000,29.816637,-1130.709595,-678.242798,-0.000014,0.000000,9.967996,6496,0,32,0
62.617886,0.009113,-0.326820,-1.068417,-0.000010,0.000026,-0.008208,0.000104,-0.000134,0.012819,-0.000014,-0.000011,-0.000002,10.000000,14.000000,-9.000000,0.031591,0.185594,-0.000003,0.000000,0.000000,0.000000,0.118372,1542.000000,0.000000,29.816637,-1130.709595,-678.242798,-0.000014,0.000000,9.967913,6496,0,32,0
62.619839,0.009113,-0.326820,-1.068434,-0.000009,0.000026,-0.008183,0.000106,-0.000144,0.012899,-0.000015,-0.000011,-0.000002,10.000000,14.000000,-9.000000,0.031574,0.185594,-0.000003,0.000000,0.000000,0.000000,0.118372,1542.000000,0.000000,29.816637,-1130.709595,-678.242798,-0.000014,0.000000,9.967832,6496,0,32,0
62.621792,0.009113,-0.326820,-1.068450,-0.000009,0.000025,-0.008157,0.000107,-0.000154,0.012973,-0.000016,-0.000011,-0.000002,10.000000,14.000000,-9.000000,0.031558,0.185594,-0.000003,0.000000,0.000000,0.000000,0.118372,1542.000000,0.000000,29.816637,-1130.709595,-678.242798,-0.000014,0.000000,9.967750,6496,0,32,0
62.623745,0.009113,-0.326820,-1.068466,-0.000009,0.000025,-0.008131,0.000108,-0.000164,0.013039,-0.000017,-0.000011,-0.000002,10.000000,14.000000,-9.000000,0.031542,0.185594,-0.000003,0.000000,0.000000,0.000000,0.118372,1542.000000,0.000000,29.816637,-1130.709595,-678.242798,-0.000014,0.000000,9.967668,6496,0,31,0
62.625702,0.009113,-0.326820,-1.068483,-0.000009,0.000025,-0.008104,0.000108,-0.000174,0.013098,-0.000018,-0.000011,-0.000002,10.000000,14.000000,-9.000000,0.031525,0.185594,-0.000003,0.000000,0.000000,0.000000,0.118372,1542.000000,0.000000,29.816637,-1130.709595,-678.242798,-0.000014,0.000000,9.967587,6496,0,31,0
62.627655,0.009113,-0.326820,-1.068499,-0.000009,0.000024,-0.008078,0.000107,-0.000183,0.013151,-0.000019,-0.000011,-0.000002,10.000000,14.000000,-9.000000,0.031509,0.185594,-0.000003,0.000000,0.000000,0.000000,0.118372,1542.000000,0.000000,29.816637,-1130.709595,-678.242798,-0.000014,0.000000,9.967506,6496,0,31,0
62.629608,0.009113,-0.326820,-1.068515,-0.000008,0.000024,-0.008052,0.000106,-0.000193,0.013200,-0.000020,-0.000011,-0.000002,10.000000,14.000000,-9.000000,0.031493,0.185594,-0.000003,0.000000,0.000000,0.000000,0.118372,1542.000000,0.000000,29.816637,-1130.709595,-678.242798,-0.000014,0.000000,9.967425,6496,0,31,0
62.631561,0.009113,-0.326820,-1.068531,-0.000008,0.000023,-0.008025,0.000105,-0.000203,0.013244,-0.000021,-0.000011,-0.000002,10.000000,14.000000,-9.000000,0.031477,0.185594,-0.000003,0.000000,0.000000,0.000000,0.118372,1542.000000,0.000000,29.816637,-1130.709595,-678.242798,-0.000014,0.000000,9.967345,6496,0,31,0
62.633514,0.009113,-0.326820,-1.068547,-0.000008,0.000023,-0.007999,0.000103,-0.000213,0.013283,-0.000022,-0.000010,-0.000002,10.000000,14.000000,-9.000000,0.031461,0.185594,-0.000003,0.000000,0.000000,0.000000,0.118372,1542.000000,0.000000,29.816637,-1130.709595,-678.242798,-0.000014,0.000000,9.967265,6496,0,31,0
62.635471,0.009113,-0.326820,-1.068563,-0.000008,0.000023,-0.007972,0.000101,-0.000223,0.013319,-0.000023,-0.000010,-0.000002,10.000000,14.000000,-9.000000,0.031445,0.185594,-0.000003,0.000000,0.000000,0.000000,0.118372,1542.000000,0.000000,29.816637,-1130.709595,-678.242798,-0.000014,0.000000,9.967186,6496,0,31,0
62.637424,0.009113,-0.326820,-1.068579,-0.000008,0.000022,-0.007945,0.000099,-0.000233,0.013352,-0.000024,-0.000010,-0.000003,10.000000,14.000000,-9.000000,0.031429,0.185594,-0.000003,0.000000,0.000000,0.000000,0.118372,1542.000000,0.000000,29.816637,-1130.709595,-678.242798,-0.000014,0.000000,9.967106,6495,0,31,0
62.639378,0.009113,-0.326820,-1.068595,-0.000007,0.000022,-0.007919,0.000096,-0.000243,0.013487,-0.000025,-0.000010,-0.000003,10.000000,14.000000,-9.000000,0.031413,0.185594,-0.000003,0.000000,0.000000,0.000000,0.118372,1542.000000,0.000000,29.816637,-1130.709595,-678.242798,-0.000014,0.000000,9.967027,6495,0,31,0
62.641331,0.009113,-0.326820,-1.068611,-0.000007,0.000021,-0.007891,0.000094,-0.000252,0.013644,-0.000026,-0.000009,-0.000003,10.000000,14.000000,-9.000000,0.031397,0.185594,-0.000003,0.000000,0.000000,0.000000,0.118372,1542.000000,0.000000,29.816637,-1130.709595,-678.242798,-0.000014,0.000000,9.966949,6495,0,31,0
62.643288,0.009113,-0.326820,-1.068626,-0.000007,0.000021,-0.007864,0.000092,-0.000262,0.013787,-0.000027,-0.000009,-0.000003,10.000000,14.000000,-9.000000,0.031382,0.185594,-0.000003,0.000000,0.000000,0.000000,0.118372,1542.000000,0.000000,29.816637,-1130.709595,-678.242798,-0.000014,0.000000,9.966869,6495,0,31,0
62.645241,0.009113,-0.326820,-1.068642,-0.000007,0.000020,-0.007836,0.000089,-0.000272,0.013917,-0.000028,-0.000009,-0.000003,10.000000,14.000000,-9.000000,0.031366,0.185594,-0.000003,0.000000,0.000000,0.000000,0.118372,1542.000000,0.000000,29.816637,-1130.709595,-678.242798,-0.000014,0.000000,9.966790,6495,0,31,0
62.647194,0.009113,-0.326820,-1.068658,-0.000007,0.000020,-0.007808,0.000087,-0.000282,0.014034,-0.000029,-0.000009,-0.000003,10.000000,14.000000,-9.000000,0.031350,0.185594,-0.000003,0.000000,0.000000,0.000000,0.118372,1542.000000,0.000000,29.816637,-1130.709595,-678.242798,-0.000014,0.000000,9.966713,6495,0,31,0
62.649147,0.009113,-0.326819,-1.068673,-0.000006,0.000019,-0.007780,0.000085,-0.000292,0.014141,-0.000030,-0.000009,-0.000003,10.000000,14.000000,-9.000000,0.031335,0.185594,-0.000003,0.000000,0.000000,0.000000,0.118372,1542.000000,0.000000,29.816637,-1130.709595,-678.242798,-0.000014,0.000000,9.966635,6495,0,31,0
62.651100,0.009113,-0.326819,-1.068689,-0.000006,0.000018,-0.007751,0.000083,-0.000302,0.014237,-0.000031,-0.000008,-0.000003,10.000000,14.000000,-9.000000,0.031319,0.185594,-0.000003,0.000000,0.000000,0.000000,0.118372,1542.000000,0.000000,29.816637,-1130.709595,-678.242798,-0.000014,0.000000,9.966557,6495,0,31,0
62.653057,0.009113,-0.326819,-1.068704,-0.000006,0.000018,-0.007723,0.000081,-0.000311,0.014325,-0.000032,-0.000008,-0.000003,10.000000,14.000000,-9.000000,0.031304,0.185594,-0.000003,0.000000,0.000000,0.000000,0.118372,1542.000000,0.000000,29.816637,-1130.709595,-678.242798,-0.000014,0.000000,9.966479,6495,0,31,0
62.655010,0.009113,-0.326819,-1.068720,-0.000006,0.000017,-0.007694,0.000079,-0.000321,0.014404,-0.000033,-0.000008,-0.000003,10.000000,14.000000,-9.000000,0.031288,0.185594,-0.000003,0.000000,0.000000,0.000000,0.118372,1542.000000,0.000000,29.816637,-1130.709595,-678.242798,-0.000014,0.000000,9.966403,6495,0,31,0
62.656963,0.009113,-0.326819,-1.068735,-0.000006,0.000016,-0.007665,0.000078,-0.000331,0.014477,-0.000034,-0.000008,-0.000003,10.000000,14.000000,-9.000000,0.031273,0.185594,-0.000003,0.000000,0.000000,0.000000,0.118372,1542.000000,0.000000,29.816637,-1130.709595,-678.242798,-0.000014,0.000000,9.966326,6495,0,31,0
62.658916,0.009113,-0.326819,-1.068750,-0.000006,0.000016,-0.007636,0.000077,-0.000341,0.014542,-0.000035,-0.000008,-0.000003,10.000000,14.000000,-9.000000,0.031258,0.185594,-0.000003,0.000000,0.000000,0.000000,0.118372,1542.000000,0.000000,29.816637,-1130.709595,-678.242798,-0.000014,0.000000,9.966249,6495,1,31,0
62.660873,0.009113,-0.326819,-1.068765,-0.000006,0.000015,-0.007607,0.000076,-0.000351,0.014601,-0.000036,-0.000008,-0.000003,10.000000,13.000000,-14.000000,0.031242,0.185594,-0.000003,0.000000,0.000000,0.000000,0.118372,1490.000000,0.000000,29.816637,-1130.709595,-678.242798,-0.000014,0.000000,9.966173,6495,1,31,0
62.662827,0.009113,-0.326819,-1.068781,-0.000005,0.000014,-0.007578,0.000076,-0.000361,0.014655,-0.000037,-0.000008,-0.000003,10.000000,13.000000,-14.000000,0.031227,0.089945,-0.000001,0.000000,0.000000,0.067000,-0.258209,1490.000000,-74.626862,-47.250050,-1113.833740,-837.956543,-0.000014,0.000000,9.966097,6495,1,31,0
62.664780,0.009113,-0.326819,-1.068796,-0.000005,0.000014,-0.007548,0.000075,-0.000370,0.014704,-0.000038,-0.000008,-0.000003,10.000000,13.000000,-14.000000,0.031212,0.089945,-0.000001,0.000000,0.000000,0.000000,-0.258209,1490.000000,-74.626862,-47.250050,-1113.833740,-837.956543,-0.000014,0.000000,9.966022,6495,1,31,0
62.666733,0.009113,-0.326819,-1.068811,-0.000005,0.000013,-0.007519,0.000075,-0.000380,0.014748,-0.000039,-0.000008,-0.000003,10.000000,13.000000,-14.000000,0.031197,0.089945,-0.000001,0.000000,0.000000,0.000000,-0.258209,1490.000000,-74.626862,-47.250050,-1113.833740,-837.956543,-0.000014,0.000000,9.965947,6495,1,31,0
62.668690,0.009113,-0.326819,-1.068826,-0.000005,0.000012,-0.007489,0.000075,-0.000389,0.014789,-0.000040,-0.000008,-0.000003,10.000000,13.000000,-14.000000,0.031182,0.089945,-0.000001,0.000000,0.000000,0.000000,-0.258209,1490.000000,-74.626862,-47.250050,-1113.833740,-837.956543,-0.000014,0.000000,9.965873,6495,1,31,0
62.670643,0.009113,-0.326819,-1.068841,-0.000005,0.000011,-0.007460,0.000075,-0.000398,0.014825,-0.000041,-0.000008,-0.000003,10.000000,13.000000,-14.000000,0.031167,0.089945,-0.000001,0.000000,0.000000,0.000000,-0.258209,1490.000000,-74.626862,-47.250050,-1113.833740,-837.956543,-0.000013,0.000000,9.965797,6495,1,31,0
62.672596,0.009113,-0.326819,-1.068856,-0.000005,0.000010,-0.007430,0.000075,-0.000406,0.014858,-0.000042,-0.000008,-0.000003,10.000000,13.000000,-14.000000,0.031152,0.089945,-0.000001,0.000000,0.000000,0.000000,-0.258209,1490.000000,-74.626862,-47.250050,-1113.833740,-837.956543,-0.000013,0.000000,9.965723,6495,1,31,0
62.674549,0.009113,-0.326819,-1.068870,-0.000004,0.000010,-0.007400,0.000076,-0.000414,0.014888,-0.000043,-0.000008,-0.000003,10.000000,13.000000,-14.000000,0.031137,0.089945,-0.000001,0.000000,0.000000,0.000000,-0.258209,1490.000000,-74.626862,-47.250050,-1113.833740,-837.956543,-0.000013,0.000000,9.965649,6495,1,31,0
62.676502,0.009113,-0.326819,-1.068885,-0.000004,0.000009,-0.007370,0.000076,-0.000422,0.014915,-0.000044,-0.000008,-0.000003,10.000000,13.000000,-14.000000,0.031122,0.089945,-0.000001,0.000000,0.000000,0.000000,-0.258209,1490.000000,-74.626862,-47.250050,-1113.833740,-837.956543,-0.000013,0.000000,9.965575,6494,1,31,0
62.678459,0.009113,-0.326819,-1.068900,-0.000004,0.000008,-0.007340,0.000077,-0.000429,0.015046,-0.000044,-0.000008,-0.000003,10.000000,13.000000,-14.000000,0.031108,0.089945,-0.000001,0.000000,0.000000,0.000000,-0.258209,1490.000000,-74.626862,-47.250050,-1113.833740,-837.956543,-0.000013,0.000000,9.965501,6494,1,32,0
62.680412,0.009113,-0.326819,-1.068914,-0.000004,0.000007,-0.007310,0.000077,-0.000436,0.015198,-0.000045,-0.000008,-0.000003,10.000000,13.000000,-14.000000,0.031093,0.089945,-0.000001,0.000000,0.000000,0.000000,-0.258209,1490.000000,-74.626862,-47.250050,-1113.833740,-837.956543,-0.000013,0.000000,9.965428,6494,1,32,0
62.682365,0.009113,-0.326819,-1.068929,-0.000004,0.000006,-0.007279,0.000077,-0.000442,0.015337,-0.000045,-0.000008,-0.000003,10.000000,13.000000,-14.000000,0.031078,0.089945,-0.000001,0.000000,0.000000,0.000000,-0.258209,1490.000000,-74.626862,-47.250050,-1113.833740,-837.956543,-0.000013,0.000000,9.965355,6494,1,32,1
62.684319,0.009113,-0.326819,-1.068944,-0.000004,0.000005,-0.007248,0.000078,-0.000449,0.015462,-0.000046,-0.000008,-0.000003,10.000000,13.000000,-14.000000,0.031064,0.089945,-0.000001,0.000000,0.000000,0.000000,-0.258209,1490.000000,-74.626862,-47.250050,-1113.833740,-837.956543,-0.000005,0.000000,9.965282,6494,1,32,1
62.686275,0.009113,-0.326819,-1.068958,-0.000004,0.000004,-0.007217,0.000078,-0.000453,0.015576,-0.000046,-0.000008,-0.000003,10.000000,13.000000,-14.000000,0.031049,0.089945,-0.000001,0.000000,0.000000,0.000000,-0.258209,1490.000000,-74.626862,-47.250050,-1113.833740,-837.956543,0.000009,0.000000,9.965210,6494,1,32,1
62.688229,0.009113,-0.326819,-1.068972,-0.000003,0.000004,-0.007186,0.000078,-0.000457,0.015680,-0.000047,-0.000008,-0.000003,10.000000,13.000000,-14.000000,0.031035,0.089945,-0.000001,0.000000,0.000000,0.000000,-0.258209,1490.000000,-74.626862,-47.250050,-1113.833740,-837.956543,0.000021,0.000000,9.965138,6494,1,32,1
62.690182,0.009113,-0.326819,-1.068987,-0.000003,0.000003,-0.007155,0.000077,-0.000459,0.015774,-0.000047,-0.000008,-0.000003,10.000000,13.000000,-14.000000,0.031021,0.089945,-0.000001,0.000000,0.000000,0.000000,-0.258209,1490.000000,-74.626862,-47.250050,-1113.833740,-837.956543,0.000033,0.000000,9.965067,6494,1,31,1
62.692135,0.009113,-0.326819,-1.069001,-0.000003,0.000002,-0.007123,0.000077,-0.000462,0.015859,-0.000047,-0.000008,-0.000003,10.000000,13.000000,-14.000000,0.031006,0.089945,-0.000001,0.000000,0.000000,0.000000,-0.258209,1490.000000,-74.626862,-47.250050,-1113.833740,-837.956543,0.000044,0.000000,9.964996,6494,1,31,1
62.694092,0.009113,-0.326819,-1.069015,-0.000003,0.000001,-0.007091,0.000076,-0.000463,0.015935,-0.000047,-0.000008,-0.000003,10.000000,13.000000,-14.000000,0.030992,0.089945,-0.000001,0.000000,0.000000,0.000000,-0.258209,1490.000000,-74.626862,-47.250050,-1113.833740,-837.956543,0.000055,0.000000,9.964925,6494,1,31,1
62.696045,0.009113,-0.326819,-1.069029,-0.000003,-0.000000,-0.007059,0.000074,-0.000463,0.016005,-0.000047,-0.000008,-0.000003,10.000000,13.000000,-14.000000,0.030978,0.089945,-0.000001,0.000000,0.000000,0.000000,-0.258209,1490.000000,-74.626862,-47.250050,-1113.833740,-837.956543,0.000065,0.000000,9.964854,6494,1,31,0
62.697998,0.009113,-0.326819,-1.069043,-0.000003,-0.000001,-0.007027,0.000073,-0.000460,0.016068,-0.000047,-0.000007,-0.000003,10.000000,13.000000,-14.000000,0.030964,0.089945,-0.000001,0.000000,0.000000,0.000000,-0.258209,1490.000000,-74.626862,-47.250050,-1113.833740,-837.956543,0.000067,0.000000,9.964784,6494,0,31,0
62.699951,0.009113,-0.326819,-1.069057,-0.000002,-0.000002,-0.006995,0.000071,-0.000459,0.016125,-0.000047,-0.000007,-0.000002,10.000000,13.000000,-14.000000,0.030950,0.089945,-0.000001,0.000000,0.000000,0.000000,-0.258209,1490.000000,-74.626862,-47.250050,-1113.833740,-837.956543,0.000062,0.000000,9.964713,6494,0,31,0
62.701904,0.009113,-0.326819,-1.069071,-0.000002,-0.000003,-0.006962,0.000069,-0.000456,0.016177,-0.000047,-0.000007,-0.000002,10.000000,13.000000,-14.000000,0.030936,0.089945,-0.000001,0.000000,0.000000,0.000000,-0.258209,1490.000000,-74.626862,-47.250050,-1113.833740,-837.956543,0.000057,0.000000,9.964643,6494,0,31,0
62.703861,0.009113,-0.326819,-1.069085,-0.000002,-0.000004,-0.006930,0.000067,-0.000453,0.016224,-0.000046,-0.000007,-0.000002,10.000000,13.000000,-14.000000,0.030922,0.089945,-0.000001,0.000000,0.000000,0.000000,-0.258209,1490.000000,-74.626862,-47.250050,-1113.833740,-837.956543,0.000053,0.000000,9.964575,6494,0,31,0
62.705814,0.009113,-0.326819,-1.069099,-0.000002,-0.000005,-0.006897,0.000064,-0.000449,0.016267,-0.000046,-0.000006,-0.000002,10.000000,13.000000,-14.000000,0.030908,0.089945,-0.000001,0.000000,0.000000,0.000000,-0.258209,1490.000000,-74.626862,-47.250050,-1113.833740,-837.956543,0.000049,0.000000,9.964505,6494,0,31,0
62.707767,0.009113,-0.326819,-1.069113,-0.000002,-0.000006,-0.006865,0.000062,-0.000444,0.016305,-0.000045,-0.000006,-0.000002,10.000000,13.000000,-14.000000,0.030894,0.089945,-0.000001,0.000000,0.000000,0.000000,-0.258209,1490.000000,-74.626862,-47.250050,-1113.833740,-837.956543,0.000046,0.000000,9.964437,6494,0,31,0
62.709721,0.009113,-0.326819,-1.069126,-0.000002,-0.000007,-0.006832,0.000060,-0.000438,0.016340,-0.000045,-0.000006,-0.000002,10.000000,13.000000,-14.000000,0.030880,0.089945,-0.000001,0.000000,0.000000,0.000000,-0.258209,1490.000000,-74.626862,-47.250050,-1113.833740,-837.956543,0.000043,0.000000,9.964369,6494,0,31,0
62.711678,0.009113,-0.326819,-1.069140,-0.000002,-0.000007,-0.006799,0.000057,-0.000432,0.016372,-0.000044,-0.000006,-0.000002,10.000000,13.000000,-14.000000,0.030867,0.089945,-0.000001,0.000000,0.000000,0.000000,-0.258209,1490.000000,-74.626862,-47.250050,-1113.833740,-837.956543,0.000040,0.000000,9.964300,6494,0,31,0
62.713631,0.009113,-0.326819,-1.069154,-0.000002,-0.000008,-0.006767,0.000055,-0.000425,0.016401,-0.000043,-0.000006,-0.000002,10.000000,13.000000,-14.000000,0.030853,0.089945,-0.000001,0.000000,0.000000,0.000000,-0.258209,1490.000000,-74.626862,-47.250050,-1113.833740,-837.956543,0.000038,0.000000,9.964231,6494,0,31,0
62.715584,0.009113,-0.326819,-1.069167,-0.000001,-0.000009,-0.006734,0.000053,-0.000418,0.016427,-0.000042,-0.000005,-0.000002,10.000000,13.000000,-14.000000,0.030840,0.089945,-0.000001,0.000000,0.000000,0.000000,-0.258209,1490.000000,-74.626862,-47.250050,-1113.833740,-837.956543,0.000035,0.000000,9.964166,6494,0,31,0
62.717537,0.009113,-0.326819,-1.069180,-0.000001,-0.000010,-0.006701,0.000051,-0.000411,0.016450,-0.000042,-0.000005,-0.000002,10.000000,13.000000,-14.000000,0.030826,0.089945,-0.000001,0.000000,0.000000,0.000000,-0.258209,1490.000000,-74.626862,-47.250050,-1113.833740,-837.956543,0.000033,0.000000,9.964098,6494,0,31,0
62.719494,0.009113,-0.326819,-1.069194,-0.000001,-0.000011,-0.006668,0.000050,-0.000403,0.016471,-0.000041,-0.000005,-0.000002,10.000000,13.000000,-14.000000,0.030813,0.089945,-0.000001,0.000000,0.000000,0.000000,-0.258209,1490.000000,-74.626862,-47.250050,-1113.833740,-837.956543,0.000032,0.000000,9.964031,6493,0,31,0
62.721447,0.009113,-0.326819,-1.069207,-0.000001,-0.000012,-0.006635,0.000048,-0.000394,0.016597,-0.000040,-0.000005,-0.000001,10.000000,13.000000,-14.000000,0.030800,0.089945,-0.000001,0.000000,0.000000,0.000000,-0.258209,1490.000000,-74.626862,-47.250050,-1113.833740,-837.956543,0.000030,0.000000,9.963964,6493,0,31,0
62.723400,0.009113,-0.326819,-1.069220,-0.000001,-0.000012,-0.006601,0.000047,-0.000386,0.016745,-0.000039,-0.000005,-0.000001,10.000000,13.000000,-14.000000,0.030786,0.089945,-0.000001,0.000000,0.000000,0.000000,-0.258209,1490.000000,-74.626862,-47.250050,-1113.833740,-837.956543,0.000028,0.000000,9.963899,6493,0,31,0
62.725353,0.009113,-0.326819,-1.069234,-0.000001,-0.000013,-0.006568,0.000046,-0.000377,0.016879,-0.000038,-0.000005,-0.000001,10.000000,13.000000,-14.000000,0.030773,0.089945,-0.000001,0.000000,0.000000,0.000000,-0.258209,1490.000000,-74.626862,-47.250050,-1113.833740,-837.956543,0.000027,0.000000,9.963832,6493,0,31,0
62.727306,0.009113,-0.326819,-1.069247,-0.000001,-0.000014,-0.006534,0.000045,-0.000368,0.017001,-0.000037,-0.000005,-0.000001,10.000000,13.000000,-14.000000,0.030760,0.089945,-0.000001,0.000000,0.000000,0.000000,-0.258209,1490.000000,-74.626862,-47.250050,-1113.833740,-837.956543,0.000026,0.000000,9.963768,6493,0,31,0
62.729263,0.009113,-0.326819,-1.069260,-0.000001,-0.000015,-0.006500,0.000045,-0.000358,0.017111,-0.000036,-0.000005,-0.000001,10.000000,13.000000,-14.000000,0.030747,0.089945,-0.000001,0.000000,0.000000,0.000000,-0.258209,1490.000000,-74.626862,-47.250050,-1113.833740,-837.956543,0.000024,0.000000,9.963703,6493,0,31,0
62.731216,0.009113,-0.326819,-1.069273,-0.000001,-0.000015,-0.006465,0.000045,-0.000349,0.017211,-0.000035,-0.000005,-0.000001,10.000000,13.000000,-14.000000,0.030734,0.089945,-0.000001,0.000000,0.000000,0.000000,-0.258209,1490.000000,-74.626862,-47.250050,-1113.833740,-837.956543,0.000023,0.000000,9.963637,6493,0,31,0
62.733170,0.009113,-0.326819,-1.069285,-0.000001,-0.000016,-0.006431,0.000045,-0.000339,0.017302,-0.000034,-0.000005,-0.000001,10.000000,13.000000,-14.000000,0.030721,0.089945,-0.000001,0.000000,0.000000,0.000000,-0.258209,1490.000000,-74.626862,-47.250050,-1113.833740,-837.956543,0.000022,0.000000,9.963573,6493,0,31,0
62.735123,0.009113,-0.326819,-1.069298,-0.000001,-0.000017,-0.006396,0.000045,-0.000329,0.017385,-0.000033,-0.000005,-0.000001,10.000000,13.000000,-14.000000,0.030708,0.089945,-0.000001,0.000000,0.000000,0.000000,-0.258209,1490.000000,-74.626862,-47.250050,-1113.833740,-837.956543,0.000022,0.000000,9.963509,6493,0,31,0
62.737080,0.009113,-0.326819,-1.069311,-0.000000,-0.000017,-0.006361,0.000046,-0.000318,0.017460,-0.000032,-0.000005,-0.000001,10.000000,13.000000,-14.000000,0.030695,0.089945,-0.000001,0.000000,0.000000,0.000000,-0.258209,1490.000000,-74.626862,-47.250050,-1113.833740,-837.956543,0.000021,0.000000,9.963447,6493,0,32,0
62.739033,0.009113,-0.326819,-1.069324,-0.000000,-0.000018,-0.006326,0.000048,-0.000308,0.017528,-0.000031,-0.000005,-0.000001,10.000000,13.000000,-22.000000,0.030683,0.089945,-0.000001,0.000000,0.000000,0.000000,-0.258209,1484.000000,-74.626862,-47.250050,-1113.833740,-837.956543,0.000020,0.000000,9.963383,6493,0,32,0
62.740986,0.009113,-0.326819,-1.069336,-0.000000,-0.000018,-0.006291,0.000049,-0.000298,0.017590,-0.000030,-0.000005,-0.000001,10.000000,13.000000,-22.000000,0.030670,0.064116,-0.000000,0.000000,0.000000,0.067000,-0.030142,1484.000000,-119.402985,-108.987930,-668.300354,-816.303345,0.000019,0.000000,9.963319,6493,0,32,0
62.742939,0.009113,-0.326820,-1.069349,-0.000000,-0.000019,-0.006256,0.000051,-0.000287,0.017646,-0.000029,-0.000005,-0.000001,10.000000,13.000000,-22.000000,0.030658,0.064116,-0.000000,0.000000,0.000000,0.000000,-0.030142,1484.000000,-119.402985,-108.987930,-668.300354,-816.303345,0.000019,0.000000,9.963257,6493,0,32,0
62.744896,0.009113,-0.326820,-1.069361,-0.000000,-0.000020,-0.006220,0.000053,-0.000276,0.017697,-0.000028,-0.000006,-0.000001,10.000000,13.000000,-22.000000,0.030645,0.064116,-0.000000,0.000000,0.000000,0.000000,-0.030142,1484.000000,-119.402985,-108.987930,-668.300354,-816.303345,0.000018,0.000000,9.963194,6493,0,32,0
62.746849,0.009113,-0.326820,-1.069374,0.000000,-0.000020,-0.006185,0.000055,-0.000266,0.017743,-0.000027,-0.000006,-0.000001,10.000000,13.000000,-22.000000,0.030633,0.064116,-0.000000,0.000000,0.000000,0.000000,-0.030142,1484.000000,-119.402985,-108.987930,-668.300354,-816.303345,0.000018,0.000000,9.963132,6493,0,32,0
62.748802,0.009113,-0.326820,-1.069386,0.000000,-0.000021,-0.006149,0.000057,-0.000255,0.017786,-0.000025,-0.000006,-0.000001,10.000000,13.000000,-22.000000,0.030620,0.064116,-0.000000,0.000000,0.000000,0.000000,-0.030142,1484.000000,-119.402985,-108.987930,-668.300354,-816.303345,0.000017,0.000000,9.963071,6493,0,32,0
62.750755,0.009113,-0.326820,-1.069398,0.000000,-0.000021,-0.006114,0.000059,-0.000244,0.017823,-0.000024,-0.000006,-0.000001,10.000000,13.000000,-22.000000,0.030608,0.064116,-0.000000,0.000000,0.000000,0.000000,-0.030142,1484.000000,-119.402985,-108.987930,-668.300354,-816.303345,0.000017,0.000000,9.963010,6493,0,32,0
62.752708,0.009113,-0.326820,-1.069410,0.000000,-0.000022,-0.006078,0.000060,-0.000233,0.017857,-0.000023,-0.000006,-0.000001,10.000000,13.000000,-22.000000,0.030596,0.064116,-0.000000,0.000000,0.000000,0.000000,-0.030142,1484.000000,-119.402985,-108.987930,-668.300354,-816.303345,0.000017,0.000000,9.962949,6493,0,32,0
62.754665,0.009113,-0.326820,-1.069422,0.000001,-0.000022,-0.006042,0.000062,-0.000221,0.017888,-0.000022,-0.000006,-0.000001,10.000000,13.000000,-22.000000,0.030584,0.064116,-0.000000,0.000000,0.000000,0.000000,-0.030142,1484.000000,-119.402985,-108.987930,-668.300354,-816.303345,0.000016,0.000000,9.962888,6493,0,32,0
62.756618,0.009113,-0.326820,-1.069435,0.000001,-0.000022,-0.006006,0.000063,-0.000210,0.017916,-0.000021,-0.000006,-0.000001,10.000000,13.000000,-22.000000,0.030572,0.064116,-0.000000,0.000000,0.000000,0.000000,-0.030142,1484.000000,-119.402985,-108.987930,-668.300354,-816.303345,0.000016,0.000000,9.962828,6493,0,32,0
62.758572,0.009113,-0.326820,-1.069446,0.000001,-0.000023,-0.005971,0.000063,-0.000199,0.017942,-0.000020,-0.000006,-0.000001,10.000000,13.000000,-22.000000,0.030560,0.064116,-0.000000,0.000000,0.000000,0.000000,-0.030142,1484.000000,-119.402985,-108.987930,-668.300354,-816.303345,0.000016,0.000000,9.962769,6493,0,32,0
62.760525,0.009113,-0.326820,-1.069458,0.000001,-0.000023,-0.005935,0.000064,-0.000188,0.017965,-0.000019,-0.000007,-0.000001,10.000000,13.000000,-22.000000,0.030548,0.064116,-0.000000,0.000000,0.000000,0.000000,-0.030142,1484.000000,-119.402985,-108.987930,-668.300354,-816.303345,0.000016,0.000000,9.962708,6493,0,32,0
62.762482,0.009113,-0.326820,-1.069470,0.000001,-0.000024,-0.005899,0.000064,-0.000176,0.017986,-0.000017,-0.000006,-0.000001,10.000000,13.000000,-22.000000,0.030536,0.064116,-0.000000,0.000000,0.000000,0.000000,-0.030142,1484.000000,-119.402985,-108.987930,-668.300354,-816.303345,0.000015,0.000000,9.962650,6493,0,32,0
62.764435,0.009113,-0.326820,-1.069482,0.000001,-0.000024,-0.005863,0.000063,-0.000165,0.018005,-0.000016,-0.000006,-0.000001,10.000000,13.000000,-22.000000,0.030524,0.064116,-0.000000,0.000000,0.000000,0.000000,-0.030142,1484.000000,-119.402985,-108.987930,-668.300354,-816.303345,0.000015,0.000000,9.962591,6493,0,32,0
62.766388,0.009113,-0.326820,-1.069494,0.000001,-0.000024,-0.005827,0.000062,-0.000154,0.018022,-0.000015,-0.000006,-0.000001,10.000000,13.000000,-22.000000,0.030512,0.064116,-0.000000,0.000000,0.000000,0.000000,-0.030142,1484.000000,-119.402985,-108.987930,-668.300354,-816.303345,0.000015,0.000000,9.962533,6493,0,32,0
62.768341,0.009113,-0.326820,-1.069505,0.000001,-0.000025,-0.005791,0.000061,-0.000142,0.018038,-0.000014,-0.000006,-0.000001,10.000000,13.000000,-22.000000,0.030501,0.064116,-0.000000,0.000000,0.000000,0.000000,-0.030142,1484.000000,-119.402985,-108.987930,-668.300354,-816.303345,0.000015,0.000000,9.962475,6492,0,31,0
62.770294,0.009113,-0.326820,-1.069517,0.000002,-0.000025,-0.005754,0.000059,-0.000131,0.018158,-0.000013,-0.000006,-0.000001,10.000000,13.000000,-22.000000,0.030489,0.064116,-0.000000,0.000000,0.000000,0.000000,-0.030142,1484.000000,-119.402985,-108.987930,-668.300354,-816.303345,0.000015,0.000000,9.962418,6492,0,31,0
62.772251,0.009113,-0.326820,-1.069528,0.000002,-0.000025,-0.005718,0.000056,-0.000119,0.018301,-0.000012,-0.000006,-0.000001,10.000000,13.000000,-22.000000,0.030478,0.064116,-0.000000,0.000000,0.000000,0.000000,-0.030142,1484.000000,-119.402985,-108.987930,-668.300354,-816.303345,0.000015,0.000000,9.962360,6492,0,31,0
62.774204,0.009113,-0.326820,-1.069540,0.000002,-0.000025,-0.005681,0.000054,-0.000108,0.018431,-0.000010,-0.000005,-0.000000,10.000000,13.000000,-22.000000,0.030466,0.064116,-0.000000,0.000000,0.000000,0.000000,-0.030142,1484.000000,-119.402985,-108.987930,-668.300354,-816.303345,0.000014,0.000000,9.962303,6492,0,31,0
62.776157,0.009113,-0.326820,-1.069551,0.000002,-0.000025,-0.005644,0.000050,-0.000096,0.018548,-0.000009,-0.000005,-0.000000,10.000000,13.000000,-22.000000,0.030455,0.064116,-0.000000,0.000000,0.000000,0.000000,-0.030142,1484.000000,-119.402985,-108.987930,-668.300354,-816.303345,0.000014,0.000000,9.962246,6492,0,31,0
62.778111,0.009113,-0.326820,-1.069562,0.000002,-0.000026,-0.005607,0.000047,-0.000084,0.018654,-0.000008,-0.000005,-0.000000,10.000000,13.000000,-22.000000,0.030444,0.064116,-0.000000,0.000000,0.000000,0.000000,-0.030142,1484.000000,-119.402985,-108.987930,-668.300354,-816.303345,0.000014,0.000000,9.962191,6492,0,31,0
62.780067,0.009113,-0.326820,-1.069573,0.000002,-0.000026,-0.005569,0.000044,-0.000073,0.018751,-0.000007,-0.000004,-0.000000,10.000000,13.000000,-22.000000,0.030432,0.064116,-0.000000,0.000000,0.000000,0.000000,-0.030142,1484.000000,-119.402985,-108.987930,-668.300354,-816.303345,0.000014,0.000000,9.962134,6492,0,31,0
62.782021,0.009113,-0.326820,-1.069584,0.000002,-0.000026,-0.005532,0.000040,-0.000061,0.018839,-0.000006,-0.000004,-0.000000,10.000000,13.000000,-22.000000,0.030421,0.064116,-0.000000,0.000000,0.000000,0.000000,-0.030142,1484.000000,-119.402985,-108.987930,-668.300354,-816.303345,0.000014,0.000000,9.962079,6492,0,31,0
62.783974,0.009113,-0.326820,-1.069595,0.000002,-0.000026,-0.005494,0.000036,-0.000050,0.018918,-0.000004,-0.000004,-0.000000,10.000000,13.000000,-22.000000,0.030410,0.064116,-0.000000,0.000000,0.000000,0.000000,-0.030142,1484.000000,-119.402985,-108.987930,-668.300354,-816.303345,0.000014,0.000000,9.962024,6492,0,31,0
62.785927,0.009113,-0.326821,-1.069606,0.000002,-0.000026,-0.005456,0.000033,-0.000038,0.018991,-0.000003,-0.000003,-0.000000,10.000000,13.000000,-22.000000,0.030399,0.064116,-0.000000,0.000000,0.000000,0.000000,-0.030142,1484.000000,-119.402985,-108.987930,-668.300354,-816.303345,0.000014,0.000000,9.961968,6492,0,31,0
62.787884,0.009113,-0.326821,-1.069617,0.000002,-0.000026,-0.005418,0.000029,-0.000026,0.019056,-0.000002,-0.000003,-0.000000,10.000000,13.000000,-22.000000,0.030388,0.064116,-0.000000,0.000000,0.000000,0.000000,-0.030142,1484.000000,-119.402985,-108.987930,-668.300354,-816.303345,0.000014,0.000000,9.961915,6492,0,31,0
62.789837,0.009113,-0.326821,-1.069628,0.000002,-0.000026,-0.005380,0.000026,-0.000015,0.019115,-0.000001,-0.000002,-0.000000,10.000000,13.000000,-22.000000,0.030378,0.064116,-0.000000,0.000000,0.000000,0.000000,-0.030142,1484.000000,-119.402985,-108.987930,-668.300354,-816.303345,0.000014,0.000000,9.961862,6492,0,31,0
62.791790,0.009113,-0.326821,-1.069639,0.000002,-0.000026,-0.005341,0.000022,-0.000003,0.019169,0.000000,-0.000002,-0.000000,10.000000,13.000000,-22.000000,0.030367,0.064116,-0.000000,0.000000,0.000000,0.000000,-0.030142,1484.000000,-119.402985,-108.987930,-668.300354,-816.303345,0.000014,0.000000,9.961807,6492,0,31,0
62.793743,0.009113,-0.326821,-1.069649,0.000002,-0.000026,-0.005303,0.000019,0.000009,0.019218,0.000001,-0.000002,-0.000000,10.000000,13.000000,-22.000000,0.030356,0.064116,-0.000000,0.000000,0.000000,0.000000,-0.030142,1484.000000,-119.402985,-108.987930,-668.300354,-816.303345,0.000014,0.000000,9.961755,6492,0,31,0
62.795696,0.009113,-0.326821,-1.069660,0.000002,-0.000026,-0.005264,0.000016,0.000020,0.019262,0.000003,-0.000001,-0.000000,10.000000,13.000000,-22.000000,0.030346,0.064116,-0.000000,0.000000,0.000000,0.000000,-0.030142,1484.000000,-119.402985,-108.987930,-668.300354,-816.303345,0.000014,0.000000,9.961701,6492,0,31,0
62.797653,0.009113,-0.326821,-1.069670,0.000003,-0.000026,-0.005226,0.000013,0.000032,0.019302,0.000004,-0.000001,-0.000000,10.000000,12.000000,-33.000000,0.030335,0.064116,-0.000000,0.000000,0.000000,0.000000,-0.030142,1458.000000,-119.402985,-108.987930,-668.300354,-816.303345,0.000014,0.000000,9.961650,6492,0,31,0
62.799606,0.009113,-0.326821,-1.069681,0.000003,-0.000026,-0.005187,0.000011,0.000044,0.019339,0.000005,-0.000001,-0.000000,10.000000,12.000000,-33.000000,0.030325,0.022405,0.000001,0.000000,0.000000,0.066000,-0.134499,1458.000000,-166.666672,-163.572601,-716.116455,-797.589478,0.000014,0.000000,9.961597,6492,0,31,0
62.801559,0.009113,-0.326821,-1.069691,0.000003,-0.000026,-0.005148,0.000008,0.000056,0.019372,0.000006,-0.000001,-0.000000,10.000000,12.000000,-33.000000,0.030314,0.022405,0.000001,0.000000,0.000000,0.000000,-0.134499,1458.000000,-166.666672,-163.572601,-716.116455,-797.589478,0.000013,0.000000,9.961546,6492,0,31,0
62.803513,0.009113,-0.326821,-1.069701,0.000003,-0.000026,-0.005110,0.000006,0.000067,0.019402,0.000007,-0.000001,-0.000000,10.000000,12.000000,-33.000000,0.030304,0.022405,0.000001,0.000000,0.000000,0.000000,-0.134499,1458.000000,-166.666672,-163.572601,-716.116455,-797.589478,0.000013,0.000000,9.961494,6492,0,31,0
62.805470,0.009113,-0.326821,-1.069711,0.000003,-0.000026,-0.005071,0.000005,0.000079,0.019429,0.000009,-0.000000,-0.000000,10.000000,12.000000,-33.000000,0.030294,0.022405,0.000001,0.000000,0.000000,0.000000,-0.134499,1458.000000,-166.666672,-163.572601,-716.116455,-797.589478,0.000013,0.000000,9.961443,6492,0,31,0
62.807423,0.009113,-0.326821,-1.069721,0.000003,-0.000025,-0.005032,0.000003,0.000091,0.019454,0.000010,-0.000000,-0.000000,10.000000,12.000000,-33.000000,0.030284,0.022405,0.000001,0.000000,0.000000,0.000000,-0.134499,1458.000000,-166.666672,-163.572601,-716.116455,-797.589478,0.000013,0.000000,9.961394,6492,0,31,0
62.809376,0.009113,-0.326821,-1.069731,0.000003,-0.000025,-0.004993,0.000002,0.000102,0.019476,0.000011,-0.000000,0.000000,10.000000,12.000000,-33.000000,0.030274,0.022405,0.000001,0.000000,0.000000,0.000000,-0.134499,1458.000000,-166.666672,-163.572601,-716.116455,-797.589478,0.000013,0.000000,9.961344,6492,0,31,0
62.811329,0.009113,-0.326821,-1.069741,0.000003,-0.000025,-0.004954,0.000001,0.000114,0.019496,0.000012,-0.000000,0.000000,10.000000,12.000000,-33.000000,0.030264,0.022405,0.000001,0.000000,0.000000,0.000000,-0.134499,1458.000000,-166.666672,-163.572601,-716.116455,-797.589478,0.000013,0.000000,9.961294,6492,0,31,0
62.813286,0.009113,-0.326821,-1.069751,0.000003,-0.000025,-0.004915,0.000001,0.000126,0.019515,0.000013,-0.000000,0.000000,10.000000,12.000000,-33.000000,0.030254,0.022405,0.000001,0.000000,0.000000,0.000000,-0.134499,1458.000000,-166.666672,-163.572601,-716.116455,-797.589478,0.000013,0.000000,9.961245,6492,0,31,0
62.815239,0.009113,-0.326821,-1.069761,0.000003,-0.000025,-0.004876,0.000001,0.000138,0.019531,0.000015,-0.000000,0.000000,10.000000,12.000000,-33.000000,0.030244,0.022405,0.000001,0.000000,0.000000,0.000000,-0.134499,1458.000000,-166.666672,-163.572601,-716.116455,-797.589478,0.000013,0.000000,9.961195,6492,0,31,0
62.817192,0.009113,-0.326821,-1.069771,0.000003,-0.000024,-0.004837,0.000001,0.000149,0.019547,0.000016,-0.000000,0.000000,10.000000,12.000000,-33.000000,0.030234,0.022405,0.000001,0.000000,0.000000,0.000000,-0.134499,1458.000000,-166.666672,-163.572601,-716.116455,-797.589478,0.000013,0.000000,9.961147,6492,0,31,0
62.819145,0.009113,-0.326821,-1.069780,0.000003,-0.000024,-0.004798,0.000002,0.000161,0.019560,0.000017,-0.000000,0.000000,10.000000,12.000000,-33.000000,0.030225,0.022405,0.000001,0.000000,0.000000,0.000000,-0.134499,1458.000000,-166.666672,-163.572601,-716.116455,-797.589478,0.000013,0.000000,9.961100,6492,0,31,0
62.821098,0.009113,-0.326821,-1.069790,0.000003,-0.000024,-0.004758,0.000003,0.000173,0.019572,0.000018,-0.000000,0.000000,10.000000,12.000000,-33.000000,0.030215,0.022405,0.000001,0.000000,0.000000,0.000000,-0.134499,1458.000000,-166.666672,-163.572601,-716.116455,-797.589478,0.000013,0.000000,9.961052,6492,0,32,0
62.823055,0.009113,-0.326822,-1.069799,0.000003,-0.000023,-0.004719,0.000005,0.000185,0.019585,0.000019,-0.000001,0.000000,10.000000,12.000000,-33.000000,0.030205,0.022405,0.000001,0.000000,0.000000,0.000000,-0.134499,1458.000000,-166.666672,-163.572601,-716.116455,-797.589478,0.000013,0.000000,9.961004,6492,0,32,0
62.825008,0.009113,-0.326822,-1.069809,0.000003,-0.000023,-0.004680,0.000007,0.000196,0.019596,0.000021,-0.000001,0.000000,10.000000,12.000000,-33.000000,0.030196,0.022405,0.000001,0.000000,0.000000,0.000000,-0.134499,1458.000000,-166.666672,-163.572601,-716.116455,-797.589478,0.000013,0.000000,9.960957,6491,0,32,0
62.826962,0.009113,-0.326822,-1.069818,0.000003,-0.000022,-0.004641,0.000009,0.000208,0.019712,0.000022,-0.000001,0.000000,10.000000,12.000000,-33.000000,0.030187,0.022405,0.000001,0.000000,0.000000,0.000000,-0.134499,1458.000000,-166.666672,-163.572601,-716.116455,-797.589478,0.000013,0.000000,9.960911,6491,0,32,0
62.828915,0.009113,-0.326822,-1.069827,0.000003,-0.000022,-0.004601,0.000011,0.000220,0.019851,0.000023,-0.000001,0.000000,10.000000,12.000000,-33.000000,0.030177,0.022405,0.000001,0.000000,0.000000,0.000000,-0.134499,1458.000000,-166.666672,-163.572601,-716.116455,-797.589478,0.000013,0.000000,9.960865,6491,0,32,0
62.830872,0.009113,-0.326822,-1.069836,0.000003,-0.000022,-0.004561,0.000013,0.000232,0.019978,0.000024,-0.000001,0.000000,10.000000,12.000000,-33.000000,0.030168,0.022405,0.000001,0.000000,0.000000,0.000000,-0.134499,1458.000000,-166.666672,-163.572601,-716.116455,-797.589478,0.000013,0.000000,9.960819,6491,0,32,0
62.832825,0.009113,-0.326822,-1.069845,0.000003,-0.000021,-0.004521,0.000015,0.000243,0.020093,0.000025,-0.000002,0.000000,10.000000,12.000000,-33.000000,0.030159,0.022405,0.000001,0.000000,0.000000,0.000000,-0.134499,1458.000000,-166.666672,-163.572601,-716.116455,-797.589478,0.000013,0.000000,9.960773,6491,0,32,0
62.834778,0.009113,-0.326822,-1.069854,0.000003,-0.000021,-0.004481,0.000018,0.000255,0.020198,0.000027,-0.000002,0.000000,10.000000,12.000000,-33.000000,0.030150,0.022405,0.000001,0.000000,0.000000,0.000000,-0.134499,1458.000000,-166.666672,-163.572601,-716.116455,-797.589478,0.000013,0.000000,9.960729,6491,0,32,0
62.836731,0.009113,-0.326822,-1.069863,0.000003,-0.000020,-0.004440,0.000020,0.000267,0.020292,0.000028,-0.000002,0.000000,10.000000,12.000000,-33.000000,0.030141,0.022405,0.000001,0.000000,0.000000,0.000000,-0.134499,1458.000000,-166.666672,-163.572601,-716.116455,-797.589478,0.000013,0.000000,9.960685,6491,0,32,0
62.838684,0.009113,-0.326822,-1.069872,0.000003,-0.000019,-0.004400,0.000021,0.000279,0.020378,0.000029,-0.000002,0.000000,10.000000,12.000000,-33.000000,0.030132,0.022405,0.000001,0.000000,0.000000,0.000000,-0.134499,1458.000000,-166.666672,-163.572601,-716.116455,-797.589478,0.000013,0.000000,9.960640,6491,-1,32,0
62.840641,0.009113,-0.326822,-1.069881,0.000003,-0.000019,-0.004359,0.000023,0.000291,0.020456,0.000030,-0.000002,0.000000,10.000000,12.000000,-33.000000,0.030124,0.022405,0.000001,0.000000,0.000000,0.000000,-0.134499,1458.000000,-166.666672,-163.572601,-716.116455,-797.589478,0.000013,0.000000,9.960596,6491,-1,32,0
62.842594,0.009113,-0.326822,-1.069889,0.000003,-0.000018,-0.004318,0.000024,0.000302,0.020526,0.000031,-0.000002,0.000000,10.000000,12.000000,-33.000000,0.030115,0.022405,0.000001,0.000000,0.000000,0.000000,-0.134499,1458.000000,-166.666672,-163.572601,-716.116455,-797.589478,0.000013,0.000000,9.960553,6491,-1,32,0
62.844547,0.009113,-0.326822,-1.069898,0.000003,-0.000018,-0.004277,0.000025,0.000314,0.020590,0.000033,-0.000003,0.000000,10.000000,12.000000,-33.000000,0.030106,0.022405,0.000001,0.000000,0.000000,0.000000,-0.134499,1458.000000,-166.666672,-163.572601,-716.116455,-797.589478,0.000013,0.000000,9.960510,6491,-1,32,0
62.846500,0.009113,-0.326822,-1.069907,0.000003,-0.000017,-0.004235,0.000025,0.000324,0.020648,0.000034,-0.000003,0.000001,10.000000,12.000000,-33.000000,0.030098,0.022405,0.000001,0.000000,0.000000,0.000000,-0.134499,1458.000000,-166.666672,-163.572601,-716.116455,-797.589478,0.000013,0.000000,9.960468,6491,-1,32,0
62.848457,0.009113,-0.326822,-1.069915,0.000003,-0.000016,-0.004194,0.000025,0.000335,0.020700,0.000035,-0.000003,0.000001,10.000000,12.000000,-33.000000,0.030089,0.022405,0.000001,0.000000,0.000000,0.000000,-0.134499,1458.000000,-166.666672,-163.572601,-716.116455,-797.589478,0.000013,0.000000,9.960425,6491,-1,32,0
62.850410,0.009113,-0.326822,-1.069923,0.000003,-0.000016,-0.004152,0.000024,0.000345,0.020748,0.000036,-0.000002,0.000001,10.000000,12.000000,-33.000000,0.030081,0.022405,0.000001,0.000000,0.000000,0.000000,-0.134499,1458.000000,-166.666672,-163.572601,-716.116455,-797.589478,0.000012,0.000000,9.960384,6491,-1,31,0
62.852364,0.009113,-0.326822,-1.069932,0.000003,-0.000015,-0.004111,0.000023,0.000354,0.020790,0.000037,-0.000002,0.000001,10.000000,12.000000,-33.000000,0.030073,0.022405,0.000001,0.000000,0.000000,0.000000,-0.134499,1458.000000,-166.666672,-163.572601,-716.116455,-797.589478,0.000012,0.000000,9.960342,6491,-1,31,0
62.854317,0.009113,-0.326822,-1.069940,0.000003,-0.000014,-0.004069,0.000022,0.000362,0.020829,0.000037,-0.000002,0.000001,10.000000,12.000000,-33.000000,0.030064,0.022405,0.000001,0.000000,0.000000,0.000000,-0.134499,1458.000000,-166.666672,-163.572601,-716.116455,-797.589478,0.000012,0.000000,9.960302,6491,-1,31,0
62.856274,0.009113,-0.326822,-1.069948,0.000003,-0.000013,-0.004027,0.000020,0.000369,0.020865,0.000038,-0.000002,0.000001,10.000000,12.000000,-46.000000,0.030056,0.022405,0.000001,0.000000,0.000000,0.000000,-0.134499,1424.000000,-166.666672,-163.572601,-716.116455,-797.589478,0.000012,0.000000,9.960261,6491,-1,31,0
62.858227,0.009113,-0.326822,-1.069956,0.000003,-0.000013,-0.003986,0.000017,0.000376,0.020897,0.000039,-0.000002,0.000001,10.000000,12.000000,-46.000000,0.030048,-0.019636,0.000001,0.000000,0.000000,0.067000,-0.177131,1424.000000,-194.029846,-202.412338,-408.405579,-685.800537,0.000012,0.000000,9.960221,6491,-1,31,0
62.860180,0.009113,-0.326822,-1.069964,0.000003,-0.000012,-0.003944,0.000015,0.000382,0.020926,0.000039,-0.000001,0.000001,10.000000,12.000000,-46.000000,0.030040,-0.019636,0.000001,0.000000,0.000000,0.000000,-0.177131,1424.000000,-194.029846,-202.412338,-408.405579,-685.800537,0.000012,0.000000,9.960181,6491,-1,31,0
62.862133,0.009113,-0.326822,-1.069971,0.000003,-0.000011,-0.003902,0.000011,0.000387,0.020952,0.000040,-0.000001,0.000001,10.000000,12.000000,-46.000000,0.030032,-0.019636,0.000001,0.000000,0.000000,0.000000,-0.177131,1424.000000,-194.029846,-202.412338,-408.405579,-685.800537,0.000011,0.000000,9.960142,6491,-1,31,0
62.864086,0.009113,-0.326822,-1.069979,0.000003,-0.000010,-0.003860,0.000008,0.000391,0.020976,0.000040,-0.000001,0.000001,10.000000,12.000000,-46.000000,0.030025,-0.019636,0.000001,0.000000,0.000000,0.000000,-0.177131,1424.000000,-194.029846,-202.412338,-408.405579,-685.800537,0.000011,0.000000,9.960105,6491,0,31,0
62.866043,0.009113,-0.326822,-1.069987,0.000003,-0.000010,-0.003818,0.000004,0.000395,0.020997,0.000041,-0.000000,0.000001,10.000000,12.000000,-46.000000,0.030017,-0.019636,0.000001,0.000000,0.000000,0.000000,-0.177131,1424.000000,-194.029846,-202.412338,-408.405579,-685.800537,0.000011,0.000000,9.960067,6491,0,31,0
62.867996,0.009113,-0.326822,-1.069994,0.000003,-0.000009,-0.003776,-0.000000,0.000398,0.021016,0.000041,0.000000,0.000001,10.000000,12.000000,-46.000000,0.030009,-0.019636,0.000001,0.000000,0.000000,0.000000,-0.177131,1424.000000,-194.029846,-202.412338,-408.405579,-685.800537,0.000011,0.000000,9.960029,6491,0,31,0
62.869949,0.009113,-0.326822,-1.070002,0.000003,-0.000008,-0.003734,-0.000004,0.000400,0.021034,0.000041,0.000001,0.000001,10.000000,12.000000,-46.000000,0.030002,-0.019636,0.000001,0.000000,0.000000,0.000000,-0.177131,1424.000000,-194.029846,-202.412338,-408.405579,-685.800537,0.000011,0.000000,9.959991,6491,0,31,0
62.871902,0.009113,-0.326822,-1.070009,0.000003,-0.000007,-0.003692,-0.000009,0.000401,0.021050,0.000041,0.000001,0.000001,10.000000,12.000000,-46.000000,0.029994,-0.019636,0.000001,0.000000,0.000000,0.000000,-0.177131,1424.000000,-194.029846,-202.412338,-408.405579,-685.800537,0.000011,0.000000,9.959954,6491,0,31,0
62.873859,0.009113,-0.326822,-1.070017,0.000003,-0.000006,-0.003650,-0.000014,0.000402,0.021064,0.000041,0.000002,0.000001,10.000000,12.000000,-46.000000,0.029987,-0.019636,0.000001,0.000000,0.000000,0.000000,-0.177131,1424.000000,-194.029846,-202.412338,-408.405579,-685.800537,0.000011,0.000000,9.959917,6491,0,31,0
62.875813,0.009113,-0.326822,-1.070024,0.000003,-0.000006,-0.003608,-0.000018,0.000402,0.021077,0.000041,0.000002,0.000001,10.000000,12.000000,-46.000000,0.029980,-0.019636,0.000001,0.000000,0.000000,0.000000,-0.177131,1424.000000,-194.029846,-202.412338,-408.405579,-685.800537,0.000011,0.000000,9.959881,6491,0,31,0
62.877766,0.009113,-0.326822,-1.070031,0.000003,-0.000005,-0.003565,-0.000023,0.000402,0.021089,0.000041,0.000003,0.000001,10.000000,12.000000,-46.000000,0.029973,-0.019636,0.000001,0.000000,0.000000,0.000000,-0.177131,1424.000000,-194.029846,-202.412338,-408.405579,-685.800537,0.000010,0.000000,9.959846,6491,0,31,0
62.879719,0.009113,-0.326822,-1.070038,0.000003,-0.000004,-0.003523,-0.000027,0.000401,0.021099,0.000041,0.000003,0.000001,10.000000,12.000000,-46.000000,0.029965,-0.019636,0.000001,0.000000,0.000000,0.000000,-0.177131,1424.000000,-194.029846,-202.412338,-408.405579,-685.800537,0.000010,0.000000,9.959809,6491,0,31,0
62.881676,0.009113,-0.326822,-1.070045,0.000003,-0.000003,-0.003481,-0.000032,0.000400,0.021109,0.000041,0.000003,0.000001,10.000000,12.000000,-46.000000,0.029958,-0.019636,0.000001,0.000000,0.000000,0.000000,-0.177131,1424.000000,-194.029846,-202.412338,-408.405579,-685.800537,0.000010,0.000000,9.959775,6491,0,31,0
62.883629,0.009113,-0.326822,-1.070052,0.000003,-0.000002,-0.003439,-0.000036,0.000399,0.021118,0.000041,0.000004,0.000001,10.000000,12.000000,-46.000000,0.029951,-0.019636,0.000001,0.000000,0.000000,0.000000,-0.177131,1424.000000,-194.029846,-202.412338,-408.405579,-685.800537,0.000010,0.000000,9.959741,6491,0,31,0
62.885582,0.009113,-0.326822,-1.070059,0.000003,-0.000002,-0.003397,-0.000040,0.000397,0.021126,0.000041,0.000004,0.000001,10.000000,12.000000,-46.000000,0.029945,-0.019636,0.000001,0.000000,0.000000,0.000000,-0.177131,1424.000000,-194.029846,-202.412338,-408.405579,-685.800537,0.000010,0.000000,9.959706,6491,0,31,0
62.887535,0.009113,-0.326822,-1.070065,0.000003,-0.000001,-0.003354,-0.000044,0.000395,0.021134,0.000040,0.000005,0.000001,10.000000,12.000000,-46.000000,0.029938,-0.019636,0.000001,0.000000,0.000000,0.000000,-0.177131,1424.000000,-194.029846,-202.412338,-408.405579,-685.800537,0.000010,0.000000,9.959673,6491,0,31,0
62.889488,0.009113,-0.326822,-1.070072,0.000003,-0.000000,-0.003312,-0.000048,0.000393,0.021140,0.000040,0.000005,0.000001,10.000000,12.000000,-46.000000,0.029931,-0.019636,0.000001,0.000000,0.000000,0.000000,-0.177131,1424.000000,-194.029846,-202.412338,-408.405579,-685.800537,0.000010,0.000000,9.959641,6491,0,31,0
62.891445,0.009113,-0.326822,-1.070079,0.000003,0.000001,-0.003270,-0.000052,0.000391,0.021146,0.000040,0.000005,0.000001,10.000000,12.000000,-46.000000,0.029925,-0.019636,0.000001,0.000000,0.000000,0.000000,-0.177131,1424.000000,-194.029846,-202.412338,-408.405579,-685.800537,0.000010,0.000000,9.959607,6491,0,31,0
62.893398,0.009113,-0.326822,-1.070085,0.000003,0.000001,-0.003227,-0.000055,0.000388,0.021152,0.000040,0.000006,0.000001,10.000000,12.000000,-46.000000,0.029918,-0.019636,0.000001,0.000000,0.000000,0.000000,-0.177131,1424.000000,-194.029846,-202.412338,-408.405579,-685.800537,0.000010,0.000000,9.959575,6491,0,31,0
62.895351,0.009113,-0.326822,-1.070092,0.000002,0.000002,-0.003185,-0.000058,0.000385,0.021157,0.000039,0.000006,0.000001,10.000000,12.000000,-46.000000,0.029912,-0.019636,0.000001,0.000000,0.000000,0.000000,-0.177131,1424.000000,-194.029846,-202.412338,-408.405579,-685.800537,0.000010,0.000000,9.959542,6491,0,31,0
62.897305,0.009113,-0.326822,-1.070098,0.000002,0.000003,-0.003143,-0.000061,0.000382,0.021162,0.000039,0.000006,0.000001,10.000000,12.000000,-46.000000,0.029905,-0.019636,0.000001,0.000000,0.000000,0.000000,-0.177131,1424.000000,-194.029846,-202.412338,-408.405579,-685.800537,0.000010,0.000000,9.959510,6491,0,31,0
62.899261,0.009113,-0.326822,-1.070104,0.000002,0.000004,-0.003100,-0.000063,0.000379,0.021166,0.000039,0.000007,0.000001,10.000000,12.000000,-46.000000,0.029899,-0.019636,0.000001,0.000000,0.000000,0.000000,-0.177131,1424.000000,-194.029846,-202.412338,-408.405579,-685.800537,0.000010,0.000000,9.959480,6491,0,31,0
62.901215,0.009113,-0.326822,-1.070110,0.000002,0.000005,-0.003058,-0.000065,0.000376,0.021170,0.000038,0.000007,0.000001,10.000000,12.000000,-46.000000,0.029893,-0.019636,0.000001,0.000000,0.000000,0.000000,-0.177131,1424.000000,-194.029846,-202.412338,-408.405579,-685.800537,0.000010,0.000000,9.959449,6491,0,31,0
62.903168,0.009113,-0.326822,-1.070116,0.000002,0.000005,-0.003016,-0.000067,0.000373,0.021173,0.000038,0.000007,0.000001,10.000000,12.000000,-46.000000,0.029887,-0.019636,0.000001,0.000000,0.000000,0.000000,-0.177131,1424.000000,-194.029846,-202.412338,-408.405579,-685.800537,0.000010,0.000000,9.959419,6490,0,31,0
62.905121,0.009113,-0.326822,-1.070122,0.000002,0.000006,-0.002973,-0.000069,0.000369,0.021282,0.000038,0.000007,0.000001,10.000000,12.000000,-46.000000,0.029881,-0.019636,0.000001,0.000000,0.000000,0.000000,-0.177131,1424.000000,-194.029846,-202.412338,-408.405579,-685.800537,0.000010,0.000000,9.959389,6490,0,31,0
62.907078,0.009113,-0.326822,-1.070128,0.000002,0.000007,-0.002931,-0.000070,0.000365,0.021415,0.000037,0.000007,0.000001,10.000000,12.000000,-46.000000,0.029875,-0.019636,0.000001,0.000000,0.000000,0.000000,-0.177131,1424.000000,-194.029846,-202.412338,-408.405579,-685.800537,0.000010,0.000000,9.959360,6490,0,31,0
62.909031,0.009113,-0.326822,-1.070134,0.000002,0.000007,-0.002887,-0.000070,0.000362,0.021534,0.000037,0.000007,0.000001,10.000000,12.000000,-46.000000,0.029869,-0.019636,0.000001,0.000000,0.000000,0.000000,-0.177131,1424.000000,-194.029846,-202.412338,-408.405579,-685.800537,0.000010,0.000000,9.959331,6490,0,31,0
62.910984,0.009113,-0.326822,-1.070140,0.000001,0.000008,-0.002844,-0.000071,0.000358,0.021643,0.000036,0.000007,0.000001,10.000000,12.000000,-46.000000,0.029863,-0.019636,0.000001,0.000000,0.000000,0.000000,-0.177131,1424.000000,-194.029846,-202.412338,-408.405579,-685.800537,0.000010,0.000000,9.959302,6490,0,31,0
62.912937,0.009113,-0.326822,-1.070145,0.000001,0.000009,-0.002801,-0.000070,0.000354,0.021743,0.000036,0.000007,0.000001,10.000000,12.000000,-46.000000,0.029858,-0.019636,0.000001,0.000000,0.000000,0.000000,-0.177131,1424.000000,-194.029846,-202.412338,-408.405579,-685.800537,0.000010,0.000000,9.959273,6490,0,31,0
62.914890,0.009113,-0.326822,-1.070151,0.000001,0.000010,-0.002757,-0.000070,0.000350,0.021832,0.000036,0.000007,0.000001,10.000000,12.000000,-46.000000,0.029852,-0.019636,0.000001,0.000000,0.000000,0.000000,-0.177131,1424.000000,-194.029846,-202.412338,-408.405579,-685.800537,0.000010,0.000000,9.959246,6490,0,31,0
62.916847,0.009113,-0.326822,-1.070156,0.000001,0.000010,-0.002713,-0.000069,0.000346,0.021914,0.000035,0.000007,0.000001,10.000000,12.000000,-46.000000,0.029846,-0.019636,0.000001,0.000000,0.000000,0.000000,-0.177131,1424.000000,-194.029846,-202.412338,-408.405579,-685.800537,0.000010,0.000000,9.959219,6490,0,31,0
62.918800,0.009113,-0.326822,-1.070162,0.000001,0.000011,-0.002669,-0.000068,0.000342,0.021988,0.000035,0.000007,0.000001,10.000000,12.000000,-46.000000,0.029841,-0.019636,0.000001,0.000000,0.000000,0.000000,-0.177131,1424.000000,-194.029846,-202.412338,-408.405579,-685.800537,0.000010,0.000000,9.959192,6490,0,31,0
62.920753,0.009113,-0.326822,-1.070167,0.000001,0.000012,-0.002625,-0.000066,0.000338,0.022055,0.000034,0.000007,0.000001,10.000000,12.000000,-46.000000,0.029836,-0.019636,0.000001,0.000000,0.000000,0.000000,-0.177131,1424.000000,-194.029846,-202.412338,-408.405579,-685.800537,0.000010,0.000000,9.959166,6490,0,31,0
62.922707,0.009113,-0.326822,-1.070172,0.000001,0.000012,-0.002581,-0.000064,0.000334,0.022116,0.000034,0.000006,0.000001,10.000000,12.000000,-46.000000,0.029830,-0.019636,0.000001,0.000000,0.000000,0.000000,-0.177131,1424.000000,-194.029846,-202.412338,-408.405579,-685.800537,0.000010,0.000000,9.959139,6490,0,31,0
62.924664,0.009113,-0.326822,-1.070177,0.000000,0.000013,-0.002537,-0.000062,0.000329,0.022171,0.000033,0.000006,0.000001,10.000000,12.000000,-46.000000,0.029825,-0.019636,0.000001,0.000000,0.000000,0.000000,-0.177131,1424.000000,-194.029846,-202.412338,-408.405579,-685.800537,0.000010,0.000000,9.959115,6490,0,31,0
62.926617,0.009113,-0.326822,-1.070182,0.000000,0.000014,-0.002492,-0.000059,0.000325,0.022221,0.000033,0.000006,0.000001,10.000000,12.000000,-46.000000,0.029820,-0.019636,0.000001,0.000000,0.000000,0.000000,-0.177131,1424.000000,-194.029846,-202.412338,-408.405579,-685.800537,0.000010,0.000000,9.959089,6490,0,31,0
62.928570,0.009113,-0.326822,-1.070187,0.000000,0.000014,-0.002448,-0.000055,0.000321,0.022267,0.000033,0.000005,0.000001,10.000000,12.000000,-46.000000,0.029815,-0.019636,0.000001,0.000000,0.000000,0.000000,-0.177131,1424.000000,-194.029846,-202.412338,-408.405579,-685.800537,0.000010,0.000000,9.959064,6490,0,31,0
62.930523,0.009113,-0.326822,-1.070192,0.000000,0.000015,-0.002403,-0.000051,0.000317,0.022307,0.000032,0.000005,0.000001,10.000000,12.000000,-46.000000,0.029810,-0.019636,0.000001,0.000000,0.000000,0.000000,-0.177131,1424.000000,-194.029846,-202.412338,-408.405579,-685.800537,0.000010,0.000000,9.959041,6490,0,32,0
62.932480,0.009113,-0.326822,-1.070197,0.000000,0.000016,-0.002359,-0.000047,0.000312,0.022346,0.000032,0.000005,0.000001,10.000000,12.000000,-46.000000,0.029806,-0.019636,0.000001,0.000000,0.000000,0.000000,-0.177131,1424.000000,-194.029846,-202.412338,-408.405579,-685.800537,0.000010,0.000000,9.959017,6490,0,32,0
62.934433,0.009113,-0.326822,-1.070201,-0.000000,0.000016,-0.002314,-0.000043,0.000308,0.022380,0.000031,0.000004,0.000001,10.000000,11.000000,-61.000000,0.029801,-0.019636,0.000001,0.000000,0.000000,0.000000,-0.177131,1348.000000,-194.029846,-202.412338,-408.405579,-685.800537,0.000010,0.000000,9.958994,6490,0,32,0
62.936386,0.009113,-0.326822,-1.070206,-0.000000,0.000017,-0.002269,-0.000038,0.000303,0.022412,0.000031,0.000004,0.000001,10.000000,11.000000,-61.000000,0.029796,-0.100678,-0.000000,0.000000,0.000000,0.067000,-0.414976,1348.000000,-223.880585,-234.608566,-445.533386,-606.093079,0.000010,0.000000,9.958971,6490,0,32,0
62.938339,0.009113,-0.326822,-1.070210,-0.000000,0.000017,-0.002224,-0.000033,0.000299,0.022440,0.000030,0.000003,0.000001,10.000000,11.000000,-61.000000,0.029792,-0.100678,-0.000000,0.000000,0.000000,0.000000,-0.414976,1348.000000,-223.880585,-234.608566,-445.533386,-606.093079,0.000010,0.000000,9.958948,6490,0,32,0
62.940292,0.009113,-0.326822,-1.070215,-0.000000,0.000018,-0.002179,-0.000028,0.000295,0.022466,0.000030,0.000003,0.000002,10.000000,11.000000,-61.000000,0.029787,-0.100678,-0.000000,0.000000,0.000000,0.000000,-0.414976,1348.000000,-223.880585,-234.608566,-445.533386,-606.093079,0.000010,0.000000,9.958926,6490,0,32,0
62.942249,0.009113,-0.326822,-1.070219,-0.000000,0.000019,-0.002134,-0.000023,0.000290,0.022489,0.000029,0.000002,0.000002,10.000000,11.000000,-61.000000,0.029783,-0.100678,-0.000000,0.000000,0.000000,0.000000,-0.414976,1348.000000,-223.880585,-234.608566,-445.533386,-606.093079,0.000010,0.000000,9.958905,6490,0,32,0
62.944202,0.009113,-0.326822,-1.070223,-0.000000,0.000019,-0.002089,-0.000018,0.000286,0.022510,0.000029,0.000002,0.000002,10.000000,11.000000,-61.000000,0.029779,-0.100678,-0.000000,0.000000,0.000000,0.000000,-0.414976,1348.000000,-223.880585,-234.608566,-445.533386,-606.093079,0.000010,0.000000,9.958884,6490,0,32,0
62.946156,0.009113,-0.326822,-1.070227,-0.000000,0.000020,-0.002044,-0.000013,0.000281,0.022529,0.000029,0.000001,0.000002,10.000000,11.000000,-61.000000,0.029775,-0.100678,-0.000000,0.000000,0.000000,0.000000,-0.414976,1348.000000,-223.880585,-234.608566,-445.533386,-606.093079,0.000010,0.000000,9.958863,6490,0,32,0
62.948109,0.009113,-0.326822,-1.070231,-0.000000,0.000020,-0.001999,-0.000008,0.000277,0.022546,0.000028,0.000001,0.000002,10.000000,11.000000,-61.000000,0.029771,-0.100678,-0.000000,0.000000,0.000000,0.000000,-0.414976,1348.000000,-223.880585,-234.608566,-445.533386,-606.093079,0.000010,0.000000,9.958843,6490,0,32,0
62.950066,0.009113,-0.326822,-1.070235,-0.000000,0.000021,-0.001954,-0.000004,0.000272,0.022562,0.000028,0.000000,0.000002,10.000000,11.000000,-61.000000,0.029767,-0.100678,-0.000000,0.000000,0.000000,0.000000,-0.414976,1348.000000,-223.880585,-234.608566,-445.533386,-606.093079,0.000010,0.000000,9.958824,6490,0,32,0
62.952019,0.009113,-0.326822,-1.070239,-0.000000,0.000021,-0.001909,-0.000000,0.000268,0.022576,0.000027,-0.000000,0.000002,10.000000,11.000000,-61.000000,0.029763,-0.100678,-0.000000,0.000000,0.000000,0.000000,-0.414976,1348.000000,-223.880585,-234.608566,-445.533386,-606.093079,0.000010,0.000000,9.958805,6490,0,32,0
62.953972,0.009113,-0.326822,-1.070243,-0.000000,0.000022,-0.001864,0.000003,0.000263,0.022589,0.000027,-0.000001,0.000002,10.000000,11.000000,-61.000000,0.029759,-0.100678,-0.000000,0.000000,0.000000,0.000000,-0.414976,1348.000000,-223.880585,-234.608566,-445.533386,-606.093079,0.000010,0.000000,9.958786,6490,0,32,0
62.955925,0.009113,-0.326822,-1.070247,-0.000000,0.000022,-0.001819,0.000007,0.000258,0.022601,0.000026,-0.000001,0.000002,10.000000,11.000000,-61.000000,0.029755,-0.100678,-0.000000,0.000000,0.000000,0.000000,-0.414976,1348.000000,-223.880585,-234.608566,-445.533386,-606.093079,0.000010,0.000000,9.958767,6490,0,32,0
62.957878,0.009113,-0.326822,-1.070250,-0.000000,0.000023,-0.001773,0.000009,0.000254,0.022612,0.000026,-0.000001,0.000002,10.000000,11.000000,-61.000000,0.029752,-0.100678,-0.000000,0.000000,0.000000,0.000000,-0.414976,1348.000000,-223.880585,-234.608566,-445.533386,-606.093079,0.000010,0.000000,9.958750,6490,0,32,0
62.959835,0.009113,-0.326821,-1.070254,-0.000000,0.000023,-0.001728,0.000012,0.000249,0.022621,0.000025,-0.000001,0.000002,10.000000,11.000000,-61.000000,0.029748,-0.100678,-0.000000,0.000000,0.000000,0.000000,-0.414976,1348.000000,-223.880585,-234.608566,-445.533386,-606.093079,0.000010,0.000000,9.958733,6490,0,32,0
62.961788,0.009113,-0.326821,-1.070257,-0.000000,0.000024,-0.001683,0.000014,0.000245,0.022630,0.000025,-0.000001,0.000002,10.000000,11.000000,-61.000000,0.029745,-0.100678,-0.000000,0.000000,0.000000,0.000000,-0.414976,1348.000000,-223.880585,-234.608566,-445.533386,-606.093079,0.000010,0.000000,9.958715,6490,0,32,0
62.963741,0.009113,-0.326821,-1.070260,-0.000000,0.000024,-0.001638,0.000015,0.000240,0.022638,0.000024,-0.000002,0.000002,10.000000,11.000000,-61.000000,0.029741,-0.100678,-0.000000,0.000000,0.000000,0.000000,-0.414976,1348.000000,-223.880585,-234.608566,-445.533386,-606.093079,0.000010,0.000000,9.958698,6490,0,32,0
62.965694,0.009113,-0.326821,-1.070264,-0.000000,0.000025,-0.001592,0.000016,0.000236,0.022645,0.000024,-0.000002,0.000002,10.000000,11.000000,-61.000000,0.029738,-0.100678,-0.000000,0.000000,0.000000,0.000000,-0.414976,1348.000000,-223.880585,-234.608566,-445.533386,-606.093079,0.000010,0.000000,9.958683,6490,0,31,0
62.967651,0.009113,-0.326821,-1.070267,-0.000000,0.000025,-0.001547,0.000016,0.000231,0.022651,0.000023,-0.000002,0.000002,10.000000,11.000000,-61.000000,0.029735,-0.100678,-0.000000,0.000000,0.000000,0.000000,-0.414976,1348.000000,-223.880585,-234.608566,-445.533386,-606.093079,0.000010,0.000000,9.958668,6490,0,31,0
62.969604,0.009113,-0.326821,-1.070270,-0.000000,0.000026,-0.001502,0.000016,0.000227,0.022656,0.000023,-0.000002,0.000002,10.000000,11.000000,-61.000000,0.029732,-0.100678,-0.000000,0.000000,0.000000,0.000000,-0.414976,1348.000000,-223.880585,-234.608566,-445.533386,-606.093079,0.000010,0.000000,9.958652,6490,0,31,0
62.971558,0.009113,-0.326821,-1.070273,-0.000000,0.000026,-0.001456,0.000015,0.000222,0.022661,0.000022,-0.000001,0.000002,10.000000,11.000000,-61.000000,0.029729,-0.100678,-0.000000,0.000000,0.000000,0.000000,-0.414976,1348.000000,-223.880585,-234.608566,-445.533386,-606.093079,0.000010,0.000000,9.958637,6490,0,31,0
62.973511,0.009113,-0.326821,-1.070275,-0.000000,0.000027,-0.001411,0.000014,0.000217,0.022665,0.000022,-0.000001,0.000002,10.000000,11.000000,-61.000000,0.029726,-0.100678,-0.000000,0.000000,0.000000,0.000000,-0.414976,1348.000000,-223.880585,-234.608566,-445.533386,-606.093079,0.000010,0.000000,9.958623,6490,0,31,0
62.975468,0.009113,-0.326821,-1.070278,-0.000000,0.000027,-0.001366,0.000013,0.000213,0.022669,0.000022,-0.000001,0.000002,10.000000,11.000000,-61.000000,0.029723,-0.100678,-0.000000,0.000000,0.000000,0.000000,-0.414976,1348.000000,-223.880585,-234.608566,-445.533386,-606.093079,0.000010,0.000000,9.958610,6490,0,31,0
62.977421,0.009113,-0.326821,-1.070281,-0.000000,0.000028,-0.001320,0.000011,0.000208,0.022673,0.000021,-0.000001,0.000002,10.000000,11.000000,-61.000000,0.029720,-0.100678,-0.000000,0.000000,0.000000,0.000000,-0.414976,1348.000000,-223.880585,-234.608566,-445.533386,-606.093079,0.000010,0.000000,9.958596,6490,0,31,0
62.979374,0.009113,-0.326821,-1.070283,-0.000000,0.000028,-0.001275,0.000010,0.000204,0.022676,0.000021,-0.000001,0.000002,10.000000,11.000000,-61.000000,0.029718,-0.100678,-0.000000,0.000000,0.000000,0.000000,-0.414976,1348.000000,-223.880585,-234.608566,-445.533386,-606.093079,0.000010,0.000000,9.958583,6490,0,31,0
62.981327,0.009113,-0.326821,-1.070286,-0.000000,0.000028,-0.001230,0.000008,0.000199,0.022679,0.000020,-0.000001,0.000002,10.000000,11.000000,-61.000000,0.029715,-0.100678,-0.000000,0.000000,0.000000,0.000000,-0.414976,1348.000000,-223.880585,-234.608566,-445.533386,-606.093079,0.000010,0.000000,9.958570,6490,0,31,0
62.983280,0.009113,-0.326821,-1.070288,-0.000000,0.000029,-0.001184,0.000006,0.000194,0.022682,0.000020,-0.000001,0.000002,10.000000,11.000000,-61.000000,0.029713,-0.100678,-0.000000,0.000000,0.000000,0.000000,-0.414976,1348.000000,-223.880585,-234.608566,-445.533386,-606.093079,0.000010,0.000000,9.958559,6490,0,31,0
62.985237,0.009113,-0.326821,-1.070291,-0.000000,0.000029,-0.001139,0.000004,0.000190,0.022684,0.000019,-0.000000,0.000002,10.000000,11.000000,-61.000000,0.029711,-0.100678,-0.000000,0.000000,0.000000,0.000000,-0.414976,1348.000000,-223.880585,-234.608566,-445.533386,-606.093079,0.000010,0.000000,9.958548,6490,0,31,0
62.987190,0.009113,-0.326821,-1.070293,-0.000000,0.000029,-0.001094,0.000003,0.000185,0.022687,0.000019,-0.000000,0.000002,10.000000,11.000000,-61.000000,0.029708,-0.100678,-0.000000,0.000000,0.000000,0.000000,-0.414976,1348.000000,-223.880585,-234.608566,-445.533386,-606.093079,0.000010,0.000000,9.958536,6490,0,31,0
62.989143,0.009113,-0.326821,-1.070295,-0.000000,0.000030,-0.001048,0.000001,0.000180,0.022689,0.000018,-0.000000,0.000002,10.000000,11.000000,-61.000000,0.029706,-0.100678,-0.000000,0.000000,0.000000,0.000000,-0.414976,1348.000000,-223.880585,-234.608566,-445.533386,-606.093079,0.000010,0.000000,9.958526,6490,0,31,0
62.991096,0.009113,-0.326821,-1.070297,-0.000000,0.000030,-0.001003,-0.000000,0.000176,0.022691,0.000018,0.000000,0.000002,10.000000,11.000000,-61.000000,0.029704,-0.100678,-0.000000,0.000000,0.000000,0.000000,-0.414976,1348.000000,-223.880585,-234.608566,-445.533386,-606.093079,0.000010,0.000000,9.958516,6490,0,31,0
62.993053,0.009113,-0.326821,-1.070299,-0.000000,0.000031,-0.000957,-0.000001,0.000171,0.022692,0.000017,0.000000,0.000002,10.000000,10.000000,-75.000000,0.029702,-0.100678,-0.000000,0.000000,0.000000,0.000000,-0.414976,1280.000000,-223.880585,-234.608566,-445.533386,-606.093079,0.000010,0.000000,9.958506,6490,0,31,0
62.995007,0.009113,-0.326820,-1.070301,-0.000000,0.000031,-0.000912,-0.000002,0.000167,0.022693,0.000017,0.000000,0.000002,10.000000,10.000000,-75.000000,0.029700,-0.159036,-0.000000,0.000000,0.000000,0.066000,-0.397254,1280.000000,-212.121262,-237.850006,178.171600,-364.278015,0.000010,0.000000,9.958496,6490,0,31,0
62.996960,0.009113,-0.326820,-1.070302,-0.000000,0.000031,-0.000867,-0.000003,0.000162,0.022694,0.000016,0.000000,0.000002,10.000000,10.000000,-75.000000,0.029698,-0.159036,-0.000000,0.000000,0.000000,0.000000,-0.397254,1280.000000,-212.121262,-237.850006,178.171600,-364.278015,0.000010,0.000000,9.958488,6490,0,31,0
62.998913,0.009113,-0.326820,-1.070304,-0.000000,0.000032,-0.000821,-0.000004,0.000157,0.022696,0.000016,0.000000,0.000002,10.000000,10.000000,-75.000000,0.029697,-0.159036,-0.000000,0.000000,0.000000,0.000000,-0.397254,1280.000000,-212.121262,-237.850006,178.171600,-364.278015,0.000010,0.000000,9.958480,6490,0,31,0
63.000870,0.009113,-0.326820,-1.070306,-0.000000,0.000032,-0.000776,-0.000004,0.000153,0.022697,0.000015,0.000000,0.000002,10.000000,10.000000,-75.000000,0.029695,-0.159036,-0.000000,0.000000,0.000000,0.000000,-0.397254,1280.000000,-212.121262,-237.850006,178.171600,-364.278015,0.000010,0.000000,9.958471,6490,0,31,0
63.002823,0.009113,-0.326820,-1.070307,-0.000000,0.000032,-0.000731,-0.000004,0.000148,0.022698,0.000015,0.000000,0.000002,10.000000,10.000000,-75.000000,0.029693,-0.159036,-0.000000,0.000000,0.000000,0.000000,-0.397254,1280.000000,-212.121262,-237.850006,178.171600,-364.278015,0.000010,0.000000,9.958464,6490,0,31,0
63.004776,0.009113,-0.326820,-1.070309,-0.000000,0.000032,-0.000685,-0.000004,0.000143,0.022699,0.000014,0.000000,0.000002,10.000000,10.000000,-75.000000,0.029692,-0.159036,-0.000000,0.000000,0.000000,0.000000,-0.397254,1280.000000,-212.121262,-237.850006,178.171600,-364.278015,0.000010,0.000000,9.958457,6490,0,31,0
63.006729,0.009113,-0.326820,-1.070310,-0.000000,0.000033,-0.000640,-0.000003,0.000139,0.022700,0.000014,0.000000,0.000002,10.000000,10.000000,-75.000000,0.029691,-0.159036,-0.000000,0.000000,0.000000,0.000000,-0.397254,1280.000000,-212.121262,-237.850006,178.171600,-364.278015,0.000010,0.000000,9.958451,6490,0,31,0
63.008682,0.009113,-0.326820,-1.070311,-0.000000,0.000033,-0.000594,-0.000002,0.000134,0.022701,0.000013,0.000000,0.000002,10.000000,10.000000,-75.000000,0.029689,-0.159036,-0.000000,0.000000,0.000000,0.000000,-0.397254,1280.000000,-212.121262,-237.850006,178.171600,-364.278015,0.000010,0.000000,9.958445,6490,0,31,0
63.010639,0.009113,-0.326820,-1.070312,-0.000000,0.000033,-0.000549,-0.000001,0.000130,0.022701,0.000013,0.000000,0.000002,10.000000,10.000000,-75.000000,0.029688,-0.159036,-0.000000,0.000000,0.000000,0.000000,-0.397254,1280.000000,-212.121262,-237.850006,178.171600,-364.278015,0.000010,0.000000,9.958440,6490,0,31,0
63.012592,0.009113,-0.326820,-1.070313,-0.000000,0.000033,-0.000504,0.000001,0.000125,0.022702,0.000013,-0.000000,0.000002,10.000000,10.000000,-75.000000,0.029687,-0.159036,-0.000000,0.000000,0.000000,0.000000,-0.397254,1280.000000,-212.121262,-237.850006,178.171600,-364.278015,0.000010,0.000000,9.958434,6490,0,31,0
63.014545,0.009113,-0.326820,-1.070314,-0.000000,0.000034,-0.000458,0.000003,0.000120,0.022703,0.000012,-0.000000,0.000002,10.000000,10.000000,-75.000000,0.029686,-0.159036,-0.000000,0.000000,0.000000,0.000000,-0.397254,1280.000000,-212.121262,-237.850006,178.171600,-364.278015,0.000010,0.000000,9.958428,6490,0,31,0
63.016499,0.009113,-0.326820,-1.070315,-0.000000,0.000034,-0.000413,0.000005,0.000116,0.022703,0.000012,-0.000001,0.000002,10.000000,10.000000,-75.000000,0.029685,-0.159036,-0.000000,0.000000,0.000000,0.000000,-0.397254,1280.000000,-212.121262,-237.850006,178.171600,-364.278015,0.000010,0.000000,9.958426,6490,0,32,0
63.018456,0.009113,-0.326820,-1.070316,-0.000000,0.000034,-0.000367,0.000008,0.000111,0.022704,0.000011,-0.000001,0.000002,10.000000,10.000000,-75.000000,0.029685,-0.159036,-0.000000,0.000000,0.000000,0.000000,-0.397254,1280.000000,-212.121262,-237.850006,178.171600,-364.278015,0.000010,0.000000,9.958422,6490,0,32,0
63.020409,0.009113,-0.326820,-1.070317,-0.000000,0.000034,-0.000322,0.000011,0.000106,0.022705,0.000011,-0.000001,0.000002,10.000000,10.000000,-75.000000,0.029684,-0.159036,-0.000000,0.000000,0.000000,0.000000,-0.397254,1280.000000,-212.121262,-237.850006,178.171600,-364.278015,0.000010,0.000000,9.958418,6490,0,32,0
63.022362,0.009113,-0.326820,-1.070317,0.000000,0.000035,-0.000276,0.000014,0.000102,0.022706,0.000010,-0.000002,0.000002,10.000000,10.000000,-75.000000,0.029683,-0.159036,-0.000000,0.000000,0.000000,0.000000,-0.397254,1280.000000,-212.121262,-237.850006,178.171600,-364.278015,0.000010,0.000000,9.958415,6490,0,32,0
63.024315,0.009113,-0.326819,-1.070318,0.000000,0.000035,-0.000231,0.000017,0.000097,0.022708,0.000010,-0.000002,0.000002,10.000000,10.000000,-75.000000,0.029683,-0.159036,-0.000000,0.000000,0.000000,0.000000,-0.397254,1280.000000,-212.121262,-237.850006,178.171600,-364.278015,0.000010,0.000000,9.958413,6490,0,32,0
63.026272,0.009113,-0.326819,-1.070318,0.000000,0.000035,-0.000186,0.000021,0.000092,0.022708,0.000009,-0.000002,0.000002,10.000000,10.000000,-75.000000,0.029682,-0.159036,-0.000000,0.000000,0.000000,0.000000,-0.397254,1280.000000,-212.121262,-237.850006,178.171600,-364.278015,0.000010,0.000000,9.958411,6490,0,32,0
63.028225,0.009113,-0.326819,-1.070318,0.000000,0.000035,-0.000140,0.000024,0.000088,0.022709,0.000009,-0.000003,0.000002,10.000000,10.000000,-75.000000,0.029682,-0.159036,-0.000000,0.000000,0.000000,0.000000,-0.397254,1280.000000,-212.121262,-237.850006,178.171600,-364.278015,0.000010,0.000000,9.958409,6490,0,32,0
63.030178,0.009113,-0.326819,-1.070318,0.000000,0.000035,-0.000095,0.000027,0.000083,0.022709,0.000008,-0.000003,0.000002,10.000000,10.000000,-75.000000,0.029682,-0.159036,-0.000000,0.000000,0.000000,0.000000,-0.397254,1280.000000,-212.121262,-237.850006,178.171600,-364.278015,0.000010,0.000000,9.958407,6490,0,32,0
63.032131,0.009113,-0.326819,-1.070319,0.000000,0.000035,-0.000049,0.000030,0.000078,0.022710,0.000008,-0.000003,0.000002,10.000000,10.000000,-75.000000,0.029681,-0.159036,-0.000000,0.000000,0.000000,0.000000,-0.397254,1280.000000,-212.121262,-237.850006,178.171600,-364.278015,0.000010,0.000000,9.958407,6490,0,32,0
63.034084,0.009113,-0.326819,-1.070319,0.000000,0.000036,-0.000004,0.000033,0.000074,0.022711,0.000007,-0.000003,0.000002,10.000000,10.000000,-75.000000,0.029681,-0.159036,-0.000000,0.000000,0.000000,0.000000,-0.397254,1280.000000,-212.121262,-237.850006,178.171600,-364.278015,0.000010,0.000000,9.958407,6490,0,32,0
63.036041,0.009113,-0.326819,-1.070319,0.000000,0.000036,0.000041,0.000035,0.000069,0.022711,0.000007,-0.000004,0.000002,10.000000,10.000000,-75.000000,0.029681,-0.159036,-0.000000,0.000000,0.000000,0.000000,-0.397254,1280.000000,-212.121262,-237.850006,178.171600,-364.278015,0.000010,0.000000,9.958407,6490,0,32,0
63.037994,0.009113,-0.326819,-1.070318,0.000000,0.000036,0.000087,0.000037,0.000065,0.022711,0.000006,-0.000004,0.000002,10.000000,10.000000,-75.000000,0.029682,-0.159036,-0.000000,0.000000,0.000000,0.000000,-0.397254,1280.000000,-212.121262,-237.850006,178.171600,-364.278015,0.000010,0.000000,9.958408,6490,0,32,0
63.039948,0.009113,-0.326819,-1.070318,0.000001,0.000036,0.000132,0.000039,0.000060,0.022712,0.000006,-0.000004,0.000003,10.000000,10.000000,-75.000000,0.029682,-0.159036,-0.000000,0.000000,0.000000,0.000000,-0.397254,1280.000000,-212.121262,-237.850006,178.171600,-364.278015,0.000010,0.000000,9.958409,6490,0,32,0
63.041901,0.009113,-0.326819,-1.070318,0.000001,0.000036,0.000178,0.000040,0.000055,0.022713,0.000005,-0.000004,0.000003,10.000000,10.000000,-75.000000,0.029682,-0.159036,-0.000000,0.000000,0.000000,0.000000,-0.397254,1280.000000,-212.121262,-237.850006,178.171600,-364.278015,0.000010,0.000000,9.958411,6490,0,32,0
63.043858,0.009113,-0.326819,-1.070317,0.000001,0.000036,0.000223,0.000041,0.000051,0.022713,0.000005,-0.000004,0.000003,10.000000,10.000000,-75.000000,0.029682,-0.159036,-0.000000,0.000000,0.000000,0.000000,-0.397254,1280.000000,-212.121262,-237.850006,178.171600,-364.278015,0.000010,0.000000,9.958413,6490,0,32,0
63.045811,0.009113,-0.326819,-1.070317,0.000001,0.000036,0.000269,0.000042,0.000046,0.022714,0.000004,-0.000004,0.000003,10.000000,10.000000,-75.000000,0.029683,-0.159036,-0.000000,0.000000,0.000000,0.000000,-0.397254,1280.000000,-212.121262,-237.850006,178.171600,-364.278015,0.000010,0.000000,9.958416,6490,0,32,0
63.047764,0.009113,-0.326819,-1.070316,0.000001,0.000036,0.000314,0.000042,0.000041,0.022714,0.000004,-0.000004,0.000003,10.000000,10.000000,-75.000000,0.029683,-0.159036,-0.000000,0.000000,0.000000,0.000000,-0.397254,1280.000000,-212.121262,-237.850006,178.171600,-364.278015,0.000010,0.000000,9.958420,6490,0,32,0
63.049717,0.009113,-0.326819,-1.070316,0.000001,0.000036,0.000359,0.000041,0.000037,0.022714,0.000004,-0.000004,0.000003,10.000000,10.000000,-75.000000,0.029684,-0.159036,-0.000000,0.000000,0.000000,0.000000,-0.397254,1280.000000,-212.121262,-237.850006,178.171600,-364.278015,0.000010,0.000000,9.958423,6490,0,31,0
63.051674,0.009113,-0.326818,-1.070315,0.000001,0.000037,0.000405,0.000040,0.000032,0.022714,0.000003,-0.000004,0.000003,10.000000,8.000000,-90.000000,0.029685,-0.159036,-0.000000,0.000000,0.000000,0.000000,-0.397254,1178.000000,-212.121262,-237.850006,178.171600,-364.278015,0.000010,0.000000,9.958426,6490,0,31,0
63.053627,0.009113,-0.326818,-1.070314,0.000001,0.000037,0.000450,0.000038,0.000027,0.022713,0.000003,-0.000004,0.000003,10.000000,8.000000,-90.000000,0.029686,-0.249817,0.000000,0.000000,0.000000,0.067000,-0.632761,1178.000000,-223.880585,-242.668564,-175.512283,-281.774048,0.000010,0.000000,9.958430,6490,0,31,0
63.055580,0.009113,-0.326818,-1.070313,0.000001,0.000037,0.000496,0.000036,0.000023,0.022712,0.000002,-0.000004,0.000003,10.000000,8.000000,-90.000000,0.029687,-0.249817,0.000000,0.000000,0.000000,0.000000,-0.632761,1178.000000,-223.880585,-242.668564,-175.512283,-281.774048,0.000010,0.000000,9.958435,6490,0,31,0
63.057533,0.009113,-0.326818,-1.070312,0.000001,0.000037,0.000541,0.000034,0.000018,0.022712,0.000002,-0.000003,0.000003,10.000000,8.000000,-90.000000,0.029688,-0.249817,0.000000,0.000000,0.000000,0.000000,-0.632761,1178.000000,-223.880585,-242.668564,-175.512283,-281.774048,0.000010,0.000000,9.958441,6490,0,31,0
63.059486,0.009113,-0.326818,-1.070311,0.000001,0.000037,0.000587,0.000031,0.000013,0.022712,0.000001,-0.000003,0.000003,10.000000,8.000000,-90.000000,0.029689,-0.249817,0.000000,0.000000,0.000000,0.000000,-0.632761,1178.000000,-223.880585,-242.668564,-175.512283,-281.774048,0.000010,0.000000,9.958447,6490,0,31,0
63.061443,0.009113,-0.326818,-1.070310,0.000001,0.000037,0.000632,0.000028,0.000009,0.022711,0.000001,-0.000003,0.000003,10.000000,8.000000,-90.000000,0.029690,-0.249817,0.000000,0.000000,0.000000,0.000000,-0.632761,1178.000000,-223.880585,-242.668564,-175.512283,-281.774048,0.000010,0.000000,9.958453,6490,0,31,0
63.063396,0.009113,-0.326818,-1.070308,0.000001,0.000037,0.000677,0.000025,0.000004,0.022711,0.000000,-0.000002,0.000003,10.000000,8.000000,-90.000000,0.029691,-0.249817,0.000000,0.000000,0.000000,0.000000,-0.632761,1178.000000,-223.880585,-242.668564,-175.512283,-281.774048,0.000010,0.000000,9.958459,6490,0,31,0
63.065350,0.009113,-0.326818,-1.070307,0.000001,0.000037,0.000723,0.000022,-0.000001,0.022711,-0.000000,-0.000002,0.000003,10.000000,8.000000,-90.000000,0.029693,-0.249817,0.000000,0.000000,0.000000,0.000000,-0.632761,1178.000000,-223.880585,-242.668564,-175.512283,-281.774048,0.000010,0.000000,9.958467,6490,0,31,0
63.067303,0.009113,-0.326818,-1.070305,0.000001,0.000037,0.000768,0.000019,-0.000005,0.022711,-0.000001,-0.000002,0.000003,10.000000,8.000000,-90.000000,0.029694,-0.249817,0.000000,0.000000,0.000000,0.000000,-0.632761,1178.000000,-223.880585,-242.668564,-175.512283,-281.774048,0.000010,0.000000,9.958474,6490,0,31,-1
63.069260,0.009113,-0.326818,-1.070304,0.000002,0.000037,0.000814,0.000016,-0.000008,0.022711,-0.000001,-0.000002,0.000003,10.000000,8.000000,-90.000000,0.029696,-0.249817,0.000000,0.000000,0.000000,0.000000,-0.632761,1178.000000,-223.880585,-242.668564,-175.512283,-281.774048,0.000002,0.000000,9.958483,6490,0,31,-1
63.071213,0.009113,-0.326818,-1.070302,0.000002,0.000037,0.000859,0.000014,-0.000013,0.022711,-0.000002,-0.000001,0.000003,10.000000,8.000000,-90.000000,0.029697,-0.249817,0.000000,0.000000,0.000000,0.000000,-0.632761,1178.000000,-223.880585,-242.668564,-175.512283,-281.774048,-0.000011,0.000000,9.958490,6490,0,31,-1
63.073166,0.009113,-0.326818,-1.070300,0.000002,0.000037,0.000905,0.000011,-0.000018,0.022711,-0.000002,-0.000001,0.000003,10.000000,8.000000,-90.000000,0.029699,-0.249817,0.000000,0.000000,0.000000,0.000000,-0.632761,1178.000000,-223.880585,-242.668564,-175.512283,-281.774048,-0.000024,0.000000,9.958500,6490,0,31,-1
63.075119,0.009113,-0.326818,-1.070298,0.000002,0.000037,0.000950,0.000008,-0.000022,0.022711,-0.000003,-0.000001,0.000003,10.000000,8.000000,-90.000000,0.029701,-0.249817,0.000000,0.000000,0.000000,0.000000,-0.632761,1178.000000,-223.880585,-242.668564,-175.512283,-281.774048,-0.000036,0.000000,9.958508,6490,0,31,-1
63.077072,0.009113,-0.326818,-1.070296,0.000002,0.000037,0.000995,0.000005,-0.000027,0.022711,-0.000003,-0.000000,0.000003,10.000000,8.000000,-90.000000,0.029703,-0.249817,0.000000,0.000000,0.000000,0.000000,-0.632761,1178.000000,-223.880585,-242.668564,-175.512283,-281.774048,-0.000047,0.000000,9.958518,6490,0,31,-1
63.079029,0.009113,-0.326817,-1.070294,0.000002,0.000037,0.001041,0.000002,-0.000032,0.022711,-0.000004,-0.000000,0.000002,10.000000,8.000000,-90.000000,0.029705,-0.249817,0.000000,0.000000,0.000000,0.000000,-0.632761,1178.000000,-223.880585,-242.668564,-175.512283,-281.774048,-0.000057,0.000000,9.958529,6490,0,31,-1
63.080982,0.009113,-0.326817,-1.070292,0.000002,0.000036,0.001086,-0.000001,-0.000037,0.022711,-0.000004,0.000000,0.000002,10.000000,8.000000,-90.000000,0.029707,-0.249817,0.000000,0.000000,0.000000,0.000000,-0.632761,1178.000000,-223.880585,-242.668564,-175.512283,-281.774048,-0.000066,0.000000,9.958540,6490,0,31,0
63.082935,0.009113,-0.326817,-1.070290,0.000002,0.000036,0.001132,-0.000005,-0.000043,0.022711,-0.000005,0.000001,0.000002,10.000000,8.000000,-90.000000,0.029709,-0.249817,0.000000,0.000000,0.000000,0.000000,-0.632761,1178.000000,-223.880585,-242.668564,-175.512283,-281.774048,-0.000068,0.000000,9.958551,6490,0,31,0
63.084888,0.009113,-0.326817,-1.070288,0.000002,0.000036,0.001177,-0.000008,-0.000048,0.022711,-0.000005,0.000001,0.000002,10.000000,8.000000,-90.000000,0.029711,-0.249817,0.000000,0.000000,0.000000,0.000000,-0.632761,1178.000000,-223.880585,-242.668564,-175.512283,-281.774048,-0.000063,0.000000,9.958563,6490,0,31,0
63.086845,0.009113,-0.326817,-1.070285,0.000002,0.000036,0.001222,-0.000011,-0.000052,0.022711,-0.000006,0.000001,0.000002,10.000000,8.000000,-90.000000,0.029714,-0.249817,0.000000,0.000000,0.000000,0.000000,-0.632761,1178.000000,-223.880585,-242.668564,-175.512283,-281.774048,-0.000058,0.000000,9.958575,6490,0,31,0
63.088799,0.009113,-0.326817,-1.070283,0.000002,0.000036,0.001268,-0.000014,-0.000057,0.022710,-0.000006,0.000002,0.000002,10.000000,8.000000,-90.000000,0.029716,-0.249817,0.000000,0.000000,0.000000,0.000000,-0.632761,1178.000000,-223.880585,-242.668564,-175.512283,-281.774048,-0.000054,0.000000,9.958588,6490,0,31,0
63.090752,0.009113,-0.326817,-1.070280,0.000002,0.000036,0.001313,-0.000017,-0.000062,0.022710,-0.000006,0.000002,0.000002,10.000000,8.000000,-90.000000,0.029719,-0.249817,0.000000,0.000000,0.000000,0.000000,-0.632761,1178.000000,-223.880585,-242.668564,-175.512283,-281.774048,-0.000050,0.000000,9.958601,6490,0,31,0
63.092705,0.009113,-0.326817,-1.070277,0.000001,0.000036,0.001359,-0.000020,-0.000066,0.022710,-0.000007,0.000002,0.000002,10.000000,8.000000,-90.000000,0.029721,-0.249817,0.000000,0.000000,0.000000,0.000000,-0.632761,1178.000000,-223.880585,-242.668564,-175.512283,-281.774048,-0.000047,0.000000,9.958614,6490,0,31,0
63.094662,0.009113,-0.326817,-1.070274,0.000001,0.000036,0.001404,-0.000022,-0.000071,0.022710,-0.000007,0.000002,0.000002,10.000000,8.000000,-90.000000,0.029724,-0.249817,0.000000,0.000000,0.000000,0.000000,-0.632761,1178.000000,-223.880585,-242.668564,-175.512283,-281.774048,-0.000044,0.000000,9.958628,6490,0,31,0
63.096615,0.009113,-0.326817,-1.070272,0.000001,0.000036,0.001450,-0.000025,-0.000076,0.022710,-0.000008,0.000003,0.000001,10.000000,8.000000,-90.000000,0.029727,-0.249817,0.000000,0.000000,0.000000,0.000000,-0.632761,1178.000000,-223.880585,-242.668564,-175.512283,-281.774048,-0.000041,0.000000,9.958642,6490,0,31,0
63.098568,0.009113,-0.326817,-1.070269,0.000001,0.000035,0.001495,-0.000027,-0.000080,0.022709,-0.000008,0.000003,0.000001,10.000000,8.000000,-90.000000,0.029730,-0.249817,0.000000,0.000000,0.000000,0.000000,-0.632761,1178.000000,-223.880585,-242.668564,-175.512283,-281.774048,-0.000038,0.000000,9.958657,6490,0,31,0
63.100521,0.009113,-0.326817,-1.070266,0.000001,0.000035,0.001540,-0.000029,-0.000085,0.022709,-0.000009,0.000003,0.000001,10.000000,8.000000,-90.000000,0.029733,-0.249817,0.000000,0.000000,0.000000,0.000000,-0.632761,1178.000000,-223.880585,-242.668564,-175.512283,-281.774048,-0.000036,0.000000,9.958673,6490,0,31,0
63.102474,0.009113,-0.326817,-1.070262,0.000001,0.000035,0.001586,-0.000031,-0.000089,0.022708,-0.000009,0.000003,0.000001,10.000000,8.000000,-90.000000,0.029736,-0.249817,0.000000,0.000000,0.000000,0.000000,-0.632761,1178.000000,-223.880585,-242.668564,-175.512283,-281.774048,-0.000034,0.000000,9.958688,6490,0,31,0
63.104431,0.009113,-0.326816,-1.070259,0.000001,0.000035,0.001631,-0.000032,-0.000094,0.022708,-0.000010,0.000003,0.000001,10.000000,8.000000,-90.000000,0.029739,-0.249817,0.000000,0.000000,0.000000,0.000000,-0.632761,1178.000000,-223.880585,-242.668564,-175.512283,-281.774048,-0.000032,0.000000,9.958704,6490,0,31,0
63.106384,0.009113,-0.326816,-1.070256,0.000001,0.000035,0.001677,-0.000033,-0.000099,0.022709,-0.000010,0.000003,0.000001,10.000000,8.000000,-90.000000,0.029742,-0.249817,0.000000,0.000000,0.000000,0.000000,-0.632761,1178.000000,-223.880585,-242.668564,-175.512283,-281.774048,-0.000030,0.000000,9.958721,6490,0,31,0
63.108337,0.009113,-0.326816,-1.070252,0.000001,0.000034,0.001722,-0.000034,-0.000103,0.022708,-0.000011,0.000004,0.000001,10.000000,8.000000,-90.000000,0.029746,-0.249817,0.000000,0.000000,0.000000,0.000000,-0.632761,1178.000000,-223.880585,-242.668564,-175.512283,-281.774048,-0.000028,0.000000,9.958738,6490,0,31,0
63.110291,0.009113,-0.326816,-1.070249,0.000001,0.000034,0.001768,-0.000035,-0.000108,0.022709,-0.000011,0.000004,0.000001,10.000000,8.000000,-90.000000,0.029749,-0.249817,0.000000,0.000000,0.000000,0.000000,-0.632761,1178.000000,-223.880585,-242.668564,-175.512283,-281.774048,-0.000027,0.000000,9.958755,6490,0,31,0
63.112247,0.009113,-0.326816,-1.070245,0.000001,0.000034,0.001813,-0.000035,-0.000113,0.022708,-0.000012,0.000004,0.000001,10.000000,8.000000,-90.000000,0.029753,-0.249817,0.000000,0.000000,0.000000,0.000000,-0.632761,1178.000000,-223.880585,-242.668564,-175.512283,-281.774048,-0.000025,0.000000,9.958774,6490,0,31,0
63.114201,0.009113,-0.326816,-1.070242,0.000001,0.000034,0.001858,-0.000035,-0.000117,0.022708,-0.000012,0.000004,0.000001,10.000000,8.000000,-90.000000,0.029757,-0.249817,0.000000,0.000000,0.000000,0.000000,-0.632761,1178.000000,-223.880585,-242.668564,-175.512283,-281.774048,-0.000024,0.000000,9.958793,6490,0,31,0
63.116154,0.009113,-0.326816,-1.070238,0.000001,0.000034,0.001904,-0.000034,-0.000122,0.022708,-0.000013,0.000003,0.000001,10.000000,8.000000,-90.000000,0.029760,-0.249817,0.000000,0.000000,0.000000,0.000000,-0.632761,1178.000000,-223.880585,-242.668564,-175.512283,-281.774048,-0.000023,0.000000,9.958811,6490,0,31,0
63.118107,0.009113,-0.326816,-1.070234,0.000001,0.000033,0.001949,-0.000034,-0.000127,0.022708,-0.000013,0.000003,0.000001,10.000000,8.000000,-90.000000,0.029764,-0.249817,0.000000,0.000000,0.000000,0.000000,-0.632761,1178.000000,-223.880585,-242.668564,-175.512283,-281.774048,-0.000022,0.000000,9.958830,6490,0,31,0
63.120064,0.009113,-0.326816,-1.070230,0.000001,0.000033,0.001995,-0.000032,-0.000131,0.022708,-0.000014,0.000003,0.000001,10.000000,8.000000,-90.000000,0.029768,-0.249817,0.000000,0.000000,0.000000,0.000000,-0.632761,1178.000000,-223.880585,-242.668564,-175.512283,-281.774048,-0.000021,0.000000,9.958850,6490,0,31,0
63.122017,0.009113,-0.326816,-1.070226,0.000001,0.000033,0.002040,-0.000031,-0.000136,0.022708,-0.000014,0.000003,0.000001,10.000000,8.000000,-90.000000,0.029772,-0.249817,0.000000,0.000000,0.000000,0.000000,-0.632761,1178.000000,-223.880585,-242.668564,-175.512283,-281.774048,-0.000020,0.000000,9.958871,6490,0,31,0
63.123970,0.009113,-0.326816,-1.070222,0.000000,0.000032,0.002085,-0.000029,-0.000140,0.022708,-0.000015,0.000003,0.000001,10.000000,8.000000,-90.000000,0.029776,-0.249817,0.000000,0.000000,0.000000,0.000000,-0.632761,1178.000000,-223.880585,-242.668564,-175.512283,-281.774048,-0.000020,0.000000,9.958892,6490,0,31,0
63.125923,0.009113,-0.326816,-1.070218,0.000000,0.000032,0.002131,-0.000026,-0.000145,0.022708,-0.000015,0.000003,0.000001,10.000000,8.000000,-90.000000,0.029780,-0.249817,0.000000,0.000000,0.000000,0.000000,-0.632761,1178.000000,-223.880585,-242.668564,-175.512283,-281.774048,-0.000019,0.000000,9.958912,6490,0,31,0
63.127876,0.009113,-0.326816,-1.070213,0.000000,0.000032,0.002176,-0.000023,-0.000150,0.022708,-0.000016,0.000002,0.000001,10.000000,8.000000,-90.000000,0.029785,-0.249817,0.000000,0.000000,0.000000,0.000000,-0.632761,1178.000000,-223.880585,-242.668564,-175.512283,-281.774048,-0.000018,0.000000,9.958934,6490,0,32,0
63.129833,0.009113,-0.326816,-1.070209,0.000000,0.000032,0.002222,-0.000020,-0.000154,0.022709,-0.000016,0.000002,0.000001,10.000000,7.000000,-103.000000,0.029789,-0.249817,0.000000,0.000000,0.000000,0.000000,-0.632761,1088.000000,-223.880585,-242.668564,-175.512283,-281.774048,-0.000018,0.000000,9.958957,6490,0,32,0
63.131786,0.009113,-0.326816,-1.070204,0.000000,0.000031,0.002267,-0.000017,-0.000159,0.022710,-0.000017,0.000001,0.000001,10.000000,7.000000,-103.000000,0.029793,-0.315239,0.000000,0.000000,0.000000,0.067000,-0.605055,1088.000000,-194.029755,-222.945724,445.534576,-47.344269,-0.000017,0.000000,9.958979,6490,0,32,0
63.133739,0.009113,-0.326816,-1.070200,0.000000,0.000031,0.002313,-0.000013,-0.000164,0.022711,-0.000017,0.000001,0.000001,10.000000,7.000000,-103.000000,0.029798,-0.315239,0.000000,0.000000,0.000000,0.000000,-0.605055,1088.000000,-194.029755,-222.945724,445.534576,-47.344269,-0.000017,0.000000,9.959002,6490,0,32,0
63.135693,0.009113,-0.326815,-1.070195,0.000000,0.000031,0.002358,-0.000009,-0.000168,0.022711,-0.000017,0.000001,0.000000,10.000000,7.000000,-103.000000,0.029803,-0.315239,0.000000,0.000000,0.000000,0.000000,-0.605055,1088.000000,-194.029755,-222.945724,445.534576,-47.344269,-0.000017,0.000000,9.959025,6490,0,32,0
63.137650,0.009113,-0.326815,-1.070190,0.000000,0.000030,0.002403,-0.000005,-0.000173,0.022712,-0.000018,0.000000,0.000000,10.000000,7.000000,-103.000000,0.029807,-0.315239,0.000000,0.000000,0.000000,0.000000,-0.605055,1088.000000,-194.029755,-222.945724,445.534576,-47.344269,-0.000016,0.000000,9.959048,6490,0,32,0
63.139603,0.009113,-0.326815,-1.070185,0.000000,0.000030,0.002449,-0.000001,-0.000178,0.022712,-0.000018,-0.000000,0.000000,10.000000,7.000000,-103.000000,0.029812,-0.315239,0.000000,0.000000,0.000000,0.000000,-0.605055,1088.000000,-194.029755,-222.945724,445.534576,-47.344269,-0.000016,0.000000,9.959074,6490,0,32,0
63.141556,0.009113,-0.326815,-1.070180,0.000000,0.000030,0.002494,0.000003,-0.000182,0.022713,-0.000019,-0.000000,0.000000,10.000000,7.000000,-103.000000,0.029817,-0.315239,0.000000,0.000000,0.000000,0.000000,-0.605055,1088.000000,-194.029755,-222.945724,445.534576,-47.344269,-0.000015,0.000000,9.959098,6490,0,32,0
63.143509,0.009113,-0.326815,-1.070175,0.000000,0.000029,0.002540,0.000007,-0.000187,0.022713,-0.000019,-0.000001,0.000000,10.000000,7.000000,-103.000000,0.029822,-0.315239,0.000000,0.000000,0.000000,0.000000,-0.605055,1088.000000,-194.029755,-222.945724,445.534576,-47.344269,-0.000015,0.000000,9.959124,6490,0,32,0
63.145466,0.009113,-0.326815,-1.070170,0.000000,0.000029,0.002585,0.000010,-0.000192,0.022713,-0.000020,-0.000001,0.000000,10.000000,7.000000,-103.000000,0.029827,-0.315239,0.000000,0.000000,0.000000,0.000000,-0.605055,1088.000000,-194.029755,-222.945724,445.534576,-47.344269,-0.000015,0.000000,9.959149,6490,0,32,0
63.147419,0.009113,-0.326815,-1.070165,0.000000,0.000028,0.002630,0.000013,-0.000196,0.022714,-0.000020,-0.000002,0.000000,10.000000,7.000000,-103.000000,0.029832,-0.315239,0.000000,0.000000,0.000000,0.000000,-0.605055,1088.000000,-194.029755,-222.945724,445.534576,-47.344269,-0.000015,0.000000,9.959176,6490,0,32,0
63.149372,0.009113,-0.326815,-1.070160,0.000000,0.000028,0.002676,0.000016,-0.000201,0.022714,-0.000021,-0.000002,0.000000,10.000000,7.000000,-103.000000,0.029838,-0.315239,0.000000,0.000000,0.000000,0.000000,-0.605055,1088.000000,-194.029755,-222.945724,445.534576,-47.344269,-0.000015,0.000000,9.959203,6490,0,32,0
63.151325,0.009113,-0.326815,-1.070154,0.000000,0.000028,0.002721,0.000019,-0.000206,0.022714,-0.000021,-0.000002,0.000000,10.000000,7.000000,-103.000000,0.029843,-0.315239,0.000000,0.000000,0.000000,0.000000,-0.605055,1088.000000,-194.029755,-222.945724,445.534576,-47.344269,-0.000014,0.000000,9.959229,6490,0,32,0
63.153278,0.009113,-0.326815,-1.070149,0.000000,0.000027,0.002767,0.000021,-0.000210,0.022714,-0.000022,-0.000002,0.000000,10.000000,7.000000,-103.000000,0.029849,-0.315239,0.000000,0.000000,0.000000,0.000000,-0.605055,1088.000000,-194.029755,-222.945724,445.534576,-47.344269,-0.000014,0.000000,9.959257,6490,0,32,0
63.155235,0.009113,-0.326815,-1.070143,0.000000,0.000027,0.002812,0.000022,-0.000215,0.022714,-0.000022,-0.000002,0.000000,10.000000,7.000000,-103.000000,0.029854,-0.315239,0.000000,0.000000,0.000000,0.000000,-0.605055,1088.000000,-194.029755,-222.945724,445.534576,-47.344269,-0.000014,0.000000,9.959285,6490,0,32,0
63.157188,0.009113,-0.326815,-1.070137,0.000000,0.000026,0.002858,0.000024,-0.000219,0.022714,-0.000023,-0.000002,0.000000,10.000000,7.000000,-103.000000,0.029860,-0.315239,0.000000,0.000000,0.000000,0.000000,-0.605055,1088.000000,-194.029755,-222.945724,445.534576,-47.344269,-0.000014,0.000000,9.959313,6490,0,32,0
63.159142,0.009113,-0.326815,-1.070132,0.000001,0.000026,0.002903,0.000024,-0.000224,0.022714,-0.000023,-0.000003,0.000000,10.000000,7.000000,-103.000000,0.029866,-0.315239,0.000000,0.000000,0.000000,0.000000,-0.605055,1088.000000,-194.029755,-222.945724,445.534576,-47.344269,-0.000014,0.000000,9.959342,6490,0,32,0
63.161095,0.009113,-0.326815,-1.070126,0.000001,0.000025,0.002948,0.000024,-0.000229,0.022715,-0.000024,-0.000002,0.000000,10.000000,7.000000,-103.000000,0.029871,-0.315239,0.000000,0.000000,0.000000,0.000000,-0.605055,1088.000000,-194.029755,-222.945724,445.534576,-47.344269,-0.000014,0.000000,9.959372,6490,0,31,0
63.163052,0.009113,-0.326815,-1.070120,0.000001,0.000025,0.002994,0.000024,-0.000233,0.022714,-0.000024,-0.000002,0.000000,10.000000,7.000000,-103.000000,0.029877,-0.315239,0.000000,0.000000,0.000000,0.000000,-0.605055,1088.000000,-194.029755,-222.945724,445.534576,-47.344269,-0.000014,0.000000,9.959402,6490,0,31,0
63.165005,0.009113,-0.326815,-1.070114,0.000001,0.000024,0.003039,0.000023,-0.000238,0.022713,-0.000025,-0.000002,0.000000,10.000000,7.000000,-103.000000,0.029883,-0.315239,0.000000,0.000000,0.000000,0.000000,-0.605055,1088.000000,-194.029755,-222.945724,445.534576,-47.344269,-0.000013,0.000000,9.959432,6490,0,31,0
63.166958,0.009113,-0.326815,-1.070108,0.000001,0.000024,0.003085,0.000022,-0.000243,0.022713,-0.000025,-0.000002,0.000000,10.000000,7.000000,-103.000000,0.029889,-0.315239,0.000000,0.000000,0.000000,0.000000,-0.605055,1088.000000,-194.029755,-222.945724,445.534576,-47.344269,-0.000013,0.000000,9.959462,6491,0,31,0
63.168911,0.009113,-0.326815,-1.070101,0.000001,0.000023,0.003130,0.000020,-0.000247,0.022607,-0.000026,-0.000002,-0.000000,10.000000,7.000000,-103.000000,0.029896,-0.315239,0.000000,0.000000,0.000000,0.000000,-0.605055,1088.000000,-194.029755,-222.945724,445.534576,-47.344269,-0.000013,0.000000,9.959494,6491,0,31,0
63.170864,0.009113,-0.326815,-1.070095,0.000001,0.000023,0.003175,0.000019,-0.000252,0.022476,-0.000026,-0.000002,-0.000000,10.000000,7.000000,-103.000000,0.029902,-0.315239,0.000000,0.000000,0.000000,0.000000,-0.605055,1088.000000,-194.029755,-222.945724,445.534576,-47.344269,-0.000013,0.000000,9.959526,6491,0,31,0
63.172821,0.009113,-0.326814,-1.070089,0.000001,0.000022,0.003220,0.000017,-0.000257,0.022358,-0.000026,-0.000002,-0.000000,10.000000,7.000000,-103.000000,0.029908,-0.315239,0.000000,0.000000,0.000000,0.000000,-0.605055,1088.000000,-194.029755,-222.945724,445.534576,-47.344269,-0.000013,0.000000,9.959558,6491,0,31,0
63.174774,0.009113,-0.326814,-1.070082,0.000001,0.000022,0.003264,0.000014,-0.000261,0.022251,-0.000027,-0.000001,-0.000000,10.000000,7.000000,-103.000000,0.029915,-0.315239,0.000000,0.000000,0.000000,0.000000,-0.605055,1088.000000,-194.029755,-222.945724,445.534576,-47.344269,-0.000013,0.000000,9.959590,6491,0,31,0
63.176727,0.009113,-0.326814,-1.070076,0.000001,0.000021,0.003309,0.000012,-0.000266,0.022154,-0.000027,-0.000001,-0.000000,10.000000,7.000000,-103.000000,0.029921,-0.315239,0.000000,0.000000,0.000000,0.000000,-0.605055,1088.000000,-194.029755,-222.945724,445.534576,-47.344269,-0.000013,0.000000,9.959622,6491,0,31,0
63.178680,0.009113,-0.326814,-1.070069,0.000001,0.000021,0.003353,0.000010,-0.000271,0.022065,-0.000028,-0.000001,-0.000000,10.000000,7.000000,-103.000000,0.029928,-0.315239,0.000000,0.000000,0.000000,0.000000,-0.605055,1088.000000,-194.029755,-222.945724,445.534576,-47.344269,-0.000013,0.000000,9.959656,6491,0,31,0
63.180637,0.009113,-0.326814,-1.070062,0.000001,0.000020,0.003397,0.000008,-0.000275,0.021985,-0.000028,-0.000001,-0.000000,10.000000,7.000000,-103.000000,0.029935,-0.315239,0.000000,0.000000,0.000000,0.000000,-0.605055,1088.000000,-194.029755,-222.945724,445.534576,-47.344269,-0.000013,0.000000,9.959690,6491,0,31,0
63.182590,0.009113,-0.326814,-1.070055,0.000001,0.000020,0.003441,0.000006,-0.000280,0.021912,-0.000029,-0.000000,-0.000000,10.000000,7.000000,-103.000000,0.029941,-0.315239,0.000000,0.000000,0.000000,0.000000,-0.605055,1088.000000,-194.029755,-222.945724,445.534576,-47.344269,-0.000013,0.000000,9.959724,6491,0,31,0
63.184544,0.009113,-0.326814,-1.070048,0.000001,0.000019,0.003485,0.000004,-0.000285,0.021846,-0.000029,-0.000000,-0.000000,10.000000,7.000000,-103.000000,0.029948,-0.315239,0.000000,0.000000,0.000000,0.000000,-0.605055,1088.000000,-194.029755,-222.945724,445.534576,-47.344269,-0.000013,0.000000,9.959760,6491,0,31,0
63.186497,0.009113,-0.326814,-1.070041,0.000001,0.000019,0.003528,0.000002,-0.000289,0.021787,-0.000030,-0.000000,-0.000000,10.000000,7.000000,-103.000000,0.029955,-0.315239,0.000000,0.000000,0.000000,0.000000,-0.605055,1088.000000,-194.029755,-222.945724,445.534576,-47.344269,-0.000013,0.000000,9.959794,6491,0,31,0
63.188454,0.009113,-0.326814,-1.070034,0.000001,0.000018,0.003572,0.000000,-0.000294,0.021732,-0.000030,0.000000,-0.000000,10.000000,5.000000,-114.000000,0.029962,-0.315239,0.000000,0.000000,0.000000,0.000000,-0.605055,1004.000000,-194.029755,-222.945724,445.534576,-47.344269,-0.000013,0.000000,9.959830,6491,0,31,0
63.190407,0.009113,-0.326814,-1.070027,0.000001,0.000017,0.003615,-0.000001,-0.000298,0.021683,-0.000031,0.000000,-0.000000,10.000000,5.000000,-114.000000,0.029970,-0.368542,0.000000,0.000000,0.000000,0.066000,-0.621098,1004.000000,-166.666702,-194.055389,414.591797,118.434296,-0.000013,0.000000,9.959867,6491,0,31,0
63.192360,0.009113,-0.326814,-1.070020,0.000001,0.000017,0.003658,-0.000002,-0.000303,0.021638,-0.000031,0.000000,-0.000000,10.000000,5.000000,-114.000000,0.029977,-0.368542,0.000000,0.000000,0.000000,0.000000,-0.621098,1004.000000,-166.666702,-194.055389,414.591797,118.434296,-0.000013,0.000000,9.959903,6491,0,31,0
63.194313,0.009113,-0.326814,-1.070012,0.000001,0.000016,0.003702,-0.000003,-0.000308,0.021598,-0.000032,0.000000,-0.000000,10.000000,5.000000,-114.000000,0.029984,-0.368542,0.000000,0.000000,0.000000,0.000000,-0.621098,1004.000000,-166.666702,-194.055389,414.591797,118.434296,-0.000013,0.000000,9.959939,6491,0,31,0
63.196266,0.009113,-0.326814,-1.070005,0.000001,0.000016,0.003745,-0.000004,-0.000312,0.021561,-0.000032,0.000000,-0.000000,10.000000,5.000000,-114.000000,0.029992,-0.368542,0.000000,0.000000,0.000000,0.000000,-0.621098,1004.000000,-166.666702,-194.055389,414.591797,118.434296,-0.000013,0.000000,9.959977,6491,0,31,0
63.198223,0.009113,-0.326814,-1.069997,0.000001,0.000015,0.003788,-0.000005,-0.000317,0.021528,-0.000033,0.000000,-0.000000,10.000000,5.000000,-114.000000,0.029999,-0.368542,0.000000,0.000000,0.000000,0.000000,-0.621098,1004.000000,-166.666702,-194.055389,414.591797,118.434296,-0.000013,0.000000,9.960014,6491,0,31,0
63.200176,0.009113,-0.326814,-1.069990,0.000001,0.000014,0.003831,-0.000005,-0.000322,0.021499,-0.000033,0.000000,-0.000000,10.000000,5.000000,-114.000000,0.030007,-0.368542,0.000000,0.000000,0.000000,0.000000,-0.621098,1004.000000,-166.666702,-194.055389,414.591797,118.434296,-0.000013,0.000000,9.960052,6491,0,31,0
63.202129,0.009113,-0.326814,-1.069982,0.000001,0.000014,0.003874,-0.000005,-0.000326,0.021471,-0.000034,0.000000,-0.000000,10.000000,5.000000,-114.000000,0.030014,-0.368542,0.000000,0.000000,0.000000,0.000000,-0.621098,1004.000000,-166.666702,-194.055389,414.591797,118.434296,-0.000013,0.000000,9.960092,6491,0,31,0
63.204082,0.009113,-0.326814,-1.069974,0.000001,0.000013,0.003917,-0.000004,-0.000331,0.021446,-0.000034,0.000000,-0.000000,10.000000,5.000000,-114.000000,0.030022,-0.368542,0.000000,0.000000,0.000000,0.000000,-0.621098,1004.000000,-166.666702,-194.055389,414.591797,118.434296,-0.000013,0.000000,9.960131,6491,0,31,0
63.206039,0.009113,-0.326814,-1.069966,0.000001,0.000012,0.003959,-0.000003,-0.000336,0.021423,-0.000035,0.000000,-0.000001,10.000000,5.000000,-114.000000,0.030030,-0.368542,0.000000,0.000000,0.000000,0.000000,-0.621098,1004.000000,-166.666702,-194.055389,414.591797,118.434296,-0.000013,0.000000,9.960171,6491,0,31,0
63.207993,0.009113,-0.326814,-1.069958,0.000001,0.000012,0.004002,-0.000002,-0.000340,0.021403,-0.000035,0.000000,-0.000001,10.000000,5.000000,-114.000000,0.030038,-0.368542,0.000000,0.000000,0.000000,0.000000,-0.621098,1004.000000,-166.666702,-194.055389,414.591797,118.434296,-0.000013,0.000000,9.960210,6491,0,31,0
63.209946,0.009113,-0.326814,-1.069950,0.000001,0.000011,0.004045,-0.000000,-0.000345,0.021385,-0.000036,-0.000000,-0.000001,10.000000,5.000000,-114.000000,0.030046,-0.368542,0.000000,0.000000,0.000000,0.000000,-0.621098,1004.000000,-166.666702,-194.055389,414.591797,118.434296,-0.000013,0.000000,9.960250,6491,0,31,0
63.211899,0.009113,-0.326814,-1.069942,0.000001,0.000010,0.004088,0.000002,-0.000350,0.021368,-0.000036,-0.000000,-0.000001,10.000000,5.000000,-114.000000,0.030054,-0.368542,0.000000,0.000000,0.000000,0.000000,-0.621098,1004.000000,-166.666702,-194.055389,414.591797,118.434296,-0.000013,0.000000,9.960291,6491,0,32,0
63.213856,0.009113,-0.326814,-1.069934,0.000001,0.000010,0.004131,0.000004,-0.000354,0.021354,-0.000036,-0.000001,-0.000001,10.000000,5.000000,-114.000000,0.030062,-0.368542,0.000000,0.000000,0.000000,0.000000,-0.621098,1004.000000,-166.666702,-194.055389,414.591797,118.434296,-0.000013,0.000000,9.960333,6491,0,32,0
63.215809,0.009113,-0.326814,-1.069925,0.000001,0.000009,0.004173,0.000006,-0.000359,0.021340,-0.000037,-0.000001,-0.000001,10.000000,5.000000,-114.000000,0.030071,-0.368542,0.000000,0.000000,0.000000,0.000000,-0.621098,1004.000000,-166.666702,-194.055389,414.591797,118.434296,-0.000013,0.000000,9.960374,6491,0,32,0
63.217762,0.009113,-0.326814,-1.069917,0.000001,0.000008,0.004216,0.000009,-0.000364,0.021328,-0.000037,-0.000001,-0.000001,10.000000,5.000000,-114.000000,0.030079,-0.368542,0.000000,0.000000,0.000000,0.000000,-0.621098,1004.000000,-166.666702,-194.055389,414.591797,118.434296,-0.000013,0.000000,9.960416,6491,0,32,0
63.219715,0.009113,-0.326814,-1.069908,0.000001,0.000007,0.004258,0.000012,-0.000368,0.021317,-0.000038,-0.000001,-0.000001,10.000000,5.000000,-114.000000,0.030087,-0.368542,0.000000,0.000000,0.000000,0.000000,-0.621098,1004.000000,-166.666702,-194.055389,414.591797,118.434296,-0.000013,0.000000,9.960458,6491,0,32,0
63.221668,0.009113,-0.326814,-1.069900,0.000001,0.000007,0.004301,0.000015,-0.000373,0.021308,-0.000038,-0.000002,-0.000001,10.000000,5.000000,-114.000000,0.030096,-0.368542,0.000000,0.000000,0.000000,0.000000,-0.621098,1004.000000,-166.666702,-194.055389,414.591797,118.434296,-0.000013,0.000000,9.960501,6491,0,32,0
63.223625,0.009113,-0.326814,-1.069891,0.000001,0.000006,0.004344,0.000018,-0.000378,0.021299,-0.000039,-0.000002,-0.000001,10.000000,5.000000,-114.000000,0.030105,-0.368542,0.000000,0.000000,0.000000,0.000000,-0.621098,1004.000000,-166.666702,-194.055389,414.591797,118.434296,-0.000013,0.000000,9.960545,6491,0,32,0
63.225578,0.009113,-0.326814,-1.069882,0.000001,0.000005,0.004386,0.000021,-0.000382,0.021291,-0.000039,-0.000002,-0.000001,10.000000,5.000000,-114.000000,0.030113,-0.368542,0.000000,0.000000,0.000000,0.000000,-0.621098,1004.000000,-166.666702,-194.055389,414.591797,118.434296,-0.000013,0.000000,9.960588,6491,1,32,0
63.227531,0.009113,-0.326814,-1.069874,0.000001,0.000004,0.004429,0.000024,-0.000387,0.021283,-0.000040,-0.000003,-0.000001,10.000000,5.000000,-114.000000,0.030122,-0.368542,0.000000,0.000000,0.000000,0.000000,-0.621098,1004.000000,-166.666702,-194.055389,414.591797,118.434296,-0.000012,0.000000,9.960632,6491,1,32,0
63.229485,0.009113,-0.326814,-1.069865,0.000001,0.000004,0.004471,0.000026,-0.000391,0.021276,-0.000040,-0.000003,-0.000001,10.000000,5.000000,-114.000000,0.030131,-0.368542,0.000000,0.000000,0.000000,0.000000,-0.621098,1004.000000,-166.666702,-194.055389,414.591797,118.434296,-0.000012,0.000000,9.960677,6491,1,32,0
63.231441,0.009113,-0.326814,-1.069856,0.000001,0.000003,0.004514,0.000028,-0.000396,0.021270,-0.000041,-0.000003,-0.000001,10.000000,5.000000,-114.000000,0.030140,-0.368542,0.000000,0.000000,0.000000,0.000000,-0.621098,1004.000000,-166.666702,-194.055389,414.591797,118.434296,-0.000012,0.000000,9.960722,6491,1,32,0
63.233395,0.009113,-0.326814,-1.069847,0.000001,0.000002,0.004557,0.000030,-0.000399,0.021265,-0.000041,-0.000003,-0.000001,10.000000,5.000000,-114.000000,0.030149,-0.368542,0.000000,0.000000,0.000000,0.000000,-0.621098,1004.000000,-166.666702,-194.055389,414.591797,118.434296,-0.000012,0.000000,9.960768,6491,1,32,0
63.235348,0.009113,-0.326814,-1.069837,0.000001,0.000001,0.004599,0.000031,-0.000403,0.021259,-0.000041,-0.000003,-0.000001,10.000000,5.000000,-114.000000,0.030158,-0.368542,0.000000,0.000000,0.000000,0.000000,-0.621098,1004.000000,-166.666702,-194.055389,414.591797,118.434296,-0.000012,0.000000,9.960814,6491,1,32,0
63.237301,0.009113,-0.326814,-1.069828,0.000001,0.000000,0.004642,0.000032,-0.000405,0.021255,-0.000042,-0.000003,-0.000001,10.000000,5.000000,-114.000000,0.030167,-0.368542,0.000000,0.000000,0.000000,0.000000,-0.621098,1004.000000,-166.666702,-194.055389,414.591797,118.434296,-0.000012,0.000000,9.960859,6491,1,32,0
63.239258,0.009113,-0.326814,-1.069819,0.000001,-0.000000,0.004684,0.000033,-0.000407,0.021251,-0.000042,-0.000003,-0.000001,10.000000,5.000000,-114.000000,0.030177,-0.368542,0.000000,0.000000,0.000000,0.000000,-0.621098,1004.000000,-166.666702,-194.055389,414.591797,118.434296,-0.000012,0.000000,9.960906,6491,1,32,0
63.241211,0.009113,-0.326814,-1.069809,0.000002,-0.000001,0.004727,0.000033,-0.000408,0.021247,-0.000042,-0.000003,-0.000001,10.000000,5.000000,-114.000000,0.030186,-0.368542,0.000000,0.000000,0.000000,0.000000,-0.621098,1004.000000,-166.666702,-194.055389,414.591797,118.434296,-0.000011,0.000000,9.960954,6491,0,32,0
63.243164,0.009113,-0.326814,-1.069800,0.000002,-0.000002,0.004769,0.000033,-0.000409,0.021243,-0.000042,-0.000003,-0.000001,10.000000,5.000000,-114.000000,0.030195,-0.368542,0.000000,0.000000,0.000000,0.000000,-0.621098,1004.000000,-166.666702,-194.055389,414.591797,118.434296,-0.000011,0.000000,9.961001,6492,0,31,0
63.245117,0.009113,-0.326814,-1.069790,0.000002,-0.000003,0.004811,0.000032,-0.000408,0.021134,-0.000042,-0.000003,-0.000001,10.000000,5.000000,-114.000000,0.030205,-0.368542,0.000000,0.000000,0.000000,0.000000,-0.621098,1004.000000,-166.666702,-194.055389,414.591797,118.434296,-0.000011,0.000000,9.961049,6492,0,31,0
63.247070,0.009113,-0.326814,-1.069781,0.000002,-0.000004,0.004853,0.000030,-0.000406,0.021000,-0.000041,-0.000003,-0.000001,10.000000,4.000000,-124.000000,0.030215,-0.368542,0.000000,0.000000,0.000000,0.000000,-0.621098,924.000000,-166.666702,-194.055389,414.591797,118.434296,-0.000011,0.000000,9.961098,6492,0,31,0
63.249027,0.009113,-0.326814,-1.069771,0.000002,-0.000004,0.004895,0.000029,-0.000404,0.020878,-0.000041,-0.000003,-0.000001,10.000000,4.000000,-124.000000,0.030224,-0.413376,0.000000,0.000000,0.000000,0.067000,-0.632710,924.000000,-149.253799,-167.717026,259.894196,188.683884,-0.000011,0.000000,9.961147,6492,0,31,0
63.250980,0.009113,-0.326814,-1.069761,0.000002,-0.000005,0.004937,0.000027,-0.000401,0.020768,-0.000041,-0.000003,-0.000001,10.000000,4.000000,-124.000000,0.030234,-0.413376,0.000000,0.000000,0.000000,0.000000,-0.632710,924.000000,-149.253799,-167.717026,259.894196,188.683884,-0.000011,0.000000,9.961196,6492,0,31,0
63.252934,0.009113,-0.326814,-1.069751,0.000002,-0.000006,0.004978,0.000024,-0.000398,0.020668,-0.000040,-0.000002,-0.000001,10.000000,4.000000,-124.000000,0.030244,-0.413376,0.000000,0.000000,0.000000,0.000000,-0.632710,924.000000,-149.253799,-167.717026,259.894196,188.683884,-0.000011,0.000000,9.961246,6492,0,31,0
63.254887,0.009113,-0.326814,-1.069741,0.000002,-0.000007,0.005019,0.000022,-0.000394,0.020577,-0.000040,-0.000002,-0.000001,10.000000,4.000000,-124.000000,0.030254,-0.413376,0.000000,0.000000,0.000000,0.000000,-0.632710,924.000000,-149.253799,-167.717026,259.894196,188.683884,-0.000011,0.000000,9.961295,6492,0,31,0
63.256844,0.009113,-0.326814,-1.069731,0.000002,-0.000008,0.005060,0.000019,-0.000390,0.020495,-0.000040,-0.000002,-0.000001,10.000000,4.000000,-124.000000,0.030264,-0.413376,0.000000,0.000000,0.000000,0.000000,-0.632710,924.000000,-149.253799,-167.717026,259.894196,188.683884,-0.000010,0.000000,9.961346,6492,0,31,0
63.258797,0.009113,-0.326814,-1.069721,0.000002,-0.000008,0.005101,0.000017,-0.000385,0.020420,-0.000039,-0.000002,-0.000001,10.000000,4.000000,-124.000000,0.030274,-0.413376,0.000000,0.000000,0.000000,0.000000,-0.632710,924.000000,-149.253799,-167.717026,259.894196,188.683884,-0.000010,0.000000,9.961397,6492,0,31,0
63.260750,0.009113,-0.326814,-1.069710,0.000002,-0.000009,0.005142,0.000014,-0.000379,0.020352,-0.000038,-0.000001,-0.000001,10.000000,4.000000,-124.000000,0.030284,-0.413376,0.000000,0.000000,0.000000,0.000000,-0.632710,924.000000,-149.253799,-167.717026,259.894196,188.683884,-0.000010,0.000000,9.961448,6492,0,31,0
63.262703,0.009113,-0.326814,-1.069700,0.000002,-0.000010,0.005183,0.000012,-0.000374,0.020291,-0.000038,-0.000001,-0.000001,10.000000,4.000000,-124.000000,0.030295,-0.413376,0.000000,0.000000,0.000000,0.000000,-0.632710,924.000000,-149.253799,-167.717026,259.894196,188.683884,-0.000010,0.000000,9.961500,6492,0,31,0
63.264660,0.009113,-0.326814,-1.069690,0.000002,-0.000011,0.005223,0.000009,-0.000368,0.020236,-0.000037,-0.000001,-0.000001,10.000000,4.000000,-124.000000,0.030305,-0.413376,0.000000,0.000000,0.000000,0.000000,-0.632710,924.000000,-149.253799,-167.717026,259.894196,188.683884,-0.000010,0.000000,9.961552,6492,0,31,0
63.266613,0.009113,-0.326814,-1.069679,0.000002,-0.000011,0.005264,0.000007,-0.000361,0.020186,-0.000037,-0.000001,-0.000001,10.000000,4.000000,-124.000000,0.030316,-0.413376,0.000000,0.000000,0.000000,0.000000,-0.632710,924.000000,-149.253799,-167.717026,259.894196,188.683884,-0.000010,0.000000,9.961604,6492,0,31,0
63.268566,0.009113,-0.326814,-1.069669,0.000002,-0.000012,0.005304,0.000005,-0.000355,0.020140,-0.000036,-0.000000,-0.000001,10.000000,4.000000,-124.000000,0.030326,-0.413376,0.000000,0.000000,0.000000,0.000000,-0.632710,924.000000,-149.253799,-167.717026,259.894196,188.683884,-0.000010,0.000000,9.961658,6492,0,31,0
63.270519,0.009113,-0.326814,-1.069658,0.000002,-0.000013,0.005344,0.000003,-0.000348,0.020098,-0.000035,-0.000000,-0.000001,10.000000,4.000000,-124.000000,0.030337,-0.413376,0.000000,0.000000,0.000000,0.000000,-0.632710,924.000000,-149.253799,-167.717026,259.894196,188.683884,-0.000010,0.000000,9.961711,6492,0,31,0
63.272472,0.009113,-0.326814,-1.069647,0.000002,-0.000013,0.005384,0.000001,-0.000341,0.020061,-0.000034,0.000000,-0.000001,10.000000,4.000000,-124.000000,0.030347,-0.413376,0.000000,0.000000,0.000000,0.000000,-0.632710,924.000000,-149.253799,-167.717026,259.894196,188.683884,-0.000010,0.000000,9.961764,6492,0,31,0
63.274429,0.009113,-0.326814,-1.069636,0.000002,-0.000014,0.005424,-0.000001,-0.000334,0.020026,-0.000034,0.000000,-0.000001,10.000000,4.000000,-124.000000,0.030358,-0.413376,0.000000,0.000000,0.000000,0.000000,-0.632710,924.000000,-149.253799,-167.717026,259.894196,188.683884,-0.000010,0.000000,9.961819,6492,0,31,0
63.276382,0.009113,-0.326814,-1.069625,0.000002,-0.000015,0.005464,-0.000002,-0.000326,0.019996,-0.000033,0.000000,-0.000001,10.000000,4.000000,-124.000000,0.030369,-0.413376,0.000000,0.000000,0.000000,0.000000,-0.632710,924.000000,-149.253799,-167.717026,259.894196,188.683884,-0.000010,0.000000,9.961874,6492,0,31,0
63.278336,0.009113,-0.326814,-1.069614,0.000002,-0.000015,0.005504,-0.000003,-0.000319,0.019967,-0.000032,0.000000,-0.000001,10.000000,4.000000,-124.000000,0.030380,-0.413376,0.000000,0.000000,0.000000,0.000000,-0.632710,924.000000,-149.253799,-167.717026,259.894196,188.683884,-0.000010,0.000000,9.961928,6492,0,31,0
63.280289,0.009113,-0.326814,-1.069603,0.000002,-0.000016,0.005544,-0.000004,-0.000311,0.019942,-0.000031,0.000000,-0.000001,10.000000,4.000000,-124.000000,0.030391,-0.413376,0.000000,0.000000,0.000000,0.000000,-0.632710,924.000000,-149.253799,-167.717026,259.894196,188.683884,-0.000010,0.000000,9.961984,6492,0,31,0
63.282246,0.009113,-0.326814,-1.069592,0.000002,-0.000017,0.005584,-0.000004,-0.000303,0.019918,-0.000031,0.000000,-0.000001,10.000000,4.000000,-124.000000,0.030402,-0.413376,0.000000,0.000000,0.000000,0.000000,-0.632710,924.000000,-149.253799,-167.717026,259.894196,188.683884,-0.000010,0.000000,9.962039,6492,0,31,0
63.284199,0.009113,-0.326814,-1.069581,0.000002,-0.000017,0.005624,-0.000004,-0.000295,0.019897,-0.000030,0.000000,-0.000001,10.000000,4.000000,-124.000000,0.030413,-0.413376,0.000000,0.000000,0.000000,0.000000,-0.632710,924.000000,-149.253799,-167.717026,259.894196,188.683884,-0.000010,0.000000,9.962095,6492,0,31,0
63.286152,0.009113,-0.326814,-1.069570,0.000002,-0.000018,0.005664,-0.000004,-0.000287,0.019878,-0.000029,0.000000,-0.000001,10.000000,4.000000,-124.000000,0.030425,-0.413376,0.000000,0.000000,0.000000,0.000000,-0.632710,924.000000,-149.253799,-167.717026,259.894196,188.683884,-0.000010,0.000000,9.962152,6492,0,31,0
63.288105,0.009113,-0.326814,-1.069558,0.000002,-0.000018,0.005703,-0.000003,-0.000279,0.019861,-0.000028,0.000000,-0.000001,10.000000,4.000000,-124.000000,0.030436,-0.413376,0.000000,0.000000,0.000000,0.000000,-0.632710,924.000000,-149.253799,-167.717026,259.894196,188.683884,-0.000010,0.000000,9.962210,6492,0,31,0
63.290058,0.009113,-0.326814,-1.069547,0.000002,-0.000019,0.005743,-0.000002,-0.000271,0.019846,-0.000027,0.000000,-0.000001,10.000000,4.000000,-124.000000,0.030447,-0.413376,0.000000,0.000000,0.000000,0.000000,-0.632710,924.000000,-149.253799,-167.717026,259.894196,188.683884,-0.000010,0.000000,9.962267,6492,0,31,0
63.292015,0.009113,-0.326814,-1.069535,0.000002,-0.000020,0.005783,-0.000001,-0.000262,0.019831,-0.000026,0.000000,-0.000001,10.000000,4.000000,-124.000000,0.030459,-0.413376,0.000000,0.000000,0.000000,0.000000,-0.632710,924.000000,-149.253799,-167.717026,259.894196,188.683884,-0.000010,0.000000,9.962324,6492,0,31,0
63.293968,0.009113,-0.326814,-1.069524,0.000002,-0.000020,0.005822,0.000001,-0.000254,0.019819,-0.000026,-0.000000,-0.000001,10.000000,4.000000,-124.000000,0.030471,-0.413376,0.000000,0.000000,0.000000,0.000000,-0.632710,924.000000,-149.253799,-167.717026,259.894196,188.683884,-0.000010,0.000000,9.962382,6492,0,32,0
63.295921,0.009113,-0.326814,-1.069512,0.000002,-0.000021,0.005862,0.000003,-0.000245,0.019808,-0.000025,-0.000000,-0.000002,10.000000,4.000000,-124.000000,0.030482,-0.413376,0.000000,0.000000,0.000000,0.000000,-0.632710,924.000000,-149.253799,-167.717026,259.894196,188.683884,-0.000010,0.000000,9.962440,6492,0,32,0
63.297874,0.009113,-0.326814,-1.069500,0.000002,-0.000021,0.005902,0.000005,-0.000237,0.019798,-0.000024,-0.000001,-0.000002,10.000000,4.000000,-124.000000,0.030494,-0.413376,0.000000,0.000000,0.000000,0.000000,-0.632710,924.000000,-149.253799,-167.717026,259.894196,188.683884,-0.000010,0.000000,9.962500,6492,0,32,0
63.299831,0.009113,-0.326814,-1.069488,0.000002,-0.000021,0.005941,0.000008,-0.000228,0.019790,-0.000023,-0.000001,-0.000002,10.000000,4.000000,-124.000000,0.030506,-0.413376,0.000000,0.000000,0.000000,0.000000,-0.632710,924.000000,-149.253799,-167.717026,259.894196,188.683884,-0.000010,0.000000,9.962559,6493,0,32,0
63.301785,0.009113,-0.326814,-1.069476,0.000002,-0.000022,0.005981,0.000011,-0.000219,0.019676,-0.000022,-0.000001,-0.000002,10.000000,4.000000,-124.000000,0.030518,-0.413376,0.000000,0.000000,0.000000,0.000000,-0.632710,924.000000,-149.253799,-167.717026,259.894196,188.683884,-0.000010,0.000000,9.962619,6493,0,32,0
63.303738,0.009113,-0.326814,-1.069464,0.000002,-0.000022,0.006020,0.000013,-0.000211,0.019538,-0.000021,-0.000002,-0.000002,10.000000,4.000000,-124.000000,0.030530,-0.413376,0.000000,0.000000,0.000000,0.000000,-0.632710,924.000000,-149.253799,-167.717026,259.894196,188.683884,-0.000010,0.000000,9.962678,6493,0,32,0
63.305691,0.009113,-0.326815,-1.069452,0.000002,-0.000023,0.006059,0.000016,-0.000202,0.019413,-0.000020,-0.000002,-0.000002,10.000000,4.000000,-124.000000,0.030542,-0.413376,0.000000,0.000000,0.000000,0.000000,-0.632710,924.000000,-149.253799,-167.717026,259.894196,188.683884,-0.000010,0.000000,9.962740,6493,0,32,0
63.307648,0.009113,-0.326815,-1.069440,0.000002,-0.000023,0.006097,0.000019,-0.000193,0.019299,-0.000019,-0.000002,-0.000002,10.000000,4.000000,-124.000000,0.030554,-0.413376,0.000000,0.000000,0.000000,0.000000,-0.632710,924.000000,-149.253799,-167.717026,259.894196,188.683884,-0.000010,0.000000,9.962800,6493,0,32,0
63.309601,0.009113,-0.326815,-1.069428,0.000002,-0.000023,0.006136,0.000021,-0.000184,0.019196,-0.000018,-0.000002,-0.000002,10.000000,4.000000,-124.000000,0.030566,-0.413376,0.000000,0.000000,0.000000,0.000000,-0.632710,924.000000,-149.253799,-167.717026,259.894196,188.683884,-0.000010,0.000000,9.962861,6493,0,32,0
63.311554,0.009113,-0.326815,-1.069415,0.000002,-0.000024,0.006174,0.000024,-0.000175,0.019103,-0.000017,-0.000003,-0.000002,10.000000,4.000000,-124.000000,0.030578,-0.413376,0.000000,0.000000,0.000000,0.000000,-0.632710,924.000000,-149.253799,-167.717026,259.894196,188.683884,-0.000010,0.000000,9.962923,6493,0,32,0
63.313507,0.009113,-0.326815,-1.069403,0.000002,-0.000024,0.006212,0.000026,-0.000166,0.019018,-0.000017,-0.000003,-0.000002,10.000000,4.000000,-124.000000,0.030591,-0.413376,0.000000,0.000000,0.000000,0.000000,-0.632710,924.000000,-149.253799,-167.717026,259.894196,188.683884,-0.000010,0.000000,9.962985,6493,0,32,0
63.315460,0.009113,-0.326815,-1.069391,0.000002,-0.000024,0.006250,0.000027,-0.000157,0.018941,-0.000016,-0.000003,-0.000002,10.000000,4.000000,-124.000000,0.030603,-0.413376,0.000000,0.000000,0.000000,0.000000,-0.632710,924.000000,-149.253799,-167.717026,259.894196,188.683884,-0.000010,0.000000,9.963048,6493,0,32,0
63.317417,0.009113,-0.326815,-1.069378,0.000002,-0.000025,0.006288,0.000029,-0.000148,0.018871,-0.000015,-0.000003,-0.000002,10.000000,4.000000,-124.000000,0.030616,-0.413376,0.000000,0.000000,0.000000,0.000000,-0.632710,924.000000,-149.253799,-167.717026,259.894196,188.683884,-0.000010,0.000000,9.963110,6493,0,32,0
63.319370,0.009113,-0.326815,-1.069365,0.000003,-0.000025,0.006325,0.000030,-0.000139,0.018808,-0.000014,-0.000003,-0.000002,10.000000,4.000000,-124.000000,0.030628,-0.413376,0.000000,0.000000,0.000000,0.000000,-0.632710,924.000000,-149.253799,-167.717026,259.894196,188.683884,-0.000010,0.000000,9.963174,6493,0,32,0
63.321323,0.009113,-0.326815,-1.069353,0.000003,-0.000025,0.006363,0.000030,-0.000130,0.018750,-0.000013,-0.000003,-0.000002,10.000000,4.000000,-124.000000,0.030641,-0.413376,0.000000,0.000000,0.000000,0.000000,-0.632710,924.000000,-149.253799,-167.717026,259.894196,188.683884,-0.000010,0.000000,9.963237,6493,0,32,0
63.323277,0.009113,-0.326815,-1.069340,0.000003,-0.000026,0.006400,0.000030,-0.000121,0.018698,-0.000012,-0.000003,-0.000002,10.000000,4.000000,-124.000000,0.030654,-0.413376,0.000000,0.000000,0.000000,0.000000,-0.632710,924.000000,-149.253799,-167.717026,259.894196,188.683884,-0.000010,0.000000,9.963301,6493,0,32,0
63.325233,0.009113,-0.326815,-1.069327,0.000003,-0.000026,0.006438,0.000030,-0.000112,0.018651,-0.000011,-0.000003,-0.000002,10.000000,3.000000,-131.000000,0.030667,-0.413376,0.000000,0.000000,0.000000,0.000000,-0.632710,864.000000,-149.253799,-167.717026,259.894196,188.683884,-0.000010,0.000000,9.963366,6493,0,31,0
63.327187,0.009113,-0.326815,-1.069314,0.000003,-0.000026,0.006475,0.000029,-0.000103,0.018608,-0.000010,-0.000003,-0.000002,10.000000,3.000000,-131.000000,0.030679,-0.429159,0.000001,0.000000,0.000000,0.067000,-0.509544,864.000000,-104.477562,-126.827606,668.301758,349.593597,-0.000010,0.000000,9.963430,6493,0,31,0
63.329140,0.009113,-0.326815,-1.069301,0.000003,-0.000026,0.006512,0.000027,-0.000094,0.018569,-0.000009,-0.000003,-0.000002,10.000000,3.000000,-131.000000,0.030692,-0.429159,0.000001,0.000000,0.000000,0.000000,-0.509544,864.000000,-104.477562,-126.827606,668.301758,349.593597,-0.000010,0.000000,9.963494,6493,0,31,0
63.331093,0.009113,-0.326815,-1.069288,0.000003,-0.000026,0.006549,0.000026,-0.000085,0.018534,-0.000008,-0.000003,-0.000002,10.000000,3.000000,-131.000000,0.030705,-0.429159,0.000001,0.000000,0.000000,0.000000,-0.509544,864.000000,-104.477562,-126.827606,668.301758,349.593597,-0.000010,0.000000,9.963560,6493,0,31,0
63.333050,0.009113,-0.326815,-1.069275,0.000003,-0.000027,0.006586,0.000023,-0.000076,0.018502,-0.000007,-0.000002,-0.000002,10.000000,3.000000,-131.000000,0.030719,-0.429159,0.000001,0.000000,0.000000,0.000000,-0.509544,864.000000,-104.477562,-126.827606,668.301758,349.593597,-0.000010,0.000000,9.963626,6493,0,31,0
63.335003,0.009113,-0.326815,-1.069262,0.000003,-0.000027,0.006623,0.000021,-0.000067,0.018473,-0.000006,-0.000002,-0.000002,10.000000,3.000000,-131.000000,0.030732,-0.429159,0.000001,0.000000,0.000000,0.000000,-0.509544,864.000000,-104.477562,-126.827606,668.301758,349.593597,-0.000010,0.000000,9.963693,6493,0,31,0
63.336956,0.009113,-0.326815,-1.069248,0.000003,-0.000027,0.006660,0.000019,-0.000058,0.018446,-0.000005,-0.000002,-0.000002,10.000000,3.000000,-131.000000,0.030745,-0.429159,0.000001,0.000000,0.000000,0.000000,-0.509544,864.000000,-104.477562,-126.827606,668.301758,349.593597,-0.000010,0.000000,9.963759,6493,0,31,0
63.338909,0.009113,-0.326815,-1.069235,0.000003,-0.000027,0.006697,0.000016,-0.000049,0.018422,-0.000005,-0.000002,-0.000002,10.000000,3.000000,-131.000000,0.030758,-0.429159,0.000001,0.000000,0.000000,0.000000,-0.509544,864.000000,-104.477562,-126.827606,668.301758,349.593597,-0.000010,0.000000,9.963826,6493,0,31,0
63.340862,0.009113,-0.326815,-1.069221,0.000003,-0.000027,0.006734,0.000014,-0.000040,0.018400,-0.000004,-0.000001,-0.000002,10.000000,3.000000,-131.000000,0.030772,-0.429159,0.000001,0.000000,0.000000,0.000000,-0.509544,864.000000,-104.477562,-126.827606,668.301758,349.593597,-0.000010,0.000000,9.963893,6493,0,31,0
63.342819,0.009113,-0.326815,-1.069208,0.000003,-0.000027,0.006770,0.000011,-0.000031,0.018380,-0.000003,-0.000001,-0.000002,10.000000,3.000000,-131.000000,0.030785,-0.429159,0.000001,0.000000,0.000000,0.000000,-0.509544,864.000000,-104.477562,-126.827606,668.301758,349.593597,-0.000010,0.000000,9.963960,6493,0,31,0
63.344772,0.009113,-0.326816,-1.069194,0.000003,-0.000027,0.006807,0.000008,-0.000022,0.018362,-0.000002,-0.000001,-0.000002,10.000000,3.000000,-131.000000,0.030799,-0.429159,0.000001,0.000000,0.000000,0.000000,-0.509544,864.000000,-104.477562,-126.827606,668.301758,349.593597,-0.000010,0.000000,9.964028,6493,0,31,0
63.346725,0.009113,-0.326816,-1.069181,0.000003,-0.000027,0.006844,0.000006,-0.000013,0.018346,-0.000001,-0.000000,-0.000002,10.000000,3.000000,-131.000000,0.030812,-0.429159,0.000001,0.000000,0.000000,0.000000,-0.509544,864.000000,-104.477562,-126.827606,668.301758,349.593597,-0.000010,0.000000,9.964097,6494,0,31,0
63.348679,0.009114,-0.326816,-1.069167,0.000003,-0.000027,0.006880,0.000004,-0.000003,0.018225,0.000000,-0.000000,-0.000002,10.000000,3.000000,-131.000000,0.030826,-0.429159,0.000001,0.000000,0.000000,0.000000,-0.509544,864.000000,-104.477562,-126.827606,668.301758,349.593597,-0.000010,0.000000,9.964165,6494,0,31,0
63.350636,0.009114,-0.326816,-1.069153,0.000003,-0.000027,0.006917,0.000001,0.000006,0.018081,0.000001,-0.000000,-0.000002,10.000000,3.000000,-131.000000,0.030840,-0.429159,0.000001,0.000000,0.000000,0.000000,-0.509544,864.000000,-104.477562,-126.827606,668.301758,349.593597,-0.000010,0.000000,9.964234,6494,0,31,0
63.352589,0.009114,-0.326816,-1.069139,0.000003,-0.000027,0.006953,-0.000001,0.000015,0.017951,0.000002,0.000000,-0.000002,10.000000,3.000000,-131.000000,0.030854,-0.429159,0.000001,0.000000,0.000000,0.000000,-0.509544,864.000000,-104.477562,-126.827606,668.301758,349.593597,-0.000010,0.000000,9.964304,6494,0,31,0
63.354542,0.009114,-0.326816,-1.069125,0.000003,-0.000027,0.006988,-0.000002,0.000024,0.017832,0.000003,0.000000,-0.000002,10.000000,3.000000,-131.000000,0.030868,-0.429159,0.000001,0.000000,0.000000,0.000000,-0.509544,864.000000,-104.477562,-126.827606,668.301758,349.593597,-0.000010,0.000000,9.964375,6494,0,31,0
63.356495,0.009114,-0.326816,-1.069111,0.000003,-0.000027,0.007024,-0.000004,0.000033,0.017725,0.000004,0.000000,-0.000002,10.000000,3.000000,-131.000000,0.030882,-0.429159,0.000001,0.000000,0.000000,0.000000,-0.509544,864.000000,-104.477562,-126.827606,668.301758,349.593597,-0.000010,0.000000,9.964444,6494,0,31,0
63.358452,0.009114,-0.326816,-1.069097,0.000003,-0.000027,0.007059,-0.000005,0.000042,0.017627,0.000005,0.000001,-0.000002,10.000000,3.000000,-131.000000,0.030896,-0.429159,0.000001,0.000000,0.000000,0.000000,-0.509544,864.000000,-104.477562,-126.827606,668.301758,349.593597,-0.000010,0.000000,9.964515,6494,0,31,0
63.360405,0.009114,-0.326816,-1.069083,0.000003,-0.000027,0.007094,-0.000006,0.000051,0.017539,0.000006,0.000001,-0.000002,10.000000,3.000000,-131.000000,0.030910,-0.429159,0.000001,0.000000,0.000000,0.000000,-0.509544,864.000000,-104.477562,-126.827606,668.301758,349.593597,-0.000010,0.000000,9.964585,6494,0,31,0
63.362358,0.009114,-0.326816,-1.069069,0.000003,-0.000027,0.007129,-0.000007,0.000061,0.017459,0.000007,0.000001,-0.000002,10.000000,3.000000,-131.000000,0.030924,-0.429159,0.000001,0.000000,0.000000,0.000000,-0.509544,864.000000,-104.477562,-126.827606,668.301758,349.593597,-0.000010,0.000000,9.964656,6494,0,31,0
63.364311,0.009114,-0.326816,-1.069054,0.000003,-0.000027,0.007164,-0.000007,0.000070,0.017386,0.000008,0.000001,-0.000002,10.000000,3.000000,-131.000000,0.030938,-0.429159,0.000001,0.000000,0.000000,0.000000,-0.509544,864.000000,-104.477562,-126.827606,668.301758,349.593597,-0.000010,0.000000,9.964727,6494,0,31,0
63.366264,0.009114,-0.326816,-1.069040,0.000003,-0.000026,0.007199,-0.000007,0.000079,0.017320,0.000009,0.000001,-0.000002,10.000000,3.000000,-131.000000,0.030953,-0.429159,0.000001,0.000000,0.000000,0.000000,-0.509544,864.000000,-104.477562,-126.827606,668.301758,349.593597,-0.000010,0.000000,9.964800,6494,0,31,0
63.368221,0.009114,-0.326816,-1.069026,0.000003,-0.000026,0.007233,-0.000007,0.000088,0.017261,0.000009,0.000001,-0.000002,10.000000,3.000000,-131.000000,0.030967,-0.429159,0.000001,0.000000,0.000000,0.000000,-0.509544,864.000000,-104.477562,-126.827606,668.301758,349.593597,-0.000010,0.000000,9.964872,6494,0,31,0
63.370174,0.009114,-0.326816,-1.069011,0.000003,-0.000026,0.007268,-0.000006,0.000097,0.017207,0.000010,0.000001,-0.000002,10.000000,3.000000,-131.000000,0.030982,-0.429159,0.000001,0.000000,0.000000,0.000000,-0.509544,864.000000,-104.477562,-126.827606,668.301758,349.593597,-0.000010,0.000000,9.964945,6494,0,31,0
63.372128,0.009114,-0.326816,-1.068997,0.000003,-0.000026,0.007302,-0.000005,0.000106,0.017157,0.000011,0.000000,-0.000002,10.000000,3.000000,-131.000000,0.030996,-0.429159,0.000001,0.000000,0.000000,0.000000,-0.509544,864.000000,-104.477562,-126.827606,668.301758,349.593597,-0.000010,0.000000,9.965017,6494,0,31,0
63.374081,0.009114,-0.326816,-1.068982,0.000003,-0.000026,0.007336,-0.000004,0.000115,0.017113,0.000012,0.000000,-0.000002,10.000000,3.000000,-131.000000,0.031011,-0.429159,0.000001,0.000000,0.000000,0.000000,-0.509544,864.000000,-104.477562,-126.827606,668.301758,349.593597,-0.000010,0.000000,9.965091,6494,0,32,0
63.376038,0.009114,-0.326816,-1.068967,0.000003,-0.000025,0.007370,-0.000002,0.000125,0.017073,0.000013,0.000000,-0.000002,10.000000,3.000000,-131.000000,0.031026,-0.429159,0.000001,0.000000,0.000000,0.000000,-0.509544,864.000000,-104.477562,-126.827606,668.301758,349.593597,-0.000010,0.000000,9.965165,6494,0,32,0
63.377991,0.009114,-0.326816,-1.068952,0.000003,-0.000025,0.007404,0.000000,0.000134,0.017037,0.000014,-0.000000,-0.000002,10.000000,3.000000,-131.000000,0.031040,-0.429159,0.000001,0.000000,0.000000,0.000000,-0.509544,864.000000,-104.477562,-126.827606,668.301758,349.593597,-0.000010,0.000000,9.965239,6494,0,32,0
63.379944,0.009114,-0.326816,-1.068938,0.000003,-0.000025,0.007439,0.000003,0.000143,0.017005,0.000015,-0.000000,-0.000002,10.000000,3.000000,-131.000000,0.031055,-0.429159,0.000001,0.000000,0.000000,0.000000,-0.509544,864.000000,-104.477562,-126.827606,668.301758,349.593597,-0.000010,0.000000,9.965313,6494,0,32,0
63.381897,0.009114,-0.326817,-1.068923,0.000003,-0.000025,0.007472,0.000005,0.000152,0.016975,0.000016,-0.000001,-0.000002,10.000000,3.000000,-131.000000,0.031070,-0.429159,0.000001,0.000000,0.000000,0.000000,-0.509544,864.000000,-104.477562,-126.827606,668.301758,349.593597,-0.000010,0.000000,9.965387,6494,0,32,0
63.383850,0.009114,-0.326817,-1.068908,0.000003,-0.000024,0.007506,0.000008,0.000161,0.016948,0.000017,-0.000001,-0.000002,10.000000,2.000000,-137.000000,0.031085,-0.429159,0.000001,0.000000,0.000000,0.000000,-0.509544,828.000000,-104.477562,-126.827606,668.301758,349.593597,-0.000010,0.000000,9.965462,6494,0,32,0
63.385807,0.009114,-0.326817,-1.068892,0.000003,-0.000024,0.007540,0.000010,0.000170,0.016924,0.000018,-0.000001,-0.000002,10.000000,2.000000,-137.000000,0.031100,-0.412813,0.000001,0.000000,0.000000,0.066000,-0.325876,828.000000,-90.909111,-99.351639,205.582642,330.318665,-0.000010,0.000000,9.965537,6494,0,32,0
63.387760,0.009114,-0.326817,-1.068877,0.000003,-0.000024,0.007574,0.000013,0.000179,0.016902,0.000019,-0.000001,-0.000002,10.000000,2.000000,-137.000000,0.031115,-0.412813,0.000001,0.000000,0.000000,0.000000,-0.325876,828.000000,-90.909111,-99.351639,205.582642,330.318665,-0.000010,0.000000,9.965614,6495,0,32,0
63.389713,0.009114,-0.326817,-1.068862,0.000003,-0.000023,0.007608,0.000015,0.000189,0.016776,0.000020,-0.000002,-0.000002,10.000000,2.000000,-137.000000,0.031130,-0.412813,0.000001,0.000000,0.000000,0.000000,-0.325876,828.000000,-90.909111,-99.351639,205.582642,330.318665,-0.000010,0.000000,9.965690,6495,0,32,0
63.391666,0.009114,-0.326817,-1.068847,0.000003,-0.000023,0.007641,0.000017,0.000198,0.016628,0.000021,-0.000002,-0.000002,10.000000,2.000000,-137.000000,0.031145,-0.412813,0.000001,0.000000,0.000000,0.000000,-0.325876,828.000000,-90.909111,-99.351639,205.582642,330.318665,-0.000010,0.000000,9.965766,6495,0,32,0
63.393623,0.009114,-0.326817,-1.068832,0.000003,-0.000022,0.007674,0.000018,0.000207,0.016493,0.000022,-0.000002,-0.000002,10.000000,2.000000,-137.000000,0.031161,-0.412813,0.000001,0.000000,0.000000,0.000000,-0.325876,828.000000,-90.909111,-99.351639,205.582642,330.318665,-0.000010,0.000000,9.965842,6495,0,32,0
63.395576,0.009114,-0.326817,-1.068816,0.000003,-0.000022,0.007707,0.000020,0.000216,0.016372,0.000023,-0.000002,-0.000002,10.000000,2.000000,-137.000000,0.031176,-0.412813,0.000001,0.000000,0.000000,0.000000,-0.325876,828.000000,-90.909111,-99.351639,205.582642,330.318665,-0.000010,0.000000,9.965919,6495,0,32,0
63.397530,0.009114,-0.326817,-1.068801,0.000003,-0.000022,0.007739,0.000021,0.000225,0.016261,0.000023,-0.000002,-0.000003,10.000000,2.000000,-137.000000,0.031192,-0.412813,0.000001,0.000000,0.000000,0.000000,-0.325876,828.000000,-90.909111,-99.351639,205.582642,330.318665,-0.000010,0.000000,9.965997,6495,0,32,0
63.399483,0.009114,-0.326817,-1.068785,0.000003,-0.000021,0.007772,0.000021,0.000234,0.016161,0.000024,-0.000002,-0.000003,10.000000,2.000000,-137.000000,0.031207,-0.412813,0.000001,0.000000,0.000000,0.000000,-0.325876,828.000000,-90.909111,-99.351639,205.582642,330.318665,-0.000010,0.000000,9.966075,6495,0,32,0
63.401440,0.009114,-0.326817,-1.068770,0.000003,-0.000021,0.007804,0.000022,0.000244,0.016069,0.000025,-0.000002,-0.000003,10.000000,2.000000,-137.000000,0.031223,-0.412813,0.000001,0.000000,0.000000,0.000000,-0.325876,828.000000,-90.909111,-99.351639,205.582642,330.318665,-0.000010,0.000000,9.966152,6495,0,32,0
63.403393,0.009114,-0.326817,-1.068754,0.000003,-0.000020,0.007836,0.000021,0.000253,0.015987,0.000026,-0.000002,-0.000003,10.000000,2.000000,-137.000000,0.031238,-0.412813,0.000001,0.000000,0.000000,0.000000,-0.325876,828.000000,-90.909111,-99.351639,205.582642,330.318665,-0.000010,0.000000,9.966230,6495,0,32,0
63.405346,0.009114,-0.326817,-1.068738,0.000003,-0.000020,0.007868,0.000021,0.000262,0.015912,0.000027,-0.000002,-0.000003,10.000000,2.000000,-137.000000,0.031254,-0.412813,0.000001,0.000000,0.000000,0.000000,-0.325876,828.000000,-90.909111,-99.351639,205.582642,330.318665,-0.000010,0.000000,9.966310,6495,0,31,0
63.407299,0.009114,-0.326817,-1.068722,0.000003,-0.000019,0.007900,0.000019,0.000271,0.015844,0.000028,-0.000002,-0.000003,10.000000,2.000000,-137.000000,0.031270,-0.412813,0.000001,0.000000,0.000000,0.000000,-0.325876,828.000000,-90.909111,-99.351639,205.582642,330.318665,-0.000010,0.000000,9.966388,6495,0,31,0
63.409252,0.009114,-0.326817,-1.068707,0.000003,-0.000018,0.007931,0.000018,0.000280,0.015782,0.000029,-0.000002,-0.000003,10.000000,2.000000,-137.000000,0.031286,-0.412813,0.000001,0.000000,0.000000,0.000000,-0.325876,828.000000,-90.909111,-99.351639,205.582642,330.318665,-0.000010,0.000000,9.966467,6495,0,31,0
63.411209,0.009114,-0.326817,-1.068691,0.000004,-0.000018,0.007963,0.000015,0.000289,0.015725,0.000030,-0.000001,-0.000003,10.000000,2.000000,-137.000000,0.031301,-0.412813,0.000001,0.000000,0.000000,0.000000,-0.325876,828.000000,-90.909111,-99.351639,205.582642,330.318665,-0.000010,0.000000,9.966547,6495,0,31,0
63.413162,0.009114,-0.326817,-1.068675,0.000004,-0.000017,0.007994,0.000013,0.000298,0.015674,0.000031,-0.000001,-0.000003,10.000000,2.000000,-137.000000,0.031317,-0.412813,0.000001,0.000000,0.000000,0.000000,-0.325876,828.000000,-90.909111,-99.351639,205.582642,330.318665,-0.000010,0.000000,9.966627,6495,0,31,0
63.415115,0.009114,-0.326817,-1.068659,0.000004,-0.000017,0.008025,0.000010,0.000308,0.015628,0.000032,-0.000001,-0.000003,10.000000,2.000000,-137.000000,0.031333,-0.412813,0.000001,0.000000,0.000000,0.000000,-0.325876,828.000000,-90.909111,-99.351639,205.582642,330.318665,-0.000010,0.000000,9.966707,6495,0,31,0
63.417068,0.009114,-0.326817,-1.068643,0.000004,-0.000016,0.008057,0.000008,0.000317,0.015585,0.000033,-0.000001,-0.000003,10.000000,2.000000,-137.000000,0.031349,-0.412813,0.000001,0.000000,0.000000,0.000000,-0.325876,828.000000,-90.909111,-99.351639,205.582642,330.318665,-0.000010,0.000000,9.966787,6495,-1,31,0
63.419025,0.009114,-0.326817,-1.068626,0.000004,-0.000015,0.008088,0.000005,0.000326,0.015547,0.000034,-0.000000,-0.000003,10.000000,2.000000,-137.000000,0.031366,-0.412813,0.000001,0.000000,0.000000,0.000000,-0.325876,828.000000,-90.909111,-99.351639,205.582642,330.318665,-0.000010,0.000000,9.966868,6495,-1,31,0
63.420979,0.009114,-0.326817,-1.068610,0.000004,-0.000015,0.008119,0.000002,0.000335,0.015512,0.000035,-0.000000,-0.000003,10.000000,2.000000,-137.000000,0.031382,-0.412813,0.000001,0.000000,0.000000,0.000000,-0.325876,828.000000,-90.909111,-99.351639,205.582642,330.318665,-0.000010,0.000000,9.966949,6495,-1,31,1
63.422932,0.009114,-0.326817,-1.068594,0.000004,-0.000014,0.008150,-0.000001,0.000342,0.015481,0.000036,0.000000,-0.000003,10.000000,2.000000,-137.000000,0.031398,-0.412813,0.000001,0.000000,0.000000,0.000000,-0.325876,828.000000,-90.909111,-99.351639,205.582642,330.318665,-0.000002,0.000000,9.967031,6495,-1,31,1
63.424885,0.009114,-0.326817,-1.068578,0.000004,-0.000013,0.008181,-0.000004,0.000351,0.015453,0.000036,0.000001,-0.000003,10.000000,2.000000,-137.000000,0.031414,-0.412813,0.000001,0.000000,0.000000,0.000000,-0.325876,828.000000,-90.909111,-99.351639,205.582642,330.318665,0.000011,0.000000,9.967113,6495,-1,31,1
63.426842,0.009114,-0.326817,-1.068561,0.000004,-0.000013,0.008211,-0.000007,0.000359,0.015428,0.000037,0.000001,-0.000003,10.000000,2.000000,-137.000000,0.031431,-0.412813,0.000001,0.000000,0.000000,0.000000,-0.325876,828.000000,-90.909111,-99.351639,205.582642,330.318665,0.000024,0.000000,9.967195,6496,-1,31,1
63.428795,0.009114,-0.326817,-1.068545,0.000004,-0.000012,0.008242,-0.000011,0.000367,0.015299,0.000038,0.000001,-0.000003,10.000000,2.000000,-137.000000,0.031447,-0.412813,0.000001,0.000000,0.000000,0.000000,-0.325876,828.000000,-90.909111,-99.351639,205.582642,330.318665,0.000035,0.000000,9.967277,6496,-1,31,1
63.430748,0.009114,-0.326817,-1.068528,0.000004,-0.000011,0.008272,-0.000014,0.000375,0.015147,0.000039,0.000002,-0.000002,10.000000,2.000000,-137.000000,0.031464,-0.412813,0.000001,0.000000,0.000000,0.000000,-0.325876,828.000000,-90.909111,-99.351639,205.582642,330.318665,0.000046,0.000000,9.967359,6496,-1,31,1
63.432701,0.009114,-0.326818,-1.068512,0.000003,-0.000010,0.008303,-0.000017,0.000381,0.015010,0.000039,0.000002,-0.000002,10.000000,2.000000,-137.000000,0.031480,-0.412813,0.000001,0.000000,0.000000,0.000000,-0.325876,828.000000,-90.909111,-99.351639,205.582642,330.318665,0.000056,0.000000,9.967442,6496,-1,31,1
63.434654,0.009114,-0.326818,-1.068495,0.000003,-0.000010,0.008332,-0.000021,0.000387,0.014886,0.000040,0.000002,-0.000002,10.000000,2.000000,-137.000000,0.031497,-0.412813,0.000001,0.000000,0.000000,0.000000,-0.325876,828.000000,-90.909111,-99.351639,205.582642,330.318665,0.000065,0.000000,9.967526,6496,-1,31,0
63.436611,0.009114,-0.326818,-1.068478,0.000003,-0.000009,0.008362,-0.000025,0.000393,0.014773,0.000040,0.000003,-0.000002,10.000000,2.000000,-137.000000,0.031513,-0.412813,0.000001,0.000000,0.000000,0.000000,-0.325876,828.000000,-90.909111,-99.351639,205.582642,330.318665,0.000067,0.000000,9.967609,6496,-1,31,0
63.438564,0.009114,-0.326818,-1.068461,0.000003,-0.000008,0.008391,-0.000029,0.000397,0.014671,0.000041,0.000003,-0.000002,10.000000,2.000000,-137.000000,0.031530,-0.412813,0.000001,0.000000,0.000000,0.000000,-0.325876,828.000000,-90.909111,-99.351639,205.582642,330.318665,0.000062,0.000000,9.967693,6496,-1,31,0
63.440517,0.009114,-0.326818,-1.068445,0.000003,-0.000007,0.008421,-0.000033,0.000400,0.014578,0.000041,0.000004,-0.000002,10.000000,2.000000,-137.000000,0.031547,-0.412813,0.000001,0.000000,0.000000,0.000000,-0.325876,828.000000,-90.909111,-99.351639,205.582642,330.318665,0.000057,0.000000,9.967777,6496,0,31,0
63.442471,0.009114,-0.326818,-1.068428,0.000003,-0.000006,0.008450,-0.000037,0.000401,0.014494,0.000041,0.000004,-0.000002,10.000000,2.000000,-140.000000,0.031564,-0.412813,0.000001,0.000000,0.000000,0.000000,-0.325876,814.000000,-90.909111,-99.351639,205.582642,330.318665,0.000052,0.000000,9.967861,6496,0,31,0
63.444427,0.009114,-0.326818,-1.068411,0.000003,-0.000006,0.008479,-0.000041,0.000402,0.014417,0.000041,0.000004,-0.000002,10.000000,2.000000,-140.000000,0.031581,-0.367412,0.000001,0.000000,0.000000,0.067000,-0.127804,814.000000,-44.776138,-58.596668,688.552124,444.943787,0.000048,0.000000,9.967946,6496,0,31,0
63.446381,0.009114,-0.326818,-1.068394,0.000003,-0.000005,0.008507,-0.000045,0.000403,0.014348,0.000041,0.000005,-0.000002,10.000000,2.000000,-140.000000,0.031598,-0.367412,0.000001,0.000000,0.000000,0.000000,-0.127804,814.000000,-44.776138,-58.596668,688.552124,444.943787,0.000045,0.000000,9.968032,6496,0,31,0
63.448334,0.009114,-0.326818,-1.068377,0.000003,-0.000004,0.008536,-0.000049,0.000402,0.014285,0.000041,0.000005,-0.000002,10.000000,2.000000,-140.000000,0.031615,-0.367412,0.000001,0.000000,0.000000,0.000000,-0.127804,814.000000,-44.776138,-58.596668,688.552124,444.943787,0.000041,0.000000,9.968118,6496,0,31,0
63.450287,0.009114,-0.326818,-1.068360,0.000003,-0.000003,0.008564,-0.000053,0.000401,0.014228,0.000041,0.000006,-0.000001,10.000000,2.000000,-140.000000,0.031632,-0.367412,0.000001,0.000000,0.000000,0.000000,-0.127804,814.000000,-44.776138,-58.596668,688.552124,444.943787,0.000038,0.000000,9.968203,6496,0,31,0
63.452244,0.009114,-0.326818,-1.068342,0.000003,-0.000002,0.008593,-0.000057,0.000399,0.014177,0.000041,0.000006,-0.000001,10.000000,2.000000,-140.000000,0.031649,-0.367412,0.000001,0.000000,0.000000,0.000000,-0.127804,814.000000,-44.776138,-58.596668,688.552124,444.943787,0.000036,0.000000,9.968288,6496,0,31,0
63.454197,0.009114,-0.326818,-1.068325,0.000003,-0.000002,0.008621,-0.000061,0.000397,0.014130,0.000040,0.000006,-0.000001,10.000000,2.000000,-140.000000,0.031666,-0.367412,0.000001,0.000000,0.000000,0.000000,-0.127804,814.000000,-44.776138,-58.596668,688.552124,444.943787,0.000033,0.000000,9.968374,6496,0,31,0
63.456150,0.009114,-0.326818,-1.068308,0.000002,-0.000001,0.008649,-0.000065,0.000394,0.014087,0.000040,0.000007,-0.000001,10.000000,2.000000,-140.000000,0.031683,-0.367412,0.000001,0.000000,0.000000,0.000000,-0.127804,814.000000,-44.776138,-58.596668,688.552124,444.943787,0.000031,0.000000,9.968461,6496,0,31,0
63.458103,0.009114,-0.326818,-1.068291,0.000002,-0.000000,0.008677,-0.000068,0.000391,0.014049,0.000040,0.000007,-0.000001,10.000000,2.000000,-140.000000,0.031701,-0.367412,0.000001,0.000000,0.000000,0.000000,-0.127804,814.000000,-44.776138,-58.596668,688.552124,444.943787,0.000029,0.000000,9.968547,6496,0,31,0
63.460056,0.009114,-0.326818,-1.068273,0.000002,0.000001,0.008705,-0.000071,0.000388,0.014014,0.000039,0.000007,-0.000001,10.000000,2.000000,-140.000000,0.031718,-0.367412,0.000001,0.000000,0.000000,0.000000,-0.127804,814.000000,-44.776138,-58.596668,688.552124,444.943787,0.000027,0.000000,9.968635,6496,0,31,0
63.462013,0.009114,-0.326818,-1.068256,0.000002,0.000001,0.008733,-0.000074,0.000384,0.013983,0.000039,0.000008,-0.000001,10.000000,2.000000,-140.000000,0.031736,-0.367412,0.000001,0.000000,0.000000,0.000000,-0.127804,814.000000,-44.776138,-58.596668,688.552124,444.943787,0.000025,0.000000,9.968722,6497,0,31,0
63.463966,0.009114,-0.326818,-1.068238,0.000002,0.000002,0.008761,-0.000077,0.000380,0.013848,0.000039,0.000008,-0.000001,10.000000,2.000000,-140.000000,0.031753,-0.367412,0.000001,0.000000,0.000000,0.000000,-0.127804,814.000000,-44.776138,-58.596668,688.552124,444.943787,0.000024,0.000000,9.968809,6497,0,31,0
63.465919,0.009114,-0.326818,-1.068221,0.000002,0.000003,0.008789,-0.000079,0.000375,0.013691,0.000038,0.000008,-0.000001,10.000000,2.000000,-140.000000,0.031771,-0.367412,0.000001,0.000000,0.000000,0.000000,-0.127804,814.000000,-44.776138,-58.596668,688.552124,444.943787,0.000023,0.000000,9.968897,6497,0,31,0
63.467873,0.009114,-0.326818,-1.068203,0.000002,0.000004,0.008816,-0.000081,0.000371,0.013549,0.000038,0.000008,-0.000001,10.000000,2.000000,-140.000000,0.031788,-0.367412,0.000001,0.000000,0.000000,0.000000,-0.127804,814.000000,-44.776138,-58.596668,688.552124,444.943787,0.000021,0.000000,9.968985,6497,0,31,0
63.469830,0.009114,-0.326818,-1.068185,0.000001,0.000004,0.008843,-0.000083,0.000366,0.013420,0.000037,0.000009,-0.000001,10.000000,2.000000,-140.000000,0.031806,-0.367412,0.000001,0.000000,0.000000,0.000000,-0.127804,814.000000,-44.776138,-58.596668,688.552124,444.943787,0.000020,0.000000,9.969073,6497,0,31,0
63.471783,0.009114,-0.326818,-1.068168,0.000001,0.000005,0.008869,-0.000085,0.000361,0.013302,0.000037,0.000009,-0.000001,10.000000,2.000000,-140.000000,0.031824,-0.367412,0.000001,0.000000,0.000000,0.000000,-0.127804,814.000000,-44.776138,-58.596668,688.552124,444.943787,0.000019,0.000000,9.969162,6497,0,31,0
63.473736,0.009114,-0.326818,-1.068150,0.000001,0.000006,0.008896,-0.000086,0.000355,0.013196,0.000036,0.000009,-0.000001,10.000000,2.000000,-140.000000,0.031841,-0.367412,0.000001,0.000000,0.000000,0.000000,-0.127804,814.000000,-44.776138,-58.596668,688.552124,444.943787,0.000018,0.000000,9.969251,6497,0,31,0
63.475689,0.009114,-0.326818,-1.068132,0.000001,0.000007,0.008922,-0.000086,0.000350,0.013100,0.000035,0.000009,-0.000001,10.000000,2.000000,-140.000000,0.031859,-0.367412,0.000001,0.000000,0.000000,0.000000,-0.127804,814.000000,-44.776138,-58.596668,688.552124,444.943787,0.000017,0.000000,9.969340,6497,0,31,0
63.477646,0.009114,-0.326818,-1.068114,0.000001,0.000007,0.008948,-0.000087,0.000344,0.013013,0.000035,0.000009,-0.000001,10.000000,2.000000,-140.000000,0.031877,-0.367412,0.000001,0.000000,0.000000,0.000000,-0.127804,814.000000,-44.776138,-58.596668,688.552124,444.943787,0.000017,0.000000,9.969430,6497,0,31,0
63.479599,0.009114,-0.326818,-1.068096,0.000001,0.000008,0.008974,-0.000087,0.000338,0.012934,0.000034,0.000009,-0.000001,10.000000,2.000000,-140.000000,0.031895,-0.367412,0.000001,0.000000,0.000000,0.000000,-0.127804,814.000000,-44.776138,-58.596668,688.552124,444.943787,0.000016,0.000000,9.969520,6497,0,31,0
63.481552,0.009114,-0.326818,-1.068078,0.000000,0.000009,0.009000,-0.000086,0.000332,0.012862,0.000034,0.000009,-0.000001,10.000000,2.000000,-140.000000,0.031913,-0.367412,0.000001,0.000000,0.000000,0.000000,-0.127804,814.000000,-44.776138,-58.596668,688.552124,444.943787,0.000015,0.000000,9.969609,6497,0,31,0
63.483505,0.009114,-0.326818,-1.068060,0.000000,0.000009,0.009025,-0.000085,0.000326,0.012797,0.000033,0.000009,-0.000001,10.000000,2.000000,-140.000000,0.031931,-0.367412,0.000001,0.000000,0.000000,0.000000,-0.127804,814.000000,-44.776138,-58.596668,688.552124,444.943787,0.000015,0.000000,9.969699,6497,0,31,0
63.485458,0.009114,-0.326817,-1.068042,0.000000,0.000010,0.009051,-0.000084,0.000320,0.012738,0.000032,0.000008,-0.000001,10.000000,2.000000,-140.000000,0.031949,-0.367412,0.000001,0.000000,0.000000,0.000000,-0.127804,814.000000,-44.776138,-58.596668,688.552124,444.943787,0.000014,0.000000,9.969790,6497,0,31,0
63.487415,0.009114,-0.326817,-1.068024,-0.000000,0.000011,0.009076,-0.000082,0.000313,0.012684,0.000032,0.000008,-0.000001,10.000000,2.000000,-140.000000,0.031967,-0.367412,0.000001,0.000000,0.000000,0.000000,-0.127804,814.000000,-44.776138,-58.596668,688.552124,444.943787,0.000014,0.000000,9.969881,6497,0,31,0
63.489368,0.009114,-0.326817,-1.068006,-0.000000,0.000011,0.009102,-0.000080,0.000307,0.012636,0.000031,0.000008,-0.000001,10.000000,2.000000,-140.000000,0.031985,-0.367412,0.000001,0.000000,0.000000,0.000000,-0.127804,814.000000,-44.776138,-58.596668,688.552124,444.943787,0.000013,0.000000,9.969972,6497,0,31,0
63.491322,0.009114,-0.326817,-1.067988,-0.000000,0.000012,0.009127,-0.000077,0.000300,0.012591,0.000030,0.000008,-0.000001,10.000000,2.000000,-140.000000,0.032003,-0.367412,0.000001,0.000000,0.000000,0.000000,-0.127804,814.000000,-44.776138,-58.596668,688.552124,444.943787,0.000013,0.000000,9.970062,6497,0,31,0
63.493275,0.009114,-0.326817,-1.067969,-0.000001,0.000012,0.009152,-0.000074,0.000294,0.012551,0.000030,0.000007,-0.000001,10.000000,2.000000,-140.000000,0.032022,-0.367412,0.000001,0.000000,0.000000,0.000000,-0.127804,814.000000,-44.776138,-58.596668,688.552124,444.943787,0.000013,0.000000,9.970155,6497,0,31,0
63.495232,0.009114,-0.326817,-1.067951,-0.000001,0.000013,0.009177,-0.000070,0.000287,0.012515,0.000029,0.000007,-0.000001,10.000000,2.000000,-140.000000,0.032040,-0.367412,0.000001,0.000000,0.000000,0.000000,-0.127804,814.000000,-44.776138,-58.596668,688.552124,444.943787,0.000012,0.000000,9.970245,6498,0,31,0
63.497185,0.009114,-0.326817,-1.067933,-0.000001,0.000014,0.009202,-0.000066,0.000281,0.012376,0.000028,0.000007,-0.000000,10.000000,2.000000,-140.000000,0.032058,-0.367412,0.000001,0.000000,0.000000,0.000000,-0.127804,814.000000,-44.776138,-58.596668,688.552124,444.943787,0.000012,0.000000,9.970337,6498,0,31,0
63.499138,0.009114,-0.326817,-1.067914,-0.000001,0.000014,0.009226,-0.000062,0.000274,0.012215,0.000028,0.000006,-0.000000,10.000000,2.000000,-140.000000,0.032077,-0.367412,0.000001,0.000000,0.000000,0.000000,-0.127804,814.000000,-44.776138,-58.596668,688.552124,444.943787,0.000012,0.000000,9.970429,6498,0,32,0
63.501091,0.009114,-0.326817,-1.067896,-0.000001,0.000015,0.009250,-0.000057,0.000267,0.012070,0.000027,0.000006,-0.000000,10.000000,2.000000,-140.000000,0.032095,-0.367412,0.000001,0.000000,0.000000,0.000000,-0.127804,814.000000,-44.776138,-58.596668,688.552124,444.943787,0.000012,0.000000,9.970522,6498,0,32,0
63.503044,0.009114,-0.326817,-1.067877,-0.000001,0.000015,0.009274,-0.000052,0.000260,0.011939,0.000026,0.000005,-0.000000,10.000000,2.000000,-140.000000,0.032114,-0.367412,0.000001,0.000000,0.000000,0.000000,-0.127804,814.000000,-44.776138,-58.596668,688.552124,444.943787,0.000011,0.000000,9.970615,6498,0,32,0
63.505001,0.009114,-0.326817,-1.067858,-0.000001,0.000016,0.009298,-0.000046,0.000253,0.011820,0.000026,0.000004,-0.000000,10.000000,2.000000,-140.000000,0.032132,-0.367412,0.000001,0.000000,0.000000,0.000000,-0.127804,814.000000,-44.776138,-58.596668,688.552124,444.943787,0.000011,0.000000,9.970709,6498,0,32,0
63.506954,0.009114,-0.326817,-1.067840,-0.000001,0.000016,0.009322,-0.000040,0.000246,0.011713,0.000025,0.000004,-0.000000,10.000000,2.000000,-140.000000,0.032151,-0.367412,0.000001,0.000000,0.000000,0.000000,-0.127804,814.000000,-44.776138,-58.596668,688.552124,444.943787,0.000011,0.000000,9.970801,6498,0,32,0
63.508907,0.009114,-0.326817,-1.067821,-0.000001,0.000017,0.009345,-0.000035,0.000239,0.011615,0.000024,0.000003,-0.000000,10.000000,2.000000,-140.000000,0.032169,-0.367412,0.000001,0.000000,0.000000,0.000000,-0.127804,814.000000,-44.776138,-58.596668,688.552124,444.943787,0.000011,0.000000,9.970895,6498,0,32,0
63.510860,0.009114,-0.326817,-1.067802,-0.000002,0.000017,0.009368,-0.000029,0.000232,0.011526,0.000023,0.000003,-0.000000,10.000000,2.000000,-140.000000,0.032188,-0.367412,0.000001,0.000000,0.000000,0.000000,-0.127804,814.000000,-44.776138,-58.596668,688.552124,444.943787,0.000011,0.000000,9.970988,6498,0,32,0
63.512817,0.009114,-0.326817,-1.067784,-0.000002,0.000018,0.009391,-0.000023,0.000225,0.011446,0.000023,0.000002,-0.000000,10.000000,2.000000,-140.000000,0.032207,-0.367412,0.000001,0.000000,0.000000,0.000000,-0.127804,814.000000,-44.776138,-58.596668,688.552124,444.943787,0.000010,0.000000,9.971082,6498,0,32,0
63.514771,0.009114,-0.326817,-1.067765,-0.000002,0.000018,0.009414,-0.000017,0.000218,0.011373,0.000022,0.000001,-0.000000,10.000000,2.000000,-140.000000,0.032226,-0.367412,0.000001,0.000000,0.000000,0.000000,-0.127804,814.000000,-44.776138,-58.596668,688.552124,444.943787,0.000010,0.000000,9.971176,6498,0,32,0
63.516724,0.009114,-0.326817,-1.067746,-0.000002,0.000018,0.009436,-0.000012,0.000211,0.011307,0.000021,0.000001,-0.000000,10.000000,2.000000,-140.000000,0.032245,-0.367412,0.000001,0.000000,0.000000,0.000000,-0.127804,814.000000,-44.776138,-58.596668,688.552124,444.943787,0.000010,0.000000,9.971270,6498,0,32,0
63.518677,0.009114,-0.326817,-1.067727,-0.000002,0.000019,0.009459,-0.000006,0.000204,0.011246,0.000021,0.000000,-0.000000,10.000000,2.000000,-140.000000,0.032263,-0.367412,0.000001,0.000000,0.000000,0.000000,-0.127804,814.000000,-44.776138,-58.596668,688.552124,444.943787,0.000010,0.000000,9.971365,6498,0,32,0
63.520634,0.009114,-0.326817,-1.067708,-0.000002,0.000019,0.009481,-0.000001,0.000197,0.011192,0.000020,-0.000000,-0.000000,10.000000,1.000000,-141.000000,0.032282,-0.367412,0.000001,0.000000,0.000000,0.000000,-0.127804,798.000000,-44.776138,-58.596668,688.552124,444.943787,0.000010,0.000000,9.971460,6498,0,32,0
63.522587,0.009114,-0.326817,-1.067689,-0.000002,0.000020,0.009504,0.000003,0.000190,0.011143,0.000019,-0.000001,-0.000000,10.000000,1.000000,-141.000000,0.032301,-0.367412,0.000001,0.000000,0.000000,-0.932999,-0.127804,798.000000,-44.776138,-58.596668,688.552124,444.943787,0.000010,0.000000,9.971555,6498,0,32,0
63.524540,0.009114,-0.326817,-1.067670,-0.000002,0.000020,0.009526,0.000007,0.000183,0.011098,0.000018,-0.000001,-0.000000,10.000000,1.000000,-141.000000,0.032320,-0.367412,0.000001,0.000000,0.000000,0.000000,-0.127804,798.000000,-44.776138,-58.596668,688.552124,444.943787,0.000010,0.000000,9.971650,6498,0,32,0
63.526493,0.009114,-0.326817,-1.067651,-0.000002,0.000020,0.009548,0.000011,0.000176,0.011058,0.000018,-0.000001,-0.000000,10.000000,1.000000,-141.000000,0.032339,-0.367412,0.000001,0.000000,0.000000,0.000000,-0.127804,798.000000,-44.776138,-58.596668,688.552124,444.943787,0.000010,0.000000,9.971745,6499,0,32,0
63.528446,0.009114,-0.326817,-1.067632,-0.000002,0.000021,0.009570,0.000015,0.000169,0.010915,0.000017,-0.000002,-0.000000,10.000000,1.000000,-141.000000,0.032359,-0.367412,0.000001,0.000000,0.000000,0.000000,-0.127804,798.000000,-44.776138,-58.596668,688.552124,444.943787,0.000010,0.000000,9.971841,6499,0,32,0
63.530403,0.009114,-0.326817,-1.067613,-0.000002,0.000021,0.009591,0.000018,0.000161,0.010751,0.000016,-0.000002,-0.000000,10.000000,1.000000,-141.000000,0.032378,-0.367412,0.000001,0.000000,0.000000,0.000000,-0.127804,798.000000,-44.776138,-58.596668,688.552124,444.943787,0.000010,0.000000,9.971937,6499,0,32,0
63.532356,0.009114,-0.326817,-1.067594,-0.000002,0.000021,0.009613,0.000020,0.000154,0.010602,0.000015,-0.000002,-0.000000,10.000000,1.000000,-141.000000,0.032397,-0.367412,0.000001,0.000000,0.000000,0.000000,-0.127804,798.000000,-44.776138,-58.596668,688.552124,444.943787,0.000010,0.000000,9.972033,6499,0,32,0
63.534309,0.009114,-0.326817,-1.067574,-0.000001,0.000022,0.009634,0.000022,0.000147,0.010468,0.000015,-0.000002,-0.000000,10.000000,1.000000,-141.000000,0.032416,-0.367412,0.000001,0.000000,0.000000,0.000000,-0.127804,798.000000,-44.776138,-58.596668,688.552124,444.943787,0.000010,0.000000,9.972129,6499,0,32,0
63.536263,0.009114,-0.326817,-1.067555,-0.000001,0.000022,0.009654,0.000024,0.000140,0.010346,0.000014,-0.000002,-0.000000,10.000000,1.000000,-141.000000,0.032435,-0.367412,0.000001,0.000000,0.000000,0.000000,-0.127804,798.000000,-44.776138,-58.596668,688.552124,444.943787,0.000010,0.000000,9.972226,6499,0,32,0
63.538219,0.009114,-0.326817,-1.067536,-0.000001,0.000022,0.009675,0.000025,0.000133,0.010235,0.000013,-0.000003,-0.000000,10.000000,1.000000,-141.000000,0.032455,-0.367412,0.000001,0.000000,0.000000,0.000000,-0.127804,798.000000,-44.776138,-58.596668,688.552124,444.943787,0.000010,0.000000,9.972322,6499,0,31,0
63.540173,0.009114,-0.326817,-1.067516,-0.000001,0.000022,0.009695,0.000025,0.000126,0.010134,0.000012,-0.000003,-0.000000,10.000000,1.000000,-141.000000,0.032474,-0.367412,0.000001,0.000000,0.000000,0.000000,-0.127804,798.000000,-44.776138,-58.596668,688.552124,444.943787,0.000010,0.000000,9.972419,6499,0,31,0
63.542126,0.009114,-0.326816,-1.067497,-0.000001,0.000023,0.009715,0.000025,0.000118,0.010043,0.000012,-0.000003,-0.000000,10.000000,1.000000,-141.000000,0.032493,-0.367412,0.000001,0.000000,0.000000,0.000000,-0.127804,798.000000,-44.776138,-58.596668,688.552124,444.943787,0.000010,0.000000,9.972516,6499,0,31,0
63.544079,0.009114,-0.326816,-1.067477,-0.000001,0.000023,0.009735,0.000024,0.000111,0.009960,0.000011,-0.000002,0.000000,10.000000,1.000000,-141.000000,0.032513,-0.367412,0.000001,0.000000,0.000000,0.000000,-0.127804,798.000000,-44.776138,-58.596668,688.552124,444.943787,0.000009,0.000000,9.972613,6499,0,31,0
63.546036,0.009114,-0.326816,-1.067458,-0.000001,0.000023,0.009755,0.000023,0.000104,0.009885,0.000010,-0.000002,0.000000,10.000000,1.000000,-141.000000,0.032532,-0.367412,0.000001,0.000000,0.000000,0.000000,-0.127804,798.000000,-44.776138,-58.596668,688.552124,444.943787,0.000009,0.000000,9.972712,6499,0,31,0
63.547989,0.009114,-0.326816,-1.067438,-0.000001,0.000023,0.009775,0.000022,0.000097,0.009816,0.000010,-0.000002,0.000000,10.000000,1.000000,-141.000000,0.032552,-0.367412,0.000001,0.000000,0.000000,0.000000,-0.127804,798.000000,-44.776138,-58.596668,688.552124,444.943787,0.000009,0.000000,9.972809,6499,0,31,0
63.549942,0.009114,-0.326816,-1.067419,-0.000001,0.000023,0.009794,0.000021,0.000089,0.009753,0.000009,-0.000002,0.000000,10.000000,1.000000,-141.000000,0.032571,-0.367412,0.000001,0.000000,0.000000,0.000000,-0.127804,798.000000,-44.776138,-58.596668,688.552124,444.943787,0.000009,0.000000,9.972906,6499,0,31,0
63.551895,0.009114,-0.326816,-1.067399,-0.000001,0.000024,0.009814,0.000020,0.000082,0.009697,0.000008,-0.000002,0.000000,10.000000,1.000000,-141.000000,0.032591,-0.367412,0.000001,0.000000,0.000000,0.000000,-0.127804,798.000000,-44.776138,-58.596668,688.552124,444.943787,0.000009,0.000000,9.973004,6499,0,31,0
63.553848,0.009114,-0.326816,-1.067379,-0.000001,0.000024,0.009833,0.000018,0.000075,0.009646,0.000007,-0.000002,0.000000,10.000000,1.000000,-141.000000,0.032611,-0.367412,0.000001,0.000000,0.000000,0.000000,-0.127804,798.000000,-44.776138,-58.596668,688.552124,444.943787,0.000009,0.000000,9.973104,6499,0,31,0
63.555805,0.009114,-0.326816,-1.067360,-0.000001,0.000024,0.009852,0.000017,0.000068,0.009599,0.000007,-0.000002,0.000000,10.000000,1.000000,-141.000000,0.032630,-0.367412,0.000001,0.000000,0.000000,0.000000,-0.127804,798.000000,-44.776138,-58.596668,688.552124,444.943787,0.000009,0.000000,9.973202,6499,0,31,0
63.557758,0.009114,-0.326816,-1.067340,-0.000001,0.000024,0.009871,0.000015,0.000061,0.009557,0.000006,-0.000001,0.000000,10.000000,1.000000,-141.000000,0.032650,-0.367412,0.000001,0.000000,0.000000,0.000000,-0.127804,798.000000,-44.776138,-58.596668,688.552124,444.943787,0.000009,0.000000,9.973301,6500,0,31,0
63.559711,0.009114,-0.326816,-1.067320,-0.000001,0.000024,0.009890,0.000014,0.000053,0.009413,0.000005,-0.000001,0.000000,10.000000,1.000000,-141.000000,0.032670,-0.367412,0.000001,0.000000,0.000000,0.000000,-0.127804,798.000000,-44.776138,-58.596668,688.552124,444.943787,0.000009,0.000000,9.973399,6500,0,31,0
63.561665,0.009114,-0.326816,-1.067300,-0.000001,0.000024,0.009909,0.000013,0.000046,0.009249,0.000004,-0.000001,0.000000,10.000000,1.000000,-141.000000,0.032690,-0.367412,0.000001,0.000000,0.000000,0.000000,-0.127804,798.000000,-44.776138,-58.596668,688.552124,444.943787,0.000009,0.000000,9.973498,6500,0,31,0
63.563622,0.009114,-0.326816,-1.067281,-0.000001,0.000024,0.009927,0.000012,0.000039,0.009100,0.000004,-0.000001,0.000000,10.000000,1.000000,-141.000000,0.032709,-0.367412,0.000001,0.000000,0.000000,0.000000,-0.127804,798.000000,-44.776138,-58.596668,688.552124,444.943787,0.000009,0.000000,9.973598,6500,0,31,0
63.565575,0.009114,-0.326816,-1.067261,-0.000001,0.000024,0.009945,0.000011,0.000032,0.008964,0.000003,-0.000001,0.000000,10.000000,1.000000,-141.000000,0.032729,-0.367412,0.000001,0.000000,0.000000,0.000000,-0.127804,798.000000,-44.776138,-58.596668,688.552124,444.943787,0.000009,0.000000,9.973697,6500,0,31,0
63.567528,0.009114,-0.326816,-1.067241,-0.000001,0.000024,0.009963,0.000010,0.000024,0.008842,0.000002,-0.000001,0.000000,10.000000,1.000000,-141.000000,0.032749,-0.367412,0.000001,0.000000,0.000000,0.000000,-0.127804,798.000000,-44.776138,-58.596668,688.552124,444.943787,0.000009,0.000000,9.973797,6500,0,31,0
63.569481,0.009114,-0.326816,-1.067221,-0.000001,0.000025,0.009980,0.000010,0.000017,0.008731,0.000001,-0.000001,0.000000,10.000000,1.000000,-141.000000,0.032769,-0.367412,0.000001,0.000000,0.000000,0.000000,-0.127804,798.000000,-44.776138,-58.596668,688.552124,444.943787,0.000009,0.000000,9.973896,6500,0,31,0
63.571438,0.009114,-0.326816,-1.067201,-0.000001,0.000025,0.009998,0.000009,0.000010,0.008630,0.000001,-0.000001,0.000000,10.000000,1.000000,-141.000000,0.032789,-0.367412,0.000001,0.000000,0.000000,0.000000,-0.127804,798.000000,-44.776138,-58.596668,688.552124,444.943787,0.000009,0.000000,9.973995,6500,0,31,0
63.573391,0.009114,-0.326816,-1.067181,-0.000001,0.000024,0.009996,0.000010,-0.000020,-0.000741,-0.000000,-0.000001,0.000000,10.000000,1.000000,-141.000000,0.032809,-0.367412,0.000001,0.000000,0.000000,0.000000,-0.127804,798.000000,-44.776138,-58.596668,688.552124,444.943787,0.000009,0.000000,9.974095,6500,0,31,0
63.575344,0.009114,-0.326816,-1.067161,-0.000001,0.000024,0.009994,0.000011,-0.000027,-0.000823,-0.000001,-0.000001,0.000000,10.000000,1.000000,-141.000000,0.032829,-0.367412,0.000001,0.000000,0.000000,0.000000,-0.127804,798.000000,-44.776138,-58.596668,688.552124,444.943787,0.000009,0.000000,9.974195,6500,0,31,0
63.577297,0.009114,-0.326816,-1.067141,-0.000001,0.000024,0.009992,0.000012,-0.000035,-0.000897,-0.000002,-0.000001,0.000000,10.000000,1.000000,-141.000000,0.032849,-0.367412,0.000001,0.000000,0.000000,0.000000,-0.127804,798.000000,-44.776138,-58.596668,688.552124,444.943787,0.000009,0.000000,9.974296,6500,0,31,0
63.579250,0.009114,-0.326816,-1.067121,-0.000001,0.000024,0.009990,0.000013,-0.000042,-0.000963,-0.000002,-0.000001,0.000000,10.000000,2.000000,-140.000000,0.032869,-0.367412,0.000001,0.000000,0.000000,0.000000,-0.127804,806.000000,-44.776138,-58.596668,688.552124,444.943787,0.000009,0.000000,9.974396,6500,0,31,0
63.581207,0.009114,-0.326816,-1.067101,-0.000001,0.000024,0.009998,0.000014,-0.000051,-0.001759,-0.000003,-0.000001,0.000000,10.000000,2.000000,-140.000000,0.032889,-0.298272,-0.000000,0.000000,0.000000,0.066000,0.075381,806.000000,0.000000,-13.417132,678.426331,527.930908,0.000009,0.000000,9.974496,6500,0,31,0
63.583160,0.009114,-0.326815,-1.067081,-0.000001,0.000024,0.009995,0.000016,-0.000056,-0.001086,-0.000004,-0.000002,0.000000,10.000000,2.000000,-140.000000,0.032909,-0.298272,-0.000000,0.000000,0.000000,0.000000,0.075381,806.000000,0.000000,-13.417132,678.426331,527.930908,0.000009,0.000000,9.974596,6500,0,32,0
63.585114,0.009114,-0.326815,-1.067061,-0.000001,0.000024,0.009993,0.000019,-0.000063,-0.001134,-0.000005,-0.000002,0.000000,10.000000,2.000000,-140.000000,0.032929,-0.298272,-0.000000,0.000000,0.000000,0.000000,0.075381,806.000000,0.000000,-13.417132,678.426331,527.930908,0.000009,0.000000,9.974696,6500,0,32,0
63.587067,0.009114,-0.326815,-1.067041,-0.000001,0.000024,0.009991,0.000021,-0.000070,-0.001177,-0.000005,-0.000002,0.000000,10.000000,2.000000,-140.000000,0.032949,-0.298272,-0.000000,0.000000,0.000000,0.000000,0.075381,806.000000,0.000000,-13.417132,678.426331,527.930908,0.000009,0.000000,9.974796,6501,0,32,0
63.589024,0.009114,-0.326815,-1.067021,-0.000001,0.000024,0.009998,0.000024,-0.000079,-0.002058,-0.000006,-0.000003,0.000000,10.000000,2.000000,-140.000000,0.032969,-0.298272,-0.000000,0.000000,0.000000,0.000000,0.075381,806.000000,0.000000,-13.417132,678.426331,527.930908,0.000009,0.000000,9.974896,6501,0,32,0
63.590977,0.009114,-0.326815,-1.067001,-0.000000,0.000024,0.009995,0.000027,-0.000085,-0.001497,-0.000007,-0.000003,0.000000,10.000000,2.000000,-140.000000,0.032989,-0.298272,-0.000000,0.000000,0.000000,0.000000,0.075381,806.000000,0.000000,-13.417132,678.426331,527.930908,0.000009,0.000000,9.974997,6501,0,32,0
63.592930,0.009114,-0.326815,-1.066981,-0.000000,0.000023,0.009991,0.000030,-0.000092,-0.001646,-0.000008,-0.000003,0.000000,10.000000,2.000000,-140.000000,0.033009,-0.298272,-0.000000,0.000000,0.000000,0.000000,0.075381,806.000000,0.000000,-13.417132,678.426331,527.930908,0.000009,0.000000,9.975096,6501,0,32,0
63.594883,0.009114,-0.326815,-1.066961,-0.000000,0.000023,0.009997,0.000034,-0.000101,-0.002517,-0.000008,-0.000004,0.000000,10.000000,2.000000,-140.000000,0.033029,-0.298272,-0.000000,0.000000,0.000000,0.000000,0.075381,806.000000,0.000000,-13.417132,678.426331,527.930908,0.000009,0.000000,9.975196,6501,0,32,0
63.596840,0.009114,-0.326815,-1.066941,-0.000000,0.000023,0.009993,0.000037,-0.000106,-0.001911,-0.000009,-0.000004,0.000001,10.000000,2.000000,-140.000000,0.033049,-0.298272,-0.000000,0.000000,0.000000,0.000000,0.075381,806.000000,0.000000,-13.417132,678.426331,527.930908,0.000009,0.000000,9.975296,6501,0,32,0
63.598793,0.009114,-0.326815,-1.066921,-0.000000,0.000023,0.009999,0.000039,-0.000090,0.007978,-0.000010,-0.000004,0.000001,10.000000,2.000000,-140.000000,0.033069,-0.298272,-0.000000,0.000000,0.000000,0.000000,0.075381,806.000000,0.000000,-13.417132,678.426331,527.930908,0.000009,0.000000,9.975396,6501,0,32,0
63.600746,0.009114,-0.326815,-1.066901,-0.000000,0.000023,0.009995,0.000042,-0.000120,-0.002128,-0.000010,-0.000004,0.000001,10.000000,2.000000,-140.000000,0.033089,-0.298272,-0.000000,0.000000,0.000000,0.000000,0.075381,806.000000,0.000000,-13.417132,678.426331,527.930908,0.000009,0.000000,9.975496,6501,0,32,0
63.602699,0.009114,-0.326815,-1.066881,-0.000000,0.000022,0.009990,0.000045,-0.000127,-0.002218,-0.000011,-0.000005,0.000001,10.000000,2.000000,-140.000000,0.033109,-0.298272,-0.000000,0.000000,0.000000,0.000000,0.075381,806.000000,0.000000,-13.417132,678.426331,527.930908,0.000009,0.000000,9.975596,6501,0,32,0
63.604652,0.009114,-0.326815,-1.066861,0.000000,0.000022,0.009995,0.000047,-0.000136,-0.003034,-0.000012,-0.000005,0.000001,10.000000,2.000000,-140.000000,0.033129,-0.298272,-0.000000,0.000000,0.000000,0.000000,0.075381,806.000000,0.000000,-13.417132,678.426331,527.930908,0.000009,0.000000,9.975697,6501,0,32,0
63.606609,0.009114,-0.326815,-1.066841,0.000000,0.000022,0.009990,0.000049,-0.000141,-0.002380,-0.000013,-0.000005,0.000001,10.000000,2.000000,-140.000000,0.033149,-0.298272,-0.000000,0.000000,0.000000,0.000000,0.075381,806.000000,0.000000,-13.417132,678.426331,527.930908,0.000009,0.000000,9.975796,6501,0,32,0
63.608562,0.009114,-0.326815,-1.066821,0.000000,0.000022,0.009995,0.000050,-0.000150,-0.003181,-0.000013,-0.000005,0.000001,10.000000,2.000000,-140.000000,0.033169,-0.298272,-0.000000,0.000000,0.000000,0.000000,0.075381,806.000000,0.000000,-13.417132,678.426331,527.930908,0.000009,0.000000,9.975897,6501,0,32,0
63.610516,0.009114,-0.326815,-1.066801,0.000000,0.000021,0.010000,0.000051,-0.000134,0.007487,-0.000014,-0.000005,0.000001,10.000000,2.000000,-140.000000,0.033189,-0.298272,-0.000000,0.000000,0.000000,0.000000,0.075381,806.000000,0.000000,-13.417132,678.426331,527.930908,0.000009,0.000000,9.975996,6501,0,32,0
63.612469,0.009114,-0.326815,-1.066781,0.000000,0.000021,0.009994,0.000052,-0.000162,-0.002574,-0.000015,-0.000005,0.000001,10.000000,2.000000,-140.000000,0.033209,-0.298272,-0.000000,0.000000,0.000000,0.000000,0.075381,806.000000,0.000000,-13.417132,678.426331,527.930908,0.000009,0.000000,9.976097,6501,0,32,0
63.614426,0.009114,-0.326815,-1.066761,0.000001,0.000021,0.009998,0.000052,-0.000148,0.007377,-0.000016,-0.000005,0.000001,10.000000,2.000000,-140.000000,0.033229,-0.298272,-0.000000,0.000000,0.000000,0.000000,0.075381,806.000000,0.000000,-13.417132,678.426331,527.930908,0.000009,0.000000,9.976196,6501,0,32,0
63.616379,0.009114,-0.326815,-1.066741,0.000001,0.000020,0.009992,0.000052,-0.000176,-0.002672,-0.000016,-0.000005,0.000001,10.000000,2.000000,-140.000000,0.033249,-0.298272,-0.000000,0.000000,0.000000,0.000000,0.075381,806.000000,0.000000,-13.417132,678.426331,527.930908,0.000009,0.000000,9.976296,6501,0,32,0
63.618332,0.009114,-0.326815,-1.066721,0.000001,0.000020,0.009996,0.000051,-0.000184,-0.003447,-0.000017,-0.000005,0.000001,10.000000,2.000000,-140.000000,0.033269,-0.298272,-0.000000,0.000000,0.000000,0.000000,0.075381,806.000000,0.000000,-13.417132,678.426331,527.930908,0.000009,0.000000,9.976397,6502,0,31,0
63.620285,0.009114,-0.326815,-1.066701,0.000001,0.000020,0.009991,0.000049,-0.000190,-0.002860,-0.000018,-0.000005,0.000001,10.000000,2.000000,-140.000000,0.033289,-0.298272,-0.000000,0.000000,0.000000,0.000000,0.075381,806.000000,0.000000,-13.417132,678.426331,527.930908,0.000009,0.000000,9.976497,6502,0,31,0
63.622238,0.009114,-0.326815,-1.066681,0.000001,0.000019,0.009994,0.000048,-0.000198,-0.003756,-0.000019,-0.000005,0.000001,10.000000,2.000000,-140.000000,0.033309,-0.298272,-0.000000,0.000000,0.000000,0.000000,0.075381,806.000000,0.000000,-13.417132,678.426331,527.930908,0.000009,0.000000,9.976597,6502,0,31,0
63.624195,0.009114,-0.326815,-1.066661,0.000001,0.000019,0.009998,0.000047,-0.000185,0.006824,-0.000019,-0.000005,0.000001,10.000000,2.000000,-140.000000,0.033329,-0.298272,-0.000000,0.000000,0.000000,0.000000,0.075381,806.000000,0.000000,-13.417132,678.426331,527.930908,0.000009,0.000000,9.976696,6502,0,31,0
63.626148,0.009114,-0.326815,-1.066641,0.000001,0.000018,0.009990,0.000043,-0.000211,-0.003314,-0.000020,-0.000004,0.000001,10.000000,2.000000,-140.000000,0.033349,-0.298272,-0.000000,0.000000,0.000000,0.000000,0.075381,806.000000,0.000000,-13.417132,678.426331,527.930908,0.000009,0.000000,9.976796,6502,0,31,0
63.628101,0.009114,-0.326814,-1.066621,0.000001,0.000018,0.009993,0.000040,-0.000219,-0.004167,-0.000021,-0.000004,0.000001,10.000000,2.000000,-140.000000,0.033369,-0.298272,-0.000000,0.000000,0.000000,0.000000,0.075381,806.000000,0.000000,-13.417132,678.426331,527.930908,0.000009,0.000000,9.976896,6502,0,31,0
63.630054,0.009114,-0.326814,-1.066601,0.000001,0.000018,0.009995,0.000038,-0.000226,-0.004283,-0.000022,-0.000004,0.000001,10.000000,2.000000,-140.000000,0.033389,-0.298272,-0.000000,0.000000,0.000000,0.000000,0.075381,806.000000,0.000000,-13.417132,678.426331,527.930908,0.000009,0.000000,9.976996,6502,0,31,0
63.632011,0.009114,-0.326814,-1.066581,0.000001,0.000017,0.009998,0.000036,-0.000214,0.006347,-0.000022,-0.000004,0.000001,10.000000,2.000000,-140.000000,0.033409,-0.298272,-0.000000,0.000000,0.000000,0.000000,0.075381,806.000000,0.000000,-13.417132,678.426331,527.930908,0.000009,0.000000,9.977097,6502,0,31,0
63.633965,0.009114,-0.326814,-1.066561,0.000001,0.000017,0.010000,0.000033,-0.000221,0.006255,-0.000023,-0.000003,0.000001,10.000000,2.000000,-140.000000,0.033429,-0.298272,-0.000000,0.000000,0.000000,0.000000,0.075381,806.000000,0.000000,-13.417132,678.426331,527.930908,0.000009,0.000000,9.977197,6502,0,31,0
63.635918,0.009114,-0.326814,-1.066541,0.000002,0.000016,0.009991,0.000029,-0.000245,-0.003831,-0.000024,-0.000003,0.000001,10.000000,2.000000,-140.000000,0.033449,-0.298272,-0.000000,0.000000,0.000000,0.000000,0.075381,806.000000,0.000000,-13.417132,678.426331,527.930908,0.000009,0.000000,9.977297,6502,0,31,0
63.637871,0.009114,-0.326814,-1.066521,0.000002,0.000016,0.009993,0.000026,-0.000253,-0.004635,-0.000025,-0.000003,0.000001,10.000000,3.000000,-137.000000,0.033469,-0.298272,-0.000000,0.000000,0.000000,0.000000,0.075381,826.000000,0.000000,-13.417132,678.426331,527.930908,0.000009,0.000000,9.977397,6502,0,31,0
63.639828,0.009114,-0.326814,-1.066501,0.000002,0.000015,0.009994,0.000024,-0.000260,-0.004706,-0.000025,-0.000002,0.000001,10.000000,3.000000,-137.000000,0.033489,-0.221236,0.000000,0.000000,0.000000,0.067000,0.181802,826.000000,44.776119,33.894543,668.300293,583.355652,0.000009,0.000000,9.977497,6502,0,31,0
63.641781,0.009114,-0.326814,-1.066481,0.000002,0.000015,0.009996,0.000023,-0.000251,0.005962,-0.000026,-0.000002,0.000001,10.000000,3.000000,-137.000000,0.033509,-0.221236,0.000000,0.000000,0.000000,0.000000,0.181802,826.000000,44.776119,33.894543,668.300293,583.355652,0.000009,0.000000,9.977596,6502,0,31,0
63.643734,0.009114,-0.326814,-1.066461,0.000002,0.000014,0.009997,0.000021,-0.000258,0.005905,-0.000027,-0.000002,0.000001,10.000000,3.000000,-137.000000,0.033529,-0.221236,0.000000,0.000000,0.000000,0.000000,0.181802,826.000000,44.776119,33.894543,668.300293,583.355652,0.000009,0.000000,9.977696,6502,0,31,0
63.645687,0.009114,-0.326814,-1.066441,0.000002,0.000014,0.009998,0.000019,-0.000265,0.005854,-0.000028,-0.000002,0.000001,10.000000,3.000000,-137.000000,0.033549,-0.221236,0.000000,0.000000,0.000000,0.000000,0.181802,826.000000,44.776119,33.894543,668.300293,583.355652,0.000009,0.000000,9.977797,6502,0,31,0
63.647640,0.009114,-0.326814,-1.066421,0.000002,0.000013,0.009999,0.000017,-0.000272,0.005807,-0.000028,-0.000002,0.000001,10.000000,3.000000,-137.000000,0.033569,-0.221236,0.000000,0.000000,0.000000,0.000000,0.181802,826.000000,44.776119,33.894543,668.300293,583.355652,0.000009,0.000000,9.977897,6503,0,31,0
63.649597,0.009114,-0.326814,-1.066401,0.000002,0.000012,0.010000,0.000016,-0.000280,0.005659,-0.000029,-0.000002,0.000001,10.000000,3.000000,-137.000000,0.033589,-0.221236,0.000000,0.000000,0.000000,0.000000,0.181802,826.000000,44.776119,33.894543,668.300293,583.355652,0.000009,0.000000,9.977997,6503,0,31,0
63.651550,0.009114,-0.326814,-1.066381,0.000002,0.000012,0.009990,0.000013,-0.000299,-0.004510,-0.000030,-0.000001,0.000001,10.000000,3.000000,-137.000000,0.033609,-0.221236,0.000000,0.000000,0.000000,0.000000,0.181802,826.000000,44.776119,33.894543,668.300293,583.355652,0.000009,0.000000,9.978096,6503,0,31,0
63.653503,0.009114,-0.326814,-1.066361,0.000002,0.000011,0.009990,0.000012,-0.000306,-0.005389,-0.000031,-0.000001,0.000001,10.000000,3.000000,-137.000000,0.033629,-0.221236,0.000000,0.000000,0.000000,0.000000,0.181802,826.000000,44.776119,33.894543,668.300293,583.355652,0.000009,0.000000,9.978196,6503,0,31,0
63.655457,0.009114,-0.326814,-1.066341,0.000002,0.000011,0.010000,0.000013,-0.000303,0.004471,-0.000031,-0.000001,0.000001,10.000000,3.000000,-137.000000,0.033649,-0.221236,0.000000,0.000000,0.000000,0.000000,0.181802,826.000000,44.776119,33.894543,668.300293,583.355652,0.000009,0.000000,9.978296,6503,0,31,0
63.657413,0.009114,-0.326814,-1.066321,0.000002,0.000010,0.009999,0.000013,-0.000309,0.005073,-0.000032,-0.000001,0.000001,10.000000,3.000000,-137.000000,0.033669,-0.221236,0.000000,0.000000,0.000000,0.000000,0.181802,826.000000,44.776119,33.894543,668.300293,583.355652,0.000009,0.000000,9.978396,6503,0,31,0
63.659367,0.009114,-0.326814,-1.066301,0.000002,0.000009,0.009999,0.000013,-0.000316,0.004958,-0.000033,-0.000001,0.000001,10.000000,3.000000,-137.000000,0.033689,-0.221236,0.000000,0.000000,0.000000,0.000000,0.181802,826.000000,44.776119,33.894543,668.300293,583.355652,0.000009,0.000000,9.978497,6503,0,31,0
63.661320,0.009114,-0.326814,-1.066281,0.000002,0.000009,0.009998,0.000014,-0.000324,0.004855,-0.000033,-0.000001,0.000001,10.000000,3.000000,-137.000000,0.033709,-0.221236,0.000000,0.000000,0.000000,0.000000,0.181802,826.000000,44.776119,33.894543,668.300293,583.355652,0.000009,0.000000,9.978597,6503,0,31,0
63.663273,0.009114,-0.326814,-1.066261,0.000002,0.000008,0.009996,0.000015,-0.000331,0.004761,-0.000034,-0.000002,0.000001,10.000000,3.000000,-137.000000,0.033729,-0.221236,0.000000,0.000000,0.000000,0.000000,0.181802,826.000000,44.776119,33.894543,668.300293,583.355652,0.000009,0.000000,9.978697,6503,0,32,0
63.665230,0.009114,-0.326814,-1.066241,0.000002,0.000007,0.009995,0.000016,-0.000338,0.004677,-0.000035,-0.000002,0.000001,10.000000,3.000000,-137.000000,0.033749,-0.221236,0.000000,0.000000,0.000000,0.000000,0.181802,826.000000,44.776119,33.894543,668.300293,583.355652,0.000009,0.000000,9.978797,6503,0,32,0
63.667183,0.009114,-0.326814,-1.066221,0.000002,0.000007,0.009993,0.000016,-0.000353,-0.006129,-0.000036,-0.000002,0.000001,10.000000,3.000000,-137.000000,0.033769,-0.221236,0.000000,0.000000,0.000000,0.000000,0.181802,826.000000,44.776119,33.894543,668.300293,583.355652,0.000009,0.000000,9.978896,6503,1,32,0
63.669136,0.009114,-0.326814,-1.066201,0.000002,0.000006,0.009991,0.000018,-0.000359,-0.006197,-0.000036,-0.000002,0.000001,10.000000,3.000000,-137.000000,0.033789,-0.221236,0.000000,0.000000,0.000000,0.000000,0.181802,826.000000,44.776119,33.894543,668.300293,583.355652,0.000009,0.000000,9.978996,6503,1,32,0
63.671089,0.009114,-0.326814,-1.066181,0.000002,0.000005,0.010000,0.000022,-0.000361,0.003742,-0.000037,-0.000002,0.000001,10.000000,3.000000,-137.000000,0.033809,-0.221236,0.000000,0.000000,0.000000,0.000000,0.181802,826.000000,44.776119,33.894543,668.300293,583.355652,0.000009,0.000000,9.979096,6503,1,32,0
63.673042,0.009114,-0.326814,-1.066161,0.000002,0.000005,0.009998,0.000024,-0.000367,0.004411,-0.000038,-0.000003,0.000001,10.000000,3.000000,-137.000000,0.033829,-0.221236,0.000000,0.000000,0.000000,0.000000,0.181802,826.000000,44.776119,33.894543,668.300293,583.355652,0.000009,0.000000,9.979197,6503,1,32,0
63.674999,0.009114,-0.326814,-1.066141,0.000002,0.000004,0.009996,0.000027,-0.000374,0.004360,-0.000038,-0.000003,0.000001,10.000000,3.000000,-137.000000,0.033849,-0.221236,0.000000,0.000000,0.000000,0.000000,0.181802,826.000000,44.776119,33.894543,668.300293,583.355652,0.000010,0.000000,9.979297,6503,1,32,0
63.676952,0.009114,-0.326814,-1.066121,0.000002,0.000003,0.009993,0.000026,-0.000383,-0.006417,-0.000039,-0.000003,0.000001,10.000000,3.000000,-137.000000,0.033869,-0.221236,0.000000,0.000000,0.000000,0.000000,0.181802,826.000000,44.776119,33.894543,668.300293,583.355652,0.000010,0.000000,9.979397,6504,1,32,0
63.678905,0.009114,-0.326814,-1.066101,0.000002,0.000002,0.009991,0.000028,-0.000387,-0.006563,-0.000040,-0.000003,0.000001,10.000000,3.000000,-137.000000,0.033889,-0.221236,0.000000,0.000000,0.000000,0.000000,0.181802,826.000000,44.776119,33.894543,668.300293,583.355652,0.000010,0.000000,9.979496,6504,1,32,0
63.680859,0.009114,-0.326814,-1.066081,0.000002,0.000001,0.009998,0.000032,-0.000390,0.003269,-0.000040,-0.000003,0.000001,10.000000,3.000000,-137.000000,0.033909,-0.221236,0.000000,0.000000,0.000000,0.000000,0.181802,826.000000,44.776119,33.894543,668.300293,583.355652,0.000010,0.000000,9.979597,6504,1,32,0
63.682816,0.009114,-0.326814,-1.066061,0.000002,0.000001,0.009995,0.000034,-0.000393,0.003843,-0.000040,-0.000004,0.000001,10.000000,3.000000,-137.000000,0.033929,-0.221236,0.000000,0.000000,0.000000,0.000000,0.181802,826.000000,44.776119,33.894543,668.300293,583.355652,0.000010,0.000000,9.979696,6504,1,32,0
63.684769,0.009114,-0.326814,-1.066041,0.000003,-0.000000,0.009991,0.000033,-0.000396,-0.007023,-0.000041,-0.000004,0.000001,10.000000,3.000000,-137.000000,0.033949,-0.221236,0.000000,0.000000,0.000000,0.000000,0.181802,826.000000,44.776119,33.894543,668.300293,583.355652,0.000011,0.000000,9.979796,6504,1,32,0
63.686722,0.009114,-0.326814,-1.066021,0.000003,-0.000001,0.009997,0.000036,-0.000398,0.002852,-0.000041,-0.000004,0.000001,10.000000,3.000000,-137.000000,0.033969,-0.221236,0.000000,0.000000,0.000000,0.000000,0.181802,826.000000,44.776119,33.894543,668.300293,583.355652,0.000011,0.000000,9.979897,6504,0,32,0
63.688675,0.009114,-0.326814,-1.066001,0.000003,-0.000002,0.009994,0.000037,-0.000399,0.003464,-0.000041,-0.000004,0.000001,10.000000,3.000000,-137.000000,0.033989,-0.221236,0.000000,0.000000,0.000000,0.000000,0.181802,826.000000,44.776119,33.894543,668.300293,583.355652,0.000011,0.000000,9.979997,6504,0,32,0
63.690632,0.009114,-0.326814,-1.065981,0.000003,-0.000003,0.009999,0.000037,-0.000398,0.002634,-0.000041,-0.000004,0.000001,10.000000,3.000000,-137.000000,0.034009,-0.221236,0.000000,0.000000,0.000000,0.000000,0.181802,826.000000,44.776119,33.894543,668.300293,583.355652,0.000011,0.000000,9.980096,6504,0,32,0
63.692585,0.009114,-0.326814,-1.065961,0.000003,-0.000003,0.009995,0.000037,-0.000397,0.003267,-0.000040,-0.000004,0.000001,10.000000,3.000000,-137.000000,0.034029,-0.221236,0.000000,0.000000,0.000000,0.000000,0.181802,826.000000,44.776119,33.894543,668.300293,583.355652,0.000011,0.000000,9.980196,6504,0,32,0
63.694538,0.009114,-0.326814,-1.065941,0.000003,-0.000004,0.010000,0.000036,-0.000395,0.002455,-0.000040,-0.000004,0.000001,10.000000,3.000000,-137.000000,0.034049,-0.221236,0.000000,0.000000,0.000000,0.000000,0.181802,826.000000,44.776119,33.894543,668.300293,583.355652,0.000012,0.000000,9.980296,6504,0,32,0
63.696491,0.009114,-0.326814,-1.065921,0.000003,-0.000005,0.009995,0.000035,-0.000393,0.003105,-0.000040,-0.000003,0.000001,10.000000,3.000000,-137.000000,0.034069,-0.221236,0.000000,0.000000,0.000000,0.000000,0.181802,826.000000,44.776119,33.894543,668.300293,583.355652,0.000012,0.000000,9.980396,6504,0,31,0
63.698444,0.009114,-0.326814,-1.065901,0.000003,-0.000006,0.010000,0.000033,-0.000389,0.002307,-0.000040,-0.000003,0.000002,10.000000,3.000000,-137.000000,0.034089,-0.221236,0.000000,0.000000,0.000000,0.000000,0.181802,826.000000,44.776119,33.894543,668.300293,583.355652,0.000012,0.000000,9.980496,6504,0,31,0
63.700401,0.009114,-0.326814,-1.065881,0.000003,-0.000006,0.009995,0.000031,-0.000385,0.002970,-0.000039,-0.000003,0.000002,10.000000,3.000000,-137.000000,0.034109,-0.221236,0.000000,0.000000,0.000000,0.000000,0.181802,826.000000,44.776119,33.894543,668.300293,583.355652,0.000012,0.000000,9.980597,6504,0,31,0
63.702354,0.009114,-0.326814,-1.065861,0.000003,-0.000007,0.010000,0.000029,-0.000380,0.002185,-0.000039,-0.000003,0.000002,10.000000,3.000000,-137.000000,0.034129,-0.221236,0.000000,0.000000,0.000000,0.000000,0.181802,826.000000,44.776119,33.894543,668.300293,583.355652,0.000012,0.000000,9.980697,6504,0,31,0
63.704308,0.009114,-0.326814,-1.065841,0.000003,-0.000008,0.009995,0.000026,-0.000376,0.002858,-0.000038,-0.000003,0.000002,10.000000,3.000000,-137.000000,0.034149,-0.221236,0.000000,0.000000,0.000000,0.000000,0.181802,826.000000,44.776119,33.894543,668.300293,583.355652,0.000012,0.000000,9.980797,6504,0,31,0
63.706261,0.009114,-0.326814,-1.065821,0.000003,-0.000009,0.009999,0.000023,-0.000370,0.002084,-0.000037,-0.000002,0.000002,10.000000,3.000000,-137.000000,0.034169,-0.221236,0.000000,0.000000,0.000000,0.000000,0.181802,826.000000,44.776119,33.894543,668.300293,583.355652,0.000012,0.000000,9.980896,6504,0,31,0
63.708218,0.009114,-0.326814,-1.065801,0.000003,-0.000009,0.009994,0.000021,-0.000364,0.002767,-0.000037,-0.000002,0.000002,10.000000,3.000000,-137.000000,0.034189,-0.221236,0.000000,0.000000,0.000000,0.000000,0.181802,826.000000,44.776119,33.894543,668.300293,583.355652,0.000012,0.000000,9.980996,6505,0,31,0
63.710171,0.009114,-0.326814,-1.065781,0.000003,-0.000010,0.009998,0.000017,-0.000357,0.001895,-0.000036,-0.000002,0.000002,10.000000,3.000000,-137.000000,0.034209,-0.221236,0.000000,0.000000,0.000000,0.000000,0.181802,826.000000,44.776119,33.894543,668.300293,583.355652,0.000012,0.000000,9.981096,6505,0,31,0
63.712124,0.009114,-0.326814,-1.065761,0.000003,-0.000011,0.009991,0.000011,-0.000340,-0.008273,-0.000035,-0.000001,0.000002,10.000000,3.000000,-137.000000,0.034229,-0.221236,0.000000,0.000000,0.000000,0.000000,0.181802,826.000000,44.776119,33.894543,668.300293,583.355652,0.000012,0.000000,9.981196,6505,0,31,0
63.714077,0.009114,-0.326814,-1.065741,0.000003,-0.000011,0.009995,0.000011,-0.000344,0.001578,-0.000035,-0.000001,0.000002,10.000000,3.000000,-137.000000,0.034249,-0.221236,0.000000,0.000000,0.000000,0.000000,0.181802,826.000000,44.776119,33.894543,668.300293,583.355652,0.000012,0.000000,9.981296,6505,0,31,0
63.716034,0.009114,-0.326814,-1.065721,0.000003,-0.000012,0.009998,0.000008,-0.000336,0.001441,-0.000034,-0.000001,0.000002,10.000000,4.000000,-131.000000,0.034269,-0.221236,0.000000,0.000000,0.000000,0.000000,0.181802,862.000000,44.776119,33.894543,668.300293,583.355652,0.000013,0.000000,9.981396,6505,0,31,0
63.717987,0.009114,-0.326814,-1.065701,0.000003,-0.000013,0.009991,0.000002,-0.000316,-0.008684,-0.000033,-0.000000,0.000002,10.000000,4.000000,-131.000000,0.034289,-0.133335,0.000001,0.000000,0.000000,0.067000,0.314991,862.000000,89.552238,81.481346,668.300293,619.774536,0.000013,0.000000,9.981496,6505,0,31,0
63.719940,0.009114,-0.326814,-1.065681,0.000003,-0.000013,0.009994,0.000003,-0.000321,0.001204,-0.000032,-0.000000,0.000002,10.000000,4.000000,-131.000000,0.034309,-0.133335,0.000001,0.000000,0.000000,0.000000,0.314991,862.000000,89.552238,81.481346,668.300293,619.774536,0.000013,0.000000,9.981596,6505,0,31,0
63.721893,0.009114,-0.326814,-1.065661,0.000003,-0.000014,0.009996,0.000001,-0.000313,0.001102,-0.000032,0.000000,0.000002,10.000000,4.000000,-131.000000,0.034329,-0.133335,0.000001,0.000000,0.000000,0.000000,0.314991,862.000000,89.552238,81.481346,668.300293,619.774536,0.000013,0.000000,9.981696,6505,0,31,0
63.723846,0.009114,-0.326814,-1.065641,0.000003,-0.000015,0.009998,-0.000002,-0.000305,0.001010,-0.000031,0.000000,0.000002,10.000000,4.000000,-131.000000,0.034349,-0.133335,0.000001,0.000000,0.000000,0.000000,0.314991,862.000000,89.552238,81.481346,668.300293,619.774536,0.000013,0.000000,9.981796,6505,0,31,0
63.725803,0.009114,-0.326814,-1.065621,0.000003,-0.000015,0.009990,-0.000007,-0.000281,-0.009074,-0.000030,0.000000,0.000002,10.000000,4.000000,-131.000000,0.034369,-0.133335,0.000001,0.000000,0.000000,0.000000,0.314991,862.000000,89.552238,81.481346,668.300293,619.774536,0.000013,0.000000,9.981896,6505,0,31,0
63.727757,0.009114,-0.326814,-1.065601,0.000003,-0.000016,0.009993,-0.000005,-0.000288,0.000850,-0.000029,0.000001,0.000002,10.000000,4.000000,-131.000000,0.034389,-0.133335,0.000001,0.000000,0.000000,0.000000,0.314991,862.000000,89.552238,81.481346,668.300293,619.774536,0.000013,0.000000,9.981996,6505,0,31,0
63.729710,0.009114,-0.326814,-1.065581,0.000003,-0.000016,0.009994,-0.000007,-0.000279,0.000782,-0.000028,0.000001,0.000002,10.000000,4.000000,-131.000000,0.034409,-0.133335,0.000001,0.000000,0.000000,0.000000,0.314991,862.000000,89.552238,81.481346,668.300293,619.774536,0.000013,0.000000,9.982096,6505,0,31,0
63.731663,0.009114,-0.326814,-1.065561,0.000003,-0.000017,0.009996,-0.000008,-0.000270,0.000719,-0.000027,0.000001,0.000002,10.000000,4.000000,-131.000000,0.034429,-0.133335,0.000001,0.000000,0.000000,0.000000,0.314991,862.000000,89.552238,81.481346,668.300293,619.774536,0.000013,0.000000,9.982196,6505,0,31,0
63.733620,0.009114,-0.326814,-1.065541,0.000003,-0.000018,0.009997,-0.000008,-0.000261,0.000662,-0.000026,0.000001,0.000002,10.000000,4.000000,-131.000000,0.034449,-0.133335,0.000001,0.000000,0.000000,0.000000,0.314991,862.000000,89.552238,81.481346,668.300293,619.774536,0.000013,0.000000,9.982296,6505,0,31,0
63.735573,0.009114,-0.326814,-1.065521,0.000003,-0.000018,0.009998,-0.000008,-0.000252,0.000611,-0.000025,0.000001,0.000002,10.000000,4.000000,-131.000000,0.034469,-0.133335,0.000001,0.000000,0.000000,0.000000,0.314991,862.000000,89.552238,81.481346,668.300293,619.774536,0.000013,0.000000,9.982395,6505,0,31,0
63.737526,0.009114,-0.326814,-1.065501,0.000003,-0.000019,0.009999,-0.000008,-0.000243,0.000564,-0.000024,0.000001,0.000002,10.000000,4.000000,-131.000000,0.034489,-0.133335,0.000001,0.000000,0.000000,0.000000,0.314991,862.000000,89.552238,81.481346,668.300293,619.774536,0.000013,0.000000,9.982496,6506,0,31,0
63.739479,0.009114,-0.326815,-1.065481,0.000003,-0.000019,0.009990,-0.000011,-0.000215,-0.009584,-0.000023,0.000001,0.000002,10.000000,4.000000,-131.000000,0.034509,-0.133335,0.000001,0.000000,0.000000,0.000000,0.314991,862.000000,89.552238,81.481346,668.300293,619.774536,0.000013,0.000000,9.982595,6506,0,31,0
63.741432,0.009114,-0.326815,-1.065461,0.000003,-0.000019,0.009992,-0.000007,-0.000225,0.000247,-0.000022,0.000001,0.000002,10.000000,4.000000,-131.000000,0.034529,-0.133335,0.000001,0.000000,0.000000,0.000000,0.314991,862.000000,89.552238,81.481346,668.300293,619.774536,0.000013,0.000000,9.982696,6506,0,31,0
63.743389,0.009114,-0.326815,-1.065441,0.000003,-0.000020,0.009992,-0.000006,-0.000215,0.000094,-0.000021,0.000000,0.000002,10.000000,4.000000,-131.000000,0.034549,-0.133335,0.000001,0.000000,0.000000,0.000000,0.314991,862.000000,89.552238,81.481346,668.300293,619.774536,0.000013,0.000000,9.982796,6506,0,32,0
63.745342,0.009114,-0.326815,-1.065421,0.000003,-0.000020,0.009992,-0.000004,-0.000206,-0.000044,-0.000021,0.000000,0.000002,10.000000,4.000000,-131.000000,0.034569,-0.133335,0.000001,0.000000,0.000000,0.000000,0.314991,862.000000,89.552238,81.481346,668.300293,619.774536,0.000013,0.000000,9.982896,6506,0,32,0
63.747295,0.009114,-0.326815,-1.065401,0.000003,-0.000021,0.009992,-0.000002,-0.000196,-0.000170,-0.000020,0.000000,0.000002,10.000000,4.000000,-131.000000,0.034589,-0.133335,0.000001,0.000000,0.000000,0.000000,0.314991,862.000000,89.552238,81.481346,668.300293,619.774536,0.000013,0.000000,9.982995,6506,0,32,0
63.749249,0.009114,-0.326815,-1.065381,0.000003,-0.000021,0.009991,0.000000,-0.000187,-0.000283,-0.000019,-0.000000,0.000002,10.000000,4.000000,-131.000000,0.034609,-0.133335,0.000001,0.000000,0.000000,0.000000,0.314991,862.000000,89.552238,81.481346,668.300293,619.774536,0.000013,0.000000,9.983095,6506,0,32,0
63.751205,0.009114,-0.326815,-1.065361,0.000003,-0.000021,0.009990,0.000003,-0.000177,-0.000386,-0.000018,-0.000000,0.000002,10.000000,4.000000,-131.000000,0.034629,-0.133335,0.000001,0.000000,0.000000,0.000000,0.314991,862.000000,89.552238,81.481346,668.300293,619.774536,0.000013,0.000000,9.983195,6506,0,32,0
63.753159,0.009114,-0.326815,-1.065341,0.000003,-0.000022,0.009989,0.000006,-0.000168,-0.000479,-0.000017,-0.000001,0.000002,10.000000,4.000000,-131.000000,0.034649,-0.133335,0.000001,0.000000,0.000000,0.000000,0.314991,862.000000,89.552238,81.481346,668.300293,619.774536,0.000013,0.000000,9.983295,6506,0,32,0
63.755112,0.009114,-0.326815,-1.065321,0.000003,-0.000022,0.009988,0.000008,-0.000158,-0.000564,-0.000016,-0.000001,0.000002,10.000000,4.000000,-131.000000,0.034669,-0.133335,0.000001,0.000000,0.000000,0.000000,0.314991,862.000000,89.552238,81.481346,668.300293,619.774536,0.000013,0.000000,9.983396,6506,0,32,0
63.757065,0.009114,-0.326815,-1.065301,0.000003,-0.000022,0.009987,0.000011,-0.000148,-0.000641,-0.000015,-0.000001,0.000002,10.000000,4.000000,-131.000000,0.034689,-0.133335,0.000001,0.000000,0.000000,0.000000,0.314991,862.000000,89.552238,81.481346,668.300293,619.774536,0.000013,0.000000,9.983495,6506,0,32,0
63.759022,0.009114,-0.326815,-1.065281,0.000003,-0.000023,0.009986,0.000013,-0.000138,-0.000710,-0.000014,-0.000001,0.000002,10.000000,4.000000,-131.000000,0.034709,-0.133335,0.000001,0.000000,0.000000,0.000000,0.314991,862.000000,89.552238,81.481346,668.300293,619.774536,0.000013,0.000000,9.983595,6506,0,32,0
63.760975,0.009114,-0.326815,-1.065261,0.000003,-0.000023,0.009984,0.000015,-0.000129,-0.000774,-0.000013,-0.000002,0.000002,10.000000,4.000000,-131.000000,0.034729,-0.133335,0.000001,0.000000,0.000000,0.000000,0.314991,862.000000,89.552238,81.481346,668.300293,619.774536,0.000013,0.000000,9.983694,6506,0,32,0
63.762928,0.009114,-0.326815,-1.065241,0.000003,-0.000023,0.009983,0.000017,-0.000119,-0.000831,-0.000012,-0.000002,0.000002,10.000000,4.000000,-131.000000,0.034749,-0.133335,0.000001,0.000000,0.000000,0.000000,0.314991,862.000000,89.552238,81.481346,668.300293,619.774536,0.000013,0.000000,9.983794,6506,0,32,0
63.764881,0.009114,-0.326815,-1.065221,0.000003,-0.000023,0.009981,0.000019,-0.000109,-0.000883,-0.000011,-0.000002,0.000002,10.000000,4.000000,-131.000000,0.034769,-0.133335,0.000001,0.000000,0.000000,0.000000,0.314991,862.000000,89.552238,81.481346,668.300293,619.774536,0.000013,0.000000,9.983894,6506,0,32,0
63.766834,0.009114,-0.326815,-1.065201,0.000003,-0.000024,0.009979,0.000020,-0.000099,-0.000931,-0.000010,-0.000002,0.000002,10.000000,4.000000,-131.000000,0.034789,-0.133335,0.000001,0.000000,0.000000,0.000000,0.314991,862.000000,89.552238,81.481346,668.300293,619.774536,0.000013,0.000000,9.983994,6506,0,32,0
63.768791,0.009114,-0.326815,-1.065181,0.000004,-0.000024,0.009977,0.000021,-0.000089,-0.000973,-0.000009,-0.000002,0.000002,10.000000,4.000000,-131.000000,0.034809,-0.133335,0.000001,0.000000,0.000000,0.000000,0.314991,862.000000,89.552238,81.481346,668.300293,619.774536,0.000013,0.000000,9.984094,6507,0,32,0
63.770744,0.009114,-0.326815,-1.065161,0.000004,-0.000024,0.009975,0.000022,-0.000079,-0.001118,-0.000008,-0.000002,0.000002,10.000000,4.000000,-131.000000,0.034829,-0.133335,0.000001,0.000000,0.000000,0.000000,0.314991,862.000000,89.552238,81.481346,668.300293,619.774536,0.000013,0.000000,9.984194,6507,0,32,0
63.772697,0.009114,-0.326815,-1.065141,0.000004,-0.000024,0.009972,0.000022,-0.000069,-0.001284,-0.000007,-0.000002,0.000002,10.000000,4.000000,-131.000000,0.034849,-0.133335,0.000001,0.000000,0.000000,0.000000,0.314991,862.000000,89.552238,81.481346,668.300293,619.774536,0.000013,0.000000,9.984293,6507,0,32,0
63.774651,0.009114,-0.326815,-1.065121,0.000004,-0.000024,0.009970,0.000022,-0.000060,-0.001434,-0.000006,-0.000002,0.000003,10.000000,5.000000,-124.000000,0.034869,-0.133335,0.000001,0.000000,0.000000,0.000000,0.314991,918.000000,89.552238,81.481346,668.300293,619.774536,0.000013,0.000000,9.984393,6507,0,32,0
63.776608,0.009114,-0.326815,-1.065102,0.000004,-0.000024,0.009967,0.000021,-0.000050,-0.001571,-0.000005,-0.000002,0.000003,10.000000,5.000000,-124.000000,0.034889,-0.032892,0.000001,0.000000,0.000000,0.066000,0.469409,918.000000,106.060631,111.079796,250.127213,519.360291,0.000013,0.000000,9.984492,6507,0,31,0
63.778561,0.009114,-0.326815,-1.065082,0.000004,-0.000024,0.009963,0.000020,-0.000040,-0.001695,-0.000004,-0.000002,0.000003,10.000000,5.000000,-124.000000,0.034909,-0.032892,0.000001,0.000000,0.000000,0.000000,0.469409,918.000000,106.060631,111.079796,250.127213,519.360291,0.000013,0.000000,9.984592,6507,0,31,0
63.780514,0.009114,-0.326815,-1.065062,0.000004,-0.000024,0.009960,0.000018,-0.000030,-0.001808,-0.000003,-0.000002,0.000003,10.000000,5.000000,-124.000000,0.034928,-0.032892,0.000001,0.000000,0.000000,0.000000,0.469409,918.000000,106.060631,111.079796,250.127213,519.360291,0.000013,0.000000,9.984693,6507,0,31,0
63.782467,0.009114,-0.326815,-1.065042,0.000004,-0.000024,0.009956,0.000017,-0.000020,-0.001910,-0.000002,-0.000002,0.000003,10.000000,5.000000,-124.000000,0.034948,-0.032892,0.000001,0.000000,0.000000,0.000000,0.469409,918.000000,106.060631,111.079796,250.127213,519.360291,0.000013,0.000000,9.984792,6507,0,31,0
63.784424,0.009114,-0.326816,-1.065022,0.000004,-0.000025,0.009952,0.000014,-0.000010,-0.002003,-0.000000,-0.000001,0.000003,10.000000,5.000000,-124.000000,0.034968,-0.032892,0.000001,0.000000,0.000000,0.000000,0.469409,918.000000,106.060631,111.079796,250.127213,519.360291,0.000013,0.000000,9.984891,6507,0,31,0
63.786377,0.009114,-0.326816,-1.065002,0.000004,-0.000025,0.009948,0.000012,0.000000,-0.002087,0.000001,-0.000001,0.000003,10.000000,5.000000,-124.000000,0.034988,-0.032892,0.000001,0.000000,0.000000,0.000000,0.469409,918.000000,106.060631,111.079796,250.127213,519.360291,0.000013,0.000000,9.984991,6507,0,31,0
63.788330,0.009114,-0.326816,-1.064982,0.000004,-0.000025,0.009943,0.000009,0.000010,-0.002163,0.000002,-0.000001,0.000003,10.000000,5.000000,-124.000000,0.035008,-0.032892,0.000001,0.000000,0.000000,0.000000,0.469409,918.000000,106.060631,111.079796,250.127213,519.360291,0.000013,0.000000,9.985090,6507,0,31,0
63.790283,0.009114,-0.326816,-1.064962,0.000004,-0.000024,0.009939,0.000007,0.000020,-0.002232,0.000003,-0.000001,0.000003,10.000000,5.000000,-124.000000,0.035028,-0.032892,0.000001,0.000000,0.000000,0.000000,0.469409,918.000000,106.060631,111.079796,250.127213,519.360291,0.000013,0.000000,9.985189,6507,0,31,0
63.792236,0.009114,-0.326816,-1.064942,0.000004,-0.000024,0.009934,0.000004,0.000030,-0.002295,0.000004,-0.000000,0.000003,10.000000,5.000000,-124.000000,0.035048,-0.032892,0.000001,0.000000,0.000000,0.000000,0.469409,918.000000,106.060631,111.079796,250.127213,519.360291,0.000013,0.000000,9.985289,6507,0,31,0
63.794193,0.009114,-0.326816,-1.064922,0.000004,-0.000024,0.009930,0.000002,0.000040,-0.002352,0.000005,-0.000000,0.000003,10.000000,5.000000,-124.000000,0.035068,-0.032892,0.000001,0.000000,0.000000,0.000000,0.469409,918.000000,106.060631,111.079796,250.127213,519.360291,0.000013,0.000000,9.985389,6507,0,31,0
63.796146,0.009114,-0.326816,-1.064903,0.000004,-0.000024,0.009925,-0.000001,0.000050,-0.002404,0.000006,0.000000,0.000003,10.000000,5.000000,-124.000000,0.035087,-0.032892,0.000001,0.000000,0.000000,0.000000,0.469409,918.000000,106.060631,111.079796,250.127213,519.360291,0.000013,0.000000,9.985487,6507,0,31,0
63.798100,0.009114,-0.326816,-1.064883,0.000004,-0.000024,0.009920,-0.000003,0.000060,-0.002451,0.000007,0.000000,0.000003,10.000000,5.000000,-124.000000,0.035107,-0.032892,0.000001,0.000000,0.000000,0.000000,0.469409,918.000000,106.060631,111.079796,250.127213,519.360291,0.000013,0.000000,9.985587,6508,0,31,0
63.800053,0.009114,-0.326816,-1.064863,0.000004,-0.000024,0.009915,-0.000005,0.000070,-0.002599,0.000008,0.000001,0.000003,10.000000,5.000000,-124.000000,0.035127,-0.032892,0.000001,0.000000,0.000000,0.000000,0.469409,918.000000,106.060631,111.079796,250.127213,519.360291,0.000013,0.000000,9.985685,6508,0,31,0
63.802010,0.009114,-0.326816,-1.064843,0.000004,-0.000024,0.009910,-0.000007,0.000080,-0.002768,0.000009,0.000001,0.000003,10.000000,5.000000,-124.000000,0.035147,-0.032892,0.000001,0.000000,0.000000,0.000000,0.469409,918.000000,106.060631,111.079796,250.127213,519.360291,0.000013,0.000000,9.985785,6508,0,31,0
63.803963,0.009114,-0.326816,-1.064823,0.000004,-0.000024,0.009904,-0.000009,0.000090,-0.002921,0.000010,0.000001,0.000003,10.000000,5.000000,-124.000000,0.035167,-0.032892,0.000001,0.000000,0.000000,0.000000,0.469409,918.000000,106.060631,111.079796,250.127213,519.360291,0.000013,0.000000,9.985885,6508,0,31,0
63.805916,0.009114,-0.326816,-1.064803,0.000004,-0.000023,0.009898,-0.000010,0.000100,-0.003060,0.000011,0.000001,0.000003,10.000000,5.000000,-124.000000,0.035187,-0.032892,0.000001,0.000000,0.000000,0.000000,0.469409,918.000000,106.060631,111.079796,250.127213,519.360291,0.000013,0.000000,9.985983,6508,0,31,0
63.807869,0.009114,-0.326816,-1.064784,0.000004,-0.000023,0.009891,-0.000011,0.000110,-0.003185,0.000012,0.000001,0.000003,10.000000,5.000000,-124.000000,0.035206,-0.032892,0.000001,0.000000,0.000000,0.000000,0.469409,918.000000,106.060631,111.079796,250.127213,519.360291,0.000013,0.000000,9.986082,6508,0,31,-1
63.809822,0.009114,-0.326816,-1.064764,0.000004,-0.000023,0.009885,-0.000012,0.000122,-0.003299,0.000013,0.000001,0.000003,10.000000,5.000000,-124.000000,0.035226,-0.032892,0.000001,0.000000,0.000000,0.000000,0.469409,918.000000,106.060631,111.079796,250.127213,519.360291,0.000006,0.000000,9.986181,6508,0,31,-1
63.811779,0.009114,-0.326816,-1.064744,0.000004,-0.000023,0.009878,-0.000013,0.000132,-0.003402,0.000014,0.000001,0.000003,10.000000,5.000000,-124.000000,0.035246,-0.032892,0.000001,0.000000,0.000000,0.000000,0.469409,918.000000,106.060631,111.079796,250.127213,519.360291,-0.000008,0.000000,9.986280,6508,0,31,-1
63.813732,0.009114,-0.326816,-1.064724,0.000004,-0.000022,0.009871,-0.000013,0.000142,-0.003496,0.000015,0.000001,0.000003,10.000000,5.000000,-124.000000,0.035266,-0.032892,0.000001,0.000000,0.000000,0.000000,0.469409,918.000000,106.060631,111.079796,250.127213,519.360291,-0.000021,0.000000,9.986379,6508,0,31,-1
63.815685,0.009114,-0.326816,-1.064705,0.000004,-0.000022,0.009864,-0.000013,0.000152,-0.003581,0.000016,0.000001,0.000003,10.000000,5.000000,-124.000000,0.035285,-0.032892,0.000001,0.000000,0.000000,0.000000,0.469409,918.000000,106.060631,111.079796,250.127213,519.360291,-0.000032,0.000000,9.986477,6508,0,31,-1
63.817638,0.009114,-0.326816,-1.064685,0.000004,-0.000022,0.009857,-0.000013,0.000162,-0.003658,0.000017,0.000001,0.000003,10.000000,5.000000,-124.000000,0.035305,-0.032892,0.000001,0.000000,0.000000,0.000000,0.469409,918.000000,106.060631,111.079796,250.127213,519.360291,-0.000043,0.000000,9.986576,6508,0,31,-1
63.819595,0.009114,-0.326816,-1.064665,0.000004,-0.000022,0.009849,-0.000012,0.000172,-0.003727,0.000018,0.000001,0.000003,10.000000,5.000000,-124.000000,0.035325,-0.032892,0.000001,0.000000,0.000000,0.000000,0.469409,918.000000,106.060631,111.079796,250.127213,519.360291,-0.000053,0.000000,9.986674,6508,0,31,-1
63.821548,0.009114,-0.326816,-1.064646,0.000004,-0.000021,0.009842,-0.000012,0.000182,-0.003791,0.000019,0.000001,0.000002,10.000000,5.000000,-124.000000,0.035345,-0.032892,0.000001,0.000000,0.000000,0.000000,0.469409,918.000000,106.060631,111.079796,250.127213,519.360291,-0.000063,0.000000,9.986773,6508,0,31,0
63.823502,0.009114,-0.326816,-1.064626,0.000004,-0.000021,0.009834,-0.000011,0.000190,-0.003849,0.000020,0.000001,0.000002,10.000000,5.000000,-124.000000,0.035364,-0.032892,0.000001,0.000000,0.000000,0.000000,0.469409,918.000000,106.060631,111.079796,250.127213,519.360291,-0.000065,0.000000,9.986872,6508,0,31,0
63.825455,0.009114,-0.326817,-1.064606,0.000004,-0.000020,0.009826,-0.000010,0.000200,-0.003901,0.000021,0.000001,0.000002,10.000000,5.000000,-124.000000,0.035384,-0.032892,0.000001,0.000000,0.000000,0.000000,0.469409,918.000000,106.060631,111.079796,250.127213,519.360291,-0.000060,0.000000,9.986970,6508,0,31,0
63.827412,0.009114,-0.326817,-1.064587,0.000004,-0.000020,0.009819,-0.000010,0.000210,-0.003949,0.000022,0.000001,0.000002,10.000000,5.000000,-124.000000,0.035404,-0.032892,0.000001,0.000000,0.000000,0.000000,0.469409,918.000000,106.060631,111.079796,250.127213,519.360291,-0.000055,0.000000,9.987067,6509,0,31,0
63.829365,0.009114,-0.326817,-1.064567,0.000004,-0.000020,0.009810,-0.000008,0.000220,-0.004098,0.000023,0.000001,0.000002,10.000000,5.000000,-124.000000,0.035423,-0.032892,0.000001,0.000000,0.000000,0.000000,0.469409,918.000000,106.060631,111.079796,250.127213,519.360291,-0.000051,0.000000,9.987165,6509,0,32,0
63.831318,0.009114,-0.326817,-1.064547,0.000004,-0.000019,0.009802,-0.000007,0.000230,-0.004267,0.000024,0.000001,0.000002,10.000000,5.000000,-124.000000,0.035443,-0.032892,0.000001,0.000000,0.000000,0.000000,0.469409,918.000000,106.060631,111.079796,250.127213,519.360291,-0.000047,0.000000,9.987264,6509,0,32,0
63.833271,0.009114,-0.326817,-1.064528,0.000004,-0.000019,0.009793,-0.000005,0.000240,-0.004420,0.000025,0.000000,0.000002,10.000000,7.000000,-114.000000,0.035462,-0.032892,0.000001,0.000000,0.000000,0.000000,0.469409,1010.000000,106.060631,111.079796,250.127213,519.360291,-0.000043,0.000000,9.987362,6509,0,32,0
63.835224,0.009114,-0.326817,-1.064508,0.000004,-0.000018,0.009784,-0.000004,0.000251,-0.004558,0.000026,0.000000,0.000002,10.000000,7.000000,-114.000000,0.035482,0.096442,0.000001,0.000000,0.000000,0.067000,0.695997,1010.000000,149.253723,148.729706,644.672974,551.176208,-0.000040,0.000000,9.987459,6509,0,32,0
63.837181,0.009114,-0.326817,-1.064489,0.000004,-0.000018,0.009775,-0.000002,0.000261,-0.004683,0.000027,0.000000,0.000002,10.000000,7.000000,-114.000000,0.035502,0.096442,0.000001,0.000000,0.000000,0.000000,0.695997,1010.000000,149.253723,148.729706,644.672974,551.176208,-0.000037,0.000000,9.987557,6509,0,32,0
63.839134,0.009114,-0.326817,-1.064469,0.000004,-0.000017,0.009765,-0.000000,0.000271,-0.004796,0.000028,-0.000000,0.000002,10.000000,7.000000,-114.000000,0.035521,0.096442,0.000001,0.000000,0.000000,0.000000,0.695997,1010.000000,149.253723,148.729706,644.672974,551.176208,-0.000035,0.000000,9.987655,6509,0,32,0
63.841087,0.009114,-0.326817,-1.064450,0.000004,-0.000016,0.009756,0.000001,0.000281,-0.004900,0.000029,-0.000000,0.000002,10.000000,7.000000,-114.000000,0.035541,0.096442,0.000001,0.000000,0.000000,0.000000,0.695997,1010.000000,149.253723,148.729706,644.672974,551.176208,-0.000032,0.000000,9.987753,6509,0,32,0
63.843040,0.009114,-0.326817,-1.064430,0.000004,-0.000016,0.009746,0.000003,0.000291,-0.004994,0.000030,-0.000000,0.000002,10.000000,7.000000,-114.000000,0.035560,0.096442,0.000001,0.000000,0.000000,0.000000,0.695997,1010.000000,149.253723,148.729706,644.672974,551.176208,-0.000030,0.000000,9.987849,6509,-1,32,0
63.844997,0.009114,-0.326817,-1.064411,0.000004,-0.000015,0.009736,0.000004,0.000301,-0.005079,0.000031,-0.000000,0.000001,10.000000,7.000000,-114.000000,0.035580,0.096442,0.000001,0.000000,0.000000,0.000000,0.695997,1010.000000,149.253723,148.729706,644.672974,551.176208,-0.000028,0.000000,9.987947,6509,-1,32,0
63.846951,0.009114,-0.326817,-1.064391,0.000004,-0.000015,0.009725,0.000005,0.000311,-0.005156,0.000032,-0.000001,0.000001,10.000000,7.000000,-114.000000,0.035599,0.096442,0.000001,0.000000,0.000000,0.000000,0.695997,1010.000000,149.253723,148.729706,644.672974,551.176208,-0.000027,0.000000,9.988045,6509,-1,32,0
63.848904,0.009114,-0.326817,-1.064372,0.000004,-0.000014,0.009715,0.000006,0.000321,-0.005226,0.000033,-0.000001,0.000001,10.000000,7.000000,-114.000000,0.035619,0.096442,0.000001,0.000000,0.000000,0.000000,0.695997,1010.000000,149.253723,148.729706,644.672974,551.176208,-0.000025,0.000000,9.988142,6509,-1,32,0
63.850857,0.009114,-0.326817,-1.064352,0.000004,-0.000013,0.009704,0.000006,0.000330,-0.005290,0.000034,-0.000001,0.000001,10.000000,7.000000,-114.000000,0.035638,0.096442,0.000001,0.000000,0.000000,0.000000,0.695997,1010.000000,149.253723,148.729706,644.672974,551.176208,-0.000024,0.000000,9.988239,6509,-1,32,0
63.852814,0.009115,-0.326817,-1.064333,0.000004,-0.000013,0.009694,0.000006,0.000339,-0.005348,0.000035,-0.000001,0.000001,10.000000,7.000000,-114.000000,0.035657,0.096442,0.000001,0.000000,0.000000,0.000000,0.695997,1010.000000,149.253723,148.729706,644.672974,551.176208,-0.000023,0.000000,9.988336,6509,-1,31,0
63.854767,0.009115,-0.326817,-1.064314,0.000004,-0.000012,0.009683,0.000006,0.000347,-0.005400,0.000036,-0.000001,0.000001,10.000000,7.000000,-114.000000,0.035677,0.096442,0.000001,0.000000,0.000000,0.000000,0.695997,1010.000000,149.253723,148.729706,644.672974,551.176208,-0.000022,0.000000,9.988433,6509,-1,31,0
63.856720,0.009115,-0.326817,-1.064294,0.000004,-0.000011,0.009672,0.000005,0.000354,-0.005448,0.000036,-0.000000,0.000001,10.000000,7.000000,-114.000000,0.035696,0.096442,0.000001,0.000000,0.000000,0.000000,0.695997,1010.000000,149.253723,148.729706,644.672974,551.176208,-0.000021,0.000000,9.988530,6509,-1,31,0
63.858673,0.009115,-0.326817,-1.064275,0.000004,-0.000011,0.009661,0.000004,0.000361,-0.005491,0.000037,-0.000000,0.000001,10.000000,7.000000,-114.000000,0.035715,0.096442,0.000001,0.000000,0.000000,0.000000,0.695997,1010.000000,149.253723,148.729706,644.672974,551.176208,-0.000020,0.000000,9.988626,6510,-1,31,0
63.860626,0.009115,-0.326817,-1.064256,0.000004,-0.000010,0.009650,0.000002,0.000367,-0.005636,0.000038,-0.000000,0.000001,10.000000,7.000000,-114.000000,0.035735,0.096442,0.000001,0.000000,0.000000,0.000000,0.695997,1010.000000,149.253723,148.729706,644.672974,551.176208,-0.000019,0.000000,9.988723,6510,-1,31,0
63.862583,0.009115,-0.326817,-1.064236,0.000004,-0.000009,0.009638,0.000000,0.000372,-0.005802,0.000038,0.000000,0.000001,10.000000,7.000000,-114.000000,0.035754,0.096442,0.000001,0.000000,0.000000,0.000000,0.695997,1010.000000,149.253723,148.729706,644.672974,551.176208,-0.000018,0.000000,9.988819,6510,-1,31,0
63.864536,0.009115,-0.326817,-1.064217,0.000004,-0.000008,0.009626,-0.000002,0.000377,-0.005953,0.000039,0.000000,0.000001,10.000000,7.000000,-114.000000,0.035773,0.096442,0.000001,0.000000,0.000000,0.000000,0.695997,1010.000000,149.253723,148.729706,644.672974,551.176208,-0.000018,0.000000,9.988916,6510,-1,31,0
63.866489,0.009115,-0.326817,-1.064198,0.000004,-0.000008,0.009614,-0.000004,0.000380,-0.006090,0.000039,0.000001,0.000001,10.000000,7.000000,-114.000000,0.035793,0.096442,0.000001,0.000000,0.000000,0.000000,0.695997,1010.000000,149.253723,148.729706,644.672974,551.176208,-0.000017,0.000000,9.989011,6510,-1,31,0
63.868443,0.009115,-0.326817,-1.064179,0.000004,-0.000007,0.009602,-0.000007,0.000383,-0.006214,0.000039,0.000001,0.000001,10.000000,7.000000,-114.000000,0.035812,0.096442,0.000001,0.000000,0.000000,0.000000,0.695997,1010.000000,149.253723,148.729706,644.672974,551.176208,-0.000017,0.000000,9.989107,6510,0,31,0
63.870399,0.009115,-0.326817,-1.064159,0.000004,-0.000006,0.009589,-0.000010,0.000386,-0.006326,0.000039,0.000001,0.000001,10.000000,7.000000,-114.000000,0.035831,0.096442,0.000001,0.000000,0.000000,0.000000,0.695997,1010.000000,149.253723,148.729706,644.672974,551.176208,-0.000017,0.000000,9.989202,6510,0,31,0
63.872353,0.009115,-0.326817,-1.064140,0.000004,-0.000005,0.009577,-0.000013,0.000387,-0.006428,0.000040,0.000001,0.000001,10.000000,7.000000,-114.000000,0.035850,0.096442,0.000001,0.000000,0.000000,0.000000,0.695997,1010.000000,149.253723,148.729706,644.672974,551.176208,-0.000016,0.000000,9.989299,6510,0,31,0
63.874306,0.009115,-0.326817,-1.064121,0.000004,-0.000005,0.009564,-0.000016,0.000388,-0.006521,0.000040,0.000002,0.000001,10.000000,7.000000,-114.000000,0.035869,0.096442,0.000001,0.000000,0.000000,0.000000,0.695997,1010.000000,149.253723,148.729706,644.672974,551.176208,-0.000016,0.000000,9.989395,6510,0,31,0
63.876259,0.009115,-0.326817,-1.064102,0.000004,-0.000004,0.009550,-0.000019,0.000388,-0.006605,0.000040,0.000002,0.000001,10.000000,7.000000,-114.000000,0.035888,0.096442,0.000001,0.000000,0.000000,0.000000,0.695997,1010.000000,149.253723,148.729706,644.672974,551.176208,-0.000016,0.000000,9.989491,6510,0,31,0
63.878216,0.009115,-0.326817,-1.064083,0.000003,-0.000003,0.009537,-0.000022,0.000388,-0.006681,0.000040,0.000002,0.000001,10.000000,7.000000,-114.000000,0.035908,0.096442,0.000001,0.000000,0.000000,0.000000,0.695997,1010.000000,149.253723,148.729706,644.672974,551.176208,-0.000015,0.000000,9.989586,6510,0,31,0
63.880169,0.009115,-0.326817,-1.064064,0.000003,-0.000002,0.009524,-0.000025,0.000387,-0.006750,0.000039,0.000003,0.000001,10.000000,7.000000,-114.000000,0.035927,0.096442,0.000001,0.000000,0.000000,0.000000,0.695997,1010.000000,149.253723,148.729706,644.672974,551.176208,-0.000015,0.000000,9.989681,6510,0,31,0
63.882122,0.009115,-0.326817,-1.064045,0.000003,-0.000001,0.009510,-0.000028,0.000386,-0.006813,0.000039,0.000003,0.000001,10.000000,7.000000,-114.000000,0.035946,0.096442,0.000001,0.000000,0.000000,0.000000,0.695997,1010.000000,149.253723,148.729706,644.672974,551.176208,-0.000015,0.000000,9.989777,6510,0,31,0
63.884075,0.009115,-0.326817,-1.064026,0.000003,-0.000001,0.009496,-0.000031,0.000384,-0.006870,0.000039,0.000003,0.000001,10.000000,7.000000,-114.000000,0.035965,0.096442,0.000001,0.000000,0.000000,0.000000,0.695997,1010.000000,149.253723,148.729706,644.672974,551.176208,-0.000015,0.000000,9.989872,6510,0,31,0
63.886028,0.009115,-0.326817,-1.064007,0.000003,0.000000,0.009482,-0.000034,0.000382,-0.006922,0.000039,0.000004,0.000001,10.000000,7.000000,-114.000000,0.035984,0.096442,0.000001,0.000000,0.000000,0.000000,0.695997,1010.000000,149.253723,148.729706,644.672974,551.176208,-0.000014,0.000000,9.989966,6510,0,31,0
63.887985,0.009115,-0.326817,-1.063988,0.000003,0.000001,0.009469,-0.000036,0.000380,-0.006970,0.000039,0.000004,0.000001,10.000000,7.000000,-114.000000,0.036003,0.096442,0.000001,0.000000,0.000000,0.000000,0.695997,1010.000000,149.253723,148.729706,644.672974,551.176208,-0.000014,0.000000,9.990061,6510,0,31,0
63.889938,0.009115,-0.326817,-1.063969,0.000003,0.000002,0.009455,-0.000038,0.000377,-0.007012,0.000038,0.000004,0.000001,10.000000,7.000000,-114.000000,0.036022,0.096442,0.000001,0.000000,0.000000,0.000000,0.695997,1010.000000,149.253723,148.729706,644.672974,551.176208,-0.000014,0.000000,9.990156,6511,0,31,0
63.891891,0.009115,-0.326817,-1.063950,0.000003,0.000002,0.009440,-0.000040,0.000374,-0.007156,0.000038,0.000004,0.000001,10.000000,7.000000,-114.000000,0.036040,0.096442,0.000001,0.000000,0.000000,0.000000,0.695997,1010.000000,149.253723,148.729706,644.672974,551.176208,-0.000014,0.000000,9.990251,6511,0,31,0
63.893845,0.009115,-0.326817,-1.063931,0.000003,0.000003,0.009426,-0.000042,0.000371,-0.007322,0.000038,0.000004,0.000001,10.000000,7.000000,-114.000000,0.036059,0.096442,0.000001,0.000000,0.000000,0.000000,0.695997,1010.000000,149.253723,148.729706,644.672974,551.176208,-0.000014,0.000000,9.990344,6511,0,31,0
63.895802,0.009115,-0.326817,-1.063912,0.000003,0.000004,0.009411,-0.000043,0.000367,-0.007472,0.000037,0.000004,0.000001,10.000000,7.000000,-114.000000,0.036078,0.096442,0.000001,0.000000,0.000000,0.000000,0.695997,1010.000000,149.253723,148.729706,644.672974,551.176208,-0.000014,0.000000,9.990438,6511,0,31,0
63.897755,0.009115,-0.326817,-1.063894,0.000003,0.000005,0.009396,-0.000044,0.000364,-0.007608,0.000037,0.000005,0.000001,10.000000,7.000000,-114.000000,0.036097,0.096442,0.000001,0.000000,0.000000,0.000000,0.695997,1010.000000,149.253723,148.729706,644.672974,551.176208,-0.000014,0.000000,9.990533,6511,0,31,0
63.899708,0.009115,-0.326817,-1.063875,0.000003,0.000005,0.009380,-0.000044,0.000360,-0.007731,0.000037,0.000005,0.000000,10.000000,7.000000,-114.000000,0.036116,0.096442,0.000001,0.000000,0.000000,0.000000,0.695997,1010.000000,149.253723,148.729706,644.672974,551.176208,-0.000014,0.000000,9.990626,6511,0,31,0
63.901661,0.009115,-0.326817,-1.063856,0.000003,0.000006,0.009365,-0.000045,0.000356,-0.007844,0.000036,0.000005,0.000000,10.000000,7.000000,-114.000000,0.036134,0.096442,0.000001,0.000000,0.000000,0.000000,0.695997,1010.000000,149.253723,148.729706,644.672974,551.176208,-0.000013,0.000000,9.990720,6511,0,31,0
63.903618,0.009115,-0.326817,-1.063837,0.000002,0.000007,0.009349,-0.000044,0.000352,-0.007945,0.000036,0.000004,0.000000,10.000000,7.000000,-114.000000,0.036153,0.096442,0.000001,0.000000,0.000000,0.000000,0.695997,1010.000000,149.253723,148.729706,644.672974,551.176208,-0.000013,0.000000,9.990813,6511,0,31,0
63.905571,0.009115,-0.326817,-1.063819,0.000002,0.000007,0.009333,-0.000044,0.000348,-0.008038,0.000035,0.000004,0.000000,10.000000,7.000000,-114.000000,0.036172,0.096442,0.000001,0.000000,0.000000,0.000000,0.695997,1010.000000,149.253723,148.729706,644.672974,551.176208,-0.000013,0.000000,9.990907,6511,0,31,0
63.907524,0.009115,-0.326817,-1.063800,0.000002,0.000008,0.009317,-0.000043,0.000343,-0.008121,0.000035,0.000004,0.000000,10.000000,7.000000,-114.000000,0.036191,0.096442,0.000001,0.000000,0.000000,0.000000,0.695997,1010.000000,149.253723,148.729706,644.672974,551.176208,-0.000013,0.000000,9.991000,6511,0,31,0
63.909477,0.009115,-0.326817,-1.063781,0.000002,0.000009,0.009300,-0.000041,0.000339,-0.008197,0.000034,0.000004,0.000000,10.000000,7.000000,-114.000000,0.036209,0.096442,0.000001,0.000000,0.000000,0.000000,0.695997,1010.000000,149.253723,148.729706,644.672974,551.176208,-0.000013,0.000000,9.991094,6511,0,31,0
63.911430,0.009115,-0.326817,-1.063763,0.000002,0.000009,0.009284,-0.000039,0.000334,-0.008266,0.000034,0.000004,0.000000,10.000000,8.000000,-102.000000,0.036228,0.096442,0.000001,0.000000,0.000000,0.000000,0.695997,1108.000000,149.253723,148.729706,644.672974,551.176208,-0.000013,0.000000,9.991186,6511,0,31,0
63.913387,0.009115,-0.326817,-1.063744,0.000002,0.000010,0.009267,-0.000037,0.000329,-0.008328,0.000033,0.000004,0.000000,10.000000,8.000000,-102.000000,0.036246,0.204030,0.000001,0.000000,0.000000,0.067000,0.675335,1108.000000,179.104477,181.546921,445.533630,520.508118,-0.000013,0.000000,9.991280,6511,0,31,0
63.915340,0.009115,-0.326817,-1.063726,0.000002,0.000011,0.009250,-0.000034,0.000325,-0.008384,0.000033,0.000003,0.000000,10.000000,8.000000,-102.000000,0.036265,0.204030,0.000001,0.000000,0.000000,0.000000,0.675335,1108.000000,179.104477,181.546921,445.533630,520.508118,-0.000013,0.000000,9.991372,6511,0,32,0
63.917294,0.009115,-0.326817,-1.063707,0.000002,0.000011,0.009234,-0.000030,0.000320,-0.008435,0.000032,0.000003,0.000000,10.000000,8.000000,-102.000000,0.036283,0.204030,0.000001,0.000000,0.000000,0.000000,0.675335,1108.000000,179.104477,181.546921,445.533630,520.508118,-0.000013,0.000000,9.991463,6511,0,32,0
63.919247,0.009115,-0.326817,-1.063689,0.000002,0.000012,0.009217,-0.000027,0.000315,-0.008481,0.000032,0.000003,0.000000,10.000000,8.000000,-102.000000,0.036302,0.204030,0.000001,0.000000,0.000000,0.000000,0.675335,1108.000000,179.104477,181.546921,445.533630,520.508118,-0.000013,0.000000,9.991555,6511,0,32,0
63.921204,0.009115,-0.326817,-1.063671,0.000002,0.000013,0.009200,-0.000023,0.000310,-0.008523,0.000031,0.000002,0.000000,10.000000,8.000000,-102.000000,0.036320,0.204030,0.000001,0.000000,0.000000,0.000000,0.675335,1108.000000,179.104477,181.546921,445.533630,520.508118,-0.000013,0.000000,9.991648,6511,0,32,0
63.923157,0.009115,-0.326817,-1.063652,0.000002,0.000013,0.009183,-0.000018,0.000305,-0.008561,0.000031,0.000002,0.000000,10.000000,8.000000,-102.000000,0.036339,0.204030,0.000001,0.000000,0.000000,0.000000,0.675335,1108.000000,179.104477,181.546921,445.533630,520.508118,-0.000013,0.000000,9.991739,6512,0,32,0
63.925110,0.009115,-0.326817,-1.063634,0.000002,0.000014,0.009165,-0.000014,0.000300,-0.008700,0.000030,0.000001,0.000000,10.000000,8.000000,-102.000000,0.036357,0.204030,0.000001,0.000000,0.000000,0.000000,0.675335,1108.000000,179.104477,181.546921,445.533630,520.508118,-0.000013,0.000000,9.991832,6512,0,32,0
63.927063,0.009115,-0.326817,-1.063616,0.000002,0.000014,0.009148,-0.000009,0.000294,-0.008860,0.000030,0.000001,0.000000,10.000000,8.000000,-102.000000,0.036375,0.204030,0.000001,0.000000,0.000000,0.000000,0.675335,1108.000000,179.104477,181.546921,445.533630,520.508118,-0.000013,0.000000,9.991923,6512,0,32,0
63.929016,0.009115,-0.326817,-1.063597,0.000002,0.000015,0.009130,-0.000005,0.000289,-0.009006,0.000029,0.000000,0.000000,10.000000,8.000000,-102.000000,0.036394,0.204030,0.000001,0.000000,0.000000,0.000000,0.675335,1108.000000,179.104477,181.546921,445.533630,520.508118,-0.000013,0.000000,9.992014,6512,0,32,0
63.930973,0.009115,-0.326817,-1.063579,0.000002,0.000016,0.009111,-0.000001,0.000284,-0.009139,0.000029,-0.000000,0.000000,10.000000,8.000000,-102.000000,0.036412,0.204030,0.000001,0.000000,0.000000,0.000000,0.675335,1108.000000,179.104477,181.546921,445.533630,520.508118,-0.000013,0.000000,9.992105,6512,0,32,0
63.932926,0.009115,-0.326817,-1.063561,0.000002,0.000016,0.009093,0.000003,0.000279,-0.009260,0.000028,-0.000001,0.000000,10.000000,8.000000,-102.000000,0.036430,0.204030,0.000001,0.000000,0.000000,0.000000,0.675335,1108.000000,179.104477,181.546921,445.533630,520.508118,-0.000013,0.000000,9.992197,6512,0,32,0
63.934879,0.009115,-0.326817,-1.063543,0.000002,0.000017,0.009074,0.000007,0.000273,-0.009369,0.000028,-0.000001,0.000000,10.000000,8.000000,-102.000000,0.036448,0.204030,0.000001,0.000000,0.000000,0.000000,0.675335,1108.000000,179.104477,181.546921,445.533630,520.508118,-0.000013,0.000000,9.992288,6512,0,32,0
63.936832,0.009115,-0.326817,-1.063525,0.000002,0.000017,0.009055,0.000011,0.000268,-0.009468,0.000027,-0.000001,-0.000000,10.000000,8.000000,-102.000000,0.036466,0.204030,0.000001,0.000000,0.000000,0.000000,0.675335,1108.000000,179.104477,181.546921,445.533630,520.508118,-0.000013,0.000000,9.992378,6512,0,32,0
63.938789,0.009115,-0.326817,-1.063506,0.000002,0.000018,0.009036,0.000015,0.000263,-0.009557,0.000026,-0.000002,-0.000000,10.000000,8.000000,-102.000000,0.036484,0.204030,0.000001,0.000000,0.000000,0.000000,0.675335,1108.000000,179.104477,181.546921,445.533630,520.508118,-0.000013,0.000000,9.992468,6512,0,32,0
63.940742,0.009115,-0.326817,-1.063488,0.000002,0.000018,0.009017,0.000018,0.000257,-0.009638,0.000026,-0.000002,-0.000000,10.000000,8.000000,-102.000000,0.036503,0.204030,0.000001,0.000000,0.000000,0.000000,0.675335,1108.000000,179.104477,181.546921,445.533630,520.508118,-0.000013,0.000000,9.992558,6512,0,32,0
63.942696,0.009115,-0.326817,-1.063470,0.000002,0.000019,0.008998,0.000020,0.000252,-0.009712,0.000025,-0.000002,-0.000000,10.000000,8.000000,-102.000000,0.036521,0.204030,0.000001,0.000000,0.000000,0.000000,0.675335,1108.000000,179.104477,181.546921,445.533630,520.508118,-0.000013,0.000000,9.992648,6512,0,32,0
63.944649,0.009115,-0.326817,-1.063452,0.000002,0.000019,0.008978,0.000023,0.000246,-0.009779,0.000025,-0.000002,-0.000000,10.000000,8.000000,-102.000000,0.036539,0.204030,0.000001,0.000000,0.000000,0.000000,0.675335,1108.000000,179.104477,181.546921,445.533630,520.508118,-0.000013,0.000000,9.992738,6512,0,32,0
63.946606,0.009115,-0.326817,-1.063434,0.000002,0.000020,0.008959,0.000025,0.000241,-0.009840,0.000024,-0.000003,-0.000000,10.000000,8.000000,-102.000000,0.036556,0.204030,0.000001,0.000000,0.000000,0.000000,0.675335,1108.000000,179.104477,181.546921,445.533630,520.508118,-0.000013,0.000000,9.992827,6512,0,32,0
63.948559,0.009115,-0.326816,-1.063417,0.000002,0.000020,0.008939,0.000026,0.000235,-0.009895,0.000024,-0.000003,-0.000000,10.000000,8.000000,-102.000000,0.036574,0.204030,0.000001,0.000000,0.000000,0.000000,0.675335,1108.000000,179.104477,181.546921,445.533630,520.508118,-0.000013,0.000000,9.992918,6512,0,32,0
63.950512,0.009115,-0.326816,-1.063399,0.000002,0.000021,0.008919,0.000027,0.000230,-0.009944,0.000023,-0.000003,-0.000000,10.000000,8.000000,-102.000000,0.036592,0.204030,0.000001,0.000000,0.000000,0.000000,0.675335,1108.000000,179.104477,181.546921,445.533630,520.508118,-0.000013,0.000000,9.993007,6512,0,32,0
63.952465,0.009115,-0.326816,-1.063381,0.000002,0.000021,0.008899,0.000028,0.000224,-0.009989,0.000023,-0.000003,-0.000000,10.000000,8.000000,-102.000000,0.036610,0.204030,0.000001,0.000000,0.000000,0.000000,0.675335,1108.000000,179.104477,181.546921,445.533630,520.508118,-0.000013,0.000000,9.993096,6512,0,32,0
63.954418,0.009115,-0.326816,-1.063363,0.000002,0.000022,0.008879,0.000028,0.000219,-0.010030,0.000022,-0.000003,-0.000000,10.000000,8.000000,-102.000000,0.036628,0.204030,0.000001,0.000000,0.000000,0.000000,0.675335,1108.000000,179.104477,181.546921,445.533630,520.508118,-0.000013,0.000000,9.993185,6512,0,32,0
63.956375,0.009115,-0.326816,-1.063346,0.000002,0.000022,0.008859,0.000028,0.000213,-0.010068,0.000021,-0.000003,-0.000000,10.000000,8.000000,-102.000000,0.036646,0.204030,0.000001,0.000000,0.000000,0.000000,0.675335,1108.000000,179.104477,181.546921,445.533630,520.508118,-0.000013,0.000000,9.993273,6513,0,31,0
63.958328,0.009115,-0.326816,-1.063328,0.000002,0.000022,0.008838,0.000027,0.000208,-0.010208,0.000021,-0.000003,-0.000000,10.000000,8.000000,-102.000000,0.036663,0.204030,0.000001,0.000000,0.000000,0.000000,0.675335,1108.000000,179.104477,181.546921,445.533630,520.508118,-0.000013,0.000000,9.993361,6513,0,31,0
63.960281,0.009115,-0.326816,-1.063310,0.000002,0.000023,0.008818,0.000025,0.000202,-0.010369,0.000020,-0.000002,-0.000000,10.000000,8.000000,-102.000000,0.036681,0.204030,0.000001,0.000000,0.000000,0.000000,0.675335,1108.000000,179.104477,181.546921,445.533630,520.508118,-0.000013,0.000000,9.993449,6513,0,31,0
63.962234,0.009115,-0.326816,-1.063293,0.000002,0.000023,0.008797,0.000023,0.000197,-0.010516,0.000020,-0.000002,-0.000000,10.000000,8.000000,-102.000000,0.036699,0.204030,0.000001,0.000000,0.000000,0.000000,0.675335,1108.000000,179.104477,181.546921,445.533630,520.508118,-0.000013,0.000000,9.993538,6513,0,31,0
63.964191,0.009115,-0.326816,-1.063275,0.000002,0.000024,0.008776,0.000021,0.000191,-0.010648,0.000019,-0.000002,-0.000000,10.000000,8.000000,-102.000000,0.036716,0.204030,0.000001,0.000000,0.000000,0.000000,0.675335,1108.000000,179.104477,181.546921,445.533630,520.508118,-0.000013,0.000000,9.993626,6513,0,31,0
63.966145,0.009115,-0.326816,-1.063257,0.000002,0.000024,0.008754,0.000019,0.000185,-0.010769,0.000019,-0.000002,-0.000000,10.000000,8.000000,-102.000000,0.036734,0.204030,0.000001,0.000000,0.000000,0.000000,0.675335,1108.000000,179.104477,181.546921,445.533630,520.508118,-0.000013,0.000000,9.993713,6513,0,31,0
63.968098,0.009115,-0.326816,-1.063240,0.000003,0.000024,0.008732,0.000016,0.000180,-0.010878,0.000018,-0.000002,-0.000000,10.000000,8.000000,-102.000000,0.036751,0.204030,0.000001,0.000000,0.000000,0.000000,0.675335,1108.000000,179.104477,181.546921,445.533630,520.508118,-0.000013,0.000000,9.993801,6513,0,31,0
63.970051,0.009115,-0.326816,-1.063223,0.000003,0.000025,0.008710,0.000014,0.000174,-0.010977,0.000017,-0.000001,-0.000000,10.000000,10.000000,-89.000000,0.036769,0.204030,0.000001,0.000000,0.000000,0.000000,0.675335,1186.000000,179.104477,181.546921,445.533630,520.508118,-0.000013,0.000000,9.993888,6513,0,31,0
63.972008,0.009115,-0.326816,-1.063205,0.000003,0.000025,0.008688,0.000011,0.000169,-0.011068,0.000017,-0.000001,-0.000000,10.000000,10.000000,-89.000000,0.036786,0.261361,0.000001,0.000000,0.000000,0.066000,0.506710,1186.000000,196.969650,204.637604,270.684387,444.486389,-0.000013,0.000000,9.993976,6513,0,31,0
63.973961,0.009115,-0.326816,-1.063188,0.000003,0.000025,0.008666,0.000009,0.000163,-0.011149,0.000016,-0.000001,-0.000000,10.000000,10.000000,-89.000000,0.036803,0.261361,0.000001,0.000000,0.000000,0.000000,0.506710,1186.000000,196.969650,204.637604,270.684387,444.486389,-0.000013,0.000000,9.994061,6513,0,31,0
63.975914,0.009115,-0.326816,-1.063171,0.000003,0.000026,0.008644,0.000006,0.000158,-0.011223,0.000016,-0.000001,-0.000001,10.000000,10.000000,-89.000000,0.036821,0.261361,0.000001,0.000000,0.000000,0.000000,0.506710,1186.000000,196.969650,204.637604,270.684387,444.486389,-0.000013,0.000000,9.994147,6513,0,31,0
63.977867,0.009115,-0.326816,-1.063153,0.000003,0.000026,0.008621,0.000004,0.000152,-0.011290,0.000015,-0.000000,-0.000001,10.000000,10.000000,-89.000000,0.036838,0.261361,0.000001,0.000000,0.000000,0.000000,0.506710,1186.000000,196.969650,204.637604,270.684387,444.486389,-0.000013,0.000000,9.994234,6513,0,31,0
63.979820,0.009115,-0.326816,-1.063136,0.000003,0.000026,0.008599,0.000002,0.000146,-0.011351,0.000015,-0.000000,-0.000001,10.000000,10.000000,-89.000000,0.036855,0.261361,0.000001,0.000000,0.000000,0.000000,0.506710,1186.000000,196.969650,204.637604,270.684387,444.486389,-0.000013,0.000000,9.994320,6513,0,31,0
63.981777,0.009115,-0.326816,-1.063119,0.000003,0.000027,0.008576,0.000000,0.000141,-0.011406,0.000014,0.000000,-0.000001,10.000000,10.000000,-89.000000,0.036873,0.261361,0.000001,0.000000,0.000000,0.000000,0.506710,1186.000000,196.969650,204.637604,270.684387,444.486389,-0.000013,0.000000,9.994406,6513,0,31,0
63.983730,0.009115,-0.326816,-1.063102,0.000003,0.000027,0.008553,-0.000001,0.000135,-0.011456,0.000013,0.000000,-0.000001,10.000000,10.000000,-89.000000,0.036890,0.261361,0.000001,0.000000,0.000000,0.000000,0.506710,1186.000000,196.969650,204.637604,270.684387,444.486389,-0.000013,0.000000,9.994492,6513,0,31,0
63.985683,0.009115,-0.326816,-1.063085,0.000003,0.000027,0.008530,-0.000003,0.000129,-0.011502,0.000013,0.000000,-0.000001,10.000000,10.000000,-89.000000,0.036907,0.261361,0.000001,0.000000,0.000000,0.000000,0.506710,1186.000000,196.969650,204.637604,270.684387,444.486389,-0.000013,0.000000,9.994576,6513,0,31,0
63.987637,0.009115,-0.326816,-1.063068,0.000003,0.000027,0.008507,-0.000004,0.000124,-0.011543,0.000012,0.000000,-0.000001,10.000000,10.000000,-89.000000,0.036924,0.261361,0.000001,0.000000,0.000000,0.000000,0.506710,1186.000000,196.969650,204.637604,270.684387,444.486389,-0.000013,0.000000,9.994662,6513,0,31,0
63.989594,0.009115,-0.326815,-1.063051,0.000003,0.000028,0.008484,-0.000005,0.000118,-0.011580,0.000012,0.000000,-0.000001,10.000000,10.000000,-89.000000,0.036941,0.261361,0.000001,0.000000,0.000000,0.000000,0.506710,1186.000000,196.969650,204.637604,270.684387,444.486389,-0.000013,0.000000,9.994747,6514,0,31,0
63.991547,0.009115,-0.326815,-1.063034,0.000003,0.000028,0.008460,-0.000005,0.000113,-0.011720,0.000011,0.000001,-0.000001,10.000000,10.000000,-89.000000,0.036958,0.261361,0.000001,0.000000,0.000000,0.000000,0.506710,1186.000000,196.969650,204.637604,270.684387,444.486389,-0.000013,0.000000,9.994831,6514,0,31,0
63.993500,0.009115,-0.326815,-1.063017,0.000003,0.000028,0.008437,-0.000005,0.000107,-0.011881,0.000011,0.000001,-0.000001,10.000000,10.000000,-89.000000,0.036975,0.261361,0.000001,0.000000,0.000000,0.000000,0.506710,1186.000000,196.969650,204.637604,270.684387,444.486389,-0.000013,0.000000,9.994916,6514,0,31,0
63.995453,0.009115,-0.326815,-1.063000,0.000003,0.000028,0.008413,-0.000005,0.000101,-0.012027,0.000010,0.000000,-0.000001,10.000000,10.000000,-89.000000,0.036992,0.261361,0.000001,0.000000,0.000000,0.000000,0.506710,1186.000000,196.969650,204.637604,270.684387,444.486389,-0.000013,0.000000,9.995001,6514,0,31,0
63.997410,0.009115,-0.326815,-1.062983,0.000003,0.000028,0.008388,-0.000004,0.000096,-0.012160,0.000009,0.000000,-0.000001,10.000000,10.000000,-89.000000,0.037008,0.261361,0.000001,0.000000,0.000000,0.000000,0.506710,1186.000000,196.969650,204.637604,270.684387,444.486389,-0.000013,0.000000,9.995085,6514,0,31,0
63.999363,0.009115,-0.326815,-1.062967,0.000003,0.000029,0.008364,-0.000003,0.000090,-0.012280,0.000009,0.000000,-0.000001,10.000000,10.000000,-89.000000,0.037025,0.261361,0.000001,0.000000,0.000000,0.000000,0.506710,1186.000000,196.969650,204.637604,270.684387,444.486389,-0.000013,0.000000,9.995168,6514,0,31,0
64.001312,0.009115,-0.326815,-1.062950,0.000003,0.000029,0.008339,-0.000001,0.000084,-0.012389,0.000008,0.000000,-0.000001,10.000000,10.000000,-89.000000,0.037042,0.261361,0.000001,0.000000,0.000000,0.000000,0.506710,1186.000000,196.969650,204.637604,270.684387,444.486389,-0.000013,0.000000,9.995252,6514,0,32,0
64.003273,0.009115,-0.326815,-1.062933,0.000003,0.000029,0.008314,0.000001,0.000079,-0.012487,0.000008,-0.000000,-0.000001,10.000000,10.000000,-89.000000,0.037058,0.261361,0.000001,0.000000,0.000000,0.000000,0.506710,1186.000000,196.969650,204.637604,270.684387,444.486389,-0.000013,0.000000,9.995335,6514,0,32,0
64.005226,0.009115,-0.326815,-1.062917,0.000003,0.000029,0.008289,0.000003,0.000073,-0.012575,0.000007,-0.000000,-0.000001,10.000000,10.000000,-89.000000,0.037075,0.261361,0.000001,0.000000,0.000000,0.000000,0.506710,1186.000000,196.969650,204.637604,270.684387,444.486389,-0.000013,0.000000,9.995419,6514,0,32,0
64.007179,0.009115,-0.326815,-1.062900,0.000003,0.000029,0.008264,0.000006,0.000068,-0.012655,0.000007,-0.000001,-0.000001,10.000000,10.000000,-89.000000,0.037092,0.261361,0.000001,0.000000,0.000000,0.000000,0.506710,1186.000000,196.969650,204.637604,270.684387,444.486389,-0.000013,0.000000,9.995500,6514,0,32,0
64.009132,0.009115,-0.326815,-1.062884,0.000003,0.000029,0.008238,0.000009,0.000062,-0.012728,0.000006,-0.000001,-0.000001,10.000000,10.000000,-89.000000,0.037108,0.261361,0.000001,0.000000,0.000000,0.000000,0.506710,1186.000000,196.969650,204.637604,270.684387,444.486389,-0.000013,0.000000,9.995583,6514,0,32,0
64.011086,0.009115,-0.326815,-1.062867,0.000003,0.000030,0.008213,0.000012,0.000056,-0.012795,0.000005,-0.000001,-0.000001,10.000000,10.000000,-89.000000,0.037125,0.261361,0.000001,0.000000,0.000000,0.000000,0.506710,1186.000000,196.969650,204.637604,270.684387,444.486389,-0.000013,0.000000,9.995665,6514,0,32,0
64.013039,0.009115,-0.326815,-1.062851,0.000003,0.000030,0.008187,0.000015,0.000051,-0.012855,0.000005,-0.000002,-0.000001,10.000000,10.000000,-89.000000,0.037141,0.261361,0.000001,0.000000,0.000000,0.000000,0.506710,1186.000000,196.969650,204.637604,270.684387,444.486389,-0.000013,0.000000,9.995747,6514,0,32,0
64.014992,0.009115,-0.326815,-1.062834,0.000003,0.000030,0.008161,0.000018,0.000045,-0.012910,0.000004,-0.000002,-0.000001,10.000000,10.000000,-89.000000,0.037157,0.261361,0.000001,0.000000,0.000000,0.000000,0.506710,1186.000000,196.969650,204.637604,270.684387,444.486389,-0.000013,0.000000,9.995829,6514,0,32,0
64.016945,0.009115,-0.326815,-1.062818,0.000003,0.000030,0.008136,0.000021,0.000039,-0.012960,0.000004,-0.000002,-0.000001,10.000000,10.000000,-89.000000,0.037174,0.261361,0.000001,0.000000,0.000000,0.000000,0.506710,1186.000000,196.969650,204.637604,270.684387,444.486389,-0.000013,0.000000,9.995910,6514,0,32,0
64.018906,0.009115,-0.326815,-1.062802,0.000003,0.000030,0.008110,0.000023,0.000034,-0.013005,0.000003,-0.000003,-0.000001,10.000000,10.000000,-89.000000,0.037190,0.261361,0.000001,0.000000,0.000000,0.000000,0.506710,1186.000000,196.969650,204.637604,270.684387,444.486389,-0.000013,0.000000,9.995992,6514,0,32,0
64.020859,0.009115,-0.326815,-1.062786,0.000003,0.000030,0.008083,0.000026,0.000028,-0.013045,0.000003,-0.000003,-0.000001,10.000000,10.000000,-89.000000,0.037206,0.261361,0.000001,0.000000,0.000000,0.000000,0.506710,1186.000000,196.969650,204.637604,270.684387,444.486389,-0.000013,0.000000,9.996071,6514,0,32,0
64.022812,0.009115,-0.326814,-1.062770,0.000003,0.000030,0.008057,0.000028,0.000022,-0.013082,0.000002,-0.000003,-0.000001,10.000000,10.000000,-89.000000,0.037222,0.261361,0.000001,0.000000,0.000000,0.000000,0.506710,1186.000000,196.969650,204.637604,270.684387,444.486389,-0.000013,0.000000,9.996153,6514,0,32,0
64.024765,0.009115,-0.326814,-1.062754,0.000003,0.000030,0.008031,0.000030,0.000017,-0.013116,0.000001,-0.000003,-0.000001,10.000000,10.000000,-89.000000,0.037238,0.261361,0.000001,0.000000,0.000000,0.000000,0.506710,1186.000000,196.969650,204.637604,270.684387,444.486389,-0.000013,0.000000,9.996233,6514,0,32,0
64.026718,0.009115,-0.326814,-1.062737,0.000003,0.000030,0.008005,0.000032,0.000011,-0.013146,0.000001,-0.000003,-0.000001,10.000000,10.000000,-89.000000,0.037255,0.261361,0.000001,0.000000,0.000000,0.000000,0.506710,1186.000000,196.969650,204.637604,270.684387,444.486389,-0.000013,0.000000,9.996313,6515,0,32,0
64.028671,0.009115,-0.326814,-1.062721,0.000003,0.000030,0.007978,0.000033,0.000005,-0.013280,0.000000,-0.000003,-0.000001,10.000000,11.000000,-75.000000,0.037271,0.261361,0.000001,0.000000,0.000000,0.000000,0.506710,1280.000000,196.969650,204.637604,270.684387,444.486389,-0.000013,0.000000,9.996393,6515,0,32,0
64.030624,0.009115,-0.326814,-1.062706,0.000003,0.000030,0.007952,0.000034,-0.000000,-0.013436,-0.000000,-0.000003,-0.000001,10.000000,11.000000,-75.000000,0.037286,0.320714,0.000001,0.000000,0.000000,0.067000,0.558490,1280.000000,208.955215,219.963440,178.889023,358.039154,-0.000013,0.000000,9.996472,6515,0,32,0
64.032578,0.009115,-0.326814,-1.062690,0.000003,0.000030,0.007924,0.000034,-0.000006,-0.013577,-0.000001,-0.000004,-0.000001,10.000000,11.000000,-75.000000,0.037302,0.320714,0.000001,0.000000,0.000000,0.000000,0.558490,1280.000000,208.955215,219.963440,178.889023,358.039154,-0.000013,0.000000,9.996552,6515,0,32,0
64.034531,0.009115,-0.326814,-1.062674,0.000003,0.000030,0.007897,0.000034,-0.000011,-0.013704,-0.000001,-0.000003,-0.000001,10.000000,11.000000,-75.000000,0.037318,0.320714,0.000001,0.000000,0.000000,0.000000,0.558490,1280.000000,208.955215,219.963440,178.889023,358.039154,-0.000013,0.000000,9.996631,6515,0,32,0
64.036491,0.009115,-0.326814,-1.062658,0.000003,0.000030,0.007870,0.000034,-0.000017,-0.013820,-0.000002,-0.000003,-0.000001,10.000000,11.000000,-75.000000,0.037334,0.320714,0.000001,0.000000,0.000000,0.000000,0.558490,1280.000000,208.955215,219.963440,178.889023,358.039154,-0.000013,0.000000,9.996709,6515,0,32,0
64.038445,0.009115,-0.326814,-1.062642,0.000003,0.000030,0.007842,0.000033,-0.000023,-0.013926,-0.000003,-0.000003,-0.000001,10.000000,11.000000,-75.000000,0.037350,0.320714,0.000001,0.000000,0.000000,0.000000,0.558490,1280.000000,208.955215,219.963440,178.889023,358.039154,-0.000013,0.000000,9.996788,6515,0,31,0
64.040398,0.009115,-0.326814,-1.062627,0.000003,0.000030,0.007814,0.000032,-0.000028,-0.014022,-0.000003,-0.000003,-0.000001,10.000000,11.000000,-75.000000,0.037365,0.320714,0.000001,0.000000,0.000000,0.000000,0.558490,1280.000000,208.955215,219.963440,178.889023,358.039154,-0.000013,0.000000,9.996866,6515,0,31,0
64.042351,0.009115,-0.326814,-1.062611,0.000003,0.000030,0.007786,0.000030,-0.000034,-0.014110,-0.000004,-0.000003,-0.000001,10.000000,11.000000,-75.000000,0.037381,0.320714,0.000001,0.000000,0.000000,0.000000,0.558490,1280.000000,208.955215,219.963440,178.889023,358.039154,-0.000013,0.000000,9.996944,6515,0,31,0
64.044304,0.009115,-0.326814,-1.062596,0.000004,0.000030,0.007757,0.000028,-0.000040,-0.014189,-0.000004,-0.000003,-0.000001,10.000000,11.000000,-75.000000,0.037397,0.320714,0.000001,0.000000,0.000000,0.000000,0.558490,1280.000000,208.955215,219.963440,178.889023,358.039154,-0.000013,0.000000,9.997023,6515,0,31,0
64.046257,0.009115,-0.326814,-1.062580,0.000004,0.000030,0.007729,0.000025,-0.000045,-0.014260,-0.000005,-0.000002,-0.000001,10.000000,11.000000,-75.000000,0.037412,0.320714,0.000001,0.000000,0.000000,0.000000,0.558490,1280.000000,208.955215,219.963440,178.889023,358.039154,-0.000013,0.000000,9.997100,6515,0,31,0
64.048210,0.009115,-0.326814,-1.062565,0.000004,0.000030,0.007700,0.000023,-0.000051,-0.014325,-0.000005,-0.000002,-0.000001,10.000000,11.000000,-75.000000,0.037427,0.320714,0.000001,0.000000,0.000000,0.000000,0.558490,1280.000000,208.955215,219.963440,178.889023,358.039154,-0.000013,0.000000,9.997175,6515,0,31,0
64.050163,0.009115,-0.326814,-1.062549,0.000004,0.000029,0.007671,0.000020,-0.000057,-0.014385,-0.000006,-0.000002,-0.000001,10.000000,11.000000,-75.000000,0.037443,0.320714,0.000001,0.000000,0.000000,0.000000,0.558490,1280.000000,208.955215,219.963440,178.889023,358.039154,-0.000013,0.000000,9.997252,6515,0,31,0
64.052116,0.009115,-0.326814,-1.062534,0.000004,0.000029,0.007643,0.000017,-0.000062,-0.014438,-0.000007,-0.000002,-0.000002,10.000000,11.000000,-75.000000,0.037458,0.320714,0.000001,0.000000,0.000000,0.000000,0.558490,1280.000000,208.955215,219.963440,178.889023,358.039154,-0.000013,0.000000,9.997330,6515,0,31,0
64.054077,0.009115,-0.326814,-1.062519,0.000004,0.000029,0.007614,0.000014,-0.000068,-0.014487,-0.000007,-0.000001,-0.000002,10.000000,11.000000,-75.000000,0.037473,0.320714,0.000001,0.000000,0.000000,0.000000,0.558490,1280.000000,208.955215,219.963440,178.889023,358.039154,-0.000013,0.000000,9.997406,6515,0,31,0
64.056030,0.009115,-0.326813,-1.062504,0.000004,0.000029,0.007585,0.000012,-0.000073,-0.014531,-0.000008,-0.000001,-0.000002,10.000000,11.000000,-75.000000,0.037489,0.320714,0.000001,0.000000,0.000000,0.000000,0.558490,1280.000000,208.955215,219.963440,178.889023,358.039154,-0.000013,0.000000,9.997482,6515,0,31,0
64.057983,0.009115,-0.326813,-1.062489,0.000004,0.000029,0.007555,0.000009,-0.000079,-0.014571,-0.000008,-0.000001,-0.000002,10.000000,11.000000,-75.000000,0.037504,0.320714,0.000001,0.000000,0.000000,0.000000,0.558490,1280.000000,208.955215,219.963440,178.889023,358.039154,-0.000013,0.000000,9.997558,6515,0,31,0
64.059937,0.009115,-0.326813,-1.062474,0.000004,0.000029,0.007526,0.000007,-0.000085,-0.014608,-0.000009,-0.000001,-0.000002,10.000000,11.000000,-75.000000,0.037519,0.320714,0.000001,0.000000,0.000000,0.000000,0.558490,1280.000000,208.955215,219.963440,178.889023,358.039154,-0.000013,0.000000,9.997633,6515,0,31,0
64.061890,0.009115,-0.326813,-1.062459,0.000004,0.000029,0.007497,0.000004,-0.000090,-0.014640,-0.000009,-0.000000,-0.000002,10.000000,11.000000,-75.000000,0.037534,0.320714,0.000001,0.000000,0.000000,0.000000,0.558490,1280.000000,208.955215,219.963440,178.889023,358.039154,-0.000013,0.000000,9.997707,6515,0,31,0
64.063843,0.009115,-0.326813,-1.062444,0.000004,0.000028,0.007468,0.000002,-0.000096,-0.014669,-0.000010,-0.000000,-0.000002,10.000000,11.000000,-75.000000,0.037549,0.320714,0.000001,0.000000,0.000000,0.000000,0.558490,1280.000000,208.955215,219.963440,178.889023,358.039154,-0.000013,0.000000,9.997782,6515,0,31,0
64.065796,0.009115,-0.326813,-1.062429,0.000004,0.000028,0.007438,0.000001,-0.000102,-0.014696,-0.000011,0.000000,-0.000002,10.000000,11.000000,-75.000000,0.037564,0.320714,0.000001,0.000000,0.000000,0.000000,0.558490,1280.000000,208.955215,219.963440,178.889023,358.039154,-0.000013,0.000000,9.997857,6516,0,31,0
64.067749,0.009115,-0.326813,-1.062414,0.000004,0.000028,0.007409,-0.000001,-0.000107,-0.014827,-0.000011,0.000000,-0.000002,10.000000,11.000000,-75.000000,0.037579,0.320714,0.000001,0.000000,0.000000,0.000000,0.558490,1280.000000,208.955215,219.963440,178.889023,358.039154,-0.000013,0.000000,9.997931,6516,0,31,0
64.069710,0.009115,-0.326813,-1.062399,0.000004,0.000028,0.007379,-0.000002,-0.000113,-0.014979,-0.000012,0.000000,-0.000002,10.000000,11.000000,-75.000000,0.037593,0.320714,0.000001,0.000000,0.000000,0.000000,0.558490,1280.000000,208.955215,219.963440,178.889023,358.039154,-0.000013,0.000000,9.998005,6516,0,31,0
64.071663,0.009115,-0.326813,-1.062384,0.000004,0.000027,0.007349,-0.000003,-0.000119,-0.015118,-0.000012,0.000000,-0.000002,10.000000,11.000000,-75.000000,0.037608,0.320714,0.000001,0.000000,0.000000,0.000000,0.558490,1280.000000,208.955215,219.963440,178.889023,358.039154,-0.000013,0.000000,9.998079,6516,0,31,0
64.073616,0.009115,-0.326813,-1.062370,0.000004,0.000027,0.007318,-0.000003,-0.000124,-0.015244,-0.000013,0.000000,-0.000002,10.000000,11.000000,-75.000000,0.037623,0.320714,0.000001,0.000000,0.000000,0.000000,0.558490,1280.000000,208.955215,219.963440,178.889023,358.039154,-0.000013,0.000000,9.998152,6516,0,31,0
64.075569,0.009115,-0.326813,-1.062355,0.000004,0.000027,0.007288,-0.000003,-0.000130,-0.015357,-0.000014,0.000000,-0.000002,10.000000,11.000000,-75.000000,0.037638,0.320714,0.000001,0.000000,0.000000,0.000000,0.558490,1280.000000,208.955215,219.963440,178.889023,358.039154,-0.000013,0.000000,9.998224,6516,0,31,0
64.077522,0.009115,-0.326813,-1.062341,0.000004,0.000027,0.007257,-0.000003,-0.000136,-0.015460,-0.000014,0.000000,-0.000002,10.000000,11.000000,-75.000000,0.037652,0.320714,0.000001,0.000000,0.000000,0.000000,0.558490,1280.000000,208.955215,219.963440,178.889023,358.039154,-0.000013,0.000000,9.998298,6516,0,31,0
64.079475,0.009115,-0.326813,-1.062326,0.000004,0.000026,0.007226,-0.000002,-0.000141,-0.015554,-0.000015,0.000000,-0.000002,10.000000,11.000000,-75.000000,0.037667,0.320714,0.000001,0.000000,0.000000,0.000000,0.558490,1280.000000,208.955215,219.963440,178.889023,358.039154,-0.000013,0.000000,9.998370,6516,0,31,0
64.081429,0.009115,-0.326813,-1.062312,0.000004,0.000026,0.007194,-0.000001,-0.000147,-0.015639,-0.000015,0.000000,-0.000002,10.000000,11.000000,-75.000000,0.037681,0.320714,0.000001,0.000000,0.000000,0.000000,0.558490,1280.000000,208.955215,219.963440,178.889023,358.039154,-0.000013,0.000000,9.998442,6516,0,32,0
64.083382,0.009115,-0.326813,-1.062297,0.000004,0.000026,0.007163,0.000001,-0.000152,-0.015715,-0.000016,-0.000000,-0.000002,10.000000,11.000000,-75.000000,0.037695,0.320714,0.000001,0.000000,0.000000,0.000000,0.558490,1280.000000,208.955215,219.963440,178.889023,358.039154,-0.000013,0.000000,9.998514,6516,0,32,0
64.085335,0.009115,-0.326813,-1.062283,0.000004,0.000026,0.007131,0.000003,-0.000158,-0.015784,-0.000016,-0.000000,-0.000002,10.000000,11.000000,-75.000000,0.037710,0.320714,0.000001,0.000000,0.000000,0.000000,0.558490,1280.000000,208.955215,219.963440,178.889023,358.039154,-0.000013,0.000000,9.998584,6516,0,32,0
64.087296,0.009115,-0.326813,-1.062269,0.000004,0.000025,0.007100,0.000005,-0.000164,-0.015847,-0.000017,-0.000001,-0.000002,10.000000,11.000000,-75.000000,0.037724,0.320714,0.000001,0.000000,0.000000,0.000000,0.558490,1280.000000,208.955215,219.963440,178.889023,358.039154,-0.000013,0.000000,9.998656,6516,0,32,0
64.089249,0.009115,-0.326813,-1.062255,0.000004,0.000025,0.007068,0.000007,-0.000169,-0.015905,-0.000018,-0.000001,-0.000002,10.000000,11.000000,-75.000000,0.037738,0.320714,0.000001,0.000000,0.000000,0.000000,0.558490,1280.000000,208.955215,219.963440,178.889023,358.039154,-0.000013,0.000000,9.998727,6516,0,32,0
64.091202,0.009115,-0.326812,-1.062241,0.000004,0.000025,0.007036,0.000010,-0.000175,-0.015956,-0.000018,-0.000001,-0.000002,10.000000,11.000000,-75.000000,0.037752,0.320714,0.000001,0.000000,0.000000,0.000000,0.558490,1280.000000,208.955215,219.963440,178.889023,358.039154,-0.000013,0.000000,9.998797,6516,0,32,0
64.093155,0.009115,-0.326812,-1.062227,0.000004,0.000024,0.007004,0.000012,-0.000181,-0.016003,-0.000019,-0.000001,-0.000002,10.000000,11.000000,-75.000000,0.037766,0.320714,0.000001,0.000000,0.000000,0.000000,0.558490,1280.000000,208.955215,219.963440,178.889023,358.039154,-0.000013,0.000000,9.998867,6516,0,32,0
64.095108,0.009115,-0.326812,-1.062213,0.000004,0.000024,0.006972,0.000015,-0.000186,-0.016045,-0.000019,-0.000002,-0.000002,10.000000,11.000000,-75.000000,0.037780,0.320714,0.000001,0.000000,0.000000,0.000000,0.558490,1280.000000,208.955215,219.963440,178.889023,358.039154,-0.000013,0.000000,9.998937,6516,0,32,0
64.097061,0.009115,-0.326812,-1.062199,0.000004,0.000023,0.006940,0.000017,-0.000192,-0.016084,-0.000020,-0.000002,-0.000002,10.000000,11.000000,-75.000000,0.037794,0.320714,0.000001,0.000000,0.000000,0.000000,0.558490,1280.000000,208.955215,219.963440,178.889023,358.039154,-0.000013,0.000000,9.999006,6516,0,32,0
64.099014,0.009115,-0.326812,-1.062185,0.000004,0.000023,0.006908,0.000020,-0.000198,-0.016119,-0.000020,-0.000002,-0.000002,10.000000,11.000000,-75.000000,0.037808,0.320714,0.000001,0.000000,0.000000,0.000000,0.558490,1280.000000,208.955215,219.963440,178.889023,358.039154,-0.000013,0.000000,9.999076,6516,0,32,0
64.100967,0.009115,-0.326812,-1.062171,0.000004,0.000023,0.006875,0.000022,-0.000203,-0.016151,-0.000021,-0.000002,-0.000002,10.000000,11.000000,-75.000000,0.037822,0.320714,0.000001,0.000000,0.000000,0.000000,0.558490,1280.000000,208.955215,219.963440,178.889023,358.039154,-0.000013,0.000000,9.999145,6516,0,32,0
64.102921,0.009115,-0.326812,-1.062158,0.000004,0.000022,0.006843,0.000024,-0.000209,-0.016179,-0.000022,-0.000002,-0.000002,10.000000,11.000000,-75.000000,0.037836,0.320714,0.000001,0.000000,0.000000,0.000000,0.558490,1280.000000,208.955215,219.963440,178.889023,358.039154,-0.000013,0.000000,9.999213,6516,0,32,0
64.104881,0.009115,-0.326812,-1.062144,0.000004,0.000022,0.006811,0.000025,-0.000214,-0.016205,-0.000022,-0.000003,-0.000002,10.000000,11.000000,-75.000000,0.037849,0.320714,0.000001,0.000000,0.000000,0.000000,0.558490,1280.000000,208.955215,219.963440,178.889023,358.039154,-0.000013,0.000000,9.999281,6516,0,32,0
64.106834,0.009115,-0.326812,-1.062130,0.000004,0.000021,0.006778,0.000027,-0.000220,-0.016229,-0.000023,-0.000003,-0.000002,10.000000,13.000000,-60.000000,0.037863,0.320714,0.000001,0.000000,0.000000,0.000000,0.558490,1370.000000,208.955215,219.963440,178.889023,358.039154,-0.000013,0.000000,9.999350,6517,0,32,0
64.108788,0.009115,-0.326812,-1.062117,0.000004,0.000021,0.006746,0.000027,-0.000226,-0.016356,-0.000023,-0.000003,-0.000002,10.000000,13.000000,-60.000000,0.037876,0.357471,0.000001,0.000000,0.000000,0.067000,0.498577,1370.000000,223.880692,233.318527,222.768387,306.623230,-0.000013,0.000000,9.999416,6517,0,32,0
64.110741,0.009115,-0.326812,-1.062103,0.000004,0.000020,0.006713,0.000028,-0.000231,-0.016505,-0.000024,-0.000003,-0.000002,10.000000,13.000000,-60.000000,0.037890,0.357471,0.000001,0.000000,0.000000,0.000000,0.498577,1370.000000,223.880692,233.318527,222.768387,306.623230,-0.000013,0.000000,9.999484,6517,0,32,0
64.112694,0.009115,-0.326812,-1.062090,0.000004,0.000020,0.006679,0.000028,-0.000237,-0.016641,-0.000024,-0.000003,-0.000002,10.000000,13.000000,-60.000000,0.037903,0.357471,0.000001,0.000000,0.000000,0.000000,0.498577,1370.000000,223.880692,233.318527,222.768387,306.623230,-0.000013,0.000000,9.999551,6517,0,32,0
64.114647,0.009115,-0.326812,-1.062077,0.000004,0.000019,0.006646,0.000028,-0.000243,-0.016763,-0.000025,-0.000003,-0.000002,10.000000,13.000000,-60.000000,0.037917,0.357471,0.000001,0.000000,0.000000,0.000000,0.498577,1370.000000,223.880692,233.318527,222.768387,306.623230,-0.000013,0.000000,9.999618,6517,0,32,0
64.116600,0.009115,-0.326812,-1.062063,0.000004,0.000019,0.006612,0.000027,-0.000248,-0.016875,-0.000026,-0.000003,-0.000002,10.000000,13.000000,-60.000000,0.037930,0.357471,0.000001,0.000000,0.000000,0.000000,0.498577,1370.000000,223.880692,233.318527,222.768387,306.623230,-0.000013,0.000000,9.999684,6517,0,32,0
64.118553,0.009115,-0.326812,-1.062050,0.000004,0.000018,0.006578,0.000026,-0.000254,-0.016976,-0.000026,-0.000003,-0.000002,10.000000,13.000000,-60.000000,0.037943,0.357471,0.000001,0.000000,0.000000,0.000000,0.498577,1370.000000,223.880692,233.318527,222.768387,306.623230,-0.000013,0.000000,9.999750,6517,0,31,0
64.120506,0.009115,-0.326812,-1.062037,0.000005,0.000018,0.006544,0.000024,-0.000260,-0.017069,-0.000027,-0.000002,-0.000002,10.000000,13.000000,-60.000000,0.037956,0.357471,0.000001,0.000000,0.000000,0.000000,0.498577,1370.000000,223.880692,233.318527,222.768387,306.623230,-0.000013,0.000000,9.999815,6517,0,31,0
64.122467,0.009115,-0.326812,-1.062024,0.000005,0.000017,0.006510,0.000022,-0.000265,-0.017153,-0.000027,-0.000002,-0.000002,10.000000,13.000000,-60.000000,0.037969,0.357471,0.000001,0.000000,0.000000,0.000000,0.498577,1370.000000,223.880692,233.318527,222.768387,306.623230,-0.000013,0.000000,9.999880,6517,0,31,0
64.124420,0.009115,-0.326812,-1.062011,0.000005,0.000017,0.006476,0.000019,-0.000271,-0.017229,-0.000028,-0.000002,-0.000002,10.000000,13.000000,-60.000000,0.037982,0.357471,0.000001,0.000000,0.000000,0.000000,0.498577,1370.000000,223.880692,233.318527,222.768387,306.623230,-0.000013,0.000000,9.999945,6517,0,31,0
64.126373,0.009115,-0.326812,-1.061998,0.000005,0.000016,0.006441,0.000017,-0.000277,-0.017298,-0.000028,-0.000002,-0.000002,10.000000,13.000000,-60.000000,0.037995,0.357471,0.000001,0.000000,0.000000,0.000000,0.498577,1370.000000,223.880692,233.318527,222.768387,306.623230,-0.000013,0.000000,10.000010,6517,0,31,0
64.128326,0.009115,-0.326812,-1.061985,0.000005,0.000016,0.006406,0.000014,-0.000282,-0.017361,-0.000029,-0.000001,-0.000003,10.000000,13.000000,-60.000000,0.038008,0.357471,0.000001,0.000000,0.000000,0.000000,0.498577,1370.000000,223.880692,233.318527,222.768387,306.623230,-0.000013,0.000000,10.000074,6517,0,31,0
64.130280,0.009115,-0.326812,-1.061973,0.000005,0.000015,0.006372,0.000011,-0.000288,-0.017418,-0.000030,-0.000001,-0.000003,10.000000,13.000000,-60.000000,0.038021,0.357471,0.000001,0.000000,0.000000,0.000000,0.498577,1370.000000,223.880692,233.318527,222.768387,306.623230,-0.000013,0.000000,10.000136,6517,0,31,0
64.132233,0.009115,-0.326812,-1.061960,0.000005,0.000015,0.006337,0.000008,-0.000293,-0.017469,-0.000030,-0.000001,-0.000003,10.000000,13.000000,-60.000000,0.038034,0.357471,0.000001,0.000000,0.000000,0.000000,0.498577,1370.000000,223.880692,233.318527,222.768387,306.623230,-0.000013,0.000000,10.000200,6517,0,31,0
64.134186,0.009115,-0.326812,-1.061947,0.000005,0.000014,0.006302,0.000005,-0.000299,-0.017516,-0.000031,-0.000000,-0.000003,10.000000,13.000000,-60.000000,0.038046,0.357471,0.000001,0.000000,0.000000,0.000000,0.498577,1370.000000,223.880692,233.318527,222.768387,306.623230,-0.000013,0.000000,10.000264,6517,0,31,0
64.136139,0.009115,-0.326812,-1.061935,0.000005,0.000013,0.006266,0.000002,-0.000305,-0.017558,-0.000031,-0.000000,-0.000003,10.000000,13.000000,-60.000000,0.038059,0.357471,0.000001,0.000000,0.000000,0.000000,0.498577,1370.000000,223.880692,233.318527,222.768387,306.623230,-0.000013,0.000000,10.000327,6517,0,31,0
64.138100,0.009115,-0.326812,-1.061922,0.000005,0.000013,0.006231,-0.000001,-0.000310,-0.017596,-0.000032,0.000000,-0.000003,10.000000,13.000000,-60.000000,0.038072,0.357471,0.000001,0.000000,0.000000,0.000000,0.498577,1370.000000,223.880692,233.318527,222.768387,306.623230,-0.000013,0.000000,10.000389,6517,0,31,0
64.140053,0.009115,-0.326812,-1.061910,0.000005,0.000012,0.006196,-0.000004,-0.000316,-0.017632,-0.000032,0.000001,-0.000003,10.000000,13.000000,-60.000000,0.038084,0.357471,0.000001,0.000000,0.000000,0.000000,0.498577,1370.000000,223.880692,233.318527,222.768387,306.623230,-0.000013,0.000000,10.000451,6517,0,31,0
64.142006,0.009115,-0.326812,-1.061898,0.000005,0.000012,0.006161,-0.000006,-0.000322,-0.017663,-0.000033,0.000001,-0.000003,10.000000,13.000000,-60.000000,0.038096,0.357471,0.000001,0.000000,0.000000,0.000000,0.498577,1370.000000,223.880692,233.318527,222.768387,306.623230,-0.000013,0.000000,10.000512,6517,0,31,0
64.143959,0.009115,-0.326811,-1.061885,0.000005,0.000011,0.006125,-0.000009,-0.000327,-0.017692,-0.000034,0.000001,-0.000003,10.000000,13.000000,-60.000000,0.038109,0.357471,0.000001,0.000000,0.000000,0.000000,0.498577,1370.000000,223.880692,233.318527,222.768387,306.623230,-0.000013,0.000000,10.000574,6517,0,31,0
64.145912,0.009115,-0.326811,-1.061873,0.000005,0.000010,0.006090,-0.000011,-0.000333,-0.017718,-0.000034,0.000001,-0.000003,10.000000,13.000000,-60.000000,0.038121,0.357471,0.000001,0.000000,0.000000,0.000000,0.498577,1370.000000,223.880692,233.318527,222.768387,306.623230,-0.000013,0.000000,10.000635,6517,0,31,0
64.147865,0.009115,-0.326811,-1.061861,0.000005,0.000010,0.006054,-0.000012,-0.000339,-0.017742,-0.000035,0.000001,-0.000003,10.000000,13.000000,-60.000000,0.038133,0.357471,0.000001,0.000000,0.000000,0.000000,0.498577,1370.000000,223.880692,233.318527,222.768387,306.623230,-0.000013,0.000000,10.000696,6517,0,31,0
64.149818,0.009115,-0.326811,-1.061849,0.000005,0.000009,0.006019,-0.000014,-0.000344,-0.017764,-0.000035,0.000001,-0.000003,10.000000,13.000000,-60.000000,0.038145,0.357471,0.000001,0.000000,0.000000,0.000000,0.498577,1370.000000,223.880692,233.318527,222.768387,306.623230,-0.000013,0.000000,10.000756,6517,0,31,0
64.151772,0.009115,-0.326811,-1.061837,0.000005,0.000008,0.005983,-0.000015,-0.000350,-0.017783,-0.000036,0.000002,-0.000003,10.000000,13.000000,-60.000000,0.038157,0.357471,0.000001,0.000000,0.000000,0.000000,0.498577,1370.000000,223.880692,233.318527,222.768387,306.623230,-0.000013,0.000000,10.000815,6517,0,31,0
64.153725,0.009115,-0.326811,-1.061825,0.000005,0.000007,0.005948,-0.000015,-0.000356,-0.017801,-0.000037,0.000002,-0.000003,10.000000,13.000000,-60.000000,0.038169,0.357471,0.000001,0.000000,0.000000,0.000000,0.498577,1370.000000,223.880692,233.318527,222.768387,306.623230,-0.000013,0.000000,10.000875,6518,0,31,0
64.155685,0.009116,-0.326811,-1.061813,0.000005,0.000007,0.005912,-0.000015,-0.000361,-0.017923,-0.000037,0.000002,-0.000003,10.000000,13.000000,-60.000000,0.038181,0.357471,0.000001,0.000000,0.000000,0.000000,0.498577,1370.000000,223.880692,233.318527,222.768387,306.623230,-0.000013,0.000000,10.000935,6518,0,31,0
64.157639,0.009116,-0.326811,-1.061801,0.000005,0.000006,0.005876,-0.000015,-0.000367,-0.018067,-0.000038,0.000002,-0.000003,10.000000,13.000000,-60.000000,0.038193,0.357471,0.000001,0.000000,0.000000,0.000000,0.498577,1370.000000,223.880692,233.318527,222.768387,306.623230,-0.000013,0.000000,10.000994,6518,0,31,0
64.159592,0.009116,-0.326811,-1.061790,0.000004,0.000005,0.005840,-0.000015,-0.000372,-0.018198,-0.000038,0.000001,-0.000003,10.000000,13.000000,-60.000000,0.038204,0.357471,0.000001,0.000000,0.000000,0.000000,0.498577,1370.000000,223.880692,233.318527,222.768387,306.623230,-0.000013,0.000000,10.001052,6518,1,31,0
64.161545,0.009116,-0.326811,-1.061778,0.000004,0.000005,0.005803,-0.000014,-0.000378,-0.018316,-0.000039,0.000001,-0.000003,10.000000,13.000000,-60.000000,0.038216,0.357471,0.000001,0.000000,0.000000,0.000000,0.498577,1370.000000,223.880692,233.318527,222.768387,306.623230,-0.000013,0.000000,10.001111,6518,1,31,0
64.163498,0.009116,-0.326811,-1.061767,0.000004,0.000004,0.005766,-0.000012,-0.000384,-0.018424,-0.000039,0.000001,-0.000003,10.000000,13.000000,-60.000000,0.038228,0.357471,0.000001,0.000000,0.000000,0.000000,0.498577,1370.000000,223.880692,233.318527,222.768387,306.623230,-0.000013,0.000000,10.001167,6518,1,32,0
64.165451,0.009116,-0.326811,-1.061755,0.000004,0.000003,0.005729,-0.000010,-0.000389,-0.018522,-0.000040,0.000001,-0.000003,10.000000,14.000000,-46.000000,0.038239,0.357471,0.000001,0.000000,0.000000,0.000000,0.498577,1416.000000,223.880692,233.318527,222.768387,306.623230,-0.000013,0.000000,10.001225,6518,1,32,0
64.167404,0.009116,-0.326811,-1.061744,0.000004,0.000002,0.005692,-0.000008,-0.000394,-0.018610,-0.000040,0.000001,-0.000003,10.000000,14.000000,-46.000000,0.038251,0.334843,0.000001,0.000000,0.000000,0.066000,0.248137,1416.000000,212.121063,229.544891,-178.176071,154.243958,-0.000013,0.000000,10.001283,6518,1,32,0
64.169357,0.009116,-0.326811,-1.061732,0.000004,0.000001,0.005655,-0.000006,-0.000399,-0.018690,-0.000041,0.000000,-0.000003,10.000000,14.000000,-46.000000,0.038262,0.334843,0.000001,0.000000,0.000000,0.000000,0.248137,1416.000000,212.121063,229.544891,-178.176071,154.243958,-0.000012,0.000000,10.001339,6518,1,32,1
64.171310,0.009116,-0.326811,-1.061721,0.000004,0.000001,0.005617,-0.000004,-0.000405,-0.018763,-0.000041,0.000000,-0.000003,10.000000,14.000000,-46.000000,0.038273,0.334843,0.000001,0.000000,0.000000,0.000000,0.248137,1416.000000,212.121063,229.544891,-178.176071,154.243958,-0.000005,0.000000,10.001396,6518,1,32,1
64.173271,0.009116,-0.326811,-1.061710,0.000004,-0.000000,0.005580,-0.000001,-0.000409,-0.018827,-0.000042,-0.000000,-0.000003,10.000000,14.000000,-46.000000,0.038285,0.334843,0.000001,0.000000,0.000000,0.000000,0.248137,1416.000000,212.121063,229.544891,-178.176071,154.243958,0.000009,0.000000,10.001451,6518,1,32,1
64.175224,0.009116,-0.326811,-1.061699,0.000004,-0.000001,0.005542,0.000001,-0.000412,-0.018887,-0.000042,-0.000000,-0.000003,10.000000,14.000000,-46.000000,0.038296,0.334843,0.000001,0.000000,0.000000,0.000000,0.248137,1416.000000,212.121063,229.544891,-178.176071,154.243958,0.000021,0.000000,10.001507,6518,1,32,1
64.177177,0.009116,-0.326811,-1.061688,0.000004,-0.000002,0.005504,0.000004,-0.000414,-0.018941,-0.000042,-0.000000,-0.000003,10.000000,14.000000,-46.000000,0.038307,0.334843,0.000001,0.000000,0.000000,0.000000,0.248137,1416.000000,212.121063,229.544891,-178.176071,154.243958,0.000033,0.000000,10.001561,6518,1,32,1
64.179131,0.009116,-0.326811,-1.061677,0.000004,-0.000003,0.005466,0.000006,-0.000416,-0.018990,-0.000042,-0.000001,-0.000003,10.000000,14.000000,-46.000000,0.038318,0.334843,0.000001,0.000000,0.000000,0.000000,0.248137,1416.000000,212.121063,229.544891,-178.176071,154.243958,0.000044,0.000000,10.001617,6518,1,32,1
64.181084,0.009116,-0.326811,-1.061666,0.000004,-0.000004,0.005428,0.000008,-0.000417,-0.019034,-0.000042,-0.000001,-0.000003,10.000000,14.000000,-46.000000,0.038329,0.334843,0.000001,0.000000,0.000000,0.000000,0.248137,1416.000000,212.121063,229.544891,-178.176071,154.243958,0.000055,0.000000,10.001672,6518,1,32,1
64.183037,0.009116,-0.326811,-1.061655,0.000004,-0.000004,0.005390,0.000010,-0.000417,-0.019074,-0.000042,-0.000001,-0.000003,10.000000,14.000000,-46.000000,0.038339,0.334843,0.000001,0.000000,0.000000,0.000000,0.248137,1416.000000,212.121063,229.544891,-178.176071,154.243958,0.000065,0.000000,10.001724,6518,0,32,0
64.184990,0.009116,-0.326811,-1.061644,0.000004,-0.000005,0.005352,0.000011,-0.000415,-0.019111,-0.000042,-0.000001,-0.000002,10.000000,14.000000,-46.000000,0.038350,0.334843,0.000001,0.000000,0.000000,0.000000,0.248137,1416.000000,212.121063,229.544891,-178.176071,154.243958,0.000066,0.000000,10.001779,6518,0,32,0
64.186943,0.009116,-0.326811,-1.061634,0.000004,-0.000006,0.005313,0.000012,-0.000414,-0.019144,-0.000042,-0.000001,-0.000002,10.000000,14.000000,-46.000000,0.038361,0.334843,0.000001,0.000000,0.000000,0.000000,0.248137,1416.000000,212.121063,229.544891,-178.176071,154.243958,0.000061,0.000000,10.001832,6518,0,32,0
64.188904,0.009116,-0.326811,-1.061623,0.000004,-0.000007,0.005275,0.000013,-0.000412,-0.019174,-0.000042,-0.000001,-0.000002,10.000000,14.000000,-46.000000,0.038372,0.334843,0.000001,0.000000,0.000000,0.000000,0.248137,1416.000000,212.121063,229.544891,-178.176071,154.243958,0.000057,0.000000,10.001884,6518,0,32,0
64.190857,0.009116,-0.326811,-1.061613,0.000005,-0.000008,0.005237,0.000014,-0.000410,-0.019201,-0.000042,-0.000001,-0.000002,10.000000,14.000000,-46.000000,0.038382,0.334843,0.000001,0.000000,0.000000,0.000000,0.248137,1416.000000,212.121063,229.544891,-178.176071,154.243958,0.000053,0.000000,10.001938,6518,0,32,0
64.192810,0.009116,-0.326811,-1.061602,0.000005,-0.000009,0.005198,0.000014,-0.000408,-0.019225,-0.000041,-0.000001,-0.000002,10.000000,14.000000,-46.000000,0.038393,0.334843,0.000001,0.000000,0.000000,0.000000,0.248137,1416.000000,212.121063,229.544891,-178.176071,154.243958,0.000049,0.000000,10.001988,6518,0,32,0
64.194763,0.009116,-0.326811,-1.061592,0.000005,-0.000009,0.005160,0.000013,-0.000405,-0.019248,-0.000041,-0.000001,-0.000002,10.000000,14.000000,-46.000000,0.038403,0.334843,0.000001,0.000000,0.000000,0.000000,0.248137,1416.000000,212.121063,229.544891,-178.176071,154.243958,0.000046,0.000000,10.002041,6518,0,32,0
64.196716,0.009116,-0.326811,-1.061582,0.000005,-0.000010,0.005121,0.000013,-0.000401,-0.019268,-0.000041,-0.000001,-0.000002,10.000000,14.000000,-46.000000,0.038413,0.334843,0.000001,0.000000,0.000000,0.000000,0.248137,1416.000000,212.121063,229.544891,-178.176071,154.243958,0.000042,0.000000,10.002092,6518,0,31,0
64.198669,0.009116,-0.326811,-1.061571,0.000005,-0.000011,0.005083,0.000011,-0.000398,-0.019288,-0.000040,-0.000001,-0.000002,10.000000,14.000000,-46.000000,0.038423,0.334843,0.000001,0.000000,0.000000,0.000000,0.248137,1416.000000,212.121063,229.544891,-178.176071,154.243958,0.000040,0.000000,10.002143,6518,0,31,0
64.200623,0.009116,-0.326812,-1.061561,0.000005,-0.000012,0.005044,0.000010,-0.000394,-0.019305,-0.000040,-0.000001,-0.000002,10.000000,14.000000,-46.000000,0.038434,0.334843,0.000001,0.000000,0.000000,0.000000,0.248137,1416.000000,212.121063,229.544891,-178.176071,154.243958,0.000037,0.000000,10.002194,6518,0,31,0
64.202576,0.009116,-0.326812,-1.061551,0.000005,-0.000012,0.005005,0.000008,-0.000389,-0.019321,-0.000039,-0.000001,-0.000002,10.000000,14.000000,-46.000000,0.038444,0.334843,0.000001,0.000000,0.000000,0.000000,0.248137,1416.000000,212.121063,229.544891,-178.176071,154.243958,0.000035,0.000000,10.002244,6518,0,31,0
64.204529,0.009116,-0.326812,-1.061541,0.000005,-0.000013,0.004967,0.000006,-0.000384,-0.019335,-0.000039,-0.000000,-0.000002,10.000000,14.000000,-46.000000,0.038454,0.334843,0.000001,0.000000,0.000000,0.000000,0.248137,1416.000000,212.121063,229.544891,-178.176071,154.243958,0.000033,0.000000,10.002294,6518,0,31,0
64.206490,0.009116,-0.326812,-1.061532,0.000005,-0.000014,0.004928,0.000003,-0.000380,-0.019348,-0.000038,-0.000000,-0.000001,10.000000,14.000000,-46.000000,0.038464,0.334843,0.000001,0.000000,0.000000,0.000000,0.248137,1416.000000,212.121063,229.544891,-178.176071,154.243958,0.000031,0.000000,10.002343,6518,0,31,0
64.208443,0.009116,-0.326812,-1.061522,0.000005,-0.000015,0.004889,0.000001,-0.000374,-0.019359,-0.000038,0.000000,-0.000001,10.000000,14.000000,-46.000000,0.038473,0.334843,0.000001,0.000000,0.000000,0.000000,0.248137,1416.000000,212.121063,229.544891,-178.176071,154.243958,0.000029,0.000000,10.002392,6518,0,31,0
64.210396,0.009116,-0.326812,-1.061512,0.000005,-0.000016,0.004851,-0.000002,-0.000369,-0.019370,-0.000037,0.000000,-0.000001,10.000000,14.000000,-46.000000,0.038483,0.334843,0.000001,0.000000,0.000000,0.000000,0.248137,1416.000000,212.121063,229.544891,-178.176071,154.243958,0.000027,0.000000,10.002441,6519,0,31,0
64.212349,0.009116,-0.326812,-1.061502,0.000005,-0.000016,0.004812,-0.000004,-0.000363,-0.019487,-0.000037,0.000001,-0.000001,10.000000,14.000000,-46.000000,0.038493,0.334843,0.000001,0.000000,0.000000,0.000000,0.248137,1416.000000,212.121063,229.544891,-178.176071,154.243958,0.000026,0.000000,10.002488,6519,0,31,0
64.214302,0.009116,-0.326812,-1.061493,0.000005,-0.000017,0.004773,-0.000006,-0.000358,-0.019626,-0.000036,0.000001,-0.000001,10.000000,14.000000,-46.000000,0.038502,0.334843,0.000001,0.000000,0.000000,0.000000,0.248137,1416.000000,212.121063,229.544891,-178.176071,154.243958,0.000025,0.000000,10.002537,6519,0,31,0
64.216255,0.009116,-0.326812,-1.061483,0.000005,-0.000018,0.004733,-0.000008,-0.000352,-0.019752,-0.000036,0.000001,-0.000001,10.000000,14.000000,-46.000000,0.038512,0.334843,0.000001,0.000000,0.000000,0.000000,0.248137,1416.000000,212.121063,229.544891,-178.176071,154.243958,0.000024,0.000000,10.002584,6519,0,31,0
64.218208,0.009116,-0.326812,-1.061474,0.000005,-0.000018,0.004693,-0.000010,-0.000346,-0.019867,-0.000035,0.000001,-0.000001,10.000000,14.000000,-46.000000,0.038521,0.334843,0.000001,0.000000,0.000000,0.000000,0.248137,1416.000000,212.121063,229.544891,-178.176071,154.243958,0.000022,0.000000,10.002631,6519,0,31,0
64.220161,0.009116,-0.326812,-1.061465,0.000005,-0.000019,0.004654,-0.000012,-0.000340,-0.019971,-0.000034,0.000001,-0.000001,10.000000,14.000000,-46.000000,0.038531,0.334843,0.000001,0.000000,0.000000,0.000000,0.248137,1416.000000,212.121063,229.544891,-178.176071,154.243958,0.000022,0.000000,10.002679,6519,0,31,0
64.222115,0.009116,-0.326812,-1.061455,0.000005,-0.000020,0.004614,-0.000014,-0.000333,-0.020065,-0.000034,0.000001,-0.000001,10.000000,14.000000,-46.000000,0.038540,0.334843,0.000001,0.000000,0.000000,0.000000,0.248137,1416.000000,212.121063,229.544891,-178.176071,154.243958,0.000021,0.000000,10.002724,6519,0,31,0
64.224075,0.009116,-0.326812,-1.061446,0.000005,-0.000020,0.004573,-0.000015,-0.000327,-0.020150,-0.000033,0.000002,-0.000001,10.000000,14.000000,-33.000000,0.038549,0.334843,0.000001,0.000000,0.000000,0.000000,0.248137,1480.000000,212.121063,229.544891,-178.176071,154.243958,0.000020,0.000000,10.002769,6519,0,31,0
64.226028,0.009116,-0.326812,-1.061437,0.000005,-0.000021,0.004533,-0.000016,-0.000320,-0.020228,-0.000032,0.000002,-0.000001,10.000000,14.000000,-33.000000,0.038558,0.333003,0.000001,0.000000,0.000000,0.067000,0.326277,1480.000000,194.029938,214.412369,-270.016907,10.779121,0.000019,0.000000,10.002815,6519,0,31,0
64.227982,0.009116,-0.326812,-1.061428,0.000004,-0.000022,0.004492,-0.000017,-0.000314,-0.020299,-0.000032,0.000002,-0.000001,10.000000,14.000000,-33.000000,0.038567,0.333003,0.000001,0.000000,0.000000,0.000000,0.326277,1480.000000,194.029938,214.412369,-270.016907,10.779121,0.000018,0.000000,10.002860,6519,0,31,0
64.229935,0.009116,-0.326812,-1.061419,0.000004,-0.000022,0.004452,-0.000017,-0.000307,-0.020362,-0.000031,0.000002,-0.000001,10.000000,14.000000,-33.000000,0.038576,0.333003,0.000001,0.000000,0.000000,0.000000,0.326277,1480.000000,194.029938,214.412369,-270.016907,10.779121,0.000018,0.000000,10.002904,6519,0,31,0
64.231888,0.009116,-0.326812,-1.061410,0.000004,-0.000023,0.004411,-0.000017,-0.000301,-0.020421,-0.000030,0.000002,-0.000001,10.000000,14.000000,-33.000000,0.038585,0.333003,0.000001,0.000000,0.000000,0.000000,0.326277,1480.000000,194.029938,214.412369,-270.016907,10.779121,0.000017,0.000000,10.002949,6519,0,31,0
64.233841,0.009116,-0.326812,-1.061402,0.000004,-0.000023,0.004370,-0.000016,-0.000294,-0.020473,-0.000030,0.000002,-0.000001,10.000000,14.000000,-33.000000,0.038594,0.333003,0.000001,0.000000,0.000000,0.000000,0.326277,1480.000000,194.029938,214.412369,-270.016907,10.779121,0.000017,0.000000,10.002993,6519,0,31,0
64.235794,0.009116,-0.326812,-1.061393,0.000004,-0.000024,0.004329,-0.000015,-0.000287,-0.020521,-0.000029,0.000001,-0.000001,10.000000,14.000000,-33.000000,0.038603,0.333003,0.000001,0.000000,0.000000,0.000000,0.326277,1480.000000,194.029938,214.412369,-270.016907,10.779121,0.000016,0.000000,10.003036,6519,0,31,0
64.237747,0.009116,-0.326812,-1.061384,0.000004,-0.000025,0.004288,-0.000014,-0.000280,-0.020564,-0.000028,0.000001,-0.000001,10.000000,14.000000,-33.000000,0.038611,0.333003,0.000001,0.000000,0.000000,0.000000,0.326277,1480.000000,194.029938,214.412369,-270.016907,10.779121,0.000016,0.000000,10.003079,6519,0,32,0
64.239700,0.009116,-0.326812,-1.061376,0.000004,-0.000025,0.004247,-0.000012,-0.000273,-0.020603,-0.000027,0.000001,-0.000001,10.000000,14.000000,-33.000000,0.038620,0.333003,0.000001,0.000000,0.000000,0.000000,0.326277,1480.000000,194.029938,214.412369,-270.016907,10.779121,0.000016,0.000000,10.003121,6519,0,32,0
64.241661,0.009116,-0.326812,-1.061367,0.000004,-0.000026,0.004205,-0.000010,-0.000266,-0.020638,-0.000027,0.000001,-0.000001,10.000000,14.000000,-33.000000,0.038628,0.333003,0.000001,0.000000,0.000000,0.000000,0.326277,1480.000000,194.029938,214.412369,-270.016907,10.779121,0.000015,0.000000,10.003163,6519,0,32,0
64.243614,0.009116,-0.326812,-1.061359,0.000004,-0.000026,0.004164,-0.000007,-0.000259,-0.020669,-0.000026,0.000001,-0.000001,10.000000,14.000000,-33.000000,0.038637,0.333003,0.000001,0.000000,0.000000,0.000000,0.326277,1480.000000,194.029938,214.412369,-270.016907,10.779121,0.000015,0.000000,10.003206,6519,0,32,0
64.245567,0.009116,-0.326812,-1.061351,0.000004,-0.000027,0.004123,-0.000005,-0.000252,-0.020698,-0.000025,0.000000,-0.000001,10.000000,14.000000,-33.000000,0.038645,0.333003,0.000001,0.000000,0.000000,0.000000,0.326277,1480.000000,194.029938,214.412369,-270.016907,10.779121,0.000015,0.000000,10.003247,6519,0,32,0
64.247520,0.009116,-0.326812,-1.061343,0.000004,-0.000027,0.004081,-0.000002,-0.000245,-0.020724,-0.000025,0.000000,-0.000001,10.000000,14.000000,-33.000000,0.038653,0.333003,0.000001,0.000000,0.000000,0.000000,0.326277,1480.000000,194.029938,214.412369,-270.016907,10.779121,0.000015,0.000000,10.003288,6519,0,32,0
64.249474,0.009116,-0.326813,-1.061334,0.000004,-0.000028,0.004040,0.000001,-0.000238,-0.020747,-0.000024,-0.000000,-0.000001,10.000000,14.000000,-33.000000,0.038661,0.333003,0.000001,0.000000,0.000000,0.000000,0.326277,1480.000000,194.029938,214.412369,-270.016907,10.779121,0.000014,0.000000,10.003327,6519,0,32,0
64.251427,0.009116,-0.326813,-1.061326,0.000004,-0.000028,0.003998,0.000004,-0.000231,-0.020769,-0.000023,-0.000001,-0.000001,10.000000,14.000000,-33.000000,0.038670,0.333003,0.000001,0.000000,0.000000,0.000000,0.326277,1480.000000,194.029938,214.412369,-270.016907,10.779121,0.000014,0.000000,10.003368,6519,0,32,0
64.253380,0.009116,-0.326813,-1.061319,0.000004,-0.000029,0.003957,0.000007,-0.000224,-0.020788,-0.000022,-0.000001,-0.000001,10.000000,14.000000,-33.000000,0.038678,0.333003,0.000001,0.000000,0.000000,0.000000,0.326277,1480.000000,194.029938,214.412369,-270.016907,10.779121,0.000014,0.000000,10.003408,6519,0,32,0
64.255333,0.009116,-0.326813,-1.061311,0.000004,-0.000029,0.003915,0.000009,-0.000216,-0.020806,-0.000022,-0.000001,-0.000001,10.000000,14.000000,-33.000000,0.038685,0.333003,0.000001,0.000000,0.000000,0.000000,0.326277,1480.000000,194.029938,214.412369,-270.016907,10.779121,0.000014,0.000000,10.003448,6519,0,32,0
64.257294,0.009116,-0.326813,-1.061303,0.000004,-0.000029,0.003873,0.000012,-0.000209,-0.020822,-0.000021,-0.000001,-0.000001,10.000000,14.000000,-33.000000,0.038693,0.333003,0.000001,0.000000,0.000000,0.000000,0.326277,1480.000000,194.029938,214.412369,-270.016907,10.779121,0.000014,0.000000,10.003486,6519,0,32,0
64.259247,0.009116,-0.326813,-1.061295,0.000004,-0.000030,0.003832,0.000014,-0.000202,-0.020836,-0.000020,-0.000001,-0.000000,10.000000,14.000000,-33.000000,0.038701,0.333003,0.000001,0.000000,0.000000,0.000000,0.326277,1480.000000,194.029938,214.412369,-270.016907,10.779121,0.000013,0.000000,10.003525,6519,0,32,0
64.261200,0.009116,-0.326813,-1.061288,0.000004,-0.000030,0.003790,0.000016,-0.000195,-0.020849,-0.000019,-0.000002,-0.000000,10.000000,14.000000,-33.000000,0.038709,0.333003,0.000001,0.000000,0.000000,0.000000,0.326277,1480.000000,194.029938,214.412369,-270.016907,10.779121,0.000013,0.000000,10.003563,6519,0,32,0
64.263153,0.009116,-0.326813,-1.061280,0.000004,-0.000031,0.003748,0.000017,-0.000188,-0.020861,-0.000019,-0.000002,-0.000000,10.000000,14.000000,-33.000000,0.038716,0.333003,0.000001,0.000000,0.000000,0.000000,0.326277,1480.000000,194.029938,214.412369,-270.016907,10.779121,0.000013,0.000000,10.003600,6519,0,32,0
64.265106,0.009116,-0.326813,-1.061273,0.000004,-0.000031,0.003707,0.000018,-0.000180,-0.020872,-0.000018,-0.000002,-0.000000,10.000000,14.000000,-33.000000,0.038724,0.333003,0.000001,0.000000,0.000000,0.000000,0.326277,1480.000000,194.029938,214.412369,-270.016907,10.779121,0.000013,0.000000,10.003638,6519,0,32,0
64.267059,0.009116,-0.326813,-1.061265,0.000004,-0.000031,0.003665,0.000019,-0.000173,-0.020882,-0.000017,-0.000002,-0.000000,10.000000,14.000000,-33.000000,0.038731,0.333003,0.000001,0.000000,0.000000,0.000000,0.326277,1480.000000,194.029938,214.412369,-270.016907,10.779121,0.000013,0.000000,10.003675,6519,0,32,0
64.269012,0.009116,-0.326813,-1.061258,0.000005,-0.000032,0.003623,0.000020,-0.000166,-0.020890,-0.000017,-0.000002,-0.000000,10.000000,14.000000,-33.000000,0.038738,0.333003,0.000001,0.000000,0.000000,0.000000,0.326277,1480.000000,194.029938,214.412369,-270.016907,10.779121,0.000013,0.000000,10.003711,6519,0,32,0
64.270966,0.009116,-0.326813,-1.061251,0.000005,-0.000032,0.003581,0.000020,-0.000158,-0.020898,-0.000016,-0.000002,-0.000000,10.000000,14.000000,-33.000000,0.038746,0.333003,0.000001,0.000000,0.000000,0.000000,0.326277,1480.000000,194.029938,214.412369,-270.016907,10.779121,0.000013,0.000000,10.003747,6519,0,32,0
64.272919,0.009116,-0.326813,-1.061244,0.000005,-0.000032,0.003539,0.000019,-0.000151,-0.020905,-0.000015,-0.000002,-0.000000,10.000000,14.000000,-33.000000,0.038753,0.333003,0.000001,0.000000,0.000000,0.000000,0.326277,1480.000000,194.029938,214.412369,-270.016907,10.779121,0.000013,0.000000,10.003782,6519,0,32,0
64.274879,0.009116,-0.326813,-1.061237,0.000005,-0.000033,0.003498,0.000018,-0.000144,-0.020912,-0.000014,-0.000002,-0.000000,10.000000,14.000000,-33.000000,0.038760,0.333003,0.000001,0.000000,0.000000,0.000000,0.326277,1480.000000,194.029938,214.412369,-270.016907,10.779121,0.000013,0.000000,10.003817,6519,0,31,0
64.276833,0.009116,-0.326813,-1.061230,0.000005,-0.000033,0.003456,0.000017,-0.000137,-0.020919,-0.000014,-0.000002,-0.000000,10.000000,14.000000,-33.000000,0.038767,0.333003,0.000001,0.000000,0.000000,0.000000,0.326277,1480.000000,194.029938,214.412369,-270.016907,10.779121,0.000013,0.000000,10.003851,6519,0,31,0
64.278786,0.009116,-0.326813,-1.061223,0.000005,-0.000033,0.003414,0.000015,-0.000129,-0.020925,-0.000013,-0.000001,-0.000000,10.000000,14.000000,-33.000000,0.038774,0.333003,0.000001,0.000000,0.000000,0.000000,0.326277,1480.000000,194.029938,214.412369,-270.016907,10.779121,0.000013,0.000000,10.003886,6519,0,31,0
64.280739,0.009116,-0.326814,-1.061216,0.000005,-0.000033,0.003372,0.000013,-0.000122,-0.020930,-0.000012,-0.000001,-0.000000,10.000000,14.000000,-33.000000,0.038780,0.333003,0.000001,0.000000,0.000000,0.000000,0.326277,1480.000000,194.029938,214.412369,-270.016907,10.779121,0.000013,0.000000,10.003920,6519,0,31,0
64.282692,0.009116,-0.326814,-1.061209,0.000005,-0.000034,0.003330,0.000011,-0.000115,-0.020935,-0.000011,-0.000001,-0.000000,10.000000,14.000000,-33.000000,0.038787,0.333003,0.000001,0.000000,0.000000,0.000000,0.326277,1480.000000,194.029938,214.412369,-270.016907,10.779121,0.000013,0.000000,10.003954,6520,0,31,0
64.284645,0.009116,-0.326814,-1.061203,0.000005,-0.000034,0.003288,0.000008,-0.000107,-0.021045,-0.000011,-0.000001,-0.000000,10.000000,14.000000,-33.000000,0.038794,0.333003,0.000001,0.000000,0.000000,0.000000,0.326277,1480.000000,194.029938,214.412369,-270.016907,10.779121,0.000012,0.000000,10.003985,6520,0,31,0
64.286598,0.009116,-0.326814,-1.061196,0.000005,-0.000034,0.003246,0.000005,-0.000100,-0.021180,-0.000010,-0.000000,-0.000000,10.000000,14.000000,-33.000000,0.038800,0.333003,0.000001,0.000000,0.000000,0.000000,0.326277,1480.000000,194.029938,214.412369,-270.016907,10.779121,0.000012,0.000000,10.004019,6520,0,31,0
64.288551,0.009116,-0.326814,-1.061190,0.000005,-0.000034,0.003203,0.000003,-0.000092,-0.021303,-0.000009,-0.000000,-0.000000,10.000000,14.000000,-33.000000,0.038807,0.333003,0.000001,0.000000,0.000000,0.000000,0.326277,1480.000000,194.029938,214.412369,-270.016907,10.779121,0.000012,0.000000,10.004051,6520,0,31,0
64.290504,0.009116,-0.326814,-1.061184,0.000005,-0.000034,0.003161,0.000000,-0.000085,-0.021413,-0.000008,0.000000,-0.000000,10.000000,14.000000,-33.000000,0.038813,0.333003,0.000001,0.000000,0.000000,0.000000,0.326277,1480.000000,194.029938,214.412369,-270.016907,10.779121,0.000012,0.000000,10.004083,6520,0,31,0
64.292465,0.009116,-0.326814,-1.061177,0.000005,-0.000035,0.003118,-0.000002,-0.000078,-0.021514,-0.000008,0.000000,-0.000000,10.000000,14.000000,-33.000000,0.038820,0.333003,0.000001,0.000000,0.000000,0.000000,0.326277,1480.000000,194.029938,214.412369,-270.016907,10.779121,0.000012,0.000000,10.004113,6520,0,31,0
64.294418,0.009116,-0.326814,-1.061171,0.000005,-0.000035,0.003074,-0.000005,-0.000070,-0.021605,-0.000007,0.000001,-0.000000,10.000000,14.000000,-33.000000,0.038826,0.333003,0.000001,0.000000,0.000000,0.000000,0.326277,1480.000000,194.029938,214.412369,-270.016907,10.779121,0.000012,0.000000,10.004145,6520,0,31,0
64.296371,0.009116,-0.326814,-1.061165,0.000005,-0.000035,0.003031,-0.000007,-0.000063,-0.021688,-0.000006,0.000001,-0.000000,10.000000,14.000000,-33.000000,0.038832,0.333003,0.000001,0.000000,0.000000,0.000000,0.326277,1480.000000,194.029938,214.412369,-270.016907,10.779121,0.000012,0.000000,10.004175,6520,0,31,0
64.298325,0.009116,-0.326814,-1.061159,0.000005,-0.000035,0.002988,-0.000009,-0.000056,-0.021764,-0.000005,0.000001,0.000000,10.000000,14.000000,-33.000000,0.038838,0.333003,0.000001,0.000000,0.000000,0.000000,0.326277,1480.000000,194.029938,214.412369,-270.016907,10.779121,0.000012,0.000000,10.004206,6520,0,31,0
64.300278,0.009116,-0.326814,-1.061153,0.000005,-0.000035,0.002944,-0.000011,-0.000048,-0.021832,-0.000005,0.000001,0.000000,10.000000,14.000000,-33.000000,0.038844,0.333003,0.000001,0.000000,0.000000,0.000000,0.326277,1480.000000,194.029938,214.412369,-270.016907,10.779121,0.000012,0.000000,10.004235,6520,0,31,0
64.302231,0.009116,-0.326814,-1.061147,0.000005,-0.000035,0.002900,-0.000012,-0.000041,-0.021893,-0.000004,0.000001,0.000000,10.000000,15.000000,-22.000000,0.038850,0.333003,0.000001,0.000000,0.000000,0.000000,0.326277,1502.000000,194.029938,214.412369,-270.016907,10.779121,0.000012,0.000000,10.004263,6520,0,31,0
64.304184,0.009116,-0.326814,-1.061142,0.000005,-0.000035,0.002856,-0.000014,-0.000033,-0.021949,-0.000003,0.000001,0.000000,10.000000,15.000000,-22.000000,0.038856,0.284686,0.000001,0.000000,0.000000,0.067000,0.109711,1502.000000,164.179031,186.964813,-445.535706,-145.241577,0.000012,0.000000,10.004292,6520,0,31,0
64.306137,0.009116,-0.326814,-1.061136,0.000005,-0.000035,0.002812,-0.000014,-0.000026,-0.022000,-0.000002,0.000001,0.000000,10.000000,15.000000,-22.000000,0.038861,0.284686,0.000001,0.000000,0.000000,0.000000,0.109711,1502.000000,164.179031,186.964813,-445.535706,-145.241577,0.000012,0.000000,10.004320,6520,0,31,0
64.308090,0.009116,-0.326815,-1.061130,0.000005,-0.000035,0.002768,-0.000015,-0.000019,-0.022046,-0.000002,0.000002,0.000000,10.000000,15.000000,-22.000000,0.038867,0.284686,0.000001,0.000000,0.000000,0.000000,0.109711,1502.000000,164.179031,186.964813,-445.535706,-145.241577,0.000012,0.000000,10.004349,6520,0,31,0
64.310051,0.009116,-0.326815,-1.061125,0.000005,-0.000035,0.002724,-0.000015,-0.000011,-0.022089,-0.000001,0.000002,0.000000,10.000000,15.000000,-22.000000,0.038872,0.284686,0.000001,0.000000,0.000000,0.000000,0.109711,1502.000000,164.179031,186.964813,-445.535706,-145.241577,0.000012,0.000000,10.004375,6520,0,31,0
64.312004,0.009116,-0.326815,-1.061120,0.000005,-0.000035,0.002680,-0.000015,-0.000004,-0.022126,-0.000000,0.000001,0.000000,10.000000,15.000000,-22.000000,0.038878,0.284686,0.000001,0.000000,0.000000,0.000000,0.109711,1502.000000,164.179031,186.964813,-445.535706,-145.241577,0.000012,0.000000,10.004402,6520,0,31,0
64.313957,0.009116,-0.326815,-1.061114,0.000005,-0.000035,0.002636,-0.000014,0.000004,-0.022161,0.000001,0.000001,0.000000,10.000000,15.000000,-22.000000,0.038883,0.284686,0.000001,0.000000,0.000000,0.000000,0.109711,1502.000000,164.179031,186.964813,-445.535706,-145.241577,0.000012,0.000000,10.004429,6520,0,31,0
64.315910,0.009116,-0.326815,-1.061109,0.000004,-0.000035,0.002591,-0.000013,0.000011,-0.022192,0.000001,0.000001,0.000000,10.000000,15.000000,-22.000000,0.038888,0.284686,0.000001,0.000000,0.000000,0.000000,0.109711,1502.000000,164.179031,186.964813,-445.535706,-145.241577,0.000012,0.000000,10.004456,6520,0,31,0
64.317863,0.009116,-0.326815,-1.061104,0.000004,-0.000035,0.002547,-0.000011,0.000018,-0.022220,0.000002,0.000001,0.000000,10.000000,15.000000,-22.000000,0.038893,0.284686,0.000001,0.000000,0.000000,0.000000,0.109711,1502.000000,164.179031,186.964813,-445.535706,-145.241577,0.000012,0.000000,10.004480,6520,0,32,0
64.319817,0.009116,-0.326815,-1.061099,0.000004,-0.000035,0.002502,-0.000009,0.000026,-0.022245,0.000003,0.000001,0.000000,10.000000,15.000000,-22.000000,0.038899,0.284686,0.000001,0.000000,0.000000,0.000000,0.109711,1502.000000,164.179031,186.964813,-445.535706,-145.241577,0.000012,0.000000,10.004506,6520,0,32,0
64.321770,0.009116,-0.326815,-1.061094,0.000004,-0.000035,0.002458,-0.000007,0.000033,-0.022267,0.000004,0.000001,0.000000,10.000000,15.000000,-22.000000,0.038904,0.284686,0.000001,0.000000,0.000000,0.000000,0.109711,1502.000000,164.179031,186.964813,-445.535706,-145.241577,0.000012,0.000000,10.004531,6520,0,32,0
64.323723,0.009116,-0.326815,-1.061089,0.000004,-0.000035,0.002413,-0.000004,0.000041,-0.022287,0.000005,0.000000,0.000000,10.000000,15.000000,-22.000000,0.038908,0.284686,0.000001,0.000000,0.000000,0.000000,0.109711,1502.000000,164.179031,186.964813,-445.535706,-145.241577,0.000012,0.000000,10.004556,6520,0,32,0
64.325684,0.009116,-0.326815,-1.061084,0.000004,-0.000035,0.002369,-0.000001,0.000048,-0.022306,0.000005,-0.000000,0.000000,10.000000,15.000000,-22.000000,0.038913,0.284686,0.000001,0.000000,0.000000,0.000000,0.109711,1502.000000,164.179031,186.964813,-445.535706,-145.241577,0.000012,0.000000,10.004579,6520,0,32,0
64.327637,0.009116,-0.326815,-1.061080,0.000004,-0.000035,0.002324,0.000002,0.000055,-0.022323,0.000006,-0.000000,0.000000,10.000000,15.000000,-22.000000,0.038918,0.284686,0.000001,0.000000,0.000000,0.000000,0.109711,1502.000000,164.179031,186.964813,-445.535706,-145.241577,0.000012,0.000000,10.004602,6520,0,32,0
64.329590,0.009116,-0.326815,-1.061075,0.000004,-0.000035,0.002279,0.000005,0.000063,-0.022338,0.000007,-0.000001,0.000000,10.000000,15.000000,-22.000000,0.038923,0.284686,0.000001,0.000000,0.000000,0.000000,0.109711,1502.000000,164.179031,186.964813,-445.535706,-145.241577,0.000012,0.000000,10.004624,6520,0,32,0
64.331543,0.009116,-0.326815,-1.061071,0.000004,-0.000035,0.002235,0.000008,0.000070,-0.022351,0.000008,-0.000001,0.000000,10.000000,15.000000,-22.000000,0.038927,0.284686,0.000001,0.000000,0.000000,0.000000,0.109711,1502.000000,164.179031,186.964813,-445.535706,-145.241577,0.000012,0.000000,10.004647,6520,0,32,0
64.333496,0.009116,-0.326815,-1.061066,0.000004,-0.000034,0.002190,0.000011,0.000078,-0.022364,0.000008,-0.000001,0.000000,10.000000,15.000000,-22.000000,0.038932,0.284686,0.000001,0.000000,0.000000,0.000000,0.109711,1502.000000,164.179031,186.964813,-445.535706,-145.241577,0.000012,0.000000,10.004670,6520,0,32,0
64.335449,0.009116,-0.326815,-1.061062,0.000004,-0.000034,0.002145,0.000014,0.000085,-0.022375,0.000009,-0.000002,0.000000,10.000000,15.000000,-22.000000,0.038936,0.284686,0.000001,0.000000,0.000000,0.000000,0.109711,1502.000000,164.179031,186.964813,-445.535706,-145.241577,0.000012,0.000000,10.004690,6520,0,32,0
64.337402,0.009116,-0.326816,-1.061058,0.000005,-0.000034,0.002100,0.000016,0.000093,-0.022386,0.000010,-0.000002,0.000000,10.000000,15.000000,-22.000000,0.038940,0.284686,0.000001,0.000000,0.000000,0.000000,0.109711,1502.000000,164.179031,186.964813,-445.535706,-145.241577,0.000012,0.000000,10.004712,6520,0,32,0
64.339355,0.009116,-0.326816,-1.061054,0.000005,-0.000034,0.002056,0.000019,0.000100,-0.022395,0.000011,-0.000002,0.000001,10.000000,15.000000,-22.000000,0.038944,0.284686,0.000001,0.000000,0.000000,0.000000,0.109711,1502.000000,164.179031,186.964813,-445.535706,-145.241577,0.000012,0.000000,10.004733,6520,0,32,0
64.341309,0.009116,-0.326816,-1.061050,0.000005,-0.000034,0.002011,0.000021,0.000107,-0.022404,0.000011,-0.000002,0.000001,10.000000,15.000000,-22.000000,0.038948,0.284686,0.000001,0.000000,0.000000,0.000000,0.109711,1502.000000,164.179031,186.964813,-445.535706,-145.241577,0.000012,0.000000,10.004753,6520,0,32,0
64.343269,0.009116,-0.326816,-1.061046,0.000005,-0.000034,0.001966,0.000023,0.000115,-0.022412,0.000012,-0.000002,0.000001,10.000000,15.000000,-22.000000,0.038952,0.284686,0.000001,0.000000,0.000000,0.000000,0.109711,1502.000000,164.179031,186.964813,-445.535706,-145.241577,0.000012,0.000000,10.004772,6520,0,32,0
64.345222,0.009116,-0.326816,-1.061042,0.000005,-0.000033,0.001921,0.000024,0.000122,-0.022419,0.000013,-0.000003,0.000001,10.000000,15.000000,-22.000000,0.038956,0.284686,0.000001,0.000000,0.000000,0.000000,0.109711,1502.000000,164.179031,186.964813,-445.535706,-145.241577,0.000012,0.000000,10.004792,6520,0,32,0
64.347176,0.009116,-0.326816,-1.061038,0.000005,-0.000033,0.001876,0.000026,0.000130,-0.022425,0.000014,-0.000003,0.000001,10.000000,15.000000,-22.000000,0.038960,0.284686,0.000001,0.000000,0.000000,0.000000,0.109711,1502.000000,164.179031,186.964813,-445.535706,-145.241577,0.000012,0.000000,10.004811,6520,0,32,0
64.349129,0.009116,-0.326816,-1.061034,0.000005,-0.000033,0.001831,0.000026,0.000137,-0.022431,0.000014,-0.000003,0.000001,10.000000,15.000000,-22.000000,0.038964,0.284686,0.000001,0.000000,0.000000,0.000000,0.109711,1502.000000,164.179031,186.964813,-445.535706,-145.241577,0.000012,0.000000,10.004829,6520,0,32,0
64.351082,0.009116,-0.326816,-1.061031,0.000005,-0.000032,0.001787,0.000027,0.000145,-0.022436,0.000015,-0.000003,0.000001,10.000000,15.000000,-22.000000,0.038968,0.284686,0.000001,0.000000,0.000000,0.000000,0.109711,1502.000000,164.179031,186.964813,-445.535706,-145.241577,0.000012,0.000000,10.004848,6520,0,32,0
64.353035,0.009116,-0.326816,-1.061027,0.000005,-0.000032,0.001742,0.000027,0.000152,-0.022441,0.000016,-0.000003,0.000001,10.000000,15.000000,-22.000000,0.038971,0.284686,0.000001,0.000000,0.000000,0.000000,0.109711,1502.000000,164.179031,186.964813,-445.535706,-145.241577,0.000012,0.000000,10.004865,6520,0,32,0
64.354988,0.009116,-0.326816,-1.061024,0.000005,-0.000032,0.001697,0.000026,0.000159,-0.022445,0.000017,-0.000003,0.000001,10.000000,15.000000,-22.000000,0.038975,0.284686,0.000001,0.000000,0.000000,0.000000,0.109711,1502.000000,164.179031,186.964813,-445.535706,-145.241577,0.000012,0.000000,10.004882,6520,0,32,0
64.356941,0.009116,-0.326816,-1.061020,0.000005,-0.000032,0.001652,0.000025,0.000167,-0.022449,0.000017,-0.000002,0.000001,10.000000,15.000000,-22.000000,0.038978,0.284686,0.000001,0.000000,0.000000,0.000000,0.109711,1502.000000,164.179031,186.964813,-445.535706,-145.241577,0.000012,0.000000,10.004899,6520,0,31,0
64.358894,0.009116,-0.326816,-1.061017,0.000005,-0.000031,0.001607,0.000024,0.000174,-0.022453,0.000018,-0.000002,0.000001,10.000000,15.000000,-22.000000,0.038981,0.284686,0.000001,0.000000,0.000000,0.000000,0.109711,1502.000000,164.179031,186.964813,-445.535706,-145.241577,0.000012,0.000000,10.004915,6520,0,31,0
64.360855,0.009116,-0.326816,-1.061014,0.000005,-0.000031,0.001562,0.000022,0.000182,-0.022456,0.000019,-0.000002,0.000001,10.000000,15.000000,-14.000000,0.038984,0.284686,0.000001,0.000000,0.000000,0.000000,0.109711,1540.000000,164.179031,186.964813,-445.535706,-145.241577,0.000012,0.000000,10.004930,6520,0,31,0
64.362808,0.009116,-0.326816,-1.061011,0.000005,-0.000030,0.001517,0.000019,0.000189,-0.022460,0.000020,-0.000002,0.000001,10.000000,15.000000,-14.000000,0.038988,0.263839,0.000001,0.000000,0.000000,0.066000,0.188101,1540.000000,121.212151,146.395355,-651.013489,-317.582672,0.000012,0.000000,10.004946,6520,0,31,0
64.364761,0.009116,-0.326816,-1.061008,0.000005,-0.000030,0.001472,0.000017,0.000197,-0.022463,0.000020,-0.000002,0.000001,10.000000,15.000000,-14.000000,0.038990,0.263839,0.000001,0.000000,0.000000,0.000000,0.188101,1540.000000,121.212151,146.395355,-651.013489,-317.582672,0.000012,0.000000,10.004961,6520,0,31,0
64.366714,0.009116,-0.326817,-1.061005,0.000005,-0.000030,0.001427,0.000014,0.000204,-0.022466,0.000021,-0.000001,0.000001,10.000000,15.000000,-14.000000,0.038993,0.263839,0.000001,0.000000,0.000000,0.000000,0.188101,1540.000000,121.212151,146.395355,-651.013489,-317.582672,0.000012,0.000000,10.004975,6520,0,31,0
64.368668,0.009116,-0.326817,-1.061002,0.000005,-0.000029,0.001382,0.000012,0.000211,-0.022469,0.000022,-0.000001,0.000001,10.000000,15.000000,-14.000000,0.038996,0.263839,0.000001,0.000000,0.000000,0.000000,0.188101,1540.000000,121.212151,146.395355,-651.013489,-317.582672,0.000012,0.000000,10.004989,6520,0,31,0
64.370621,0.009117,-0.326817,-1.061000,0.000005,-0.000029,0.001337,0.000009,0.000219,-0.022471,0.000023,-0.000001,0.000001,10.000000,15.000000,-14.000000,0.038999,0.263839,0.000001,0.000000,0.000000,0.000000,0.188101,1540.000000,121.212151,146.395355,-651.013489,-317.582672,0.000012,0.000000,10.005002,6520,0,31,0
64.372574,0.009117,-0.326817,-1.060997,0.000005,-0.000028,0.001292,0.000006,0.000226,-0.022474,0.000023,-0.000000,0.000001,10.000000,15.000000,-14.000000,0.039002,0.263839,0.000001,0.000000,0.000000,0.000000,0.188101,1540.000000,121.212151,146.395355,-651.013489,-317.582672,0.000012,0.000000,10.005015,6520,0,31,0
64.374527,0.009117,-0.326817,-1.060995,0.000005,-0.000028,0.001248,0.000003,0.000234,-0.022475,0.000024,-0.000000,0.000001,10.000000,15.000000,-14.000000,0.039004,0.263839,0.000001,0.000000,0.000000,0.000000,0.188101,1540.000000,121.212151,146.395355,-651.013489,-317.582672,0.000012,0.000000,10.005028,6520,0,31,0
64.376488,0.009117,-0.326817,-1.060992,0.000005,-0.000027,0.001203,0.000001,0.000241,-0.022477,0.000025,0.000000,0.000001,10.000000,15.000000,-14.000000,0.039007,0.263839,0.000001,0.000000,0.000000,0.000000,0.188101,1540.000000,121.212151,146.395355,-651.013489,-317.582672,0.000012,0.000000,10.005039,6520,0,31,0
64.378441,0.009117,-0.326817,-1.060990,0.000005,-0.000027,0.001158,-0.000002,0.000249,-0.022479,0.000026,0.000000,0.000001,10.000000,15.000000,-14.000000,0.039009,0.263839,0.000001,0.000000,0.000000,0.000000,0.188101,1540.000000,121.212151,146.395355,-651.013489,-317.582672,0.000012,0.000000,10.005052,6520,0,31,0
64.380394,0.009117,-0.326817,-1.060987,0.000005,-0.000026,0.001113,-0.000004,0.000256,-0.022481,0.000026,0.000000,0.000001,10.000000,15.000000,-14.000000,0.039011,0.263839,0.000001,0.000000,0.000000,0.000000,0.188101,1540.000000,121.212151,146.395355,-651.013489,-317.582672,0.000012,0.000000,10.005063,6520,0,31,0
64.382347,0.009117,-0.326817,-1.060985,0.000005,-0.000026,0.001068,-0.000006,0.000263,-0.022482,0.000027,0.000001,0.000001,10.000000,15.000000,-14.000000,0.039014,0.263839,0.000001,0.000000,0.000000,0.000000,0.188101,1540.000000,121.212151,146.395355,-651.013489,-317.582672,0.000012,0.000000,10.005075,6520,0,31,0
64.384300,0.009117,-0.326817,-1.060983,0.000005,-0.000025,0.001023,-0.000007,0.000271,-0.022483,0.000028,0.000001,0.000001,10.000000,15.000000,-14.000000,0.039016,0.263839,0.000001,0.000000,0.000000,0.000000,0.188101,1540.000000,121.212151,146.395355,-651.013489,-317.582672,0.000012,0.000000,10.005084,6520,0,31,0
64.386253,0.009117,-0.326817,-1.060981,0.000005,-0.000025,0.000978,-0.000009,0.000278,-0.022484,0.000029,0.000001,0.000001,10.000000,15.000000,-14.000000,0.039018,0.263839,0.000001,0.000000,0.000000,0.000000,0.188101,1540.000000,121.212151,146.395355,-651.013489,-317.582672,0.000012,0.000000,10.005094,6520,0,31,0
64.388206,0.009117,-0.326817,-1.060979,0.000005,-0.000024,0.000933,-0.000010,0.000286,-0.022485,0.000029,0.000001,0.000001,10.000000,15.000000,-14.000000,0.039020,0.263839,0.000001,0.000000,0.000000,0.000000,0.188101,1540.000000,121.212151,146.395355,-651.013489,-317.582672,0.000012,0.000000,10.005104,6520,0,31,0
64.390160,0.009117,-0.326817,-1.060978,0.000005,-0.000024,0.000888,-0.000010,0.000293,-0.022486,0.000030,0.000001,0.000001,10.000000,15.000000,-14.000000,0.039021,0.263839,0.000001,0.000000,0.000000,0.000000,0.188101,1540.000000,121.212151,146.395355,-651.013489,-317.582672,0.000012,0.000000,10.005113,6520,0,31,0
64.392113,0.009117,-0.326817,-1.060976,0.000005,-0.000023,0.000843,-0.000011,0.000301,-0.022487,0.000031,0.000001,0.000001,10.000000,15.000000,-14.000000,0.039023,0.263839,0.000001,0.000000,0.000000,0.000000,0.188101,1540.000000,121.212151,146.395355,-651.013489,-317.582672,0.000012,0.000000,10.005121,6520,0,31,0
64.394073,0.009117,-0.326817,-1.060974,0.000005,-0.000022,0.000798,-0.000011,0.000308,-0.022487,0.000032,0.000001,0.000001,10.000000,15.000000,-14.000000,0.039025,0.263839,0.000001,0.000000,0.000000,0.000000,0.188101,1540.000000,121.212151,146.395355,-651.013489,-317.582672,0.000012,0.000000,10.005129,6520,0,31,0
64.396027,0.009117,-0.326817,-1.060973,0.000005,-0.000022,0.000753,-0.000010,0.000316,-0.022488,0.000033,0.000001,0.000001,10.000000,15.000000,-14.000000,0.039026,0.263839,0.000001,0.000000,0.000000,0.000000,0.188101,1540.000000,121.212151,146.395355,-651.013489,-317.582672,0.000012,0.000000,10.005136,6520,0,31,0
64.397980,0.009117,-0.326817,-1.060971,0.000005,-0.000021,0.000708,-0.000009,0.000323,-0.022488,0.000033,0.000001,0.000001,10.000000,15.000000,-14.000000,0.039028,0.263839,0.000001,0.000000,0.000000,0.000000,0.188101,1540.000000,121.212151,146.395355,-651.013489,-317.582672,0.000012,0.000000,10.005144,6520,0,32,0
64.399933,0.009117,-0.326817,-1.060970,0.000005,-0.000020,0.000663,-0.000008,0.000330,-0.022488,0.000034,0.000001,0.000001,10.000000,15.000000,-14.000000,0.039029,0.263839,0.000001,0.000000,0.000000,0.000000,0.188101,1540.000000,121.212151,146.395355,-651.013489,-317.582672,0.000012,0.000000,10.005151,6520,0,32,0
64.401886,0.009117,-0.326817,-1.060969,0.000005,-0.000020,0.000618,-0.000006,0.000338,-0.022488,0.000035,0.000000,0.000001,10.000000,15.000000,-14.000000,0.039031,0.263839,0.000001,0.000000,0.000000,0.000000,0.188101,1540.000000,121.212151,146.395355,-651.013489,-317.582672,0.000012,0.000000,10.005157,6520,0,32,0
64.403839,0.009117,-0.326817,-1.060968,0.000005,-0.000019,0.000573,-0.000004,0.000345,-0.022488,0.000036,0.000000,0.000001,10.000000,15.000000,-14.000000,0.039032,0.263839,0.000001,0.000000,0.000000,0.000000,0.188101,1540.000000,121.212151,146.395355,-651.013489,-317.582672,0.000012,0.000000,10.005162,6520,0,32,0
64.405792,0.009117,-0.326817,-1.060966,0.000005,-0.000018,0.000528,-0.000002,0.000353,-0.022488,0.000036,0.000000,0.000001,10.000000,15.000000,-14.000000,0.039033,0.263839,0.000001,0.000000,0.000000,0.000000,0.188101,1540.000000,121.212151,146.395355,-651.013489,-317.582672,0.000012,0.000000,10.005169,6520,0,32,0
64.407745,0.009117,-0.326818,-1.060966,0.000005,-0.000018,0.000483,0.000001,0.000360,-0.022488,0.000037,-0.000000,0.000001,10.000000,15.000000,-14.000000,0.039034,0.263839,0.000001,0.000000,0.000000,0.000000,0.188101,1540.000000,121.212151,146.395355,-651.013489,-317.582672,0.000012,0.000000,10.005174,6520,0,32,0
64.409698,0.009117,-0.326818,-1.060965,0.000005,-0.000017,0.000438,0.000003,0.000368,-0.022488,0.000038,-0.000000,0.000001,10.000000,15.000000,-14.000000,0.039035,0.263839,0.000001,0.000000,0.000000,0.000000,0.188101,1540.000000,121.212151,146.395355,-651.013489,-317.582672,0.000012,0.000000,10.005177,6520,-1,32,0
64.411659,0.009117,-0.326818,-1.060964,0.000005,-0.000016,0.000393,0.000006,0.000375,-0.022487,0.000039,-0.000001,0.000001,10.000000,15.000000,-14.000000,0.039036,0.263839,0.000001,0.000000,0.000000,0.000000,0.188101,1540.000000,121.212151,146.395355,-651.013489,-317.582672,0.000012,0.000000,10.005181,6520,-1,32,0
64.413612,0.009117,-0.326818,-1.060963,0.000005,-0.000015,0.000348,0.000008,0.000382,-0.022487,0.000039,-0.000001,0.000001,10.000000,15.000000,-14.000000,0.039037,0.263839,0.000001,0.000000,0.000000,0.000000,0.188101,1540.000000,121.212151,146.395355,-651.013489,-317.582672,0.000012,0.000000,10.005185,6520,-1,32,0
64.415565,0.009117,-0.326818,-1.060962,0.000005,-0.000015,0.000303,0.000010,0.000389,-0.022487,0.000040,-0.000001,0.000001,10.000000,15.000000,-14.000000,0.039037,0.263839,0.000001,0.000000,0.000000,0.000000,0.188101,1540.000000,121.212151,146.395355,-651.013489,-317.582672,0.000012,0.000000,10.005188,6520,-1,32,0
64.417519,0.009117,-0.326818,-1.060962,0.000005,-0.000014,0.000258,0.000012,0.000396,-0.022487,0.000041,-0.000001,0.000001,10.000000,15.000000,-14.000000,0.039038,0.263839,0.000001,0.000000,0.000000,0.000000,0.188101,1540.000000,121.212151,146.395355,-651.013489,-317.582672,0.000012,0.000000,10.005191,6520,-1,32,0
64.419472,0.009117,-0.326818,-1.060961,0.000005,-0.000013,0.000213,0.000014,0.000402,-0.022487,0.000041,-0.000001,0.000002,10.000000,16.000000,-8.000000,0.039038,0.263839,0.000001,0.000000,0.000000,0.000000,0.188101,1564.000000,121.212151,146.395355,-651.013489,-317.582672,0.000012,0.000000,10.005194,6520,-1,32,0
64.421425,0.009117,-0.326818,-1.060961,0.000005,-0.000012,0.000168,0.000015,0.000408,-0.022486,0.000042,-0.000002,0.000002,10.000000,16.000000,-8.000000,0.039039,0.230966,0.000001,0.000000,0.000000,0.067000,0.114960,1564.000000,89.552277,107.171684,-472.535645,-389.528503,0.000012,0.000000,10.005196,6520,-1,32,0
64.423378,0.009117,-0.326818,-1.060961,0.000005,-0.000011,0.000123,0.000016,0.000412,-0.022486,0.000042,-0.000002,0.000002,10.000000,16.000000,-8.000000,0.039039,0.230966,0.000001,0.000000,0.000000,0.000000,0.114960,1564.000000,89.552277,107.171684,-472.535645,-389.528503,0.000011,0.000000,10.005197,6520,-1,32,0
64.425331,0.009117,-0.326818,-1.060961,0.000005,-0.000011,0.000078,0.000017,0.000416,-0.022486,0.000043,-0.000002,0.000002,10.000000,16.000000,-8.000000,0.039039,0.230966,0.000001,0.000000,0.000000,0.000000,0.114960,1564.000000,89.552277,107.171684,-472.535645,-389.528503,0.000011,0.000000,10.005198,6520,-1,32,0
64.427284,0.009117,-0.326818,-1.060961,0.000005,-0.000010,0.000033,0.000018,0.000419,-0.022485,0.000043,-0.000002,0.000002,10.000000,16.000000,-8.000000,0.039039,0.230966,0.000001,0.000000,0.000000,0.000000,0.114960,1564.000000,89.552277,107.171684,-472.535645,-389.528503,0.000011,0.000000,10.005198,6520,-1,32,0
64.429245,0.009117,-0.326818,-1.060961,0.000005,-0.000009,-0.000012,0.000018,0.000421,-0.022485,0.000043,-0.000002,0.000002,10.000000,16.000000,-8.000000,0.039039,0.230966,0.000001,0.000000,0.000000,0.000000,0.114960,1564.000000,89.552277,107.171684,-472.535645,-389.528503,0.000011,0.000000,10.005198,6520,0,32,0
64.431198,0.009117,-0.326818,-1.060961,0.000005,-0.000008,-0.000057,0.000017,0.000422,-0.022485,0.000043,-0.000002,0.000002,10.000000,16.000000,-8.000000,0.039039,0.230966,0.000001,0.000000,0.000000,0.000000,0.114960,1564.000000,89.552277,107.171684,-472.535645,-389.528503,0.000010,0.000000,10.005198,6520,0,32,0
64.433151,0.009117,-0.326818,-1.060961,0.000005,-0.000007,-0.000102,0.000016,0.000422,-0.022485,0.000043,-0.000002,0.000002,10.000000,16.000000,-8.000000,0.039039,0.230966,0.000001,0.000000,0.000000,0.000000,0.114960,1564.000000,89.552277,107.171684,-472.535645,-389.528503,0.000010,0.000000,10.005197,6520,0,31,0
64.435104,0.009117,-0.326818,-1.060961,0.000005,-0.000006,-0.000147,0.000015,0.000421,-0.022485,0.000043,-0.000001,0.000002,10.000000,16.000000,-8.000000,0.039039,0.230966,0.000001,0.000000,0.000000,0.000000,0.114960,1564.000000,89.552277,107.171684,-472.535645,-389.528503,0.000010,0.000000,10.005195,6520,0,31,0
64.437057,0.009117,-0.326818,-1.060961,0.000005,-0.000006,-0.000192,0.000014,0.000419,-0.022486,0.000043,-0.000001,0.000002,10.000000,16.000000,-8.000000,0.039039,0.230966,0.000001,0.000000,0.000000,0.000000,0.114960,1564.000000,89.552277,107.171684,-472.535645,-389.528503,0.000010,0.000000,10.005194,6520,0,31,0
64.439011,0.009117,-0.326818,-1.060962,0.000005,-0.000005,-0.000237,0.000012,0.000416,-0.022487,0.000042,-0.000001,0.000002,10.000000,16.000000,-8.000000,0.039038,0.230966,0.000001,0.000000,0.000000,0.000000,0.114960,1564.000000,89.552277,107.171684,-472.535645,-389.528503,0.000010,0.000000,10.005191,6520,0,31,0
64.440964,0.009117,-0.326818,-1.060962,0.000005,-0.000004,-0.000282,0.000009,0.000413,-0.022488,0.000042,-0.000001,0.000002,10.000000,16.000000,-8.000000,0.039038,0.230966,0.000001,0.000000,0.000000,0.000000,0.114960,1564.000000,89.552277,107.171684,-472.535645,-389.528503,0.000010,0.000000,10.005189,6520,0,31,0
64.442917,0.009117,-0.326818,-1.060963,0.000006,-0.000003,-0.000326,0.000007,0.000409,-0.022488,0.000041,-0.000001,0.000002,10.000000,16.000000,-8.000000,0.039037,0.230966,0.000001,0.000000,0.000000,0.000000,0.114960,1564.000000,89.552277,107.171684,-472.535645,-389.528503,0.000009,0.000000,10.005184,6520,0,31,0
64.444878,0.009117,-0.326818,-1.060964,0.000006,-0.000002,-0.000371,0.000005,0.000404,-0.022489,0.000041,-0.000000,0.000002,10.000000,16.000000,-8.000000,0.039037,0.230966,0.000001,0.000000,0.000000,0.000000,0.114960,1564.000000,89.552277,107.171684,-472.535645,-389.528503,0.000009,0.000000,10.005181,6520,0,31,0
64.446831,0.009117,-0.326818,-1.060965,0.000006,-0.000002,-0.000416,0.000002,0.000399,-0.022490,0.000040,-0.000000,0.000002,10.000000,16.000000,-8.000000,0.039036,0.230966,0.000001,0.000000,0.000000,0.000000,0.114960,1564.000000,89.552277,107.171684,-472.535645,-389.528503,0.000009,0.000000,10.005177,6520,0,31,0
64.448784,0.009117,-0.326818,-1.060966,0.000006,-0.000001,-0.000461,-0.000000,0.000394,-0.022490,0.000040,0.000000,0.000002,10.000000,16.000000,-8.000000,0.039035,0.230966,0.000001,0.000000,0.000000,0.000000,0.114960,1564.000000,89.552277,107.171684,-472.535645,-389.528503,0.000009,0.000000,10.005174,6520,0,31,0
64.450737,0.009117,-0.326818,-1.060966,0.000006,0.000000,-0.000506,-0.000003,0.000388,-0.022491,0.000039,0.000000,0.000002,10.000000,16.000000,-8.000000,0.039034,0.230966,0.000001,0.000000,0.000000,0.000000,0.114960,1564.000000,89.552277,107.171684,-472.535645,-389.528503,0.000009,0.000000,10.005168,6520,0,31,0
64.452690,0.009117,-0.326818,-1.060968,0.000006,0.000001,-0.000551,-0.000005,0.000382,-0.022491,0.000039,0.000001,0.000002,10.000000,16.000000,-8.000000,0.039033,0.230966,0.000001,0.000000,0.000000,0.000000,0.114960,1564.000000,89.552277,107.171684,-472.535645,-389.528503,0.000009,0.000000,10.005163,6520,0,31,0
64.454643,0.009117,-0.326818,-1.060969,0.000006,0.000002,-0.000596,-0.000007,0.000375,-0.022492,0.000038,0.000001,0.000002,10.000000,16.000000,-8.000000,0.039032,0.230966,0.000001,0.000000,0.000000,0.000000,0.114960,1564.000000,89.552277,107.171684,-472.535645,-389.528503,0.000009,0.000000,10.005157,6520,0,31,0
64.456596,0.009117,-0.326818,-1.060970,0.000005,0.000002,-0.000641,-0.000008,0.000368,-0.022492,0.000037,0.000001,0.000002,10.000000,16.000000,-8.000000,0.039031,0.230966,0.000001,0.000000,0.000000,0.000000,0.114960,1564.000000,89.552277,107.171684,-472.535645,-389.528503,0.000009,0.000000,10.005151,6520,0,31,0
64.458549,0.009117,-0.326818,-1.060971,0.000005,0.000003,-0.000686,-0.000010,0.000361,-0.022493,0.000036,0.000001,0.000002,10.000000,16.000000,-8.000000,0.039029,0.230966,0.000001,0.000000,0.000000,0.000000,0.114960,1564.000000,89.552277,107.171684,-472.535645,-389.528503,0.000009,0.000000,10.005144,6520,0,31,0
64.460503,0.009117,-0.326818,-1.060973,0.000005,0.000004,-0.000731,-0.000011,0.000353,-0.022493,0.000036,0.000001,0.000002,10.000000,16.000000,-8.000000,0.039028,0.230966,0.000001,0.000000,0.000000,0.000000,0.114960,1564.000000,89.552277,107.171684,-472.535645,-389.528503,0.000009,0.000000,10.005136,6520,0,31,0
64.462463,0.009117,-0.326818,-1.060974,0.000005,0.000004,-0.000776,-0.000012,0.000346,-0.022493,0.000035,0.000001,0.000002,10.000000,16.000000,-8.000000,0.039026,0.230966,0.000001,0.000000,0.000000,0.000000,0.114960,1564.000000,89.552277,107.171684,-472.535645,-389.528503,0.000009,0.000000,10.005129,6520,0,31,0
64.464417,0.009117,-0.326818,-1.060976,0.000005,0.000005,-0.000821,-0.000013,0.000338,-0.022493,0.000034,0.000001,0.000002,10.000000,16.000000,-8.000000,0.039025,0.230966,0.000001,0.000000,0.000000,0.000000,0.114960,1564.000000,89.552277,107.171684,-472.535645,-389.528503,0.000009,0.000000,10.005121,6520,0,31,0
64.466370,0.009117,-0.326818,-1.060978,0.000005,0.000006,-0.000866,-0.000013,0.000330,-0.022493,0.000033,0.000001,0.000002,10.000000,16.000000,-8.000000,0.039023,0.230966,0.000001,0.000000,0.000000,0.000000,0.114960,1564.000000,89.552277,107.171684,-472.535645,-389.528503,0.000009,0.000000,10.005113,6520,0,31,0
64.468323,0.009117,-0.326818,-1.060979,0.000005,0.000006,-0.000911,-0.000013,0.000321,-0.022493,0.000032,0.000001,0.000002,10.000000,16.000000,-8.000000,0.039021,0.230966,0.000001,0.000000,0.000000,0.000000,0.114960,1564.000000,89.552277,107.171684,-472.535645,-389.528503,0.000009,0.000000,10.005103,6520,0,31,0
64.470276,0.009117,-0.326818,-1.060981,0.000005,0.000007,-0.000956,-0.000012,0.000313,-0.022493,0.000031,0.000001,0.000002,10.000000,16.000000,-8.000000,0.039020,0.230966,0.000001,0.000000,0.000000,0.000000,0.114960,1564.000000,89.552277,107.171684,-472.535645,-389.528503,0.000009,0.000000,10.005094,6520,0,31,0
64.472229,0.009117,-0.326818,-1.060983,0.000005,0.000008,-0.001001,-0.000011,0.000304,-0.022494,0.000031,0.000001,0.000002,10.000000,16.000000,-8.000000,0.039018,0.230966,0.000001,0.000000,0.000000,0.000000,0.114960,1564.000000,89.552277,107.171684,-472.535645,-389.528503,0.000009,0.000000,10.005084,6520,0,32,0
64.474182,0.009117,-0.326818,-1.060985,0.000005,0.000008,-0.001046,-0.000009,0.000296,-0.022493,0.000030,0.000001,0.000002,10.000000,16.000000,-8.000000,0.039016,0.230966,0.000001,0.000000,0.000000,0.000000,0.114960,1564.000000,89.552277,107.171684,-472.535645,-389.528503,0.000009,0.000000,10.005074,6520,0,32,0
64.476135,0.009117,-0.326818,-1.060988,0.000005,0.000009,-0.001091,-0.000008,0.000287,-0.022492,0.000029,0.000001,0.000002,10.000000,16.000000,-8.000000,0.039014,0.230966,0.000001,0.000000,0.000000,0.000000,0.114960,1564.000000,89.552277,107.171684,-472.535645,-389.528503,0.000009,0.000000,10.005062,6520,0,32,0
64.478088,0.009117,-0.326818,-1.060990,0.000005,0.000009,-0.001136,-0.000006,0.000278,-0.022492,0.000028,0.000000,0.000002,10.000000,16.000000,-8.000000,0.039011,0.230966,0.000001,0.000000,0.000000,0.000000,0.114960,1564.000000,89.552277,107.171684,-472.535645,-389.528503,0.000009,0.000000,10.005052,6520,0,32,0
64.480049,0.009117,-0.326818,-1.060992,0.000005,0.000010,-0.001181,-0.000003,0.000269,-0.022492,0.000027,0.000000,0.000002,10.000000,16.000000,-8.000000,0.039009,0.230966,0.000001,0.000000,0.000000,0.000000,0.114960,1564.000000,89.552277,107.171684,-472.535645,-389.528503,0.000008,0.000000,10.005040,6520,0,32,0
64.482002,0.009117,-0.326818,-1.060995,0.000005,0.000010,-0.001226,-0.000001,0.000260,-0.022491,0.000026,-0.000000,0.000002,10.000000,16.000000,-8.000000,0.039007,0.230966,0.000001,0.000000,0.000000,0.000000,0.114960,1564.000000,89.552277,107.171684,-472.535645,-389.528503,0.000008,0.000000,10.005028,6520,0,32,0
64.483955,0.009117,-0.326818,-1.060997,0.000005,0.000011,-0.001271,0.000001,0.000251,-0.022491,0.000025,-0.000000,0.000002,10.000000,16.000000,-8.000000,0.039004,0.230966,0.000001,0.000000,0.000000,0.000000,0.114960,1564.000000,89.552277,107.171684,-472.535645,-389.528503,0.000008,0.000000,10.005014,6520,0,32,0
64.485909,0.009117,-0.326818,-1.061000,0.000005,0.000011,-0.001316,0.000004,0.000241,-0.022491,0.000024,-0.000001,0.000002,10.000000,16.000000,-8.000000,0.039002,0.230966,0.000001,0.000000,0.000000,0.000000,0.114960,1564.000000,89.552277,107.171684,-472.535645,-389.528503,0.000008,0.000000,10.005002,6520,0,32,0
64.487862,0.009117,-0.326818,-1.061002,0.000005,0.000012,-0.001361,0.000006,0.000232,-0.022490,0.000023,-0.000001,0.000002,10.000000,16.000000,-8.000000,0.038999,0.230966,0.000001,0.000000,0.000000,0.000000,0.114960,1564.000000,89.552277,107.171684,-472.535645,-389.528503,0.000008,0.000000,10.004989,6520,0,32,0
64.489815,0.009117,-0.326818,-1.061005,0.000005,0.000012,-0.001406,0.000008,0.000223,-0.022490,0.000022,-0.000001,0.000002,10.000000,16.000000,-8.000000,0.038996,0.230966,0.000001,0.000000,0.000000,0.000000,0.114960,1564.000000,89.552277,107.171684,-472.535645,-389.528503,0.000008,0.000000,10.004975,6520,0,32,0
64.491768,0.009117,-0.326818,-1.061008,0.000005,0.000013,-0.001451,0.000010,0.000213,-0.022490,0.000021,-0.000001,0.000002,10.000000,16.000000,-8.000000,0.038993,0.230966,0.000001,0.000000,0.000000,0.000000,0.114960,1564.000000,89.552277,107.171684,-472.535645,-389.528503,0.000008,0.000000,10.004960,6520,0,32,0
64.493721,0.009117,-0.326818,-1.061011,0.000005,0.000013,-0.001496,0.000012,0.000204,-0.022490,0.000020,-0.000001,0.000002,10.000000,16.000000,-8.000000,0.038990,0.230966,0.000001,0.000000,0.000000,0.000000,0.114960,1564.000000,89.552277,107.171684,-472.535645,-389.528503,0.000008,0.000000,10.004946,6520,0,32,0
64.495682,0.009117,-0.326818,-1.061014,0.000005,0.000014,-0.001541,0.000013,0.000194,-0.022489,0.000019,-0.000001,0.000002,10.000000,16.000000,-8.000000,0.038987,0.230966,0.000001,0.000000,0.000000,0.000000,0.114960,1564.000000,89.552277,107.171684,-472.535645,-389.528503,0.000008,0.000000,10.004930,6520,0,32,0
64.497635,0.009117,-0.326818,-1.061017,0.000005,0.000014,-0.001586,0.000014,0.000185,-0.022489,0.000018,-0.000002,0.000002,10.000000,15.000000,-7.000000,0.038984,0.230966,0.000001,0.000000,0.000000,0.000000,0.114960,1578.000000,89.552277,107.171684,-472.535645,-389.528503,0.000008,0.000000,10.004914,6520,0,32,0
64.499588,0.009117,-0.326818,-1.061020,0.000005,0.000014,-0.001631,0.000015,0.000175,-0.022489,0.000017,-0.000002,0.000002,10.000000,15.000000,-7.000000,0.038981,0.230966,0.000001,0.000000,0.000000,-0.932999,0.114960,1578.000000,89.552277,107.171684,-472.535645,-389.528503,0.000008,0.000000,10.004899,6520,0,32,0
64.501541,0.009117,-0.326817,-1.061024,0.000005,0.000015,-0.001676,0.000016,0.000165,-0.022488,0.000016,-0.000002,0.000002,10.000000,15.000000,-7.000000,0.038978,0.230966,0.000001,0.000000,0.000000,0.000000,0.114960,1578.000000,89.552277,107.171684,-472.535645,-389.528503,0.000008,0.000000,10.004881,6520,0,32,0
64.503494,0.009117,-0.326817,-1.061027,0.000005,0.000015,-0.001721,0.000016,0.000156,-0.022488,0.000015,-0.000002,0.000002,10.000000,15.000000,-7.000000,0.038975,0.230966,0.000001,0.000000,0.000000,0.000000,0.114960,1578.000000,89.552277,107.171684,-472.535645,-389.528503,0.000008,0.000000,10.004865,6520,0,32,0
64.505447,0.009117,-0.326817,-1.061031,0.000005,0.000015,-0.001766,0.000015,0.000146,-0.022488,0.000014,-0.000002,0.000002,10.000000,15.000000,-7.000000,0.038971,0.230966,0.000001,0.000000,0.000000,0.000000,0.114960,1578.000000,89.552277,107.171684,-472.535645,-389.528503,0.000008,0.000000,10.004848,6520,0,32,0
64.507401,0.009117,-0.326817,-1.061034,0.000006,0.000016,-0.001811,0.000014,0.000136,-0.022488,0.000013,-0.000001,0.000002,10.000000,15.000000,-7.000000,0.038967,0.230966,0.000001,0.000000,0.000000,0.000000,0.114960,1578.000000,89.552277,107.171684,-472.535645,-389.528503,0.000008,0.000000,10.004829,6520,0,31,0
64.509354,0.009117,-0.326817,-1.061038,0.000006,0.000016,-0.001856,0.000013,0.000126,-0.022488,0.000012,-0.000001,0.000002,10.000000,15.000000,-7.000000,0.038964,0.230966,0.000001,0.000000,0.000000,0.000000,0.114960,1578.000000,89.552277,107.171684,-472.535645,-389.528503,0.000008,0.000000,10.004810,6520,0,31,0
64.511307,0.009117,-0.326817,-1.061042,0.000006,0.000016,-0.001901,0.000011,0.000117,-0.022489,0.000011,-0.000001,0.000002,10.000000,15.000000,-7.000000,0.038960,0.230966,0.000001,0.000000,0.000000,0.000000,0.114960,1578.000000,89.552277,107.171684,-472.535645,-389.528503,0.000008,0.000000,10.004791,6520,0,31,0
64.513268,0.009117,-0.326817,-1.061046,0.000006,0.000016,-0.001946,0.000009,0.000107,-0.022489,0.000010,-0.000001,0.000002,10.000000,15.000000,-7.000000,0.038956,0.230966,0.000001,0.000000,0.000000,0.000000,0.114960,1578.000000,89.552277,107.171684,-472.535645,-389.528503,0.000008,0.000000,10.004772,6520,0,31,0
64.515221,0.009117,-0.326817,-1.061050,0.000006,0.000016,-0.001991,0.000007,0.000097,-0.022490,0.000009,-0.000001,0.000002,10.000000,15.000000,-7.000000,0.038952,0.230966,0.000001,0.000000,0.000000,0.000000,0.114960,1578.000000,89.552277,107.171684,-472.535645,-389.528503,0.000008,0.000000,10.004753,6520,0,31,0
64.517174,0.009117,-0.326817,-1.061054,0.000006,0.000017,-0.002036,0.000005,0.000087,-0.022490,0.000008,-0.000000,0.000002,10.000000,15.000000,-7.000000,0.038948,0.230966,0.000001,0.000000,0.000000,0.000000,0.114960,1578.000000,89.552277,107.171684,-472.535645,-389.528503,0.000008,0.000000,10.004732,6520,0,31,0
64.519127,0.009117,-0.326817,-1.061058,0.000006,0.000017,-0.002081,0.000002,0.000077,-0.022491,0.000007,-0.000000,0.000002,10.000000,15.000000,-7.000000,0.038944,0.230966,0.000001,0.000000,0.000000,0.000000,0.114960,1578.000000,89.552277,107.171684,-472.535645,-389.528503,0.000008,0.000000,10.004711,6520,0,31,0
64.521080,0.009117,-0.326817,-1.061062,0.000006,0.000017,-0.002126,0.000000,0.000068,-0.022491,0.000006,0.000000,0.000002,10.000000,15.000000,-7.000000,0.038940,0.230966,0.000001,0.000000,0.000000,0.000000,0.114960,1578.000000,89.552277,107.171684,-472.535645,-389.528503,0.000008,0.000000,10.004690,6520,0,31,0
64.523033,0.009117,-0.326817,-1.061066,0.000006,0.000017,-0.002171,-0.000002,0.000058,-0.022492,0.000005,0.000000,0.000002,10.000000,15.000000,-7.000000,0.038936,0.230966,0.000001,0.000000,0.000000,0.000000,0.114960,1578.000000,89.552277,107.171684,-472.535645,-389.528503,0.000008,0.000000,10.004669,6520,0,31,0
64.524986,0.009117,-0.326817,-1.061071,0.000006,0.000017,-0.002216,-0.000005,0.000048,-0.022492,0.000004,0.000001,0.000002,10.000000,15.000000,-7.000000,0.038931,0.230966,0.000001,0.000000,0.000000,0.000000,0.114960,1578.000000,89.552277,107.171684,-472.535645,-389.528503,0.000008,0.000000,10.004647,6520,0,31,0
64.526939,0.009117,-0.326817,-1.061075,0.000006,0.000017,-0.002261,-0.000007,0.000038,-0.022492,0.000003,0.000001,0.000003,10.000000,15.000000,-7.000000,0.038927,0.230966,0.000001,0.000000,0.000000,0.000000,0.114960,1578.000000,89.552277,107.171684,-472.535645,-389.528503,0.000008,0.000000,10.004623,6520,0,31,0
64.528893,0.009117,-0.326817,-1.061080,0.000006,0.000017,-0.002306,-0.000009,0.000028,-0.022492,0.000002,0.000001,0.000003,10.000000,15.000000,-7.000000,0.038922,0.230966,0.000001,0.000000,0.000000,0.000000,0.114960,1578.000000,89.552277,107.171684,-472.535645,-389.528503,0.000008,0.000000,10.004601,6520,0,31,0
64.530853,0.009117,-0.326817,-1.061085,0.000006,0.000017,-0.002351,-0.000011,0.000018,-0.022493,0.000001,0.000001,0.000003,10.000000,15.000000,-7.000000,0.038918,0.230966,0.000001,0.000000,0.000000,0.000000,0.114960,1578.000000,89.552277,107.171684,-472.535645,-389.528503,0.000008,0.000000,10.004578,6520,0,31,0
64.532806,0.009117,-0.326817,-1.061089,0.000006,0.000017,-0.002396,-0.000012,0.000008,-0.022493,0.000000,0.000001,0.000003,10.000000,15.000000,-7.000000,0.038913,0.230966,0.000001,0.000000,0.000000,0.000000,0.114960,1578.000000,89.552277,107.171684,-472.535645,-389.528503,0.000008,0.000000,10.004555,6520,0,31,0
64.534760,0.009117,-0.326817,-1.061094,0.000006,0.000017,-0.002441,-0.000013,-0.000002,-0.022493,-0.000001,0.000001,0.000003,10.000000,15.000000,-7.000000,0.038908,0.230966,0.000001,0.000000,0.000000,0.000000,0.114960,1578.000000,89.552277,107.171684,-472.535645,-389.528503,0.000008,0.000000,10.004529,6520,0,31,0
64.536713,0.009117,-0.326817,-1.061099,0.000005,0.000017,-0.002486,-0.000014,-0.000011,-0.022494,-0.000002,0.000001,0.000003,10.000000,15.000000,-7.000000,0.038903,0.230966,0.000001,0.000000,0.000000,0.000000,0.114960,1578.000000,89.552277,107.171684,-472.535645,-389.528503,0.000008,0.000000,10.004505,6520,0,31,0
64.538666,0.009117,-0.326817,-1.061104,0.000005,0.000017,-0.002531,-0.000015,-0.000021,-0.022494,-0.000003,0.000002,0.000003,10.000000,15.000000,-7.000000,0.038898,0.230966,0.000001,0.000000,0.000000,0.000000,0.114960,1578.000000,89.552277,107.171684,-472.535645,-389.528503,0.000008,0.000000,10.004479,6520,0,31,0
64.540619,0.009117,-0.326817,-1.061109,0.000005,0.000017,-0.002576,-0.000015,-0.000031,-0.022493,-0.000004,0.000002,0.000003,10.000000,15.000000,-7.000000,0.038893,0.230966,0.000001,0.000000,0.000000,0.000000,0.114960,1578.000000,89.552277,107.171684,-472.535645,-389.528503,0.000008,0.000000,10.004455,6520,0,31,0
64.542572,0.009117,-0.326817,-1.061115,0.000005,0.000017,-0.002621,-0.000015,-0.000041,-0.022494,-0.000005,0.000002,0.000003,10.000000,15.000000,-7.000000,0.038888,0.230966,0.000001,0.000000,0.000000,0.000000,0.114960,1578.000000,89.552277,107.171684,-472.535645,-389.528503,0.000008,0.000000,10.004428,6520,0,31,0
64.544525,0.009117,-0.326817,-1.061120,0.000005,0.000017,-0.002666,-0.000014,-0.000051,-0.022494,-0.000006,0.000001,0.000003,10.000000,15.000000,-7.000000,0.038883,0.230966,0.000001,0.000000,0.000000,0.000000,0.114960,1578.000000,89.552277,107.171684,-472.535645,-389.528503,0.000008,0.000000,10.004401,6520,0,31,0
64.546478,0.009117,-0.326817,-1.061125,0.000005,0.000017,-0.002711,-0.000013,-0.000061,-0.022494,-0.000007,0.000001,0.000003,10.000000,15.000000,-7.000000,0.038877,0.230966,0.000001,0.000000,0.000000,0.000000,0.114960,1578.000000,89.552277,107.171684,-472.535645,-389.528503,0.000008,0.000000,10.004375,6520,0,31,0
64.548439,0.009117,-0.326817,-1.061131,0.000005,0.000017,-0.002756,-0.000012,-0.000071,-0.022494,-0.000008,0.000001,0.000003,10.000000,15.000000,-7.000000,0.038872,0.230966,0.000001,0.000000,0.000000,0.000000,0.114960,1578.000000,89.552277,107.171684,-472.535645,-389.528503,0.000008,0.000000,10.004347,6520,0,32,0
64.550392,0.009117,-0.326817,-1.061136,0.000005,0.000017,-0.002801,-0.000010,-0.000081,-0.022493,-0.000009,0.000001,0.000003,10.000000,15.000000,-7.000000,0.038867,0.230966,0.000001,0.000000,0.000000,0.000000,0.114960,1578.000000,89.552277,107.171684,-472.535645,-389.528503,0.000008,0.000000,10.004319,6520,0,32,0
64.552345,0.009118,-0.326817,-1.061142,0.000005,0.000017,-0.002846,-0.000008,-0.000091,-0.022493,-0.000010,0.000001,0.000003,10.000000,15.000000,-7.000000,0.038861,0.230966,0.000001,0.000000,0.000000,0.000000,0.114960,1578.000000,89.552277,107.171684,-472.535645,-389.528503,0.000008,0.000000,10.004291,6520,0,32,0
64.554298,0.009118,-0.326817,-1.061148,0.000005,0.000016,-0.002891,-0.000005,-0.000101,-0.022492,-0.000011,0.000000,0.000003,10.000000,15.000000,-7.000000,0.038855,0.230966,0.000001,0.000000,0.000000,0.000000,0.114960,1578.000000,89.552277,107.171684,-472.535645,-389.528503,0.000008,0.000000,10.004262,6520,0,32,-1
64.556252,0.009118,-0.326817,-1.061154,0.000005,0.000016,-0.002935,-0.000003,-0.000109,-0.022492,-0.000012,0.000000,0.000003,10.000000,15.000000,-8.000000,0.038849,0.230966,0.000001,0.000000,0.000000,0.000000,0.114960,1582.000000,89.552277,107.171684,-472.535645,-389.528503,0.000001,0.000000,10.004233,6520,0,32,-1
64.558205,0.009118,-0.326816,-1.061159,0.000005,0.000016,-0.002980,0.000000,-0.000119,-0.022490,-0.000013,-0.000000,0.000003,10.000000,15.000000,-8.000000,0.038844,0.184633,0.000001,0.000000,0.000000,0.066000,0.019167,1582.000000,0.000000,34.121140,-1356.852661,-692.391113,-0.000013,0.000000,10.004203,6520,0,32,-1
64.560158,0.009118,-0.326816,-1.061166,0.000005,0.000016,-0.003025,0.000003,-0.000129,-0.022489,-0.000014,-0.000000,0.000003,10.000000,15.000000,-8.000000,0.038838,0.184633,0.000001,0.000000,0.000000,0.000000,0.019167,1582.000000,0.000000,34.121140,-1356.852661,-692.391113,-0.000025,0.000000,10.004173,6520,0,32,-1
64.562111,0.009118,-0.326816,-1.061172,0.000005,0.000015,-0.003070,0.000005,-0.000139,-0.022489,-0.000015,-0.000001,0.000003,10.000000,15.000000,-8.000000,0.038831,0.184633,0.000001,0.000000,0.000000,0.000000,0.019167,1582.000000,0.000000,34.121140,-1356.852661,-692.391113,-0.000037,0.000000,10.004143,6520,0,32,-1
64.564072,0.009118,-0.326816,-1.061178,0.000005,0.000015,-0.003115,0.000008,-0.000149,-0.022488,-0.000016,-0.000001,0.000002,10.000000,15.000000,-8.000000,0.038825,0.184633,0.000001,0.000000,0.000000,0.000000,0.019167,1582.000000,0.000000,34.121140,-1356.852661,-692.391113,-0.000048,0.000000,10.004111,6520,0,32,-1
64.566025,0.009118,-0.326816,-1.061184,0.000005,0.000015,-0.003160,0.000010,-0.000159,-0.022487,-0.000017,-0.000001,0.000002,10.000000,15.000000,-8.000000,0.038819,0.184633,0.000001,0.000000,0.000000,0.000000,0.019167,1582.000000,0.000000,34.121140,-1356.852661,-692.391113,-0.000058,0.000000,10.004081,6520,0,32,-1
64.567978,0.009118,-0.326816,-1.061191,0.000005,0.000014,-0.003205,0.000011,-0.000169,-0.022487,-0.000018,-0.000001,0.000002,10.000000,15.000000,-8.000000,0.038813,0.184633,0.000001,0.000000,0.000000,0.000000,0.019167,1582.000000,0.000000,34.121140,-1356.852661,-692.391113,-0.000068,0.000000,10.004047,6520,0,32,0
64.569931,0.009118,-0.326816,-1.061197,0.000005,0.000014,-0.003250,0.000012,-0.000181,-0.022487,-0.000019,-0.000001,0.000002,10.000000,15.000000,-8.000000,0.038806,0.184633,0.000001,0.000000,0.000000,0.000000,0.019167,1582.000000,0.000000,34.121140,-1356.852661,-692.391113,-0.000069,0.000000,10.004015,6520,0,32,0
64.571884,0.009118,-0.326816,-1.061204,0.000005,0.000014,-0.003295,0.000012,-0.000191,-0.022486,-0.000020,-0.000001,0.000002,10.000000,15.000000,-8.000000,0.038800,0.184633,0.000001,0.000000,0.000000,0.000000,0.019167,1582.000000,0.000000,34.121140,-1356.852661,-692.391113,-0.000064,0.000000,10.003983,6520,0,32,0
64.573837,0.009118,-0.326816,-1.061210,0.000005,0.000013,-0.003340,0.000012,-0.000201,-0.022486,-0.000021,-0.000001,0.000002,10.000000,15.000000,-8.000000,0.038793,0.184633,0.000001,0.000000,0.000000,0.000000,0.019167,1582.000000,0.000000,34.121140,-1356.852661,-692.391113,-0.000060,0.000000,10.003949,6520,0,32,0
64.575790,0.009118,-0.326816,-1.061217,0.000005,0.000013,-0.003385,0.000011,-0.000211,-0.022486,-0.000022,-0.000001,0.000002,10.000000,15.000000,-8.000000,0.038786,0.184633,0.000001,0.000000,0.000000,0.000000,0.019167,1582.000000,0.000000,34.121140,-1356.852661,-692.391113,-0.000055,0.000000,10.003916,6519,0,32,0
64.577744,0.009118,-0.326816,-1.061224,0.000005,0.000012,-0.003430,0.000010,-0.000221,-0.022379,-0.000023,-0.000001,0.000002,10.000000,15.000000,-8.000000,0.038780,0.184633,0.000001,0.000000,0.000000,0.000000,0.019167,1582.000000,0.000000,34.121140,-1356.852661,-692.391113,-0.000052,0.000000,10.003881,6519,0,31,0
64.579697,0.009118,-0.326816,-1.061231,0.000005,0.000012,-0.003475,0.000008,-0.000231,-0.022250,-0.000024,-0.000001,0.000002,10.000000,15.000000,-8.000000,0.038773,0.184633,0.000001,0.000000,0.000000,0.000000,0.019167,1582.000000,0.000000,34.121140,-1356.852661,-692.391113,-0.000048,0.000000,10.003847,6519,0,31,0
64.581657,0.009118,-0.326816,-1.061238,0.000005,0.000012,-0.003519,0.000006,-0.000241,-0.022132,-0.000025,-0.000000,0.000001,10.000000,15.000000,-8.000000,0.038766,0.184633,0.000001,0.000000,0.000000,0.000000,0.019167,1582.000000,0.000000,34.121140,-1356.852661,-692.391113,-0.000045,0.000000,10.003812,6519,0,31,0
64.583611,0.009118,-0.326816,-1.061245,0.000005,0.000011,-0.003563,0.000003,-0.000251,-0.022025,-0.000026,-0.000000,0.000001,10.000000,15.000000,-8.000000,0.038759,0.184633,0.000001,0.000000,0.000000,0.000000,0.019167,1582.000000,0.000000,34.121140,-1356.852661,-692.391113,-0.000042,0.000000,10.003776,6519,0,31,0
64.585564,0.009118,-0.326816,-1.061252,0.000005,0.000010,-0.003607,-0.000000,-0.000261,-0.021928,-0.000027,0.000000,0.000001,10.000000,15.000000,-8.000000,0.038752,0.184633,0.000001,0.000000,0.000000,0.000000,0.019167,1582.000000,0.000000,34.121140,-1356.852661,-692.391113,-0.000039,0.000000,10.003740,6519,0,31,0
64.587517,0.009118,-0.326816,-1.061259,0.000005,0.000010,-0.003651,-0.000004,-0.000271,-0.021841,-0.000028,0.000001,0.000001,10.000000,15.000000,-8.000000,0.038744,0.184633,0.000001,0.000000,0.000000,0.000000,0.019167,1582.000000,0.000000,34.121140,-1356.852661,-692.391113,-0.000037,0.000000,10.003704,6519,0,31,0
64.589470,0.009118,-0.326816,-1.061267,0.000005,0.000009,-0.003694,-0.000007,-0.000281,-0.021761,-0.000029,0.000001,0.000001,10.000000,15.000000,-8.000000,0.038737,0.184633,0.000001,0.000000,0.000000,0.000000,0.019167,1582.000000,0.000000,34.121140,-1356.852661,-692.391113,-0.000035,0.000000,10.003667,6519,0,31,0
64.591423,0.009118,-0.326816,-1.061274,0.000005,0.000009,-0.003738,-0.000011,-0.000291,-0.021689,-0.000030,0.000001,0.000001,10.000000,15.000000,-8.000000,0.038730,0.184633,0.000001,0.000000,0.000000,0.000000,0.019167,1582.000000,0.000000,34.121140,-1356.852661,-692.391113,-0.000033,0.000000,10.003630,6519,1,31,0
64.593376,0.009118,-0.326816,-1.061282,0.000005,0.000008,-0.003781,-0.000015,-0.000301,-0.021623,-0.000031,0.000002,0.000001,10.000000,15.000000,-8.000000,0.038722,0.184633,0.000001,0.000000,0.000000,0.000000,0.019167,1582.000000,0.000000,34.121140,-1356.852661,-692.391113,-0.000031,0.000000,10.003592,6519,1,31,0
64.595329,0.009118,-0.326816,-1.061289,0.000005,0.000008,-0.003824,-0.000018,-0.000310,-0.021563,-0.000032,0.000002,0.000001,10.000000,15.000000,-8.000000,0.038715,0.184633,0.000001,0.000000,0.000000,0.000000,0.019167,1582.000000,0.000000,34.121140,-1356.852661,-692.391113,-0.000030,0.000000,10.003554,6519,1,31,0
64.597282,0.009118,-0.326816,-1.061297,0.000005,0.000007,-0.003867,-0.000022,-0.000320,-0.021509,-0.000033,0.000002,0.000001,10.000000,15.000000,-8.000000,0.038707,0.184633,0.000001,0.000000,0.000000,0.000000,0.019167,1582.000000,0.000000,34.121140,-1356.852661,-692.391113,-0.000028,0.000000,10.003515,6519,1,31,0
64.599243,0.009118,-0.326816,-1.061305,0.000005,0.000006,-0.003910,-0.000026,-0.000330,-0.021460,-0.000034,0.000003,0.000001,10.000000,15.000000,-8.000000,0.038699,0.184633,0.000001,0.000000,0.000000,0.000000,0.019167,1582.000000,0.000000,34.121140,-1356.852661,-692.391113,-0.000027,0.000000,10.003476,6519,1,31,0
64.601196,0.009118,-0.326816,-1.061313,0.000005,0.000006,-0.003953,-0.000029,-0.000339,-0.021416,-0.000035,0.000003,0.000001,10.000000,15.000000,-8.000000,0.038691,0.184633,0.000001,0.000000,0.000000,0.000000,0.019167,1582.000000,0.000000,34.121140,-1356.852661,-692.391113,-0.000025,0.000000,10.003437,6519,1,31,0
64.603149,0.009118,-0.326816,-1.061321,0.000005,0.000005,-0.003996,-0.000033,-0.000348,-0.021376,-0.000036,0.000004,0.000001,10.000000,15.000000,-8.000000,0.038683,0.184633,0.000001,0.000000,0.000000,0.000000,0.019167,1582.000000,0.000000,34.121140,-1356.852661,-692.391113,-0.000024,0.000000,10.003397,6519,1,31,0
64.605103,0.009118,-0.326816,-1.061329,0.000005,0.000004,-0.004038,-0.000037,-0.000357,-0.021339,-0.000037,0.000004,0.000001,10.000000,15.000000,-8.000000,0.038675,0.184633,0.000001,0.000000,0.000000,0.000000,0.019167,1582.000000,0.000000,34.121140,-1356.852661,-692.391113,-0.000023,0.000000,10.003357,6519,1,31,0
64.607056,0.009118,-0.326816,-1.061337,0.000005,0.000004,-0.004081,-0.000041,-0.000365,-0.021306,-0.000038,0.000004,0.000001,10.000000,15.000000,-8.000000,0.038667,0.184633,0.000001,0.000000,0.000000,0.000000,0.019167,1582.000000,0.000000,34.121140,-1356.852661,-692.391113,-0.000022,0.000000,10.003316,6519,1,31,0
64.609009,0.009118,-0.326816,-1.061345,0.000005,0.000003,-0.004124,-0.000044,-0.000373,-0.021276,-0.000038,0.000005,0.000001,10.000000,15.000000,-8.000000,0.038659,0.184633,0.000001,0.000000,0.000000,0.000000,0.019167,1582.000000,0.000000,34.121140,-1356.852661,-692.391113,-0.000021,0.000000,10.003274,6519,1,31,0
64.610962,0.009118,-0.326816,-1.061353,0.000005,0.000002,-0.004166,-0.000048,-0.000380,-0.021248,-0.000039,0.000005,0.000001,10.000000,15.000000,-8.000000,0.038651,0.184633,0.000001,0.000000,0.000000,0.000000,0.019167,1582.000000,0.000000,34.121140,-1356.852661,-692.391113,-0.000020,0.000000,10.003233,6519,1,31,0
64.612915,0.009118,-0.326816,-1.061362,0.000005,0.000001,-0.004209,-0.000052,-0.000387,-0.021223,-0.000040,0.000006,0.000001,10.000000,15.000000,-8.000000,0.038642,0.184633,0.000001,0.000000,0.000000,0.000000,0.019167,1582.000000,0.000000,34.121140,-1356.852661,-692.391113,-0.000020,0.000000,10.003191,6519,1,31,0
64.614868,0.009118,-0.326816,-1.061370,0.000005,0.000000,-0.004251,-0.000056,-0.000393,-0.021201,-0.000040,0.000006,0.000000,10.000000,15.000000,-14.000000,0.038634,0.184633,0.000001,0.000000,0.000000,0.000000,0.019167,1524.000000,0.000000,34.121140,-1356.852661,-692.391113,-0.000019,0.000000,10.003149,6519,1,31,0
64.616829,0.009118,-0.326816,-1.061379,0.000005,-0.000000,-0.004293,-0.000060,-0.000398,-0.021181,-0.000041,0.000006,0.000000,10.000000,15.000000,-14.000000,0.038625,0.081861,0.000001,0.000000,0.000000,0.069000,-0.273207,1524.000000,-86.956512,-53.479973,-1260.239258,-897.488342,-0.000018,0.000000,10.003107,6519,1,31,0
64.618782,0.009118,-0.326816,-1.061388,0.000004,-0.000001,-0.004336,-0.000064,-0.000403,-0.021163,-0.000041,0.000007,0.000000,10.000000,15.000000,-14.000000,0.038617,0.081861,0.000001,0.000000,0.000000,0.000000,-0.273207,1524.000000,-86.956512,-53.479973,-1260.239258,-897.488342,-0.000018,0.000000,10.003062,6519,1,31,0
64.620735,0.009118,-0.326816,-1.061396,0.000004,-0.000002,-0.004378,-0.000068,-0.000407,-0.021146,-0.000042,0.000007,0.000000,10.000000,15.000000,-14.000000,0.038608,0.081861,0.000001,0.000000,0.000000,0.000000,-0.273207,1524.000000,-86.956512,-53.479973,-1260.239258,-897.488342,-0.000017,0.000000,10.003018,6519,1,31,0
64.622688,0.009118,-0.326816,-1.061405,0.000004,-0.000003,-0.004420,-0.000072,-0.000411,-0.021131,-0.000042,0.000008,0.000000,10.000000,15.000000,-14.000000,0.038599,0.081861,0.000001,0.000000,0.000000,0.000000,-0.273207,1524.000000,-86.956512,-53.479973,-1260.239258,-897.488342,-0.000017,0.000000,10.002975,6519,1,31,0
64.624641,0.009118,-0.326816,-1.061414,0.000004,-0.000004,-0.004462,-0.000076,-0.000414,-0.021117,-0.000042,0.000008,0.000000,10.000000,15.000000,-14.000000,0.038590,0.081861,0.000001,0.000000,0.000000,0.000000,-0.273207,1524.000000,-86.956512,-53.479973,-1260.239258,-897.488342,-0.000016,0.000000,10.002931,6519,1,31,0
64.626595,0.009118,-0.326816,-1.061423,0.000004,-0.000004,-0.004505,-0.000080,-0.000416,-0.021104,-0.000042,0.000008,0.000000,10.000000,15.000000,-14.000000,0.038581,0.081861,0.000001,0.000000,0.000000,0.000000,-0.273207,1524.000000,-86.956512,-53.479973,-1260.239258,-897.488342,-0.000016,0.000000,10.002885,6519,1,31,0
64.628548,0.009118,-0.326816,-1.061432,0.000004,-0.000005,-0.004547,-0.000084,-0.000417,-0.021093,-0.000043,0.000009,0.000000,10.000000,15.000000,-14.000000,0.038573,0.081861,0.000001,0.000000,0.000000,0.000000,-0.273207,1524.000000,-86.956512,-53.479973,-1260.239258,-897.488342,-0.000015,0.000000,10.002840,6519,1,31,0
64.630501,0.009118,-0.326816,-1.061441,0.000003,-0.000006,-0.004589,-0.000088,-0.000418,-0.021083,-0.000043,0.000009,0.000000,10.000000,15.000000,-14.000000,0.038563,0.081861,0.000001,0.000000,0.000000,0.000000,-0.273207,1524.000000,-86.956512,-53.479973,-1260.239258,-897.488342,-0.000015,0.000000,10.002794,6519,1,31,0
64.632462,0.009118,-0.326816,-1.061450,0.000003,-0.000007,-0.004631,-0.000092,-0.000418,-0.021074,-0.000043,0.000010,0.000000,10.000000,15.000000,-14.000000,0.038554,0.081861,0.000001,0.000000,0.000000,0.000000,-0.273207,1524.000000,-86.956512,-53.479973,-1260.239258,-897.488342,-0.000014,0.000000,10.002748,6519,0,31,0
64.634415,0.009118,-0.326816,-1.061460,0.000003,-0.000008,-0.004673,-0.000097,-0.000417,-0.021065,-0.000042,0.000010,0.000000,10.000000,15.000000,-14.000000,0.038545,0.081861,0.000001,0.000000,0.000000,0.000000,-0.273207,1524.000000,-86.956512,-53.479973,-1260.239258,-897.488342,-0.000014,0.000000,10.002702,6519,0,31,0
64.636368,0.009118,-0.326816,-1.061469,0.000003,-0.000009,-0.004715,-0.000101,-0.000416,-0.021058,-0.000042,0.000010,0.000000,10.000000,15.000000,-14.000000,0.038536,0.081861,0.000001,0.000000,0.000000,0.000000,-0.273207,1524.000000,-86.956512,-53.479973,-1260.239258,-897.488342,-0.000014,0.000000,10.002654,6519,0,31,0
64.638321,0.009118,-0.326816,-1.061479,0.000003,-0.000009,-0.004758,-0.000105,-0.000414,-0.021051,-0.000042,0.000011,0.000000,10.000000,15.000000,-14.000000,0.038526,0.081861,0.000001,0.000000,0.000000,0.000000,-0.273207,1524.000000,-86.956512,-53.479973,-1260.239258,-897.488342,-0.000013,0.000000,10.002606,6519,0,31,0
64.640274,0.009118,-0.326816,-1.061488,0.000002,-0.000010,-0.004800,-0.000109,-0.000411,-0.021045,-0.000042,0.000011,0.000000,10.000000,15.000000,-14.000000,0.038517,0.081861,0.000001,0.000000,0.000000,0.000000,-0.273207,1524.000000,-86.956512,-53.479973,-1260.239258,-897.488342,-0.000013,0.000000,10.002559,6519,0,31,0
64.642227,0.009118,-0.326816,-1.061498,0.000002,-0.000011,-0.004842,-0.000113,-0.000408,-0.021039,-0.000041,0.000012,0.000000,10.000000,15.000000,-14.000000,0.038507,0.081861,0.000001,0.000000,0.000000,0.000000,-0.273207,1524.000000,-86.956512,-53.479973,-1260.239258,-897.488342,-0.000013,0.000000,10.002511,6519,0,31,0
64.644180,0.009118,-0.326816,-1.061508,0.000002,-0.000012,-0.004884,-0.000117,-0.000404,-0.021034,-0.000041,0.000012,0.000000,10.000000,15.000000,-14.000000,0.038497,0.081861,0.000001,0.000000,0.000000,0.000000,-0.273207,1524.000000,-86.956512,-53.479973,-1260.239258,-897.488342,-0.000012,0.000000,10.002462,6519,0,31,0
64.646133,0.009118,-0.326816,-1.061517,0.000002,-0.000013,-0.004926,-0.000120,-0.000400,-0.021029,-0.000040,0.000012,0.000000,10.000000,15.000000,-14.000000,0.038487,0.081861,0.000001,0.000000,0.000000,0.000000,-0.273207,1524.000000,-86.956512,-53.479973,-1260.239258,-897.488342,-0.000012,0.000000,10.002413,6519,0,31,0
64.648087,0.009118,-0.326816,-1.061527,0.000002,-0.000013,-0.004968,-0.000123,-0.000395,-0.021024,-0.000040,0.000013,-0.000000,10.000000,15.000000,-14.000000,0.038478,0.081861,0.000001,0.000000,0.000000,0.000000,-0.273207,1524.000000,-86.956512,-53.479973,-1260.239258,-897.488342,-0.000012,0.000000,10.002363,6518,0,31,0
64.650047,0.009118,-0.326816,-1.061537,0.000001,-0.000014,-0.005010,-0.000126,-0.000390,-0.020915,-0.000039,0.000013,-0.000000,10.000000,15.000000,-14.000000,0.038468,0.081861,0.000001,0.000000,0.000000,0.000000,-0.273207,1524.000000,-86.956512,-53.479973,-1260.239258,-897.488342,-0.000012,0.000000,10.002314,6518,0,31,0
64.652000,0.009118,-0.326816,-1.061548,0.000001,-0.000015,-0.005051,-0.000129,-0.000385,-0.020780,-0.000039,0.000013,-0.000000,10.000000,15.000000,-14.000000,0.038458,0.081861,0.000001,0.000000,0.000000,0.000000,-0.273207,1524.000000,-86.956512,-53.479973,-1260.239258,-897.488342,-0.000012,0.000000,10.002263,6518,0,31,0
64.653954,0.009118,-0.326816,-1.061558,0.000001,-0.000016,-0.005093,-0.000131,-0.000379,-0.020659,-0.000038,0.000013,-0.000000,10.000000,15.000000,-14.000000,0.038447,0.081861,0.000001,0.000000,0.000000,0.000000,-0.273207,1524.000000,-86.956512,-53.479973,-1260.239258,-897.488342,-0.000012,0.000000,10.002213,6518,0,31,0
64.655907,0.009118,-0.326816,-1.061568,0.000000,-0.000017,-0.005134,-0.000133,-0.000373,-0.020548,-0.000038,0.000014,-0.000000,10.000000,15.000000,-14.000000,0.038437,0.081861,0.000001,0.000000,0.000000,0.000000,-0.273207,1524.000000,-86.956512,-53.479973,-1260.239258,-897.488342,-0.000012,0.000000,10.002161,6518,0,31,0
64.657860,0.009118,-0.326816,-1.061578,0.000000,-0.000017,-0.005175,-0.000134,-0.000367,-0.020448,-0.000037,0.000014,-0.000000,10.000000,15.000000,-14.000000,0.038427,0.081861,0.000001,0.000000,0.000000,0.000000,-0.273207,1524.000000,-86.956512,-53.479973,-1260.239258,-897.488342,-0.000011,0.000000,10.002110,6518,0,31,0
64.659813,0.009118,-0.326816,-1.061589,-0.000000,-0.000018,-0.005216,-0.000135,-0.000361,-0.020358,-0.000036,0.000014,-0.000000,10.000000,15.000000,-14.000000,0.038417,0.081861,0.000001,0.000000,0.000000,0.000000,-0.273207,1524.000000,-86.956512,-53.479973,-1260.239258,-897.488342,-0.000011,0.000000,10.002058,6518,0,31,0
64.661766,0.009118,-0.326816,-1.061599,-0.000000,-0.000019,-0.005256,-0.000136,-0.000354,-0.020276,-0.000036,0.000014,-0.000000,10.000000,15.000000,-14.000000,0.038406,0.081861,0.000001,0.000000,0.000000,0.000000,-0.273207,1524.000000,-86.956512,-53.479973,-1260.239258,-897.488342,-0.000011,0.000000,10.002006,6518,0,31,0
64.663719,0.009118,-0.326816,-1.061610,-0.000001,-0.000019,-0.005297,-0.000136,-0.000348,-0.020201,-0.000035,0.000014,-0.000000,10.000000,15.000000,-14.000000,0.038396,0.081861,0.000001,0.000000,0.000000,0.000000,-0.273207,1524.000000,-86.956512,-53.479973,-1260.239258,-897.488342,-0.000011,0.000000,10.001952,6518,0,31,0
64.665672,0.009118,-0.326816,-1.061620,-0.000001,-0.000020,-0.005337,-0.000136,-0.000341,-0.020134,-0.000034,0.000014,-0.000000,10.000000,15.000000,-14.000000,0.038385,0.081861,0.000001,0.000000,0.000000,0.000000,-0.273207,1524.000000,-86.956512,-53.479973,-1260.239258,-897.488342,-0.000011,0.000000,10.001899,6518,0,31,0
64.667633,0.009118,-0.326817,-1.061631,-0.000001,-0.000021,-0.005377,-0.000135,-0.000334,-0.020073,-0.000034,0.000014,-0.000000,10.000000,15.000000,-14.000000,0.038374,0.081861,0.000001,0.000000,0.000000,0.000000,-0.273207,1524.000000,-86.956512,-53.479973,-1260.239258,-897.488342,-0.000011,0.000000,10.001845,6518,0,31,0
64.669586,0.009118,-0.326817,-1.061642,-0.000001,-0.000021,-0.005417,-0.000134,-0.000327,-0.020017,-0.000033,0.000014,-0.000000,10.000000,15.000000,-14.000000,0.038363,0.081861,0.000001,0.000000,0.000000,0.000000,-0.273207,1524.000000,-86.956512,-53.479973,-1260.239258,-897.488342,-0.000011,0.000000,10.001791,6518,0,31,0
64.671539,0.009118,-0.326817,-1.061653,-0.000002,-0.000022,-0.005457,-0.000132,-0.000319,-0.019967,-0.000032,0.000013,-0.000000,10.000000,15.000000,-14.000000,0.038353,0.081861,0.000001,0.000000,0.000000,0.000000,-0.273207,1524.000000,-86.956512,-53.479973,-1260.239258,-897.488342,-0.000011,0.000000,10.001736,6518,0,31,0
64.673492,0.009118,-0.326817,-1.061664,-0.000002,-0.000023,-0.005497,-0.000130,-0.000312,-0.019921,-0.000031,0.000013,-0.000000,10.000000,15.000000,-14.000000,0.038342,0.081861,0.000001,0.000000,0.000000,0.000000,-0.273207,1524.000000,-86.956512,-53.479973,-1260.239258,-897.488342,-0.000011,0.000000,10.001681,6518,0,31,0
64.675446,0.009118,-0.326817,-1.061675,-0.000002,-0.000023,-0.005537,-0.000127,-0.000305,-0.019879,-0.000031,0.000013,-0.000000,10.000000,15.000000,-14.000000,0.038331,0.081861,0.000001,0.000000,0.000000,0.000000,-0.273207,1524.000000,-86.956512,-53.479973,-1260.239258,-897.488342,-0.000011,0.000000,10.001626,6518,0,31,0
64.677399,0.009118,-0.326817,-1.061686,-0.000002,-0.000024,-0.005577,-0.000124,-0.000297,-0.019841,-0.000030,0.000012,-0.000000,10.000000,15.000000,-14.000000,0.038320,0.081861,0.000001,0.000000,0.000000,0.000000,-0.273207,1524.000000,-86.956512,-53.479973,-1260.239258,-897.488342,-0.000011,0.000000,10.001571,6518,0,31,0
64.679352,0.009118,-0.326817,-1.061697,-0.000003,-0.000024,-0.005616,-0.000120,-0.000289,-0.019807,-0.000029,0.000012,-0.000000,10.000000,15.000000,-14.000000,0.038309,0.081861,0.000001,0.000000,0.000000,0.000000,-0.273207,1524.000000,-86.956512,-53.479973,-1260.239258,-897.488342,-0.000011,0.000000,10.001515,6518,0,31,0
64.681305,0.009118,-0.326817,-1.061708,-0.000003,-0.000025,-0.005656,-0.000116,-0.000282,-0.019776,-0.000028,0.000012,-0.000000,10.000000,15.000000,-14.000000,0.038297,0.081861,0.000001,0.000000,0.000000,0.000000,-0.273207,1524.000000,-86.956512,-53.479973,-1260.239258,-897.488342,-0.000011,0.000000,10.001457,6518,0,31,0
64.683266,0.009118,-0.326817,-1.061720,-0.000003,-0.000026,-0.005695,-0.000111,-0.000274,-0.019748,-0.000027,0.000011,-0.000000,10.000000,15.000000,-14.000000,0.038286,0.081861,0.000001,0.000000,0.000000,0.000000,-0.273207,1524.000000,-86.956512,-53.479973,-1260.239258,-897.488342,-0.000011,0.000000,10.001401,6518,0,31,0
64.685219,0.009118,-0.326817,-1.061731,-0.000003,-0.000026,-0.005735,-0.000106,-0.000266,-0.019723,-0.000027,0.000010,-0.000000,10.000000,15.000000,-14.000000,0.038274,0.081861,0.000001,0.000000,0.000000,0.000000,-0.273207,1524.000000,-86.956512,-53.479973,-1260.239258,-897.488342,-0.000011,0.000000,10.001344,6518,0,31,0
64.687172,0.009118,-0.326817,-1.061743,-0.000004,-0.000027,-0.005774,-0.000100,-0.000258,-0.019699,-0.000026,0.000010,-0.000000,10.000000,15.000000,-14.000000,0.038263,0.081861,0.000001,0.000000,0.000000,0.000000,-0.273207,1524.000000,-86.956512,-53.479973,-1260.239258,-897.488342,-0.000011,0.000000,10.001287,6518,0,31,0
64.689125,0.009118,-0.326817,-1.061754,-0.000004,-0.000027,-0.005814,-0.000094,-0.000250,-0.019678,-0.000025,0.000009,-0.000000,10.000000,15.000000,-14.000000,0.038251,0.081861,0.000001,0.000000,0.000000,0.000000,-0.273207,1524.000000,-86.956512,-53.479973,-1260.239258,-897.488342,-0.000011,0.000000,10.001228,6518,0,32,0
64.691078,0.009118,-0.326817,-1.061766,-0.000004,-0.000028,-0.005853,-0.000087,-0.000242,-0.019659,-0.000024,0.000008,-0.000000,10.000000,15.000000,-14.000000,0.038240,0.081861,0.000001,0.000000,0.000000,0.000000,-0.273207,1524.000000,-86.956512,-53.479973,-1260.239258,-897.488342,-0.000011,0.000000,10.001169,6518,0,32,0
64.693031,0.009118,-0.326817,-1.061778,-0.000004,-0.000028,-0.005892,-0.000079,-0.000234,-0.019641,-0.000023,0.000008,-0.000001,10.000000,15.000000,-23.000000,0.038228,0.081861,0.000001,0.000000,0.000000,0.000000,-0.273207,1496.000000,-86.956512,-53.479973,-1260.239258,-897.488342,-0.000011,0.000000,10.001111,6518,0,32,0
64.694984,0.009118,-0.326817,-1.061790,-0.000004,-0.000029,-0.005931,-0.000072,-0.000226,-0.019624,-0.000023,0.000007,-0.000001,10.000000,15.000000,-23.000000,0.038216,0.034159,-0.000001,0.000000,0.000000,0.067000,-0.139028,1496.000000,-134.328354,-121.171516,-707.042419,-876.175781,-0.000010,0.000000,10.001052,6518,0,32,0
64.696938,0.009118,-0.326817,-1.061802,-0.000004,-0.000029,-0.005971,-0.000064,-0.000218,-0.019610,-0.000022,0.000006,-0.000001,10.000000,15.000000,-23.000000,0.038204,0.034159,-0.000001,0.000000,0.000000,0.000000,-0.139028,1496.000000,-134.328354,-121.171516,-707.042419,-876.175781,-0.000010,0.000000,10.000993,6518,0,32,0
64.698891,0.009118,-0.326817,-1.061814,-0.000004,-0.000029,-0.006010,-0.000055,-0.000210,-0.019597,-0.000021,0.000005,-0.000001,10.000000,15.000000,-23.000000,0.038192,0.034159,-0.000001,0.000000,0.000000,0.000000,-0.139028,1496.000000,-134.328354,-121.171516,-707.042419,-876.175781,-0.000010,0.000000,10.000933,6518,0,32,0
64.700851,0.009118,-0.326817,-1.061826,-0.000005,-0.000030,-0.006049,-0.000047,-0.000201,-0.019584,-0.000020,0.000004,-0.000001,10.000000,15.000000,-23.000000,0.038180,0.034159,-0.000001,0.000000,0.000000,0.000000,-0.139028,1496.000000,-134.328354,-121.171516,-707.042419,-876.175781,-0.000010,0.000000,10.000872,6517,0,32,0
64.702805,0.009118,-0.326817,-1.061838,-0.000005,-0.000030,-0.006088,-0.000039,-0.000193,-0.019468,-0.000019,0.000004,-0.000001,10.000000,15.000000,-23.000000,0.038168,0.034159,-0.000001,0.000000,0.000000,0.000000,-0.139028,1496.000000,-134.328354,-121.171516,-707.042419,-876.175781,-0.000010,0.000000,10.000811,6517,0,32,0
64.704758,0.009118,-0.326818,-1.061850,-0.000005,-0.000031,-0.006127,-0.000031,-0.000185,-0.019328,-0.000018,0.000003,-0.000001,10.000000,15.000000,-23.000000,0.038156,0.034159,-0.000001,0.000000,0.000000,0.000000,-0.139028,1496.000000,-134.328354,-121.171516,-707.042419,-876.175781,-0.000010,0.000000,10.000750,6517,0,32,0
64.706711,0.009118,-0.326818,-1.061862,-0.000005,-0.000031,-0.006165,-0.000022,-0.000177,-0.019201,-0.000018,0.000002,-0.000001,10.000000,15.000000,-23.000000,0.038144,0.034159,-0.000001,0.000000,0.000000,0.000000,-0.139028,1496.000000,-134.328354,-121.171516,-707.042419,-876.175781,-0.000010,0.000000,10.000689,6517,0,32,0
64.708664,0.009118,-0.326818,-1.061875,-0.000005,-0.000031,-0.006203,-0.000014,-0.000169,-0.019085,-0.000017,0.000001,-0.000001,10.000000,15.000000,-23.000000,0.038131,0.034159,-0.000001,0.000000,0.000000,0.000000,-0.139028,1496.000000,-134.328354,-121.171516,-707.042419,-876.175781,-0.000010,0.000000,10.000627,6517,0,32,0
64.710617,0.009118,-0.326818,-1.061887,-0.000005,-0.000032,-0.006241,-0.000007,-0.000160,-0.018981,-0.000016,0.000000,-0.000001,10.000000,15.000000,-23.000000,0.038119,0.034159,-0.000001,0.000000,0.000000,0.000000,-0.139028,1496.000000,-134.328354,-121.171516,-707.042419,-876.175781,-0.000010,0.000000,10.000564,6517,0,32,0
64.712570,0.009118,-0.326818,-1.061900,-0.000005,-0.000032,-0.006279,0.000001,-0.000152,-0.018886,-0.000015,-0.000000,-0.000001,10.000000,15.000000,-23.000000,0.038106,0.034159,-0.000001,0.000000,0.000000,0.000000,-0.139028,1496.000000,-134.328354,-121.171516,-707.042419,-876.175781,-0.000010,0.000000,10.000501,6517,0,32,0
64.714523,0.009118,-0.326818,-1.061912,-0.000005,-0.000032,-0.006317,0.000008,-0.000144,-0.018801,-0.000014,-0.000001,-0.000001,10.000000,15.000000,-23.000000,0.038094,0.034159,-0.000001,0.000000,0.000000,0.000000,-0.139028,1496.000000,-134.328354,-121.171516,-707.042419,-876.175781,-0.000010,0.000000,10.000439,6517,0,32,0
64.716476,0.009118,-0.326818,-1.061925,-0.000005,-0.000033,-0.006354,0.000015,-0.000135,-0.018722,-0.000013,-0.000002,-0.000001,10.000000,15.000000,-23.000000,0.038081,0.034159,-0.000001,0.000000,0.000000,0.000000,-0.139028,1496.000000,-134.328354,-121.171516,-707.042419,-876.175781,-0.000010,0.000000,10.000376,6517,0,32,0
64.718437,0.009118,-0.326818,-1.061938,-0.000005,-0.000033,-0.006392,0.000022,-0.000127,-0.018651,-0.000013,-0.000003,-0.000001,10.000000,15.000000,-23.000000,0.038069,0.034159,-0.000001,0.000000,0.000000,0.000000,-0.139028,1496.000000,-134.328354,-121.171516,-707.042419,-876.175781,-0.000010,0.000000,10.000312,6517,0,32,0
64.720390,0.009118,-0.326818,-1.061951,-0.000005,-0.000033,-0.006429,0.000028,-0.000119,-0.018587,-0.000012,-0.000003,-0.000001,10.000000,15.000000,-23.000000,0.038056,0.034159,-0.000001,0.000000,0.000000,0.000000,-0.139028,1496.000000,-134.328354,-121.171516,-707.042419,-876.175781,-0.000010,0.000000,10.000246,6517,0,32,0
64.722343,0.009118,-0.326818,-1.061964,-0.000005,-0.000033,-0.006466,0.000034,-0.000110,-0.018529,-0.000011,-0.000004,-0.000001,10.000000,15.000000,-23.000000,0.038043,0.034159,-0.000001,0.000000,0.000000,0.000000,-0.139028,1496.000000,-134.328354,-121.171516,-707.042419,-876.175781,-0.000010,0.000000,10.000182,6517,0,32,0
64.724297,0.009118,-0.326818,-1.061977,-0.000005,-0.000033,-0.006503,0.000039,-0.000102,-0.018476,-0.000010,-0.000004,-0.000001,10.000000,15.000000,-23.000000,0.038030,0.034159,-0.000001,0.000000,0.000000,0.000000,-0.139028,1496.000000,-134.328354,-121.171516,-707.042419,-876.175781,-0.000010,0.000000,10.000117,6517,0,32,0
64.726250,0.009118,-0.326818,-1.061990,-0.000004,-0.000034,-0.006540,0.000044,-0.000093,-0.018429,-0.000009,-0.000005,-0.000001,10.000000,15.000000,-23.000000,0.038017,0.034159,-0.000001,0.000000,0.000000,0.000000,-0.139028,1496.000000,-134.328354,-121.171516,-707.042419,-876.175781,-0.000010,0.000000,10.000052,6517,0,32,0
64.728203,0.009118,-0.326818,-1.062003,-0.000004,-0.000034,-0.006577,0.000049,-0.000085,-0.018385,-0.000008,-0.000005,-0.000001,10.000000,15.000000,-23.000000,0.038004,0.034159,-0.000001,0.000000,0.000000,0.000000,-0.139028,1496.000000,-134.328354,-121.171516,-707.042419,-876.175781,-0.000010,0.000000,9.999987,6517,0,32,0
64.730156,0.009118,-0.326818,-1.062016,-0.000004,-0.000034,-0.006613,0.000053,-0.000077,-0.018346,-0.000007,-0.000006,-0.000001,10.000000,15.000000,-23.000000,0.037991,0.034159,-0.000001,0.000000,0.000000,0.000000,-0.139028,1496.000000,-134.328354,-121.171516,-707.042419,-876.175781,-0.000010,0.000000,9.999920,6517,0,32,0
64.732109,0.009118,-0.326818,-1.062029,-0.000004,-0.000034,-0.006650,0.000056,-0.000068,-0.018309,-0.000007,-0.000006,-0.000001,10.000000,15.000000,-23.000000,0.037977,0.034159,-0.000001,0.000000,0.000000,0.000000,-0.139028,1496.000000,-134.328354,-121.171516,-707.042419,-876.175781,-0.000010,0.000000,9.999854,6517,0,32,0
64.734070,0.009118,-0.326819,-1.062043,-0.000004,-0.000034,-0.006687,0.000059,-0.000060,-0.018277,-0.000006,-0.000006,-0.000001,10.000000,15.000000,-23.000000,0.037964,0.034159,-0.000001,0.000000,0.000000,0.000000,-0.139028,1496.000000,-134.328354,-121.171516,-707.042419,-876.175781,-0.000010,0.000000,9.999787,6517,0,32,0
64.736023,0.009118,-0.326819,-1.062056,-0.000004,-0.000034,-0.006723,0.000061,-0.000052,-0.018248,-0.000005,-0.000006,-0.000001,10.000000,15.000000,-23.000000,0.037951,0.034159,-0.000001,0.000000,0.000000,0.000000,-0.139028,1496.000000,-134.328354,-121.171516,-707.042419,-876.175781,-0.000010,0.000000,9.999721,6517,0,32,0
64.737976,0.009118,-0.326819,-1.062070,-0.000004,-0.000034,-0.006760,0.000063,-0.000043,-0.018222,-0.000004,-0.000007,-0.000001,10.000000,15.000000,-23.000000,0.037937,0.034159,-0.000001,0.000000,0.000000,0.000000,-0.139028,1496.000000,-134.328354,-121.171516,-707.042419,-876.175781,-0.000010,0.000000,9.999653,6517,0,32,0
64.739929,0.009118,-0.326819,-1.062083,-0.000004,-0.000034,-0.006796,0.000064,-0.000035,-0.018198,-0.000003,-0.000007,-0.000001,10.000000,15.000000,-23.000000,0.037924,0.034159,-0.000001,0.000000,0.000000,0.000000,-0.139028,1496.000000,-134.328354,-121.171516,-707.042419,-876.175781,-0.000010,0.000000,9.999584,6517,0,32,0
64.741882,0.009118,-0.326819,-1.062097,-0.000004,-0.000035,-0.006832,0.000065,-0.000026,-0.018176,-0.000002,-0.000007,-0.000001,10.000000,15.000000,-23.000000,0.037910,0.034159,-0.000001,0.000000,0.000000,0.000000,-0.139028,1496.000000,-134.328354,-121.171516,-707.042419,-876.175781,-0.000010,0.000000,9.999516,6517,0,31,0
64.743835,0.009118,-0.326819,-1.062111,-0.000003,-0.000035,-0.006869,0.000065,-0.000018,-0.018157,-0.000001,-0.000007,-0.000001,10.000000,15.000000,-23.000000,0.037896,0.034159,-0.000001,0.000000,0.000000,0.000000,-0.139028,1496.000000,-134.328354,-121.171516,-707.042419,-876.175781,-0.000010,0.000000,9.999448,6517,0,31,0
64.745789,0.009118,-0.326819,-1.062124,-0.000003,-0.000035,-0.006905,0.000065,-0.000009,-0.018140,-0.000001,-0.000007,-0.000001,10.000000,15.000000,-23.000000,0.037883,0.034159,-0.000001,0.000000,0.000000,0.000000,-0.139028,1496.000000,-134.328354,-121.171516,-707.042419,-876.175781,-0.000010,0.000000,9.999379,6517,0,31,0
64.747742,0.009118,-0.326819,-1.062138,-0.000003,-0.000035,-0.006941,0.000064,-0.000001,-0.018124,0.000000,-0.000006,-0.000001,10.000000,15.000000,-23.000000,0.037869,0.034159,-0.000001,0.000000,0.000000,0.000000,-0.139028,1496.000000,-134.328354,-121.171516,-707.042419,-876.175781,-0.000010,0.000000,9.999310,6516,0,31,0
64.749695,0.009118,-0.326819,-1.062152,-0.000003,-0.000035,-0.006977,0.000063,0.000007,-0.018004,0.000001,-0.000006,-0.000001,10.000000,15.000000,-23.000000,0.037855,0.034159,-0.000001,0.000000,0.000000,0.000000,-0.139028,1496.000000,-134.328354,-121.171516,-707.042419,-876.175781,-0.000010,0.000000,9.999241,6516,0,31,0
64.751656,0.009118,-0.326819,-1.062166,-0.000003,-0.000035,-0.007013,0.000062,0.000016,-0.017861,0.000002,-0.000006,-0.000001,10.000000,15.000000,-34.000000,0.037841,0.034159,-0.000001,0.000000,0.000000,0.000000,-0.139028,1460.000000,-134.328354,-121.171516,-707.042419,-876.175781,-0.000010,0.000000,9.999169,6516,0,31,0
64.753609,0.009118,-0.326819,-1.062180,-0.000003,-0.000035,-0.007049,0.000060,0.000024,-0.017732,0.000003,-0.000006,-0.000001,10.000000,15.000000,-34.000000,0.037827,-0.012146,-0.000001,0.000000,0.000000,0.067000,-0.182891,1460.000000,-164.179138,-168.175781,-445.534180,-762.774536,-0.000010,0.000000,9.999100,6516,0,31,0
64.755562,0.009118,-0.326819,-1.062194,-0.000003,-0.000034,-0.007084,0.000059,0.000033,-0.017614,0.000004,-0.000006,-0.000001,10.000000,15.000000,-34.000000,0.037813,-0.012146,-0.000001,0.000000,0.000000,0.000000,-0.182891,1460.000000,-164.179138,-168.175781,-445.534180,-762.774536,-0.000010,0.000000,9.999028,6516,0,31,0
64.757515,0.009118,-0.326819,-1.062209,-0.000003,-0.000034,-0.007119,0.000057,0.000041,-0.017507,0.000005,-0.000006,-0.000001,10.000000,15.000000,-34.000000,0.037799,-0.012146,-0.000001,0.000000,0.000000,0.000000,-0.182891,1460.000000,-164.179138,-168.175781,-445.534180,-762.774536,-0.000010,0.000000,9.998958,6516,0,31,0
64.759468,0.009118,-0.326819,-1.062223,-0.000002,-0.000034,-0.007154,0.000055,0.000050,-0.017410,0.000005,-0.000006,-0.000001,10.000000,15.000000,-34.000000,0.037784,-0.012146,-0.000001,0.000000,0.000000,0.000000,-0.182891,1460.000000,-164.179138,-168.175781,-445.534180,-762.774536,-0.000010,0.000000,9.998887,6516,0,31,0
64.761421,0.009118,-0.326819,-1.062237,-0.000002,-0.000034,-0.007188,0.000054,0.000058,-0.017322,0.000006,-0.000005,-0.000001,10.000000,15.000000,-34.000000,0.037770,-0.012146,-0.000001,0.000000,0.000000,0.000000,-0.182891,1460.000000,-164.179138,-168.175781,-445.534180,-762.774536,-0.000010,0.000000,9.998814,6516,0,31,0
64.763374,0.009118,-0.326820,-1.062252,-0.000002,-0.000034,-0.007223,0.000053,0.000067,-0.017242,0.000007,-0.000005,-0.000001,10.000000,15.000000,-34.000000,0.037756,-0.012146,-0.000001,0.000000,0.000000,0.000000,-0.182891,1460.000000,-164.179138,-168.175781,-445.534180,-762.774536,-0.000010,0.000000,9.998742,6516,0,31,0
64.765327,0.009118,-0.326820,-1.062266,-0.000002,-0.000034,-0.007257,0.000051,0.000075,-0.017171,0.000008,-0.000005,-0.000001,10.000000,15.000000,-34.000000,0.037741,-0.012146,-0.000001,0.000000,0.000000,0.000000,-0.182891,1460.000000,-164.179138,-168.175781,-445.534180,-762.774536,-0.000010,0.000000,9.998670,6516,0,31,0
64.767281,0.009118,-0.326820,-1.062281,-0.000002,-0.000034,-0.007292,0.000050,0.000083,-0.017105,0.000009,-0.000005,-0.000001,10.000000,15.000000,-34.000000,0.037727,-0.012146,-0.000001,0.000000,0.000000,0.000000,-0.182891,1460.000000,-164.179138,-168.175781,-445.534180,-762.774536,-0.000010,0.000000,9.998597,6516,0,31,0
64.769241,0.009118,-0.326820,-1.062295,-0.000002,-0.000034,-0.007326,0.000050,0.000092,-0.017046,0.000010,-0.000005,-0.000001,10.000000,15.000000,-34.000000,0.037712,-0.012146,-0.000001,0.000000,0.000000,0.000000,-0.182891,1460.000000,-164.179138,-168.175781,-445.534180,-762.774536,-0.000010,0.000000,9.998524,6516,0,31,0
64.771194,0.009118,-0.326820,-1.062310,-0.000002,-0.000033,-0.007360,0.000049,0.000100,-0.016992,0.000011,-0.000005,-0.000001,10.000000,15.000000,-34.000000,0.037697,-0.012146,-0.000001,0.000000,0.000000,0.000000,-0.182891,1460.000000,-164.179138,-168.175781,-445.534180,-762.774536,-0.000010,0.000000,9.998451,6516,0,31,0
64.773148,0.009118,-0.326820,-1.062325,-0.000002,-0.000033,-0.007394,0.000049,0.000109,-0.016943,0.000012,-0.000005,-0.000001,10.000000,15.000000,-34.000000,0.037683,-0.012146,-0.000001,0.000000,0.000000,0.000000,-0.182891,1460.000000,-164.179138,-168.175781,-445.534180,-762.774536,-0.000010,0.000000,9.998376,6516,0,31,0
64.775101,0.009118,-0.326820,-1.062340,-0.000002,-0.000033,-0.007427,0.000049,0.000117,-0.016899,0.000012,-0.000005,-0.000001,10.000000,15.000000,-34.000000,0.037668,-0.012146,-0.000001,0.000000,0.000000,0.000000,-0.182891,1460.000000,-164.179138,-168.175781,-445.534180,-762.774536,-0.000010,0.000000,9.998302,6516,0,31,0
64.777054,0.009118,-0.326820,-1.062355,-0.000002,-0.000033,-0.007461,0.000050,0.000126,-0.016859,0.000013,-0.000005,-0.000001,10.000000,15.000000,-34.000000,0.037653,-0.012146,-0.000001,0.000000,0.000000,0.000000,-0.182891,1460.000000,-164.179138,-168.175781,-445.534180,-762.774536,-0.000010,0.000000,9.998227,6516,0,31,0
64.779007,0.009118,-0.326820,-1.062370,-0.000001,-0.000032,-0.007495,0.000051,0.000134,-0.016822,0.000014,-0.000005,-0.000001,10.000000,15.000000,-34.000000,0.037638,-0.012146,-0.000001,0.000000,0.000000,0.000000,-0.182891,1460.000000,-164.179138,-168.175781,-445.534180,-762.774536,-0.000010,0.000000,9.998153,6516,0,31,0
64.780960,0.009118,-0.326820,-1.062385,-0.000001,-0.000032,-0.007528,0.000052,0.000143,-0.016790,0.000015,-0.000005,-0.000001,10.000000,15.000000,-34.000000,0.037623,-0.012146,-0.000001,0.000000,0.000000,0.000000,-0.182891,1460.000000,-164.179138,-168.175781,-445.534180,-762.774536,-0.000010,0.000000,9.998078,6516,0,32,0
64.782913,0.009118,-0.326820,-1.062400,-0.000001,-0.000032,-0.007562,0.000053,0.000151,-0.016758,0.000016,-0.000006,-0.000001,10.000000,15.000000,-34.000000,0.037608,-0.012146,-0.000001,0.000000,0.000000,0.000000,-0.182891,1460.000000,-164.179138,-168.175781,-445.534180,-762.774536,-0.000010,0.000000,9.998002,6516,0,32,0
64.784866,0.009118,-0.326820,-1.062415,-0.000001,-0.000032,-0.007595,0.000055,0.000159,-0.016730,0.000017,-0.000006,-0.000001,10.000000,15.000000,-34.000000,0.037593,-0.012146,-0.000001,0.000000,0.000000,0.000000,-0.182891,1460.000000,-164.179138,-168.175781,-445.534180,-762.774536,-0.000010,0.000000,9.997926,6516,0,32,0
64.786827,0.009118,-0.326820,-1.062430,-0.000001,-0.000031,-0.007629,0.000058,0.000168,-0.016705,0.000018,-0.000006,-0.000001,10.000000,15.000000,-34.000000,0.037578,-0.012146,-0.000001,0.000000,0.000000,0.000000,-0.182891,1460.000000,-164.179138,-168.175781,-445.534180,-762.774536,-0.000010,0.000000,9.997849,6516,0,32,0
64.788780,0.009118,-0.326820,-1.062445,-0.000001,-0.000031,-0.007662,0.000060,0.000176,-0.016682,0.000018,-0.000006,-0.000002,10.000000,15.000000,-34.000000,0.037562,-0.012146,-0.000001,0.000000,0.000000,0.000000,-0.182891,1460.000000,-164.179138,-168.175781,-445.534180,-762.774536,-0.000010,0.000000,9.997773,6515,0,32,0
64.790733,0.009118,-0.326820,-1.062461,-0.000001,-0.000030,-0.007695,0.000063,0.000185,-0.016556,0.000019,-0.000006,-0.000002,10.000000,15.000000,-34.000000,0.037547,-0.012146,-0.000001,0.000000,0.000000,0.000000,-0.182891,1460.000000,-164.179138,-168.175781,-445.534180,-762.774536,-0.000010,0.000000,9.997697,6515,0,32,0
64.792686,0.009118,-0.326821,-1.062476,-0.000001,-0.000030,-0.007728,0.000065,0.000193,-0.016406,0.000020,-0.000007,-0.000002,10.000000,15.000000,-34.000000,0.037531,-0.012146,-0.000001,0.000000,0.000000,0.000000,-0.182891,1460.000000,-164.179138,-168.175781,-445.534180,-762.774536,-0.000010,0.000000,9.997620,6515,0,32,0
64.794640,0.009118,-0.326821,-1.062492,-0.000000,-0.000030,-0.007761,0.000067,0.000202,-0.016270,0.000021,-0.000007,-0.000002,10.000000,15.000000,-34.000000,0.037516,-0.012146,-0.000001,0.000000,0.000000,0.000000,-0.182891,1460.000000,-164.179138,-168.175781,-445.534180,-762.774536,-0.000010,0.000000,9.997541,6515,0,32,0
64.796593,0.009118,-0.326821,-1.062507,-0.000000,-0.000029,-0.007793,0.000070,0.000210,-0.016147,0.000022,-0.000007,-0.000002,10.000000,15.000000,-34.000000,0.037501,-0.012146,-0.000001,0.000000,0.000000,0.000000,-0.182891,1460.000000,-164.179138,-168.175781,-445.534180,-762.774536,-0.000010,0.000000,9.997464,6515,0,32,0
64.798546,0.009118,-0.326821,-1.062523,-0.000000,-0.000029,-0.007825,0.000072,0.000219,-0.016036,0.000023,-0.000007,-0.000002,10.000000,15.000000,-34.000000,0.037485,-0.012146,-0.000001,0.000000,0.000000,0.000000,-0.182891,1460.000000,-164.179138,-168.175781,-445.534180,-762.774536,-0.000010,0.000000,9.997386,6515,0,32,0
64.800499,0.009118,-0.326821,-1.062539,-0.000000,-0.000028,-0.007857,0.000074,0.000227,-0.015935,0.000024,-0.000008,-0.000002,10.000000,15.000000,-34.000000,0.037469,-0.012146,-0.000001,0.000000,0.000000,0.000000,-0.182891,1460.000000,-164.179138,-168.175781,-445.534180,-762.774536,-0.000010,0.000000,9.997308,6515,0,32,0
64.802460,0.009118,-0.326821,-1.062554,0.000000,-0.000028,-0.007889,0.000075,0.000236,-0.015844,0.000024,-0.000008,-0.000002,10.000000,15.000000,-34.000000,0.037454,-0.012146,-0.000001,0.000000,0.000000,0.000000,-0.182891,1460.000000,-164.179138,-168.175781,-445.534180,-762.774536,-0.000010,0.000000,9.997229,6515,0,32,0
64.804413,0.009118,-0.326821,-1.062570,0.000000,-0.000027,-0.007921,0.000077,0.000244,-0.015761,0.000025,-0.000008,-0.000002,10.000000,15.000000,-34.000000,0.037438,-0.012146,-0.000001,0.000000,0.000000,0.000000,-0.182891,1460.000000,-164.179138,-168.175781,-445.534180,-762.774536,-0.000010,0.000000,9.997149,6515,0,32,0
64.806366,0.009118,-0.326821,-1.062586,0.000000,-0.000027,-0.007952,0.000078,0.000252,-0.015685,0.000026,-0.000008,-0.000002,10.000000,15.000000,-34.000000,0.037422,-0.012146,-0.000001,0.000000,0.000000,0.000000,-0.182891,1460.000000,-164.179138,-168.175781,-445.534180,-762.774536,-0.000010,0.000000,9.997069,6515,0,32,0
64.808319,0.009118,-0.326821,-1.062602,0.000001,-0.000026,-0.007983,0.000078,0.000261,-0.015617,0.000027,-0.000008,-0.000002,10.000000,15.000000,-34.000000,0.037406,-0.012146,-0.000001,0.000000,0.000000,0.000000,-0.182891,1460.000000,-164.179138,-168.175781,-445.534180,-762.774536,-0.000010,0.000000,9.996990,6515,0,32,0
64.810272,0.009118,-0.326821,-1.062618,0.000001,-0.000026,-0.008014,0.000079,0.000269,-0.015555,0.000028,-0.000008,-0.000002,10.000000,14.000000,-46.000000,0.037390,-0.012146,-0.000001,0.000000,0.000000,0.000000,-0.182891,1426.000000,-164.179138,-168.175781,-445.534180,-762.774536,-0.000010,0.000000,9.996910,6515,0,32,0
64.812225,0.009118,-0.326821,-1.062634,0.000001,-0.000025,-0.008045,0.000079,0.000278,-0.015498,0.000029,-0.000008,-0.000002,10.000000,14.000000,-46.000000,0.037374,-0.046917,0.000000,0.000000,0.000000,0.066000,-0.179563,1426.000000,-181.818146,-196.569702,-267.257629,-612.978638,-0.000010,0.000000,9.996830,6515,0,32,0
64.814178,0.009118,-0.326821,-1.062650,0.000001,-0.000025,-0.008076,0.000078,0.000286,-0.015448,0.000030,-0.000008,-0.000002,10.000000,14.000000,-46.000000,0.037358,-0.046917,0.000000,0.000000,0.000000,0.000000,-0.179563,1426.000000,-181.818146,-196.569702,-267.257629,-612.978638,-0.000010,0.000000,9.996750,6515,0,32,0
64.816132,0.009118,-0.326821,-1.062667,0.000001,-0.000024,-0.008107,0.000077,0.000295,-0.015401,0.000030,-0.000008,-0.000002,10.000000,14.000000,-46.000000,0.037342,-0.046917,0.000000,0.000000,0.000000,0.000000,-0.179563,1426.000000,-181.818146,-196.569702,-267.257629,-612.978638,-0.000010,0.000000,9.996668,6515,0,32,0
64.818085,0.009118,-0.326821,-1.062683,0.000001,-0.000024,-0.008138,0.000075,0.000303,-0.015359,0.000031,-0.000008,-0.000002,10.000000,14.000000,-46.000000,0.037325,-0.046917,0.000000,0.000000,0.000000,0.000000,-0.179563,1426.000000,-181.818146,-196.569702,-267.257629,-612.978638,-0.000010,0.000000,9.996587,6515,0,32,0
64.820045,0.009118,-0.326821,-1.062699,0.000001,-0.000023,-0.008169,0.000073,0.000312,-0.015321,0.000032,-0.000007,-0.000002,10.000000,14.000000,-46.000000,0.037309,-0.046917,0.000000,0.000000,0.000000,0.000000,-0.179563,1426.000000,-181.818146,-196.569702,-267.257629,-612.978638,-0.000010,0.000000,9.996505,6515,0,31,0
64.821999,0.009118,-0.326821,-1.062716,0.000002,-0.000022,-0.008199,0.000071,0.000320,-0.015287,0.000033,-0.000007,-0.000002,10.000000,14.000000,-46.000000,0.037293,-0.046917,0.000000,0.000000,0.000000,0.000000,-0.179563,1426.000000,-181.818146,-196.569702,-267.257629,-612.978638,-0.000010,0.000000,9.996423,6515,0,31,0
64.823952,0.009118,-0.326821,-1.062732,0.000002,-0.000022,-0.008230,0.000068,0.000328,-0.015256,0.000034,-0.000007,-0.000002,10.000000,14.000000,-46.000000,0.037276,-0.046917,0.000000,0.000000,0.000000,0.000000,-0.179563,1426.000000,-181.818146,-196.569702,-267.257629,-612.978638,-0.000010,0.000000,9.996342,6515,0,31,0
64.825905,0.009118,-0.326821,-1.062748,0.000002,-0.000021,-0.008260,0.000064,0.000337,-0.015228,0.000035,-0.000006,-0.000002,10.000000,14.000000,-46.000000,0.037260,-0.046917,0.000000,0.000000,0.000000,0.000000,-0.179563,1426.000000,-181.818146,-196.569702,-267.257629,-612.978638,-0.000010,0.000000,9.996259,6514,0,31,0
64.827858,0.009118,-0.326821,-1.062765,0.000002,-0.000020,-0.008290,0.000061,0.000345,-0.015097,0.000036,-0.000006,-0.000002,10.000000,14.000000,-46.000000,0.037243,-0.046917,0.000000,0.000000,0.000000,0.000000,-0.179563,1426.000000,-181.818146,-196.569702,-267.257629,-612.978638,-0.000010,0.000000,9.996177,6514,0,31,0
64.829811,0.009118,-0.326821,-1.062782,0.000002,-0.000020,-0.008320,0.000057,0.000354,-0.014944,0.000036,-0.000006,-0.000002,10.000000,14.000000,-46.000000,0.037227,-0.046917,0.000000,0.000000,0.000000,0.000000,-0.179563,1426.000000,-181.818146,-196.569702,-267.257629,-612.978638,-0.000010,0.000000,9.996092,6514,0,31,0
64.831764,0.009118,-0.326822,-1.062798,0.000002,-0.000019,-0.008350,0.000053,0.000362,-0.014805,0.000037,-0.000005,-0.000002,10.000000,14.000000,-46.000000,0.037210,-0.046917,0.000000,0.000000,0.000000,0.000000,-0.179563,1426.000000,-181.818146,-196.569702,-267.257629,-612.978638,-0.000010,0.000000,9.996009,6514,-1,31,0
64.833717,0.009118,-0.326822,-1.062815,0.000002,-0.000018,-0.008380,0.000049,0.000371,-0.014678,0.000038,-0.000005,-0.000002,10.000000,14.000000,-46.000000,0.037193,-0.046917,0.000000,0.000000,0.000000,0.000000,-0.179563,1426.000000,-181.818146,-196.569702,-267.257629,-612.978638,-0.000010,0.000000,9.995925,6514,-1,31,0
64.835670,0.009118,-0.326822,-1.062832,0.000002,-0.000017,-0.008409,0.000045,0.000379,-0.014563,0.000039,-0.000004,-0.000002,10.000000,14.000000,-46.000000,0.037177,-0.046917,0.000000,0.000000,0.000000,0.000000,-0.179563,1426.000000,-181.818146,-196.569702,-267.257629,-612.978638,-0.000010,0.000000,9.995842,6514,-1,31,0
64.837631,0.009118,-0.326822,-1.062849,0.000003,-0.000017,-0.008438,0.000040,0.000387,-0.014459,0.000040,-0.000004,-0.000002,10.000000,14.000000,-46.000000,0.037160,-0.046917,0.000000,0.000000,0.000000,0.000000,-0.179563,1426.000000,-181.818146,-196.569702,-267.257629,-612.978638,-0.000010,0.000000,9.995757,6514,-1,31,0
64.839584,0.009118,-0.326822,-1.062866,0.000003,-0.000016,-0.008466,0.000036,0.000395,-0.014365,0.000041,-0.000003,-0.000002,10.000000,14.000000,-46.000000,0.037143,-0.046917,0.000000,0.000000,0.000000,0.000000,-0.179563,1426.000000,-181.818146,-196.569702,-267.257629,-612.978638,-0.000010,0.000000,9.995673,6514,-1,31,0
64.841537,0.009118,-0.326822,-1.062883,0.000003,-0.000015,-0.008495,0.000032,0.000403,-0.014279,0.000041,-0.000003,-0.000002,10.000000,14.000000,-46.000000,0.037126,-0.046917,0.000000,0.000000,0.000000,0.000000,-0.179563,1426.000000,-181.818146,-196.569702,-267.257629,-612.978638,-0.000010,0.000000,9.995588,6514,-1,31,0
64.843491,0.009118,-0.326822,-1.062900,0.000003,-0.000014,-0.008524,0.000028,0.000411,-0.014201,0.000042,-0.000003,-0.000002,10.000000,14.000000,-46.000000,0.037109,-0.046917,0.000000,0.000000,0.000000,0.000000,-0.179563,1426.000000,-181.818146,-196.569702,-267.257629,-612.978638,-0.000011,0.000000,9.995502,6514,-1,31,0
64.845444,0.009118,-0.326822,-1.062917,0.000003,-0.000013,-0.008552,0.000023,0.000418,-0.014131,0.000043,-0.000002,-0.000002,10.000000,14.000000,-46.000000,0.037092,-0.046917,0.000000,0.000000,0.000000,0.000000,-0.179563,1426.000000,-181.818146,-196.569702,-267.257629,-612.978638,-0.000011,0.000000,9.995417,6514,-1,31,0
64.847397,0.009118,-0.326822,-1.062934,0.000003,-0.000013,-0.008580,0.000019,0.000424,-0.014067,0.000044,-0.000002,-0.000002,10.000000,14.000000,-46.000000,0.037075,-0.046917,0.000000,0.000000,0.000000,0.000000,-0.179563,1426.000000,-181.818146,-196.569702,-267.257629,-612.978638,-0.000011,0.000000,9.995331,6514,-1,31,0
64.849350,0.009118,-0.326822,-1.062951,0.000003,-0.000012,-0.008608,0.000015,0.000431,-0.014009,0.000044,-0.000001,-0.000002,10.000000,14.000000,-46.000000,0.037058,-0.046917,0.000000,0.000000,0.000000,0.000000,-0.179563,1426.000000,-181.818146,-196.569702,-267.257629,-612.978638,-0.000011,0.000000,9.995245,6514,-1,31,0
64.851303,0.009118,-0.326822,-1.062968,0.000003,-0.000011,-0.008636,0.000010,0.000436,-0.013957,0.000045,-0.000001,-0.000002,10.000000,14.000000,-46.000000,0.037040,-0.046917,0.000000,0.000000,0.000000,0.000000,-0.179563,1426.000000,-181.818146,-196.569702,-267.257629,-612.978638,-0.000011,0.000000,9.995159,6514,-1,31,0
64.853256,0.009118,-0.326822,-1.062986,0.000003,-0.000010,-0.008664,0.000006,0.000441,-0.013909,0.000045,-0.000000,-0.000002,10.000000,14.000000,-46.000000,0.037023,-0.046917,0.000000,0.000000,0.000000,0.000000,-0.179563,1426.000000,-181.818146,-196.569702,-267.257629,-612.978638,-0.000011,0.000000,9.995072,6514,-1,31,0
64.855217,0.009118,-0.326822,-1.063003,0.000003,-0.000009,-0.008692,0.000001,0.000446,-0.013866,0.000046,0.000000,-0.000002,10.000000,14.000000,-46.000000,0.037006,-0.046917,0.000000,0.000000,0.000000,0.000000,-0.179563,1426.000000,-181.818146,-196.569702,-267.257629,-612.978638,-0.000011,0.000000,9.994986,6514,-1,31,0
64.857170,0.009118,-0.326822,-1.063020,0.000003,-0.000008,-0.008719,-0.000004,0.000450,-0.013827,0.000046,0.000001,-0.000002,10.000000,14.000000,-46.000000,0.036988,-0.046917,0.000000,0.000000,0.000000,0.000000,-0.179563,1426.000000,-181.818146,-196.569702,-267.257629,-612.978638,-0.000011,0.000000,9.994898,6514,-1,31,0
64.859123,0.009118,-0.326822,-1.063038,0.000003,-0.000007,-0.008747,-0.000008,0.000453,-0.013792,0.000046,0.000001,-0.000002,10.000000,14.000000,-46.000000,0.036971,-0.046917,0.000000,0.000000,0.000000,0.000000,-0.179563,1426.000000,-181.818146,-196.569702,-267.257629,-612.978638,-0.000012,0.000000,9.994811,6514,-1,31,0
64.861076,0.009118,-0.326822,-1.063056,0.000003,-0.000006,-0.008774,-0.000013,0.000456,-0.013760,0.000047,0.000002,-0.000002,10.000000,14.000000,-46.000000,0.036953,-0.046917,0.000000,0.000000,0.000000,0.000000,-0.179563,1426.000000,-181.818146,-196.569702,-267.257629,-612.978638,-0.000012,0.000000,9.994723,6513,-1,31,0
64.863029,0.009118,-0.326822,-1.063073,0.000003,-0.000005,-0.008802,-0.000018,0.000458,-0.013624,0.000047,0.000002,-0.000002,10.000000,14.000000,-46.000000,0.036936,-0.046917,0.000000,0.000000,0.000000,0.000000,-0.179563,1426.000000,-181.818146,-196.569702,-267.257629,-612.978638,-0.000012,0.000000,9.994636,6513,-1,31,0
64.864983,0.009118,-0.326822,-1.063091,0.000003,-0.000005,-0.008829,-0.000023,0.000460,-0.013468,0.000047,0.000003,-0.000002,10.000000,14.000000,-46.000000,0.036918,-0.046917,0.000000,0.000000,0.000000,0.000000,-0.179563,1426.000000,-181.818146,-196.569702,-267.257629,-612.978638,-0.000012,0.000000,9.994547,6513,-1,31,0
64.866936,0.009118,-0.326822,-1.063108,0.000003,-0.000004,-0.008855,-0.000027,0.000460,-0.013326,0.000047,0.000003,-0.000002,10.000000,14.000000,-46.000000,0.036901,-0.046917,0.000000,0.000000,0.000000,0.000000,-0.179563,1426.000000,-181.818146,-196.569702,-267.257629,-612.978638,-0.000012,0.000000,9.994459,6513,-1,31,0
64.868889,0.009118,-0.326822,-1.063126,0.000003,-0.000003,-0.008882,-0.000032,0.000460,-0.013196,0.000047,0.000004,-0.000002,10.000000,14.000000,-46.000000,0.036883,-0.046917,0.000000,0.000000,0.000000,0.000000,-0.179563,1426.000000,-181.818146,-196.569702,-267.257629,-612.978638,-0.000012,0.000000,9.994370,6513,-1,31,0
64.870850,0.009118,-0.326822,-1.063144,0.000003,-0.000002,-0.008908,-0.000037,0.000459,-0.013079,0.000047,0.000004,-0.000002,10.000000,14.000000,-46.000000,0.036865,-0.046917,0.000000,0.000000,0.000000,0.000000,-0.179563,1426.000000,-181.818146,-196.569702,-267.257629,-612.978638,-0.000012,0.000000,9.994281,6513,-1,31,0
64.872803,0.009118,-0.326822,-1.063162,0.000002,-0.000001,-0.008934,-0.000043,0.000458,-0.012973,0.000047,0.000005,-0.000002,10.000000,14.000000,-46.000000,0.036847,-0.046917,0.000000,0.000000,0.000000,0.000000,-0.179563,1426.000000,-181.818146,-196.569702,-267.257629,-612.978638,-0.000013,0.000000,9.994191,6513,0,31,0
64.874756,0.009118,-0.326822,-1.063180,0.000002,0.000000,-0.008960,-0.000048,0.000456,-0.012877,0.000046,0.000005,-0.000002,10.000000,14.000000,-46.000000,0.036829,-0.046917,0.000000,0.000000,0.000000,0.000000,-0.179563,1426.000000,-181.818146,-196.569702,-267.257629,-612.978638,-0.000013,0.000000,9.994102,6513,0,31,0
64.876709,0.009118,-0.326822,-1.063198,0.000002,0.000001,-0.008986,-0.000053,0.000453,-0.012790,0.000046,0.000006,-0.000002,10.000000,14.000000,-46.000000,0.036811,-0.046917,0.000000,0.000000,0.000000,0.000000,-0.179563,1426.000000,-181.818146,-196.569702,-267.257629,-612.978638,-0.000013,0.000000,9.994012,6513,0,31,0
64.878662,0.009118,-0.326822,-1.063216,0.000002,0.000002,-0.009011,-0.000058,0.000449,-0.012711,0.000046,0.000006,-0.000003,10.000000,14.000000,-46.000000,0.036793,-0.046917,0.000000,0.000000,0.000000,0.000000,-0.179563,1426.000000,-181.818146,-196.569702,-267.257629,-612.978638,-0.000013,0.000000,9.993922,6513,0,31,0
64.880615,0.009118,-0.326822,-1.063234,0.000002,0.000003,-0.009036,-0.000063,0.000445,-0.012639,0.000045,0.000007,-0.000003,10.000000,14.000000,-46.000000,0.036775,-0.046917,0.000000,0.000000,0.000000,0.000000,-0.179563,1426.000000,-181.818146,-196.569702,-267.257629,-612.978638,-0.000013,0.000000,9.993833,6513,0,31,0
64.882568,0.009118,-0.326822,-1.063252,0.000002,0.000004,-0.009061,-0.000068,0.000440,-0.012574,0.000045,0.000007,-0.000003,10.000000,14.000000,-46.000000,0.036757,-0.046917,0.000000,0.000000,0.000000,0.000000,-0.179563,1426.000000,-181.818146,-196.569702,-267.257629,-612.978638,-0.000013,0.000000,9.993742,6513,0,31,0
64.884521,0.009118,-0.326822,-1.063270,0.000002,0.000005,-0.009087,-0.000073,0.000435,-0.012515,0.000044,0.000008,-0.000003,10.000000,14.000000,-46.000000,0.036739,-0.046917,0.000000,0.000000,0.000000,0.000000,-0.179563,1426.000000,-181.818146,-196.569702,-267.257629,-612.978638,-0.000013,0.000000,9.993650,6513,0,31,0
64.886475,0.009118,-0.326822,-1.063288,0.000002,0.000005,-0.009111,-0.000077,0.000429,-0.012462,0.000043,0.000008,-0.000003,10.000000,14.000000,-46.000000,0.036721,-0.046917,0.000000,0.000000,0.000000,0.000000,-0.179563,1426.000000,-181.818146,-196.569702,-267.257629,-612.978638,-0.000013,0.000000,9.993559,6513,0,31,0
64.888435,0.009118,-0.326822,-1.063306,0.000001,0.000006,-0.009136,-0.000081,0.000423,-0.012413,0.000043,0.000008,-0.000003,10.000000,13.000000,-61.000000,0.036703,-0.046917,0.000000,0.000000,0.000000,0.000000,-0.179563,1332.000000,-181.818146,-196.569702,-267.257629,-612.978638,-0.000014,0.000000,9.993467,6513,0,31,0
64.890388,0.009118,-0.326822,-1.063325,0.000001,0.000007,-0.009161,-0.000085,0.000417,-0.012370,0.000042,0.000009,-0.000003,10.000000,13.000000,-61.000000,0.036684,-0.142844,0.000000,0.000000,0.000000,0.067000,-0.517670,1332.000000,-223.880585,-231.473434,-627.797607,-602.043762,-0.000014,0.000000,9.993377,6513,0,31,0
64.892342,0.009118,-0.326822,-1.063343,0.000001,0.000008,-0.009186,-0.000089,0.000410,-0.012330,0.000041,0.000009,-0.000003,10.000000,13.000000,-61.000000,0.036666,-0.142844,0.000000,0.000000,0.000000,0.000000,-0.517670,1332.000000,-223.880585,-231.473434,-627.797607,-602.043762,-0.000014,0.000000,9.993285,6513,0,31,0
64.894295,0.009118,-0.326822,-1.063362,0.000001,0.000009,-0.009210,-0.000092,0.000403,-0.012294,0.000041,0.000010,-0.000003,10.000000,13.000000,-61.000000,0.036648,-0.142844,0.000000,0.000000,0.000000,0.000000,-0.517670,1332.000000,-223.880585,-231.473434,-627.797607,-602.043762,-0.000014,0.000000,9.993193,6512,0,31,0
64.896248,0.009118,-0.326822,-1.063380,0.000001,0.000010,-0.009235,-0.000095,0.000396,-0.012155,0.000040,0.000010,-0.000003,10.000000,13.000000,-61.000000,0.036629,-0.142844,0.000000,0.000000,0.000000,0.000000,-0.517670,1332.000000,-223.880585,-231.473434,-627.797607,-602.043762,-0.000014,0.000000,9.993101,6512,0,31,0
64.898201,0.009118,-0.326822,-1.063398,0.000001,0.000010,-0.009259,-0.000098,0.000389,-0.011995,0.000039,0.000010,-0.000003,10.000000,13.000000,-61.000000,0.036611,-0.142844,0.000000,0.000000,0.000000,0.000000,-0.517670,1332.000000,-223.880585,-231.473434,-627.797607,-602.043762,-0.000014,0.000000,9.993009,6512,0,31,0
64.900154,0.009118,-0.326822,-1.063417,0.000000,0.000011,-0.009283,-0.000100,0.000381,-0.011850,0.000038,0.000010,-0.000003,10.000000,13.000000,-61.000000,0.036592,-0.142844,0.000000,0.000000,0.000000,0.000000,-0.517670,1332.000000,-223.880585,-231.473434,-627.797607,-602.043762,-0.000014,0.000000,9.992915,6512,0,31,0
64.902107,0.009118,-0.326822,-1.063436,0.000000,0.000012,-0.009306,-0.000102,0.000373,-0.011718,0.000038,0.000011,-0.000003,10.000000,13.000000,-61.000000,0.036574,-0.142844,0.000000,0.000000,0.000000,0.000000,-0.517670,1332.000000,-223.880585,-231.473434,-627.797607,-602.043762,-0.000014,0.000000,9.992822,6512,0,31,1
64.904060,0.009118,-0.326822,-1.063454,-0.000000,0.000013,-0.009329,-0.000104,0.000363,-0.011599,0.000037,0.000011,-0.000003,10.000000,13.000000,-61.000000,0.036555,-0.142844,0.000000,0.000000,0.000000,0.000000,-0.517670,1332.000000,-223.880585,-231.473434,-627.797607,-602.043762,-0.000007,0.000000,9.992729,6512,0,31,1
64.906021,0.009118,-0.326822,-1.063473,-0.000000,0.000013,-0.009352,-0.000105,0.000355,-0.011491,0.000036,0.000011,-0.000003,10.000000,13.000000,-61.000000,0.036536,-0.142844,0.000000,0.000000,0.000000,0.000000,-0.517670,1332.000000,-223.880585,-231.473434,-627.797607,-602.043762,0.000007,0.000000,9.992636,6512,0,31,1
64.907974,0.009118,-0.326822,-1.063492,-0.000000,0.000014,-0.009375,-0.000106,0.000347,-0.011393,0.000035,0.000011,-0.000003,10.000000,13.000000,-61.000000,0.036518,-0.142844,0.000000,0.000000,0.000000,0.000000,-0.517670,1332.000000,-223.880585,-231.473434,-627.797607,-602.043762,0.000019,0.000000,9.992541,6512,0,31,1
64.909927,0.009118,-0.326822,-1.063511,-0.000001,0.000015,-0.009398,-0.000106,0.000338,-0.011303,0.000034,0.000011,-0.000003,10.000000,13.000000,-61.000000,0.036499,-0.142844,0.000000,0.000000,0.000000,0.000000,-0.517670,1332.000000,-223.880585,-231.473434,-627.797607,-602.043762,0.000031,0.000000,9.992448,6512,0,31,1
64.911880,0.009118,-0.326822,-1.063529,-0.000001,0.000015,-0.009420,-0.000106,0.000330,-0.011222,0.000033,0.000011,-0.000003,10.000000,13.000000,-61.000000,0.036480,-0.142844,0.000000,0.000000,0.000000,0.000000,-0.517670,1332.000000,-223.880585,-231.473434,-627.797607,-602.043762,0.000042,0.000000,9.992354,6512,0,31,1
64.913834,0.009118,-0.326822,-1.063548,-0.000001,0.000016,-0.009443,-0.000106,0.000321,-0.011149,0.000032,0.000011,-0.000003,10.000000,13.000000,-61.000000,0.036461,-0.142844,0.000000,0.000000,0.000000,0.000000,-0.517670,1332.000000,-223.880585,-231.473434,-627.797607,-602.043762,0.000052,0.000000,9.992260,6512,0,31,1
64.915787,0.009118,-0.326822,-1.063567,-0.000001,0.000017,-0.009465,-0.000106,0.000312,-0.011083,0.000031,0.000011,-0.000002,10.000000,13.000000,-61.000000,0.036442,-0.142844,0.000000,0.000000,0.000000,0.000000,-0.517670,1332.000000,-223.880585,-231.473434,-627.797607,-602.043762,0.000062,0.000000,9.992165,6512,0,31,0
64.917740,0.009118,-0.326822,-1.063586,-0.000002,0.000017,-0.009487,-0.000106,0.000305,-0.011023,0.000031,0.000011,-0.000002,10.000000,13.000000,-61.000000,0.036423,-0.142844,0.000000,0.000000,0.000000,0.000000,-0.517670,1332.000000,-223.880585,-231.473434,-627.797607,-602.043762,0.000064,0.000000,9.992070,6512,0,31,0
64.919693,0.009118,-0.326821,-1.063605,-0.000002,0.000018,-0.009509,-0.000105,0.000296,-0.010969,0.000030,0.000011,-0.000002,10.000000,13.000000,-61.000000,0.036404,-0.142844,0.000000,0.000000,0.000000,0.000000,-0.517670,1332.000000,-223.880585,-231.473434,-627.797607,-602.043762,0.000059,0.000000,9.991975,6512,0,31,0
64.921654,0.009118,-0.326821,-1.063624,-0.000002,0.000018,-0.009531,-0.000104,0.000287,-0.010919,0.000029,0.000011,-0.000002,10.000000,13.000000,-61.000000,0.036385,-0.142844,0.000000,0.000000,0.000000,0.000000,-0.517670,1332.000000,-223.880585,-231.473434,-627.797607,-602.043762,0.000054,0.000000,9.991879,6512,0,31,0
64.923607,0.009118,-0.326821,-1.063643,-0.000002,0.000019,-0.009553,-0.000103,0.000278,-0.010875,0.000028,0.000010,-0.000002,10.000000,13.000000,-61.000000,0.036366,-0.142844,0.000000,0.000000,0.000000,0.000000,-0.517670,1332.000000,-223.880585,-231.473434,-627.797607,-602.043762,0.000050,0.000000,9.991784,6512,0,31,0
64.925560,0.009118,-0.326821,-1.063662,-0.000002,0.000019,-0.009574,-0.000101,0.000268,-0.010834,0.000027,0.000010,-0.000002,10.000000,13.000000,-61.000000,0.036347,-0.142844,0.000000,0.000000,0.000000,0.000000,-0.517670,1332.000000,-223.880585,-231.473434,-627.797607,-602.043762,0.000046,0.000000,9.991689,6512,0,31,0
64.927513,0.009118,-0.326821,-1.063682,-0.000003,0.000020,-0.009596,-0.000100,0.000259,-0.010797,0.000026,0.000010,-0.000002,10.000000,13.000000,-61.000000,0.036328,-0.142844,0.000000,0.000000,0.000000,0.000000,-0.517670,1332.000000,-223.880585,-231.473434,-627.797607,-602.043762,0.000042,0.000000,9.991593,6511,0,31,0
64.929466,0.009118,-0.326821,-1.063701,-0.000003,0.000020,-0.009617,-0.000098,0.000250,-0.010658,0.000025,0.000010,-0.000002,10.000000,13.000000,-61.000000,0.036309,-0.142844,0.000000,0.000000,0.000000,0.000000,-0.517670,1332.000000,-223.880585,-231.473434,-627.797607,-602.043762,0.000039,0.000000,9.991497,6511,0,31,0
64.931419,0.009118,-0.326821,-1.063720,-0.000003,0.000021,-0.009638,-0.000095,0.000240,-0.010498,0.000024,0.000010,-0.000002,10.000000,13.000000,-61.000000,0.036290,-0.142844,0.000000,0.000000,0.000000,0.000000,-0.517670,1332.000000,-223.880585,-231.473434,-627.797607,-602.043762,0.000036,0.000000,9.991401,6511,0,31,0
64.933372,0.009118,-0.326821,-1.063739,-0.000003,0.000021,-0.009659,-0.000092,0.000231,-0.010352,0.000023,0.000009,-0.000002,10.000000,13.000000,-61.000000,0.036270,-0.142844,0.000000,0.000000,0.000000,0.000000,-0.517670,1332.000000,-223.880585,-231.473434,-627.797607,-602.043762,0.000033,0.000000,9.991303,6511,0,31,0
64.935326,0.009118,-0.326821,-1.063759,-0.000003,0.000022,-0.009680,-0.000089,0.000221,-0.010220,0.000022,0.000009,-0.000002,10.000000,13.000000,-61.000000,0.036251,-0.142844,0.000000,0.000000,0.000000,0.000000,-0.517670,1332.000000,-223.880585,-231.473434,-627.797607,-602.043762,0.000031,0.000000,9.991206,6511,0,31,0
64.937279,0.009118,-0.326821,-1.063778,-0.000003,0.000022,-0.009700,-0.000085,0.000212,-0.010101,0.000021,0.000009,-0.000001,10.000000,13.000000,-61.000000,0.036232,-0.142844,0.000000,0.000000,0.000000,0.000000,-0.517670,1332.000000,-223.880585,-231.473434,-627.797607,-602.043762,0.000029,0.000000,9.991110,6511,0,31,0
64.939240,0.009118,-0.326821,-1.063798,-0.000004,0.000023,-0.009720,-0.000081,0.000202,-0.009993,0.000020,0.000008,-0.000001,10.000000,13.000000,-61.000000,0.036212,-0.142844,0.000000,0.000000,0.000000,0.000000,-0.517670,1332.000000,-223.880585,-231.473434,-627.797607,-602.043762,0.000027,0.000000,9.991013,6511,0,31,0
64.941193,0.009118,-0.326821,-1.063817,-0.000004,0.000023,-0.009740,-0.000077,0.000193,-0.009894,0.000019,0.000008,-0.000001,10.000000,13.000000,-61.000000,0.036193,-0.142844,0.000000,0.000000,0.000000,0.000000,-0.517670,1332.000000,-223.880585,-231.473434,-627.797607,-602.043762,0.000025,0.000000,9.990915,6511,0,31,0
64.943146,0.009118,-0.326821,-1.063837,-0.000004,0.000023,-0.009759,-0.000072,0.000183,-0.009806,0.000018,0.000007,-0.000001,10.000000,13.000000,-61.000000,0.036173,-0.142844,0.000000,0.000000,0.000000,0.000000,-0.517670,1332.000000,-223.880585,-231.473434,-627.797607,-602.043762,0.000024,0.000000,9.990818,6511,0,31,0
64.945099,0.009118,-0.326821,-1.063856,-0.000004,0.000024,-0.009779,-0.000067,0.000173,-0.009725,0.000017,0.000006,-0.000001,10.000000,13.000000,-61.000000,0.036154,-0.142844,0.000000,0.000000,0.000000,0.000000,-0.517670,1332.000000,-223.880585,-231.473434,-627.797607,-602.043762,0.000022,0.000000,9.990720,6511,0,31,0
64.947052,0.009118,-0.326821,-1.063876,-0.000004,0.000024,-0.009798,-0.000061,0.000164,-0.009651,0.000016,0.000006,-0.000001,10.000000,11.000000,-76.000000,0.036134,-0.142844,0.000000,0.000000,0.000000,0.000000,-0.517670,1274.000000,-223.880585,-231.473434,-627.797607,-602.043762,0.000021,0.000000,9.990623,6511,0,32,0
64.949005,0.009118,-0.326821,-1.063895,-0.000004,0.000024,-0.009817,-0.000054,0.000154,-0.009584,0.000015,0.000005,-0.000001,10.000000,11.000000,-76.000000,0.036115,-0.181330,-0.000001,0.000000,0.000000,0.067000,-0.335963,1274.000000,-223.880585,-243.519287,0.000000,-416.296539,0.000020,0.000000,9.990524,6511,0,32,0
64.950958,0.009118,-0.326821,-1.063915,-0.000004,0.000025,-0.009837,-0.000048,0.000144,-0.009523,0.000014,0.000005,-0.000001,10.000000,11.000000,-76.000000,0.036095,-0.181330,-0.000001,0.000000,0.000000,0.000000,-0.335963,1274.000000,-223.880585,-243.519287,0.000000,-416.296539,0.000019,0.000000,9.990425,6511,0,32,0
64.952911,0.009118,-0.326821,-1.063935,-0.000005,0.000025,-0.009856,-0.000041,0.000135,-0.009467,0.000013,0.000004,-0.000001,10.000000,11.000000,-76.000000,0.036075,-0.181330,-0.000001,0.000000,0.000000,0.000000,-0.335963,1274.000000,-223.880585,-243.519287,0.000000,-416.296539,0.000018,0.000000,9.990327,6511,0,32,0
64.954865,0.009118,-0.326821,-1.063954,-0.000005,0.000025,-0.009874,-0.000033,0.000125,-0.009417,0.000012,0.000003,-0.000001,10.000000,11.000000,-76.000000,0.036055,-0.181330,-0.000001,0.000000,0.000000,0.000000,-0.335963,1274.000000,-223.880585,-243.519287,0.000000,-416.296539,0.000017,0.000000,9.990228,6511,0,32,0
64.956825,0.009118,-0.326821,-1.063974,-0.000005,0.000026,-0.009893,-0.000026,0.000115,-0.009371,0.000011,0.000002,-0.000001,10.000000,11.000000,-76.000000,0.036036,-0.181330,-0.000001,0.000000,0.000000,0.000000,-0.335963,1274.000000,-223.880585,-243.519287,0.000000,-416.296539,0.000016,0.000000,9.990129,6510,0,32,0
64.958778,0.009118,-0.326821,-1.063994,-0.000005,0.000026,-0.009912,-0.000019,0.000106,-0.009223,0.000010,0.000002,-0.000001,10.000000,11.000000,-76.000000,0.036016,-0.181330,-0.000001,0.000000,0.000000,0.000000,-0.335963,1274.000000,-223.880585,-243.519287,0.000000,-416.296539,0.000015,0.000000,9.990030,6510,0,32,0
64.960732,0.009118,-0.326821,-1.064014,-0.000005,0.000026,-0.009930,-0.000011,0.000096,-0.009055,0.000009,0.000001,-0.000001,10.000000,11.000000,-76.000000,0.035996,-0.181330,-0.000001,0.000000,0.000000,0.000000,-0.335963,1274.000000,-223.880585,-243.519287,0.000000,-416.296539,0.000014,0.000000,9.989931,6510,0,32,0
64.962685,0.009118,-0.326820,-1.064034,-0.000005,0.000026,-0.009948,-0.000004,0.000086,-0.008903,0.000008,0.000000,-0.000001,10.000000,11.000000,-76.000000,0.035976,-0.181330,-0.000001,0.000000,0.000000,0.000000,-0.335963,1274.000000,-223.880585,-243.519287,0.000000,-416.296539,0.000014,0.000000,9.989832,6510,0,32,0
64.964638,0.009118,-0.326820,-1.064054,-0.000005,0.000026,-0.009965,0.000003,0.000076,-0.008765,0.000007,-0.000001,-0.000001,10.000000,11.000000,-76.000000,0.035956,-0.181330,-0.000001,0.000000,0.000000,0.000000,-0.335963,1274.000000,-223.880585,-243.519287,0.000000,-416.296539,0.000013,0.000000,9.989733,6510,0,32,0
64.966591,0.009118,-0.326820,-1.064074,-0.000005,0.000026,-0.009983,0.000010,0.000067,-0.008639,0.000006,-0.000001,-0.000001,10.000000,11.000000,-76.000000,0.035936,-0.181330,-0.000001,0.000000,0.000000,0.000000,-0.335963,1274.000000,-223.880585,-243.519287,0.000000,-416.296539,0.000013,0.000000,9.989633,6510,0,32,0
64.968544,0.009118,-0.326820,-1.064094,-0.000005,0.000027,-0.010000,0.000016,0.000057,-0.008525,0.000005,-0.000002,-0.000001,10.000000,11.000000,-76.000000,0.035916,-0.181330,-0.000001,0.000000,0.000000,0.000000,-0.335963,1274.000000,-223.880585,-243.519287,0.000000,-416.296539,0.000012,0.000000,9.989533,6510,0,32,0
64.970497,0.009118,-0.326820,-1.064114,-0.000005,0.000027,-0.009997,0.000027,0.000022,0.000858,0.000004,-0.000003,-0.000001,10.000000,11.000000,-76.000000,0.035896,-0.181330,-0.000001,0.000000,0.000000,0.000000,-0.335963,1274.000000,-223.880585,-243.519287,0.000000,-416.296539,0.000012,0.000000,9.989433,6510,0,32,0
64.972450,0.009118,-0.326820,-1.064134,-0.000005,0.000027,-0.009996,0.000033,0.000013,0.000949,0.000003,-0.000003,-0.000001,10.000000,11.000000,-76.000000,0.035876,-0.181330,-0.000001,0.000000,0.000000,0.000000,-0.335963,1274.000000,-223.880585,-243.519287,0.000000,-416.296539,0.000012,0.000000,9.989333,6510,0,32,0
64.974411,0.009118,-0.326820,-1.064154,-0.000004,0.000027,-0.009994,0.000039,0.000003,0.001032,0.000002,-0.000004,-0.000001,10.000000,11.000000,-76.000000,0.035856,-0.181330,-0.000001,0.000000,0.000000,0.000000,-0.335963,1274.000000,-223.880585,-243.519287,0.000000,-416.296539,0.000011,0.000000,9.989233,6510,0,32,0
64.976364,0.009118,-0.326820,-1.064174,-0.000004,0.000027,-0.009991,0.000044,-0.000007,0.001107,0.000001,-0.000004,-0.000001,10.000000,11.000000,-76.000000,0.035836,-0.181330,-0.000001,0.000000,0.000000,0.000000,-0.335963,1274.000000,-223.880585,-243.519287,0.000000,-416.296539,0.000011,0.000000,9.989133,6510,0,32,0
64.978317,0.009117,-0.326820,-1.064194,-0.000004,0.000027,-0.009999,0.000044,0.000010,-0.008824,0.000000,-0.000005,-0.000001,10.000000,11.000000,-76.000000,0.035816,-0.181330,-0.000001,0.000000,0.000000,0.000000,-0.335963,1274.000000,-223.880585,-243.519287,0.000000,-416.296539,0.000011,0.000000,9.989033,6510,0,32,0
64.980270,0.009117,-0.326820,-1.064214,-0.000004,0.000027,-0.009996,0.000053,-0.000026,0.001245,-0.000001,-0.000005,-0.000001,10.000000,11.000000,-76.000000,0.035796,-0.181330,-0.000001,0.000000,0.000000,0.000000,-0.335963,1274.000000,-223.880585,-243.519287,0.000000,-416.296539,0.000010,0.000000,9.988933,6510,0,32,0
64.982224,0.009117,-0.326820,-1.064234,-0.000004,0.000027,-0.009993,0.000056,-0.000036,0.001300,-0.000002,-0.000006,-0.000001,10.000000,11.000000,-76.000000,0.035776,-0.181330,-0.000001,0.000000,0.000000,0.000000,-0.335963,1274.000000,-223.880585,-243.519287,0.000000,-416.296539,0.000010,0.000000,9.988832,6510,0,32,0
64.984177,0.009117,-0.326820,-1.064254,-0.000004,0.000026,-0.009991,0.000059,-0.000046,0.001349,-0.000003,-0.000006,-0.000001,10.000000,11.000000,-76.000000,0.035756,-0.181330,-0.000001,0.000000,0.000000,0.000000,-0.335963,1274.000000,-223.880585,-243.519287,0.000000,-416.296539,0.000010,0.000000,9.988732,6510,0,32,0
64.986130,0.009117,-0.326820,-1.064274,-0.000004,0.000026,-0.009997,0.000062,-0.000058,0.002130,-0.000004,-0.000006,-0.000001,10.000000,11.000000,-76.000000,0.035736,-0.181330,-0.000001,0.000000,0.000000,0.000000,-0.335963,1274.000000,-223.880585,-243.519287,0.000000,-416.296539,0.000010,0.000000,9.988632,6510,0,32,0
64.988083,0.009117,-0.326820,-1.064294,-0.000004,0.000026,-0.009994,0.000064,-0.000065,0.001443,-0.000005,-0.000006,-0.000001,10.000000,11.000000,-76.000000,0.035716,-0.181330,-0.000001,0.000000,0.000000,0.000000,-0.335963,1274.000000,-223.880585,-243.519287,0.000000,-416.296539,0.000010,0.000000,9.988532,6509,0,32,0
64.990044,0.009117,-0.326820,-1.064314,-0.000004,0.000026,-0.009991,0.000065,-0.000075,0.001585,-0.000006,-0.000006,-0.000001,10.000000,11.000000,-76.000000,0.035696,-0.181330,-0.000001,0.000000,0.000000,0.000000,-0.335963,1274.000000,-223.880585,-243.519287,0.000000,-416.296539,0.000010,0.000000,9.988433,6509,0,32,0
64.991997,0.009117,-0.326820,-1.064334,-0.000003,0.000026,-0.009997,0.000067,-0.000087,0.002484,-0.000007,-0.000006,-0.000001,10.000000,11.000000,-76.000000,0.035676,-0.181330,-0.000001,0.000000,0.000000,0.000000,-0.335963,1274.000000,-223.880585,-243.519287,0.000000,-416.296539,0.000009,0.000000,9.988333,6509,0,32,0
64.993950,0.009117,-0.326820,-1.064354,-0.000003,0.000026,-0.009993,0.000067,-0.000094,0.001903,-0.000008,-0.000006,-0.000001,10.000000,11.000000,-76.000000,0.035656,-0.181330,-0.000001,0.000000,0.000000,0.000000,-0.335963,1274.000000,-223.880585,-243.519287,0.000000,-416.296539,0.000009,0.000000,9.988233,6509,0,31,0
64.995903,0.009117,-0.326820,-1.064374,-0.000003,0.000026,-0.009999,0.000063,-0.000078,-0.007964,-0.000009,-0.000006,-0.000001,10.000000,11.000000,-76.000000,0.035636,-0.181330,-0.000001,0.000000,0.000000,0.000000,-0.335963,1274.000000,-223.880585,-243.519287,0.000000,-416.296539,0.000009,0.000000,9.988132,6509,0,31,0
64.997856,0.009117,-0.326820,-1.064394,-0.000003,0.000025,-0.009994,0.000065,-0.000114,0.002163,-0.000010,-0.000006,-0.000001,10.000000,11.000000,-76.000000,0.035616,-0.181330,-0.000001,0.000000,0.000000,0.000000,-0.335963,1274.000000,-223.880585,-243.519287,0.000000,-416.296539,0.000009,0.000000,9.988032,6509,0,31,0
64.999809,0.009117,-0.326819,-1.064414,-0.000003,0.000025,-0.010000,0.000061,-0.000098,-0.007730,-0.000011,-0.000006,-0.000001,10.000000,11.000000,-76.000000,0.035596,-0.181330,-0.000001,0.000000,0.000000,0.000000,-0.335963,1274.000000,-223.880585,-243.519287,0.000000,-416.296539,0.000009,0.000000,9.987932,6509,0,31,0
65.001762,0.009117,-0.326819,-1.064434,-0.000003,0.000025,-0.009994,0.000063,-0.000133,0.002376,-0.000012,-0.000006,-0.000001,10.000000,11.000000,-76.000000,0.035576,-0.181330,-0.000001,0.000000,0.000000,0.000000,-0.335963,1274.000000,-223.880585,-243.519287,0.000000,-416.296539,0.000009,0.000000,9.987833,6509,0,31,0
65.003716,0.009117,-0.326819,-1.064454,-0.000003,0.000025,-0.009999,0.000058,-0.000118,-0.007537,-0.000013,-0.000006,-0.000001,10.000000,11.000000,-76.000000,0.035556,-0.181330,-0.000001,0.000000,0.000000,0.000000,-0.335963,1274.000000,-223.880585,-243.519287,0.000000,-416.296539,0.000009,0.000000,9.987732,6509,0,31,0
65.005669,0.009117,-0.326819,-1.064474,-0.000003,0.000024,-0.009994,0.000059,-0.000152,0.002550,-0.000014,-0.000006,-0.000000,10.000000,10.000000,-90.000000,0.035536,-0.181330,-0.000001,0.000000,0.000000,0.000000,-0.335963,1192.000000,-223.880585,-243.519287,0.000000,-416.296539,0.000009,0.000000,9.987633,6509,0,31,0
65.007629,0.009117,-0.326819,-1.064494,-0.000002,0.000024,-0.009998,0.000054,-0.000137,-0.007378,-0.000015,-0.000005,-0.000000,10.000000,10.000000,-90.000000,0.035516,-0.244213,-0.000001,0.000000,0.000000,0.066000,-0.512485,1192.000000,-212.121262,-237.855499,178.171600,-221.124115,0.000009,0.000000,9.987532,6509,0,31,0
65.009583,0.009117,-0.326819,-1.064514,-0.000002,0.000024,-0.009992,0.000054,-0.000171,0.002693,-0.000016,-0.000005,-0.000000,10.000000,10.000000,-90.000000,0.035496,-0.244213,-0.000001,0.000000,0.000000,0.000000,-0.512485,1192.000000,-212.121262,-237.855499,178.171600,-221.124115,0.000009,0.000000,9.987432,6509,0,31,0
65.011536,0.009117,-0.326819,-1.064534,-0.000002,0.000023,-0.009996,0.000052,-0.000182,0.003485,-0.000017,-0.000005,-0.000000,10.000000,10.000000,-90.000000,0.035476,-0.244213,-0.000001,0.000000,0.000000,0.000000,-0.512485,1192.000000,-212.121262,-237.855499,178.171600,-221.124115,0.000009,0.000000,9.987332,6509,0,31,0
65.013489,0.009117,-0.326819,-1.064554,-0.000002,0.000023,-0.009991,0.000050,-0.000190,0.002809,-0.000018,-0.000005,-0.000000,10.000000,10.000000,-90.000000,0.035456,-0.244213,-0.000001,0.000000,0.000000,0.000000,-0.512485,1192.000000,-212.121262,-237.855499,178.171600,-221.124115,0.000009,0.000000,9.987232,6509,0,31,0
65.015442,0.009117,-0.326819,-1.064574,-0.000002,0.000023,-0.009994,0.000048,-0.000201,0.003591,-0.000019,-0.000005,-0.000000,10.000000,10.000000,-90.000000,0.035436,-0.244213,-0.000001,0.000000,0.000000,0.000000,-0.512485,1192.000000,-212.121262,-237.855499,178.171600,-221.124115,0.000008,0.000000,9.987132,6509,0,31,0
65.017395,0.009117,-0.326819,-1.064594,-0.000002,0.000022,-0.009998,0.000044,-0.000187,-0.007094,-0.000020,-0.000004,-0.000000,10.000000,10.000000,-90.000000,0.035416,-0.244213,-0.000001,0.000000,0.000000,0.000000,-0.512485,1192.000000,-212.121262,-237.855499,178.171600,-221.124115,0.000008,0.000000,9.987032,6508,0,31,0
65.019348,0.009117,-0.326819,-1.064614,-0.000002,0.000022,-0.009992,0.000044,-0.000218,0.003055,-0.000021,-0.000004,-0.000000,10.000000,10.000000,-90.000000,0.035396,-0.244213,-0.000001,0.000000,0.000000,0.000000,-0.512485,1192.000000,-212.121262,-237.855499,178.171600,-221.124115,0.000008,0.000000,9.986932,6508,0,31,0
65.021301,0.009117,-0.326819,-1.064634,-0.000002,0.000021,-0.009994,0.000042,-0.000229,0.003954,-0.000022,-0.000004,-0.000000,10.000000,10.000000,-90.000000,0.035376,-0.244213,-0.000001,0.000000,0.000000,0.000000,-0.512485,1192.000000,-212.121262,-237.855499,178.171600,-221.124115,0.000008,0.000000,9.986833,6508,0,31,0
65.023254,0.009117,-0.326819,-1.064654,-0.000002,0.000021,-0.009998,0.000039,-0.000216,-0.006625,-0.000023,-0.000004,-0.000000,10.000000,10.000000,-90.000000,0.035356,-0.244213,-0.000001,0.000000,0.000000,0.000000,-0.512485,1192.000000,-212.121262,-237.855499,178.171600,-221.124115,0.000008,0.000000,9.986732,6508,0,31,0
65.025215,0.009117,-0.326819,-1.064674,-0.000002,0.000020,-0.009990,0.000040,-0.000246,0.003514,-0.000024,-0.000004,-0.000000,10.000000,10.000000,-90.000000,0.035336,-0.244213,-0.000001,0.000000,0.000000,0.000000,-0.512485,1192.000000,-212.121262,-237.855499,178.171600,-221.124115,0.000008,0.000000,9.986632,6508,0,31,0
65.027168,0.009117,-0.326819,-1.064694,-0.000002,0.000020,-0.009992,0.000039,-0.000257,0.004368,-0.000025,-0.000004,-0.000000,10.000000,10.000000,-90.000000,0.035316,-0.244213,-0.000001,0.000000,0.000000,0.000000,-0.512485,1192.000000,-212.121262,-237.855499,178.171600,-221.124115,0.000008,0.000000,9.986532,6508,0,31,0
65.029121,0.009117,-0.326819,-1.064714,-0.000001,0.000019,-0.009994,0.000038,-0.000267,0.004483,-0.000026,-0.000004,-0.000000,10.000000,10.000000,-90.000000,0.035296,-0.244213,-0.000001,0.000000,0.000000,0.000000,-0.512485,1192.000000,-212.121262,-237.855499,178.171600,-221.124115,0.000008,0.000000,9.986432,6508,0,31,0
65.031075,0.009117,-0.326819,-1.064734,-0.000001,0.000019,-0.009996,0.000037,-0.000256,-0.006144,-0.000027,-0.000004,-0.000000,10.000000,10.000000,-90.000000,0.035276,-0.244213,-0.000001,0.000000,0.000000,0.000000,-0.512485,1192.000000,-212.121262,-237.855499,178.171600,-221.124115,0.000008,0.000000,9.986332,6508,0,31,0
65.033028,0.009117,-0.326819,-1.064754,-0.000001,0.000018,-0.009998,0.000037,-0.000265,-0.006050,-0.000028,-0.000004,-0.000000,10.000000,10.000000,-90.000000,0.035256,-0.244213,-0.000001,0.000000,0.000000,0.000000,-0.512485,1192.000000,-212.121262,-237.855499,178.171600,-221.124115,0.000008,0.000000,9.986232,6508,0,31,0
65.034981,0.009117,-0.326819,-1.064774,-0.000001,0.000018,-0.009999,0.000038,-0.000275,-0.005966,-0.000029,-0.000004,-0.000000,10.000000,10.000000,-90.000000,0.035236,-0.244213,-0.000001,0.000000,0.000000,0.000000,-0.512485,1192.000000,-212.121262,-237.855499,178.171600,-221.124115,0.000008,0.000000,9.986132,6508,0,31,0
65.036934,0.009117,-0.326819,-1.064794,-0.000001,0.000017,-0.009990,0.000040,-0.000302,0.004111,-0.000030,-0.000004,-0.000000,10.000000,10.000000,-90.000000,0.035216,-0.244213,-0.000001,0.000000,0.000000,0.000000,-0.512485,1192.000000,-212.121262,-237.855499,178.171600,-221.124115,0.000008,0.000000,9.986032,6508,0,31,0
65.038887,0.009117,-0.326819,-1.064814,-0.000001,0.000017,-0.009991,0.000041,-0.000313,0.004909,-0.000031,-0.000004,-0.000000,10.000000,10.000000,-90.000000,0.035196,-0.244213,-0.000001,0.000000,0.000000,0.000000,-0.512485,1192.000000,-212.121262,-237.855499,178.171600,-221.124115,0.000008,0.000000,9.985932,6508,0,32,0
65.040848,0.009117,-0.326819,-1.064834,-0.000001,0.000016,-0.009992,0.000043,-0.000322,0.004973,-0.000032,-0.000004,-0.000000,10.000000,10.000000,-90.000000,0.035176,-0.244213,-0.000001,0.000000,0.000000,0.000000,-0.512485,1192.000000,-212.121262,-237.855499,178.171600,-221.124115,0.000008,0.000000,9.985832,6508,0,32,0
65.042801,0.009117,-0.326819,-1.064854,-0.000001,0.000015,-0.009993,0.000045,-0.000331,0.005032,-0.000033,-0.000005,-0.000000,10.000000,10.000000,-90.000000,0.035156,-0.244213,-0.000001,0.000000,0.000000,0.000000,-0.512485,1192.000000,-212.121262,-237.855499,178.171600,-221.124115,0.000008,0.000000,9.985732,6508,0,32,0
65.044754,0.009117,-0.326819,-1.064874,-0.000001,0.000015,-0.009993,0.000047,-0.000340,0.005085,-0.000034,-0.000005,-0.000000,10.000000,10.000000,-90.000000,0.035136,-0.244213,-0.000001,0.000000,0.000000,0.000000,-0.512485,1192.000000,-212.121262,-237.855499,178.171600,-221.124115,0.000008,0.000000,9.985632,6508,0,32,0
65.046707,0.009117,-0.326818,-1.064894,-0.000001,0.000014,-0.009994,0.000049,-0.000350,0.005133,-0.000035,-0.000005,-0.000000,10.000000,10.000000,-90.000000,0.035116,-0.244213,-0.000001,0.000000,0.000000,0.000000,-0.512485,1192.000000,-212.121262,-237.855499,178.171600,-221.124115,0.000008,0.000000,9.985533,6508,0,32,0
65.048660,0.009117,-0.326818,-1.064914,-0.000001,0.000013,-0.009994,0.000052,-0.000359,0.005177,-0.000036,-0.000005,-0.000000,10.000000,10.000000,-90.000000,0.035096,-0.244213,-0.000001,0.000000,0.000000,0.000000,-0.512485,1192.000000,-212.121262,-237.855499,178.171600,-221.124115,0.000008,0.000000,9.985433,6507,1,32,0
65.050613,0.009117,-0.326818,-1.064934,-0.000001,0.000013,-0.009994,0.000054,-0.000368,0.005323,-0.000037,-0.000006,-0.000000,10.000000,10.000000,-90.000000,0.035076,-0.244213,-0.000001,0.000000,0.000000,0.000000,-0.512485,1192.000000,-212.121262,-237.855499,178.171600,-221.124115,0.000008,0.000000,9.985332,6507,1,32,0
65.052567,0.009117,-0.326818,-1.064954,-0.000000,0.000012,-0.009994,0.000056,-0.000377,0.005488,-0.000038,-0.000006,-0.000000,10.000000,10.000000,-90.000000,0.035056,-0.244213,-0.000001,0.000000,0.000000,0.000000,-0.512485,1192.000000,-212.121262,-237.855499,178.171600,-221.124115,0.000008,0.000000,9.985232,6507,1,32,0
65.054520,0.009117,-0.326818,-1.064974,-0.000000,0.000011,-0.009994,0.000059,-0.000385,0.005638,-0.000039,-0.000006,-0.000000,10.000000,10.000000,-90.000000,0.035036,-0.244213,-0.000001,0.000000,0.000000,0.000000,-0.512485,1192.000000,-212.121262,-237.855499,178.171600,-221.124115,0.000008,0.000000,9.985132,6507,1,32,0
65.056473,0.009117,-0.326818,-1.064994,-0.000000,0.000010,-0.009993,0.000061,-0.000394,0.005774,-0.000040,-0.000006,-0.000000,10.000000,10.000000,-90.000000,0.035016,-0.244213,-0.000001,0.000000,0.000000,0.000000,-0.512485,1192.000000,-212.121262,-237.855499,178.171600,-221.124115,0.000008,0.000000,9.985032,6507,1,32,0
65.058434,0.009117,-0.326818,-1.065014,-0.000000,0.000009,-0.009992,0.000062,-0.000401,0.005897,-0.000040,-0.000006,-0.000000,10.000000,10.000000,-90.000000,0.034996,-0.244213,-0.000001,0.000000,0.000000,0.000000,-0.512485,1192.000000,-212.121262,-237.855499,178.171600,-221.124115,0.000009,0.000000,9.984932,6507,1,32,0
65.060387,0.009117,-0.326818,-1.065034,0.000000,0.000009,-0.009991,0.000064,-0.000408,0.006008,-0.000041,-0.000007,-0.000000,10.000000,10.000000,-90.000000,0.034976,-0.244213,-0.000001,0.000000,0.000000,0.000000,-0.512485,1192.000000,-212.121262,-237.855499,178.171600,-221.124115,0.000009,0.000000,9.984832,6507,1,32,0
65.062340,0.009117,-0.326818,-1.065054,0.000000,0.000008,-0.009999,0.000065,-0.000407,-0.003890,-0.000042,-0.000007,-0.000000,10.000000,10.000000,-90.000000,0.034956,-0.244213,-0.000001,0.000000,0.000000,0.000000,-0.512485,1192.000000,-212.121262,-237.855499,178.171600,-221.124115,0.000009,0.000000,9.984732,6507,1,32,0
65.064293,0.009117,-0.326818,-1.065074,0.000000,0.000007,-0.009997,0.000066,-0.000413,-0.004525,-0.000042,-0.000007,0.000000,10.000000,10.000000,-90.000000,0.034936,-0.244213,-0.000001,0.000000,0.000000,0.000000,-0.512485,1192.000000,-212.121262,-237.855499,178.171600,-221.124115,0.000009,0.000000,9.984632,6507,1,32,0
65.066246,0.009117,-0.326818,-1.065094,0.000000,0.000006,-0.009996,0.000066,-0.000418,-0.004441,-0.000043,-0.000007,0.000000,10.000000,10.000000,-90.000000,0.034916,-0.244213,-0.000001,0.000000,0.000000,0.000000,-0.512485,1192.000000,-212.121262,-237.855499,178.171600,-221.124115,0.000009,0.000000,9.984532,6507,1,32,0
65.068199,0.009117,-0.326818,-1.065114,0.000001,0.000005,-0.009993,0.000066,-0.000428,0.006365,-0.000043,-0.000007,0.000000,10.000000,10.000000,-90.000000,0.034896,-0.244213,-0.000001,0.000000,0.000000,0.000000,-0.512485,1192.000000,-212.121262,-237.855499,178.171600,-221.124115,0.000010,0.000000,9.984432,6507,1,32,0
65.070152,0.009117,-0.326818,-1.065134,0.000001,0.000005,-0.009991,0.000065,-0.000431,0.006432,-0.000044,-0.000007,0.000000,10.000000,10.000000,-90.000000,0.034876,-0.244213,-0.000001,0.000000,0.000000,0.000000,-0.512485,1192.000000,-212.121262,-237.855499,178.171600,-221.124115,0.000010,0.000000,9.984332,6507,0,32,0
65.072105,0.009117,-0.326818,-1.065154,0.000001,0.000004,-0.009999,0.000065,-0.000428,-0.003507,-0.000044,-0.000007,0.000000,10.000000,10.000000,-90.000000,0.034856,-0.244213,-0.000001,0.000000,0.000000,0.000000,-0.512485,1192.000000,-212.121262,-237.855499,178.171600,-221.124115,0.000010,0.000000,9.984232,6507,0,32,0
65.074059,0.009117,-0.326818,-1.065174,0.000001,0.000003,-0.009996,0.000064,-0.000429,-0.004177,-0.000044,-0.000006,0.000000,10.000000,10.000000,-90.000000,0.034836,-0.244213,-0.000001,0.000000,0.000000,0.000000,-0.512485,1192.000000,-212.121262,-237.855499,178.171600,-221.124115,0.000010,0.000000,9.984133,6507,0,31,0
65.076019,0.009117,-0.326818,-1.065194,0.000001,0.000002,-0.009993,0.000061,-0.000431,0.006604,-0.000044,-0.000006,0.000000,10.000000,10.000000,-90.000000,0.034816,-0.244213,-0.000001,0.000000,0.000000,0.000000,-0.512485,1192.000000,-212.121262,-237.855499,178.171600,-221.124115,0.000011,0.000000,9.984032,6507,0,31,0
65.077972,0.009117,-0.326818,-1.065214,0.000001,0.000001,-0.009991,0.000058,-0.000430,0.006647,-0.000044,-0.000006,0.000000,10.000000,10.000000,-90.000000,0.034796,-0.244213,-0.000001,0.000000,0.000000,0.000000,-0.512485,1192.000000,-212.121262,-237.855499,178.171600,-221.124115,0.000011,0.000000,9.983932,6506,0,31,0
65.079926,0.009117,-0.326818,-1.065234,0.000001,0.000000,-0.009998,0.000057,-0.000427,-0.003206,-0.000043,-0.000006,0.000000,10.000000,10.000000,-90.000000,0.034776,-0.244213,-0.000001,0.000000,0.000000,0.000000,-0.512485,1192.000000,-212.121262,-237.855499,178.171600,-221.124115,0.000011,0.000000,9.983832,6506,0,31,0
65.081879,0.009117,-0.326818,-1.065254,0.000001,-0.000001,-0.009995,0.000054,-0.000425,-0.003764,-0.000043,-0.000005,0.000000,10.000000,10.000000,-90.000000,0.034756,-0.244213,-0.000001,0.000000,0.000000,0.000000,-0.512485,1192.000000,-212.121262,-237.855499,178.171600,-221.124115,0.000011,0.000000,9.983732,6506,0,31,0
65.083832,0.009117,-0.326818,-1.065274,0.000002,-0.000001,-0.009991,0.000049,-0.000421,0.007116,-0.000043,-0.000005,0.000000,10.000000,8.000000,-103.000000,0.034736,-0.244213,-0.000001,0.000000,0.000000,0.000000,-0.512485,1098.000000,-212.121262,-237.855499,178.171600,-221.124115,0.000011,0.000000,9.983632,6506,0,31,0
65.085785,0.009117,-0.326818,-1.065294,0.000002,-0.000002,-0.009997,0.000047,-0.000418,-0.002746,-0.000042,-0.000005,0.000000,10.000000,8.000000,-103.000000,0.034716,-0.314804,0.000000,0.000000,0.000000,0.067000,-0.625764,1098.000000,-194.029755,-220.634369,270.022369,-49.265862,0.000011,0.000000,9.983532,6506,0,31,0
65.087738,0.009117,-0.326818,-1.065314,0.000002,-0.000003,-0.009992,0.000042,-0.000411,0.007382,-0.000042,-0.000004,0.000000,10.000000,8.000000,-103.000000,0.034696,-0.314804,0.000000,0.000000,0.000000,0.000000,-0.625764,1098.000000,-194.029755,-220.634369,270.022369,-49.265862,0.000011,0.000000,9.983433,6506,0,31,0
65.089691,0.009117,-0.326818,-1.065334,0.000002,-0.000004,-0.009998,0.000040,-0.000410,-0.002506,-0.000042,-0.000004,0.000000,10.000000,8.000000,-103.000000,0.034676,-0.314804,0.000000,0.000000,0.000000,0.000000,-0.625764,1098.000000,-194.029755,-220.634369,270.022369,-49.265862,0.000011,0.000000,9.983333,6506,0,31,0
65.091644,0.009117,-0.326818,-1.065354,0.000002,-0.000005,-0.009993,0.000037,-0.000405,-0.003130,-0.000041,-0.000004,0.000000,10.000000,8.000000,-103.000000,0.034656,-0.314804,0.000000,0.000000,0.000000,0.000000,-0.625764,1098.000000,-194.029755,-220.634369,270.022369,-49.265862,0.000012,0.000000,9.983232,6506,0,31,0
65.093605,0.009117,-0.326818,-1.065374,0.000002,-0.000006,-0.009998,0.000034,-0.000400,-0.002310,-0.000040,-0.000003,0.000000,10.000000,8.000000,-103.000000,0.034636,-0.314804,0.000000,0.000000,0.000000,0.000000,-0.625764,1098.000000,-194.029755,-220.634369,270.022369,-49.265862,0.000012,0.000000,9.983132,6506,0,31,0
65.095558,0.009117,-0.326818,-1.065394,0.000002,-0.000006,-0.009993,0.000031,-0.000394,-0.002951,-0.000040,-0.000003,0.000000,10.000000,8.000000,-103.000000,0.034616,-0.314804,0.000000,0.000000,0.000000,0.000000,-0.625764,1098.000000,-194.029755,-220.634369,270.022369,-49.265862,0.000012,0.000000,9.983032,6506,0,31,0
65.097511,0.009117,-0.326818,-1.065414,0.000002,-0.000007,-0.009998,0.000028,-0.000388,-0.002148,-0.000039,-0.000003,0.000000,10.000000,8.000000,-103.000000,0.034596,-0.314804,0.000000,0.000000,0.000000,0.000000,-0.625764,1098.000000,-194.029755,-220.634369,270.022369,-49.265862,0.000012,0.000000,9.982932,6506,0,31,0
65.099464,0.009117,-0.326818,-1.065434,0.000002,-0.000008,-0.009992,0.000023,-0.000374,0.007924,-0.000039,-0.000002,0.000000,10.000000,8.000000,-103.000000,0.034576,-0.314804,0.000000,0.000000,0.000000,0.000000,-0.625764,1098.000000,-194.029755,-220.634369,270.022369,-49.265862,0.000012,0.000000,9.982832,6506,0,31,0
65.101418,0.009117,-0.326818,-1.065454,0.000002,-0.000009,-0.009997,0.000022,-0.000375,-0.002015,-0.000038,-0.000002,0.000000,10.000000,8.000000,-103.000000,0.034556,-0.314804,0.000000,0.000000,0.000000,0.000000,-0.625764,1098.000000,-194.029755,-220.634369,270.022369,-49.265862,0.000012,0.000000,9.982732,6506,0,31,0
65.103371,0.009117,-0.326818,-1.065474,0.000002,-0.000009,-0.009991,0.000018,-0.000359,0.008043,-0.000037,-0.000002,0.000000,10.000000,8.000000,-103.000000,0.034536,-0.314804,0.000000,0.000000,0.000000,0.000000,-0.625764,1098.000000,-194.029755,-220.634369,270.022369,-49.265862,0.000012,0.000000,9.982633,6506,0,31,0
65.105324,0.009117,-0.326818,-1.065494,0.000002,-0.000010,-0.009995,0.000018,-0.000361,-0.001906,-0.000036,-0.000002,0.000000,10.000000,8.000000,-103.000000,0.034516,-0.314804,0.000000,0.000000,0.000000,0.000000,-0.625764,1098.000000,-194.029755,-220.634369,270.022369,-49.265862,0.000012,0.000000,9.982533,6506,0,31,0
65.107277,0.009117,-0.326818,-1.065514,0.000002,-0.000011,-0.009999,0.000016,-0.000354,-0.001858,-0.000036,-0.000002,0.000000,10.000000,8.000000,-103.000000,0.034496,-0.314804,0.000000,0.000000,0.000000,0.000000,-0.625764,1098.000000,-194.029755,-220.634369,270.022369,-49.265862,0.000012,0.000000,9.982432,6505,0,31,0
65.109238,0.009117,-0.326818,-1.065534,0.000002,-0.000012,-0.009993,0.000015,-0.000347,-0.002436,-0.000035,-0.000001,0.000001,10.000000,8.000000,-103.000000,0.034476,-0.314804,0.000000,0.000000,0.000000,0.000000,-0.625764,1098.000000,-194.029755,-220.634369,270.022369,-49.265862,0.000012,0.000000,9.982333,6505,0,31,0
65.111191,0.009117,-0.326818,-1.065554,0.000002,-0.000012,-0.009996,0.000013,-0.000338,-0.001540,-0.000034,-0.000001,0.000001,10.000000,8.000000,-103.000000,0.034456,-0.314804,0.000000,0.000000,0.000000,0.000000,-0.625764,1098.000000,-194.029755,-220.634369,270.022369,-49.265862,0.000012,0.000000,9.982233,6505,0,31,0
65.113144,0.009117,-0.326818,-1.065574,0.000002,-0.000013,-0.009999,0.000013,-0.000331,-0.001386,-0.000033,-0.000001,0.000001,10.000000,8.000000,-103.000000,0.034436,-0.314804,0.000000,0.000000,0.000000,0.000000,-0.625764,1098.000000,-194.029755,-220.634369,270.022369,-49.265862,0.000012,0.000000,9.982133,6505,0,31,0
65.115097,0.009117,-0.326819,-1.065594,0.000002,-0.000013,-0.009992,0.000012,-0.000324,-0.001973,-0.000033,-0.000001,0.000001,10.000000,8.000000,-103.000000,0.034416,-0.314804,0.000000,0.000000,0.000000,0.000000,-0.625764,1098.000000,-194.029755,-220.634369,270.022369,-49.265862,0.000012,0.000000,9.982033,6505,0,31,0
65.117050,0.009117,-0.326819,-1.065614,0.000002,-0.000014,-0.009995,0.000012,-0.000315,-0.001121,-0.000032,-0.000001,0.000001,10.000000,8.000000,-103.000000,0.034396,-0.314804,0.000000,0.000000,0.000000,0.000000,-0.625764,1098.000000,-194.029755,-220.634369,270.022369,-49.265862,0.000012,0.000000,9.981933,6505,0,31,0
65.119003,0.009117,-0.326819,-1.065634,0.000002,-0.000015,-0.009997,0.000013,-0.000306,-0.001006,-0.000031,-0.000001,0.000001,10.000000,8.000000,-103.000000,0.034376,-0.314804,0.000000,0.000000,0.000000,0.000000,-0.625764,1098.000000,-194.029755,-220.634369,270.022369,-49.265862,0.000012,0.000000,9.981833,6505,0,31,0
65.120956,0.009117,-0.326819,-1.065654,0.000002,-0.000015,-0.009999,0.000014,-0.000298,-0.000903,-0.000030,-0.000001,0.000001,10.000000,8.000000,-103.000000,0.034356,-0.314804,0.000000,0.000000,0.000000,0.000000,-0.625764,1098.000000,-194.029755,-220.634369,270.022369,-49.265862,0.000012,0.000000,9.981732,6505,0,32,0
65.122910,0.009117,-0.326819,-1.065674,0.000002,-0.000016,-0.009990,0.000012,-0.000274,0.009193,-0.000029,-0.000002,0.000001,10.000000,8.000000,-103.000000,0.034336,-0.314804,0.000000,0.000000,0.000000,0.000000,-0.625764,1098.000000,-194.029755,-220.634369,270.022369,-49.265862,0.000012,0.000000,9.981633,6505,0,32,0
65.124863,0.009117,-0.326819,-1.065694,0.000003,-0.000016,-0.009993,0.000017,-0.000281,-0.000721,-0.000028,-0.000002,0.000001,10.000000,8.000000,-103.000000,0.034316,-0.314804,0.000000,0.000000,0.000000,0.000000,-0.625764,1098.000000,-194.029755,-220.634369,270.022369,-49.265862,0.000012,0.000000,9.981533,6505,0,32,0
65.126823,0.009117,-0.326819,-1.065714,0.000003,-0.000017,-0.009994,0.000018,-0.000273,-0.000643,-0.000027,-0.000002,0.000001,10.000000,8.000000,-103.000000,0.034296,-0.314804,0.000000,0.000000,0.000000,0.000000,-0.625764,1098.000000,-194.029755,-220.634369,270.022369,-49.265862,0.000012,0.000000,9.981433,6505,0,32,0
65.128777,0.009117,-0.326819,-1.065734,0.000003,-0.000018,-0.009995,0.000021,-0.000264,-0.000572,-0.000027,-0.000002,0.000001,10.000000,8.000000,-103.000000,0.034276,-0.314804,0.000000,0.000000,0.000000,0.000000,-0.625764,1098.000000,-194.029755,-220.634369,270.022369,-49.265862,0.000012,0.000000,9.981333,6505,0,32,0
65.130730,0.009117,-0.326819,-1.065754,0.000003,-0.000018,-0.009996,0.000023,-0.000256,-0.000507,-0.000026,-0.000002,0.000001,10.000000,8.000000,-103.000000,0.034256,-0.314804,0.000000,0.000000,0.000000,0.000000,-0.625764,1098.000000,-194.029755,-220.634369,270.022369,-49.265862,0.000012,0.000000,9.981234,6505,0,32,0
65.132683,0.009117,-0.326819,-1.065774,0.000003,-0.000019,-0.009997,0.000025,-0.000247,-0.000449,-0.000025,-0.000003,0.000001,10.000000,8.000000,-103.000000,0.034236,-0.314804,0.000000,0.000000,0.000000,0.000000,-0.625764,1098.000000,-194.029755,-220.634369,270.022369,-49.265862,0.000012,0.000000,9.981133,6505,0,32,0
65.134636,0.009117,-0.326819,-1.065794,0.000003,-0.000019,-0.009998,0.000027,-0.000238,-0.000396,-0.000024,-0.000003,0.000001,10.000000,8.000000,-103.000000,0.034216,-0.314804,0.000000,0.000000,0.000000,0.000000,-0.625764,1098.000000,-194.029755,-220.634369,270.022369,-49.265862,0.000012,0.000000,9.981033,6505,0,32,0
65.136589,0.009117,-0.326819,-1.065814,0.000003,-0.000020,-0.009999,0.000029,-0.000229,-0.000348,-0.000023,-0.000003,0.000001,10.000000,8.000000,-103.000000,0.034196,-0.314804,0.000000,0.000000,0.000000,0.000000,-0.625764,1098.000000,-194.029755,-220.634369,270.022369,-49.265862,0.000012,0.000000,9.980933,6505,0,32,0
65.138542,0.009117,-0.326819,-1.065834,0.000003,-0.000020,-0.009999,0.000030,-0.000220,-0.000304,-0.000022,-0.000003,0.000001,10.000000,8.000000,-103.000000,0.034176,-0.314804,0.000000,0.000000,0.000000,0.000000,-0.625764,1098.000000,-194.029755,-220.634369,270.022369,-49.265862,0.000012,0.000000,9.980833,6504,0,32,0
65.140495,0.009117,-0.326819,-1.065854,0.000003,-0.000020,-0.010000,0.000032,-0.000211,-0.000159,-0.000021,-0.000003,0.000001,10.000000,8.000000,-103.000000,0.034156,-0.314804,0.000000,0.000000,0.000000,0.000000,-0.625764,1098.000000,-194.029755,-220.634369,270.022369,-49.265862,0.000012,0.000000,9.980733,6504,0,32,0
65.142448,0.009117,-0.326819,-1.065874,0.000003,-0.000021,-0.010000,0.000033,-0.000203,0.000007,-0.000020,-0.000003,0.000001,10.000000,6.000000,-115.000000,0.034136,-0.314804,0.000000,0.000000,0.000000,0.000000,-0.625764,998.000000,-194.029755,-220.634369,270.022369,-49.265862,0.000012,0.000000,9.980633,6504,0,32,0
65.144409,0.009117,-0.326819,-1.065894,0.000003,-0.000021,-0.009999,0.000034,-0.000194,0.000157,-0.000019,-0.000004,0.000001,10.000000,6.000000,-115.000000,0.034117,-0.388023,0.000001,0.000000,0.000000,0.067000,-0.729915,998.000000,-179.104553,-200.497879,222.764297,58.777287,0.000012,0.000000,9.980534,6504,0,32,0
65.146362,0.009118,-0.326819,-1.065914,0.000003,-0.000022,-0.009999,0.000035,-0.000185,0.000294,-0.000018,-0.000004,0.000001,10.000000,6.000000,-115.000000,0.034096,-0.388023,0.000001,0.000000,0.000000,0.000000,-0.729915,998.000000,-179.104553,-200.497879,222.764297,58.777287,0.000012,0.000000,9.980433,6504,0,32,0
65.148315,0.009118,-0.326819,-1.065934,0.000003,-0.000022,-0.009998,0.000035,-0.000176,0.000418,-0.000017,-0.000004,0.000001,10.000000,6.000000,-115.000000,0.034076,-0.388023,0.000001,0.000000,0.000000,0.000000,-0.729915,998.000000,-179.104553,-200.497879,222.764297,58.777287,0.000012,0.000000,9.980333,6504,0,32,0
65.150269,0.009118,-0.326819,-1.065954,0.000003,-0.000022,-0.009997,0.000035,-0.000167,0.000530,-0.000017,-0.000004,0.000001,10.000000,6.000000,-115.000000,0.034056,-0.388023,0.000001,0.000000,0.000000,0.000000,-0.729915,998.000000,-179.104553,-200.497879,222.764297,58.777287,0.000012,0.000000,9.980233,6504,0,32,0
65.152222,0.009118,-0.326819,-1.065974,0.000003,-0.000023,-0.009996,0.000034,-0.000158,0.000632,-0.000016,-0.000003,0.000001,10.000000,6.000000,-115.000000,0.034037,-0.388023,0.000001,0.000000,0.000000,0.000000,-0.729915,998.000000,-179.104553,-200.497879,222.764297,58.777287,0.000012,0.000000,9.980133,6504,0,32,0
65.154175,0.009118,-0.326819,-1.065994,0.000003,-0.000023,-0.009995,0.000033,-0.000148,0.000724,-0.000015,-0.000003,0.000001,10.000000,6.000000,-115.000000,0.034016,-0.388023,0.000001,0.000000,0.000000,0.000000,-0.729915,998.000000,-179.104553,-200.497879,222.764297,58.777287,0.000012,0.000000,9.980033,6504,0,31,0
65.156128,0.009118,-0.326819,-1.066014,0.000003,-0.000023,-0.009993,0.000031,-0.000139,0.000807,-0.000014,-0.000003,0.000001,10.000000,6.000000,-115.000000,0.033996,-0.388023,0.000001,0.000000,0.000000,0.000000,-0.729915,998.000000,-179.104553,-200.497879,222.764297,58.777287,0.000012,0.000000,9.979933,6504,0,31,0
65.158081,0.009118,-0.326819,-1.066033,0.000004,-0.000023,-0.009991,0.000029,-0.000130,0.000882,-0.000013,-0.000003,0.000001,10.000000,6.000000,-115.000000,0.033977,-0.388023,0.000001,0.000000,0.000000,0.000000,-0.729915,998.000000,-179.104553,-200.497879,222.764297,58.777287,0.000012,0.000000,9.979834,6504,0,31,0
65.160034,0.009118,-0.326819,-1.066054,0.000004,-0.000024,-0.009989,0.000027,-0.000121,0.000951,-0.000012,-0.000003,0.000001,10.000000,6.000000,-115.000000,0.033957,-0.388023,0.000001,0.000000,0.000000,0.000000,-0.729915,998.000000,-179.104553,-200.497879,222.764297,58.777287,0.000012,0.000000,9.979733,6504,0,31,0
65.161995,0.009118,-0.326819,-1.066073,0.000004,-0.000024,-0.009987,0.000024,-0.000112,0.001013,-0.000011,-0.000002,0.000001,10.000000,6.000000,-115.000000,0.033937,-0.388023,0.000001,0.000000,0.000000,0.000000,-0.729915,998.000000,-179.104553,-200.497879,222.764297,58.777287,0.000012,0.000000,9.979633,6504,0,31,0
65.163948,0.009118,-0.326820,-1.066093,0.000004,-0.000024,-0.009985,0.000021,-0.000103,0.001069,-0.000010,-0.000002,0.000001,10.000000,6.000000,-115.000000,0.033917,-0.388023,0.000001,0.000000,0.000000,0.000000,-0.729915,998.000000,-179.104553,-200.497879,222.764297,58.777287,0.000012,0.000000,9.979534,6504,0,31,0
65.165901,0.009118,-0.326820,-1.066113,0.000004,-0.000024,-0.009983,0.000018,-0.000094,0.001120,-0.000009,-0.000002,0.000001,10.000000,6.000000,-115.000000,0.033897,-0.388023,0.000001,0.000000,0.000000,0.000000,-0.729915,998.000000,-179.104553,-200.497879,222.764297,58.777287,0.000012,0.000000,9.979434,6504,0,31,0
65.167854,0.009118,-0.326820,-1.066133,0.000004,-0.000024,-0.009981,0.000015,-0.000085,0.001166,-0.000008,-0.000001,0.000001,10.000000,6.000000,-115.000000,0.033877,-0.388023,0.000001,0.000000,0.000000,0.000000,-0.729915,998.000000,-179.104553,-200.497879,222.764297,58.777287,0.000012,0.000000,9.979334,6503,0,31,0
65.169807,0.009118,-0.326820,-1.066153,0.000004,-0.000025,-0.009978,0.000012,-0.000075,0.001314,-0.000007,-0.000001,0.000001,10.000000,6.000000,-115.000000,0.033857,-0.388023,0.000001,0.000000,0.000000,0.000000,-0.729915,998.000000,-179.104553,-200.497879,222.764297,58.777287,0.000012,0.000000,9.979234,6503,0,31,0
65.171761,0.009118,-0.326820,-1.066173,0.000004,-0.000025,-0.009975,0.000009,-0.000066,0.001482,-0.000006,-0.000001,0.000001,10.000000,6.000000,-115.000000,0.033837,-0.388023,0.000001,0.000000,0.000000,0.000000,-0.729915,998.000000,-179.104553,-200.497879,222.764297,58.777287,0.000012,0.000000,9.979135,6503,0,31,0
65.173714,0.009118,-0.326820,-1.066193,0.000004,-0.000025,-0.009972,0.000006,-0.000057,0.001634,-0.000005,-0.000000,0.000001,10.000000,6.000000,-115.000000,0.033817,-0.388023,0.000001,0.000000,0.000000,0.000000,-0.729915,998.000000,-179.104553,-200.497879,222.764297,58.777287,0.000012,0.000000,9.979034,6503,0,31,0
65.175667,0.009118,-0.326820,-1.066213,0.000004,-0.000025,-0.009969,0.000003,-0.000048,0.001772,-0.000004,-0.000000,0.000001,10.000000,6.000000,-115.000000,0.033797,-0.388023,0.000001,0.000000,0.000000,0.000000,-0.729915,998.000000,-179.104553,-200.497879,222.764297,58.777287,0.000012,0.000000,9.978935,6503,0,31,0
65.177628,0.009118,-0.326820,-1.066233,0.000004,-0.000025,-0.009965,0.000000,-0.000039,0.001897,-0.000003,0.000000,0.000001,10.000000,6.000000,-115.000000,0.033777,-0.388023,0.000001,0.000000,0.000000,0.000000,-0.729915,998.000000,-179.104553,-200.497879,222.764297,58.777287,0.000012,0.000000,9.978835,6503,0,31,0
65.179581,0.009118,-0.326820,-1.066253,0.000004,-0.000025,-0.009961,-0.000002,-0.000030,0.002011,-0.000003,0.000000,0.000001,10.000000,6.000000,-115.000000,0.033757,-0.388023,0.000001,0.000000,0.000000,0.000000,-0.729915,998.000000,-179.104553,-200.497879,222.764297,58.777287,0.000012,0.000000,9.978736,6503,0,31,0
65.181534,0.009118,-0.326820,-1.066273,0.000004,-0.000025,-0.009957,-0.000004,-0.000020,0.002115,-0.000002,0.000001,0.000001,10.000000,6.000000,-115.000000,0.033737,-0.388023,0.000001,0.000000,0.000000,0.000000,-0.729915,998.000000,-179.104553,-200.497879,222.764297,58.777287,0.000012,0.000000,9.978636,6503,0,31,0
65.183487,0.009118,-0.326820,-1.066293,0.000004,-0.000025,-0.009952,-0.000006,-0.000011,0.002208,-0.000001,0.000001,0.000001,10.000000,6.000000,-115.000000,0.033717,-0.388023,0.000001,0.000000,0.000000,0.000000,-0.729915,998.000000,-179.104553,-200.497879,222.764297,58.777287,0.000012,0.000000,9.978537,6503,0,31,0
65.185440,0.009118,-0.326820,-1.066313,0.000004,-0.000025,-0.009948,-0.000008,-0.000002,0.002293,0.000000,0.000001,0.000001,10.000000,6.000000,-115.000000,0.033697,-0.388023,0.000001,0.000000,0.000000,0.000000,-0.729915,998.000000,-179.104553,-200.497879,222.764297,58.777287,0.000012,0.000000,9.978437,6503,0,31,0
65.187393,0.009118,-0.326820,-1.066333,0.000004,-0.000025,-0.009943,-0.000009,0.000007,0.002371,0.000001,0.000001,0.000002,10.000000,6.000000,-115.000000,0.033677,-0.388023,0.000001,0.000000,0.000000,0.000000,-0.729915,998.000000,-179.104553,-200.497879,222.764297,58.777287,0.000012,0.000000,9.978337,6503,0,31,0
65.189346,0.009118,-0.326820,-1.066352,0.000004,-0.000025,-0.009938,-0.000011,0.000017,0.002441,0.000002,0.000001,0.000002,10.000000,6.000000,-115.000000,0.033657,-0.388023,0.000001,0.000000,0.000000,0.000000,-0.729915,998.000000,-179.104553,-200.497879,222.764297,58.777287,0.000012,0.000000,9.978238,6503,0,31,0
65.191299,0.009118,-0.326820,-1.066372,0.000004,-0.000025,-0.009933,-0.000011,0.000026,0.002504,0.000003,0.000001,0.000002,10.000000,6.000000,-115.000000,0.033638,-0.388023,0.000001,0.000000,0.000000,0.000000,-0.729915,998.000000,-179.104553,-200.497879,222.764297,58.777287,0.000012,0.000000,9.978138,6503,0,31,0
65.193253,0.009118,-0.326820,-1.066392,0.000004,-0.000025,-0.009928,-0.000012,0.000035,0.002561,0.000004,0.000001,0.000002,10.000000,6.000000,-115.000000,0.033618,-0.388023,0.000001,0.000000,0.000000,0.000000,-0.729915,998.000000,-179.104553,-200.497879,222.764297,58.777287,0.000012,0.000000,9.978040,6503,0,31,0
65.195213,0.009118,-0.326820,-1.066412,0.000004,-0.000025,-0.009923,-0.000012,0.000044,0.002613,0.000005,0.000001,0.000002,10.000000,6.000000,-115.000000,0.033598,-0.388023,0.000001,0.000000,0.000000,0.000000,-0.729915,998.000000,-179.104553,-200.497879,222.764297,58.777287,0.000012,0.000000,9.977940,6503,0,31,0
65.197166,0.009118,-0.326820,-1.066432,0.000004,-0.000025,-0.009918,-0.000011,0.000053,0.002660,0.000006,0.000001,0.000002,10.000000,6.000000,-115.000000,0.033578,-0.388023,0.000001,0.000000,0.000000,0.000000,-0.729915,998.000000,-179.104553,-200.497879,222.764297,58.777287,0.000012,0.000000,9.977841,6502,0,31,0
65.199120,0.009118,-0.326820,-1.066452,0.000004,-0.000025,-0.009912,-0.000011,0.000063,0.002809,0.000007,0.000001,0.000002,10.000000,6.000000,-115.000000,0.033558,-0.388023,0.000001,0.000000,0.000000,0.000000,-0.729915,998.000000,-179.104553,-200.497879,222.764297,58.777287,0.000012,0.000000,9.977741,6502,0,31,0
65.201073,0.009118,-0.326820,-1.066472,0.000004,-0.000025,-0.009906,-0.000010,0.000072,0.002978,0.000008,0.000001,0.000002,10.000000,5.000000,-124.000000,0.033538,-0.388023,0.000001,0.000000,0.000000,0.000000,-0.729915,916.000000,-179.104553,-200.497879,222.764297,58.777287,0.000012,0.000000,9.977642,6502,0,31,0
65.203026,0.009118,-0.326821,-1.066491,0.000004,-0.000024,-0.009900,-0.000008,0.000081,0.003131,0.000009,0.000001,0.000002,10.000000,5.000000,-124.000000,0.033519,-0.433903,0.000001,0.000000,0.000000,0.066000,-0.663646,916.000000,-136.363663,-162.902344,647.589417,254.110138,0.000012,0.000000,9.977544,6502,0,32,0
65.204979,0.009118,-0.326821,-1.066511,0.000004,-0.000024,-0.009894,-0.000006,0.000090,0.003271,0.000010,0.000000,0.000002,10.000000,5.000000,-124.000000,0.033499,-0.433903,0.000001,0.000000,0.000000,0.000000,-0.663646,916.000000,-136.363663,-162.902344,647.589417,254.110138,0.000012,0.000000,9.977445,6502,0,32,0
65.206932,0.009118,-0.326821,-1.066531,0.000004,-0.000024,-0.009887,-0.000004,0.000100,0.003398,0.000011,0.000000,0.000002,10.000000,5.000000,-124.000000,0.033479,-0.433903,0.000001,0.000000,0.000000,0.000000,-0.663646,916.000000,-136.363663,-162.902344,647.589417,254.110138,0.000012,0.000000,9.977345,6502,0,32,0
65.208885,0.009118,-0.326821,-1.066551,0.000004,-0.000024,-0.009880,-0.000001,0.000109,0.003513,0.000012,-0.000000,0.000002,10.000000,5.000000,-124.000000,0.033459,-0.433903,0.000001,0.000000,0.000000,0.000000,-0.663646,916.000000,-136.363663,-162.902344,647.589417,254.110138,0.000012,0.000000,9.977247,6502,0,32,0
65.210838,0.009118,-0.326821,-1.066570,0.000004,-0.000024,-0.009873,0.000002,0.000118,0.003617,0.000013,-0.000000,0.000002,10.000000,5.000000,-124.000000,0.033439,-0.433903,0.000001,0.000000,0.000000,0.000000,-0.663646,916.000000,-136.363663,-162.902344,647.589417,254.110138,0.000012,0.000000,9.977148,6502,0,32,0
65.212799,0.009118,-0.326821,-1.066590,0.000004,-0.000023,-0.009865,0.000005,0.000127,0.003712,0.000013,-0.000001,0.000002,10.000000,5.000000,-124.000000,0.033420,-0.433903,0.000001,0.000000,0.000000,0.000000,-0.663646,916.000000,-136.363663,-162.902344,647.589417,254.110138,0.000012,0.000000,9.977050,6502,0,32,0
65.214752,0.009118,-0.326821,-1.066610,0.000004,-0.000023,-0.009858,0.000007,0.000137,0.003797,0.000014,-0.000001,0.000002,10.000000,5.000000,-124.000000,0.033400,-0.433903,0.000001,0.000000,0.000000,0.000000,-0.663646,916.000000,-136.363663,-162.902344,647.589417,254.110138,0.000012,0.000000,9.976951,6502,0,32,0
65.216705,0.009118,-0.326821,-1.066630,0.000004,-0.000023,-0.009850,0.000010,0.000146,0.003875,0.000015,-0.000001,0.000002,10.000000,5.000000,-124.000000,0.033380,-0.433903,0.000001,0.000000,0.000000,0.000000,-0.663646,916.000000,-136.363663,-162.902344,647.589417,254.110138,0.000012,0.000000,9.976852,6502,0,32,0
65.218658,0.009118,-0.326821,-1.066649,0.000004,-0.000023,-0.009842,0.000013,0.000155,0.003945,0.000016,-0.000001,0.000002,10.000000,5.000000,-124.000000,0.033361,-0.433903,0.000001,0.000000,0.000000,0.000000,-0.663646,916.000000,-136.363663,-162.902344,647.589417,254.110138,0.000012,0.000000,9.976754,6502,0,32,0
65.220612,0.009118,-0.326821,-1.066669,0.000004,-0.000022,-0.009834,0.000015,0.000164,0.004009,0.000017,-0.000002,0.000002,10.000000,5.000000,-124.000000,0.033341,-0.433903,0.000001,0.000000,0.000000,0.000000,-0.663646,916.000000,-136.363663,-162.902344,647.589417,254.110138,0.000012,0.000000,9.976656,6502,0,32,0
65.222565,0.009118,-0.326821,-1.066689,0.000004,-0.000022,-0.009826,0.000017,0.000174,0.004067,0.000018,-0.000002,0.000002,10.000000,5.000000,-124.000000,0.033321,-0.433903,0.000001,0.000000,0.000000,0.000000,-0.663646,916.000000,-136.363663,-162.902344,647.589417,254.110138,0.000012,0.000000,9.976557,6502,0,32,0
65.224518,0.009118,-0.326821,-1.066708,0.000004,-0.000022,-0.009818,0.000019,0.000183,0.004120,0.000019,-0.000002,0.000002,10.000000,5.000000,-124.000000,0.033302,-0.433903,0.000001,0.000000,0.000000,0.000000,-0.663646,916.000000,-136.363663,-162.902344,647.589417,254.110138,0.000012,0.000000,9.976460,6502,0,32,0
65.226471,0.009118,-0.326821,-1.066728,0.000004,-0.000021,-0.009810,0.000021,0.000192,0.004168,0.000020,-0.000002,0.000002,10.000000,5.000000,-124.000000,0.033282,-0.433903,0.000001,0.000000,0.000000,0.000000,-0.663646,916.000000,-136.363663,-162.902344,647.589417,254.110138,0.000012,0.000000,9.976361,6502,0,32,0
65.228432,0.009118,-0.326821,-1.066748,0.000004,-0.000021,-0.009801,0.000022,0.000201,0.004211,0.000021,-0.000002,0.000002,10.000000,5.000000,-124.000000,0.033262,-0.433903,0.000001,0.000000,0.000000,0.000000,-0.663646,916.000000,-136.363663,-162.902344,647.589417,254.110138,0.000012,0.000000,9.976264,6501,0,32,0
65.230385,0.009118,-0.326821,-1.066767,0.000004,-0.000020,-0.009793,0.000023,0.000211,0.004356,0.000022,-0.000002,0.000002,10.000000,5.000000,-124.000000,0.033243,-0.433903,0.000001,0.000000,0.000000,0.000000,-0.663646,916.000000,-136.363663,-162.902344,647.589417,254.110138,0.000012,0.000000,9.976165,6501,0,32,0
65.232338,0.009118,-0.326821,-1.066787,0.000004,-0.000020,-0.009784,0.000023,0.000220,0.004522,0.000023,-0.000002,0.000002,10.000000,5.000000,-124.000000,0.033223,-0.433903,0.000001,0.000000,0.000000,0.000000,-0.663646,916.000000,-136.363663,-162.902344,647.589417,254.110138,0.000012,0.000000,9.976068,6501,0,32,0
65.234291,0.009118,-0.326821,-1.066806,0.000004,-0.000019,-0.009774,0.000023,0.000229,0.004673,0.000024,-0.000002,0.000002,10.000000,5.000000,-124.000000,0.033204,-0.433903,0.000001,0.000000,0.000000,0.000000,-0.663646,916.000000,-136.363663,-162.902344,647.589417,254.110138,0.000012,0.000000,9.975970,6501,0,32,0
65.236244,0.009118,-0.326821,-1.066826,0.000004,-0.000019,-0.009765,0.000023,0.000238,0.004809,0.000025,-0.000002,0.000002,10.000000,5.000000,-124.000000,0.033184,-0.433903,0.000001,0.000000,0.000000,0.000000,-0.663646,916.000000,-136.363663,-162.902344,647.589417,254.110138,0.000012,0.000000,9.975872,6501,0,31,0
65.238197,0.009118,-0.326821,-1.066845,0.000004,-0.000018,-0.009755,0.000022,0.000248,0.004933,0.000026,-0.000002,0.000002,10.000000,5.000000,-124.000000,0.033165,-0.433903,0.000001,0.000000,0.000000,0.000000,-0.663646,916.000000,-136.363663,-162.902344,647.589417,254.110138,0.000012,0.000000,9.975774,6501,0,31,0
65.240150,0.009118,-0.326821,-1.066865,0.000004,-0.000018,-0.009745,0.000020,0.000257,0.005045,0.000027,-0.000002,0.000002,10.000000,5.000000,-124.000000,0.033145,-0.433903,0.000001,0.000000,0.000000,0.000000,-0.663646,916.000000,-136.363663,-162.902344,647.589417,254.110138,0.000012,0.000000,9.975677,6501,0,31,0
65.242104,0.009118,-0.326821,-1.066884,0.000004,-0.000017,-0.009735,0.000018,0.000266,0.005147,0.000028,-0.000002,0.000002,10.000000,5.000000,-124.000000,0.033126,-0.433903,0.000001,0.000000,0.000000,0.000000,-0.663646,916.000000,-136.363663,-162.902344,647.589417,254.110138,0.000012,0.000000,9.975579,6501,0,31,0
65.244057,0.009118,-0.326821,-1.066904,0.000004,-0.000017,-0.009724,0.000016,0.000275,0.005238,0.000029,-0.000002,0.000002,10.000000,5.000000,-124.000000,0.033106,-0.433903,0.000001,0.000000,0.000000,0.000000,-0.663646,916.000000,-136.363663,-162.902344,647.589417,254.110138,0.000012,0.000000,9.975482,6501,0,31,0
65.246017,0.009118,-0.326821,-1.066923,0.000004,-0.000016,-0.009714,0.000014,0.000284,0.005321,0.000030,-0.000001,0.000002,10.000000,5.000000,-124.000000,0.033087,-0.433903,0.000001,0.000000,0.000000,0.000000,-0.663646,916.000000,-136.363663,-162.902344,647.589417,254.110138,0.000012,0.000000,9.975385,6501,0,31,0
65.247971,0.009118,-0.326821,-1.066943,0.000004,-0.000016,-0.009703,0.000011,0.000294,0.005397,0.000030,-0.000001,0.000002,10.000000,5.000000,-124.000000,0.033067,-0.433903,0.000001,0.000000,0.000000,0.000000,-0.663646,916.000000,-136.363663,-162.902344,647.589417,254.110138,0.000012,0.000000,9.975287,6501,-1,31,0
65.249924,0.009118,-0.326822,-1.066962,0.000004,-0.000015,-0.009692,0.000009,0.000303,0.005466,0.000031,-0.000001,0.000002,10.000000,5.000000,-124.000000,0.033048,-0.433903,0.000001,0.000000,0.000000,0.000000,-0.663646,916.000000,-136.363663,-162.902344,647.589417,254.110138,0.000012,0.000000,9.975191,6501,-1,31,0
65.251877,0.009118,-0.326822,-1.066981,0.000004,-0.000015,-0.009681,0.000006,0.000312,0.005528,0.000032,-0.000000,0.000002,10.000000,5.000000,-124.000000,0.033028,-0.433903,0.000001,0.000000,0.000000,0.000000,-0.663646,916.000000,-136.363663,-162.902344,647.589417,254.110138,0.000012,0.000000,9.975094,6501,-1,31,0
65.253830,0.009118,-0.326822,-1.067001,0.000004,-0.000014,-0.009670,0.000003,0.000321,0.005585,0.000033,-0.000000,0.000002,10.000000,5.000000,-124.000000,0.033009,-0.433903,0.000001,0.000000,0.000000,0.000000,-0.663646,916.000000,-136.363663,-162.902344,647.589417,254.110138,0.000012,0.000000,9.974998,6501,-1,31,0
65.255783,0.009118,-0.326822,-1.067020,0.000004,-0.000013,-0.009659,0.000001,0.000330,0.005637,0.000034,0.000000,0.000002,10.000000,5.000000,-124.000000,0.032990,-0.433903,0.000001,0.000000,0.000000,0.000000,-0.663646,916.000000,-136.363663,-162.902344,647.589417,254.110138,0.000012,0.000000,9.974900,6501,-1,31,0
65.257736,0.009118,-0.326822,-1.067039,0.000004,-0.000013,-0.009647,-0.000002,0.000339,0.005684,0.000035,0.000000,0.000002,10.000000,5.000000,-124.000000,0.032970,-0.433903,0.000001,0.000000,0.000000,0.000000,-0.663646,916.000000,-136.363663,-162.902344,647.589417,254.110138,0.000012,0.000000,9.974804,6501,-1,31,0
65.259689,0.009118,-0.326822,-1.067059,0.000004,-0.000012,-0.009636,-0.000005,0.000347,0.005726,0.000036,0.000001,0.000002,10.000000,5.000000,-124.000000,0.032951,-0.433903,0.000001,0.000000,0.000000,0.000000,-0.663646,916.000000,-136.363663,-162.902344,647.589417,254.110138,0.000012,0.000000,9.974708,6500,-1,31,0
65.261642,0.009118,-0.326822,-1.067078,0.000004,-0.000011,-0.009624,-0.000008,0.000355,0.005870,0.000037,0.000001,0.000002,10.000000,5.000000,-124.000000,0.032932,-0.433903,0.000001,0.000000,0.000000,0.000000,-0.663646,916.000000,-136.363663,-162.902344,647.589417,254.110138,0.000012,0.000000,9.974612,6500,-1,31,0
65.263603,0.009118,-0.326822,-1.067097,0.000004,-0.000010,-0.009612,-0.000011,0.000362,0.006036,0.000037,0.000001,0.000002,10.000000,5.000000,-124.000000,0.032913,-0.433903,0.000001,0.000000,0.000000,0.000000,-0.663646,916.000000,-136.363663,-162.902344,647.589417,254.110138,0.000012,0.000000,9.974516,6500,-1,31,0
65.265556,0.009118,-0.326822,-1.067116,0.000004,-0.000010,-0.009600,-0.000014,0.000369,0.006186,0.000038,0.000002,0.000002,10.000000,5.000000,-124.000000,0.032893,-0.433903,0.000001,0.000000,0.000000,0.000000,-0.663646,916.000000,-136.363663,-162.902344,647.589417,254.110138,0.000012,0.000000,9.974420,6500,-1,31,0
65.267509,0.009118,-0.326822,-1.067135,0.000004,-0.000009,-0.009587,-0.000017,0.000376,0.006322,0.000039,0.000002,0.000003,10.000000,5.000000,-124.000000,0.032874,-0.433903,0.000001,0.000000,0.000000,0.000000,-0.663646,916.000000,-136.363663,-162.902344,647.589417,254.110138,0.000012,0.000000,9.974324,6500,-1,31,0
65.269463,0.009118,-0.326822,-1.067155,0.000004,-0.000008,-0.009575,-0.000021,0.000382,0.006446,0.000039,0.000002,0.000003,10.000000,5.000000,-124.000000,0.032855,-0.433903,0.000001,0.000000,0.000000,0.000000,-0.663646,916.000000,-136.363663,-162.902344,647.589417,254.110138,0.000012,0.000000,9.974228,6500,-1,31,0
65.271416,0.009118,-0.326822,-1.067174,0.000004,-0.000007,-0.009561,-0.000024,0.000387,0.006558,0.000040,0.000003,0.000003,10.000000,5.000000,-124.000000,0.032836,-0.433903,0.000001,0.000000,0.000000,0.000000,-0.663646,916.000000,-136.363663,-162.902344,647.589417,254.110138,0.000011,0.000000,9.974133,6500,-1,31,0
65.273369,0.009118,-0.326822,-1.067193,0.000004,-0.000007,-0.009548,-0.000028,0.000392,0.006660,0.000040,0.000003,0.000003,10.000000,5.000000,-124.000000,0.032817,-0.433903,0.000001,0.000000,0.000000,0.000000,-0.663646,916.000000,-136.363663,-162.902344,647.589417,254.110138,0.000011,0.000000,9.974036,6500,-1,31,0
65.275322,0.009118,-0.326822,-1.067212,0.000004,-0.000006,-0.009535,-0.000031,0.000396,0.006752,0.000041,0.000003,0.000003,10.000000,5.000000,-124.000000,0.032798,-0.433903,0.000001,0.000000,0.000000,0.000000,-0.663646,916.000000,-136.363663,-162.902344,647.589417,254.110138,0.000011,0.000000,9.973941,6500,-1,31,0
65.277275,0.009118,-0.326822,-1.067231,0.000004,-0.000005,-0.009521,-0.000035,0.000399,0.006835,0.000041,0.000004,0.000003,10.000000,5.000000,-124.000000,0.032779,-0.433903,0.000001,0.000000,0.000000,0.000000,-0.663646,916.000000,-136.363663,-162.902344,647.589417,254.110138,0.000011,0.000000,9.973845,6500,-1,31,0
65.279228,0.009118,-0.326822,-1.067250,0.000004,-0.000004,-0.009507,-0.000039,0.000402,0.006911,0.000041,0.000004,0.000003,10.000000,3.000000,-132.000000,0.032760,-0.433903,0.000001,0.000000,0.000000,0.000000,-0.663646,874.000000,-136.363663,-162.902344,647.589417,254.110138,0.000011,0.000000,9.973750,6500,-1,31,0
65.281189,0.009118,-0.326822,-1.067269,0.000004,-0.000003,-0.009493,-0.000043,0.000404,0.006980,0.000041,0.000005,0.000003,10.000000,3.000000,-132.000000,0.032741,-0.420782,0.000001,0.000000,0.000000,0.067000,-0.354410,874.000000,-119.402931,-133.726654,253.145126,281.391174,0.000011,0.000000,9.973656,6500,-1,31,0
65.283142,0.009118,-0.326822,-1.067288,0.000004,-0.000003,-0.009479,-0.000047,0.000406,0.007042,0.000042,0.000005,0.000003,10.000000,3.000000,-132.000000,0.032722,-0.420782,0.000001,0.000000,0.000000,0.000000,-0.354410,874.000000,-119.402931,-133.726654,253.145126,281.391174,0.000011,0.000000,9.973561,6500,-1,31,0
65.285095,0.009118,-0.326822,-1.067307,0.000004,-0.000002,-0.009465,-0.000051,0.000407,0.007098,0.000042,0.000005,0.000003,10.000000,3.000000,-132.000000,0.032703,-0.420782,0.000001,0.000000,0.000000,0.000000,-0.354410,874.000000,-119.402931,-133.726654,253.145126,281.391174,0.000010,0.000000,9.973466,6500,-1,31,0
65.287048,0.009118,-0.326822,-1.067326,0.000003,-0.000001,-0.009451,-0.000055,0.000407,0.007149,0.000042,0.000006,0.000003,10.000000,3.000000,-132.000000,0.032684,-0.420782,0.000001,0.000000,0.000000,0.000000,-0.354410,874.000000,-119.402931,-133.726654,253.145126,281.391174,0.000010,0.000000,9.973372,6500,0,31,0
65.289001,0.009118,-0.326822,-1.067345,0.000003,-0.000000,-0.009437,-0.000060,0.000406,0.007195,0.000041,0.000006,0.000003,10.000000,3.000000,-132.000000,0.032665,-0.420782,0.000001,0.000000,0.000000,0.000000,-0.354410,874.000000,-119.402931,-133.726654,253.145126,281.391174,0.000010,0.000000,9.973277,6500,0,31,0
65.290955,0.009118,-0.326822,-1.067364,0.000003,0.000001,-0.009422,-0.000064,0.000405,0.007237,0.000041,0.000007,0.000003,10.000000,3.000000,-132.000000,0.032646,-0.420782,0.000001,0.000000,0.000000,0.000000,-0.354410,874.000000,-119.402931,-133.726654,253.145126,281.391174,0.000010,0.000000,9.973184,6499,0,31,0
65.292908,0.009118,-0.326822,-1.067382,0.000003,0.000001,-0.009407,-0.000069,0.000403,0.007380,0.000041,0.000007,0.000003,10.000000,3.000000,-132.000000,0.032627,-0.420782,0.000001,0.000000,0.000000,0.000000,-0.354410,874.000000,-119.402931,-133.726654,253.145126,281.391174,0.000010,0.000000,9.973089,6499,0,31,0
65.294861,0.009118,-0.326822,-1.067401,0.000003,0.000002,-0.009392,-0.000073,0.000400,0.007545,0.000041,0.000008,0.000003,10.000000,3.000000,-132.000000,0.032608,-0.420782,0.000001,0.000000,0.000000,0.000000,-0.354410,874.000000,-119.402931,-133.726654,253.145126,281.391174,0.000010,0.000000,9.972996,6499,0,31,0
65.296822,0.009118,-0.326822,-1.067420,0.000003,0.000003,-0.009377,-0.000077,0.000397,0.007694,0.000040,0.000008,0.000003,10.000000,3.000000,-132.000000,0.032590,-0.420782,0.000001,0.000000,0.000000,0.000000,-0.354410,874.000000,-119.402931,-133.726654,253.145126,281.391174,0.000010,0.000000,9.972901,6499,0,31,0
65.298775,0.009118,-0.326822,-1.067439,0.000003,0.000004,-0.009361,-0.000082,0.000393,0.007829,0.000040,0.000009,0.000003,10.000000,3.000000,-132.000000,0.032571,-0.420782,0.000001,0.000000,0.000000,0.000000,-0.354410,874.000000,-119.402931,-133.726654,253.145126,281.391174,0.000010,0.000000,9.972808,6499,0,31,0
65.300728,0.009118,-0.326822,-1.067457,0.000002,0.000005,-0.009346,-0.000086,0.000389,0.007953,0.000040,0.000009,0.000003,10.000000,3.000000,-132.000000,0.032552,-0.420782,0.000001,0.000000,0.000000,0.000000,-0.354410,874.000000,-119.402931,-133.726654,253.145126,281.391174,0.000009,0.000000,9.972714,6499,0,31,0
65.302681,0.009118,-0.326822,-1.067476,0.000002,0.000005,-0.009330,-0.000090,0.000385,0.008064,0.000039,0.000009,0.000003,10.000000,3.000000,-132.000000,0.032533,-0.420782,0.000001,0.000000,0.000000,0.000000,-0.354410,874.000000,-119.402931,-133.726654,253.145126,281.391174,0.000009,0.000000,9.972621,6499,0,31,0
65.304634,0.009118,-0.326822,-1.067495,0.000002,0.000006,-0.009313,-0.000093,0.000380,0.008165,0.000039,0.000010,0.000003,10.000000,3.000000,-132.000000,0.032515,-0.420782,0.000001,0.000000,0.000000,0.000000,-0.354410,874.000000,-119.402931,-133.726654,253.145126,281.391174,0.000009,0.000000,9.972528,6499,0,31,0
65.306587,0.009118,-0.326822,-1.067513,0.000002,0.000007,-0.009297,-0.000097,0.000375,0.008256,0.000038,0.000010,0.000003,10.000000,3.000000,-132.000000,0.032496,-0.420782,0.000001,0.000000,0.000000,0.000000,-0.354410,874.000000,-119.402931,-133.726654,253.145126,281.391174,0.000009,0.000000,9.972434,6499,0,31,0
65.308540,0.009118,-0.326822,-1.067532,0.000002,0.000008,-0.009280,-0.000100,0.000370,0.008339,0.000037,0.000010,0.000003,10.000000,3.000000,-132.000000,0.032477,-0.420782,0.000001,0.000000,0.000000,0.000000,-0.354410,874.000000,-119.402931,-133.726654,253.145126,281.391174,0.000009,0.000000,9.972342,6499,0,31,0
65.310493,0.009118,-0.326822,-1.067550,0.000001,0.000008,-0.009263,-0.000103,0.000364,0.008414,0.000037,0.000011,0.000003,10.000000,3.000000,-132.000000,0.032459,-0.420782,0.000001,0.000000,0.000000,0.000000,-0.354410,874.000000,-119.402931,-133.726654,253.145126,281.391174,0.000009,0.000000,9.972249,6499,0,31,0
65.312447,0.009118,-0.326822,-1.067569,0.000001,0.000009,-0.009246,-0.000105,0.000358,0.008482,0.000036,0.000011,0.000003,10.000000,3.000000,-132.000000,0.032440,-0.420782,0.000001,0.000000,0.000000,0.000000,-0.354410,874.000000,-119.402931,-133.726654,253.145126,281.391174,0.000009,0.000000,9.972156,6499,0,31,0
65.314407,0.009118,-0.326822,-1.067587,0.000001,0.000010,-0.009229,-0.000108,0.000352,0.008544,0.000036,0.000011,0.000003,10.000000,3.000000,-132.000000,0.032422,-0.420782,0.000001,0.000000,0.000000,0.000000,-0.354410,874.000000,-119.402931,-133.726654,253.145126,281.391174,0.000009,0.000000,9.972064,6499,0,31,-1
65.316360,0.009118,-0.326822,-1.067606,0.000001,0.000010,-0.009212,-0.000109,0.000348,0.008601,0.000035,0.000011,0.000003,10.000000,3.000000,-132.000000,0.032404,-0.420782,0.000001,0.000000,0.000000,0.000000,-0.354410,874.000000,-119.402931,-133.726654,253.145126,281.391174,0.000002,0.000000,9.971972,6499,0,31,-1
65.318314,0.009118,-0.326822,-1.067624,0.000001,0.000011,-0.009195,-0.000111,0.000341,0.008652,0.000034,0.000011,0.000003,10.000000,3.000000,-132.000000,0.032385,-0.420782,0.000001,0.000000,0.000000,0.000000,-0.354410,874.000000,-119.402931,-133.726654,253.145126,281.391174,-0.000012,0.000000,9.971880,6499,0,31,-1
65.320267,0.009118,-0.326822,-1.067642,0.000000,0.000012,-0.009178,-0.000112,0.000335,0.008699,0.000034,0.000012,0.000003,10.000000,3.000000,-132.000000,0.032367,-0.420782,0.000001,0.000000,0.000000,0.000000,-0.354410,874.000000,-119.402931,-133.726654,253.145126,281.391174,-0.000024,0.000000,9.971788,6499,0,31,-1
65.322220,0.009118,-0.326822,-1.067661,0.000000,0.000012,-0.009160,-0.000113,0.000328,0.008741,0.000033,0.000012,0.000003,10.000000,3.000000,-132.000000,0.032348,-0.420782,0.000001,0.000000,0.000000,0.000000,-0.354410,874.000000,-119.402931,-133.726654,253.145126,281.391174,-0.000036,0.000000,9.971697,6498,0,31,-1
65.324173,0.009118,-0.326822,-1.067679,-0.000000,0.000013,-0.009142,-0.000114,0.000321,0.008885,0.000032,0.000012,0.000003,10.000000,3.000000,-132.000000,0.032330,-0.420782,0.000001,0.000000,0.000000,0.000000,-0.354410,874.000000,-119.402931,-133.726654,253.145126,281.391174,-0.000047,0.000000,9.971605,6498,0,31,-1
65.326126,0.009118,-0.326822,-1.067697,-0.000000,0.000014,-0.009124,-0.000115,0.000314,0.009050,0.000032,0.000012,0.000003,10.000000,3.000000,-132.000000,0.032312,-0.420782,0.000001,0.000000,0.000000,0.000000,-0.354410,874.000000,-119.402931,-133.726654,253.145126,281.391174,-0.000058,0.000000,9.971514,6498,0,31,-1
65.328079,0.009118,-0.326822,-1.067716,-0.000001,0.000014,-0.009106,-0.000116,0.000306,0.009199,0.000031,0.000012,0.000002,10.000000,3.000000,-132.000000,0.032294,-0.420782,0.000001,0.000000,0.000000,0.000000,-0.354410,874.000000,-119.402931,-133.726654,253.145126,281.391174,-0.000067,0.000000,9.971422,6498,0,31,0
65.330032,0.009118,-0.326821,-1.067734,-0.000001,0.000015,-0.009087,-0.000116,0.000297,0.009334,0.000030,0.000012,0.000002,10.000000,3.000000,-132.000000,0.032275,-0.420782,0.000001,0.000000,0.000000,0.000000,-0.354410,874.000000,-119.402931,-133.726654,253.145126,281.391174,-0.000069,0.000000,9.971332,6498,0,31,0
65.331993,0.009118,-0.326821,-1.067752,-0.000001,0.000016,-0.009069,-0.000116,0.000290,0.009457,0.000029,0.000012,0.000002,10.000000,3.000000,-132.000000,0.032257,-0.420782,0.000001,0.000000,0.000000,0.000000,-0.354410,874.000000,-119.402931,-133.726654,253.145126,281.391174,-0.000064,0.000000,9.971241,6498,0,31,0
65.333946,0.009118,-0.326821,-1.067770,-0.000001,0.000016,-0.009050,-0.000116,0.000283,0.009569,0.000029,0.000012,0.000002,10.000000,3.000000,-132.000000,0.032239,-0.420782,0.000001,0.000000,0.000000,0.000000,-0.354410,874.000000,-119.402931,-133.726654,253.145126,281.391174,-0.000059,0.000000,9.971151,6498,0,31,0
65.335899,0.009118,-0.326821,-1.067788,-0.000002,0.000017,-0.009030,-0.000116,0.000275,0.009670,0.000028,0.000012,0.000002,10.000000,3.000000,-132.000000,0.032221,-0.420782,0.000001,0.000000,0.000000,0.000000,-0.354410,874.000000,-119.402931,-133.726654,253.145126,281.391174,-0.000055,0.000000,9.971061,6498,0,31,0
65.337852,0.009118,-0.326821,-1.067806,-0.000002,0.000017,-0.009011,-0.000116,0.000268,0.009761,0.000027,0.000012,0.000002,10.000000,2.000000,-137.000000,0.032203,-0.420782,0.000001,0.000000,0.000000,0.000000,-0.354410,834.000000,-119.402931,-133.726654,253.145126,281.391174,-0.000051,0.000000,9.970970,6498,0,31,0
65.339806,0.009118,-0.326821,-1.067824,-0.000002,0.000018,-0.008991,-0.000115,0.000260,0.009844,0.000026,0.000012,0.000002,10.000000,2.000000,-137.000000,0.032185,-0.409970,-0.000000,0.000000,0.000000,0.067000,-0.353731,834.000000,-74.626900,-92.348404,668.299255,410.603790,-0.000048,0.000000,9.970881,6498,0,31,0
65.341759,0.009118,-0.326821,-1.067842,-0.000002,0.000018,-0.008971,-0.000115,0.000253,0.009919,0.000025,0.000012,0.000002,10.000000,2.000000,-137.000000,0.032167,-0.409970,-0.000000,0.000000,0.000000,0.000000,-0.353731,834.000000,-74.626900,-92.348404,668.299255,410.603790,-0.000044,0.000000,9.970790,6498,0,31,0
65.343712,0.009118,-0.326821,-1.067860,-0.000002,0.000019,-0.008951,-0.000113,0.000245,0.009987,0.000025,0.000012,0.000002,10.000000,2.000000,-137.000000,0.032149,-0.409970,-0.000000,0.000000,0.000000,0.000000,-0.353731,834.000000,-74.626900,-92.348404,668.299255,410.603790,-0.000042,0.000000,9.970701,6498,0,31,0
65.345665,0.009118,-0.326821,-1.067878,-0.000003,0.000019,-0.008931,-0.000112,0.000238,0.010049,0.000024,0.000011,0.000002,10.000000,2.000000,-137.000000,0.032131,-0.409970,-0.000000,0.000000,0.000000,0.000000,-0.353731,834.000000,-74.626900,-92.348404,668.299255,410.603790,-0.000039,0.000000,9.970611,6498,0,31,0
65.347626,0.009118,-0.326821,-1.067896,-0.000003,0.000020,-0.008911,-0.000110,0.000230,0.010105,0.000023,0.000011,0.000001,10.000000,2.000000,-137.000000,0.032113,-0.409970,-0.000000,0.000000,0.000000,0.000000,-0.353731,834.000000,-74.626900,-92.348404,668.299255,410.603790,-0.000037,0.000000,9.970522,6498,0,31,0
65.349579,0.009118,-0.326821,-1.067913,-0.000003,0.000020,-0.008891,-0.000108,0.000222,0.010156,0.000022,0.000011,0.000001,10.000000,2.000000,-137.000000,0.032095,-0.409970,-0.000000,0.000000,0.000000,0.000000,-0.353731,834.000000,-74.626900,-92.348404,668.299255,410.603790,-0.000034,0.000000,9.970433,6498,0,31,0
65.351532,0.009118,-0.326821,-1.067931,-0.000003,0.000021,-0.008870,-0.000106,0.000214,0.010202,0.000022,0.000011,0.000001,10.000000,2.000000,-137.000000,0.032078,-0.409970,-0.000000,0.000000,0.000000,0.000000,-0.353731,834.000000,-74.626900,-92.348404,668.299255,410.603790,-0.000032,0.000000,9.970344,6498,0,31,0
65.353485,0.009118,-0.326821,-1.067949,-0.000004,0.000021,-0.008850,-0.000103,0.000206,0.010244,0.000021,0.000010,0.000001,10.000000,2.000000,-137.000000,0.032060,-0.409970,-0.000000,0.000000,0.000000,0.000000,-0.353731,834.000000,-74.626900,-92.348404,668.299255,410.603790,-0.000031,0.000000,9.970256,6498,0,31,0
65.355438,0.009118,-0.326821,-1.067967,-0.000004,0.000021,-0.008829,-0.000099,0.000199,0.010282,0.000020,0.000010,0.000001,10.000000,2.000000,-137.000000,0.032042,-0.409970,-0.000000,0.000000,0.000000,0.000000,-0.353731,834.000000,-74.626900,-92.348404,668.299255,410.603790,-0.000029,0.000000,9.970168,6497,0,31,0
65.357391,0.009118,-0.326821,-1.067984,-0.000004,0.000022,-0.008809,-0.000096,0.000191,0.010423,0.000019,0.000010,0.000001,10.000000,2.000000,-137.000000,0.032025,-0.409970,-0.000000,0.000000,0.000000,0.000000,-0.353731,834.000000,-74.626900,-92.348404,668.299255,410.603790,-0.000028,0.000000,9.970079,6497,0,31,0
65.359344,0.009118,-0.326821,-1.068002,-0.000004,0.000022,-0.008788,-0.000092,0.000183,0.010585,0.000018,0.000009,0.000001,10.000000,2.000000,-137.000000,0.032007,-0.409970,-0.000000,0.000000,0.000000,0.000000,-0.353731,834.000000,-74.626900,-92.348404,668.299255,410.603790,-0.000026,0.000000,9.969992,6497,0,31,0
65.361298,0.009118,-0.326821,-1.068019,-0.000004,0.000023,-0.008766,-0.000087,0.000175,0.010731,0.000017,0.000009,0.000001,10.000000,2.000000,-137.000000,0.031989,-0.409970,-0.000000,0.000000,0.000000,0.000000,-0.353731,834.000000,-74.626900,-92.348404,668.299255,410.603790,-0.000025,0.000000,9.969904,6497,0,31,0
65.363251,0.009118,-0.326821,-1.068037,-0.000004,0.000023,-0.008745,-0.000082,0.000167,0.010865,0.000017,0.000008,0.000001,10.000000,2.000000,-137.000000,0.031972,-0.409970,-0.000000,0.000000,0.000000,0.000000,-0.353731,834.000000,-74.626900,-92.348404,668.299255,410.603790,-0.000024,0.000000,9.969816,6497,0,31,0
65.365211,0.009118,-0.326821,-1.068054,-0.000005,0.000023,-0.008723,-0.000077,0.000159,0.010986,0.000016,0.000008,0.000001,10.000000,2.000000,-137.000000,0.031954,-0.409970,-0.000000,0.000000,0.000000,0.000000,-0.353731,834.000000,-74.626900,-92.348404,668.299255,410.603790,-0.000023,0.000000,9.969728,6497,0,31,0
65.367165,0.009118,-0.326821,-1.068072,-0.000005,0.000023,-0.008700,-0.000071,0.000151,0.011095,0.000015,0.000007,0.000001,10.000000,2.000000,-137.000000,0.031937,-0.409970,-0.000000,0.000000,0.000000,0.000000,-0.353731,834.000000,-74.626900,-92.348404,668.299255,410.603790,-0.000022,0.000000,9.969642,6497,0,31,0
65.369118,0.009118,-0.326821,-1.068089,-0.000005,0.000024,-0.008678,-0.000065,0.000143,0.011194,0.000014,0.000006,0.000001,10.000000,2.000000,-137.000000,0.031920,-0.409970,-0.000000,0.000000,0.000000,0.000000,-0.353731,834.000000,-74.626900,-92.348404,668.299255,410.603790,-0.000021,0.000000,9.969555,6497,0,32,0
65.371071,0.009118,-0.326821,-1.068106,-0.000005,0.000024,-0.008656,-0.000058,0.000135,0.011284,0.000013,0.000006,0.000001,10.000000,2.000000,-137.000000,0.031902,-0.409970,-0.000000,0.000000,0.000000,0.000000,-0.353731,834.000000,-74.626900,-92.348404,668.299255,410.603790,-0.000021,0.000000,9.969469,6497,0,32,0
65.373024,0.009118,-0.326821,-1.068124,-0.000005,0.000024,-0.008633,-0.000051,0.000127,0.011366,0.000013,0.000005,0.000001,10.000000,2.000000,-137.000000,0.031885,-0.409970,-0.000000,0.000000,0.000000,0.000000,-0.353731,834.000000,-74.626900,-92.348404,668.299255,410.603790,-0.000020,0.000000,9.969382,6497,0,32,0
65.374977,0.009118,-0.326821,-1.068141,-0.000005,0.000025,-0.008610,-0.000044,0.000119,0.011441,0.000012,0.000004,0.000001,10.000000,2.000000,-137.000000,0.031868,-0.409970,-0.000000,0.000000,0.000000,0.000000,-0.353731,834.000000,-74.626900,-92.348404,668.299255,410.603790,-0.000019,0.000000,9.969296,6497,0,32,0
65.376930,0.009118,-0.326820,-1.068158,-0.000005,0.000025,-0.008587,-0.000037,0.000111,0.011509,0.000011,0.000003,0.000001,10.000000,2.000000,-137.000000,0.031851,-0.409970,-0.000000,0.000000,0.000000,0.000000,-0.353731,834.000000,-74.626900,-92.348404,668.299255,410.603790,-0.000019,0.000000,9.969211,6497,0,32,0
65.378883,0.009118,-0.326820,-1.068175,-0.000005,0.000025,-0.008564,-0.000029,0.000103,0.011570,0.000010,0.000003,0.000001,10.000000,2.000000,-137.000000,0.031833,-0.409970,-0.000000,0.000000,0.000000,0.000000,-0.353731,834.000000,-74.626900,-92.348404,668.299255,410.603790,-0.000018,0.000000,9.969125,6497,0,32,0
65.380836,0.009118,-0.326820,-1.068192,-0.000005,0.000025,-0.008541,-0.000022,0.000095,0.011626,0.000009,0.000002,0.000001,10.000000,2.000000,-137.000000,0.031816,-0.409970,-0.000000,0.000000,0.000000,0.000000,-0.353731,834.000000,-74.626900,-92.348404,668.299255,410.603790,-0.000018,0.000000,9.969039,6497,0,32,0
65.382797,0.009118,-0.326820,-1.068209,-0.000005,0.000025,-0.008517,-0.000014,0.000087,0.011677,0.000008,0.000001,0.000001,10.000000,2.000000,-137.000000,0.031799,-0.409970,-0.000000,0.000000,0.000000,0.000000,-0.353731,834.000000,-74.626900,-92.348404,668.299255,410.603790,-0.000018,0.000000,9.968953,6497,0,32,0
65.384750,0.009118,-0.326820,-1.068226,-0.000005,0.000026,-0.008494,-0.000007,0.000079,0.011723,0.000008,0.000000,0.000001,10.000000,2.000000,-137.000000,0.031782,-0.409970,-0.000000,0.000000,0.000000,0.000000,-0.353731,834.000000,-74.626900,-92.348404,668.299255,410.603790,-0.000017,0.000000,9.968868,6497,0,32,0
65.386703,0.009118,-0.326820,-1.068243,-0.000005,0.000026,-0.008471,0.000000,0.000070,0.011765,0.000007,-0.000000,0.000001,10.000000,2.000000,-137.000000,0.031765,-0.409970,-0.000000,0.000000,0.000000,0.000000,-0.353731,834.000000,-74.626900,-92.348404,668.299255,410.603790,-0.000017,0.000000,9.968784,6497,0,32,0
65.388657,0.009118,-0.326820,-1.068260,-0.000005,0.000026,-0.008447,0.000007,0.000062,0.011802,0.000006,-0.000001,0.000001,10.000000,2.000000,-137.000000,0.031748,-0.409970,-0.000000,0.000000,0.000000,0.000000,-0.353731,834.000000,-74.626900,-92.348404,668.299255,410.603790,-0.000016,0.000000,9.968700,6497,0,32,0
65.390610,0.009118,-0.326820,-1.068277,-0.000005,0.000026,-0.008423,0.000014,0.000054,0.011837,0.000005,-0.000002,0.000000,10.000000,2.000000,-137.000000,0.031731,-0.409970,-0.000000,0.000000,0.000000,0.000000,-0.353731,834.000000,-74.626900,-92.348404,668.299255,410.603790,-0.000016,0.000000,9.968616,6496,0,32,0
65.392563,0.009118,-0.326820,-1.068294,-0.000005,0.000026,-0.008399,0.000020,0.000046,0.011973,0.000004,-0.000002,0.000000,10.000000,2.000000,-137.000000,0.031715,-0.409970,-0.000000,0.000000,0.000000,0.000000,-0.353731,834.000000,-74.626900,-92.348404,668.299255,410.603790,-0.000016,0.000000,9.968532,6496,0,32,0
65.394516,0.009118,-0.326820,-1.068311,-0.000005,0.000026,-0.008375,0.000026,0.000038,0.012133,0.000003,-0.000003,0.000000,10.000000,2.000000,-137.000000,0.031698,-0.409970,-0.000000,0.000000,0.000000,0.000000,-0.353731,834.000000,-74.626900,-92.348404,668.299255,410.603790,-0.000016,0.000000,9.968447,6496,0,32,0
65.396469,0.009118,-0.326820,-1.068327,-0.000005,0.000026,-0.008351,0.000031,0.000030,0.012276,0.000003,-0.000003,0.000000,10.000000,2.000000,-140.000000,0.031681,-0.409970,-0.000000,0.000000,0.000000,0.000000,-0.353731,816.000000,-74.626900,-92.348404,668.299255,410.603790,-0.000016,0.000000,9.968364,6496,0,32,0
65.398422,0.009118,-0.326820,-1.068344,-0.000005,0.000026,-0.008326,0.000036,0.000022,0.012407,0.000002,-0.000004,0.000000,10.000000,2.000000,-140.000000,0.031664,-0.371671,-0.000001,0.000000,0.000000,0.066000,-0.166201,816.000000,-45.454556,-55.846714,442.005310,438.152740,-0.000015,0.000000,9.968281,6496,0,32,0
65.400383,0.009118,-0.326820,-1.068361,-0.000005,0.000026,-0.008301,0.000041,0.000014,0.012525,0.000001,-0.000004,0.000000,10.000000,2.000000,-140.000000,0.031648,-0.371671,-0.000001,0.000000,0.000000,0.000000,-0.166201,816.000000,-45.454556,-55.846714,442.005310,438.152740,-0.000015,0.000000,9.968197,6496,0,32,0
65.402336,0.009118,-0.326820,-1.068377,-0.000005,0.000026,-0.008276,0.000045,0.000006,0.012632,0.000000,-0.000005,0.000000,10.000000,2.000000,-140.000000,0.031631,-0.371671,-0.000001,0.000000,0.000000,0.000000,-0.166201,816.000000,-45.454556,-55.846714,442.005310,438.152740,-0.000015,0.000000,9.968115,6496,0,32,0
65.404289,0.009118,-0.326820,-1.068394,-0.000005,0.000026,-0.008250,0.000048,-0.000003,0.012730,-0.000001,-0.000005,0.000000,10.000000,2.000000,-140.000000,0.031615,-0.371671,-0.000001,0.000000,0.000000,0.000000,-0.166201,816.000000,-45.454556,-55.846714,442.005310,438.152740,-0.000015,0.000000,9.968032,6496,0,32,0
65.406242,0.009118,-0.326820,-1.068410,-0.000005,0.000026,-0.008225,0.000051,-0.000011,0.012819,-0.000002,-0.000005,0.000000,10.000000,2.000000,-140.000000,0.031598,-0.371671,-0.000001,0.000000,0.000000,0.000000,-0.166201,816.000000,-45.454556,-55.846714,442.005310,438.152740,-0.000015,0.000000,9.967950,6496,0,32,0
65.408195,0.009118,-0.326820,-1.068427,-0.000005,0.000026,-0.008199,0.000054,-0.000019,0.012899,-0.000002,-0.000006,0.000000,10.000000,2.000000,-140.000000,0.031582,-0.371671,-0.000001,0.000000,0.000000,0.000000,-0.166201,816.000000,-45.454556,-55.846714,442.005310,438.152740,-0.000015,0.000000,9.967868,6496,0,32,0
65.410149,0.009118,-0.326820,-1.068443,-0.000005,0.000026,-0.008173,0.000056,-0.000027,0.012972,-0.000003,-0.000006,0.000000,10.000000,2.000000,-140.000000,0.031565,-0.371671,-0.000001,0.000000,0.000000,0.000000,-0.166201,816.000000,-45.454556,-55.846714,442.005310,438.152740,-0.000015,0.000000,9.967786,6496,0,32,0
65.412102,0.009118,-0.326820,-1.068459,-0.000004,0.000026,-0.008147,0.000057,-0.000035,0.013038,-0.000004,-0.000006,0.000000,10.000000,2.000000,-140.000000,0.031549,-0.371671,-0.000001,0.000000,0.000000,0.000000,-0.166201,816.000000,-45.454556,-55.846714,442.005310,438.152740,-0.000014,0.000000,9.967704,6496,0,31,0
65.414055,0.009118,-0.326820,-1.068475,-0.000004,0.000026,-0.008121,0.000057,-0.000043,0.013097,-0.000005,-0.000006,0.000000,10.000000,2.000000,-140.000000,0.031533,-0.371671,-0.000001,0.000000,0.000000,0.000000,-0.166201,816.000000,-45.454556,-55.846714,442.005310,438.152740,-0.000014,0.000000,9.967623,6496,0,31,0
65.416016,0.009118,-0.326819,-1.068492,-0.000004,0.000026,-0.008095,0.000058,-0.000051,0.013150,-0.000006,-0.000006,0.000000,10.000000,2.000000,-140.000000,0.031516,-0.371671,-0.000001,0.000000,0.000000,0.000000,-0.166201,816.000000,-45.454556,-55.846714,442.005310,438.152740,-0.000014,0.000000,9.967542,6496,0,31,0
65.417969,0.009118,-0.326819,-1.068508,-0.000004,0.000026,-0.008068,0.000057,-0.000059,0.013199,-0.000006,-0.000006,0.000000,10.000000,2.000000,-140.000000,0.031500,-0.371671,-0.000001,0.000000,0.000000,0.000000,-0.166201,816.000000,-45.454556,-55.846714,442.005310,438.152740,-0.000014,0.000000,9.967462,6496,0,31,0
65.419922,0.009118,-0.326819,-1.068524,-0.000004,0.000026,-0.008042,0.000056,-0.000068,0.013243,-0.000007,-0.000006,0.000000,10.000000,2.000000,-140.000000,0.031484,-0.371671,-0.000001,0.000000,0.000000,0.000000,-0.166201,816.000000,-45.454556,-55.846714,442.005310,438.152740,-0.000014,0.000000,9.967381,6496,0,31,0
65.421875,0.009118,-0.326819,-1.068540,-0.000004,0.000025,-0.008015,0.000055,-0.000076,0.013283,-0.000008,-0.000006,0.000000,10.000000,2.000000,-140.000000,0.031468,-0.371671,-0.000001,0.000000,0.000000,0.000000,-0.166201,816.000000,-45.454556,-55.846714,442.005310,438.152740,-0.000014,0.000000,9.967300,6496,0,31,0
65.423828,0.009118,-0.326819,-1.068556,-0.000004,0.000025,-0.007989,0.000054,-0.000084,0.013320,-0.000009,-0.000005,-0.000000,10.000000,2.000000,-140.000000,0.031452,-0.371671,-0.000001,0.000000,0.000000,0.000000,-0.166201,816.000000,-45.454556,-55.846714,442.005310,438.152740,-0.000014,0.000000,9.967220,6496,0,31,0
65.425781,0.009118,-0.326819,-1.068572,-0.000004,0.000025,-0.007962,0.000053,-0.000092,0.013352,-0.000010,-0.000005,-0.000000,10.000000,2.000000,-140.000000,0.031436,-0.371671,-0.000001,0.000000,0.000000,0.000000,-0.166201,816.000000,-45.454556,-55.846714,442.005310,438.152740,-0.000014,0.000000,9.967141,6496,0,31,0
65.427734,0.009118,-0.326819,-1.068588,-0.000004,0.000025,-0.007935,0.000051,-0.000100,0.013382,-0.000011,-0.000005,-0.000000,10.000000,2.000000,-140.000000,0.031420,-0.371671,-0.000001,0.000000,0.000000,0.000000,-0.166201,816.000000,-45.454556,-55.846714,442.005310,438.152740,-0.000014,0.000000,9.967061,6495,0,31,0
65.429688,0.009118,-0.326819,-1.068604,-0.000003,0.000025,-0.007908,0.000050,-0.000108,0.013515,-0.000011,-0.000005,-0.000000,10.000000,2.000000,-140.000000,0.031404,-0.371671,-0.000001,0.000000,0.000000,0.000000,-0.166201,816.000000,-45.454556,-55.846714,442.005310,438.152740,-0.000014,0.000000,9.966982,6495,0,31,0
65.431641,0.009118,-0.326819,-1.068619,-0.000003,0.000025,-0.007881,0.000049,-0.000116,0.013670,-0.000012,-0.000005,-0.000000,10.000000,2.000000,-140.000000,0.031389,-0.371671,-0.000001,0.000000,0.000000,0.000000,-0.166201,816.000000,-45.454556,-55.846714,442.005310,438.152740,-0.000014,0.000000,9.966904,6495,0,31,0
65.433601,0.009118,-0.326819,-1.068635,-0.000003,0.000024,-0.007853,0.000047,-0.000125,0.013810,-0.000013,-0.000005,-0.000000,10.000000,2.000000,-140.000000,0.031373,-0.371671,-0.000001,0.000000,0.000000,0.000000,-0.166201,816.000000,-45.454556,-55.846714,442.005310,438.152740,-0.000014,0.000000,9.966825,6495,0,31,0
65.435555,0.009118,-0.326819,-1.068651,-0.000003,0.000024,-0.007826,0.000046,-0.000133,0.013938,-0.000014,-0.000005,-0.000000,10.000000,2.000000,-140.000000,0.031357,-0.371671,-0.000001,0.000000,0.000000,0.000000,-0.166201,816.000000,-45.454556,-55.846714,442.005310,438.152740,-0.000014,0.000000,9.966746,6495,0,31,0
65.437508,0.009118,-0.326819,-1.068666,-0.000003,0.000024,-0.007798,0.000045,-0.000141,0.014053,-0.000015,-0.000005,-0.000000,10.000000,2.000000,-140.000000,0.031341,-0.371671,-0.000001,0.000000,0.000000,0.000000,-0.166201,816.000000,-45.454556,-55.846714,442.005310,438.152740,-0.000014,0.000000,9.966668,6495,0,31,0
65.439461,0.009118,-0.326819,-1.068682,-0.000003,0.000023,-0.007769,0.000044,-0.000149,0.014158,-0.000016,-0.000004,-0.000000,10.000000,2.000000,-140.000000,0.031326,-0.371671,-0.000001,0.000000,0.000000,0.000000,-0.166201,816.000000,-45.454556,-55.846714,442.005310,438.152740,-0.000014,0.000000,9.966590,6495,0,31,0
65.441414,0.009118,-0.326819,-1.068697,-0.000003,0.000023,-0.007741,0.000043,-0.000157,0.014252,-0.000016,-0.000004,-0.000000,10.000000,2.000000,-140.000000,0.031310,-0.371671,-0.000001,0.000000,0.000000,0.000000,-0.166201,816.000000,-45.454556,-55.846714,442.005310,438.152740,-0.000014,0.000000,9.966513,6495,0,31,0
65.443367,0.009118,-0.326819,-1.068713,-0.000003,0.000023,-0.007712,0.000042,-0.000165,0.014339,-0.000017,-0.000004,-0.000000,10.000000,2.000000,-140.000000,0.031295,-0.371671,-0.000001,0.000000,0.000000,0.000000,-0.166201,816.000000,-45.454556,-55.846714,442.005310,438.152740,-0.000014,0.000000,9.966435,6495,0,31,0
65.445320,0.009118,-0.326819,-1.068728,-0.000003,0.000022,-0.007683,0.000042,-0.000174,0.014417,-0.000018,-0.000004,-0.000000,10.000000,2.000000,-140.000000,0.031279,-0.371671,-0.000001,0.000000,0.000000,0.000000,-0.166201,816.000000,-45.454556,-55.846714,442.005310,438.152740,-0.000014,0.000000,9.966359,6495,0,31,0
65.447273,0.009118,-0.326819,-1.068744,-0.000003,0.000022,-0.007654,0.000042,-0.000182,0.014487,-0.000019,-0.000004,-0.000000,10.000000,2.000000,-140.000000,0.031264,-0.371671,-0.000001,0.000000,0.000000,0.000000,-0.166201,816.000000,-45.454556,-55.846714,442.005310,438.152740,-0.000014,0.000000,9.966283,6495,0,31,0
65.449226,0.009118,-0.326819,-1.068759,-0.000003,0.000022,-0.007625,0.000042,-0.000190,0.014552,-0.000020,-0.000004,-0.000000,10.000000,2.000000,-140.000000,0.031249,-0.371671,-0.000001,0.000000,0.000000,0.000000,-0.166201,816.000000,-45.454556,-55.846714,442.005310,438.152740,-0.000014,0.000000,9.966207,6495,0,31,0
65.451187,0.009118,-0.326819,-1.068774,-0.000003,0.000021,-0.007596,0.000043,-0.000198,0.014610,-0.000021,-0.000004,-0.000000,10.000000,2.000000,-140.000000,0.031234,-0.371671,-0.000001,0.000000,0.000000,0.000000,-0.166201,816.000000,-45.454556,-55.846714,442.005310,438.152740,-0.000014,0.000000,9.966130,6495,0,31,0
65.453140,0.009118,-0.326819,-1.068789,-0.000002,0.000021,-0.007567,0.000044,-0.000206,0.014662,-0.000021,-0.000005,-0.000000,10.000000,2.000000,-140.000000,0.031218,-0.371671,-0.000001,0.000000,0.000000,0.000000,-0.166201,816.000000,-45.454556,-55.846714,442.005310,438.152740,-0.000014,0.000000,9.966054,6495,0,31,0
65.455093,0.009118,-0.326818,-1.068804,-0.000002,0.000020,-0.007537,0.000045,-0.000214,0.014710,-0.000022,-0.000005,-0.000000,10.000000,2.000000,-140.000000,0.031203,-0.371671,-0.000001,0.000000,0.000000,0.000000,-0.166201,816.000000,-45.454556,-55.846714,442.005310,438.152740,-0.000014,0.000000,9.965979,6495,0,31,0
65.457047,0.009118,-0.326818,-1.068819,-0.000002,0.000020,-0.007508,0.000047,-0.000222,0.014753,-0.000023,-0.000005,-0.000000,10.000000,2.000000,-140.000000,0.031188,-0.371671,-0.000001,0.000000,0.000000,0.000000,-0.166201,816.000000,-45.454556,-55.846714,442.005310,438.152740,-0.000014,0.000000,9.965904,6495,0,32,0
65.459000,0.009118,-0.326818,-1.068834,-0.000002,0.000020,-0.007478,0.000049,-0.000231,0.014793,-0.000024,-0.000005,-0.000000,10.000000,2.000000,-140.000000,0.031173,-0.371671,-0.000001,0.000000,0.000000,0.000000,-0.166201,816.000000,-45.454556,-55.846714,442.005310,438.152740,-0.000014,0.000000,9.965829,6495,0,32,0
65.460953,0.009118,-0.326818,-1.068849,-0.000002,0.000019,-0.007449,0.000051,-0.000239,0.014829,-0.000025,-0.000005,-0.000001,10.000000,2.000000,-140.000000,0.031158,-0.371671,-0.000001,0.000000,0.000000,0.000000,-0.166201,816.000000,-45.454556,-55.846714,442.005310,438.152740,-0.000014,0.000000,9.965755,6495,0,32,0
65.462906,0.009118,-0.326818,-1.068864,-0.000002,0.000019,-0.007419,0.000053,-0.000247,0.014862,-0.000026,-0.000006,-0.000001,10.000000,2.000000,-140.000000,0.031143,-0.371671,-0.000001,0.000000,0.000000,0.000000,-0.166201,816.000000,-45.454556,-55.846714,442.005310,438.152740,-0.000014,0.000000,9.965680,6495,0,32,0
65.464859,0.009118,-0.326818,-1.068879,-0.000002,0.000018,-0.007389,0.000056,-0.000255,0.014892,-0.000026,-0.000006,-0.000001,10.000000,2.000000,-140.000000,0.031129,-0.371671,-0.000001,0.000000,0.000000,0.000000,-0.166201,816.000000,-45.454556,-55.846714,442.005310,438.152740,-0.000014,0.000000,9.965606,6495,0,32,0
65.466820,0.009118,-0.326818,-1.068894,-0.000002,0.000018,-0.007360,0.000058,-0.000263,0.014919,-0.000027,-0.000006,-0.000001,10.000000,2.000000,-140.000000,0.031114,-0.371671,-0.000001,0.000000,0.000000,0.000000,-0.166201,816.000000,-45.454556,-55.846714,442.005310,438.152740,-0.000014,0.000000,9.965532,6494,0,32,0
65.468773,0.009118,-0.326818,-1.068908,-0.000002,0.000017,-0.007329,0.000061,-0.000271,0.015050,-0.000028,-0.000006,-0.000001,10.000000,2.000000,-140.000000,0.031099,-0.371671,-0.000001,0.000000,0.000000,0.000000,-0.166201,816.000000,-45.454556,-55.846714,442.005310,438.152740,-0.000014,0.000000,9.965459,6494,0,32,0
65.470726,0.009118,-0.326818,-1.068923,-0.000001,0.000017,-0.007299,0.000063,-0.000280,0.015202,-0.000029,-0.000007,-0.000001,10.000000,2.000000,-140.000000,0.031084,-0.371671,-0.000001,0.000000,0.000000,0.000000,-0.166201,816.000000,-45.454556,-55.846714,442.005310,438.152740,-0.000014,0.000000,9.965386,6494,0,32,0
65.472679,0.009118,-0.326818,-1.068937,-0.000001,0.000016,-0.007269,0.000065,-0.000288,0.015340,-0.000030,-0.000007,-0.000001,10.000000,2.000000,-140.000000,0.031070,-0.371671,-0.000001,0.000000,0.000000,0.000000,-0.166201,816.000000,-45.454556,-55.846714,442.005310,438.152740,-0.000014,0.000000,9.965314,6494,0,32,0
65.474632,0.009118,-0.326818,-1.068952,-0.000001,0.000015,-0.007238,0.000067,-0.000296,0.015465,-0.000031,-0.000007,-0.000001,10.000000,1.000000,-141.000000,0.031055,-0.371671,-0.000001,0.000000,0.000000,0.000000,-0.166201,800.000000,-45.454556,-55.846714,442.005310,438.152740,-0.000014,0.000000,9.965240,6494,0,32,0
65.476585,0.009118,-0.326818,-1.068966,-0.000001,0.000015,-0.007207,0.000069,-0.000304,0.015579,-0.000031,-0.000007,-0.000001,10.000000,1.000000,-141.000000,0.031041,-0.371671,-0.000001,0.000000,0.000000,-0.932999,-0.166201,800.000000,-45.454556,-55.846714,442.005310,438.152740,-0.000014,0.000000,9.965169,6494,0,32,0
65.478539,0.009118,-0.326818,-1.068981,-0.000001,0.000014,-0.007175,0.000070,-0.000312,0.015682,-0.000032,-0.000007,-0.000001,10.000000,1.000000,-141.000000,0.031026,-0.371671,-0.000001,0.000000,0.000000,0.000000,-0.166201,800.000000,-45.454556,-55.846714,442.005310,438.152740,-0.000014,0.000000,9.965096,6494,0,32,0
65.480492,0.009118,-0.326818,-1.068995,-0.000001,0.000013,-0.007144,0.000071,-0.000320,0.015776,-0.000033,-0.000007,-0.000001,10.000000,1.000000,-141.000000,0.031012,-0.371671,-0.000001,0.000000,0.000000,0.000000,-0.166201,800.000000,-45.454556,-55.846714,442.005310,438.152740,-0.000014,0.000000,9.965025,6494,0,32,0
65.482445,0.009118,-0.326818,-1.069009,-0.000001,0.000013,-0.007112,0.000072,-0.000329,0.015861,-0.000034,-0.000007,-0.000001,10.000000,1.000000,-141.000000,0.030998,-0.371671,-0.000001,0.000000,0.000000,0.000000,-0.166201,800.000000,-45.454556,-55.846714,442.005310,438.152740,-0.000014,0.000000,9.964954,6494,0,32,0
65.484406,0.009118,-0.326818,-1.069023,-0.000001,0.000012,-0.007080,0.000072,-0.000337,0.015938,-0.000035,-0.000007,-0.000001,10.000000,1.000000,-141.000000,0.030984,-0.371671,-0.000001,0.000000,0.000000,0.000000,-0.166201,800.000000,-45.454556,-55.846714,442.005310,438.152740,-0.000014,0.000000,9.964884,6494,0,32,0
65.486359,0.009118,-0.326818,-1.069038,-0.000000,0.000011,-0.007048,0.000072,-0.000345,0.016007,-0.000036,-0.000007,-0.000001,10.000000,1.000000,-141.000000,0.030970,-0.371671,-0.000001,0.000000,0.000000,0.000000,-0.166201,800.000000,-45.454556,-55.846714,442.005310,438.152740,-0.000014,0.000000,9.964812,6494,0,32,0
65.488312,0.009118,-0.326818,-1.069052,-0.000000,0.000011,-0.007016,0.000071,-0.000353,0.016071,-0.000036,-0.000007,-0.000001,10.000000,1.000000,-141.000000,0.030955,-0.371671,-0.000001,0.000000,0.000000,0.000000,-0.166201,800.000000,-45.454556,-55.846714,442.005310,438.152740,-0.000014,0.000000,9.964743,6494,0,32,0
65.490265,0.009118,-0.326818,-1.069066,-0.000000,0.000010,-0.006984,0.000070,-0.000361,0.016129,-0.000037,-0.000007,-0.000001,10.000000,1.000000,-141.000000,0.030941,-0.371671,-0.000001,0.000000,0.000000,0.000000,-0.166201,800.000000,-45.454556,-55.846714,442.005310,438.152740,-0.000014,0.000000,9.964672,6494,1,31,0
65.492218,0.009118,-0.326818,-1.069080,0.000000,0.000009,-0.006952,0.000068,-0.000369,0.016180,-0.000038,-0.000007,-0.000001,10.000000,1.000000,-141.000000,0.030927,-0.371671,-0.000001,0.000000,0.000000,0.000000,-0.166201,800.000000,-45.454556,-55.846714,442.005310,438.152740,-0.000013,0.000000,9.964602,6494,1,31,0
65.494171,0.009118,-0.326818,-1.069093,0.000000,0.000009,-0.006919,0.000065,-0.000377,0.016227,-0.000039,-0.000007,-0.000001,10.000000,1.000000,-141.000000,0.030914,-0.371671,-0.000001,0.000000,0.000000,0.000000,-0.166201,800.000000,-45.454556,-55.846714,442.005310,438.152740,-0.000013,0.000000,9.964534,6494,1,31,0
65.496124,0.009118,-0.326818,-1.069107,0.000000,0.000008,-0.006887,0.000062,-0.000385,0.016269,-0.000040,-0.000006,-0.000001,10.000000,1.000000,-141.000000,0.030900,-0.371671,-0.000001,0.000000,0.000000,0.000000,-0.166201,800.000000,-45.454556,-55.846714,442.005310,438.152740,-0.000013,0.000000,9.964465,6494,1,31,0
65.498077,0.009118,-0.326818,-1.069121,0.000000,0.000007,-0.006854,0.000059,-0.000393,0.016308,-0.000041,-0.000006,-0.000001,10.000000,1.000000,-141.000000,0.030886,-0.371671,-0.000001,0.000000,0.000000,0.000000,-0.166201,800.000000,-45.454556,-55.846714,442.005310,438.152740,-0.000013,0.000000,9.964396,6494,1,31,0
65.500031,0.009118,-0.326818,-1.069135,0.000001,0.000006,-0.006821,0.000055,-0.000401,0.016343,-0.000041,-0.000005,-0.000001,10.000000,1.000000,-141.000000,0.030872,-0.371671,-0.000001,0.000000,0.000000,0.000000,-0.166201,800.000000,-45.454556,-55.846714,442.005310,438.152740,-0.000013,0.000000,9.964327,6494,1,31,0
65.501991,0.009118,-0.326818,-1.069148,0.000001,0.000005,-0.006789,0.000051,-0.000408,0.016375,-0.000042,-0.000005,-0.000001,10.000000,1.000000,-141.000000,0.030859,-0.371671,-0.000001,0.000000,0.000000,0.000000,-0.166201,800.000000,-45.454556,-55.846714,442.005310,438.152740,-0.000013,0.000000,9.964259,6494,1,31,0
65.503944,0.009118,-0.326818,-1.069162,0.000001,0.000005,-0.006756,0.000047,-0.000415,0.016404,-0.000043,-0.000005,-0.000001,10.000000,1.000000,-141.000000,0.030845,-0.371671,-0.000001,0.000000,0.000000,0.000000,-0.166201,800.000000,-45.454556,-55.846714,442.005310,438.152740,-0.000013,0.000000,9.964191,6494,1,31,0
65.505898,0.009118,-0.326818,-1.069175,0.000001,0.000004,-0.006723,0.000042,-0.000421,0.016430,-0.000043,-0.000004,-0.000001,10.000000,1.000000,-141.000000,0.030832,-0.371671,-0.000001,0.000000,0.000000,0.000000,-0.166201,800.000000,-45.454556,-55.846714,442.005310,438.152740,-0.000013,0.000000,9.964125,6494,1,31,0
65.507851,0.009118,-0.326818,-1.069189,0.000001,0.000003,-0.006690,0.000036,-0.000427,0.016453,-0.000044,-0.000003,-0.000001,10.000000,1.000000,-141.000000,0.030818,-0.371671,-0.000001,0.000000,0.000000,0.000000,-0.166201,800.000000,-45.454556,-55.846714,442.005310,438.152740,-0.000013,0.000000,9.964058,6494,1,31,0
65.509804,0.009118,-0.326818,-1.069202,0.000001,0.000002,-0.006657,0.000031,-0.000432,0.016475,-0.000044,-0.000003,-0.000001,10.000000,1.000000,-141.000000,0.030805,-0.371671,-0.000001,0.000000,0.000000,0.000000,-0.166201,800.000000,-45.454556,-55.846714,442.005310,438.152740,-0.000013,0.000000,9.963991,6493,1,31,0
65.511757,0.009118,-0.326818,-1.069215,0.000001,0.000001,-0.006624,0.000025,-0.000437,0.016600,-0.000045,-0.000002,-0.000001,10.000000,1.000000,-141.000000,0.030792,-0.371671,-0.000001,0.000000,0.000000,0.000000,-0.166201,800.000000,-45.454556,-55.846714,442.005310,438.152740,-0.000013,0.000000,9.963924,6493,1,31,0
65.513710,0.009118,-0.326818,-1.069228,0.000001,0.000000,-0.006591,0.000019,-0.000442,0.016748,-0.000045,-0.000002,-0.000001,10.000000,1.000000,-141.000000,0.030778,-0.371671,-0.000001,0.000000,0.000000,0.000000,-0.166201,800.000000,-45.454556,-55.846714,442.005310,438.152740,-0.000012,0.000000,9.963859,6493,1,31,0
65.515663,0.009118,-0.326818,-1.069242,0.000001,-0.000001,-0.006557,0.000012,-0.000445,0.016882,-0.000046,-0.000001,-0.000001,10.000000,1.000000,-141.000000,0.030765,-0.371671,-0.000001,0.000000,0.000000,0.000000,-0.166201,800.000000,-45.454556,-55.846714,442.005310,438.152740,-0.000012,0.000000,9.963793,6493,1,31,0
65.517616,0.009118,-0.326818,-1.069255,0.000001,-0.000002,-0.006523,0.000006,-0.000448,0.017003,-0.000046,-0.000000,-0.000001,10.000000,1.000000,-141.000000,0.030752,-0.371671,-0.000001,0.000000,0.000000,0.000000,-0.166201,800.000000,-45.454556,-55.846714,442.005310,438.152740,-0.000012,0.000000,9.963728,6493,1,31,0
65.519577,0.009118,-0.326818,-1.069268,0.000001,-0.000002,-0.006489,-0.000001,-0.000451,0.017114,-0.000046,0.000000,-0.000001,10.000000,1.000000,-141.000000,0.030739,-0.371671,-0.000001,0.000000,0.000000,0.000000,-0.166201,800.000000,-45.454556,-55.846714,442.005310,438.152740,-0.000012,0.000000,9.963663,6493,1,31,0
65.521530,0.009118,-0.326818,-1.069281,0.000001,-0.000003,-0.006454,-0.000008,-0.000453,0.017214,-0.000046,0.000001,-0.000001,10.000000,1.000000,-141.000000,0.030726,-0.371671,-0.000001,0.000000,0.000000,0.000000,-0.166201,800.000000,-45.454556,-55.846714,442.005310,438.152740,-0.000012,0.000000,9.963598,6493,1,31,0
65.523483,0.009118,-0.326818,-1.069293,0.000001,-0.000004,-0.006420,-0.000016,-0.000454,0.017305,-0.000046,0.000002,-0.000001,10.000000,1.000000,-141.000000,0.030713,-0.371671,-0.000001,0.000000,0.000000,0.000000,-0.166201,800.000000,-45.454556,-55.846714,442.005310,438.152740,-0.000012,0.000000,9.963533,6493,1,31,0
65.525436,0.009118,-0.326818,-1.069306,0.000001,-0.000005,-0.006385,-0.000023,-0.000454,0.017387,-0.000046,0.000003,-0.000001,10.000000,1.000000,-141.000000,0.030700,-0.371671,-0.000001,0.000000,0.000000,0.000000,-0.166201,800.000000,-45.454556,-55.846714,442.005310,438.152740,-0.000012,0.000000,9.963470,6493,1,31,0
65.527390,0.009118,-0.326818,-1.069319,0.000001,-0.000006,-0.006350,-0.000031,-0.000454,0.017462,-0.000046,0.000004,-0.000001,10.000000,1.000000,-141.000000,0.030688,-0.371671,-0.000001,0.000000,0.000000,0.000000,-0.166201,800.000000,-45.454556,-55.846714,442.005310,438.152740,-0.000011,0.000000,9.963407,6493,1,31,0
65.529343,0.009118,-0.326818,-1.069331,0.000001,-0.000007,-0.006315,-0.000039,-0.000453,0.017530,-0.000046,0.000004,-0.000001,10.000000,1.000000,-141.000000,0.030675,-0.371671,-0.000001,0.000000,0.000000,0.000000,-0.166201,800.000000,-45.454556,-55.846714,442.005310,438.152740,-0.000011,0.000000,9.963344,6493,0,31,0
65.531296,0.009118,-0.326818,-1.069344,0.000001,-0.000008,-0.006280,-0.000048,-0.000451,0.017591,-0.000046,0.000005,-0.000001,10.000000,1.000000,-141.000000,0.030662,-0.371671,-0.000001,0.000000,0.000000,0.000000,-0.166201,800.000000,-45.454556,-55.846714,442.005310,438.152740,-0.000011,0.000000,9.963281,6493,0,31,0
65.533249,0.009118,-0.326818,-1.069357,0.000001,-0.000009,-0.006245,-0.000056,-0.000449,0.017646,-0.000046,0.000006,-0.000001,10.000000,1.000000,-140.000000,0.030650,-0.371671,-0.000001,0.000000,0.000000,0.000000,-0.166201,804.000000,-45.454556,-55.846714,442.005310,438.152740,-0.000011,0.000000,9.963218,6493,0,30,0
65.535210,0.009118,-0.326818,-1.069369,0.000001,-0.000010,-0.006209,-0.000065,-0.000446,0.017696,-0.000045,0.000007,-0.000001,10.000000,1.000000,-140.000000,0.030637,-0.306945,0.000000,0.000000,0.000000,0.067000,0.037175,804.000000,0.000000,-11.826824,678.426208,519.946594,-0.000011,0.000000,9.963155,6493,0,30,0
65.537163,0.009118,-0.326818,-1.069381,0.000000,-0.000011,-0.006174,-0.000073,-0.000442,0.017742,-0.000045,0.000008,-0.000002,10.000000,1.000000,-140.000000,0.030625,-0.306945,0.000000,0.000000,0.000000,0.000000,0.037175,804.000000,0.000000,-11.826824,678.426208,519.946594,-0.000011,0.000000,9.963095,6493,0,30,0
65.539116,0.009118,-0.326818,-1.069394,0.000000,-0.000011,-0.006138,-0.000082,-0.000438,0.017783,-0.000045,0.000009,-0.000002,10.000000,1.000000,-140.000000,0.030612,-0.306945,0.000000,0.000000,0.000000,0.000000,0.037175,804.000000,0.000000,-11.826824,678.426208,519.946594,-0.000011,0.000000,9.963032,6493,0,30,0
65.541069,0.009118,-0.326818,-1.069406,0.000000,-0.000012,-0.006103,-0.000090,-0.000433,0.017821,-0.000044,0.000010,-0.000002,10.000000,1.000000,-140.000000,0.030600,-0.306945,0.000000,0.000000,0.000000,0.000000,0.037175,804.000000,0.000000,-11.826824,678.426208,519.946594,-0.000011,0.000000,9.962972,6493,0,30,0
65.543022,0.009118,-0.326818,-1.069418,-0.000000,-0.000013,-0.006067,-0.000099,-0.000428,0.017855,-0.000044,0.000011,-0.000002,10.000000,1.000000,-140.000000,0.030588,-0.306945,0.000000,0.000000,0.000000,0.000000,0.037175,804.000000,0.000000,-11.826824,678.426208,519.946594,-0.000011,0.000000,9.962910,6493,0,30,0
65.544975,0.009118,-0.326818,-1.069430,-0.000000,-0.000014,-0.006031,-0.000107,-0.000423,0.017886,-0.000043,0.000011,-0.000002,10.000000,1.000000,-140.000000,0.030576,-0.306945,0.000000,0.000000,0.000000,0.000000,0.037175,804.000000,0.000000,-11.826824,678.426208,519.946594,-0.000010,0.000000,9.962850,6493,0,30,0
65.546928,0.009118,-0.326818,-1.069442,-0.000001,-0.000015,-0.005996,-0.000115,-0.000417,0.017913,-0.000042,0.000012,-0.000002,10.000000,1.000000,-140.000000,0.030564,-0.306945,0.000000,0.000000,0.000000,0.000000,0.037175,804.000000,0.000000,-11.826824,678.426208,519.946594,-0.000010,0.000000,9.962790,6493,0,30,0
65.548882,0.009118,-0.326818,-1.069454,-0.000001,-0.000016,-0.005960,-0.000123,-0.000411,0.017939,-0.000042,0.000013,-0.000002,10.000000,1.000000,-140.000000,0.030552,-0.306945,0.000000,0.000000,0.000000,0.000000,0.037175,804.000000,0.000000,-11.826824,678.426208,519.946594,-0.000010,0.000000,9.962730,6493,0,30,0
65.550835,0.009118,-0.326818,-1.069466,-0.000001,-0.000016,-0.005924,-0.000131,-0.000405,0.017962,-0.000041,0.000014,-0.000002,10.000000,1.000000,-140.000000,0.030540,-0.306945,0.000000,0.000000,0.000000,0.000000,0.037175,804.000000,0.000000,-11.826824,678.426208,519.946594,-0.000010,0.000000,9.962670,6493,0,30,0
65.552795,0.009118,-0.326818,-1.069478,-0.000001,-0.000017,-0.005888,-0.000138,-0.000398,0.017983,-0.000040,0.000015,-0.000002,10.000000,1.000000,-140.000000,0.030528,-0.306945,0.000000,0.000000,0.000000,0.000000,0.037175,804.000000,0.000000,-11.826824,678.426208,519.946594,-0.000010,0.000000,9.962612,6493,0,30,0
65.554749,0.009118,-0.326818,-1.069489,-0.000002,-0.000018,-0.005852,-0.000145,-0.000391,0.018002,-0.000040,0.000015,-0.000002,10.000000,1.000000,-140.000000,0.030517,-0.306945,0.000000,0.000000,0.000000,0.000000,0.037175,804.000000,0.000000,-11.826824,678.426208,519.946594,-0.000010,0.000000,9.962553,6493,0,30,0
65.556702,0.009118,-0.326818,-1.069501,-0.000002,-0.000019,-0.005816,-0.000152,-0.000384,0.018019,-0.000039,0.000016,-0.000002,10.000000,1.000000,-140.000000,0.030505,-0.306945,0.000000,0.000000,0.000000,0.000000,0.037175,804.000000,0.000000,-11.826824,678.426208,519.946594,-0.000010,0.000000,9.962495,6492,0,30,0
65.558655,0.009118,-0.326818,-1.069513,-0.000002,-0.000020,-0.005780,-0.000159,-0.000377,0.018141,-0.000038,0.000017,-0.000002,10.000000,1.000000,-140.000000,0.030493,-0.306945,0.000000,0.000000,0.000000,0.000000,0.037175,804.000000,0.000000,-11.826824,678.426208,519.946594,-0.000010,0.000000,9.962438,6492,0,30,0
65.560608,0.009118,-0.326818,-1.069524,-0.000003,-0.000020,-0.005743,-0.000165,-0.000370,0.018286,-0.000037,0.000017,-0.000002,10.000000,1.000000,-140.000000,0.030482,-0.306945,0.000000,0.000000,0.000000,0.000000,0.037175,804.000000,0.000000,-11.826824,678.426208,519.946594,-0.000010,0.000000,9.962379,6492,0,30,0
65.562561,0.009118,-0.326818,-1.069536,-0.000003,-0.000021,-0.005706,-0.000171,-0.000362,0.018417,-0.000037,0.000018,-0.000002,10.000000,1.000000,-140.000000,0.030470,-0.306945,0.000000,0.000000,0.000000,0.000000,0.037175,804.000000,0.000000,-11.826824,678.426208,519.946594,-0.000010,0.000000,9.962322,6492,0,30,0
65.564514,0.009118,-0.326818,-1.069547,-0.000003,-0.000022,-0.005669,-0.000177,-0.000354,0.018535,-0.000036,0.000018,-0.000002,10.000000,1.000000,-140.000000,0.030459,-0.306945,0.000000,0.000000,0.000000,0.000000,0.037175,804.000000,0.000000,-11.826824,678.426208,519.946594,-0.000010,0.000000,9.962266,6492,0,30,0
65.566467,0.009118,-0.326818,-1.069558,-0.000004,-0.000022,-0.005632,-0.000182,-0.000346,0.018643,-0.000035,0.000019,-0.000002,10.000000,1.000000,-140.000000,0.030447,-0.306945,0.000000,0.000000,0.000000,0.000000,0.037175,804.000000,0.000000,-11.826824,678.426208,519.946594,-0.000010,0.000000,9.962210,6492,0,30,0
65.568420,0.009118,-0.326818,-1.069569,-0.000004,-0.000023,-0.005595,-0.000187,-0.000338,0.018741,-0.000034,0.000019,-0.000002,10.000000,1.000000,-140.000000,0.030436,-0.306945,0.000000,0.000000,0.000000,0.000000,0.037175,804.000000,0.000000,-11.826824,678.426208,519.946594,-0.000010,0.000000,9.962153,6492,0,30,0
65.570381,0.009118,-0.326819,-1.069581,-0.000004,-0.000024,-0.005557,-0.000192,-0.000330,0.018830,-0.000033,0.000020,-0.000002,10.000000,1.000000,-140.000000,0.030425,-0.306945,0.000000,0.000000,0.000000,0.000000,0.037175,804.000000,0.000000,-11.826824,678.426208,519.946594,-0.000010,0.000000,9.962098,6492,0,30,0
65.572334,0.009118,-0.326819,-1.069592,-0.000005,-0.000024,-0.005519,-0.000196,-0.000322,0.018910,-0.000032,0.000020,-0.000002,10.000000,1.000000,-140.000000,0.030414,-0.306945,0.000000,0.000000,0.000000,0.000000,0.037175,804.000000,0.000000,-11.826824,678.426208,519.946594,-0.000010,0.000000,9.962042,6492,0,30,0
65.574287,0.009118,-0.326819,-1.069603,-0.000005,-0.000025,-0.005481,-0.000200,-0.000314,0.018983,-0.000032,0.000021,-0.000002,10.000000,1.000000,-140.000000,0.030403,-0.306945,0.000000,0.000000,0.000000,0.000000,0.037175,804.000000,0.000000,-11.826824,678.426208,519.946594,-0.000010,0.000000,9.961987,6492,0,30,0
65.576241,0.009118,-0.326819,-1.069613,-0.000006,-0.000026,-0.005443,-0.000203,-0.000305,0.019049,-0.000031,0.000021,-0.000002,10.000000,1.000000,-140.000000,0.030392,-0.306945,0.000000,0.000000,0.000000,0.000000,0.037175,804.000000,0.000000,-11.826824,678.426208,519.946594,-0.000010,0.000000,9.961932,6492,0,30,0
65.578194,0.009118,-0.326819,-1.069624,-0.000006,-0.000026,-0.005405,-0.000206,-0.000297,0.019109,-0.000030,0.000021,-0.000002,10.000000,1.000000,-140.000000,0.030381,-0.306945,0.000000,0.000000,0.000000,0.000000,0.037175,804.000000,0.000000,-11.826824,678.426208,519.946594,-0.000010,0.000000,9.961879,6492,0,30,0
65.580147,0.009118,-0.326819,-1.069635,-0.000006,-0.000027,-0.005367,-0.000209,-0.000288,0.019163,-0.000029,0.000021,-0.000002,10.000000,1.000000,-140.000000,0.030370,-0.306945,0.000000,0.000000,0.000000,0.000000,0.037175,804.000000,0.000000,-11.826824,678.426208,519.946594,-0.000010,0.000000,9.961825,6492,0,30,0
65.582100,0.009117,-0.326819,-1.069646,-0.000007,-0.000027,-0.005328,-0.000211,-0.000280,0.019213,-0.000028,0.000022,-0.000002,10.000000,1.000000,-140.000000,0.030360,-0.306945,0.000000,0.000000,0.000000,0.000000,0.037175,804.000000,0.000000,-11.826824,678.426208,519.946594,-0.000010,0.000000,9.961772,6492,0,30,0
65.584053,0.009117,-0.326819,-1.069656,-0.000007,-0.000028,-0.005290,-0.000212,-0.000271,0.019257,-0.000027,0.000022,-0.000002,10.000000,1.000000,-140.000000,0.030349,-0.306945,0.000000,0.000000,0.000000,0.000000,0.037175,804.000000,0.000000,-11.826824,678.426208,519.946594,-0.000010,0.000000,9.961719,6492,0,30,0
65.586014,0.009117,-0.326819,-1.069667,-0.000008,-0.000029,-0.005251,-0.000214,-0.000262,0.019298,-0.000026,0.000022,-0.000002,10.000000,1.000000,-140.000000,0.030338,-0.306945,0.000000,0.000000,0.000000,0.000000,0.037175,804.000000,0.000000,-11.826824,678.426208,519.946594,-0.000010,0.000000,9.961666,6492,0,30,0
65.587967,0.009117,-0.326819,-1.069677,-0.000008,-0.000029,-0.005213,-0.000214,-0.000254,0.019335,-0.000025,0.000022,-0.000002,10.000000,1.000000,-140.000000,0.030328,-0.306945,0.000000,0.000000,0.000000,0.000000,0.037175,804.000000,0.000000,-11.826824,678.426208,519.946594,-0.000010,0.000000,9.961615,6492,0,30,0
65.589920,0.009117,-0.326819,-1.069688,-0.000008,-0.000030,-0.005174,-0.000215,-0.000245,0.019368,-0.000025,0.000022,-0.000002,10.000000,1.000000,-140.000000,0.030318,-0.306945,0.000000,0.000000,0.000000,0.000000,0.037175,804.000000,0.000000,-11.826824,678.426208,519.946594,-0.000010,0.000000,9.961562,6492,0,30,0
65.591873,0.009117,-0.326819,-1.069698,-0.000009,-0.000030,-0.005135,-0.000215,-0.000236,0.019398,-0.000024,0.000022,-0.000002,10.000000,2.000000,-137.000000,0.030307,-0.306945,0.000000,0.000000,0.000000,0.000000,0.037175,826.000000,0.000000,-11.826824,678.426208,519.946594,-0.000010,0.000000,9.961511,6492,0,31,0
65.593826,0.009117,-0.326819,-1.069708,-0.000009,-0.000030,-0.005096,-0.000214,-0.000227,0.019425,-0.000023,0.000022,-0.000002,10.000000,2.000000,-137.000000,0.030297,-0.226316,-0.000002,0.000000,0.000000,0.066000,0.203137,826.000000,45.454544,34.761711,688.705200,581.827271,-0.000010,0.000000,9.961459,6492,0,31,0
65.595779,0.009117,-0.326819,-1.069718,-0.000010,-0.000031,-0.005057,-0.000213,-0.000218,0.019450,-0.000022,0.000022,-0.000002,10.000000,2.000000,-137.000000,0.030287,-0.226316,-0.000002,0.000000,0.000000,0.000000,0.203137,826.000000,45.454544,34.761711,688.705200,581.827271,-0.000010,0.000000,9.961409,6492,0,31,0
65.597733,0.009117,-0.326819,-1.069728,-0.000010,-0.000031,-0.005018,-0.000212,-0.000209,0.019473,-0.000021,0.000022,-0.000002,10.000000,2.000000,-137.000000,0.030277,-0.226316,-0.000002,0.000000,0.000000,0.000000,0.203137,826.000000,45.454544,34.761711,688.705200,581.827271,-0.000010,0.000000,9.961359,6492,0,31,0
65.599686,0.009117,-0.326819,-1.069738,-0.000011,-0.000032,-0.004979,-0.000210,-0.000200,0.019493,-0.000020,0.000021,-0.000002,10.000000,2.000000,-137.000000,0.030267,-0.226316,-0.000002,0.000000,0.000000,0.000000,0.203137,826.000000,45.454544,34.761711,688.705200,581.827271,-0.000010,0.000000,9.961308,6492,0,31,0
65.601639,0.009117,-0.326819,-1.069748,-0.000011,-0.000032,-0.004940,-0.000208,-0.000191,0.019512,-0.000019,0.000021,-0.000002,10.000000,2.000000,-137.000000,0.030257,-0.226316,-0.000002,0.000000,0.000000,0.000000,0.203137,826.000000,45.454544,34.761711,688.705200,581.827271,-0.000010,0.000000,9.961260,6492,0,31,0
65.603600,0.009117,-0.326820,-1.069758,-0.000011,-0.000032,-0.004901,-0.000205,-0.000182,0.019529,-0.000018,0.000021,-0.000002,10.000000,2.000000,-137.000000,0.030247,-0.226316,-0.000002,0.000000,0.000000,0.000000,0.203137,826.000000,45.454544,34.761711,688.705200,581.827271,-0.000010,0.000000,9.961210,6492,0,31,0
65.605553,0.009117,-0.326820,-1.069768,-0.000012,-0.000033,-0.004862,-0.000202,-0.000173,0.019544,-0.000017,0.000020,-0.000002,10.000000,2.000000,-137.000000,0.030237,-0.226316,-0.000002,0.000000,0.000000,0.000000,0.203137,826.000000,45.454544,34.761711,688.705200,581.827271,-0.000010,0.000000,9.961161,6492,0,31,0
65.607506,0.009117,-0.326820,-1.069777,-0.000012,-0.000033,-0.004823,-0.000198,-0.000164,0.019558,-0.000016,0.000020,-0.000002,10.000000,2.000000,-137.000000,0.030227,-0.226316,-0.000002,0.000000,0.000000,0.000000,0.203137,826.000000,45.454544,34.761711,688.705200,581.827271,-0.000010,0.000000,9.961113,6492,0,31,0
65.609459,0.009117,-0.326820,-1.069787,-0.000013,-0.000033,-0.004784,-0.000194,-0.000155,0.019571,-0.000015,0.000020,-0.000002,10.000000,2.000000,-137.000000,0.030218,-0.226316,-0.000002,0.000000,0.000000,0.000000,0.203137,826.000000,45.454544,34.761711,688.705200,581.827271,-0.000010,0.000000,9.961065,6492,0,31,0
65.611412,0.009117,-0.326820,-1.069797,-0.000013,-0.000034,-0.004745,-0.000189,-0.000146,0.019582,-0.000015,0.000019,-0.000002,10.000000,2.000000,-137.000000,0.030208,-0.226316,-0.000002,0.000000,0.000000,0.000000,0.203137,826.000000,45.454544,34.761711,688.705200,581.827271,-0.000010,0.000000,9.961017,6492,0,31,0
65.613365,0.009117,-0.326820,-1.069806,-0.000013,-0.000034,-0.004706,-0.000184,-0.000137,0.019592,-0.000014,0.000019,-0.000002,10.000000,2.000000,-137.000000,0.030199,-0.226316,-0.000002,0.000000,0.000000,0.000000,0.203137,826.000000,45.454544,34.761711,688.705200,581.827271,-0.000010,0.000000,9.960970,6491,0,31,0
65.615318,0.009117,-0.326820,-1.069815,-0.000014,-0.000034,-0.004666,-0.000178,-0.000128,0.019708,-0.000013,0.000018,-0.000002,10.000000,2.000000,-137.000000,0.030189,-0.226316,-0.000002,0.000000,0.000000,0.000000,0.203137,826.000000,45.454544,34.761711,688.705200,581.827271,-0.000010,0.000000,9.960923,6491,0,31,0
65.617271,0.009117,-0.326820,-1.069825,-0.000014,-0.000035,-0.004627,-0.000172,-0.000119,0.019847,-0.000012,0.000017,-0.000002,10.000000,2.000000,-137.000000,0.030180,-0.226316,-0.000002,0.000000,0.000000,0.000000,0.203137,826.000000,45.454544,34.761711,688.705200,581.827271,-0.000010,0.000000,9.960877,6491,0,31,0
65.619225,0.009117,-0.326820,-1.069834,-0.000014,-0.000035,-0.004587,-0.000166,-0.000110,0.019973,-0.000011,0.000017,-0.000002,10.000000,2.000000,-137.000000,0.030171,-0.226316,-0.000002,0.000000,0.000000,0.000000,0.203137,826.000000,45.454544,34.761711,688.705200,581.827271,-0.000010,0.000000,9.960832,6491,0,31,0
65.621185,0.009117,-0.326820,-1.069843,-0.000015,-0.000035,-0.004547,-0.000159,-0.000101,0.020088,-0.000010,0.000016,-0.000002,10.000000,2.000000,-137.000000,0.030162,-0.226316,-0.000002,0.000000,0.000000,0.000000,0.203137,826.000000,45.454544,34.761711,688.705200,581.827271,-0.000010,0.000000,9.960786,6491,0,31,0
65.623138,0.009117,-0.326820,-1.069852,-0.000015,-0.000035,-0.004506,-0.000151,-0.000092,0.020192,-0.000009,0.000015,-0.000002,10.000000,2.000000,-137.000000,0.030153,-0.226316,-0.000002,0.000000,0.000000,0.000000,0.203137,826.000000,45.454544,34.761711,688.705200,581.827271,-0.000010,0.000000,9.960740,6491,0,31,0
65.625092,0.009117,-0.326820,-1.069861,-0.000015,-0.000035,-0.004466,-0.000144,-0.000083,0.020285,-0.000008,0.000014,-0.000002,10.000000,2.000000,-137.000000,0.030143,-0.226316,-0.000002,0.000000,0.000000,0.000000,0.203137,826.000000,45.454544,34.761711,688.705200,581.827271,-0.000010,0.000000,9.960695,6491,0,31,0
65.627045,0.009117,-0.326820,-1.069870,-0.000016,-0.000035,-0.004425,-0.000135,-0.000074,0.020371,-0.000007,0.000013,-0.000002,10.000000,2.000000,-137.000000,0.030135,-0.226316,-0.000002,0.000000,0.000000,0.000000,0.203137,826.000000,45.454544,34.761711,688.705200,581.827271,-0.000010,0.000000,9.960652,6491,0,31,0
65.628998,0.009117,-0.326820,-1.069879,-0.000016,-0.000036,-0.004384,-0.000126,-0.000065,0.020449,-0.000006,0.000012,-0.000002,10.000000,2.000000,-137.000000,0.030126,-0.226316,-0.000002,0.000000,0.000000,0.000000,0.203137,826.000000,45.454544,34.761711,688.705200,581.827271,-0.000010,0.000000,9.960608,6491,0,31,0
65.630951,0.009117,-0.326820,-1.069887,-0.000016,-0.000036,-0.004343,-0.000117,-0.000055,0.020519,-0.000005,0.000011,-0.000002,10.000000,2.000000,-137.000000,0.030117,-0.226316,-0.000002,0.000000,0.000000,0.000000,0.203137,826.000000,45.454544,34.761711,688.705200,581.827271,-0.000010,0.000000,9.960564,6491,0,31,0
65.632904,0.009117,-0.326821,-1.069896,-0.000016,-0.000036,-0.004302,-0.000107,-0.000046,0.020583,-0.000004,0.000010,-0.000002,10.000000,2.000000,-137.000000,0.030108,-0.226316,-0.000002,0.000000,0.000000,0.000000,0.203137,826.000000,45.454544,34.761711,688.705200,581.827271,-0.000010,0.000000,9.960520,6491,0,31,0
65.634857,0.009117,-0.326821,-1.069904,-0.000017,-0.000036,-0.004261,-0.000097,-0.000037,0.020641,-0.000003,0.000009,-0.000003,10.000000,2.000000,-137.000000,0.030100,-0.226316,-0.000002,0.000000,0.000000,0.000000,0.203137,826.000000,45.454544,34.761711,688.705200,581.827271,-0.000010,0.000000,9.960478,6491,0,31,0
65.636810,0.009117,-0.326821,-1.069913,-0.000017,-0.000036,-0.004220,-0.000086,-0.000028,0.020693,-0.000002,0.000008,-0.000003,10.000000,2.000000,-137.000000,0.030091,-0.226316,-0.000002,0.000000,0.000000,0.000000,0.203137,826.000000,45.454544,34.761711,688.705200,581.827271,-0.000010,0.000000,9.960436,6491,0,32,0
65.638771,0.009117,-0.326821,-1.069921,-0.000017,-0.000036,-0.004178,-0.000075,-0.000019,0.020741,-0.000001,0.000007,-0.000003,10.000000,2.000000,-137.000000,0.030083,-0.226316,-0.000002,0.000000,0.000000,0.000000,0.203137,826.000000,45.454544,34.761711,688.705200,581.827271,-0.000010,0.000000,9.960394,6491,0,32,0
65.640724,0.009117,-0.326821,-1.069930,-0.000017,-0.000036,-0.004137,-0.000064,-0.000010,0.020784,-0.000001,0.000006,-0.000003,10.000000,2.000000,-137.000000,0.030075,-0.226316,-0.000002,0.000000,0.000000,0.000000,0.203137,826.000000,45.454544,34.761711,688.705200,581.827271,-0.000010,0.000000,9.960352,6491,0,32,0
65.642677,0.009117,-0.326821,-1.069938,-0.000017,-0.000036,-0.004095,-0.000052,-0.000001,0.020824,0.000000,0.000005,-0.000003,10.000000,2.000000,-137.000000,0.030066,-0.226316,-0.000002,0.000000,0.000000,0.000000,0.203137,826.000000,45.454544,34.761711,688.705200,581.827271,-0.000010,0.000000,9.960311,6491,0,32,0
65.644630,0.009117,-0.326821,-1.069946,-0.000017,-0.000036,-0.004053,-0.000040,0.000009,0.020860,0.000001,0.000003,-0.000003,10.000000,2.000000,-137.000000,0.030058,-0.226316,-0.000002,0.000000,0.000000,0.000000,0.203137,826.000000,45.454544,34.761711,688.705200,581.827271,-0.000010,0.000000,9.960271,6491,0,32,0
65.646584,0.009117,-0.326821,-1.069954,-0.000017,-0.000036,-0.004011,-0.000028,0.000018,0.020893,0.000002,0.000002,-0.000003,10.000000,2.000000,-137.000000,0.030050,-0.226316,-0.000002,0.000000,0.000000,0.000000,0.203137,826.000000,45.454544,34.761711,688.705200,581.827271,-0.000010,0.000000,9.960231,6491,0,32,0
65.648537,0.009117,-0.326821,-1.069962,-0.000017,-0.000036,-0.003970,-0.000016,0.000027,0.020922,0.000003,0.000001,-0.000003,10.000000,2.000000,-137.000000,0.030042,-0.226316,-0.000002,0.000000,0.000000,0.000000,0.203137,826.000000,45.454544,34.761711,688.705200,581.827271,-0.000010,0.000000,9.960191,6491,0,32,0
65.650490,0.009117,-0.326821,-1.069970,-0.000017,-0.000036,-0.003928,-0.000004,0.000036,0.020949,0.000004,-0.000000,-0.000003,10.000000,2.000000,-137.000000,0.030034,-0.226316,-0.000002,0.000000,0.000000,0.000000,0.203137,826.000000,45.454544,34.761711,688.705200,581.827271,-0.000010,0.000000,9.960151,6491,0,32,0
65.652443,0.009117,-0.326821,-1.069978,-0.000017,-0.000036,-0.003886,0.000008,0.000045,0.020974,0.000005,-0.000001,-0.000003,10.000000,2.000000,-137.000000,0.030026,-0.226316,-0.000002,0.000000,0.000000,0.000000,0.203137,826.000000,45.454544,34.761711,688.705200,581.827271,-0.000010,0.000000,9.960113,6491,0,32,0
65.654404,0.009116,-0.326821,-1.069985,-0.000017,-0.000036,-0.003844,0.000020,0.000054,0.020996,0.000006,-0.000003,-0.000003,10.000000,2.000000,-137.000000,0.030019,-0.226316,-0.000002,0.000000,0.000000,0.000000,0.203137,826.000000,45.454544,34.761711,688.705200,581.827271,-0.000010,0.000000,9.960074,6491,0,32,0
65.656357,0.009116,-0.326821,-1.069993,-0.000017,-0.000036,-0.003802,0.000031,0.000063,0.021017,0.000007,-0.000004,-0.000003,10.000000,2.000000,-137.000000,0.030011,-0.226316,-0.000002,0.000000,0.000000,0.000000,0.203137,826.000000,45.454544,34.761711,688.705200,581.827271,-0.000010,0.000000,9.960035,6491,0,32,0
65.658310,0.009116,-0.326822,-1.070001,-0.000017,-0.000035,-0.003760,0.000043,0.000073,0.021035,0.000008,-0.000005,-0.000003,10.000000,2.000000,-137.000000,0.030003,-0.226316,-0.000002,0.000000,0.000000,0.000000,0.203137,826.000000,45.454544,34.761711,688.705200,581.827271,-0.000010,0.000000,9.959998,6491,0,32,0
65.660263,0.009116,-0.326822,-1.070008,-0.000017,-0.000035,-0.003718,0.000053,0.000082,0.021052,0.000009,-0.000006,-0.000003,10.000000,2.000000,-137.000000,0.029996,-0.226316,-0.000002,0.000000,0.000000,0.000000,0.203137,826.000000,45.454544,34.761711,688.705200,581.827271,-0.000010,0.000000,9.959960,6491,0,32,0
65.662216,0.009116,-0.326822,-1.070015,-0.000017,-0.000035,-0.003676,0.000064,0.000091,0.021067,0.000010,-0.000007,-0.000003,10.000000,2.000000,-137.000000,0.029988,-0.226316,-0.000002,0.000000,0.000000,0.000000,0.203137,826.000000,45.454544,34.761711,688.705200,581.827271,-0.000010,0.000000,9.959925,6491,0,32,0
65.664169,0.009116,-0.326822,-1.070023,-0.000017,-0.000035,-0.003633,0.000074,0.000100,0.021080,0.000011,-0.000008,-0.000003,10.000000,2.000000,-137.000000,0.029981,-0.226316,-0.000002,0.000000,0.000000,0.000000,0.203137,826.000000,45.454544,34.761711,688.705200,581.827271,-0.000010,0.000000,9.959888,6491,0,32,1
65.666122,0.009116,-0.326822,-1.070030,-0.000017,-0.000035,-0.003591,0.000083,0.000107,0.021092,0.000012,-0.000009,-0.000003,10.000000,2.000000,-137.000000,0.029974,-0.226316,-0.000002,0.000000,0.000000,0.000000,0.203137,826.000000,45.454544,34.761711,688.705200,581.827271,-0.000003,0.000000,9.959851,6491,0,32,1
65.668076,0.009116,-0.326822,-1.070037,-0.000016,-0.000034,-0.003549,0.000092,0.000117,0.021104,0.000013,-0.000010,-0.000003,10.000000,2.000000,-137.000000,0.029967,-0.226316,-0.000002,0.000000,0.000000,0.000000,0.203137,826.000000,45.454544,34.761711,688.705200,581.827271,0.000011,0.000000,9.959815,6491,0,32,1
65.670029,0.009116,-0.326822,-1.070044,-0.000016,-0.000034,-0.003507,0.000101,0.000126,0.021115,0.000014,-0.000011,-0.000003,10.000000,3.000000,-131.000000,0.029960,-0.226316,-0.000002,0.000000,0.000000,0.000000,0.203137,862.000000,45.454544,34.761711,688.705200,581.827271,0.000024,0.000000,9.959781,6491,0,32,1
65.671989,0.009116,-0.326822,-1.070051,-0.000016,-0.000034,-0.003465,0.000109,0.000135,0.021124,0.000014,-0.000011,-0.000003,10.000000,3.000000,-131.000000,0.029953,-0.137582,-0.000004,0.000000,0.000000,0.067000,0.314991,862.000000,89.552238,81.797913,658.174500,615.500244,0.000036,0.000000,9.959745,6491,0,32,1
65.673943,0.009116,-0.326822,-1.070058,-0.000016,-0.000034,-0.003422,0.000116,0.000145,0.021132,0.000015,-0.000012,-0.000003,10.000000,3.000000,-131.000000,0.029946,-0.137582,-0.000004,0.000000,0.000000,0.000000,0.314991,862.000000,89.552238,81.797913,658.174500,615.500244,0.000047,0.000000,9.959711,6491,0,32,1
65.675896,0.009116,-0.326822,-1.070065,-0.000016,-0.000033,-0.003380,0.000122,0.000154,0.021140,0.000016,-0.000013,-0.000002,10.000000,3.000000,-131.000000,0.029939,-0.137582,-0.000004,0.000000,0.000000,0.000000,0.314991,862.000000,89.552238,81.797913,658.174500,615.500244,0.000057,0.000000,9.959678,6491,0,32,1
65.677849,0.009116,-0.326822,-1.070071,-0.000015,-0.000033,-0.003338,0.000127,0.000163,0.021147,0.000017,-0.000013,-0.000002,10.000000,3.000000,-131.000000,0.029932,-0.137582,-0.000004,0.000000,0.000000,0.000000,0.314991,862.000000,89.552238,81.797913,658.174500,615.500244,0.000066,0.000000,9.959644,6491,0,32,0
65.679802,0.009116,-0.326822,-1.070078,-0.000015,-0.000033,-0.003295,0.000131,0.000174,0.021153,0.000018,-0.000014,-0.000002,10.000000,3.000000,-131.000000,0.029925,-0.137582,-0.000004,0.000000,0.000000,0.000000,0.314991,862.000000,89.552238,81.797913,658.174500,615.500244,0.000068,0.000000,9.959612,6491,0,32,0
65.681755,0.009116,-0.326822,-1.070084,-0.000015,-0.000032,-0.003253,0.000135,0.000183,0.021159,0.000019,-0.000014,-0.000002,10.000000,3.000000,-131.000000,0.029919,-0.137582,-0.000004,0.000000,0.000000,0.000000,0.314991,862.000000,89.552238,81.797913,658.174500,615.500244,0.000063,0.000000,9.959579,6491,0,32,0
65.683708,0.009116,-0.326822,-1.070091,-0.000014,-0.000032,-0.003211,0.000137,0.000192,0.021164,0.000020,-0.000014,-0.000002,10.000000,3.000000,-131.000000,0.029912,-0.137582,-0.000004,0.000000,0.000000,0.000000,0.314991,862.000000,89.552238,81.797913,658.174500,615.500244,0.000058,0.000000,9.959546,6491,0,32,0
65.685661,0.009116,-0.326822,-1.070097,-0.000014,-0.000032,-0.003168,0.000139,0.000202,0.021169,0.000021,-0.000014,-0.000002,10.000000,3.000000,-131.000000,0.029906,-0.137582,-0.000004,0.000000,0.000000,0.000000,0.314991,862.000000,89.552238,81.797913,658.174500,615.500244,0.000054,0.000000,9.959515,6491,0,32,0
65.687614,0.009116,-0.326822,-1.070104,-0.000014,-0.000031,-0.003126,0.000140,0.000211,0.021173,0.000022,-0.000014,-0.000002,10.000000,3.000000,-131.000000,0.029900,-0.137582,-0.000004,0.000000,0.000000,0.000000,0.314991,862.000000,89.552238,81.797913,658.174500,615.500244,0.000050,0.000000,9.959483,6491,0,31,0
65.689575,0.009116,-0.326823,-1.070110,-0.000014,-0.000031,-0.003084,0.000140,0.000220,0.021175,0.000023,-0.000014,-0.000002,10.000000,3.000000,-131.000000,0.029893,-0.137582,-0.000004,0.000000,0.000000,0.000000,0.314991,862.000000,89.552238,81.797913,658.174500,615.500244,0.000047,0.000000,9.959452,6491,0,31,0
65.691528,0.009116,-0.326823,-1.070116,-0.000013,-0.000030,-0.003041,0.000139,0.000229,0.021178,0.000024,-0.000014,-0.000002,10.000000,3.000000,-131.000000,0.029887,-0.137582,-0.000004,0.000000,0.000000,0.000000,0.314991,862.000000,89.552238,81.797913,658.174500,615.500244,0.000044,0.000000,9.959422,6490,0,31,0
65.693481,0.009116,-0.326823,-1.070122,-0.000013,-0.000030,-0.002999,0.000138,0.000238,0.021286,0.000025,-0.000014,-0.000001,10.000000,3.000000,-131.000000,0.029881,-0.137582,-0.000004,0.000000,0.000000,0.000000,0.314991,862.000000,89.552238,81.797913,658.174500,615.500244,0.000041,0.000000,9.959392,6490,0,31,0
65.695435,0.009116,-0.326823,-1.070128,-0.000013,-0.000029,-0.002956,0.000135,0.000247,0.021418,0.000026,-0.000014,-0.000001,10.000000,3.000000,-131.000000,0.029875,-0.137582,-0.000004,0.000000,0.000000,0.000000,0.314991,862.000000,89.552238,81.797913,658.174500,615.500244,0.000038,0.000000,9.959362,6490,0,31,0
65.697388,0.009116,-0.326823,-1.070134,-0.000013,-0.000029,-0.002913,0.000133,0.000256,0.021538,0.000027,-0.000013,-0.000001,10.000000,3.000000,-131.000000,0.029869,-0.137582,-0.000004,0.000000,0.000000,0.000000,0.314991,862.000000,89.552238,81.797913,658.174500,615.500244,0.000036,0.000000,9.959332,6490,0,31,0
65.699341,0.009116,-0.326823,-1.070139,-0.000012,-0.000028,-0.002870,0.000130,0.000265,0.021647,0.000028,-0.000013,-0.000001,10.000000,3.000000,-131.000000,0.029864,-0.137582,-0.000004,0.000000,0.000000,0.000000,0.314991,862.000000,89.552238,81.797913,658.174500,615.500244,0.000034,0.000000,9.959304,6490,0,31,0
65.701294,0.009116,-0.326823,-1.070145,-0.000012,-0.000028,-0.002826,0.000127,0.000275,0.021746,0.000029,-0.000013,-0.000001,10.000000,3.000000,-131.000000,0.029858,-0.137582,-0.000004,0.000000,0.000000,0.000000,0.314991,862.000000,89.552238,81.797913,658.174500,615.500244,0.000032,0.000000,9.959275,6490,0,31,0
65.703247,0.009116,-0.326823,-1.070151,-0.000012,-0.000027,-0.002783,0.000123,0.000284,0.021835,0.000029,-0.000012,-0.000001,10.000000,3.000000,-131.000000,0.029852,-0.137582,-0.000004,0.000000,0.000000,0.000000,0.314991,862.000000,89.552238,81.797913,658.174500,615.500244,0.000030,0.000000,9.959247,6490,0,31,0
65.705200,0.009116,-0.326823,-1.070156,-0.000012,-0.000027,-0.002739,0.000120,0.000293,0.021916,0.000030,-0.000012,-0.000001,10.000000,3.000000,-131.000000,0.029847,-0.137582,-0.000004,0.000000,0.000000,0.000000,0.314991,862.000000,89.552238,81.797913,658.174500,615.500244,0.000028,0.000000,9.959221,6490,0,31,0
65.707161,0.009116,-0.326823,-1.070161,-0.000011,-0.000026,-0.002695,0.000116,0.000302,0.021990,0.000031,-0.000012,-0.000001,10.000000,3.000000,-131.000000,0.029841,-0.137582,-0.000004,0.000000,0.000000,0.000000,0.314991,862.000000,89.552238,81.797913,658.174500,615.500244,0.000027,0.000000,9.959193,6490,0,31,0
65.709114,0.009116,-0.326823,-1.070167,-0.000011,-0.000025,-0.002651,0.000112,0.000311,0.022056,0.000032,-0.000011,-0.000001,10.000000,3.000000,-131.000000,0.029836,-0.137582,-0.000004,0.000000,0.000000,0.000000,0.314991,862.000000,89.552238,81.797913,658.174500,615.500244,0.000025,0.000000,9.959167,6490,0,31,0
65.711067,0.009116,-0.326823,-1.070172,-0.000011,-0.000025,-0.002607,0.000109,0.000320,0.022116,0.000033,-0.000011,-0.000001,10.000000,3.000000,-131.000000,0.029831,-0.137582,-0.000004,0.000000,0.000000,0.000000,0.314991,862.000000,89.552238,81.797913,658.174500,615.500244,0.000024,0.000000,9.959140,6490,0,31,0
65.713020,0.009116,-0.326823,-1.070177,-0.000011,-0.000024,-0.002562,0.000105,0.000329,0.022171,0.000034,-0.000011,-0.000001,10.000000,3.000000,-131.000000,0.029825,-0.137582,-0.000004,0.000000,0.000000,0.000000,0.314991,862.000000,89.552238,81.797913,658.174500,615.500244,0.000023,0.000000,9.959114,6490,0,31,0
65.714973,0.009116,-0.326823,-1.070182,-0.000010,-0.000023,-0.002518,0.000101,0.000339,0.022220,0.000035,-0.000010,-0.000001,10.000000,3.000000,-131.000000,0.029820,-0.137582,-0.000004,0.000000,0.000000,0.000000,0.314991,862.000000,89.552238,81.797913,658.174500,615.500244,0.000022,0.000000,9.959089,6490,0,31,0
65.716927,0.009116,-0.326823,-1.070187,-0.000010,-0.000023,-0.002474,0.000098,0.000348,0.022266,0.000036,-0.000010,-0.000001,10.000000,3.000000,-131.000000,0.029815,-0.137582,-0.000004,0.000000,0.000000,0.000000,0.314991,862.000000,89.552238,81.797913,658.174500,615.500244,0.000021,0.000000,9.959064,6490,0,31,0
65.718880,0.009116,-0.326823,-1.070192,-0.000010,-0.000022,-0.002429,0.000095,0.000357,0.022307,0.000037,-0.000010,-0.000001,10.000000,3.000000,-131.000000,0.029810,-0.137582,-0.000004,0.000000,0.000000,0.000000,0.314991,862.000000,89.552238,81.797913,658.174500,615.500244,0.000020,0.000000,9.959040,6490,-1,31,0
65.720833,0.009116,-0.326823,-1.070197,-0.000010,-0.000021,-0.002384,0.000091,0.000366,0.022344,0.000038,-0.000009,-0.000001,10.000000,3.000000,-131.000000,0.029806,-0.137582,-0.000004,0.000000,0.000000,0.000000,0.314991,862.000000,89.552238,81.797913,658.174500,615.500244,0.000020,0.000000,9.959016,6490,-1,31,0
65.722794,0.009116,-0.326823,-1.070202,-0.000010,-0.000021,-0.002340,0.000088,0.000375,0.022378,0.000039,-0.000009,-0.000001,10.000000,3.000000,-131.000000,0.029801,-0.137582,-0.000004,0.000000,0.000000,0.000000,0.314991,862.000000,89.552238,81.797913,658.174500,615.500244,0.000019,0.000000,9.958993,6490,-1,31,0
65.724747,0.009116,-0.326823,-1.070206,-0.000010,-0.000020,-0.002295,0.000085,0.000384,0.022409,0.000040,-0.000009,-0.000001,10.000000,3.000000,-131.000000,0.029796,-0.137582,-0.000004,0.000000,0.000000,0.000000,0.314991,862.000000,89.552238,81.797913,658.174500,615.500244,0.000018,0.000000,9.958969,6490,-1,31,0
65.726700,0.009115,-0.326824,-1.070211,-0.000009,-0.000019,-0.002250,0.000083,0.000393,0.022437,0.000041,-0.000008,-0.000001,10.000000,3.000000,-131.000000,0.029791,-0.137582,-0.000004,0.000000,0.000000,0.000000,0.314991,862.000000,89.552238,81.797913,658.174500,615.500244,0.000018,0.000000,9.958946,6490,-1,31,0
65.728653,0.009115,-0.326824,-1.070215,-0.000009,-0.000018,-0.002205,0.000080,0.000401,0.022461,0.000041,-0.000008,-0.000001,10.000000,4.000000,-123.000000,0.029787,-0.137582,-0.000004,0.000000,0.000000,0.000000,0.314991,938.000000,89.552238,81.797913,658.174500,615.500244,0.000017,0.000000,9.958924,6490,-1,31,0
65.730606,0.009115,-0.326824,-1.070220,-0.000009,-0.000017,-0.002160,0.000077,0.000409,0.022484,0.000042,-0.000008,-0.000001,10.000000,4.000000,-123.000000,0.029783,-0.008476,-0.000002,0.000000,0.000000,0.067000,0.617423,938.000000,119.402985,119.598167,445.533508,573.343811,0.000017,0.000000,9.958903,6490,-1,31,0
65.732559,0.009115,-0.326824,-1.070224,-0.000009,-0.000017,-0.002115,0.000075,0.000417,0.022505,0.000043,-0.000008,-0.000001,10.000000,4.000000,-123.000000,0.029778,-0.008476,-0.000002,0.000000,0.000000,0.000000,0.617423,938.000000,119.402985,119.598167,445.533508,573.343811,0.000016,0.000000,9.958881,6490,-1,31,0
65.734512,0.009115,-0.326824,-1.070228,-0.000009,-0.000016,-0.002070,0.000072,0.000425,0.022524,0.000044,-0.000007,-0.000000,10.000000,4.000000,-123.000000,0.029774,-0.008476,-0.000002,0.000000,0.000000,0.000000,0.617423,938.000000,119.402985,119.598167,445.533508,573.343811,0.000016,0.000000,9.958861,6490,-1,31,0
65.736465,0.009115,-0.326824,-1.070232,-0.000009,-0.000015,-0.002025,0.000070,0.000431,0.022541,0.000044,-0.000007,-0.000000,10.000000,4.000000,-123.000000,0.029770,-0.008476,-0.000002,0.000000,0.000000,0.000000,0.617423,938.000000,119.402985,119.598167,445.533508,573.343811,0.000015,0.000000,9.958840,6490,-1,31,0
65.738419,0.009115,-0.326824,-1.070236,-0.000008,-0.000014,-0.001980,0.000067,0.000438,0.022557,0.000045,-0.000007,-0.000000,10.000000,4.000000,-123.000000,0.029766,-0.008476,-0.000002,0.000000,0.000000,0.000000,0.617423,938.000000,119.402985,119.598167,445.533508,573.343811,0.000015,0.000000,9.958820,6490,-1,31,0
65.740379,0.009115,-0.326824,-1.070240,-0.000008,-0.000013,-0.001935,0.000064,0.000444,0.022571,0.000046,-0.000006,-0.000000,10.000000,4.000000,-123.000000,0.029762,-0.008476,-0.000002,0.000000,0.000000,0.000000,0.617423,938.000000,119.402985,119.598167,445.533508,573.343811,0.000014,0.000000,9.958801,6490,-1,31,0
65.742332,0.009115,-0.326824,-1.070244,-0.000008,-0.000012,-0.001889,0.000062,0.000449,0.022584,0.000046,-0.000006,-0.000000,10.000000,4.000000,-123.000000,0.029758,-0.008476,-0.000002,0.000000,0.000000,0.000000,0.617423,938.000000,119.402985,119.598167,445.533508,573.343811,0.000014,0.000000,9.958782,6490,-1,31,0
65.744286,0.009115,-0.326824,-1.070247,-0.000008,-0.000011,-0.001844,0.000059,0.000454,0.022595,0.000047,-0.000006,-0.000000,10.000000,4.000000,-123.000000,0.029755,-0.008476,-0.000002,0.000000,0.000000,0.000000,0.617423,938.000000,119.402985,119.598167,445.533508,573.343811,0.000014,0.000000,9.958763,6490,-1,31,0
65.746239,0.009115,-0.326824,-1.070251,-0.000008,-0.000010,-0.001799,0.000056,0.000458,0.022606,0.000047,-0.000006,-0.000000,10.000000,4.000000,-123.000000,0.029751,-0.008476,-0.000002,0.000000,0.000000,0.000000,0.617423,938.000000,119.402985,119.598167,445.533508,573.343811,0.000013,0.000000,9.958745,6490,-1,31,0
65.748192,0.009115,-0.326824,-1.070255,-0.000008,-0.000009,-0.001754,0.000053,0.000461,0.022615,0.000047,-0.000005,-0.000000,10.000000,4.000000,-123.000000,0.029747,-0.008476,-0.000002,0.000000,0.000000,0.000000,0.617423,938.000000,119.402985,119.598167,445.533508,573.343811,0.000013,0.000000,9.958728,6490,-1,31,0
65.750145,0.009115,-0.326824,-1.070258,-0.000008,-0.000009,-0.001709,0.000050,0.000464,0.022624,0.000048,-0.000005,-0.000000,10.000000,4.000000,-123.000000,0.029744,-0.008476,-0.000002,0.000000,0.000000,0.000000,0.617423,938.000000,119.402985,119.598167,445.533508,573.343811,0.000012,0.000000,9.958711,6490,-1,31,0
65.752098,0.009115,-0.326824,-1.070261,-0.000008,-0.000008,-0.001663,0.000047,0.000466,0.022632,0.000048,-0.000005,-0.000000,10.000000,4.000000,-123.000000,0.029740,-0.008476,-0.000002,0.000000,0.000000,0.000000,0.617423,938.000000,119.402985,119.598167,445.533508,573.343811,0.000012,0.000000,9.958694,6490,-1,31,0
65.754051,0.009115,-0.326824,-1.070265,-0.000008,-0.000007,-0.001618,0.000044,0.000468,0.022639,0.000048,-0.000004,-0.000000,10.000000,4.000000,-123.000000,0.029737,-0.008476,-0.000002,0.000000,0.000000,0.000000,0.617423,938.000000,119.402985,119.598167,445.533508,573.343811,0.000012,0.000000,9.958676,6490,-1,31,0
65.756004,0.009115,-0.326824,-1.070268,-0.000008,-0.000006,-0.001573,0.000041,0.000468,0.022646,0.000048,-0.000004,-0.000000,10.000000,4.000000,-123.000000,0.029734,-0.008476,-0.000002,0.000000,0.000000,0.000000,0.617423,938.000000,119.402985,119.598167,445.533508,573.343811,0.000012,0.000000,9.958662,6490,-1,31,0
65.757965,0.009115,-0.326824,-1.070271,-0.000007,-0.000005,-0.001528,0.000038,0.000468,0.022652,0.000048,-0.000004,-0.000000,10.000000,4.000000,-123.000000,0.029731,-0.008476,-0.000002,0.000000,0.000000,0.000000,0.617423,938.000000,119.402985,119.598167,445.533508,573.343811,0.000011,0.000000,9.958646,6490,-1,31,0
65.759918,0.009115,-0.326824,-1.070274,-0.000007,-0.000004,-0.001482,0.000035,0.000467,0.022657,0.000048,-0.000003,-0.000000,10.000000,4.000000,-123.000000,0.029728,-0.008476,-0.000002,0.000000,0.000000,0.000000,0.617423,938.000000,119.402985,119.598167,445.533508,573.343811,0.000011,0.000000,9.958632,6490,-1,31,0
65.761871,0.009115,-0.326824,-1.070277,-0.000007,-0.000003,-0.001437,0.000031,0.000466,0.022662,0.000048,-0.000003,-0.000000,10.000000,4.000000,-123.000000,0.029725,-0.008476,-0.000002,0.000000,0.000000,0.000000,0.617423,938.000000,119.402985,119.598167,445.533508,573.343811,0.000011,0.000000,9.958616,6490,0,31,0
65.763824,0.009115,-0.326824,-1.070279,-0.000007,-0.000002,-0.001392,0.000027,0.000464,0.022666,0.000047,-0.000003,-0.000000,10.000000,4.000000,-123.000000,0.029722,-0.008476,-0.000002,0.000000,0.000000,0.000000,0.617423,938.000000,119.402985,119.598167,445.533508,573.343811,0.000010,0.000000,9.958603,6490,0,31,0
65.765778,0.009115,-0.326824,-1.070282,-0.000007,-0.000001,-0.001346,0.000024,0.000461,0.022669,0.000047,-0.000002,-0.000000,10.000000,4.000000,-123.000000,0.029719,-0.008476,-0.000002,0.000000,0.000000,0.000000,0.617423,938.000000,119.402985,119.598167,445.533508,573.343811,0.000010,0.000000,9.958590,6490,0,31,0
65.767731,0.009115,-0.326824,-1.070285,-0.000007,-0.000000,-0.001301,0.000020,0.000457,0.022672,0.000047,-0.000002,-0.000000,10.000000,4.000000,-123.000000,0.029716,-0.008476,-0.000002,0.000000,0.000000,0.000000,0.617423,938.000000,119.402985,119.598167,445.533508,573.343811,0.000010,0.000000,9.958576,6490,0,31,0
65.769684,0.009115,-0.326824,-1.070287,-0.000007,0.000001,-0.001256,0.000016,0.000453,0.022675,0.000046,-0.000001,-0.000000,10.000000,4.000000,-123.000000,0.029714,-0.008476,-0.000002,0.000000,0.000000,0.000000,0.617423,938.000000,119.402985,119.598167,445.533508,573.343811,0.000010,0.000000,9.958563,6490,0,31,0
65.771637,0.009115,-0.326824,-1.070290,-0.000007,0.000002,-0.001210,0.000013,0.000448,0.022678,0.000046,-0.000001,-0.000000,10.000000,4.000000,-123.000000,0.029711,-0.008476,-0.000002,0.000000,0.000000,0.000000,0.617423,938.000000,119.402985,119.598167,445.533508,573.343811,0.000010,0.000000,9.958551,6490,0,31,0
65.773598,0.009115,-0.326824,-1.070292,-0.000007,0.000003,-0.001165,0.000009,0.000443,0.022680,0.000045,-0.000001,0.000000,10.000000,4.000000,-123.000000,0.029709,-0.008476,-0.000002,0.000000,0.000000,0.000000,0.617423,938.000000,119.402985,119.598167,445.533508,573.343811,0.000010,0.000000,9.958540,6490,0,31,0
65.775551,0.009115,-0.326824,-1.070294,-0.000007,0.000003,-0.001119,0.000006,0.000437,0.022683,0.000044,-0.000000,0.000000,10.000000,4.000000,-123.000000,0.029707,-0.008476,-0.000002,0.000000,0.000000,0.000000,0.617423,938.000000,119.402985,119.598167,445.533508,573.343811,0.000009,0.000000,9.958529,6490,0,31,0
65.777504,0.009115,-0.326824,-1.070297,-0.000007,0.000004,-0.001074,0.000002,0.000431,0.022685,0.000044,-0.000000,0.000000,10.000000,4.000000,-123.000000,0.029704,-0.008476,-0.000002,0.000000,0.000000,0.000000,0.617423,938.000000,119.402985,119.598167,445.533508,573.343811,0.000009,0.000000,9.958517,6490,0,31,0
65.779457,0.009115,-0.326824,-1.070299,-0.000007,0.000005,-0.001029,-0.000001,0.000424,0.022686,0.000043,0.000000,0.000000,10.000000,4.000000,-123.000000,0.029702,-0.008476,-0.000002,0.000000,0.000000,0.000000,0.617423,938.000000,119.402985,119.598167,445.533508,573.343811,0.000009,0.000000,9.958507,6490,0,31,0
65.781410,0.009115,-0.326824,-1.070301,-0.000007,0.000006,-0.000983,-0.000003,0.000417,0.022688,0.000042,0.000000,0.000000,10.000000,4.000000,-123.000000,0.029700,-0.008476,-0.000002,0.000000,0.000000,0.000000,0.617423,938.000000,119.402985,119.598167,445.533508,573.343811,0.000009,0.000000,9.958497,6490,0,31,0
65.783363,0.009115,-0.326824,-1.070303,-0.000007,0.000007,-0.000938,-0.000006,0.000410,0.022689,0.000042,0.000001,0.000000,10.000000,4.000000,-123.000000,0.029698,-0.008476,-0.000002,0.000000,0.000000,0.000000,0.617423,938.000000,119.402985,119.598167,445.533508,573.343811,0.000009,0.000000,9.958488,6490,0,31,0
65.785316,0.009115,-0.326824,-1.070304,-0.000007,0.000008,-0.000893,-0.000008,0.000403,0.022691,0.000041,0.000001,0.000000,10.000000,4.000000,-123.000000,0.029696,-0.008476,-0.000002,0.000000,0.000000,0.000000,0.617423,938.000000,119.402985,119.598167,445.533508,573.343811,0.000009,0.000000,9.958478,6490,0,31,0
65.787270,0.009115,-0.326824,-1.070306,-0.000007,0.000008,-0.000847,-0.000010,0.000395,0.022692,0.000040,0.000001,0.000000,10.000000,5.000000,-114.000000,0.029695,-0.008476,-0.000002,0.000000,0.000000,0.000000,0.617423,988.000000,119.402985,119.598167,445.533508,573.343811,0.000009,0.000000,9.958469,6490,0,31,0
65.789223,0.009115,-0.326824,-1.070308,-0.000007,0.000009,-0.000802,-0.000012,0.000388,0.022693,0.000039,0.000001,0.000000,10.000000,5.000000,-114.000000,0.029693,0.060129,-0.000002,0.000000,0.000000,0.066000,0.388366,988.000000,136.363663,144.504745,256.980042,480.064575,0.000009,0.000000,9.958462,6490,0,31,0
65.791183,0.009115,-0.326824,-1.070309,-0.000007,0.000010,-0.000756,-0.000014,0.000380,0.022694,0.000038,0.000001,0.000000,10.000000,5.000000,-114.000000,0.029691,0.060129,-0.000002,0.000000,0.000000,0.000000,0.388366,988.000000,136.363663,144.504745,256.980042,480.064575,0.000009,0.000000,9.958454,6490,0,31,0
65.793137,0.009115,-0.326824,-1.070311,-0.000007,0.000011,-0.000711,-0.000015,0.000371,0.022695,0.000038,0.000002,0.000000,10.000000,5.000000,-114.000000,0.029690,0.060129,-0.000002,0.000000,0.000000,0.000000,0.388366,988.000000,136.363663,144.504745,256.980042,480.064575,0.000009,0.000000,9.958447,6490,0,31,0
65.795090,0.009115,-0.326824,-1.070312,-0.000007,0.000011,-0.000666,-0.000016,0.000363,0.022696,0.000037,0.000002,0.000000,10.000000,5.000000,-114.000000,0.029689,0.060129,-0.000002,0.000000,0.000000,0.000000,0.388366,988.000000,136.363663,144.504745,256.980042,480.064575,0.000008,0.000000,9.958440,6490,0,31,0
65.797043,0.009115,-0.326824,-1.070313,-0.000007,0.000012,-0.000620,-0.000016,0.000354,0.022697,0.000036,0.000002,0.000000,10.000000,5.000000,-114.000000,0.029687,0.060129,-0.000002,0.000000,0.000000,0.000000,0.388366,988.000000,136.363663,144.504745,256.980042,480.064575,0.000008,0.000000,9.958434,6490,0,31,0
65.798996,0.009115,-0.326824,-1.070315,-0.000007,0.000013,-0.000575,-0.000016,0.000346,0.022698,0.000035,0.000002,0.000000,10.000000,5.000000,-114.000000,0.029686,0.060129,-0.000002,0.000000,0.000000,0.000000,0.388366,988.000000,136.363663,144.504745,256.980042,480.064575,0.000008,0.000000,9.958428,6490,0,31,0
65.800949,0.009115,-0.326824,-1.070316,-0.000007,0.000014,-0.000529,-0.000016,0.000337,0.022698,0.000034,0.000002,0.000000,10.000000,5.000000,-114.000000,0.029685,0.060129,-0.000002,0.000000,0.000000,0.000000,0.388366,988.000000,136.363663,144.504745,256.980042,480.064575,0.000008,0.000000,9.958422,6490,0,31,0
65.802902,0.009115,-0.326824,-1.070317,-0.000007,0.000014,-0.000484,-0.000015,0.000328,0.022699,0.000033,0.000001,0.000000,10.000000,5.000000,-114.000000,0.029684,0.060129,-0.000002,0.000000,0.000000,0.000000,0.388366,988.000000,136.363663,144.504745,256.980042,480.064575,0.000008,0.000000,9.958417,6490,0,31,0
65.804855,0.009115,-0.326824,-1.070318,-0.000007,0.000015,-0.000439,-0.000014,0.000319,0.022699,0.000032,0.000001,0.000000,10.000000,5.000000,-114.000000,0.029683,0.060129,-0.000002,0.000000,0.000000,0.000000,0.388366,988.000000,136.363663,144.504745,256.980042,480.064575,0.000008,0.000000,9.958413,6490,0,31,0
65.806808,0.009115,-0.326824,-1.070318,-0.000007,0.000015,-0.000393,-0.000013,0.000310,0.022699,0.000031,0.000001,0.000000,10.000000,5.000000,-114.000000,0.029682,0.060129,-0.000002,0.000000,0.000000,0.000000,0.388366,988.000000,136.363663,144.504745,256.980042,480.064575,0.000008,0.000000,9.958409,6490,0,31,0
65.808769,0.009115,-0.326824,-1.070319,-0.000007,0.000016,-0.000348,-0.000011,0.000301,0.022699,0.000030,0.000001,0.000000,10.000000,5.000000,-114.000000,0.029681,0.060129,-0.000002,0.000000,0.000000,0.000000,0.388366,988.000000,136.363663,144.504745,256.980042,480.064575,0.000008,0.000000,9.958405,6490,0,31,0
65.810722,0.009115,-0.326824,-1.070320,-0.000007,0.000017,-0.000302,-0.000008,0.000291,0.022700,0.000029,0.000001,0.000000,10.000000,5.000000,-114.000000,0.029681,0.060129,-0.000002,0.000000,0.000000,0.000000,0.388366,988.000000,136.363663,144.504745,256.980042,480.064575,0.000008,0.000000,9.958403,6490,0,31,0
65.812675,0.009115,-0.326823,-1.070320,-0.000007,0.000017,-0.000257,-0.000006,0.000282,0.022700,0.000028,0.000000,0.000000,10.000000,5.000000,-114.000000,0.029680,0.060129,-0.000002,0.000000,0.000000,0.000000,0.388366,988.000000,136.363663,144.504745,256.980042,480.064575,0.000008,0.000000,9.958400,6490,0,31,0
65.814629,0.009115,-0.326823,-1.070321,-0.000007,0.000018,-0.000212,-0.000003,0.000273,0.022700,0.000027,0.000000,0.000000,10.000000,5.000000,-114.000000,0.029680,0.060129,-0.000002,0.000000,0.000000,0.000000,0.388366,988.000000,136.363663,144.504745,256.980042,480.064575,0.000008,0.000000,9.958398,6490,0,31,0
65.816582,0.009115,-0.326823,-1.070321,-0.000007,0.000018,-0.000166,0.000001,0.000263,0.022700,0.000026,-0.000000,0.000000,10.000000,5.000000,-114.000000,0.029679,0.060129,-0.000002,0.000000,0.000000,0.000000,0.388366,988.000000,136.363663,144.504745,256.980042,480.064575,0.000008,0.000000,9.958395,6490,0,31,0
65.818535,0.009115,-0.326823,-1.070321,-0.000007,0.000019,-0.000121,0.000005,0.000254,0.022700,0.000025,-0.000001,0.000000,10.000000,5.000000,-114.000000,0.029679,0.060129,-0.000002,0.000000,0.000000,0.000000,0.388366,988.000000,136.363663,144.504745,256.980042,480.064575,0.000008,0.000000,9.958394,6490,0,32,0
65.820488,0.009115,-0.326823,-1.070321,-0.000007,0.000019,-0.000075,0.000009,0.000244,0.022701,0.000024,-0.000001,0.000000,10.000000,5.000000,-114.000000,0.029679,0.060129,-0.000002,0.000000,0.000000,0.000000,0.388366,988.000000,136.363663,144.504745,256.980042,480.064575,0.000008,0.000000,9.958393,6490,0,32,0
65.822441,0.009115,-0.326823,-1.070322,-0.000007,0.000020,-0.000030,0.000014,0.000235,0.022703,0.000023,-0.000002,0.000000,10.000000,5.000000,-114.000000,0.029679,0.060129,-0.000002,0.000000,0.000000,0.000000,0.388366,988.000000,136.363663,144.504745,256.980042,480.064575,0.000008,0.000000,9.958393,6490,0,32,0
65.824394,0.009115,-0.326823,-1.070322,-0.000007,0.000020,0.000015,0.000019,0.000225,0.022704,0.000023,-0.000002,0.000000,10.000000,5.000000,-114.000000,0.029678,0.060129,-0.000002,0.000000,0.000000,0.000000,0.388366,988.000000,136.363663,144.504745,256.980042,480.064575,0.000008,0.000000,9.958393,6490,0,32,0
65.826355,0.009115,-0.326823,-1.070321,-0.000007,0.000021,0.000061,0.000024,0.000215,0.022705,0.000022,-0.000003,0.000000,10.000000,5.000000,-114.000000,0.029679,0.060129,-0.000002,0.000000,0.000000,0.000000,0.388366,988.000000,136.363663,144.504745,256.980042,480.064575,0.000008,0.000000,9.958393,6490,0,32,0
65.828308,0.009115,-0.326823,-1.070321,-0.000007,0.000021,0.000106,0.000029,0.000206,0.022706,0.000021,-0.000003,0.000000,10.000000,5.000000,-114.000000,0.029679,0.060129,-0.000002,0.000000,0.000000,0.000000,0.388366,988.000000,136.363663,144.504745,256.980042,480.064575,0.000008,0.000000,9.958394,6490,0,32,0
65.830261,0.009115,-0.326823,-1.070321,-0.000007,0.000021,0.000152,0.000034,0.000196,0.022707,0.000020,-0.000004,0.000000,10.000000,5.000000,-114.000000,0.029679,0.060129,-0.000002,0.000000,0.000000,0.000000,0.388366,988.000000,136.363663,144.504745,256.980042,480.064575,0.000008,0.000000,9.958396,6490,0,32,0
65.832214,0.009115,-0.326823,-1.070321,-0.000007,0.000022,0.000197,0.000039,0.000186,0.022708,0.000019,-0.000004,0.000001,10.000000,5.000000,-114.000000,0.029679,0.060129,-0.000002,0.000000,0.000000,0.000000,0.388366,988.000000,136.363663,144.504745,256.980042,480.064575,0.000008,0.000000,9.958398,6490,0,32,0
65.834167,0.009115,-0.326823,-1.070320,-0.000007,0.000022,0.000242,0.000044,0.000176,0.022708,0.000018,-0.000005,0.000001,10.000000,5.000000,-114.000000,0.029680,0.060129,-0.000002,0.000000,0.000000,0.000000,0.388366,988.000000,136.363663,144.504745,256.980042,480.064575,0.000008,0.000000,9.958400,6490,0,32,0
65.836121,0.009115,-0.326823,-1.070320,-0.000007,0.000023,0.000288,0.000049,0.000166,0.022709,0.000017,-0.000005,0.000001,10.000000,5.000000,-114.000000,0.029680,0.060129,-0.000002,0.000000,0.000000,0.000000,0.388366,988.000000,136.363663,144.504745,256.980042,480.064575,0.000008,0.000000,9.958402,6490,0,32,0
65.838074,0.009115,-0.326823,-1.070319,-0.000007,0.000023,0.000333,0.000053,0.000157,0.022709,0.000016,-0.000006,0.000001,10.000000,5.000000,-114.000000,0.029681,0.060129,-0.000002,0.000000,0.000000,0.000000,0.388366,988.000000,136.363663,144.504745,256.980042,480.064575,0.000008,0.000000,9.958406,6490,0,32,0
65.840027,0.009115,-0.326823,-1.070318,-0.000007,0.000023,0.000379,0.000057,0.000147,0.022710,0.000015,-0.000006,0.000001,10.000000,5.000000,-114.000000,0.029681,0.060129,-0.000002,0.000000,0.000000,0.000000,0.388366,988.000000,136.363663,144.504745,256.980042,480.064575,0.000008,0.000000,9.958409,6490,0,32,0
65.841988,0.009115,-0.326823,-1.070317,-0.000007,0.000023,0.000424,0.000061,0.000137,0.022710,0.000013,-0.000006,0.000001,10.000000,5.000000,-114.000000,0.029682,0.060129,-0.000002,0.000000,0.000000,0.000000,0.388366,988.000000,136.363663,144.504745,256.980042,480.064575,0.000008,0.000000,9.958414,6490,0,32,0
65.843941,0.009115,-0.326823,-1.070316,-0.000006,0.000024,0.000470,0.000065,0.000127,0.022711,0.000012,-0.000007,0.000001,10.000000,5.000000,-114.000000,0.029683,0.060129,-0.000002,0.000000,0.000000,0.000000,0.388366,988.000000,136.363663,144.504745,256.980042,480.064575,0.000008,0.000000,9.958418,6490,0,32,0
65.845894,0.009115,-0.326823,-1.070315,-0.000006,0.000024,0.000515,0.000067,0.000117,0.022711,0.000011,-0.000007,0.000001,10.000000,5.000000,-114.000000,0.029684,0.060129,-0.000002,0.000000,0.000000,0.000000,0.388366,988.000000,136.363663,144.504745,256.980042,480.064575,0.000008,0.000000,9.958424,6490,0,32,0
65.847847,0.009115,-0.326823,-1.070314,-0.000006,0.000024,0.000560,0.000070,0.000107,0.022712,0.000010,-0.000007,0.000001,10.000000,5.000000,-114.000000,0.029685,0.060129,-0.000002,0.000000,0.000000,0.000000,0.388366,988.000000,136.363663,144.504745,256.980042,480.064575,0.000008,0.000000,9.958429,6490,0,32,0
65.849800,0.009115,-0.326823,-1.070313,-0.000006,0.000024,0.000606,0.000072,0.000097,0.022712,0.000009,-0.000007,0.000001,10.000000,5.000000,-114.000000,0.029686,0.060129,-0.000002,0.000000,0.000000,0.000000,0.388366,988.000000,136.363663,144.504745,256.980042,480.064575,0.000008,0.000000,9.958435,6490,0,32,0
65.851753,0.009115,-0.326823,-1.070312,-0.000006,0.000025,0.000651,0.000073,0.000087,0.022712,0.000008,-0.000008,0.000001,10.000000,5.000000,-114.000000,0.029688,0.060129,-0.000002,0.000000,0.000000,0.000000,0.388366,988.000000,136.363663,144.504745,256.980042,480.064575,0.000008,0.000000,9.958441,6490,0,32,0
65.853706,0.009115,-0.326823,-1.070310,-0.000006,0.000025,0.000697,0.000074,0.000077,0.022713,0.000007,-0.000008,0.000001,10.000000,5.000000,-114.000000,0.029689,0.060129,-0.000002,0.000000,0.000000,0.000000,0.388366,988.000000,136.363663,144.504745,256.980042,480.064575,0.000008,0.000000,9.958448,6490,0,32,0
65.855659,0.009115,-0.326823,-1.070309,-0.000006,0.000025,0.000742,0.000074,0.000067,0.022713,0.000006,-0.000008,0.000001,10.000000,5.000000,-114.000000,0.029690,0.060129,-0.000002,0.000000,0.000000,0.000000,0.388366,988.000000,136.363663,144.504745,256.980042,480.064575,0.000008,0.000000,9.958456,6490,0,31,0
65.857613,0.009115,-0.326822,-1.070307,-0.000005,0.000025,0.000788,0.000074,0.000058,0.022713,0.000005,-0.000008,0.000001,10.000000,5.000000,-114.000000,0.029692,0.060129,-0.000002,0.000000,0.000000,0.000000,0.388366,988.000000,136.363663,144.504745,256.980042,480.064575,0.000008,0.000000,9.958464,6490,0,31,0
65.859573,0.009114,-0.326822,-1.070306,-0.000005,0.000025,0.000833,0.000073,0.000048,0.022712,0.000004,-0.000007,0.000001,10.000000,5.000000,-114.000000,0.029693,0.060129,-0.000002,0.000000,0.000000,0.000000,0.388366,988.000000,136.363663,144.504745,256.980042,480.064575,0.000008,0.000000,9.958471,6490,0,31,0
65.861526,0.009114,-0.326822,-1.070304,-0.000005,0.000025,0.000878,0.000072,0.000038,0.022712,0.000003,-0.000007,0.000001,10.000000,5.000000,-114.000000,0.029695,0.060129,-0.000002,0.000000,0.000000,0.000000,0.388366,988.000000,136.363663,144.504745,256.980042,480.064575,0.000008,0.000000,9.958479,6490,0,31,0
65.863480,0.009114,-0.326822,-1.070302,-0.000005,0.000025,0.000924,0.000071,0.000028,0.022712,0.000002,-0.000007,0.000001,10.000000,5.000000,-114.000000,0.029697,0.060129,-0.000002,0.000000,0.000000,0.000000,0.388366,988.000000,136.363663,144.504745,256.980042,480.064575,0.000008,0.000000,9.958489,6490,0,31,0
65.865433,0.009114,-0.326822,-1.070300,-0.000005,0.000025,0.000969,0.000069,0.000018,0.022711,0.000001,-0.000007,0.000001,10.000000,7.000000,-102.000000,0.029699,0.060129,-0.000002,0.000000,0.000000,0.000000,0.388366,1100.000000,136.363663,144.504745,256.980042,480.064575,0.000008,0.000000,9.958499,6490,0,31,0
65.867386,0.009114,-0.326822,-1.070298,-0.000005,0.000025,0.001015,0.000067,0.000008,0.022711,0.000000,-0.000007,0.000001,10.000000,7.000000,-102.000000,0.029701,0.193476,-0.000001,0.000000,0.000000,0.067000,0.780231,1100.000000,179.104477,179.427490,637.922607,518.254700,0.000008,0.000000,9.958508,6490,0,31,0
65.869339,0.009114,-0.326822,-1.070296,-0.000005,0.000025,0.001060,0.000065,-0.000002,0.022710,-0.000001,-0.000006,0.000001,10.000000,7.000000,-102.000000,0.029703,0.193476,-0.000001,0.000000,0.000000,0.000000,0.780231,1100.000000,179.104477,179.427490,637.922607,518.254700,0.000008,0.000000,9.958518,6490,0,31,0
65.871292,0.009114,-0.326822,-1.070294,-0.000005,0.000025,0.001105,0.000062,-0.000012,0.022710,-0.000002,-0.000006,0.000001,10.000000,7.000000,-102.000000,0.029705,0.193476,-0.000001,0.000000,0.000000,0.000000,0.780231,1100.000000,179.104477,179.427490,637.922607,518.254700,0.000008,0.000000,9.958530,6490,0,31,0
65.873245,0.009114,-0.326822,-1.070292,-0.000004,0.000025,0.001151,0.000060,-0.000022,0.022710,-0.000003,-0.000006,0.000001,10.000000,7.000000,-102.000000,0.029707,0.193476,-0.000001,0.000000,0.000000,0.000000,0.780231,1100.000000,179.104477,179.427490,637.922607,518.254700,0.000008,0.000000,9.958542,6490,0,31,0
65.875198,0.009114,-0.326822,-1.070289,-0.000004,0.000025,0.001196,0.000058,-0.000032,0.022710,-0.000004,-0.000006,0.000001,10.000000,7.000000,-102.000000,0.029709,0.193476,-0.000001,0.000000,0.000000,0.000000,0.780231,1100.000000,179.104477,179.427490,637.922607,518.254700,0.000008,0.000000,9.958553,6490,0,31,0
65.877159,0.009114,-0.326822,-1.070287,-0.000004,0.000025,0.001242,0.000056,-0.000042,0.022710,-0.000005,-0.000006,0.000001,10.000000,7.000000,-102.000000,0.029712,0.193476,-0.000001,0.000000,0.000000,0.000000,0.780231,1100.000000,179.104477,179.427490,637.922607,518.254700,0.000008,0.000000,9.958566,6490,0,31,0
65.879112,0.009114,-0.326822,-1.070284,-0.000004,0.000025,0.001287,0.000053,-0.000052,0.022709,-0.000006,-0.000005,0.000001,10.000000,7.000000,-102.000000,0.029714,0.193476,-0.000001,0.000000,0.000000,0.000000,0.780231,1100.000000,179.104477,179.427490,637.922607,518.254700,0.000008,0.000000,9.958579,6490,0,31,0
65.881065,0.009114,-0.326822,-1.070282,-0.000004,0.000025,0.001333,0.000051,-0.000062,0.022709,-0.000007,-0.000005,0.000001,10.000000,7.000000,-102.000000,0.029717,0.193476,-0.000001,0.000000,0.000000,0.000000,0.780231,1100.000000,179.104477,179.427490,637.922607,518.254700,0.000008,0.000000,9.958592,6490,0,31,0
65.883018,0.009114,-0.326822,-1.070279,-0.000004,0.000025,0.001378,0.000050,-0.000072,0.022708,-0.000008,-0.000005,0.000001,10.000000,7.000000,-102.000000,0.029720,0.193476,-0.000001,0.000000,0.000000,0.000000,0.780231,1100.000000,179.104477,179.427490,637.922607,518.254700,0.000008,0.000000,9.958605,6490,0,31,0
65.884972,0.009114,-0.326822,-1.070276,-0.000004,0.000025,0.001423,0.000048,-0.000082,0.022708,-0.000009,-0.000005,0.000001,10.000000,7.000000,-102.000000,0.029722,0.193476,-0.000001,0.000000,0.000000,0.000000,0.780231,1100.000000,179.104477,179.427490,637.922607,518.254700,0.000008,0.000000,9.958619,6490,0,31,0
65.886925,0.009114,-0.326822,-1.070273,-0.000004,0.000024,0.001469,0.000046,-0.000092,0.022708,-0.000010,-0.000005,0.000001,10.000000,7.000000,-102.000000,0.029725,0.193476,-0.000001,0.000000,0.000000,0.000000,0.780231,1100.000000,179.104477,179.427490,637.922607,518.254700,0.000008,0.000000,9.958634,6490,0,31,0
65.888878,0.009114,-0.326822,-1.070270,-0.000004,0.000024,0.001514,0.000045,-0.000102,0.022708,-0.000011,-0.000005,0.000001,10.000000,7.000000,-102.000000,0.029728,0.193476,-0.000001,0.000000,0.000000,0.000000,0.780231,1100.000000,179.104477,179.427490,637.922607,518.254700,0.000008,0.000000,9.958649,6490,0,31,0
65.890831,0.009114,-0.326822,-1.070267,-0.000003,0.000024,0.001560,0.000044,-0.000112,0.022708,-0.000012,-0.000004,0.000001,10.000000,7.000000,-102.000000,0.029731,0.193476,-0.000001,0.000000,0.000000,0.000000,0.780231,1100.000000,179.104477,179.427490,637.922607,518.254700,0.000008,0.000000,9.958664,6490,0,31,0
65.892792,0.009114,-0.326822,-1.070264,-0.000003,0.000024,0.001605,0.000044,-0.000122,0.022708,-0.000013,-0.000004,0.000001,10.000000,7.000000,-102.000000,0.029734,0.193476,-0.000001,0.000000,0.000000,0.000000,0.780231,1100.000000,179.104477,179.427490,637.922607,518.254700,0.000008,0.000000,9.958680,6490,0,31,0
65.894745,0.009114,-0.326822,-1.070261,-0.000003,0.000023,0.001650,0.000043,-0.000132,0.022708,-0.000014,-0.000004,0.000001,10.000000,7.000000,-102.000000,0.029738,0.193476,-0.000001,0.000000,0.000000,0.000000,0.780231,1100.000000,179.104477,179.427490,637.922607,518.254700,0.000008,0.000000,9.958697,6490,0,31,0
65.896698,0.009114,-0.326821,-1.070257,-0.000003,0.000023,0.001696,0.000043,-0.000142,0.022708,-0.000015,-0.000004,0.000001,10.000000,7.000000,-102.000000,0.029741,0.193476,-0.000001,0.000000,0.000000,0.000000,0.780231,1100.000000,179.104477,179.427490,637.922607,518.254700,0.000008,0.000000,9.958714,6490,0,31,0
65.898651,0.009114,-0.326821,-1.070254,-0.000003,0.000023,0.001741,0.000043,-0.000152,0.022708,-0.000016,-0.000004,0.000001,10.000000,7.000000,-102.000000,0.029744,0.193476,-0.000001,0.000000,0.000000,0.000000,0.780231,1100.000000,179.104477,179.427490,637.922607,518.254700,0.000008,0.000000,9.958731,6490,0,31,0
65.900604,0.009114,-0.326821,-1.070250,-0.000003,0.000023,0.001787,0.000044,-0.000163,0.022708,-0.000017,-0.000005,0.000001,10.000000,7.000000,-102.000000,0.029748,0.193476,-0.000001,0.000000,0.000000,0.000000,0.780231,1100.000000,179.104477,179.427490,637.922607,518.254700,0.000008,0.000000,9.958748,6490,0,31,0
65.902557,0.009114,-0.326821,-1.070247,-0.000003,0.000022,0.001832,0.000045,-0.000173,0.022708,-0.000018,-0.000005,0.000001,10.000000,7.000000,-102.000000,0.029752,0.193476,-0.000001,0.000000,0.000000,0.000000,0.780231,1100.000000,179.104477,179.427490,637.922607,518.254700,0.000008,0.000000,9.958767,6490,0,31,0
65.904510,0.009114,-0.326821,-1.070243,-0.000003,0.000022,0.001878,0.000046,-0.000183,0.022707,-0.000019,-0.000005,0.000001,10.000000,7.000000,-102.000000,0.029755,0.193476,-0.000001,0.000000,0.000000,0.000000,0.780231,1100.000000,179.104477,179.427490,637.922607,518.254700,0.000008,0.000000,9.958786,6490,0,31,0
65.906464,0.009114,-0.326821,-1.070239,-0.000003,0.000021,0.001923,0.000048,-0.000193,0.022708,-0.000020,-0.000005,0.000001,10.000000,7.000000,-102.000000,0.029759,0.193476,-0.000001,0.000000,0.000000,0.000000,0.780231,1100.000000,179.104477,179.427490,637.922607,518.254700,0.000008,0.000000,9.958805,6490,0,32,0
65.908417,0.009114,-0.326821,-1.070235,-0.000003,0.000021,0.001968,0.000050,-0.000203,0.022709,-0.000021,-0.000005,0.000001,10.000000,7.000000,-102.000000,0.029763,0.193476,-0.000001,0.000000,0.000000,0.000000,0.780231,1100.000000,179.104477,179.427490,637.922607,518.254700,0.000007,0.000000,9.958824,6490,0,32,0
65.910378,0.009114,-0.326821,-1.070231,-0.000003,0.000021,0.002014,0.000052,-0.000213,0.022709,-0.000022,-0.000005,0.000001,10.000000,7.000000,-102.000000,0.029767,0.193476,-0.000001,0.000000,0.000000,0.000000,0.780231,1100.000000,179.104477,179.427490,637.922607,518.254700,0.000007,0.000000,9.958844,6490,0,32,0
65.912331,0.009114,-0.326821,-1.070227,-0.000002,0.000020,0.002059,0.000055,-0.000223,0.022710,-0.000023,-0.000006,0.000001,10.000000,7.000000,-102.000000,0.029771,0.193476,-0.000001,0.000000,0.000000,0.000000,0.780231,1100.000000,179.104477,179.427490,637.922607,518.254700,0.000007,0.000000,9.958865,6490,0,32,0
65.914284,0.009114,-0.326821,-1.070223,-0.000002,0.000020,0.002105,0.000057,-0.000233,0.022710,-0.000024,-0.000006,0.000001,10.000000,7.000000,-102.000000,0.029775,0.193476,-0.000001,0.000000,0.000000,0.000000,0.780231,1100.000000,179.104477,179.427490,637.922607,518.254700,0.000007,0.000000,9.958886,6490,0,32,0
65.916237,0.009114,-0.326821,-1.070219,-0.000002,0.000019,0.002150,0.000060,-0.000243,0.022711,-0.000025,-0.000006,0.000001,10.000000,7.000000,-102.000000,0.029779,0.193476,-0.000001,0.000000,0.000000,0.000000,0.780231,1100.000000,179.104477,179.427490,637.922607,518.254700,0.000007,0.000000,9.958907,6490,0,32,0
65.918190,0.009114,-0.326821,-1.070214,-0.000002,0.000019,0.002195,0.000062,-0.000253,0.022711,-0.000026,-0.000007,0.000001,10.000000,7.000000,-102.000000,0.029783,0.193476,-0.000001,0.000000,0.000000,0.000000,0.780231,1100.000000,179.104477,179.427490,637.922607,518.254700,0.000007,0.000000,9.958928,6490,0,32,0
65.920143,0.009114,-0.326821,-1.070210,-0.000002,0.000018,0.002241,0.000065,-0.000263,0.022711,-0.000027,-0.000007,0.000001,10.000000,7.000000,-102.000000,0.029788,0.193476,-0.000001,0.000000,0.000000,0.000000,0.780231,1100.000000,179.104477,179.427490,637.922607,518.254700,0.000007,0.000000,9.958951,6490,0,32,0
65.922096,0.009114,-0.326821,-1.070205,-0.000002,0.000018,0.002286,0.000067,-0.000273,0.022712,-0.000028,-0.000007,0.000001,10.000000,7.000000,-102.000000,0.029792,0.193476,-0.000001,0.000000,0.000000,0.000000,0.780231,1100.000000,179.104477,179.427490,637.922607,518.254700,0.000007,0.000000,9.958974,6490,0,32,0
65.924049,0.009114,-0.326821,-1.070201,-0.000002,0.000017,0.002332,0.000069,-0.000283,0.022712,-0.000029,-0.000007,0.000001,10.000000,9.000000,-88.000000,0.029797,0.193476,-0.000001,0.000000,0.000000,0.000000,0.780231,1206.000000,179.104477,179.427490,637.922607,518.254700,0.000007,0.000000,9.958998,6490,0,32,0
65.926003,0.009114,-0.326821,-1.070196,-0.000002,0.000017,0.002377,0.000071,-0.000293,0.022713,-0.000030,-0.000007,0.000001,10.000000,9.000000,-88.000000,0.029802,0.286068,-0.000000,0.000000,0.000000,0.067000,0.671008,1206.000000,208.955215,211.005936,445.533386,496.432587,0.000007,0.000000,9.959021,6490,0,32,0
65.927963,0.009114,-0.326821,-1.070191,-0.000001,0.000016,0.002423,0.000072,-0.000303,0.022714,-0.000031,-0.000007,0.000001,10.000000,9.000000,-88.000000,0.029806,0.286068,-0.000000,0.000000,0.000000,0.000000,0.671008,1206.000000,208.955215,211.005936,445.533386,496.432587,0.000007,0.000000,9.959045,6490,0,32,0
65.929916,0.009114,-0.326821,-1.070186,-0.000001,0.000015,0.002468,0.000074,-0.000313,0.022714,-0.000033,-0.000008,0.000001,10.000000,9.000000,-88.000000,0.029811,0.286068,-0.000000,0.000000,0.000000,0.000000,0.671008,1206.000000,208.955215,211.005936,445.533386,496.432587,0.000007,0.000000,9.959069,6490,0,32,0
65.931870,0.009114,-0.326821,-1.070181,-0.000001,0.000015,0.002513,0.000074,-0.000323,0.022714,-0.000034,-0.000008,0.000001,10.000000,9.000000,-88.000000,0.029816,0.286068,-0.000000,0.000000,0.000000,0.000000,0.671008,1206.000000,208.955215,211.005936,445.533386,496.432587,0.000007,0.000000,9.959095,6490,0,32,0
65.933823,0.009114,-0.326821,-1.070176,-0.000001,0.000014,0.002559,0.000074,-0.000333,0.022714,-0.000035,-0.000008,0.000001,10.000000,9.000000,-88.000000,0.029821,0.286068,-0.000000,0.000000,0.000000,0.000000,0.671008,1206.000000,208.955215,211.005936,445.533386,496.432587,0.000007,0.000000,9.959120,6490,0,32,0
65.935776,0.009114,-0.326821,-1.070171,-0.000001,0.000013,0.002604,0.000074,-0.000343,0.022714,-0.000036,-0.000008,0.000001,10.000000,9.000000,-88.000000,0.029827,0.286068,-0.000000,0.000000,0.000000,0.000000,0.671008,1206.000000,208.955215,211.005936,445.533386,496.432587,0.000007,0.000000,9.959146,6490,1,32,0
65.937729,0.009114,-0.326821,-1.070166,-0.000001,0.000013,0.002650,0.000073,-0.000353,0.022715,-0.000037,-0.000007,0.000001,10.000000,9.000000,-88.000000,0.029832,0.286068,-0.000000,0.000000,0.000000,0.000000,0.671008,1206.000000,208.955215,211.005936,445.533386,496.432587,0.000008,0.000000,9.959172,6490,1,32,0
65.939682,0.009114,-0.326821,-1.070160,-0.000001,0.000012,0.002695,0.000072,-0.000363,0.022715,-0.000038,-0.000007,0.000001,10.000000,9.000000,-88.000000,0.029837,0.286068,-0.000000,0.000000,0.000000,0.000000,0.671008,1206.000000,208.955215,211.005936,445.533386,496.432587,0.000008,0.000000,9.959200,6490,1,31,0
65.941635,0.009114,-0.326821,-1.070155,-0.000000,0.000011,0.002741,0.000070,-0.000373,0.022715,-0.000039,-0.000007,0.000001,10.000000,9.000000,-88.000000,0.029842,0.286068,-0.000000,0.000000,0.000000,0.000000,0.671008,1206.000000,208.955215,211.005936,445.533386,496.432587,0.000008,0.000000,9.959227,6490,1,31,0
65.943588,0.009114,-0.326821,-1.070149,-0.000000,0.000010,0.002786,0.000068,-0.000382,0.022714,-0.000040,-0.000007,0.000001,10.000000,9.000000,-88.000000,0.029848,0.286068,-0.000000,0.000000,0.000000,0.000000,0.671008,1206.000000,208.955215,211.005936,445.533386,496.432587,0.000008,0.000000,9.959253,6490,1,31,0
65.945549,0.009114,-0.326821,-1.070144,-0.000000,0.000010,0.002831,0.000065,-0.000391,0.022714,-0.000040,-0.000006,0.000001,10.000000,9.000000,-88.000000,0.029854,0.286068,-0.000000,0.000000,0.000000,0.000000,0.671008,1206.000000,208.955215,211.005936,445.533386,496.432587,0.000008,0.000000,9.959283,6490,1,31,0
65.947502,0.009114,-0.326821,-1.070138,0.000000,0.000009,0.002877,0.000061,-0.000399,0.022714,-0.000041,-0.000006,0.000001,10.000000,9.000000,-88.000000,0.029859,0.286068,-0.000000,0.000000,0.000000,0.000000,0.671008,1206.000000,208.955215,211.005936,445.533386,496.432587,0.000008,0.000000,9.959311,6490,1,31,0
65.949455,0.009114,-0.326821,-1.070132,0.000000,0.000008,0.002922,0.000058,-0.000407,0.022714,-0.000042,-0.000006,0.000001,10.000000,9.000000,-88.000000,0.029865,0.286068,-0.000000,0.000000,0.000000,0.000000,0.671008,1206.000000,208.955215,211.005936,445.533386,496.432587,0.000008,0.000000,9.959340,6490,1,31,0
65.951408,0.009114,-0.326821,-1.070126,0.000000,0.000007,0.002968,0.000053,-0.000415,0.022714,-0.000043,-0.000005,0.000001,10.000000,9.000000,-88.000000,0.029871,0.286068,-0.000000,0.000000,0.000000,0.000000,0.671008,1206.000000,208.955215,211.005936,445.533386,496.432587,0.000008,0.000000,9.959369,6490,1,31,0
65.953362,0.009114,-0.326821,-1.070120,0.000000,0.000006,0.003013,0.000049,-0.000421,0.022713,-0.000043,-0.000005,0.000001,10.000000,9.000000,-88.000000,0.029877,0.286068,-0.000000,0.000000,0.000000,0.000000,0.671008,1206.000000,208.955215,211.005936,445.533386,496.432587,0.000008,0.000000,9.959400,6490,1,31,0
65.955315,0.009114,-0.326821,-1.070114,0.000000,0.000006,0.003059,0.000044,-0.000428,0.022713,-0.000044,-0.000004,0.000001,10.000000,9.000000,-88.000000,0.029883,0.286068,-0.000000,0.000000,0.000000,0.000000,0.671008,1206.000000,208.955215,211.005936,445.533386,496.432587,0.000008,0.000000,9.959431,6490,1,31,0
65.957268,0.009114,-0.326821,-1.070108,0.000000,0.000005,0.003104,0.000038,-0.000434,0.022713,-0.000045,-0.000004,0.000001,10.000000,9.000000,-88.000000,0.029889,0.286068,-0.000000,0.000000,0.000000,0.000000,0.671008,1206.000000,208.955215,211.005936,445.533386,496.432587,0.000009,0.000000,9.959461,6491,1,31,0
65.959221,0.009114,-0.326821,-1.070102,0.000001,0.000004,0.003149,0.000033,-0.000439,0.022607,-0.000045,-0.000003,0.000001,10.000000,9.000000,-88.000000,0.029895,0.286068,-0.000000,0.000000,0.000000,0.000000,0.671008,1206.000000,208.955215,211.005936,445.533386,496.432587,0.000009,0.000000,9.959492,6491,1,31,0
65.961182,0.009114,-0.326821,-1.070095,0.000001,0.000003,0.003194,0.000027,-0.000443,0.022477,-0.000046,-0.000002,0.000002,10.000000,9.000000,-88.000000,0.029902,0.286068,-0.000000,0.000000,0.000000,0.000000,0.671008,1206.000000,208.955215,211.005936,445.533386,496.432587,0.000009,0.000000,9.959525,6491,1,31,0
65.963135,0.009114,-0.326821,-1.070089,0.000001,0.000002,0.003239,0.000021,-0.000447,0.022358,-0.000046,-0.000002,0.000002,10.000000,9.000000,-88.000000,0.029908,0.286068,-0.000000,0.000000,0.000000,0.000000,0.671008,1206.000000,208.955215,211.005936,445.533386,496.432587,0.000009,0.000000,9.959557,6491,1,31,0
65.965088,0.009114,-0.326821,-1.070082,0.000001,0.000001,0.003284,0.000014,-0.000450,0.022251,-0.000046,-0.000001,0.000002,10.000000,9.000000,-88.000000,0.029914,0.286068,-0.000000,0.000000,0.000000,0.000000,0.671008,1206.000000,208.955215,211.005936,445.533386,496.432587,0.000009,0.000000,9.959589,6491,1,31,0
65.967041,0.009114,-0.326821,-1.070076,0.000001,0.000000,0.003328,0.000007,-0.000452,0.022154,-0.000046,-0.000000,0.000002,10.000000,9.000000,-88.000000,0.029921,0.286068,-0.000000,0.000000,0.000000,0.000000,0.671008,1206.000000,208.955215,211.005936,445.533386,496.432587,0.000009,0.000000,9.959622,6491,1,31,0
65.968994,0.009114,-0.326821,-1.070069,0.000001,-0.000001,0.003372,0.000000,-0.000454,0.022066,-0.000046,0.000000,0.000002,10.000000,9.000000,-88.000000,0.029928,0.286068,-0.000000,0.000000,0.000000,0.000000,0.671008,1206.000000,208.955215,211.005936,445.533386,496.432587,0.000010,0.000000,9.959657,6491,1,31,0
65.970947,0.009114,-0.326821,-1.070062,0.000001,-0.000002,0.003416,-0.000007,-0.000455,0.021986,-0.000047,0.000001,0.000002,10.000000,9.000000,-88.000000,0.029935,0.286068,-0.000000,0.000000,0.000000,0.000000,0.671008,1206.000000,208.955215,211.005936,445.533386,496.432587,0.000010,0.000000,9.959690,6491,1,31,0
65.972900,0.009114,-0.326821,-1.070055,0.000001,-0.000003,0.003460,-0.000015,-0.000455,0.021913,-0.000047,0.000002,0.000002,10.000000,9.000000,-88.000000,0.029941,0.286068,-0.000000,0.000000,0.000000,0.000000,0.671008,1206.000000,208.955215,211.005936,445.533386,496.432587,0.000010,0.000000,9.959724,6491,0,31,0
65.974854,0.009114,-0.326821,-1.070048,0.000001,-0.000003,0.003504,-0.000023,-0.000455,0.021847,-0.000046,0.000003,0.000002,10.000000,9.000000,-88.000000,0.029948,0.286068,-0.000000,0.000000,0.000000,0.000000,0.671008,1206.000000,208.955215,211.005936,445.533386,496.432587,0.000010,0.000000,9.959760,6491,0,31,0
65.976807,0.009114,-0.326821,-1.070041,0.000001,-0.000004,0.003547,-0.000031,-0.000453,0.021788,-0.000046,0.000004,0.000002,10.000000,9.000000,-88.000000,0.029955,0.286068,-0.000000,0.000000,0.000000,0.000000,0.671008,1206.000000,208.955215,211.005936,445.533386,496.432587,0.000010,0.000000,9.959795,6491,0,31,0
65.978767,0.009114,-0.326821,-1.070034,0.000001,-0.000005,0.003591,-0.000039,-0.000451,0.021733,-0.000046,0.000004,0.000002,10.000000,9.000000,-88.000000,0.029963,0.286068,-0.000000,0.000000,0.000000,0.000000,0.671008,1206.000000,208.955215,211.005936,445.533386,496.432587,0.000010,0.000000,9.959831,6491,0,31,0
65.980721,0.009114,-0.326821,-1.070027,0.000000,-0.000006,0.003634,-0.000047,-0.000449,0.021684,-0.000046,0.000005,0.000002,10.000000,9.000000,-88.000000,0.029970,0.286068,-0.000000,0.000000,0.000000,0.000000,0.671008,1206.000000,208.955215,211.005936,445.533386,496.432587,0.000010,0.000000,9.959867,6491,0,31,0
65.982674,0.009114,-0.326821,-1.070019,0.000000,-0.000007,0.003678,-0.000055,-0.000446,0.021640,-0.000045,0.000006,0.000002,10.000000,10.000000,-75.000000,0.029977,0.286068,-0.000000,0.000000,0.000000,0.000000,0.671008,1282.000000,208.955215,211.005936,445.533386,496.432587,0.000011,0.000000,9.959904,6491,0,30,0
65.984627,0.009114,-0.326821,-1.070012,0.000000,-0.000008,0.003721,-0.000064,-0.000442,0.021599,-0.000045,0.000007,0.000002,10.000000,10.000000,-75.000000,0.029984,0.319526,0.000000,0.000000,0.000000,0.066000,0.455969,1282.000000,196.969650,215.302155,-181.599426,294.836853,0.000011,0.000000,9.959940,6491,0,30,0
65.986580,0.009114,-0.326821,-1.070004,0.000000,-0.000009,0.003764,-0.000072,-0.000438,0.021563,-0.000045,0.000008,0.000002,10.000000,10.000000,-75.000000,0.029992,0.319526,0.000000,0.000000,0.000000,0.000000,0.455969,1282.000000,196.969650,215.302155,-181.599426,294.836853,0.000011,0.000000,9.959979,6491,0,30,0
65.988533,0.009114,-0.326821,-1.069997,-0.000000,-0.000010,0.003807,-0.000080,-0.000434,0.021529,-0.000044,0.000009,0.000002,10.000000,10.000000,-75.000000,0.029999,0.319526,0.000000,0.000000,0.000000,0.000000,0.455969,1282.000000,196.969650,215.302155,-181.599426,294.836853,0.000011,0.000000,9.960016,6491,0,30,0
65.990486,0.009114,-0.326821,-1.069989,-0.000000,-0.000011,0.003850,-0.000088,-0.000429,0.021499,-0.000044,0.000009,0.000002,10.000000,10.000000,-75.000000,0.030007,0.319526,0.000000,0.000000,0.000000,0.000000,0.455969,1282.000000,196.969650,215.302155,-181.599426,294.836853,0.000011,0.000000,9.960054,6491,0,30,0
65.992439,0.009114,-0.326821,-1.069981,-0.000000,-0.000011,0.003893,-0.000095,-0.000424,0.021471,-0.000043,0.000010,0.000002,10.000000,10.000000,-75.000000,0.030015,0.319526,0.000000,0.000000,0.000000,0.000000,0.455969,1282.000000,196.969650,215.302155,-181.599426,294.836853,0.000011,0.000000,9.960093,6491,0,30,0
65.994392,0.009114,-0.326821,-1.069973,-0.000001,-0.000012,0.003936,-0.000103,-0.000419,0.021445,-0.000043,0.000011,0.000002,10.000000,10.000000,-75.000000,0.030023,0.319526,0.000000,0.000000,0.000000,0.000000,0.455969,1282.000000,196.969650,215.302155,-181.599426,294.836853,0.000011,0.000000,9.960133,6491,0,30,0
65.996353,0.009114,-0.326821,-1.069966,-0.000001,-0.000013,0.003979,-0.000110,-0.000413,0.021423,-0.000042,0.000012,0.000002,10.000000,10.000000,-75.000000,0.030030,0.319526,0.000000,0.000000,0.000000,0.000000,0.455969,1282.000000,196.969650,215.302155,-181.599426,294.836853,0.000011,0.000000,9.960173,6491,0,30,0
65.998306,0.009114,-0.326821,-1.069958,-0.000001,-0.000014,0.004022,-0.000117,-0.000408,0.021403,-0.000041,0.000012,0.000002,10.000000,10.000000,-75.000000,0.030038,0.319526,0.000000,0.000000,0.000000,0.000000,0.455969,1282.000000,196.969650,215.302155,-181.599426,294.836853,0.000011,0.000000,9.960213,6491,0,30,0
66.000259,0.009114,-0.326821,-1.069950,-0.000001,-0.000015,0.004064,-0.000124,-0.000402,0.021384,-0.000041,0.000013,0.000002,10.000000,10.000000,-75.000000,0.030046,0.319526,0.000000,0.000000,0.000000,0.000000,0.455969,1282.000000,196.969650,215.302155,-181.599426,294.836853,0.000011,0.000000,9.960253,6491,0,30,0
66.002213,0.009114,-0.326821,-1.069941,-0.000002,-0.000015,0.004107,-0.000131,-0.000395,0.021368,-0.000040,0.000014,0.000002,10.000000,10.000000,-75.000000,0.030055,0.319526,0.000000,0.000000,0.000000,0.000000,0.455969,1282.000000,196.969650,215.302155,-181.599426,294.836853,0.000011,0.000000,9.960294,6491,0,30,0
66.004166,0.009114,-0.326821,-1.069933,-0.000002,-0.000016,0.004150,-0.000137,-0.000389,0.021353,-0.000039,0.000014,0.000002,10.000000,10.000000,-75.000000,0.030063,0.319526,0.000000,0.000000,0.000000,0.000000,0.455969,1282.000000,196.969650,215.302155,-181.599426,294.836853,0.000011,0.000000,9.960336,6491,0,30,0
66.006119,0.009114,-0.326821,-1.069925,-0.000002,-0.000017,0.004192,-0.000143,-0.000382,0.021339,-0.000039,0.000015,0.000002,10.000000,10.000000,-75.000000,0.030071,0.319526,0.000000,0.000000,0.000000,0.000000,0.455969,1282.000000,196.969650,215.302155,-181.599426,294.836853,0.000011,0.000000,9.960378,6491,0,30,0
66.008072,0.009114,-0.326821,-1.069916,-0.000002,-0.000018,0.004235,-0.000148,-0.000376,0.021326,-0.000038,0.000015,0.000002,10.000000,10.000000,-75.000000,0.030080,0.319526,0.000000,0.000000,0.000000,0.000000,0.455969,1282.000000,196.969650,215.302155,-181.599426,294.836853,0.000011,0.000000,9.960420,6491,0,30,0
66.010025,0.009114,-0.326821,-1.069908,-0.000003,-0.000018,0.004278,-0.000154,-0.000369,0.021315,-0.000037,0.000016,0.000002,10.000000,10.000000,-75.000000,0.030088,0.319526,0.000000,0.000000,0.000000,0.000000,0.455969,1282.000000,196.969650,215.302155,-181.599426,294.836853,0.000011,0.000000,9.960462,6491,0,30,0
66.011986,0.009114,-0.326821,-1.069899,-0.000003,-0.000019,0.004320,-0.000159,-0.000362,0.021305,-0.000037,0.000016,0.000002,10.000000,10.000000,-75.000000,0.030097,0.319526,0.000000,0.000000,0.000000,0.000000,0.455969,1282.000000,196.969650,215.302155,-181.599426,294.836853,0.000011,0.000000,9.960505,6491,0,30,0
66.013939,0.009114,-0.326821,-1.069890,-0.000003,-0.000020,0.004363,-0.000163,-0.000355,0.021295,-0.000036,0.000017,0.000002,10.000000,10.000000,-75.000000,0.030105,0.319526,0.000000,0.000000,0.000000,0.000000,0.455969,1282.000000,196.969650,215.302155,-181.599426,294.836853,0.000011,0.000000,9.960549,6491,0,30,0
66.015892,0.009114,-0.326821,-1.069882,-0.000004,-0.000021,0.004406,-0.000167,-0.000348,0.021287,-0.000035,0.000017,0.000002,10.000000,10.000000,-75.000000,0.030114,0.319526,0.000000,0.000000,0.000000,0.000000,0.455969,1282.000000,196.969650,215.302155,-181.599426,294.836853,0.000011,0.000000,9.960592,6491,0,30,0
66.017845,0.009114,-0.326821,-1.069873,-0.000004,-0.000021,0.004448,-0.000171,-0.000340,0.021279,-0.000034,0.000018,0.000002,10.000000,10.000000,-75.000000,0.030123,0.319526,0.000000,0.000000,0.000000,0.000000,0.455969,1282.000000,196.969650,215.302155,-181.599426,294.836853,0.000011,0.000000,9.960637,6491,0,30,0
66.019798,0.009114,-0.326821,-1.069864,-0.000004,-0.000022,0.004491,-0.000174,-0.000333,0.021272,-0.000034,0.000018,0.000002,10.000000,10.000000,-75.000000,0.030132,0.319526,0.000000,0.000000,0.000000,0.000000,0.455969,1282.000000,196.969650,215.302155,-181.599426,294.836853,0.000011,0.000000,9.960681,6491,0,30,0
66.021751,0.009114,-0.326821,-1.069855,-0.000005,-0.000023,0.004533,-0.000177,-0.000325,0.021266,-0.000033,0.000018,0.000002,10.000000,10.000000,-75.000000,0.030141,0.319526,0.000000,0.000000,0.000000,0.000000,0.455969,1282.000000,196.969650,215.302155,-181.599426,294.836853,0.000011,0.000000,9.960728,6491,0,30,0
66.023705,0.009114,-0.326821,-1.069846,-0.000005,-0.000023,0.004576,-0.000180,-0.000318,0.021260,-0.000032,0.000019,0.000002,10.000000,10.000000,-75.000000,0.030150,0.319526,0.000000,0.000000,0.000000,0.000000,0.455969,1282.000000,196.969650,215.302155,-181.599426,294.836853,0.000011,0.000000,9.960773,6491,0,30,0
66.025658,0.009114,-0.326821,-1.069836,-0.000006,-0.000024,0.004618,-0.000182,-0.000310,0.021255,-0.000031,0.000019,0.000002,10.000000,10.000000,-75.000000,0.030159,0.319526,0.000000,0.000000,0.000000,0.000000,0.455969,1282.000000,196.969650,215.302155,-181.599426,294.836853,0.000011,0.000000,9.960819,6491,0,31,0
66.027611,0.009114,-0.326821,-1.069827,-0.000006,-0.000025,0.004661,-0.000184,-0.000303,0.021250,-0.000031,0.000019,0.000002,10.000000,10.000000,-75.000000,0.030168,0.319526,0.000000,0.000000,0.000000,0.000000,0.455969,1282.000000,196.969650,215.302155,-181.599426,294.836853,0.000011,0.000000,9.960865,6491,0,31,0
66.029572,0.009114,-0.326821,-1.069818,-0.000006,-0.000025,0.004703,-0.000185,-0.000295,0.021245,-0.000030,0.000019,0.000002,10.000000,10.000000,-75.000000,0.030178,0.319526,0.000000,0.000000,0.000000,0.000000,0.455969,1282.000000,196.969650,215.302155,-181.599426,294.836853,0.000011,0.000000,9.960913,6491,0,31,0
66.031525,0.009114,-0.326821,-1.069808,-0.000007,-0.000026,0.004746,-0.000186,-0.000287,0.021242,-0.000029,0.000019,0.000002,10.000000,10.000000,-75.000000,0.030187,0.319526,0.000000,0.000000,0.000000,0.000000,0.455969,1282.000000,196.969650,215.302155,-181.599426,294.836853,0.000011,0.000000,9.960959,6491,0,31,0
66.033478,0.009114,-0.326821,-1.069799,-0.000007,-0.000026,0.004788,-0.000186,-0.000280,0.021238,-0.000028,0.000019,0.000002,10.000000,10.000000,-75.000000,0.030197,0.319526,0.000000,0.000000,0.000000,0.000000,0.455969,1282.000000,196.969650,215.302155,-181.599426,294.836853,0.000011,0.000000,9.961007,6492,0,31,0
66.035431,0.009114,-0.326822,-1.069789,-0.000007,-0.000027,0.004831,-0.000186,-0.000272,0.021129,-0.000027,0.000019,0.000002,10.000000,10.000000,-75.000000,0.030206,0.319526,0.000000,0.000000,0.000000,0.000000,0.455969,1282.000000,196.969650,215.302155,-181.599426,294.836853,0.000011,0.000000,9.961055,6492,0,31,0
66.037384,0.009114,-0.326822,-1.069779,-0.000008,-0.000027,0.004873,-0.000186,-0.000264,0.020995,-0.000027,0.000019,0.000002,10.000000,10.000000,-75.000000,0.030216,0.319526,0.000000,0.000000,0.000000,0.000000,0.455969,1282.000000,196.969650,215.302155,-181.599426,294.836853,0.000011,0.000000,9.961104,6492,0,31,0
66.039337,0.009114,-0.326822,-1.069769,-0.000008,-0.000028,0.004914,-0.000185,-0.000256,0.020874,-0.000026,0.000019,0.000002,10.000000,10.000000,-75.000000,0.030226,0.319526,0.000000,0.000000,0.000000,0.000000,0.455969,1282.000000,196.969650,215.302155,-181.599426,294.836853,0.000011,0.000000,9.961153,6492,0,31,0
66.041290,0.009114,-0.326822,-1.069759,-0.000008,-0.000028,0.004956,-0.000184,-0.000248,0.020764,-0.000025,0.000019,0.000002,10.000000,10.000000,-75.000000,0.030236,0.319526,0.000000,0.000000,0.000000,0.000000,0.455969,1282.000000,196.969650,215.302155,-181.599426,294.836853,0.000011,0.000000,9.961203,6492,0,31,0
66.043243,0.009114,-0.326822,-1.069750,-0.000009,-0.000029,0.004997,-0.000182,-0.000240,0.020664,-0.000024,0.000019,0.000002,10.000000,10.000000,-75.000000,0.030245,0.319526,0.000000,0.000000,0.000000,0.000000,0.455969,1282.000000,196.969650,215.302155,-181.599426,294.836853,0.000011,0.000000,9.961252,6492,0,31,0
66.045197,0.009114,-0.326822,-1.069739,-0.000009,-0.000029,0.005039,-0.000180,-0.000232,0.020574,-0.000023,0.000018,0.000002,10.000000,10.000000,-75.000000,0.030255,0.319526,0.000000,0.000000,0.000000,0.000000,0.455969,1282.000000,196.969650,215.302155,-181.599426,294.836853,0.000011,0.000000,9.961303,6492,0,31,0
66.047157,0.009114,-0.326822,-1.069729,-0.000010,-0.000030,0.005080,-0.000177,-0.000224,0.020492,-0.000023,0.000018,0.000002,10.000000,10.000000,-75.000000,0.030266,0.319526,0.000000,0.000000,0.000000,0.000000,0.455969,1282.000000,196.969650,215.302155,-181.599426,294.836853,0.000011,0.000000,9.961354,6492,0,31,0
66.049110,0.009114,-0.326822,-1.069719,-0.000010,-0.000030,0.005120,-0.000174,-0.000216,0.020417,-0.000022,0.000018,0.000002,10.000000,10.000000,-75.000000,0.030276,0.319526,0.000000,0.000000,0.000000,0.000000,0.455969,1282.000000,196.969650,215.302155,-181.599426,294.836853,0.000011,0.000000,9.961405,6492,0,31,0
66.051064,0.009114,-0.326822,-1.069709,-0.000010,-0.000031,0.005161,-0.000171,-0.000208,0.020350,-0.000021,0.000017,0.000003,10.000000,10.000000,-75.000000,0.030286,0.319526,0.000000,0.000000,0.000000,0.000000,0.455969,1282.000000,196.969650,215.302155,-181.599426,294.836853,0.000011,0.000000,9.961456,6492,0,31,0
66.053017,0.009114,-0.326822,-1.069698,-0.000011,-0.000031,0.005202,-0.000167,-0.000200,0.020289,-0.000020,0.000017,0.000003,10.000000,10.000000,-75.000000,0.030296,0.319526,0.000000,0.000000,0.000000,0.000000,0.455969,1282.000000,196.969650,215.302155,-181.599426,294.836853,0.000011,0.000000,9.961508,6492,0,31,0
66.054970,0.009114,-0.326822,-1.069688,-0.000011,-0.000031,0.005242,-0.000162,-0.000192,0.020234,-0.000019,0.000016,0.000003,10.000000,10.000000,-75.000000,0.030307,0.319526,0.000000,0.000000,0.000000,0.000000,0.455969,1282.000000,196.969650,215.302155,-181.599426,294.836853,0.000011,0.000000,9.961560,6492,0,31,0
66.056923,0.009114,-0.326822,-1.069677,-0.000011,-0.000032,0.005283,-0.000157,-0.000184,0.020183,-0.000018,0.000016,0.000003,10.000000,10.000000,-75.000000,0.030317,0.319526,0.000000,0.000000,0.000000,0.000000,0.455969,1282.000000,196.969650,215.302155,-181.599426,294.836853,0.000011,0.000000,9.961614,6492,0,31,0
66.058876,0.009114,-0.326822,-1.069667,-0.000012,-0.000032,0.005323,-0.000152,-0.000176,0.020138,-0.000018,0.000015,0.000003,10.000000,10.000000,-75.000000,0.030328,0.319526,0.000000,0.000000,0.000000,0.000000,0.455969,1282.000000,196.969650,215.302155,-181.599426,294.836853,0.000011,0.000000,9.961667,6492,0,31,0
66.060829,0.009114,-0.326822,-1.069656,-0.000012,-0.000032,0.005363,-0.000146,-0.000168,0.020097,-0.000017,0.000015,0.000003,10.000000,11.000000,-60.000000,0.030339,0.319526,0.000000,0.000000,0.000000,0.000000,0.455969,1364.000000,196.969650,215.302155,-181.599426,294.836853,0.000011,0.000000,9.961720,6492,0,31,0
66.062782,0.009114,-0.326822,-1.069645,-0.000012,-0.000033,0.005403,-0.000140,-0.000160,0.020060,-0.000016,0.000014,0.000003,10.000000,11.000000,-60.000000,0.030349,0.347583,-0.000003,0.000000,0.000000,0.067000,0.455590,1364.000000,223.880692,231.032501,401.657501,307.359406,0.000011,0.000000,9.961773,6492,0,31,0
66.064743,0.009114,-0.326822,-1.069634,-0.000012,-0.000033,0.005443,-0.000133,-0.000152,0.020025,-0.000015,0.000013,0.000003,10.000000,11.000000,-60.000000,0.030360,0.347583,-0.000003,0.000000,0.000000,0.000000,0.455590,1364.000000,223.880692,231.032501,401.657501,307.359406,0.000011,0.000000,9.961827,6492,0,31,0
66.066696,0.009114,-0.326823,-1.069623,-0.000013,-0.000033,0.005483,-0.000126,-0.000144,0.019995,-0.000014,0.000012,0.000003,10.000000,11.000000,-60.000000,0.030371,0.347583,-0.000003,0.000000,0.000000,0.000000,0.455590,1364.000000,223.880692,231.032501,401.657501,307.359406,0.000011,0.000000,9.961884,6492,0,31,0
66.068649,0.009114,-0.326823,-1.069613,-0.000013,-0.000034,0.005523,-0.000118,-0.000136,0.019967,-0.000013,0.000012,0.000003,10.000000,11.000000,-60.000000,0.030382,0.347583,-0.000003,0.000000,0.000000,0.000000,0.455590,1364.000000,223.880692,231.032501,401.657501,307.359406,0.000011,0.000000,9.961938,6492,0,31,-1
66.070602,0.009114,-0.326823,-1.069601,-0.000013,-0.000034,0.005563,-0.000110,-0.000126,0.019942,-0.000013,0.000011,0.000003,10.000000,11.000000,-60.000000,0.030393,0.347583,-0.000003,0.000000,0.000000,0.000000,0.455590,1364.000000,223.880692,231.032501,401.657501,307.359406,0.000004,0.000000,9.961993,6492,0,31,-1
66.072556,0.009114,-0.326823,-1.069590,-0.000013,-0.000034,0.005603,-0.000101,-0.000118,0.019919,-0.000012,0.000010,0.000003,10.000000,11.000000,-60.000000,0.030404,0.347583,-0.000003,0.000000,0.000000,0.000000,0.455590,1364.000000,223.880692,231.032501,401.657501,307.359406,-0.000010,0.000000,9.962049,6492,0,31,-1
66.074509,0.009114,-0.326823,-1.069579,-0.000013,-0.000034,0.005643,-0.000092,-0.000110,0.019899,-0.000011,0.000009,0.000003,10.000000,11.000000,-60.000000,0.030415,0.347583,-0.000003,0.000000,0.000000,0.000000,0.455590,1364.000000,223.880692,231.032501,401.657501,307.359406,-0.000022,0.000000,9.962105,6492,0,31,-1
66.076462,0.009114,-0.326823,-1.069568,-0.000014,-0.000035,0.005683,-0.000083,-0.000102,0.019880,-0.000010,0.000008,0.000003,10.000000,11.000000,-60.000000,0.030427,0.347583,-0.000003,0.000000,0.000000,0.000000,0.455590,1364.000000,223.880692,231.032501,401.657501,307.359406,-0.000034,0.000000,9.962163,6492,0,32,-1
66.078415,0.009114,-0.326823,-1.069556,-0.000014,-0.000035,0.005722,-0.000074,-0.000094,0.019864,-0.000009,0.000007,0.000002,10.000000,11.000000,-60.000000,0.030438,0.347583,-0.000003,0.000000,0.000000,0.000000,0.455590,1364.000000,223.880692,231.032501,401.657501,307.359406,-0.000045,0.000000,9.962220,6492,0,32,-1
66.080376,0.009114,-0.326823,-1.069545,-0.000014,-0.000035,0.005762,-0.000064,-0.000086,0.019849,-0.000009,0.000006,0.000002,10.000000,11.000000,-60.000000,0.030450,0.347583,-0.000003,0.000000,0.000000,0.000000,0.455590,1364.000000,223.880692,231.032501,401.657501,307.359406,-0.000055,0.000000,9.962277,6492,0,32,-1
66.082329,0.009114,-0.326823,-1.069533,-0.000014,-0.000035,0.005802,-0.000054,-0.000078,0.019836,-0.000008,0.000005,0.000002,10.000000,11.000000,-60.000000,0.030461,0.347583,-0.000003,0.000000,0.000000,0.000000,0.455590,1364.000000,223.880692,231.032501,401.657501,307.359406,-0.000065,0.000000,9.962335,6492,0,32,0
66.084282,0.009114,-0.326823,-1.069521,-0.000014,-0.000035,0.005841,-0.000044,-0.000072,0.019824,-0.000007,0.000004,0.000002,10.000000,11.000000,-60.000000,0.030473,0.347583,-0.000003,0.000000,0.000000,0.000000,0.455590,1364.000000,223.880692,231.032501,401.657501,307.359406,-0.000067,0.000000,9.962394,6492,0,32,0
66.086235,0.009114,-0.326823,-1.069510,-0.000014,-0.000035,0.005881,-0.000035,-0.000063,0.019813,-0.000006,0.000003,0.000002,10.000000,11.000000,-60.000000,0.030484,0.347583,-0.000003,0.000000,0.000000,0.000000,0.455590,1364.000000,223.880692,231.032501,401.657501,307.359406,-0.000061,0.000000,9.962452,6492,0,32,0
66.088188,0.009113,-0.326823,-1.069498,-0.000014,-0.000036,0.005921,-0.000026,-0.000055,0.019803,-0.000005,0.000002,0.000002,10.000000,11.000000,-60.000000,0.030496,0.347583,-0.000003,0.000000,0.000000,0.000000,0.455590,1364.000000,223.880692,231.032501,401.657501,307.359406,-0.000057,0.000000,9.962511,6492,0,32,0
66.090141,0.009113,-0.326823,-1.069486,-0.000014,-0.000036,0.005960,-0.000017,-0.000047,0.019794,-0.000004,0.000001,0.000002,10.000000,11.000000,-60.000000,0.030508,0.347583,-0.000003,0.000000,0.000000,0.000000,0.455590,1364.000000,223.880692,231.032501,401.657501,307.359406,-0.000052,0.000000,9.962571,6493,0,32,0
66.092094,0.009113,-0.326823,-1.069474,-0.000014,-0.000036,0.006000,-0.000009,-0.000039,0.019680,-0.000004,0.000000,0.000002,10.000000,11.000000,-60.000000,0.030520,0.347583,-0.000003,0.000000,0.000000,0.000000,0.455590,1364.000000,223.880692,231.032501,401.657501,307.359406,-0.000049,0.000000,9.962630,6493,0,32,0
66.094048,0.009113,-0.326824,-1.069462,-0.000014,-0.000036,0.006039,-0.000000,-0.000031,0.019541,-0.000003,-0.000000,0.000002,10.000000,11.000000,-60.000000,0.030532,0.347583,-0.000003,0.000000,0.000000,0.000000,0.455590,1364.000000,223.880692,231.032501,401.657501,307.359406,-0.000045,0.000000,9.962691,6493,0,32,0
66.096001,0.009113,-0.326824,-1.069450,-0.000014,-0.000036,0.006078,0.000007,-0.000023,0.019415,-0.000002,-0.000001,0.000001,10.000000,11.000000,-60.000000,0.030544,0.347583,-0.000003,0.000000,0.000000,0.000000,0.455590,1364.000000,223.880692,231.032501,401.657501,307.359406,-0.000042,0.000000,9.962751,6493,0,32,0
66.097961,0.009113,-0.326824,-1.069438,-0.000014,-0.000036,0.006116,0.000015,-0.000014,0.019302,-0.000001,-0.000002,0.000001,10.000000,11.000000,-60.000000,0.030556,0.347583,-0.000003,0.000000,0.000000,0.000000,0.455590,1364.000000,223.880692,231.032501,401.657501,307.359406,-0.000039,0.000000,9.962812,6493,0,32,0
66.099915,0.009113,-0.326824,-1.069425,-0.000014,-0.000036,0.006155,0.000021,-0.000006,0.019198,-0.000000,-0.000003,0.000001,10.000000,11.000000,-60.000000,0.030569,0.347583,-0.000003,0.000000,0.000000,0.000000,0.455590,1364.000000,223.880692,231.032501,401.657501,307.359406,-0.000036,0.000000,9.962873,6493,0,32,0
66.101868,0.009113,-0.326824,-1.069413,-0.000014,-0.000036,0.006193,0.000028,0.000002,0.019104,0.000001,-0.000003,0.000001,10.000000,11.000000,-60.000000,0.030581,0.347583,-0.000003,0.000000,0.000000,0.000000,0.455590,1364.000000,223.880692,231.032501,401.657501,307.359406,-0.000034,0.000000,9.962935,6493,0,32,0
66.103821,0.009113,-0.326824,-1.069400,-0.000014,-0.000036,0.006231,0.000033,0.000010,0.019019,0.000001,-0.000004,0.000001,10.000000,11.000000,-60.000000,0.030593,0.347583,-0.000003,0.000000,0.000000,0.000000,0.455590,1364.000000,223.880692,231.032501,401.657501,307.359406,-0.000032,0.000000,9.962998,6493,0,32,0
66.105774,0.009113,-0.326824,-1.069388,-0.000014,-0.000036,0.006269,0.000038,0.000018,0.018942,0.000002,-0.000004,0.000001,10.000000,11.000000,-60.000000,0.030606,0.347583,-0.000003,0.000000,0.000000,0.000000,0.455590,1364.000000,223.880692,231.032501,401.657501,307.359406,-0.000030,0.000000,9.963061,6493,0,32,0
66.107727,0.009113,-0.326824,-1.069375,-0.000014,-0.000036,0.006307,0.000043,0.000026,0.018872,0.000003,-0.000005,0.000001,10.000000,11.000000,-60.000000,0.030618,0.347583,-0.000003,0.000000,0.000000,0.000000,0.455590,1364.000000,223.880692,231.032501,401.657501,307.359406,-0.000028,0.000000,9.963124,6493,0,32,0
66.109680,0.009113,-0.326824,-1.069363,-0.000014,-0.000036,0.006345,0.000047,0.000035,0.018809,0.000004,-0.000005,0.000001,10.000000,11.000000,-60.000000,0.030631,0.347583,-0.000003,0.000000,0.000000,0.000000,0.455590,1364.000000,223.880692,231.032501,401.657501,307.359406,-0.000027,0.000000,9.963187,6493,0,31,0
66.111633,0.009113,-0.326824,-1.069350,-0.000014,-0.000036,0.006382,0.000051,0.000043,0.018751,0.000005,-0.000005,0.000001,10.000000,11.000000,-60.000000,0.030644,0.347583,-0.000003,0.000000,0.000000,0.000000,0.455590,1364.000000,223.880692,231.032501,401.657501,307.359406,-0.000025,0.000000,9.963250,6493,0,31,0
66.113586,0.009113,-0.326824,-1.069337,-0.000014,-0.000036,0.006419,0.000053,0.000051,0.018699,0.000006,-0.000006,0.000001,10.000000,11.000000,-60.000000,0.030656,0.347583,-0.000003,0.000000,0.000000,0.000000,0.455590,1364.000000,223.880692,231.032501,401.657501,307.359406,-0.000024,0.000000,9.963315,6493,0,31,0
66.115547,0.009113,-0.326824,-1.069324,-0.000014,-0.000035,0.006457,0.000056,0.000059,0.018651,0.000006,-0.000006,0.000001,10.000000,11.000000,-60.000000,0.030669,0.347583,-0.000003,0.000000,0.000000,0.000000,0.455590,1364.000000,223.880692,231.032501,401.657501,307.359406,-0.000023,0.000000,9.963380,6493,0,31,0
66.117500,0.009113,-0.326824,-1.069311,-0.000013,-0.000035,0.006494,0.000058,0.000067,0.018608,0.000007,-0.000006,0.000001,10.000000,11.000000,-60.000000,0.030682,0.347583,-0.000003,0.000000,0.000000,0.000000,0.455590,1364.000000,223.880692,231.032501,401.657501,307.359406,-0.000022,0.000000,9.963445,6493,0,31,0
66.119453,0.009113,-0.326824,-1.069298,-0.000013,-0.000035,0.006531,0.000060,0.000075,0.018568,0.000008,-0.000006,0.000001,10.000000,12.000000,-45.000000,0.030695,0.347583,-0.000003,0.000000,0.000000,0.000000,0.455590,1408.000000,223.880692,231.032501,401.657501,307.359406,-0.000021,0.000000,9.963510,6493,0,31,0
66.121407,0.009113,-0.326824,-1.069285,-0.000013,-0.000035,0.006568,0.000061,0.000084,0.018532,0.000009,-0.000006,0.000001,10.000000,12.000000,-45.000000,0.030708,0.324009,-0.000003,0.000000,0.000000,0.067000,0.235061,1408.000000,223.880493,235.674667,-0.002961,209.108414,-0.000020,0.000000,9.963575,6493,0,31,0
66.123360,0.009113,-0.326825,-1.069272,-0.000013,-0.000035,0.006605,0.000063,0.000092,0.018500,0.000010,-0.000006,0.000001,10.000000,12.000000,-45.000000,0.030722,0.324009,-0.000003,0.000000,0.000000,0.000000,0.235061,1408.000000,223.880493,235.674667,-0.002961,209.108414,-0.000019,0.000000,9.963641,6493,0,31,0
66.125313,0.009113,-0.326825,-1.069259,-0.000013,-0.000035,0.006642,0.000064,0.000100,0.018471,0.000011,-0.000007,0.000001,10.000000,12.000000,-45.000000,0.030735,0.324009,-0.000003,0.000000,0.000000,0.000000,0.235061,1408.000000,223.880493,235.674667,-0.002961,209.108414,-0.000018,0.000000,9.963708,6493,0,31,0
66.127266,0.009113,-0.326825,-1.069245,-0.000013,-0.000034,0.006679,0.000065,0.000108,0.018444,0.000011,-0.000007,0.000001,10.000000,12.000000,-45.000000,0.030748,0.324009,-0.000003,0.000000,0.000000,0.000000,0.235061,1408.000000,223.880493,235.674667,-0.002961,209.108414,-0.000017,0.000000,9.963774,6493,0,31,0
66.129219,0.009113,-0.326825,-1.069232,-0.000013,-0.000034,0.006716,0.000067,0.000116,0.018420,0.000012,-0.000007,0.000001,10.000000,12.000000,-45.000000,0.030761,0.324009,-0.000003,0.000000,0.000000,0.000000,0.235061,1408.000000,223.880493,235.674667,-0.002961,209.108414,-0.000017,0.000000,9.963841,6493,0,31,0
66.131180,0.009113,-0.326825,-1.069218,-0.000013,-0.000034,0.006753,0.000068,0.000124,0.018399,0.000013,-0.000007,0.000001,10.000000,12.000000,-45.000000,0.030775,0.324009,-0.000003,0.000000,0.000000,0.000000,0.235061,1408.000000,223.880493,235.674667,-0.002961,209.108414,-0.000016,0.000000,9.963908,6493,0,31,0
66.133133,0.009113,-0.326825,-1.069205,-0.000012,-0.000034,0.006790,0.000070,0.000133,0.018379,0.000014,-0.000007,0.000001,10.000000,12.000000,-45.000000,0.030788,0.324009,-0.000003,0.000000,0.000000,0.000000,0.235061,1408.000000,223.880493,235.674667,-0.002961,209.108414,-0.000016,0.000000,9.963977,6493,0,31,0
66.135086,0.009113,-0.326825,-1.069191,-0.000012,-0.000033,0.006826,0.000071,0.000141,0.018361,0.000015,-0.000007,0.000001,10.000000,12.000000,-45.000000,0.030802,0.324009,-0.000003,0.000000,0.000000,0.000000,0.235061,1408.000000,223.880493,235.674667,-0.002961,209.108414,-0.000015,0.000000,9.964045,6493,0,31,0
66.137039,0.009113,-0.326825,-1.069178,-0.000012,-0.000033,0.006863,0.000073,0.000149,0.018344,0.000016,-0.000008,0.000001,10.000000,12.000000,-45.000000,0.030816,0.324009,-0.000003,0.000000,0.000000,0.000000,0.235061,1408.000000,223.880493,235.674667,-0.002961,209.108414,-0.000015,0.000000,9.964113,6494,0,31,0
66.138992,0.009113,-0.326825,-1.069164,-0.000012,-0.000033,0.006900,0.000075,0.000157,0.018224,0.000016,-0.000008,0.000000,10.000000,12.000000,-45.000000,0.030829,0.324009,-0.000003,0.000000,0.000000,0.000000,0.235061,1408.000000,223.880493,235.674667,-0.002961,209.108414,-0.000015,0.000000,9.964182,6494,0,31,0
66.140945,0.009113,-0.326825,-1.069150,-0.000012,-0.000032,0.006936,0.000077,0.000165,0.018080,0.000017,-0.000008,0.000000,10.000000,12.000000,-45.000000,0.030843,0.324009,-0.000003,0.000000,0.000000,0.000000,0.235061,1408.000000,223.880493,235.674667,-0.002961,209.108414,-0.000014,0.000000,9.964251,6494,0,31,0
66.142899,0.009113,-0.326825,-1.069136,-0.000012,-0.000032,0.006972,0.000079,0.000173,0.017949,0.000018,-0.000008,0.000000,10.000000,12.000000,-45.000000,0.030857,0.324009,-0.000003,0.000000,0.000000,0.000000,0.235061,1408.000000,223.880493,235.674667,-0.002961,209.108414,-0.000014,0.000000,9.964320,6494,0,31,0
66.144852,0.009113,-0.326825,-1.069122,-0.000012,-0.000032,0.007007,0.000082,0.000181,0.017831,0.000019,-0.000009,0.000000,10.000000,12.000000,-45.000000,0.030871,0.324009,-0.000003,0.000000,0.000000,0.000000,0.235061,1408.000000,223.880493,235.674667,-0.002961,209.108414,-0.000014,0.000000,9.964392,6494,0,31,0
66.146805,0.009113,-0.326825,-1.069108,-0.000011,-0.000031,0.007043,0.000085,0.000190,0.017724,0.000020,-0.000009,0.000000,10.000000,12.000000,-45.000000,0.030885,0.324009,-0.000003,0.000000,0.000000,0.000000,0.235061,1408.000000,223.880493,235.674667,-0.002961,209.108414,-0.000013,0.000000,9.964461,6494,0,32,0
66.148766,0.009113,-0.326825,-1.069094,-0.000011,-0.000031,0.007078,0.000088,0.000198,0.017627,0.000021,-0.000009,0.000000,10.000000,12.000000,-45.000000,0.030899,0.324009,-0.000003,0.000000,0.000000,0.000000,0.235061,1408.000000,223.880493,235.674667,-0.002961,209.108414,-0.000013,0.000000,9.964532,6494,0,32,0
66.150719,0.009113,-0.326825,-1.069080,-0.000011,-0.000031,0.007113,0.000092,0.000206,0.017540,0.000021,-0.000010,0.000000,10.000000,12.000000,-45.000000,0.030913,0.324009,-0.000003,0.000000,0.000000,0.000000,0.235061,1408.000000,223.880493,235.674667,-0.002961,209.108414,-0.000013,0.000000,9.964602,6494,0,32,0
66.152672,0.009113,-0.326826,-1.069065,-0.000011,-0.000030,0.007148,0.000096,0.000214,0.017461,0.000022,-0.000010,0.000000,10.000000,12.000000,-45.000000,0.030928,0.324009,-0.000003,0.000000,0.000000,0.000000,0.235061,1408.000000,223.880493,235.674667,-0.002961,209.108414,-0.000013,0.000000,9.964674,6494,0,32,0
66.154625,0.009113,-0.326826,-1.069051,-0.000011,-0.000030,0.007183,0.000099,0.000222,0.017389,0.000023,-0.000010,0.000000,10.000000,12.000000,-45.000000,0.030942,0.324009,-0.000003,0.000000,0.000000,0.000000,0.235061,1408.000000,223.880493,235.674667,-0.002961,209.108414,-0.000013,0.000000,9.964746,6494,0,32,0
66.156578,0.009113,-0.326826,-1.069036,-0.000010,-0.000029,0.007218,0.000103,0.000230,0.017324,0.000024,-0.000011,0.000000,10.000000,12.000000,-45.000000,0.030956,0.324009,-0.000003,0.000000,0.000000,0.000000,0.235061,1408.000000,223.880493,235.674667,-0.002961,209.108414,-0.000012,0.000000,9.964819,6494,0,32,0
66.158531,0.009113,-0.326826,-1.069022,-0.000010,-0.000029,0.007252,0.000107,0.000239,0.017265,0.000025,-0.000011,0.000000,10.000000,12.000000,-45.000000,0.030971,0.324009,-0.000003,0.000000,0.000000,0.000000,0.235061,1408.000000,223.880493,235.674667,-0.002961,209.108414,-0.000012,0.000000,9.964890,6494,0,32,0
66.160484,0.009113,-0.326826,-1.069007,-0.000010,-0.000028,0.007287,0.000110,0.000247,0.017211,0.000026,-0.000011,0.000000,10.000000,12.000000,-45.000000,0.030985,0.324009,-0.000003,0.000000,0.000000,0.000000,0.235061,1408.000000,223.880493,235.674667,-0.002961,209.108414,-0.000012,0.000000,9.964964,6494,0,32,0
66.162437,0.009113,-0.326826,-1.068993,-0.000010,-0.000028,0.007321,0.000113,0.000255,0.017162,0.000026,-0.000012,0.000000,10.000000,12.000000,-45.000000,0.031000,0.324009,-0.000003,0.000000,0.000000,0.000000,0.235061,1408.000000,223.880493,235.674667,-0.002961,209.108414,-0.000012,0.000000,9.965036,6494,0,32,0
66.164391,0.009112,-0.326826,-1.068978,-0.000010,-0.000027,0.007355,0.000116,0.000263,0.017117,0.000027,-0.000012,0.000000,10.000000,12.000000,-45.000000,0.031015,0.324009,-0.000003,0.000000,0.000000,0.000000,0.235061,1408.000000,223.880493,235.674667,-0.002961,209.108414,-0.000012,0.000000,9.965110,6494,0,32,0
66.166351,0.009112,-0.326826,-1.068963,-0.000009,-0.000027,0.007390,0.000119,0.000271,0.017077,0.000028,-0.000012,0.000000,10.000000,12.000000,-45.000000,0.031029,0.324009,-0.000003,0.000000,0.000000,0.000000,0.235061,1408.000000,223.880493,235.674667,-0.002961,209.108414,-0.000012,0.000000,9.965184,6494,0,32,0
66.168304,0.009112,-0.326826,-1.068949,-0.000009,-0.000026,0.007424,0.000121,0.000279,0.017041,0.000029,-0.000012,0.000000,10.000000,12.000000,-45.000000,0.031044,0.324009,-0.000003,0.000000,0.000000,0.000000,0.235061,1408.000000,223.880493,235.674667,-0.002961,209.108414,-0.000012,0.000000,9.965259,6494,0,32,0
66.170258,0.009112,-0.326826,-1.068934,-0.000009,-0.000026,0.007458,0.000123,0.000287,0.017008,0.000030,-0.000013,0.000000,10.000000,12.000000,-45.000000,0.031059,0.324009,-0.000003,0.000000,0.000000,0.000000,0.235061,1408.000000,223.880493,235.674667,-0.002961,209.108414,-0.000012,0.000000,9.965332,6494,0,32,0
66.172211,0.009112,-0.326826,-1.068919,-0.000009,-0.000025,0.007492,0.000125,0.000296,0.016978,0.000031,-0.000013,0.000000,10.000000,12.000000,-45.000000,0.031074,0.324009,-0.000003,0.000000,0.000000,0.000000,0.235061,1408.000000,223.880493,235.674667,-0.002961,209.108414,-0.000012,0.000000,9.965407,6494,0,32,0
66.174164,0.009112,-0.326826,-1.068904,-0.000008,-0.000024,0.007526,0.000126,0.000304,0.016951,0.000031,-0.000013,0.000000,10.000000,12.000000,-45.000000,0.031089,0.324009,-0.000003,0.000000,0.000000,0.000000,0.235061,1408.000000,223.880493,235.674667,-0.002961,209.108414,-0.000012,0.000000,9.965483,6494,0,32,0
66.176117,0.009112,-0.326826,-1.068889,-0.000008,-0.000024,0.007559,0.000126,0.000312,0.016927,0.000032,-0.000013,0.000000,10.000000,12.000000,-45.000000,0.031104,0.324009,-0.000003,0.000000,0.000000,0.000000,0.235061,1408.000000,223.880493,235.674667,-0.002961,209.108414,-0.000011,0.000000,9.965558,6494,0,32,0
66.178070,0.009112,-0.326826,-1.068873,-0.000008,-0.000023,0.007593,0.000126,0.000320,0.016905,0.000033,-0.000013,-0.000000,10.000000,13.000000,-33.000000,0.031119,0.324009,-0.000003,0.000000,0.000000,0.000000,0.235061,1486.000000,223.880493,235.674667,-0.002961,209.108414,-0.000011,0.000000,9.965634,6495,0,32,0
66.180023,0.009112,-0.326826,-1.068858,-0.000008,-0.000022,0.007627,0.000126,0.000328,0.016779,0.000034,-0.000013,-0.000000,10.000000,13.000000,-33.000000,0.031134,0.340759,-0.000002,0.000000,0.000000,0.066000,0.403011,1486.000000,181.818222,209.702988,-637.307312,-52.092880,-0.000011,0.000000,9.965710,6495,0,32,0
66.181976,0.009112,-0.326826,-1.068843,-0.000007,-0.000022,0.007660,0.000125,0.000336,0.016631,0.000035,-0.000013,-0.000000,10.000000,13.000000,-33.000000,0.031150,0.340759,-0.000002,0.000000,0.000000,0.000000,0.403011,1486.000000,181.818222,209.702988,-637.307312,-52.092880,-0.000011,0.000000,9.965787,6495,0,31,0
66.183937,0.009112,-0.326826,-1.068827,-0.000007,-0.000021,0.007693,0.000123,0.000344,0.016495,0.000036,-0.000012,-0.000000,10.000000,13.000000,-33.000000,0.031165,0.340759,-0.000002,0.000000,0.000000,0.000000,0.403011,1486.000000,181.818222,209.702988,-637.307312,-52.092880,-0.000011,0.000000,9.965863,6495,0,31,0
66.185890,0.009112,-0.326826,-1.068812,-0.000007,-0.000020,0.007726,0.000121,0.000353,0.016373,0.000036,-0.000012,-0.000000,10.000000,13.000000,-33.000000,0.031180,0.340759,-0.000002,0.000000,0.000000,0.000000,0.403011,1486.000000,181.818222,209.702988,-637.307312,-52.092880,-0.000011,0.000000,9.965940,6495,0,31,0
66.187843,0.009112,-0.326826,-1.068797,-0.000007,-0.000020,0.007759,0.000118,0.000361,0.016262,0.000037,-0.000012,-0.000000,10.000000,13.000000,-33.000000,0.031196,0.340759,-0.000002,0.000000,0.000000,0.000000,0.403011,1486.000000,181.818222,209.702988,-637.307312,-52.092880,-0.000011,0.000000,9.966019,6495,-1,31,0
66.189796,0.009112,-0.326826,-1.068781,-0.000006,-0.000019,0.007791,0.000116,0.000369,0.016161,0.000038,-0.000012,-0.000000,10.000000,13.000000,-33.000000,0.031211,0.340759,-0.000002,0.000000,0.000000,0.000000,0.403011,1486.000000,181.818222,209.702988,-637.307312,-52.092880,-0.000011,0.000000,9.966096,6495,-1,31,0
66.191750,0.009112,-0.326827,-1.068765,-0.000006,-0.000018,0.007823,0.000112,0.000377,0.016070,0.000039,-0.000011,-0.000000,10.000000,13.000000,-33.000000,0.031227,0.340759,-0.000002,0.000000,0.000000,0.000000,0.403011,1486.000000,181.818222,209.702988,-637.307312,-52.092880,-0.000011,0.000000,9.966174,6495,-1,31,0
66.193703,0.009112,-0.326827,-1.068750,-0.000006,-0.000017,0.007855,0.000109,0.000385,0.015987,0.000040,-0.000011,-0.000000,10.000000,13.000000,-33.000000,0.031243,0.340759,-0.000002,0.000000,0.000000,0.000000,0.403011,1486.000000,181.818222,209.702988,-637.307312,-52.092880,-0.000011,0.000000,9.966252,6495,-1,31,0
66.195656,0.009112,-0.326827,-1.068734,-0.000006,-0.000017,0.007887,0.000105,0.000393,0.015912,0.000041,-0.000011,-0.000000,10.000000,13.000000,-33.000000,0.031258,0.340759,-0.000002,0.000000,0.000000,0.000000,0.403011,1486.000000,181.818222,209.702988,-637.307312,-52.092880,-0.000011,0.000000,9.966331,6495,-1,31,0
66.197609,0.009112,-0.326827,-1.068718,-0.000005,-0.000016,0.007919,0.000101,0.000400,0.015844,0.000041,-0.000010,-0.000000,10.000000,13.000000,-33.000000,0.031274,0.340759,-0.000002,0.000000,0.000000,0.000000,0.403011,1486.000000,181.818222,209.702988,-637.307312,-52.092880,-0.000011,0.000000,9.966410,6495,-1,31,0
66.199570,0.009112,-0.326827,-1.068702,-0.000005,-0.000015,0.007950,0.000097,0.000407,0.015782,0.000042,-0.000010,-0.000000,10.000000,13.000000,-33.000000,0.031290,0.340759,-0.000002,0.000000,0.000000,0.000000,0.403011,1486.000000,181.818222,209.702988,-637.307312,-52.092880,-0.000011,0.000000,9.966490,6495,-1,31,0
66.201523,0.009112,-0.326827,-1.068686,-0.000005,-0.000014,0.007982,0.000093,0.000414,0.015726,0.000043,-0.000009,-0.000000,10.000000,13.000000,-33.000000,0.031306,0.340759,-0.000002,0.000000,0.000000,0.000000,0.403011,1486.000000,181.818222,209.702988,-637.307312,-52.092880,-0.000011,0.000000,9.966570,6495,-1,31,0
66.203476,0.009112,-0.326827,-1.068670,-0.000005,-0.000013,0.008013,0.000088,0.000420,0.015675,0.000043,-0.000009,-0.000000,10.000000,13.000000,-33.000000,0.031322,0.340759,-0.000002,0.000000,0.000000,0.000000,0.403011,1486.000000,181.818222,209.702988,-637.307312,-52.092880,-0.000012,0.000000,9.966650,6495,-1,31,0
66.205429,0.009112,-0.326827,-1.068654,-0.000005,-0.000013,0.008045,0.000083,0.000426,0.015629,0.000044,-0.000008,-0.000000,10.000000,13.000000,-33.000000,0.031338,0.340759,-0.000002,0.000000,0.000000,0.000000,0.403011,1486.000000,181.818222,209.702988,-637.307312,-52.092880,-0.000012,0.000000,9.966730,6495,-1,31,0
66.207382,0.009112,-0.326827,-1.068638,-0.000005,-0.000012,0.008076,0.000078,0.000432,0.015587,0.000044,-0.000008,-0.000000,10.000000,13.000000,-33.000000,0.031354,0.340759,-0.000002,0.000000,0.000000,0.000000,0.403011,1486.000000,181.818222,209.702988,-637.307312,-52.092880,-0.000012,0.000000,9.966810,6495,-1,31,0
66.209335,0.009112,-0.326827,-1.068622,-0.000004,-0.000011,0.008107,0.000072,0.000437,0.015549,0.000045,-0.000007,-0.000000,10.000000,13.000000,-33.000000,0.031370,0.340759,-0.000002,0.000000,0.000000,0.000000,0.403011,1486.000000,181.818222,209.702988,-637.307312,-52.092880,-0.000012,0.000000,9.966891,6495,-1,31,0
66.211288,0.009112,-0.326827,-1.068606,-0.000004,-0.000010,0.008138,0.000067,0.000441,0.015514,0.000045,-0.000007,-0.000000,10.000000,13.000000,-33.000000,0.031386,0.340759,-0.000002,0.000000,0.000000,0.000000,0.403011,1486.000000,181.818222,209.702988,-637.307312,-52.092880,-0.000012,0.000000,9.966973,6495,-1,31,0
66.213242,0.009112,-0.326827,-1.068589,-0.000004,-0.000009,0.008169,0.000061,0.000445,0.015483,0.000046,-0.000006,-0.000000,10.000000,13.000000,-33.000000,0.031403,0.340759,-0.000002,0.000000,0.000000,0.000000,0.403011,1486.000000,181.818222,209.702988,-637.307312,-52.092880,-0.000012,0.000000,9.967055,6495,-1,31,0
66.215195,0.009112,-0.326827,-1.068573,-0.000004,-0.000008,0.008200,0.000055,0.000448,0.015455,0.000046,-0.000005,-0.000000,10.000000,13.000000,-33.000000,0.031419,0.340759,-0.000002,0.000000,0.000000,0.000000,0.403011,1486.000000,181.818222,209.702988,-637.307312,-52.092880,-0.000012,0.000000,9.967136,6496,-1,31,0
66.217155,0.009112,-0.326827,-1.068556,-0.000004,-0.000007,0.008231,0.000049,0.000450,0.015324,0.000046,-0.000005,-0.000000,10.000000,13.000000,-33.000000,0.031435,0.340759,-0.000002,0.000000,0.000000,0.000000,0.403011,1486.000000,181.818222,209.702988,-637.307312,-52.092880,-0.000012,0.000000,9.967219,6496,-1,31,0
66.219109,0.009112,-0.326827,-1.068540,-0.000004,-0.000006,0.008261,0.000043,0.000452,0.015170,0.000046,-0.000004,-0.000000,10.000000,13.000000,-33.000000,0.031452,0.340759,-0.000002,0.000000,0.000000,0.000000,0.403011,1486.000000,181.818222,209.702988,-637.307312,-52.092880,-0.000013,0.000000,9.967301,6496,-1,31,0
66.221062,0.009112,-0.326827,-1.068523,-0.000004,-0.000005,0.008291,0.000036,0.000453,0.015031,0.000046,-0.000003,-0.000001,10.000000,13.000000,-33.000000,0.031469,0.340759,-0.000002,0.000000,0.000000,0.000000,0.403011,1486.000000,181.818222,209.702988,-637.307312,-52.092880,-0.000013,0.000000,9.967384,6496,-1,31,0
66.223015,0.009112,-0.326827,-1.068507,-0.000004,-0.000005,0.008321,0.000030,0.000454,0.014905,0.000046,-0.000003,-0.000001,10.000000,13.000000,-33.000000,0.031485,0.340759,-0.000002,0.000000,0.000000,0.000000,0.403011,1486.000000,181.818222,209.702988,-637.307312,-52.092880,-0.000013,0.000000,9.967468,6496,-1,31,0
66.224968,0.009112,-0.326827,-1.068490,-0.000004,-0.000004,0.008351,0.000023,0.000453,0.014791,0.000046,-0.000002,-0.000001,10.000000,13.000000,-33.000000,0.031502,0.340759,-0.000002,0.000000,0.000000,0.000000,0.403011,1486.000000,181.818222,209.702988,-637.307312,-52.092880,-0.000013,0.000000,9.967551,6496,-1,31,0
66.226921,0.009112,-0.326827,-1.068473,-0.000004,-0.000003,0.008380,0.000016,0.000452,0.014687,0.000046,-0.000001,-0.000001,10.000000,13.000000,-33.000000,0.031518,0.340759,-0.000002,0.000000,0.000000,0.000000,0.403011,1486.000000,181.818222,209.702988,-637.307312,-52.092880,-0.000013,0.000000,9.967634,6496,0,31,0
66.228874,0.009112,-0.326827,-1.068456,-0.000004,-0.000002,0.008409,0.000009,0.000451,0.014592,0.000046,-0.000001,-0.000001,10.000000,13.000000,-33.000000,0.031535,0.340759,-0.000002,0.000000,0.000000,0.000000,0.403011,1486.000000,181.818222,209.702988,-637.307312,-52.092880,-0.000013,0.000000,9.967718,6496,0,31,0
66.230827,0.009112,-0.326827,-1.068440,-0.000004,-0.000001,0.008438,0.000002,0.000448,0.014506,0.000046,0.000000,-0.000001,10.000000,13.000000,-33.000000,0.031552,0.340759,-0.000002,0.000000,0.000000,0.000000,0.403011,1486.000000,181.818222,209.702988,-637.307312,-52.092880,-0.000013,0.000000,9.967803,6496,0,31,0
66.232780,0.009112,-0.326827,-1.068423,-0.000004,-0.000000,0.008467,-0.000006,0.000445,0.014429,0.000045,0.000001,-0.000001,10.000000,13.000000,-33.000000,0.031569,0.340759,-0.000002,0.000000,0.000000,0.000000,0.403011,1486.000000,181.818222,209.702988,-637.307312,-52.092880,-0.000014,0.000000,9.967887,6496,0,31,0
66.234741,0.009112,-0.326827,-1.068406,-0.000004,0.000001,0.008496,-0.000013,0.000442,0.014359,0.000045,0.000002,-0.000001,10.000000,13.000000,-33.000000,0.031586,0.340759,-0.000002,0.000000,0.000000,0.000000,0.403011,1486.000000,181.818222,209.702988,-637.307312,-52.092880,-0.000014,0.000000,9.967972,6496,0,31,0
66.236694,0.009112,-0.326827,-1.068389,-0.000004,0.000002,0.008525,-0.000020,0.000437,0.014295,0.000044,0.000002,-0.000001,10.000000,13.000000,-33.000000,0.031603,0.340759,-0.000002,0.000000,0.000000,0.000000,0.403011,1486.000000,181.818222,209.702988,-637.307312,-52.092880,-0.000014,0.000000,9.968058,6496,0,31,0
66.238647,0.009112,-0.326827,-1.068372,-0.000004,0.000003,0.008553,-0.000027,0.000433,0.014237,0.000044,0.000003,-0.000001,10.000000,13.000000,-33.000000,0.031620,0.340759,-0.000002,0.000000,0.000000,0.000000,0.403011,1486.000000,181.818222,209.702988,-637.307312,-52.092880,-0.000014,0.000000,9.968143,6496,0,31,0
66.240601,0.009112,-0.326827,-1.068354,-0.000004,0.000003,0.008582,-0.000034,0.000428,0.014184,0.000043,0.000004,-0.000001,10.000000,13.000000,-33.000000,0.031637,0.340759,-0.000002,0.000000,0.000000,0.000000,0.403011,1486.000000,181.818222,209.702988,-637.307312,-52.092880,-0.000014,0.000000,9.968228,6496,0,31,0
66.242554,0.009112,-0.326827,-1.068337,-0.000004,0.000004,0.008610,-0.000041,0.000422,0.014137,0.000043,0.000005,-0.000001,10.000000,13.000000,-33.000000,0.031654,0.340759,-0.000002,0.000000,0.000000,0.000000,0.403011,1486.000000,181.818222,209.702988,-637.307312,-52.092880,-0.000014,0.000000,9.968314,6496,0,31,0
66.244507,0.009112,-0.326827,-1.068320,-0.000004,0.000005,0.008638,-0.000048,0.000417,0.014093,0.000042,0.000005,-0.000001,10.000000,13.000000,-33.000000,0.031672,0.340759,-0.000002,0.000000,0.000000,0.000000,0.403011,1486.000000,181.818222,209.702988,-637.307312,-52.092880,-0.000014,0.000000,9.968401,6496,0,31,0
66.246460,0.009112,-0.326827,-1.068303,-0.000004,0.000006,0.008666,-0.000054,0.000410,0.014054,0.000042,0.000006,-0.000001,10.000000,13.000000,-33.000000,0.031689,0.340759,-0.000002,0.000000,0.000000,0.000000,0.403011,1486.000000,181.818222,209.702988,-637.307312,-52.092880,-0.000014,0.000000,9.968488,6496,0,31,0
66.248413,0.009112,-0.326827,-1.068285,-0.000004,0.000007,0.008694,-0.000061,0.000404,0.014019,0.000041,0.000007,-0.000001,10.000000,13.000000,-33.000000,0.031706,0.340759,-0.000002,0.000000,0.000000,0.000000,0.403011,1486.000000,181.818222,209.702988,-637.307312,-52.092880,-0.000014,0.000000,9.968575,6496,0,31,0
66.250366,0.009112,-0.326827,-1.068268,-0.000004,0.000008,0.008722,-0.000067,0.000397,0.013986,0.000040,0.000007,-0.000001,10.000000,13.000000,-33.000000,0.031723,0.340759,-0.000002,0.000000,0.000000,0.000000,0.403011,1486.000000,181.818222,209.702988,-637.307312,-52.092880,-0.000014,0.000000,9.968662,6497,0,31,0
66.252327,0.009112,-0.326827,-1.068250,-0.000004,0.000008,0.008750,-0.000073,0.000391,0.013851,0.000040,0.000008,-0.000001,10.000000,13.000000,-33.000000,0.031741,0.340759,-0.000002,0.000000,0.000000,0.000000,0.403011,1486.000000,181.818222,209.702988,-637.307312,-52.092880,-0.000014,0.000000,9.968749,6497,0,31,0
66.254280,0.009112,-0.326827,-1.068233,-0.000005,0.000009,0.008777,-0.000078,0.000383,0.013693,0.000039,0.000008,-0.000001,10.000000,13.000000,-33.000000,0.031759,0.340759,-0.000002,0.000000,0.000000,0.000000,0.403011,1486.000000,181.818222,209.702988,-637.307312,-52.092880,-0.000014,0.000000,9.968837,6497,0,31,0
66.256233,0.009112,-0.326827,-1.068215,-0.000005,0.000010,0.008805,-0.000083,0.000376,0.013551,0.000038,0.000009,-0.000001,10.000000,13.000000,-22.000000,0.031776,0.340759,-0.000002,0.000000,0.000000,0.000000,0.403011,1530.000000,181.818222,209.702988,-637.307312,-52.092880,-0.000014,0.000000,9.968925,6497,0,31,0
66.258186,0.009112,-0.326827,-1.068197,-0.000005,0.000011,0.008832,-0.000088,0.000369,0.013422,0.000037,0.000009,-0.000001,10.000000,13.000000,-22.000000,0.031794,0.313551,-0.000001,0.000000,0.000000,0.067000,0.216179,1530.000000,164.179031,184.711823,-263.271393,-143.459213,-0.000014,0.000000,9.969013,6497,0,31,0
66.260139,0.009112,-0.326827,-1.068180,-0.000005,0.000011,0.008858,-0.000092,0.000361,0.013305,0.000036,0.000010,-0.000001,10.000000,13.000000,-22.000000,0.031811,0.313551,-0.000001,0.000000,0.000000,0.000000,0.216179,1530.000000,164.179031,184.711823,-263.271393,-143.459213,-0.000014,0.000000,9.969101,6497,0,31,0
66.262093,0.009112,-0.326827,-1.068162,-0.000005,0.000012,0.008885,-0.000096,0.000353,0.013198,0.000036,0.000010,-0.000001,10.000000,13.000000,-22.000000,0.031829,0.313551,-0.000001,0.000000,0.000000,0.000000,0.216179,1530.000000,164.179031,184.711823,-263.271393,-143.459213,-0.000014,0.000000,9.969191,6497,0,31,0
66.264046,0.009112,-0.326827,-1.068144,-0.000006,0.000013,0.008911,-0.000100,0.000345,0.013102,0.000035,0.000010,-0.000001,10.000000,13.000000,-22.000000,0.031847,0.313551,-0.000001,0.000000,0.000000,0.000000,0.216179,1530.000000,164.179031,184.711823,-263.271393,-143.459213,-0.000014,0.000000,9.969279,6497,0,31,0
66.265999,0.009112,-0.326827,-1.068126,-0.000006,0.000013,0.008937,-0.000103,0.000337,0.013014,0.000034,0.000011,-0.000001,10.000000,13.000000,-22.000000,0.031865,0.313551,-0.000001,0.000000,0.000000,0.000000,0.216179,1530.000000,164.179031,184.711823,-263.271393,-143.459213,-0.000014,0.000000,9.969369,6497,0,31,0
66.267960,0.009112,-0.326827,-1.068108,-0.000006,0.000014,0.008963,-0.000106,0.000329,0.012935,0.000033,0.000011,-0.000001,10.000000,13.000000,-22.000000,0.031883,0.313551,-0.000001,0.000000,0.000000,0.000000,0.216179,1530.000000,164.179031,184.711823,-263.271393,-143.459213,-0.000015,0.000000,9.969459,6497,0,31,0
66.269913,0.009112,-0.326827,-1.068091,-0.000006,0.000015,0.008989,-0.000109,0.000321,0.012863,0.000032,0.000011,-0.000001,10.000000,13.000000,-22.000000,0.031901,0.313551,-0.000001,0.000000,0.000000,0.000000,0.216179,1530.000000,164.179031,184.711823,-263.271393,-143.459213,-0.000015,0.000000,9.969548,6497,0,31,0
66.271866,0.009112,-0.326827,-1.068072,-0.000006,0.000015,0.009014,-0.000111,0.000313,0.012798,0.000032,0.000011,-0.000001,10.000000,13.000000,-22.000000,0.031919,0.313551,-0.000001,0.000000,0.000000,0.000000,0.216179,1530.000000,164.179031,184.711823,-263.271393,-143.459213,-0.000015,0.000000,9.969638,6497,0,31,0
66.273819,0.009112,-0.326827,-1.068054,-0.000007,0.000016,0.009040,-0.000112,0.000304,0.012738,0.000031,0.000012,-0.000001,10.000000,13.000000,-22.000000,0.031937,0.313551,-0.000001,0.000000,0.000000,0.000000,0.216179,1530.000000,164.179031,184.711823,-263.271393,-143.459213,-0.000015,0.000000,9.969728,6497,0,31,0
66.275772,0.009112,-0.326827,-1.068036,-0.000007,0.000017,0.009065,-0.000114,0.000296,0.012684,0.000030,0.000012,-0.000001,10.000000,13.000000,-22.000000,0.031955,0.313551,-0.000001,0.000000,0.000000,0.000000,0.216179,1530.000000,164.179031,184.711823,-263.271393,-143.459213,-0.000015,0.000000,9.969818,6497,0,31,0
66.277725,0.009112,-0.326826,-1.068018,-0.000007,0.000017,0.009090,-0.000114,0.000287,0.012636,0.000029,0.000012,-0.000001,10.000000,13.000000,-22.000000,0.031973,0.313551,-0.000001,0.000000,0.000000,0.000000,0.216179,1530.000000,164.179031,184.711823,-263.271393,-143.459213,-0.000015,0.000000,9.969910,6497,0,31,0
66.279678,0.009112,-0.326826,-1.068000,-0.000007,0.000018,0.009116,-0.000115,0.000279,0.012592,0.000028,0.000012,-0.000001,10.000000,13.000000,-22.000000,0.031991,0.313551,-0.000001,0.000000,0.000000,0.000000,0.216179,1530.000000,164.179031,184.711823,-263.271393,-143.459213,-0.000015,0.000000,9.970001,6497,0,31,0
66.281631,0.009112,-0.326826,-1.067982,-0.000008,0.000018,0.009141,-0.000115,0.000270,0.012551,0.000027,0.000012,-0.000001,10.000000,13.000000,-22.000000,0.032009,0.313551,-0.000001,0.000000,0.000000,0.000000,0.216179,1530.000000,164.179031,184.711823,-263.271393,-143.459213,-0.000015,0.000000,9.970093,6497,0,31,0
66.283585,0.009112,-0.326826,-1.067963,-0.000008,0.000019,0.009166,-0.000114,0.000261,0.012515,0.000026,0.000012,-0.000001,10.000000,13.000000,-22.000000,0.032027,0.313551,-0.000001,0.000000,0.000000,0.000000,0.216179,1530.000000,164.179031,184.711823,-263.271393,-143.459213,-0.000015,0.000000,9.970183,6497,0,31,0
66.285545,0.009112,-0.326826,-1.067945,-0.000008,0.000019,0.009191,-0.000113,0.000253,0.012482,0.000025,0.000011,-0.000001,10.000000,13.000000,-22.000000,0.032046,0.313551,-0.000001,0.000000,0.000000,0.000000,0.216179,1530.000000,164.179031,184.711823,-263.271393,-143.459213,-0.000015,0.000000,9.970276,6498,0,31,0
66.287498,0.009112,-0.326826,-1.067927,-0.000008,0.000020,0.009216,-0.000112,0.000244,0.012346,0.000024,0.000011,-0.000001,10.000000,13.000000,-22.000000,0.032064,0.313551,-0.000001,0.000000,0.000000,0.000000,0.216179,1530.000000,164.179031,184.711823,-263.271393,-143.459213,-0.000015,0.000000,9.970367,6498,0,31,0
66.289452,0.009112,-0.326826,-1.067908,-0.000008,0.000020,0.009240,-0.000110,0.000235,0.012189,0.000024,0.000011,-0.000002,10.000000,13.000000,-22.000000,0.032083,0.313551,-0.000001,0.000000,0.000000,0.000000,0.216179,1530.000000,164.179031,184.711823,-263.271393,-143.459213,-0.000015,0.000000,9.970460,6498,0,31,0
66.291405,0.009112,-0.326826,-1.067890,-0.000009,0.000021,0.009264,-0.000107,0.000226,0.012046,0.000023,0.000011,-0.000002,10.000000,13.000000,-22.000000,0.032101,0.313551,-0.000001,0.000000,0.000000,0.000000,0.216179,1530.000000,164.179031,184.711823,-263.271393,-143.459213,-0.000015,0.000000,9.970553,6498,0,31,0
66.293358,0.009112,-0.326826,-1.067871,-0.000009,0.000021,0.009288,-0.000104,0.000217,0.011916,0.000022,0.000011,-0.000002,10.000000,13.000000,-22.000000,0.032120,0.313551,-0.000001,0.000000,0.000000,0.000000,0.216179,1530.000000,164.179031,184.711823,-263.271393,-143.459213,-0.000015,0.000000,9.970646,6498,0,31,0
66.295311,0.009112,-0.326826,-1.067852,-0.000009,0.000022,0.009312,-0.000101,0.000208,0.011798,0.000021,0.000010,-0.000002,10.000000,13.000000,-22.000000,0.032138,0.313551,-0.000001,0.000000,0.000000,0.000000,0.216179,1530.000000,164.179031,184.711823,-263.271393,-143.459213,-0.000015,0.000000,9.970738,6498,0,31,0
66.297264,0.009112,-0.326826,-1.067834,-0.000009,0.000022,0.009335,-0.000097,0.000199,0.011691,0.000020,0.000010,-0.000002,10.000000,13.000000,-22.000000,0.032157,0.313551,-0.000001,0.000000,0.000000,0.000000,0.216179,1530.000000,164.179031,184.711823,-263.271393,-143.459213,-0.000015,0.000000,9.970832,6498,0,31,0
66.299217,0.009112,-0.326826,-1.067815,-0.000009,0.000022,0.009358,-0.000093,0.000190,0.011595,0.000019,0.000009,-0.000002,10.000000,13.000000,-22.000000,0.032176,0.313551,-0.000001,0.000000,0.000000,0.000000,0.216179,1530.000000,164.179031,184.711823,-263.271393,-143.459213,-0.000015,0.000000,9.970925,6498,0,31,0
66.301170,0.009112,-0.326826,-1.067796,-0.000010,0.000023,0.009381,-0.000088,0.000181,0.011507,0.000018,0.000009,-0.000002,10.000000,13.000000,-22.000000,0.032194,0.313551,-0.000001,0.000000,0.000000,0.000000,0.216179,1530.000000,164.179031,184.711823,-263.271393,-143.459213,-0.000015,0.000000,9.971019,6498,0,31,0
66.303131,0.009112,-0.326826,-1.067778,-0.000010,0.000023,0.009404,-0.000083,0.000172,0.011427,0.000017,0.000008,-0.000002,10.000000,13.000000,-22.000000,0.032213,0.313551,-0.000001,0.000000,0.000000,0.000000,0.216179,1530.000000,164.179031,184.711823,-263.271393,-143.459213,-0.000015,0.000000,9.971112,6498,0,31,0
66.305084,0.009112,-0.326826,-1.067759,-0.000010,0.000023,0.009427,-0.000077,0.000163,0.011355,0.000016,0.000008,-0.000002,10.000000,13.000000,-22.000000,0.032232,0.313551,-0.000001,0.000000,0.000000,0.000000,0.216179,1530.000000,164.179031,184.711823,-263.271393,-143.459213,-0.000015,0.000000,9.971207,6498,0,31,0
66.307037,0.009112,-0.326826,-1.067740,-0.000010,0.000024,0.009450,-0.000071,0.000154,0.011289,0.000015,0.000007,-0.000002,10.000000,13.000000,-22.000000,0.032251,0.313551,-0.000001,0.000000,0.000000,0.000000,0.216179,1530.000000,164.179031,184.711823,-263.271393,-143.459213,-0.000015,0.000000,9.971301,6498,0,31,0
66.308990,0.009112,-0.326826,-1.067721,-0.000010,0.000024,0.009472,-0.000064,0.000145,0.011230,0.000014,0.000006,-0.000002,10.000000,13.000000,-22.000000,0.032270,0.313551,-0.000001,0.000000,0.000000,0.000000,0.216179,1530.000000,164.179031,184.711823,-263.271393,-143.459213,-0.000015,0.000000,9.971396,6498,0,31,0
66.310944,0.009112,-0.326826,-1.067702,-0.000010,0.000024,0.009495,-0.000057,0.000136,0.011176,0.000013,0.000005,-0.000002,10.000000,13.000000,-22.000000,0.032289,0.313551,-0.000001,0.000000,0.000000,0.000000,0.216179,1530.000000,164.179031,184.711823,-263.271393,-143.459213,-0.000015,0.000000,9.971492,6498,0,32,0
66.312897,0.009112,-0.326826,-1.067683,-0.000010,0.000025,0.009517,-0.000049,0.000127,0.011129,0.000013,0.000005,-0.000002,10.000000,13.000000,-22.000000,0.032308,0.313551,-0.000001,0.000000,0.000000,0.000000,0.216179,1530.000000,164.179031,184.711823,-263.271393,-143.459213,-0.000015,0.000000,9.971587,6498,0,32,0
66.314850,0.009112,-0.326826,-1.067664,-0.000011,0.000025,0.009539,-0.000041,0.000118,0.011085,0.000012,0.000004,-0.000002,10.000000,14.000000,-14.000000,0.032327,0.313551,-0.000001,0.000000,0.000000,0.000000,0.216179,1526.000000,164.179031,184.711823,-263.271393,-143.459213,-0.000015,0.000000,9.971682,6498,0,32,0
66.316803,0.009111,-0.326826,-1.067645,-0.000011,0.000025,0.009561,-0.000033,0.000109,0.011045,0.000011,0.000003,-0.000002,10.000000,14.000000,-14.000000,0.032346,0.240900,-0.000003,0.000000,0.000000,0.067000,-0.019549,1526.000000,119.403038,144.038010,-668.298706,-319.882446,-0.000015,0.000000,9.971778,6499,0,32,0
66.318764,0.009111,-0.326826,-1.067626,-0.000011,0.000025,0.009583,-0.000024,0.000100,0.010903,0.000010,0.000002,-0.000002,10.000000,14.000000,-14.000000,0.032365,0.240900,-0.000003,0.000000,0.000000,0.000000,-0.019549,1526.000000,119.403038,144.038010,-668.298706,-319.882446,-0.000015,0.000000,9.971873,6499,0,32,0
66.320717,0.009111,-0.326825,-1.067606,-0.000011,0.000025,0.009605,-0.000016,0.000091,0.010741,0.000009,0.000001,-0.000002,10.000000,14.000000,-14.000000,0.032384,0.240900,-0.000003,0.000000,0.000000,0.000000,-0.019549,1526.000000,119.403038,144.038010,-668.298706,-319.882446,-0.000015,0.000000,9.971969,6499,0,32,0
66.322670,0.009111,-0.326825,-1.067587,-0.000011,0.000026,0.009626,-0.000007,0.000082,0.010593,0.000008,0.000000,-0.000002,10.000000,14.000000,-14.000000,0.032403,0.240900,-0.000003,0.000000,0.000000,0.000000,-0.019549,1526.000000,119.403038,144.038010,-668.298706,-319.882446,-0.000015,0.000000,9.972065,6499,0,32,0
66.324623,0.009111,-0.326825,-1.067568,-0.000011,0.000026,0.009647,0.000002,0.000073,0.010460,0.000007,-0.000001,-0.000002,10.000000,14.000000,-14.000000,0.032423,0.240900,-0.000003,0.000000,0.000000,0.000000,-0.019549,1526.000000,119.403038,144.038010,-668.298706,-319.882446,-0.000015,0.000000,9.972162,6499,0,32,0
66.326576,0.009111,-0.326825,-1.067548,-0.000011,0.000026,0.009668,0.000010,0.000063,0.010339,0.000006,-0.000001,-0.000002,10.000000,14.000000,-14.000000,0.032442,0.240900,-0.000003,0.000000,0.000000,0.000000,-0.019549,1526.000000,119.403038,144.038010,-668.298706,-319.882446,-0.000015,0.000000,9.972259,6499,0,32,0
66.328529,0.009111,-0.326825,-1.067529,-0.000011,0.000026,0.009688,0.000019,0.000054,0.010229,0.000005,-0.000002,-0.000002,10.000000,14.000000,-14.000000,0.032461,0.240900,-0.000003,0.000000,0.000000,0.000000,-0.019549,1526.000000,119.403038,144.038010,-668.298706,-319.882446,-0.000015,0.000000,9.972356,6499,0,32,0
66.330482,0.009111,-0.326825,-1.067510,-0.000011,0.000026,0.009708,0.000027,0.000045,0.010129,0.000004,-0.000003,-0.000002,10.000000,14.000000,-14.000000,0.032481,0.240900,-0.000003,0.000000,0.000000,0.000000,-0.019549,1526.000000,119.403038,144.038010,-668.298706,-319.882446,-0.000015,0.000000,9.972453,6499,0,32,0
66.332436,0.009111,-0.326825,-1.067490,-0.000011,0.000026,0.009729,0.000035,0.000036,0.010038,0.000003,-0.000004,-0.000002,10.000000,14.000000,-14.000000,0.032500,0.240900,-0.000003,0.000000,0.000000,0.000000,-0.019549,1526.000000,119.403038,144.038010,-668.298706,-319.882446,-0.000015,0.000000,9.972549,6499,0,32,0
66.334389,0.009111,-0.326825,-1.067471,-0.000010,0.000026,0.009748,0.000042,0.000027,0.009956,0.000002,-0.000005,-0.000002,10.000000,14.000000,-14.000000,0.032520,0.240900,-0.000003,0.000000,0.000000,0.000000,-0.019549,1526.000000,119.403038,144.038010,-668.298706,-319.882446,-0.000015,0.000000,9.972647,6499,0,32,0
66.336349,0.009111,-0.326825,-1.067451,-0.000010,0.000026,0.009768,0.000050,0.000018,0.009882,0.000001,-0.000005,-0.000002,10.000000,14.000000,-14.000000,0.032539,0.240900,-0.000003,0.000000,0.000000,0.000000,-0.019549,1526.000000,119.403038,144.038010,-668.298706,-319.882446,-0.000015,0.000000,9.972744,6499,0,32,0
66.338303,0.009111,-0.326825,-1.067432,-0.000010,0.000026,0.009788,0.000056,0.000009,0.009814,0.000000,-0.000006,-0.000002,10.000000,14.000000,-14.000000,0.032559,0.240900,-0.000003,0.000000,0.000000,0.000000,-0.019549,1526.000000,119.403038,144.038010,-668.298706,-319.882446,-0.000015,0.000000,9.972842,6499,0,32,0
66.340256,0.009111,-0.326825,-1.067412,-0.000010,0.000026,0.009807,0.000063,-0.000001,0.009753,-0.000001,-0.000007,-0.000002,10.000000,14.000000,-14.000000,0.032578,0.240900,-0.000003,0.000000,0.000000,0.000000,-0.019549,1526.000000,119.403038,144.038010,-668.298706,-319.882446,-0.000015,0.000000,9.972940,6499,0,32,0
66.342209,0.009111,-0.326825,-1.067392,-0.000010,0.000026,0.009827,0.000069,-0.000010,0.009698,-0.000001,-0.000007,-0.000002,10.000000,14.000000,-14.000000,0.032598,0.240900,-0.000003,0.000000,0.000000,0.000000,-0.019549,1526.000000,119.403038,144.038010,-668.298706,-319.882446,-0.000015,0.000000,9.973038,6499,0,32,0
66.344162,0.009111,-0.326825,-1.067373,-0.000010,0.000026,0.009846,0.000074,-0.000019,0.009647,-0.000002,-0.000008,-0.000002,10.000000,14.000000,-14.000000,0.032617,0.240900,-0.000003,0.000000,0.000000,0.000000,-0.019549,1526.000000,119.403038,144.038010,-668.298706,-319.882446,-0.000015,0.000000,9.973137,6499,0,32,0
66.346115,0.009111,-0.326825,-1.067353,-0.000010,0.000026,0.009865,0.000079,-0.000028,0.009602,-0.000003,-0.000008,-0.000002,10.000000,14.000000,-14.000000,0.032637,0.240900,-0.000003,0.000000,0.000000,0.000000,-0.019549,1526.000000,119.403038,144.038010,-668.298706,-319.882446,-0.000015,0.000000,9.973236,6499,0,32,0
66.348068,0.009111,-0.326825,-1.067333,-0.000010,0.000026,0.009885,0.000084,-0.000037,0.009560,-0.000004,-0.000009,-0.000002,10.000000,14.000000,-14.000000,0.032657,0.240900,-0.000003,0.000000,0.000000,0.000000,-0.019549,1526.000000,119.403038,144.038010,-668.298706,-319.882446,-0.000015,0.000000,9.973334,6500,0,32,0
66.350021,0.009111,-0.326825,-1.067313,-0.000009,0.000026,0.009904,0.000087,-0.000046,0.009417,-0.000005,-0.000009,-0.000002,10.000000,14.000000,-14.000000,0.032677,0.240900,-0.000003,0.000000,0.000000,0.000000,-0.019549,1526.000000,119.403038,144.038010,-668.298706,-319.882446,-0.000015,0.000000,9.973433,6500,0,32,0
66.351974,0.009111,-0.326825,-1.067294,-0.000009,0.000026,0.009922,0.000091,-0.000055,0.009253,-0.000006,-0.000009,-0.000002,10.000000,14.000000,-14.000000,0.032696,0.240900,-0.000003,0.000000,0.000000,0.000000,-0.019549,1526.000000,119.403038,144.038010,-668.298706,-319.882446,-0.000015,0.000000,9.973533,6500,0,32,0
66.353935,0.009111,-0.326825,-1.067274,-0.000009,0.000026,0.009940,0.000094,-0.000065,0.009104,-0.000007,-0.000010,-0.000002,10.000000,14.000000,-14.000000,0.032716,0.240900,-0.000003,0.000000,0.000000,0.000000,-0.019549,1526.000000,119.403038,144.038010,-668.298706,-319.882446,-0.000015,0.000000,9.973632,6500,0,32,0
66.355888,0.009111,-0.326825,-1.067254,-0.000009,0.000026,0.009958,0.000096,-0.000074,0.008968,-0.000008,-0.000010,-0.000003,10.000000,14.000000,-14.000000,0.032736,0.240900,-0.000003,0.000000,0.000000,0.000000,-0.019549,1526.000000,119.403038,144.038010,-668.298706,-319.882446,-0.000015,0.000000,9.973732,6500,0,32,0
66.357841,0.009111,-0.326825,-1.067234,-0.000009,0.000025,0.009976,0.000097,-0.000083,0.008846,-0.000009,-0.000010,-0.000003,10.000000,14.000000,-14.000000,0.032756,0.240900,-0.000003,0.000000,0.000000,0.000000,-0.019549,1526.000000,119.403038,144.038010,-668.298706,-319.882446,-0.000015,0.000000,9.973831,6500,0,32,0
66.359795,0.009111,-0.326824,-1.067214,-0.000008,0.000025,0.009994,0.000098,-0.000092,0.008735,-0.000010,-0.000010,-0.000003,10.000000,14.000000,-14.000000,0.032776,0.240900,-0.000003,0.000000,0.000000,0.000000,-0.019549,1526.000000,119.403038,144.038010,-668.298706,-319.882446,-0.000015,0.000000,9.973930,6500,0,31,0
66.361748,0.009111,-0.326824,-1.067194,-0.000008,0.000025,0.009992,0.000106,-0.000124,-0.000642,-0.000011,-0.000010,-0.000003,10.000000,14.000000,-14.000000,0.032796,0.240900,-0.000003,0.000000,0.000000,0.000000,-0.019549,1526.000000,119.403038,144.038010,-668.298706,-319.882446,-0.000015,0.000000,9.974030,6500,0,31,0
66.363701,0.009111,-0.326824,-1.067174,-0.000008,0.000025,0.009990,0.000106,-0.000133,-0.000733,-0.000012,-0.000010,-0.000003,10.000000,14.000000,-14.000000,0.032816,0.240900,-0.000003,0.000000,0.000000,0.000000,-0.019549,1526.000000,119.403038,144.038010,-668.298706,-319.882446,-0.000015,0.000000,9.974131,6500,0,31,0
66.365654,0.009111,-0.326824,-1.067154,-0.000008,0.000025,0.009998,0.000105,-0.000144,-0.001550,-0.000013,-0.000010,-0.000003,10.000000,14.000000,-14.000000,0.032836,0.240900,-0.000003,0.000000,0.000000,0.000000,-0.019549,1526.000000,119.403038,144.038010,-668.298706,-319.882446,-0.000015,0.000000,9.974231,6500,0,31,0
66.367607,0.009111,-0.326824,-1.067134,-0.000008,0.000024,0.009996,0.000103,-0.000151,-0.000897,-0.000014,-0.000010,-0.000003,10.000000,14.000000,-14.000000,0.032856,0.240900,-0.000003,0.000000,0.000000,0.000000,-0.019549,1526.000000,119.403038,144.038010,-668.298706,-319.882446,-0.000015,0.000000,9.974331,6500,0,31,0
66.369560,0.009111,-0.326824,-1.067114,-0.000007,0.000024,0.009994,0.000102,-0.000160,-0.000964,-0.000015,-0.000010,-0.000003,10.000000,14.000000,-14.000000,0.032876,0.240900,-0.000003,0.000000,0.000000,0.000000,-0.019549,1526.000000,119.403038,144.038010,-668.298706,-319.882446,-0.000015,0.000000,9.974431,6500,0,31,0
66.371521,0.009111,-0.326824,-1.067094,-0.000007,0.000024,0.009992,0.000100,-0.000169,-0.001024,-0.000015,-0.000009,-0.000003,10.000000,14.000000,-14.000000,0.032896,0.240900,-0.000003,0.000000,0.000000,0.000000,-0.019549,1526.000000,119.403038,144.038010,-668.298706,-319.882446,-0.000015,0.000000,9.974531,6500,0,31,0
66.373474,0.009111,-0.326824,-1.067074,-0.000007,0.000023,0.009990,0.000098,-0.000178,-0.001079,-0.000016,-0.000009,-0.000003,10.000000,14.000000,-9.000000,0.032916,0.240900,-0.000003,0.000000,0.000000,0.000000,-0.019549,1530.000000,119.403038,144.038010,-668.298706,-319.882446,-0.000015,0.000000,9.974631,6500,0,31,0
66.375427,0.009111,-0.326824,-1.067054,-0.000007,0.000023,0.009997,0.000097,-0.000188,-0.001864,-0.000017,-0.000009,-0.000003,10.000000,14.000000,-9.000000,0.032936,0.193338,-0.000002,0.000000,0.000000,0.066000,0.019820,1530.000000,75.757591,97.767159,-661.294800,-445.779724,-0.000015,0.000000,9.974731,6500,0,31,0
66.377380,0.009111,-0.326824,-1.067034,-0.000007,0.000022,0.009995,0.000095,-0.000195,-0.001181,-0.000018,-0.000009,-0.000003,10.000000,14.000000,-9.000000,0.032956,0.193338,-0.000002,0.000000,0.000000,0.000000,0.019820,1530.000000,75.757591,97.767159,-661.294800,-445.779724,-0.000015,0.000000,9.974832,6501,0,31,0
66.379333,0.009111,-0.326824,-1.067014,-0.000006,0.000022,0.009992,0.000093,-0.000204,-0.001327,-0.000019,-0.000009,-0.000003,10.000000,14.000000,-9.000000,0.032976,0.193338,-0.000002,0.000000,0.000000,0.000000,0.019820,1530.000000,75.757591,97.767159,-661.294800,-445.779724,-0.000015,0.000000,9.974931,6501,0,31,0
66.381287,0.009111,-0.326824,-1.066994,-0.000006,0.000022,0.009999,0.000085,-0.000191,0.008506,-0.000020,-0.000009,-0.000003,10.000000,14.000000,-9.000000,0.032996,0.193338,-0.000002,0.000000,0.000000,0.000000,0.019820,1530.000000,75.757591,97.767159,-661.294800,-445.779724,-0.000015,0.000000,9.975031,6501,0,31,0
66.383240,0.009111,-0.326824,-1.066974,-0.000006,0.000021,0.009995,0.000090,-0.000222,-0.001653,-0.000021,-0.000008,-0.000003,10.000000,14.000000,-9.000000,0.033016,0.193338,-0.000002,0.000000,0.000000,0.000000,0.019820,1530.000000,75.757591,97.767159,-661.294800,-445.779724,-0.000015,0.000000,9.975131,6501,0,31,0
66.385193,0.009111,-0.326824,-1.066954,-0.000006,0.000021,0.009992,0.000088,-0.000230,-0.001788,-0.000022,-0.000008,-0.000003,10.000000,14.000000,-9.000000,0.033036,0.193338,-0.000002,0.000000,0.000000,0.000000,0.019820,1530.000000,75.757591,97.767159,-661.294800,-445.779724,-0.000015,0.000000,9.975231,6501,0,31,0
66.387154,0.009111,-0.326824,-1.066934,-0.000006,0.000020,0.009998,0.000081,-0.000219,0.008088,-0.000023,-0.000008,-0.000003,10.000000,14.000000,-9.000000,0.033056,0.193338,-0.000002,0.000000,0.000000,0.000000,0.019820,1530.000000,75.757591,97.767159,-661.294800,-445.779724,-0.000015,0.000000,9.975331,6501,0,31,0
66.389107,0.009111,-0.326824,-1.066914,-0.000006,0.000020,0.009993,0.000086,-0.000248,-0.002030,-0.000024,-0.000008,-0.000003,10.000000,14.000000,-9.000000,0.033076,0.193338,-0.000002,0.000000,0.000000,0.000000,0.019820,1530.000000,75.757591,97.767159,-661.294800,-445.779724,-0.000015,0.000000,9.975431,6501,0,31,0
66.391060,0.009111,-0.326824,-1.066894,-0.000005,0.000019,0.009999,0.000080,-0.000237,0.007870,-0.000025,-0.000008,-0.000003,10.000000,14.000000,-9.000000,0.033096,0.193338,-0.000002,0.000000,0.000000,0.000000,0.019820,1530.000000,75.757591,97.767159,-661.294800,-445.779724,-0.000015,0.000000,9.975531,6501,0,31,0
66.393013,0.009111,-0.326824,-1.066874,-0.000005,0.000019,0.009994,0.000085,-0.000265,-0.002228,-0.000026,-0.000008,-0.000003,10.000000,14.000000,-9.000000,0.033116,0.193338,-0.000002,0.000000,0.000000,0.000000,0.019820,1530.000000,75.757591,97.767159,-661.294800,-445.779724,-0.000015,0.000000,9.975631,6501,0,31,0
66.394966,0.009111,-0.326824,-1.066854,-0.000005,0.000018,0.009999,0.000079,-0.000256,0.007691,-0.000027,-0.000008,-0.000003,10.000000,14.000000,-9.000000,0.033136,0.193338,-0.000002,0.000000,0.000000,0.000000,0.019820,1530.000000,75.757591,97.767159,-661.294800,-445.779724,-0.000015,0.000000,9.975731,6501,0,31,0
66.396919,0.009111,-0.326824,-1.066834,-0.000005,0.000018,0.009994,0.000085,-0.000283,-0.002390,-0.000028,-0.000008,-0.000003,10.000000,14.000000,-9.000000,0.033156,0.193338,-0.000002,0.000000,0.000000,0.000000,0.019820,1530.000000,75.757591,97.767159,-661.294800,-445.779724,-0.000015,0.000000,9.975831,6501,0,31,0
66.398872,0.009111,-0.326824,-1.066814,-0.000005,0.000017,0.009999,0.000080,-0.000274,0.007543,-0.000029,-0.000008,-0.000003,10.000000,14.000000,-9.000000,0.033176,0.193338,-0.000002,0.000000,0.000000,0.000000,0.019820,1530.000000,75.757591,97.767159,-661.294800,-445.779724,-0.000015,0.000000,9.975931,6501,0,31,1
66.400826,0.009111,-0.326824,-1.066794,-0.000005,0.000017,0.009993,0.000086,-0.000302,-0.002523,-0.000030,-0.000008,-0.000003,10.000000,14.000000,-9.000000,0.033196,0.193338,-0.000002,0.000000,0.000000,0.000000,0.019820,1530.000000,75.757591,97.767159,-661.294800,-445.779724,-0.000007,0.000000,9.976031,6501,0,32,1
66.402779,0.009111,-0.326824,-1.066774,-0.000004,0.000016,0.009998,0.000083,-0.000294,0.007423,-0.000030,-0.000009,-0.000003,10.000000,14.000000,-9.000000,0.033216,0.193338,-0.000002,0.000000,0.000000,0.000000,0.019820,1530.000000,75.757591,97.767159,-661.294800,-445.779724,0.000006,0.000000,9.976131,6501,0,32,1
66.404739,0.009111,-0.326824,-1.066754,-0.000004,0.000015,0.009992,0.000089,-0.000319,-0.002630,-0.000031,-0.000009,-0.000003,10.000000,14.000000,-9.000000,0.033236,0.193338,-0.000002,0.000000,0.000000,0.000000,0.019820,1530.000000,75.757591,97.767159,-661.294800,-445.779724,0.000019,0.000000,9.976232,6501,0,32,1
66.406693,0.009111,-0.326823,-1.066734,-0.000004,0.000015,0.009996,0.000090,-0.000328,-0.003407,-0.000032,-0.000009,-0.000003,10.000000,14.000000,-9.000000,0.033256,0.193338,-0.000002,0.000000,0.000000,0.000000,0.019820,1530.000000,75.757591,97.767159,-661.294800,-445.779724,0.000031,0.000000,9.976332,6502,0,32,1
66.408646,0.009111,-0.326823,-1.066714,-0.000004,0.000014,0.009991,0.000092,-0.000335,-0.002823,-0.000033,-0.000009,-0.000003,10.000000,14.000000,-9.000000,0.033276,0.193338,-0.000002,0.000000,0.000000,0.000000,0.019820,1530.000000,75.757591,97.767159,-661.294800,-445.779724,0.000042,0.000000,9.976432,6502,0,32,1
66.410599,0.009111,-0.326823,-1.066694,-0.000004,0.000013,0.009994,0.000093,-0.000345,-0.003722,-0.000034,-0.000009,-0.000003,10.000000,14.000000,-9.000000,0.033296,0.193338,-0.000002,0.000000,0.000000,0.000000,0.019820,1530.000000,75.757591,97.767159,-661.294800,-445.779724,0.000052,0.000000,9.976531,6502,0,32,1
66.412552,0.009111,-0.326823,-1.066674,-0.000003,0.000013,0.009998,0.000090,-0.000340,0.006856,-0.000035,-0.000009,-0.000003,10.000000,14.000000,-9.000000,0.033316,0.193338,-0.000002,0.000000,0.000000,0.000000,0.019820,1530.000000,75.757591,97.767159,-661.294800,-445.779724,0.000062,0.000000,9.976631,6502,0,32,1
66.414505,0.009111,-0.326823,-1.066654,-0.000003,0.000012,0.009991,0.000094,-0.000361,-0.003283,-0.000036,-0.000009,-0.000003,10.000000,14.000000,-9.000000,0.033336,0.193338,-0.000002,0.000000,0.000000,0.000000,0.019820,1530.000000,75.757591,97.767159,-661.294800,-445.779724,0.000070,0.000000,9.976731,6502,1,32,0
66.416458,0.009111,-0.326823,-1.066634,-0.000003,0.000011,0.009993,0.000094,-0.000368,-0.004139,-0.000037,-0.000009,-0.000002,10.000000,14.000000,-9.000000,0.033356,0.193338,-0.000002,0.000000,0.000000,0.000000,0.019820,1530.000000,75.757591,97.767159,-661.294800,-445.779724,0.000072,0.000000,9.976831,6502,1,32,0
66.418411,0.009111,-0.326823,-1.066614,-0.000003,0.000010,0.009995,0.000094,-0.000377,-0.004256,-0.000038,-0.000009,-0.000002,10.000000,14.000000,-9.000000,0.033376,0.193338,-0.000002,0.000000,0.000000,0.000000,0.019820,1530.000000,75.757591,97.767159,-661.294800,-445.779724,0.000066,0.000000,9.976932,6502,1,32,0
66.420364,0.009111,-0.326823,-1.066594,-0.000003,0.000010,0.009998,0.000090,-0.000374,0.006372,-0.000039,-0.000009,-0.000002,10.000000,14.000000,-9.000000,0.033396,0.193338,-0.000002,0.000000,0.000000,0.000000,0.019820,1530.000000,75.757591,97.767159,-661.294800,-445.779724,0.000061,0.000000,9.977032,6502,1,32,0
66.422325,0.009111,-0.326823,-1.066574,-0.000003,0.000009,0.009990,0.000091,-0.000391,-0.003722,-0.000040,-0.000009,-0.000002,10.000000,14.000000,-9.000000,0.033416,0.193338,-0.000002,0.000000,0.000000,0.000000,0.019820,1530.000000,75.757591,97.767159,-661.294800,-445.779724,0.000057,0.000000,9.977131,6502,1,31,0
66.424278,0.009111,-0.326823,-1.066554,-0.000002,0.000008,0.009992,0.000089,-0.000399,-0.004535,-0.000040,-0.000009,-0.000002,10.000000,14.000000,-9.000000,0.033436,0.193338,-0.000002,0.000000,0.000000,0.000000,0.019820,1530.000000,75.757591,97.767159,-661.294800,-445.779724,0.000053,0.000000,9.977232,6502,1,31,0
66.426231,0.009111,-0.326823,-1.066534,-0.000002,0.000007,0.009993,0.000087,-0.000406,-0.004615,-0.000041,-0.000008,-0.000002,10.000000,14.000000,-9.000000,0.033456,0.193338,-0.000002,0.000000,0.000000,0.000000,0.019820,1530.000000,75.757591,97.767159,-661.294800,-445.779724,0.000049,0.000000,9.977331,6502,1,31,0
66.428185,0.009111,-0.326823,-1.066514,-0.000002,0.000007,0.009995,0.000083,-0.000412,-0.004687,-0.000042,-0.000008,-0.000002,10.000000,14.000000,-9.000000,0.033476,0.193338,-0.000002,0.000000,0.000000,0.000000,0.019820,1530.000000,75.757591,97.767159,-661.294800,-445.779724,0.000046,0.000000,9.977432,6502,1,31,0
66.430138,0.009111,-0.326823,-1.066494,-0.000002,0.000006,0.009997,0.000078,-0.000411,0.005980,-0.000042,-0.000008,-0.000002,10.000000,14.000000,-9.000000,0.033496,0.193338,-0.000002,0.000000,0.000000,0.000000,0.019820,1530.000000,75.757591,97.767159,-661.294800,-445.779724,0.000043,0.000000,9.977531,6502,1,31,0
66.432091,0.009111,-0.326823,-1.066474,-0.000002,0.000005,0.009998,0.000074,-0.000416,0.005922,-0.000043,-0.000007,-0.000002,10.000000,14.000000,-9.000000,0.033516,0.193338,-0.000002,0.000000,0.000000,0.000000,0.019820,1530.000000,75.757591,97.767159,-661.294800,-445.779724,0.000040,0.000000,9.977632,6502,1,31,0
66.434044,0.009111,-0.326823,-1.066454,-0.000002,0.000004,0.009999,0.000070,-0.000421,0.005869,-0.000043,-0.000007,-0.000002,10.000000,14.000000,-9.000000,0.033536,0.193338,-0.000002,0.000000,0.000000,0.000000,0.019820,1530.000000,75.757591,97.767159,-661.294800,-445.779724,0.000037,0.000000,9.977732,6502,1,31,0
66.435997,0.009111,-0.326823,-1.066434,-0.000001,0.000003,0.010000,0.000065,-0.000425,0.005821,-0.000044,-0.000006,-0.000001,10.000000,14.000000,-9.000000,0.033556,0.193338,-0.000002,0.000000,0.000000,0.000000,0.019820,1530.000000,75.757591,97.767159,-661.294800,-445.779724,0.000035,0.000000,9.977832,6502,1,31,0
66.437958,0.009111,-0.326823,-1.066414,-0.000001,0.000002,0.009991,0.000061,-0.000430,-0.004223,-0.000044,-0.000006,-0.000001,10.000000,14.000000,-9.000000,0.033576,0.193338,-0.000002,0.000000,0.000000,0.000000,0.019820,1530.000000,75.757591,97.767159,-661.294800,-445.779724,0.000033,0.000000,9.977932,6503,1,31,0
66.439911,0.009111,-0.326823,-1.066394,-0.000001,0.000001,0.009991,0.000056,-0.000432,-0.005095,-0.000044,-0.000005,-0.000001,10.000000,14.000000,-9.000000,0.033596,0.193338,-0.000002,0.000000,0.000000,0.000000,0.019820,1530.000000,75.757591,97.767159,-661.294800,-445.779724,0.000032,0.000000,9.978031,6503,0,31,0
66.441864,0.009111,-0.326823,-1.066374,-0.000001,0.000001,0.009992,0.000050,-0.000433,-0.005261,-0.000044,-0.000005,-0.000001,10.000000,14.000000,-9.000000,0.033616,0.193338,-0.000002,0.000000,0.000000,0.000000,0.019820,1530.000000,75.757591,97.767159,-661.294800,-445.779724,0.000030,0.000000,9.978131,6503,0,31,0
66.443817,0.009111,-0.326823,-1.066354,-0.000001,-0.000000,0.009992,0.000044,-0.000434,-0.005412,-0.000044,-0.000004,-0.000001,10.000000,14.000000,-9.000000,0.033636,0.193338,-0.000002,0.000000,0.000000,0.000000,0.019820,1530.000000,75.757591,97.767159,-661.294800,-445.779724,0.000029,0.000000,9.978231,6503,0,31,0
66.445770,0.009111,-0.326823,-1.066334,-0.000001,-0.000001,0.009991,0.000038,-0.000433,-0.005549,-0.000044,-0.000003,-0.000001,10.000000,14.000000,-9.000000,0.033656,0.193338,-0.000002,0.000000,0.000000,0.000000,0.019820,1530.000000,75.757591,97.767159,-661.294800,-445.779724,0.000027,0.000000,9.978332,6503,0,31,0
66.447723,0.009111,-0.326823,-1.066314,-0.000001,-0.000002,0.009991,0.000032,-0.000432,-0.005672,-0.000044,-0.000003,-0.000001,10.000000,14.000000,-9.000000,0.033676,0.193338,-0.000002,0.000000,0.000000,0.000000,0.019820,1530.000000,75.757591,97.767159,-661.294800,-445.779724,0.000026,0.000000,9.978432,6503,0,31,0
66.449677,0.009111,-0.326823,-1.066294,-0.000001,-0.000003,0.010000,0.000025,-0.000434,0.004216,-0.000044,-0.000002,-0.000001,10.000000,14.000000,-9.000000,0.033696,0.193338,-0.000002,0.000000,0.000000,0.000000,0.019820,1530.000000,75.757591,97.767159,-661.294800,-445.779724,0.000025,0.000000,9.978532,6503,0,31,0
66.451630,0.009111,-0.326823,-1.066274,-0.000001,-0.000004,0.009999,0.000019,-0.000433,0.004841,-0.000044,-0.000002,-0.000001,10.000000,15.000000,-7.000000,0.033716,0.193338,-0.000002,0.000000,0.000000,0.000000,0.019820,1514.000000,75.757591,97.767159,-661.294800,-445.779724,0.000024,0.000000,9.978632,6503,0,31,0
66.453583,0.009111,-0.326823,-1.066254,-0.000001,-0.000005,0.009998,0.000013,-0.000431,0.004748,-0.000044,-0.000001,-0.000001,10.000000,15.000000,-7.000000,0.033736,0.193338,-0.000002,0.000000,0.000000,-0.932999,0.019820,1514.000000,75.757591,97.767159,-661.294800,-445.779724,0.000023,0.000000,9.978732,6503,0,31,0
66.455544,0.009111,-0.326823,-1.066234,-0.000001,-0.000005,0.009996,0.000006,-0.000430,0.004665,-0.000044,-0.000000,-0.000001,10.000000,15.000000,-7.000000,0.033756,0.193338,-0.000002,0.000000,0.000000,0.000000,0.019820,1514.000000,75.757591,97.767159,-661.294800,-445.779724,0.000022,0.000000,9.978831,6503,0,31,0
66.457497,0.009111,-0.326823,-1.066214,-0.000001,-0.000006,0.009995,0.000001,-0.000427,0.004588,-0.000043,0.000000,-0.000001,10.000000,15.000000,-7.000000,0.033776,0.193338,-0.000002,0.000000,0.000000,0.000000,0.019820,1514.000000,75.757591,97.767159,-661.294800,-445.779724,0.000021,0.000000,9.978931,6503,0,31,0
66.459450,0.009111,-0.326823,-1.066194,-0.000001,-0.000007,0.009992,-0.000004,-0.000417,-0.006209,-0.000043,0.000001,-0.000001,10.000000,15.000000,-7.000000,0.033796,0.193338,-0.000002,0.000000,0.000000,0.000000,0.019820,1514.000000,75.757591,97.767159,-661.294800,-445.779724,0.000021,0.000000,9.979032,6503,0,31,0
66.461403,0.009111,-0.326823,-1.066174,-0.000001,-0.000008,0.009991,-0.000010,-0.000414,-0.006270,-0.000043,0.000001,-0.000001,10.000000,15.000000,-7.000000,0.033816,0.193338,-0.000002,0.000000,0.000000,0.000000,0.019820,1514.000000,75.757591,97.767159,-661.294800,-445.779724,0.000020,0.000000,9.979132,6503,0,31,0
66.463356,0.009111,-0.326823,-1.066154,-0.000001,-0.000009,0.009999,-0.000016,-0.000419,0.003674,-0.000043,0.000002,-0.000001,10.000000,15.000000,-7.000000,0.033836,0.193338,-0.000002,0.000000,0.000000,0.000000,0.019820,1514.000000,75.757591,97.767159,-661.294800,-445.779724,0.000020,0.000000,9.979231,6503,0,31,0
66.465309,0.009111,-0.326823,-1.066134,-0.000001,-0.000010,0.009997,-0.000021,-0.000416,0.004350,-0.000042,0.000002,-0.000001,10.000000,15.000000,-7.000000,0.033856,0.193338,-0.000002,0.000000,0.000000,0.000000,0.019820,1514.000000,75.757591,97.767159,-661.294800,-445.779724,0.000019,0.000000,9.979331,6503,0,31,0
66.467262,0.009111,-0.326823,-1.066114,-0.000001,-0.000010,0.009995,-0.000025,-0.000413,0.004302,-0.000042,0.000003,-0.000001,10.000000,15.000000,-7.000000,0.033876,0.193338,-0.000002,0.000000,0.000000,0.000000,0.019820,1514.000000,75.757591,97.767159,-661.294800,-445.779724,0.000019,0.000000,9.979431,6504,0,31,0
66.469215,0.009111,-0.326823,-1.066094,-0.000001,-0.000011,0.009992,-0.000029,-0.000397,-0.006574,-0.000041,0.000003,-0.000001,10.000000,15.000000,-7.000000,0.033896,0.193338,-0.000002,0.000000,0.000000,0.000000,0.019820,1514.000000,75.757591,97.767159,-661.294800,-445.779724,0.000018,0.000000,9.979531,6504,0,31,0
66.471169,0.009111,-0.326823,-1.066074,-0.000001,-0.000012,0.009999,-0.000034,-0.000404,0.003259,-0.000041,0.000004,-0.000001,10.000000,15.000000,-7.000000,0.033916,0.193338,-0.000002,0.000000,0.000000,0.000000,0.019820,1514.000000,75.757591,97.767159,-661.294800,-445.779724,0.000018,0.000000,9.979631,6504,0,31,0
66.473129,0.009111,-0.326823,-1.066054,-0.000001,-0.000013,0.009996,-0.000038,-0.000401,0.003833,-0.000041,0.000004,-0.000001,10.000000,15.000000,-7.000000,0.033936,0.193338,-0.000002,0.000000,0.000000,0.000000,0.019820,1514.000000,75.757591,97.767159,-661.294800,-445.779724,0.000018,0.000000,9.979732,6504,0,31,0
66.475082,0.009111,-0.326823,-1.066034,-0.000001,-0.000014,0.009992,-0.000040,-0.000382,-0.007034,-0.000040,0.000004,-0.000001,10.000000,15.000000,-7.000000,0.033956,0.193338,-0.000002,0.000000,0.000000,0.000000,0.019820,1514.000000,75.757591,97.767159,-661.294800,-445.779724,0.000017,0.000000,9.979832,6504,0,31,0
66.477036,0.009111,-0.326823,-1.066014,-0.000001,-0.000014,0.009998,-0.000044,-0.000392,0.002842,-0.000040,0.000005,-0.000001,10.000000,15.000000,-7.000000,0.033976,0.193338,-0.000002,0.000000,0.000000,0.000000,0.019820,1514.000000,75.757591,97.767159,-661.294800,-445.779724,0.000017,0.000000,9.979932,6504,0,31,0
66.478989,0.009111,-0.326823,-1.065994,-0.000001,-0.000015,0.009995,-0.000046,-0.000388,0.003454,-0.000039,0.000005,-0.000000,10.000000,15.000000,-7.000000,0.033996,0.193338,-0.000002,0.000000,0.000000,0.000000,0.019820,1514.000000,75.757591,97.767159,-661.294800,-445.779724,0.000017,0.000000,9.980031,6504,0,31,0
66.480942,0.009111,-0.326824,-1.065974,-0.000001,-0.000016,0.010000,-0.000049,-0.000383,0.002624,-0.000039,0.000005,-0.000000,10.000000,15.000000,-7.000000,0.034016,0.193338,-0.000002,0.000000,0.000000,0.000000,0.019820,1514.000000,75.757591,97.767159,-661.294800,-445.779724,0.000017,0.000000,9.980131,6504,0,31,0
66.482895,0.009111,-0.326824,-1.065954,-0.000002,-0.000017,0.009996,-0.000050,-0.000379,0.003257,-0.000038,0.000005,-0.000000,10.000000,15.000000,-7.000000,0.034036,0.193338,-0.000002,0.000000,0.000000,0.000000,0.019820,1514.000000,75.757591,97.767159,-661.294800,-445.779724,0.000016,0.000000,9.980231,6504,0,31,0
66.484848,0.009111,-0.326824,-1.065934,-0.000002,-0.000017,0.009991,-0.000050,-0.000356,-0.007556,-0.000038,0.000005,-0.000000,10.000000,15.000000,-7.000000,0.034056,0.193338,-0.000002,0.000000,0.000000,0.000000,0.019820,1514.000000,75.757591,97.767159,-661.294800,-445.779724,0.000016,0.000000,9.980331,6504,0,31,0
66.486801,0.009111,-0.326824,-1.065914,-0.000002,-0.000018,0.009996,-0.000052,-0.000368,0.002368,-0.000037,0.000005,-0.000000,10.000000,15.000000,-7.000000,0.034076,0.193338,-0.000002,0.000000,0.000000,0.000000,0.019820,1514.000000,75.757591,97.767159,-661.294800,-445.779724,0.000016,0.000000,9.980431,6504,0,31,0
66.488754,0.009111,-0.326824,-1.065894,-0.000002,-0.000019,0.009991,-0.000051,-0.000345,-0.007703,-0.000037,0.000005,-0.000000,10.000000,15.000000,-7.000000,0.034096,0.193338,-0.000002,0.000000,0.000000,0.000000,0.019820,1514.000000,75.757591,97.767159,-661.294800,-445.779724,0.000016,0.000000,9.980532,6504,0,31,0
66.490715,0.009111,-0.326824,-1.065874,-0.000002,-0.000020,0.009996,-0.000053,-0.000359,0.002234,-0.000036,0.000005,-0.000000,10.000000,15.000000,-7.000000,0.034116,0.193338,-0.000002,0.000000,0.000000,0.000000,0.019820,1514.000000,75.757591,97.767159,-661.294800,-445.779724,0.000016,0.000000,9.980631,6504,0,31,0
66.492668,0.009111,-0.326824,-1.065854,-0.000002,-0.000020,0.009990,-0.000050,-0.000333,-0.007824,-0.000036,0.000005,-0.000000,10.000000,15.000000,-7.000000,0.034136,0.193338,-0.000002,0.000000,0.000000,0.000000,0.019820,1514.000000,75.757591,97.767159,-661.294800,-445.779724,0.000016,0.000000,9.980732,6504,0,31,0
66.494621,0.009111,-0.326824,-1.065834,-0.000002,-0.000021,0.009995,-0.000051,-0.000349,0.002125,-0.000035,0.000005,-0.000000,10.000000,15.000000,-7.000000,0.034156,0.193338,-0.000002,0.000000,0.000000,0.000000,0.019820,1514.000000,75.757591,97.767159,-661.294800,-445.779724,0.000015,0.000000,9.980831,6504,0,31,0
66.496574,0.009111,-0.326824,-1.065814,-0.000002,-0.000022,0.010000,-0.000050,-0.000343,0.002078,-0.000035,0.000005,-0.000000,10.000000,15.000000,-7.000000,0.034176,0.193338,-0.000002,0.000000,0.000000,0.000000,0.019820,1514.000000,75.757591,97.767159,-661.294800,-445.779724,0.000015,0.000000,9.980931,6505,0,31,0
66.498528,0.009111,-0.326824,-1.065794,-0.000002,-0.000022,0.009994,-0.000048,-0.000340,0.002655,-0.000034,0.000005,-0.000000,10.000000,15.000000,-7.000000,0.034196,0.193338,-0.000002,0.000000,0.000000,0.000000,0.019820,1514.000000,75.757591,97.767159,-661.294800,-445.779724,0.000015,0.000000,9.981031,6505,0,31,0
66.500481,0.009111,-0.326824,-1.065774,-0.000002,-0.000023,0.009998,-0.000046,-0.000333,0.001759,-0.000034,0.000005,-0.000000,10.000000,15.000000,-7.000000,0.034216,0.193338,-0.000002,0.000000,0.000000,0.000000,0.019820,1514.000000,75.757591,97.767159,-661.294800,-445.779724,0.000015,0.000000,9.981131,6505,0,31,0
66.502434,0.009111,-0.326824,-1.065754,-0.000002,-0.000024,0.009991,-0.000040,-0.000304,-0.008396,-0.000033,0.000004,-0.000000,10.000000,15.000000,-7.000000,0.034236,0.193338,-0.000002,0.000000,0.000000,0.000000,0.019820,1514.000000,75.757591,97.767159,-661.294800,-445.779724,0.000015,0.000000,9.981231,6505,0,31,0
66.504387,0.009111,-0.326824,-1.065734,-0.000003,-0.000024,0.009995,-0.000039,-0.000323,0.001466,-0.000033,0.000004,-0.000000,10.000000,15.000000,-7.000000,0.034256,0.193338,-0.000002,0.000000,0.000000,0.000000,0.019820,1514.000000,75.757591,97.767159,-661.294800,-445.779724,0.000015,0.000000,9.981331,6505,0,31,0
66.506348,0.009111,-0.326824,-1.065714,-0.000003,-0.000025,0.009998,-0.000036,-0.000317,0.001340,-0.000032,0.000003,-0.000000,10.000000,15.000000,-7.000000,0.034276,0.193338,-0.000002,0.000000,0.000000,0.000000,0.019820,1514.000000,75.757591,97.767159,-661.294800,-445.779724,0.000015,0.000000,9.981431,6505,0,32,0
66.508301,0.009111,-0.326824,-1.065694,-0.000003,-0.000026,0.009990,-0.000028,-0.000286,-0.008773,-0.000032,0.000003,-0.000000,10.000000,15.000000,-7.000000,0.034296,0.193338,-0.000002,0.000000,0.000000,0.000000,0.019820,1514.000000,75.757591,97.767159,-661.294800,-445.779724,0.000015,0.000000,9.981531,6505,0,32,0
66.510254,0.009111,-0.326824,-1.065674,-0.000003,-0.000026,0.009993,-0.000026,-0.000307,0.001124,-0.000031,0.000002,0.000000,10.000000,15.000000,-9.000000,0.034316,0.193338,-0.000002,0.000000,0.000000,0.000000,0.019820,1512.000000,75.757591,97.767159,-661.294800,-445.779724,0.000015,0.000000,9.981631,6505,0,32,0
66.512207,0.009111,-0.326824,-1.065654,-0.000003,-0.000027,0.009995,-0.000021,-0.000301,0.001031,-0.000030,0.000002,0.000000,10.000000,15.000000,-9.000000,0.034336,0.149221,-0.000001,0.000000,0.000000,0.067000,-0.009867,1512.000000,0.000000,29.596901,-1130.710327,-671.034180,0.000015,0.000000,9.981731,6505,0,32,0
66.514160,0.009111,-0.326824,-1.065634,-0.000003,-0.000027,0.009997,-0.000016,-0.000296,0.000946,-0.000030,0.000001,0.000000,10.000000,15.000000,-9.000000,0.034356,0.149221,-0.000001,0.000000,0.000000,0.000000,-0.009867,1512.000000,0.000000,29.596901,-1130.710327,-671.034180,0.000015,0.000000,9.981831,6505,0,32,0
66.516113,0.009111,-0.326824,-1.065614,-0.000003,-0.000028,0.009999,-0.000011,-0.000290,0.000869,-0.000029,0.000001,0.000000,10.000000,15.000000,-9.000000,0.034376,0.149221,-0.000001,0.000000,0.000000,0.000000,-0.009867,1512.000000,0.000000,29.596901,-1130.710327,-671.034180,0.000015,0.000000,9.981931,6505,0,32,0
66.518066,0.009111,-0.326824,-1.065594,-0.000003,-0.000028,0.009991,-0.000002,-0.000256,-0.009201,-0.000029,0.000000,0.000000,10.000000,15.000000,-9.000000,0.034396,0.149221,-0.000001,0.000000,0.000000,0.000000,-0.009867,1512.000000,0.000000,29.596901,-1130.710327,-671.034180,0.000015,0.000000,9.982031,6505,0,32,0
66.520020,0.009111,-0.326824,-1.065574,-0.000003,-0.000029,0.009993,0.000000,-0.000279,0.000736,-0.000028,-0.000000,0.000000,10.000000,15.000000,-9.000000,0.034416,0.149221,-0.000001,0.000000,0.000000,0.000000,-0.009867,1512.000000,0.000000,29.596901,-1130.710327,-671.034180,0.000015,0.000000,9.982131,6505,0,32,0
66.521973,0.009111,-0.326824,-1.065554,-0.000003,-0.000030,0.009994,0.000006,-0.000274,0.000679,-0.000028,-0.000001,0.000000,10.000000,15.000000,-9.000000,0.034436,0.149221,-0.000001,0.000000,0.000000,0.000000,-0.009867,1512.000000,0.000000,29.596901,-1130.710327,-671.034180,0.000015,0.000000,9.982230,6505,0,32,0
66.523933,0.009111,-0.326825,-1.065534,-0.000003,-0.000030,0.009996,0.000011,-0.000269,0.000627,-0.000027,-0.000001,0.000000,10.000000,15.000000,-9.000000,0.034456,0.149221,-0.000001,0.000000,0.000000,0.000000,-0.009867,1512.000000,0.000000,29.596901,-1130.710327,-671.034180,0.000015,0.000000,9.982330,6505,0,32,0
66.525887,0.009111,-0.326825,-1.065514,-0.000003,-0.000031,0.009997,0.000016,-0.000263,0.000581,-0.000027,-0.000002,0.000000,10.000000,15.000000,-9.000000,0.034476,0.149221,-0.000001,0.000000,0.000000,0.000000,-0.009867,1512.000000,0.000000,29.596901,-1130.710327,-671.034180,0.000015,0.000000,9.982430,6505,0,32,0
66.527840,0.009111,-0.326825,-1.065494,-0.000003,-0.000031,0.009998,0.000021,-0.000258,0.000538,-0.000026,-0.000002,0.000000,10.000000,15.000000,-9.000000,0.034496,0.149221,-0.000001,0.000000,0.000000,0.000000,-0.009867,1512.000000,0.000000,29.596901,-1130.710327,-671.034180,0.000014,0.000000,9.982531,6506,0,32,0
66.529793,0.009111,-0.326825,-1.065474,-0.000003,-0.000032,0.009999,0.000025,-0.000252,0.000393,-0.000025,-0.000003,0.000000,10.000000,15.000000,-9.000000,0.034516,0.149221,-0.000001,0.000000,0.000000,0.000000,-0.009867,1512.000000,0.000000,29.596901,-1130.710327,-671.034180,0.000014,0.000000,9.982631,6506,0,32,0
66.531746,0.009111,-0.326825,-1.065454,-0.000003,-0.000032,0.009999,0.000029,-0.000246,0.000226,-0.000025,-0.000003,0.000000,10.000000,15.000000,-9.000000,0.034536,0.149221,-0.000001,0.000000,0.000000,0.000000,-0.009867,1512.000000,0.000000,29.596901,-1130.710327,-671.034180,0.000014,0.000000,9.982731,6506,0,32,0
66.533699,0.009111,-0.326825,-1.065434,-0.000003,-0.000033,0.009999,0.000033,-0.000241,0.000076,-0.000024,-0.000004,0.000000,10.000000,15.000000,-9.000000,0.034556,0.149221,-0.000001,0.000000,0.000000,0.000000,-0.009867,1512.000000,0.000000,29.596901,-1130.710327,-671.034180,0.000014,0.000000,9.982831,6506,0,32,0
66.535652,0.009111,-0.326825,-1.065414,-0.000003,-0.000033,0.009999,0.000036,-0.000235,-0.000061,-0.000024,-0.000004,0.000000,10.000000,15.000000,-9.000000,0.034576,0.149221,-0.000001,0.000000,0.000000,0.000000,-0.009867,1512.000000,0.000000,29.596901,-1130.710327,-671.034180,0.000014,0.000000,9.982930,6506,0,32,0
66.537605,0.009111,-0.326825,-1.065394,-0.000002,-0.000034,0.009999,0.000039,-0.000230,-0.000185,-0.000023,-0.000004,0.000000,10.000000,15.000000,-9.000000,0.034596,0.149221,-0.000001,0.000000,0.000000,0.000000,-0.009867,1512.000000,0.000000,29.596901,-1130.710327,-671.034180,0.000014,0.000000,9.983030,6506,0,32,0
66.539558,0.009110,-0.326825,-1.065374,-0.000002,-0.000034,0.009999,0.000042,-0.000224,-0.000297,-0.000023,-0.000004,0.000000,10.000000,15.000000,-9.000000,0.034616,0.149221,-0.000001,0.000000,0.000000,0.000000,-0.009867,1512.000000,0.000000,29.596901,-1130.710327,-671.034180,0.000014,0.000000,9.983130,6506,0,32,0
66.541519,0.009110,-0.326825,-1.065354,-0.000002,-0.000034,0.009998,0.000043,-0.000219,-0.000399,-0.000022,-0.000005,0.000000,10.000000,15.000000,-9.000000,0.034636,0.149221,-0.000001,0.000000,0.000000,0.000000,-0.009867,1512.000000,0.000000,29.596901,-1130.710327,-671.034180,0.000014,0.000000,9.983231,6506,0,32,0
66.543472,0.009110,-0.326825,-1.065334,-0.000002,-0.000035,0.009997,0.000045,-0.000213,-0.000491,-0.000021,-0.000005,0.000001,10.000000,15.000000,-9.000000,0.034656,0.149221,-0.000001,0.000000,0.000000,0.000000,-0.009867,1512.000000,0.000000,29.596901,-1130.710327,-671.034180,0.000014,0.000000,9.983330,6506,0,32,0
66.545425,0.009110,-0.326825,-1.065314,-0.000002,-0.000035,0.009996,0.000046,-0.000208,-0.000575,-0.000021,-0.000005,0.000001,10.000000,15.000000,-9.000000,0.034676,0.149221,-0.000001,0.000000,0.000000,0.000000,-0.009867,1512.000000,0.000000,29.596901,-1130.710327,-671.034180,0.000014,0.000000,9.983431,6506,0,32,0
66.547379,0.009110,-0.326825,-1.065294,-0.000002,-0.000036,0.009994,0.000046,-0.000202,-0.000651,-0.000020,-0.000005,0.000001,10.000000,15.000000,-9.000000,0.034696,0.149221,-0.000001,0.000000,0.000000,0.000000,-0.009867,1512.000000,0.000000,29.596901,-1130.710327,-671.034180,0.000014,0.000000,9.983530,6506,0,31,0
66.549332,0.009110,-0.326825,-1.065274,-0.000002,-0.000036,0.009993,0.000046,-0.000197,-0.000720,-0.000020,-0.000005,0.000001,10.000000,15.000000,-9.000000,0.034716,0.149221,-0.000001,0.000000,0.000000,0.000000,-0.009867,1512.000000,0.000000,29.596901,-1130.710327,-671.034180,0.000014,0.000000,9.983630,6506,0,31,0
66.551285,0.009110,-0.326825,-1.065254,-0.000002,-0.000037,0.009992,0.000045,-0.000191,-0.000783,-0.000019,-0.000005,0.000001,10.000000,15.000000,-9.000000,0.034736,0.149221,-0.000001,0.000000,0.000000,0.000000,-0.009867,1512.000000,0.000000,29.596901,-1130.710327,-671.034180,0.000014,0.000000,9.983730,6506,0,31,0
66.553238,0.009110,-0.326826,-1.065234,-0.000002,-0.000037,0.009990,0.000044,-0.000185,-0.000840,-0.000019,-0.000004,0.000001,10.000000,15.000000,-9.000000,0.034756,0.149221,-0.000001,0.000000,0.000000,0.000000,-0.009867,1512.000000,0.000000,29.596901,-1130.710327,-671.034180,0.000014,0.000000,9.983830,6506,0,31,0
66.555191,0.009110,-0.326826,-1.065214,-0.000002,-0.000037,0.009988,0.000043,-0.000180,-0.000891,-0.000018,-0.000004,0.000001,10.000000,15.000000,-9.000000,0.034776,0.149221,-0.000001,0.000000,0.000000,0.000000,-0.009867,1512.000000,0.000000,29.596901,-1130.710327,-671.034180,0.000014,0.000000,9.983930,6506,0,31,0
66.557144,0.009110,-0.326826,-1.065194,-0.000002,-0.000038,0.009986,0.000041,-0.000174,-0.000938,-0.000018,-0.000004,0.000001,10.000000,15.000000,-9.000000,0.034796,0.149221,-0.000001,0.000000,0.000000,0.000000,-0.009867,1512.000000,0.000000,29.596901,-1130.710327,-671.034180,0.000014,0.000000,9.984030,6507,0,31,0
66.559105,0.009110,-0.326826,-1.065174,-0.000002,-0.000038,0.009984,0.000040,-0.000169,-0.001087,-0.000017,-0.000004,0.000001,10.000000,15.000000,-9.000000,0.034816,0.149221,-0.000001,0.000000,0.000000,0.000000,-0.009867,1512.000000,0.000000,29.596901,-1130.710327,-671.034180,0.000014,0.000000,9.984130,6507,0,31,0
66.561058,0.009110,-0.326826,-1.065154,-0.000001,-0.000038,0.009982,0.000038,-0.000163,-0.001257,-0.000016,-0.000004,0.000001,10.000000,15.000000,-9.000000,0.034836,0.149221,-0.000001,0.000000,0.000000,0.000000,-0.009867,1512.000000,0.000000,29.596901,-1130.710327,-671.034180,0.000014,0.000000,9.984230,6507,0,31,0
66.563011,0.009110,-0.326826,-1.065134,-0.000001,-0.000039,0.009979,0.000036,-0.000158,-0.001410,-0.000016,-0.000004,0.000001,10.000000,15.000000,-9.000000,0.034856,0.149221,-0.000001,0.000000,0.000000,0.000000,-0.009867,1512.000000,0.000000,29.596901,-1130.710327,-671.034180,0.000014,0.000000,9.984329,6507,0,31,0
66.564964,0.009110,-0.326826,-1.065114,-0.000001,-0.000039,0.009976,0.000034,-0.000152,-0.001549,-0.000015,-0.000003,0.000001,10.000000,15.000000,-9.000000,0.034876,0.149221,-0.000001,0.000000,0.000000,0.000000,-0.009867,1512.000000,0.000000,29.596901,-1130.710327,-671.034180,0.000014,0.000000,9.984429,6507,0,31,0
66.566917,0.009110,-0.326826,-1.065094,-0.000001,-0.000039,0.009973,0.000032,-0.000146,-0.001676,-0.000015,-0.000003,0.000001,10.000000,15.000000,-9.000000,0.034896,0.149221,-0.000001,0.000000,0.000000,0.000000,-0.009867,1512.000000,0.000000,29.596901,-1130.710327,-671.034180,0.000014,0.000000,9.984529,6507,0,31,0
66.568871,0.009110,-0.326826,-1.065074,-0.000001,-0.000039,0.009969,0.000031,-0.000141,-0.001790,-0.000014,-0.000003,0.000001,10.000000,15.000000,-14.000000,0.034916,0.149221,-0.000001,0.000000,0.000000,0.000000,-0.009867,1488.000000,0.000000,29.596901,-1130.710327,-671.034180,0.000014,0.000000,9.984629,6507,0,31,0
66.570824,0.009110,-0.326826,-1.065054,-0.000001,-0.000040,0.009965,0.000029,-0.000135,-0.001894,-0.000014,-0.000003,0.000001,10.000000,15.000000,-14.000000,0.034936,0.091742,-0.000000,0.000000,0.000000,0.066000,-0.121701,1488.000000,-75.757576,-47.614037,-1147.842041,-841.925720,0.000014,0.000000,9.984729,6507,0,31,0
66.572777,0.009110,-0.326826,-1.065035,-0.000001,-0.000040,0.009962,0.000028,-0.000130,-0.001988,-0.000013,-0.000003,0.000001,10.000000,15.000000,-14.000000,0.034956,0.091742,-0.000000,0.000000,0.000000,0.000000,-0.121701,1488.000000,-75.757576,-47.614037,-1147.842041,-841.925720,0.000014,0.000000,9.984828,6507,0,31,0
66.574738,0.009110,-0.326826,-1.065014,-0.000001,-0.000040,0.009957,0.000027,-0.000124,-0.002073,-0.000012,-0.000003,0.000001,10.000000,15.000000,-14.000000,0.034976,0.091742,-0.000000,0.000000,0.000000,0.000000,-0.121701,1488.000000,-75.757576,-47.614037,-1147.842041,-841.925720,0.000014,0.000000,9.984928,6507,0,31,0
66.576691,0.009110,-0.326827,-1.064995,-0.000001,-0.000041,0.009953,0.000026,-0.000119,-0.002151,-0.000012,-0.000003,0.000001,10.000000,15.000000,-14.000000,0.034995,0.091742,-0.000000,0.000000,0.000000,0.000000,-0.121701,1488.000000,-75.757576,-47.614037,-1147.842041,-841.925720,0.000014,0.000000,9.985027,6507,0,31,0
66.578644,0.009110,-0.326827,-1.064975,-0.000001,-0.000041,0.009949,0.000025,-0.000113,-0.002221,-0.000011,-0.000003,0.000001,10.000000,15.000000,-14.000000,0.035015,0.091742,-0.000000,0.000000,0.000000,0.000000,-0.121701,1488.000000,-75.757576,-47.614037,-1147.842041,-841.925720,0.000014,0.000000,9.985126,6507,0,31,0
66.580597,0.009110,-0.326827,-1.064955,-0.000001,-0.000041,0.009944,0.000025,-0.000107,-0.002285,-0.000011,-0.000003,0.000001,10.000000,15.000000,-14.000000,0.035035,0.091742,-0.000000,0.000000,0.000000,0.000000,-0.121701,1488.000000,-75.757576,-47.614037,-1147.842041,-841.925720,0.000014,0.000000,9.985227,6507,0,31,0
66.582550,0.009110,-0.326827,-1.064935,-0.000001,-0.000041,0.009940,0.000025,-0.000102,-0.002342,-0.000010,-0.000003,0.000001,10.000000,15.000000,-14.000000,0.035055,0.091742,-0.000000,0.000000,0.000000,0.000000,-0.121701,1488.000000,-75.757576,-47.614037,-1147.842041,-841.925720,0.000014,0.000000,9.985326,6507,0,31,0
66.584503,0.009110,-0.326827,-1.064915,-0.000001,-0.000041,0.009935,0.000026,-0.000096,-0.002395,-0.000010,-0.000003,0.000001,10.000000,15.000000,-14.000000,0.035075,0.091742,-0.000000,0.000000,0.000000,0.000000,-0.121701,1488.000000,-75.757576,-47.614037,-1147.842041,-841.925720,0.000014,0.000000,9.985425,6507,0,31,0
66.586456,0.009110,-0.326827,-1.064895,-0.000001,-0.000042,0.009930,0.000026,-0.000091,-0.002443,-0.000009,-0.000003,0.000001,10.000000,15.000000,-14.000000,0.035095,0.091742,-0.000000,0.000000,0.000000,0.000000,-0.121701,1488.000000,-75.757576,-47.614037,-1147.842041,-841.925720,0.000014,0.000000,9.985524,6507,0,31,0
66.588409,0.009110,-0.326827,-1.064875,-0.000001,-0.000042,0.009925,0.000027,-0.000085,-0.002486,-0.000008,-0.000003,0.000001,10.000000,15.000000,-14.000000,0.035115,0.091742,-0.000000,0.000000,0.000000,0.000000,-0.121701,1488.000000,-75.757576,-47.614037,-1147.842041,-841.925720,0.000014,0.000000,9.985624,6508,0,31,0
66.590363,0.009110,-0.326827,-1.064856,-0.000001,-0.000042,0.009920,0.000029,-0.000080,-0.002631,-0.000008,-0.000003,0.000001,10.000000,15.000000,-14.000000,0.035135,0.091742,-0.000000,0.000000,0.000000,0.000000,-0.121701,1488.000000,-75.757576,-47.614037,-1147.842041,-841.925720,0.000014,0.000000,9.985723,6508,0,32,0
66.592323,0.009110,-0.326827,-1.064836,-0.000001,-0.000042,0.009914,0.000031,-0.000074,-0.002796,-0.000007,-0.000003,0.000001,10.000000,15.000000,-14.000000,0.035154,0.091742,-0.000000,0.000000,0.000000,0.000000,-0.121701,1488.000000,-75.757576,-47.614037,-1147.842041,-841.925720,0.000014,0.000000,9.985823,6508,0,32,0
66.594276,0.009110,-0.326827,-1.064816,-0.000000,-0.000042,0.009908,0.000033,-0.000068,-0.002946,-0.000007,-0.000004,0.000001,10.000000,15.000000,-14.000000,0.035174,0.091742,-0.000000,0.000000,0.000000,0.000000,-0.121701,1488.000000,-75.757576,-47.614037,-1147.842041,-841.925720,0.000014,0.000000,9.985921,6508,0,32,0
66.596230,0.009110,-0.326827,-1.064796,-0.000000,-0.000042,0.009902,0.000036,-0.000063,-0.003081,-0.000006,-0.000004,0.000001,10.000000,15.000000,-14.000000,0.035194,0.091742,-0.000000,0.000000,0.000000,0.000000,-0.121701,1488.000000,-75.757576,-47.614037,-1147.842041,-841.925720,0.000014,0.000000,9.986020,6508,0,32,0
66.598183,0.009110,-0.326827,-1.064776,-0.000000,-0.000042,0.009896,0.000038,-0.000057,-0.003204,-0.000006,-0.000004,0.000001,10.000000,15.000000,-14.000000,0.035214,0.091742,-0.000000,0.000000,0.000000,0.000000,-0.121701,1488.000000,-75.757576,-47.614037,-1147.842041,-841.925720,0.000014,0.000000,9.986119,6508,0,32,0
66.600136,0.009110,-0.326827,-1.064757,-0.000000,-0.000043,0.009889,0.000041,-0.000052,-0.003315,-0.000005,-0.000004,0.000001,10.000000,15.000000,-14.000000,0.035234,0.091742,-0.000000,0.000000,0.000000,0.000000,-0.121701,1488.000000,-75.757576,-47.614037,-1147.842041,-841.925720,0.000014,0.000000,9.986218,6508,0,32,0
66.602089,0.009110,-0.326828,-1.064737,-0.000000,-0.000043,0.009883,0.000044,-0.000046,-0.003416,-0.000004,-0.000005,0.000001,10.000000,15.000000,-14.000000,0.035253,0.091742,-0.000000,0.000000,0.000000,0.000000,-0.121701,1488.000000,-75.757576,-47.614037,-1147.842041,-841.925720,0.000014,0.000000,9.986317,6508,0,32,0
66.604042,0.009110,-0.326828,-1.064717,-0.000000,-0.000043,0.009876,0.000046,-0.000041,-0.003509,-0.000004,-0.000005,0.000001,10.000000,15.000000,-14.000000,0.035273,0.091742,-0.000000,0.000000,0.000000,0.000000,-0.121701,1488.000000,-75.757576,-47.614037,-1147.842041,-841.925720,0.000014,0.000000,9.986416,6508,0,32,0
66.605995,0.009110,-0.326828,-1.064697,0.000000,-0.000043,0.009869,0.000049,-0.000035,-0.003591,-0.000003,-0.000005,0.000001,10.000000,15.000000,-14.000000,0.035293,0.091742,-0.000000,0.000000,0.000000,0.000000,-0.121701,1488.000000,-75.757576,-47.614037,-1147.842041,-841.925720,0.000014,0.000000,9.986515,6508,0,32,0
66.607948,0.009110,-0.326828,-1.064677,0.000000,-0.000043,0.009861,0.000051,-0.000029,-0.003666,-0.000003,-0.000005,0.000001,10.000000,15.000000,-14.000000,0.035313,0.091742,-0.000000,0.000000,0.000000,0.000000,-0.121701,1488.000000,-75.757576,-47.614037,-1147.842041,-841.925720,0.000014,0.000000,9.986613,6508,0,32,0
66.609909,0.009110,-0.326828,-1.064658,0.000000,-0.000043,0.009854,0.000053,-0.000024,-0.003735,-0.000002,-0.000006,0.000001,10.000000,15.000000,-14.000000,0.035332,0.091742,-0.000000,0.000000,0.000000,0.000000,-0.121701,1488.000000,-75.757576,-47.614037,-1147.842041,-841.925720,0.000014,0.000000,9.986712,6508,0,32,0
66.611862,0.009110,-0.326828,-1.064638,0.000000,-0.000043,0.009846,0.000055,-0.000018,-0.003797,-0.000002,-0.000006,0.000002,10.000000,15.000000,-14.000000,0.035352,0.091742,-0.000000,0.000000,0.000000,0.000000,-0.121701,1488.000000,-75.757576,-47.614037,-1147.842041,-841.925720,0.000014,0.000000,9.986811,6508,0,32,0
66.613815,0.009110,-0.326828,-1.064618,0.000000,-0.000043,0.009839,0.000056,-0.000013,-0.003853,-0.000001,-0.000006,0.000002,10.000000,15.000000,-14.000000,0.035372,0.091742,-0.000000,0.000000,0.000000,0.000000,-0.121701,1488.000000,-75.757576,-47.614037,-1147.842041,-841.925720,0.000014,0.000000,9.986909,6508,0,32,0
66.615768,0.009110,-0.326828,-1.064599,0.000001,-0.000043,0.009831,0.000057,-0.000007,-0.003904,-0.000000,-0.000006,0.000002,10.000000,15.000000,-14.000000,0.035391,0.091742,-0.000000,0.000000,0.000000,0.000000,-0.121701,1488.000000,-75.757576,-47.614037,-1147.842041,-841.925720,0.000014,0.000000,9.987007,6508,0,32,0
66.617722,0.009110,-0.326828,-1.064579,0.000001,-0.000043,0.009823,0.000058,-0.000001,-0.003951,0.000000,-0.000006,0.000002,10.000000,15.000000,-14.000000,0.035411,0.091742,-0.000000,0.000000,0.000000,0.000000,-0.121701,1488.000000,-75.757576,-47.614037,-1147.842041,-841.925720,0.000014,0.000000,9.987105,6509,0,32,0
66.619675,0.009110,-0.326828,-1.064559,0.000001,-0.000043,0.009815,0.000058,0.000004,-0.004099,0.000001,-0.000006,0.000002,10.000000,15.000000,-14.000000,0.035431,0.091742,-0.000000,0.000000,0.000000,0.000000,-0.121701,1488.000000,-75.757576,-47.614037,-1147.842041,-841.925720,0.000014,0.000000,9.987203,6509,0,32,0
66.621628,0.009110,-0.326828,-1.064540,0.000001,-0.000043,0.009806,0.000058,0.000010,-0.004267,0.000001,-0.000006,0.000002,10.000000,15.000000,-14.000000,0.035450,0.091742,-0.000000,0.000000,0.000000,0.000000,-0.121701,1488.000000,-75.757576,-47.614037,-1147.842041,-841.925720,0.000014,0.000000,9.987301,6509,0,32,0
66.623581,0.009110,-0.326829,-1.064520,0.000001,-0.000043,0.009798,0.000058,0.000015,-0.004420,0.000002,-0.000006,0.000002,10.000000,15.000000,-14.000000,0.035470,0.091742,-0.000000,0.000000,0.000000,0.000000,-0.121701,1488.000000,-75.757576,-47.614037,-1147.842041,-841.925720,0.000014,0.000000,9.987399,6509,0,32,0
66.625542,0.009110,-0.326829,-1.064501,0.000001,-0.000043,0.009789,0.000057,0.000021,-0.004558,0.000002,-0.000006,0.000002,10.000000,15.000000,-14.000000,0.035490,0.091742,-0.000000,0.000000,0.000000,0.000000,-0.121701,1488.000000,-75.757576,-47.614037,-1147.842041,-841.925720,0.000014,0.000000,9.987496,6509,0,31,0
66.627495,0.009110,-0.326829,-1.064481,0.000001,-0.000043,0.009779,0.000055,0.000026,-0.004685,0.000003,-0.000006,0.000002,10.000000,15.000000,-14.000000,0.035509,0.091742,-0.000000,0.000000,0.000000,0.000000,-0.121701,1488.000000,-75.757576,-47.614037,-1147.842041,-841.925720,0.000014,0.000000,9.987595,6509,0,31,0
66.629448,0.009110,-0.326829,-1.064462,0.000001,-0.000043,0.009770,0.000053,0.000032,-0.004799,0.000004,-0.000005,0.000002,10.000000,15.000000,-14.000000,0.035529,0.091742,-0.000000,0.000000,0.000000,0.000000,-0.121701,1488.000000,-75.757576,-47.614037,-1147.842041,-841.925720,0.000014,0.000000,9.987693,6509,0,31,0
66.631401,0.009110,-0.326829,-1.064442,0.000001,-0.000043,0.009760,0.000051,0.000038,-0.004903,0.000004,-0.000005,0.000002,10.000000,15.000000,-14.000000,0.035548,0.091742,-0.000000,0.000000,0.000000,0.000000,-0.121701,1488.000000,-75.757576,-47.614037,-1147.842041,-841.925720,0.000014,0.000000,9.987790,6509,0,31,0
66.633354,0.009110,-0.326829,-1.064422,0.000002,-0.000043,0.009750,0.000048,0.000043,-0.004997,0.000005,-0.000005,0.000002,10.000000,15.000000,-14.000000,0.035568,0.091742,-0.000000,0.000000,0.000000,0.000000,-0.121701,1488.000000,-75.757576,-47.614037,-1147.842041,-841.925720,0.000014,0.000000,9.987887,6509,0,31,0
66.635307,0.009110,-0.326829,-1.064403,0.000002,-0.000043,0.009740,0.000045,0.000049,-0.005082,0.000005,-0.000004,0.000002,10.000000,15.000000,-14.000000,0.035587,0.091742,-0.000000,0.000000,0.000000,0.000000,-0.121701,1488.000000,-75.757576,-47.614037,-1147.842041,-841.925720,0.000014,0.000000,9.987985,6509,0,31,0
66.637260,0.009110,-0.326829,-1.064384,0.000002,-0.000042,0.009730,0.000042,0.000054,-0.005159,0.000006,-0.000004,0.000002,10.000000,15.000000,-14.000000,0.035607,0.091742,-0.000000,0.000000,0.000000,0.000000,-0.121701,1488.000000,-75.757576,-47.614037,-1147.842041,-841.925720,0.000014,0.000000,9.988083,6509,0,31,0
66.639214,0.009110,-0.326829,-1.064364,0.000002,-0.000042,0.009719,0.000039,0.000060,-0.005230,0.000006,-0.000004,0.000002,10.000000,15.000000,-14.000000,0.035626,0.091742,-0.000000,0.000000,0.000000,0.000000,-0.121701,1488.000000,-75.757576,-47.614037,-1147.842041,-841.925720,0.000014,0.000000,9.988180,6509,0,31,0
66.641167,0.009110,-0.326829,-1.064345,0.000002,-0.000042,0.009709,0.000036,0.000066,-0.005293,0.000007,-0.000004,0.000002,10.000000,15.000000,-14.000000,0.035646,0.091742,-0.000000,0.000000,0.000000,0.000000,-0.121701,1488.000000,-75.757576,-47.614037,-1147.842041,-841.925720,0.000014,0.000000,9.988277,6509,0,31,0
66.643127,0.009110,-0.326829,-1.064325,0.000002,-0.000042,0.009698,0.000033,0.000071,-0.005351,0.000008,-0.000003,0.000002,10.000000,15.000000,-14.000000,0.035665,0.091742,-0.000000,0.000000,0.000000,0.000000,-0.121701,1488.000000,-75.757576,-47.614037,-1147.842041,-841.925720,0.000014,0.000000,9.988374,6509,0,31,0
66.645081,0.009110,-0.326829,-1.064306,0.000002,-0.000042,0.009687,0.000030,0.000077,-0.005403,0.000008,-0.000003,0.000002,10.000000,15.000000,-14.000000,0.035684,0.091742,-0.000000,0.000000,0.000000,0.000000,-0.121701,1488.000000,-75.757576,-47.614037,-1147.842041,-841.925720,0.000014,0.000000,9.988471,6509,0,31,0
66.647034,0.009110,-0.326830,-1.064287,0.000002,-0.000042,0.009676,0.000028,0.000082,-0.005451,0.000009,-0.000003,0.000002,10.000000,15.000000,-23.000000,0.035704,0.091742,-0.000000,0.000000,0.000000,0.000000,-0.121701,1476.000000,-75.757576,-47.614037,-1147.842041,-841.925720,0.000014,0.000000,9.988568,6509,0,31,0
66.648987,0.009110,-0.326830,-1.064267,0.000002,-0.000042,0.009665,0.000025,0.000088,-0.005494,0.000009,-0.000002,0.000002,10.000000,15.000000,-23.000000,0.035723,0.059075,0.000001,0.000000,0.000000,0.067000,-0.060549,1476.000000,-134.328354,-118.277344,-874.190674,-880.700256,0.000014,0.000000,9.988665,6510,0,31,0
66.650940,0.009110,-0.326830,-1.064248,0.000002,-0.000041,0.009654,0.000023,0.000093,-0.005640,0.000010,-0.000002,0.000002,10.000000,15.000000,-23.000000,0.035742,0.059075,0.000001,0.000000,0.000000,0.000000,-0.060549,1476.000000,-134.328354,-118.277344,-874.190674,-880.700256,0.000014,0.000000,9.988761,6510,0,31,0
66.652893,0.009110,-0.326830,-1.064229,0.000002,-0.000041,0.009643,0.000020,0.000099,-0.005807,0.000010,-0.000002,0.000002,10.000000,15.000000,-23.000000,0.035762,0.059075,0.000001,0.000000,0.000000,0.000000,-0.060549,1476.000000,-134.328354,-118.277344,-874.190674,-880.700256,0.000014,0.000000,9.988857,6510,0,31,0
66.654846,0.009110,-0.326830,-1.064209,0.000002,-0.000041,0.009631,0.000019,0.000105,-0.005957,0.000011,-0.000002,0.000002,10.000000,15.000000,-23.000000,0.035781,0.059075,0.000001,0.000000,0.000000,0.000000,-0.060549,1476.000000,-134.328354,-118.277344,-874.190674,-880.700256,0.000014,0.000000,9.988955,6510,0,31,0
66.656799,0.009110,-0.326830,-1.064190,0.000002,-0.000041,0.009619,0.000017,0.000110,-0.006093,0.000012,-0.000002,0.000002,10.000000,15.000000,-23.000000,0.035800,0.059075,0.000001,0.000000,0.000000,0.000000,-0.060549,1476.000000,-134.328354,-118.277344,-874.190674,-880.700256,0.000014,0.000000,9.989050,6510,0,31,0
66.658752,0.009110,-0.326830,-1.064171,0.000002,-0.000041,0.009606,0.000016,0.000116,-0.006217,0.000012,-0.000002,0.000002,10.000000,15.000000,-23.000000,0.035820,0.059075,0.000001,0.000000,0.000000,0.000000,-0.060549,1476.000000,-134.328354,-118.277344,-874.190674,-880.700256,0.000014,0.000000,9.989145,6510,0,31,0
66.660713,0.009111,-0.326830,-1.064152,0.000002,-0.000040,0.009594,0.000015,0.000121,-0.006330,0.000013,-0.000001,0.000002,10.000000,15.000000,-23.000000,0.035839,0.059075,0.000001,0.000000,0.000000,0.000000,-0.060549,1476.000000,-134.328354,-118.277344,-874.190674,-880.700256,0.000014,0.000000,9.989242,6510,0,31,0
66.662666,0.009111,-0.326830,-1.064133,0.000002,-0.000040,0.009581,0.000014,0.000127,-0.006431,0.000013,-0.000001,0.000002,10.000000,15.000000,-23.000000,0.035858,0.059075,0.000001,0.000000,0.000000,0.000000,-0.060549,1476.000000,-134.328354,-118.277344,-874.190674,-880.700256,0.000014,0.000000,9.989338,6510,0,31,0
66.664619,0.009111,-0.326830,-1.064113,0.000002,-0.000040,0.009568,0.000014,0.000133,-0.006524,0.000014,-0.000001,0.000002,10.000000,15.000000,-23.000000,0.035877,0.059075,0.000001,0.000000,0.000000,0.000000,-0.060549,1476.000000,-134.328354,-118.277344,-874.190674,-880.700256,0.000014,0.000000,9.989433,6510,0,31,0
66.666573,0.009111,-0.326830,-1.064094,0.000002,-0.000039,0.009555,0.000014,0.000138,-0.006608,0.000014,-0.000001,0.000002,10.000000,15.000000,-23.000000,0.035896,0.059075,0.000001,0.000000,0.000000,0.000000,-0.060549,1476.000000,-134.328354,-118.277344,-874.190674,-880.700256,0.000014,0.000000,9.989529,6510,0,31,0
66.668526,0.009111,-0.326830,-1.064075,0.000002,-0.000039,0.009541,0.000015,0.000144,-0.006684,0.000015,-0.000002,0.000002,10.000000,15.000000,-23.000000,0.035915,0.059075,0.000001,0.000000,0.000000,0.000000,-0.060549,1476.000000,-134.328354,-118.277344,-874.190674,-880.700256,0.000014,0.000000,9.989624,6510,0,31,0
66.670479,0.009111,-0.326831,-1.064056,0.000003,-0.000039,0.009528,0.000016,0.000149,-0.006753,0.000016,-0.000002,0.000002,10.000000,15.000000,-23.000000,0.035934,0.059075,0.000001,0.000000,0.000000,0.000000,-0.060549,1476.000000,-134.328354,-118.277344,-874.190674,-880.700256,0.000014,0.000000,9.989719,6510,0,32,0
66.672432,0.009111,-0.326831,-1.064037,0.000003,-0.000039,0.009514,0.000018,0.000155,-0.006815,0.000016,-0.000002,0.000002,10.000000,15.000000,-23.000000,0.035953,0.059075,0.000001,0.000000,0.000000,0.000000,-0.060549,1476.000000,-134.328354,-118.277344,-874.190674,-880.700256,0.000014,0.000000,9.989815,6510,0,32,0
66.674385,0.009111,-0.326831,-1.064018,0.000003,-0.000038,0.009501,0.000019,0.000160,-0.006872,0.000017,-0.000002,0.000002,10.000000,15.000000,-23.000000,0.035972,0.059075,0.000001,0.000000,0.000000,0.000000,-0.060549,1476.000000,-134.328354,-118.277344,-874.190674,-880.700256,0.000014,0.000000,9.989910,6510,0,32,0
66.676346,0.009111,-0.326831,-1.063999,0.000003,-0.000038,0.009487,0.000022,0.000166,-0.006923,0.000017,-0.000002,0.000002,10.000000,15.000000,-23.000000,0.035991,0.059075,0.000001,0.000000,0.000000,0.000000,-0.060549,1476.000000,-134.328354,-118.277344,-874.190674,-880.700256,0.000014,0.000000,9.990005,6510,0,32,0
66.678299,0.009111,-0.326831,-1.063980,0.000003,-0.000038,0.009473,0.000024,0.000172,-0.006969,0.000018,-0.000003,0.000002,10.000000,15.000000,-23.000000,0.036010,0.059075,0.000001,0.000000,0.000000,0.000000,-0.060549,1476.000000,-134.328354,-118.277344,-874.190674,-880.700256,0.000014,0.000000,9.990100,6510,0,32,0
66.680252,0.009111,-0.326831,-1.063961,0.000003,-0.000037,0.009459,0.000026,0.000177,-0.007010,0.000018,-0.000003,0.000002,10.000000,15.000000,-23.000000,0.036029,0.059075,0.000001,0.000000,0.000000,0.000000,-0.060549,1476.000000,-134.328354,-118.277344,-874.190674,-880.700256,0.000014,0.000000,9.990194,6511,0,32,0
66.682205,0.009111,-0.326831,-1.063942,0.000003,-0.000037,0.009445,0.000029,0.000183,-0.007154,0.000019,-0.000003,0.000003,10.000000,15.000000,-23.000000,0.036048,0.059075,0.000001,0.000000,0.000000,0.000000,-0.060549,1476.000000,-134.328354,-118.277344,-874.190674,-880.700256,0.000014,0.000000,9.990290,6511,0,32,0
66.684158,0.009111,-0.326831,-1.063923,0.000003,-0.000037,0.009430,0.000031,0.000188,-0.007320,0.000019,-0.000003,0.000003,10.000000,15.000000,-23.000000,0.036067,0.059075,0.000001,0.000000,0.000000,0.000000,-0.060549,1476.000000,-134.328354,-118.277344,-874.190674,-880.700256,0.000014,0.000000,9.990383,6511,0,32,0
66.686111,0.009111,-0.326831,-1.063905,0.000003,-0.000036,0.009415,0.000033,0.000194,-0.007469,0.000020,-0.000003,0.000003,10.000000,15.000000,-23.000000,0.036086,0.059075,0.000001,0.000000,0.000000,0.000000,-0.060549,1476.000000,-134.328354,-118.277344,-874.190674,-880.700256,0.000014,0.000000,9.990477,6511,0,32,0
66.688065,0.009111,-0.326831,-1.063886,0.000003,-0.000036,0.009400,0.000035,0.000200,-0.007604,0.000021,-0.000004,0.000003,10.000000,15.000000,-23.000000,0.036105,0.059075,0.000001,0.000000,0.000000,0.000000,-0.060549,1476.000000,-134.328354,-118.277344,-874.190674,-880.700256,0.000014,0.000000,9.990571,6511,0,32,0
66.690018,0.009111,-0.326831,-1.063867,0.000003,-0.000035,0.009385,0.000037,0.000205,-0.007727,0.000021,-0.000004,0.000003,10.000000,15.000000,-23.000000,0.036124,0.059075,0.000001,0.000000,0.000000,0.000000,-0.060549,1476.000000,-134.328354,-118.277344,-874.190674,-880.700256,0.000014,0.000000,9.990665,6511,0,32,0
66.691971,0.009111,-0.326831,-1.063848,0.000003,-0.000035,0.009369,0.000039,0.000211,-0.007838,0.000022,-0.000004,0.000003,10.000000,15.000000,-23.000000,0.036142,0.059075,0.000001,0.000000,0.000000,0.000000,-0.060549,1476.000000,-134.328354,-118.277344,-874.190674,-880.700256,0.000014,0.000000,9.990759,6511,0,32,0
66.693932,0.009111,-0.326831,-1.063830,0.000003,-0.000034,0.009353,0.000040,0.000216,-0.007940,0.000022,-0.000004,0.000003,10.000000,15.000000,-23.000000,0.036161,0.059075,0.000001,0.000000,0.000000,0.000000,-0.060549,1476.000000,-134.328354,-118.277344,-874.190674,-880.700256,0.000014,0.000000,9.990852,6511,0,32,0
66.695885,0.009111,-0.326831,-1.063811,0.000003,-0.000034,0.009337,0.000041,0.000222,-0.008032,0.000023,-0.000004,0.000003,10.000000,15.000000,-23.000000,0.036180,0.059075,0.000001,0.000000,0.000000,0.000000,-0.060549,1476.000000,-134.328354,-118.277344,-874.190674,-880.700256,0.000014,0.000000,9.990946,6511,0,32,0
66.697838,0.009111,-0.326832,-1.063792,0.000003,-0.000034,0.009321,0.000041,0.000227,-0.008115,0.000023,-0.000004,0.000003,10.000000,15.000000,-23.000000,0.036198,0.059075,0.000001,0.000000,0.000000,0.000000,-0.060549,1476.000000,-134.328354,-118.277344,-874.190674,-880.700256,0.000014,0.000000,9.991039,6511,0,32,0
66.699791,0.009111,-0.326832,-1.063774,0.000003,-0.000033,0.009305,0.000042,0.000233,-0.008191,0.000024,-0.000004,0.000003,10.000000,15.000000,-23.000000,0.036217,0.059075,0.000001,0.000000,0.000000,0.000000,-0.060549,1476.000000,-134.328354,-118.277344,-874.190674,-880.700256,0.000014,0.000000,9.991133,6511,0,32,0
66.701744,0.009111,-0.326832,-1.063755,0.000004,-0.000033,0.009288,0.000041,0.000239,-0.008259,0.000025,-0.000004,0.000003,10.000000,15.000000,-23.000000,0.036236,0.059075,0.000001,0.000000,0.000000,0.000000,-0.060549,1476.000000,-134.328354,-118.277344,-874.190674,-880.700256,0.000014,0.000000,9.991225,6511,0,32,0
66.703697,0.009111,-0.326832,-1.063737,0.000004,-0.000032,0.009271,0.000041,0.000244,-0.008322,0.000025,-0.000004,0.000003,10.000000,15.000000,-23.000000,0.036254,0.059075,0.000001,0.000000,0.000000,0.000000,-0.060549,1476.000000,-134.328354,-118.277344,-874.190674,-880.700256,0.000014,0.000000,9.991319,6511,0,32,0
66.705650,0.009111,-0.326832,-1.063718,0.000004,-0.000032,0.009255,0.000039,0.000250,-0.008378,0.000026,-0.000004,0.000003,10.000000,14.000000,-34.000000,0.036273,0.059075,0.000001,0.000000,0.000000,0.000000,-0.060549,1448.000000,-134.328354,-118.277344,-874.190674,-880.700256,0.000014,0.000000,9.991411,6511,0,31,0
66.707603,0.009111,-0.326832,-1.063699,0.000004,-0.000031,0.009238,0.000038,0.000255,-0.008430,0.000026,-0.000004,0.000003,10.000000,14.000000,-34.000000,0.036291,0.016011,0.000001,0.000000,0.000000,0.067000,-0.143615,1448.000000,-164.179138,-166.733337,-445.534180,-768.811829,0.000014,0.000000,9.991503,6511,0,31,0
66.709557,0.009111,-0.326832,-1.063681,0.000004,-0.000031,0.009221,0.000036,0.000261,-0.008477,0.000027,-0.000004,0.000003,10.000000,14.000000,-34.000000,0.036310,0.016011,0.000001,0.000000,0.000000,0.000000,-0.143615,1448.000000,-164.179138,-166.733337,-445.534180,-768.811829,0.000014,0.000000,9.991594,6511,0,31,0
66.711517,0.009111,-0.326832,-1.063663,0.000004,-0.000030,0.009204,0.000033,0.000267,-0.008519,0.000027,-0.000003,0.000003,10.000000,14.000000,-34.000000,0.036328,0.016011,0.000001,0.000000,0.000000,0.000000,-0.143615,1448.000000,-164.179138,-166.733337,-445.534180,-768.811829,0.000014,0.000000,9.991687,6512,0,31,0
66.713470,0.009111,-0.326832,-1.063644,0.000004,-0.000030,0.009187,0.000030,0.000272,-0.008664,0.000028,-0.000003,0.000003,10.000000,14.000000,-34.000000,0.036347,0.016011,0.000001,0.000000,0.000000,0.000000,-0.143615,1448.000000,-164.179138,-166.733337,-445.534180,-768.811829,0.000014,0.000000,9.991779,6512,0,31,0
66.715424,0.009111,-0.326832,-1.063626,0.000004,-0.000029,0.009169,0.000028,0.000278,-0.008829,0.000029,-0.000003,0.000003,10.000000,14.000000,-34.000000,0.036365,0.016011,0.000001,0.000000,0.000000,0.000000,-0.143615,1448.000000,-164.179138,-166.733337,-445.534180,-768.811829,0.000014,0.000000,9.991871,6512,0,31,0
66.717377,0.009111,-0.326832,-1.063608,0.000004,-0.000028,0.009151,0.000025,0.000283,-0.008980,0.000029,-0.000002,0.000003,10.000000,14.000000,-34.000000,0.036383,0.016011,0.000001,0.000000,0.000000,0.000000,-0.143615,1448.000000,-164.179138,-166.733337,-445.534180,-768.811829,0.000014,0.000000,9.991962,6512,0,31,0
66.719330,0.009111,-0.326832,-1.063589,0.000004,-0.000028,0.009133,0.000022,0.000289,-0.009115,0.000030,-0.000002,0.000003,10.000000,14.000000,-34.000000,0.036402,0.016011,0.000001,0.000000,0.000000,0.000000,-0.143615,1448.000000,-164.179138,-166.733337,-445.534180,-768.811829,0.000014,0.000000,9.992054,6512,0,31,0
66.721283,0.009111,-0.326832,-1.063571,0.000004,-0.000027,0.009115,0.000018,0.000294,-0.009239,0.000030,-0.000002,0.000003,10.000000,14.000000,-34.000000,0.036420,0.016011,0.000001,0.000000,0.000000,0.000000,-0.143615,1448.000000,-164.179138,-166.733337,-445.534180,-768.811829,0.000014,0.000000,9.992146,6512,0,31,-1
66.723236,0.009111,-0.326832,-1.063553,0.000004,-0.000027,0.009096,0.000015,0.000302,-0.009350,0.000031,-0.000001,0.000003,10.000000,14.000000,-34.000000,0.036438,0.016011,0.000001,0.000000,0.000000,0.000000,-0.143615,1448.000000,-164.179138,-166.733337,-445.534180,-768.811829,0.000007,0.000000,9.992236,6512,0,31,-1
66.725189,0.009111,-0.326832,-1.063535,0.000004,-0.000026,0.009077,0.000013,0.000307,-0.009451,0.000031,-0.000001,0.000003,10.000000,14.000000,-34.000000,0.036456,0.016011,0.000001,0.000000,0.000000,0.000000,-0.143615,1448.000000,-164.179138,-166.733337,-445.534180,-768.811829,-0.000007,0.000000,9.992328,6512,0,31,-1
66.727142,0.009111,-0.326832,-1.063517,0.000004,-0.000025,0.009058,0.000010,0.000313,-0.009542,0.000032,-0.000001,0.000003,10.000000,14.000000,-34.000000,0.036474,0.016011,0.000001,0.000000,0.000000,0.000000,-0.143615,1448.000000,-164.179138,-166.733337,-445.534180,-768.811829,-0.000019,0.000000,9.992418,6512,0,31,-1
66.729103,0.009111,-0.326832,-1.063498,0.000004,-0.000025,0.009039,0.000007,0.000318,-0.009626,0.000033,-0.000001,0.000003,10.000000,14.000000,-34.000000,0.036492,0.016011,0.000001,0.000000,0.000000,0.000000,-0.143615,1448.000000,-164.179138,-166.733337,-445.534180,-768.811829,-0.000031,0.000000,9.992508,6512,0,31,-1
66.731056,0.009111,-0.326833,-1.063480,0.000004,-0.000024,0.009020,0.000004,0.000324,-0.009701,0.000033,-0.000000,0.000003,10.000000,14.000000,-34.000000,0.036511,0.016011,0.000001,0.000000,0.000000,0.000000,-0.143615,1448.000000,-164.179138,-166.733337,-445.534180,-768.811829,-0.000042,0.000000,9.992599,6512,0,31,-1
66.733009,0.009111,-0.326833,-1.063462,0.000004,-0.000024,0.009000,0.000001,0.000329,-0.009770,0.000034,0.000000,0.000003,10.000000,14.000000,-34.000000,0.036529,0.016011,0.000001,0.000000,0.000000,0.000000,-0.143615,1448.000000,-164.179138,-166.733337,-445.534180,-768.811829,-0.000052,0.000000,9.992688,6512,0,31,-1
66.734962,0.009111,-0.326833,-1.063444,0.000004,-0.000023,0.008980,-0.000001,0.000335,-0.009831,0.000034,0.000000,0.000003,10.000000,14.000000,-34.000000,0.036547,0.016011,0.000001,0.000000,0.000000,0.000000,-0.143615,1448.000000,-164.179138,-166.733337,-445.534180,-768.811829,-0.000062,0.000000,9.992778,6512,0,31,-1
66.736916,0.009111,-0.326833,-1.063426,0.000004,-0.000022,0.008961,-0.000004,0.000340,-0.009888,0.000035,0.000001,0.000002,10.000000,14.000000,-34.000000,0.036564,0.016011,0.000001,0.000000,0.000000,0.000000,-0.143615,1448.000000,-164.179138,-166.733337,-445.534180,-768.811829,-0.000071,0.000000,9.992867,6512,0,31,0
66.738869,0.009111,-0.326833,-1.063409,0.000004,-0.000021,0.008941,-0.000007,0.000344,-0.009938,0.000035,0.000001,0.000002,10.000000,14.000000,-34.000000,0.036582,0.016011,0.000001,0.000000,0.000000,0.000000,-0.143615,1448.000000,-164.179138,-166.733337,-445.534180,-768.811829,-0.000072,0.000000,9.992957,6512,0,31,0
66.740822,0.009111,-0.326833,-1.063391,0.000004,-0.000021,0.008921,-0.000010,0.000350,-0.009985,0.000036,0.000001,0.000002,10.000000,14.000000,-34.000000,0.036600,0.016011,0.000001,0.000000,0.000000,0.000000,-0.143615,1448.000000,-164.179138,-166.733337,-445.534180,-768.811829,-0.000066,0.000000,9.993047,6512,0,31,0
66.742775,0.009111,-0.326833,-1.063373,0.000004,-0.000020,0.008901,-0.000012,0.000355,-0.010027,0.000037,0.000001,0.000002,10.000000,14.000000,-34.000000,0.036618,0.016011,0.000001,0.000000,0.000000,0.000000,-0.143615,1448.000000,-164.179138,-166.733337,-445.534180,-768.811829,-0.000061,0.000000,9.993135,6512,0,31,0
66.744736,0.009111,-0.326833,-1.063355,0.000004,-0.000019,0.008881,-0.000015,0.000361,-0.010065,0.000037,0.000002,0.000002,10.000000,14.000000,-34.000000,0.036636,0.016011,0.000001,0.000000,0.000000,0.000000,-0.143615,1448.000000,-164.179138,-166.733337,-445.534180,-768.811829,-0.000057,0.000000,9.993224,6513,0,31,0
66.746689,0.009111,-0.326833,-1.063337,0.000004,-0.000019,0.008860,-0.000017,0.000366,-0.010206,0.000038,0.000002,0.000002,10.000000,14.000000,-34.000000,0.036654,0.016011,0.000001,0.000000,0.000000,0.000000,-0.143615,1448.000000,-164.179138,-166.733337,-445.534180,-768.811829,-0.000052,0.000000,9.993314,6513,0,31,0
66.748642,0.009111,-0.326833,-1.063320,0.000004,-0.000018,0.008840,-0.000019,0.000372,-0.010367,0.000038,0.000002,0.000002,10.000000,14.000000,-34.000000,0.036671,0.016011,0.000001,0.000000,0.000000,0.000000,-0.143615,1448.000000,-164.179138,-166.733337,-445.534180,-768.811829,-0.000049,0.000000,9.993402,6513,0,31,0
66.750595,0.009111,-0.326833,-1.063302,0.000004,-0.000017,0.008819,-0.000021,0.000378,-0.010514,0.000039,0.000002,0.000002,10.000000,14.000000,-34.000000,0.036689,0.016011,0.000001,0.000000,0.000000,0.000000,-0.143615,1448.000000,-164.179138,-166.733337,-445.534180,-768.811829,-0.000045,0.000000,9.993489,6513,0,31,0
66.752548,0.009111,-0.326833,-1.063285,0.000004,-0.000016,0.008798,-0.000023,0.000383,-0.010647,0.000039,0.000002,0.000002,10.000000,14.000000,-34.000000,0.036707,0.016011,0.000001,0.000000,0.000000,0.000000,-0.143615,1448.000000,-164.179138,-166.733337,-445.534180,-768.811829,-0.000042,0.000000,9.993578,6513,0,31,0
66.754501,0.009111,-0.326833,-1.063267,0.000004,-0.000016,0.008776,-0.000024,0.000389,-0.010768,0.000040,0.000003,0.000002,10.000000,14.000000,-34.000000,0.036724,0.016011,0.000001,0.000000,0.000000,0.000000,-0.143615,1448.000000,-164.179138,-166.733337,-445.534180,-768.811829,-0.000039,0.000000,9.993666,6513,-1,31,0
66.756454,0.009111,-0.326833,-1.063249,0.000004,-0.000015,0.008754,-0.000025,0.000395,-0.010877,0.000041,0.000003,0.000001,10.000000,14.000000,-34.000000,0.036742,0.016011,0.000001,0.000000,0.000000,0.000000,-0.143615,1448.000000,-164.179138,-166.733337,-445.534180,-768.811829,-0.000037,0.000000,9.993753,6513,-1,31,0
66.758408,0.009111,-0.326833,-1.063232,0.000004,-0.000014,0.008733,-0.000026,0.000400,-0.010975,0.000041,0.000003,0.000001,10.000000,14.000000,-34.000000,0.036759,0.016011,0.000001,0.000000,0.000000,0.000000,-0.143615,1448.000000,-164.179138,-166.733337,-445.534180,-768.811829,-0.000034,0.000000,9.993840,6513,-1,31,0
66.760361,0.009111,-0.326833,-1.063215,0.000004,-0.000013,0.008710,-0.000027,0.000405,-0.011065,0.000042,0.000003,0.000001,10.000000,14.000000,-34.000000,0.036777,0.016011,0.000001,0.000000,0.000000,0.000000,-0.143615,1448.000000,-164.179138,-166.733337,-445.534180,-768.811829,-0.000032,0.000000,9.993928,6513,-1,31,0
66.762321,0.009111,-0.326833,-1.063197,0.000004,-0.000012,0.008688,-0.000027,0.000411,-0.011147,0.000042,0.000003,0.000001,10.000000,14.000000,-34.000000,0.036794,0.016011,0.000001,0.000000,0.000000,0.000000,-0.143615,1448.000000,-164.179138,-166.733337,-445.534180,-768.811829,-0.000030,0.000000,9.994015,6513,-1,31,0
66.764275,0.009111,-0.326833,-1.063180,0.000004,-0.000012,0.008666,-0.000027,0.000416,-0.011220,0.000043,0.000003,0.000001,10.000000,14.000000,-46.000000,0.036812,0.016011,0.000001,0.000000,0.000000,0.000000,-0.143615,1422.000000,-164.179138,-166.733337,-445.534180,-768.811829,-0.000029,0.000000,9.994102,6513,-1,31,0
66.766228,0.009111,-0.326833,-1.063163,0.000004,-0.000011,0.008643,-0.000027,0.000420,-0.011287,0.000043,0.000003,0.000001,10.000000,14.000000,-46.000000,0.036829,-0.015908,0.000001,0.000000,0.000000,0.066000,-0.137889,1422.000000,-181.818146,-195.940094,-267.257629,-618.609985,-0.000027,0.000000,9.994187,6513,-1,31,0
66.768181,0.009111,-0.326833,-1.063145,0.000004,-0.000010,0.008621,-0.000026,0.000424,-0.011348,0.000043,0.000003,0.000001,10.000000,14.000000,-46.000000,0.036846,-0.015908,0.000001,0.000000,0.000000,0.000000,-0.137889,1422.000000,-181.818146,-195.940094,-267.257629,-618.609985,-0.000026,0.000000,9.994274,6513,-1,31,0
66.770134,0.009111,-0.326833,-1.063128,0.000004,-0.000009,0.008598,-0.000026,0.000428,-0.011403,0.000044,0.000003,0.000001,10.000000,14.000000,-46.000000,0.036863,-0.015908,0.000001,0.000000,0.000000,0.000000,-0.137889,1422.000000,-181.818146,-195.940094,-267.257629,-618.609985,-0.000025,0.000000,9.994360,6513,-1,31,0
66.772087,0.009111,-0.326833,-1.063111,0.000004,-0.000008,0.008575,-0.000025,0.000432,-0.011453,0.000044,0.000003,0.000001,10.000000,14.000000,-46.000000,0.036880,-0.015908,0.000001,0.000000,0.000000,0.000000,-0.137889,1422.000000,-181.818146,-195.940094,-267.257629,-618.609985,-0.000024,0.000000,9.994446,6513,-1,31,0
66.774040,0.009111,-0.326833,-1.063094,0.000003,-0.000007,0.008552,-0.000025,0.000434,-0.011498,0.000044,0.000002,0.000001,10.000000,14.000000,-46.000000,0.036898,-0.015908,0.000001,0.000000,0.000000,0.000000,-0.137889,1422.000000,-181.818146,-195.940094,-267.257629,-618.609985,-0.000023,0.000000,9.994532,6513,-1,31,0
66.775993,0.009111,-0.326833,-1.063077,0.000003,-0.000006,0.008529,-0.000024,0.000437,-0.011539,0.000045,0.000002,0.000001,10.000000,14.000000,-46.000000,0.036915,-0.015908,0.000001,0.000000,0.000000,0.000000,-0.137889,1422.000000,-181.818146,-195.940094,-267.257629,-618.609985,-0.000022,0.000000,9.994617,6513,-1,31,0
66.777946,0.009111,-0.326833,-1.063060,0.000003,-0.000006,0.008506,-0.000023,0.000438,-0.011576,0.000045,0.000002,0.000001,10.000000,14.000000,-46.000000,0.036932,-0.015908,0.000001,0.000000,0.000000,0.000000,-0.137889,1422.000000,-181.818146,-195.940094,-267.257629,-618.609985,-0.000021,0.000000,9.994702,6513,-1,31,0
66.779907,0.009111,-0.326833,-1.063043,0.000003,-0.000005,0.008483,-0.000022,0.000440,-0.011610,0.000045,0.000002,0.000001,10.000000,14.000000,-46.000000,0.036949,-0.015908,0.000001,0.000000,0.000000,0.000000,-0.137889,1422.000000,-181.818146,-195.940094,-267.257629,-618.609985,-0.000020,0.000000,9.994787,6514,-1,31,0
66.781860,0.009111,-0.326833,-1.063026,0.000003,-0.000004,0.008459,-0.000021,0.000440,-0.011747,0.000045,0.000002,0.000001,10.000000,14.000000,-46.000000,0.036966,-0.015908,0.000001,0.000000,0.000000,0.000000,-0.137889,1422.000000,-181.818146,-195.940094,-267.257629,-618.609985,-0.000020,0.000000,9.994871,6514,-1,31,0
66.783813,0.009111,-0.326833,-1.063009,0.000003,-0.000003,0.008435,-0.000021,0.000440,-0.011905,0.000045,0.000002,0.000001,10.000000,14.000000,-46.000000,0.036983,-0.015908,0.000001,0.000000,0.000000,0.000000,-0.137889,1422.000000,-181.818146,-195.940094,-267.257629,-618.609985,-0.000019,0.000000,9.994956,6514,-1,31,0
66.785767,0.009111,-0.326833,-1.062992,0.000003,-0.000002,0.008411,-0.000020,0.000439,-0.012049,0.000045,0.000002,0.000001,10.000000,14.000000,-46.000000,0.037000,-0.015908,0.000001,0.000000,0.000000,0.000000,-0.137889,1422.000000,-181.818146,-195.940094,-267.257629,-618.609985,-0.000019,0.000000,9.995040,6514,-1,31,0
66.787720,0.009111,-0.326833,-1.062975,0.000003,-0.000001,0.008387,-0.000019,0.000438,-0.012179,0.000045,0.000002,0.000001,10.000000,14.000000,-46.000000,0.037016,-0.015908,0.000001,0.000000,0.000000,0.000000,-0.137889,1422.000000,-181.818146,-195.940094,-267.257629,-618.609985,-0.000018,0.000000,9.995125,6514,0,31,0
66.789673,0.009111,-0.326833,-1.062959,0.000003,-0.000000,0.008363,-0.000017,0.000436,-0.012298,0.000044,0.000002,0.000001,10.000000,14.000000,-46.000000,0.037033,-0.015908,0.000001,0.000000,0.000000,0.000000,-0.137889,1422.000000,-181.818146,-195.940094,-267.257629,-618.609985,-0.000018,0.000000,9.995208,6514,0,31,0
66.791626,0.009111,-0.326833,-1.062942,0.000003,0.000001,0.008338,-0.000016,0.000433,-0.012405,0.000044,0.000002,0.000001,10.000000,14.000000,-46.000000,0.037050,-0.015908,0.000001,0.000000,0.000000,0.000000,-0.137889,1422.000000,-181.818146,-195.940094,-267.257629,-618.609985,-0.000018,0.000000,9.995291,6514,0,31,0
66.793579,0.009111,-0.326833,-1.062925,0.000003,0.000001,0.008313,-0.000015,0.000429,-0.012503,0.000044,0.000001,0.000001,10.000000,14.000000,-46.000000,0.037066,-0.015908,0.000001,0.000000,0.000000,0.000000,-0.137889,1422.000000,-181.818146,-195.940094,-267.257629,-618.609985,-0.000017,0.000000,9.995375,6514,0,31,0
66.795532,0.009111,-0.326833,-1.062909,0.000003,0.000002,0.008288,-0.000014,0.000426,-0.012591,0.000043,0.000001,0.000001,10.000000,14.000000,-46.000000,0.037083,-0.015908,0.000001,0.000000,0.000000,0.000000,-0.137889,1422.000000,-181.818146,-195.940094,-267.257629,-618.609985,-0.000017,0.000000,9.995459,6514,0,31,0
66.797493,0.009111,-0.326833,-1.062892,0.000003,0.000003,0.008262,-0.000012,0.000421,-0.012671,0.000043,0.000001,0.000001,10.000000,14.000000,-46.000000,0.037100,-0.015908,0.000001,0.000000,0.000000,0.000000,-0.137889,1422.000000,-181.818146,-195.940094,-267.257629,-618.609985,-0.000017,0.000000,9.995540,6514,0,32,0
66.799446,0.009111,-0.326833,-1.062876,0.000003,0.000004,0.008237,-0.000011,0.000416,-0.012743,0.000042,0.000001,0.000000,10.000000,14.000000,-46.000000,0.037116,-0.015908,0.000001,0.000000,0.000000,0.000000,-0.137889,1422.000000,-181.818146,-195.940094,-267.257629,-618.609985,-0.000017,0.000000,9.995623,6514,0,32,0
66.801399,0.009111,-0.326833,-1.062859,0.000003,0.000005,0.008211,-0.000009,0.000411,-0.012808,0.000042,0.000001,0.000000,10.000000,14.000000,-46.000000,0.037133,-0.015908,0.000001,0.000000,0.000000,0.000000,-0.137889,1422.000000,-181.818146,-195.940094,-267.257629,-618.609985,-0.000016,0.000000,9.995705,6514,0,32,0
66.803352,0.009111,-0.326833,-1.062843,0.000003,0.000006,0.008186,-0.000007,0.000405,-0.012867,0.000041,0.000001,0.000000,10.000000,14.000000,-46.000000,0.037149,-0.015908,0.000001,0.000000,0.000000,0.000000,-0.137889,1422.000000,-181.818146,-195.940094,-267.257629,-618.609985,-0.000016,0.000000,9.995787,6514,0,32,0
66.805305,0.009111,-0.326833,-1.062827,0.000003,0.000006,0.008160,-0.000005,0.000399,-0.012921,0.000040,0.000000,0.000000,10.000000,14.000000,-46.000000,0.037165,-0.015908,0.000001,0.000000,0.000000,0.000000,-0.137889,1422.000000,-181.818146,-195.940094,-267.257629,-618.609985,-0.000016,0.000000,9.995869,6514,0,32,0
66.807259,0.009111,-0.326833,-1.062810,0.000003,0.000007,0.008134,-0.000003,0.000393,-0.012969,0.000040,0.000000,0.000000,10.000000,14.000000,-46.000000,0.037182,-0.015908,0.000001,0.000000,0.000000,0.000000,-0.137889,1422.000000,-181.818146,-195.940094,-267.257629,-618.609985,-0.000016,0.000000,9.995950,6514,0,32,0
66.809212,0.009111,-0.326833,-1.062794,0.000003,0.000008,0.008108,-0.000001,0.000387,-0.013013,0.000039,0.000000,0.000000,10.000000,14.000000,-46.000000,0.037198,-0.015908,0.000001,0.000000,0.000000,0.000000,-0.137889,1422.000000,-181.818146,-195.940094,-267.257629,-618.609985,-0.000016,0.000000,9.996031,6514,0,32,0
66.811165,0.009111,-0.326833,-1.062778,0.000003,0.000009,0.008082,0.000000,0.000380,-0.013053,0.000038,-0.000000,0.000000,10.000000,14.000000,-46.000000,0.037214,-0.015908,0.000001,0.000000,0.000000,0.000000,-0.137889,1422.000000,-181.818146,-195.940094,-267.257629,-618.609985,-0.000016,0.000000,9.996111,6514,0,32,0
66.813126,0.009111,-0.326833,-1.062762,0.000003,0.000009,0.008056,0.000002,0.000373,-0.013089,0.000038,-0.000000,0.000000,10.000000,14.000000,-46.000000,0.037230,-0.015908,0.000001,0.000000,0.000000,0.000000,-0.137889,1422.000000,-181.818146,-195.940094,-267.257629,-618.609985,-0.000016,0.000000,9.996192,6514,0,32,0
66.815079,0.009111,-0.326833,-1.062746,0.000003,0.000010,0.008029,0.000003,0.000366,-0.013122,0.000037,-0.000000,0.000000,10.000000,14.000000,-46.000000,0.037246,-0.015908,0.000001,0.000000,0.000000,0.000000,-0.137889,1422.000000,-181.818146,-195.940094,-267.257629,-618.609985,-0.000015,0.000000,9.996273,6515,0,32,0
66.817032,0.009111,-0.326833,-1.062730,0.000003,0.000011,0.008003,0.000004,0.000358,-0.013258,0.000036,-0.000000,0.000000,10.000000,14.000000,-46.000000,0.037262,-0.015908,0.000001,0.000000,0.000000,0.000000,-0.137889,1422.000000,-181.818146,-195.940094,-267.257629,-618.609985,-0.000015,0.000000,9.996353,6515,0,32,0
66.818985,0.009111,-0.326833,-1.062714,0.000003,0.000012,0.007976,0.000004,0.000351,-0.013416,0.000035,-0.000000,0.000000,10.000000,14.000000,-46.000000,0.037278,-0.015908,0.000001,0.000000,0.000000,0.000000,-0.137889,1422.000000,-181.818146,-195.940094,-267.257629,-618.609985,-0.000015,0.000000,9.996432,6515,0,31,0
66.820938,0.009111,-0.326833,-1.062698,0.000003,0.000012,0.007949,0.000005,0.000343,-0.013559,0.000035,-0.000000,0.000000,10.000000,14.000000,-46.000000,0.037294,-0.015908,0.000001,0.000000,0.000000,0.000000,-0.137889,1422.000000,-181.818146,-195.940094,-267.257629,-618.609985,-0.000015,0.000000,9.996512,6515,0,31,0
66.822891,0.009111,-0.326833,-1.062682,0.000003,0.000013,0.007922,0.000004,0.000335,-0.013690,0.000034,-0.000000,0.000000,10.000000,14.000000,-46.000000,0.037310,-0.015908,0.000001,0.000000,0.000000,0.000000,-0.137889,1422.000000,-181.818146,-195.940094,-267.257629,-618.609985,-0.000015,0.000000,9.996592,6515,0,31,0
66.824844,0.009111,-0.326833,-1.062666,0.000003,0.000014,0.007894,0.000004,0.000327,-0.013808,0.000033,-0.000000,0.000000,10.000000,14.000000,-46.000000,0.037326,-0.015908,0.000001,0.000000,0.000000,0.000000,-0.137889,1422.000000,-181.818146,-195.940094,-267.257629,-618.609985,-0.000015,0.000000,9.996670,6515,0,31,0
66.826797,0.009111,-0.326833,-1.062650,0.000003,0.000014,0.007867,0.000004,0.000319,-0.013915,0.000032,-0.000000,0.000000,10.000000,14.000000,-46.000000,0.037342,-0.015908,0.000001,0.000000,0.000000,0.000000,-0.137889,1422.000000,-181.818146,-195.940094,-267.257629,-618.609985,-0.000015,0.000000,9.996749,6515,0,31,0
66.828751,0.009111,-0.326833,-1.062635,0.000003,0.000015,0.007839,0.000003,0.000311,-0.014012,0.000031,-0.000000,0.000000,10.000000,14.000000,-46.000000,0.037358,-0.015908,0.000001,0.000000,0.000000,0.000000,-0.137889,1422.000000,-181.818146,-195.940094,-267.257629,-618.609985,-0.000015,0.000000,9.996827,6515,0,31,0
66.830711,0.009111,-0.326833,-1.062619,0.000003,0.000016,0.007810,0.000002,0.000303,-0.014100,0.000030,-0.000000,0.000000,10.000000,14.000000,-46.000000,0.037373,-0.015908,0.000001,0.000000,0.000000,0.000000,-0.137889,1422.000000,-181.818146,-195.940094,-267.257629,-618.609985,-0.000015,0.000000,9.996906,6515,0,31,0
66.832664,0.009111,-0.326833,-1.062603,0.000003,0.000016,0.007782,0.000002,0.000294,-0.014181,0.000030,-0.000000,-0.000000,10.000000,14.000000,-46.000000,0.037389,-0.015908,0.000001,0.000000,0.000000,0.000000,-0.137889,1422.000000,-181.818146,-195.940094,-267.257629,-618.609985,-0.000015,0.000000,9.996984,6515,0,31,0
66.834618,0.009111,-0.326833,-1.062588,0.000003,0.000017,0.007754,0.000001,0.000286,-0.014253,0.000029,-0.000000,-0.000000,10.000000,14.000000,-46.000000,0.037404,-0.015908,0.000001,0.000000,0.000000,0.000000,-0.137889,1422.000000,-181.818146,-195.940094,-267.257629,-618.609985,-0.000015,0.000000,9.997062,6515,0,31,0
66.836571,0.009111,-0.326833,-1.062572,0.000003,0.000017,0.007725,0.000001,0.000277,-0.014319,0.000028,-0.000000,-0.000000,10.000000,14.000000,-46.000000,0.037420,-0.015908,0.000001,0.000000,0.000000,0.000000,-0.137889,1422.000000,-181.818146,-195.940094,-267.257629,-618.609985,-0.000015,0.000000,9.997139,6515,0,31,0
66.838524,0.009111,-0.326833,-1.062557,0.000003,0.000018,0.007696,0.000001,0.000269,-0.014379,0.000027,-0.000000,-0.000000,10.000000,14.000000,-46.000000,0.037435,-0.015908,0.000001,0.000000,0.000000,0.000000,-0.137889,1422.000000,-181.818146,-195.940094,-267.257629,-618.609985,-0.000015,0.000000,9.997215,6515,0,31,0
66.840477,0.009111,-0.326833,-1.062542,0.000003,0.000018,0.007667,0.000001,0.000260,-0.014433,0.000026,-0.000000,-0.000000,10.000000,14.000000,-46.000000,0.037451,-0.015908,0.000001,0.000000,0.000000,0.000000,-0.137889,1422.000000,-181.818146,-195.940094,-267.257629,-618.609985,-0.000015,0.000000,9.997293,6515,0,31,0
66.842430,0.009111,-0.326833,-1.062526,0.000003,0.000019,0.007638,0.000001,0.000251,-0.014482,0.000025,-0.000000,-0.000000,10.000000,13.000000,-61.000000,0.037466,-0.015908,0.000001,0.000000,0.000000,0.000000,-0.137889,1336.000000,-181.818146,-195.940094,-267.257629,-618.609985,-0.000015,0.000000,9.997369,6515,0,31,0
66.844383,0.009111,-0.326833,-1.062511,0.000003,0.000019,0.007609,0.000001,0.000243,-0.014527,0.000024,-0.000000,-0.000000,10.000000,13.000000,-61.000000,0.037481,-0.109168,0.000001,0.000000,0.000000,0.067000,-0.472891,1336.000000,-223.880585,-231.278458,-627.797607,-606.655701,-0.000015,0.000000,9.997445,6515,0,31,0
66.846336,0.009111,-0.326833,-1.062496,0.000003,0.000020,0.007580,0.000002,0.000234,-0.014567,0.000023,-0.000000,-0.000000,10.000000,13.000000,-61.000000,0.037497,-0.109168,0.000001,0.000000,0.000000,0.000000,-0.472891,1336.000000,-223.880585,-231.278458,-627.797607,-606.655701,-0.000015,0.000000,9.997521,6515,0,31,0
66.848297,0.009111,-0.326833,-1.062481,0.000003,0.000020,0.007551,0.000003,0.000225,-0.014603,0.000022,-0.000000,-0.000000,10.000000,13.000000,-61.000000,0.037512,-0.109168,0.000001,0.000000,0.000000,0.000000,-0.472891,1336.000000,-223.880585,-231.278458,-627.797607,-606.655701,-0.000015,0.000000,9.997597,6515,0,31,0
66.850250,0.009111,-0.326833,-1.062466,0.000003,0.000021,0.007522,0.000005,0.000216,-0.014636,0.000022,-0.000001,-0.000000,10.000000,13.000000,-61.000000,0.037527,-0.109168,0.000001,0.000000,0.000000,0.000000,-0.472891,1336.000000,-223.880585,-231.278458,-627.797607,-606.655701,-0.000015,0.000000,9.997672,6515,0,32,0
66.852203,0.009111,-0.326833,-1.062451,0.000003,0.000021,0.007493,0.000007,0.000207,-0.014666,0.000021,-0.000001,-0.000000,10.000000,13.000000,-61.000000,0.037542,-0.109168,0.000001,0.000000,0.000000,0.000000,-0.472891,1336.000000,-223.880585,-231.278458,-627.797607,-606.655701,-0.000015,0.000000,9.997746,6515,0,32,0
66.854156,0.009111,-0.326832,-1.062436,0.000003,0.000022,0.007463,0.000009,0.000198,-0.014692,0.000020,-0.000001,-0.000000,10.000000,13.000000,-61.000000,0.037557,-0.109168,0.000001,0.000000,0.000000,0.000000,-0.472891,1336.000000,-223.880585,-231.278458,-627.797607,-606.655701,-0.000015,0.000000,9.997822,6516,0,32,0
66.856110,0.009111,-0.326832,-1.062421,0.000003,0.000022,0.007434,0.000011,0.000189,-0.014823,0.000019,-0.000001,-0.000000,10.000000,13.000000,-61.000000,0.037572,-0.109168,0.000001,0.000000,0.000000,0.000000,-0.472891,1336.000000,-223.880585,-231.278458,-627.797607,-606.655701,-0.000015,0.000000,9.997896,6516,0,32,0
66.858063,0.009111,-0.326832,-1.062406,0.000003,0.000022,0.007404,0.000014,0.000181,-0.014975,0.000018,-0.000002,-0.000000,10.000000,13.000000,-61.000000,0.037587,-0.109168,0.000001,0.000000,0.000000,0.000000,-0.472891,1336.000000,-223.880585,-231.278458,-627.797607,-606.655701,-0.000015,0.000000,9.997971,6516,0,32,0
66.860016,0.009111,-0.326832,-1.062391,0.000003,0.000023,0.007374,0.000016,0.000172,-0.015113,0.000017,-0.000002,-0.000000,10.000000,13.000000,-61.000000,0.037601,-0.109168,0.000001,0.000000,0.000000,0.000000,-0.472891,1336.000000,-223.880585,-231.278458,-627.797607,-606.655701,-0.000015,0.000000,9.998044,6516,0,32,0
66.861969,0.009111,-0.326832,-1.062377,0.000003,0.000023,0.007343,0.000019,0.000163,-0.015238,0.000016,-0.000002,-0.000000,10.000000,13.000000,-61.000000,0.037616,-0.109168,0.000001,0.000000,0.000000,0.000000,-0.472891,1336.000000,-223.880585,-231.278458,-627.797607,-606.655701,-0.000015,0.000000,9.998117,6516,0,32,0
66.863930,0.009111,-0.326832,-1.062362,0.000003,0.000023,0.007313,0.000021,0.000154,-0.015352,0.000015,-0.000002,-0.000000,10.000000,13.000000,-61.000000,0.037631,-0.109168,0.000001,0.000000,0.000000,0.000000,-0.472891,1336.000000,-223.880585,-231.278458,-627.797607,-606.655701,-0.000015,0.000000,9.998190,6516,0,32,0
66.865883,0.009111,-0.326832,-1.062347,0.000003,0.000024,0.007282,0.000023,0.000145,-0.015455,0.000014,-0.000002,-0.000001,10.000000,13.000000,-61.000000,0.037645,-0.109168,0.000001,0.000000,0.000000,0.000000,-0.472891,1336.000000,-223.880585,-231.278458,-627.797607,-606.655701,-0.000015,0.000000,9.998263,6516,0,32,0
66.867836,0.009111,-0.326832,-1.062333,0.000003,0.000024,0.007251,0.000025,0.000135,-0.015548,0.000013,-0.000003,-0.000001,10.000000,13.000000,-61.000000,0.037660,-0.109168,0.000001,0.000000,0.000000,0.000000,-0.472891,1336.000000,-223.880585,-231.278458,-627.797607,-606.655701,-0.000015,0.000000,9.998336,6516,0,32,0
66.869789,0.009111,-0.326832,-1.062318,0.000003,0.000024,0.007219,0.000027,0.000126,-0.015633,0.000012,-0.000003,-0.000001,10.000000,13.000000,-61.000000,0.037674,-0.109168,0.000001,0.000000,0.000000,0.000000,-0.472891,1336.000000,-223.880585,-231.278458,-627.797607,-606.655701,-0.000015,0.000000,9.998408,6516,0,32,0
66.871742,0.009111,-0.326832,-1.062304,0.000003,0.000024,0.007188,0.000029,0.000117,-0.015710,0.000011,-0.000003,-0.000001,10.000000,13.000000,-61.000000,0.037689,-0.109168,0.000001,0.000000,0.000000,0.000000,-0.472891,1336.000000,-223.880585,-231.278458,-627.797607,-606.655701,-0.000015,0.000000,9.998480,6516,0,32,0
66.873695,0.009111,-0.326832,-1.062290,0.000003,0.000025,0.007157,0.000030,0.000108,-0.015780,0.000011,-0.000003,-0.000001,10.000000,13.000000,-61.000000,0.037703,-0.109168,0.000001,0.000000,0.000000,0.000000,-0.472891,1336.000000,-223.880585,-231.278458,-627.797607,-606.655701,-0.000015,0.000000,9.998552,6516,0,32,0
66.875648,0.009111,-0.326832,-1.062275,0.000004,0.000025,0.007125,0.000031,0.000099,-0.015843,0.000010,-0.000003,-0.000001,10.000000,13.000000,-61.000000,0.037717,-0.109168,0.000001,0.000000,0.000000,0.000000,-0.472891,1336.000000,-223.880585,-231.278458,-627.797607,-606.655701,-0.000015,0.000000,9.998623,6516,0,32,0
66.877602,0.009111,-0.326832,-1.062261,0.000004,0.000025,0.007093,0.000032,0.000090,-0.015901,0.000009,-0.000003,-0.000001,10.000000,13.000000,-61.000000,0.037732,-0.109168,0.000001,0.000000,0.000000,0.000000,-0.472891,1336.000000,-223.880585,-231.278458,-627.797607,-606.655701,-0.000015,0.000000,9.998694,6516,0,32,0
66.879555,0.009111,-0.326832,-1.062247,0.000004,0.000025,0.007061,0.000032,0.000081,-0.015953,0.000008,-0.000003,-0.000001,10.000000,13.000000,-61.000000,0.037746,-0.109168,0.000001,0.000000,0.000000,0.000000,-0.472891,1336.000000,-223.880585,-231.278458,-627.797607,-606.655701,-0.000015,0.000000,9.998765,6516,0,32,0
66.881516,0.009111,-0.326832,-1.062233,0.000004,0.000025,0.007029,0.000032,0.000072,-0.016000,0.000007,-0.000003,-0.000001,10.000000,13.000000,-61.000000,0.037760,-0.109168,0.000001,0.000000,0.000000,0.000000,-0.472891,1336.000000,-223.880585,-231.278458,-627.797607,-606.655701,-0.000015,0.000000,9.998836,6516,0,32,0
66.883469,0.009111,-0.326832,-1.062219,0.000004,0.000025,0.006997,0.000031,0.000063,-0.016043,0.000006,-0.000003,-0.000001,10.000000,13.000000,-61.000000,0.037774,-0.109168,0.000001,0.000000,0.000000,0.000000,-0.472891,1336.000000,-223.880585,-231.278458,-627.797607,-606.655701,-0.000015,0.000000,9.998905,6516,0,31,0
66.885422,0.009111,-0.326832,-1.062205,0.000004,0.000025,0.006965,0.000030,0.000054,-0.016082,0.000005,-0.000003,-0.000001,10.000000,13.000000,-61.000000,0.037788,-0.109168,0.000001,0.000000,0.000000,0.000000,-0.472891,1336.000000,-223.880585,-231.278458,-627.797607,-606.655701,-0.000015,0.000000,9.998975,6516,0,31,0
66.887375,0.009111,-0.326832,-1.062191,0.000004,0.000026,0.006933,0.000028,0.000044,-0.016118,0.000004,-0.000003,-0.000001,10.000000,13.000000,-61.000000,0.037802,-0.109168,0.000001,0.000000,0.000000,0.000000,-0.472891,1336.000000,-223.880585,-231.278458,-627.797607,-606.655701,-0.000015,0.000000,9.999044,6516,0,31,0
66.889328,0.009111,-0.326832,-1.062177,0.000004,0.000026,0.006901,0.000026,0.000035,-0.016150,0.000003,-0.000003,-0.000001,10.000000,13.000000,-61.000000,0.037816,-0.109168,0.000001,0.000000,0.000000,0.000000,-0.472891,1336.000000,-223.880585,-231.278458,-627.797607,-606.655701,-0.000015,0.000000,9.999113,6516,0,31,0
66.891281,0.009111,-0.326832,-1.062164,0.000004,0.000026,0.006868,0.000024,0.000026,-0.016179,0.000002,-0.000002,-0.000001,10.000000,13.000000,-61.000000,0.037830,-0.109168,0.000001,0.000000,0.000000,0.000000,-0.472891,1336.000000,-223.880585,-231.278458,-627.797607,-606.655701,-0.000015,0.000000,9.999183,6516,0,31,0
66.893234,0.009111,-0.326832,-1.062150,0.000004,0.000026,0.006836,0.000022,0.000017,-0.016206,0.000001,-0.000002,-0.000001,10.000000,13.000000,-61.000000,0.037843,-0.109168,0.000001,0.000000,0.000000,0.000000,-0.472891,1336.000000,-223.880585,-231.278458,-627.797607,-606.655701,-0.000015,0.000000,9.999250,6516,0,31,0
66.895187,0.009111,-0.326831,-1.062136,0.000004,0.000026,0.006803,0.000020,0.000008,-0.016231,0.000000,-0.000002,-0.000001,10.000000,13.000000,-61.000000,0.037857,-0.109168,0.000001,0.000000,0.000000,0.000000,-0.472891,1336.000000,-223.880585,-231.278458,-627.797607,-606.655701,-0.000015,0.000000,9.999319,6516,0,31,0
66.897141,0.009111,-0.326831,-1.062123,0.000004,0.000026,0.006771,0.000017,-0.000001,-0.016252,-0.000001,-0.000002,-0.000001,10.000000,13.000000,-61.000000,0.037871,-0.109168,0.000001,0.000000,0.000000,0.000000,-0.472891,1336.000000,-223.880585,-231.278458,-627.797607,-606.655701,-0.000015,0.000000,9.999388,6517,0,31,0
66.899101,0.009111,-0.326831,-1.062109,0.000004,0.000026,0.006738,0.000015,-0.000010,-0.016378,-0.000002,-0.000001,-0.000001,10.000000,13.000000,-61.000000,0.037884,-0.109168,0.000001,0.000000,0.000000,0.000000,-0.472891,1336.000000,-223.880585,-231.278458,-627.797607,-606.655701,-0.000015,0.000000,9.999454,6517,0,31,0
66.901054,0.009111,-0.326831,-1.062096,0.000004,0.000026,0.006705,0.000013,-0.000020,-0.016526,-0.000002,-0.000001,-0.000001,10.000000,11.000000,-76.000000,0.037897,-0.109168,0.000001,0.000000,0.000000,0.000000,-0.472891,1280.000000,-223.880585,-231.278458,-627.797607,-606.655701,-0.000015,0.000000,9.999521,6517,0,31,0
66.903008,0.009111,-0.326831,-1.062083,0.000004,0.000026,0.006672,0.000011,-0.000029,-0.016661,-0.000003,-0.000001,-0.000001,10.000000,11.000000,-76.000000,0.037911,-0.151882,0.000001,0.000000,0.000000,0.067000,-0.322998,1280.000000,-223.880585,-243.529327,0.000000,-419.719330,-0.000015,0.000000,9.999588,6517,0,31,0
66.904961,0.009111,-0.326831,-1.062069,0.000004,0.000026,0.006638,0.000009,-0.000038,-0.016782,-0.000004,-0.000001,-0.000001,10.000000,11.000000,-76.000000,0.037924,-0.151882,0.000001,0.000000,0.000000,0.000000,-0.322998,1280.000000,-223.880585,-243.529327,0.000000,-419.719330,-0.000015,0.000000,9.999655,6517,0,31,0
66.906914,0.009111,-0.326831,-1.062056,0.000004,0.000026,0.006605,0.000007,-0.000047,-0.016893,-0.000005,-0.000001,-0.000001,10.000000,11.000000,-76.000000,0.037937,-0.151882,0.000001,0.000000,0.000000,0.000000,-0.322998,1280.000000,-223.880585,-243.529327,0.000000,-419.719330,-0.000015,0.000000,9.999721,6517,0,31,0
66.908867,0.009111,-0.326831,-1.062043,0.000004,0.000025,0.006571,0.000005,-0.000056,-0.016993,-0.000006,-0.000000,-0.000001,10.000000,11.000000,-76.000000,0.037951,-0.151882,0.000001,0.000000,0.000000,0.000000,-0.322998,1280.000000,-223.880585,-243.529327,0.000000,-419.719330,-0.000015,0.000000,9.999787,6517,0,31,0
66.910820,0.009111,-0.326831,-1.062030,0.000004,0.000025,0.006537,0.000004,-0.000066,-0.017084,-0.000007,-0.000000,-0.000001,10.000000,11.000000,-76.000000,0.037964,-0.151882,0.000001,0.000000,0.000000,0.000000,-0.322998,1280.000000,-223.880585,-243.529327,0.000000,-419.719330,-0.000015,0.000000,9.999851,6517,0,31,0
66.912773,0.009111,-0.326831,-1.062017,0.000004,0.000025,0.006502,0.000003,-0.000075,-0.017167,-0.000008,-0.000000,-0.000001,10.000000,11.000000,-76.000000,0.037977,-0.151882,0.000001,0.000000,0.000000,0.000000,-0.322998,1280.000000,-223.880585,-243.529327,0.000000,-419.719330,-0.000015,0.000000,9.999917,6517,0,31,0
66.914726,0.009111,-0.326831,-1.062004,0.000004,0.000025,0.006468,0.000003,-0.000084,-0.017242,-0.000009,-0.000000,-0.000001,10.000000,11.000000,-76.000000,0.037990,-0.151882,0.000001,0.000000,0.000000,0.000000,-0.322998,1280.000000,-223.880585,-243.529327,0.000000,-419.719330,-0.000015,0.000000,9.999982,6517,0,31,0
66.916687,0.009111,-0.326831,-1.061991,0.000004,0.000025,0.006433,0.000002,-0.000093,-0.017310,-0.000010,-0.000000,-0.000001,10.000000,11.000000,-76.000000,0.038003,-0.151882,0.000001,0.000000,0.000000,0.000000,-0.322998,1280.000000,-223.880585,-243.529327,0.000000,-419.719330,-0.000015,0.000000,10.000047,6517,0,31,0
66.918640,0.009111,-0.326831,-1.061978,0.000004,0.000025,0.006399,0.000002,-0.000102,-0.017372,-0.000011,-0.000000,-0.000001,10.000000,11.000000,-76.000000,0.038016,-0.151882,0.000001,0.000000,0.000000,0.000000,-0.322998,1280.000000,-223.880585,-243.529327,0.000000,-419.719330,-0.000015,0.000000,10.000111,6517,0,31,0
66.920593,0.009111,-0.326831,-1.061965,0.000004,0.000024,0.006364,0.000003,-0.000111,-0.017427,-0.000012,-0.000000,-0.000001,10.000000,11.000000,-76.000000,0.038028,-0.151882,0.000001,0.000000,0.000000,0.000000,-0.322998,1280.000000,-223.880585,-243.529327,0.000000,-419.719330,-0.000015,0.000000,10.000174,6517,0,31,0
66.922546,0.009111,-0.326831,-1.061953,0.000004,0.000024,0.006329,0.000004,-0.000121,-0.017478,-0.000013,-0.000000,-0.000001,10.000000,11.000000,-76.000000,0.038041,-0.151882,0.000001,0.000000,0.000000,0.000000,-0.322998,1280.000000,-223.880585,-243.529327,0.000000,-419.719330,-0.000015,0.000000,10.000237,6517,0,32,0
66.924500,0.009111,-0.326831,-1.061940,0.000004,0.000024,0.006294,0.000005,-0.000130,-0.017524,-0.000014,-0.000001,-0.000001,10.000000,11.000000,-76.000000,0.038054,-0.151882,0.000001,0.000000,0.000000,0.000000,-0.322998,1280.000000,-223.880585,-243.529327,0.000000,-419.719330,-0.000015,0.000000,10.000300,6517,0,32,0
66.926453,0.009111,-0.326831,-1.061927,0.000004,0.000024,0.006259,0.000007,-0.000139,-0.017564,-0.000015,-0.000001,-0.000001,10.000000,11.000000,-76.000000,0.038066,-0.151882,0.000001,0.000000,0.000000,0.000000,-0.322998,1280.000000,-223.880585,-243.529327,0.000000,-419.719330,-0.000015,0.000000,10.000363,6517,0,32,0
66.928406,0.009111,-0.326831,-1.061915,0.000004,0.000023,0.006223,0.000009,-0.000148,-0.017601,-0.000016,-0.000001,-0.000001,10.000000,11.000000,-76.000000,0.038079,-0.151882,0.000001,0.000000,0.000000,0.000000,-0.322998,1280.000000,-223.880585,-243.529327,0.000000,-419.719330,-0.000015,0.000000,10.000426,6517,0,32,0
66.930359,0.009111,-0.326831,-1.061903,0.000004,0.000023,0.006188,0.000011,-0.000157,-0.017635,-0.000016,-0.000001,-0.000001,10.000000,11.000000,-76.000000,0.038091,-0.151882,0.000001,0.000000,0.000000,0.000000,-0.322998,1280.000000,-223.880585,-243.529327,0.000000,-419.719330,-0.000015,0.000000,10.000487,6517,0,32,0
66.932320,0.009111,-0.326831,-1.061890,0.000004,0.000023,0.006153,0.000013,-0.000167,-0.017665,-0.000017,-0.000001,-0.000002,10.000000,11.000000,-76.000000,0.038104,-0.151882,0.000001,0.000000,0.000000,0.000000,-0.322998,1280.000000,-223.880585,-243.529327,0.000000,-419.719330,-0.000015,0.000000,10.000549,6517,0,32,0
66.934273,0.009111,-0.326830,-1.061878,0.000004,0.000022,0.006118,0.000015,-0.000176,-0.017693,-0.000018,-0.000002,-0.000002,10.000000,11.000000,-76.000000,0.038116,-0.151882,0.000001,0.000000,0.000000,0.000000,-0.322998,1280.000000,-223.880585,-243.529327,0.000000,-419.719330,-0.000015,0.000000,10.000610,6517,0,32,0
66.936226,0.009111,-0.326830,-1.061866,0.000004,0.000022,0.006082,0.000017,-0.000185,-0.017718,-0.000019,-0.000002,-0.000002,10.000000,11.000000,-76.000000,0.038128,-0.151882,0.000001,0.000000,0.000000,0.000000,-0.322998,1280.000000,-223.880585,-243.529327,0.000000,-419.719330,-0.000015,0.000000,10.000671,6517,0,32,0
66.938179,0.009112,-0.326830,-1.061854,0.000004,0.000022,0.006047,0.000019,-0.000194,-0.017741,-0.000020,-0.000002,-0.000002,10.000000,11.000000,-76.000000,0.038140,-0.151882,0.000001,0.000000,0.000000,0.000000,-0.322998,1280.000000,-223.880585,-243.529327,0.000000,-419.719330,-0.000015,0.000000,10.000731,6517,0,32,0
66.940132,0.009112,-0.326830,-1.061842,0.000005,0.000021,0.006011,0.000021,-0.000203,-0.017761,-0.000021,-0.000002,-0.000002,10.000000,11.000000,-76.000000,0.038152,-0.151882,0.000001,0.000000,0.000000,0.000000,-0.322998,1280.000000,-223.880585,-243.529327,0.000000,-419.719330,-0.000015,0.000000,10.000793,6517,0,32,0
66.942085,0.009112,-0.326830,-1.061830,0.000005,0.000021,0.005976,0.000023,-0.000212,-0.017780,-0.000022,-0.000002,-0.000002,10.000000,11.000000,-76.000000,0.038164,-0.151882,0.000001,0.000000,0.000000,0.000000,-0.322998,1280.000000,-223.880585,-243.529327,0.000000,-419.719330,-0.000015,0.000000,10.000852,6517,0,32,0
66.944038,0.009112,-0.326830,-1.061818,0.000005,0.000020,0.005940,0.000025,-0.000222,-0.017796,-0.000023,-0.000003,-0.000002,10.000000,11.000000,-76.000000,0.038176,-0.151882,0.000001,0.000000,0.000000,0.000000,-0.322998,1280.000000,-223.880585,-243.529327,0.000000,-419.719330,-0.000015,0.000000,10.000911,6518,0,32,0
66.945992,0.009112,-0.326830,-1.061806,0.000005,0.000020,0.005904,0.000026,-0.000231,-0.017918,-0.000024,-0.000003,-0.000002,10.000000,11.000000,-76.000000,0.038188,-0.151882,0.000001,0.000000,0.000000,0.000000,-0.322998,1280.000000,-223.880585,-243.529327,0.000000,-419.719330,-0.000015,0.000000,10.000971,6518,0,32,0
66.947945,0.009112,-0.326830,-1.061794,0.000005,0.000019,0.005868,0.000027,-0.000240,-0.018062,-0.000025,-0.000003,-0.000002,10.000000,11.000000,-76.000000,0.038200,-0.151882,0.000001,0.000000,0.000000,0.000000,-0.322998,1280.000000,-223.880585,-243.529327,0.000000,-419.719330,-0.000015,0.000000,10.001029,6518,0,32,0
66.949905,0.009112,-0.326830,-1.061783,0.000005,0.000019,0.005832,0.000027,-0.000249,-0.018193,-0.000026,-0.000003,-0.000002,10.000000,11.000000,-76.000000,0.038212,-0.151882,0.000001,0.000000,0.000000,0.000000,-0.322998,1280.000000,-223.880585,-243.529327,0.000000,-419.719330,-0.000015,0.000000,10.001088,6518,0,32,0
66.951859,0.009112,-0.326830,-1.061771,0.000005,0.000018,0.005795,0.000027,-0.000258,-0.018311,-0.000027,-0.000003,-0.000002,10.000000,11.000000,-76.000000,0.038223,-0.151882,0.000001,0.000000,0.000000,0.000000,-0.322998,1280.000000,-223.880585,-243.529327,0.000000,-419.719330,-0.000015,0.000000,10.001145,6518,0,32,0
66.953812,0.009112,-0.326830,-1.061759,0.000005,0.000018,0.005759,0.000027,-0.000268,-0.018419,-0.000028,-0.000003,-0.000002,10.000000,11.000000,-76.000000,0.038235,-0.151882,0.000001,0.000000,0.000000,0.000000,-0.322998,1280.000000,-223.880585,-243.529327,0.000000,-419.719330,-0.000015,0.000000,10.001204,6518,0,32,0
66.955765,0.009112,-0.326830,-1.061748,0.000005,0.000017,0.005722,0.000026,-0.000277,-0.018516,-0.000029,-0.000003,-0.000002,10.000000,11.000000,-76.000000,0.038246,-0.151882,0.000001,0.000000,0.000000,0.000000,-0.322998,1280.000000,-223.880585,-243.529327,0.000000,-419.719330,-0.000015,0.000000,10.001261,6518,0,32,0
66.957718,0.009112,-0.326830,-1.061737,0.000005,0.000017,0.005684,0.000025,-0.000286,-0.018605,-0.000030,-0.000002,-0.000002,10.000000,11.000000,-76.000000,0.038258,-0.151882,0.000001,0.000000,0.000000,0.000000,-0.322998,1280.000000,-223.880585,-243.529327,0.000000,-419.719330,-0.000015,0.000000,10.001318,6518,0,31,0
66.959671,0.009112,-0.326830,-1.061725,0.000005,0.000016,0.005647,0.000023,-0.000295,-0.018685,-0.000031,-0.000002,-0.000002,10.000000,10.000000,-90.000000,0.038269,-0.151882,0.000001,0.000000,0.000000,0.000000,-0.322998,1194.000000,-223.880585,-243.529327,0.000000,-419.719330,-0.000015,0.000000,10.001374,6518,0,31,0
66.961624,0.009112,-0.326830,-1.061714,0.000005,0.000016,0.005610,0.000021,-0.000304,-0.018759,-0.000031,-0.000002,-0.000002,10.000000,10.000000,-90.000000,0.038280,-0.224915,0.000001,0.000000,0.000000,0.066000,-0.536170,1194.000000,-212.121170,-237.945770,178.172913,-223.517593,-0.000015,0.000000,10.001431,6518,0,31,0
66.963577,0.009112,-0.326830,-1.061703,0.000005,0.000015,0.005572,0.000019,-0.000314,-0.018825,-0.000032,-0.000002,-0.000002,10.000000,10.000000,-90.000000,0.038292,-0.224915,0.000001,0.000000,0.000000,0.000000,-0.536170,1194.000000,-212.121170,-237.945770,178.172913,-223.517593,-0.000015,0.000000,10.001486,6518,0,31,0
66.965530,0.009112,-0.326830,-1.061692,0.000005,0.000014,0.005534,0.000016,-0.000323,-0.018886,-0.000033,-0.000002,-0.000002,10.000000,10.000000,-90.000000,0.038303,-0.224915,0.000001,0.000000,0.000000,0.000000,-0.536170,1194.000000,-212.121170,-237.945770,178.172913,-223.517593,-0.000015,0.000000,10.001541,6518,0,31,0
66.967491,0.009112,-0.326830,-1.061681,0.000005,0.000014,0.005496,0.000013,-0.000332,-0.018940,-0.000034,-0.000001,-0.000002,10.000000,10.000000,-90.000000,0.038314,-0.224915,0.000001,0.000000,0.000000,0.000000,-0.536170,1194.000000,-212.121170,-237.945770,178.172913,-223.517593,-0.000015,0.000000,10.001596,6518,0,31,0
66.969444,0.009112,-0.326830,-1.061670,0.000005,0.000013,0.005458,0.000011,-0.000341,-0.018990,-0.000035,-0.000001,-0.000002,10.000000,10.000000,-90.000000,0.038325,-0.224915,0.000001,0.000000,0.000000,0.000000,-0.536170,1194.000000,-212.121170,-237.945770,178.172913,-223.517593,-0.000015,0.000000,10.001652,6518,0,31,0
66.971397,0.009112,-0.326830,-1.061659,0.000005,0.000012,0.005420,0.000008,-0.000350,-0.019035,-0.000036,-0.000001,-0.000002,10.000000,10.000000,-90.000000,0.038336,-0.224915,0.000001,0.000000,0.000000,0.000000,-0.536170,1194.000000,-212.121170,-237.945770,178.172913,-223.517593,-0.000015,0.000000,10.001706,6518,1,31,0
66.973351,0.009112,-0.326830,-1.061648,0.000005,0.000012,0.005382,0.000005,-0.000360,-0.019076,-0.000037,-0.000000,-0.000002,10.000000,10.000000,-90.000000,0.038346,-0.224915,0.000001,0.000000,0.000000,0.000000,-0.536170,1194.000000,-212.121170,-237.945770,178.172913,-223.517593,-0.000015,0.000000,10.001760,6518,1,31,0
66.975304,0.009112,-0.326830,-1.061638,0.000005,0.000011,0.005344,0.000002,-0.000369,-0.019113,-0.000038,-0.000000,-0.000002,10.000000,10.000000,-90.000000,0.038357,-0.224915,0.000001,0.000000,0.000000,0.000000,-0.536170,1194.000000,-212.121170,-237.945770,178.172913,-223.517593,-0.000015,0.000000,10.001813,6518,1,31,0
66.977257,0.009112,-0.326830,-1.061627,0.000005,0.000010,0.005306,-0.000001,-0.000378,-0.019146,-0.000039,0.000000,-0.000002,10.000000,10.000000,-90.000000,0.038368,-0.224915,0.000001,0.000000,0.000000,0.000000,-0.536170,1194.000000,-212.121170,-237.945770,178.172913,-223.517593,-0.000014,0.000000,10.001866,6518,1,31,0
66.979210,0.009112,-0.326830,-1.061616,0.000005,0.000009,0.005267,-0.000003,-0.000386,-0.019176,-0.000040,0.000000,-0.000002,10.000000,10.000000,-90.000000,0.038378,-0.224915,0.000001,0.000000,0.000000,0.000000,-0.536170,1194.000000,-212.121170,-237.945770,178.172913,-223.517593,-0.000014,0.000000,10.001920,6518,1,31,0
66.981163,0.009112,-0.326830,-1.061606,0.000005,0.000008,0.005229,-0.000006,-0.000395,-0.019204,-0.000041,0.000001,-0.000002,10.000000,10.000000,-90.000000,0.038389,-0.224915,0.000001,0.000000,0.000000,0.000000,-0.536170,1194.000000,-212.121170,-237.945770,178.172913,-223.517593,-0.000014,0.000000,10.001972,6518,1,31,0
66.983124,0.009112,-0.326830,-1.061595,0.000005,0.000008,0.005191,-0.000009,-0.000403,-0.019229,-0.000041,0.000001,-0.000002,10.000000,10.000000,-90.000000,0.038399,-0.224915,0.000001,0.000000,0.000000,0.000000,-0.536170,1194.000000,-212.121170,-237.945770,178.172913,-223.517593,-0.000014,0.000000,10.002023,6518,1,31,0
66.985077,0.009112,-0.326830,-1.061585,0.000005,0.000007,0.005152,-0.000012,-0.000411,-0.019251,-0.000042,0.000001,-0.000002,10.000000,10.000000,-90.000000,0.038410,-0.224915,0.000001,0.000000,0.000000,0.000000,-0.536170,1194.000000,-212.121170,-237.945770,178.172913,-223.517593,-0.000014,0.000000,10.002074,6518,1,31,0
66.987030,0.009112,-0.326830,-1.061575,0.000005,0.000006,0.005114,-0.000014,-0.000418,-0.019272,-0.000043,0.000002,-0.000002,10.000000,10.000000,-90.000000,0.038420,-0.224915,0.000001,0.000000,0.000000,0.000000,-0.536170,1194.000000,-212.121170,-237.945770,178.172913,-223.517593,-0.000014,0.000000,10.002127,6518,1,31,0
66.988983,0.009112,-0.326830,-1.061565,0.000005,0.000005,0.005075,-0.000017,-0.000425,-0.019290,-0.000044,0.000002,-0.000002,10.000000,10.000000,-90.000000,0.038430,-0.224915,0.000001,0.000000,0.000000,0.000000,-0.536170,1194.000000,-212.121170,-237.945770,178.172913,-223.517593,-0.000014,0.000000,10.002177,6518,1,31,0
66.990936,0.009112,-0.326830,-1.061555,0.000005,0.000004,0.005036,-0.000020,-0.000432,-0.019307,-0.000044,0.000002,-0.000002,10.000000,10.000000,-90.000000,0.038440,-0.224915,0.000001,0.000000,0.000000,0.000000,-0.536170,1194.000000,-212.121170,-237.945770,178.172913,-223.517593,-0.000014,0.000000,10.002228,6518,1,31,0
66.992889,0.009112,-0.326830,-1.061545,0.000005,0.000003,0.004998,-0.000022,-0.000438,-0.019322,-0.000045,0.000002,-0.000002,10.000000,10.000000,-90.000000,0.038450,-0.224915,0.000001,0.000000,0.000000,0.000000,-0.536170,1194.000000,-212.121170,-237.945770,178.172913,-223.517593,-0.000014,0.000000,10.002277,6518,1,31,0
66.994843,0.009112,-0.326830,-1.061535,0.000005,0.000003,0.004959,-0.000025,-0.000443,-0.019336,-0.000045,0.000003,-0.000002,10.000000,10.000000,-90.000000,0.038460,-0.224915,0.000001,0.000000,0.000000,0.000000,-0.536170,1194.000000,-212.121170,-237.945770,178.172913,-223.517593,-0.000014,0.000000,10.002327,6518,1,31,0
66.996796,0.009112,-0.326830,-1.061525,0.000005,0.000002,0.004920,-0.000028,-0.000448,-0.019348,-0.000046,0.000003,-0.000002,10.000000,10.000000,-90.000000,0.038470,-0.224915,0.000001,0.000000,0.000000,0.000000,-0.536170,1194.000000,-212.121170,-237.945770,178.172913,-223.517593,-0.000013,0.000000,10.002377,6518,1,31,0
66.998749,0.009112,-0.326830,-1.061515,0.000005,0.000001,0.004882,-0.000031,-0.000452,-0.019360,-0.000046,0.000003,-0.000002,10.000000,10.000000,-90.000000,0.038480,-0.224915,0.000001,0.000000,0.000000,0.000000,-0.536170,1194.000000,-212.121170,-237.945770,178.172913,-223.517593,-0.000013,0.000000,10.002426,6519,1,31,0
67.000710,0.009112,-0.326830,-1.061505,0.000005,-0.000000,0.004843,-0.000033,-0.000455,-0.019477,-0.000047,0.000004,-0.000003,10.000000,10.000000,-90.000000,0.038490,-0.224915,0.000001,0.000000,0.000000,0.000000,-0.536170,1194.000000,-212.121170,-237.945770,178.172913,-223.517593,-0.000013,0.000000,10.002473,6519,1,31,0
67.002663,0.009112,-0.326830,-1.061496,0.000005,-0.000001,0.004804,-0.000036,-0.000458,-0.019617,-0.000047,0.000004,-0.000003,10.000000,10.000000,-90.000000,0.038500,-0.224915,0.000001,0.000000,0.000000,0.000000,-0.536170,1194.000000,-212.121170,-237.945770,178.172913,-223.517593,-0.000013,0.000000,10.002522,6519,1,31,0
67.004616,0.009112,-0.326830,-1.061486,0.000005,-0.000002,0.004764,-0.000039,-0.000460,-0.019744,-0.000047,0.000004,-0.000003,10.000000,10.000000,-90.000000,0.038509,-0.224915,0.000001,0.000000,0.000000,0.000000,-0.536170,1194.000000,-212.121170,-237.945770,178.172913,-223.517593,-0.000013,0.000000,10.002570,6519,1,31,0
67.006569,0.009112,-0.326830,-1.061477,0.000005,-0.000003,0.004725,-0.000042,-0.000462,-0.019859,-0.000047,0.000004,-0.000003,10.000000,10.000000,-90.000000,0.038519,-0.224915,0.000001,0.000000,0.000000,0.000000,-0.536170,1194.000000,-212.121170,-237.945770,178.172913,-223.517593,-0.000013,0.000000,10.002618,6519,1,31,0
67.008522,0.009112,-0.326830,-1.061467,0.000005,-0.000004,0.004685,-0.000045,-0.000463,-0.019963,-0.000047,0.000005,-0.000003,10.000000,10.000000,-90.000000,0.038528,-0.224915,0.000001,0.000000,0.000000,0.000000,-0.536170,1194.000000,-212.121170,-237.945770,178.172913,-223.517593,-0.000013,0.000000,10.002665,6519,1,31,0
67.010475,0.009112,-0.326830,-1.061458,0.000004,-0.000005,0.004645,-0.000048,-0.000463,-0.020057,-0.000047,0.000005,-0.000003,10.000000,10.000000,-90.000000,0.038537,-0.224915,0.000001,0.000000,0.000000,0.000000,-0.536170,1194.000000,-212.121170,-237.945770,178.172913,-223.517593,-0.000012,0.000000,10.002710,6519,1,31,0
67.012428,0.009112,-0.326830,-1.061449,0.000004,-0.000006,0.004604,-0.000051,-0.000462,-0.020143,-0.000047,0.000005,-0.000003,10.000000,10.000000,-90.000000,0.038547,-0.224915,0.000001,0.000000,0.000000,0.000000,-0.536170,1194.000000,-212.121170,-237.945770,178.172913,-223.517593,-0.000012,0.000000,10.002757,6519,0,31,0
67.014381,0.009112,-0.326830,-1.061440,0.000004,-0.000007,0.004564,-0.000054,-0.000460,-0.020221,-0.000047,0.000006,-0.000003,10.000000,10.000000,-90.000000,0.038556,-0.224915,0.000001,0.000000,0.000000,0.000000,-0.536170,1194.000000,-212.121170,-237.945770,178.172913,-223.517593,-0.000012,0.000000,10.002803,6519,0,31,0
67.016335,0.009112,-0.326830,-1.061431,0.000004,-0.000007,0.004523,-0.000056,-0.000458,-0.020292,-0.000047,0.000006,-0.000003,10.000000,10.000000,-90.000000,0.038565,-0.224915,0.000001,0.000000,0.000000,0.000000,-0.536170,1194.000000,-212.121170,-237.945770,178.172913,-223.517593,-0.000012,0.000000,10.002848,6519,0,31,0
67.018295,0.009112,-0.326830,-1.061422,0.000004,-0.000008,0.004483,-0.000059,-0.000455,-0.020357,-0.000046,0.000006,-0.000003,10.000000,10.000000,-90.000000,0.038574,-0.224915,0.000001,0.000000,0.000000,0.000000,-0.536170,1194.000000,-212.121170,-237.945770,178.172913,-223.517593,-0.000012,0.000000,10.002893,6519,0,31,0
67.020248,0.009112,-0.326830,-1.061413,0.000004,-0.000009,0.004442,-0.000062,-0.000452,-0.020415,-0.000046,0.000006,-0.000003,10.000000,10.000000,-90.000000,0.038583,-0.224915,0.000001,0.000000,0.000000,0.000000,-0.536170,1194.000000,-212.121170,-237.945770,178.172913,-223.517593,-0.000012,0.000000,10.002937,6519,0,31,0
67.022202,0.009112,-0.326830,-1.061404,0.000004,-0.000010,0.004401,-0.000065,-0.000448,-0.020468,-0.000045,0.000007,-0.000003,10.000000,10.000000,-90.000000,0.038592,-0.224915,0.000001,0.000000,0.000000,0.000000,-0.536170,1194.000000,-212.121170,-237.945770,178.172913,-223.517593,-0.000012,0.000000,10.002982,6519,0,31,0
67.024155,0.009112,-0.326830,-1.061395,0.000004,-0.000011,0.004360,-0.000067,-0.000444,-0.020517,-0.000045,0.000007,-0.000003,10.000000,10.000000,-90.000000,0.038601,-0.224915,0.000001,0.000000,0.000000,0.000000,-0.536170,1194.000000,-212.121170,-237.945770,178.172913,-223.517593,-0.000011,0.000000,10.003025,6519,0,31,0
67.026108,0.009112,-0.326830,-1.061386,0.000003,-0.000012,0.004319,-0.000069,-0.000439,-0.020561,-0.000044,0.000007,-0.000003,10.000000,10.000000,-90.000000,0.038609,-0.224915,0.000001,0.000000,0.000000,0.000000,-0.536170,1194.000000,-212.121170,-237.945770,178.172913,-223.517593,-0.000011,0.000000,10.003069,6519,0,31,0
67.028061,0.009112,-0.326830,-1.061378,0.000003,-0.000013,0.004278,-0.000071,-0.000433,-0.020600,-0.000044,0.000007,-0.000003,10.000000,10.000000,-90.000000,0.038618,-0.224915,0.000001,0.000000,0.000000,0.000000,-0.536170,1194.000000,-212.121170,-237.945770,178.172913,-223.517593,-0.000011,0.000000,10.003112,6519,0,31,0
67.030014,0.009112,-0.326830,-1.061369,0.000003,-0.000014,0.004236,-0.000073,-0.000428,-0.020635,-0.000043,0.000007,-0.000003,10.000000,10.000000,-90.000000,0.038626,-0.224915,0.000001,0.000000,0.000000,0.000000,-0.536170,1194.000000,-212.121170,-237.945770,178.172913,-223.517593,-0.000011,0.000000,10.003154,6519,0,31,0
67.031967,0.009112,-0.326830,-1.061361,0.000003,-0.000015,0.004195,-0.000074,-0.000422,-0.020668,-0.000043,0.000008,-0.000003,10.000000,10.000000,-90.000000,0.038635,-0.224915,0.000001,0.000000,0.000000,0.000000,-0.536170,1194.000000,-212.121170,-237.945770,178.172913,-223.517593,-0.000011,0.000000,10.003196,6519,0,31,0
67.033920,0.009112,-0.326830,-1.061353,0.000003,-0.000015,0.004154,-0.000075,-0.000416,-0.020697,-0.000042,0.000008,-0.000003,10.000000,10.000000,-90.000000,0.038643,-0.224915,0.000001,0.000000,0.000000,0.000000,-0.536170,1194.000000,-212.121170,-237.945770,178.172913,-223.517593,-0.000011,0.000000,10.003238,6519,0,31,0
67.035881,0.009112,-0.326830,-1.061344,0.000003,-0.000016,0.004112,-0.000075,-0.000409,-0.020724,-0.000041,0.000008,-0.000003,10.000000,10.000000,-90.000000,0.038652,-0.224915,0.000001,0.000000,0.000000,0.000000,-0.536170,1194.000000,-212.121170,-237.945770,178.172913,-223.517593,-0.000011,0.000000,10.003280,6519,0,31,0
67.037834,0.009112,-0.326830,-1.061336,0.000003,-0.000017,0.004071,-0.000076,-0.000402,-0.020748,-0.000041,0.000008,-0.000003,10.000000,9.000000,-103.000000,0.038660,-0.224915,0.000001,0.000000,0.000000,0.000000,-0.536170,1104.000000,-212.121170,-237.945770,178.172913,-223.517593,-0.000011,0.000000,10.003320,6519,0,31,0
67.039787,0.009112,-0.326830,-1.061328,0.000002,-0.000018,0.004029,-0.000075,-0.000395,-0.020770,-0.000040,0.000008,-0.000003,10.000000,9.000000,-103.000000,0.038668,-0.293841,0.000001,0.000000,0.000000,0.067000,-0.596455,1104.000000,-194.029938,-220.744293,270.018494,-50.856331,-0.000011,0.000000,10.003360,6519,0,31,0
67.041740,0.009112,-0.326830,-1.061320,0.000002,-0.000019,0.003988,-0.000075,-0.000388,-0.020790,-0.000039,0.000008,-0.000003,10.000000,9.000000,-103.000000,0.038676,-0.293841,0.000001,0.000000,0.000000,0.000000,-0.596455,1104.000000,-194.029938,-220.744293,270.018494,-50.856331,-0.000011,0.000000,10.003400,6519,0,31,0
67.043694,0.009112,-0.326830,-1.061312,0.000002,-0.000019,0.003946,-0.000074,-0.000381,-0.020808,-0.000038,0.000007,-0.000003,10.000000,9.000000,-103.000000,0.038684,-0.293841,0.000001,0.000000,0.000000,0.000000,-0.596455,1104.000000,-194.029938,-220.744293,270.018494,-50.856331,-0.000011,0.000000,10.003440,6519,0,31,1
67.045647,0.009112,-0.326830,-1.061304,0.000002,-0.000020,0.003904,-0.000072,-0.000375,-0.020825,-0.000038,0.000007,-0.000003,10.000000,9.000000,-103.000000,0.038692,-0.293841,0.000001,0.000000,0.000000,0.000000,-0.596455,1104.000000,-194.029938,-220.744293,270.018494,-50.856331,-0.000004,0.000000,10.003479,6519,0,31,1
67.047600,0.009112,-0.326830,-1.061297,0.000002,-0.000021,0.003863,-0.000070,-0.000367,-0.020839,-0.000037,0.000007,-0.000003,10.000000,9.000000,-103.000000,0.038700,-0.293841,0.000001,0.000000,0.000000,0.000000,-0.596455,1104.000000,-194.029938,-220.744293,270.018494,-50.856331,0.000010,0.000000,10.003517,6519,0,31,1
67.049553,0.009112,-0.326830,-1.061289,0.000002,-0.000022,0.003821,-0.000067,-0.000359,-0.020852,-0.000036,0.000007,-0.000003,10.000000,9.000000,-103.000000,0.038707,-0.293841,0.000001,0.000000,0.000000,0.000000,-0.596455,1104.000000,-194.029938,-220.744293,270.018494,-50.856331,0.000023,0.000000,10.003555,6519,0,31,1
67.051514,0.009112,-0.326830,-1.061281,0.000002,-0.000022,0.003779,-0.000065,-0.000351,-0.020864,-0.000035,0.000006,-0.000003,10.000000,9.000000,-103.000000,0.038715,-0.293841,0.000001,0.000000,0.000000,0.000000,-0.596455,1104.000000,-194.029938,-220.744293,270.018494,-50.856331,0.000034,0.000000,10.003593,6519,0,31,1
67.053467,0.009112,-0.326830,-1.061274,0.000001,-0.000023,0.003738,-0.000062,-0.000343,-0.020875,-0.000034,0.000006,-0.000003,10.000000,9.000000,-103.000000,0.038722,-0.293841,0.000001,0.000000,0.000000,0.000000,-0.596455,1104.000000,-194.029938,-220.744293,270.018494,-50.856331,0.000045,0.000000,10.003632,6519,0,31,1
67.055420,0.009112,-0.326830,-1.061266,0.000001,-0.000024,0.003696,-0.000058,-0.000335,-0.020884,-0.000034,0.000006,-0.000003,10.000000,9.000000,-103.000000,0.038730,-0.293841,0.000001,0.000000,0.000000,0.000000,-0.596455,1104.000000,-194.029938,-220.744293,270.018494,-50.856331,0.000056,0.000000,10.003668,6519,0,31,1
67.057373,0.009112,-0.326830,-1.061259,0.000001,-0.000024,0.003654,-0.000055,-0.000327,-0.020893,-0.000033,0.000005,-0.000003,10.000000,9.000000,-103.000000,0.038737,-0.293841,0.000001,0.000000,0.000000,0.000000,-0.596455,1104.000000,-194.029938,-220.744293,270.018494,-50.856331,0.000065,0.000000,10.003704,6519,0,32,0
67.059326,0.009112,-0.326830,-1.061252,0.000001,-0.000025,0.003612,-0.000051,-0.000317,-0.020900,-0.000032,0.000005,-0.000002,10.000000,9.000000,-103.000000,0.038744,-0.293841,0.000001,0.000000,0.000000,0.000000,-0.596455,1104.000000,-194.029938,-220.744293,270.018494,-50.856331,0.000067,0.000000,10.003741,6519,0,32,0
67.061279,0.009112,-0.326830,-1.061245,0.000001,-0.000026,0.003570,-0.000047,-0.000308,-0.020907,-0.000031,0.000005,-0.000002,10.000000,9.000000,-103.000000,0.038752,-0.293841,0.000001,0.000000,0.000000,0.000000,-0.596455,1104.000000,-194.029938,-220.744293,270.018494,-50.856331,0.000062,0.000000,10.003778,6519,0,32,0
67.063232,0.009112,-0.326831,-1.061238,0.000001,-0.000026,0.003529,-0.000043,-0.000300,-0.020914,-0.000030,0.000004,-0.000002,10.000000,9.000000,-103.000000,0.038759,-0.293841,0.000001,0.000000,0.000000,0.000000,-0.596455,1104.000000,-194.029938,-220.744293,270.018494,-50.856331,0.000057,0.000000,10.003813,6519,0,32,0
67.065186,0.009112,-0.326831,-1.061231,0.000001,-0.000027,0.003487,-0.000039,-0.000291,-0.020919,-0.000029,0.000004,-0.000002,10.000000,9.000000,-103.000000,0.038766,-0.293841,0.000001,0.000000,0.000000,0.000000,-0.596455,1104.000000,-194.029938,-220.744293,270.018494,-50.856331,0.000053,0.000000,10.003847,6519,0,32,0
67.067139,0.009112,-0.326831,-1.061224,0.000001,-0.000027,0.003445,-0.000035,-0.000283,-0.020925,-0.000028,0.000003,-0.000002,10.000000,9.000000,-103.000000,0.038773,-0.293841,0.000001,0.000000,0.000000,0.000000,-0.596455,1104.000000,-194.029938,-220.744293,270.018494,-50.856331,0.000049,0.000000,10.003881,6519,0,32,0
67.069099,0.009112,-0.326831,-1.061217,0.000001,-0.000028,0.003403,-0.000031,-0.000274,-0.020929,-0.000028,0.000003,-0.000002,10.000000,9.000000,-103.000000,0.038780,-0.293841,0.000001,0.000000,0.000000,0.000000,-0.596455,1104.000000,-194.029938,-220.744293,270.018494,-50.856331,0.000046,0.000000,10.003916,6519,0,32,0
67.071053,0.009112,-0.326831,-1.061210,0.000001,-0.000028,0.003361,-0.000027,-0.000266,-0.020934,-0.000027,0.000003,-0.000002,10.000000,9.000000,-103.000000,0.038787,-0.293841,0.000001,0.000000,0.000000,0.000000,-0.596455,1104.000000,-194.029938,-220.744293,270.018494,-50.856331,0.000043,0.000000,10.003950,6520,0,32,0
67.073006,0.009112,-0.326831,-1.061203,0.000001,-0.000029,0.003319,-0.000024,-0.000257,-0.021044,-0.000026,0.000002,-0.000002,10.000000,9.000000,-103.000000,0.038793,-0.293841,0.000001,0.000000,0.000000,0.000000,-0.596455,1104.000000,-194.029938,-220.744293,270.018494,-50.856331,0.000040,0.000000,10.003983,6520,0,32,0
67.074959,0.009112,-0.326831,-1.061197,0.000001,-0.000029,0.003277,-0.000021,-0.000248,-0.021178,-0.000025,0.000002,-0.000002,10.000000,9.000000,-103.000000,0.038800,-0.293841,0.000001,0.000000,0.000000,0.000000,-0.596455,1104.000000,-194.029938,-220.744293,270.018494,-50.856331,0.000037,0.000000,10.004016,6520,0,32,0
67.076912,0.009112,-0.326831,-1.061190,0.000001,-0.000030,0.003234,-0.000018,-0.000240,-0.021300,-0.000024,0.000002,-0.000002,10.000000,9.000000,-103.000000,0.038806,-0.293841,0.000001,0.000000,0.000000,0.000000,-0.596455,1104.000000,-194.029938,-220.744293,270.018494,-50.856331,0.000035,0.000000,10.004048,6520,0,32,0
67.078865,0.009112,-0.326831,-1.061184,0.000001,-0.000030,0.003192,-0.000015,-0.000231,-0.021410,-0.000023,0.000001,-0.000002,10.000000,9.000000,-103.000000,0.038813,-0.293841,0.000001,0.000000,0.000000,0.000000,-0.596455,1104.000000,-194.029938,-220.744293,270.018494,-50.856331,0.000033,0.000000,10.004081,6520,0,32,0
67.080818,0.009112,-0.326831,-1.061178,0.000000,-0.000031,0.003149,-0.000013,-0.000222,-0.021510,-0.000022,0.000001,-0.000001,10.000000,9.000000,-103.000000,0.038819,-0.293841,0.000001,0.000000,0.000000,0.000000,-0.596455,1104.000000,-194.029938,-220.744293,270.018494,-50.856331,0.000031,0.000000,10.004112,6520,0,32,0
67.082771,0.009112,-0.326831,-1.061172,0.000000,-0.000031,0.003106,-0.000011,-0.000213,-0.021601,-0.000021,0.000001,-0.000001,10.000000,9.000000,-103.000000,0.038825,-0.293841,0.000001,0.000000,0.000000,0.000000,-0.596455,1104.000000,-194.029938,-220.744293,270.018494,-50.856331,0.000029,0.000000,10.004143,6520,0,31,0
67.084724,0.009112,-0.326831,-1.061165,0.000000,-0.000032,0.003062,-0.000009,-0.000204,-0.021684,-0.000020,0.000001,-0.000001,10.000000,9.000000,-103.000000,0.038832,-0.293841,0.000001,0.000000,0.000000,0.000000,-0.596455,1104.000000,-194.029938,-220.744293,270.018494,-50.856331,0.000027,0.000000,10.004173,6520,0,31,0
67.086685,0.009112,-0.326831,-1.061159,0.000000,-0.000032,0.003019,-0.000008,-0.000195,-0.021759,-0.000019,0.000001,-0.000001,10.000000,9.000000,-103.000000,0.038838,-0.293841,0.000001,0.000000,0.000000,0.000000,-0.596455,1104.000000,-194.029938,-220.744293,270.018494,-50.856331,0.000026,0.000000,10.004204,6520,0,31,0
67.088638,0.009112,-0.326831,-1.061153,0.000000,-0.000032,0.002975,-0.000007,-0.000187,-0.021828,-0.000019,0.000001,-0.000001,10.000000,9.000000,-103.000000,0.038844,-0.293841,0.000001,0.000000,0.000000,0.000000,-0.596455,1104.000000,-194.029938,-220.744293,270.018494,-50.856331,0.000025,0.000000,10.004234,6520,0,31,0
67.090591,0.009112,-0.326831,-1.061147,0.000000,-0.000033,0.002931,-0.000007,-0.000178,-0.021890,-0.000018,0.000001,-0.000001,10.000000,9.000000,-103.000000,0.038850,-0.293841,0.000001,0.000000,0.000000,0.000000,-0.596455,1104.000000,-194.029938,-220.744293,270.018494,-50.856331,0.000023,0.000000,10.004263,6520,0,31,0
67.092545,0.009112,-0.326831,-1.061142,0.000000,-0.000033,0.002887,-0.000006,-0.000169,-0.021946,-0.000017,0.000001,-0.000001,10.000000,9.000000,-103.000000,0.038855,-0.293841,0.000001,0.000000,0.000000,0.000000,-0.596455,1104.000000,-194.029938,-220.744293,270.018494,-50.856331,0.000022,0.000000,10.004292,6520,0,31,0
67.094498,0.009112,-0.326831,-1.061136,0.000000,-0.000033,0.002843,-0.000005,-0.000160,-0.021998,-0.000016,0.000001,-0.000001,10.000000,9.000000,-103.000000,0.038861,-0.293841,0.000001,0.000000,0.000000,0.000000,-0.596455,1104.000000,-194.029938,-220.744293,270.018494,-50.856331,0.000021,0.000000,10.004321,6520,0,31,0
67.096451,0.009112,-0.326832,-1.061130,0.000000,-0.000034,0.002799,-0.000005,-0.000151,-0.022044,-0.000015,0.000000,-0.000001,10.000000,7.000000,-115.000000,0.038867,-0.293841,0.000001,0.000000,0.000000,0.000000,-0.596455,990.000000,-194.029938,-220.744293,270.018494,-50.856331,0.000020,0.000000,10.004349,6520,0,31,0
67.098404,0.009112,-0.326832,-1.061125,0.000000,-0.000034,0.002755,-0.000004,-0.000142,-0.022086,-0.000014,0.000000,-0.000001,10.000000,7.000000,-115.000000,0.038872,-0.389073,0.000000,0.000000,0.000000,0.067000,-0.835929,990.000000,-179.104401,-200.597946,222.769104,57.772778,0.000020,0.000000,10.004377,6520,0,31,0
67.100357,0.009112,-0.326832,-1.061119,0.000000,-0.000034,0.002711,-0.000004,-0.000133,-0.022124,-0.000013,0.000000,-0.000001,10.000000,7.000000,-115.000000,0.038878,-0.389073,0.000000,0.000000,0.000000,0.000000,-0.835929,990.000000,-179.104401,-200.597946,222.769104,57.772778,0.000019,0.000000,10.004404,6520,0,31,0
67.102318,0.009112,-0.326832,-1.061114,0.000000,-0.000035,0.002667,-0.000003,-0.000124,-0.022159,-0.000012,0.000000,-0.000001,10.000000,7.000000,-115.000000,0.038883,-0.389073,0.000000,0.000000,0.000000,0.000000,-0.835929,990.000000,-179.104401,-200.597946,222.769104,57.772778,0.000018,0.000000,10.004431,6520,0,31,0
67.104271,0.009112,-0.326832,-1.061109,0.000000,-0.000035,0.002622,-0.000002,-0.000115,-0.022190,-0.000011,0.000000,-0.000001,10.000000,7.000000,-115.000000,0.038889,-0.389073,0.000000,0.000000,0.000000,0.000000,-0.835929,990.000000,-179.104401,-200.597946,222.769104,57.772778,0.000018,0.000000,10.004457,6520,0,31,0
67.106224,0.009112,-0.326832,-1.061104,0.000000,-0.000035,0.002578,-0.000000,-0.000106,-0.022219,-0.000010,-0.000000,-0.000001,10.000000,7.000000,-115.000000,0.038894,-0.389073,0.000000,0.000000,0.000000,0.000000,-0.835929,990.000000,-179.104401,-200.597946,222.769104,57.772778,0.000017,0.000000,10.004483,6520,0,31,0
67.108177,0.009112,-0.326832,-1.061098,0.000000,-0.000035,0.002533,0.000001,-0.000097,-0.022245,-0.000009,-0.000000,-0.000001,10.000000,7.000000,-115.000000,0.038899,-0.389073,0.000000,0.000000,0.000000,0.000000,-0.835929,990.000000,-179.104401,-200.597946,222.769104,57.772778,0.000017,0.000000,10.004508,6520,0,31,0
67.110130,0.009112,-0.326832,-1.061093,0.000000,-0.000035,0.002489,0.000003,-0.000088,-0.022269,-0.000008,-0.000000,-0.000001,10.000000,7.000000,-115.000000,0.038904,-0.389073,0.000000,0.000000,0.000000,0.000000,-0.835929,990.000000,-179.104401,-200.597946,222.769104,57.772778,0.000016,0.000000,10.004533,6520,0,31,0
67.112083,0.009112,-0.326832,-1.061089,0.000000,-0.000036,0.002444,0.000006,-0.000079,-0.022290,-0.000008,-0.000001,-0.000001,10.000000,7.000000,-115.000000,0.038909,-0.389073,0.000000,0.000000,0.000000,0.000000,-0.835929,990.000000,-179.104401,-200.597946,222.769104,57.772778,0.000016,0.000000,10.004559,6520,0,32,0
67.114037,0.009112,-0.326832,-1.061084,0.000000,-0.000036,0.002400,0.000008,-0.000069,-0.022308,-0.000007,-0.000001,-0.000001,10.000000,7.000000,-115.000000,0.038914,-0.389073,0.000000,0.000000,0.000000,0.000000,-0.835929,990.000000,-179.104401,-200.597946,222.769104,57.772778,0.000015,0.000000,10.004582,6520,0,32,0
67.115990,0.009112,-0.326832,-1.061079,0.000000,-0.000036,0.002355,0.000011,-0.000060,-0.022324,-0.000006,-0.000001,-0.000001,10.000000,7.000000,-115.000000,0.038919,-0.389073,0.000000,0.000000,0.000000,0.000000,-0.835929,990.000000,-179.104401,-200.597946,222.769104,57.772778,0.000015,0.000000,10.004605,6520,0,32,0
67.117943,0.009112,-0.326832,-1.061074,0.000000,-0.000036,0.002310,0.000014,-0.000051,-0.022339,-0.000005,-0.000002,-0.000001,10.000000,7.000000,-115.000000,0.038923,-0.389073,0.000000,0.000000,0.000000,0.000000,-0.835929,990.000000,-179.104401,-200.597946,222.769104,57.772778,0.000015,0.000000,10.004629,6520,0,32,0
67.119904,0.009112,-0.326832,-1.061070,0.000000,-0.000036,0.002266,0.000017,-0.000042,-0.022353,-0.000004,-0.000002,-0.000001,10.000000,7.000000,-115.000000,0.038928,-0.389073,0.000000,0.000000,0.000000,0.000000,-0.835929,990.000000,-179.104401,-200.597946,222.769104,57.772778,0.000014,0.000000,10.004651,6520,0,32,0
67.121857,0.009112,-0.326832,-1.061065,0.000000,-0.000036,0.002221,0.000021,-0.000033,-0.022365,-0.000003,-0.000002,-0.000001,10.000000,7.000000,-115.000000,0.038932,-0.389073,0.000000,0.000000,0.000000,0.000000,-0.835929,990.000000,-179.104401,-200.597946,222.769104,57.772778,0.000014,0.000000,10.004674,6520,0,32,0
67.123810,0.009112,-0.326833,-1.061061,0.000001,-0.000036,0.002176,0.000024,-0.000024,-0.022377,-0.000002,-0.000003,-0.000001,10.000000,7.000000,-115.000000,0.038937,-0.389073,0.000000,0.000000,0.000000,0.000000,-0.835929,990.000000,-179.104401,-200.597946,222.769104,57.772778,0.000014,0.000000,10.004696,6520,0,32,0
67.125763,0.009112,-0.326833,-1.061057,0.000001,-0.000036,0.002132,0.000027,-0.000015,-0.022387,-0.000001,-0.000003,-0.000001,10.000000,7.000000,-115.000000,0.038941,-0.389073,0.000000,0.000000,0.000000,0.000000,-0.835929,990.000000,-179.104401,-200.597946,222.769104,57.772778,0.000014,0.000000,10.004717,6520,0,32,0
67.127716,0.009112,-0.326833,-1.061052,0.000001,-0.000036,0.002087,0.000030,-0.000006,-0.022397,-0.000000,-0.000003,-0.000001,10.000000,7.000000,-115.000000,0.038945,-0.389073,0.000000,0.000000,0.000000,0.000000,-0.835929,990.000000,-179.104401,-200.597946,222.769104,57.772778,0.000014,0.000000,10.004738,6520,0,32,0
67.129669,0.009112,-0.326833,-1.061048,0.000001,-0.000036,0.002042,0.000033,0.000003,-0.022406,0.000001,-0.000003,-0.000001,10.000000,7.000000,-115.000000,0.038950,-0.389073,0.000000,0.000000,0.000000,0.000000,-0.835929,990.000000,-179.104401,-200.597946,222.769104,57.772778,0.000013,0.000000,10.004759,6520,0,32,0
67.131622,0.009112,-0.326833,-1.061044,0.000001,-0.000036,0.001997,0.000036,0.000012,-0.022414,0.000002,-0.000004,-0.000001,10.000000,7.000000,-115.000000,0.038954,-0.389073,0.000000,0.000000,0.000000,0.000000,-0.835929,990.000000,-179.104401,-200.597946,222.769104,57.772778,0.000013,0.000000,10.004779,6520,0,32,0
67.133575,0.009112,-0.326833,-1.061040,0.000001,-0.000036,0.001952,0.000038,0.000021,-0.022420,0.000003,-0.000004,-0.000000,10.000000,7.000000,-115.000000,0.038958,-0.389073,0.000000,0.000000,0.000000,0.000000,-0.835929,990.000000,-179.104401,-200.597946,222.769104,57.772778,0.000013,0.000000,10.004798,6520,0,32,0
67.135529,0.009112,-0.326833,-1.061037,0.000001,-0.000036,0.001907,0.000040,0.000030,-0.022427,0.000004,-0.000004,-0.000000,10.000000,7.000000,-115.000000,0.038962,-0.389073,0.000000,0.000000,0.000000,0.000000,-0.835929,990.000000,-179.104401,-200.597946,222.769104,57.772778,0.000013,0.000000,10.004818,6520,0,32,0
67.137489,0.009112,-0.326833,-1.061033,0.000001,-0.000036,0.001863,0.000042,0.000039,-0.022432,0.000004,-0.000004,-0.000000,10.000000,7.000000,-115.000000,0.038965,-0.389073,0.000000,0.000000,0.000000,0.000000,-0.835929,990.000000,-179.104401,-200.597946,222.769104,57.772778,0.000013,0.000000,10.004837,6520,0,32,0
67.139442,0.009112,-0.326833,-1.061029,0.000001,-0.000036,0.001818,0.000043,0.000048,-0.022437,0.000005,-0.000004,-0.000000,10.000000,7.000000,-115.000000,0.038969,-0.389073,0.000000,0.000000,0.000000,0.000000,-0.835929,990.000000,-179.104401,-200.597946,222.769104,57.772778,0.000013,0.000000,10.004855,6520,0,32,0
67.141396,0.009112,-0.326833,-1.061026,0.000001,-0.000036,0.001773,0.000044,0.000058,-0.022442,0.000006,-0.000005,-0.000000,10.000000,7.000000,-115.000000,0.038973,-0.389073,0.000000,0.000000,0.000000,0.000000,-0.835929,990.000000,-179.104401,-200.597946,222.769104,57.772778,0.000013,0.000000,10.004872,6520,0,32,0
67.143349,0.009112,-0.326833,-1.061022,0.000001,-0.000036,0.001728,0.000045,0.000067,-0.022446,0.000007,-0.000005,-0.000000,10.000000,7.000000,-115.000000,0.038976,-0.389073,0.000000,0.000000,0.000000,0.000000,-0.835929,990.000000,-179.104401,-200.597946,222.769104,57.772778,0.000013,0.000000,10.004889,6520,0,32,0
67.145302,0.009112,-0.326833,-1.061019,0.000001,-0.000036,0.001683,0.000045,0.000076,-0.022450,0.000008,-0.000005,-0.000000,10.000000,7.000000,-115.000000,0.038980,-0.389073,0.000000,0.000000,0.000000,0.000000,-0.835929,990.000000,-179.104401,-200.597946,222.769104,57.772778,0.000013,0.000000,10.004908,6520,0,32,0
67.147255,0.009112,-0.326833,-1.061015,0.000001,-0.000035,0.001638,0.000044,0.000085,-0.022453,0.000009,-0.000004,-0.000000,10.000000,7.000000,-115.000000,0.038983,-0.389073,0.000000,0.000000,0.000000,0.000000,-0.835929,990.000000,-179.104401,-200.597946,222.769104,57.772778,0.000012,0.000000,10.004924,6520,0,31,0
67.149208,0.009112,-0.326833,-1.061012,0.000002,-0.000035,0.001593,0.000043,0.000094,-0.022457,0.000010,-0.000004,-0.000000,10.000000,7.000000,-115.000000,0.038986,-0.389073,0.000000,0.000000,0.000000,0.000000,-0.835929,990.000000,-179.104401,-200.597946,222.769104,57.772778,0.000012,0.000000,10.004939,6520,0,31,0
67.151161,0.009112,-0.326834,-1.061009,0.000002,-0.000035,0.001548,0.000042,0.000103,-0.022460,0.000011,-0.000004,-0.000000,10.000000,7.000000,-115.000000,0.038989,-0.389073,0.000000,0.000000,0.000000,0.000000,-0.835929,990.000000,-179.104401,-200.597946,222.769104,57.772778,0.000012,0.000000,10.004954,6520,0,31,0
67.153114,0.009112,-0.326834,-1.061006,0.000002,-0.000035,0.001503,0.000041,0.000112,-0.022464,0.000012,-0.000004,-0.000000,10.000000,7.000000,-115.000000,0.038992,-0.389073,0.000000,0.000000,0.000000,0.000000,-0.835929,990.000000,-179.104401,-200.597946,222.769104,57.772778,0.000012,0.000000,10.004971,6520,0,31,0
67.155075,0.009112,-0.326834,-1.061003,0.000002,-0.000035,0.001458,0.000039,0.000121,-0.022466,0.000013,-0.000004,-0.000000,10.000000,6.000000,-124.000000,0.038995,-0.389073,0.000000,0.000000,0.000000,0.000000,-0.835929,914.000000,-179.104401,-200.597946,222.769104,57.772778,0.000012,0.000000,10.004985,6520,0,31,0
67.157028,0.009112,-0.326834,-1.061000,0.000002,-0.000034,0.001413,0.000037,0.000130,-0.022469,0.000014,-0.000004,-0.000000,10.000000,6.000000,-124.000000,0.038998,-0.427031,0.000000,0.000000,0.000000,0.066000,-0.617355,914.000000,-136.363663,-162.981964,647.587097,253.503891,0.000012,0.000000,10.005000,6520,0,31,0
67.158981,0.009112,-0.326834,-1.060997,0.000002,-0.000034,0.001369,0.000035,0.000139,-0.022471,0.000015,-0.000003,-0.000000,10.000000,6.000000,-124.000000,0.039001,-0.427031,0.000000,0.000000,0.000000,0.000000,-0.617355,914.000000,-136.363663,-162.981964,647.587097,253.503891,0.000012,0.000000,10.005013,6520,0,31,0
67.160934,0.009112,-0.326834,-1.060995,0.000002,-0.000034,0.001324,0.000033,0.000148,-0.022474,0.000016,-0.000003,-0.000000,10.000000,6.000000,-124.000000,0.039004,-0.427031,0.000000,0.000000,0.000000,0.000000,-0.617355,914.000000,-136.363663,-162.981964,647.587097,253.503891,0.000012,0.000000,10.005027,6520,0,31,0
67.162888,0.009112,-0.326834,-1.060992,0.000002,-0.000033,0.001279,0.000031,0.000157,-0.022476,0.000016,-0.000003,-0.000000,10.000000,6.000000,-124.000000,0.039006,-0.427031,0.000000,0.000000,0.000000,0.000000,-0.617355,914.000000,-136.363663,-162.981964,647.587097,253.503891,0.000012,0.000000,10.005039,6520,0,31,0
67.164841,0.009112,-0.326834,-1.060990,0.000002,-0.000033,0.001234,0.000029,0.000167,-0.022477,0.000017,-0.000003,-0.000000,10.000000,6.000000,-124.000000,0.039009,-0.427031,0.000000,0.000000,0.000000,0.000000,-0.617355,914.000000,-136.363663,-162.981964,647.587097,253.503891,0.000012,0.000000,10.005052,6520,0,31,0
67.166794,0.009112,-0.326834,-1.060987,0.000002,-0.000033,0.001189,0.000027,0.000176,-0.022479,0.000018,-0.000003,-0.000000,10.000000,6.000000,-124.000000,0.039011,-0.427031,0.000000,0.000000,0.000000,0.000000,-0.617355,914.000000,-136.363663,-162.981964,647.587097,253.503891,0.000012,0.000000,10.005064,6520,0,31,0
67.168747,0.009112,-0.326834,-1.060985,0.000002,-0.000032,0.001144,0.000025,0.000185,-0.022480,0.000019,-0.000003,-0.000000,10.000000,6.000000,-124.000000,0.039014,-0.427031,0.000000,0.000000,0.000000,0.000000,-0.617355,914.000000,-136.363663,-162.981964,647.587097,253.503891,0.000012,0.000000,10.005075,6520,0,31,0
67.170708,0.009112,-0.326834,-1.060983,0.000002,-0.000032,0.001099,0.000024,0.000194,-0.022482,0.000020,-0.000002,-0.000000,10.000000,6.000000,-124.000000,0.039016,-0.427031,0.000000,0.000000,0.000000,0.000000,-0.617355,914.000000,-136.363663,-162.981964,647.587097,253.503891,0.000012,0.000000,10.005086,6520,0,31,0
67.172661,0.009112,-0.326834,-1.060981,0.000002,-0.000032,0.001054,0.000023,0.000203,-0.022483,0.000021,-0.000002,0.000000,10.000000,6.000000,-124.000000,0.039018,-0.427031,0.000000,0.000000,0.000000,0.000000,-0.617355,914.000000,-136.363663,-162.981964,647.587097,253.503891,0.000012,0.000000,10.005097,6520,0,31,0
67.174614,0.009112,-0.326834,-1.060979,0.000002,-0.000031,0.001009,0.000022,0.000212,-0.022484,0.000022,-0.000002,0.000000,10.000000,6.000000,-124.000000,0.039020,-0.427031,0.000000,0.000000,0.000000,0.000000,-0.617355,914.000000,-136.363663,-162.981964,647.587097,253.503891,0.000012,0.000000,10.005107,6520,0,31,0
67.176567,0.009112,-0.326834,-1.060977,0.000002,-0.000031,0.000964,0.000021,0.000221,-0.022485,0.000023,-0.000002,0.000000,10.000000,6.000000,-124.000000,0.039022,-0.427031,0.000000,0.000000,0.000000,0.000000,-0.617355,914.000000,-136.363663,-162.981964,647.587097,253.503891,0.000012,0.000000,10.005116,6520,0,31,0
67.178520,0.009112,-0.326834,-1.060975,0.000002,-0.000030,0.000919,0.000021,0.000230,-0.022486,0.000024,-0.000002,0.000000,10.000000,6.000000,-124.000000,0.039024,-0.427031,0.000000,0.000000,0.000000,0.000000,-0.617355,914.000000,-136.363663,-162.981964,647.587097,253.503891,0.000012,0.000000,10.005126,6520,0,31,0
67.180473,0.009112,-0.326835,-1.060973,0.000002,-0.000030,0.000874,0.000021,0.000239,-0.022487,0.000025,-0.000002,0.000000,10.000000,6.000000,-124.000000,0.039026,-0.427031,0.000000,0.000000,0.000000,0.000000,-0.617355,914.000000,-136.363663,-162.981964,647.587097,253.503891,0.000012,0.000000,10.005136,6520,0,31,0
67.182426,0.009112,-0.326835,-1.060971,0.000003,-0.000029,0.000829,0.000022,0.000248,-0.022488,0.000026,-0.000002,0.000000,10.000000,6.000000,-124.000000,0.039028,-0.427031,0.000000,0.000000,0.000000,0.000000,-0.617355,914.000000,-136.363663,-162.981964,647.587097,253.503891,0.000012,0.000000,10.005143,6520,0,31,0
67.184380,0.009112,-0.326835,-1.060970,0.000003,-0.000029,0.000784,0.000023,0.000257,-0.022489,0.000027,-0.000002,0.000000,10.000000,6.000000,-124.000000,0.039029,-0.427031,0.000000,0.000000,0.000000,0.000000,-0.617355,914.000000,-136.363663,-162.981964,647.587097,253.503891,0.000012,0.000000,10.005151,6520,0,32,0
67.186333,0.009112,-0.326835,-1.060968,0.000003,-0.000028,0.000739,0.000024,0.000266,-0.022489,0.000028,-0.000003,0.000000,10.000000,6.000000,-124.000000,0.039031,-0.427031,0.000000,0.000000,0.000000,0.000000,-0.617355,914.000000,-136.363663,-162.981964,647.587097,253.503891,0.000012,0.000000,10.005158,6520,0,32,0
67.188293,0.009112,-0.326835,-1.060967,0.000003,-0.000028,0.000694,0.000026,0.000276,-0.022488,0.000029,-0.000003,0.000000,10.000000,6.000000,-124.000000,0.039032,-0.427031,0.000000,0.000000,0.000000,0.000000,-0.617355,914.000000,-136.363663,-162.981964,647.587097,253.503891,0.000012,0.000000,10.005166,6520,0,32,0
67.190247,0.009112,-0.326835,-1.060966,0.000003,-0.000027,0.000649,0.000028,0.000285,-0.022488,0.000029,-0.000003,0.000000,10.000000,6.000000,-124.000000,0.039034,-0.427031,0.000000,0.000000,0.000000,0.000000,-0.617355,914.000000,-136.363663,-162.981964,647.587097,253.503891,0.000012,0.000000,10.005173,6520,0,32,0
67.192200,0.009112,-0.326835,-1.060964,0.000003,-0.000027,0.000604,0.000030,0.000294,-0.022488,0.000030,-0.000003,0.000000,10.000000,6.000000,-124.000000,0.039035,-0.427031,0.000000,0.000000,0.000000,0.000000,-0.617355,914.000000,-136.363663,-162.981964,647.587097,253.503891,0.000012,0.000000,10.005178,6520,0,32,0
67.194153,0.009112,-0.326835,-1.060963,0.000003,-0.000026,0.000559,0.000032,0.000303,-0.022488,0.000031,-0.000003,0.000000,10.000000,6.000000,-124.000000,0.039036,-0.427031,0.000000,0.000000,0.000000,0.000000,-0.617355,914.000000,-136.363663,-162.981964,647.587097,253.503891,0.000012,0.000000,10.005185,6520,0,32,0
67.196106,0.009112,-0.326835,-1.060962,0.000003,-0.000025,0.000514,0.000034,0.000312,-0.022487,0.000032,-0.000004,0.000000,10.000000,6.000000,-124.000000,0.039037,-0.427031,0.000000,0.000000,0.000000,0.000000,-0.617355,914.000000,-136.363663,-162.981964,647.587097,253.503891,0.000012,0.000000,10.005190,6520,0,32,0
67.198059,0.009112,-0.326835,-1.060961,0.000003,-0.000025,0.000469,0.000036,0.000321,-0.022487,0.000033,-0.000004,0.000000,10.000000,6.000000,-124.000000,0.039038,-0.427031,0.000000,0.000000,0.000000,0.000000,-0.617355,914.000000,-136.363663,-162.981964,647.587097,253.503891,0.000012,0.000000,10.005195,6520,0,32,0
67.200012,0.009112,-0.326835,-1.060960,0.000003,-0.000024,0.000424,0.000038,0.000330,-0.022487,0.000034,-0.000004,0.000000,10.000000,6.000000,-124.000000,0.039039,-0.427031,0.000000,0.000000,0.000000,0.000000,-0.617355,914.000000,-136.363663,-162.981964,647.587097,253.503891,0.000012,0.000000,10.005198,6520,0,32,0
67.201965,0.009112,-0.326835,-1.060960,0.000003,-0.000023,0.000379,0.000040,0.000339,-0.022487,0.000035,-0.000004,0.000000,10.000000,6.000000,-124.000000,0.039040,-0.427031,0.000000,0.000000,0.000000,0.000000,-0.617355,914.000000,-136.363663,-162.981964,647.587097,253.503891,0.000012,0.000000,10.005203,6520,0,32,0
67.203918,0.009112,-0.326835,-1.060959,0.000003,-0.000023,0.000334,0.000042,0.000348,-0.022487,0.000036,-0.000004,0.000000,10.000000,6.000000,-124.000000,0.039041,-0.427031,0.000000,0.000000,0.000000,0.000000,-0.617355,914.000000,-136.363663,-162.981964,647.587097,253.503891,0.000012,0.000000,10.005206,6520,0,32,0
67.205879,0.009112,-0.326835,-1.060958,0.000003,-0.000022,0.000289,0.000043,0.000357,-0.022487,0.000037,-0.000004,0.000000,10.000000,6.000000,-124.000000,0.039041,-0.427031,0.000000,0.000000,0.000000,0.000000,-0.617355,914.000000,-136.363663,-162.981964,647.587097,253.503891,0.000012,0.000000,10.005209,6520,-1,32,0
67.207832,0.009112,-0.326835,-1.060958,0.000003,-0.000021,0.000244,0.000045,0.000366,-0.022486,0.000038,-0.000005,0.000000,10.000000,6.000000,-124.000000,0.039042,-0.427031,0.000000,0.000000,0.000000,0.000000,-0.617355,914.000000,-136.363663,-162.981964,647.587097,253.503891,0.000012,0.000000,10.005212,6520,-1,32,0
67.209785,0.009112,-0.326835,-1.060957,0.000003,-0.000021,0.000199,0.000046,0.000375,-0.022486,0.000039,-0.000005,0.000000,10.000000,6.000000,-124.000000,0.039042,-0.427031,0.000000,0.000000,0.000000,0.000000,-0.617355,914.000000,-136.363663,-162.981964,647.587097,253.503891,0.000012,0.000000,10.005214,6520,-1,32,0
67.211739,0.009112,-0.326835,-1.060957,0.000004,-0.000020,0.000154,0.000046,0.000384,-0.022486,0.000040,-0.000005,0.000000,10.000000,6.000000,-124.000000,0.039043,-0.427031,0.000000,0.000000,0.000000,0.000000,-0.617355,914.000000,-136.363663,-162.981964,647.587097,253.503891,0.000012,0.000000,10.005216,6520,-1,32,0
67.213692,0.009112,-0.326835,-1.060957,0.000004,-0.000019,0.000109,0.000046,0.000392,-0.022486,0.000040,-0.000005,0.000001,10.000000,6.000000,-124.000000,0.039043,-0.427031,0.000000,0.000000,0.000000,0.000000,-0.617355,914.000000,-136.363663,-162.981964,647.587097,253.503891,0.000012,0.000000,10.005218,6520,-1,32,0
67.215645,0.009112,-0.326835,-1.060957,0.000004,-0.000018,0.000064,0.000046,0.000400,-0.022486,0.000041,-0.000005,0.000001,10.000000,6.000000,-124.000000,0.039043,-0.427031,0.000000,0.000000,0.000000,0.000000,-0.617355,914.000000,-136.363663,-162.981964,647.587097,253.503891,0.000011,0.000000,10.005217,6520,-1,32,0
67.217598,0.009112,-0.326835,-1.060957,0.000004,-0.000017,0.000019,0.000045,0.000407,-0.022486,0.000042,-0.000005,0.000001,10.000000,6.000000,-124.000000,0.039043,-0.427031,0.000000,0.000000,0.000000,0.000000,-0.617355,914.000000,-136.363663,-162.981964,647.587097,253.503891,0.000011,0.000000,10.005218,6520,-1,32,0
67.219551,0.009112,-0.326835,-1.060957,0.000004,-0.000017,-0.000026,0.000044,0.000414,-0.022485,0.000042,-0.000004,0.000001,10.000000,6.000000,-124.000000,0.039043,-0.427031,0.000000,0.000000,0.000000,0.000000,-0.617355,914.000000,-136.363663,-162.981964,647.587097,253.503891,0.000011,0.000000,10.005218,6520,-1,32,0
67.221504,0.009112,-0.326836,-1.060957,0.000004,-0.000016,-0.000070,0.000043,0.000419,-0.022485,0.000043,-0.000004,0.000001,10.000000,6.000000,-124.000000,0.039043,-0.427031,0.000000,0.000000,0.000000,0.000000,-0.617355,914.000000,-136.363663,-162.981964,647.587097,253.503891,0.000011,0.000000,10.005218,6520,-1,31,0
67.223465,0.009112,-0.326836,-1.060957,0.000004,-0.000015,-0.000115,0.000040,0.000424,-0.022486,0.000043,-0.000004,0.000001,10.000000,6.000000,-124.000000,0.039043,-0.427031,0.000000,0.000000,0.000000,0.000000,-0.617355,914.000000,-136.363663,-162.981964,647.587097,253.503891,0.000011,0.000000,10.005217,6520,-1,31,0
67.225418,0.009112,-0.326836,-1.060957,0.000004,-0.000014,-0.000160,0.000038,0.000427,-0.022486,0.000044,-0.000004,0.000001,10.000000,6.000000,-124.000000,0.039043,-0.427031,0.000000,0.000000,0.000000,0.000000,-0.617355,914.000000,-136.363663,-162.981964,647.587097,253.503891,0.000010,0.000000,10.005214,6520,-1,31,0
67.227371,0.009112,-0.326836,-1.060958,0.000004,-0.000013,-0.000205,0.000035,0.000430,-0.022487,0.000044,-0.000003,0.000001,10.000000,6.000000,-124.000000,0.039043,-0.427031,0.000000,0.000000,0.000000,0.000000,-0.617355,914.000000,-136.363663,-162.981964,647.587097,253.503891,0.000010,0.000000,10.005213,6520,-1,31,0
67.229324,0.009112,-0.326836,-1.060958,0.000004,-0.000012,-0.000250,0.000032,0.000432,-0.022487,0.000044,-0.000003,0.000001,10.000000,6.000000,-124.000000,0.039042,-0.427031,0.000000,0.000000,0.000000,0.000000,-0.617355,914.000000,-136.363663,-162.981964,647.587097,253.503891,0.000010,0.000000,10.005211,6520,0,31,0
67.231277,0.009112,-0.326836,-1.060959,0.000004,-0.000011,-0.000295,0.000028,0.000433,-0.022487,0.000044,-0.000003,0.000001,10.000000,6.000000,-124.000000,0.039042,-0.427031,0.000000,0.000000,0.000000,0.000000,-0.617355,914.000000,-136.363663,-162.981964,647.587097,253.503891,0.000010,0.000000,10.005208,6520,0,31,0
67.233231,0.009112,-0.326836,-1.060959,0.000004,-0.000011,-0.000340,0.000024,0.000433,-0.022488,0.000044,-0.000002,0.000001,10.000000,5.000000,-132.000000,0.039041,-0.427031,0.000000,0.000000,0.000000,0.000000,-0.617355,870.000000,-136.363663,-162.981964,647.587097,253.503891,0.000010,0.000000,10.005203,6520,0,31,0
67.235184,0.009112,-0.326836,-1.060960,0.000004,-0.000010,-0.000385,0.000020,0.000432,-0.022489,0.000044,-0.000002,0.000001,10.000000,5.000000,-132.000000,0.039040,-0.418095,0.000001,0.000000,0.000000,0.067000,-0.372769,870.000000,-119.403038,-133.785416,253.143753,281.046326,0.000009,0.000000,10.005200,6520,0,31,0
67.237137,0.009112,-0.326836,-1.060961,0.000005,-0.000009,-0.000430,0.000015,0.000431,-0.022489,0.000044,-0.000001,0.000001,10.000000,5.000000,-132.000000,0.039039,-0.418095,0.000001,0.000000,0.000000,0.000000,-0.372769,870.000000,-119.403038,-133.785416,253.143753,281.046326,0.000009,0.000000,10.005196,6520,0,31,0
67.239098,0.009112,-0.326836,-1.060962,0.000005,-0.000008,-0.000475,0.000011,0.000429,-0.022490,0.000043,-0.000001,0.000001,10.000000,5.000000,-132.000000,0.039039,-0.418095,0.000001,0.000000,0.000000,0.000000,-0.372769,870.000000,-119.403038,-133.785416,253.143753,281.046326,0.000009,0.000000,10.005192,6520,0,31,0
67.241051,0.009112,-0.326836,-1.060963,0.000005,-0.000007,-0.000520,0.000007,0.000426,-0.022490,0.000043,-0.000000,0.000001,10.000000,5.000000,-132.000000,0.039038,-0.418095,0.000001,0.000000,0.000000,0.000000,-0.372769,870.000000,-119.403038,-133.785416,253.143753,281.046326,0.000009,0.000000,10.005186,6520,0,31,0
67.243004,0.009112,-0.326836,-1.060964,0.000005,-0.000006,-0.000565,0.000002,0.000423,-0.022490,0.000043,-0.000000,0.000001,10.000000,5.000000,-132.000000,0.039037,-0.418095,0.000001,0.000000,0.000000,0.000000,-0.372769,870.000000,-119.403038,-133.785416,253.143753,281.046326,0.000009,0.000000,10.005180,6520,0,31,0
67.244957,0.009112,-0.326836,-1.060965,0.000005,-0.000005,-0.000610,-0.000002,0.000419,-0.022490,0.000042,0.000000,0.000001,10.000000,5.000000,-132.000000,0.039035,-0.418095,0.000001,0.000000,0.000000,0.000000,-0.372769,870.000000,-119.403038,-133.785416,253.143753,281.046326,0.000009,0.000000,10.005175,6520,0,31,0
67.246910,0.009112,-0.326836,-1.060966,0.000005,-0.000005,-0.000655,-0.000006,0.000415,-0.022491,0.000042,0.000001,0.000001,10.000000,5.000000,-132.000000,0.039034,-0.418095,0.000001,0.000000,0.000000,0.000000,-0.372769,870.000000,-119.403038,-133.785416,253.143753,281.046326,0.000009,0.000000,10.005169,6520,0,31,0
67.248863,0.009112,-0.326836,-1.060968,0.000005,-0.000004,-0.000700,-0.000010,0.000410,-0.022492,0.000042,0.000001,0.000001,10.000000,5.000000,-132.000000,0.039033,-0.418095,0.000001,0.000000,0.000000,0.000000,-0.372769,870.000000,-119.403038,-133.785416,253.143753,281.046326,0.000009,0.000000,10.005161,6520,0,31,0
67.250816,0.009112,-0.326836,-1.060969,0.000005,-0.000003,-0.000745,-0.000013,0.000406,-0.022492,0.000041,0.000002,0.000001,10.000000,5.000000,-132.000000,0.039032,-0.418095,0.000001,0.000000,0.000000,0.000000,-0.372769,870.000000,-119.403038,-133.785416,253.143753,281.046326,0.000009,0.000000,10.005154,6520,0,31,0
67.252769,0.009112,-0.326836,-1.060971,0.000004,-0.000002,-0.000790,-0.000017,0.000400,-0.022493,0.000040,0.000002,0.000001,10.000000,5.000000,-132.000000,0.039030,-0.418095,0.000001,0.000000,0.000000,0.000000,-0.372769,870.000000,-119.403038,-133.785416,253.143753,281.046326,0.000009,0.000000,10.005146,6520,0,31,0
67.254723,0.009112,-0.326836,-1.060972,0.000004,-0.000001,-0.000835,-0.000020,0.000395,-0.022493,0.000040,0.000002,0.000001,10.000000,5.000000,-132.000000,0.039028,-0.418095,0.000001,0.000000,0.000000,0.000000,-0.372769,870.000000,-119.403038,-133.785416,253.143753,281.046326,0.000009,0.000000,10.005138,6520,0,31,0
67.256683,0.009112,-0.326836,-1.060974,0.000004,-0.000001,-0.000880,-0.000022,0.000389,-0.022493,0.000039,0.000002,0.000001,10.000000,5.000000,-132.000000,0.039027,-0.418095,0.000001,0.000000,0.000000,0.000000,-0.372769,870.000000,-119.403038,-133.785416,253.143753,281.046326,0.000009,0.000000,10.005130,6520,0,31,0
67.258636,0.009112,-0.326836,-1.060976,0.000004,0.000000,-0.000925,-0.000025,0.000383,-0.022493,0.000039,0.000003,0.000001,10.000000,5.000000,-132.000000,0.039025,-0.418095,0.000001,0.000000,0.000000,0.000000,-0.372769,870.000000,-119.403038,-133.785416,253.143753,281.046326,0.000008,0.000000,10.005120,6520,0,31,0
67.260590,0.009112,-0.326836,-1.060978,0.000004,0.000001,-0.000970,-0.000027,0.000377,-0.022494,0.000038,0.000003,0.000001,10.000000,5.000000,-132.000000,0.039023,-0.418095,0.000001,0.000000,0.000000,0.000000,-0.372769,870.000000,-119.403038,-133.785416,253.143753,281.046326,0.000008,0.000000,10.005111,6520,0,31,0
67.262543,0.009112,-0.326836,-1.060980,0.000004,0.000002,-0.001015,-0.000028,0.000371,-0.022494,0.000037,0.000003,0.000001,10.000000,5.000000,-132.000000,0.039021,-0.418095,0.000001,0.000000,0.000000,0.000000,-0.372769,870.000000,-119.403038,-133.785416,253.143753,281.046326,0.000008,0.000000,10.005101,6520,0,31,0
67.264496,0.009112,-0.326836,-1.060982,0.000004,0.000002,-0.001060,-0.000030,0.000364,-0.022494,0.000037,0.000003,0.000001,10.000000,5.000000,-132.000000,0.039019,-0.418095,0.000001,0.000000,0.000000,0.000000,-0.372769,870.000000,-119.403038,-133.785416,253.143753,281.046326,0.000008,0.000000,10.005091,6520,0,31,0
67.266449,0.009112,-0.326836,-1.060984,0.000004,0.000003,-0.001105,-0.000030,0.000357,-0.022494,0.000036,0.000003,0.000001,10.000000,5.000000,-132.000000,0.039017,-0.418095,0.000001,0.000000,0.000000,0.000000,-0.372769,870.000000,-119.403038,-133.785416,253.143753,281.046326,0.000008,0.000000,10.005079,6520,0,31,0
67.268402,0.009112,-0.326836,-1.060987,0.000004,0.000004,-0.001150,-0.000031,0.000351,-0.022494,0.000035,0.000003,0.000001,10.000000,5.000000,-132.000000,0.039015,-0.418095,0.000001,0.000000,0.000000,0.000000,-0.372769,870.000000,-119.403038,-133.785416,253.143753,281.046326,0.000008,0.000000,10.005068,6520,0,31,0
67.270355,0.009112,-0.326836,-1.060989,0.000004,0.000005,-0.001195,-0.000031,0.000344,-0.022494,0.000035,0.000003,0.000001,10.000000,5.000000,-132.000000,0.039012,-0.418095,0.000001,0.000000,0.000000,0.000000,-0.372769,870.000000,-119.403038,-133.785416,253.143753,281.046326,0.000008,0.000000,10.005056,6520,0,31,0
67.272308,0.009112,-0.326836,-1.060991,0.000004,0.000005,-0.001240,-0.000030,0.000336,-0.022494,0.000034,0.000003,0.000001,10.000000,5.000000,-132.000000,0.039010,-0.418095,0.000001,0.000000,0.000000,0.000000,-0.372769,870.000000,-119.403038,-133.785416,253.143753,281.046326,0.000008,0.000000,10.005044,6520,0,31,0
67.274269,0.009113,-0.326836,-1.060994,0.000004,0.000006,-0.001285,-0.000029,0.000329,-0.022494,0.000033,0.000003,0.000001,10.000000,5.000000,-132.000000,0.039007,-0.418095,0.000001,0.000000,0.000000,0.000000,-0.372769,870.000000,-119.403038,-133.785416,253.143753,281.046326,0.000008,0.000000,10.005031,6520,0,31,0
67.276222,0.009113,-0.326836,-1.060997,0.000004,0.000007,-0.001330,-0.000027,0.000322,-0.022494,0.000032,0.000003,0.000001,10.000000,5.000000,-132.000000,0.039005,-0.418095,0.000001,0.000000,0.000000,0.000000,-0.372769,870.000000,-119.403038,-133.785416,253.143753,281.046326,0.000008,0.000000,10.005017,6520,0,31,0
67.278175,0.009113,-0.326836,-1.060999,0.000004,0.000007,-0.001375,-0.000025,0.000314,-0.022494,0.000032,0.000002,0.000001,10.000000,5.000000,-132.000000,0.039002,-0.418095,0.000001,0.000000,0.000000,0.000000,-0.372769,870.000000,-119.403038,-133.785416,253.143753,281.046326,0.000008,0.000000,10.005004,6520,0,32,0
67.280128,0.009113,-0.326836,-1.061002,0.000004,0.000008,-0.001420,-0.000023,0.000307,-0.022494,0.000031,0.000002,0.000001,10.000000,5.000000,-132.000000,0.038999,-0.418095,0.000001,0.000000,0.000000,0.000000,-0.372769,870.000000,-119.403038,-133.785416,253.143753,281.046326,0.000008,0.000000,10.004991,6520,0,32,0
67.282082,0.009113,-0.326836,-1.061005,0.000004,0.000008,-0.001465,-0.000020,0.000299,-0.022493,0.000030,0.000002,0.000001,10.000000,5.000000,-132.000000,0.038996,-0.418095,0.000001,0.000000,0.000000,0.000000,-0.372769,870.000000,-119.403038,-133.785416,253.143753,281.046326,0.000008,0.000000,10.004975,6520,0,32,0
67.284035,0.009113,-0.326836,-1.061008,0.000004,0.000009,-0.001510,-0.000017,0.000292,-0.022493,0.000029,0.000002,0.000001,10.000000,5.000000,-132.000000,0.038993,-0.418095,0.000001,0.000000,0.000000,0.000000,-0.372769,870.000000,-119.403038,-133.785416,253.143753,281.046326,0.000008,0.000000,10.004960,6520,0,32,0
67.285988,0.009113,-0.326836,-1.061011,0.000004,0.000010,-0.001555,-0.000013,0.000284,-0.022492,0.000029,0.000001,0.000001,10.000000,5.000000,-132.000000,0.038990,-0.418095,0.000001,0.000000,0.000000,0.000000,-0.372769,870.000000,-119.403038,-133.785416,253.143753,281.046326,0.000008,0.000000,10.004946,6520,0,32,0
67.287941,0.009113,-0.326836,-1.061014,0.000004,0.000010,-0.001600,-0.000009,0.000276,-0.022492,0.000028,0.000001,0.000001,10.000000,5.000000,-132.000000,0.038987,-0.418095,0.000001,0.000000,0.000000,0.000000,-0.372769,870.000000,-119.403038,-133.785416,253.143753,281.046326,0.000008,0.000000,10.004930,6520,0,32,0
67.289902,0.009113,-0.326836,-1.061018,0.000004,0.000011,-0.001645,-0.000006,0.000268,-0.022492,0.000027,0.000000,0.000001,10.000000,5.000000,-132.000000,0.038984,-0.418095,0.000001,0.000000,0.000000,0.000000,-0.372769,870.000000,-119.403038,-133.785416,253.143753,281.046326,0.000008,0.000000,10.004912,6520,0,32,0
67.291855,0.009113,-0.326836,-1.061021,0.000004,0.000011,-0.001690,-0.000002,0.000261,-0.022491,0.000026,-0.000000,0.000001,10.000000,4.000000,-137.000000,0.038981,-0.418095,0.000001,0.000000,0.000000,0.000000,-0.372769,822.000000,-119.403038,-133.785416,253.143753,281.046326,0.000008,0.000000,10.004896,6520,0,32,0
67.293808,0.009113,-0.326836,-1.061024,0.000004,0.000012,-0.001735,0.000002,0.000253,-0.022491,0.000025,-0.000000,0.000001,10.000000,4.000000,-137.000000,0.038977,-0.419936,0.000001,0.000000,0.000000,0.067000,-0.429595,822.000000,-74.626831,-92.388985,668.301270,410.422394,0.000008,0.000000,10.004879,6520,0,32,0
67.295761,0.009113,-0.326836,-1.061028,0.000004,0.000012,-0.001780,0.000006,0.000245,-0.022491,0.000025,-0.000001,0.000001,10.000000,4.000000,-137.000000,0.038974,-0.419936,0.000001,0.000000,0.000000,0.000000,-0.429595,822.000000,-74.626831,-92.388985,668.301270,410.422394,0.000008,0.000000,10.004862,6520,0,32,0
67.297714,0.009113,-0.326836,-1.061031,0.000004,0.000013,-0.001825,0.000009,0.000237,-0.022491,0.000024,-0.000001,0.000001,10.000000,4.000000,-137.000000,0.038970,-0.419936,0.000001,0.000000,0.000000,0.000000,-0.429595,822.000000,-74.626831,-92.388985,668.301270,410.422394,0.000008,0.000000,10.004844,6520,0,32,0
67.299667,0.009113,-0.326835,-1.061035,0.000004,0.000013,-0.001870,0.000012,0.000229,-0.022491,0.000023,-0.000001,0.000001,10.000000,4.000000,-137.000000,0.038967,-0.419936,0.000001,0.000000,0.000000,0.000000,-0.429595,822.000000,-74.626831,-92.388985,668.301270,410.422394,0.000008,0.000000,10.004824,6520,0,32,0
67.301620,0.009113,-0.326835,-1.061039,0.000004,0.000014,-0.001915,0.000015,0.000221,-0.022491,0.000022,-0.000002,0.000001,10.000000,4.000000,-137.000000,0.038963,-0.419936,0.000001,0.000000,0.000000,0.000000,-0.429595,822.000000,-74.626831,-92.388985,668.301270,410.422394,0.000008,0.000000,10.004806,6520,0,32,0
67.303574,0.009113,-0.326835,-1.061043,0.000004,0.000014,-0.001960,0.000018,0.000213,-0.022490,0.000021,-0.000002,0.000001,10.000000,4.000000,-137.000000,0.038959,-0.419936,0.000001,0.000000,0.000000,0.000000,-0.429595,822.000000,-74.626831,-92.388985,668.301270,410.422394,0.000008,0.000000,10.004786,6520,0,32,0
67.305527,0.009113,-0.326835,-1.061047,0.000004,0.000014,-0.002005,0.000020,0.000205,-0.022490,0.000020,-0.000002,0.000001,10.000000,4.000000,-137.000000,0.038955,-0.419936,0.000001,0.000000,0.000000,0.000000,-0.429595,822.000000,-74.626831,-92.388985,668.301270,410.422394,0.000008,0.000000,10.004766,6520,0,32,0
67.307487,0.009113,-0.326835,-1.061051,0.000004,0.000015,-0.002050,0.000022,0.000197,-0.022490,0.000020,-0.000002,0.000001,10.000000,4.000000,-137.000000,0.038951,-0.419936,0.000001,0.000000,0.000000,0.000000,-0.429595,822.000000,-74.626831,-92.388985,668.301270,410.422394,0.000008,0.000000,10.004745,6520,0,32,0
67.309441,0.009113,-0.326835,-1.061055,0.000004,0.000015,-0.002095,0.000024,0.000188,-0.022490,0.000019,-0.000002,0.000001,10.000000,4.000000,-137.000000,0.038947,-0.419936,0.000001,0.000000,0.000000,0.000000,-0.429595,822.000000,-74.626831,-92.388985,668.301270,410.422394,0.000008,0.000000,10.004725,6520,0,32,0
67.311394,0.009113,-0.326835,-1.061059,0.000004,0.000016,-0.002140,0.000025,0.000180,-0.022490,0.000018,-0.000003,0.000001,10.000000,4.000000,-137.000000,0.038943,-0.419936,0.000001,0.000000,0.000000,0.000000,-0.429595,822.000000,-74.626831,-92.388985,668.301270,410.422394,0.000008,0.000000,10.004704,6520,0,32,0
67.313347,0.009113,-0.326835,-1.061064,0.000004,0.000016,-0.002185,0.000026,0.000172,-0.022489,0.000017,-0.000003,0.000001,10.000000,4.000000,-137.000000,0.038938,-0.419936,0.000001,0.000000,0.000000,0.000000,-0.429595,822.000000,-74.626831,-92.388985,668.301270,410.422394,0.000008,0.000000,10.004682,6520,0,32,0
67.315300,0.009113,-0.326835,-1.061068,0.000004,0.000016,-0.002230,0.000026,0.000164,-0.022489,0.000016,-0.000003,0.000001,10.000000,4.000000,-137.000000,0.038934,-0.419936,0.000001,0.000000,0.000000,0.000000,-0.429595,822.000000,-74.626831,-92.388985,668.301270,410.422394,0.000008,0.000000,10.004660,6520,0,32,0
67.317253,0.009113,-0.326835,-1.061073,0.000004,0.000017,-0.002275,0.000026,0.000156,-0.022489,0.000015,-0.000003,0.000001,10.000000,4.000000,-137.000000,0.038930,-0.419936,0.000001,0.000000,0.000000,0.000000,-0.429595,822.000000,-74.626831,-92.388985,668.301270,410.422394,0.000008,0.000000,10.004637,6520,0,32,0
67.319206,0.009113,-0.326835,-1.061077,0.000004,0.000017,-0.002320,0.000026,0.000148,-0.022489,0.000015,-0.000003,0.000001,10.000000,4.000000,-137.000000,0.038925,-0.419936,0.000001,0.000000,0.000000,0.000000,-0.429595,822.000000,-74.626831,-92.388985,668.301270,410.422394,0.000008,0.000000,10.004614,6520,0,31,0
67.321159,0.009113,-0.326835,-1.061082,0.000004,0.000017,-0.002365,0.000024,0.000139,-0.022489,0.000014,-0.000002,0.000001,10.000000,4.000000,-137.000000,0.038920,-0.419936,0.000001,0.000000,0.000000,0.000000,-0.429595,822.000000,-74.626831,-92.388985,668.301270,410.422394,0.000008,0.000000,10.004590,6520,0,31,0
67.323112,0.009113,-0.326835,-1.061087,0.000004,0.000017,-0.002410,0.000023,0.000131,-0.022489,0.000013,-0.000002,0.000001,10.000000,4.000000,-137.000000,0.038916,-0.419936,0.000001,0.000000,0.000000,0.000000,-0.429595,822.000000,-74.626831,-92.388985,668.301270,410.422394,0.000008,0.000000,10.004566,6520,0,31,0
67.325073,0.009113,-0.326835,-1.061092,0.000004,0.000018,-0.002455,0.000021,0.000123,-0.022490,0.000012,-0.000002,0.000001,10.000000,4.000000,-137.000000,0.038911,-0.419936,0.000001,0.000000,0.000000,0.000000,-0.429595,822.000000,-74.626831,-92.388985,668.301270,410.422394,0.000008,0.000000,10.004541,6520,0,31,0
67.327026,0.009113,-0.326835,-1.061097,0.000004,0.000018,-0.002500,0.000019,0.000115,-0.022491,0.000011,-0.000002,0.000002,10.000000,4.000000,-137.000000,0.038906,-0.419936,0.000001,0.000000,0.000000,0.000000,-0.429595,822.000000,-74.626831,-92.388985,668.301270,410.422394,0.000008,0.000000,10.004518,6520,0,31,0
67.328979,0.009113,-0.326835,-1.061102,0.000004,0.000018,-0.002545,0.000017,0.000107,-0.022491,0.000010,-0.000002,0.000002,10.000000,4.000000,-137.000000,0.038901,-0.419936,0.000001,0.000000,0.000000,0.000000,-0.429595,822.000000,-74.626831,-92.388985,668.301270,410.422394,0.000008,0.000000,10.004492,6520,0,31,0
67.330933,0.009113,-0.326835,-1.061107,0.000004,0.000018,-0.002589,0.000014,0.000098,-0.022491,0.000010,-0.000001,0.000002,10.000000,4.000000,-137.000000,0.038896,-0.419936,0.000001,0.000000,0.000000,0.000000,-0.429595,822.000000,-74.626831,-92.388985,668.301270,410.422394,0.000008,0.000000,10.004467,6520,0,31,0
67.332886,0.009113,-0.326835,-1.061112,0.000004,0.000018,-0.002634,0.000012,0.000090,-0.022492,0.000009,-0.000001,0.000002,10.000000,4.000000,-137.000000,0.038890,-0.419936,0.000001,0.000000,0.000000,0.000000,-0.429595,822.000000,-74.626831,-92.388985,668.301270,410.422394,0.000008,0.000000,10.004439,6520,0,31,0
67.334839,0.009113,-0.326835,-1.061118,0.000004,0.000019,-0.002679,0.000009,0.000082,-0.022492,0.000008,-0.000001,0.000002,10.000000,4.000000,-137.000000,0.038885,-0.419936,0.000001,0.000000,0.000000,0.000000,-0.429595,822.000000,-74.626831,-92.388985,668.301270,410.422394,0.000008,0.000000,10.004414,6520,0,31,0
67.336792,0.009113,-0.326835,-1.061123,0.000004,0.000019,-0.002724,0.000007,0.000074,-0.022492,0.000007,-0.000001,0.000002,10.000000,4.000000,-137.000000,0.038880,-0.419936,0.000001,0.000000,0.000000,0.000000,-0.429595,822.000000,-74.626831,-92.388985,668.301270,410.422394,0.000008,0.000000,10.004386,6520,0,31,0
67.338745,0.009113,-0.326835,-1.061128,0.000004,0.000019,-0.002769,0.000005,0.000065,-0.022492,0.000006,-0.000000,0.000002,10.000000,4.000000,-137.000000,0.038874,-0.419936,0.000001,0.000000,0.000000,0.000000,-0.429595,822.000000,-74.626831,-92.388985,668.301270,410.422394,0.000008,0.000000,10.004359,6520,0,31,0
67.340698,0.009113,-0.326835,-1.061134,0.000004,0.000019,-0.002814,0.000003,0.000057,-0.022492,0.000005,-0.000000,0.000002,10.000000,4.000000,-137.000000,0.038869,-0.419936,0.000001,0.000000,0.000000,0.000000,-0.429595,822.000000,-74.626831,-92.388985,668.301270,410.422394,0.000008,0.000000,10.004330,6520,0,31,0
67.342659,0.009113,-0.326835,-1.061140,0.000004,0.000019,-0.002859,0.000001,0.000049,-0.022492,0.000005,0.000000,0.000002,10.000000,4.000000,-137.000000,0.038863,-0.419936,0.000001,0.000000,0.000000,0.000000,-0.429595,822.000000,-74.626831,-92.388985,668.301270,410.422394,0.000008,0.000000,10.004301,6520,0,31,0
67.344612,0.009113,-0.326835,-1.061146,0.000004,0.000019,-0.002904,-0.000001,0.000041,-0.022493,0.000004,0.000000,0.000002,10.000000,4.000000,-137.000000,0.038857,-0.419936,0.000001,0.000000,0.000000,0.000000,-0.429595,822.000000,-74.626831,-92.388985,668.301270,410.422394,0.000008,0.000000,10.004272,6520,0,31,0
67.346565,0.009113,-0.326835,-1.061151,0.000004,0.000019,-0.002949,-0.000002,0.000032,-0.022493,0.000003,0.000000,0.000002,10.000000,4.000000,-137.000000,0.038851,-0.419936,0.000001,0.000000,0.000000,0.000000,-0.429595,822.000000,-74.626831,-92.388985,668.301270,410.422394,0.000008,0.000000,10.004244,6520,0,31,0
67.348518,0.009113,-0.326835,-1.061157,0.000004,0.000019,-0.002994,-0.000003,0.000024,-0.022493,0.000002,0.000000,0.000002,10.000000,4.000000,-137.000000,0.038846,-0.419936,0.000001,0.000000,0.000000,0.000000,-0.429595,822.000000,-74.626831,-92.388985,668.301270,410.422394,0.000008,0.000000,10.004213,6520,0,31,0
67.350471,0.009113,-0.326835,-1.061163,0.000004,0.000019,-0.003039,-0.000004,0.000016,-0.022493,0.000001,0.000000,0.000002,10.000000,3.000000,-140.000000,0.038840,-0.419936,0.000001,0.000000,0.000000,0.000000,-0.429595,802.000000,-74.626831,-92.388985,668.301270,410.422394,0.000008,0.000000,10.004183,6520,0,31,0
67.352425,0.009113,-0.326835,-1.061170,0.000004,0.000019,-0.003084,-0.000004,0.000007,-0.022493,0.000000,0.000000,0.000002,10.000000,3.000000,-140.000000,0.038833,-0.383772,0.000001,0.000000,0.000000,0.066000,-0.187758,802.000000,-45.454556,-55.873306,442.004272,438.066376,0.000008,0.000000,10.004152,6520,0,31,0
67.354378,0.009113,-0.326834,-1.061176,0.000004,0.000019,-0.003129,-0.000004,-0.000001,-0.022493,-0.000001,0.000000,0.000002,10.000000,3.000000,-140.000000,0.038827,-0.383772,0.000001,0.000000,0.000000,0.000000,-0.187758,802.000000,-45.454556,-55.873306,442.004272,438.066376,0.000008,0.000000,10.004122,6520,0,31,0
67.356331,0.009113,-0.326834,-1.061182,0.000004,0.000019,-0.003174,-0.000004,-0.000009,-0.022494,-0.000001,0.000000,0.000002,10.000000,3.000000,-140.000000,0.038821,-0.383772,0.000001,0.000000,0.000000,0.000000,-0.187758,802.000000,-45.454556,-55.873306,442.004272,438.066376,0.000008,0.000000,10.004089,6520,0,31,0
67.358292,0.009113,-0.326834,-1.061189,0.000004,0.000019,-0.003219,-0.000003,-0.000017,-0.022494,-0.000002,0.000000,0.000002,10.000000,3.000000,-140.000000,0.038815,-0.383772,0.000001,0.000000,0.000000,0.000000,-0.187758,802.000000,-45.454556,-55.873306,442.004272,438.066376,0.000008,0.000000,10.004058,6520,0,31,0
67.360245,0.009113,-0.326834,-1.061195,0.000004,0.000019,-0.003264,-0.000002,-0.000026,-0.022494,-0.000003,0.000000,0.000002,10.000000,3.000000,-140.000000,0.038808,-0.383772,0.000001,0.000000,0.000000,0.000000,-0.187758,802.000000,-45.454556,-55.873306,442.004272,438.066376,0.000008,0.000000,10.004025,6520,0,32,0
67.362198,0.009113,-0.326834,-1.061202,0.000004,0.000019,-0.003309,-0.000000,-0.000034,-0.022494,-0.000004,-0.000000,0.000002,10.000000,3.000000,-140.000000,0.038802,-0.383772,0.000001,0.000000,0.000000,0.000000,-0.187758,802.000000,-45.454556,-55.873306,442.004272,438.066376,0.000008,0.000000,10.003993,6520,0,32,0
67.364151,0.009113,-0.326834,-1.061208,0.000004,0.000019,-0.003354,0.000002,-0.000042,-0.022493,-0.000005,-0.000000,0.000002,10.000000,3.000000,-140.000000,0.038795,-0.383772,0.000001,0.000000,0.000000,0.000000,-0.187758,802.000000,-45.454556,-55.873306,442.004272,438.066376,0.000008,0.000000,10.003959,6520,0,32,0
67.366104,0.009113,-0.326834,-1.061215,0.000004,0.000019,-0.003399,0.000004,-0.000051,-0.022493,-0.000006,-0.000001,0.000002,10.000000,3.000000,-140.000000,0.038788,-0.383772,0.000001,0.000000,0.000000,0.000000,-0.187758,802.000000,-45.454556,-55.873306,442.004272,438.066376,0.000008,0.000000,10.003925,6519,0,32,0
67.368057,0.009113,-0.326834,-1.061222,0.000004,0.000019,-0.003444,0.000007,-0.000059,-0.022386,-0.000006,-0.000001,0.000002,10.000000,3.000000,-140.000000,0.038782,-0.383772,0.000001,0.000000,0.000000,0.000000,-0.187758,802.000000,-45.454556,-55.873306,442.004272,438.066376,0.000008,0.000000,10.003891,6519,0,32,0
67.370010,0.009113,-0.326834,-1.061229,0.000004,0.000019,-0.003489,0.000010,-0.000067,-0.022255,-0.000007,-0.000001,0.000002,10.000000,3.000000,-140.000000,0.038775,-0.383772,0.000001,0.000000,0.000000,0.000000,-0.187758,802.000000,-45.454556,-55.873306,442.004272,438.066376,0.000008,0.000000,10.003857,6519,0,32,0
67.371964,0.009113,-0.326834,-1.061236,0.000004,0.000019,-0.003533,0.000012,-0.000075,-0.022137,-0.000008,-0.000001,0.000002,10.000000,3.000000,-140.000000,0.038768,-0.383772,0.000001,0.000000,0.000000,0.000000,-0.187758,802.000000,-45.454556,-55.873306,442.004272,438.066376,0.000008,0.000000,10.003821,6519,0,32,0
67.373917,0.009113,-0.326834,-1.061243,0.000004,0.000019,-0.003577,0.000015,-0.000084,-0.022029,-0.000009,-0.000002,0.000002,10.000000,3.000000,-140.000000,0.038760,-0.383772,0.000001,0.000000,0.000000,0.000000,-0.187758,802.000000,-45.454556,-55.873306,442.004272,438.066376,0.000008,0.000000,10.003784,6519,0,32,0
67.375877,0.009113,-0.326834,-1.061250,0.000004,0.000018,-0.003621,0.000017,-0.000092,-0.021931,-0.000010,-0.000002,0.000002,10.000000,3.000000,-140.000000,0.038753,-0.383772,0.000001,0.000000,0.000000,0.000000,-0.187758,802.000000,-45.454556,-55.873306,442.004272,438.066376,0.000008,0.000000,10.003749,6519,0,32,0
67.377831,0.009113,-0.326834,-1.061258,0.000005,0.000018,-0.003665,0.000020,-0.000100,-0.021842,-0.000011,-0.000002,0.000002,10.000000,3.000000,-140.000000,0.038746,-0.383772,0.000001,0.000000,0.000000,0.000000,-0.187758,802.000000,-45.454556,-55.873306,442.004272,438.066376,0.000008,0.000000,10.003713,6519,0,32,0
67.379784,0.009113,-0.326834,-1.061265,0.000005,0.000018,-0.003708,0.000022,-0.000109,-0.021762,-0.000011,-0.000002,0.000002,10.000000,3.000000,-140.000000,0.038739,-0.383772,0.000001,0.000000,0.000000,0.000000,-0.187758,802.000000,-45.454556,-55.873306,442.004272,438.066376,0.000008,0.000000,10.003676,6519,0,32,0
67.381737,0.009113,-0.326834,-1.061273,0.000005,0.000018,-0.003752,0.000024,-0.000117,-0.021688,-0.000012,-0.000003,0.000002,10.000000,3.000000,-140.000000,0.038731,-0.383772,0.000001,0.000000,0.000000,0.000000,-0.187758,802.000000,-45.454556,-55.873306,442.004272,438.066376,0.000008,0.000000,10.003637,6519,0,32,0
67.383690,0.009113,-0.326834,-1.061280,0.000005,0.000017,-0.003795,0.000026,-0.000125,-0.021623,-0.000013,-0.000003,0.000002,10.000000,3.000000,-140.000000,0.038724,-0.383772,0.000001,0.000000,0.000000,0.000000,-0.187758,802.000000,-45.454556,-55.873306,442.004272,438.066376,0.000008,0.000000,10.003600,6519,0,32,0
67.385643,0.009113,-0.326834,-1.061288,0.000005,0.000017,-0.003838,0.000027,-0.000133,-0.021563,-0.000014,-0.000003,0.000002,10.000000,3.000000,-140.000000,0.038716,-0.383772,0.000001,0.000000,0.000000,0.000000,-0.187758,802.000000,-45.454556,-55.873306,442.004272,438.066376,0.000008,0.000000,10.003562,6519,0,32,0
67.387596,0.009113,-0.326834,-1.061296,0.000005,0.000017,-0.003881,0.000028,-0.000142,-0.021508,-0.000015,-0.000003,0.000002,10.000000,3.000000,-140.000000,0.038708,-0.383772,0.000001,0.000000,0.000000,0.000000,-0.187758,802.000000,-45.454556,-55.873306,442.004272,438.066376,0.000008,0.000000,10.003524,6519,0,32,0
67.389549,0.009113,-0.326834,-1.061303,0.000005,0.000017,-0.003924,0.000029,-0.000150,-0.021459,-0.000016,-0.000003,0.000002,10.000000,3.000000,-140.000000,0.038701,-0.383772,0.000001,0.000000,0.000000,0.000000,-0.187758,802.000000,-45.454556,-55.873306,442.004272,438.066376,0.000008,0.000000,10.003485,6519,0,32,0
67.391502,0.009113,-0.326834,-1.061311,0.000005,0.000016,-0.003967,0.000029,-0.000158,-0.021414,-0.000017,-0.000003,0.000002,10.000000,3.000000,-140.000000,0.038693,-0.383772,0.000001,0.000000,0.000000,0.000000,-0.187758,802.000000,-45.454556,-55.873306,442.004272,438.066376,0.000008,0.000000,10.003444,6519,0,32,0
67.393463,0.009113,-0.326834,-1.061319,0.000005,0.000016,-0.004010,0.000029,-0.000167,-0.021373,-0.000017,-0.000003,0.000002,10.000000,3.000000,-140.000000,0.038685,-0.383772,0.000001,0.000000,0.000000,0.000000,-0.187758,802.000000,-45.454556,-55.873306,442.004272,438.066376,0.000008,0.000000,10.003405,6519,0,32,0
67.395416,0.009113,-0.326834,-1.061327,0.000005,0.000016,-0.004052,0.000029,-0.000175,-0.021336,-0.000018,-0.000003,0.000002,10.000000,3.000000,-140.000000,0.038677,-0.383772,0.000001,0.000000,0.000000,0.000000,-0.187758,802.000000,-45.454556,-55.873306,442.004272,438.066376,0.000008,0.000000,10.003364,6519,0,32,0
67.397369,0.009113,-0.326834,-1.061335,0.000005,0.000015,-0.004095,0.000027,-0.000183,-0.021303,-0.000019,-0.000003,0.000002,10.000000,3.000000,-140.000000,0.038669,-0.383772,0.000001,0.000000,0.000000,0.000000,-0.187758,802.000000,-45.454556,-55.873306,442.004272,438.066376,0.000008,0.000000,10.003324,6519,0,31,0
67.399323,0.009113,-0.326834,-1.061344,0.000005,0.000015,-0.004138,0.000026,-0.000191,-0.021273,-0.000020,-0.000003,0.000002,10.000000,3.000000,-140.000000,0.038660,-0.383772,0.000001,0.000000,0.000000,0.000000,-0.187758,802.000000,-45.454556,-55.873306,442.004272,438.066376,0.000008,0.000000,10.003282,6519,0,31,0
67.401276,0.009113,-0.326834,-1.061352,0.000005,0.000014,-0.004180,0.000024,-0.000200,-0.021245,-0.000021,-0.000002,0.000002,10.000000,3.000000,-140.000000,0.038652,-0.383772,0.000001,0.000000,0.000000,0.000000,-0.187758,802.000000,-45.454556,-55.873306,442.004272,438.066376,0.000008,0.000000,10.003240,6519,0,31,0
67.403229,0.009113,-0.326834,-1.061360,0.000005,0.000014,-0.004223,0.000022,-0.000208,-0.021221,-0.000022,-0.000002,0.000002,10.000000,3.000000,-140.000000,0.038644,-0.383772,0.000001,0.000000,0.000000,0.000000,-0.187758,802.000000,-45.454556,-55.873306,442.004272,438.066376,0.000008,0.000000,10.003198,6519,0,31,0
67.405182,0.009113,-0.326834,-1.061369,0.000005,0.000014,-0.004265,0.000019,-0.000216,-0.021200,-0.000022,-0.000002,0.000002,10.000000,3.000000,-140.000000,0.038635,-0.383772,0.000001,0.000000,0.000000,0.000000,-0.187758,802.000000,-45.454556,-55.873306,442.004272,438.066376,0.000008,0.000000,10.003156,6519,0,31,0
67.407135,0.009113,-0.326834,-1.061378,0.000005,0.000013,-0.004307,0.000016,-0.000225,-0.021179,-0.000023,-0.000002,0.000002,10.000000,3.000000,-140.000000,0.038627,-0.383772,0.000001,0.000000,0.000000,0.000000,-0.187758,802.000000,-45.454556,-55.873306,442.004272,438.066376,0.000008,0.000000,10.003113,6519,0,31,0
67.409096,0.009113,-0.326834,-1.061386,0.000005,0.000013,-0.004350,0.000014,-0.000233,-0.021161,-0.000024,-0.000001,0.000002,10.000000,3.000000,-140.000000,0.038618,-0.383772,0.000001,0.000000,0.000000,0.000000,-0.187758,802.000000,-45.454556,-55.873306,442.004272,438.066376,0.000008,0.000000,10.003069,6519,0,31,0
67.411049,0.009113,-0.326834,-1.061395,0.000005,0.000012,-0.004392,0.000011,-0.000241,-0.021144,-0.000025,-0.000001,0.000002,10.000000,3.000000,-140.000000,0.038609,-0.383772,0.000001,0.000000,0.000000,0.000000,-0.187758,802.000000,-45.454556,-55.873306,442.004272,438.066376,0.000008,0.000000,10.003025,6519,0,31,0
67.413002,0.009113,-0.326834,-1.061404,0.000005,0.000012,-0.004434,0.000008,-0.000250,-0.021129,-0.000026,-0.000001,0.000002,10.000000,3.000000,-140.000000,0.038601,-0.383772,0.000001,0.000000,0.000000,0.000000,-0.187758,802.000000,-45.454556,-55.873306,442.004272,438.066376,0.000008,0.000000,10.002981,6519,0,31,0
67.414955,0.009113,-0.326833,-1.061413,0.000005,0.000011,-0.004476,0.000005,-0.000258,-0.021116,-0.000027,-0.000000,0.000002,10.000000,3.000000,-140.000000,0.038592,-0.383772,0.000001,0.000000,0.000000,0.000000,-0.187758,802.000000,-45.454556,-55.873306,442.004272,438.066376,0.000008,0.000000,10.002936,6519,0,31,0
67.416908,0.009113,-0.326833,-1.061422,0.000005,0.000011,-0.004519,0.000003,-0.000266,-0.021103,-0.000028,-0.000000,0.000002,10.000000,3.000000,-140.000000,0.038583,-0.383772,0.000001,0.000000,0.000000,0.000000,-0.187758,802.000000,-45.454556,-55.873306,442.004272,438.066376,0.000008,0.000000,10.002891,6519,0,31,0
67.418861,0.009113,-0.326833,-1.061431,0.000005,0.000010,-0.004561,0.000000,-0.000274,-0.021092,-0.000028,0.000000,0.000002,10.000000,3.000000,-140.000000,0.038574,-0.383772,0.000001,0.000000,0.000000,0.000000,-0.187758,802.000000,-45.454556,-55.873306,442.004272,438.066376,0.000008,0.000000,10.002846,6519,0,31,0
67.420815,0.009113,-0.326833,-1.061440,0.000005,0.000010,-0.004603,-0.000002,-0.000283,-0.021082,-0.000029,0.000000,0.000002,10.000000,3.000000,-140.000000,0.038564,-0.383772,0.000001,0.000000,0.000000,0.000000,-0.187758,802.000000,-45.454556,-55.873306,442.004272,438.066376,0.000008,0.000000,10.002800,6519,0,31,0
67.422768,0.009113,-0.326833,-1.061449,0.000005,0.000009,-0.004645,-0.000004,-0.000291,-0.021072,-0.000030,0.000000,0.000002,10.000000,3.000000,-140.000000,0.038555,-0.383772,0.000001,0.000000,0.000000,0.000000,-0.187758,802.000000,-45.454556,-55.873306,442.004272,438.066376,0.000008,0.000000,10.002754,6519,0,31,0
67.424721,0.009113,-0.326833,-1.061459,0.000005,0.000008,-0.004687,-0.000005,-0.000299,-0.021064,-0.000031,0.000001,0.000002,10.000000,3.000000,-140.000000,0.038546,-0.383772,0.000001,0.000000,0.000000,0.000000,-0.187758,802.000000,-45.454556,-55.873306,442.004272,438.066376,0.000008,0.000000,10.002707,6519,0,31,0
67.426682,0.009113,-0.326833,-1.061468,0.000005,0.000008,-0.004729,-0.000007,-0.000308,-0.021057,-0.000032,0.000001,0.000002,10.000000,3.000000,-140.000000,0.038537,-0.383772,0.000001,0.000000,0.000000,0.000000,-0.187758,802.000000,-45.454556,-55.873306,442.004272,438.066376,0.000008,0.000000,10.002660,6519,0,31,0
67.428635,0.009113,-0.326833,-1.061478,0.000005,0.000007,-0.004772,-0.000008,-0.000316,-0.021050,-0.000033,0.000001,0.000002,10.000000,2.000000,-141.000000,0.038527,-0.383772,0.000001,0.000000,0.000000,0.000000,-0.187758,792.000000,-45.454556,-55.873306,442.004272,438.066376,0.000008,0.000000,10.002612,6519,0,31,0
67.430588,0.009113,-0.326833,-1.061487,0.000005,0.000007,-0.004814,-0.000008,-0.000324,-0.021044,-0.000033,0.000001,0.000002,10.000000,2.000000,-141.000000,0.038517,-0.383772,0.000001,0.000000,0.000000,-0.932999,-0.187758,792.000000,-45.454556,-55.873306,442.004272,438.066376,0.000008,0.000000,10.002564,6519,0,31,0
67.432541,0.009113,-0.326833,-1.061497,0.000005,0.000006,-0.004856,-0.000008,-0.000332,-0.021039,-0.000034,0.000001,0.000002,10.000000,2.000000,-141.000000,0.038508,-0.383772,0.000001,0.000000,0.000000,0.000000,-0.187758,792.000000,-45.454556,-55.873306,442.004272,438.066376,0.000008,0.000000,10.002516,6519,1,31,0
67.434494,0.009113,-0.326833,-1.061507,0.000005,0.000005,-0.004898,-0.000008,-0.000341,-0.021033,-0.000035,0.000001,0.000002,10.000000,2.000000,-141.000000,0.038498,-0.383772,0.000001,0.000000,0.000000,0.000000,-0.187758,792.000000,-45.454556,-55.873306,442.004272,438.066376,0.000008,0.000000,10.002466,6519,1,31,0
67.436447,0.009113,-0.326833,-1.061517,0.000005,0.000005,-0.004940,-0.000008,-0.000349,-0.021028,-0.000036,0.000001,0.000002,10.000000,2.000000,-141.000000,0.038488,-0.383772,0.000001,0.000000,0.000000,0.000000,-0.187758,792.000000,-45.454556,-55.873306,442.004272,438.066376,0.000008,0.000000,10.002417,6519,1,31,0
67.438400,0.009113,-0.326833,-1.061527,0.000005,0.000004,-0.004982,-0.000007,-0.000357,-0.021024,-0.000037,0.000001,0.000002,10.000000,2.000000,-141.000000,0.038478,-0.383772,0.000001,0.000000,0.000000,0.000000,-0.187758,792.000000,-45.454556,-55.873306,442.004272,438.066376,0.000008,0.000000,10.002367,6518,1,31,0
67.440353,0.009113,-0.326833,-1.061537,0.000005,0.000003,-0.005024,-0.000006,-0.000365,-0.020914,-0.000038,0.000001,0.000002,10.000000,2.000000,-141.000000,0.038468,-0.383772,0.000001,0.000000,0.000000,0.000000,-0.187758,792.000000,-45.454556,-55.873306,442.004272,438.066376,0.000008,0.000000,10.002318,6518,1,32,0
67.442307,0.009113,-0.326833,-1.061547,0.000005,0.000002,-0.005065,-0.000004,-0.000373,-0.020779,-0.000038,0.000000,0.000002,10.000000,2.000000,-141.000000,0.038458,-0.383772,0.000001,0.000000,0.000000,0.000000,-0.187758,792.000000,-45.454556,-55.873306,442.004272,438.066376,0.000008,0.000000,10.002268,6518,1,32,0
67.444267,0.009113,-0.326833,-1.061557,0.000005,0.000002,-0.005107,-0.000003,-0.000380,-0.020657,-0.000039,0.000000,0.000002,10.000000,2.000000,-141.000000,0.038448,-0.383772,0.000001,0.000000,0.000000,0.000000,-0.187758,792.000000,-45.454556,-55.873306,442.004272,438.066376,0.000008,0.000000,10.002215,6518,1,32,0
67.446220,0.009113,-0.326833,-1.061567,0.000005,0.000001,-0.005148,-0.000001,-0.000387,-0.020547,-0.000040,0.000000,0.000002,10.000000,2.000000,-141.000000,0.038438,-0.383772,0.000001,0.000000,0.000000,0.000000,-0.187758,792.000000,-45.454556,-55.873306,442.004272,438.066376,0.000009,0.000000,10.002165,6518,1,32,0
67.448174,0.009113,-0.326833,-1.061578,0.000005,0.000000,-0.005189,0.000001,-0.000393,-0.020447,-0.000040,-0.000000,0.000003,10.000000,2.000000,-141.000000,0.038428,-0.383772,0.000001,0.000000,0.000000,0.000000,-0.187758,792.000000,-45.454556,-55.873306,442.004272,438.066376,0.000009,0.000000,10.002113,6518,1,32,0
67.450127,0.009113,-0.326833,-1.061588,0.000005,-0.000001,-0.005230,0.000002,-0.000398,-0.020356,-0.000041,-0.000000,0.000003,10.000000,2.000000,-141.000000,0.038417,-0.383772,0.000001,0.000000,0.000000,0.000000,-0.187758,792.000000,-45.454556,-55.873306,442.004272,438.066376,0.000009,0.000000,10.002061,6518,1,32,0
67.452080,0.009113,-0.326833,-1.061599,0.000005,-0.000002,-0.005270,0.000004,-0.000403,-0.020273,-0.000041,-0.000001,0.000003,10.000000,2.000000,-141.000000,0.038407,-0.383772,0.000001,0.000000,0.000000,0.000000,-0.187758,792.000000,-45.454556,-55.873306,442.004272,438.066376,0.000009,0.000000,10.002007,6518,1,32,0
67.454033,0.009113,-0.326833,-1.061609,0.000005,-0.000002,-0.005311,0.000006,-0.000406,-0.020198,-0.000042,-0.000001,0.000003,10.000000,2.000000,-141.000000,0.038396,-0.383772,0.000001,0.000000,0.000000,0.000000,-0.187758,792.000000,-45.454556,-55.873306,442.004272,438.066376,0.000009,0.000000,10.001955,6518,1,32,0
67.455986,0.009113,-0.326833,-1.061620,0.000005,-0.000003,-0.005351,0.000007,-0.000409,-0.020130,-0.000042,-0.000001,0.000003,10.000000,2.000000,-141.000000,0.038386,-0.383772,0.000001,0.000000,0.000000,0.000000,-0.187758,792.000000,-45.454556,-55.873306,442.004272,438.066376,0.000010,0.000000,10.001902,6518,1,32,-1
67.457939,0.009113,-0.326833,-1.061631,0.000005,-0.000004,-0.005391,0.000008,-0.000409,-0.020069,-0.000042,-0.000001,0.000003,10.000000,2.000000,-141.000000,0.038375,-0.383772,0.000001,0.000000,0.000000,0.000000,-0.187758,792.000000,-45.454556,-55.873306,442.004272,438.066376,0.000003,0.000000,10.001848,6518,1,32,-1
67.459892,0.009113,-0.326833,-1.061641,0.000005,-0.000005,-0.005431,0.000009,-0.000409,-0.020013,-0.000042,-0.000001,0.000003,10.000000,2.000000,-141.000000,0.038364,-0.383772,0.000001,0.000000,0.000000,0.000000,-0.187758,792.000000,-45.454556,-55.873306,442.004272,438.066376,-0.000011,0.000000,10.001794,6518,0,32,-1
67.461853,0.009113,-0.326833,-1.061652,0.000005,-0.000006,-0.005471,0.000009,-0.000409,-0.019962,-0.000042,-0.000001,0.000003,10.000000,2.000000,-141.000000,0.038353,-0.383772,0.000001,0.000000,0.000000,0.000000,-0.187758,792.000000,-45.454556,-55.873306,442.004272,438.066376,-0.000023,0.000000,10.001739,6518,0,32,-1
67.463806,0.009113,-0.326833,-1.061663,0.000005,-0.000006,-0.005511,0.000010,-0.000407,-0.019916,-0.000042,-0.000001,0.000002,10.000000,2.000000,-141.000000,0.038342,-0.383772,0.000001,0.000000,0.000000,0.000000,-0.187758,792.000000,-45.454556,-55.873306,442.004272,438.066376,-0.000035,0.000000,10.001684,6518,0,32,-1
67.465759,0.009113,-0.326833,-1.061674,0.000005,-0.000007,-0.005551,0.000009,-0.000405,-0.019874,-0.000041,-0.000001,0.000002,10.000000,2.000000,-141.000000,0.038331,-0.383772,0.000001,0.000000,0.000000,0.000000,-0.187758,792.000000,-45.454556,-55.873306,442.004272,438.066376,-0.000046,0.000000,10.001629,6518,0,32,-1
67.467712,0.009113,-0.326833,-1.061686,0.000005,-0.000008,-0.005590,0.000008,-0.000402,-0.019836,-0.000041,-0.000001,0.000002,10.000000,2.000000,-141.000000,0.038320,-0.383772,0.000001,0.000000,0.000000,0.000000,-0.187758,792.000000,-45.454556,-55.873306,442.004272,438.066376,-0.000056,0.000000,10.001573,6518,0,31,-1
67.469666,0.009113,-0.326833,-1.061697,0.000005,-0.000009,-0.005630,0.000007,-0.000398,-0.019802,-0.000040,-0.000001,0.000002,10.000000,2.000000,-141.000000,0.038309,-0.383772,0.000001,0.000000,0.000000,0.000000,-0.187758,792.000000,-45.454556,-55.873306,442.004272,438.066376,-0.000065,0.000000,10.001517,6518,0,31,0
67.471619,0.009113,-0.326833,-1.061708,0.000005,-0.000010,-0.005670,0.000005,-0.000396,-0.019772,-0.000040,-0.000000,0.000002,10.000000,2.000000,-141.000000,0.038298,-0.383772,0.000001,0.000000,0.000000,0.000000,-0.187758,792.000000,-45.454556,-55.873306,442.004272,438.066376,-0.000067,0.000000,10.001459,6518,0,31,0
67.473572,0.009113,-0.326833,-1.061720,0.000005,-0.000010,-0.005709,0.000002,-0.000391,-0.019744,-0.000039,-0.000000,0.000002,10.000000,2.000000,-141.000000,0.038286,-0.383772,0.000001,0.000000,0.000000,0.000000,-0.187758,792.000000,-45.454556,-55.873306,442.004272,438.066376,-0.000062,0.000000,10.001403,6518,0,31,0
67.475525,0.009113,-0.326833,-1.061731,0.000005,-0.000011,-0.005749,-0.000001,-0.000385,-0.019719,-0.000039,0.000000,0.000002,10.000000,2.000000,-141.000000,0.038275,-0.383772,0.000001,0.000000,0.000000,0.000000,-0.187758,792.000000,-45.454556,-55.873306,442.004272,438.066376,-0.000057,0.000000,10.001346,6518,0,31,0
67.477486,0.009113,-0.326833,-1.061743,0.000005,-0.000012,-0.005788,-0.000004,-0.000379,-0.019696,-0.000038,0.000001,0.000002,10.000000,2.000000,-141.000000,0.038263,-0.383772,0.000001,0.000000,0.000000,0.000000,-0.187758,792.000000,-45.454556,-55.873306,442.004272,438.066376,-0.000052,0.000000,10.001287,6518,0,31,0
67.479439,0.009113,-0.326833,-1.061754,0.000005,-0.000013,-0.005827,-0.000008,-0.000372,-0.019676,-0.000037,0.000001,0.000002,10.000000,2.000000,-141.000000,0.038252,-0.383772,0.000001,0.000000,0.000000,0.000000,-0.187758,792.000000,-45.454556,-55.873306,442.004272,438.066376,-0.000049,0.000000,10.001230,6518,0,31,0
67.481392,0.009113,-0.326834,-1.061766,0.000005,-0.000013,-0.005867,-0.000011,-0.000365,-0.019657,-0.000037,0.000001,0.000001,10.000000,2.000000,-141.000000,0.038240,-0.383772,0.000001,0.000000,0.000000,0.000000,-0.187758,792.000000,-45.454556,-55.873306,442.004272,438.066376,-0.000045,0.000000,10.001170,6518,0,31,0
67.483345,0.009113,-0.326834,-1.061778,0.000005,-0.000014,-0.005906,-0.000015,-0.000358,-0.019640,-0.000036,0.000002,0.000001,10.000000,2.000000,-141.000000,0.038228,-0.383772,0.000001,0.000000,0.000000,0.000000,-0.187758,792.000000,-45.454556,-55.873306,442.004272,438.066376,-0.000042,0.000000,10.001112,6518,0,31,0
67.485298,0.009114,-0.326834,-1.061790,0.000005,-0.000015,-0.005945,-0.000019,-0.000350,-0.019624,-0.000035,0.000002,0.000001,10.000000,2.000000,-141.000000,0.038216,-0.383772,0.000001,0.000000,0.000000,0.000000,-0.187758,792.000000,-45.454556,-55.873306,442.004272,438.066376,-0.000039,0.000000,10.001053,6518,0,31,0
67.487251,0.009114,-0.326834,-1.061802,0.000005,-0.000016,-0.005984,-0.000022,-0.000342,-0.019610,-0.000034,0.000002,0.000001,10.000000,3.000000,-140.000000,0.038205,-0.383772,0.000001,0.000000,0.000000,0.000000,-0.187758,806.000000,-45.454556,-55.873306,442.004272,438.066376,-0.000036,0.000000,10.000994,6518,0,31,0
67.489204,0.009114,-0.326834,-1.061814,0.000005,-0.000016,-0.006024,-0.000026,-0.000334,-0.019597,-0.000034,0.000003,0.000001,10.000000,3.000000,-140.000000,0.038193,-0.302303,0.000001,0.000000,0.000000,0.067000,0.130193,806.000000,0.000000,-11.843433,678.426208,519.913330,-0.000034,0.000000,10.000934,6518,0,31,0
67.491158,0.009114,-0.326834,-1.061826,0.000005,-0.000017,-0.006063,-0.000030,-0.000325,-0.019586,-0.000033,0.000003,0.000001,10.000000,3.000000,-140.000000,0.038180,-0.302303,0.000001,0.000000,0.000000,0.000000,0.130193,806.000000,0.000000,-11.843433,678.426208,519.913330,-0.000032,0.000000,10.000873,6517,0,31,0
67.493111,0.009114,-0.326834,-1.061838,0.000005,-0.000018,-0.006102,-0.000033,-0.000316,-0.019470,-0.000032,0.000004,0.000001,10.000000,3.000000,-140.000000,0.038168,-0.302303,0.000001,0.000000,0.000000,0.000000,0.130193,806.000000,0.000000,-11.843433,678.426208,519.913330,-0.000030,0.000000,10.000812,6517,0,31,0
67.495071,0.009114,-0.326834,-1.061850,0.000005,-0.000018,-0.006141,-0.000036,-0.000307,-0.019331,-0.000031,0.000004,0.000001,10.000000,3.000000,-140.000000,0.038156,-0.302303,0.000001,0.000000,0.000000,0.000000,0.130193,806.000000,0.000000,-11.843433,678.426208,519.913330,-0.000028,0.000000,10.000750,6517,0,31,0
67.497025,0.009114,-0.326834,-1.061862,0.000005,-0.000019,-0.006179,-0.000039,-0.000298,-0.019204,-0.000030,0.000004,0.000001,10.000000,3.000000,-140.000000,0.038144,-0.302303,0.000001,0.000000,0.000000,0.000000,0.130193,806.000000,0.000000,-11.843433,678.426208,519.913330,-0.000026,0.000000,10.000689,6517,0,31,0
67.498978,0.009114,-0.326834,-1.061875,0.000005,-0.000019,-0.006217,-0.000041,-0.000289,-0.019089,-0.000029,0.000004,0.000001,10.000000,3.000000,-140.000000,0.038131,-0.302303,0.000001,0.000000,0.000000,0.000000,0.130193,806.000000,0.000000,-11.843433,678.426208,519.913330,-0.000025,0.000000,10.000627,6517,0,31,0
67.500931,0.009114,-0.326834,-1.061887,0.000005,-0.000020,-0.006255,-0.000044,-0.000280,-0.018985,-0.000028,0.000005,0.000001,10.000000,3.000000,-140.000000,0.038119,-0.302303,0.000001,0.000000,0.000000,0.000000,0.130193,806.000000,0.000000,-11.843433,678.426208,519.913330,-0.000023,0.000000,10.000564,6517,0,31,0
67.502884,0.009114,-0.326834,-1.061900,0.000005,-0.000020,-0.006293,-0.000046,-0.000270,-0.018890,-0.000027,0.000005,0.000001,10.000000,3.000000,-140.000000,0.038106,-0.302303,0.000001,0.000000,0.000000,0.000000,0.130193,806.000000,0.000000,-11.843433,678.426208,519.913330,-0.000022,0.000000,10.000501,6517,0,31,0
67.504837,0.009114,-0.326834,-1.061913,0.000005,-0.000021,-0.006331,-0.000047,-0.000260,-0.018805,-0.000026,0.000005,0.000001,10.000000,3.000000,-140.000000,0.038094,-0.302303,0.000001,0.000000,0.000000,0.000000,0.130193,806.000000,0.000000,-11.843433,678.426208,519.913330,-0.000021,0.000000,10.000438,6517,0,31,0
67.506790,0.009114,-0.326834,-1.061925,0.000004,-0.000021,-0.006368,-0.000048,-0.000250,-0.018727,-0.000025,0.000005,0.000001,10.000000,3.000000,-140.000000,0.038081,-0.302303,0.000001,0.000000,0.000000,0.000000,0.130193,806.000000,0.000000,-11.843433,678.426208,519.913330,-0.000020,0.000000,10.000375,6517,0,31,0
67.508743,0.009114,-0.326834,-1.061938,0.000004,-0.000022,-0.006406,-0.000049,-0.000241,-0.018657,-0.000024,0.000005,0.000001,10.000000,3.000000,-140.000000,0.038068,-0.302303,0.000001,0.000000,0.000000,0.000000,0.130193,806.000000,0.000000,-11.843433,678.426208,519.913330,-0.000019,0.000000,10.000311,6517,0,31,0
67.510696,0.009114,-0.326834,-1.061951,0.000004,-0.000022,-0.006443,-0.000050,-0.000231,-0.018593,-0.000023,0.000005,0.000001,10.000000,3.000000,-140.000000,0.038056,-0.302303,0.000001,0.000000,0.000000,0.000000,0.130193,806.000000,0.000000,-11.843433,678.426208,519.913330,-0.000018,0.000000,10.000246,6517,0,31,0
67.512657,0.009114,-0.326834,-1.061964,0.000004,-0.000023,-0.006480,-0.000050,-0.000220,-0.018535,-0.000022,0.000005,0.000001,10.000000,3.000000,-140.000000,0.038043,-0.302303,0.000001,0.000000,0.000000,0.000000,0.130193,806.000000,0.000000,-11.843433,678.426208,519.913330,-0.000018,0.000000,10.000181,6517,0,31,0
67.514610,0.009114,-0.326834,-1.061977,0.000004,-0.000023,-0.006517,-0.000049,-0.000210,-0.018482,-0.000021,0.000005,0.000001,10.000000,3.000000,-140.000000,0.038030,-0.302303,0.000001,0.000000,0.000000,0.000000,0.130193,806.000000,0.000000,-11.843433,678.426208,519.913330,-0.000017,0.000000,10.000116,6517,0,31,0
67.516563,0.009114,-0.326834,-1.061990,0.000004,-0.000024,-0.006554,-0.000048,-0.000200,-0.018435,-0.000020,0.000005,0.000001,10.000000,3.000000,-140.000000,0.038017,-0.302303,0.000001,0.000000,0.000000,0.000000,0.130193,806.000000,0.000000,-11.843433,678.426208,519.913330,-0.000016,0.000000,10.000051,6517,0,31,0
67.518517,0.009114,-0.326834,-1.062003,0.000004,-0.000024,-0.006591,-0.000047,-0.000190,-0.018392,-0.000019,0.000005,0.000000,10.000000,3.000000,-140.000000,0.038003,-0.302303,0.000001,0.000000,0.000000,0.000000,0.130193,806.000000,0.000000,-11.843433,678.426208,519.913330,-0.000016,0.000000,9.999985,6517,0,31,0
67.520470,0.009114,-0.326834,-1.062016,0.000004,-0.000024,-0.006627,-0.000045,-0.000179,-0.018353,-0.000018,0.000004,0.000000,10.000000,3.000000,-140.000000,0.037990,-0.302303,0.000001,0.000000,0.000000,0.000000,0.130193,806.000000,0.000000,-11.843433,678.426208,519.913330,-0.000015,0.000000,9.999919,6517,0,31,0
67.522423,0.009114,-0.326834,-1.062030,0.000004,-0.000025,-0.006664,-0.000043,-0.000169,-0.018317,-0.000017,0.000004,0.000000,10.000000,3.000000,-140.000000,0.037977,-0.302303,0.000001,0.000000,0.000000,0.000000,0.130193,806.000000,0.000000,-11.843433,678.426208,519.913330,-0.000015,0.000000,9.999852,6517,0,31,0
67.524376,0.009114,-0.326834,-1.062043,0.000004,-0.000025,-0.006701,-0.000040,-0.000159,-0.018285,-0.000016,0.000004,0.000000,10.000000,3.000000,-140.000000,0.037964,-0.302303,0.000001,0.000000,0.000000,0.000000,0.130193,806.000000,0.000000,-11.843433,678.426208,519.913330,-0.000014,0.000000,9.999785,6517,0,32,0
67.526329,0.009114,-0.326834,-1.062057,0.000004,-0.000025,-0.006737,-0.000037,-0.000148,-0.018256,-0.000015,0.000004,0.000000,10.000000,3.000000,-140.000000,0.037950,-0.302303,0.000001,0.000000,0.000000,0.000000,0.130193,806.000000,0.000000,-11.843433,678.426208,519.913330,-0.000014,0.000000,9.999719,6517,0,32,0
67.528290,0.009114,-0.326834,-1.062070,0.000003,-0.000026,-0.006774,-0.000033,-0.000138,-0.018229,-0.000013,0.000003,0.000000,10.000000,3.000000,-140.000000,0.037937,-0.302303,0.000001,0.000000,0.000000,0.000000,0.130193,806.000000,0.000000,-11.843433,678.426208,519.913330,-0.000014,0.000000,9.999651,6517,0,32,0
67.530243,0.009114,-0.326835,-1.062084,0.000003,-0.000026,-0.006810,-0.000029,-0.000127,-0.018204,-0.000012,0.000003,0.000000,10.000000,3.000000,-140.000000,0.037923,-0.302303,0.000001,0.000000,0.000000,0.000000,0.130193,806.000000,0.000000,-11.843433,678.426208,519.913330,-0.000013,0.000000,9.999582,6517,0,32,0
67.532196,0.009114,-0.326835,-1.062097,0.000003,-0.000026,-0.006846,-0.000025,-0.000116,-0.018181,-0.000011,0.000002,0.000000,10.000000,3.000000,-140.000000,0.037910,-0.302303,0.000001,0.000000,0.000000,0.000000,0.130193,806.000000,0.000000,-11.843433,678.426208,519.913330,-0.000013,0.000000,9.999514,6517,0,32,0
67.534149,0.009114,-0.326835,-1.062111,0.000003,-0.000026,-0.006883,-0.000020,-0.000106,-0.018161,-0.000010,0.000002,0.000000,10.000000,3.000000,-140.000000,0.037896,-0.302303,0.000001,0.000000,0.000000,0.000000,0.130193,806.000000,0.000000,-11.843433,678.426208,519.913330,-0.000013,0.000000,9.999445,6517,0,32,0
67.536102,0.009114,-0.326835,-1.062125,0.000003,-0.000027,-0.006919,-0.000016,-0.000095,-0.018142,-0.000009,0.000001,0.000000,10.000000,3.000000,-140.000000,0.037882,-0.302303,0.000001,0.000000,0.000000,0.000000,0.130193,806.000000,0.000000,-11.843433,678.426208,519.913330,-0.000012,0.000000,9.999376,6517,0,32,0
67.538055,0.009114,-0.326835,-1.062139,0.000003,-0.000027,-0.006955,-0.000011,-0.000085,-0.018125,-0.000008,0.000001,0.000000,10.000000,3.000000,-140.000000,0.037868,-0.302303,0.000001,0.000000,0.000000,0.000000,0.130193,806.000000,0.000000,-11.843433,678.426208,519.913330,-0.000012,0.000000,9.999307,6516,0,32,0
67.540009,0.009114,-0.326835,-1.062153,0.000003,-0.000027,-0.006991,-0.000007,-0.000074,-0.018004,-0.000007,0.000000,0.000000,10.000000,3.000000,-140.000000,0.037854,-0.302303,0.000001,0.000000,0.000000,0.000000,0.130193,806.000000,0.000000,-11.843433,678.426208,519.913330,-0.000012,0.000000,9.999237,6516,0,32,0
67.541962,0.009114,-0.326835,-1.062167,0.000003,-0.000027,-0.007027,-0.000002,-0.000063,-0.017860,-0.000006,0.000000,0.000000,10.000000,3.000000,-140.000000,0.037840,-0.302303,0.000001,0.000000,0.000000,0.000000,0.130193,806.000000,0.000000,-11.843433,678.426208,519.913330,-0.000012,0.000000,9.999166,6516,0,32,0
67.543915,0.009114,-0.326835,-1.062181,0.000003,-0.000027,-0.007063,0.000002,-0.000052,-0.017729,-0.000005,-0.000000,0.000000,10.000000,3.000000,-140.000000,0.037826,-0.302303,0.000001,0.000000,0.000000,0.000000,0.130193,806.000000,0.000000,-11.843433,678.426208,519.913330,-0.000012,0.000000,9.999096,6516,0,32,0
