t,drone_x,drone_y,drone_z,drone_vel_x,drone_vel_y,drone_vel_z,drone_roll,drone_pitch,drone_yaw,flower_x,flower_y,flower_z,flower_roll,flower_pitch,flower_yaw,dx,dy,dz,distance
0.002000,0.000000,-0.000000,0.099990,0.000000,-0.000000,-0.009800,-0.000000,0.000000,1.570000,0.000000,1.000000,1.100000,0.000000,0.000000,-1.571000,-0.000000,1.000000,1.000010,1.414220
0.004000,0.000000,-0.000000,0.099941,0.000000,-0.000000,-0.029352,-0.000000,0.000000,1.570000,0.000000,1.000000,1.100000,0.000000,0.000000,-1.571000,-0.000000,1.000000,1.000059,1.414255
0.006000,0.000000,-0.000000,0.099853,0.000000,-0.000000,-0.048869,0.000000,0.000000,1.570000,0.000000,1.000000,1.100000,0.000000,0.000000,-1.571000,-0.000000,1.000000,1.000147,1.414317
0.008000,0.000000,-0.000000,0.099726,0.000000,0.000000,-0.068350,0.000000,0.000000,1.570000,0.000000,1.000000,1.100000,0.000000,0.000000,-1.571000,-0.000000,1.000000,1.000274,1.414407
0.010000,0.000000,0.000000,0.099560,0.000000,0.000000,-0.087795,0.000000,0.000000,1.570000,0.000000,1.000000,1.100000,0.000000,0.000000,-1.571000,-0.000000,1.000000,1.000440,1.414525
0.012000,0.000000,0.000000,0.099355,0.000000,0.000000,-0.107203,-0.000000,0.000000,1.570000,0.000000,1.000000,1.100000,0.000000,0.000000,-1.571000,-0.000000,1.000000,1.000645,1.414670
0.014000,0.000000,0.000000,0.099111,-0.000000,0.000000,-0.126576,-0.000000,0.000000,1.570000,0.000000,1.000000,1.100000,0.000000,0.000000,-1.571000,-0.000000,1.000000,1.000889,1.414842
0.016000,0.000000,0.000000,0.098829,0.000000,0.000000,-0.145912,-0.000000,0.000000,1.570000,0.000000,1.000000,1.100000,0.000000,0.000000,-1.571000,-0.000000,1.000000,1.001171,1.415042
0.018000,0.000000,0.000000,0.098508,0.000000,0.000000,-0.165213,-0.000000,0.000001,1.570000,0.000000,1.000000,1.100000,0.000000,0.000000,-1.571000,-0.000000,1.000000,1.001492,1.415269
0.020000,0.000000,0.000000,0.098148,0.000000,0.000000,-0.184478,-0.000000,0.000001,1.570000,0.000000,1.000000,1.100000,0.000000,0.000000,-1.571000,-0.000000,1.000000,1.001852,1.415524
0.022000,0.000000,0.000000,0.097750,0.000000,0.000000,-0.203708,-0.000000,0.000001,1.570000,0.000000,1.000000,1.100000,0.000000,0.000000,-1.571000,-0.000000,1.000000,1.002250,1.415805
0.024000,0.000000,0.000000,0.097313,0.000000,0.000000,-0.222901,-0.000000,0.000001,1.570000,0.000000,1.000000,1.100000,0.000000,0.000000,-1.571000,-0.000000,1.000000,1.002687,1.416115
0.026000,0.000000,0.000000,0.096838,0.000000,0.000000,-0.242059,-0.000000,0.000002,1.570000,0.000000,1.000000,1.100000,0.000000,0.000000,-1.571000,-0.000000,1.000000,1.003162,1.416451
0.028000,0.000000,0.000000,0.096325,0.000000,0.000000,-0.261182,-0.000000,0.000002,1.570000,0.000000,1.000000,1.100000,0.000000,0.000000,-1.571000,-0.000000,1.000000,1.003675,1.416815
0.030000,0.000000,0.000000,0.095773,0.000000,0.000000,-0.280269,-0.000000,0.000003,1.570000,0.000000,1.000000,1.100000,0.000000,0.000000,-1.571000,-0.000000,1.000000,1.004227,1.417205
0.032000,0.000000,0.000000,0.095184,0.000000,0.000000,-0.299321,-0.000000,0.000003,1.570000,0.000000,1.000000,1.100000,0.000000,0.000000,-1.571000,-0.000000,1.000000,1.004816,1.417623
0.034000,0.000000,0.000000,0.094556,0.000000,0.000000,-0.318337,-0.000000,0.000004,1.570000,0.000000,1.000000,1.100000,0.000000,0.000000,-1.571000,-0.000000,1.000000,1.005444,1.418068
0.036000,0.000000,0.000000,0.093890,0.000000,0.000000,-0.337319,-0.000000,0.000005,1.570000,0.000000,1.000000,1.100000,0.000000,0.000000,-1.571000,-0.000000,1.000000,1.006110,1.418540
0.038000,0.000000,0.000000,0.093186,0.000000,0.000000,-0.356265,-0.000000,0.000005,1.570000,0.000000,1.000000,1.100000,0.000000,0.000000,-1.571000,-0.000000,1.000000,1.006814,1.419040
0.040000,0.000000,0.000000,0.092445,0.000000,0.000000,-0.375175,-0.000000,0.000006,1.570000,0.000000,1.000000,1.100000,0.000000,0.000000,-1.571000,-0.000000,1.000000,1.007555,1.419566
0.042000,0.000000,0.000000,0.091665,0.000000,0.000000,-0.394051,-0.000000,0.000007,1.570000,0.000000,1.000000,1.100000,0.000000,0.000000,-1.571000,-0.000000,1.000000,1.008335,1.420119
0.044000,0.000000,0.000000,0.090848,0.000000,0.000000,-0.412892,-0.000000,0.000008,1.570000,0.000000,1.000000,1.100000,0.000000,0.000000,-1.571000,-0.000000,1.000000,1.009152,1.420700
0.046000,0.000000,0.000000,0.089993,0.000000,0.000000,-0.431698,-0.000000,0.000010,1.570000,0.000000,1.000000,1.100000,0.000000,0.000000,-1.571000,-0.000000,1.000000,1.010007,1.421307
0.048000,0.000000,0.000000,0.089101,0.000000,0.000000,-0.450469,-0.000000,0.000011,1.570000,0.000000,1.000000,1.100000,0.000000,0.000000,-1.571000,-0.000000,1.000000,1.010899,1.421941
0.050000,0.000000,0.000000,0.088171,0.000000,0.000000,-0.469205,-0.000000,0.000013,1.570000,0.000000,1.000000,1.100000,0.000000,0.000000,-1.571000,-0.000000,1.000000,1.011829,1.422603
0.052000,0.000000,0.000000,0.087203,0.000000,0.000000,-0.487907,-0.000000,0.000014,1.570000,0.000000,1.000000,1.100000,0.000000,0.000000,-1.571000,-0.000000,1.000000,1.012797,1.423291
0.054000,0.000000,0.000000,0.086199,0.000000,0.000000,-0.506573,-0.000000,0.000016,1.570000,0.000000,1.000000,1.100000,0.000000,0.000000,-1.571000,-0.000000,1.000000,1.013801,1.424006
0.056000,0.000000,0.000000,0.085156,0.000000,0.000000,-0.525206,-0.000000,0.000018,1.570000,0.000000,1.000000,1.100000,0.000000,0.000000,-1.571000,-0.000000,1.000000,1.014844,1.424748
0.058000,0.000000,0.000000,0.084077,0.000000,0.000000,-0.543803,-0.000000,0.000020,1.570000,0.000000,1.000000,1.100000,0.000000,0.000000,-1.571000,-0.000000,1.000000,1.015923,1.425517
0.060000,0.000000,0.000000,0.082960,0.000000,0.000000,-0.562366,-0.000000,0.000022,1.570000,0.000000,1.000000,1.100000,0.000000,0.000000,-1.571000,-0.000000,1.000000,1.017040,1.426313
0.062000,0.000000,0.000000,0.081807,0.000000,0.000000,-0.580895,-0.000000,0.000024,1.570000,0.000000,1.000000,1.100000,0.000000,0.000000,-1.571000,-0.000000,1.000000,1.018193,1.427136
0.064000,0.000000,0.000000,0.080616,0.000000,0.000000,-0.599390,-0.000000,0.000027,1.570000,0.000000,1.000000,1.100000,0.000000,0.000000,-1.571000,-0.000000,1.000000,1.019384,1.427986
0.066000,0.000000,0.000000,0.079388,0.000000,0.000000,-0.617850,-0.000000,0.000029,1.570000,0.000000,1.000000,1.100000,0.000000,0.000000,-1.571000,-0.000000,1.000000,1.020612,1.428863
0.068000,0.000000,0.000000,0.078124,0.000000,0.000000,-0.636276,-0.000000,0.000032,1.570000,0.000000,1.000000,1.100000,0.000000,0.000000,-1.571000,-0.000000,1.000000,1.021876,1.429766
0.070000,0.000000,0.000000,0.076822,0.000000,0.000000,-0.654668,-0.000000,0.000035,1.570000,0.000000,1.000000,1.100000,0.000000,0.000000,-1.571000,-0.000000,1.000000,1.023178,1.430697
0.072000,0.000000,0.000000,0.075484,0.000000,0.000000,-0.673025,-0.000000,0.000038,1.570000,0.000000,1.000000,1.100000,0.000000,0.000000,-1.571000,-0.000000,1.000000,1.024516,1.431654
0.074000,0.000000,0.000000,0.074109,0.000000,0.000000,-0.691349,-0.000000,0.000041,1.570000,0.000000,1.000000,1.100000,0.000000,0.000000,-1.571000,-0.000000,1.000000,1.025891,1.432638
0.076000,0.000000,0.000000,0.072698,0.000000,0.000000,-0.709638,-0.000000,0.000045,1.570000,0.000000,1.000000,1.100000,0.000000,0.000000,-1.571000,-0.000000,1.000000,1.027302,1.433649
0.078000,0.000000,0.000000,0.071249,0.000000,0.000000,-0.727894,-0.000000,0.000048,1.570000,0.000000,1.000000,1.100000,0.000000,0.000000,-1.571000,-0.000000,1.000000,1.028751,1.434687
0.080000,0.000000,0.000000,0.069765,0.000000,0.000000,-0.746116,-0.000000,0.000052,1.570000,0.000000,1.000000,1.100000,0.000000,0.000000,-1.571000,-0.000000,1.000000,1.030235,1.435752
0.082000,0.000000,0.000000,0.068244,0.000000,0.000000,-0.764304,-0.000000,0.000056,1.570000,0.000000,1.000000,1.100000,0.000000,0.000000,-1.571000,-0.000000,1.000000,1.031756,1.436844
0.084000,0.000000,0.000000,0.066686,0.000000,0.000000,-0.782459,-0.000000,0.000061,1.570000,0.000000,1.000000,1.100000,0.000000,0.000000,-1.571000,-0.000000,1.000000,1.033314,1.437963
0.086000,0.000000,0.000000,0.065093,0.000000,0.000000,-0.800579,-0.000000,0.000065,1.570000,0.000000,1.000000,1.100000,0.000000,0.000000,-1.571000,-0.000000,1.000000,1.034907,1.439108
0.088000,0.000000,0.000000,0.063463,0.000000,0.000000,-0.818667,-0.000000,0.000070,1.570000,0.000000,1.000000,1.100000,0.000000,0.000000,-1.571000,-0.000000,1.000000,1.036537,1.440281
0.090000,0.000000,0.000000,0.061797,0.000000,0.000000,-0.836720,-0.000000,0.000075,1.570000,0.000000,1.000000,1.100000,0.000000,0.000000,-1.571000,-0.000000,1.000000,1.038203,1.441481
0.092000,0.000000,0.000000,0.060095,0.000000,0.000000,-0.854740,-0.000000,0.000080,1.570000,0.000000,1.000000,1.100000,0.000000,0.000000,-1.571000,-0.000000,1.000000,1.039905,1.442707
0.094000,0.000000,0.000000,0.058356,0.000000,0.000000,-0.872727,-0.000000,0.000085,1.570000,0.000000,1.000000,1.100000,0.000000,0.000000,-1.571000,-0.000000,1.000000,1.041644,1.443960
0.096000,0.000000,0.000000,0.056582,0.000000,0.000000,-0.890681,-0.000000,0.000091,1.570000,0.000000,1.000000,1.100000,0.000000,0.000000,-1.571000,-0.000000,1.000000,1.043418,1.445241
0.098000,0.000000,0.000000,0.054772,0.000000,0.000000,-0.908601,-0.000000,0.000096,1.570000,0.000000,1.000000,1.100000,0.000000,0.000000,-1.571000,-0.000000,1.000000,1.045228,1.446548
0.100000,0.000000,0.000000,0.052926,0.000000,0.000000,-0.926488,-0.000000,0.000103,1.570000,0.000000,1.000000,1.100000,0.000000,0.000000,-1.571000,-0.000000,1.000000,1.047074,1.447882
0.102000,0.000000,0.000000,0.051045,0.000000,0.000000,-0.944341,-0.000000,0.000109,1.570000,0.000000,1.000000,1.100000,0.000000,0.000000,-1.571000,-0.000000,1.000000,1.048955,1.449244
0.104000,0.000000,0.000000,0.049127,0.000000,0.000000,-0.962162,-0.000000,0.000115,1.570000,0.000000,1.000000,1.100000,0.000000,0.000000,-1.571000,-0.000000,1.000000,1.050873,1.450632
0.106000,0.000000,0.000000,0.047174,0.000000,0.000000,-0.979950,-0.000000,0.000122,1.570000,0.000000,1.000000,1.100000,0.000000,0.000000,-1.571000,-0.000000,1.000000,1.052826,1.452048
0.108000,0.000000,0.000000,0.045186,0.000000,0.000000,-0.997704,-0.000000,0.000129,1.570000,0.000000,1.000000,1.100000,0.000000,0.000000,-1.571000,-0.000000,1.000000,1.054814,1.453490
0.110000,0.000000,0.000000,0.043162,0.000000,0.000000,-1.015426,0.000000,0.000137,1.570000,0.000000,1.000000,1.100000,0.000000,0.000000,-1.571000,-0.000000,1.000000,1.056838,1.454959
0.112000,0.000000,0.000000,0.041102,0.000000,0.000000,-1.033115,0.000000,0.000144,1.570000,0.000000,1.000000,1.100000,0.000000,0.000000,-1.571000,-0.000000,1.000000,1.058898,1.456456
0.114000,0.000000,0.000000,0.039007,0.000000,0.000000,-1.050771,0.000000,0.000152,1.570000,0.000000,1.000000,1.100000,0.000000,0.000000,-1.571000,-0.000000,1.000000,1.060993,1.457980
0.116000,0.000000,0.000000,0.036877,0.000000,0.000000,-1.068394,0.000000,0.000160,1.570000,0.000000,1.000000,1.100000,0.000000,0.000000,-1.571000,-0.000000,1.000000,1.063123,1.459531
0.118000,0.000000,0.000000,0.034712,0.000000,0.000000,-1.085985,0.000000,0.000169,1.570000,0.000000,1.000000,1.100000,0.000000,0.000000,-1.571000,-0.000000,1.000000,1.065288,1.461109
0.120000,0.000000,-0.000004,0.035000,0.000016,-0.000077,0.000068,-0.000000,-0.000001,1.570000,0.000000,1.000000,1.100000,0.000000,0.000000,-1.571000,-0.000000,1.000004,1.065000,1.460902
0.122000,0.000000,-0.000005,0.035000,-0.000001,-0.000057,0.009576,0.000000,-0.000000,1.570000,0.000000,1.000000,1.100000,0.000000,0.000000,-1.571000,-0.000000,1.000005,1.065000,1.460902
0.124000,0.000000,-0.000005,0.035000,0.000000,-0.000021,0.000159,0.000000,-0.000000,1.570000,0.000000,1.000000,1.100000,0.000000,0.000000,-1.571000,-0.000000,1.000005,1.065000,1.460902
0.126000,0.000000,-0.000007,0.034977,-0.000002,-0.002608,-0.015026,-0.000000,-0.000115,1.570000,0.000000,1.000000,1.100000,0.000000,0.000000,-1.571000,-0.000000,1.000007,1.065023,1.460920
0.128000,0.000000,-0.000010,0.034945,-0.000003,-0.003405,-0.022563,-0.000000,-0.000275,1.570000,0.000000,1.000000,1.100000,0.000000,0.000000,-1.571000,-0.000000,1.000010,1.065055,1.460946
0.130000,0.000000,-0.000014,0.034914,-0.000004,-0.003939,-0.027527,-0.000000,-0.000430,1.570000,0.000000,1.000000,1.100000,0.000000,0.000000,-1.571000,-0.000000,1.000014,1.065086,1.460971
0.132000,0.000000,-0.000017,0.034887,-0.000005,-0.004300,-0.030799,-0.000000,-0.000565,1.570000,0.000000,1.000000,1.100000,0.000000,0.000000,-1.571000,-0.000000,1.000017,1.065113,1.460993
0.134000,0.000000,-0.000019,0.034865,-0.000005,-0.004548,-0.032956,-0.000000,-0.000675,1.570000,0.000000,1.000000,1.100000,0.000000,0.000000,-1.571000,-0.000000,1.000019,1.065135,1.461010
0.136000,0.000000,-0.000021,0.034848,-0.000006,-0.004721,-0.034379,-0.000000,-0.000762,1.570000,0.000000,1.000000,1.100000,0.000000,0.000000,-1.571000,-0.000000,1.000021,1.065152,1.461024
0.138000,0.000000,-0.000023,0.034834,-0.000006,-0.004844,-0.035319,-0.000000,-0.000829,1.570000,0.000000,1.000000,1.100000,0.000000,0.000000,-1.571000,-0.000000,1.000023,1.065166,1.461035
0.140000,0.000000,-0.000025,0.034824,-0.000007,-0.004936,-0.035940,-0.000000,-0.000879,1.570000,0.000000,1.000000,1.100000,0.000000,0.000000,-1.571000,-0.000000,1.000025,1.065176,1.461044
0.142000,0.000000,-0.000026,0.034817,-0.000007,-0.005006,-0.036350,-0.000000,-0.000916,1.570000,0.000000,1.000000,1.100000,0.000000,0.000000,-1.571000,-0.000000,1.000026,1.065183,1.461050
0.144000,0.000000,-0.000027,0.034811,-0.000008,-0.005061,-0.036621,-0.000000,-0.000943,1.570000,0.000000,1.000000,1.100000,0.000000,0.000000,-1.571000,-0.000000,1.000027,1.065189,1.461055
0.146000,0.000000,-0.000028,0.034808,-0.000008,-0.005108,-0.036800,-0.000000,-0.000963,1.570000,0.000000,1.000000,1.100000,0.000000,0.000000,-1.571000,-0.000000,1.000028,1.065192,1.461058
0.148000,0.000000,-0.000029,0.034805,-0.000009,-0.005148,-0.036919,-0.000000,-0.000977,1.570000,0.000000,1.000000,1.100000,0.000000,0.000000,-1.571000,-0.000000,1.000029,1.065195,1.461061
0.150000,0.000000,-0.000030,0.034803,-0.000010,-0.005184,-0.036998,-0.000000,-0.000987,1.570000,0.000000,1.000000,1.100000,0.000000,0.000000,-1.571000,-0.000000,1.000030,1.065197,1.461063
0.152000,-0.000000,-0.000031,0.034801,-0.000012,-0.005218,-0.037050,-0.000000,-0.000994,1.570000,0.000000,1.000000,1.100000,0.000000,0.000000,-1.571000,0.000000,1.000031,1.065199,1.461065
0.154000,-0.000000,-0.000032,0.034800,-0.000014,-0.005249,-0.037084,-0.000000,-0.000999,1.570000,0.000000,1.000000,1.100000,0.000000,0.000000,-1.571000,0.000000,1.000032,1.065200,1.461066
0.156000,-0.000000,-0.000033,0.034800,-0.000016,-0.005280,-0.037107,-0.000000,-0.001002,1.570000,0.000000,1.000000,1.100000,0.000000,0.000000,-1.571000,0.000000,1.000033,1.065200,1.461067
0.158000,-0.000000,-0.000034,0.034799,-0.000018,-0.005309,-0.037123,-0.000000,-0.001005,1.570000,0.000000,1.000000,1.100000,0.000000,0.000000,-1.571000,0.000000,1.000034,1.065201,1.461068
0.160000,-0.000000,-0.000035,0.034799,-0.000021,-0.005338,-0.037134,-0.000000,-0.001007,1.570000,0.000000,1.000000,1.100000,0.000000,0.000000,-1.571000,0.000000,1.000035,1.065201,1.461069
0.162000,-0.000000,-0.000036,0.034798,-0.000022,-0.005366,-0.037143,-0.000000,-0.001008,1.570000,0.000000,1.000000,1.100000,0.000000,0.000000,-1.571000,0.000000,1.000036,1.065202,1.461070
0.164000,-0.000000,-0.000037,0.034798,-0.000022,-0.005394,-0.037153,-0.000000,-0.001009,1.570000,0.000000,1.000000,1.100000,0.000000,0.000000,-1.571000,0.000000,1.000037,1.065202,1.461071
0.166000,-0.000000,-0.000038,0.034798,-0.000022,-0.005422,-0.037164,-0.000000,-0.001009,1.570000,0.000000,1.000000,1.100000,0.000000,0.000000,-1.571000,0.000000,1.000038,1.065202,1.461072
0.168000,-0.000000,-0.000040,0.034798,-0.000021,-0.005449,-0.037177,-0.000000,-0.001010,1.570000,0.000000,1.000000,1.100000,0.000000,0.000000,-1.571000,0.000000,1.000040,1.065202,1.461073
0.170000,-0.000000,-0.000041,0.034798,-0.000021,-0.005477,-0.037191,-0.000000,-0.001010,1.570000,0.000000,1.000000,1.100000,0.000000,0.000000,-1.571000,0.000000,1.000041,1.065202,1.461074
0.172000,-0.000000,-0.000042,0.034798,-0.000021,-0.005505,-0.037206,-0.000000,-0.001011,1.570000,0.000000,1.000000,1.100000,0.000000,0.000000,-1.571000,0.000000,1.000042,1.065202,1.461075
0.174000,-0.000000,-0.000044,0.034798,-0.000021,-0.005533,-0.037221,-0.000000,-0.001011,1.570000,0.000000,1.000000,1.100000,0.000000,0.000000,-1.571000,0.000000,1.000044,1.065202,1.461076
0.176000,-0.000000,-0.000045,0.034798,-0.000021,-0.005560,-0.037236,-0.000000,-0.001012,1.570000,0.000000,1.000000,1.100000,0.000000,0.000000,-1.571000,0.000000,1.000045,1.065202,1.461077
0.178000,-0.000000,-0.000047,0.034798,-0.000022,-0.005588,-0.037251,-0.000000,-0.001012,1.570000,0.000000,1.000000,1.100000,0.000000,0.000000,-1.571000,0.000000,1.000047,1.065202,1.461078
0.180000,-0.000000,-0.000048,0.034798,-0.000025,-0.005616,-0.037267,-0.000000,-0.001012,1.570000,0.000000,1.000000,1.100000,0.000000,0.000000,-1.571000,0.000000,1.000048,1.065202,1.461079
0.182000,-0.000000,-0.000050,0.034797,-0.000030,-0.005639,-0.037283,-0.000000,-0.001013,1.570000,0.000000,1.000000,1.100000,0.000000,0.000000,-1.571000,0.000000,1.000050,1.065203,1.461080
0.184000,-0.000000,-0.000051,0.034797,-0.000031,-0.005642,-0.037297,-0.000000,-0.001013,1.570000,0.000000,1.000000,1.100000,0.000000,0.000000,-1.571000,0.000000,1.000051,1.065203,1.461082
0.186000,-0.000000,-0.000053,0.034797,-0.000031,-0.005643,-0.037307,-0.000000,-0.001013,1.570000,0.000000,1.000000,1.100000,0.000000,0.000000,-1.571000,0.000000,1.000053,1.065203,1.461083
0.188000,-0.000001,-0.000055,0.034797,-0.000031,-0.005644,-0.037314,-0.000000,-0.001014,1.570000,0.000000,1.000000,1.100000,0.000000,0.000000,-1.571000,0.000001,1.000055,1.065203,1.461084
0.190000,-0.000001,-0.000057,0.034797,-0.000031,-0.005644,-0.037318,-0.000000,-0.001014,1.570000,0.000000,1.000000,1.100000,0.000000,0.000000,-1.571000,0.000001,1.000057,1.065203,1.461085
0.192000,-0.000001,-0.000058,0.034797,-0.000031,-0.005645,-0.037321,-0.000000,-0.001014,1.570000,0.000000,1.000000,1.100000,0.000000,0.000000,-1.571000,0.000001,1.000058,1.065203,1.461086
0.194000,-0.000001,-0.000060,0.034797,-0.000031,-0.005645,-0.037322,-0.000000,-0.001014,1.570000,0.000000,1.000000,1.100000,0.000000,0.000000,-1.571000,0.000001,1.000060,1.065203,1.461088
0.196000,-0.000001,-0.000062,0.034797,-0.000031,-0.005645,-0.037324,-0.000000,-0.001014,1.570001,0.000000,1.000000,1.100000,0.000000,0.000000,-1.571000,0.000001,1.000062,1.065203,1.461089
0.198000,-0.000001,-0.000063,0.034797,-0.000031,-0.005645,-0.037324,-0.000000,-0.001014,1.570001,0.000000,1.000000,1.100000,0.000000,0.000000,-1.571000,0.000001,1.000063,1.065203,1.461090
0.200000,-0.000001,-0.000065,0.034797,-0.000031,-0.005645,-0.037325,-0.000000,-0.001014,1.570001,0.000000,1.000000,1.100000,0.000000,0.000000,-1.571000,0.000001,1.000065,1.065203,1.461091
0.202000,-0.000001,-0.000067,0.034797,-0.000031,-0.005645,-0.037325,-0.000000,-0.001015,1.570001,0.000000,1.000000,1.100000,0.000000,0.000000,-1.571000,0.000001,1.000067,1.065203,1.461092
0.204000,-0.000001,-0.000068,0.034797,-0.000031,-0.005645,-0.037326,-0.000000,-0.001015,1.570001,0.000000,1.000000,1.100000,0.000000,0.000000,-1.571000,0.000001,1.000068,1.065203,1.461093
0.206000,-0.000001,-0.000070,0.034797,-0.000031,-0.005645,-0.037326,-0.000000,-0.001015,1.570001,0.000000,1.000000,1.100000,0.000000,0.000000,-1.571000,0.000001,1.000070,1.065203,1.461094
0.208000,-0.000001,-0.000072,0.034797,-0.000031,-0.005645,-0.037326,-0.000000,-0.001015,1.570001,0.000000,1.000000,1.100000,0.000000,0.000000,-1.571000,0.000001,1.000072,1.065203,1.461096
0.210000,-0.000001,-0.000073,0.034797,-0.000031,-0.005645,-0.037326,-0.000000,-0.001015,1.570001,0.000000,1.000000,1.100000,0.000000,0.000000,-1.571000,0.000001,1.000073,1.065203,1.461097
0.212000,-0.000001,-0.000075,0.034797,-0.000031,-0.005645,-0.037326,-0.000000,-0.001015,1.570001,0.000000,1.000000,1.100000,0.000000,0.000000,-1.571000,0.000001,1.000075,1.065203,1.461098
0.214000,-0.000001,-0.000077,0.034797,-0.000031,-0.005645,-0.037326,-0.000000,-0.001015,1.570001,0.000000,1.000000,1.100000,0.000000,0.000000,-1.571000,0.000001,1.000077,1.065203,1.461099
0.216000,-0.000001,-0.000078,0.034797,-0.000031,-0.005645,-0.037326,-0.000000,-0.001015,1.570001,0.000000,1.000000,1.100000,0.000000,0.000000,-1.571000,0.000001,1.000078,1.065203,1.461100
0.218000,-0.000001,-0.000080,0.034797,-0.000031,-0.005645,-0.037326,-0.000000,-0.001015,1.570001,0.000000,1.000000,1.100000,0.000000,0.000000,-1.571000,0.000001,1.000080,1.065203,1.461101
0.220000,-0.000001,-0.000082,0.034797,-0.000031,-0.005645,-0.037326,-0.000000,-0.001015,1.570001,0.000000,1.000000,1.100000,0.000000,0.000000,-1.571000,0.000001,1.000082,1.065203,1.461102
0.222000,-0.000001,-0.000083,0.034797,-0.000031,-0.005645,-0.037326,-0.000000,-0.001015,1.570001,0.000000,1.000000,1.100000,0.000000,0.000000,-1.571000,0.000001,1.000083,1.065203,1.461104
0.224000,-0.000001,-0.000085,0.034797,-0.000031,-0.005645,-0.037326,-0.000000,-0.001015,1.570001,0.000000,1.000000,1.100000,0.000000,0.000000,-1.571000,0.000001,1.000085,1.065203,1.461105
0.226000,-0.000001,-0.000087,0.034797,-0.000031,-0.005645,-0.037326,-0.000000,-0.001015,1.570001,0.000000,1.000000,1.100000,0.000000,0.000000,-1.571000,0.000001,1.000087,1.065203,1.461106
0.228000,-0.000001,-0.000088,0.034797,-0.000031,-0.005645,-0.037326,-0.000000,-0.001015,1.570001,0.000000,1.000000,1.100000,0.000000,0.000000,-1.571000,0.000001,1.000088,1.065203,1.461107
0.230000,-0.000001,-0.000090,0.034797,-0.000031,-0.005645,-0.037326,-0.000000,-0.001015,1.570001,0.000000,1.000000,1.100000,0.000000,0.000000,-1.571000,0.000001,1.000090,1.065203,1.461108
0.232000,-0.000001,-0.000092,0.034797,-0.000031,-0.005645,-0.037326,-0.000000,-0.001015,1.570001,0.000000,1.000000,1.100000,0.000000,0.000000,-1.571000,0.000001,1.000092,1.065203,1.461109
0.234000,-0.000002,-0.000093,0.034797,-0.000031,-0.005645,-0.037326,-0.000000,-0.001015,1.570001,0.000000,1.000000,1.100000,0.000000,0.000000,-1.571000,0.000002,1.000093,1.065203,1.461111
0.236000,-0.000002,-0.000095,0.034797,-0.000031,-0.005645,-0.037326,-0.000000,-0.001015,1.570001,0.000000,1.000000,1.100000,0.000000,0.000000,-1.571000,0.000002,1.000095,1.065203,1.461112
0.238000,-0.000002,-0.000097,0.034797,-0.000031,-0.005645,-0.037326,-0.000000,-0.001015,1.570001,0.000000,1.000000,1.100000,0.000000,0.000000,-1.571000,0.000002,1.000097,1.065203,1.461113
0.240000,-0.000002,-0.000098,0.034797,-0.000031,-0.005645,-0.037326,-0.000000,-0.001015,1.570001,0.000000,1.000000,1.100000,0.000000,0.000000,-1.571000,0.000002,1.000098,1.065203,1.461114
0.242000,-0.000002,-0.000100,0.034797,-0.000031,-0.005645,-0.037326,-0.000000,-0.001015,1.570001,0.000000,1.000000,1.100000,0.000000,0.000000,-1.571000,0.000002,1.000100,1.065203,1.461115
0.244000,-0.000002,-0.000102,0.034797,-0.000031,-0.005645,-0.037326,-0.000000,-0.001015,1.570001,0.000000,1.000000,1.100000,0.000000,0.000000,-1.571000,0.000002,1.000102,1.065203,1.461116
0.246000,-0.000002,-0.000103,0.034797,-0.000031,-0.005645,-0.037326,-0.000000,-0.001015,1.570002,0.000000,1.000000,1.100000,0.000000,0.000000,-1.571000,0.000002,1.000103,1.065203,1.461117
0.248000,-0.000002,-0.000105,0.034797,-0.000031,-0.005645,-0.037326,-0.000000,-0.001015,1.570002,0.000000,1.000000,1.100000,0.000000,0.000000,-1.571000,0.000002,1.000105,1.065203,1.461119
0.250000,-0.000002,-0.000107,0.034797,-0.000031,-0.005645,-0.037326,-0.000000,-0.001015,1.570002,0.000000,1.000000,1.100000,0.000000,0.000000,-1.571000,0.000002,1.000107,1.065203,1.461120
0.252000,-0.000002,-0.000108,0.034797,-0.000031,-0.005645,-0.037326,-0.000000,-0.001015,1.570002,0.000000,1.000000,1.100000,0.000000,0.000000,-1.571000,0.000002,1.000108,1.065203,1.461121
0.254000,-0.000002,-0.000110,0.034797,-0.000031,-0.005645,-0.037326,-0.000000,-0.001015,1.570002,0.000000,1.000000,1.100000,0.000000,0.000000,-1.571000,0.000002,1.000110,1.065203,1.461122
0.256000,-0.000002,-0.000112,0.034797,-0.000031,-0.005645,-0.037326,-0.000000,-0.001015,1.570002,0.000000,1.000000,1.100000,0.000000,0.000000,-1.571000,0.000002,1.000112,1.065203,1.461123
0.258000,-0.000002,-0.000113,0.034797,-0.000031,-0.005645,-0.037326,-0.000000,-0.001015,1.570002,0.000000,1.000000,1.100000,0.000000,0.000000,-1.571000,0.000002,1.000113,1.065203,1.461124
0.260000,-0.000002,-0.000115,0.034797,-0.000031,-0.005645,-0.037326,-0.000000,-0.001015,1.570002,0.000000,1.000000,1.100000,0.000000,0.000000,-1.571000,0.000002,1.000115,1.065203,1.461125
0.262000,-0.000002,-0.000117,0.034797,-0.000031,-0.005645,-0.037326,-0.000000,-0.001015,1.570002,0.000000,1.000000,1.100000,0.000000,0.000000,-1.571000,0.000002,1.000117,1.065203,1.461127
0.264000,-0.000002,-0.000118,0.034797,-0.000031,-0.005645,-0.037326,-0.000000,-0.001015,1.570002,0.000000,1.000000,1.100000,0.000000,0.000000,-1.571000,0.000002,1.000118,1.065203,1.461128
0.266000,-0.000002,-0.000120,0.034797,-0.000031,-0.005645,-0.037326,-0.000000,-0.001015,1.570002,0.000000,1.000000,1.100000,0.000000,0.000000,-1.571000,0.000002,1.000120,1.065203,1.461129
0.268000,-0.000002,-0.000122,0.034797,-0.000031,-0.005645,-0.037326,-0.000000,-0.001015,1.570002,0.000000,1.000000,1.100000,0.000000,0.000000,-1.571000,0.000002,1.000122,1.065203,1.461130
0.270000,-0.000002,-0.000124,0.034797,-0.000031,-0.005645,-0.037326,-0.000000,-0.001015,1.570002,0.000000,1.000000,1.100000,0.000000,0.000000,-1.571000,0.000002,1.000124,1.065203,1.461131
0.272000,-0.000002,-0.000125,0.034797,-0.000031,-0.005645,-0.037326,-0.000000,-0.001015,1.570002,0.000000,1.000000,1.100000,0.000000,0.000000,-1.571000,0.000002,1.000125,1.065203,1.461132
0.274000,-0.000002,-0.000127,0.034797,-0.000031,-0.005645,-0.037326,-0.000000,-0.001015,1.570002,0.000000,1.000000,1.100000,0.000000,0.000000,-1.571000,0.000002,1.000127,1.065203,1.461133
0.276000,-0.000002,-0.000129,0.034797,-0.000031,-0.005645,-0.037326,-0.000000,-0.001015,1.570002,0.000000,1.000000,1.100000,0.000000,0.000000,-1.571000,0.000002,1.000129,1.065203,1.461135
0.278000,-0.000003,-0.000130,0.034797,-0.000031,-0.005645,-0.037326,-0.000000,-0.001015,1.570002,0.000000,1.000000,1.100000,0.000000,0.000000,-1.571000,0.000003,1.000130,1.065203,1.461136
0.280000,-0.000003,-0.000132,0.034797,-0.000031,-0.005645,-0.037326,-0.000000,-0.001015,1.570002,0.000000,1.000000,1.100000,0.000000,0.000000,-1.571000,0.000003,1.000132,1.065203,1.461137
0.282000,-0.000003,-0.000134,0.034797,-0.000031,-0.005645,-0.037326,-0.000000,-0.001015,1.570002,0.000000,1.000000,1.100000,0.000000,0.000000,-1.571000,0.000003,1.000134,1.065203,1.461138
0.284000,-0.000003,-0.000135,0.034797,-0.000031,-0.005645,-0.037326,-0.000000,-0.001015,1.570002,0.000000,1.000000,1.100000,0.000000,0.000000,-1.571000,0.000003,1.000135,1.065203,1.461139
0.286000,-0.000003,-0.000137,0.034797,-0.000031,-0.005645,-0.037326,-0.000000,-0.001015,1.570002,0.000000,1.000000,1.100000,0.000000,0.000000,-1.571000,0.000003,1.000137,1.065203,1.461140
0.288000,-0.000003,-0.000139,0.034797,-0.000031,-0.005645,-0.037326,-0.000000,-0.001015,1.570002,0.000000,1.000000,1.100000,0.000000,0.000000,-1.571000,0.000003,1.000139,1.065203,1.461141
0.290000,-0.000003,-0.000140,0.034797,-0.000031,-0.005645,-0.037326,-0.000000,-0.001015,1.570002,0.000000,1.000000,1.100000,0.000000,0.000000,-1.571000,0.000003,1.000140,1.065203,1.461143
0.292000,-0.000003,-0.000142,0.034797,-0.000031,-0.005645,-0.037326,-0.000000,-0.001015,1.570002,0.000000,1.000000,1.100000,0.000000,0.000000,-1.571000,0.000003,1.000142,1.065203,1.461144
0.294000,-0.000003,-0.000144,0.034797,-0.000031,-0.005645,-0.037326,-0.000000,-0.001015,1.570002,0.000000,1.000000,1.100000,0.000000,0.000000,-1.571000,0.000003,1.000144,1.065203,1.461145
0.296000,-0.000003,-0.000145,0.034797,-0.000031,-0.005645,-0.037326,-0.000000,-0.001015,1.570003,0.000000,1.000000,1.100000,0.000000,0.000000,-1.571000,0.000003,1.000145,1.065203,1.461146
0.298000,-0.000003,-0.000147,0.034797,-0.000031,-0.005645,-0.037326,-0.000000,-0.001015,1.570003,0.000000,1.000000,1.100000,0.000000,0.000000,-1.571000,0.000003,1.000147,1.065203,1.461147
0.300000,-0.000003,-0.000149,0.034797,-0.000031,-0.005645,-0.037326,-0.000000,-0.001015,1.570003,0.000000,1.000000,1.100000,0.000000,0.000000,-1.571000,0.000003,1.000149,1.065203,1.461148
0.302000,-0.000003,-0.000150,0.034797,-0.000031,-0.005645,-0.037326,-0.000000,-0.001015,1.570003,0.000000,1.000000,1.100000,0.000000,0.000000,-1.571000,0.000003,1.000150,1.065203,1.461149
0.304000,-0.000003,-0.000152,0.034797,-0.000031,-0.005645,-0.037326,-0.000000,-0.001015,1.570003,0.000000,1.000000,1.100000,0.000000,0.000000,-1.571000,0.000003,1.000152,1.065203,1.461151
0.306000,-0.000003,-0.000154,0.034797,-0.000031,-0.005645,-0.037326,-0.000000,-0.001015,1.570003,0.000000,1.000000,1.100000,0.000000,0.000000,-1.571000,0.000003,1.000154,1.065203,1.461152
0.308000,-0.000003,-0.000155,0.034797,-0.000031,-0.005645,-0.037326,-0.000000,-0.001015,1.570003,0.000000,1.000000,1.100000,0.000000,0.000000,-1.571000,0.000003,1.000155,1.065203,1.461153
0.310000,-0.000003,-0.000157,0.034797,-0.000031,-0.005645,-0.037326,-0.000000,-0.001015,1.570003,0.000000,1.000000,1.100000,0.000000,0.000000,-1.571000,0.000003,1.000157,1.065203,1.461154
0.312000,-0.000003,-0.000159,0.034797,-0.000031,-0.005645,-0.037326,-0.000000,-0.001015,1.570003,0.000000,1.000000,1.100000,0.000000,0.000000,-1.571000,0.000003,1.000159,1.065203,1.461155
0.314000,-0.000003,-0.000160,0.034797,-0.000031,-0.005645,-0.037326,-0.000000,-0.001015,1.570003,0.000000,1.000000,1.100000,0.000000,0.000000,-1.571000,0.000003,1.000160,1.065203,1.461156
0.316000,-0.000003,-0.000162,0.034797,-0.000031,-0.005645,-0.037326,-0.000000,-0.001015,1.570003,0.000000,1.000000,1.100000,0.000000,0.000000,-1.571000,0.000003,1.000162,1.065203,1.461158
0.318000,-0.000003,-0.000164,0.034797,-0.000031,-0.005645,-0.037326,-0.000000,-0.001015,1.570003,0.000000,1.000000,1.100000,0.000000,0.000000,-1.571000,0.000003,1.000164,1.065203,1.461159
0.320000,-0.000003,-0.000165,0.034797,-0.000031,-0.005645,-0.037326,-0.000000,-0.001015,1.570003,0.000000,1.000000,1.100000,0.000000,0.000000,-1.571000,0.000003,1.000165,1.065203,1.461160
0.322000,-0.000004,-0.000167,0.034797,-0.000031,-0.005645,-0.037326,-0.000000,-0.001015,1.570003,0.000000,1.000000,1.100000,0.000000,0.000000,-1.571000,0.000004,1.000167,1.065203,1.461161
0.324000,-0.000004,-0.000169,0.034797,-0.000031,-0.005645,-0.037326,-0.000000,-0.001015,1.570003,0.000000,1.000000,1.100000,0.000000,0.000000,-1.571000,0.000004,1.000169,1.065203,1.461162
0.326000,-0.000004,-0.000170,0.034797,-0.000031,-0.005645,-0.037326,-0.000000,-0.001015,1.570003,0.000000,1.000000,1.100000,0.000000,0.000000,-1.571000,0.000004,1.000170,1.065203,1.461163
0.328000,-0.000004,-0.000172,0.034797,-0.000031,-0.005645,-0.037326,-0.000000,-0.001015,1.570003,0.000000,1.000000,1.100000,0.000000,0.000000,-1.571000,0.000004,1.000172,1.065203,1.461164
0.330000,-0.000004,-0.000174,0.034797,-0.000031,-0.005645,-0.037326,-0.000000,-0.001015,1.570003,0.000000,1.000000,1.100000,0.000000,0.000000,-1.571000,0.000004,1.000174,1.065203,1.461166
0.332000,-0.000004,-0.000175,0.034797,-0.000031,-0.005645,-0.037326,-0.000000,-0.001015,1.570003,0.000000,1.000000,1.100000,0.000000,0.000000,-1.571000,0.000004,1.000175,1.065203,1.461167
0.334000,-0.000004,-0.000177,0.034797,-0.000031,-0.005645,-0.037326,-0.000000,-0.001015,1.570003,0.000000,1.000000,1.100000,0.000000,0.000000,-1.571000,0.000004,1.000177,1.065203,1.461168
0.336000,-0.000004,-0.000179,0.034797,-0.000031,-0.005645,-0.037326,-0.000000,-0.001015,1.570003,0.000000,1.000000,1.100000,0.000000,0.000000,-1.571000,0.000004,1.000179,1.065203,1.461169
0.338000,-0.000004,-0.000180,0.034797,-0.000031,-0.005645,-0.037326,-0.000000,-0.001015,1.570003,0.000000,1.000000,1.100000,0.000000,0.000000,-1.571000,0.000004,1.000180,1.065203,1.461170
0.340000,-0.000004,-0.000182,0.034797,-0.000031,-0.005645,-0.037326,-0.000000,-0.001015,1.570003,0.000000,1.000000,1.100000,0.000000,0.000000,-1.571000,0.000004,1.000182,1.065203,1.461171
0.342000,-0.000004,-0.000184,0.034797,-0.000031,-0.005645,-0.037326,-0.000000,-0.001015,1.570003,0.000000,1.000000,1.100000,0.000000,0.000000,-1.571000,0.000004,1.000184,1.065203,1.461172
0.344000,-0.000004,-0.000185,0.034797,-0.000031,-0.005645,-0.037326,-0.000000,-0.001015,1.570003,0.000000,1.000000,1.100000,0.000000,0.000000,-1.571000,0.000004,1.000185,1.065203,1.461174
0.346000,-0.000004,-0.000187,0.034797,-0.000031,-0.005645,-0.037326,-0.000000,-0.001015,1.570003,0.000000,1.000000,1.100000,0.000000,0.000000,-1.571000,0.000004,1.000187,1.065203,1.461175
0.348000,-0.000004,-0.000189,0.034797,-0.000031,-0.005645,-0.037326,-0.000000,-0.001015,1.570004,0.000000,1.000000,1.100000,0.000000,0.000000,-1.571000,0.000004,1.000189,1.065203,1.461176
0.350000,-0.000004,-0.000190,0.034797,-0.000031,-0.005645,-0.037326,-0.000000,-0.001015,1.570004,0.000000,1.000000,1.100000,0.000000,0.000000,-1.571000,0.000004,1.000190,1.065203,1.461177
0.352000,-0.000004,-0.000192,0.034797,-0.000031,-0.005645,-0.037326,-0.000000,-0.001015,1.570004,0.000000,1.000000,1.100000,0.000000,0.000000,-1.571000,0.000004,1.000192,1.065203,1.461178
0.354000,-0.000004,-0.000194,0.034797,-0.000031,-0.005645,-0.037326,-0.000000,-0.001015,1.570004,0.000000,1.000000,1.100000,0.000000,0.000000,-1.571000,0.000004,1.000194,1.065203,1.461179
0.356000,-0.000004,-0.000196,0.034797,-0.000031,-0.005645,-0.037326,-0.000000,-0.001015,1.570004,0.000000,1.000000,1.100000,0.000000,0.000000,-1.571000,0.000004,1.000196,1.065203,1.461180
0.358000,-0.000004,-0.000197,0.034797,-0.000031,-0.005645,-0.037326,-0.000000,-0.001015,1.570004,0.000000,1.000000,1.100000,0.000000,0.000000,-1.571000,0.000004,1.000197,1.065203,1.461182
0.360000,-0.000004,-0.000199,0.034797,-0.000031,-0.005645,-0.037326,-0.000000,-0.001015,1.570004,0.000000,1.000000,1.100000,0.000000,0.000000,-1.571000,0.000004,1.000199,1.065203,1.461183
0.362000,-0.000004,-0.000201,0.034797,-0.000031,-0.005645,-0.037326,-0.000000,-0.001015,1.570004,0.000000,1.000000,1.100000,0.000000,0.000000,-1.571000,0.000004,1.000201,1.065203,1.461184
0.364000,-0.000004,-0.000202,0.034797,-0.000031,-0.005645,-0.037326,-0.000000,-0.001015,1.570004,0.000000,1.000000,1.100000,0.000000,0.000000,-1.571000,0.000004,1.000202,1.065203,1.461185
0.366000,-0.000004,-0.000204,0.034797,-0.000031,-0.005645,-0.037326,-0.000000,-0.001015,1.570004,0.000000,1.000000,1.100000,0.000000,0.000000,-1.571000,0.000004,1.000204,1.065203,1.461186
0.368000,-0.000005,-0.000206,0.034797,-0.000031,-0.005645,-0.037326,-0.000000,-0.001015,1.570004,0.000000,1.000000,1.100000,0.000000,0.000000,-1.571000,0.000005,1.000206,1.065203,1.461187
0.370000,-0.000005,-0.000207,0.034797,-0.000031,-0.005645,-0.037326,-0.000000,-0.001015,1.570004,0.000000,1.000000,1.100000,0.000000,0.000000,-1.571000,0.000005,1.000207,1.065203,1.461188
0.372000,-0.000005,-0.000209,0.034797,-0.000031,-0.005645,-0.037326,-0.000000,-0.001015,1.570004,0.000000,1.000000,1.100000,0.000000,0.000000,-1.571000,0.000005,1.000209,1.065203,1.461190
0.374000,-0.000005,-0.000211,0.034797,-0.000031,-0.005645,-0.037326,-0.000000,-0.001015,1.570004,0.000000,1.000000,1.100000,0.000000,0.000000,-1.571000,0.000005,1.000211,1.065203,1.461191
0.376000,-0.000005,-0.000212,0.034797,-0.000031,-0.005645,-0.037326,-0.000000,-0.001015,1.570004,0.000000,1.000000,1.100000,0.000000,0.000000,-1.571000,0.000005,1.000212,1.065203,1.461192
0.378000,-0.000005,-0.000214,0.034797,-0.000031,-0.005645,-0.037326,-0.000000,-0.001015,1.570004,0.000000,1.000000,1.100000,0.000000,0.000000,-1.571000,0.000005,1.000214,1.065203,1.461193
0.380000,-0.000005,-0.000216,0.034797,-0.000031,-0.005645,-0.037326,-0.000000,-0.001015,1.570004,0.000000,1.000000,1.100000,0.000000,0.000000,-1.571000,0.000005,1.000216,1.065203,1.461194
0.382000,-0.000005,-0.000217,0.034797,-0.000031,-0.005645,-0.037326,-0.000000,-0.001015,1.570004,0.000000,1.000000,1.100000,0.000000,0.000000,-1.571000,0.000005,1.000217,1.065203,1.461195
0.384000,-0.000005,-0.000219,0.034797,-0.000031,-0.005645,-0.037326,-0.000000,-0.001015,1.570004,0.000000,1.000000,1.100000,0.000000,0.000000,-1.571000,0.000005,1.000219,1.065203,1.461196
0.386000,-0.000005,-0.000221,0.034797,-0.000031,-0.005645,-0.037326,-0.000000,-0.001015,1.570004,0.000000,1.000000,1.100000,0.000000,0.000000,-1.571000,0.000005,1.000221,1.065203,1.461198
0.388000,-0.000005,-0.000222,0.034797,-0.000031,-0.005645,-0.037326,-0.000000,-0.001015,1.570004,0.000000,1.000000,1.100000,0.000000,0.000000,-1.571000,0.000005,1.000222,1.065203,1.461199
0.390000,-0.000005,-0.000224,0.034797,-0.000031,-0.005645,-0.037326,-0.000000,-0.001015,1.570004,0.000000,1.000000,1.100000,0.000000,0.000000,-1.571000,0.000005,1.000224,1.065203,1.461200
0.392000,-0.000005,-0.000226,0.034797,-0.000031,-0.005645,-0.037326,-0.000000,-0.001015,1.570004,0.000000,1.000000,1.100000,0.000000,0.000000,-1.571000,0.000005,1.000226,1.065203,1.461201
0.394000,-0.000005,-0.000227,0.034797,-0.000031,-0.005645,-0.037326,-0.000000,-0.001015,1.570004,0.000000,1.000000,1.100000,0.000000,0.000000,-1.571000,0.000005,1.000227,1.065203,1.461202
0.396000,-0.000005,-0.000229,0.034797,-0.000031,-0.005645,-0.037326,-0.000000,-0.001015,1.570004,0.000000,1.000000,1.100000,0.000000,0.000000,-1.571000,0.000005,1.000229,1.065203,1.461203
0.398000,-0.000005,-0.000231,0.034797,-0.000031,-0.005645,-0.037326,-0.000000,-0.001015,1.570005,0.000000,1.000000,1.100000,0.000000,0.000000,-1.571000,0.000005,1.000231,1.065203,1.461205
0.400000,-0.000005,-0.000232,0.034797,-0.000031,-0.005645,-0.037326,-0.000000,-0.001015,1.570005,0.000000,1.000000,1.100000,0.000000,0.000000,-1.571000,0.000005,1.000232,1.065203,1.461206
0.402000,-0.000005,-0.000234,0.034797,-0.000031,-0.005645,-0.037326,-0.000000,-0.001015,1.570005,0.000000,1.000000,1.100000,0.000000,0.000000,-1.571000,0.000005,1.000234,1.065203,1.461207
0.404000,-0.000005,-0.000236,0.034797,-0.000031,-0.005645,-0.037326,-0.000000,-0.001015,1.570005,0.000000,1.000000,1.100000,0.000000,0.000000,-1.571000,0.000005,1.000236,1.065203,1.461208
0.406000,-0.000005,-0.000237,0.034797,-0.000031,-0.005645,-0.037326,-0.000000,-0.001015,1.570005,0.000000,1.000000,1.100000,0.000000,0.000000,-1.571000,0.000005,1.000237,1.065203,1.461209
0.408000,-0.000005,-0.000239,0.034797,-0.000031,-0.005645,-0.037326,-0.000000,-0.001015,1.570005,0.000000,1.000000,1.100000,0.000000,0.000000,-1.571000,0.000005,1.000239,1.065203,1.461210
0.410000,-0.000005,-0.000241,0.034797,-0.000031,-0.005645,-0.037326,-0.000000,-0.001015,1.570005,0.000000,1.000000,1.100000,0.000000,0.000000,-1.571000,0.000005,1.000241,1.065203,1.461211
0.412000,-0.000006,-0.000242,0.034797,-0.000031,-0.005645,-0.037326,-0.000000,-0.001015,1.570005,0.000000,1.000000,1.100000,0.000000,0.000000,-1.571000,0.000006,1.000242,1.065203,1.461213
0.414000,-0.000006,-0.000244,0.034797,-0.000031,-0.005645,-0.037326,-0.000000,-0.001015,1.570005,0.000000,1.000000,1.100000,0.000000,0.000000,-1.571000,0.000006,1.000244,1.065203,1.461214
0.416000,-0.000006,-0.000246,0.034797,-0.000031,-0.005645,-0.037326,-0.000000,-0.001015,1.570005,0.000000,1.000000,1.100000,0.000000,0.000000,-1.571000,0.000006,1.000246,1.065203,1.461215
0.418000,-0.000006,-0.000247,0.034797,-0.000031,-0.005645,-0.037326,-0.000000,-0.001015,1.570005,0.000000,1.000000,1.100000,0.000000,0.000000,-1.571000,0.000006,1.000247,1.065203,1.461216
0.420000,-0.000006,-0.000249,0.034797,-0.000031,-0.005645,-0.037326,-0.000000,-0.001015,1.570005,0.000000,1.000000,1.100000,0.000000,0.000000,-1.571000,0.000006,1.000249,1.065203,1.461217
0.422000,-0.000006,-0.000251,0.034797,-0.000031,-0.005645,-0.037326,-0.000000,-0.001015,1.570005,0.000000,1.000000,1.100000,0.000000,0.000000,-1.571000,0.000006,1.000251,1.065203,1.461218
0.424000,-0.000006,-0.000252,0.034797,-0.000031,-0.005645,-0.037326,-0.000000,-0.001015,1.570005,0.000000,1.000000,1.100000,0.000000,0.000000,-1.571000,0.000006,1.000252,1.065203,1.461219
0.426000,-0.000006,-0.000254,0.034797,-0.000031,-0.005645,-0.037326,-0.000000,-0.001015,1.570005,0.000000,1.000000,1.100000,0.000000,0.000000,-1.571000,0.000006,1.000254,1.065203,1.461221
0.428000,-0.000006,-0.000256,0.034797,-0.000031,-0.005645,-0.037326,-0.000000,-0.001015,1.570005,0.000000,1.000000,1.100000,0.000000,0.000000,-1.571000,0.000006,1.000256,1.065203,1.461222
0.430000,-0.000006,-0.000257,0.034797,-0.000031,-0.005645,-0.037326,-0.000000,-0.001015,1.570005,0.000000,1.000000,1.100000,0.000000,0.000000,-1.571000,0.000006,1.000257,1.065203,1.461223
0.432000,-0.000006,-0.000259,0.034797,-0.000031,-0.005645,-0.037326,-0.000000,-0.001015,1.570005,0.000000,1.000000,1.100000,0.000000,0.000000,-1.571000,0.000006,1.000259,1.065203,1.461224
0.434000,-0.000006,-0.000261,0.034797,-0.000031,-0.005645,-0.037326,-0.000000,-0.001015,1.570005,0.000000,1.000000,1.100000,0.000000,0.000000,-1.571000,0.000006,1.000261,1.065203,1.461225
0.436000,-0.000006,-0.000263,0.034797,-0.000031,-0.005645,-0.037326,-0.000000,-0.001015,1.570005,0.000000,1.000000,1.100000,0.000000,0.000000,-1.571000,0.000006,1.000263,1.065203,1.461226
0.438000,-0.000006,-0.000264,0.034797,-0.000031,-0.005645,-0.037326,-0.000000,-0.001015,1.570005,0.000000,1.000000,1.100000,0.000000,0.000000,-1.571000,0.000006,1.000264,1.065203,1.461227
0.440000,-0.000006,-0.000266,0.034797,-0.000031,-0.005645,-0.037326,-0.000000,-0.001015,1.570005,0.000000,1.000000,1.100000,0.000000,0.000000,-1.571000,0.000006,1.000266,1.065203,1.461229
0.442000,-0.000006,-0.000268,0.034797,-0.000031,-0.005645,-0.037326,-0.000000,-0.001015,1.570005,0.000000,1.000000,1.100000,0.000000,0.000000,-1.571000,0.000006,1.000268,1.065203,1.461230
0.444000,-0.000006,-0.000269,0.034797,-0.000031,-0.005645,-0.037326,-0.000000,-0.001015,1.570005,0.000000,1.000000,1.100000,0.000000,0.000000,-1.571000,0.000006,1.000269,1.065203,1.461231
0.446000,-0.000006,-0.000271,0.034797,-0.000031,-0.005645,-0.037326,-0.000000,-0.001015,1.570005,0.000000,1.000000,1.100000,0.000000,0.000000,-1.571000,0.000006,1.000271,1.065203,1.461232
0.448000,-0.000006,-0.000273,0.034797,-0.000031,-0.005645,-0.037326,-0.000000,-0.001015,1.570006,0.000000,1.000000,1.100000,0.000000,0.000000,-1.571000,0.000006,1.000273,1.065203,1.461233
0.450000,-0.000006,-0.000274,0.034797,-0.000031,-0.005645,-0.037326,-0.000000,-0.001015,1.570006,0.000000,1.000000,1.100000,0.000000,0.000000,-1.571000,0.000006,1.000274,1.065203,1.461234
0.452000,-0.000006,-0.000276,0.034797,-0.000031,-0.005645,-0.037326,-0.000000,-0.001015,1.570006,0.000000,1.000000,1.100000,0.000000,0.000000,-1.571000,0.000006,1.000276,1.065203,1.461235
0.454000,-0.000006,-0.000278,0.034797,-0.000031,-0.005645,-0.037326,-0.000000,-0.001015,1.570006,0.000000,1.000000,1.100000,0.000000,0.000000,-1.571000,0.000006,1.000278,1.065203,1.461237
0.456000,-0.000006,-0.000279,0.034797,-0.000031,-0.005645,-0.037326,-0.000000,-0.001015,1.570006,0.000000,1.000000,1.100000,0.000000,0.000000,-1.571000,0.000006,1.000279,1.065203,1.461238
0.458000,-0.000007,-0.000281,0.034797,-0.000031,-0.005645,-0.037326,-0.000000,-0.001015,1.570006,0.000000,1.000000,1.100000,0.000000,0.000000,-1.571000,0.000007,1.000281,1.065203,1.461239
0.460000,-0.000007,-0.000283,0.034797,-0.000031,-0.005645,-0.037326,-0.000000,-0.001015,1.570006,0.000000,1.000000,1.100000,0.000000,0.000000,-1.571000,0.000007,1.000283,1.065203,1.461240
0.462000,-0.000007,-0.000284,0.034797,-0.000031,-0.005645,-0.037326,-0.000000,-0.001015,1.570006,0.000000,1.000000,1.100000,0.000000,0.000000,-1.571000,0.000007,1.000284,1.065203,1.461241
0.464000,-0.000007,-0.000286,0.034797,-0.000031,-0.005645,-0.037326,-0.000000,-0.001015,1.570006,0.000000,1.000000,1.100000,0.000000,0.000000,-1.571000,0.000007,1.000286,1.065203,1.461242
0.466000,-0.000007,-0.000288,0.034797,-0.000031,-0.005645,-0.037326,-0.000000,-0.001015,1.570006,0.000000,1.000000,1.100000,0.000000,0.000000,-1.571000,0.000007,1.000288,1.065203,1.461243
0.468000,-0.000007,-0.000289,0.034797,-0.000031,-0.005645,-0.037326,-0.000000,-0.001015,1.570006,0.000000,1.000000,1.100000,0.000000,0.000000,-1.571000,0.000007,1.000289,1.065203,1.461245
0.470000,-0.000007,-0.000291,0.034797,-0.000031,-0.005645,-0.037326,-0.000000,-0.001015,1.570006,0.000000,1.000000,1.100000,0.000000,0.000000,-1.571000,0.000007,1.000291,1.065203,1.461246
0.472000,-0.000007,-0.000293,0.034797,-0.000031,-0.005645,-0.037326,-0.000000,-0.001015,1.570006,0.000000,1.000000,1.100000,0.000000,0.000000,-1.571000,0.000007,1.000293,1.065203,1.461247
0.474000,-0.000007,-0.000294,0.034797,-0.000031,-0.005645,-0.037326,-0.000000,-0.001015,1.570006,0.000000,1.000000,1.100000,0.000000,0.000000,-1.571000,0.000007,1.000294,1.065203,1.461248
0.476000,-0.000007,-0.000296,0.034797,-0.000031,-0.005645,-0.037326,-0.000000,-0.001015,1.570006,0.000000,1.000000,1.100000,0.000000,0.000000,-1.571000,0.000007,1.000296,1.065203,1.461249
0.478000,-0.000007,-0.000298,0.034797,-0.000031,-0.005645,-0.037326,-0.000000,-0.001015,1.570006,0.000000,1.000000,1.100000,0.000000,0.000000,-1.571000,0.000007,1.000298,1.065203,1.461250
0.480000,-0.000007,-0.000299,0.034797,-0.000031,-0.005645,-0.037326,-0.000000,-0.001015,1.570006,0.000000,1.000000,1.100000,0.000000,0.000000,-1.571000,0.000007,1.000299,1.065203,1.461252
0.482000,-0.000007,-0.000301,0.034797,-0.000031,-0.005645,-0.037326,-0.000000,-0.001015,1.570006,0.000000,1.000000,1.100000,0.000000,0.000000,-1.571000,0.000007,1.000301,1.065203,1.461253
0.484000,-0.000007,-0.000303,0.034797,-0.000031,-0.005645,-0.037326,-0.000000,-0.001015,1.570006,0.000000,1.000000,1.100000,0.000000,0.000000,-1.571000,0.000007,1.000303,1.065203,1.461254
0.486000,-0.000007,-0.000304,0.034797,-0.000031,-0.005645,-0.037326,-0.000000,-0.001015,1.570006,0.000000,1.000000,1.100000,0.000000,0.000000,-1.571000,0.000007,1.000304,1.065203,1.461255
0.488000,-0.000007,-0.000306,0.034797,-0.000031,-0.005645,-0.037326,-0.000000,-0.001015,1.570006,0.000000,1.000000,1.100000,0.000000,0.000000,-1.571000,0.000007,1.000306,1.065203,1.461256
0.490000,-0.000007,-0.000308,0.034797,-0.000031,-0.005645,-0.037326,-0.000000,-0.001015,1.570006,0.000000,1.000000,1.100000,0.000000,0.000000,-1.571000,0.000007,1.000308,1.065203,1.461257
0.492000,-0.000007,-0.000309,0.034797,-0.000031,-0.005645,-0.037326,-0.000000,-0.001015,1.570006,0.000000,1.000000,1.100000,0.000000,0.000000,-1.571000,0.000007,1.000309,1.065203,1.461258
0.494000,-0.000007,-0.000311,0.034797,-0.000031,-0.005645,-0.037326,-0.000000,-0.001015,1.570006,0.000000,1.000000,1.100000,0.000000,0.000000,-1.571000,0.000007,1.000311,1.065203,1.461260
0.496000,-0.000007,-0.000313,0.034797,-0.000031,-0.005645,-0.037326,-0.000000,-0.001015,1.570006,0.000000,1.000000,1.100000,0.000000,0.000000,-1.571000,0.000007,1.000313,1.065203,1.461261
0.498000,-0.000007,-0.000314,0.034797,-0.000031,-0.005645,-0.037326,-0.000000,-0.001015,1.570007,0.000000,1.000000,1.100000,0.000000,0.000000,-1.571000,0.000007,1.000314,1.065203,1.461262
0.500000,-0.000007,-0.000316,0.034797,-0.000031,-0.005645,-0.037326,-0.000000,-0.001015,1.570007,0.000000,1.000000,1.100000,0.000000,0.000000,-1.571000,0.000007,1.000316,1.065203,1.461263
0.502000,-0.000008,-0.000318,0.034797,-0.000031,-0.005645,-0.037326,-0.000000,-0.001015,1.570007,0.000000,1.000000,1.100000,0.000000,0.000000,-1.571000,0.000008,1.000318,1.065203,1.461264
0.504000,-0.000008,-0.000319,0.034797,-0.000031,-0.005645,-0.037326,-0.000000,-0.001015,1.570007,0.000000,1.000000,1.100000,0.000000,0.000000,-1.571000,0.000008,1.000319,1.065203,1.461265
0.506000,-0.000008,-0.000321,0.034797,-0.000031,-0.005645,-0.037326,-0.000000,-0.001015,1.570007,0.000000,1.000000,1.100000,0.000000,0.000000,-1.571000,0.000008,1.000321,1.065203,1.461266
0.508000,-0.000008,-0.000323,0.034797,-0.000031,-0.005645,-0.037326,-0.000000,-0.001015,1.570007,0.000000,1.000000,1.100000,0.000000,0.000000,-1.571000,0.000008,1.000323,1.065203,1.461268
0.510000,-0.000008,-0.000324,0.034797,-0.000031,-0.005645,-0.037326,-0.000000,-0.001015,1.570007,0.000000,1.000000,1.100000,0.000000,0.000000,-1.571000,0.000008,1.000324,1.065203,1.461269
0.512000,-0.000008,-0.000326,0.034797,-0.000031,-0.005645,-0.037326,-0.000000,-0.001015,1.570007,0.000000,1.000000,1.100000,0.000000,0.000000,-1.571000,0.000008,1.000326,1.065203,1.461270
0.514000,-0.000008,-0.000328,0.034797,-0.000031,-0.005645,-0.037326,-0.000000,-0.001015,1.570007,0.000000,1.000000,1.100000,0.000000,0.000000,-1.571000,0.000008,1.000328,1.065203,1.461271
0.516000,-0.000008,-0.000329,0.034797,-0.000031,-0.005645,-0.037326,-0.000000,-0.001015,1.570007,0.000000,1.000000,1.100000,0.000000,0.000000,-1.571000,0.000008,1.000329,1.065203,1.461272
0.518000,-0.000008,-0.000331,0.034797,-0.000031,-0.005645,-0.037326,-0.000000,-0.001015,1.570007,0.000000,1.000000,1.100000,0.000000,0.000000,-1.571000,0.000008,1.000331,1.065203,1.461273
0.520000,-0.000008,-0.000333,0.034797,-0.000031,-0.005645,-0.037326,-0.000000,-0.001015,1.570007,0.000000,1.000000,1.100000,0.000000,0.000000,-1.571000,0.000008,1.000333,1.065203,1.461274
0.522000,-0.000008,-0.000335,0.034797,-0.000031,-0.005645,-0.037326,-0.000000,-0.001015,1.570007,0.000000,1.000000,1.100000,0.000000,0.000000,-1.571000,0.000008,1.000335,1.065203,1.461276
0.524000,-0.000008,-0.000336,0.034797,-0.000031,-0.005645,-0.037326,-0.000000,-0.001015,1.570007,0.000000,1.000000,1.100000,0.000000,0.000000,-1.571000,0.000008,1.000336,1.065203,1.461277
0.526000,-0.000008,-0.000338,0.034797,-0.000031,-0.005645,-0.037326,-0.000000,-0.001015,1.570007,0.000000,1.000000,1.100000,0.000000,0.000000,-1.571000,0.000008,1.000338,1.065203,1.461278
0.528000,-0.000008,-0.000340,0.034797,-0.000031,-0.005645,-0.037326,-0.000000,-0.001015,1.570007,0.000000,1.000000,1.100000,0.000000,0.000000,-1.571000,0.000008,1.000340,1.065203,1.461279
0.530000,-0.000008,-0.000341,0.034797,-0.000031,-0.005645,-0.037326,-0.000000,-0.001015,1.570007,0.000000,1.000000,1.100000,0.000000,0.000000,-1.571000,0.000008,1.000341,1.065203,1.461280
0.532000,-0.000008,-0.000343,0.034797,-0.000031,-0.005645,-0.037326,-0.000000,-0.001015,1.570007,0.000000,1.000000,1.100000,0.000000,0.000000,-1.571000,0.000008,1.000343,1.065203,1.461281
0.534000,-0.000008,-0.000345,0.034797,-0.000031,-0.005645,-0.037326,-0.000000,-0.001015,1.570007,0.000000,1.000000,1.100000,0.000000,0.000000,-1.571000,0.000008,1.000345,1.065203,1.461282
0.536000,-0.000008,-0.000346,0.034797,-0.000031,-0.005645,-0.037326,-0.000000,-0.001015,1.570007,0.000000,1.000000,1.100000,0.000000,0.000000,-1.571000,0.000008,1.000346,1.065203,1.461284
0.538000,-0.000008,-0.000348,0.034797,-0.000031,-0.005645,-0.037326,-0.000000,-0.001015,1.570007,0.000000,1.000000,1.100000,0.000000,0.000000,-1.571000,0.000008,1.000348,1.065203,1.461285
0.540000,-0.000008,-0.000350,0.034797,-0.000031,-0.005645,-0.037326,-0.000000,-0.001015,1.570007,0.000000,1.000000,1.100000,0.000000,0.000000,-1.571000,0.000008,1.000350,1.065203,1.461286
0.542000,-0.000008,-0.000351,0.034797,-0.000031,-0.005645,-0.037326,-0.000000,-0.001015,1.570007,0.000000,1.000000,1.100000,0.000000,0.000000,-1.571000,0.000008,1.000351,1.065203,1.461287
0.544000,-0.000008,-0.000353,0.034797,-0.000031,-0.005645,-0.037326,-0.000000,-0.001015,1.570007,0.000000,1.000000,1.100000,0.000000,0.000000,-1.571000,0.000008,1.000353,1.065203,1.461288
0.546000,-0.000009,-0.000355,0.034797,-0.000031,-0.005645,-0.037326,-0.000000,-0.001015,1.570007,0.000000,1.000000,1.100000,0.000000,0.000000,-1.571000,0.000009,1.000355,1.065203,1.461289
0.548000,-0.000009,-0.000356,0.034797,-0.000031,-0.005645,-0.037326,-0.000000,-0.001015,1.570007,0.000000,1.000000,1.100000,0.000000,0.000000,-1.571000,0.000009,1.000356,1.065203,1.461290
0.550000,-0.000009,-0.000358,0.034797,-0.000031,-0.005645,-0.037326,-0.000000,-0.001015,1.570008,0.000000,1.000000,1.100000,0.000000,0.000000,-1.571000,0.000009,1.000358,1.065203,1.461292
0.552000,-0.000009,-0.000360,0.034797,-0.000031,-0.005645,-0.037326,-0.000000,-0.001015,1.570008,0.000000,1.000000,1.100000,0.000000,0.000000,-1.571000,0.000009,1.000360,1.065203,1.461293
0.554000,-0.000009,-0.000361,0.034797,-0.000031,-0.005645,-0.037326,-0.000000,-0.001015,1.570008,0.000000,1.000000,1.100000,0.000000,0.000000,-1.571000,0.000009,1.000361,1.065203,1.461294
0.556000,-0.000009,-0.000363,0.034797,-0.000031,-0.005645,-0.037326,-0.000000,-0.001015,1.570008,0.000000,1.000000,1.100000,0.000000,0.000000,-1.571000,0.000009,1.000363,1.065203,1.461295
0.558000,-0.000009,-0.000365,0.034797,-0.000031,-0.005645,-0.037326,-0.000000,-0.001015,1.570008,0.000000,1.000000,1.100000,0.000000,0.000000,-1.571000,0.000009,1.000365,1.065203,1.461296
0.560000,-0.000009,-0.000366,0.034797,-0.000031,-0.005645,-0.037326,-0.000000,-0.001015,1.570008,0.000000,1.000000,1.100000,0.000000,0.000000,-1.571000,0.000009,1.000366,1.065203,1.461297
0.562000,-0.000009,-0.000368,0.034797,-0.000031,-0.005645,-0.037326,-0.000000,-0.001015,1.570008,0.000000,1.000000,1.100000,0.000000,0.000000,-1.571000,0.000009,1.000368,1.065203,1.461299
0.564000,-0.000009,-0.000370,0.034797,-0.000031,-0.005645,-0.037326,-0.000000,-0.001015,1.570008,0.000000,1.000000,1.100000,0.000000,0.000000,-1.571000,0.000009,1.000370,1.065203,1.461300
0.566000,-0.000009,-0.000371,0.034797,-0.000031,-0.005645,-0.037326,-0.000000,-0.001015,1.570008,0.000000,1.000000,1.100000,0.000000,0.000000,-1.571000,0.000009,1.000371,1.065203,1.461301
0.568000,-0.000009,-0.000373,0.034797,-0.000031,-0.005645,-0.037326,-0.000000,-0.001015,1.570008,0.000000,1.000000,1.100000,0.000000,0.000000,-1.571000,0.000009,1.000373,1.065203,1.461302
0.570000,-0.000009,-0.000375,0.034797,-0.000031,-0.005645,-0.037326,-0.000000,-0.001015,1.570008,0.000000,1.000000,1.100000,0.000000,0.000000,-1.571000,0.000009,1.000375,1.065203,1.461303
0.572000,-0.000009,-0.000376,0.034797,-0.000031,-0.005645,-0.037326,-0.000000,-0.001015,1.570008,0.000000,1.000000,1.100000,0.000000,0.000000,-1.571000,0.000009,1.000376,1.065203,1.461304
0.574000,-0.000009,-0.000378,0.034797,-0.000031,-0.005645,-0.037326,-0.000000,-0.001015,1.570008,0.000000,1.000000,1.100000,0.000000,0.000000,-1.571000,0.000009,1.000378,1.065203,1.461305
0.576000,-0.000009,-0.000380,0.034797,-0.000031,-0.005645,-0.037326,-0.000000,-0.001015,1.570008,0.000000,1.000000,1.100000,0.000000,0.000000,-1.571000,0.000009,1.000380,1.065203,1.461307
0.578000,-0.000009,-0.000381,0.034797,-0.000031,-0.005645,-0.037326,-0.000000,-0.001015,1.570008,0.000000,1.000000,1.100000,0.000000,0.000000,-1.571000,0.000009,1.000381,1.065203,1.461308
0.580000,-0.000009,-0.000383,0.034797,-0.000031,-0.005645,-0.037326,-0.000000,-0.001015,1.570008,0.000000,1.000000,1.100000,0.000000,0.000000,-1.571000,0.000009,1.000383,1.065203,1.461309
0.582000,-0.000009,-0.000385,0.034797,-0.000031,-0.005645,-0.037326,-0.000000,-0.001015,1.570008,0.000000,1.000000,1.100000,0.000000,0.000000,-1.571000,0.000009,1.000385,1.065203,1.461310
0.584000,-0.000009,-0.000386,0.034797,-0.000031,-0.005645,-0.037326,-0.000000,-0.001015,1.570008,0.000000,1.000000,1.100000,0.000000,0.000000,-1.571000,0.000009,1.000386,1.065203,1.461311
0.586000,-0.000009,-0.000388,0.034797,-0.000031,-0.005645,-0.037326,-0.000000,-0.001015,1.570008,0.000000,1.000000,1.100000,0.000000,0.000000,-1.571000,0.000009,1.000388,1.065203,1.461312
0.588000,-0.000009,-0.000390,0.034797,-0.000031,-0.005645,-0.037326,-0.000000,-0.001015,1.570008,0.000000,1.000000,1.100000,0.000000,0.000000,-1.571000,0.000009,1.000390,1.065203,1.461313
0.590000,-0.000009,-0.000391,0.034797,-0.000031,-0.005645,-0.037326,-0.000000,-0.001015,1.570008,0.000000,1.000000,1.100000,0.000000,0.000000,-1.571000,0.000009,1.000391,1.065203,1.461315
0.592000,-0.000010,-0.000393,0.034797,-0.000031,-0.005645,-0.037326,-0.000000,-0.001015,1.570008,0.000000,1.000000,1.100000,0.000000,0.000000,-1.571000,0.000010,1.000393,1.065203,1.461316
0.594000,-0.000010,-0.000395,0.034797,-0.000031,-0.005645,-0.037326,-0.000000,-0.001015,1.570008,0.000000,1.000000,1.100000,0.000000,0.000000,-1.571000,0.000010,1.000395,1.065203,1.461317
0.596000,-0.000010,-0.000396,0.034797,-0.000031,-0.005645,-0.037326,-0.000000,-0.001015,1.570008,0.000000,1.000000,1.100000,0.000000,0.000000,-1.571000,0.000010,1.000396,1.065203,1.461318
0.598000,-0.000010,-0.000398,0.034797,-0.000031,-0.005645,-0.037326,-0.000000,-0.001015,1.570008,0.000000,1.000000,1.100000,0.000000,0.000000,-1.571000,0.000010,1.000398,1.065203,1.461319
0.600000,-0.000010,-0.000400,0.034797,-0.000031,-0.005645,-0.037326,-0.000000,-0.001015,1.570009,0.000000,1.000000,1.100000,0.000000,0.000000,-1.571000,0.000010,1.000400,1.065203,1.461320
0.602000,-0.000010,-0.000402,0.034797,-0.000031,-0.005645,-0.037326,-0.000000,-0.001015,1.570009,0.000000,1.000000,1.100000,0.000000,0.000000,-1.571000,0.000010,1.000402,1.065203,1.461321
0.604000,-0.000010,-0.000403,0.034797,-0.000031,-0.005645,-0.037326,-0.000000,-0.001015,1.570009,0.000000,1.000000,1.100000,0.000000,0.000000,-1.571000,0.000010,1.000403,1.065203,1.461323
0.606000,-0.000010,-0.000405,0.034797,-0.000031,-0.005645,-0.037326,-0.000000,-0.001015,1.570009,0.000000,1.000000,1.100000,0.000000,0.000000,-1.571000,0.000010,1.000405,1.065203,1.461324
0.608000,-0.000010,-0.000407,0.034797,-0.000031,-0.005645,-0.037326,-0.000000,-0.001015,1.570009,0.000000,1.000000,1.100000,0.000000,0.000000,-1.571000,0.000010,1.000407,1.065203,1.461325
0.610000,-0.000010,-0.000408,0.034797,-0.000031,-0.005645,-0.037326,-0.000000,-0.001015,1.570009,0.000000,1.000000,1.100000,0.000000,0.000000,-1.571000,0.000010,1.000408,1.065203,1.461326
0.612000,-0.000010,-0.000410,0.034797,-0.000031,-0.005645,-0.037326,-0.000000,-0.001015,1.570009,0.000000,1.000000,1.100000,0.000000,0.000000,-1.571000,0.000010,1.000410,1.065203,1.461327
0.614000,-0.000010,-0.000412,0.034797,-0.000031,-0.005645,-0.037326,-0.000000,-0.001015,1.570009,0.000000,1.000000,1.100000,0.000000,0.000000,-1.571000,0.000010,1.000412,1.065203,1.461328
0.616000,-0.000010,-0.000413,0.034797,-0.000031,-0.005645,-0.037326,-0.000000,-0.001015,1.570009,0.000000,1.000000,1.100000,0.000000,0.000000,-1.571000,0.000010,1.000413,1.065203,1.461329
0.618000,-0.000010,-0.000415,0.034797,-0.000031,-0.005645,-0.037326,-0.000000,-0.001015,1.570009,0.000000,1.000000,1.100000,0.000000,0.000000,-1.571000,0.000010,1.000415,1.065203,1.461331
0.620000,-0.000010,-0.000417,0.034797,-0.000031,-0.005645,-0.037326,-0.000000,-0.001015,1.570009,0.000000,1.000000,1.100000,0.000000,0.000000,-1.571000,0.000010,1.000417,1.065203,1.461332
0.622000,-0.000010,-0.000418,0.034797,-0.000031,-0.005645,-0.037326,-0.000000,-0.001015,1.570009,0.000000,1.000000,1.100000,0.000000,0.000000,-1.571000,0.000010,1.000418,1.065203,1.461333
0.624000,-0.000010,-0.000420,0.034797,-0.000031,-0.005645,-0.037326,-0.000000,-0.001015,1.570009,0.000000,1.000000,1.100000,0.000000,0.000000,-1.571000,0.000010,1.000420,1.065203,1.461334
0.626000,-0.000010,-0.000422,0.034797,-0.000031,-0.005645,-0.037326,-0.000000,-0.001015,1.570009,0.000000,1.000000,1.100000,0.000000,0.000000,-1.571000,0.000010,1.000422,1.065203,1.461335
0.628000,-0.000010,-0.000423,0.034797,-0.000031,-0.005645,-0.037326,-0.000000,-0.001015,1.570009,0.000000,1.000000,1.100000,0.000000,0.000000,-1.571000,0.000010,1.000423,1.065203,1.461336
0.630000,-0.000010,-0.000425,0.034797,-0.000031,-0.005645,-0.037326,-0.000000,-0.001015,1.570009,0.000000,1.000000,1.100000,0.000000,0.000000,-1.571000,0.000010,1.000425,1.065203,1.461337
0.632000,-0.000010,-0.000427,0.034797,-0.000031,-0.005645,-0.037326,-0.000000,-0.001015,1.570009,0.000000,1.000000,1.100000,0.000000,0.000000,-1.571000,0.000010,1.000427,1.065203,1.461339
0.634000,-0.000010,-0.000428,0.034797,-0.000031,-0.005645,-0.037326,-0.000000,-0.001015,1.570009,0.000000,1.000000,1.100000,0.000000,0.000000,-1.571000,0.000010,1.000428,1.065203,1.461340
0.636000,-0.000011,-0.000430,0.034797,-0.000031,-0.005645,-0.037326,-0.000000,-0.001015,1.570009,0.000000,1.000000,1.100000,0.000000,0.000000,-1.571000,0.000011,1.000430,1.065203,1.461341
0.638000,-0.000011,-0.000432,0.034797,-0.000031,-0.005645,-0.037326,-0.000000,-0.001015,1.570009,0.000000,1.000000,1.100000,0.000000,0.000000,-1.571000,0.000011,1.000432,1.065203,1.461342
0.640000,-0.000011,-0.000433,0.034797,-0.000031,-0.005645,-0.037326,-0.000000,-0.001015,1.570009,0.000000,1.000000,1.100000,0.000000,0.000000,-1.571000,0.000011,1.000433,1.065203,1.461343
0.642000,-0.000011,-0.000435,0.034797,-0.000031,-0.005645,-0.037326,-0.000000,-0.001015,1.570009,0.000000,1.000000,1.100000,0.000000,0.000000,-1.571000,0.000011,1.000435,1.065203,1.461344
0.644000,-0.000011,-0.000437,0.034797,-0.000031,-0.005645,-0.037326,-0.000000,-0.001015,1.570009,0.000000,1.000000,1.100000,0.000000,0.000000,-1.571000,0.000011,1.000437,1.065203,1.461346
0.646000,-0.000011,-0.000438,0.034797,-0.000031,-0.005645,-0.037326,-0.000000,-0.001015,1.570009,0.000000,1.000000,1.100000,0.000000,0.000000,-1.571000,0.000011,1.000438,1.065203,1.461347
0.648000,-0.000011,-0.000440,0.034797,-0.000031,-0.005645,-0.037326,-0.000000,-0.001015,1.570009,0.000000,1.000000,1.100000,0.000000,0.000000,-1.571000,0.000011,1.000440,1.065203,1.461348
0.650000,-0.000011,-0.000442,0.034797,-0.000031,-0.005645,-0.037326,-0.000000,-0.001015,1.570010,0.000000,1.000000,1.100000,0.000000,0.000000,-1.571000,0.000011,1.000442,1.065203,1.461349
0.652000,-0.000011,-0.000443,0.034797,-0.000031,-0.005645,-0.037326,-0.000000,-0.001015,1.570010,0.000000,1.000000,1.100000,0.000000,0.000000,-1.571000,0.000011,1.000443,1.065203,1.461350
0.654000,-0.000011,-0.000445,0.034797,-0.000031,-0.005645,-0.037326,-0.000000,-0.001015,1.570010,0.000000,1.000000,1.100000,0.000000,0.000000,-1.571000,0.000011,1.000445,1.065203,1.461351
0.656000,-0.000011,-0.000447,0.034797,-0.000031,-0.005645,-0.037326,-0.000000,-0.001015,1.570010,0.000000,1.000000,1.100000,0.000000,0.000000,-1.571000,0.000011,1.000447,1.065203,1.461352
0.658000,-0.000011,-0.000448,0.034797,-0.000031,-0.005645,-0.037326,-0.000000,-0.001015,1.570010,0.000000,1.000000,1.100000,0.000000,0.000000,-1.571000,0.000011,1.000448,1.065203,1.461354
0.660000,-0.000011,-0.000450,0.034797,-0.000031,-0.005645,-0.037326,-0.000000,-0.001015,1.570010,0.000000,1.000000,1.100000,0.000000,0.000000,-1.571000,0.000011,1.000450,1.065203,1.461355
0.662000,-0.000011,-0.000452,0.034797,-0.000031,-0.005645,-0.037326,-0.000000,-0.001015,1.570010,0.000000,1.000000,1.100000,0.000000,0.000000,-1.571000,0.000011,1.000452,1.065203,1.461356
0.664000,-0.000011,-0.000453,0.034797,-0.000031,-0.005645,-0.037326,-0.000000,-0.001015,1.570010,0.000000,1.000000,1.100000,0.000000,0.000000,-1.571000,0.000011,1.000453,1.065203,1.461357
0.666000,-0.000011,-0.000455,0.034797,-0.000031,-0.005645,-0.037326,-0.000000,-0.001015,1.570010,0.000000,1.000000,1.100000,0.000000,0.000000,-1.571000,0.000011,1.000455,1.065203,1.461358
0.668000,-0.000011,-0.000457,0.034797,-0.000031,-0.005645,-0.037326,-0.000000,-0.001015,1.570010,0.000000,1.000000,1.100000,0.000000,0.000000,-1.571000,0.000011,1.000457,1.065203,1.461359
0.670000,-0.000011,-0.000458,0.034797,-0.000031,-0.005645,-0.037326,-0.000000,-0.001015,1.570010,0.000000,1.000000,1.100000,0.000000,0.000000,-1.571000,0.000011,1.000458,1.065203,1.461360
0.672000,-0.000011,-0.000460,0.034797,-0.000031,-0.005645,-0.037326,-0.000000,-0.001015,1.570010,0.000000,1.000000,1.100000,0.000000,0.000000,-1.571000,0.000011,1.000460,1.065203,1.461362
0.674000,-0.000011,-0.000462,0.034797,-0.000031,-0.005645,-0.037326,-0.000000,-0.001015,1.570010,0.000000,1.000000,1.100000,0.000000,0.000000,-1.571000,0.000011,1.000462,1.065203,1.461363
0.676000,-0.000011,-0.000463,0.034797,-0.000031,-0.005645,-0.037326,-0.000000,-0.001015,1.570010,0.000000,1.000000,1.100000,0.000000,0.000000,-1.571000,0.000011,1.000463,1.065203,1.461364
0.678000,-0.000011,-0.000465,0.034797,-0.000031,-0.005645,-0.037326,-0.000000,-0.001015,1.570010,0.000000,1.000000,1.100000,0.000000,0.000000,-1.571000,0.000011,1.000465,1.065203,1.461365
0.680000,-0.000011,-0.000467,0.034797,-0.000031,-0.005645,-0.037326,-0.000000,-0.001015,1.570010,0.000000,1.000000,1.100000,0.000000,0.000000,-1.571000,0.000011,1.000467,1.065203,1.461366
0.682000,-0.000012,-0.000468,0.034797,-0.000031,-0.005645,-0.037326,-0.000000,-0.001015,1.570010,0.000000,1.000000,1.100000,0.000000,0.000000,-1.571000,0.000012,1.000468,1.065203,1.461367
0.684000,-0.000012,-0.000470,0.034797,-0.000031,-0.005645,-0.037326,-0.000000,-0.001015,1.570010,0.000000,1.000000,1.100000,0.000000,0.000000,-1.571000,0.000012,1.000470,1.065203,1.461368
0.686000,-0.000012,-0.000472,0.034797,-0.000031,-0.005645,-0.037326,-0.000000,-0.001015,1.570010,0.000000,1.000000,1.100000,0.000000,0.000000,-1.571000,0.000012,1.000472,1.065203,1.461370
0.688000,-0.000012,-0.000474,0.034797,-0.000031,-0.005645,-0.037326,-0.000000,-0.001015,1.570010,0.000000,1.000000,1.100000,0.000000,0.000000,-1.571000,0.000012,1.000474,1.065203,1.461371
0.690000,-0.000012,-0.000475,0.034797,-0.000031,-0.005645,-0.037326,-0.000000,-0.001015,1.570010,0.000000,1.000000,1.100000,0.000000,0.000000,-1.571000,0.000012,1.000475,1.065203,1.461372
0.692000,-0.000012,-0.000477,0.034797,-0.000031,-0.005645,-0.037326,-0.000000,-0.001015,1.570010,0.000000,1.000000,1.100000,0.000000,0.000000,-1.571000,0.000012,1.000477,1.065203,1.461373
0.694000,-0.000012,-0.000479,0.034797,-0.000031,-0.005645,-0.037326,-0.000000,-0.001015,1.570010,0.000000,1.000000,1.100000,0.000000,0.000000,-1.571000,0.000012,1.000479,1.065203,1.461374
0.696000,-0.000012,-0.000480,0.034797,-0.000031,-0.005645,-0.037326,-0.000000,-0.001015,1.570010,0.000000,1.000000,1.100000,0.000000,0.000000,-1.571000,0.000012,1.000480,1.065203,1.461375
0.698000,-0.000012,-0.000482,0.034797,-0.000031,-0.005645,-0.037326,-0.000000,-0.001015,1.570010,0.000000,1.000000,1.100000,0.000000,0.000000,-1.571000,0.000012,1.000482,1.065203,1.461376
0.700000,-0.000012,-0.000484,0.034797,-0.000031,-0.005645,-0.037326,-0.000000,-0.001015,1.570011,0.000000,1.000000,1.100000,0.000000,0.000000,-1.571000,0.000012,1.000484,1.065203,1.461378
0.702000,-0.000012,-0.000485,0.034797,-0.000031,-0.005645,-0.037326,-0.000000,-0.001015,1.570011,0.000000,1.000000,1.100000,0.000000,0.000000,-1.571000,0.000012,1.000485,1.065203,1.461379
0.704000,-0.000012,-0.000487,0.034797,-0.000031,-0.005645,-0.037326,-0.000000,-0.001015,1.570011,0.000000,1.000000,1.100000,0.000000,0.000000,-1.571000,0.000012,1.000487,1.065203,1.461380
0.706000,-0.000012,-0.000489,0.034797,-0.000031,-0.005645,-0.037326,-0.000000,-0.001015,1.570011,0.000000,1.000000,1.100000,0.000000,0.000000,-1.571000,0.000012,1.000489,1.065203,1.461381
0.708000,-0.000012,-0.000490,0.034797,-0.000031,-0.005645,-0.037326,-0.000000,-0.001015,1.570011,0.000000,1.000000,1.100000,0.000000,0.000000,-1.571000,0.000012,1.000490,1.065203,1.461382
0.710000,-0.000012,-0.000492,0.034797,-0.000031,-0.005645,-0.037326,-0.000000,-0.001015,1.570011,0.000000,1.000000,1.100000,0.000000,0.000000,-1.571000,0.000012,1.000492,1.065203,1.461383
0.712000,-0.000012,-0.000494,0.034797,-0.000031,-0.005645,-0.037326,-0.000000,-0.001015,1.570011,0.000000,1.000000,1.100000,0.000000,0.000000,-1.571000,0.000012,1.000494,1.065203,1.461385
0.714000,-0.000012,-0.000495,0.034797,-0.000031,-0.005645,-0.037326,-0.000000,-0.001015,1.570011,0.000000,1.000000,1.100000,0.000000,0.000000,-1.571000,0.000012,1.000495,1.065203,1.461386
0.716000,-0.000012,-0.000497,0.034797,-0.000031,-0.005645,-0.037326,-0.000000,-0.001015,1.570011,0.000000,1.000000,1.100000,0.000000,0.000000,-1.571000,0.000012,1.000497,1.065203,1.461387
0.718000,-0.000012,-0.000499,0.034797,-0.000031,-0.005645,-0.037326,-0.000000,-0.001015,1.570011,0.000000,1.000000,1.100000,0.000000,0.000000,-1.571000,0.000012,1.000499,1.065203,1.461388
0.720000,-0.000012,-0.000500,0.034797,-0.000031,-0.005645,-0.037326,-0.000000,-0.001015,1.570011,0.000000,1.000000,1.100000,0.000000,0.000000,-1.571000,0.000012,1.000500,1.065203,1.461389
0.722000,-0.000012,-0.000502,0.034797,-0.000031,-0.005645,-0.037326,-0.000000,-0.001015,1.570011,0.000000,1.000000,1.100000,0.000000,0.000000,-1.571000,0.000012,1.000502,1.065203,1.461390
0.724000,-0.000012,-0.000504,0.034797,-0.000031,-0.005645,-0.037326,-0.000000,-0.001015,1.570011,0.000000,1.000000,1.100000,0.000000,0.000000,-1.571000,0.000012,1.000504,1.065203,1.461391
0.726000,-0.000013,-0.000505,0.034797,-0.000031,-0.005645,-0.037326,-0.000000,-0.001015,1.570011,0.000000,1.000000,1.100000,0.000000,0.000000,-1.571000,0.000013,1.000505,1.065203,1.461393
0.728000,-0.000013,-0.000507,0.034797,-0.000031,-0.005645,-0.037326,-0.000000,-0.001015,1.570011,0.000000,1.000000,1.100000,0.000000,0.000000,-1.571000,0.000013,1.000507,1.065203,1.461394
0.730000,-0.000013,-0.000509,0.034797,-0.000031,-0.005645,-0.037326,-0.000000,-0.001015,1.570011,0.000000,1.000000,1.100000,0.000000,0.000000,-1.571000,0.000013,1.000509,1.065203,1.461395
0.732000,-0.000013,-0.000510,0.034797,-0.000031,-0.005645,-0.037326,-0.000000,-0.001015,1.570011,0.000000,1.000000,1.100000,0.000000,0.000000,-1.571000,0.000013,1.000510,1.065203,1.461396
0.734000,-0.000013,-0.000512,0.034797,-0.000031,-0.005645,-0.037326,-0.000000,-0.001015,1.570011,0.000000,1.000000,1.100000,0.000000,0.000000,-1.571000,0.000013,1.000512,1.065203,1.461397
0.736000,-0.000013,-0.000514,0.034797,-0.000031,-0.005645,-0.037326,-0.000000,-0.001015,1.570011,0.000000,1.000000,1.100000,0.000000,0.000000,-1.571000,0.000013,1.000514,1.065203,1.461398
0.738000,-0.000013,-0.000515,0.034797,-0.000031,-0.005645,-0.037326,-0.000000,-0.001015,1.570011,0.000000,1.000000,1.100000,0.000000,0.000000,-1.571000,0.000013,1.000515,1.065203,1.461399
0.740000,-0.000013,-0.000517,0.034797,-0.000031,-0.005645,-0.037326,-0.000000,-0.001015,1.570011,0.000000,1.000000,1.100000,0.000000,0.000000,-1.571000,0.000013,1.000517,1.065203,1.461401
0.742000,-0.000013,-0.000519,0.034797,-0.000031,-0.005645,-0.037326,-0.000000,-0.001015,1.570011,0.000000,1.000000,1.100000,0.000000,0.000000,-1.571000,0.000013,1.000519,1.065203,1.461402
0.744000,-0.000013,-0.000520,0.034797,-0.000031,-0.005645,-0.037326,-0.000000,-0.001015,1.570011,0.000000,1.000000,1.100000,0.000000,0.000000,-1.571000,0.000013,1.000520,1.065203,1.461403
0.746000,-0.000013,-0.000522,0.034797,-0.000031,-0.005645,-0.037326,-0.000000,-0.001015,1.570011,0.000000,1.000000,1.100000,0.000000,0.000000,-1.571000,0.000013,1.000522,1.065203,1.461404
0.748000,-0.000013,-0.000524,0.034797,-0.000031,-0.005645,-0.037326,-0.000000,-0.001015,1.570011,0.000000,1.000000,1.100000,0.000000,0.000000,-1.571000,0.000013,1.000524,1.065203,1.461405
0.750000,-0.000013,-0.000525,0.034797,-0.000031,-0.005645,-0.037326,-0.000000,-0.001015,1.570011,0.000000,1.000000,1.100000,0.000000,0.000000,-1.571000,0.000013,1.000525,1.065203,1.461406
0.752000,-0.000013,-0.000527,0.034797,-0.000031,-0.005645,-0.037326,-0.000000,-0.001015,1.570012,0.000000,1.000000,1.100000,0.000000,0.000000,-1.571000,0.000013,1.000527,1.065203,1.461407
0.754000,-0.000013,-0.000529,0.034797,-0.000031,-0.005645,-0.037326,-0.000000,-0.001015,1.570012,0.000000,1.000000,1.100000,0.000000,0.000000,-1.571000,0.000013,1.000529,1.065203,1.461409
0.756000,-0.000013,-0.000530,0.034797,-0.000031,-0.005645,-0.037326,-0.000000,-0.001015,1.570012,0.000000,1.000000,1.100000,0.000000,0.000000,-1.571000,0.000013,1.000530,1.065203,1.461410
0.758000,-0.000013,-0.000532,0.034797,-0.000031,-0.005645,-0.037326,-0.000000,-0.001015,1.570012,0.000000,1.000000,1.100000,0.000000,0.000000,-1.571000,0.000013,1.000532,1.065203,1.461411
0.760000,-0.000013,-0.000534,0.034797,-0.000031,-0.005645,-0.037326,-0.000000,-0.001015,1.570012,0.000000,1.000000,1.100000,0.000000,0.000000,-1.571000,0.000013,1.000534,1.065203,1.461412
0.762000,-0.000013,-0.000535,0.034797,-0.000031,-0.005645,-0.037326,-0.000000,-0.001015,1.570012,0.000000,1.000000,1.100000,0.000000,0.000000,-1.571000,0.000013,1.000535,1.065203,1.461413
0.764000,-0.000013,-0.000537,0.034797,-0.000031,-0.005645,-0.037326,-0.000000,-0.001015,1.570012,0.000000,1.000000,1.100000,0.000000,0.000000,-1.571000,0.000013,1.000537,1.065203,1.461414
0.766000,-0.000013,-0.000539,0.034797,-0.000031,-0.005645,-0.037326,-0.000000,-0.001015,1.570012,0.000000,1.000000,1.100000,0.000000,0.000000,-1.571000,0.000013,1.000539,1.065203,1.461415
0.768000,-0.000013,-0.000541,0.034797,-0.000031,-0.005645,-0.037326,-0.000000,-0.001015,1.570012,0.000000,1.000000,1.100000,0.000000,0.000000,-1.571000,0.000013,1.000541,1.065203,1.461417
0.770000,-0.000014,-0.000542,0.034797,-0.000031,-0.005645,-0.037326,-0.000000,-0.001015,1.570012,0.000000,1.000000,1.100000,0.000000,0.000000,-1.571000,0.000014,1.000542,1.065203,1.461418
0.772000,-0.000014,-0.000544,0.034797,-0.000031,-0.005645,-0.037326,-0.000000,-0.001015,1.570012,0.000000,1.000000,1.100000,0.000000,0.000000,-1.571000,0.000014,1.000544,1.065203,1.461419
0.774000,-0.000014,-0.000546,0.034797,-0.000031,-0.005645,-0.037326,-0.000000,-0.001015,1.570012,0.000000,1.000000,1.100000,0.000000,0.000000,-1.571000,0.000014,1.000546,1.065203,1.461420
0.776000,-0.000014,-0.000547,0.034797,-0.000031,-0.005645,-0.037326,-0.000000,-0.001015,1.570012,0.000000,1.000000,1.100000,0.000000,0.000000,-1.571000,0.000014,1.000547,1.065203,1.461421
0.778000,-0.000014,-0.000549,0.034797,-0.000031,-0.005645,-0.037326,-0.000000,-0.001015,1.570012,0.000000,1.000000,1.100000,0.000000,0.000000,-1.571000,0.000014,1.000549,1.065203,1.461422
0.780000,-0.000014,-0.000551,0.034797,-0.000031,-0.005645,-0.037326,-0.000000,-0.001015,1.570012,0.000000,1.000000,1.100000,0.000000,0.000000,-1.571000,0.000014,1.000551,1.065203,1.461423
0.782000,-0.000014,-0.000552,0.034797,-0.000031,-0.005645,-0.037326,-0.000000,-0.001015,1.570012,0.000000,1.000000,1.100000,0.000000,0.000000,-1.571000,0.000014,1.000552,1.065203,1.461425
0.784000,-0.000014,-0.000554,0.034797,-0.000031,-0.005645,-0.037326,-0.000000,-0.001015,1.570012,0.000000,1.000000,1.100000,0.000000,0.000000,-1.571000,0.000014,1.000554,1.065203,1.461426
0.786000,-0.000014,-0.000556,0.034797,-0.000031,-0.005645,-0.037326,-0.000000,-0.001015,1.570012,0.000000,1.000000,1.100000,0.000000,0.000000,-1.571000,0.000014,1.000556,1.065203,1.461427
0.788000,-0.000014,-0.000557,0.034797,-0.000031,-0.005645,-0.037326,-0.000000,-0.001015,1.570012,0.000000,1.000000,1.100000,0.000000,0.000000,-1.571000,0.000014,1.000557,1.065203,1.461428
0.790000,-0.000014,-0.000559,0.034797,-0.000031,-0.005645,-0.037326,-0.000000,-0.001015,1.570012,0.000000,1.000000,1.100000,0.000000,0.000000,-1.571000,0.000014,1.000559,1.065203,1.461429
0.792000,-0.000014,-0.000561,0.034797,-0.000031,-0.005645,-0.037326,-0.000000,-0.001015,1.570012,0.000000,1.000000,1.100000,0.000000,0.000000,-1.571000,0.000014,1.000561,1.065203,1.461430
0.794000,-0.000014,-0.000562,0.034797,-0.000031,-0.005645,-0.037326,-0.000000,-0.001015,1.570012,0.000000,1.000000,1.100000,0.000000,0.000000,-1.571000,0.000014,1.000562,1.065203,1.461432
0.796000,-0.000014,-0.000564,0.034797,-0.000031,-0.005645,-0.037326,-0.000000,-0.001015,1.570012,0.000000,1.000000,1.100000,0.000000,0.000000,-1.571000,0.000014,1.000564,1.065203,1.461433
0.798000,-0.000014,-0.000566,0.034797,-0.000031,-0.005645,-0.037326,-0.000000,-0.001015,1.570012,0.000000,1.000000,1.100000,0.000000,0.000000,-1.571000,0.000014,1.000566,1.065203,1.461434
0.800000,-0.000014,-0.000567,0.034797,-0.000031,-0.005645,-0.037326,-0.000000,-0.001015,1.570012,0.000000,1.000000,1.100000,0.000000,0.000000,-1.571000,0.000014,1.000567,1.065203,1.461435
0.802000,-0.000014,-0.000569,0.034797,-0.000031,-0.005645,-0.037326,-0.000000,-0.001015,1.570013,0.000000,1.000000,1.100000,0.000000,0.000000,-1.571000,0.000014,1.000569,1.065203,1.461436
0.804000,-0.000014,-0.000571,0.034797,-0.000031,-0.005645,-0.037326,-0.000000,-0.001015,1.570013,0.000000,1.000000,1.100000,0.000000,0.000000,-1.571000,0.000014,1.000571,1.065203,1.461437
0.806000,-0.000014,-0.000572,0.034797,-0.000031,-0.005645,-0.037326,-0.000000,-0.001015,1.570013,0.000000,1.000000,1.100000,0.000000,0.000000,-1.571000,0.000014,1.000572,1.065203,1.461438
0.808000,-0.000014,-0.000574,0.034797,-0.000031,-0.005645,-0.037326,-0.000000,-0.001015,1.570013,0.000000,1.000000,1.100000,0.000000,0.000000,-1.571000,0.000014,1.000574,1.065203,1.461440
0.810000,-0.000014,-0.000576,0.034797,-0.000031,-0.005645,-0.037326,-0.000000,-0.001015,1.570013,0.000000,1.000000,1.100000,0.000000,0.000000,-1.571000,0.000014,1.000576,1.065203,1.461441
0.812000,-0.000014,-0.000577,0.034797,-0.000031,-0.005645,-0.037326,-0.000000,-0.001015,1.570013,0.000000,1.000000,1.100000,0.000000,0.000000,-1.571000,0.000014,1.000577,1.065203,1.461442
0.814000,-0.000014,-0.000579,0.034797,-0.000031,-0.005645,-0.037326,-0.000000,-0.001015,1.570013,0.000000,1.000000,1.100000,0.000000,0.000000,-1.571000,0.000014,1.000579,1.065203,1.461443
0.816000,-0.000015,-0.000581,0.034797,-0.000031,-0.005645,-0.037326,-0.000000,-0.001015,1.570013,0.000000,1.000000,1.100000,0.000000,0.000000,-1.571000,0.000015,1.000581,1.065203,1.461444
0.818000,-0.000015,-0.000582,0.034797,-0.000031,-0.005645,-0.037326,-0.000000,-0.001015,1.570013,0.000000,1.000000,1.100000,0.000000,0.000000,-1.571000,0.000015,1.000582,1.065203,1.461445
0.820000,-0.000015,-0.000584,0.034797,-0.000031,-0.005645,-0.037326,-0.000000,-0.001015,1.570013,0.000000,1.000000,1.100000,0.000000,0.000000,-1.571000,0.000015,1.000584,1.065203,1.461446
0.822000,-0.000015,-0.000586,0.034797,-0.000031,-0.005645,-0.037326,-0.000000,-0.001015,1.570013,0.000000,1.000000,1.100000,0.000000,0.000000,-1.571000,0.000015,1.000586,1.065203,1.461448
0.824000,-0.000015,-0.000587,0.034797,-0.000031,-0.005645,-0.037326,-0.000000,-0.001015,1.570013,0.000000,1.000000,1.100000,0.000000,0.000000,-1.571000,0.000015,1.000587,1.065203,1.461449
0.826000,-0.000015,-0.000589,0.034797,-0.000031,-0.005645,-0.037326,-0.000000,-0.001015,1.570013,0.000000,1.000000,1.100000,0.000000,0.000000,-1.571000,0.000015,1.000589,1.065203,1.461450
0.828000,-0.000015,-0.000591,0.034797,-0.000031,-0.005645,-0.037326,-0.000000,-0.001015,1.570013,0.000000,1.000000,1.100000,0.000000,0.000000,-1.571000,0.000015,1.000591,1.065203,1.461451
0.830000,-0.000015,-0.000592,0.034797,-0.000031,-0.005645,-0.037326,-0.000000,-0.001015,1.570013,0.000000,1.000000,1.100000,0.000000,0.000000,-1.571000,0.000015,1.000592,1.065203,1.461452
0.832000,-0.000015,-0.000594,0.034797,-0.000031,-0.005645,-0.037326,-0.000000,-0.001015,1.570013,0.000000,1.000000,1.100000,0.000000,0.000000,-1.571000,0.000015,1.000594,1.065203,1.461453
0.834000,-0.000015,-0.000596,0.034797,-0.000031,-0.005645,-0.037326,-0.000000,-0.001015,1.570013,0.000000,1.000000,1.100000,0.000000,0.000000,-1.571000,0.000015,1.000596,1.065203,1.461454
0.836000,-0.000015,-0.000597,0.034797,-0.000031,-0.005645,-0.037326,-0.000000,-0.001015,1.570013,0.000000,1.000000,1.100000,0.000000,0.000000,-1.571000,0.000015,1.000597,1.065203,1.461456
0.838000,-0.000015,-0.000599,0.034797,-0.000031,-0.005645,-0.037326,-0.000000,-0.001015,1.570013,0.000000,1.000000,1.100000,0.000000,0.000000,-1.571000,0.000015,1.000599,1.065203,1.461457
0.840000,-0.000015,-0.000601,0.034797,-0.000031,-0.005645,-0.037326,-0.000000,-0.001015,1.570013,0.000000,1.000000,1.100000,0.000000,0.000000,-1.571000,0.000015,1.000601,1.065203,1.461458
0.842000,-0.000015,-0.000602,0.034797,-0.000031,-0.005645,-0.037326,-0.000000,-0.001015,1.570013,0.000000,1.000000,1.100000,0.000000,0.000000,-1.571000,0.000015,1.000602,1.065203,1.461459
0.844000,-0.000015,-0.000604,0.034797,-0.000031,-0.005645,-0.037326,-0.000000,-0.001015,1.570013,0.000000,1.000000,1.100000,0.000000,0.000000,-1.571000,0.000015,1.000604,1.065203,1.461460
0.846000,-0.000015,-0.000606,0.034797,-0.000031,-0.005645,-0.037326,-0.000000,-0.001015,1.570013,0.000000,1.000000,1.100000,0.000000,0.000000,-1.571000,0.000015,1.000606,1.065203,1.461461
0.848000,-0.000015,-0.000607,0.034797,-0.000031,-0.005645,-0.037326,-0.000000,-0.001015,1.570013,0.000000,1.000000,1.100000,0.000000,0.000000,-1.571000,0.000015,1.000607,1.065203,1.461462
0.850000,-0.000015,-0.000609,0.034797,-0.000031,-0.005645,-0.037326,-0.000000,-0.001015,1.570013,0.000000,1.000000,1.100000,0.000000,0.000000,-1.571000,0.000015,1.000609,1.065203,1.461464
0.852000,-0.000015,-0.000611,0.034797,-0.000031,-0.005645,-0.037326,-0.000000,-0.001015,1.570014,0.000000,1.000000,1.100000,0.000000,0.000000,-1.571000,0.000015,1.000611,1.065203,1.461465
0.854000,-0.000015,-0.000613,0.034797,-0.000031,-0.005645,-0.037326,-0.000000,-0.001015,1.570014,0.000000,1.000000,1.100000,0.000000,0.000000,-1.571000,0.000015,1.000613,1.065203,1.461466
0.856000,-0.000015,-0.000614,0.034797,-0.000031,-0.005645,-0.037326,-0.000000,-0.001015,1.570014,0.000000,1.000000,1.100000,0.000000,0.000000,-1.571000,0.000015,1.000614,1.065203,1.461467
0.858000,-0.000015,-0.000616,0.034797,-0.000031,-0.005645,-0.037326,-0.000000,-0.001015,1.570014,0.000000,1.000000,1.100000,0.000000,0.000000,-1.571000,0.000015,1.000616,1.065203,1.461468
0.860000,-0.000016,-0.000618,0.034797,-0.000031,-0.005645,-0.037326,-0.000000,-0.001015,1.570014,0.000000,1.000000,1.100000,0.000000,0.000000,-1.571000,0.000016,1.000618,1.065203,1.461469
0.862000,-0.000016,-0.000619,0.034797,-0.000031,-0.005645,-0.037326,-0.000000,-0.001015,1.570014,0.000000,1.000000,1.100000,0.000000,0.000000,-1.571000,0.000016,1.000619,1.065203,1.461470
0.864000,-0.000016,-0.000621,0.034797,-0.000031,-0.005645,-0.037326,-0.000000,-0.001015,1.570014,0.000000,1.000000,1.100000,0.000000,0.000000,-1.571000,0.000016,1.000621,1.065203,1.461472
0.866000,-0.000016,-0.000623,0.034797,-0.000031,-0.005645,-0.037326,-0.000000,-0.001015,1.570014,0.000000,1.000000,1.100000,0.000000,0.000000,-1.571000,0.000016,1.000623,1.065203,1.461473
0.868000,-0.000016,-0.000624,0.034797,-0.000031,-0.005645,-0.037326,-0.000000,-0.001015,1.570014,0.000000,1.000000,1.100000,0.000000,0.000000,-1.571000,0.000016,1.000624,1.065203,1.461474
0.870000,-0.000016,-0.000626,0.034797,-0.000031,-0.005645,-0.037326,-0.000000,-0.001015,1.570014,0.000000,1.000000,1.100000,0.000000,0.000000,-1.571000,0.000016,1.000626,1.065203,1.461475
0.872000,-0.000016,-0.000628,0.034797,-0.000031,-0.005645,-0.037326,-0.000000,-0.001015,1.570014,0.000000,1.000000,1.100000,0.000000,0.000000,-1.571000,0.000016,1.000628,1.065203,1.461476
0.874000,-0.000016,-0.000629,0.034797,-0.000031,-0.005645,-0.037326,-0.000000,-0.001015,1.570014,0.000000,1.000000,1.100000,0.000000,0.000000,-1.571000,0.000016,1.000629,1.065203,1.461477
0.876000,-0.000016,-0.000631,0.034797,-0.000031,-0.005645,-0.037326,-0.000000,-0.001015,1.570014,0.000000,1.000000,1.100000,0.000000,0.000000,-1.571000,0.000016,1.000631,1.065203,1.461479
0.878000,-0.000016,-0.000633,0.034797,-0.000031,-0.005645,-0.037326,-0.000000,-0.001015,1.570014,0.000000,1.000000,1.100000,0.000000,0.000000,-1.571000,0.000016,1.000633,1.065203,1.461480
0.880000,-0.000016,-0.000634,0.034797,-0.000031,-0.005645,-0.037326,-0.000000,-0.001015,1.570014,0.000000,1.000000,1.100000,0.000000,0.000000,-1.571000,0.000016,1.000634,1.065203,1.461481
0.882000,-0.000016,-0.000636,0.034797,-0.000031,-0.005645,-0.037326,-0.000000,-0.001015,1.570014,0.000000,1.000000,1.100000,0.000000,0.000000,-1.571000,0.000016,1.000636,1.065203,1.461482
0.884000,-0.000016,-0.000638,0.034797,-0.000031,-0.005645,-0.037326,-0.000000,-0.001015,1.570014,0.000000,1.000000,1.100000,0.000000,0.000000,-1.571000,0.000016,1.000638,1.065203,1.461483
0.886000,-0.000016,-0.000639,0.034797,-0.000031,-0.005645,-0.037326,-0.000000,-0.001015,1.570014,0.000000,1.000000,1.100000,0.000000,0.000000,-1.571000,0.000016,1.000639,1.065203,1.461484
0.888000,-0.000016,-0.000641,0.034797,-0.000031,-0.005645,-0.037326,-0.000000,-0.001015,1.570014,0.000000,1.000000,1.100000,0.000000,0.000000,-1.571000,0.000016,1.000641,1.065203,1.461485
0.890000,-0.000016,-0.000643,0.034797,-0.000031,-0.005645,-0.037326,-0.000000,-0.001015,1.570014,0.000000,1.000000,1.100000,0.000000,0.000000,-1.571000,0.000016,1.000643,1.065203,1.461487
0.892000,-0.000016,-0.000644,0.034797,-0.000031,-0.005645,-0.037326,-0.000000,-0.001015,1.570014,0.000000,1.000000,1.100000,0.000000,0.000000,-1.571000,0.000016,1.000644,1.065203,1.461488
0.894000,-0.000016,-0.000646,0.034797,-0.000031,-0.005645,-0.037326,-0.000000,-0.001015,1.570014,0.000000,1.000000,1.100000,0.000000,0.000000,-1.571000,0.000016,1.000646,1.065203,1.461489
0.896000,-0.000016,-0.000648,0.034797,-0.000031,-0.005645,-0.037326,-0.000000,-0.001015,1.570014,0.000000,1.000000,1.100000,0.000000,0.000000,-1.571000,0.000016,1.000648,1.065203,1.461490
0.898000,-0.000016,-0.000649,0.034797,-0.000031,-0.005645,-0.037326,-0.000000,-0.001015,1.570014,0.000000,1.000000,1.100000,0.000000,0.000000,-1.571000,0.000016,1.000649,1.065203,1.461491
0.900000,-0.000016,-0.000651,0.034797,-0.000031,-0.005645,-0.037326,-0.000000,-0.001015,1.570014,0.000000,1.000000,1.100000,0.000000,0.000000,-1.571000,0.000016,1.000651,1.065203,1.461492
0.902000,-0.000016,-0.000653,0.034797,-0.000031,-0.005645,-0.037326,-0.000000,-0.001015,1.570015,0.000000,1.000000,1.100000,0.000000,0.000000,-1.571000,0.000016,1.000653,1.065203,1.461493
0.904000,-0.000016,-0.000654,0.034797,-0.000031,-0.005645,-0.037326,-0.000000,-0.001015,1.570015,0.000000,1.000000,1.100000,0.000000,0.000000,-1.571000,0.000016,1.000654,1.065203,1.461495
0.906000,-0.000017,-0.000656,0.034797,-0.000031,-0.005645,-0.037326,-0.000000,-0.001015,1.570015,0.000000,1.000000,1.100000,0.000000,0.000000,-1.571000,0.000017,1.000656,1.065203,1.461496
0.908000,-0.000017,-0.000658,0.034797,-0.000031,-0.005645,-0.037326,-0.000000,-0.001015,1.570015,0.000000,1.000000,1.100000,0.000000,0.000000,-1.571000,0.000017,1.000658,1.065203,1.461497
0.910000,-0.000017,-0.000659,0.034797,-0.000031,-0.005645,-0.037326,-0.000000,-0.001015,1.570015,0.000000,1.000000,1.100000,0.000000,0.000000,-1.571000,0.000017,1.000659,1.065203,1.461498
0.912000,-0.000017,-0.000661,0.034797,-0.000031,-0.005645,-0.037326,-0.000000,-0.001015,1.570015,0.000000,1.000000,1.100000,0.000000,0.000000,-1.571000,0.000017,1.000661,1.065203,1.461499
0.914000,-0.000017,-0.000663,0.034797,-0.000031,-0.005645,-0.037326,-0.000000,-0.001015,1.570015,0.000000,1.000000,1.100000,0.000000,0.000000,-1.571000,0.000017,1.000663,1.065203,1.461500
0.916000,-0.000017,-0.000664,0.034797,-0.000031,-0.005645,-0.037326,-0.000000,-0.001015,1.570015,0.000000,1.000000,1.100000,0.000000,0.000000,-1.571000,0.000017,1.000664,1.065203,1.461501
0.918000,-0.000017,-0.000666,0.034797,-0.000031,-0.005645,-0.037326,-0.000000,-0.001015,1.570015,0.000000,1.000000,1.100000,0.000000,0.000000,-1.571000,0.000017,1.000666,1.065203,1.461503
0.920000,-0.000017,-0.000668,0.034797,-0.000031,-0.005645,-0.037326,-0.000000,-0.001015,1.570015,0.000000,1.000000,1.100000,0.000000,0.000000,-1.571000,0.000017,1.000668,1.065203,1.461504
0.922000,-0.000017,-0.000669,0.034797,-0.000031,-0.005645,-0.037326,-0.000000,-0.001015,1.570015,0.000000,1.000000,1.100000,0.000000,0.000000,-1.571000,0.000017,1.000669,1.065203,1.461505
0.924000,-0.000017,-0.000671,0.034797,-0.000031,-0.005645,-0.037326,-0.000000,-0.001015,1.570015,0.000000,1.000000,1.100000,0.000000,0.000000,-1.571000,0.000017,1.000671,1.065203,1.461506
0.926000,-0.000017,-0.000673,0.034797,-0.000031,-0.005645,-0.037326,-0.000000,-0.001015,1.570015,0.000000,1.000000,1.100000,0.000000,0.000000,-1.571000,0.000017,1.000673,1.065203,1.461507
0.928000,-0.000017,-0.000674,0.034797,-0.000031,-0.005645,-0.037326,-0.000000,-0.001015,1.570015,0.000000,1.000000,1.100000,0.000000,0.000000,-1.571000,0.000017,1.000674,1.065203,1.461508
0.930000,-0.000017,-0.000676,0.034797,-0.000031,-0.005645,-0.037326,-0.000000,-0.001015,1.570015,0.000000,1.000000,1.100000,0.000000,0.000000,-1.571000,0.000017,1.000676,1.065203,1.461509
0.932000,-0.000017,-0.000678,0.034797,-0.000031,-0.005645,-0.037326,-0.000000,-0.001015,1.570015,0.000000,1.000000,1.100000,0.000000,0.000000,-1.571000,0.000017,1.000678,1.065203,1.461511
0.934000,-0.000017,-0.000680,0.034797,-0.000031,-0.005645,-0.037326,-0.000000,-0.001015,1.570015,0.000000,1.000000,1.100000,0.000000,0.000000,-1.571000,0.000017,1.000680,1.065203,1.461512
0.936000,-0.000017,-0.000681,0.034797,-0.000031,-0.005645,-0.037326,-0.000000,-0.001015,1.570015,0.000000,1.000000,1.100000,0.000000,0.000000,-1.571000,0.000017,1.000681,1.065203,1.461513
0.938000,-0.000017,-0.000683,0.034797,-0.000031,-0.005645,-0.037326,-0.000000,-0.001015,1.570015,0.000000,1.000000,1.100000,0.000000,0.000000,-1.571000,0.000017,1.000683,1.065203,1.461514
0.940000,-0.000017,-0.000685,0.034797,-0.000031,-0.005645,-0.037326,-0.000000,-0.001015,1.570015,0.000000,1.000000,1.100000,0.000000,0.000000,-1.571000,0.000017,1.000685,1.065203,1.461515
0.942000,-0.000017,-0.000686,0.034797,-0.000031,-0.005645,-0.037326,-0.000000,-0.001015,1.570015,0.000000,1.000000,1.100000,0.000000,0.000000,-1.571000,0.000017,1.000686,1.065203,1.461516
0.944000,-0.000017,-0.000688,0.034797,-0.000031,-0.005645,-0.037326,-0.000000,-0.001015,1.570015,0.000000,1.000000,1.100000,0.000000,0.000000,-1.571000,0.000017,1.000688,1.065203,1.461518
0.946000,-0.000017,-0.000690,0.034797,-0.000031,-0.005645,-0.037326,-0.000000,-0.001015,1.570015,0.000000,1.000000,1.100000,0.000000,0.000000,-1.571000,0.000017,1.000690,1.065203,1.461519
0.948000,-0.000017,-0.000691,0.034797,-0.000031,-0.005645,-0.037326,-0.000000,-0.001015,1.570015,0.000000,1.000000,1.100000,0.000000,0.000000,-1.571000,0.000017,1.000691,1.065203,1.461520
0.950000,-0.000018,-0.000693,0.034797,-0.000031,-0.005645,-0.037326,-0.000000,-0.001015,1.570015,0.000000,1.000000,1.100000,0.000000,0.000000,-1.571000,0.000018,1.000693,1.065203,1.461521
0.952000,-0.000018,-0.000695,0.034797,-0.000031,-0.005645,-0.037326,-0.000000,-0.001015,1.570016,0.000000,1.000000,1.100000,0.000000,0.000000,-1.571000,0.000018,1.000695,1.065203,1.461522
0.954000,-0.000018,-0.000696,0.034797,-0.000031,-0.005645,-0.037326,-0.000000,-0.001015,1.570016,0.000000,1.000000,1.100000,0.000000,0.000000,-1.571000,0.000018,1.000696,1.065203,1.461523
0.956000,-0.000018,-0.000698,0.034797,-0.000031,-0.005645,-0.037326,-0.000000,-0.001015,1.570016,0.000000,1.000000,1.100000,0.000000,0.000000,-1.571000,0.000018,1.000698,1.065203,1.461524
0.958000,-0.000018,-0.000700,0.034797,-0.000031,-0.005645,-0.037326,-0.000000,-0.001015,1.570016,0.000000,1.000000,1.100000,0.000000,0.000000,-1.571000,0.000018,1.000700,1.065203,1.461526
0.960000,-0.000018,-0.000701,0.034797,-0.000031,-0.005645,-0.037326,-0.000000,-0.001015,1.570016,0.000000,1.000000,1.100000,0.000000,0.000000,-1.571000,0.000018,1.000701,1.065203,1.461527
0.962000,-0.000018,-0.000703,0.034797,-0.000031,-0.005645,-0.037326,-0.000000,-0.001015,1.570016,0.000000,1.000000,1.100000,0.000000,0.000000,-1.571000,0.000018,1.000703,1.065203,1.461528
0.964000,-0.000018,-0.000705,0.034797,-0.000031,-0.005645,-0.037326,-0.000000,-0.001015,1.570016,0.000000,1.000000,1.100000,0.000000,0.000000,-1.571000,0.000018,1.000705,1.065203,1.461529
0.966000,-0.000018,-0.000706,0.034797,-0.000031,-0.005645,-0.037326,-0.000000,-0.001015,1.570016,0.000000,1.000000,1.100000,0.000000,0.000000,-1.571000,0.000018,1.000706,1.065203,1.461530
0.968000,-0.000018,-0.000708,0.034797,-0.000031,-0.005645,-0.037326,-0.000000,-0.001015,1.570016,0.000000,1.000000,1.100000,0.000000,0.000000,-1.571000,0.000018,1.000708,1.065203,1.461531
0.970000,-0.000018,-0.000710,0.034797,-0.000031,-0.005645,-0.037326,-0.000000,-0.001015,1.570016,0.000000,1.000000,1.100000,0.000000,0.000000,-1.571000,0.000018,1.000710,1.065203,1.461532
0.972000,-0.000018,-0.000711,0.034797,-0.000031,-0.005645,-0.037326,-0.000000,-0.001015,1.570016,0.000000,1.000000,1.100000,0.000000,0.000000,-1.571000,0.000018,1.000711,1.065203,1.461534
0.974000,-0.000018,-0.000713,0.034797,-0.000031,-0.005645,-0.037326,-0.000000,-0.001015,1.570016,0.000000,1.000000,1.100000,0.000000,0.000000,-1.571000,0.000018,1.000713,1.065203,1.461535
0.976000,-0.000018,-0.000715,0.034797,-0.000031,-0.005645,-0.037326,-0.000000,-0.001015,1.570016,0.000000,1.000000,1.100000,0.000000,0.000000,-1.571000,0.000018,1.000715,1.065203,1.461536
0.978000,-0.000018,-0.000716,0.034797,-0.000031,-0.005645,-0.037326,-0.000000,-0.001015,1.570016,0.000000,1.000000,1.100000,0.000000,0.000000,-1.571000,0.000018,1.000716,1.065203,1.461537
0.980000,-0.000018,-0.000718,0.034797,-0.000031,-0.005645,-0.037326,-0.000000,-0.001015,1.570016,0.000000,1.000000,1.100000,0.000000,0.000000,-1.571000,0.000018,1.000718,1.065203,1.461538
0.982000,-0.000018,-0.000720,0.034797,-0.000031,-0.005645,-0.037326,-0.000000,-0.001015,1.570016,0.000000,1.000000,1.100000,0.000000,0.000000,-1.571000,0.000018,1.000720,1.065203,1.461539
0.984000,-0.000018,-0.000721,0.034797,-0.000031,-0.005645,-0.037326,-0.000000,-0.001015,1.570016,0.000000,1.000000,1.100000,0.000000,0.000000,-1.571000,0.000018,1.000721,1.065203,1.461540
0.986000,-0.000018,-0.000723,0.034797,-0.000031,-0.005645,-0.037326,-0.000000,-0.001015,1.570016,0.000000,1.000000,1.100000,0.000000,0.000000,-1.571000,0.000018,1.000723,1.065203,1.461542
0.988000,-0.000018,-0.000725,0.034797,-0.000031,-0.005645,-0.037326,-0.000000,-0.001015,1.570016,0.000000,1.000000,1.100000,0.000000,0.000000,-1.571000,0.000018,1.000725,1.065203,1.461543
0.990000,-0.000018,-0.000726,0.034797,-0.000031,-0.005645,-0.037326,-0.000000,-0.001015,1.570016,0.000000,1.000000,1.100000,0.000000,0.000000,-1.571000,0.000018,1.000726,1.065203,1.461544
0.992000,-0.000018,-0.000728,0.034797,-0.000031,-0.005645,-0.037326,-0.000000,-0.001015,1.570016,0.000000,1.000000,1.100000,0.000000,0.000000,-1.571000,0.000018,1.000728,1.065203,1.461545
0.994000,-0.000019,-0.000730,0.034797,-0.000031,-0.005645,-0.037326,-0.000000,-0.001015,1.570016,0.000000,1.000000,1.100000,0.000000,0.000000,-1.571000,0.000019,1.000730,1.065203,1.461546
0.996000,-0.000019,-0.000731,0.034797,-0.000031,-0.005645,-0.037326,-0.000000,-0.001015,1.570016,0.000000,1.000000,1.100000,0.000000,0.000000,-1.571000,0.000019,1.000731,1.065203,1.461547
0.998000,-0.000019,-0.000733,0.034797,-0.000031,-0.005645,-0.037326,-0.000000,-0.001015,1.570016,0.000000,1.000000,1.100000,0.000000,0.000000,-1.571000,0.000019,1.000733,1.065203,1.461548
1.000000,-0.000019,-0.000735,0.034797,-0.000031,-0.005645,-0.037326,-0.000000,-0.001015,1.570016,0.000000,1.000000,1.100000,0.000000,0.000000,-1.571000,0.000019,1.000735,1.065203,1.461550
1.002000,-0.000019,-0.000736,0.034797,-0.000031,-0.005645,-0.037326,-0.000000,-0.001015,1.570016,0.000000,1.000000,1.100000,0.000000,0.000000,-1.571000,0.000019,1.000736,1.065203,1.461551
1.004000,-0.000019,-0.000738,0.034797,-0.000031,-0.005645,-0.037326,-0.000000,-0.001015,1.570017,0.000000,1.000000,1.100000,0.000000,0.000000,-1.571000,0.000019,1.000738,1.065203,1.461552
1.006000,-0.000019,-0.000740,0.034797,-0.000031,-0.005645,-0.037326,-0.000000,-0.001015,1.570017,0.000000,1.000000,1.100000,0.000000,0.000000,-1.571000,0.000019,1.000740,1.065203,1.461553
1.008000,-0.000019,-0.000741,0.034797,-0.000031,-0.005645,-0.037326,-0.000000,-0.001015,1.570017,0.000000,1.000000,1.100000,0.000000,0.000000,-1.571000,0.000019,1.000741,1.065203,1.461554
1.010000,-0.000019,-0.000743,0.034797,-0.000031,-0.005645,-0.037326,-0.000000,-0.001015,1.570017,0.000000,1.000000,1.100000,0.000000,0.000000,-1.571000,0.000019,1.000743,1.065203,1.461555
1.012000,-0.000019,-0.000745,0.034797,-0.000031,-0.005645,-0.037326,-0.000000,-0.001015,1.570017,0.000000,1.000000,1.100000,0.000000,0.000000,-1.571000,0.000019,1.000745,1.065203,1.461556
1.014000,-0.000019,-0.000746,0.034797,-0.000031,-0.005645,-0.037326,-0.000000,-0.001015,1.570017,0.000000,1.000000,1.100000,0.000000,0.000000,-1.571000,0.000019,1.000746,1.065203,1.461558
1.016000,-0.000019,-0.000748,0.034797,-0.000031,-0.005645,-0.037326,-0.000000,-0.001015,1.570017,0.000000,1.000000,1.100000,0.000000,0.000000,-1.571000,0.000019,1.000748,1.065203,1.461559
1.018000,-0.000019,-0.000750,0.034797,-0.000031,-0.005645,-0.037326,-0.000000,-0.001015,1.570017,0.000000,1.000000,1.100000,0.000000,0.000000,-1.571000,0.000019,1.000750,1.065203,1.461560
1.020000,-0.000019,-0.000752,0.034797,-0.000031,-0.005645,-0.037326,-0.000000,-0.001015,1.570017,0.000000,1.000000,1.100000,0.000000,0.000000,-1.571000,0.000019,1.000752,1.065203,1.461561
1.022000,-0.000019,-0.000753,0.034797,-0.000031,-0.005645,-0.037326,-0.000000,-0.001015,1.570017,0.000000,1.000000,1.100000,0.000000,0.000000,-1.571000,0.000019,1.000753,1.065203,1.461562
1.024000,-0.000019,-0.000755,0.034797,-0.000031,-0.005645,-0.037326,-0.000000,-0.001015,1.570017,0.000000,1.000000,1.100000,0.000000,0.000000,-1.571000,0.000019,1.000755,1.065203,1.461563
1.026000,-0.000019,-0.000757,0.034797,-0.000031,-0.005645,-0.037326,-0.000000,-0.001015,1.570017,0.000000,1.000000,1.100000,0.000000,0.000000,-1.571000,0.000019,1.000757,1.065203,1.461565
1.028000,-0.000019,-0.000758,0.034797,-0.000031,-0.005645,-0.037326,-0.000000,-0.001015,1.570017,0.000000,1.000000,1.100000,0.000000,0.000000,-1.571000,0.000019,1.000758,1.065203,1.461566
1.030000,-0.000019,-0.000760,0.034797,-0.000031,-0.005645,-0.037326,-0.000000,-0.001015,1.570017,0.000000,1.000000,1.100000,0.000000,0.000000,-1.571000,0.000019,1.000760,1.065203,1.461567
1.032000,-0.000019,-0.000762,0.034797,-0.000031,-0.005645,-0.037326,-0.000000,-0.001015,1.570017,0.000000,1.000000,1.100000,0.000000,0.000000,-1.571000,0.000019,1.000762,1.065203,1.461568
1.034000,-0.000019,-0.000763,0.034797,-0.000031,-0.005645,-0.037326,-0.000000,-0.001015,1.570017,0.000000,1.000000,1.100000,0.000000,0.000000,-1.571000,0.000019,1.000763,1.065203,1.461569
1.036000,-0.000019,-0.000765,0.034797,-0.000031,-0.005645,-0.037326,-0.000000,-0.001015,1.570017,0.000000,1.000000,1.100000,0.000000,0.000000,-1.571000,0.000019,1.000765,1.065203,1.461570
1.038000,-0.000019,-0.000767,0.034797,-0.000031,-0.005645,-0.037326,-0.000000,-0.001015,1.570017,0.000000,1.000000,1.100000,0.000000,0.000000,-1.571000,0.000019,1.000767,1.065203,1.461571
1.040000,-0.000020,-0.000768,0.034797,-0.000031,-0.005645,-0.037326,-0.000000,-0.001015,1.570017,0.000000,1.000000,1.100000,0.000000,0.000000,-1.571000,0.000020,1.000768,1.065203,1.461573
1.042000,-0.000020,-0.000770,0.034797,-0.000031,-0.005645,-0.037326,-0.000000,-0.001015,1.570017,0.000000,1.000000,1.100000,0.000000,0.000000,-1.571000,0.000020,1.000770,1.065203,1.461574
1.044000,-0.000020,-0.000772,0.034797,-0.000031,-0.005645,-0.037326,-0.000000,-0.001015,1.570017,0.000000,1.000000,1.100000,0.000000,0.000000,-1.571000,0.000020,1.000772,1.065203,1.461575
1.046000,-0.000020,-0.000773,0.034797,-0.000031,-0.005645,-0.037326,-0.000000,-0.001015,1.570017,0.000000,1.000000,1.100000,0.000000,0.000000,-1.571000,0.000020,1.000773,1.065203,1.461576
1.048000,-0.000020,-0.000775,0.034797,-0.000031,-0.005645,-0.037326,-0.000000,-0.001015,1.570017,0.000000,1.000000,1.100000,0.000000,0.000000,-1.571000,0.000020,1.000775,1.065203,1.461577
1.050000,-0.000020,-0.000777,0.034797,-0.000031,-0.005645,-0.037326,-0.000000,-0.001015,1.570017,0.000000,1.000000,1.100000,0.000000,0.000000,-1.571000,0.000020,1.000777,1.065203,1.461578
1.052000,-0.000020,-0.000778,0.034797,-0.000031,-0.005645,-0.037326,-0.000000,-0.001015,1.570017,0.000000,1.000000,1.100000,0.000000,0.000000,-1.571000,0.000020,1.000778,1.065203,1.461579
1.054000,-0.000020,-0.000780,0.034797,-0.000031,-0.005645,-0.037326,-0.000000,-0.001015,1.570018,0.000000,1.000000,1.100000,0.000000,0.000000,-1.571000,0.000020,1.000780,1.065203,1.461581
1.056000,-0.000020,-0.000782,0.034797,-0.000031,-0.005645,-0.037326,-0.000000,-0.001015,1.570018,0.000000,1.000000,1.100000,0.000000,0.000000,-1.571000,0.000020,1.000782,1.065203,1.461582
1.058000,-0.000020,-0.000783,0.034797,-0.000031,-0.005645,-0.037326,-0.000000,-0.001015,1.570018,0.000000,1.000000,1.100000,0.000000,0.000000,-1.571000,0.000020,1.000783,1.065203,1.461583
1.060000,-0.000020,-0.000785,0.034797,-0.000031,-0.005645,-0.037326,-0.000000,-0.001015,1.570018,0.000000,1.000000,1.100000,0.000000,0.000000,-1.571000,0.000020,1.000785,1.065203,1.461584
1.062000,-0.000020,-0.000787,0.034797,-0.000031,-0.005645,-0.037326,-0.000000,-0.001015,1.570018,0.000000,1.000000,1.100000,0.000000,0.000000,-1.571000,0.000020,1.000787,1.065203,1.461585
1.064000,-0.000020,-0.000788,0.034797,-0.000031,-0.005645,-0.037326,-0.000000,-0.001015,1.570018,0.000000,1.000000,1.100000,0.000000,0.000000,-1.571000,0.000020,1.000788,1.065203,1.461586
1.066000,-0.000020,-0.000790,0.034797,-0.000031,-0.005645,-0.037326,-0.000000,-0.001015,1.570018,0.000000,1.000000,1.100000,0.000000,0.000000,-1.571000,0.000020,1.000790,1.065203,1.461587
1.068000,-0.000020,-0.000792,0.034797,-0.000031,-0.005645,-0.037326,-0.000000,-0.001015,1.570018,0.000000,1.000000,1.100000,0.000000,0.000000,-1.571000,0.000020,1.000792,1.065203,1.461589
1.070000,-0.000020,-0.000793,0.034797,-0.000031,-0.005645,-0.037326,-0.000000,-0.001015,1.570018,0.000000,1.000000,1.100000,0.000000,0.000000,-1.571000,0.000020,1.000793,1.065203,1.461590
1.072000,-0.000020,-0.000795,0.034797,-0.000031,-0.005645,-0.037326,-0.000000,-0.001015,1.570018,0.000000,1.000000,1.100000,0.000000,0.000000,-1.571000,0.000020,1.000795,1.065203,1.461591
1.074000,-0.000020,-0.000797,0.034797,-0.000031,-0.005645,-0.037326,-0.000000,-0.001015,1.570018,0.000000,1.000000,1.100000,0.000000,0.000000,-1.571000,0.000020,1.000797,1.065203,1.461592
1.076000,-0.000020,-0.000798,0.034797,-0.000031,-0.005645,-0.037326,-0.000000,-0.001015,1.570018,0.000000,1.000000,1.100000,0.000000,0.000000,-1.571000,0.000020,1.000798,1.065203,1.461593
1.078000,-0.000020,-0.000800,0.034797,-0.000031,-0.005645,-0.037326,-0.000000,-0.001015,1.570018,0.000000,1.000000,1.100000,0.000000,0.000000,-1.571000,0.000020,1.000800,1.065203,1.461594
1.080000,-0.000020,-0.000802,0.034797,-0.000031,-0.005645,-0.037326,-0.000000,-0.001015,1.570018,0.000000,1.000000,1.100000,0.000000,0.000000,-1.571000,0.000020,1.000802,1.065203,1.461595
1.082000,-0.000020,-0.000803,0.034797,-0.000031,-0.005645,-0.037326,-0.000000,-0.001015,1.570018,0.000000,1.000000,1.100000,0.000000,0.000000,-1.571000,0.000020,1.000803,1.065203,1.461597
1.084000,-0.000021,-0.000805,0.034797,-0.000031,-0.005645,-0.037326,-0.000000,-0.001015,1.570018,0.000000,1.000000,1.100000,0.000000,0.000000,-1.571000,0.000021,1.000805,1.065203,1.461598
1.086000,-0.000021,-0.000807,0.034797,-0.000031,-0.005645,-0.037326,-0.000000,-0.001015,1.570018,0.000000,1.000000,1.100000,0.000000,0.000000,-1.571000,0.000021,1.000807,1.065203,1.461599
1.088000,-0.000021,-0.000808,0.034797,-0.000031,-0.005645,-0.037326,-0.000000,-0.001015,1.570018,0.000000,1.000000,1.100000,0.000000,0.000000,-1.571000,0.000021,1.000808,1.065203,1.461600
1.090000,-0.000021,-0.000810,0.034797,-0.000031,-0.005645,-0.037326,-0.000000,-0.001015,1.570018,0.000000,1.000000,1.100000,0.000000,0.000000,-1.571000,0.000021,1.000810,1.065203,1.461601
1.092000,-0.000021,-0.000812,0.034797,-0.000031,-0.005645,-0.037326,-0.000000,-0.001015,1.570018,0.000000,1.000000,1.100000,0.000000,0.000000,-1.571000,0.000021,1.000812,1.065203,1.461602
1.094000,-0.000021,-0.000813,0.034797,-0.000031,-0.005645,-0.037326,-0.000000,-0.001015,1.570018,0.000000,1.000000,1.100000,0.000000,0.000000,-1.571000,0.000021,1.000813,1.065203,1.461604
1.096000,-0.000021,-0.000815,0.034797,-0.000031,-0.005645,-0.037326,-0.000000,-0.001015,1.570018,0.000000,1.000000,1.100000,0.000000,0.000000,-1.571000,0.000021,1.000815,1.065203,1.461605
1.098000,-0.000021,-0.000817,0.034797,-0.000031,-0.005645,-0.037326,-0.000000,-0.001015,1.570018,0.000000,1.000000,1.100000,0.000000,0.000000,-1.571000,0.000021,1.000817,1.065203,1.461606
1.100000,-0.000021,-0.000819,0.034797,-0.000031,-0.005645,-0.037326,-0.000000,-0.001015,1.570018,0.000000,1.000000,1.100000,0.000000,0.000000,-1.571000,0.000021,1.000819,1.065203,1.461607
1.102000,-0.000021,-0.000820,0.034797,-0.000031,-0.005645,-0.037326,-0.000000,-0.001015,1.570018,0.000000,1.000000,1.100000,0.000000,0.000000,-1.571000,0.000021,1.000820,1.065203,1.461608
1.104000,-0.000021,-0.000822,0.034797,-0.000031,-0.005645,-0.037326,-0.000000,-0.001015,1.570019,0.000000,1.000000,1.100000,0.000000,0.000000,-1.571000,0.000021,1.000822,1.065203,1.461609
1.106000,-0.000021,-0.000824,0.034797,-0.000031,-0.005645,-0.037326,-0.000000,-0.001015,1.570019,0.000000,1.000000,1.100000,0.000000,0.000000,-1.571000,0.000021,1.000824,1.065203,1.461610
1.108000,-0.000021,-0.000825,0.034797,-0.000031,-0.005645,-0.037326,-0.000000,-0.001015,1.570019,0.000000,1.000000,1.100000,0.000000,0.000000,-1.571000,0.000021,1.000825,1.065203,1.461612
1.110000,-0.000021,-0.000827,0.034797,-0.000031,-0.005645,-0.037326,-0.000000,-0.001015,1.570019,0.000000,1.000000,1.100000,0.000000,0.000000,-1.571000,0.000021,1.000827,1.065203,1.461613
1.112000,-0.000021,-0.000829,0.034797,-0.000031,-0.005645,-0.037326,-0.000000,-0.001015,1.570019,0.000000,1.000000,1.100000,0.000000,0.000000,-1.571000,0.000021,1.000829,1.065203,1.461614
1.114000,-0.000021,-0.000830,0.034797,-0.000031,-0.005645,-0.037326,-0.000000,-0.001015,1.570019,0.000000,1.000000,1.100000,0.000000,0.000000,-1.571000,0.000021,1.000830,1.065203,1.461615
1.116000,-0.000021,-0.000832,0.034797,-0.000031,-0.005645,-0.037326,-0.000000,-0.001015,1.570019,0.000000,1.000000,1.100000,0.000000,0.000000,-1.571000,0.000021,1.000832,1.065203,1.461616
1.118000,-0.000021,-0.000834,0.034797,-0.000031,-0.005645,-0.037326,-0.000000,-0.001015,1.570019,0.000000,1.000000,1.100000,0.000000,0.000000,-1.571000,0.000021,1.000834,1.065203,1.461617
1.120000,-0.000021,-0.000835,0.034797,-0.000031,-0.005645,-0.037326,-0.000000,-0.001015,1.570019,0.000000,1.000000,1.100000,0.000000,0.000000,-1.571000,0.000021,1.000835,1.065203,1.461618
1.122000,-0.000021,-0.000837,0.034797,-0.000031,-0.005645,-0.037326,-0.000000,-0.001015,1.570019,0.000000,1.000000,1.100000,0.000000,0.000000,-1.571000,0.000021,1.000837,1.065203,1.461620
1.124000,-0.000021,-0.000839,0.034797,-0.000031,-0.005645,-0.037326,-0.000000,-0.001015,1.570019,0.000000,1.000000,1.100000,0.000000,0.000000,-1.571000,0.000021,1.000839,1.065203,1.461621
1.126000,-0.000021,-0.000840,0.034797,-0.000031,-0.005645,-0.037326,-0.000000,-0.001015,1.570019,0.000000,1.000000,1.100000,0.000000,0.000000,-1.571000,0.000021,1.000840,1.065203,1.461622
1.128000,-0.000022,-0.000842,0.034797,-0.000031,-0.005645,-0.037326,-0.000000,-0.001015,1.570019,0.000000,1.000000,1.100000,0.000000,0.000000,-1.571000,0.000022,1.000842,1.065203,1.461623
1.130000,-0.000022,-0.000844,0.034797,-0.000031,-0.005645,-0.037326,-0.000000,-0.001015,1.570019,0.000000,1.000000,1.100000,0.000000,0.000000,-1.571000,0.000022,1.000844,1.065203,1.461624
1.132000,-0.000022,-0.000845,0.034797,-0.000031,-0.005645,-0.037326,-0.000000,-0.001015,1.570019,0.000000,1.000000,1.100000,0.000000,0.000000,-1.571000,0.000022,1.000845,1.065203,1.461625
1.134000,-0.000022,-0.000847,0.034797,-0.000031,-0.005645,-0.037326,-0.000000,-0.001015,1.570019,0.000000,1.000000,1.100000,0.000000,0.000000,-1.571000,0.000022,1.000847,1.065203,1.461626
1.136000,-0.000022,-0.000849,0.034797,-0.000031,-0.005645,-0.037326,-0.000000,-0.001015,1.570019,0.000000,1.000000,1.100000,0.000000,0.000000,-1.571000,0.000022,1.000849,1.065203,1.461628
1.138000,-0.000022,-0.000850,0.034797,-0.000031,-0.005645,-0.037326,-0.000000,-0.001015,1.570019,0.000000,1.000000,1.100000,0.000000,0.000000,-1.571000,0.000022,1.000850,1.065203,1.461629
1.140000,-0.000022,-0.000852,0.034797,-0.000031,-0.005645,-0.037326,-0.000000,-0.001015,1.570019,0.000000,1.000000,1.100000,0.000000,0.000000,-1.571000,0.000022,1.000852,1.065203,1.461630
1.142000,-0.000022,-0.000854,0.034797,-0.000031,-0.005645,-0.037326,-0.000000,-0.001015,1.570019,0.000000,1.000000,1.100000,0.000000,0.000000,-1.571000,0.000022,1.000854,1.065203,1.461631
1.144000,-0.000022,-0.000855,0.034797,-0.000031,-0.005645,-0.037326,-0.000000,-0.001015,1.570019,0.000000,1.000000,1.100000,0.000000,0.000000,-1.571000,0.000022,1.000855,1.065203,1.461632
1.146000,-0.000022,-0.000857,0.034797,-0.000031,-0.005645,-0.037326,-0.000000,-0.001015,1.570019,0.000000,1.000000,1.100000,0.000000,0.000000,-1.571000,0.000022,1.000857,1.065203,1.461633
1.148000,-0.000022,-0.000859,0.034797,-0.000031,-0.005645,-0.037326,-0.000000,-0.001015,1.570019,0.000000,1.000000,1.100000,0.000000,0.000000,-1.571000,0.000022,1.000859,1.065203,1.461634
1.150000,-0.000022,-0.000860,0.034797,-0.000031,-0.005645,-0.037326,-0.000000,-0.001015,1.570019,0.000000,1.000000,1.100000,0.000000,0.000000,-1.571000,0.000022,1.000860,1.065203,1.461636
1.152000,-0.000022,-0.000862,0.034797,-0.000031,-0.005645,-0.037326,-0.000000,-0.001015,1.570019,0.000000,1.000000,1.100000,0.000000,0.000000,-1.571000,0.000022,1.000862,1.065203,1.461637
1.154000,-0.000022,-0.000864,0.034797,-0.000031,-0.005645,-0.037326,-0.000000,-0.001015,1.570020,0.000000,1.000000,1.100000,0.000000,0.000000,-1.571000,0.000022,1.000864,1.065203,1.461638
1.156000,-0.000022,-0.000865,0.034797,-0.000031,-0.005645,-0.037326,-0.000000,-0.001015,1.570020,0.000000,1.000000,1.100000,0.000000,0.000000,-1.571000,0.000022,1.000865,1.065203,1.461639
1.158000,-0.000022,-0.000867,0.034797,-0.000031,-0.005645,-0.037326,-0.000000,-0.001015,1.570020,0.000000,1.000000,1.100000,0.000000,0.000000,-1.571000,0.000022,1.000867,1.065203,1.461640
1.160000,-0.000022,-0.000869,0.034797,-0.000031,-0.005645,-0.037326,-0.000000,-0.001015,1.570020,0.000000,1.000000,1.100000,0.000000,0.000000,-1.571000,0.000022,1.000869,1.065203,1.461641
1.162000,-0.000022,-0.000870,0.034797,-0.000031,-0.005645,-0.037326,-0.000000,-0.001015,1.570020,0.000000,1.000000,1.100000,0.000000,0.000000,-1.571000,0.000022,1.000870,1.065203,1.461643
1.164000,-0.000022,-0.000872,0.034797,-0.000031,-0.005645,-0.037326,-0.000000,-0.001015,1.570020,0.000000,1.000000,1.100000,0.000000,0.000000,-1.571000,0.000022,1.000872,1.065203,1.461644
1.166000,-0.000022,-0.000874,0.034797,-0.000031,-0.005645,-0.037326,-0.000000,-0.001015,1.570020,0.000000,1.000000,1.100000,0.000000,0.000000,-1.571000,0.000022,1.000874,1.065203,1.461645
1.168000,-0.000022,-0.000875,0.034797,-0.000031,-0.005645,-0.037326,-0.000000,-0.001015,1.570020,0.000000,1.000000,1.100000,0.000000,0.000000,-1.571000,0.000022,1.000875,1.065203,1.461646
1.170000,-0.000022,-0.000877,0.034797,-0.000031,-0.005645,-0.037326,-0.000000,-0.001015,1.570020,0.000000,1.000000,1.100000,0.000000,0.000000,-1.571000,0.000022,1.000877,1.065203,1.461647
1.172000,-0.000022,-0.000879,0.034797,-0.000031,-0.005645,-0.037326,-0.000000,-0.001015,1.570020,0.000000,1.000000,1.100000,0.000000,0.000000,-1.571000,0.000022,1.000879,1.065203,1.461648
1.174000,-0.000023,-0.000880,0.034797,-0.000031,-0.005645,-0.037326,-0.000000,-0.001015,1.570020,0.000000,1.000000,1.100000,0.000000,0.000000,-1.571000,0.000023,1.000880,1.065203,1.461649
1.176000,-0.000023,-0.000882,0.034797,-0.000031,-0.005645,-0.037326,-0.000000,-0.001015,1.570020,0.000000,1.000000,1.100000,0.000000,0.000000,-1.571000,0.000023,1.000882,1.065203,1.461651
1.178000,-0.000023,-0.000884,0.034797,-0.000031,-0.005645,-0.037326,-0.000000,-0.001015,1.570020,0.000000,1.000000,1.100000,0.000000,0.000000,-1.571000,0.000023,1.000884,1.065203,1.461652
1.180000,-0.000023,-0.000885,0.034797,-0.000031,-0.005645,-0.037326,-0.000000,-0.001015,1.570020,0.000000,1.000000,1.100000,0.000000,0.000000,-1.571000,0.000023,1.000885,1.065203,1.461653
1.182000,-0.000023,-0.000887,0.034797,-0.000031,-0.005645,-0.037326,-0.000000,-0.001015,1.570020,0.000000,1.000000,1.100000,0.000000,0.000000,-1.571000,0.000023,1.000887,1.065203,1.461654
1.184000,-0.000023,-0.000889,0.034797,-0.000031,-0.005645,-0.037326,-0.000000,-0.001015,1.570020,0.000000,1.000000,1.100000,0.000000,0.000000,-1.571000,0.000023,1.000889,1.065203,1.461655
1.186000,-0.000023,-0.000891,0.034797,-0.000031,-0.005645,-0.037326,-0.000000,-0.001015,1.570020,0.000000,1.000000,1.100000,0.000000,0.000000,-1.571000,0.000023,1.000891,1.065203,1.461656
1.188000,-0.000023,-0.000892,0.034797,-0.000031,-0.005645,-0.037326,-0.000000,-0.001015,1.570020,0.000000,1.000000,1.100000,0.000000,0.000000,-1.571000,0.000023,1.000892,1.065203,1.461657
1.190000,-0.000023,-0.000894,0.034797,-0.000031,-0.005645,-0.037326,-0.000000,-0.001015,1.570020,0.000000,1.000000,1.100000,0.000000,0.000000,-1.571000,0.000023,1.000894,1.065203,1.461659
1.192000,-0.000023,-0.000896,0.034797,-0.000031,-0.005645,-0.037326,-0.000000,-0.001015,1.570020,0.000000,1.000000,1.100000,0.000000,0.000000,-1.571000,0.000023,1.000896,1.065203,1.461660
1.194000,-0.000023,-0.000897,0.034797,-0.000031,-0.005645,-0.037326,-0.000000,-0.001015,1.570020,0.000000,1.000000,1.100000,0.000000,0.000000,-1.571000,0.000023,1.000897,1.065203,1.461661
1.196000,-0.000023,-0.000899,0.034797,-0.000031,-0.005645,-0.037326,-0.000000,-0.001015,1.570020,0.000000,1.000000,1.100000,0.000000,0.000000,-1.571000,0.000023,1.000899,1.065203,1.461662
1.198000,-0.000023,-0.000901,0.034797,-0.000031,-0.005645,-0.037326,-0.000000,-0.001015,1.570020,0.000000,1.000000,1.100000,0.000000,0.000000,-1.571000,0.000023,1.000901,1.065203,1.461663
1.200000,-0.000023,-0.000902,0.034797,-0.000031,-0.005645,-0.037326,-0.000000,-0.001015,1.570020,0.000000,1.000000,1.100000,0.000000,0.000000,-1.571000,0.000023,1.000902,1.065203,1.461664
1.202000,-0.000023,-0.000904,0.034797,-0.000031,-0.005645,-0.037326,-0.000000,-0.001015,1.570020,0.000000,1.000000,1.100000,0.000000,0.000000,-1.571000,0.000023,1.000904,1.065203,1.461665
1.204000,-0.000023,-0.000906,0.034797,-0.000031,-0.005645,-0.037326,-0.000000,-0.001015,1.570020,0.000000,1.000000,1.100000,0.000000,0.000000,-1.571000,0.000023,1.000906,1.065203,1.461667
1.206000,-0.000023,-0.000907,0.034797,-0.000031,-0.005645,-0.037326,-0.000000,-0.001015,1.570021,0.000000,1.000000,1.100000,0.000000,0.000000,-1.571000,0.000023,1.000907,1.065203,1.461668
1.208000,-0.000023,-0.000909,0.034797,-0.000031,-0.005645,-0.037326,-0.000000,-0.001015,1.570021,0.000000,1.000000,1.100000,0.000000,0.000000,-1.571000,0.000023,1.000909,1.065203,1.461669
1.210000,-0.000023,-0.000911,0.034797,-0.000031,-0.005645,-0.037326,-0.000000,-0.001015,1.570021,0.000000,1.000000,1.100000,0.000000,0.000000,-1.571000,0.000023,1.000911,1.065203,1.461670
1.212000,-0.000023,-0.000912,0.034797,-0.000031,-0.005645,-0.037326,-0.000000,-0.001015,1.570021,0.000000,1.000000,1.100000,0.000000,0.000000,-1.571000,0.000023,1.000912,1.065203,1.461671
1.214000,-0.000023,-0.000914,0.034797,-0.000031,-0.005645,-0.037326,-0.000000,-0.001015,1.570021,0.000000,1.000000,1.100000,0.000000,0.000000,-1.571000,0.000023,1.000914,1.065203,1.461672
1.216000,-0.000023,-0.000916,0.034797,-0.000031,-0.005645,-0.037326,-0.000000,-0.001015,1.570021,0.000000,1.000000,1.100000,0.000000,0.000000,-1.571000,0.000023,1.000916,1.065203,1.461673
1.218000,-0.000024,-0.000917,0.034797,-0.000031,-0.005645,-0.037326,-0.000000,-0.001015,1.570021,0.000000,1.000000,1.100000,0.000000,0.000000,-1.571000,0.000024,1.000917,1.065203,1.461675
1.220000,-0.000024,-0.000919,0.034797,-0.000031,-0.005645,-0.037326,-0.000000,-0.001015,1.570021,0.000000,1.000000,1.100000,0.000000,0.000000,-1.571000,0.000024,1.000919,1.065203,1.461676
1.222000,-0.000024,-0.000921,0.034797,-0.000031,-0.005645,-0.037326,-0.000000,-0.001015,1.570021,0.000000,1.000000,1.100000,0.000000,0.000000,-1.571000,0.000024,1.000921,1.065203,1.461677
1.224000,-0.000024,-0.000922,0.034797,-0.000031,-0.005645,-0.037326,-0.000000,-0.001015,1.570021,0.000000,1.000000,1.100000,0.000000,0.000000,-1.571000,0.000024,1.000922,1.065203,1.461678
1.226000,-0.000024,-0.000924,0.034797,-0.000031,-0.005645,-0.037326,-0.000000,-0.001015,1.570021,0.000000,1.000000,1.100000,0.000000,0.000000,-1.571000,0.000024,1.000924,1.065203,1.461679
1.228000,-0.000024,-0.000926,0.034797,-0.000031,-0.005645,-0.037326,-0.000000,-0.001015,1.570021,0.000000,1.000000,1.100000,0.000000,0.000000,-1.571000,0.000024,1.000926,1.065203,1.461680
1.230000,-0.000024,-0.000927,0.034797,-0.000031,-0.005645,-0.037326,-0.000000,-0.001015,1.570021,0.000000,1.000000,1.100000,0.000000,0.000000,-1.571000,0.000024,1.000927,1.065203,1.461681
1.232000,-0.000024,-0.000929,0.034797,-0.000031,-0.005645,-0.037326,-0.000000,-0.001015,1.570021,0.000000,1.000000,1.100000,0.000000,0.000000,-1.571000,0.000024,1.000929,1.065203,1.461683
1.234000,-0.000024,-0.000931,0.034797,-0.000031,-0.005645,-0.037326,-0.000000,-0.001015,1.570021,0.000000,1.000000,1.100000,0.000000,0.000000,-1.571000,0.000024,1.000931,1.065203,1.461684
1.236000,-0.000024,-0.000932,0.034797,-0.000031,-0.005645,-0.037326,-0.000000,-0.001015,1.570021,0.000000,1.000000,1.100000,0.000000,0.000000,-1.571000,0.000024,1.000932,1.065203,1.461685
1.238000,-0.000024,-0.000934,0.034797,-0.000031,-0.005645,-0.037326,-0.000000,-0.001015,1.570021,0.000000,1.000000,1.100000,0.000000,0.000000,-1.571000,0.000024,1.000934,1.065203,1.461686
1.240000,-0.000024,-0.000936,0.034797,-0.000031,-0.005645,-0.037326,-0.000000,-0.001015,1.570021,0.000000,1.000000,1.100000,0.000000,0.000000,-1.571000,0.000024,1.000936,1.065203,1.461687
1.242000,-0.000024,-0.000937,0.034797,-0.000031,-0.005645,-0.037326,-0.000000,-0.001015,1.570021,0.000000,1.000000,1.100000,0.000000,0.000000,-1.571000,0.000024,1.000937,1.065203,1.461688
1.244000,-0.000024,-0.000939,0.034797,-0.000031,-0.005645,-0.037326,-0.000000,-0.001015,1.570021,0.000000,1.000000,1.100000,0.000000,0.000000,-1.571000,0.000024,1.000939,1.065203,1.461690
1.246000,-0.000024,-0.000941,0.034797,-0.000031,-0.005645,-0.037326,-0.000000,-0.001015,1.570021,0.000000,1.000000,1.100000,0.000000,0.000000,-1.571000,0.000024,1.000941,1.065203,1.461691
1.248000,-0.000024,-0.000942,0.034797,-0.000031,-0.005645,-0.037326,-0.000000,-0.001015,1.570021,0.000000,1.000000,1.100000,0.000000,0.000000,-1.571000,0.000024,1.000942,1.065203,1.461692
1.250000,-0.000024,-0.000944,0.034797,-0.000031,-0.005645,-0.037326,-0.000000,-0.001015,1.570021,0.000000,1.000000,1.100000,0.000000,0.000000,-1.571000,0.000024,1.000944,1.065203,1.461693
1.252000,-0.000024,-0.000946,0.034797,-0.000031,-0.005645,-0.037326,-0.000000,-0.001015,1.570021,0.000000,1.000000,1.100000,0.000000,0.000000,-1.571000,0.000024,1.000946,1.065203,1.461694
1.254000,-0.000024,-0.000947,0.034797,-0.000031,-0.005645,-0.037326,-0.000000,-0.001015,1.570021,0.000000,1.000000,1.100000,0.000000,0.000000,-1.571000,0.000024,1.000947,1.065203,1.461695
1.256000,-0.000024,-0.000949,0.034797,-0.000031,-0.005645,-0.037326,-0.000000,-0.001015,1.570022,0.000000,1.000000,1.100000,0.000000,0.000000,-1.571000,0.000024,1.000949,1.065203,1.461696
1.258000,-0.000024,-0.000951,0.034797,-0.000031,-0.005645,-0.037326,-0.000000,-0.001015,1.570022,0.000000,1.000000,1.100000,0.000000,0.000000,-1.571000,0.000024,1.000951,1.065203,1.461698
1.260000,-0.000024,-0.000952,0.034797,-0.000031,-0.005645,-0.037326,-0.000000,-0.001015,1.570022,0.000000,1.000000,1.100000,0.000000,0.000000,-1.571000,0.000024,1.000952,1.065203,1.461699
1.262000,-0.000024,-0.000954,0.034797,-0.000031,-0.005645,-0.037326,-0.000000,-0.001015,1.570022,0.000000,1.000000,1.100000,0.000000,0.000000,-1.571000,0.000024,1.000954,1.065203,1.461700
1.264000,-0.000025,-0.000956,0.034797,-0.000031,-0.005645,-0.037326,-0.000000,-0.001015,1.570022,0.000000,1.000000,1.100000,0.000000,0.000000,-1.571000,0.000025,1.000956,1.065203,1.461701
1.266000,-0.000025,-0.000958,0.034797,-0.000031,-0.005645,-0.037326,-0.000000,-0.001015,1.570022,0.000000,1.000000,1.100000,0.000000,0.000000,-1.571000,0.000025,1.000958,1.065203,1.461702
1.268000,-0.000025,-0.000959,0.034797,-0.000031,-0.005645,-0.037326,-0.000000,-0.001015,1.570022,0.000000,1.000000,1.100000,0.000000,0.000000,-1.571000,0.000025,1.000959,1.065203,1.461703
1.270000,-0.000025,-0.000961,0.034797,-0.000031,-0.005645,-0.037326,-0.000000,-0.001015,1.570022,0.000000,1.000000,1.100000,0.000000,0.000000,-1.571000,0.000025,1.000961,1.065203,1.461704
1.272000,-0.000025,-0.000963,0.034797,-0.000031,-0.005645,-0.037326,-0.000000,-0.001015,1.570022,0.000000,1.000000,1.100000,0.000000,0.000000,-1.571000,0.000025,1.000963,1.065203,1.461706
1.274000,-0.000025,-0.000964,0.034797,-0.000031,-0.005645,-0.037326,-0.000000,-0.001015,1.570022,0.000000,1.000000,1.100000,0.000000,0.000000,-1.571000,0.000025,1.000964,1.065203,1.461707
1.276000,-0.000025,-0.000966,0.034797,-0.000031,-0.005645,-0.037326,-0.000000,-0.001015,1.570022,0.000000,1.000000,1.100000,0.000000,0.000000,-1.571000,0.000025,1.000966,1.065203,1.461708
1.278000,-0.000025,-0.000968,0.034797,-0.000031,-0.005645,-0.037326,-0.000000,-0.001015,1.570022,0.000000,1.000000,1.100000,0.000000,0.000000,-1.571000,0.000025,1.000968,1.065203,1.461709
1.280000,-0.000025,-0.000969,0.034797,-0.000031,-0.005645,-0.037326,-0.000000,-0.001015,1.570022,0.000000,1.000000,1.100000,0.000000,0.000000,-1.571000,0.000025,1.000969,1.065203,1.461710
1.282000,-0.000025,-0.000971,0.034797,-0.000031,-0.005645,-0.037326,-0.000000,-0.001015,1.570022,0.000000,1.000000,1.100000,0.000000,0.000000,-1.571000,0.000025,1.000971,1.065203,1.461711
1.284000,-0.000025,-0.000973,0.034797,-0.000031,-0.005645,-0.037326,-0.000000,-0.001015,1.570022,0.000000,1.000000,1.100000,0.000000,0.000000,-1.571000,0.000025,1.000973,1.065203,1.461712
1.286000,-0.000025,-0.000974,0.034797,-0.000031,-0.005645,-0.037326,-0.000000,-0.001015,1.570022,0.000000,1.000000,1.100000,0.000000,0.000000,-1.571000,0.000025,1.000974,1.065203,1.461714
1.288000,-0.000025,-0.000976,0.034797,-0.000031,-0.005645,-0.037326,-0.000000,-0.001015,1.570022,0.000000,1.000000,1.100000,0.000000,0.000000,-1.571000,0.000025,1.000976,1.065203,1.461715
1.290000,-0.000025,-0.000978,0.034797,-0.000031,-0.005645,-0.037326,-0.000000,-0.001015,1.570022,0.000000,1.000000,1.100000,0.000000,0.000000,-1.571000,0.000025,1.000978,1.065203,1.461716
1.292000,-0.000025,-0.000979,0.034797,-0.000031,-0.005645,-0.037326,-0.000000,-0.001015,1.570022,0.000000,1.000000,1.100000,0.000000,0.000000,-1.571000,0.000025,1.000979,1.065203,1.461717
1.294000,-0.000025,-0.000981,0.034797,-0.000031,-0.005645,-0.037326,-0.000000,-0.001015,1.570022,0.000000,1.000000,1.100000,0.000000,0.000000,-1.571000,0.000025,1.000981,1.065203,1.461718
1.296000,-0.000025,-0.000983,0.034797,-0.000031,-0.005645,-0.037326,-0.000000,-0.001015,1.570022,0.000000,1.000000,1.100000,0.000000,0.000000,-1.571000,0.000025,1.000983,1.065203,1.461719
1.298000,-0.000025,-0.000984,0.034797,-0.000031,-0.005645,-0.037326,-0.000000,-0.001015,1.570022,0.000000,1.000000,1.100000,0.000000,0.000000,-1.571000,0.000025,1.000984,1.065203,1.461720
1.300000,-0.000025,-0.000986,0.034797,-0.000031,-0.005645,-0.037326,-0.000000,-0.001015,1.570022,0.000000,1.000000,1.100000,0.000000,0.000000,-1.571000,0.000025,1.000986,1.065203,1.461722
1.302000,-0.000025,-0.000988,0.034797,-0.000031,-0.005645,-0.037326,-0.000000,-0.001015,1.570022,0.000000,1.000000,1.100000,0.000000,0.000000,-1.571000,0.000025,1.000988,1.065203,1.461723
1.304000,-0.000025,-0.000989,0.034797,-0.000031,-0.005645,-0.037326,-0.000000,-0.001015,1.570022,0.000000,1.000000,1.100000,0.000000,0.000000,-1.571000,0.000025,1.000989,1.065203,1.461724
1.306000,-0.000025,-0.000991,0.034797,-0.000031,-0.005645,-0.037326,-0.000000,-0.001015,1.570023,0.000000,1.000000,1.100000,0.000000,0.000000,-1.571000,0.000025,1.000991,1.065203,1.461725
1.308000,-0.000026,-0.000993,0.034797,-0.000031,-0.005645,-0.037326,-0.000000,-0.001015,1.570023,0.000000,1.000000,1.100000,0.000000,0.000000,-1.571000,0.000026,1.000993,1.065203,1.461726
1.310000,-0.000026,-0.000994,0.034797,-0.000031,-0.005645,-0.037326,-0.000000,-0.001015,1.570023,0.000000,1.000000,1.100000,0.000000,0.000000,-1.571000,0.000026,1.000994,1.065203,1.461727
1.312000,-0.000026,-0.000996,0.034797,-0.000031,-0.005645,-0.037326,-0.000000,-0.001015,1.570023,0.000000,1.000000,1.100000,0.000000,0.000000,-1.571000,0.000026,1.000996,1.065203,1.461729
1.314000,-0.000026,-0.000998,0.034797,-0.000031,-0.005645,-0.037326,-0.000000,-0.001015,1.570023,0.000000,1.000000,1.100000,0.000000,0.000000,-1.571000,0.000026,1.000998,1.065203,1.461730
1.316000,-0.000026,-0.000999,0.034797,-0.000031,-0.005645,-0.037326,-0.000000,-0.001015,1.570023,0.000000,1.000000,1.100000,0.000000,0.000000,-1.571000,0.000026,1.000999,1.065203,1.461731
1.318000,-0.000026,-0.001001,0.034797,-0.000031,-0.005645,-0.037326,-0.000000,-0.001015,1.570023,0.000000,1.000000,1.100000,0.000000,0.000000,-1.571000,0.000026,1.001001,1.065203,1.461732
1.320000,-0.000026,-0.001003,0.034797,-0.000031,-0.005645,-0.037326,-0.000000,-0.001015,1.570023,0.000000,1.000000,1.100000,0.000000,0.000000,-1.571000,0.000026,1.001003,1.065203,1.461733
1.322000,-0.000026,-0.001004,0.034797,-0.000031,-0.005645,-0.037326,-0.000000,-0.001015,1.570023,0.000000,1.000000,1.100000,0.000000,0.000000,-1.571000,0.000026,1.001004,1.065203,1.461734
1.324000,-0.000026,-0.001006,0.034797,-0.000031,-0.005645,-0.037326,-0.000000,-0.001015,1.570023,0.000000,1.000000,1.100000,0.000000,0.000000,-1.571000,0.000026,1.001006,1.065203,1.461735
1.326000,-0.000026,-0.001008,0.034797,-0.000031,-0.005645,-0.037326,-0.000000,-0.001015,1.570023,0.000000,1.000000,1.100000,0.000000,0.000000,-1.571000,0.000026,1.001008,1.065203,1.461737
1.328000,-0.000026,-0.001009,0.034797,-0.000031,-0.005645,-0.037326,-0.000000,-0.001015,1.570023,0.000000,1.000000,1.100000,0.000000,0.000000,-1.571000,0.000026,1.001009,1.065203,1.461738
1.330000,-0.000026,-0.001011,0.034797,-0.000031,-0.005645,-0.037326,-0.000000,-0.001015,1.570023,0.000000,1.000000,1.100000,0.000000,0.000000,-1.571000,0.000026,1.001011,1.065203,1.461739
1.332000,-0.000026,-0.001013,0.034797,-0.000031,-0.005645,-0.037326,-0.000000,-0.001015,1.570023,0.000000,1.000000,1.100000,0.000000,0.000000,-1.571000,0.000026,1.001013,1.065203,1.461740
1.334000,-0.000026,-0.001014,0.034797,-0.000031,-0.005645,-0.037326,-0.000000,-0.001015,1.570023,0.000000,1.000000,1.100000,0.000000,0.000000,-1.571000,0.000026,1.001014,1.065203,1.461741
1.336000,-0.000026,-0.001016,0.034797,-0.000031,-0.005645,-0.037326,-0.000000,-0.001015,1.570023,0.000000,1.000000,1.100000,0.000000,0.000000,-1.571000,0.000026,1.001016,1.065203,1.461742
1.338000,-0.000026,-0.001018,0.034797,-0.000031,-0.005645,-0.037326,-0.000000,-0.001015,1.570023,0.000000,1.000000,1.100000,0.000000,0.000000,-1.571000,0.000026,1.001018,1.065203,1.461743
1.340000,-0.000026,-0.001019,0.034797,-0.000031,-0.005645,-0.037326,-0.000000,-0.001015,1.570023,0.000000,1.000000,1.100000,0.000000,0.000000,-1.571000,0.000026,1.001019,1.065203,1.461745
1.342000,-0.000026,-0.001021,0.034797,-0.000031,-0.005645,-0.037326,-0.000000,-0.001015,1.570023,0.000000,1.000000,1.100000,0.000000,0.000000,-1.571000,0.000026,1.001021,1.065203,1.461746
1.344000,-0.000026,-0.001023,0.034797,-0.000031,-0.005645,-0.037326,-0.000000,-0.001015,1.570023,0.000000,1.000000,1.100000,0.000000,0.000000,-1.571000,0.000026,1.001023,1.065203,1.461747
1.346000,-0.000026,-0.001024,0.034797,-0.000031,-0.005645,-0.037326,-0.000000,-0.001015,1.570023,0.000000,1.000000,1.100000,0.000000,0.000000,-1.571000,0.000026,1.001024,1.065203,1.461748
1.348000,-0.000026,-0.001026,0.034797,-0.000031,-0.005645,-0.037326,-0.000000,-0.001015,1.570023,0.000000,1.000000,1.100000,0.000000,0.000000,-1.571000,0.000026,1.001026,1.065203,1.461749
1.350000,-0.000026,-0.001028,0.034797,-0.000031,-0.005645,-0.037326,-0.000000,-0.001015,1.570023,0.000000,1.000000,1.100000,0.000000,0.000000,-1.571000,0.000026,1.001028,1.065203,1.461750
1.352000,-0.000027,-0.001030,0.034797,-0.000031,-0.005645,-0.037326,-0.000000,-0.001015,1.570023,0.000000,1.000000,1.100000,0.000000,0.000000,-1.571000,0.000027,1.001030,1.065203,1.461751
1.354000,-0.000027,-0.001031,0.034797,-0.000031,-0.005645,-0.037326,-0.000000,-0.001015,1.570023,0.000000,1.000000,1.100000,0.000000,0.000000,-1.571000,0.000027,1.001031,1.065203,1.461753
1.356000,-0.000027,-0.001033,0.034797,-0.000031,-0.005645,-0.037326,-0.000000,-0.001015,1.570023,0.000000,1.000000,1.100000,0.000000,0.000000,-1.571000,0.000027,1.001033,1.065203,1.461754
1.358000,-0.000027,-0.001035,0.034797,-0.000031,-0.005645,-0.037326,-0.000000,-0.001015,1.570024,0.000000,1.000000,1.100000,0.000000,0.000000,-1.571000,0.000027,1.001035,1.065203,1.461755
1.360000,-0.000027,-0.001036,0.034797,-0.000031,-0.005645,-0.037326,-0.000000,-0.001015,1.570024,0.000000,1.000000,1.100000,0.000000,0.000000,-1.571000,0.000027,1.001036,1.065203,1.461756
1.362000,-0.000027,-0.001038,0.034797,-0.000031,-0.005645,-0.037326,-0.000000,-0.001015,1.570024,0.000000,1.000000,1.100000,0.000000,0.000000,-1.571000,0.000027,1.001038,1.065203,1.461757
1.364000,-0.000027,-0.001040,0.034797,-0.000031,-0.005645,-0.037326,-0.000000,-0.001015,1.570024,0.000000,1.000000,1.100000,0.000000,0.000000,-1.571000,0.000027,1.001040,1.065203,1.461758
1.366000,-0.000027,-0.001041,0.034797,-0.000031,-0.005645,-0.037326,-0.000000,-0.001015,1.570024,0.000000,1.000000,1.100000,0.000000,0.000000,-1.571000,0.000027,1.001041,1.065203,1.461759
1.368000,-0.000027,-0.001043,0.034797,-0.000031,-0.005645,-0.037326,-0.000000,-0.001015,1.570024,0.000000,1.000000,1.100000,0.000000,0.000000,-1.571000,0.000027,1.001043,1.065203,1.461761
1.370000,-0.000027,-0.001045,0.034797,-0.000031,-0.005645,-0.037326,-0.000000,-0.001015,1.570024,0.000000,1.000000,1.100000,0.000000,0.000000,-1.571000,0.000027,1.001045,1.065203,1.461762
1.372000,-0.000027,-0.001046,0.034797,-0.000031,-0.005645,-0.037326,-0.000000,-0.001015,1.570024,0.000000,1.000000,1.100000,0.000000,0.000000,-1.571000,0.000027,1.001046,1.065203,1.461763
1.374000,-0.000027,-0.001048,0.034797,-0.000031,-0.005645,-0.037326,-0.000000,-0.001015,1.570024,0.000000,1.000000,1.100000,0.000000,0.000000,-1.571000,0.000027,1.001048,1.065203,1.461764
1.376000,-0.000027,-0.001050,0.034797,-0.000031,-0.005645,-0.037326,-0.000000,-0.001015,1.570024,0.000000,1.000000,1.100000,0.000000,0.000000,-1.571000,0.000027,1.001050,1.065203,1.461765
1.378000,-0.000027,-0.001051,0.034797,-0.000031,-0.005645,-0.037326,-0.000000,-0.001015,1.570024,0.000000,1.000000,1.100000,0.000000,0.000000,-1.571000,0.000027,1.001051,1.065203,1.461766
1.380000,-0.000027,-0.001053,0.034797,-0.000031,-0.005645,-0.037326,-0.000000,-0.001015,1.570024,0.000000,1.000000,1.100000,0.000000,0.000000,-1.571000,0.000027,1.001053,1.065203,1.461768
1.382000,-0.000027,-0.001055,0.034797,-0.000031,-0.005645,-0.037326,-0.000000,-0.001015,1.570024,0.000000,1.000000,1.100000,0.000000,0.000000,-1.571000,0.000027,1.001055,1.065203,1.461769
1.384000,-0.000027,-0.001056,0.034797,-0.000031,-0.005645,-0.037326,-0.000000,-0.001015,1.570024,0.000000,1.000000,1.100000,0.000000,0.000000,-1.571000,0.000027,1.001056,1.065203,1.461770
1.386000,-0.000027,-0.001058,0.034797,-0.000031,-0.005645,-0.037326,-0.000000,-0.001015,1.570024,0.000000,1.000000,1.100000,0.000000,0.000000,-1.571000,0.000027,1.001058,1.065203,1.461771
1.388000,-0.000027,-0.001060,0.034797,-0.000031,-0.005645,-0.037326,-0.000000,-0.001015,1.570024,0.000000,1.000000,1.100000,0.000000,0.000000,-1.571000,0.000027,1.001060,1.065203,1.461772
1.390000,-0.000027,-0.001061,0.034797,-0.000031,-0.005645,-0.037326,-0.000000,-0.001015,1.570024,0.000000,1.000000,1.100000,0.000000,0.000000,-1.571000,0.000027,1.001061,1.065203,1.461773
1.392000,-0.000027,-0.001063,0.034797,-0.000031,-0.005645,-0.037326,-0.000000,-0.001015,1.570024,0.000000,1.000000,1.100000,0.000000,0.000000,-1.571000,0.000027,1.001063,1.065203,1.461774
1.394000,-0.000027,-0.001065,0.034797,-0.000031,-0.005645,-0.037326,-0.000000,-0.001015,1.570024,0.000000,1.000000,1.100000,0.000000,0.000000,-1.571000,0.000027,1.001065,1.065203,1.461776
1.396000,-0.000027,-0.001066,0.034797,-0.000031,-0.005645,-0.037326,-0.000000,-0.001015,1.570024,0.000000,1.000000,1.100000,0.000000,0.000000,-1.571000,0.000027,1.001066,1.065203,1.461777
1.398000,-0.000028,-0.001068,0.034797,-0.000031,-0.005645,-0.037326,-0.000000,-0.001015,1.570024,0.000000,1.000000,1.100000,0.000000,0.000000,-1.571000,0.000028,1.001068,1.065203,1.461778
1.400000,-0.000028,-0.001070,0.034797,-0.000031,-0.005645,-0.037326,-0.000000,-0.001015,1.570024,0.000000,1.000000,1.100000,0.000000,0.000000,-1.571000,0.000028,1.001070,1.065203,1.461779
1.402000,-0.000028,-0.001071,0.034797,-0.000031,-0.005645,-0.037326,-0.000000,-0.001015,1.570024,0.000000,1.000000,1.100000,0.000000,0.000000,-1.571000,0.000028,1.001071,1.065203,1.461780
1.404000,-0.000028,-0.001073,0.034797,-0.000031,-0.005645,-0.037326,-0.000000,-0.001015,1.570024,0.000000,1.000000,1.100000,0.000000,0.000000,-1.571000,0.000028,1.001073,1.065203,1.461781
1.406000,-0.000028,-0.001075,0.034797,-0.000031,-0.005645,-0.037326,-0.000000,-0.001015,1.570024,0.000000,1.000000,1.100000,0.000000,0.000000,-1.571000,0.000028,1.001075,1.065203,1.461782
1.408000,-0.000028,-0.001076,0.034797,-0.000031,-0.005645,-0.037326,-0.000000,-0.001015,1.570025,0.000000,1.000000,1.100000,0.000000,0.000000,-1.571000,0.000028,1.001076,1.065203,1.461784
1.410000,-0.000028,-0.001078,0.034797,-0.000031,-0.005645,-0.037326,-0.000000,-0.001015,1.570025,0.000000,1.000000,1.100000,0.000000,0.000000,-1.571000,0.000028,1.001078,1.065203,1.461785
1.412000,-0.000028,-0.001080,0.034797,-0.000031,-0.005645,-0.037326,-0.000000,-0.001015,1.570025,0.000000,1.000000,1.100000,0.000000,0.000000,-1.571000,0.000028,1.001080,1.065203,1.461786
1.414000,-0.000028,-0.001081,0.034797,-0.000031,-0.005645,-0.037326,-0.000000,-0.001015,1.570025,0.000000,1.000000,1.100000,0.000000,0.000000,-1.571000,0.000028,1.001081,1.065203,1.461787
1.416000,-0.000028,-0.001083,0.034797,-0.000031,-0.005645,-0.037326,-0.000000,-0.001015,1.570025,0.000000,1.000000,1.100000,0.000000,0.000000,-1.571000,0.000028,1.001083,1.065203,1.461788
1.418000,-0.000028,-0.001085,0.034797,-0.000031,-0.005645,-0.037326,-0.000000,-0.001015,1.570025,0.000000,1.000000,1.100000,0.000000,0.000000,-1.571000,0.000028,1.001085,1.065203,1.461789
1.420000,-0.000028,-0.001086,0.034797,-0.000031,-0.005645,-0.037326,-0.000000,-0.001015,1.570025,0.000000,1.000000,1.100000,0.000000,0.000000,-1.571000,0.000028,1.001086,1.065203,1.461790
1.422000,-0.000028,-0.001088,0.034797,-0.000031,-0.005645,-0.037326,-0.000000,-0.001015,1.570025,0.000000,1.000000,1.100000,0.000000,0.000000,-1.571000,0.000028,1.001088,1.065203,1.461792
1.424000,-0.000028,-0.001090,0.034797,-0.000031,-0.005645,-0.037326,-0.000000,-0.001015,1.570025,0.000000,1.000000,1.100000,0.000000,0.000000,-1.571000,0.000028,1.001090,1.065203,1.461793
1.426000,-0.000028,-0.001091,0.034797,-0.000031,-0.005645,-0.037326,-0.000000,-0.001015,1.570025,0.000000,1.000000,1.100000,0.000000,0.000000,-1.571000,0.000028,1.001091,1.065203,1.461794
1.428000,-0.000028,-0.001093,0.034797,-0.000031,-0.005645,-0.037326,-0.000000,-0.001015,1.570025,0.000000,1.000000,1.100000,0.000000,0.000000,-1.571000,0.000028,1.001093,1.065203,1.461795
1.430000,-0.000028,-0.001095,0.034797,-0.000031,-0.005645,-0.037326,-0.000000,-0.001015,1.570025,0.000000,1.000000,1.100000,0.000000,0.000000,-1.571000,0.000028,1.001095,1.065203,1.461796
1.432000,-0.000028,-0.001097,0.034797,-0.000031,-0.005645,-0.037326,-0.000000,-0.001015,1.570025,0.000000,1.000000,1.100000,0.000000,0.000000,-1.571000,0.000028,1.001097,1.065203,1.461797
1.434000,-0.000028,-0.001098,0.034797,-0.000031,-0.005645,-0.037326,-0.000000,-0.001015,1.570025,0.000000,1.000000,1.100000,0.000000,0.000000,-1.571000,0.000028,1.001098,1.065203,1.461798
1.436000,-0.000028,-0.001100,0.034797,-0.000031,-0.005645,-0.037326,-0.000000,-0.001015,1.570025,0.000000,1.000000,1.100000,0.000000,0.000000,-1.571000,0.000028,1.001100,1.065203,1.461800
1.438000,-0.000028,-0.001102,0.034797,-0.000031,-0.005645,-0.037326,-0.000000,-0.001015,1.570025,0.000000,1.000000,1.100000,0.000000,0.000000,-1.571000,0.000028,1.001102,1.065203,1.461801
1.440000,-0.000028,-0.001103,0.034797,-0.000031,-0.005645,-0.037326,-0.000000,-0.001015,1.570025,0.000000,1.000000,1.100000,0.000000,0.000000,-1.571000,0.000028,1.001103,1.065203,1.461802
1.442000,-0.000029,-0.001105,0.034797,-0.000031,-0.005645,-0.037326,-0.000000,-0.001015,1.570025,0.000000,1.000000,1.100000,0.000000,0.000000,-1.571000,0.000029,1.001105,1.065203,1.461803
1.444000,-0.000029,-0.001107,0.034797,-0.000031,-0.005645,-0.037326,-0.000000,-0.001015,1.570025,0.000000,1.000000,1.100000,0.000000,0.000000,-1.571000,0.000029,1.001107,1.065203,1.461804
1.446000,-0.000029,-0.001108,0.034797,-0.000031,-0.005645,-0.037326,-0.000000,-0.001015,1.570025,0.000000,1.000000,1.100000,0.000000,0.000000,-1.571000,0.000029,1.001108,1.065203,1.461805
1.448000,-0.000029,-0.001110,0.034797,-0.000031,-0.005645,-0.037326,-0.000000,-0.001015,1.570025,0.000000,1.000000,1.100000,0.000000,0.000000,-1.571000,0.000029,1.001110,1.065203,1.461807
1.450000,-0.000029,-0.001112,0.034797,-0.000031,-0.005645,-0.037326,-0.000000,-0.001015,1.570025,0.000000,1.000000,1.100000,0.000000,0.000000,-1.571000,0.000029,1.001112,1.065203,1.461808
1.452000,-0.000029,-0.001113,0.034797,-0.000031,-0.005645,-0.037326,-0.000000,-0.001015,1.570025,0.000000,1.000000,1.100000,0.000000,0.000000,-1.571000,0.000029,1.001113,1.065203,1.461809
1.454000,-0.000029,-0.001115,0.034797,-0.000031,-0.005645,-0.037326,-0.000000,-0.001015,1.570025,0.000000,1.000000,1.100000,0.000000,0.000000,-1.571000,0.000029,1.001115,1.065203,1.461810
1.456000,-0.000029,-0.001117,0.034797,-0.000031,-0.005645,-0.037326,-0.000000,-0.001015,1.570025,0.000000,1.000000,1.100000,0.000000,0.000000,-1.571000,0.000029,1.001117,1.065203,1.461811
1.458000,-0.000029,-0.001118,0.034797,-0.000031,-0.005645,-0.037326,-0.000000,-0.001015,1.570026,0.000000,1.000000,1.100000,0.000000,0.000000,-1.571000,0.000029,1.001118,1.065203,1.461812
1.460000,-0.000029,-0.001120,0.034797,-0.000031,-0.005645,-0.037326,-0.000000,-0.001015,1.570026,0.000000,1.000000,1.100000,0.000000,0.000000,-1.571000,0.000029,1.001120,1.065203,1.461813
1.462000,-0.000029,-0.001122,0.034797,-0.000031,-0.005645,-0.037326,-0.000000,-0.001015,1.570026,0.000000,1.000000,1.100000,0.000000,0.000000,-1.571000,0.000029,1.001122,1.065203,1.461815
1.464000,-0.000029,-0.001123,0.034797,-0.000031,-0.005645,-0.037326,-0.000000,-0.001015,1.570026,0.000000,1.000000,1.100000,0.000000,0.000000,-1.571000,0.000029,1.001123,1.065203,1.461816
1.466000,-0.000029,-0.001125,0.034797,-0.000031,-0.005645,-0.037326,-0.000000,-0.001015,1.570026,0.000000,1.000000,1.100000,0.000000,0.000000,-1.571000,0.000029,1.001125,1.065203,1.461817
1.468000,-0.000029,-0.001127,0.034797,-0.000031,-0.005645,-0.037326,-0.000000,-0.001015,1.570026,0.000000,1.000000,1.100000,0.000000,0.000000,-1.571000,0.000029,1.001127,1.065203,1.461818
1.470000,-0.000029,-0.001128,0.034797,-0.000031,-0.005645,-0.037326,-0.000000,-0.001015,1.570026,0.000000,1.000000,1.100000,0.000000,0.000000,-1.571000,0.000029,1.001128,1.065203,1.461819
1.472000,-0.000029,-0.001130,0.034797,-0.000031,-0.005645,-0.037326,-0.000000,-0.001015,1.570026,0.000000,1.000000,1.100000,0.000000,0.000000,-1.571000,0.000029,1.001130,1.065203,1.461820
1.474000,-0.000029,-0.001132,0.034797,-0.000031,-0.005645,-0.037326,-0.000000,-0.001015,1.570026,0.000000,1.000000,1.100000,0.000000,0.000000,-1.571000,0.000029,1.001132,1.065203,1.461821
1.476000,-0.000029,-0.001133,0.034797,-0.000031,-0.005645,-0.037326,-0.000000,-0.001015,1.570026,0.000000,1.000000,1.100000,0.000000,0.000000,-1.571000,0.000029,1.001133,1.065203,1.461823
1.478000,-0.000029,-0.001135,0.034797,-0.000031,-0.005645,-0.037326,-0.000000,-0.001015,1.570026,0.000000,1.000000,1.100000,0.000000,0.000000,-1.571000,0.000029,1.001135,1.065203,1.461824
1.480000,-0.000029,-0.001137,0.034797,-0.000031,-0.005645,-0.037326,-0.000000,-0.001015,1.570026,0.000000,1.000000,1.100000,0.000000,0.000000,-1.571000,0.000029,1.001137,1.065203,1.461825
1.482000,-0.000029,-0.001138,0.034797,-0.000031,-0.005645,-0.037326,-0.000000,-0.001015,1.570026,0.000000,1.000000,1.100000,0.000000,0.000000,-1.571000,0.000029,1.001138,1.065203,1.461826
1.484000,-0.000029,-0.001140,0.034797,-0.000031,-0.005645,-0.037326,-0.000000,-0.001015,1.570026,0.000000,1.000000,1.100000,0.000000,0.000000,-1.571000,0.000029,1.001140,1.065203,1.461827
1.486000,-0.000030,-0.001142,0.034797,-0.000031,-0.005645,-0.037326,-0.000000,-0.001015,1.570026,0.000000,1.000000,1.100000,0.000000,0.000000,-1.571000,0.000030,1.001142,1.065203,1.461828
1.488000,-0.000030,-0.001143,0.034797,-0.000031,-0.005645,-0.037326,-0.000000,-0.001015,1.570026,0.000000,1.000000,1.100000,0.000000,0.000000,-1.571000,0.000030,1.001143,1.065203,1.461829
1.490000,-0.000030,-0.001145,0.034797,-0.000031,-0.005645,-0.037326,-0.000000,-0.001015,1.570026,0.000000,1.000000,1.100000,0.000000,0.000000,-1.571000,0.000030,1.001145,1.065203,1.461831
1.492000,-0.000030,-0.001147,0.034797,-0.000031,-0.005645,-0.037326,-0.000000,-0.001015,1.570026,0.000000,1.000000,1.100000,0.000000,0.000000,-1.571000,0.000030,1.001147,1.065203,1.461832
1.494000,-0.000030,-0.001148,0.034797,-0.000031,-0.005645,-0.037326,-0.000000,-0.001015,1.570026,0.000000,1.000000,1.100000,0.000000,0.000000,-1.571000,0.000030,1.001148,1.065203,1.461833
1.496000,-0.000030,-0.001150,0.034797,-0.000031,-0.005645,-0.037326,-0.000000,-0.001015,1.570026,0.000000,1.000000,1.100000,0.000000,0.000000,-1.571000,0.000030,1.001150,1.065203,1.461834
1.498000,-0.000030,-0.001152,0.034797,-0.000031,-0.005645,-0.037326,-0.000000,-0.001015,1.570026,0.000000,1.000000,1.100000,0.000000,0.000000,-1.571000,0.000030,1.001152,1.065203,1.461835
1.500000,-0.000030,-0.001153,0.034797,-0.000031,-0.005645,-0.037326,-0.000000,-0.001015,1.570026,0.000000,1.000000,1.100000,0.000000,0.000000,-1.571000,0.000030,1.001153,1.065203,1.461836
1.502000,-0.000030,-0.001155,0.034797,-0.000031,-0.005645,-0.037326,-0.000000,-0.001015,1.570026,0.000000,1.000000,1.100000,0.000000,0.000000,-1.571000,0.000030,1.001155,1.065203,1.461837
1.504000,-0.000030,-0.001157,0.034797,-0.000031,-0.005645,-0.037326,-0.000000,-0.001015,1.570026,0.000000,1.000000,1.100000,0.000000,0.000000,-1.571000,0.000030,1.001157,1.065203,1.461839
1.506000,-0.000030,-0.001158,0.034797,-0.000031,-0.005645,-0.037326,-0.000000,-0.001015,1.570026,0.000000,1.000000,1.100000,0.000000,0.000000,-1.571000,0.000030,1.001158,1.065203,1.461840
1.508000,-0.000030,-0.001160,0.034797,-0.000031,-0.005645,-0.037326,-0.000000,-0.001015,1.570027,0.000000,1.000000,1.100000,0.000000,0.000000,-1.571000,0.000030,1.001160,1.065203,1.461841
1.510000,-0.000030,-0.001162,0.034797,-0.000031,-0.005645,-0.037326,-0.000000,-0.001015,1.570027,0.000000,1.000000,1.100000,0.000000,0.000000,-1.571000,0.000030,1.001162,1.065203,1.461842
1.512000,-0.000030,-0.001164,0.034797,-0.000031,-0.005645,-0.037326,-0.000000,-0.001015,1.570027,0.000000,1.000000,1.100000,0.000000,0.000000,-1.571000,0.000030,1.001164,1.065203,1.461843
1.514000,-0.000030,-0.001165,0.034797,-0.000031,-0.005645,-0.037326,-0.000000,-0.001015,1.570027,0.000000,1.000000,1.100000,0.000000,0.000000,-1.571000,0.000030,1.001165,1.065203,1.461844
1.516000,-0.000030,-0.001167,0.034797,-0.000031,-0.005645,-0.037326,-0.000000,-0.001015,1.570027,0.000000,1.000000,1.100000,0.000000,0.000000,-1.571000,0.000030,1.001167,1.065203,1.461845
1.518000,-0.000030,-0.001169,0.034797,-0.000031,-0.005645,-0.037326,-0.000000,-0.001015,1.570027,0.000000,1.000000,1.100000,0.000000,0.000000,-1.571000,0.000030,1.001169,1.065203,1.461847
1.520000,-0.000030,-0.001170,0.034797,-0.000031,-0.005645,-0.037326,-0.000000,-0.001015,1.570027,0.000000,1.000000,1.100000,0.000000,0.000000,-1.571000,0.000030,1.001170,1.065203,1.461848
1.522000,-0.000030,-0.001172,0.034797,-0.000031,-0.005645,-0.037326,-0.000000,-0.001015,1.570027,0.000000,1.000000,1.100000,0.000000,0.000000,-1.571000,0.000030,1.001172,1.065203,1.461849
1.524000,-0.000030,-0.001174,0.034797,-0.000031,-0.005645,-0.037326,-0.000000,-0.001015,1.570027,0.000000,1.000000,1.100000,0.000000,0.000000,-1.571000,0.000030,1.001174,1.065203,1.461850
1.526000,-0.000030,-0.001175,0.034797,-0.000031,-0.005645,-0.037326,-0.000000,-0.001015,1.570027,0.000000,1.000000,1.100000,0.000000,0.000000,-1.571000,0.000030,1.001175,1.065203,1.461851
1.528000,-0.000030,-0.001177,0.034797,-0.000031,-0.005645,-0.037326,-0.000000,-0.001015,1.570027,0.000000,1.000000,1.100000,0.000000,0.000000,-1.571000,0.000030,1.001177,1.065203,1.461852
1.530000,-0.000030,-0.001179,0.034797,-0.000031,-0.005645,-0.037326,-0.000000,-0.001015,1.570027,0.000000,1.000000,1.100000,0.000000,0.000000,-1.571000,0.000030,1.001179,1.065203,1.461854
1.532000,-0.000031,-0.001180,0.034797,-0.000031,-0.005645,-0.037326,-0.000000,-0.001015,1.570027,0.000000,1.000000,1.100000,0.000000,0.000000,-1.571000,0.000031,1.001180,1.065203,1.461855
1.534000,-0.000031,-0.001182,0.034797,-0.000031,-0.005645,-0.037326,-0.000000,-0.001015,1.570027,0.000000,1.000000,1.100000,0.000000,0.000000,-1.571000,0.000031,1.001182,1.065203,1.461856
1.536000,-0.000031,-0.001184,0.034797,-0.000031,-0.005645,-0.037326,-0.000000,-0.001015,1.570027,0.000000,1.000000,1.100000,0.000000,0.000000,-1.571000,0.000031,1.001184,1.065203,1.461857
1.538000,-0.000031,-0.001185,0.034797,-0.000031,-0.005645,-0.037326,-0.000000,-0.001015,1.570027,0.000000,1.000000,1.100000,0.000000,0.000000,-1.571000,0.000031,1.001185,1.065203,1.461858
1.540000,-0.000031,-0.001187,0.034797,-0.000031,-0.005645,-0.037326,-0.000000,-0.001015,1.570027,0.000000,1.000000,1.100000,0.000000,0.000000,-1.571000,0.000031,1.001187,1.065203,1.461859
1.542000,-0.000031,-0.001189,0.034797,-0.000031,-0.005645,-0.037326,-0.000000,-0.001015,1.570027,0.000000,1.000000,1.100000,0.000000,0.000000,-1.571000,0.000031,1.001189,1.065203,1.461860
1.544000,-0.000031,-0.001190,0.034797,-0.000031,-0.005645,-0.037326,-0.000000,-0.001015,1.570027,0.000000,1.000000,1.100000,0.000000,0.000000,-1.571000,0.000031,1.001190,1.065203,1.461862
1.546000,-0.000031,-0.001192,0.034797,-0.000031,-0.005645,-0.037326,-0.000000,-0.001015,1.570027,0.000000,1.000000,1.100000,0.000000,0.000000,-1.571000,0.000031,1.001192,1.065203,1.461863
1.548000,-0.000031,-0.001194,0.034797,-0.000031,-0.005645,-0.037326,-0.000000,-0.001015,1.570027,0.000000,1.000000,1.100000,0.000000,0.000000,-1.571000,0.000031,1.001194,1.065203,1.461864
1.550000,-0.000031,-0.001195,0.034797,-0.000031,-0.005645,-0.037326,-0.000000,-0.001015,1.570027,0.000000,1.000000,1.100000,0.000000,0.000000,-1.571000,0.000031,1.001195,1.065203,1.461865
1.552000,-0.000031,-0.001197,0.034797,-0.000031,-0.005645,-0.037326,-0.000000,-0.001015,1.570027,0.000000,1.000000,1.100000,0.000000,0.000000,-1.571000,0.000031,1.001197,1.065203,1.461866
1.554000,-0.000031,-0.001199,0.034797,-0.000031,-0.005645,-0.037326,-0.000000,-0.001015,1.570027,0.000000,1.000000,1.100000,0.000000,0.000000,-1.571000,0.000031,1.001199,1.065203,1.461867
1.556000,-0.000031,-0.001200,0.034797,-0.000031,-0.005645,-0.037326,-0.000000,-0.001015,1.570027,0.000000,1.000000,1.100000,0.000000,0.000000,-1.571000,0.000031,1.001200,1.065203,1.461868
1.558000,-0.000031,-0.001202,0.034797,-0.000031,-0.005645,-0.037326,-0.000000,-0.001015,1.570027,0.000000,1.000000,1.100000,0.000000,0.000000,-1.571000,0.000031,1.001202,1.065203,1.461870
1.560000,-0.000031,-0.001204,0.034797,-0.000031,-0.005645,-0.037326,-0.000000,-0.001015,1.570028,0.000000,1.000000,1.100000,0.000000,0.000000,-1.571000,0.000031,1.001204,1.065203,1.461871
1.562000,-0.000031,-0.001205,0.034797,-0.000031,-0.005645,-0.037326,-0.000000,-0.001015,1.570028,0.000000,1.000000,1.100000,0.000000,0.000000,-1.571000,0.000031,1.001205,1.065203,1.461872
1.564000,-0.000031,-0.001207,0.034797,-0.000031,-0.005645,-0.037326,-0.000000,-0.001015,1.570028,0.000000,1.000000,1.100000,0.000000,0.000000,-1.571000,0.000031,1.001207,1.065203,1.461873
1.566000,-0.000031,-0.001209,0.034797,-0.000031,-0.005645,-0.037326,-0.000000,-0.001015,1.570028,0.000000,1.000000,1.100000,0.000000,0.000000,-1.571000,0.000031,1.001209,1.065203,1.461874
1.568000,-0.000031,-0.001210,0.034797,-0.000031,-0.005645,-0.037326,-0.000000,-0.001015,1.570028,0.000000,1.000000,1.100000,0.000000,0.000000,-1.571000,0.000031,1.001210,1.065203,1.461875
1.570000,-0.000031,-0.001212,0.034797,-0.000031,-0.005645,-0.037326,-0.000000,-0.001015,1.570028,0.000000,1.000000,1.100000,0.000000,0.000000,-1.571000,0.000031,1.001212,1.065203,1.461876
1.572000,-0.000031,-0.001214,0.034797,-0.000031,-0.005645,-0.037326,-0.000000,-0.001015,1.570028,0.000000,1.000000,1.100000,0.000000,0.000000,-1.571000,0.000031,1.001214,1.065203,1.461878
1.574000,-0.000031,-0.001215,0.034797,-0.000031,-0.005645,-0.037326,-0.000000,-0.001015,1.570028,0.000000,1.000000,1.100000,0.000000,0.000000,-1.571000,0.000031,1.001215,1.065203,1.461879
1.576000,-0.000032,-0.001217,0.034797,-0.000031,-0.005645,-0.037326,-0.000000,-0.001015,1.570028,0.000000,1.000000,1.100000,0.000000,0.000000,-1.571000,0.000032,1.001217,1.065203,1.461880
1.578000,-0.000032,-0.001219,0.034797,-0.000031,-0.005645,-0.037326,-0.000000,-0.001015,1.570028,0.000000,1.000000,1.100000,0.000000,0.000000,-1.571000,0.000032,1.001219,1.065203,1.461881
1.580000,-0.000032,-0.001220,0.034797,-0.000031,-0.005645,-0.037326,-0.000000,-0.001015,1.570028,0.000000,1.000000,1.100000,0.000000,0.000000,-1.571000,0.000032,1.001220,1.065203,1.461882
1.582000,-0.000032,-0.001222,0.034797,-0.000031,-0.005645,-0.037326,-0.000000,-0.001015,1.570028,0.000000,1.000000,1.100000,0.000000,0.000000,-1.571000,0.000032,1.001222,1.065203,1.461883
1.584000,-0.000032,-0.001224,0.034797,-0.000031,-0.005645,-0.037326,-0.000000,-0.001015,1.570028,0.000000,1.000000,1.100000,0.000000,0.000000,-1.571000,0.000032,1.001224,1.065203,1.461884
1.586000,-0.000032,-0.001225,0.034797,-0.000031,-0.005645,-0.037326,-0.000000,-0.001015,1.570028,0.000000,1.000000,1.100000,0.000000,0.000000,-1.571000,0.000032,1.001225,1.065203,1.461886
1.588000,-0.000032,-0.001227,0.034797,-0.000031,-0.005645,-0.037326,-0.000000,-0.001015,1.570028,0.000000,1.000000,1.100000,0.000000,0.000000,-1.571000,0.000032,1.001227,1.065203,1.461887
1.590000,-0.000032,-0.001229,0.034797,-0.000031,-0.005645,-0.037326,-0.000000,-0.001015,1.570028,0.000000,1.000000,1.100000,0.000000,0.000000,-1.571000,0.000032,1.001229,1.065203,1.461888
1.592000,-0.000032,-0.001230,0.034797,-0.000031,-0.005645,-0.037326,-0.000000,-0.001015,1.570028,0.000000,1.000000,1.100000,0.000000,0.000000,-1.571000,0.000032,1.001230,1.065203,1.461889
1.594000,-0.000032,-0.001232,0.034797,-0.000031,-0.005645,-0.037326,-0.000000,-0.001015,1.570028,0.000000,1.000000,1.100000,0.000000,0.000000,-1.571000,0.000032,1.001232,1.065203,1.461890
1.596000,-0.000032,-0.001234,0.034797,-0.000031,-0.005645,-0.037326,-0.000000,-0.001015,1.570028,0.000000,1.000000,1.100000,0.000000,0.000000,-1.571000,0.000032,1.001234,1.065203,1.461891
1.598000,-0.000032,-0.001236,0.034797,-0.000031,-0.005645,-0.037326,-0.000000,-0.001015,1.570028,0.000000,1.000000,1.100000,0.000000,0.000000,-1.571000,0.000032,1.001236,1.065203,1.461893
1.600000,-0.000032,-0.001237,0.034797,-0.000031,-0.005645,-0.037326,-0.000000,-0.001015,1.570028,0.000000,1.000000,1.100000,0.000000,0.000000,-1.571000,0.000032,1.001237,1.065203,1.461894
1.602000,-0.000032,-0.001239,0.034797,-0.000031,-0.005645,-0.037326,-0.000000,-0.001015,1.570028,0.000000,1.000000,1.100000,0.000000,0.000000,-1.571000,0.000032,1.001239,1.065203,1.461895
1.604000,-0.000032,-0.001241,0.034797,-0.000031,-0.005645,-0.037326,-0.000000,-0.001015,1.570028,0.000000,1.000000,1.100000,0.000000,0.000000,-1.571000,0.000032,1.001241,1.065203,1.461896
1.606000,-0.000032,-0.001242,0.034797,-0.000031,-0.005645,-0.037326,-0.000000,-0.001015,1.570028,0.000000,1.000000,1.100000,0.000000,0.000000,-1.571000,0.000032,1.001242,1.065203,1.461897
1.608000,-0.000032,-0.001244,0.034797,-0.000031,-0.005645,-0.037326,-0.000000,-0.001015,1.570028,0.000000,1.000000,1.100000,0.000000,0.000000,-1.571000,0.000032,1.001244,1.065203,1.461898
1.610000,-0.000032,-0.001246,0.034797,-0.000031,-0.005645,-0.037326,-0.000000,-0.001015,1.570029,0.000000,1.000000,1.100000,0.000000,0.000000,-1.571000,0.000032,1.001246,1.065203,1.461899
1.612000,-0.000032,-0.001247,0.034797,-0.000031,-0.005645,-0.037326,-0.000000,-0.001015,1.570029,0.000000,1.000000,1.100000,0.000000,0.000000,-1.571000,0.000032,1.001247,1.065203,1.461901
1.614000,-0.000032,-0.001249,0.034797,-0.000031,-0.005645,-0.037326,-0.000000,-0.001015,1.570029,0.000000,1.000000,1.100000,0.000000,0.000000,-1.571000,0.000032,1.001249,1.065203,1.461902
1.616000,-0.000032,-0.001251,0.034797,-0.000031,-0.005645,-0.037326,-0.000000,-0.001015,1.570029,0.000000,1.000000,1.100000,0.000000,0.000000,-1.571000,0.000032,1.001251,1.065203,1.461903
1.618000,-0.000032,-0.001252,0.034797,-0.000031,-0.005645,-0.037326,-0.000000,-0.001015,1.570029,0.000000,1.000000,1.100000,0.000000,0.000000,-1.571000,0.000032,1.001252,1.065203,1.461904
1.620000,-0.000032,-0.001254,0.034797,-0.000031,-0.005645,-0.037326,-0.000000,-0.001015,1.570029,0.000000,1.000000,1.100000,0.000000,0.000000,-1.571000,0.000032,1.001254,1.065203,1.461905
1.622000,-0.000033,-0.001256,0.034797,-0.000031,-0.005645,-0.037326,-0.000000,-0.001015,1.570029,0.000000,1.000000,1.100000,0.000000,0.000000,-1.571000,0.000033,1.001256,1.065203,1.461906
1.624000,-0.000033,-0.001257,0.034797,-0.000031,-0.005645,-0.037326,-0.000000,-0.001015,1.570029,0.000000,1.000000,1.100000,0.000000,0.000000,-1.571000,0.000033,1.001257,1.065203,1.461907
1.626000,-0.000033,-0.001259,0.034797,-0.000031,-0.005645,-0.037326,-0.000000,-0.001015,1.570029,0.000000,1.000000,1.100000,0.000000,0.000000,-1.571000,0.000033,1.001259,1.065203,1.461909
1.628000,-0.000033,-0.001261,0.034797,-0.000031,-0.005645,-0.037326,-0.000000,-0.001015,1.570029,0.000000,1.000000,1.100000,0.000000,0.000000,-1.571000,0.000033,1.001261,1.065203,1.461910
1.630000,-0.000033,-0.001262,0.034797,-0.000031,-0.005645,-0.037326,-0.000000,-0.001015,1.570029,0.000000,1.000000,1.100000,0.000000,0.000000,-1.571000,0.000033,1.001262,1.065203,1.461911
1.632000,-0.000033,-0.001264,0.034797,-0.000031,-0.005645,-0.037326,-0.000000,-0.001015,1.570029,0.000000,1.000000,1.100000,0.000000,0.000000,-1.571000,0.000033,1.001264,1.065203,1.461912
1.634000,-0.000033,-0.001266,0.034797,-0.000031,-0.005645,-0.037326,-0.000000,-0.001015,1.570029,0.000000,1.000000,1.100000,0.000000,0.000000,-1.571000,0.000033,1.001266,1.065203,1.461913
1.636000,-0.000033,-0.001267,0.034797,-0.000031,-0.005645,-0.037326,-0.000000,-0.001015,1.570029,0.000000,1.000000,1.100000,0.000000,0.000000,-1.571000,0.000033,1.001267,1.065203,1.461914
1.638000,-0.000033,-0.001269,0.034797,-0.000031,-0.005645,-0.037326,-0.000000,-0.001015,1.570029,0.000000,1.000000,1.100000,0.000000,0.000000,-1.571000,0.000033,1.001269,1.065203,1.461915
1.640000,-0.000033,-0.001271,0.034797,-0.000031,-0.005645,-0.037326,-0.000000,-0.001015,1.570029,0.000000,1.000000,1.100000,0.000000,0.000000,-1.571000,0.000033,1.001271,1.065203,1.461917
1.642000,-0.000033,-0.001272,0.034797,-0.000031,-0.005645,-0.037326,-0.000000,-0.001015,1.570029,0.000000,1.000000,1.100000,0.000000,0.000000,-1.571000,0.000033,1.001272,1.065203,1.461918
1.644000,-0.000033,-0.001274,0.034797,-0.000031,-0.005645,-0.037326,-0.000000,-0.001015,1.570029,0.000000,1.000000,1.100000,0.000000,0.000000,-1.571000,0.000033,1.001274,1.065203,1.461919
1.646000,-0.000033,-0.001276,0.034797,-0.000031,-0.005645,-0.037326,-0.000000,-0.001015,1.570029,0.000000,1.000000,1.100000,0.000000,0.000000,-1.571000,0.000033,1.001276,1.065203,1.461920
1.648000,-0.000033,-0.001277,0.034797,-0.000031,-0.005645,-0.037326,-0.000000,-0.001015,1.570029,0.000000,1.000000,1.100000,0.000000,0.000000,-1.571000,0.000033,1.001277,1.065203,1.461921
1.650000,-0.000033,-0.001279,0.034797,-0.000031,-0.005645,-0.037326,-0.000000,-0.001015,1.570029,0.000000,1.000000,1.100000,0.000000,0.000000,-1.571000,0.000033,1.001279,1.065203,1.461922
1.652000,-0.000033,-0.001281,0.034797,-0.000031,-0.005645,-0.037326,-0.000000,-0.001015,1.570029,0.000000,1.000000,1.100000,0.000000,0.000000,-1.571000,0.000033,1.001281,1.065203,1.461923
1.654000,-0.000033,-0.001282,0.034797,-0.000031,-0.005645,-0.037326,-0.000000,-0.001015,1.570029,0.000000,1.000000,1.100000,0.000000,0.000000,-1.571000,0.000033,1.001282,1.065203,1.461925
1.656000,-0.000033,-0.001284,0.034797,-0.000031,-0.005645,-0.037326,-0.000000,-0.001015,1.570029,0.000000,1.000000,1.100000,0.000000,0.000000,-1.571000,0.000033,1.001284,1.065203,1.461926
1.658000,-0.000033,-0.001286,0.034797,-0.000031,-0.005645,-0.037326,-0.000000,-0.001015,1.570029,0.000000,1.000000,1.100000,0.000000,0.000000,-1.571000,0.000033,1.001286,1.065203,1.461927
1.660000,-0.000033,-0.001287,0.034797,-0.000031,-0.005645,-0.037326,-0.000000,-0.001015,1.570030,0.000000,1.000000,1.100000,0.000000,0.000000,-1.571000,0.000033,1.001287,1.065203,1.461928
1.662000,-0.000033,-0.001289,0.034797,-0.000031,-0.005645,-0.037326,-0.000000,-0.001015,1.570030,0.000000,1.000000,1.100000,0.000000,0.000000,-1.571000,0.000033,1.001289,1.065203,1.461929
1.664000,-0.000033,-0.001291,0.034797,-0.000031,-0.005645,-0.037326,-0.000000,-0.001015,1.570030,0.000000,1.000000,1.100000,0.000000,0.000000,-1.571000,0.000033,1.001291,1.065203,1.461930
1.666000,-0.000034,-0.001292,0.034797,-0.000031,-0.005645,-0.037326,-0.000000,-0.001015,1.570030,0.000000,1.000000,1.100000,0.000000,0.000000,-1.571000,0.000034,1.001292,1.065203,1.461932
1.668000,-0.000034,-0.001294,0.034797,-0.000031,-0.005645,-0.037326,-0.000000,-0.001015,1.570030,0.000000,1.000000,1.100000,0.000000,0.000000,-1.571000,0.000034,1.001294,1.065203,1.461933
1.670000,-0.000034,-0.001296,0.034797,-0.000031,-0.005645,-0.037326,-0.000000,-0.001015,1.570030,0.000000,1.000000,1.100000,0.000000,0.000000,-1.571000,0.000034,1.001296,1.065203,1.461934
1.672000,-0.000034,-0.001297,0.034797,-0.000031,-0.005645,-0.037326,-0.000000,-0.001015,1.570030,0.000000,1.000000,1.100000,0.000000,0.000000,-1.571000,0.000034,1.001297,1.065203,1.461935
1.674000,-0.000034,-0.001299,0.034797,-0.000031,-0.005645,-0.037326,-0.000000,-0.001015,1.570030,0.000000,1.000000,1.100000,0.000000,0.000000,-1.571000,0.000034,1.001299,1.065203,1.461936
1.676000,-0.000034,-0.001301,0.034797,-0.000031,-0.005645,-0.037326,-0.000000,-0.001015,1.570030,0.000000,1.000000,1.100000,0.000000,0.000000,-1.571000,0.000034,1.001301,1.065203,1.461937
1.678000,-0.000034,-0.001303,0.034797,-0.000031,-0.005645,-0.037326,-0.000000,-0.001015,1.570030,0.000000,1.000000,1.100000,0.000000,0.000000,-1.571000,0.000034,1.001303,1.065203,1.461938
1.680000,-0.000034,-0.001304,0.034797,-0.000031,-0.005645,-0.037326,-0.000000,-0.001015,1.570030,0.000000,1.000000,1.100000,0.000000,0.000000,-1.571000,0.000034,1.001304,1.065203,1.461940
1.682000,-0.000034,-0.001306,0.034797,-0.000031,-0.005645,-0.037326,-0.000000,-0.001015,1.570030,0.000000,1.000000,1.100000,0.000000,0.000000,-1.571000,0.000034,1.001306,1.065203,1.461941
1.684000,-0.000034,-0.001308,0.034797,-0.000031,-0.005645,-0.037326,-0.000000,-0.001015,1.570030,0.000000,1.000000,1.100000,0.000000,0.000000,-1.571000,0.000034,1.001308,1.065203,1.461942
1.686000,-0.000034,-0.001309,0.034797,-0.000031,-0.005645,-0.037326,-0.000000,-0.001015,1.570030,0.000000,1.000000,1.100000,0.000000,0.000000,-1.571000,0.000034,1.001309,1.065203,1.461943
1.688000,-0.000034,-0.001311,0.034797,-0.000031,-0.005645,-0.037326,-0.000000,-0.001015,1.570030,0.000000,1.000000,1.100000,0.000000,0.000000,-1.571000,0.000034,1.001311,1.065203,1.461944
1.690000,-0.000034,-0.001313,0.034797,-0.000031,-0.005645,-0.037326,-0.000000,-0.001015,1.570030,0.000000,1.000000,1.100000,0.000000,0.000000,-1.571000,0.000034,1.001313,1.065203,1.461945
1.692000,-0.000034,-0.001314,0.034797,-0.000031,-0.005645,-0.037326,-0.000000,-0.001015,1.570030,0.000000,1.000000,1.100000,0.000000,0.000000,-1.571000,0.000034,1.001314,1.065203,1.461946
1.694000,-0.000034,-0.001316,0.034797,-0.000031,-0.005645,-0.037326,-0.000000,-0.001015,1.570030,0.000000,1.000000,1.100000,0.000000,0.000000,-1.571000,0.000034,1.001316,1.065203,1.461948
1.696000,-0.000034,-0.001318,0.034797,-0.000031,-0.005645,-0.037326,-0.000000,-0.001015,1.570030,0.000000,1.000000,1.100000,0.000000,0.000000,-1.571000,0.000034,1.001318,1.065203,1.461949
1.698000,-0.000034,-0.001319,0.034797,-0.000031,-0.005645,-0.037326,-0.000000,-0.001015,1.570030,0.000000,1.000000,1.100000,0.000000,0.000000,-1.571000,0.000034,1.001319,1.065203,1.461950
1.700000,-0.000034,-0.001321,0.034797,-0.000031,-0.005645,-0.037326,-0.000000,-0.001015,1.570030,0.000000,1.000000,1.100000,0.000000,0.000000,-1.571000,0.000034,1.001321,1.065203,1.461951
1.702000,-0.000034,-0.001323,0.034797,-0.000031,-0.005645,-0.037326,-0.000000,-0.001015,1.570030,0.000000,1.000000,1.100000,0.000000,0.000000,-1.571000,0.000034,1.001323,1.065203,1.461952
1.704000,-0.000034,-0.001324,0.034797,-0.000031,-0.005645,-0.037326,-0.000000,-0.001015,1.570030,0.000000,1.000000,1.100000,0.000000,0.000000,-1.571000,0.000034,1.001324,1.065203,1.461953
1.706000,-0.000034,-0.001326,0.034797,-0.000031,-0.005645,-0.037326,-0.000000,-0.001015,1.570030,0.000000,1.000000,1.100000,0.000000,0.000000,-1.571000,0.000034,1.001326,1.065203,1.461954
1.708000,-0.000034,-0.001328,0.034797,-0.000031,-0.005645,-0.037326,-0.000000,-0.001015,1.570030,0.000000,1.000000,1.100000,0.000000,0.000000,-1.571000,0.000034,1.001328,1.065203,1.461956
1.710000,-0.000035,-0.001329,0.034797,-0.000031,-0.005645,-0.037326,-0.000000,-0.001015,1.570031,0.000000,1.000000,1.100000,0.000000,0.000000,-1.571000,0.000035,1.001329,1.065203,1.461957
1.712000,-0.000035,-0.001331,0.034797,-0.000031,-0.005645,-0.037326,-0.000000,-0.001015,1.570031,0.000000,1.000000,1.100000,0.000000,0.000000,-1.571000,0.000035,1.001331,1.065203,1.461958
1.714000,-0.000035,-0.001333,0.034797,-0.000031,-0.005645,-0.037326,-0.000000,-0.001015,1.570031,0.000000,1.000000,1.100000,0.000000,0.000000,-1.571000,0.000035,1.001333,1.065203,1.461959
1.716000,-0.000035,-0.001334,0.034797,-0.000031,-0.005645,-0.037326,-0.000000,-0.001015,1.570031,0.000000,1.000000,1.100000,0.000000,0.000000,-1.571000,0.000035,1.001334,1.065203,1.461960
1.718000,-0.000035,-0.001336,0.034797,-0.000031,-0.005645,-0.037326,-0.000000,-0.001015,1.570031,0.000000,1.000000,1.100000,0.000000,0.000000,-1.571000,0.000035,1.001336,1.065203,1.461961
1.720000,-0.000035,-0.001338,0.034797,-0.000031,-0.005645,-0.037326,-0.000000,-0.001015,1.570031,0.000000,1.000000,1.100000,0.000000,0.000000,-1.571000,0.000035,1.001338,1.065203,1.461962
1.722000,-0.000035,-0.001339,0.034797,-0.000031,-0.005645,-0.037326,-0.000000,-0.001015,1.570031,0.000000,1.000000,1.100000,0.000000,0.000000,-1.571000,0.000035,1.001339,1.065203,1.461964
1.724000,-0.000035,-0.001341,0.034797,-0.000031,-0.005645,-0.037326,-0.000000,-0.001015,1.570031,0.000000,1.000000,1.100000,0.000000,0.000000,-1.571000,0.000035,1.001341,1.065203,1.461965
1.726000,-0.000035,-0.001343,0.034797,-0.000031,-0.005645,-0.037326,-0.000000,-0.001015,1.570031,0.000000,1.000000,1.100000,0.000000,0.000000,-1.571000,0.000035,1.001343,1.065203,1.461966
1.728000,-0.000035,-0.001344,0.034797,-0.000031,-0.005645,-0.037326,-0.000000,-0.001015,1.570031,0.000000,1.000000,1.100000,0.000000,0.000000,-1.571000,0.000035,1.001344,1.065203,1.461967
1.730000,-0.000035,-0.001346,0.034797,-0.000031,-0.005645,-0.037326,-0.000000,-0.001015,1.570031,0.000000,1.000000,1.100000,0.000000,0.000000,-1.571000,0.000035,1.001346,1.065203,1.461968
1.732000,-0.000035,-0.001348,0.034797,-0.000031,-0.005645,-0.037326,-0.000000,-0.001015,1.570031,0.000000,1.000000,1.100000,0.000000,0.000000,-1.571000,0.000035,1.001348,1.065203,1.461969
1.734000,-0.000035,-0.001349,0.034797,-0.000031,-0.005645,-0.037326,-0.000000,-0.001015,1.570031,0.000000,1.000000,1.100000,0.000000,0.000000,-1.571000,0.000035,1.001349,1.065203,1.461971
1.736000,-0.000035,-0.001351,0.034797,-0.000031,-0.005645,-0.037326,-0.000000,-0.001015,1.570031,0.000000,1.000000,1.100000,0.000000,0.000000,-1.571000,0.000035,1.001351,1.065203,1.461972
1.738000,-0.000035,-0.001353,0.034797,-0.000031,-0.005645,-0.037326,-0.000000,-0.001015,1.570031,0.000000,1.000000,1.100000,0.000000,0.000000,-1.571000,0.000035,1.001353,1.065203,1.461973
1.740000,-0.000035,-0.001354,0.034797,-0.000031,-0.005645,-0.037326,-0.000000,-0.001015,1.570031,0.000000,1.000000,1.100000,0.000000,0.000000,-1.571000,0.000035,1.001354,1.065203,1.461974
1.742000,-0.000035,-0.001356,0.034797,-0.000031,-0.005645,-0.037326,-0.000000,-0.001015,1.570031,0.000000,1.000000,1.100000,0.000000,0.000000,-1.571000,0.000035,1.001356,1.065203,1.461975
1.744000,-0.000035,-0.001358,0.034797,-0.000031,-0.005645,-0.037326,-0.000000,-0.001015,1.570031,0.000000,1.000000,1.100000,0.000000,0.000000,-1.571000,0.000035,1.001358,1.065203,1.461976
1.746000,-0.000035,-0.001359,0.034797,-0.000031,-0.005645,-0.037326,-0.000000,-0.001015,1.570031,0.000000,1.000000,1.100000,0.000000,0.000000,-1.571000,0.000035,1.001359,1.065203,1.461977
1.748000,-0.000035,-0.001361,0.034797,-0.000031,-0.005645,-0.037326,-0.000000,-0.001015,1.570031,0.000000,1.000000,1.100000,0.000000,0.000000,-1.571000,0.000035,1.001361,1.065203,1.461979
1.750000,-0.000035,-0.001363,0.034797,-0.000031,-0.005645,-0.037326,-0.000000,-0.001015,1.570031,0.000000,1.000000,1.100000,0.000000,0.000000,-1.571000,0.000035,1.001363,1.065203,1.461980
1.752000,-0.000035,-0.001364,0.034797,-0.000031,-0.005645,-0.037326,-0.000000,-0.001015,1.570031,0.000000,1.000000,1.100000,0.000000,0.000000,-1.571000,0.000035,1.001364,1.065203,1.461981
1.754000,-0.000035,-0.001366,0.034797,-0.000031,-0.005645,-0.037326,-0.000000,-0.001015,1.570031,0.000000,1.000000,1.100000,0.000000,0.000000,-1.571000,0.000035,1.001366,1.065203,1.461982
1.756000,-0.000036,-0.001368,0.034797,-0.000031,-0.005645,-0.037326,-0.000000,-0.001015,1.570031,0.000000,1.000000,1.100000,0.000000,0.000000,-1.571000,0.000036,1.001368,1.065203,1.461983
1.758000,-0.000036,-0.001369,0.034797,-0.000031,-0.005645,-0.037326,-0.000000,-0.001015,1.570031,0.000000,1.000000,1.100000,0.000000,0.000000,-1.571000,0.000036,1.001369,1.065203,1.461984
1.760000,-0.000036,-0.001371,0.034797,-0.000031,-0.005645,-0.037326,-0.000000,-0.001015,1.570031,0.000000,1.000000,1.100000,0.000000,0.000000,-1.571000,0.000036,1.001371,1.065203,1.461985
1.762000,-0.000036,-0.001373,0.034797,-0.000031,-0.005645,-0.037326,-0.000000,-0.001015,1.570032,0.000000,1.000000,1.100000,0.000000,0.000000,-1.571000,0.000036,1.001373,1.065203,1.461987
1.764000,-0.000036,-0.001375,0.034797,-0.000031,-0.005645,-0.037326,-0.000000,-0.001015,1.570032,0.000000,1.000000,1.100000,0.000000,0.000000,-1.571000,0.000036,1.001375,1.065203,1.461988
1.766000,-0.000036,-0.001376,0.034797,-0.000031,-0.005645,-0.037326,-0.000000,-0.001015,1.570032,0.000000,1.000000,1.100000,0.000000,0.000000,-1.571000,0.000036,1.001376,1.065203,1.461989
1.768000,-0.000036,-0.001378,0.034797,-0.000031,-0.005645,-0.037326,-0.000000,-0.001015,1.570032,0.000000,1.000000,1.100000,0.000000,0.000000,-1.571000,0.000036,1.001378,1.065203,1.461990
1.770000,-0.000036,-0.001380,0.034797,-0.000031,-0.005645,-0.037326,-0.000000,-0.001015,1.570032,0.000000,1.000000,1.100000,0.000000,0.000000,-1.571000,0.000036,1.001380,1.065203,1.461991
1.772000,-0.000036,-0.001381,0.034797,-0.000031,-0.005645,-0.037326,-0.000000,-0.001015,1.570032,0.000000,1.000000,1.100000,0.000000,0.000000,-1.571000,0.000036,1.001381,1.065203,1.461992
1.774000,-0.000036,-0.001383,0.034797,-0.000031,-0.005645,-0.037326,-0.000000,-0.001015,1.570032,0.000000,1.000000,1.100000,0.000000,0.000000,-1.571000,0.000036,1.001383,1.065203,1.461993
1.776000,-0.000036,-0.001385,0.034797,-0.000031,-0.005645,-0.037326,-0.000000,-0.001015,1.570032,0.000000,1.000000,1.100000,0.000000,0.000000,-1.571000,0.000036,1.001385,1.065203,1.461995
1.778000,-0.000036,-0.001386,0.034797,-0.000031,-0.005645,-0.037326,-0.000000,-0.001015,1.570032,0.000000,1.000000,1.100000,0.000000,0.000000,-1.571000,0.000036,1.001386,1.065203,1.461996
1.780000,-0.000036,-0.001388,0.034797,-0.000031,-0.005645,-0.037326,-0.000000,-0.001015,1.570032,0.000000,1.000000,1.100000,0.000000,0.000000,-1.571000,0.000036,1.001388,1.065203,1.461997
1.782000,-0.000036,-0.001390,0.034797,-0.000031,-0.005645,-0.037326,-0.000000,-0.001015,1.570032,0.000000,1.000000,1.100000,0.000000,0.000000,-1.571000,0.000036,1.001390,1.065203,1.461998
1.784000,-0.000036,-0.001391,0.034797,-0.000031,-0.005645,-0.037326,-0.000000,-0.001015,1.570032,0.000000,1.000000,1.100000,0.000000,0.000000,-1.571000,0.000036,1.001391,1.065203,1.461999
1.786000,-0.000036,-0.001393,0.034797,-0.000031,-0.005645,-0.037326,-0.000000,-0.001015,1.570032,0.000000,1.000000,1.100000,0.000000,0.000000,-1.571000,0.000036,1.001393,1.065203,1.462000
1.788000,-0.000036,-0.001395,0.034797,-0.000031,-0.005645,-0.037326,-0.000000,-0.001015,1.570032,0.000000,1.000000,1.100000,0.000000,0.000000,-1.571000,0.000036,1.001395,1.065203,1.462001
1.790000,-0.000036,-0.001396,0.034797,-0.000031,-0.005645,-0.037326,-0.000000,-0.001015,1.570032,0.000000,1.000000,1.100000,0.000000,0.000000,-1.571000,0.000036,1.001396,1.065203,1.462003
1.792000,-0.000036,-0.001398,0.034797,-0.000031,-0.005645,-0.037326,-0.000000,-0.001015,1.570032,0.000000,1.000000,1.100000,0.000000,0.000000,-1.571000,0.000036,1.001398,1.065203,1.462004
1.794000,-0.000036,-0.001400,0.034797,-0.000031,-0.005645,-0.037326,-0.000000,-0.001015,1.570032,0.000000,1.000000,1.100000,0.000000,0.000000,-1.571000,0.000036,1.001400,1.065203,1.462005
1.796000,-0.000036,-0.001401,0.034797,-0.000031,-0.005645,-0.037326,-0.000000,-0.001015,1.570032,0.000000,1.000000,1.100000,0.000000,0.000000,-1.571000,0.000036,1.001401,1.065203,1.462006
1.798000,-0.000036,-0.001403,0.034797,-0.000031,-0.005645,-0.037326,-0.000000,-0.001015,1.570032,0.000000,1.000000,1.100000,0.000000,0.000000,-1.571000,0.000036,1.001403,1.065203,1.462007
1.800000,-0.000037,-0.001405,0.034797,-0.000031,-0.005645,-0.037326,-0.000000,-0.001015,1.570032,0.000000,1.000000,1.100000,0.000000,0.000000,-1.571000,0.000037,1.001405,1.065203,1.462008
1.802000,-0.000037,-0.001406,0.034797,-0.000031,-0.005645,-0.037326,-0.000000,-0.001015,1.570032,0.000000,1.000000,1.100000,0.000000,0.000000,-1.571000,0.000037,1.001406,1.065203,1.462010
1.804000,-0.000037,-0.001408,0.034797,-0.000031,-0.005645,-0.037326,-0.000000,-0.001015,1.570032,0.000000,1.000000,1.100000,0.000000,0.000000,-1.571000,0.000037,1.001408,1.065203,1.462011
1.806000,-0.000037,-0.001410,0.034797,-0.000031,-0.005645,-0.037326,-0.000000,-0.001015,1.570032,0.000000,1.000000,1.100000,0.000000,0.000000,-1.571000,0.000037,1.001410,1.065203,1.462012
1.808000,-0.000037,-0.001411,0.034797,-0.000031,-0.005645,-0.037326,-0.000000,-0.001015,1.570032,0.000000,1.000000,1.100000,0.000000,0.000000,-1.571000,0.000037,1.001411,1.065203,1.462013
1.810000,-0.000037,-0.001413,0.034797,-0.000031,-0.005645,-0.037326,-0.000000,-0.001015,1.570032,0.000000,1.000000,1.100000,0.000000,0.000000,-1.571000,0.000037,1.001413,1.065203,1.462014
1.812000,-0.000037,-0.001415,0.034797,-0.000031,-0.005645,-0.037326,-0.000000,-0.001015,1.570033,0.000000,1.000000,1.100000,0.000000,0.000000,-1.571000,0.000037,1.001415,1.065203,1.462015
1.814000,-0.000037,-0.001416,0.034797,-0.000031,-0.005645,-0.037326,-0.000000,-0.001015,1.570033,0.000000,1.000000,1.100000,0.000000,0.000000,-1.571000,0.000037,1.001416,1.065203,1.462016
1.816000,-0.000037,-0.001418,0.034797,-0.000031,-0.005645,-0.037326,-0.000000,-0.001015,1.570033,0.000000,1.000000,1.100000,0.000000,0.000000,-1.571000,0.000037,1.001418,1.065203,1.462018
1.818000,-0.000037,-0.001420,0.034797,-0.000031,-0.005645,-0.037326,-0.000000,-0.001015,1.570033,0.000000,1.000000,1.100000,0.000000,0.000000,-1.571000,0.000037,1.001420,1.065203,1.462019
1.820000,-0.000037,-0.001421,0.034797,-0.000031,-0.005645,-0.037326,-0.000000,-0.001015,1.570033,0.000000,1.000000,1.100000,0.000000,0.000000,-1.571000,0.000037,1.001421,1.065203,1.462020
1.822000,-0.000037,-0.001423,0.034797,-0.000031,-0.005645,-0.037326,-0.000000,-0.001015,1.570033,0.000000,1.000000,1.100000,0.000000,0.000000,-1.571000,0.000037,1.001423,1.065203,1.462021
1.824000,-0.000037,-0.001425,0.034797,-0.000031,-0.005645,-0.037326,-0.000000,-0.001015,1.570033,0.000000,1.000000,1.100000,0.000000,0.000000,-1.571000,0.000037,1.001425,1.065203,1.462022
1.826000,-0.000037,-0.001426,0.034797,-0.000031,-0.005645,-0.037326,-0.000000,-0.001015,1.570033,0.000000,1.000000,1.100000,0.000000,0.000000,-1.571000,0.000037,1.001426,1.065203,1.462023
1.828000,-0.000037,-0.001428,0.034797,-0.000031,-0.005645,-0.037326,-0.000000,-0.001015,1.570033,0.000000,1.000000,1.100000,0.000000,0.000000,-1.571000,0.000037,1.001428,1.065203,1.462024
1.830000,-0.000037,-0.001430,0.034797,-0.000031,-0.005645,-0.037326,-0.000000,-0.001015,1.570033,0.000000,1.000000,1.100000,0.000000,0.000000,-1.571000,0.000037,1.001430,1.065203,1.462026
1.832000,-0.000037,-0.001431,0.034797,-0.000031,-0.005645,-0.037326,-0.000000,-0.001015,1.570033,0.000000,1.000000,1.100000,0.000000,0.000000,-1.571000,0.000037,1.001431,1.065203,1.462027
1.834000,-0.000037,-0.001433,0.034797,-0.000031,-0.005645,-0.037326,-0.000000,-0.001015,1.570033,0.000000,1.000000,1.100000,0.000000,0.000000,-1.571000,0.000037,1.001433,1.065203,1.462028
1.836000,-0.000037,-0.001435,0.034797,-0.000031,-0.005645,-0.037326,-0.000000,-0.001015,1.570033,0.000000,1.000000,1.100000,0.000000,0.000000,-1.571000,0.000037,1.001435,1.065203,1.462029
1.838000,-0.000037,-0.001436,0.034797,-0.000031,-0.005645,-0.037326,-0.000000,-0.001015,1.570033,0.000000,1.000000,1.100000,0.000000,0.000000,-1.571000,0.000037,1.001436,1.065203,1.462030
1.840000,-0.000037,-0.001438,0.034797,-0.000031,-0.005645,-0.037326,-0.000000,-0.001015,1.570033,0.000000,1.000000,1.100000,0.000000,0.000000,-1.571000,0.000037,1.001438,1.065203,1.462031
1.842000,-0.000037,-0.001440,0.034797,-0.000031,-0.005645,-0.037326,-0.000000,-0.001015,1.570033,0.000000,1.000000,1.100000,0.000000,0.000000,-1.571000,0.000037,1.001440,1.065203,1.462032
1.844000,-0.000038,-0.001442,0.034797,-0.000031,-0.005645,-0.037326,-0.000000,-0.001015,1.570033,0.000000,1.000000,1.100000,0.000000,0.000000,-1.571000,0.000038,1.001442,1.065203,1.462034
1.846000,-0.000038,-0.001443,0.034797,-0.000031,-0.005645,-0.037326,-0.000000,-0.001015,1.570033,0.000000,1.000000,1.100000,0.000000,0.000000,-1.571000,0.000038,1.001443,1.065203,1.462035
1.848000,-0.000038,-0.001445,0.034797,-0.000031,-0.005645,-0.037326,-0.000000,-0.001015,1.570033,0.000000,1.000000,1.100000,0.000000,0.000000,-1.571000,0.000038,1.001445,1.065203,1.462036
1.850000,-0.000038,-0.001447,0.034797,-0.000031,-0.005645,-0.037326,-0.000000,-0.001015,1.570033,0.000000,1.000000,1.100000,0.000000,0.000000,-1.571000,0.000038,1.001447,1.065203,1.462037
1.852000,-0.000038,-0.001448,0.034797,-0.000031,-0.005645,-0.037326,-0.000000,-0.001015,1.570033,0.000000,1.000000,1.100000,0.000000,0.000000,-1.571000,0.000038,1.001448,1.065203,1.462038
1.854000,-0.000038,-0.001450,0.034797,-0.000031,-0.005645,-0.037326,-0.000000,-0.001015,1.570033,0.000000,1.000000,1.100000,0.000000,0.000000,-1.571000,0.000038,1.001450,1.065203,1.462039
1.856000,-0.000038,-0.001452,0.034797,-0.000031,-0.005645,-0.037326,-0.000000,-0.001015,1.570033,0.000000,1.000000,1.100000,0.000000,0.000000,-1.571000,0.000038,1.001452,1.065203,1.462040
1.858000,-0.000038,-0.001453,0.034797,-0.000031,-0.005645,-0.037326,-0.000000,-0.001015,1.570033,0.000000,1.000000,1.100000,0.000000,0.000000,-1.571000,0.000038,1.001453,1.065203,1.462042
1.860000,-0.000038,-0.001455,0.034797,-0.000031,-0.005645,-0.037326,-0.000000,-0.001015,1.570033,0.000000,1.000000,1.100000,0.000000,0.000000,-1.571000,0.000038,1.001455,1.065203,1.462043
1.862000,-0.000038,-0.001457,0.034797,-0.000031,-0.005645,-0.037326,-0.000000,-0.001015,1.570034,0.000000,1.000000,1.100000,0.000000,0.000000,-1.571000,0.000038,1.001457,1.065203,1.462044
1.864000,-0.000038,-0.001458,0.034797,-0.000031,-0.005645,-0.037326,-0.000000,-0.001015,1.570034,0.000000,1.000000,1.100000,0.000000,0.000000,-1.571000,0.000038,1.001458,1.065203,1.462045
1.866000,-0.000038,-0.001460,0.034797,-0.000031,-0.005645,-0.037326,-0.000000,-0.001015,1.570034,0.000000,1.000000,1.100000,0.000000,0.000000,-1.571000,0.000038,1.001460,1.065203,1.462046
1.868000,-0.000038,-0.001462,0.034797,-0.000031,-0.005645,-0.037326,-0.000000,-0.001015,1.570034,0.000000,1.000000,1.100000,0.000000,0.000000,-1.571000,0.000038,1.001462,1.065203,1.462047
1.870000,-0.000038,-0.001463,0.034797,-0.000031,-0.005645,-0.037326,-0.000000,-0.001015,1.570034,0.000000,1.000000,1.100000,0.000000,0.000000,-1.571000,0.000038,1.001463,1.065203,1.462049
1.872000,-0.000038,-0.001465,0.034797,-0.000031,-0.005645,-0.037326,-0.000000,-0.001015,1.570034,0.000000,1.000000,1.100000,0.000000,0.000000,-1.571000,0.000038,1.001465,1.065203,1.462050
1.874000,-0.000038,-0.001467,0.034797,-0.000031,-0.005645,-0.037326,-0.000000,-0.001015,1.570034,0.000000,1.000000,1.100000,0.000000,0.000000,-1.571000,0.000038,1.001467,1.065203,1.462051
1.876000,-0.000038,-0.001468,0.034797,-0.000031,-0.005645,-0.037326,-0.000000,-0.001015,1.570034,0.000000,1.000000,1.100000,0.000000,0.000000,-1.571000,0.000038,1.001468,1.065203,1.462052
1.878000,-0.000038,-0.001470,0.034797,-0.000031,-0.005645,-0.037326,-0.000000,-0.001015,1.570034,0.000000,1.000000,1.100000,0.000000,0.000000,-1.571000,0.000038,1.001470,1.065203,1.462053
1.880000,-0.000038,-0.001472,0.034797,-0.000031,-0.005645,-0.037326,-0.000000,-0.001015,1.570034,0.000000,1.000000,1.100000,0.000000,0.000000,-1.571000,0.000038,1.001472,1.065203,1.462054
1.882000,-0.000038,-0.001473,0.034797,-0.000031,-0.005645,-0.037326,-0.000000,-0.001015,1.570034,0.000000,1.000000,1.100000,0.000000,0.000000,-1.571000,0.000038,1.001473,1.065203,1.462055
1.884000,-0.000038,-0.001475,0.034797,-0.000031,-0.005645,-0.037326,-0.000000,-0.001015,1.570034,0.000000,1.000000,1.100000,0.000000,0.000000,-1.571000,0.000038,1.001475,1.065203,1.462057
1.886000,-0.000038,-0.001477,0.034797,-0.000031,-0.005645,-0.037326,-0.000000,-0.001015,1.570034,0.000000,1.000000,1.100000,0.000000,0.000000,-1.571000,0.000038,1.001477,1.065203,1.462058
1.888000,-0.000038,-0.001478,0.034797,-0.000031,-0.005645,-0.037326,-0.000000,-0.001015,1.570034,0.000000,1.000000,1.100000,0.000000,0.000000,-1.571000,0.000038,1.001478,1.065203,1.462059
1.890000,-0.000039,-0.001480,0.034797,-0.000031,-0.005645,-0.037326,-0.000000,-0.001015,1.570034,0.000000,1.000000,1.100000,0.000000,0.000000,-1.571000,0.000039,1.001480,1.065203,1.462060
1.892000,-0.000039,-0.001482,0.034797,-0.000031,-0.005645,-0.037326,-0.000000,-0.001015,1.570034,0.000000,1.000000,1.100000,0.000000,0.000000,-1.571000,0.000039,1.001482,1.065203,1.462061
1.894000,-0.000039,-0.001483,0.034797,-0.000031,-0.005645,-0.037326,-0.000000,-0.001015,1.570034,0.000000,1.000000,1.100000,0.000000,0.000000,-1.571000,0.000039,1.001483,1.065203,1.462062
1.896000,-0.000039,-0.001485,0.034797,-0.000031,-0.005645,-0.037326,-0.000000,-0.001015,1.570034,0.000000,1.000000,1.100000,0.000000,0.000000,-1.571000,0.000039,1.001485,1.065203,1.462063
1.898000,-0.000039,-0.001487,0.034797,-0.000031,-0.005645,-0.037326,-0.000000,-0.001015,1.570034,0.000000,1.000000,1.100000,0.000000,0.000000,-1.571000,0.000039,1.001487,1.065203,1.462065
1.900000,-0.000039,-0.001488,0.034797,-0.000031,-0.005645,-0.037326,-0.000000,-0.001015,1.570034,0.000000,1.000000,1.100000,0.000000,0.000000,-1.571000,0.000039,1.001488,1.065203,1.462066
1.902000,-0.000039,-0.001490,0.034797,-0.000031,-0.005645,-0.037326,-0.000000,-0.001015,1.570034,0.000000,1.000000,1.100000,0.000000,0.000000,-1.571000,0.000039,1.001490,1.065203,1.462067
1.904000,-0.000039,-0.001492,0.034797,-0.000031,-0.005645,-0.037326,-0.000000,-0.001015,1.570034,0.000000,1.000000,1.100000,0.000000,0.000000,-1.571000,0.000039,1.001492,1.065203,1.462068
1.906000,-0.000039,-0.001493,0.034797,-0.000031,-0.005645,-0.037326,-0.000000,-0.001015,1.570034,0.000000,1.000000,1.100000,0.000000,0.000000,-1.571000,0.000039,1.001493,1.065203,1.462069
1.908000,-0.000039,-0.001495,0.034797,-0.000031,-0.005645,-0.037326,-0.000000,-0.001015,1.570034,0.000000,1.000000,1.100000,0.000000,0.000000,-1.571000,0.000039,1.001495,1.065203,1.462070
1.910000,-0.000039,-0.001497,0.034797,-0.000031,-0.005645,-0.037326,-0.000000,-0.001015,1.570034,0.000000,1.000000,1.100000,0.000000,0.000000,-1.571000,0.000039,1.001497,1.065203,1.462071
1.912000,-0.000039,-0.001498,0.034797,-0.000031,-0.005645,-0.037326,-0.000000,-0.001015,1.570035,0.000000,1.000000,1.100000,0.000000,0.000000,-1.571000,0.000039,1.001498,1.065203,1.462073
1.914000,-0.000039,-0.001500,0.034797,-0.000031,-0.005645,-0.037326,-0.000000,-0.001015,1.570035,0.000000,1.000000,1.100000,0.000000,0.000000,-1.571000,0.000039,1.001500,1.065203,1.462074
1.916000,-0.000039,-0.001502,0.034797,-0.000031,-0.005645,-0.037326,-0.000000,-0.001015,1.570035,0.000000,1.000000,1.100000,0.000000,0.000000,-1.571000,0.000039,1.001502,1.065203,1.462075
1.918000,-0.000039,-0.001503,0.034797,-0.000031,-0.005645,-0.037326,-0.000000,-0.001015,1.570035,0.000000,1.000000,1.100000,0.000000,0.000000,-1.571000,0.000039,1.001503,1.065203,1.462076
1.920000,-0.000039,-0.001505,0.034797,-0.000031,-0.005645,-0.037326,-0.000000,-0.001015,1.570035,0.000000,1.000000,1.100000,0.000000,0.000000,-1.571000,0.000039,1.001505,1.065203,1.462077
1.922000,-0.000039,-0.001507,0.034797,-0.000031,-0.005645,-0.037326,-0.000000,-0.001015,1.570035,0.000000,1.000000,1.100000,0.000000,0.000000,-1.571000,0.000039,1.001507,1.065203,1.462078
1.924000,-0.000039,-0.001508,0.034797,-0.000031,-0.005645,-0.037326,-0.000000,-0.001015,1.570035,0.000000,1.000000,1.100000,0.000000,0.000000,-1.571000,0.000039,1.001508,1.065203,1.462079
1.926000,-0.000039,-0.001510,0.034797,-0.000031,-0.005645,-0.037326,-0.000000,-0.001015,1.570035,0.000000,1.000000,1.100000,0.000000,0.000000,-1.571000,0.000039,1.001510,1.065203,1.462081
1.928000,-0.000039,-0.001512,0.034797,-0.000031,-0.005645,-0.037326,-0.000000,-0.001015,1.570035,0.000000,1.000000,1.100000,0.000000,0.000000,-1.571000,0.000039,1.001512,1.065203,1.462082
1.930000,-0.000039,-0.001514,0.034797,-0.000031,-0.005645,-0.037326,-0.000000,-0.001015,1.570035,0.000000,1.000000,1.100000,0.000000,0.000000,-1.571000,0.000039,1.001514,1.065203,1.462083
1.932000,-0.000039,-0.001515,0.034797,-0.000031,-0.005645,-0.037326,-0.000000,-0.001015,1.570035,0.000000,1.000000,1.100000,0.000000,0.000000,-1.571000,0.000039,1.001515,1.065203,1.462084
1.934000,-0.000040,-0.001517,0.034797,-0.000031,-0.005645,-0.037326,-0.000000,-0.001015,1.570035,0.000000,1.000000,1.100000,0.000000,0.000000,-1.571000,0.000040,1.001517,1.065203,1.462085
1.936000,-0.000040,-0.001519,0.034797,-0.000031,-0.005645,-0.037326,-0.000000,-0.001015,1.570035,0.000000,1.000000,1.100000,0.000000,0.000000,-1.571000,0.000040,1.001519,1.065203,1.462086
1.938000,-0.000040,-0.001520,0.034797,-0.000031,-0.005645,-0.037326,-0.000000,-0.001015,1.570035,0.000000,1.000000,1.100000,0.000000,0.000000,-1.571000,0.000040,1.001520,1.065203,1.462088
1.940000,-0.000040,-0.001522,0.034797,-0.000031,-0.005645,-0.037326,-0.000000,-0.001015,1.570035,0.000000,1.000000,1.100000,0.000000,0.000000,-1.571000,0.000040,1.001522,1.065203,1.462089
1.942000,-0.000040,-0.001524,0.034797,-0.000031,-0.005645,-0.037326,-0.000000,-0.001015,1.570035,0.000000,1.000000,1.100000,0.000000,0.000000,-1.571000,0.000040,1.001524,1.065203,1.462090
1.944000,-0.000040,-0.001525,0.034797,-0.000031,-0.005645,-0.037326,-0.000000,-0.001015,1.570035,0.000000,1.000000,1.100000,0.000000,0.000000,-1.571000,0.000040,1.001525,1.065203,1.462091
1.946000,-0.000040,-0.001527,0.034797,-0.000031,-0.005645,-0.037326,-0.000000,-0.001015,1.570035,0.000000,1.000000,1.100000,0.000000,0.000000,-1.571000,0.000040,1.001527,1.065203,1.462092
1.948000,-0.000040,-0.001529,0.034797,-0.000031,-0.005645,-0.037326,-0.000000,-0.001015,1.570035,0.000000,1.000000,1.100000,0.000000,0.000000,-1.571000,0.000040,1.001529,1.065203,1.462093
1.950000,-0.000040,-0.001530,0.034797,-0.000031,-0.005645,-0.037326,-0.000000,-0.001015,1.570035,0.000000,1.000000,1.100000,0.000000,0.000000,-1.571000,0.000040,1.001530,1.065203,1.462094
1.952000,-0.000040,-0.001532,0.034797,-0.000031,-0.005645,-0.037326,-0.000000,-0.001015,1.570035,0.000000,1.000000,1.100000,0.000000,0.000000,-1.571000,0.000040,1.001532,1.065203,1.462096
1.954000,-0.000040,-0.001534,0.034797,-0.000031,-0.005645,-0.037326,-0.000000,-0.001015,1.570035,0.000000,1.000000,1.100000,0.000000,0.000000,-1.571000,0.000040,1.001534,1.065203,1.462097
1.956000,-0.000040,-0.001535,0.034797,-0.000031,-0.005645,-0.037326,-0.000000,-0.001015,1.570035,0.000000,1.000000,1.100000,0.000000,0.000000,-1.571000,0.000040,1.001535,1.065203,1.462098
1.958000,-0.000040,-0.001537,0.034797,-0.000031,-0.005645,-0.037326,-0.000000,-0.001015,1.570035,0.000000,1.000000,1.100000,0.000000,0.000000,-1.571000,0.000040,1.001537,1.065203,1.462099
1.960000,-0.000040,-0.001539,0.034797,-0.000031,-0.005645,-0.037326,-0.000000,-0.001015,1.570035,0.000000,1.000000,1.100000,0.000000,0.000000,-1.571000,0.000040,1.001539,1.065203,1.462100
1.962000,-0.000040,-0.001540,0.034797,-0.000031,-0.005645,-0.037326,-0.000000,-0.001015,1.570035,0.000000,1.000000,1.100000,0.000000,0.000000,-1.571000,0.000040,1.001540,1.065203,1.462101
1.964000,-0.000040,-0.001542,0.034797,-0.000031,-0.005645,-0.037326,-0.000000,-0.001015,1.570036,0.000000,1.000000,1.100000,0.000000,0.000000,-1.571000,0.000040,1.001542,1.065203,1.462102
1.966000,-0.000040,-0.001544,0.034797,-0.000031,-0.005645,-0.037326,-0.000000,-0.001015,1.570036,0.000000,1.000000,1.100000,0.000000,0.000000,-1.571000,0.000040,1.001544,1.065203,1.462104
1.968000,-0.000040,-0.001545,0.034797,-0.000031,-0.005645,-0.037326,-0.000000,-0.001015,1.570036,0.000000,1.000000,1.100000,0.000000,0.000000,-1.571000,0.000040,1.001545,1.065203,1.462105
1.970000,-0.000040,-0.001547,0.034797,-0.000031,-0.005645,-0.037326,-0.000000,-0.001015,1.570036,0.000000,1.000000,1.100000,0.000000,0.000000,-1.571000,0.000040,1.001547,1.065203,1.462106
1.972000,-0.000040,-0.001549,0.034797,-0.000031,-0.005645,-0.037326,-0.000000,-0.001015,1.570036,0.000000,1.000000,1.100000,0.000000,0.000000,-1.571000,0.000040,1.001549,1.065203,1.462107
1.974000,-0.000040,-0.001550,0.034797,-0.000031,-0.005645,-0.037326,-0.000000,-0.001015,1.570036,0.000000,1.000000,1.100000,0.000000,0.000000,-1.571000,0.000040,1.001550,1.065203,1.462108
1.976000,-0.000040,-0.001552,0.034797,-0.000031,-0.005645,-0.037326,-0.000000,-0.001015,1.570036,0.000000,1.000000,1.100000,0.000000,0.000000,-1.571000,0.000040,1.001552,1.065203,1.462109
1.978000,-0.000041,-0.001554,0.034797,-0.000031,-0.005645,-0.037326,-0.000000,-0.001015,1.570036,0.000000,1.000000,1.100000,0.000000,0.000000,-1.571000,0.000041,1.001554,1.065203,1.462110
1.980000,-0.000041,-0.001555,0.034797,-0.000031,-0.005645,-0.037326,-0.000000,-0.001015,1.570036,0.000000,1.000000,1.100000,0.000000,0.000000,-1.571000,0.000041,1.001555,1.065203,1.462112
1.982000,-0.000041,-0.001557,0.034797,-0.000031,-0.005645,-0.037326,-0.000000,-0.001015,1.570036,0.000000,1.000000,1.100000,0.000000,0.000000,-1.571000,0.000041,1.001557,1.065203,1.462113
1.984000,-0.000041,-0.001559,0.034797,-0.000031,-0.005645,-0.037326,-0.000000,-0.001015,1.570036,0.000000,1.000000,1.100000,0.000000,0.000000,-1.571000,0.000041,1.001559,1.065203,1.462114
1.986000,-0.000041,-0.001560,0.034797,-0.000031,-0.005645,-0.037326,-0.000000,-0.001015,1.570036,0.000000,1.000000,1.100000,0.000000,0.000000,-1.571000,0.000041,1.001560,1.065203,1.462115
1.988000,-0.000041,-0.001562,0.034797,-0.000031,-0.005645,-0.037326,-0.000000,-0.001015,1.570036,0.000000,1.000000,1.100000,0.000000,0.000000,-1.571000,0.000041,1.001562,1.065203,1.462116
1.990000,-0.000041,-0.001564,0.034797,-0.000031,-0.005645,-0.037326,-0.000000,-0.001015,1.570036,0.000000,1.000000,1.100000,0.000000,0.000000,-1.571000,0.000041,1.001564,1.065203,1.462117
1.992000,-0.000041,-0.001565,0.034797,-0.000031,-0.005645,-0.037326,-0.000000,-0.001015,1.570036,0.000000,1.000000,1.100000,0.000000,0.000000,-1.571000,0.000041,1.001565,1.065203,1.462118
1.994000,-0.000041,-0.001567,0.034797,-0.000031,-0.005645,-0.037326,-0.000000,-0.001015,1.570036,0.000000,1.000000,1.100000,0.000000,0.000000,-1.571000,0.000041,1.001567,1.065203,1.462120
1.996000,-0.000041,-0.001569,0.034797,-0.000031,-0.005645,-0.037326,-0.000000,-0.001015,1.570036,0.000000,1.000000,1.100000,0.000000,0.000000,-1.571000,0.000041,1.001569,1.065203,1.462121
1.998000,-0.000041,-0.001570,0.034797,-0.000031,-0.005645,-0.037326,-0.000000,-0.001015,1.570036,0.000000,1.000000,1.100000,0.000000,0.000000,-1.571000,0.000041,1.001570,1.065203,1.462122
2.000000,-0.000041,-0.001572,0.034797,-0.000031,-0.005645,-0.037326,-0.000000,-0.001015,1.570036,0.000000,1.000000,1.100000,0.000000,0.000000,-1.571000,0.000041,1.001572,1.065203,1.462123
2.002000,-0.000041,-0.001574,0.034797,-0.000031,-0.005645,-0.037326,-0.000000,-0.001015,1.570036,0.000000,1.000000,1.100000,0.000000,0.000000,-1.571000,0.000041,1.001574,1.065203,1.462124
2.004000,-0.000041,-0.001575,0.034797,-0.000031,-0.005645,-0.037326,-0.000000,-0.001015,1.570036,0.000000,1.000000,1.100000,0.000000,0.000000,-1.571000,0.000041,1.001575,1.065203,1.462125
2.006000,-0.000041,-0.001577,0.034797,-0.000031,-0.005645,-0.037326,-0.000000,-0.001015,1.570036,0.000000,1.000000,1.100000,0.000000,0.000000,-1.571000,0.000041,1.001577,1.065203,1.462127
2.008000,-0.000041,-0.001579,0.034797,-0.000031,-0.005645,-0.037326,-0.000000,-0.001015,1.570036,0.000000,1.000000,1.100000,0.000000,0.000000,-1.571000,0.000041,1.001579,1.065203,1.462128
2.010000,-0.000041,-0.001581,0.034797,-0.000031,-0.005645,-0.037326,-0.000000,-0.001015,1.570036,0.000000,1.000000,1.100000,0.000000,0.000000,-1.571000,0.000041,1.001581,1.065203,1.462129
2.012000,-0.000041,-0.001582,0.034797,-0.000031,-0.005645,-0.037326,-0.000000,-0.001015,1.570036,0.000000,1.000000,1.100000,0.000000,0.000000,-1.571000,0.000041,1.001582,1.065203,1.462130
2.014000,-0.000041,-0.001584,0.034797,-0.000031,-0.005645,-0.037326,-0.000000,-0.001015,1.570037,0.000000,1.000000,1.100000,0.000000,0.000000,-1.571000,0.000041,1.001584,1.065203,1.462131
2.016000,-0.000041,-0.001586,0.034797,-0.000031,-0.005645,-0.037326,-0.000000,-0.001015,1.570037,0.000000,1.000000,1.100000,0.000000,0.000000,-1.571000,0.000041,1.001586,1.065203,1.462132
2.018000,-0.000041,-0.001587,0.034797,-0.000031,-0.005645,-0.037326,-0.000000,-0.001015,1.570037,0.000000,1.000000,1.100000,0.000000,0.000000,-1.571000,0.000041,1.001587,1.065203,1.462133
2.020000,-0.000041,-0.001589,0.034797,-0.000031,-0.005645,-0.037326,-0.000000,-0.001015,1.570037,0.000000,1.000000,1.100000,0.000000,0.000000,-1.571000,0.000041,1.001589,1.065203,1.462135
2.022000,-0.000041,-0.001591,0.034797,-0.000031,-0.005645,-0.037326,-0.000000,-0.001015,1.570037,0.000000,1.000000,1.100000,0.000000,0.000000,-1.571000,0.000041,1.001591,1.065203,1.462136
2.024000,-0.000042,-0.001592,0.034797,-0.000031,-0.005645,-0.037326,-0.000000,-0.001015,1.570037,0.000000,1.000000,1.100000,0.000000,0.000000,-1.571000,0.000042,1.001592,1.065203,1.462137
2.026000,-0.000042,-0.001594,0.034797,-0.000031,-0.005645,-0.037326,-0.000000,-0.001015,1.570037,0.000000,1.000000,1.100000,0.000000,0.000000,-1.571000,0.000042,1.001594,1.065203,1.462138
2.028000,-0.000042,-0.001596,0.034797,-0.000031,-0.005645,-0.037326,-0.000000,-0.001015,1.570037,0.000000,1.000000,1.100000,0.000000,0.000000,-1.571000,0.000042,1.001596,1.065203,1.462139
2.030000,-0.000042,-0.001597,0.034797,-0.000031,-0.005645,-0.037326,-0.000000,-0.001015,1.570037,0.000000,1.000000,1.100000,0.000000,0.000000,-1.571000,0.000042,1.001597,1.065203,1.462140
2.032000,-0.000042,-0.001599,0.034797,-0.000031,-0.005645,-0.037326,-0.000000,-0.001015,1.570037,0.000000,1.000000,1.100000,0.000000,0.000000,-1.571000,0.000042,1.001599,1.065203,1.462141
2.034000,-0.000042,-0.001601,0.034797,-0.000031,-0.005645,-0.037326,-0.000000,-0.001015,1.570037,0.000000,1.000000,1.100000,0.000000,0.000000,-1.571000,0.000042,1.001601,1.065203,1.462143
2.036000,-0.000042,-0.001602,0.034797,-0.000031,-0.005645,-0.037326,-0.000000,-0.001015,1.570037,0.000000,1.000000,1.100000,0.000000,0.000000,-1.571000,0.000042,1.001602,1.065203,1.462144
2.038000,-0.000042,-0.001604,0.034797,-0.000031,-0.005645,-0.037326,-0.000000,-0.001015,1.570037,0.000000,1.000000,1.100000,0.000000,0.000000,-1.571000,0.000042,1.001604,1.065203,1.462145
2.040000,-0.000042,-0.001606,0.034797,-0.000031,-0.005645,-0.037326,-0.000000,-0.001015,1.570037,0.000000,1.000000,1.100000,0.000000,0.000000,-1.571000,0.000042,1.001606,1.065203,1.462146
2.042000,-0.000042,-0.001607,0.034797,-0.000031,-0.005645,-0.037326,-0.000000,-0.001015,1.570037,0.000000,1.000000,1.100000,0.000000,0.000000,-1.571000,0.000042,1.001607,1.065203,1.462147
2.044000,-0.000042,-0.001609,0.034797,-0.000031,-0.005645,-0.037326,-0.000000,-0.001015,1.570037,0.000000,1.000000,1.100000,0.000000,0.000000,-1.571000,0.000042,1.001609,1.065203,1.462148
2.046000,-0.000042,-0.001611,0.034797,-0.000031,-0.005645,-0.037326,-0.000000,-0.001015,1.570037,0.000000,1.000000,1.100000,0.000000,0.000000,-1.571000,0.000042,1.001611,1.065203,1.462149
2.048000,-0.000042,-0.001612,0.034797,-0.000031,-0.005645,-0.037326,-0.000000,-0.001015,1.570037,0.000000,1.000000,1.100000,0.000000,0.000000,-1.571000,0.000042,1.001612,1.065203,1.462151
2.050000,-0.000042,-0.001614,0.034797,-0.000031,-0.005645,-0.037326,-0.000000,-0.001015,1.570037,0.000000,1.000000,1.100000,0.000000,0.000000,-1.571000,0.000042,1.001614,1.065203,1.462152
2.052000,-0.000042,-0.001616,0.034797,-0.000031,-0.005645,-0.037326,-0.000000,-0.001015,1.570037,0.000000,1.000000,1.100000,0.000000,0.000000,-1.571000,0.000042,1.001616,1.065203,1.462153
2.054000,-0.000042,-0.001617,0.034797,-0.000031,-0.005645,-0.037326,-0.000000,-0.001015,1.570037,0.000000,1.000000,1.100000,0.000000,0.000000,-1.571000,0.000042,1.001617,1.065203,1.462154
2.056000,-0.000042,-0.001619,0.034797,-0.000031,-0.005645,-0.037326,-0.000000,-0.001015,1.570037,0.000000,1.000000,1.100000,0.000000,0.000000,-1.571000,0.000042,1.001619,1.065203,1.462155
2.058000,-0.000042,-0.001621,0.034797,-0.000031,-0.005645,-0.037326,-0.000000,-0.001015,1.570037,0.000000,1.000000,1.100000,0.000000,0.000000,-1.571000,0.000042,1.001621,1.065203,1.462156
2.060000,-0.000042,-0.001622,0.034797,-0.000031,-0.005645,-0.037326,-0.000000,-0.001015,1.570037,0.000000,1.000000,1.100000,0.000000,0.000000,-1.571000,0.000042,1.001622,1.065203,1.462158
2.062000,-0.000042,-0.001624,0.034797,-0.000031,-0.005645,-0.037326,-0.000000,-0.001015,1.570037,0.000000,1.000000,1.100000,0.000000,0.000000,-1.571000,0.000042,1.001624,1.065203,1.462159
2.064000,-0.000042,-0.001626,0.034797,-0.000031,-0.005645,-0.037326,-0.000000,-0.001015,1.570038,0.000000,1.000000,1.100000,0.000000,0.000000,-1.571000,0.000042,1.001626,1.065203,1.462160
2.066000,-0.000042,-0.001627,0.034797,-0.000031,-0.005645,-0.037326,-0.000000,-0.001015,1.570038,0.000000,1.000000,1.100000,0.000000,0.000000,-1.571000,0.000042,1.001627,1.065203,1.462161
2.068000,-0.000043,-0.001629,0.034797,-0.000031,-0.005645,-0.037326,-0.000000,-0.001015,1.570038,0.000000,1.000000,1.100000,0.000000,0.000000,-1.571000,0.000043,1.001629,1.065203,1.462162
2.070000,-0.000043,-0.001631,0.034797,-0.000031,-0.005645,-0.037326,-0.000000,-0.001015,1.570038,0.000000,1.000000,1.100000,0.000000,0.000000,-1.571000,0.000043,1.001631,1.065203,1.462163
2.072000,-0.000043,-0.001632,0.034797,-0.000031,-0.005645,-0.037326,-0.000000,-0.001015,1.570038,0.000000,1.000000,1.100000,0.000000,0.000000,-1.571000,0.000043,1.001632,1.065203,1.462164
2.074000,-0.000043,-0.001634,0.034797,-0.000031,-0.005645,-0.037326,-0.000000,-0.001015,1.570038,0.000000,1.000000,1.100000,0.000000,0.000000,-1.571000,0.000043,1.001634,1.065203,1.462166
2.076000,-0.000043,-0.001636,0.034797,-0.000031,-0.005645,-0.037326,-0.000000,-0.001015,1.570038,0.000000,1.000000,1.100000,0.000000,0.000000,-1.571000,0.000043,1.001636,1.065203,1.462167
2.078000,-0.000043,-0.001637,0.034797,-0.000031,-0.005645,-0.037326,-0.000000,-0.001015,1.570038,0.000000,1.000000,1.100000,0.000000,0.000000,-1.571000,0.000043,1.001637,1.065203,1.462168
2.080000,-0.000043,-0.001639,0.034797,-0.000031,-0.005645,-0.037326,-0.000000,-0.001015,1.570038,0.000000,1.000000,1.100000,0.000000,0.000000,-1.571000,0.000043,1.001639,1.065203,1.462169
2.082000,-0.000043,-0.001641,0.034797,-0.000031,-0.005645,-0.037326,-0.000000,-0.001015,1.570038,0.000000,1.000000,1.100000,0.000000,0.000000,-1.571000,0.000043,1.001641,1.065203,1.462170
2.084000,-0.000043,-0.001642,0.034797,-0.000031,-0.005645,-0.037326,-0.000000,-0.001015,1.570038,0.000000,1.000000,1.100000,0.000000,0.000000,-1.571000,0.000043,1.001642,1.065203,1.462171
2.086000,-0.000043,-0.001644,0.034797,-0.000031,-0.005645,-0.037326,-0.000000,-0.001015,1.570038,0.000000,1.000000,1.100000,0.000000,0.000000,-1.571000,0.000043,1.001644,1.065203,1.462172
2.088000,-0.000043,-0.001646,0.034797,-0.000031,-0.005645,-0.037326,-0.000000,-0.001015,1.570038,0.000000,1.000000,1.100000,0.000000,0.000000,-1.571000,0.000043,1.001646,1.065203,1.462174
2.090000,-0.000043,-0.001647,0.034797,-0.000031,-0.005645,-0.037326,-0.000000,-0.001015,1.570038,0.000000,1.000000,1.100000,0.000000,0.000000,-1.571000,0.000043,1.001647,1.065203,1.462175
2.092000,-0.000043,-0.001649,0.034797,-0.000031,-0.005645,-0.037326,-0.000000,-0.001015,1.570038,0.000000,1.000000,1.100000,0.000000,0.000000,-1.571000,0.000043,1.001649,1.065203,1.462176
2.094000,-0.000043,-0.001651,0.034797,-0.000031,-0.005645,-0.037326,-0.000000,-0.001015,1.570038,0.000000,1.000000,1.100000,0.000000,0.000000,-1.571000,0.000043,1.001651,1.065203,1.462177
2.096000,-0.000043,-0.001653,0.034797,-0.000031,-0.005645,-0.037326,-0.000000,-0.001015,1.570038,0.000000,1.000000,1.100000,0.000000,0.000000,-1.571000,0.000043,1.001653,1.065203,1.462178
2.098000,-0.000043,-0.001654,0.034797,-0.000031,-0.005645,-0.037326,-0.000000,-0.001015,1.570038,0.000000,1.000000,1.100000,0.000000,0.000000,-1.571000,0.000043,1.001654,1.065203,1.462179
2.100000,-0.000043,-0.001656,0.034797,-0.000031,-0.005645,-0.037326,-0.000000,-0.001015,1.570038,0.000000,1.000000,1.100000,0.000000,0.000000,-1.571000,0.000043,1.001656,1.065203,1.462180
2.102000,-0.000043,-0.001658,0.034797,-0.000031,-0.005645,-0.037326,-0.000000,-0.001015,1.570038,0.000000,1.000000,1.100000,0.000000,0.000000,-1.571000,0.000043,1.001658,1.065203,1.462182
2.104000,-0.000043,-0.001659,0.034797,-0.000031,-0.005645,-0.037326,-0.000000,-0.001015,1.570038,0.000000,1.000000,1.100000,0.000000,0.000000,-1.571000,0.000043,1.001659,1.065203,1.462183
2.106000,-0.000043,-0.001661,0.034797,-0.000031,-0.005645,-0.037326,-0.000000,-0.001015,1.570038,0.000000,1.000000,1.100000,0.000000,0.000000,-1.571000,0.000043,1.001661,1.065203,1.462184
2.108000,-0.000043,-0.001663,0.034797,-0.000031,-0.005645,-0.037326,-0.000000,-0.001015,1.570038,0.000000,1.000000,1.100000,0.000000,0.000000,-1.571000,0.000043,1.001663,1.065203,1.462185
2.110000,-0.000043,-0.001664,0.034797,-0.000031,-0.005645,-0.037326,-0.000000,-0.001015,1.570038,0.000000,1.000000,1.100000,0.000000,0.000000,-1.571000,0.000043,1.001664,1.065203,1.462186
2.112000,-0.000044,-0.001666,0.034797,-0.000031,-0.005645,-0.037326,-0.000000,-0.001015,1.570038,0.000000,1.000000,1.100000,0.000000,0.000000,-1.571000,0.000044,1.001666,1.065203,1.462187
2.114000,-0.000044,-0.001668,0.034797,-0.000031,-0.005645,-0.037326,-0.000000,-0.001015,1.570038,0.000000,1.000000,1.100000,0.000000,0.000000,-1.571000,0.000044,1.001668,1.065203,1.462188
2.116000,-0.000044,-0.001669,0.034797,-0.000031,-0.005645,-0.037326,-0.000000,-0.001015,1.570039,0.000000,1.000000,1.100000,0.000000,0.000000,-1.571000,0.000044,1.001669,1.065203,1.462190
2.118000,-0.000044,-0.001671,0.034797,-0.000031,-0.005645,-0.037326,-0.000000,-0.001015,1.570039,0.000000,1.000000,1.100000,0.000000,0.000000,-1.571000,0.000044,1.001671,1.065203,1.462191
2.120000,-0.000044,-0.001673,0.034797,-0.000031,-0.005645,-0.037326,-0.000000,-0.001015,1.570039,0.000000,1.000000,1.100000,0.000000,0.000000,-1.571000,0.000044,1.001673,1.065203,1.462192
2.122000,-0.000044,-0.001674,0.034797,-0.000031,-0.005645,-0.037326,-0.000000,-0.001015,1.570039,0.000000,1.000000,1.100000,0.000000,0.000000,-1.571000,0.000044,1.001674,1.065203,1.462193
2.124000,-0.000044,-0.001676,0.034797,-0.000031,-0.005645,-0.037326,-0.000000,-0.001015,1.570039,0.000000,1.000000,1.100000,0.000000,0.000000,-1.571000,0.000044,1.001676,1.065203,1.462194
2.126000,-0.000044,-0.001678,0.034797,-0.000031,-0.005645,-0.037326,-0.000000,-0.001015,1.570039,0.000000,1.000000,1.100000,0.000000,0.000000,-1.571000,0.000044,1.001678,1.065203,1.462195
2.128000,-0.000044,-0.001679,0.034797,-0.000031,-0.005645,-0.037326,-0.000000,-0.001015,1.570039,0.000000,1.000000,1.100000,0.000000,0.000000,-1.571000,0.000044,1.001679,1.065203,1.462197
2.130000,-0.000044,-0.001681,0.034797,-0.000031,-0.005645,-0.037326,-0.000000,-0.001015,1.570039,0.000000,1.000000,1.100000,0.000000,0.000000,-1.571000,0.000044,1.001681,1.065203,1.462198
2.132000,-0.000044,-0.001683,0.034797,-0.000031,-0.005645,-0.037326,-0.000000,-0.001015,1.570039,0.000000,1.000000,1.100000,0.000000,0.000000,-1.571000,0.000044,1.001683,1.065203,1.462199
2.134000,-0.000044,-0.001684,0.034797,-0.000031,-0.005645,-0.037326,-0.000000,-0.001015,1.570039,0.000000,1.000000,1.100000,0.000000,0.000000,-1.571000,0.000044,1.001684,1.065203,1.462200
2.136000,-0.000044,-0.001686,0.034797,-0.000031,-0.005645,-0.037326,-0.000000,-0.001015,1.570039,0.000000,1.000000,1.100000,0.000000,0.000000,-1.571000,0.000044,1.001686,1.065203,1.462201
2.138000,-0.000044,-0.001688,0.034797,-0.000031,-0.005645,-0.037326,-0.000000,-0.001015,1.570039,0.000000,1.000000,1.100000,0.000000,0.000000,-1.571000,0.000044,1.001688,1.065203,1.462202
2.140000,-0.000044,-0.001689,0.034797,-0.000031,-0.005645,-0.037326,-0.000000,-0.001015,1.570039,0.000000,1.000000,1.100000,0.000000,0.000000,-1.571000,0.000044,1.001689,1.065203,1.462203
2.142000,-0.000044,-0.001691,0.034797,-0.000031,-0.005645,-0.037326,-0.000000,-0.001015,1.570039,0.000000,1.000000,1.100000,0.000000,0.000000,-1.571000,0.000044,1.001691,1.065203,1.462205
2.144000,-0.000044,-0.001693,0.034797,-0.000031,-0.005645,-0.037326,-0.000000,-0.001015,1.570039,0.000000,1.000000,1.100000,0.000000,0.000000,-1.571000,0.000044,1.001693,1.065203,1.462206
2.146000,-0.000044,-0.001694,0.034797,-0.000031,-0.005645,-0.037326,-0.000000,-0.001015,1.570039,0.000000,1.000000,1.100000,0.000000,0.000000,-1.571000,0.000044,1.001694,1.065203,1.462207
2.148000,-0.000044,-0.001696,0.034797,-0.000031,-0.005645,-0.037326,-0.000000,-0.001015,1.570039,0.000000,1.000000,1.100000,0.000000,0.000000,-1.571000,0.000044,1.001696,1.065203,1.462208
2.150000,-0.000044,-0.001698,0.034797,-0.000031,-0.005645,-0.037326,-0.000000,-0.001015,1.570039,0.000000,1.000000,1.100000,0.000000,0.000000,-1.571000,0.000044,1.001698,1.065203,1.462209
2.152000,-0.000044,-0.001699,0.034797,-0.000031,-0.005645,-0.037326,-0.000000,-0.001015,1.570039,0.000000,1.000000,1.100000,0.000000,0.000000,-1.571000,0.000044,1.001699,1.065203,1.462210
2.154000,-0.000044,-0.001701,0.034797,-0.000031,-0.005645,-0.037326,-0.000000,-0.001015,1.570039,0.000000,1.000000,1.100000,0.000000,0.000000,-1.571000,0.000044,1.001701,1.065203,1.462211
2.156000,-0.000044,-0.001703,0.034797,-0.000031,-0.005645,-0.037326,-0.000000,-0.001015,1.570039,0.000000,1.000000,1.100000,0.000000,0.000000,-1.571000,0.000044,1.001703,1.065203,1.462213
2.158000,-0.000045,-0.001704,0.034797,-0.000031,-0.005645,-0.037326,-0.000000,-0.001015,1.570039,0.000000,1.000000,1.100000,0.000000,0.000000,-1.571000,0.000045,1.001704,1.065203,1.462214
2.160000,-0.000045,-0.001706,0.034797,-0.000031,-0.005645,-0.037326,-0.000000,-0.001015,1.570039,0.000000,1.000000,1.100000,0.000000,0.000000,-1.571000,0.000045,1.001706,1.065203,1.462215
2.162000,-0.000045,-0.001708,0.034797,-0.000031,-0.005645,-0.037326,-0.000000,-0.001015,1.570039,0.000000,1.000000,1.100000,0.000000,0.000000,-1.571000,0.000045,1.001708,1.065203,1.462216
2.164000,-0.000045,-0.001709,0.034797,-0.000031,-0.005645,-0.037326,-0.000000,-0.001015,1.570039,0.000000,1.000000,1.100000,0.000000,0.000000,-1.571000,0.000045,1.001709,1.065203,1.462217
2.166000,-0.000045,-0.001711,0.034797,-0.000031,-0.005645,-0.037326,-0.000000,-0.001015,1.570040,0.000000,1.000000,1.100000,0.000000,0.000000,-1.571000,0.000045,1.001711,1.065203,1.462218
2.168000,-0.000045,-0.001713,0.034797,-0.000031,-0.005645,-0.037326,-0.000000,-0.001015,1.570040,0.000000,1.000000,1.100000,0.000000,0.000000,-1.571000,0.000045,1.001713,1.065203,1.462219
2.170000,-0.000045,-0.001714,0.034797,-0.000031,-0.005645,-0.037326,-0.000000,-0.001015,1.570040,0.000000,1.000000,1.100000,0.000000,0.000000,-1.571000,0.000045,1.001714,1.065203,1.462221
2.172000,-0.000045,-0.001716,0.034797,-0.000031,-0.005645,-0.037326,-0.000000,-0.001015,1.570040,0.000000,1.000000,1.100000,0.000000,0.000000,-1.571000,0.000045,1.001716,1.065203,1.462222
2.174000,-0.000045,-0.001718,0.034797,-0.000031,-0.005645,-0.037326,-0.000000,-0.001015,1.570040,0.000000,1.000000,1.100000,0.000000,0.000000,-1.571000,0.000045,1.001718,1.065203,1.462223
2.176000,-0.000045,-0.001720,0.034797,-0.000031,-0.005645,-0.037326,-0.000000,-0.001015,1.570040,0.000000,1.000000,1.100000,0.000000,0.000000,-1.571000,0.000045,1.001720,1.065203,1.462224
2.178000,-0.000045,-0.001721,0.034797,-0.000031,-0.005645,-0.037326,-0.000000,-0.001015,1.570040,0.000000,1.000000,1.100000,0.000000,0.000000,-1.571000,0.000045,1.001721,1.065203,1.462225
2.180000,-0.000045,-0.001723,0.034797,-0.000031,-0.005645,-0.037326,-0.000000,-0.001015,1.570040,0.000000,1.000000,1.100000,0.000000,0.000000,-1.571000,0.000045,1.001723,1.065203,1.462226
2.182000,-0.000045,-0.001725,0.034797,-0.000031,-0.005645,-0.037326,-0.000000,-0.001015,1.570040,0.000000,1.000000,1.100000,0.000000,0.000000,-1.571000,0.000045,1.001725,1.065203,1.462227
2.184000,-0.000045,-0.001726,0.034797,-0.000031,-0.005645,-0.037326,-0.000000,-0.001015,1.570040,0.000000,1.000000,1.100000,0.000000,0.000000,-1.571000,0.000045,1.001726,1.065203,1.462229
2.186000,-0.000045,-0.001728,0.034797,-0.000031,-0.005645,-0.037326,-0.000000,-0.001015,1.570040,0.000000,1.000000,1.100000,0.000000,0.000000,-1.571000,0.000045,1.001728,1.065203,1.462230
2.188000,-0.000045,-0.001730,0.034797,-0.000031,-0.005645,-0.037326,-0.000000,-0.001015,1.570040,0.000000,1.000000,1.100000,0.000000,0.000000,-1.571000,0.000045,1.001730,1.065203,1.462231
2.190000,-0.000045,-0.001731,0.034797,-0.000031,-0.005645,-0.037326,-0.000000,-0.001015,1.570040,0.000000,1.000000,1.100000,0.000000,0.000000,-1.571000,0.000045,1.001731,1.065203,1.462232
2.192000,-0.000045,-0.001733,0.034797,-0.000031,-0.005645,-0.037326,-0.000000,-0.001015,1.570040,0.000000,1.000000,1.100000,0.000000,0.000000,-1.571000,0.000045,1.001733,1.065203,1.462233
2.194000,-0.000045,-0.001735,0.034797,-0.000031,-0.005645,-0.037326,-0.000000,-0.001015,1.570040,0.000000,1.000000,1.100000,0.000000,0.000000,-1.571000,0.000045,1.001735,1.065203,1.462234
2.196000,-0.000045,-0.001736,0.034797,-0.000031,-0.005645,-0.037326,-0.000000,-0.001015,1.570040,0.000000,1.000000,1.100000,0.000000,0.000000,-1.571000,0.000045,1.001736,1.065203,1.462236
2.198000,-0.000045,-0.001738,0.034797,-0.000031,-0.005645,-0.037326,-0.000000,-0.001015,1.570040,0.000000,1.000000,1.100000,0.000000,0.000000,-1.571000,0.000045,1.001738,1.065203,1.462237
2.200000,-0.000045,-0.001740,0.034797,-0.000031,-0.005645,-0.037326,-0.000000,-0.001015,1.570040,0.000000,1.000000,1.100000,0.000000,0.000000,-1.571000,0.000045,1.001740,1.065203,1.462238
2.202000,-0.000046,-0.001741,0.034797,-0.000031,-0.005645,-0.037326,-0.000000,-0.001015,1.570040,0.000000,1.000000,1.100000,0.000000,0.000000,-1.571000,0.000046,1.001741,1.065203,1.462239
2.204000,-0.000046,-0.001743,0.034797,-0.000031,-0.005645,-0.037326,-0.000000,-0.001015,1.570040,0.000000,1.000000,1.100000,0.000000,0.000000,-1.571000,0.000046,1.001743,1.065203,1.462240
2.206000,-0.000046,-0.001745,0.034797,-0.000031,-0.005645,-0.037326,-0.000000,-0.001015,1.570040,0.000000,1.000000,1.100000,0.000000,0.000000,-1.571000,0.000046,1.001745,1.065203,1.462241
2.208000,-0.000046,-0.001746,0.034797,-0.000031,-0.005645,-0.037326,-0.000000,-0.001015,1.570040,0.000000,1.000000,1.100000,0.000000,0.000000,-1.571000,0.000046,1.001746,1.065203,1.462242
2.210000,-0.000046,-0.001748,0.034797,-0.000031,-0.005645,-0.037326,-0.000000,-0.001015,1.570040,0.000000,1.000000,1.100000,0.000000,0.000000,-1.571000,0.000046,1.001748,1.065203,1.462244
2.212000,-0.000046,-0.001750,0.034797,-0.000031,-0.005645,-0.037326,-0.000000,-0.001015,1.570040,0.000000,1.000000,1.100000,0.000000,0.000000,-1.571000,0.000046,1.001750,1.065203,1.462245
2.214000,-0.000046,-0.001751,0.034797,-0.000031,-0.005645,-0.037326,-0.000000,-0.001015,1.570040,0.000000,1.000000,1.100000,0.000000,0.000000,-1.571000,0.000046,1.001751,1.065203,1.462246
2.216000,-0.000046,-0.001753,0.034797,-0.000031,-0.005645,-0.037326,-0.000000,-0.001015,1.570041,0.000000,1.000000,1.100000,0.000000,0.000000,-1.571000,0.000046,1.001753,1.065203,1.462247
2.218000,-0.000046,-0.001755,0.034797,-0.000031,-0.005645,-0.037326,-0.000000,-0.001015,1.570041,0.000000,1.000000,1.100000,0.000000,0.000000,-1.571000,0.000046,1.001755,1.065203,1.462248
2.220000,-0.000046,-0.001756,0.034797,-0.000031,-0.005645,-0.037326,-0.000000,-0.001015,1.570041,0.000000,1.000000,1.100000,0.000000,0.000000,-1.571000,0.000046,1.001756,1.065203,1.462249
2.222000,-0.000046,-0.001758,0.034797,-0.000031,-0.005645,-0.037326,-0.000000,-0.001015,1.570041,0.000000,1.000000,1.100000,0.000000,0.000000,-1.571000,0.000046,1.001758,1.065203,1.462250
2.224000,-0.000046,-0.001760,0.034797,-0.000031,-0.005645,-0.037326,-0.000000,-0.001015,1.570041,0.000000,1.000000,1.100000,0.000000,0.000000,-1.571000,0.000046,1.001760,1.065203,1.462252
2.226000,-0.000046,-0.001761,0.034797,-0.000031,-0.005645,-0.037326,-0.000000,-0.001015,1.570041,0.000000,1.000000,1.100000,0.000000,0.000000,-1.571000,0.000046,1.001761,1.065203,1.462253
2.228000,-0.000046,-0.001763,0.034797,-0.000031,-0.005645,-0.037326,-0.000000,-0.001015,1.570041,0.000000,1.000000,1.100000,0.000000,0.000000,-1.571000,0.000046,1.001763,1.065203,1.462254
2.230000,-0.000046,-0.001765,0.034797,-0.000031,-0.005645,-0.037326,-0.000000,-0.001015,1.570041,0.000000,1.000000,1.100000,0.000000,0.000000,-1.571000,0.000046,1.001765,1.065203,1.462255
2.232000,-0.000046,-0.001766,0.034797,-0.000031,-0.005645,-0.037326,-0.000000,-0.001015,1.570041,0.000000,1.000000,1.100000,0.000000,0.000000,-1.571000,0.000046,1.001766,1.065203,1.462256
2.234000,-0.000046,-0.001768,0.034797,-0.000031,-0.005645,-0.037326,-0.000000,-0.001015,1.570041,0.000000,1.000000,1.100000,0.000000,0.000000,-1.571000,0.000046,1.001768,1.065203,1.462257
2.236000,-0.000046,-0.001770,0.034797,-0.000031,-0.005645,-0.037326,-0.000000,-0.001015,1.570041,0.000000,1.000000,1.100000,0.000000,0.000000,-1.571000,0.000046,1.001770,1.065203,1.462258
2.238000,-0.000046,-0.001771,0.034797,-0.000031,-0.005645,-0.037326,-0.000000,-0.001015,1.570041,0.000000,1.000000,1.100000,0.000000,0.000000,-1.571000,0.000046,1.001771,1.065203,1.462260
2.240000,-0.000046,-0.001773,0.034797,-0.000031,-0.005645,-0.037326,-0.000000,-0.001015,1.570041,0.000000,1.000000,1.100000,0.000000,0.000000,-1.571000,0.000046,1.001773,1.065203,1.462261
2.242000,-0.000046,-0.001775,0.034797,-0.000031,-0.005645,-0.037326,-0.000000,-0.001015,1.570041,0.000000,1.000000,1.100000,0.000000,0.000000,-1.571000,0.000046,1.001775,1.065203,1.462262
2.244000,-0.000046,-0.001776,0.034797,-0.000031,-0.005645,-0.037326,-0.000000,-0.001015,1.570041,0.000000,1.000000,1.100000,0.000000,0.000000,-1.571000,0.000046,1.001776,1.065203,1.462263
2.246000,-0.000046,-0.001778,0.034797,-0.000031,-0.005645,-0.037326,-0.000000,-0.001015,1.570041,0.000000,1.000000,1.100000,0.000000,0.000000,-1.571000,0.000046,1.001778,1.065203,1.462264
2.248000,-0.000047,-0.001780,0.034797,-0.000031,-0.005645,-0.037326,-0.000000,-0.001015,1.570041,0.000000,1.000000,1.100000,0.000000,0.000000,-1.571000,0.000047,1.001780,1.065203,1.462265
2.250000,-0.000047,-0.001781,0.034797,-0.000031,-0.005645,-0.037326,-0.000000,-0.001015,1.570041,0.000000,1.000000,1.100000,0.000000,0.000000,-1.571000,0.000047,1.001781,1.065203,1.462266
2.252000,-0.000047,-0.001783,0.034797,-0.000031,-0.005645,-0.037326,-0.000000,-0.001015,1.570041,0.000000,1.000000,1.100000,0.000000,0.000000,-1.571000,0.000047,1.001783,1.065203,1.462268
2.254000,-0.000047,-0.001785,0.034797,-0.000031,-0.005645,-0.037326,-0.000000,-0.001015,1.570041,0.000000,1.000000,1.100000,0.000000,0.000000,-1.571000,0.000047,1.001785,1.065203,1.462269
2.256000,-0.000047,-0.001786,0.034797,-0.000031,-0.005645,-0.037326,-0.000000,-0.001015,1.570041,0.000000,1.000000,1.100000,0.000000,0.000000,-1.571000,0.000047,1.001786,1.065203,1.462270
2.258000,-0.000047,-0.001788,0.034797,-0.000031,-0.005645,-0.037326,-0.000000,-0.001015,1.570041,0.000000,1.000000,1.100000,0.000000,0.000000,-1.571000,0.000047,1.001788,1.065203,1.462271
2.260000,-0.000047,-0.001790,0.034797,-0.000031,-0.005645,-0.037326,-0.000000,-0.001015,1.570041,0.000000,1.000000,1.100000,0.000000,0.000000,-1.571000,0.000047,1.001790,1.065203,1.462272
2.262000,-0.000047,-0.001792,0.034797,-0.000031,-0.005645,-0.037326,-0.000000,-0.001015,1.570041,0.000000,1.000000,1.100000,0.000000,0.000000,-1.571000,0.000047,1.001792,1.065203,1.462273
2.264000,-0.000047,-0.001793,0.034797,-0.000031,-0.005645,-0.037326,-0.000000,-0.001015,1.570041,0.000000,1.000000,1.100000,0.000000,0.000000,-1.571000,0.000047,1.001793,1.065203,1.462275
2.266000,-0.000047,-0.001795,0.034797,-0.000031,-0.005645,-0.037326,-0.000000,-0.001015,1.570042,0.000000,1.000000,1.100000,0.000000,0.000000,-1.571000,0.000047,1.001795,1.065203,1.462276
2.268000,-0.000047,-0.001797,0.034797,-0.000031,-0.005645,-0.037326,-0.000000,-0.001015,1.570042,0.000000,1.000000,1.100000,0.000000,0.000000,-1.571000,0.000047,1.001797,1.065203,1.462277
2.270000,-0.000047,-0.001798,0.034797,-0.000031,-0.005645,-0.037326,-0.000000,-0.001015,1.570042,0.000000,1.000000,1.100000,0.000000,0.000000,-1.571000,0.000047,1.001798,1.065203,1.462278
2.272000,-0.000047,-0.001800,0.034797,-0.000031,-0.005645,-0.037326,-0.000000,-0.001015,1.570042,0.000000,1.000000,1.100000,0.000000,0.000000,-1.571000,0.000047,1.001800,1.065203,1.462279
2.274000,-0.000047,-0.001802,0.034797,-0.000031,-0.005645,-0.037326,-0.000000,-0.001015,1.570042,0.000000,1.000000,1.100000,0.000000,0.000000,-1.571000,0.000047,1.001802,1.065203,1.462280
2.276000,-0.000047,-0.001803,0.034797,-0.000031,-0.005645,-0.037326,-0.000000,-0.001015,1.570042,0.000000,1.000000,1.100000,0.000000,0.000000,-1.571000,0.000047,1.001803,1.065203,1.462281
2.278000,-0.000047,-0.001805,0.034797,-0.000031,-0.005645,-0.037326,-0.000000,-0.001015,1.570042,0.000000,1.000000,1.100000,0.000000,0.000000,-1.571000,0.000047,1.001805,1.065203,1.462283
2.280000,-0.000047,-0.001807,0.034797,-0.000031,-0.005645,-0.037326,-0.000000,-0.001015,1.570042,0.000000,1.000000,1.100000,0.000000,0.000000,-1.571000,0.000047,1.001807,1.065203,1.462284
2.282000,-0.000047,-0.001808,0.034797,-0.000031,-0.005645,-0.037326,-0.000000,-0.001015,1.570042,0.000000,1.000000,1.100000,0.000000,0.000000,-1.571000,0.000047,1.001808,1.065203,1.462285
2.284000,-0.000047,-0.001810,0.034797,-0.000031,-0.005645,-0.037326,-0.000000,-0.001015,1.570042,0.000000,1.000000,1.100000,0.000000,0.000000,-1.571000,0.000047,1.001810,1.065203,1.462286
2.286000,-0.000047,-0.001812,0.034797,-0.000031,-0.005645,-0.037326,-0.000000,-0.001015,1.570042,0.000000,1.000000,1.100000,0.000000,0.000000,-1.571000,0.000047,1.001812,1.065203,1.462287
2.288000,-0.000047,-0.001813,0.034797,-0.000031,-0.005645,-0.037326,-0.000000,-0.001015,1.570042,0.000000,1.000000,1.100000,0.000000,0.000000,-1.571000,0.000047,1.001813,1.065203,1.462288
2.290000,-0.000047,-0.001815,0.034797,-0.000031,-0.005645,-0.037326,-0.000000,-0.001015,1.570042,0.000000,1.000000,1.100000,0.000000,0.000000,-1.571000,0.000047,1.001815,1.065203,1.462289
2.292000,-0.000048,-0.001817,0.034797,-0.000031,-0.005645,-0.037326,-0.000000,-0.001015,1.570042,0.000000,1.000000,1.100000,0.000000,0.000000,-1.571000,0.000048,1.001817,1.065203,1.462291
2.294000,-0.000048,-0.001818,0.034797,-0.000031,-0.005645,-0.037326,-0.000000,-0.001015,1.570042,0.000000,1.000000,1.100000,0.000000,0.000000,-1.571000,0.000048,1.001818,1.065203,1.462292
2.296000,-0.000048,-0.001820,0.034797,-0.000031,-0.005645,-0.037326,-0.000000,-0.001015,1.570042,0.000000,1.000000,1.100000,0.000000,0.000000,-1.571000,0.000048,1.001820,1.065203,1.462293
2.298000,-0.000048,-0.001822,0.034797,-0.000031,-0.005645,-0.037326,-0.000000,-0.001015,1.570042,0.000000,1.000000,1.100000,0.000000,0.000000,-1.571000,0.000048,1.001822,1.065203,1.462294
2.300000,-0.000048,-0.001823,0.034797,-0.000031,-0.005645,-0.037326,-0.000000,-0.001015,1.570042,0.000000,1.000000,1.100000,0.000000,0.000000,-1.571000,0.000048,1.001823,1.065203,1.462295
2.302000,-0.000048,-0.001825,0.034797,-0.000031,-0.005645,-0.037326,-0.000000,-0.001015,1.570042,0.000000,1.000000,1.100000,0.000000,0.000000,-1.571000,0.000048,1.001825,1.065203,1.462296
2.304000,-0.000048,-0.001827,0.034797,-0.000031,-0.005645,-0.037326,-0.000000,-0.001015,1.570042,0.000000,1.000000,1.100000,0.000000,0.000000,-1.571000,0.000048,1.001827,1.065203,1.462297
2.306000,-0.000048,-0.001828,0.034797,-0.000031,-0.005645,-0.037326,-0.000000,-0.001015,1.570042,0.000000,1.000000,1.100000,0.000000,0.000000,-1.571000,0.000048,1.001828,1.065203,1.462299
2.308000,-0.000048,-0.001830,0.034797,-0.000031,-0.005645,-0.037326,-0.000000,-0.001015,1.570042,0.000000,1.000000,1.100000,0.000000,0.000000,-1.571000,0.000048,1.001830,1.065203,1.462300
2.310000,-0.000048,-0.001832,0.034797,-0.000031,-0.005645,-0.037326,-0.000000,-0.001015,1.570042,0.000000,1.000000,1.100000,0.000000,0.000000,-1.571000,0.000048,1.001832,1.065203,1.462301
2.312000,-0.000048,-0.001833,0.034797,-0.000031,-0.005645,-0.037326,-0.000000,-0.001015,1.570042,0.000000,1.000000,1.100000,0.000000,0.000000,-1.571000,0.000048,1.001833,1.065203,1.462302
2.314000,-0.000048,-0.001835,0.034797,-0.000031,-0.005645,-0.037326,-0.000000,-0.001015,1.570042,0.000000,1.000000,1.100000,0.000000,0.000000,-1.571000,0.000048,1.001835,1.065203,1.462303
2.316000,-0.000048,-0.001837,0.034797,-0.000031,-0.005645,-0.037326,-0.000000,-0.001015,1.570042,0.000000,1.000000,1.100000,0.000000,0.000000,-1.571000,0.000048,1.001837,1.065203,1.462304
2.318000,-0.000048,-0.001838,0.034797,-0.000031,-0.005645,-0.037326,-0.000000,-0.001015,1.570043,0.000000,1.000000,1.100000,0.000000,0.000000,-1.571000,0.000048,1.001838,1.065203,1.462306
2.320000,-0.000048,-0.001840,0.034797,-0.000031,-0.005645,-0.037326,-0.000000,-0.001015,1.570043,0.000000,1.000000,1.100000,0.000000,0.000000,-1.571000,0.000048,1.001840,1.065203,1.462307
2.322000,-0.000048,-0.001842,0.034797,-0.000031,-0.005645,-0.037326,-0.000000,-0.001015,1.570043,0.000000,1.000000,1.100000,0.000000,0.000000,-1.571000,0.000048,1.001842,1.065203,1.462308
2.324000,-0.000048,-0.001843,0.034797,-0.000031,-0.005645,-0.037326,-0.000000,-0.001015,1.570043,0.000000,1.000000,1.100000,0.000000,0.000000,-1.571000,0.000048,1.001843,1.065203,1.462309
2.326000,-0.000048,-0.001845,0.034797,-0.000031,-0.005645,-0.037326,-0.000000,-0.001015,1.570043,0.000000,1.000000,1.100000,0.000000,0.000000,-1.571000,0.000048,1.001845,1.065203,1.462310
2.328000,-0.000048,-0.001847,0.034797,-0.000031,-0.005645,-0.037326,-0.000000,-0.001015,1.570043,0.000000,1.000000,1.100000,0.000000,0.000000,-1.571000,0.000048,1.001847,1.065203,1.462311
2.330000,-0.000048,-0.001848,0.034797,-0.000031,-0.005645,-0.037326,-0.000000,-0.001015,1.570043,0.000000,1.000000,1.100000,0.000000,0.000000,-1.571000,0.000048,1.001848,1.065203,1.462312
2.332000,-0.000048,-0.001850,0.034797,-0.000031,-0.005645,-0.037326,-0.000000,-0.001015,1.570043,0.000000,1.000000,1.100000,0.000000,0.000000,-1.571000,0.000048,1.001850,1.065203,1.462314
2.334000,-0.000048,-0.001852,0.034797,-0.000031,-0.005645,-0.037326,-0.000000,-0.001015,1.570043,0.000000,1.000000,1.100000,0.000000,0.000000,-1.571000,0.000048,1.001852,1.065203,1.462315
2.336000,-0.000049,-0.001853,0.034797,-0.000031,-0.005645,-0.037326,-0.000000,-0.001015,1.570043,0.000000,1.000000,1.100000,0.000000,0.000000,-1.571000,0.000049,1.001853,1.065203,1.462316
2.338000,-0.000049,-0.001855,0.034797,-0.000031,-0.005645,-0.037326,-0.000000,-0.001015,1.570043,0.000000,1.000000,1.100000,0.000000,0.000000,-1.571000,0.000049,1.001855,1.065203,1.462317
2.340000,-0.000049,-0.001857,0.034797,-0.000031,-0.005645,-0.037326,-0.000000,-0.001015,1.570043,0.000000,1.000000,1.100000,0.000000,0.000000,-1.571000,0.000049,1.001857,1.065203,1.462318
2.342000,-0.000049,-0.001859,0.034797,-0.000031,-0.005645,-0.037326,-0.000000,-0.001015,1.570043,0.000000,1.000000,1.100000,0.000000,0.000000,-1.571000,0.000049,1.001859,1.065203,1.462319
2.344000,-0.000049,-0.001860,0.034797,-0.000031,-0.005645,-0.037326,-0.000000,-0.001015,1.570043,0.000000,1.000000,1.100000,0.000000,0.000000,-1.571000,0.000049,1.001860,1.065203,1.462320
2.346000,-0.000049,-0.001862,0.034797,-0.000031,-0.005645,-0.037326,-0.000000,-0.001015,1.570043,0.000000,1.000000,1.100000,0.000000,0.000000,-1.571000,0.000049,1.001862,1.065203,1.462322
2.348000,-0.000049,-0.001864,0.034797,-0.000031,-0.005645,-0.037326,-0.000000,-0.001015,1.570043,0.000000,1.000000,1.100000,0.000000,0.000000,-1.571000,0.000049,1.001864,1.065203,1.462323
2.350000,-0.000049,-0.001865,0.034797,-0.000031,-0.005645,-0.037326,-0.000000,-0.001015,1.570043,0.000000,1.000000,1.100000,0.000000,0.000000,-1.571000,0.000049,1.001865,1.065203,1.462324
2.352000,-0.000049,-0.001867,0.034797,-0.000031,-0.005645,-0.037326,-0.000000,-0.001015,1.570043,0.000000,1.000000,1.100000,0.000000,0.000000,-1.571000,0.000049,1.001867,1.065203,1.462325
2.354000,-0.000049,-0.001869,0.034797,-0.000031,-0.005645,-0.037326,-0.000000,-0.001015,1.570043,0.000000,1.000000,1.100000,0.000000,0.000000,-1.571000,0.000049,1.001869,1.065203,1.462326
2.356000,-0.000049,-0.001870,0.034797,-0.000031,-0.005645,-0.037326,-0.000000,-0.001015,1.570043,0.000000,1.000000,1.100000,0.000000,0.000000,-1.571000,0.000049,1.001870,1.065203,1.462327
2.358000,-0.000049,-0.001872,0.034797,-0.000031,-0.005645,-0.037326,-0.000000,-0.001015,1.570043,0.000000,1.000000,1.100000,0.000000,0.000000,-1.571000,0.000049,1.001872,1.065203,1.462328
2.360000,-0.000049,-0.001874,0.034797,-0.000031,-0.005645,-0.037326,-0.000000,-0.001015,1.570043,0.000000,1.000000,1.100000,0.000000,0.000000,-1.571000,0.000049,1.001874,1.065203,1.462330
2.362000,-0.000049,-0.001875,0.034797,-0.000031,-0.005645,-0.037326,-0.000000,-0.001015,1.570043,0.000000,1.000000,1.100000,0.000000,0.000000,-1.571000,0.000049,1.001875,1.065203,1.462331
2.364000,-0.000049,-0.001877,0.034797,-0.000031,-0.005645,-0.037326,-0.000000,-0.001015,1.570043,0.000000,1.000000,1.100000,0.000000,0.000000,-1.571000,0.000049,1.001877,1.065203,1.462332
2.366000,-0.000049,-0.001879,0.034797,-0.000031,-0.005645,-0.037326,-0.000000,-0.001015,1.570043,0.000000,1.000000,1.100000,0.000000,0.000000,-1.571000,0.000049,1.001879,1.065203,1.462333
2.368000,-0.000049,-0.001880,0.034797,-0.000031,-0.005645,-0.037326,-0.000000,-0.001015,1.570044,0.000000,1.000000,1.100000,0.000000,0.000000,-1.571000,0.000049,1.001880,1.065203,1.462334
2.370000,-0.000049,-0.001882,0.034797,-0.000031,-0.005645,-0.037326,-0.000000,-0.001015,1.570044,0.000000,1.000000,1.100000,0.000000,0.000000,-1.571000,0.000049,1.001882,1.065203,1.462335
2.372000,-0.000049,-0.001884,0.034797,-0.000031,-0.005645,-0.037326,-0.000000,-0.001015,1.570044,0.000000,1.000000,1.100000,0.000000,0.000000,-1.571000,0.000049,1.001884,1.065203,1.462336
2.374000,-0.000049,-0.001885,0.034797,-0.000031,-0.005645,-0.037326,-0.000000,-0.001015,1.570044,0.000000,1.000000,1.100000,0.000000,0.000000,-1.571000,0.000049,1.001885,1.065203,1.462338
2.376000,-0.000049,-0.001887,0.034797,-0.000031,-0.005645,-0.037326,-0.000000,-0.001015,1.570044,0.000000,1.000000,1.100000,0.000000,0.000000,-1.571000,0.000049,1.001887,1.065203,1.462339
2.378000,-0.000049,-0.001889,0.034797,-0.000031,-0.005645,-0.037326,-0.000000,-0.001015,1.570044,0.000000,1.000000,1.100000,0.000000,0.000000,-1.571000,0.000049,1.001889,1.065203,1.462340
2.380000,-0.000049,-0.001890,0.034797,-0.000031,-0.005645,-0.037326,-0.000000,-0.001015,1.570044,0.000000,1.000000,1.100000,0.000000,0.000000,-1.571000,0.000049,1.001890,1.065203,1.462341
2.382000,-0.000050,-0.001892,0.034797,-0.000031,-0.005645,-0.037326,-0.000000,-0.001015,1.570044,0.000000,1.000000,1.100000,0.000000,0.000000,-1.571000,0.000050,1.001892,1.065203,1.462342
2.384000,-0.000050,-0.001894,0.034797,-0.000031,-0.005645,-0.037326,-0.000000,-0.001015,1.570044,0.000000,1.000000,1.100000,0.000000,0.000000,-1.571000,0.000050,1.001894,1.065203,1.462343
2.386000,-0.000050,-0.001895,0.034797,-0.000031,-0.005645,-0.037326,-0.000000,-0.001015,1.570044,0.000000,1.000000,1.100000,0.000000,0.000000,-1.571000,0.000050,1.001895,1.065203,1.462345
2.388000,-0.000050,-0.001897,0.034797,-0.000031,-0.005645,-0.037326,-0.000000,-0.001015,1.570044,0.000000,1.000000,1.100000,0.000000,0.000000,-1.571000,0.000050,1.001897,1.065203,1.462346
2.390000,-0.000050,-0.001899,0.034797,-0.000031,-0.005645,-0.037326,-0.000000,-0.001015,1.570044,0.000000,1.000000,1.100000,0.000000,0.000000,-1.571000,0.000050,1.001899,1.065203,1.462347
2.392000,-0.000050,-0.001900,0.034797,-0.000031,-0.005645,-0.037326,-0.000000,-0.001015,1.570044,0.000000,1.000000,1.100000,0.000000,0.000000,-1.571000,0.000050,1.001900,1.065203,1.462348
2.394000,-0.000050,-0.001902,0.034797,-0.000031,-0.005645,-0.037326,-0.000000,-0.001015,1.570044,0.000000,1.000000,1.100000,0.000000,0.000000,-1.571000,0.000050,1.001902,1.065203,1.462349
2.396000,-0.000050,-0.001904,0.034797,-0.000031,-0.005645,-0.037326,-0.000000,-0.001015,1.570044,0.000000,1.000000,1.100000,0.000000,0.000000,-1.571000,0.000050,1.001904,1.065203,1.462350
2.398000,-0.000050,-0.001905,0.034797,-0.000031,-0.005645,-0.037326,-0.000000,-0.001015,1.570044,0.000000,1.000000,1.100000,0.000000,0.000000,-1.571000,0.000050,1.001905,1.065203,1.462351
2.400000,-0.000050,-0.001907,0.034797,-0.000031,-0.005645,-0.037326,-0.000000,-0.001015,1.570044,0.000000,1.000000,1.100000,0.000000,0.000000,-1.571000,0.000050,1.001907,1.065203,1.462353
2.402000,-0.000050,-0.001909,0.034797,-0.000031,-0.005645,-0.037326,-0.000000,-0.001015,1.570044,0.000000,1.000000,1.100000,0.000000,0.000000,-1.571000,0.000050,1.001909,1.065203,1.462354
2.404000,-0.000050,-0.001910,0.034797,-0.000031,-0.005645,-0.037326,-0.000000,-0.001015,1.570044,0.000000,1.000000,1.100000,0.000000,0.000000,-1.571000,0.000050,1.001910,1.065203,1.462355
2.406000,-0.000050,-0.001912,0.034797,-0.000031,-0.005645,-0.037326,-0.000000,-0.001015,1.570044,0.000000,1.000000,1.100000,0.000000,0.000000,-1.571000,0.000050,1.001912,1.065203,1.462356
2.408000,-0.000050,-0.001914,0.034797,-0.000031,-0.005645,-0.037326,-0.000000,-0.001015,1.570044,0.000000,1.000000,1.100000,0.000000,0.000000,-1.571000,0.000050,1.001914,1.065203,1.462357
2.410000,-0.000050,-0.001915,0.034797,-0.000031,-0.005645,-0.037326,-0.000000,-0.001015,1.570044,0.000000,1.000000,1.100000,0.000000,0.000000,-1.571000,0.000050,1.001915,1.065203,1.462358
2.412000,-0.000050,-0.001917,0.034797,-0.000031,-0.005645,-0.037326,-0.000000,-0.001015,1.570044,0.000000,1.000000,1.100000,0.000000,0.000000,-1.571000,0.000050,1.001917,1.065203,1.462359
2.414000,-0.000050,-0.001919,0.034797,-0.000031,-0.005645,-0.037326,-0.000000,-0.001015,1.570044,0.000000,1.000000,1.100000,0.000000,0.000000,-1.571000,0.000050,1.001919,1.065203,1.462361
2.416000,-0.000050,-0.001920,0.034797,-0.000031,-0.005645,-0.037326,-0.000000,-0.001015,1.570044,0.000000,1.000000,1.100000,0.000000,0.000000,-1.571000,0.000050,1.001920,1.065203,1.462362
2.418000,-0.000050,-0.001922,0.034797,-0.000031,-0.005645,-0.037326,-0.000000,-0.001015,1.570045,0.000000,1.000000,1.100000,0.000000,0.000000,-1.571000,0.000050,1.001922,1.065203,1.462363
2.420000,-0.000050,-0.001924,0.034797,-0.000031,-0.005645,-0.037326,-0.000000,-0.001015,1.570045,0.000000,1.000000,1.100000,0.000000,0.000000,-1.571000,0.000050,1.001924,1.065203,1.462364
2.422000,-0.000050,-0.001925,0.034797,-0.000031,-0.005645,-0.037326,-0.000000,-0.001015,1.570045,0.000000,1.000000,1.100000,0.000000,0.000000,-1.571000,0.000050,1.001925,1.065203,1.462365
2.424000,-0.000050,-0.001927,0.034797,-0.000031,-0.005645,-0.037326,-0.000000,-0.001015,1.570045,0.000000,1.000000,1.100000,0.000000,0.000000,-1.571000,0.000050,1.001927,1.065203,1.462366
2.426000,-0.000051,-0.001929,0.034797,-0.000031,-0.005645,-0.037326,-0.000000,-0.001015,1.570045,0.000000,1.000000,1.100000,0.000000,0.000000,-1.571000,0.000051,1.001929,1.065203,1.462367
2.428000,-0.000051,-0.001931,0.034797,-0.000031,-0.005645,-0.037326,-0.000000,-0.001015,1.570045,0.000000,1.000000,1.100000,0.000000,0.000000,-1.571000,0.000051,1.001931,1.065203,1.462369
2.430000,-0.000051,-0.001932,0.034797,-0.000031,-0.005645,-0.037326,-0.000000,-0.001015,1.570045,0.000000,1.000000,1.100000,0.000000,0.000000,-1.571000,0.000051,1.001932,1.065203,1.462370
2.432000,-0.000051,-0.001934,0.034797,-0.000031,-0.005645,-0.037326,-0.000000,-0.001015,1.570045,0.000000,1.000000,1.100000,0.000000,0.000000,-1.571000,0.000051,1.001934,1.065203,1.462371
2.434000,-0.000051,-0.001936,0.034797,-0.000031,-0.005645,-0.037326,-0.000000,-0.001015,1.570045,0.000000,1.000000,1.100000,0.000000,0.000000,-1.571000,0.000051,1.001936,1.065203,1.462372
2.436000,-0.000051,-0.001937,0.034797,-0.000031,-0.005645,-0.037326,-0.000000,-0.001015,1.570045,0.000000,1.000000,1.100000,0.000000,0.000000,-1.571000,0.000051,1.001937,1.065203,1.462373
2.438000,-0.000051,-0.001939,0.034797,-0.000031,-0.005645,-0.037326,-0.000000,-0.001015,1.570045,0.000000,1.000000,1.100000,0.000000,0.000000,-1.571000,0.000051,1.001939,1.065203,1.462374
2.440000,-0.000051,-0.001941,0.034797,-0.000031,-0.005645,-0.037326,-0.000000,-0.001015,1.570045,0.000000,1.000000,1.100000,0.000000,0.000000,-1.571000,0.000051,1.001941,1.065203,1.462375
2.442000,-0.000051,-0.001942,0.034797,-0.000031,-0.005645,-0.037326,-0.000000,-0.001015,1.570045,0.000000,1.000000,1.100000,0.000000,0.000000,-1.571000,0.000051,1.001942,1.065203,1.462377
2.444000,-0.000051,-0.001944,0.034797,-0.000031,-0.005645,-0.037326,-0.000000,-0.001015,1.570045,0.000000,1.000000,1.100000,0.000000,0.000000,-1.571000,0.000051,1.001944,1.065203,1.462378
2.446000,-0.000051,-0.001946,0.034797,-0.000031,-0.005645,-0.037326,-0.000000,-0.001015,1.570045,0.000000,1.000000,1.100000,0.000000,0.000000,-1.571000,0.000051,1.001946,1.065203,1.462379
2.448000,-0.000051,-0.001947,0.034797,-0.000031,-0.005645,-0.037326,-0.000000,-0.001015,1.570045,0.000000,1.000000,1.100000,0.000000,0.000000,-1.571000,0.000051,1.001947,1.065203,1.462380
2.450000,-0.000051,-0.001949,0.034797,-0.000031,-0.005645,-0.037326,-0.000000,-0.001015,1.570045,0.000000,1.000000,1.100000,0.000000,0.000000,-1.571000,0.000051,1.001949,1.065203,1.462381
2.452000,-0.000051,-0.001951,0.034797,-0.000031,-0.005645,-0.037326,-0.000000,-0.001015,1.570045,0.000000,1.000000,1.100000,0.000000,0.000000,-1.571000,0.000051,1.001951,1.065203,1.462382
2.454000,-0.000051,-0.001952,0.034797,-0.000031,-0.005645,-0.037326,-0.000000,-0.001015,1.570045,0.000000,1.000000,1.100000,0.000000,0.000000,-1.571000,0.000051,1.001952,1.065203,1.462384
2.456000,-0.000051,-0.001954,0.034797,-0.000031,-0.005645,-0.037326,-0.000000,-0.001015,1.570045,0.000000,1.000000,1.100000,0.000000,0.000000,-1.571000,0.000051,1.001954,1.065203,1.462385
2.458000,-0.000051,-0.001956,0.034797,-0.000031,-0.005645,-0.037326,-0.000000,-0.001015,1.570045,0.000000,1.000000,1.100000,0.000000,0.000000,-1.571000,0.000051,1.001956,1.065203,1.462386
2.460000,-0.000051,-0.001957,0.034797,-0.000031,-0.005645,-0.037326,-0.000000,-0.001015,1.570045,0.000000,1.000000,1.100000,0.000000,0.000000,-1.571000,0.000051,1.001957,1.065203,1.462387
2.462000,-0.000051,-0.001959,0.034797,-0.000031,-0.005645,-0.037326,-0.000000,-0.001015,1.570045,0.000000,1.000000,1.100000,0.000000,0.000000,-1.571000,0.000051,1.001959,1.065203,1.462388
2.464000,-0.000051,-0.001961,0.034797,-0.000031,-0.005645,-0.037326,-0.000000,-0.001015,1.570045,0.000000,1.000000,1.100000,0.000000,0.000000,-1.571000,0.000051,1.001961,1.065203,1.462389
2.466000,-0.000051,-0.001962,0.034797,-0.000031,-0.005645,-0.037326,-0.000000,-0.001015,1.570045,0.000000,1.000000,1.100000,0.000000,0.000000,-1.571000,0.000051,1.001962,1.065203,1.462390
2.468000,-0.000051,-0.001964,0.034797,-0.000031,-0.005645,-0.037326,-0.000000,-0.001015,1.570045,0.000000,1.000000,1.100000,0.000000,0.000000,-1.571000,0.000051,1.001964,1.065203,1.462392
2.470000,-0.000052,-0.001966,0.034797,-0.000031,-0.005645,-0.037326,-0.000000,-0.001015,1.570046,0.000000,1.000000,1.100000,0.000000,0.000000,-1.571000,0.000052,1.001966,1.065203,1.462393
2.472000,-0.000052,-0.001967,0.034797,-0.000031,-0.005645,-0.037326,-0.000000,-0.001015,1.570046,0.000000,1.000000,1.100000,0.000000,0.000000,-1.571000,0.000052,1.001967,1.065203,1.462394
2.474000,-0.000052,-0.001969,0.034797,-0.000031,-0.005645,-0.037326,-0.000000,-0.001015,1.570046,0.000000,1.000000,1.100000,0.000000,0.000000,-1.571000,0.000052,1.001969,1.065203,1.462395
2.476000,-0.000052,-0.001971,0.034797,-0.000031,-0.005645,-0.037326,-0.000000,-0.001015,1.570046,0.000000,1.000000,1.100000,0.000000,0.000000,-1.571000,0.000052,1.001971,1.065203,1.462396
2.478000,-0.000052,-0.001972,0.034797,-0.000031,-0.005645,-0.037326,-0.000000,-0.001015,1.570046,0.000000,1.000000,1.100000,0.000000,0.000000,-1.571000,0.000052,1.001972,1.065203,1.462397
2.480000,-0.000052,-0.001974,0.034797,-0.000031,-0.005645,-0.037326,-0.000000,-0.001015,1.570046,0.000000,1.000000,1.100000,0.000000,0.000000,-1.571000,0.000052,1.001974,1.065203,1.462398
2.482000,-0.000052,-0.001976,0.034797,-0.000031,-0.005645,-0.037326,-0.000000,-0.001015,1.570046,0.000000,1.000000,1.100000,0.000000,0.000000,-1.571000,0.000052,1.001976,1.065203,1.462400
2.484000,-0.000052,-0.001977,0.034797,-0.000031,-0.005645,-0.037326,-0.000000,-0.001015,1.570046,0.000000,1.000000,1.100000,0.000000,0.000000,-1.571000,0.000052,1.001977,1.065203,1.462401
2.486000,-0.000052,-0.001979,0.034797,-0.000031,-0.005645,-0.037326,-0.000000,-0.001015,1.570046,0.000000,1.000000,1.100000,0.000000,0.000000,-1.571000,0.000052,1.001979,1.065203,1.462402
2.488000,-0.000052,-0.001981,0.034797,-0.000031,-0.005645,-0.037326,-0.000000,-0.001015,1.570046,0.000000,1.000000,1.100000,0.000000,0.000000,-1.571000,0.000052,1.001981,1.065203,1.462403
2.490000,-0.000052,-0.001982,0.034797,-0.000031,-0.005645,-0.037326,-0.000000,-0.001015,1.570046,0.000000,1.000000,1.100000,0.000000,0.000000,-1.571000,0.000052,1.001982,1.065203,1.462404
2.492000,-0.000052,-0.001984,0.034797,-0.000031,-0.005645,-0.037326,-0.000000,-0.001015,1.570046,0.000000,1.000000,1.100000,0.000000,0.000000,-1.571000,0.000052,1.001984,1.065203,1.462405
2.494000,-0.000052,-0.001986,0.034797,-0.000031,-0.005645,-0.037326,-0.000000,-0.001015,1.570046,0.000000,1.000000,1.100000,0.000000,0.000000,-1.571000,0.000052,1.001986,1.065203,1.462406
2.496000,-0.000052,-0.001987,0.034797,-0.000031,-0.005645,-0.037326,-0.000000,-0.001015,1.570046,0.000000,1.000000,1.100000,0.000000,0.000000,-1.571000,0.000052,1.001987,1.065203,1.462408
2.498000,-0.000052,-0.001989,0.034797,-0.000031,-0.005645,-0.037326,-0.000000,-0.001015,1.570046,0.000000,1.000000,1.100000,0.000000,0.000000,-1.571000,0.000052,1.001989,1.065203,1.462409
2.500000,-0.000052,-0.001991,0.034797,-0.000031,-0.005645,-0.037326,-0.000000,-0.001015,1.570046,0.000000,1.000000,1.100000,0.000000,0.000000,-1.571000,0.000052,1.001991,1.065203,1.462410
2.502000,-0.000052,-0.001992,0.034797,-0.000031,-0.005645,-0.037326,-0.000000,-0.001015,1.570046,0.000000,1.000000,1.100000,0.000000,0.000000,-1.571000,0.000052,1.001992,1.065203,1.462411
2.504000,-0.000052,-0.001994,0.034797,-0.000031,-0.005645,-0.037326,-0.000000,-0.001015,1.570046,0.000000,1.000000,1.100000,0.000000,0.000000,-1.571000,0.000052,1.001994,1.065203,1.462412
2.506000,-0.000052,-0.001996,0.034797,-0.000031,-0.005645,-0.037326,-0.000000,-0.001015,1.570046,0.000000,1.000000,1.100000,0.000000,0.000000,-1.571000,0.000052,1.001996,1.065203,1.462413
2.508000,-0.000052,-0.001998,0.034797,-0.000031,-0.005645,-0.037326,-0.000000,-0.001015,1.570046,0.000000,1.000000,1.100000,0.000000,0.000000,-1.571000,0.000052,1.001998,1.065203,1.462415
2.510000,-0.000052,-0.001999,0.034797,-0.000031,-0.005645,-0.037326,-0.000000,-0.001015,1.570046,0.000000,1.000000,1.100000,0.000000,0.000000,-1.571000,0.000052,1.001999,1.065203,1.462416
2.512000,-0.000052,-0.002001,0.034797,-0.000031,-0.005645,-0.037326,-0.000000,-0.001015,1.570046,0.000000,1.000000,1.100000,0.000000,0.000000,-1.571000,0.000052,1.002001,1.065203,1.462417
2.514000,-0.000052,-0.002003,0.034797,-0.000031,-0.005645,-0.037326,-0.000000,-0.001015,1.570046,0.000000,1.000000,1.100000,0.000000,0.000000,-1.571000,0.000052,1.002003,1.065203,1.462418
2.516000,-0.000053,-0.002004,0.034797,-0.000031,-0.005645,-0.037326,-0.000000,-0.001015,1.570046,0.000000,1.000000,1.100000,0.000000,0.000000,-1.571000,0.000053,1.002004,1.065203,1.462419
2.518000,-0.000053,-0.002006,0.034797,-0.000031,-0.005645,-0.037326,-0.000000,-0.001015,1.570046,0.000000,1.000000,1.100000,0.000000,0.000000,-1.571000,0.000053,1.002006,1.065203,1.462420
2.520000,-0.000053,-0.002008,0.034797,-0.000031,-0.005645,-0.037326,-0.000000,-0.001015,1.570047,0.000000,1.000000,1.100000,0.000000,0.000000,-1.571000,0.000053,1.002008,1.065203,1.462421
2.522000,-0.000053,-0.002009,0.034797,-0.000031,-0.005645,-0.037326,-0.000000,-0.001015,1.570047,0.000000,1.000000,1.100000,0.000000,0.000000,-1.571000,0.000053,1.002009,1.065203,1.462423
2.524000,-0.000053,-0.002011,0.034797,-0.000031,-0.005645,-0.037326,-0.000000,-0.001015,1.570047,0.000000,1.000000,1.100000,0.000000,0.000000,-1.571000,0.000053,1.002011,1.065203,1.462424
2.526000,-0.000053,-0.002013,0.034797,-0.000031,-0.005645,-0.037326,-0.000000,-0.001015,1.570047,0.000000,1.000000,1.100000,0.000000,0.000000,-1.571000,0.000053,1.002013,1.065203,1.462425
2.528000,-0.000053,-0.002014,0.034797,-0.000031,-0.005645,-0.037326,-0.000000,-0.001015,1.570047,0.000000,1.000000,1.100000,0.000000,0.000000,-1.571000,0.000053,1.002014,1.065203,1.462426
2.530000,-0.000053,-0.002016,0.034797,-0.000031,-0.005645,-0.037326,-0.000000,-0.001015,1.570047,0.000000,1.000000,1.100000,0.000000,0.000000,-1.571000,0.000053,1.002016,1.065203,1.462427
2.532000,-0.000053,-0.002018,0.034797,-0.000031,-0.005645,-0.037326,-0.000000,-0.001015,1.570047,0.000000,1.000000,1.100000,0.000000,0.000000,-1.571000,0.000053,1.002018,1.065203,1.462428
2.534000,-0.000053,-0.002019,0.034797,-0.000031,-0.005645,-0.037326,-0.000000,-0.001015,1.570047,0.000000,1.000000,1.100000,0.000000,0.000000,-1.571000,0.000053,1.002019,1.065203,1.462429
2.536000,-0.000053,-0.002021,0.034797,-0.000031,-0.005645,-0.037326,-0.000000,-0.001015,1.570047,0.000000,1.000000,1.100000,0.000000,0.000000,-1.571000,0.000053,1.002021,1.065203,1.462431
2.538000,-0.000053,-0.002023,0.034797,-0.000031,-0.005645,-0.037326,-0.000000,-0.001015,1.570047,0.000000,1.000000,1.100000,0.000000,0.000000,-1.571000,0.000053,1.002023,1.065203,1.462432
2.540000,-0.000053,-0.002024,0.034797,-0.000031,-0.005645,-0.037326,-0.000000,-0.001015,1.570047,0.000000,1.000000,1.100000,0.000000,0.000000,-1.571000,0.000053,1.002024,1.065203,1.462433
2.542000,-0.000053,-0.002026,0.034797,-0.000031,-0.005645,-0.037326,-0.000000,-0.001015,1.570047,0.000000,1.000000,1.100000,0.000000,0.000000,-1.571000,0.000053,1.002026,1.065203,1.462434
2.544000,-0.000053,-0.002028,0.034797,-0.000031,-0.005645,-0.037326,-0.000000,-0.001015,1.570047,0.000000,1.000000,1.100000,0.000000,0.000000,-1.571000,0.000053,1.002028,1.065203,1.462435
2.546000,-0.000053,-0.002029,0.034797,-0.000031,-0.005645,-0.037326,-0.000000,-0.001015,1.570047,0.000000,1.000000,1.100000,0.000000,0.000000,-1.571000,0.000053,1.002029,1.065203,1.462436
2.548000,-0.000053,-0.002031,0.034797,-0.000031,-0.005645,-0.037326,-0.000000,-0.001015,1.570047,0.000000,1.000000,1.100000,0.000000,0.000000,-1.571000,0.000053,1.002031,1.065203,1.462437
2.550000,-0.000053,-0.002033,0.034797,-0.000031,-0.005645,-0.037326,-0.000000,-0.001015,1.570047,0.000000,1.000000,1.100000,0.000000,0.000000,-1.571000,0.000053,1.002033,1.065203,1.462439
2.552000,-0.000053,-0.002034,0.034797,-0.000031,-0.005645,-0.037326,-0.000000,-0.001015,1.570047,0.000000,1.000000,1.100000,0.000000,0.000000,-1.571000,0.000053,1.002034,1.065203,1.462440
2.554000,-0.000053,-0.002036,0.034797,-0.000031,-0.005645,-0.037326,-0.000000,-0.001015,1.570047,0.000000,1.000000,1.100000,0.000000,0.000000,-1.571000,0.000053,1.002036,1.065203,1.462441
2.556000,-0.000053,-0.002038,0.034797,-0.000031,-0.005645,-0.037326,-0.000000,-0.001015,1.570047,0.000000,1.000000,1.100000,0.000000,0.000000,-1.571000,0.000053,1.002038,1.065203,1.462442
2.558000,-0.000053,-0.002039,0.034797,-0.000031,-0.005645,-0.037326,-0.000000,-0.001015,1.570047,0.000000,1.000000,1.100000,0.000000,0.000000,-1.571000,0.000053,1.002039,1.065203,1.462443
2.560000,-0.000054,-0.002041,0.034797,-0.000031,-0.005645,-0.037326,-0.000000,-0.001015,1.570047,0.000000,1.000000,1.100000,0.000000,0.000000,-1.571000,0.000054,1.002041,1.065203,1.462444
2.562000,-0.000054,-0.002043,0.034797,-0.000031,-0.005645,-0.037326,-0.000000,-0.001015,1.570047,0.000000,1.000000,1.100000,0.000000,0.000000,-1.571000,0.000054,1.002043,1.065203,1.462445
2.564000,-0.000054,-0.002044,0.034797,-0.000031,-0.005645,-0.037326,-0.000000,-0.001015,1.570047,0.000000,1.000000,1.100000,0.000000,0.000000,-1.571000,0.000054,1.002044,1.065203,1.462447
2.566000,-0.000054,-0.002046,0.034797,-0.000031,-0.005645,-0.037326,-0.000000,-0.001015,1.570047,0.000000,1.000000,1.100000,0.000000,0.000000,-1.571000,0.000054,1.002046,1.065203,1.462448
2.568000,-0.000054,-0.002048,0.034797,-0.000031,-0.005645,-0.037326,-0.000000,-0.001015,1.570047,0.000000,1.000000,1.100000,0.000000,0.000000,-1.571000,0.000054,1.002048,1.065203,1.462449
2.570000,-0.000054,-0.002049,0.034797,-0.000031,-0.005645,-0.037326,-0.000000,-0.001015,1.570048,0.000000,1.000000,1.100000,0.000000,0.000000,-1.571000,0.000054,1.002049,1.065203,1.462450
2.572000,-0.000054,-0.002051,0.034797,-0.000031,-0.005645,-0.037326,-0.000000,-0.001015,1.570048,0.000000,1.000000,1.100000,0.000000,0.000000,-1.571000,0.000054,1.002051,1.065203,1.462451
2.574000,-0.000054,-0.002053,0.034797,-0.000031,-0.005645,-0.037326,-0.000000,-0.001015,1.570048,0.000000,1.000000,1.100000,0.000000,0.000000,-1.571000,0.000054,1.002053,1.065203,1.462452
2.576000,-0.000054,-0.002054,0.034797,-0.000031,-0.005645,-0.037326,-0.000000,-0.001015,1.570048,0.000000,1.000000,1.100000,0.000000,0.000000,-1.571000,0.000054,1.002054,1.065203,1.462454
2.578000,-0.000054,-0.002056,0.034797,-0.000031,-0.005645,-0.037326,-0.000000,-0.001015,1.570048,0.000000,1.000000,1.100000,0.000000,0.000000,-1.571000,0.000054,1.002056,1.065203,1.462455
2.580000,-0.000054,-0.002058,0.034797,-0.000031,-0.005645,-0.037326,-0.000000,-0.001015,1.570048,0.000000,1.000000,1.100000,0.000000,0.000000,-1.571000,0.000054,1.002058,1.065203,1.462456
2.582000,-0.000054,-0.002059,0.034797,-0.000031,-0.005645,-0.037326,-0.000000,-0.001015,1.570048,0.000000,1.000000,1.100000,0.000000,0.000000,-1.571000,0.000054,1.002059,1.065203,1.462457
2.584000,-0.000054,-0.002061,0.034797,-0.000031,-0.005645,-0.037326,-0.000000,-0.001015,1.570048,0.000000,1.000000,1.100000,0.000000,0.000000,-1.571000,0.000054,1.002061,1.065203,1.462458
2.586000,-0.000054,-0.002063,0.034797,-0.000031,-0.005645,-0.037326,-0.000000,-0.001015,1.570048,0.000000,1.000000,1.100000,0.000000,0.000000,-1.571000,0.000054,1.002063,1.065203,1.462459
2.588000,-0.000054,-0.002064,0.034797,-0.000031,-0.005645,-0.037326,-0.000000,-0.001015,1.570048,0.000000,1.000000,1.100000,0.000000,0.000000,-1.571000,0.000054,1.002064,1.065203,1.462460
2.590000,-0.000054,-0.002066,0.034797,-0.000031,-0.005645,-0.037326,-0.000000,-0.001015,1.570048,0.000000,1.000000,1.100000,0.000000,0.000000,-1.571000,0.000054,1.002066,1.065203,1.462462
2.592000,-0.000054,-0.002068,0.034797,-0.000031,-0.005645,-0.037326,-0.000000,-0.001015,1.570048,0.000000,1.000000,1.100000,0.000000,0.000000,-1.571000,0.000054,1.002068,1.065203,1.462463
2.594000,-0.000054,-0.002070,0.034797,-0.000031,-0.005645,-0.037326,-0.000000,-0.001015,1.570048,0.000000,1.000000,1.100000,0.000000,0.000000,-1.571000,0.000054,1.002070,1.065203,1.462464
2.596000,-0.000054,-0.002071,0.034797,-0.000031,-0.005645,-0.037326,-0.000000,-0.001015,1.570048,0.000000,1.000000,1.100000,0.000000,0.000000,-1.571000,0.000054,1.002071,1.065203,1.462465
2.598000,-0.000054,-0.002073,0.034797,-0.000031,-0.005645,-0.037326,-0.000000,-0.001015,1.570048,0.000000,1.000000,1.100000,0.000000,0.000000,-1.571000,0.000054,1.002073,1.065203,1.462466
2.600000,-0.000054,-0.002075,0.034797,-0.000031,-0.005645,-0.037326,-0.000000,-0.001015,1.570048,0.000000,1.000000,1.100000,0.000000,0.000000,-1.571000,0.000054,1.002075,1.065203,1.462467
2.602000,-0.000054,-0.002076,0.034797,-0.000031,-0.005645,-0.037326,-0.000000,-0.001015,1.570048,0.000000,1.000000,1.100000,0.000000,0.000000,-1.571000,0.000054,1.002076,1.065203,1.462468
2.604000,-0.000055,-0.002078,0.034797,-0.000031,-0.005645,-0.037326,-0.000000,-0.001015,1.570048,0.000000,1.000000,1.100000,0.000000,0.000000,-1.571000,0.000055,1.002078,1.065203,1.462470
2.606000,-0.000055,-0.002080,0.034797,-0.000031,-0.005645,-0.037326,-0.000000,-0.001015,1.570048,0.000000,1.000000,1.100000,0.000000,0.000000,-1.571000,0.000055,1.002080,1.065203,1.462471
2.608000,-0.000055,-0.002081,0.034797,-0.000031,-0.005645,-0.037326,-0.000000,-0.001015,1.570048,0.000000,1.000000,1.100000,0.000000,0.000000,-1.571000,0.000055,1.002081,1.065203,1.462472
2.610000,-0.000055,-0.002083,0.034797,-0.000031,-0.005645,-0.037326,-0.000000,-0.001015,1.570048,0.000000,1.000000,1.100000,0.000000,0.000000,-1.571000,0.000055,1.002083,1.065203,1.462473
2.612000,-0.000055,-0.002085,0.034797,-0.000031,-0.005645,-0.037326,-0.000000,-0.001015,1.570048,0.000000,1.000000,1.100000,0.000000,0.000000,-1.571000,0.000055,1.002085,1.065203,1.462474
2.614000,-0.000055,-0.002086,0.034797,-0.000031,-0.005645,-0.037326,-0.000000,-0.001015,1.570048,0.000000,1.000000,1.100000,0.000000,0.000000,-1.571000,0.000055,1.002086,1.065203,1.462475
2.616000,-0.000055,-0.002088,0.034797,-0.000031,-0.005645,-0.037326,-0.000000,-0.001015,1.570048,0.000000,1.000000,1.100000,0.000000,0.000000,-1.571000,0.000055,1.002088,1.065203,1.462476
2.618000,-0.000055,-0.002090,0.034797,-0.000031,-0.005645,-0.037326,-0.000000,-0.001015,1.570048,0.000000,1.000000,1.100000,0.000000,0.000000,-1.571000,0.000055,1.002090,1.065203,1.462478
2.620000,-0.000055,-0.002091,0.034797,-0.000031,-0.005645,-0.037326,-0.000000,-0.001015,1.570049,0.000000,1.000000,1.100000,0.000000,0.000000,-1.571000,0.000055,1.002091,1.065203,1.462479
2.622000,-0.000055,-0.002093,0.034797,-0.000031,-0.005645,-0.037326,-0.000000,-0.001015,1.570049,0.000000,1.000000,1.100000,0.000000,0.000000,-1.571000,0.000055,1.002093,1.065203,1.462480
2.624000,-0.000055,-0.002095,0.034797,-0.000031,-0.005645,-0.037326,-0.000000,-0.001015,1.570049,0.000000,1.000000,1.100000,0.000000,0.000000,-1.571000,0.000055,1.002095,1.065203,1.462481
2.626000,-0.000055,-0.002096,0.034797,-0.000031,-0.005645,-0.037326,-0.000000,-0.001015,1.570049,0.000000,1.000000,1.100000,0.000000,0.000000,-1.571000,0.000055,1.002096,1.065203,1.462482
2.628000,-0.000055,-0.002098,0.034797,-0.000031,-0.005645,-0.037326,-0.000000,-0.001015,1.570049,0.000000,1.000000,1.100000,0.000000,0.000000,-1.571000,0.000055,1.002098,1.065203,1.462483
2.630000,-0.000055,-0.002100,0.034797,-0.000031,-0.005645,-0.037326,-0.000000,-0.001015,1.570049,0.000000,1.000000,1.100000,0.000000,0.000000,-1.571000,0.000055,1.002100,1.065203,1.462485
2.632000,-0.000055,-0.002101,0.034797,-0.000031,-0.005645,-0.037326,-0.000000,-0.001015,1.570049,0.000000,1.000000,1.100000,0.000000,0.000000,-1.571000,0.000055,1.002101,1.065203,1.462486
2.634000,-0.000055,-0.002103,0.034797,-0.000031,-0.005645,-0.037326,-0.000000,-0.001015,1.570049,0.000000,1.000000,1.100000,0.000000,0.000000,-1.571000,0.000055,1.002103,1.065203,1.462487
2.636000,-0.000055,-0.002105,0.034797,-0.000031,-0.005645,-0.037326,-0.000000,-0.001015,1.570049,0.000000,1.000000,1.100000,0.000000,0.000000,-1.571000,0.000055,1.002105,1.065203,1.462488
2.638000,-0.000055,-0.002106,0.034797,-0.000031,-0.005645,-0.037326,-0.000000,-0.001015,1.570049,0.000000,1.000000,1.100000,0.000000,0.000000,-1.571000,0.000055,1.002106,1.065203,1.462489
2.640000,-0.000055,-0.002108,0.034797,-0.000031,-0.005645,-0.037326,-0.000000,-0.001015,1.570049,0.000000,1.000000,1.100000,0.000000,0.000000,-1.571000,0.000055,1.002108,1.065203,1.462490
2.642000,-0.000055,-0.002110,0.034797,-0.000031,-0.005645,-0.037326,-0.000000,-0.001015,1.570049,0.000000,1.000000,1.100000,0.000000,0.000000,-1.571000,0.000055,1.002110,1.065203,1.462491
2.644000,-0.000055,-0.002111,0.034797,-0.000031,-0.005645,-0.037326,-0.000000,-0.001015,1.570049,0.000000,1.000000,1.100000,0.000000,0.000000,-1.571000,0.000055,1.002111,1.065203,1.462493
2.646000,-0.000055,-0.002113,0.034797,-0.000031,-0.005645,-0.037326,-0.000000,-0.001015,1.570049,0.000000,1.000000,1.100000,0.000000,0.000000,-1.571000,0.000055,1.002113,1.065203,1.462494
2.648000,-0.000055,-0.002115,0.034797,-0.000031,-0.005645,-0.037326,-0.000000,-0.001015,1.570049,0.000000,1.000000,1.100000,0.000000,0.000000,-1.571000,0.000055,1.002115,1.065203,1.462495
2.650000,-0.000056,-0.002116,0.034797,-0.000031,-0.005645,-0.037326,-0.000000,-0.001015,1.570049,0.000000,1.000000,1.100000,0.000000,0.000000,-1.571000,0.000056,1.002116,1.065203,1.462496
2.652000,-0.000056,-0.002118,0.034797,-0.000031,-0.005645,-0.037326,-0.000000,-0.001015,1.570049,0.000000,1.000000,1.100000,0.000000,0.000000,-1.571000,0.000056,1.002118,1.065203,1.462497
2.654000,-0.000056,-0.002120,0.034797,-0.000031,-0.005645,-0.037326,-0.000000,-0.001015,1.570049,0.000000,1.000000,1.100000,0.000000,0.000000,-1.571000,0.000056,1.002120,1.065203,1.462498
2.656000,-0.000056,-0.002121,0.034797,-0.000031,-0.005645,-0.037326,-0.000000,-0.001015,1.570049,0.000000,1.000000,1.100000,0.000000,0.000000,-1.571000,0.000056,1.002121,1.065203,1.462499
2.658000,-0.000056,-0.002123,0.034797,-0.000031,-0.005645,-0.037326,-0.000000,-0.001015,1.570049,0.000000,1.000000,1.100000,0.000000,0.000000,-1.571000,0.000056,1.002123,1.065203,1.462501
2.660000,-0.000056,-0.002125,0.034797,-0.000031,-0.005645,-0.037326,-0.000000,-0.001015,1.570049,0.000000,1.000000,1.100000,0.000000,0.000000,-1.571000,0.000056,1.002125,1.065203,1.462502
2.662000,-0.000056,-0.002126,0.034797,-0.000031,-0.005645,-0.037326,-0.000000,-0.001015,1.570049,0.000000,1.000000,1.100000,0.000000,0.000000,-1.571000,0.000056,1.002126,1.065203,1.462503
2.664000,-0.000056,-0.002128,0.034797,-0.000031,-0.005645,-0.037326,-0.000000,-0.001015,1.570049,0.000000,1.000000,1.100000,0.000000,0.000000,-1.571000,0.000056,1.002128,1.065203,1.462504
2.666000,-0.000056,-0.002130,0.034797,-0.000031,-0.005645,-0.037326,-0.000000,-0.001015,1.570049,0.000000,1.000000,1.100000,0.000000,0.000000,-1.571000,0.000056,1.002130,1.065203,1.462505
2.668000,-0.000056,-0.002131,0.034797,-0.000031,-0.005645,-0.037326,-0.000000,-0.001015,1.570049,0.000000,1.000000,1.100000,0.000000,0.000000,-1.571000,0.000056,1.002131,1.065203,1.462506
2.670000,-0.000056,-0.002133,0.034797,-0.000031,-0.005645,-0.037326,-0.000000,-0.001015,1.570049,0.000000,1.000000,1.100000,0.000000,0.000000,-1.571000,0.000056,1.002133,1.065203,1.462507
2.672000,-0.000056,-0.002135,0.034797,-0.000031,-0.005645,-0.037326,-0.000000,-0.001015,1.570050,0.000000,1.000000,1.100000,0.000000,0.000000,-1.571000,0.000056,1.002135,1.065203,1.462509
2.674000,-0.000056,-0.002137,0.034797,-0.000031,-0.005645,-0.037326,-0.000000,-0.001015,1.570050,0.000000,1.000000,1.100000,0.000000,0.000000,-1.571000,0.000056,1.002137,1.065203,1.462510
2.676000,-0.000056,-0.002138,0.034797,-0.000031,-0.005645,-0.037326,-0.000000,-0.001015,1.570050,0.000000,1.000000,1.100000,0.000000,0.000000,-1.571000,0.000056,1.002138,1.065203,1.462511
2.678000,-0.000056,-0.002140,0.034797,-0.000031,-0.005645,-0.037326,-0.000000,-0.001015,1.570050,0.000000,1.000000,1.100000,0.000000,0.000000,-1.571000,0.000056,1.002140,1.065203,1.462512
2.680000,-0.000056,-0.002142,0.034797,-0.000031,-0.005645,-0.037326,-0.000000,-0.001015,1.570050,0.000000,1.000000,1.100000,0.000000,0.000000,-1.571000,0.000056,1.002142,1.065203,1.462513
2.682000,-0.000056,-0.002143,0.034797,-0.000031,-0.005645,-0.037326,-0.000000,-0.001015,1.570050,0.000000,1.000000,1.100000,0.000000,0.000000,-1.571000,0.000056,1.002143,1.065203,1.462514
2.684000,-0.000056,-0.002145,0.034797,-0.000031,-0.005645,-0.037326,-0.000000,-0.001015,1.570050,0.000000,1.000000,1.100000,0.000000,0.000000,-1.571000,0.000056,1.002145,1.065203,1.462515
2.686000,-0.000056,-0.002147,0.034797,-0.000031,-0.005645,-0.037326,-0.000000,-0.001015,1.570050,0.000000,1.000000,1.100000,0.000000,0.000000,-1.571000,0.000056,1.002147,1.065203,1.462517
2.688000,-0.000056,-0.002148,0.034797,-0.000031,-0.005645,-0.037326,-0.000000,-0.001015,1.570050,0.000000,1.000000,1.100000,0.000000,0.000000,-1.571000,0.000056,1.002148,1.065203,1.462518
2.690000,-0.000056,-0.002150,0.034797,-0.000031,-0.005645,-0.037326,-0.000000,-0.001015,1.570050,0.000000,1.000000,1.100000,0.000000,0.000000,-1.571000,0.000056,1.002150,1.065203,1.462519
2.692000,-0.000056,-0.002152,0.034797,-0.000031,-0.005645,-0.037326,-0.000000,-0.001015,1.570050,0.000000,1.000000,1.100000,0.000000,0.000000,-1.571000,0.000056,1.002152,1.065203,1.462520
2.694000,-0.000057,-0.002153,0.034797,-0.000031,-0.005645,-0.037326,-0.000000,-0.001015,1.570050,0.000000,1.000000,1.100000,0.000000,0.000000,-1.571000,0.000057,1.002153,1.065203,1.462521
2.696000,-0.000057,-0.002155,0.034797,-0.000031,-0.005645,-0.037326,-0.000000,-0.001015,1.570050,0.000000,1.000000,1.100000,0.000000,0.000000,-1.571000,0.000057,1.002155,1.065203,1.462522
2.698000,-0.000057,-0.002157,0.034797,-0.000031,-0.005645,-0.037326,-0.000000,-0.001015,1.570050,0.000000,1.000000,1.100000,0.000000,0.000000,-1.571000,0.000057,1.002157,1.065203,1.462524
2.700000,-0.000057,-0.002158,0.034797,-0.000031,-0.005645,-0.037326,-0.000000,-0.001015,1.570050,0.000000,1.000000,1.100000,0.000000,0.000000,-1.571000,0.000057,1.002158,1.065203,1.462525
2.702000,-0.000057,-0.002160,0.034797,-0.000031,-0.005645,-0.037326,-0.000000,-0.001015,1.570050,0.000000,1.000000,1.100000,0.000000,0.000000,-1.571000,0.000057,1.002160,1.065203,1.462526
2.704000,-0.000057,-0.002162,0.034797,-0.000031,-0.005645,-0.037326,-0.000000,-0.001015,1.570050,0.000000,1.000000,1.100000,0.000000,0.000000,-1.571000,0.000057,1.002162,1.065203,1.462527
2.706000,-0.000057,-0.002163,0.034797,-0.000031,-0.005645,-0.037326,-0.000000,-0.001015,1.570050,0.000000,1.000000,1.100000,0.000000,0.000000,-1.571000,0.000057,1.002163,1.065203,1.462528
2.708000,-0.000057,-0.002165,0.034797,-0.000031,-0.005645,-0.037326,-0.000000,-0.001015,1.570050,0.000000,1.000000,1.100000,0.000000,0.000000,-1.571000,0.000057,1.002165,1.065203,1.462529
2.710000,-0.000057,-0.002167,0.034797,-0.000031,-0.005645,-0.037326,-0.000000,-0.001015,1.570050,0.000000,1.000000,1.100000,0.000000,0.000000,-1.571000,0.000057,1.002167,1.065203,1.462530
2.712000,-0.000057,-0.002168,0.034797,-0.000031,-0.005645,-0.037326,-0.000000,-0.001015,1.570050,0.000000,1.000000,1.100000,0.000000,0.000000,-1.571000,0.000057,1.002168,1.065203,1.462532
2.714000,-0.000057,-0.002170,0.034797,-0.000031,-0.005645,-0.037326,-0.000000,-0.001015,1.570050,0.000000,1.000000,1.100000,0.000000,0.000000,-1.571000,0.000057,1.002170,1.065203,1.462533
2.716000,-0.000057,-0.002172,0.034797,-0.000031,-0.005645,-0.037326,-0.000000,-0.001015,1.570050,0.000000,1.000000,1.100000,0.000000,0.000000,-1.571000,0.000057,1.002172,1.065203,1.462534
2.718000,-0.000057,-0.002173,0.034797,-0.000031,-0.005645,-0.037326,-0.000000,-0.001015,1.570050,0.000000,1.000000,1.100000,0.000000,0.000000,-1.571000,0.000057,1.002173,1.065203,1.462535
2.720000,-0.000057,-0.002175,0.034797,-0.000031,-0.005645,-0.037326,-0.000000,-0.001015,1.570050,0.000000,1.000000,1.100000,0.000000,0.000000,-1.571000,0.000057,1.002175,1.065203,1.462536
2.722000,-0.000057,-0.002177,0.034797,-0.000031,-0.005645,-0.037326,-0.000000,-0.001015,1.570051,0.000000,1.000000,1.100000,0.000000,0.000000,-1.571000,0.000057,1.002177,1.065203,1.462537
2.724000,-0.000057,-0.002178,0.034797,-0.000031,-0.005645,-0.037326,-0.000000,-0.001015,1.570051,0.000000,1.000000,1.100000,0.000000,0.000000,-1.571000,0.000057,1.002178,1.065203,1.462538
2.726000,-0.000057,-0.002180,0.034797,-0.000031,-0.005645,-0.037326,-0.000000,-0.001015,1.570051,0.000000,1.000000,1.100000,0.000000,0.000000,-1.571000,0.000057,1.002180,1.065203,1.462540
2.728000,-0.000057,-0.002182,0.034797,-0.000031,-0.005645,-0.037326,-0.000000,-0.001015,1.570051,0.000000,1.000000,1.100000,0.000000,0.000000,-1.571000,0.000057,1.002182,1.065203,1.462541
2.730000,-0.000057,-0.002183,0.034797,-0.000031,-0.005645,-0.037326,-0.000000,-0.001015,1.570051,0.000000,1.000000,1.100000,0.000000,0.000000,-1.571000,0.000057,1.002183,1.065203,1.462542
2.732000,-0.000057,-0.002185,0.034797,-0.000031,-0.005645,-0.037326,-0.000000,-0.001015,1.570051,0.000000,1.000000,1.100000,0.000000,0.000000,-1.571000,0.000057,1.002185,1.065203,1.462543
2.734000,-0.000057,-0.002187,0.034797,-0.000031,-0.005645,-0.037326,-0.000000,-0.001015,1.570051,0.000000,1.000000,1.100000,0.000000,0.000000,-1.571000,0.000057,1.002187,1.065203,1.462544
2.736000,-0.000057,-0.002188,0.034797,-0.000031,-0.005645,-0.037326,-0.000000,-0.001015,1.570051,0.000000,1.000000,1.100000,0.000000,0.000000,-1.571000,0.000057,1.002188,1.065203,1.462545
2.738000,-0.000058,-0.002190,0.034797,-0.000031,-0.005645,-0.037326,-0.000000,-0.001015,1.570051,0.000000,1.000000,1.100000,0.000000,0.000000,-1.571000,0.000058,1.002190,1.065203,1.462546
2.740000,-0.000058,-0.002192,0.034797,-0.000031,-0.005645,-0.037326,-0.000000,-0.001015,1.570051,0.000000,1.000000,1.100000,0.000000,0.000000,-1.571000,0.000058,1.002192,1.065203,1.462548
2.742000,-0.000058,-0.002193,0.034797,-0.000031,-0.005645,-0.037326,-0.000000,-0.001015,1.570051,0.000000,1.000000,1.100000,0.000000,0.000000,-1.571000,0.000058,1.002193,1.065203,1.462549
2.744000,-0.000058,-0.002195,0.034797,-0.000031,-0.005645,-0.037326,-0.000000,-0.001015,1.570051,0.000000,1.000000,1.100000,0.000000,0.000000,-1.571000,0.000058,1.002195,1.065203,1.462550
2.746000,-0.000058,-0.002197,0.034797,-0.000031,-0.005645,-0.037326,-0.000000,-0.001015,1.570051,0.000000,1.000000,1.100000,0.000000,0.000000,-1.571000,0.000058,1.002197,1.065203,1.462551
2.748000,-0.000058,-0.002198,0.034797,-0.000031,-0.005645,-0.037326,-0.000000,-0.001015,1.570051,0.000000,1.000000,1.100000,0.000000,0.000000,-1.571000,0.000058,1.002198,1.065203,1.462552
2.750000,-0.000058,-0.002200,0.034797,-0.000031,-0.005645,-0.037326,-0.000000,-0.001015,1.570051,0.000000,1.000000,1.100000,0.000000,0.000000,-1.571000,0.000058,1.002200,1.065203,1.462553
2.752000,-0.000058,-0.002202,0.034797,-0.000031,-0.005645,-0.037326,-0.000000,-0.001015,1.570051,0.000000,1.000000,1.100000,0.000000,0.000000,-1.571000,0.000058,1.002202,1.065203,1.462555
2.754000,-0.000058,-0.002203,0.034797,-0.000031,-0.005645,-0.037326,-0.000000,-0.001015,1.570051,0.000000,1.000000,1.100000,0.000000,0.000000,-1.571000,0.000058,1.002203,1.065203,1.462556
2.756000,-0.000058,-0.002205,0.034797,-0.000031,-0.005645,-0.037326,-0.000000,-0.001015,1.570051,0.000000,1.000000,1.100000,0.000000,0.000000,-1.571000,0.000058,1.002205,1.065203,1.462557
2.758000,-0.000058,-0.002207,0.034797,-0.000031,-0.005645,-0.037326,-0.000000,-0.001015,1.570051,0.000000,1.000000,1.100000,0.000000,0.000000,-1.571000,0.000058,1.002207,1.065203,1.462558
2.760000,-0.000058,-0.002209,0.034797,-0.000031,-0.005645,-0.037326,-0.000000,-0.001015,1.570051,0.000000,1.000000,1.100000,0.000000,0.000000,-1.571000,0.000058,1.002209,1.065203,1.462559
2.762000,-0.000058,-0.002210,0.034797,-0.000031,-0.005645,-0.037326,-0.000000,-0.001015,1.570051,0.000000,1.000000,1.100000,0.000000,0.000000,-1.571000,0.000058,1.002210,1.065203,1.462560
2.764000,-0.000058,-0.002212,0.034797,-0.000031,-0.005645,-0.037326,-0.000000,-0.001015,1.570051,0.000000,1.000000,1.100000,0.000000,0.000000,-1.571000,0.000058,1.002212,1.065203,1.462561
2.766000,-0.000058,-0.002214,0.034797,-0.000031,-0.005645,-0.037326,-0.000000,-0.001015,1.570051,0.000000,1.000000,1.100000,0.000000,0.000000,-1.571000,0.000058,1.002214,1.065203,1.462563
2.768000,-0.000058,-0.002215,0.034797,-0.000031,-0.005645,-0.037326,-0.000000,-0.001015,1.570051,0.000000,1.000000,1.100000,0.000000,0.000000,-1.571000,0.000058,1.002215,1.065203,1.462564
2.770000,-0.000058,-0.002217,0.034797,-0.000031,-0.005645,-0.037326,-0.000000,-0.001015,1.570051,0.000000,1.000000,1.100000,0.000000,0.000000,-1.571000,0.000058,1.002217,1.065203,1.462565
2.772000,-0.000058,-0.002219,0.034797,-0.000031,-0.005645,-0.037326,-0.000000,-0.001015,1.570052,0.000000,1.000000,1.100000,0.000000,0.000000,-1.571000,0.000058,1.002219,1.065203,1.462566
2.774000,-0.000058,-0.002220,0.034797,-0.000031,-0.005645,-0.037326,-0.000000,-0.001015,1.570052,0.000000,1.000000,1.100000,0.000000,0.000000,-1.571000,0.000058,1.002220,1.065203,1.462567
2.776000,-0.000058,-0.002222,0.034797,-0.000031,-0.005645,-0.037326,-0.000000,-0.001015,1.570052,0.000000,1.000000,1.100000,0.000000,0.000000,-1.571000,0.000058,1.002222,1.065203,1.462568
2.778000,-0.000058,-0.002224,0.034797,-0.000031,-0.005645,-0.037326,-0.000000,-0.001015,1.570052,0.000000,1.000000,1.100000,0.000000,0.000000,-1.571000,0.000058,1.002224,1.065203,1.462569
2.780000,-0.000058,-0.002225,0.034797,-0.000031,-0.005645,-0.037326,-0.000000,-0.001015,1.570052,0.000000,1.000000,1.100000,0.000000,0.000000,-1.571000,0.000058,1.002225,1.065203,1.462571
2.782000,-0.000058,-0.002227,0.034797,-0.000031,-0.005645,-0.037326,-0.000000,-0.001015,1.570052,0.000000,1.000000,1.100000,0.000000,0.000000,-1.571000,0.000058,1.002227,1.065203,1.462572
2.784000,-0.000059,-0.002229,0.034797,-0.000031,-0.005645,-0.037326,-0.000000,-0.001015,1.570052,0.000000,1.000000,1.100000,0.000000,0.000000,-1.571000,0.000059,1.002229,1.065203,1.462573
2.786000,-0.000059,-0.002230,0.034797,-0.000031,-0.005645,-0.037326,-0.000000,-0.001015,1.570052,0.000000,1.000000,1.100000,0.000000,0.000000,-1.571000,0.000059,1.002230,1.065203,1.462574
2.788000,-0.000059,-0.002232,0.034797,-0.000031,-0.005645,-0.037326,-0.000000,-0.001015,1.570052,0.000000,1.000000,1.100000,0.000000,0.000000,-1.571000,0.000059,1.002232,1.065203,1.462575
2.790000,-0.000059,-0.002234,0.034797,-0.000031,-0.005645,-0.037326,-0.000000,-0.001015,1.570052,0.000000,1.000000,1.100000,0.000000,0.000000,-1.571000,0.000059,1.002234,1.065203,1.462576
2.792000,-0.000059,-0.002235,0.034797,-0.000031,-0.005645,-0.037326,-0.000000,-0.001015,1.570052,0.000000,1.000000,1.100000,0.000000,0.000000,-1.571000,0.000059,1.002235,1.065203,1.462577
2.794000,-0.000059,-0.002237,0.034797,-0.000031,-0.005645,-0.037326,-0.000000,-0.001015,1.570052,0.000000,1.000000,1.100000,0.000000,0.000000,-1.571000,0.000059,1.002237,1.065203,1.462579
2.796000,-0.000059,-0.002239,0.034797,-0.000031,-0.005645,-0.037326,-0.000000,-0.001015,1.570052,0.000000,1.000000,1.100000,0.000000,0.000000,-1.571000,0.000059,1.002239,1.065203,1.462580
2.798000,-0.000059,-0.002240,0.034797,-0.000031,-0.005645,-0.037326,-0.000000,-0.001015,1.570052,0.000000,1.000000,1.100000,0.000000,0.000000,-1.571000,0.000059,1.002240,1.065203,1.462581
2.800000,-0.000059,-0.002242,0.034797,-0.000031,-0.005645,-0.037326,-0.000000,-0.001015,1.570052,0.000000,1.000000,1.100000,0.000000,0.000000,-1.571000,0.000059,1.002242,1.065203,1.462582
2.802000,-0.000059,-0.002244,0.034797,-0.000031,-0.005645,-0.037326,-0.000000,-0.001015,1.570052,0.000000,1.000000,1.100000,0.000000,0.000000,-1.571000,0.000059,1.002244,1.065203,1.462583
2.804000,-0.000059,-0.002245,0.034797,-0.000031,-0.005645,-0.037326,-0.000000,-0.001015,1.570052,0.000000,1.000000,1.100000,0.000000,0.000000,-1.571000,0.000059,1.002245,1.065203,1.462584
2.806000,-0.000059,-0.002247,0.034797,-0.000031,-0.005645,-0.037326,-0.000000,-0.001015,1.570052,0.000000,1.000000,1.100000,0.000000,0.000000,-1.571000,0.000059,1.002247,1.065203,1.462585
2.808000,-0.000059,-0.002249,0.034797,-0.000031,-0.005645,-0.037326,-0.000000,-0.001015,1.570052,0.000000,1.000000,1.100000,0.000000,0.000000,-1.571000,0.000059,1.002249,1.065203,1.462587
2.810000,-0.000059,-0.002250,0.034797,-0.000031,-0.005645,-0.037326,-0.000000,-0.001015,1.570052,0.000000,1.000000,1.100000,0.000000,0.000000,-1.571000,0.000059,1.002250,1.065203,1.462588
2.812000,-0.000059,-0.002252,0.034797,-0.000031,-0.005645,-0.037326,-0.000000,-0.001015,1.570052,0.000000,1.000000,1.100000,0.000000,0.000000,-1.571000,0.000059,1.002252,1.065203,1.462589
2.814000,-0.000059,-0.002254,0.034797,-0.000031,-0.005645,-0.037326,-0.000000,-0.001015,1.570052,0.000000,1.000000,1.100000,0.000000,0.000000,-1.571000,0.000059,1.002254,1.065203,1.462590
2.816000,-0.000059,-0.002255,0.034797,-0.000031,-0.005645,-0.037326,-0.000000,-0.001015,1.570052,0.000000,1.000000,1.100000,0.000000,0.000000,-1.571000,0.000059,1.002255,1.065203,1.462591
2.818000,-0.000059,-0.002257,0.034797,-0.000031,-0.005645,-0.037326,-0.000000,-0.001015,1.570052,0.000000,1.000000,1.100000,0.000000,0.000000,-1.571000,0.000059,1.002257,1.065203,1.462592
2.820000,-0.000059,-0.002259,0.034797,-0.000031,-0.005645,-0.037326,-0.000000,-0.001015,1.570052,0.000000,1.000000,1.100000,0.000000,0.000000,-1.571000,0.000059,1.002259,1.065203,1.462594
2.822000,-0.000059,-0.002260,0.034797,-0.000031,-0.005645,-0.037326,-0.000000,-0.001015,1.570052,0.000000,1.000000,1.100000,0.000000,0.000000,-1.571000,0.000059,1.002260,1.065203,1.462595
2.824000,-0.000059,-0.002262,0.034797,-0.000031,-0.005645,-0.037326,-0.000000,-0.001015,1.570053,0.000000,1.000000,1.100000,0.000000,0.000000,-1.571000,0.000059,1.002262,1.065203,1.462596
2.826000,-0.000059,-0.002264,0.034797,-0.000031,-0.005645,-0.037326,-0.000000,-0.001015,1.570053,0.000000,1.000000,1.100000,0.000000,0.000000,-1.571000,0.000059,1.002264,1.065203,1.462597
2.828000,-0.000060,-0.002265,0.034797,-0.000031,-0.005645,-0.037326,-0.000000,-0.001015,1.570053,0.000000,1.000000,1.100000,0.000000,0.000000,-1.571000,0.000060,1.002265,1.065203,1.462598
2.830000,-0.000060,-0.002267,0.034797,-0.000031,-0.005645,-0.037326,-0.000000,-0.001015,1.570053,0.000000,1.000000,1.100000,0.000000,0.000000,-1.571000,0.000060,1.002267,1.065203,1.462599
2.832000,-0.000060,-0.002269,0.034797,-0.000031,-0.005645,-0.037326,-0.000000,-0.001015,1.570053,0.000000,1.000000,1.100000,0.000000,0.000000,-1.571000,0.000060,1.002269,1.065203,1.462600
2.834000,-0.000060,-0.002270,0.034797,-0.000031,-0.005645,-0.037326,-0.000000,-0.001015,1.570053,0.000000,1.000000,1.100000,0.000000,0.000000,-1.571000,0.000060,1.002270,1.065203,1.462602
2.836000,-0.000060,-0.002272,0.034797,-0.000031,-0.005645,-0.037326,-0.000000,-0.001015,1.570053,0.000000,1.000000,1.100000,0.000000,0.000000,-1.571000,0.000060,1.002272,1.065203,1.462603
2.838000,-0.000060,-0.002274,0.034797,-0.000031,-0.005645,-0.037326,-0.000000,-0.001015,1.570053,0.000000,1.000000,1.100000,0.000000,0.000000,-1.571000,0.000060,1.002274,1.065203,1.462604
2.840000,-0.000060,-0.002276,0.034797,-0.000031,-0.005645,-0.037326,-0.000000,-0.001015,1.570053,0.000000,1.000000,1.100000,0.000000,0.000000,-1.571000,0.000060,1.002276,1.065203,1.462605
2.842000,-0.000060,-0.002277,0.034797,-0.000031,-0.005645,-0.037326,-0.000000,-0.001015,1.570053,0.000000,1.000000,1.100000,0.000000,0.000000,-1.571000,0.000060,1.002277,1.065203,1.462606
2.844000,-0.000060,-0.002279,0.034797,-0.000031,-0.005645,-0.037326,-0.000000,-0.001015,1.570053,0.000000,1.000000,1.100000,0.000000,0.000000,-1.571000,0.000060,1.002279,1.065203,1.462607
2.846000,-0.000060,-0.002281,0.034797,-0.000031,-0.005645,-0.037326,-0.000000,-0.001015,1.570053,0.000000,1.000000,1.100000,0.000000,0.000000,-1.571000,0.000060,1.002281,1.065203,1.462608
2.848000,-0.000060,-0.002282,0.034797,-0.000031,-0.005645,-0.037326,-0.000000,-0.001015,1.570053,0.000000,1.000000,1.100000,0.000000,0.000000,-1.571000,0.000060,1.002282,1.065203,1.462610
2.850000,-0.000060,-0.002284,0.034797,-0.000031,-0.005645,-0.037326,-0.000000,-0.001015,1.570053,0.000000,1.000000,1.100000,0.000000,0.000000,-1.571000,0.000060,1.002284,1.065203,1.462611
2.852000,-0.000060,-0.002286,0.034797,-0.000031,-0.005645,-0.037326,-0.000000,-0.001015,1.570053,0.000000,1.000000,1.100000,0.000000,0.000000,-1.571000,0.000060,1.002286,1.065203,1.462612
2.854000,-0.000060,-0.002287,0.034797,-0.000031,-0.005645,-0.037326,-0.000000,-0.001015,1.570053,0.000000,1.000000,1.100000,0.000000,0.000000,-1.571000,0.000060,1.002287,1.065203,1.462613
2.856000,-0.000060,-0.002289,0.034797,-0.000031,-0.005645,-0.037326,-0.000000,-0.001015,1.570053,0.000000,1.000000,1.100000,0.000000,0.000000,-1.571000,0.000060,1.002289,1.065203,1.462614
2.858000,-0.000060,-0.002291,0.034797,-0.000031,-0.005645,-0.037326,-0.000000,-0.001015,1.570053,0.000000,1.000000,1.100000,0.000000,0.000000,-1.571000,0.000060,1.002291,1.065203,1.462615
2.860000,-0.000060,-0.002292,0.034797,-0.000031,-0.005645,-0.037326,-0.000000,-0.001015,1.570053,0.000000,1.000000,1.100000,0.000000,0.000000,-1.571000,0.000060,1.002292,1.065203,1.462616
2.862000,-0.000060,-0.002294,0.034797,-0.000031,-0.005645,-0.037326,-0.000000,-0.001015,1.570053,0.000000,1.000000,1.100000,0.000000,0.000000,-1.571000,0.000060,1.002294,1.065203,1.462618
2.864000,-0.000060,-0.002296,0.034797,-0.000031,-0.005645,-0.037326,-0.000000,-0.001015,1.570053,0.000000,1.000000,1.100000,0.000000,0.000000,-1.571000,0.000060,1.002296,1.065203,1.462619
2.866000,-0.000060,-0.002297,0.034797,-0.000031,-0.005645,-0.037326,-0.000000,-0.001015,1.570053,0.000000,1.000000,1.100000,0.000000,0.000000,-1.571000,0.000060,1.002297,1.065203,1.462620
2.868000,-0.000060,-0.002299,0.034797,-0.000031,-0.005645,-0.037326,-0.000000,-0.001015,1.570053,0.000000,1.000000,1.100000,0.000000,0.000000,-1.571000,0.000060,1.002299,1.065203,1.462621
2.870000,-0.000060,-0.002301,0.034797,-0.000031,-0.005645,-0.037326,-0.000000,-0.001015,1.570053,0.000000,1.000000,1.100000,0.000000,0.000000,-1.571000,0.000060,1.002301,1.065203,1.462622
2.872000,-0.000061,-0.002302,0.034797,-0.000031,-0.005645,-0.037326,-0.000000,-0.001015,1.570053,0.000000,1.000000,1.100000,0.000000,0.000000,-1.571000,0.000061,1.002302,1.065203,1.462623
2.874000,-0.000061,-0.002304,0.034797,-0.000031,-0.005645,-0.037326,-0.000000,-0.001015,1.570054,0.000000,1.000000,1.100000,0.000000,0.000000,-1.571000,0.000061,1.002304,1.065203,1.462625
2.876000,-0.000061,-0.002306,0.034797,-0.000031,-0.005645,-0.037326,-0.000000,-0.001015,1.570054,0.000000,1.000000,1.100000,0.000000,0.000000,-1.571000,0.000061,1.002306,1.065203,1.462626
2.878000,-0.000061,-0.002307,0.034797,-0.000031,-0.005645,-0.037326,-0.000000,-0.001015,1.570054,0.000000,1.000000,1.100000,0.000000,0.000000,-1.571000,0.000061,1.002307,1.065203,1.462627
2.880000,-0.000061,-0.002309,0.034797,-0.000031,-0.005645,-0.037326,-0.000000,-0.001015,1.570054,0.000000,1.000000,1.100000,0.000000,0.000000,-1.571000,0.000061,1.002309,1.065203,1.462628
2.882000,-0.000061,-0.002311,0.034797,-0.000031,-0.005645,-0.037326,-0.000000,-0.001015,1.570054,0.000000,1.000000,1.100000,0.000000,0.000000,-1.571000,0.000061,1.002311,1.065203,1.462629
2.884000,-0.000061,-0.002312,0.034797,-0.000031,-0.005645,-0.037326,-0.000000,-0.001015,1.570054,0.000000,1.000000,1.100000,0.000000,0.000000,-1.571000,0.000061,1.002312,1.065203,1.462630
2.886000,-0.000061,-0.002314,0.034797,-0.000031,-0.005645,-0.037326,-0.000000,-0.001015,1.570054,0.000000,1.000000,1.100000,0.000000,0.000000,-1.571000,0.000061,1.002314,1.065203,1.462631
2.888000,-0.000061,-0.002316,0.034797,-0.000031,-0.005645,-0.037326,-0.000000,-0.001015,1.570054,0.000000,1.000000,1.100000,0.000000,0.000000,-1.571000,0.000061,1.002316,1.065203,1.462633
2.890000,-0.000061,-0.002317,0.034797,-0.000031,-0.005645,-0.037326,-0.000000,-0.001015,1.570054,0.000000,1.000000,1.100000,0.000000,0.000000,-1.571000,0.000061,1.002317,1.065203,1.462634
2.892000,-0.000061,-0.002319,0.034797,-0.000031,-0.005645,-0.037326,-0.000000,-0.001015,1.570054,0.000000,1.000000,1.100000,0.000000,0.000000,-1.571000,0.000061,1.002319,1.065203,1.462635
2.894000,-0.000061,-0.002321,0.034797,-0.000031,-0.005645,-0.037326,-0.000000,-0.001015,1.570054,0.000000,1.000000,1.100000,0.000000,0.000000,-1.571000,0.000061,1.002321,1.065203,1.462636
2.896000,-0.000061,-0.002322,0.034797,-0.000031,-0.005645,-0.037326,-0.000000,-0.001015,1.570054,0.000000,1.000000,1.100000,0.000000,0.000000,-1.571000,0.000061,1.002322,1.065203,1.462637
2.898000,-0.000061,-0.002324,0.034797,-0.000031,-0.005645,-0.037326,-0.000000,-0.001015,1.570054,0.000000,1.000000,1.100000,0.000000,0.000000,-1.571000,0.000061,1.002324,1.065203,1.462638
2.900000,-0.000061,-0.002326,0.034797,-0.000031,-0.005645,-0.037326,-0.000000,-0.001015,1.570054,0.000000,1.000000,1.100000,0.000000,0.000000,-1.571000,0.000061,1.002326,1.065203,1.462639
2.902000,-0.000061,-0.002327,0.034797,-0.000031,-0.005645,-0.037326,-0.000000,-0.001015,1.570054,0.000000,1.000000,1.100000,0.000000,0.000000,-1.571000,0.000061,1.002327,1.065203,1.462641
2.904000,-0.000061,-0.002329,0.034797,-0.000031,-0.005645,-0.037326,-0.000000,-0.001015,1.570054,0.000000,1.000000,1.100000,0.000000,0.000000,-1.571000,0.000061,1.002329,1.065203,1.462642
2.906000,-0.000061,-0.002331,0.034797,-0.000031,-0.005645,-0.037326,-0.000000,-0.001015,1.570054,0.000000,1.000000,1.100000,0.000000,0.000000,-1.571000,0.000061,1.002331,1.065203,1.462643
2.908000,-0.000061,-0.002332,0.034797,-0.000031,-0.005645,-0.037326,-0.000000,-0.001015,1.570054,0.000000,1.000000,1.100000,0.000000,0.000000,-1.571000,0.000061,1.002332,1.065203,1.462644
2.910000,-0.000061,-0.002334,0.034797,-0.000031,-0.005645,-0.037326,-0.000000,-0.001015,1.570054,0.000000,1.000000,1.100000,0.000000,0.000000,-1.571000,0.000061,1.002334,1.065203,1.462645
2.912000,-0.000061,-0.002336,0.034797,-0.000031,-0.005645,-0.037326,-0.000000,-0.001015,1.570054,0.000000,1.000000,1.100000,0.000000,0.000000,-1.571000,0.000061,1.002336,1.065203,1.462646
2.914000,-0.000061,-0.002337,0.034797,-0.000031,-0.005645,-0.037326,-0.000000,-0.001015,1.570054,0.000000,1.000000,1.100000,0.000000,0.000000,-1.571000,0.000061,1.002337,1.065203,1.462647
2.916000,-0.000062,-0.002339,0.034797,-0.000031,-0.005645,-0.037326,-0.000000,-0.001015,1.570054,0.000000,1.000000,1.100000,0.000000,0.000000,-1.571000,0.000062,1.002339,1.065203,1.462649
2.918000,-0.000062,-0.002341,0.034797,-0.000031,-0.005645,-0.037326,-0.000000,-0.001015,1.570054,0.000000,1.000000,1.100000,0.000000,0.000000,-1.571000,0.000062,1.002341,1.065203,1.462650
2.920000,-0.000062,-0.002342,0.034797,-0.000031,-0.005645,-0.037326,-0.000000,-0.001015,1.570054,0.000000,1.000000,1.100000,0.000000,0.000000,-1.571000,0.000062,1.002342,1.065203,1.462651
2.922000,-0.000062,-0.002344,0.034797,-0.000031,-0.005645,-0.037326,-0.000000,-0.001015,1.570054,0.000000,1.000000,1.100000,0.000000,0.000000,-1.571000,0.000062,1.002344,1.065203,1.462652
2.924000,-0.000062,-0.002346,0.034797,-0.000031,-0.005645,-0.037326,-0.000000,-0.001015,1.570055,0.000000,1.000000,1.100000,0.000000,0.000000,-1.571000,0.000062,1.002346,1.065203,1.462653
2.926000,-0.000062,-0.002348,0.034797,-0.000031,-0.005645,-0.037326,-0.000000,-0.001015,1.570055,0.000000,1.000000,1.100000,0.000000,0.000000,-1.571000,0.000062,1.002348,1.065203,1.462654
2.928000,-0.000062,-0.002349,0.034797,-0.000031,-0.005645,-0.037326,-0.000000,-0.001015,1.570055,0.000000,1.000000,1.100000,0.000000,0.000000,-1.571000,0.000062,1.002349,1.065203,1.462655
2.930000,-0.000062,-0.002351,0.034797,-0.000031,-0.005645,-0.037326,-0.000000,-0.001015,1.570055,0.000000,1.000000,1.100000,0.000000,0.000000,-1.571000,0.000062,1.002351,1.065203,1.462657
2.932000,-0.000062,-0.002353,0.034797,-0.000031,-0.005645,-0.037326,-0.000000,-0.001015,1.570055,0.000000,1.000000,1.100000,0.000000,0.000000,-1.571000,0.000062,1.002353,1.065203,1.462658
2.934000,-0.000062,-0.002354,0.034797,-0.000031,-0.005645,-0.037326,-0.000000,-0.001015,1.570055,0.000000,1.000000,1.100000,0.000000,0.000000,-1.571000,0.000062,1.002354,1.065203,1.462659
2.936000,-0.000062,-0.002356,0.034797,-0.000031,-0.005645,-0.037326,-0.000000,-0.001015,1.570055,0.000000,1.000000,1.100000,0.000000,0.000000,-1.571000,0.000062,1.002356,1.065203,1.462660
2.938000,-0.000062,-0.002358,0.034797,-0.000031,-0.005645,-0.037326,-0.000000,-0.001015,1.570055,0.000000,1.000000,1.100000,0.000000,0.000000,-1.571000,0.000062,1.002358,1.065203,1.462661
2.940000,-0.000062,-0.002359,0.034797,-0.000031,-0.005645,-0.037326,-0.000000,-0.001015,1.570055,0.000000,1.000000,1.100000,0.000000,0.000000,-1.571000,0.000062,1.002359,1.065203,1.462662
2.942000,-0.000062,-0.002361,0.034797,-0.000031,-0.005645,-0.037326,-0.000000,-0.001015,1.570055,0.000000,1.000000,1.100000,0.000000,0.000000,-1.571000,0.000062,1.002361,1.065203,1.462664
2.944000,-0.000062,-0.002363,0.034797,-0.000031,-0.005645,-0.037326,-0.000000,-0.001015,1.570055,0.000000,1.000000,1.100000,0.000000,0.000000,-1.571000,0.000062,1.002363,1.065203,1.462665
2.946000,-0.000062,-0.002364,0.034797,-0.000031,-0.005645,-0.037326,-0.000000,-0.001015,1.570055,0.000000,1.000000,1.100000,0.000000,0.000000,-1.571000,0.000062,1.002364,1.065203,1.462666
2.948000,-0.000062,-0.002366,0.034797,-0.000031,-0.005645,-0.037326,-0.000000,-0.001015,1.570055,0.000000,1.000000,1.100000,0.000000,0.000000,-1.571000,0.000062,1.002366,1.065203,1.462667
2.950000,-0.000062,-0.002368,0.034797,-0.000031,-0.005645,-0.037326,-0.000000,-0.001015,1.570055,0.000000,1.000000,1.100000,0.000000,0.000000,-1.571000,0.000062,1.002368,1.065203,1.462668
2.952000,-0.000062,-0.002369,0.034797,-0.000031,-0.005645,-0.037326,-0.000000,-0.001015,1.570055,0.000000,1.000000,1.100000,0.000000,0.000000,-1.571000,0.000062,1.002369,1.065203,1.462669
2.954000,-0.000062,-0.002371,0.034797,-0.000031,-0.005645,-0.037326,-0.000000,-0.001015,1.570055,0.000000,1.000000,1.100000,0.000000,0.000000,-1.571000,0.000062,1.002371,1.065203,1.462670
2.956000,-0.000062,-0.002373,0.034797,-0.000031,-0.005645,-0.037326,-0.000000,-0.001015,1.570055,0.000000,1.000000,1.100000,0.000000,0.000000,-1.571000,0.000062,1.002373,1.065203,1.462672
2.958000,-0.000062,-0.002374,0.034797,-0.000031,-0.005645,-0.037326,-0.000000,-0.001015,1.570055,0.000000,1.000000,1.100000,0.000000,0.000000,-1.571000,0.000062,1.002374,1.065203,1.462673
2.960000,-0.000062,-0.002376,0.034797,-0.000031,-0.005645,-0.037326,-0.000000,-0.001015,1.570055,0.000000,1.000000,1.100000,0.000000,0.000000,-1.571000,0.000062,1.002376,1.065203,1.462674
2.962000,-0.000063,-0.002378,0.034797,-0.000031,-0.005645,-0.037326,-0.000000,-0.001015,1.570055,0.000000,1.000000,1.100000,0.000000,0.000000,-1.571000,0.000063,1.002378,1.065203,1.462675
2.964000,-0.000063,-0.002379,0.034797,-0.000031,-0.005645,-0.037326,-0.000000,-0.001015,1.570055,0.000000,1.000000,1.100000,0.000000,0.000000,-1.571000,0.000063,1.002379,1.065203,1.462676
2.966000,-0.000063,-0.002381,0.034797,-0.000031,-0.005645,-0.037326,-0.000000,-0.001015,1.570055,0.000000,1.000000,1.100000,0.000000,0.000000,-1.571000,0.000063,1.002381,1.065203,1.462677
2.968000,-0.000063,-0.002383,0.034797,-0.000031,-0.005645,-0.037326,-0.000000,-0.001015,1.570055,0.000000,1.000000,1.100000,0.000000,0.000000,-1.571000,0.000063,1.002383,1.065203,1.462678
2.970000,-0.000063,-0.002384,0.034797,-0.000031,-0.005645,-0.037326,-0.000000,-0.001015,1.570055,0.000000,1.000000,1.100000,0.000000,0.000000,-1.571000,0.000063,1.002384,1.065203,1.462680
2.972000,-0.000063,-0.002386,0.034797,-0.000031,-0.005645,-0.037326,-0.000000,-0.001015,1.570055,0.000000,1.000000,1.100000,0.000000,0.000000,-1.571000,0.000063,1.002386,1.065203,1.462681
2.974000,-0.000063,-0.002388,0.034797,-0.000031,-0.005645,-0.037326,-0.000000,-0.001015,1.570055,0.000000,1.000000,1.100000,0.000000,0.000000,-1.571000,0.000063,1.002388,1.065203,1.462682
2.976000,-0.000063,-0.002389,0.034797,-0.000031,-0.005645,-0.037326,-0.000000,-0.001015,1.570056,0.000000,1.000000,1.100000,0.000000,0.000000,-1.571000,0.000063,1.002389,1.065203,1.462683
2.978000,-0.000063,-0.002391,0.034797,-0.000031,-0.005645,-0.037326,-0.000000,-0.001015,1.570056,0.000000,1.000000,1.100000,0.000000,0.000000,-1.571000,0.000063,1.002391,1.065203,1.462684
2.980000,-0.000063,-0.002393,0.034797,-0.000031,-0.005645,-0.037326,-0.000000,-0.001015,1.570056,0.000000,1.000000,1.100000,0.000000,0.000000,-1.571000,0.000063,1.002393,1.065203,1.462685
2.982000,-0.000063,-0.002394,0.034797,-0.000031,-0.005645,-0.037326,-0.000000,-0.001015,1.570056,0.000000,1.000000,1.100000,0.000000,0.000000,-1.571000,0.000063,1.002394,1.065203,1.462686
2.984000,-0.000063,-0.002396,0.034797,-0.000031,-0.005645,-0.037326,-0.000000,-0.001015,1.570056,0.000000,1.000000,1.100000,0.000000,0.000000,-1.571000,0.000063,1.002396,1.065203,1.462688
2.986000,-0.000063,-0.002398,0.034797,-0.000031,-0.005645,-0.037326,-0.000000,-0.001015,1.570056,0.000000,1.000000,1.100000,0.000000,0.000000,-1.571000,0.000063,1.002398,1.065203,1.462689
2.988000,-0.000063,-0.002399,0.034797,-0.000031,-0.005645,-0.037326,-0.000000,-0.001015,1.570056,0.000000,1.000000,1.100000,0.000000,0.000000,-1.571000,0.000063,1.002399,1.065203,1.462690
2.990000,-0.000063,-0.002401,0.034797,-0.000031,-0.005645,-0.037326,-0.000000,-0.001015,1.570056,0.000000,1.000000,1.100000,0.000000,0.000000,-1.571000,0.000063,1.002401,1.065203,1.462691
2.992000,-0.000063,-0.002403,0.034797,-0.000031,-0.005645,-0.037326,-0.000000,-0.001015,1.570056,0.000000,1.000000,1.100000,0.000000,0.000000,-1.571000,0.000063,1.002403,1.065203,1.462692
2.994000,-0.000063,-0.002404,0.034797,-0.000031,-0.005645,-0.037326,-0.000000,-0.001015,1.570056,0.000000,1.000000,1.100000,0.000000,0.000000,-1.571000,0.000063,1.002404,1.065203,1.462693
2.996000,-0.000063,-0.002406,0.034797,-0.000031,-0.005645,-0.037326,-0.000000,-0.001015,1.570056,0.000000,1.000000,1.100000,0.000000,0.000000,-1.571000,0.000063,1.002406,1.065203,1.462695
2.998000,-0.000063,-0.002408,0.034797,-0.000031,-0.005645,-0.037326,-0.000000,-0.001015,1.570056,0.000000,1.000000,1.100000,0.000000,0.000000,-1.571000,0.000063,1.002408,1.065203,1.462696
3.000000,-0.000063,-0.002409,0.034797,-0.000031,-0.005645,-0.037326,-0.000000,-0.001015,1.570056,0.000000,1.000000,1.100000,0.000000,0.000000,-1.571000,0.000063,1.002409,1.065203,1.462697
3.002000,-0.000063,-0.002411,0.034797,-0.000031,-0.005645,-0.037326,-0.000000,-0.001015,1.570056,0.000000,1.000000,1.100000,0.000000,0.000000,-1.571000,0.000063,1.002411,1.065203,1.462698
3.004000,-0.000063,-0.002413,0.034797,-0.000031,-0.005645,-0.037326,-0.000000,-0.001015,1.570056,0.000000,1.000000,1.100000,0.000000,0.000000,-1.571000,0.000063,1.002413,1.065203,1.462699
3.006000,-0.000064,-0.002415,0.034797,-0.000031,-0.005645,-0.037326,-0.000000,-0.001015,1.570056,0.000000,1.000000,1.100000,0.000000,0.000000,-1.571000,0.000064,1.002415,1.065203,1.462700
3.008000,-0.000064,-0.002416,0.034797,-0.000031,-0.005645,-0.037326,-0.000000,-0.001015,1.570056,0.000000,1.000000,1.100000,0.000000,0.000000,-1.571000,0.000064,1.002416,1.065203,1.462701
3.010000,-0.000064,-0.002418,0.034797,-0.000031,-0.005645,-0.037326,-0.000000,-0.001015,1.570056,0.000000,1.000000,1.100000,0.000000,0.000000,-1.571000,0.000064,1.002418,1.065203,1.462703
3.012000,-0.000064,-0.002420,0.034797,-0.000031,-0.005645,-0.037326,-0.000000,-0.001015,1.570056,0.000000,1.000000,1.100000,0.000000,0.000000,-1.571000,0.000064,1.002420,1.065203,1.462704
3.014000,-0.000064,-0.002421,0.034797,-0.000031,-0.005645,-0.037326,-0.000000,-0.001015,1.570056,0.000000,1.000000,1.100000,0.000000,0.000000,-1.571000,0.000064,1.002421,1.065203,1.462705
3.016000,-0.000064,-0.002423,0.034797,-0.000031,-0.005645,-0.037326,-0.000000,-0.001015,1.570056,0.000000,1.000000,1.100000,0.000000,0.000000,-1.571000,0.000064,1.002423,1.065203,1.462706
3.018000,-0.000064,-0.002425,0.034797,-0.000031,-0.005645,-0.037326,-0.000000,-0.001015,1.570056,0.000000,1.000000,1.100000,0.000000,0.000000,-1.571000,0.000064,1.002425,1.065203,1.462707
3.020000,-0.000064,-0.002426,0.034797,-0.000031,-0.005645,-0.037326,-0.000000,-0.001015,1.570056,0.000000,1.000000,1.100000,0.000000,0.000000,-1.571000,0.000064,1.002426,1.065203,1.462708
3.022000,-0.000064,-0.002428,0.034797,-0.000031,-0.005645,-0.037326,-0.000000,-0.001015,1.570056,0.000000,1.000000,1.100000,0.000000,0.000000,-1.571000,0.000064,1.002428,1.065203,1.462709
3.024000,-0.000064,-0.002430,0.034797,-0.000031,-0.005645,-0.037326,-0.000000,-0.001015,1.570056,0.000000,1.000000,1.100000,0.000000,0.000000,-1.571000,0.000064,1.002430,1.065203,1.462711
3.026000,-0.000064,-0.002431,0.034797,-0.000031,-0.005645,-0.037326,-0.000000,-0.001015,1.570057,0.000000,1.000000,1.100000,0.000000,0.000000,-1.571000,0.000064,1.002431,1.065203,1.462712
3.028000,-0.000064,-0.002433,0.034797,-0.000031,-0.005645,-0.037326,-0.000000,-0.001015,1.570057,0.000000,1.000000,1.100000,0.000000,0.000000,-1.571000,0.000064,1.002433,1.065203,1.462713
3.030000,-0.000064,-0.002435,0.034797,-0.000031,-0.005645,-0.037326,-0.000000,-0.001015,1.570057,0.000000,1.000000,1.100000,0.000000,0.000000,-1.571000,0.000064,1.002435,1.065203,1.462714
3.032000,-0.000064,-0.002436,0.034797,-0.000031,-0.005645,-0.037326,-0.000000,-0.001015,1.570057,0.000000,1.000000,1.100000,0.000000,0.000000,-1.571000,0.000064,1.002436,1.065203,1.462715
3.034000,-0.000064,-0.002438,0.034797,-0.000031,-0.005645,-0.037326,-0.000000,-0.001015,1.570057,0.000000,1.000000,1.100000,0.000000,0.000000,-1.571000,0.000064,1.002438,1.065203,1.462716
3.036000,-0.000064,-0.002440,0.034797,-0.000031,-0.005645,-0.037326,-0.000000,-0.001015,1.570057,0.000000,1.000000,1.100000,0.000000,0.000000,-1.571000,0.000064,1.002440,1.065203,1.462717
3.038000,-0.000064,-0.002441,0.034797,-0.000031,-0.005645,-0.037326,-0.000000,-0.001015,1.570057,0.000000,1.000000,1.100000,0.000000,0.000000,-1.571000,0.000064,1.002441,1.065203,1.462719
3.040000,-0.000064,-0.002443,0.034797,-0.000031,-0.005645,-0.037326,-0.000000,-0.001015,1.570057,0.000000,1.000000,1.100000,0.000000,0.000000,-1.571000,0.000064,1.002443,1.065203,1.462720
3.042000,-0.000064,-0.002445,0.034797,-0.000031,-0.005645,-0.037326,-0.000000,-0.001015,1.570057,0.000000,1.000000,1.100000,0.000000,0.000000,-1.571000,0.000064,1.002445,1.065203,1.462721
3.044000,-0.000064,-0.002446,0.034797,-0.000031,-0.005645,-0.037326,-0.000000,-0.001015,1.570057,0.000000,1.000000,1.100000,0.000000,0.000000,-1.571000,0.000064,1.002446,1.065203,1.462722
3.046000,-0.000064,-0.002448,0.034797,-0.000031,-0.005645,-0.037326,-0.000000,-0.001015,1.570057,0.000000,1.000000,1.100000,0.000000,0.000000,-1.571000,0.000064,1.002448,1.065203,1.462723
3.048000,-0.000064,-0.002450,0.034797,-0.000031,-0.005645,-0.037326,-0.000000,-0.001015,1.570057,0.000000,1.000000,1.100000,0.000000,0.000000,-1.571000,0.000064,1.002450,1.065203,1.462724
3.050000,-0.000065,-0.002451,0.034797,-0.000031,-0.005645,-0.037326,-0.000000,-0.001015,1.570057,0.000000,1.000000,1.100000,0.000000,0.000000,-1.571000,0.000065,1.002451,1.065203,1.462726
3.052000,-0.000065,-0.002453,0.034797,-0.000031,-0.005645,-0.037326,-0.000000,-0.001015,1.570057,0.000000,1.000000,1.100000,0.000000,0.000000,-1.571000,0.000065,1.002453,1.065203,1.462727
3.054000,-0.000065,-0.002455,0.034797,-0.000031,-0.005645,-0.037326,-0.000000,-0.001015,1.570057,0.000000,1.000000,1.100000,0.000000,0.000000,-1.571000,0.000065,1.002455,1.065203,1.462728
3.056000,-0.000065,-0.002456,0.034797,-0.000031,-0.005645,-0.037326,-0.000000,-0.001015,1.570057,0.000000,1.000000,1.100000,0.000000,0.000000,-1.571000,0.000065,1.002456,1.065203,1.462729
3.058000,-0.000065,-0.002458,0.034797,-0.000031,-0.005645,-0.037326,-0.000000,-0.001015,1.570057,0.000000,1.000000,1.100000,0.000000,0.000000,-1.571000,0.000065,1.002458,1.065203,1.462730
3.060000,-0.000065,-0.002460,0.034797,-0.000031,-0.005645,-0.037326,-0.000000,-0.001015,1.570057,0.000000,1.000000,1.100000,0.000000,0.000000,-1.571000,0.000065,1.002460,1.065203,1.462731
3.062000,-0.000065,-0.002461,0.034797,-0.000031,-0.005645,-0.037326,-0.000000,-0.001015,1.570057,0.000000,1.000000,1.100000,0.000000,0.000000,-1.571000,0.000065,1.002461,1.065203,1.462732
3.064000,-0.000065,-0.002463,0.034797,-0.000031,-0.005645,-0.037326,-0.000000,-0.001015,1.570057,0.000000,1.000000,1.100000,0.000000,0.000000,-1.571000,0.000065,1.002463,1.065203,1.462734
3.066000,-0.000065,-0.002465,0.034797,-0.000031,-0.005645,-0.037326,-0.000000,-0.001015,1.570057,0.000000,1.000000,1.100000,0.000000,0.000000,-1.571000,0.000065,1.002465,1.065203,1.462735
3.068000,-0.000065,-0.002466,0.034797,-0.000031,-0.005645,-0.037326,-0.000000,-0.001015,1.570057,0.000000,1.000000,1.100000,0.000000,0.000000,-1.571000,0.000065,1.002466,1.065203,1.462736
3.070000,-0.000065,-0.002468,0.034797,-0.000031,-0.005645,-0.037326,-0.000000,-0.001015,1.570057,0.000000,1.000000,1.100000,0.000000,0.000000,-1.571000,0.000065,1.002468,1.065203,1.462737
3.072000,-0.000065,-0.002470,0.034797,-0.000031,-0.005645,-0.037326,-0.000000,-0.001015,1.570057,0.000000,1.000000,1.100000,0.000000,0.000000,-1.571000,0.000065,1.002470,1.065203,1.462738
3.074000,-0.000065,-0.002471,0.034797,-0.000031,-0.005645,-0.037326,-0.000000,-0.001015,1.570057,0.000000,1.000000,1.100000,0.000000,0.000000,-1.571000,0.000065,1.002471,1.065203,1.462739
3.076000,-0.000065,-0.002473,0.034797,-0.000031,-0.005645,-0.037326,-0.000000,-0.001015,1.570058,0.000000,1.000000,1.100000,0.000000,0.000000,-1.571000,0.000065,1.002473,1.065203,1.462740
3.078000,-0.000065,-0.002475,0.034797,-0.000031,-0.005645,-0.037326,-0.000000,-0.001015,1.570058,0.000000,1.000000,1.100000,0.000000,0.000000,-1.571000,0.000065,1.002475,1.065203,1.462742
3.080000,-0.000065,-0.002476,0.034797,-0.000031,-0.005645,-0.037326,-0.000000,-0.001015,1.570058,0.000000,1.000000,1.100000,0.000000,0.000000,-1.571000,0.000065,1.002476,1.065203,1.462743
3.082000,-0.000065,-0.002478,0.034797,-0.000031,-0.005645,-0.037326,-0.000000,-0.001015,1.570058,0.000000,1.000000,1.100000,0.000000,0.000000,-1.571000,0.000065,1.002478,1.065203,1.462744
3.084000,-0.000065,-0.002480,0.034797,-0.000031,-0.005645,-0.037326,-0.000000,-0.001015,1.570058,0.000000,1.000000,1.100000,0.000000,0.000000,-1.571000,0.000065,1.002480,1.065203,1.462745
3.086000,-0.000065,-0.002481,0.034797,-0.000031,-0.005645,-0.037326,-0.000000,-0.001015,1.570058,0.000000,1.000000,1.100000,0.000000,0.000000,-1.571000,0.000065,1.002481,1.065203,1.462746
3.088000,-0.000065,-0.002483,0.034797,-0.000031,-0.005645,-0.037326,-0.000000,-0.001015,1.570058,0.000000,1.000000,1.100000,0.000000,0.000000,-1.571000,0.000065,1.002483,1.065203,1.462747
3.090000,-0.000065,-0.002485,0.034797,-0.000031,-0.005645,-0.037326,-0.000000,-0.001015,1.570058,0.000000,1.000000,1.100000,0.000000,0.000000,-1.571000,0.000065,1.002485,1.065203,1.462748
3.092000,-0.000065,-0.002487,0.034797,-0.000031,-0.005645,-0.037326,-0.000000,-0.001015,1.570058,0.000000,1.000000,1.100000,0.000000,0.000000,-1.571000,0.000065,1.002487,1.065203,1.462750
3.094000,-0.000065,-0.002488,0.034797,-0.000031,-0.005645,-0.037326,-0.000000,-0.001015,1.570058,0.000000,1.000000,1.100000,0.000000,0.000000,-1.571000,0.000065,1.002488,1.065203,1.462751
3.096000,-0.000066,-0.002490,0.034797,-0.000031,-0.005645,-0.037326,-0.000000,-0.001015,1.570058,0.000000,1.000000,1.100000,0.000000,0.000000,-1.571000,0.000066,1.002490,1.065203,1.462752
3.098000,-0.000066,-0.002492,0.034797,-0.000031,-0.005645,-0.037326,-0.000000,-0.001015,1.570058,0.000000,1.000000,1.100000,0.000000,0.000000,-1.571000,0.000066,1.002492,1.065203,1.462753
3.100000,-0.000066,-0.002493,0.034797,-0.000031,-0.005645,-0.037326,-0.000000,-0.001015,1.570058,0.000000,1.000000,1.100000,0.000000,0.000000,-1.571000,0.000066,1.002493,1.065203,1.462754
3.102000,-0.000066,-0.002495,0.034797,-0.000031,-0.005645,-0.037326,-0.000000,-0.001015,1.570058,0.000000,1.000000,1.100000,0.000000,0.000000,-1.571000,0.000066,1.002495,1.065203,1.462755
3.104000,-0.000066,-0.002497,0.034797,-0.000031,-0.005645,-0.037326,-0.000000,-0.001015,1.570058,0.000000,1.000000,1.100000,0.000000,0.000000,-1.571000,0.000066,1.002497,1.065203,1.462756
3.106000,-0.000066,-0.002498,0.034797,-0.000031,-0.005645,-0.037326,-0.000000,-0.001015,1.570058,0.000000,1.000000,1.100000,0.000000,0.000000,-1.571000,0.000066,1.002498,1.065203,1.462758
3.108000,-0.000066,-0.002500,0.034797,-0.000031,-0.005645,-0.037326,-0.000000,-0.001015,1.570058,0.000000,1.000000,1.100000,0.000000,0.000000,-1.571000,0.000066,1.002500,1.065203,1.462759
3.110000,-0.000066,-0.002502,0.034797,-0.000031,-0.005645,-0.037326,-0.000000,-0.001015,1.570058,0.000000,1.000000,1.100000,0.000000,0.000000,-1.571000,0.000066,1.002502,1.065203,1.462760
3.112000,-0.000066,-0.002503,0.034797,-0.000031,-0.005645,-0.037326,-0.000000,-0.001015,1.570058,0.000000,1.000000,1.100000,0.000000,0.000000,-1.571000,0.000066,1.002503,1.065203,1.462761
3.114000,-0.000066,-0.002505,0.034797,-0.000031,-0.005645,-0.037326,-0.000000,-0.001015,1.570058,0.000000,1.000000,1.100000,0.000000,0.000000,-1.571000,0.000066,1.002505,1.065203,1.462762
3.116000,-0.000066,-0.002507,0.034797,-0.000031,-0.005645,-0.037326,-0.000000,-0.001015,1.570058,0.000000,1.000000,1.100000,0.000000,0.000000,-1.571000,0.000066,1.002507,1.065203,1.462763
3.118000,-0.000066,-0.002508,0.034797,-0.000031,-0.005645,-0.037326,-0.000000,-0.001015,1.570058,0.000000,1.000000,1.100000,0.000000,0.000000,-1.571000,0.000066,1.002508,1.065203,1.462765
3.120000,-0.000066,-0.002510,0.034797,-0.000031,-0.005645,-0.037326,-0.000000,-0.001015,1.570058,0.000000,1.000000,1.100000,0.000000,0.000000,-1.571000,0.000066,1.002510,1.065203,1.462766
3.122000,-0.000066,-0.002512,0.034797,-0.000031,-0.005645,-0.037326,-0.000000,-0.001015,1.570058,0.000000,1.000000,1.100000,0.000000,0.000000,-1.571000,0.000066,1.002512,1.065203,1.462767
3.124000,-0.000066,-0.002513,0.034797,-0.000031,-0.005645,-0.037326,-0.000000,-0.001015,1.570058,0.000000,1.000000,1.100000,0.000000,0.000000,-1.571000,0.000066,1.002513,1.065203,1.462768
3.126000,-0.000066,-0.002515,0.034797,-0.000031,-0.005645,-0.037326,-0.000000,-0.001015,1.570059,0.000000,1.000000,1.100000,0.000000,0.000000,-1.571000,0.000066,1.002515,1.065203,1.462769
3.128000,-0.000066,-0.002517,0.034797,-0.000031,-0.005645,-0.037326,-0.000000,-0.001015,1.570059,0.000000,1.000000,1.100000,0.000000,0.000000,-1.571000,0.000066,1.002517,1.065203,1.462770
3.130000,-0.000066,-0.002518,0.034797,-0.000031,-0.005645,-0.037326,-0.000000,-0.001015,1.570059,0.000000,1.000000,1.100000,0.000000,0.000000,-1.571000,0.000066,1.002518,1.065203,1.462771
3.132000,-0.000066,-0.002520,0.034797,-0.000031,-0.005645,-0.037326,-0.000000,-0.001015,1.570059,0.000000,1.000000,1.100000,0.000000,0.000000,-1.571000,0.000066,1.002520,1.065203,1.462773
3.134000,-0.000066,-0.002522,0.034797,-0.000031,-0.005645,-0.037326,-0.000000,-0.001015,1.570059,0.000000,1.000000,1.100000,0.000000,0.000000,-1.571000,0.000066,1.002522,1.065203,1.462774
3.136000,-0.000066,-0.002523,0.034797,-0.000031,-0.005645,-0.037326,-0.000000,-0.001015,1.570059,0.000000,1.000000,1.100000,0.000000,0.000000,-1.571000,0.000066,1.002523,1.065203,1.462775
3.138000,-0.000066,-0.002525,0.034797,-0.000031,-0.005645,-0.037326,-0.000000,-0.001015,1.570059,0.000000,1.000000,1.100000,0.000000,0.000000,-1.571000,0.000066,1.002525,1.065203,1.462776
3.140000,-0.000067,-0.002527,0.034797,-0.000031,-0.005645,-0.037326,-0.000000,-0.001015,1.570059,0.000000,1.000000,1.100000,0.000000,0.000000,-1.571000,0.000067,1.002527,1.065203,1.462777
3.142000,-0.000067,-0.002528,0.034797,-0.000031,-0.005645,-0.037326,-0.000000,-0.001015,1.570059,0.000000,1.000000,1.100000,0.000000,0.000000,-1.571000,0.000067,1.002528,1.065203,1.462778
3.144000,-0.000067,-0.002530,0.034797,-0.000031,-0.005645,-0.037326,-0.000000,-0.001015,1.570059,0.000000,1.000000,1.100000,0.000000,0.000000,-1.571000,0.000067,1.002530,1.065203,1.462779
3.146000,-0.000067,-0.002532,0.034797,-0.000031,-0.005645,-0.037326,-0.000000,-0.001015,1.570059,0.000000,1.000000,1.100000,0.000000,0.000000,-1.571000,0.000067,1.002532,1.065203,1.462781
3.148000,-0.000067,-0.002533,0.034797,-0.000031,-0.005645,-0.037326,-0.000000,-0.001015,1.570059,0.000000,1.000000,1.100000,0.000000,0.000000,-1.571000,0.000067,1.002533,1.065203,1.462782
3.150000,-0.000067,-0.002535,0.034797,-0.000031,-0.005645,-0.037326,-0.000000,-0.001015,1.570059,0.000000,1.000000,1.100000,0.000000,0.000000,-1.571000,0.000067,1.002535,1.065203,1.462783
3.152000,-0.000067,-0.002537,0.034797,-0.000031,-0.005645,-0.037326,-0.000000,-0.001015,1.570059,0.000000,1.000000,1.100000,0.000000,0.000000,-1.571000,0.000067,1.002537,1.065203,1.462784
3.154000,-0.000067,-0.002538,0.034797,-0.000031,-0.005645,-0.037326,-0.000000,-0.001015,1.570059,0.000000,1.000000,1.100000,0.000000,0.000000,-1.571000,0.000067,1.002538,1.065203,1.462785
3.156000,-0.000067,-0.002540,0.034797,-0.000031,-0.005645,-0.037326,-0.000000,-0.001015,1.570059,0.000000,1.000000,1.100000,0.000000,0.000000,-1.571000,0.000067,1.002540,1.065203,1.462786
3.158000,-0.000067,-0.002542,0.034797,-0.000031,-0.005645,-0.037326,-0.000000,-0.001015,1.570059,0.000000,1.000000,1.100000,0.000000,0.000000,-1.571000,0.000067,1.002542,1.065203,1.462787
3.160000,-0.000067,-0.002543,0.034797,-0.000031,-0.005645,-0.037326,-0.000000,-0.001015,1.570059,0.000000,1.000000,1.100000,0.000000,0.000000,-1.571000,0.000067,1.002543,1.065203,1.462789
3.162000,-0.000067,-0.002545,0.034797,-0.000031,-0.005645,-0.037326,-0.000000,-0.001015,1.570059,0.000000,1.000000,1.100000,0.000000,0.000000,-1.571000,0.000067,1.002545,1.065203,1.462790
3.164000,-0.000067,-0.002547,0.034797,-0.000031,-0.005645,-0.037326,-0.000000,-0.001015,1.570059,0.000000,1.000000,1.100000,0.000000,0.000000,-1.571000,0.000067,1.002547,1.065203,1.462791
3.166000,-0.000067,-0.002548,0.034797,-0.000031,-0.005645,-0.037326,-0.000000,-0.001015,1.570059,0.000000,1.000000,1.100000,0.000000,0.000000,-1.571000,0.000067,1.002548,1.065203,1.462792
3.168000,-0.000067,-0.002550,0.034797,-0.000031,-0.005645,-0.037326,-0.000000,-0.001015,1.570059,0.000000,1.000000,1.100000,0.000000,0.000000,-1.571000,0.000067,1.002550,1.065203,1.462793
3.170000,-0.000067,-0.002552,0.034797,-0.000031,-0.005645,-0.037326,-0.000000,-0.001015,1.570059,0.000000,1.000000,1.100000,0.000000,0.000000,-1.571000,0.000067,1.002552,1.065203,1.462794
3.172000,-0.000067,-0.002554,0.034797,-0.000031,-0.005645,-0.037326,-0.000000,-0.001015,1.570059,0.000000,1.000000,1.100000,0.000000,0.000000,-1.571000,0.000067,1.002554,1.065203,1.462796
3.174000,-0.000067,-0.002555,0.034797,-0.000031,-0.005645,-0.037326,-0.000000,-0.001015,1.570059,0.000000,1.000000,1.100000,0.000000,0.000000,-1.571000,0.000067,1.002555,1.065203,1.462797
3.176000,-0.000067,-0.002557,0.034797,-0.000031,-0.005645,-0.037326,-0.000000,-0.001015,1.570059,0.000000,1.000000,1.100000,0.000000,0.000000,-1.571000,0.000067,1.002557,1.065203,1.462798
3.178000,-0.000067,-0.002559,0.034797,-0.000031,-0.005645,-0.037326,-0.000000,-0.001015,1.570060,0.000000,1.000000,1.100000,0.000000,0.000000,-1.571000,0.000067,1.002559,1.065203,1.462799
3.180000,-0.000067,-0.002560,0.034797,-0.000031,-0.005645,-0.037326,-0.000000,-0.001015,1.570060,0.000000,1.000000,1.100000,0.000000,0.000000,-1.571000,0.000067,1.002560,1.065203,1.462800
3.182000,-0.000067,-0.002562,0.034797,-0.000031,-0.005645,-0.037326,-0.000000,-0.001015,1.570060,0.000000,1.000000,1.100000,0.000000,0.000000,-1.571000,0.000067,1.002562,1.065203,1.462801
3.184000,-0.000068,-0.002564,0.034797,-0.000031,-0.005645,-0.037326,-0.000000,-0.001015,1.570060,0.000000,1.000000,1.100000,0.000000,0.000000,-1.571000,0.000068,1.002564,1.065203,1.462802
3.186000,-0.000068,-0.002565,0.034797,-0.000031,-0.005645,-0.037326,-0.000000,-0.001015,1.570060,0.000000,1.000000,1.100000,0.000000,0.000000,-1.571000,0.000068,1.002565,1.065203,1.462804
3.188000,-0.000068,-0.002567,0.034797,-0.000031,-0.005645,-0.037326,-0.000000,-0.001015,1.570060,0.000000,1.000000,1.100000,0.000000,0.000000,-1.571000,0.000068,1.002567,1.065203,1.462805
3.190000,-0.000068,-0.002569,0.034797,-0.000031,-0.005645,-0.037326,-0.000000,-0.001015,1.570060,0.000000,1.000000,1.100000,0.000000,0.000000,-1.571000,0.000068,1.002569,1.065203,1.462806
3.192000,-0.000068,-0.002570,0.034797,-0.000031,-0.005645,-0.037326,-0.000000,-0.001015,1.570060,0.000000,1.000000,1.100000,0.000000,0.000000,-1.571000,0.000068,1.002570,1.065203,1.462807
3.194000,-0.000068,-0.002572,0.034797,-0.000031,-0.005645,-0.037326,-0.000000,-0.001015,1.570060,0.000000,1.000000,1.100000,0.000000,0.000000,-1.571000,0.000068,1.002572,1.065203,1.462808
3.196000,-0.000068,-0.002574,0.034797,-0.000031,-0.005645,-0.037326,-0.000000,-0.001015,1.570060,0.000000,1.000000,1.100000,0.000000,0.000000,-1.571000,0.000068,1.002574,1.065203,1.462809
3.198000,-0.000068,-0.002575,0.034797,-0.000031,-0.005645,-0.037326,-0.000000,-0.001015,1.570060,0.000000,1.000000,1.100000,0.000000,0.000000,-1.571000,0.000068,1.002575,1.065203,1.462810
3.200000,-0.000068,-0.002577,0.034797,-0.000031,-0.005645,-0.037326,-0.000000,-0.001015,1.570060,0.000000,1.000000,1.100000,0.000000,0.000000,-1.571000,0.000068,1.002577,1.065203,1.462812
3.202000,-0.000068,-0.002579,0.034797,-0.000031,-0.005645,-0.037326,-0.000000,-0.001015,1.570060,0.000000,1.000000,1.100000,0.000000,0.000000,-1.571000,0.000068,1.002579,1.065203,1.462813
3.204000,-0.000068,-0.002580,0.034797,-0.000031,-0.005645,-0.037326,-0.000000,-0.001015,1.570060,0.000000,1.000000,1.100000,0.000000,0.000000,-1.571000,0.000068,1.002580,1.065203,1.462814
3.206000,-0.000068,-0.002582,0.034797,-0.000031,-0.005645,-0.037326,-0.000000,-0.001015,1.570060,0.000000,1.000000,1.100000,0.000000,0.000000,-1.571000,0.000068,1.002582,1.065203,1.462815
3.208000,-0.000068,-0.002584,0.034797,-0.000031,-0.005645,-0.037326,-0.000000,-0.001015,1.570060,0.000000,1.000000,1.100000,0.000000,0.000000,-1.571000,0.000068,1.002584,1.065203,1.462816
3.210000,-0.000068,-0.002585,0.034797,-0.000031,-0.005645,-0.037326,-0.000000,-0.001015,1.570060,0.000000,1.000000,1.100000,0.000000,0.000000,-1.571000,0.000068,1.002585,1.065203,1.462817
3.212000,-0.000068,-0.002587,0.034797,-0.000031,-0.005645,-0.037326,-0.000000,-0.001015,1.570060,0.000000,1.000000,1.100000,0.000000,0.000000,-1.571000,0.000068,1.002587,1.065203,1.462818
3.214000,-0.000068,-0.002589,0.034797,-0.000031,-0.005645,-0.037326,-0.000000,-0.001015,1.570060,0.000000,1.000000,1.100000,0.000000,0.000000,-1.571000,0.000068,1.002589,1.065203,1.462820
3.216000,-0.000068,-0.002590,0.034797,-0.000031,-0.005645,-0.037326,-0.000000,-0.001015,1.570060,0.000000,1.000000,1.100000,0.000000,0.000000,-1.571000,0.000068,1.002590,1.065203,1.462821
3.218000,-0.000068,-0.002592,0.034797,-0.000031,-0.005645,-0.037326,-0.000000,-0.001015,1.570060,0.000000,1.000000,1.100000,0.000000,0.000000,-1.571000,0.000068,1.002592,1.065203,1.462822
3.220000,-0.000068,-0.002594,0.034797,-0.000031,-0.005645,-0.037326,-0.000000,-0.001015,1.570060,0.000000,1.000000,1.100000,0.000000,0.000000,-1.571000,0.000068,1.002594,1.065203,1.462823
3.222000,-0.000068,-0.002595,0.034797,-0.000031,-0.005645,-0.037326,-0.000000,-0.001015,1.570060,0.000000,1.000000,1.100000,0.000000,0.000000,-1.571000,0.000068,1.002595,1.065203,1.462824
3.224000,-0.000068,-0.002597,0.034797,-0.000031,-0.005645,-0.037326,-0.000000,-0.001015,1.570060,0.000000,1.000000,1.100000,0.000000,0.000000,-1.571000,0.000068,1.002597,1.065203,1.462825
3.226000,-0.000068,-0.002599,0.034797,-0.000031,-0.005645,-0.037326,-0.000000,-0.001015,1.570060,0.000000,1.000000,1.100000,0.000000,0.000000,-1.571000,0.000068,1.002599,1.065203,1.462827
3.228000,-0.000068,-0.002600,0.034797,-0.000031,-0.005645,-0.037326,-0.000000,-0.001015,1.570061,0.000000,1.000000,1.100000,0.000000,0.000000,-1.571000,0.000068,1.002600,1.065203,1.462828
3.230000,-0.000069,-0.002602,0.034797,-0.000031,-0.005645,-0.037326,-0.000000,-0.001015,1.570061,0.000000,1.000000,1.100000,0.000000,0.000000,-1.571000,0.000069,1.002602,1.065203,1.462829
3.232000,-0.000069,-0.002604,0.034797,-0.000031,-0.005645,-0.037326,-0.000000,-0.001015,1.570061,0.000000,1.000000,1.100000,0.000000,0.000000,-1.571000,0.000069,1.002604,1.065203,1.462830
3.234000,-0.000069,-0.002605,0.034797,-0.000031,-0.005645,-0.037326,-0.000000,-0.001015,1.570061,0.000000,1.000000,1.100000,0.000000,0.000000,-1.571000,0.000069,1.002605,1.065203,1.462831
3.236000,-0.000069,-0.002607,0.034797,-0.000031,-0.005645,-0.037326,-0.000000,-0.001015,1.570061,0.000000,1.000000,1.100000,0.000000,0.000000,-1.571000,0.000069,1.002607,1.065203,1.462832
3.238000,-0.000069,-0.002609,0.034797,-0.000031,-0.005645,-0.037326,-0.000000,-0.001015,1.570061,0.000000,1.000000,1.100000,0.000000,0.000000,-1.571000,0.000069,1.002609,1.065203,1.462833
3.240000,-0.000069,-0.002610,0.034797,-0.000031,-0.005645,-0.037326,-0.000000,-0.001015,1.570061,0.000000,1.000000,1.100000,0.000000,0.000000,-1.571000,0.000069,1.002610,1.065203,1.462835
3.242000,-0.000069,-0.002612,0.034797,-0.000031,-0.005645,-0.037326,-0.000000,-0.001015,1.570061,0.000000,1.000000,1.100000,0.000000,0.000000,-1.571000,0.000069,1.002612,1.065203,1.462836
3.244000,-0.000069,-0.002614,0.034797,-0.000031,-0.005645,-0.037326,-0.000000,-0.001015,1.570061,0.000000,1.000000,1.100000,0.000000,0.000000,-1.571000,0.000069,1.002614,1.065203,1.462837
3.246000,-0.000069,-0.002615,0.034797,-0.000031,-0.005645,-0.037326,-0.000000,-0.001015,1.570061,0.000000,1.000000,1.100000,0.000000,0.000000,-1.571000,0.000069,1.002615,1.065203,1.462838
3.248000,-0.000069,-0.002617,0.034797,-0.000031,-0.005645,-0.037326,-0.000000,-0.001015,1.570061,0.000000,1.000000,1.100000,0.000000,0.000000,-1.571000,0.000069,1.002617,1.065203,1.462839
3.250000,-0.000069,-0.002619,0.034797,-0.000031,-0.005645,-0.037326,-0.000000,-0.001015,1.570061,0.000000,1.000000,1.100000,0.000000,0.000000,-1.571000,0.000069,1.002619,1.065203,1.462840
3.252000,-0.000069,-0.002620,0.034797,-0.000031,-0.005645,-0.037326,-0.000000,-0.001015,1.570061,0.000000,1.000000,1.100000,0.000000,0.000000,-1.571000,0.000069,1.002620,1.065203,1.462841
3.254000,-0.000069,-0.002622,0.034797,-0.000031,-0.005645,-0.037326,-0.000000,-0.001015,1.570061,0.000000,1.000000,1.100000,0.000000,0.000000,-1.571000,0.000069,1.002622,1.065203,1.462843
3.256000,-0.000069,-0.002624,0.034797,-0.000031,-0.005645,-0.037326,-0.000000,-0.001015,1.570061,0.000000,1.000000,1.100000,0.000000,0.000000,-1.571000,0.000069,1.002624,1.065203,1.462844
3.258000,-0.000069,-0.002626,0.034797,-0.000031,-0.005645,-0.037326,-0.000000,-0.001015,1.570061,0.000000,1.000000,1.100000,0.000000,0.000000,-1.571000,0.000069,1.002626,1.065203,1.462845
3.260000,-0.000069,-0.002627,0.034797,-0.000031,-0.005645,-0.037326,-0.000000,-0.001015,1.570061,0.000000,1.000000,1.100000,0.000000,0.000000,-1.571000,0.000069,1.002627,1.065203,1.462846
3.262000,-0.000069,-0.002629,0.034797,-0.000031,-0.005645,-0.037326,-0.000000,-0.001015,1.570061,0.000000,1.000000,1.100000,0.000000,0.000000,-1.571000,0.000069,1.002629,1.065203,1.462847
3.264000,-0.000069,-0.002631,0.034797,-0.000031,-0.005645,-0.037326,-0.000000,-0.001015,1.570061,0.000000,1.000000,1.100000,0.000000,0.000000,-1.571000,0.000069,1.002631,1.065203,1.462848
3.266000,-0.000069,-0.002632,0.034797,-0.000031,-0.005645,-0.037326,-0.000000,-0.001015,1.570061,0.000000,1.000000,1.100000,0.000000,0.000000,-1.571000,0.000069,1.002632,1.065203,1.462849
3.268000,-0.000069,-0.002634,0.034797,-0.000031,-0.005645,-0.037326,-0.000000,-0.001015,1.570061,0.000000,1.000000,1.100000,0.000000,0.000000,-1.571000,0.000069,1.002634,1.065203,1.462851
3.270000,-0.000069,-0.002636,0.034797,-0.000031,-0.005645,-0.037326,-0.000000,-0.001015,1.570061,0.000000,1.000000,1.100000,0.000000,0.000000,-1.571000,0.000069,1.002636,1.065203,1.462852
3.272000,-0.000069,-0.002637,0.034797,-0.000031,-0.005645,-0.037326,-0.000000,-0.001015,1.570061,0.000000,1.000000,1.100000,0.000000,0.000000,-1.571000,0.000069,1.002637,1.065203,1.462853
3.274000,-0.000070,-0.002639,0.034797,-0.000031,-0.005645,-0.037326,-0.000000,-0.001015,1.570061,0.000000,1.000000,1.100000,0.000000,0.000000,-1.571000,0.000070,1.002639,1.065203,1.462854
3.276000,-0.000070,-0.002641,0.034797,-0.000031,-0.005645,-0.037326,-0.000000,-0.001015,1.570061,0.000000,1.000000,1.100000,0.000000,0.000000,-1.571000,0.000070,1.002641,1.065203,1.462855
3.278000,-0.000070,-0.002642,0.034797,-0.000031,-0.005645,-0.037326,-0.000000,-0.001015,1.570062,0.000000,1.000000,1.100000,0.000000,0.000000,-1.571000,0.000070,1.002642,1.065203,1.462856
3.280000,-0.000070,-0.002644,0.034797,-0.000031,-0.005645,-0.037326,-0.000000,-0.001015,1.570062,0.000000,1.000000,1.100000,0.000000,0.000000,-1.571000,0.000070,1.002644,1.065203,1.462858
3.282000,-0.000070,-0.002646,0.034797,-0.000031,-0.005645,-0.037326,-0.000000,-0.001015,1.570062,0.000000,1.000000,1.100000,0.000000,0.000000,-1.571000,0.000070,1.002646,1.065203,1.462859
3.284000,-0.000070,-0.002647,0.034797,-0.000031,-0.005645,-0.037326,-0.000000,-0.001015,1.570062,0.000000,1.000000,1.100000,0.000000,0.000000,-1.571000,0.000070,1.002647,1.065203,1.462860
3.286000,-0.000070,-0.002649,0.034797,-0.000031,-0.005645,-0.037326,-0.000000,-0.001015,1.570062,0.000000,1.000000,1.100000,0.000000,0.000000,-1.571000,0.000070,1.002649,1.065203,1.462861
3.288000,-0.000070,-0.002651,0.034797,-0.000031,-0.005645,-0.037326,-0.000000,-0.001015,1.570062,0.000000,1.000000,1.100000,0.000000,0.000000,-1.571000,0.000070,1.002651,1.065203,1.462862
3.290000,-0.000070,-0.002652,0.034797,-0.000031,-0.005645,-0.037326,-0.000000,-0.001015,1.570062,0.000000,1.000000,1.100000,0.000000,0.000000,-1.571000,0.000070,1.002652,1.065203,1.462863
3.292000,-0.000070,-0.002654,0.034797,-0.000031,-0.005645,-0.037326,-0.000000,-0.001015,1.570062,0.000000,1.000000,1.100000,0.000000,0.000000,-1.571000,0.000070,1.002654,1.065203,1.462864
3.294000,-0.000070,-0.002656,0.034797,-0.000031,-0.005645,-0.037326,-0.000000,-0.001015,1.570062,0.000000,1.000000,1.100000,0.000000,0.000000,-1.571000,0.000070,1.002656,1.065203,1.462866
3.296000,-0.000070,-0.002657,0.034797,-0.000031,-0.005645,-0.037326,-0.000000,-0.001015,1.570062,0.000000,1.000000,1.100000,0.000000,0.000000,-1.571000,0.000070,1.002657,1.065203,1.462867
3.298000,-0.000070,-0.002659,0.034797,-0.000031,-0.005645,-0.037326,-0.000000,-0.001015,1.570062,0.000000,1.000000,1.100000,0.000000,0.000000,-1.571000,0.000070,1.002659,1.065203,1.462868
3.300000,-0.000070,-0.002661,0.034797,-0.000031,-0.005645,-0.037326,-0.000000,-0.001015,1.570062,0.000000,1.000000,1.100000,0.000000,0.000000,-1.571000,0.000070,1.002661,1.065203,1.462869
3.302000,-0.000070,-0.002662,0.034797,-0.000031,-0.005645,-0.037326,-0.000000,-0.001015,1.570062,0.000000,1.000000,1.100000,0.000000,0.000000,-1.571000,0.000070,1.002662,1.065203,1.462870
3.304000,-0.000070,-0.002664,0.034797,-0.000031,-0.005645,-0.037326,-0.000000,-0.001015,1.570062,0.000000,1.000000,1.100000,0.000000,0.000000,-1.571000,0.000070,1.002664,1.065203,1.462871
3.306000,-0.000070,-0.002666,0.034797,-0.000031,-0.005645,-0.037326,-0.000000,-0.001015,1.570062,0.000000,1.000000,1.100000,0.000000,0.000000,-1.571000,0.000070,1.002666,1.065203,1.462872
3.308000,-0.000070,-0.002667,0.034797,-0.000031,-0.005645,-0.037326,-0.000000,-0.001015,1.570062,0.000000,1.000000,1.100000,0.000000,0.000000,-1.571000,0.000070,1.002667,1.065203,1.462874
3.310000,-0.000070,-0.002669,0.034797,-0.000031,-0.005645,-0.037326,-0.000000,-0.001015,1.570062,0.000000,1.000000,1.100000,0.000000,0.000000,-1.571000,0.000070,1.002669,1.065203,1.462875
3.312000,-0.000070,-0.002671,0.034797,-0.000031,-0.005645,-0.037326,-0.000000,-0.001015,1.570062,0.000000,1.000000,1.100000,0.000000,0.000000,-1.571000,0.000070,1.002671,1.065203,1.462876
3.314000,-0.000070,-0.002672,0.034797,-0.000031,-0.005645,-0.037326,-0.000000,-0.001015,1.570062,0.000000,1.000000,1.100000,0.000000,0.000000,-1.571000,0.000070,1.002672,1.065203,1.462877
3.316000,-0.000070,-0.002674,0.034797,-0.000031,-0.005645,-0.037326,-0.000000,-0.001015,1.570062,0.000000,1.000000,1.100000,0.000000,0.000000,-1.571000,0.000070,1.002674,1.065203,1.462878
3.318000,-0.000071,-0.002676,0.034797,-0.000031,-0.005645,-0.037326,-0.000000,-0.001015,1.570062,0.000000,1.000000,1.100000,0.000000,0.000000,-1.571000,0.000071,1.002676,1.065203,1.462879
3.320000,-0.000071,-0.002677,0.034797,-0.000031,-0.005645,-0.037326,-0.000000,-0.001015,1.570062,0.000000,1.000000,1.100000,0.000000,0.000000,-1.571000,0.000071,1.002677,1.065203,1.462880
3.322000,-0.000071,-0.002679,0.034797,-0.000031,-0.005645,-0.037326,-0.000000,-0.001015,1.570062,0.000000,1.000000,1.100000,0.000000,0.000000,-1.571000,0.000071,1.002679,1.065203,1.462882
3.324000,-0.000071,-0.002681,0.034797,-0.000031,-0.005645,-0.037326,-0.000000,-0.001015,1.570062,0.000000,1.000000,1.100000,0.000000,0.000000,-1.571000,0.000071,1.002681,1.065203,1.462883
3.326000,-0.000071,-0.002682,0.034797,-0.000031,-0.005645,-0.037326,-0.000000,-0.001015,1.570062,0.000000,1.000000,1.100000,0.000000,0.000000,-1.571000,0.000071,1.002682,1.065203,1.462884
3.328000,-0.000071,-0.002684,0.034797,-0.000031,-0.005645,-0.037326,-0.000000,-0.001015,1.570062,0.000000,1.000000,1.100000,0.000000,0.000000,-1.571000,0.000071,1.002684,1.065203,1.462885
3.330000,-0.000071,-0.002686,0.034797,-0.000031,-0.005645,-0.037326,-0.000000,-0.001015,1.570063,0.000000,1.000000,1.100000,0.000000,0.000000,-1.571000,0.000071,1.002686,1.065203,1.462886
3.332000,-0.000071,-0.002687,0.034797,-0.000031,-0.005645,-0.037326,-0.000000,-0.001015,1.570063,0.000000,1.000000,1.100000,0.000000,0.000000,-1.571000,0.000071,1.002687,1.065203,1.462887
3.334000,-0.000071,-0.002689,0.034797,-0.000031,-0.005645,-0.037326,-0.000000,-0.001015,1.570063,0.000000,1.000000,1.100000,0.000000,0.000000,-1.571000,0.000071,1.002689,1.065203,1.462888
3.336000,-0.000071,-0.002691,0.034797,-0.000031,-0.005645,-0.037326,-0.000000,-0.001015,1.570063,0.000000,1.000000,1.100000,0.000000,0.000000,-1.571000,0.000071,1.002691,1.065203,1.462890
3.338000,-0.000071,-0.002693,0.034797,-0.000031,-0.005645,-0.037326,-0.000000,-0.001015,1.570063,0.000000,1.000000,1.100000,0.000000,0.000000,-1.571000,0.000071,1.002693,1.065203,1.462891
3.340000,-0.000071,-0.002694,0.034797,-0.000031,-0.005645,-0.037326,-0.000000,-0.001015,1.570063,0.000000,1.000000,1.100000,0.000000,0.000000,-1.571000,0.000071,1.002694,1.065203,1.462892
3.342000,-0.000071,-0.002696,0.034797,-0.000031,-0.005645,-0.037326,-0.000000,-0.001015,1.570063,0.000000,1.000000,1.100000,0.000000,0.000000,-1.571000,0.000071,1.002696,1.065203,1.462893
3.344000,-0.000071,-0.002698,0.034797,-0.000031,-0.005645,-0.037326,-0.000000,-0.001015,1.570063,0.000000,1.000000,1.100000,0.000000,0.000000,-1.571000,0.000071,1.002698,1.065203,1.462894
3.346000,-0.000071,-0.002699,0.034797,-0.000031,-0.005645,-0.037326,-0.000000,-0.001015,1.570063,0.000000,1.000000,1.100000,0.000000,0.000000,-1.571000,0.000071,1.002699,1.065203,1.462895
3.348000,-0.000071,-0.002701,0.034797,-0.000031,-0.005645,-0.037326,-0.000000,-0.001015,1.570063,0.000000,1.000000,1.100000,0.000000,0.000000,-1.571000,0.000071,1.002701,1.065203,1.462897
3.350000,-0.000071,-0.002703,0.034797,-0.000031,-0.005645,-0.037326,-0.000000,-0.001015,1.570063,0.000000,1.000000,1.100000,0.000000,0.000000,-1.571000,0.000071,1.002703,1.065203,1.462898
3.352000,-0.000071,-0.002704,0.034797,-0.000031,-0.005645,-0.037326,-0.000000,-0.001015,1.570063,0.000000,1.000000,1.100000,0.000000,0.000000,-1.571000,0.000071,1.002704,1.065203,1.462899
3.354000,-0.000071,-0.002706,0.034797,-0.000031,-0.005645,-0.037326,-0.000000,-0.001015,1.570063,0.000000,1.000000,1.100000,0.000000,0.000000,-1.571000,0.000071,1.002706,1.065203,1.462900
3.356000,-0.000071,-0.002708,0.034797,-0.000031,-0.005645,-0.037326,-0.000000,-0.001015,1.570063,0.000000,1.000000,1.100000,0.000000,0.000000,-1.571000,0.000071,1.002708,1.065203,1.462901
3.358000,-0.000071,-0.002709,0.034797,-0.000031,-0.005645,-0.037326,-0.000000,-0.001015,1.570063,0.000000,1.000000,1.100000,0.000000,0.000000,-1.571000,0.000071,1.002709,1.065203,1.462902
3.360000,-0.000071,-0.002711,0.034797,-0.000031,-0.005645,-0.037326,-0.000000,-0.001015,1.570063,0.000000,1.000000,1.100000,0.000000,0.000000,-1.571000,0.000071,1.002711,1.065203,1.462903
3.362000,-0.000071,-0.002713,0.034797,-0.000031,-0.005645,-0.037326,-0.000000,-0.001015,1.570063,0.000000,1.000000,1.100000,0.000000,0.000000,-1.571000,0.000071,1.002713,1.065203,1.462905
3.364000,-0.000072,-0.002714,0.034797,-0.000031,-0.005645,-0.037326,-0.000000,-0.001015,1.570063,0.000000,1.000000,1.100000,0.000000,0.000000,-1.571000,0.000072,1.002714,1.065203,1.462906
3.366000,-0.000072,-0.002716,0.034797,-0.000031,-0.005645,-0.037326,-0.000000,-0.001015,1.570063,0.000000,1.000000,1.100000,0.000000,0.000000,-1.571000,0.000072,1.002716,1.065203,1.462907
3.368000,-0.000072,-0.002718,0.034797,-0.000031,-0.005645,-0.037326,-0.000000,-0.001015,1.570063,0.000000,1.000000,1.100000,0.000000,0.000000,-1.571000,0.000072,1.002718,1.065203,1.462908
3.370000,-0.000072,-0.002719,0.034797,-0.000031,-0.005645,-0.037326,-0.000000,-0.001015,1.570063,0.000000,1.000000,1.100000,0.000000,0.000000,-1.571000,0.000072,1.002719,1.065203,1.462909
3.372000,-0.000072,-0.002721,0.034797,-0.000031,-0.005645,-0.037326,-0.000000,-0.001015,1.570063,0.000000,1.000000,1.100000,0.000000,0.000000,-1.571000,0.000072,1.002721,1.065203,1.462910
3.374000,-0.000072,-0.002723,0.034797,-0.000031,-0.005645,-0.037326,-0.000000,-0.001015,1.570063,0.000000,1.000000,1.100000,0.000000,0.000000,-1.571000,0.000072,1.002723,1.065203,1.462911
3.376000,-0.000072,-0.002724,0.034797,-0.000031,-0.005645,-0.037326,-0.000000,-0.001015,1.570063,0.000000,1.000000,1.100000,0.000000,0.000000,-1.571000,0.000072,1.002724,1.065203,1.462913
3.378000,-0.000072,-0.002726,0.034797,-0.000031,-0.005645,-0.037326,-0.000000,-0.001015,1.570063,0.000000,1.000000,1.100000,0.000000,0.000000,-1.571000,0.000072,1.002726,1.065203,1.462914
3.380000,-0.000072,-0.002728,0.034797,-0.000031,-0.005645,-0.037326,-0.000000,-0.001015,1.570064,0.000000,1.000000,1.100000,0.000000,0.000000,-1.571000,0.000072,1.002728,1.065203,1.462915
3.382000,-0.000072,-0.002729,0.034797,-0.000031,-0.005645,-0.037326,-0.000000,-0.001015,1.570064,0.000000,1.000000,1.100000,0.000000,0.000000,-1.571000,0.000072,1.002729,1.065203,1.462916
3.384000,-0.000072,-0.002731,0.034797,-0.000031,-0.005645,-0.037326,-0.000000,-0.001015,1.570064,0.000000,1.000000,1.100000,0.000000,0.000000,-1.571000,0.000072,1.002731,1.065203,1.462917
3.386000,-0.000072,-0.002733,0.034797,-0.000031,-0.005645,-0.037326,-0.000000,-0.001015,1.570064,0.000000,1.000000,1.100000,0.000000,0.000000,-1.571000,0.000072,1.002733,1.065203,1.462918
3.388000,-0.000072,-0.002734,0.034797,-0.000031,-0.005645,-0.037326,-0.000000,-0.001015,1.570064,0.000000,1.000000,1.100000,0.000000,0.000000,-1.571000,0.000072,1.002734,1.065203,1.462919
3.390000,-0.000072,-0.002736,0.034797,-0.000031,-0.005645,-0.037326,-0.000000,-0.001015,1.570064,0.000000,1.000000,1.100000,0.000000,0.000000,-1.571000,0.000072,1.002736,1.065203,1.462921
3.392000,-0.000072,-0.002738,0.034797,-0.000031,-0.005645,-0.037326,-0.000000,-0.001015,1.570064,0.000000,1.000000,1.100000,0.000000,0.000000,-1.571000,0.000072,1.002738,1.065203,1.462922
3.394000,-0.000072,-0.002739,0.034797,-0.000031,-0.005645,-0.037326,-0.000000,-0.001015,1.570064,0.000000,1.000000,1.100000,0.000000,0.000000,-1.571000,0.000072,1.002739,1.065203,1.462923
3.396000,-0.000072,-0.002741,0.034797,-0.000031,-0.005645,-0.037326,-0.000000,-0.001015,1.570064,0.000000,1.000000,1.100000,0.000000,0.000000,-1.571000,0.000072,1.002741,1.065203,1.462924
3.398000,-0.000072,-0.002743,0.034797,-0.000031,-0.005645,-0.037326,-0.000000,-0.001015,1.570064,0.000000,1.000000,1.100000,0.000000,0.000000,-1.571000,0.000072,1.002743,1.065203,1.462925
3.400000,-0.000072,-0.002744,0.034797,-0.000031,-0.005645,-0.037326,-0.000000,-0.001015,1.570064,0.000000,1.000000,1.100000,0.000000,0.000000,-1.571000,0.000072,1.002744,1.065203,1.462926
3.402000,-0.000072,-0.002746,0.034797,-0.000031,-0.005645,-0.037326,-0.000000,-0.001015,1.570064,0.000000,1.000000,1.100000,0.000000,0.000000,-1.571000,0.000072,1.002746,1.065203,1.462928
3.404000,-0.000072,-0.002748,0.034797,-0.000031,-0.005645,-0.037326,-0.000000,-0.001015,1.570064,0.000000,1.000000,1.100000,0.000000,0.000000,-1.571000,0.000072,1.002748,1.065203,1.462929
3.406000,-0.000072,-0.002749,0.034797,-0.000031,-0.005645,-0.037326,-0.000000,-0.001015,1.570064,0.000000,1.000000,1.100000,0.000000,0.000000,-1.571000,0.000072,1.002749,1.065203,1.462930
3.408000,-0.000073,-0.002751,0.034797,-0.000031,-0.005645,-0.037326,-0.000000,-0.001015,1.570064,0.000000,1.000000,1.100000,0.000000,0.000000,-1.571000,0.000073,1.002751,1.065203,1.462931
3.410000,-0.000073,-0.002753,0.034797,-0.000031,-0.005645,-0.037326,-0.000000,-0.001015,1.570064,0.000000,1.000000,1.100000,0.000000,0.000000,-1.571000,0.000073,1.002753,1.065203,1.462932
3.412000,-0.000073,-0.002754,0.034797,-0.000031,-0.005645,-0.037326,-0.000000,-0.001015,1.570064,0.000000,1.000000,1.100000,0.000000,0.000000,-1.571000,0.000073,1.002754,1.065203,1.462933
3.414000,-0.000073,-0.002756,0.034797,-0.000031,-0.005645,-0.037326,-0.000000,-0.001015,1.570064,0.000000,1.000000,1.100000,0.000000,0.000000,-1.571000,0.000073,1.002756,1.065203,1.462934
3.416000,-0.000073,-0.002758,0.034797,-0.000031,-0.005645,-0.037326,-0.000000,-0.001015,1.570064,0.000000,1.000000,1.100000,0.000000,0.000000,-1.571000,0.000073,1.002758,1.065203,1.462936
3.418000,-0.000073,-0.002759,0.034797,-0.000031,-0.005645,-0.037326,-0.000000,-0.001015,1.570064,0.000000,1.000000,1.100000,0.000000,0.000000,-1.571000,0.000073,1.002759,1.065203,1.462937
3.420000,-0.000073,-0.002761,0.034797,-0.000031,-0.005645,-0.037326,-0.000000,-0.001015,1.570064,0.000000,1.000000,1.100000,0.000000,0.000000,-1.571000,0.000073,1.002761,1.065203,1.462938
3.422000,-0.000073,-0.002763,0.034797,-0.000031,-0.005645,-0.037326,-0.000000,-0.001015,1.570064,0.000000,1.000000,1.100000,0.000000,0.000000,-1.571000,0.000073,1.002763,1.065203,1.462939
3.424000,-0.000073,-0.002765,0.034797,-0.000031,-0.005645,-0.037326,-0.000000,-0.001015,1.570064,0.000000,1.000000,1.100000,0.000000,0.000000,-1.571000,0.000073,1.002765,1.065203,1.462940
3.426000,-0.000073,-0.002766,0.034797,-0.000031,-0.005645,-0.037326,-0.000000,-0.001015,1.570064,0.000000,1.000000,1.100000,0.000000,0.000000,-1.571000,0.000073,1.002766,1.065203,1.462941
3.428000,-0.000073,-0.002768,0.034797,-0.000031,-0.005645,-0.037326,-0.000000,-0.001015,1.570064,0.000000,1.000000,1.100000,0.000000,0.000000,-1.571000,0.000073,1.002768,1.065203,1.462942
3.430000,-0.000073,-0.002770,0.034797,-0.000031,-0.005645,-0.037326,-0.000000,-0.001015,1.570065,0.000000,1.000000,1.100000,0.000000,0.000000,-1.571000,0.000073,1.002770,1.065203,1.462944
3.432000,-0.000073,-0.002771,0.034797,-0.000031,-0.005645,-0.037326,-0.000000,-0.001015,1.570065,0.000000,1.000000,1.100000,0.000000,0.000000,-1.571000,0.000073,1.002771,1.065203,1.462945
3.434000,-0.000073,-0.002773,0.034797,-0.000031,-0.005645,-0.037326,-0.000000,-0.001015,1.570065,0.000000,1.000000,1.100000,0.000000,0.000000,-1.571000,0.000073,1.002773,1.065203,1.462946
3.436000,-0.000073,-0.002775,0.034797,-0.000031,-0.005645,-0.037326,-0.000000,-0.001015,1.570065,0.000000,1.000000,1.100000,0.000000,0.000000,-1.571000,0.000073,1.002775,1.065203,1.462947
3.438000,-0.000073,-0.002776,0.034797,-0.000031,-0.005645,-0.037326,-0.000000,-0.001015,1.570065,0.000000,1.000000,1.100000,0.000000,0.000000,-1.571000,0.000073,1.002776,1.065203,1.462948
3.440000,-0.000073,-0.002778,0.034797,-0.000031,-0.005645,-0.037326,-0.000000,-0.001015,1.570065,0.000000,1.000000,1.100000,0.000000,0.000000,-1.571000,0.000073,1.002778,1.065203,1.462949
3.442000,-0.000073,-0.002780,0.034797,-0.000031,-0.005645,-0.037326,-0.000000,-0.001015,1.570065,0.000000,1.000000,1.100000,0.000000,0.000000,-1.571000,0.000073,1.002780,1.065203,1.462950
3.444000,-0.000073,-0.002781,0.034797,-0.000031,-0.005645,-0.037326,-0.000000,-0.001015,1.570065,0.000000,1.000000,1.100000,0.000000,0.000000,-1.571000,0.000073,1.002781,1.065203,1.462952
3.446000,-0.000073,-0.002783,0.034797,-0.000031,-0.005645,-0.037326,-0.000000,-0.001015,1.570065,0.000000,1.000000,1.100000,0.000000,0.000000,-1.571000,0.000073,1.002783,1.065203,1.462953
3.448000,-0.000073,-0.002785,0.034797,-0.000031,-0.005645,-0.037326,-0.000000,-0.001015,1.570065,0.000000,1.000000,1.100000,0.000000,0.000000,-1.571000,0.000073,1.002785,1.065203,1.462954
3.450000,-0.000073,-0.002786,0.034797,-0.000031,-0.005645,-0.037326,-0.000000,-0.001015,1.570065,0.000000,1.000000,1.100000,0.000000,0.000000,-1.571000,0.000073,1.002786,1.065203,1.462955
3.452000,-0.000074,-0.002788,0.034797,-0.000031,-0.005645,-0.037326,-0.000000,-0.001015,1.570065,0.000000,1.000000,1.100000,0.000000,0.000000,-1.571000,0.000074,1.002788,1.065203,1.462956
3.454000,-0.000074,-0.002790,0.034797,-0.000031,-0.005645,-0.037326,-0.000000,-0.001015,1.570065,0.000000,1.000000,1.100000,0.000000,0.000000,-1.571000,0.000074,1.002790,1.065203,1.462957
3.456000,-0.000074,-0.002791,0.034797,-0.000031,-0.005645,-0.037326,-0.000000,-0.001015,1.570065,0.000000,1.000000,1.100000,0.000000,0.000000,-1.571000,0.000074,1.002791,1.065203,1.462959
3.458000,-0.000074,-0.002793,0.034797,-0.000031,-0.005645,-0.037326,-0.000000,-0.001015,1.570065,0.000000,1.000000,1.100000,0.000000,0.000000,-1.571000,0.000074,1.002793,1.065203,1.462960
3.460000,-0.000074,-0.002795,0.034797,-0.000031,-0.005645,-0.037326,-0.000000,-0.001015,1.570065,0.000000,1.000000,1.100000,0.000000,0.000000,-1.571000,0.000074,1.002795,1.065203,1.462961
3.462000,-0.000074,-0.002796,0.034797,-0.000031,-0.005645,-0.037326,-0.000000,-0.001015,1.570065,0.000000,1.000000,1.100000,0.000000,0.000000,-1.571000,0.000074,1.002796,1.065203,1.462962
3.464000,-0.000074,-0.002798,0.034797,-0.000031,-0.005645,-0.037326,-0.000000,-0.001015,1.570065,0.000000,1.000000,1.100000,0.000000,0.000000,-1.571000,0.000074,1.002798,1.065203,1.462963
3.466000,-0.000074,-0.002800,0.034797,-0.000031,-0.005645,-0.037326,-0.000000,-0.001015,1.570065,0.000000,1.000000,1.100000,0.000000,0.000000,-1.571000,0.000074,1.002800,1.065203,1.462964
3.468000,-0.000074,-0.002801,0.034797,-0.000031,-0.005645,-0.037326,-0.000000,-0.001015,1.570065,0.000000,1.000000,1.100000,0.000000,0.000000,-1.571000,0.000074,1.002801,1.065203,1.462965
3.470000,-0.000074,-0.002803,0.034797,-0.000031,-0.005645,-0.037326,-0.000000,-0.001015,1.570065,0.000000,1.000000,1.100000,0.000000,0.000000,-1.571000,0.000074,1.002803,1.065203,1.462967
3.472000,-0.000074,-0.002805,0.034797,-0.000031,-0.005645,-0.037326,-0.000000,-0.001015,1.570065,0.000000,1.000000,1.100000,0.000000,0.000000,-1.571000,0.000074,1.002805,1.065203,1.462968
3.474000,-0.000074,-0.002806,0.034797,-0.000031,-0.005645,-0.037326,-0.000000,-0.001015,1.570065,0.000000,1.000000,1.100000,0.000000,0.000000,-1.571000,0.000074,1.002806,1.065203,1.462969
3.476000,-0.000074,-0.002808,0.034797,-0.000031,-0.005645,-0.037326,-0.000000,-0.001015,1.570065,0.000000,1.000000,1.100000,0.000000,0.000000,-1.571000,0.000074,1.002808,1.065203,1.462970
3.478000,-0.000074,-0.002810,0.034797,-0.000031,-0.005645,-0.037326,-0.000000,-0.001015,1.570065,0.000000,1.000000,1.100000,0.000000,0.000000,-1.571000,0.000074,1.002810,1.065203,1.462971
3.480000,-0.000074,-0.002811,0.034797,-0.000031,-0.005645,-0.037326,-0.000000,-0.001015,1.570065,0.000000,1.000000,1.100000,0.000000,0.000000,-1.571000,0.000074,1.002811,1.065203,1.462972
3.482000,-0.000074,-0.002813,0.034797,-0.000031,-0.005645,-0.037326,-0.000000,-0.001015,1.570066,0.000000,1.000000,1.100000,0.000000,0.000000,-1.571000,0.000074,1.002813,1.065203,1.462973
3.484000,-0.000074,-0.002815,0.034797,-0.000031,-0.005645,-0.037326,-0.000000,-0.001015,1.570066,0.000000,1.000000,1.100000,0.000000,0.000000,-1.571000,0.000074,1.002815,1.065203,1.462975
3.486000,-0.000074,-0.002816,0.034797,-0.000031,-0.005645,-0.037326,-0.000000,-0.001015,1.570066,0.000000,1.000000,1.100000,0.000000,0.000000,-1.571000,0.000074,1.002816,1.065203,1.462976
3.488000,-0.000074,-0.002818,0.034797,-0.000031,-0.005645,-0.037326,-0.000000,-0.001015,1.570066,0.000000,1.000000,1.100000,0.000000,0.000000,-1.571000,0.000074,1.002818,1.065203,1.462977
3.490000,-0.000074,-0.002820,0.034797,-0.000031,-0.005645,-0.037326,-0.000000,-0.001015,1.570066,0.000000,1.000000,1.100000,0.000000,0.000000,-1.571000,0.000074,1.002820,1.065203,1.462978
3.492000,-0.000074,-0.002821,0.034797,-0.000031,-0.005645,-0.037326,-0.000000,-0.001015,1.570066,0.000000,1.000000,1.100000,0.000000,0.000000,-1.571000,0.000074,1.002821,1.065203,1.462979
3.494000,-0.000074,-0.002823,0.034797,-0.000031,-0.005645,-0.037326,-0.000000,-0.001015,1.570066,0.000000,1.000000,1.100000,0.000000,0.000000,-1.571000,0.000074,1.002823,1.065203,1.462980
3.496000,-0.000074,-0.002825,0.034797,-0.000031,-0.005645,-0.037326,-0.000000,-0.001015,1.570066,0.000000,1.000000,1.100000,0.000000,0.000000,-1.571000,0.000074,1.002825,1.065203,1.462981
3.498000,-0.000075,-0.002826,0.034797,-0.000031,-0.005645,-0.037326,-0.000000,-0.001015,1.570066,0.000000,1.000000,1.100000,0.000000,0.000000,-1.571000,0.000075,1.002826,1.065203,1.462983
3.500000,-0.000075,-0.002828,0.034797,-0.000031,-0.005645,-0.037326,-0.000000,-0.001015,1.570066,0.000000,1.000000,1.100000,0.000000,0.000000,-1.571000,0.000075,1.002828,1.065203,1.462984
3.502000,-0.000075,-0.002830,0.034797,-0.000031,-0.005645,-0.037326,-0.000000,-0.001015,1.570066,0.000000,1.000000,1.100000,0.000000,0.000000,-1.571000,0.000075,1.002830,1.065203,1.462985
3.504000,-0.000075,-0.002832,0.034797,-0.000031,-0.005645,-0.037326,-0.000000,-0.001015,1.570066,0.000000,1.000000,1.100000,0.000000,0.000000,-1.571000,0.000075,1.002832,1.065203,1.462986
3.506000,-0.000075,-0.002833,0.034797,-0.000031,-0.005645,-0.037326,-0.000000,-0.001015,1.570066,0.000000,1.000000,1.100000,0.000000,0.000000,-1.571000,0.000075,1.002833,1.065203,1.462987
3.508000,-0.000075,-0.002835,0.034797,-0.000031,-0.005645,-0.037326,-0.000000,-0.001015,1.570066,0.000000,1.000000,1.100000,0.000000,0.000000,-1.571000,0.000075,1.002835,1.065203,1.462988
3.510000,-0.000075,-0.002837,0.034797,-0.000031,-0.005645,-0.037326,-0.000000,-0.001015,1.570066,0.000000,1.000000,1.100000,0.000000,0.000000,-1.571000,0.000075,1.002837,1.065203,1.462990
3.512000,-0.000075,-0.002838,0.034797,-0.000031,-0.005645,-0.037326,-0.000000,-0.001015,1.570066,0.000000,1.000000,1.100000,0.000000,0.000000,-1.571000,0.000075,1.002838,1.065203,1.462991
3.514000,-0.000075,-0.002840,0.034797,-0.000031,-0.005645,-0.037326,-0.000000,-0.001015,1.570066,0.000000,1.000000,1.100000,0.000000,0.000000,-1.571000,0.000075,1.002840,1.065203,1.462992
3.516000,-0.000075,-0.002842,0.034797,-0.000031,-0.005645,-0.037326,-0.000000,-0.001015,1.570066,0.000000,1.000000,1.100000,0.000000,0.000000,-1.571000,0.000075,1.002842,1.065203,1.462993
3.518000,-0.000075,-0.002843,0.034797,-0.000031,-0.005645,-0.037326,-0.000000,-0.001015,1.570066,0.000000,1.000000,1.100000,0.000000,0.000000,-1.571000,0.000075,1.002843,1.065203,1.462994
3.520000,-0.000075,-0.002845,0.034797,-0.000031,-0.005645,-0.037326,-0.000000,-0.001015,1.570066,0.000000,1.000000,1.100000,0.000000,0.000000,-1.571000,0.000075,1.002845,1.065203,1.462995
3.522000,-0.000075,-0.002847,0.034797,-0.000031,-0.005645,-0.037326,-0.000000,-0.001015,1.570066,0.000000,1.000000,1.100000,0.000000,0.000000,-1.571000,0.000075,1.002847,1.065203,1.462996
3.524000,-0.000075,-0.002848,0.034797,-0.000031,-0.005645,-0.037326,-0.000000,-0.001015,1.570066,0.000000,1.000000,1.100000,0.000000,0.000000,-1.571000,0.000075,1.002848,1.065203,1.462998
3.526000,-0.000075,-0.002850,0.034797,-0.000031,-0.005645,-0.037326,-0.000000,-0.001015,1.570066,0.000000,1.000000,1.100000,0.000000,0.000000,-1.571000,0.000075,1.002850,1.065203,1.462999
3.528000,-0.000075,-0.002852,0.034797,-0.000031,-0.005645,-0.037326,-0.000000,-0.001015,1.570066,0.000000,1.000000,1.100000,0.000000,0.000000,-1.571000,0.000075,1.002852,1.065203,1.463000
3.530000,-0.000075,-0.002853,0.034797,-0.000031,-0.005645,-0.037326,-0.000000,-0.001015,1.570066,0.000000,1.000000,1.100000,0.000000,0.000000,-1.571000,0.000075,1.002853,1.065203,1.463001
3.532000,-0.000075,-0.002855,0.034797,-0.000031,-0.005645,-0.037326,-0.000000,-0.001015,1.570067,0.000000,1.000000,1.100000,0.000000,0.000000,-1.571000,0.000075,1.002855,1.065203,1.463002
3.534000,-0.000075,-0.002857,0.034797,-0.000031,-0.005645,-0.037326,-0.000000,-0.001015,1.570067,0.000000,1.000000,1.100000,0.000000,0.000000,-1.571000,0.000075,1.002857,1.065203,1.463003
3.536000,-0.000075,-0.002858,0.034797,-0.000031,-0.005645,-0.037326,-0.000000,-0.001015,1.570067,0.000000,1.000000,1.100000,0.000000,0.000000,-1.571000,0.000075,1.002858,1.065203,1.463004
3.538000,-0.000075,-0.002860,0.034797,-0.000031,-0.005645,-0.037326,-0.000000,-0.001015,1.570067,0.000000,1.000000,1.100000,0.000000,0.000000,-1.571000,0.000075,1.002860,1.065203,1.463006
3.540000,-0.000075,-0.002862,0.034797,-0.000031,-0.005645,-0.037326,-0.000000,-0.001015,1.570067,0.000000,1.000000,1.100000,0.000000,0.000000,-1.571000,0.000075,1.002862,1.065203,1.463007
3.542000,-0.000076,-0.002863,0.034797,-0.000031,-0.005645,-0.037326,-0.000000,-0.001015,1.570067,0.000000,1.000000,1.100000,0.000000,0.000000,-1.571000,0.000076,1.002863,1.065203,1.463008
3.544000,-0.000076,-0.002865,0.034797,-0.000031,-0.005645,-0.037326,-0.000000,-0.001015,1.570067,0.000000,1.000000,1.100000,0.000000,0.000000,-1.571000,0.000076,1.002865,1.065203,1.463009
3.546000,-0.000076,-0.002867,0.034797,-0.000031,-0.005645,-0.037326,-0.000000,-0.001015,1.570067,0.000000,1.000000,1.100000,0.000000,0.000000,-1.571000,0.000076,1.002867,1.065203,1.463010
3.548000,-0.000076,-0.002868,0.034797,-0.000031,-0.005645,-0.037326,-0.000000,-0.001015,1.570067,0.000000,1.000000,1.100000,0.000000,0.000000,-1.571000,0.000076,1.002868,1.065203,1.463011
3.550000,-0.000076,-0.002870,0.034797,-0.000031,-0.005645,-0.037326,-0.000000,-0.001015,1.570067,0.000000,1.000000,1.100000,0.000000,0.000000,-1.571000,0.000076,1.002870,1.065203,1.463012
3.552000,-0.000076,-0.002872,0.034797,-0.000031,-0.005645,-0.037326,-0.000000,-0.001015,1.570067,0.000000,1.000000,1.100000,0.000000,0.000000,-1.571000,0.000076,1.002872,1.065203,1.463014
3.554000,-0.000076,-0.002873,0.034797,-0.000031,-0.005645,-0.037326,-0.000000,-0.001015,1.570067,0.000000,1.000000,1.100000,0.000000,0.000000,-1.571000,0.000076,1.002873,1.065203,1.463015
3.556000,-0.000076,-0.002875,0.034797,-0.000031,-0.005645,-0.037326,-0.000000,-0.001015,1.570067,0.000000,1.000000,1.100000,0.000000,0.000000,-1.571000,0.000076,1.002875,1.065203,1.463016
3.558000,-0.000076,-0.002877,0.034797,-0.000031,-0.005645,-0.037326,-0.000000,-0.001015,1.570067,0.000000,1.000000,1.100000,0.000000,0.000000,-1.571000,0.000076,1.002877,1.065203,1.463017
3.560000,-0.000076,-0.002878,0.034797,-0.000031,-0.005645,-0.037326,-0.000000,-0.001015,1.570067,0.000000,1.000000,1.100000,0.000000,0.000000,-1.571000,0.000076,1.002878,1.065203,1.463018
3.562000,-0.000076,-0.002880,0.034797,-0.000031,-0.005645,-0.037326,-0.000000,-0.001015,1.570067,0.000000,1.000000,1.100000,0.000000,0.000000,-1.571000,0.000076,1.002880,1.065203,1.463019
3.564000,-0.000076,-0.002882,0.034797,-0.000031,-0.005645,-0.037326,-0.000000,-0.001015,1.570067,0.000000,1.000000,1.100000,0.000000,0.000000,-1.571000,0.000076,1.002882,1.065203,1.463021
3.566000,-0.000076,-0.002883,0.034797,-0.000031,-0.005645,-0.037326,-0.000000,-0.001015,1.570067,0.000000,1.000000,1.100000,0.000000,0.000000,-1.571000,0.000076,1.002883,1.065203,1.463022
3.568000,-0.000076,-0.002885,0.034797,-0.000031,-0.005645,-0.037326,-0.000000,-0.001015,1.570067,0.000000,1.000000,1.100000,0.000000,0.000000,-1.571000,0.000076,1.002885,1.065203,1.463023
3.570000,-0.000076,-0.002887,0.034797,-0.000031,-0.005645,-0.037326,-0.000000,-0.001015,1.570067,0.000000,1.000000,1.100000,0.000000,0.000000,-1.571000,0.000076,1.002887,1.065203,1.463024
3.572000,-0.000076,-0.002888,0.034797,-0.000031,-0.005645,-0.037326,-0.000000,-0.001015,1.570067,0.000000,1.000000,1.100000,0.000000,0.000000,-1.571000,0.000076,1.002888,1.065203,1.463025
3.574000,-0.000076,-0.002890,0.034797,-0.000031,-0.005645,-0.037326,-0.000000,-0.001015,1.570067,0.000000,1.000000,1.100000,0.000000,0.000000,-1.571000,0.000076,1.002890,1.065203,1.463026
3.576000,-0.000076,-0.002892,0.034797,-0.000031,-0.005645,-0.037326,-0.000000,-0.001015,1.570067,0.000000,1.000000,1.100000,0.000000,0.000000,-1.571000,0.000076,1.002892,1.065203,1.463027
3.578000,-0.000076,-0.002893,0.034797,-0.000031,-0.005645,-0.037326,-0.000000,-0.001015,1.570067,0.000000,1.000000,1.100000,0.000000,0.000000,-1.571000,0.000076,1.002893,1.065203,1.463029
3.580000,-0.000076,-0.002895,0.034797,-0.000031,-0.005645,-0.037326,-0.000000,-0.001015,1.570067,0.000000,1.000000,1.100000,0.000000,0.000000,-1.571000,0.000076,1.002895,1.065203,1.463030
3.582000,-0.000076,-0.002897,0.034797,-0.000031,-0.005645,-0.037326,-0.000000,-0.001015,1.570068,0.000000,1.000000,1.100000,0.000000,0.000000,-1.571000,0.000076,1.002897,1.065203,1.463031
3.584000,-0.000076,-0.002898,0.034797,-0.000031,-0.005645,-0.037326,-0.000000,-0.001015,1.570068,0.000000,1.000000,1.100000,0.000000,0.000000,-1.571000,0.000076,1.002898,1.065203,1.463032
3.586000,-0.000077,-0.002900,0.034797,-0.000031,-0.005645,-0.037326,-0.000000,-0.001015,1.570068,0.000000,1.000000,1.100000,0.000000,0.000000,-1.571000,0.000077,1.002900,1.065203,1.463033
3.588000,-0.000077,-0.002902,0.034797,-0.000031,-0.005645,-0.037326,-0.000000,-0.001015,1.570068,0.000000,1.000000,1.100000,0.000000,0.000000,-1.571000,0.000077,1.002902,1.065203,1.463034
3.590000,-0.000077,-0.002904,0.034797,-0.000031,-0.005645,-0.037326,-0.000000,-0.001015,1.570068,0.000000,1.000000,1.100000,0.000000,0.000000,-1.571000,0.000077,1.002904,1.065203,1.463035
3.592000,-0.000077,-0.002905,0.034797,-0.000031,-0.005645,-0.037326,-0.000000,-0.001015,1.570068,0.000000,1.000000,1.100000,0.000000,0.000000,-1.571000,0.000077,1.002905,1.065203,1.463037
3.594000,-0.000077,-0.002907,0.034797,-0.000031,-0.005645,-0.037326,-0.000000,-0.001015,1.570068,0.000000,1.000000,1.100000,0.000000,0.000000,-1.571000,0.000077,1.002907,1.065203,1.463038
3.596000,-0.000077,-0.002909,0.034797,-0.000031,-0.005645,-0.037326,-0.000000,-0.001015,1.570068,0.000000,1.000000,1.100000,0.000000,0.000000,-1.571000,0.000077,1.002909,1.065203,1.463039
3.598000,-0.000077,-0.002910,0.034797,-0.000031,-0.005645,-0.037326,-0.000000,-0.001015,1.570068,0.000000,1.000000,1.100000,0.000000,0.000000,-1.571000,0.000077,1.002910,1.065203,1.463040
3.600000,-0.000077,-0.002912,0.034797,-0.000031,-0.005645,-0.037326,-0.000000,-0.001015,1.570068,0.000000,1.000000,1.100000,0.000000,0.000000,-1.571000,0.000077,1.002912,1.065203,1.463041
3.602000,-0.000077,-0.002914,0.034797,-0.000031,-0.005645,-0.037326,-0.000000,-0.001015,1.570068,0.000000,1.000000,1.100000,0.000000,0.000000,-1.571000,0.000077,1.002914,1.065203,1.463042
3.604000,-0.000077,-0.002915,0.034797,-0.000031,-0.005645,-0.037326,-0.000000,-0.001015,1.570068,0.000000,1.000000,1.100000,0.000000,0.000000,-1.571000,0.000077,1.002915,1.065203,1.463043
3.606000,-0.000077,-0.002917,0.034797,-0.000031,-0.005645,-0.037326,-0.000000,-0.001015,1.570068,0.000000,1.000000,1.100000,0.000000,0.000000,-1.571000,0.000077,1.002917,1.065203,1.463045
3.608000,-0.000077,-0.002919,0.034797,-0.000031,-0.005645,-0.037326,-0.000000,-0.001015,1.570068,0.000000,1.000000,1.100000,0.000000,0.000000,-1.571000,0.000077,1.002919,1.065203,1.463046
3.610000,-0.000077,-0.002920,0.034797,-0.000031,-0.005645,-0.037326,-0.000000,-0.001015,1.570068,0.000000,1.000000,1.100000,0.000000,0.000000,-1.571000,0.000077,1.002920,1.065203,1.463047
3.612000,-0.000077,-0.002922,0.034797,-0.000031,-0.005645,-0.037326,-0.000000,-0.001015,1.570068,0.000000,1.000000,1.100000,0.000000,0.000000,-1.571000,0.000077,1.002922,1.065203,1.463048
3.614000,-0.000077,-0.002924,0.034797,-0.000031,-0.005645,-0.037326,-0.000000,-0.001015,1.570068,0.000000,1.000000,1.100000,0.000000,0.000000,-1.571000,0.000077,1.002924,1.065203,1.463049
3.616000,-0.000077,-0.002925,0.034797,-0.000031,-0.005645,-0.037326,-0.000000,-0.001015,1.570068,0.000000,1.000000,1.100000,0.000000,0.000000,-1.571000,0.000077,1.002925,1.065203,1.463050
3.618000,-0.000077,-0.002927,0.034797,-0.000031,-0.005645,-0.037326,-0.000000,-0.001015,1.570068,0.000000,1.000000,1.100000,0.000000,0.000000,-1.571000,0.000077,1.002927,1.065203,1.463052
3.620000,-0.000077,-0.002929,0.034797,-0.000031,-0.005645,-0.037326,-0.000000,-0.001015,1.570068,0.000000,1.000000,1.100000,0.000000,0.000000,-1.571000,0.000077,1.002929,1.065203,1.463053
3.622000,-0.000077,-0.002930,0.034797,-0.000031,-0.005645,-0.037326,-0.000000,-0.001015,1.570068,0.000000,1.000000,1.100000,0.000000,0.000000,-1.571000,0.000077,1.002930,1.065203,1.463054
3.624000,-0.000077,-0.002932,0.034797,-0.000031,-0.005645,-0.037326,-0.000000,-0.001015,1.570068,0.000000,1.000000,1.100000,0.000000,0.000000,-1.571000,0.000077,1.002932,1.065203,1.463055
3.626000,-0.000077,-0.002934,0.034797,-0.000031,-0.005645,-0.037326,-0.000000,-0.001015,1.570068,0.000000,1.000000,1.100000,0.000000,0.000000,-1.571000,0.000077,1.002934,1.065203,1.463056
3.628000,-0.000077,-0.002935,0.034797,-0.000031,-0.005645,-0.037326,-0.000000,-0.001015,1.570068,0.000000,1.000000,1.100000,0.000000,0.000000,-1.571000,0.000077,1.002935,1.065203,1.463057
3.630000,-0.000078,-0.002937,0.034797,-0.000031,-0.005645,-0.037326,-0.000000,-0.001015,1.570068,0.000000,1.000000,1.100000,0.000000,0.000000,-1.571000,0.000078,1.002937,1.065203,1.463058
3.632000,-0.000078,-0.002939,0.034797,-0.000031,-0.005645,-0.037326,-0.000000,-0.001015,1.570068,0.000000,1.000000,1.100000,0.000000,0.000000,-1.571000,0.000078,1.002939,1.065203,1.463060
3.634000,-0.000078,-0.002940,0.034797,-0.000031,-0.005645,-0.037326,-0.000000,-0.001015,1.570069,0.000000,1.000000,1.100000,0.000000,0.000000,-1.571000,0.000078,1.002940,1.065203,1.463061
3.636000,-0.000078,-0.002942,0.034797,-0.000031,-0.005645,-0.037326,-0.000000,-0.001015,1.570069,0.000000,1.000000,1.100000,0.000000,0.000000,-1.571000,0.000078,1.002942,1.065203,1.463062
3.638000,-0.000078,-0.002944,0.034797,-0.000031,-0.005645,-0.037326,-0.000000,-0.001015,1.570069,0.000000,1.000000,1.100000,0.000000,0.000000,-1.571000,0.000078,1.002944,1.065203,1.463063
3.640000,-0.000078,-0.002945,0.034797,-0.000031,-0.005645,-0.037326,-0.000000,-0.001015,1.570069,0.000000,1.000000,1.100000,0.000000,0.000000,-1.571000,0.000078,1.002945,1.065203,1.463064
3.642000,-0.000078,-0.002947,0.034797,-0.000031,-0.005645,-0.037326,-0.000000,-0.001015,1.570069,0.000000,1.000000,1.100000,0.000000,0.000000,-1.571000,0.000078,1.002947,1.065203,1.463065
3.644000,-0.000078,-0.002949,0.034797,-0.000031,-0.005645,-0.037326,-0.000000,-0.001015,1.570069,0.000000,1.000000,1.100000,0.000000,0.000000,-1.571000,0.000078,1.002949,1.065203,1.463066
3.646000,-0.000078,-0.002950,0.034797,-0.000031,-0.005645,-0.037326,-0.000000,-0.001015,1.570069,0.000000,1.000000,1.100000,0.000000,0.000000,-1.571000,0.000078,1.002950,1.065203,1.463068
3.648000,-0.000078,-0.002952,0.034797,-0.000031,-0.005645,-0.037326,-0.000000,-0.001015,1.570069,0.000000,1.000000,1.100000,0.000000,0.000000,-1.571000,0.000078,1.002952,1.065203,1.463069
3.650000,-0.000078,-0.002954,0.034797,-0.000031,-0.005645,-0.037326,-0.000000,-0.001015,1.570069,0.000000,1.000000,1.100000,0.000000,0.000000,-1.571000,0.000078,1.002954,1.065203,1.463070
3.652000,-0.000078,-0.002955,0.034797,-0.000031,-0.005645,-0.037326,-0.000000,-0.001015,1.570069,0.000000,1.000000,1.100000,0.000000,0.000000,-1.571000,0.000078,1.002955,1.065203,1.463071
3.654000,-0.000078,-0.002957,0.034797,-0.000031,-0.005645,-0.037326,-0.000000,-0.001015,1.570069,0.000000,1.000000,1.100000,0.000000,0.000000,-1.571000,0.000078,1.002957,1.065203,1.463072
3.656000,-0.000078,-0.002959,0.034797,-0.000031,-0.005645,-0.037326,-0.000000,-0.001015,1.570069,0.000000,1.000000,1.100000,0.000000,0.000000,-1.571000,0.000078,1.002959,1.065203,1.463073
3.658000,-0.000078,-0.002960,0.034797,-0.000031,-0.005645,-0.037326,-0.000000,-0.001015,1.570069,0.000000,1.000000,1.100000,0.000000,0.000000,-1.571000,0.000078,1.002960,1.065203,1.463074
3.660000,-0.000078,-0.002962,0.034797,-0.000031,-0.005645,-0.037326,-0.000000,-0.001015,1.570069,0.000000,1.000000,1.100000,0.000000,0.000000,-1.571000,0.000078,1.002962,1.065203,1.463076
3.662000,-0.000078,-0.002964,0.034797,-0.000031,-0.005645,-0.037326,-0.000000,-0.001015,1.570069,0.000000,1.000000,1.100000,0.000000,0.000000,-1.571000,0.000078,1.002964,1.065203,1.463077
3.664000,-0.000078,-0.002965,0.034797,-0.000031,-0.005645,-0.037326,-0.000000,-0.001015,1.570069,0.000000,1.000000,1.100000,0.000000,0.000000,-1.571000,0.000078,1.002965,1.065203,1.463078
3.666000,-0.000078,-0.002967,0.034797,-0.000031,-0.005645,-0.037326,-0.000000,-0.001015,1.570069,0.000000,1.000000,1.100000,0.000000,0.000000,-1.571000,0.000078,1.002967,1.065203,1.463079
3.668000,-0.000078,-0.002969,0.034797,-0.000031,-0.005645,-0.037326,-0.000000,-0.001015,1.570069,0.000000,1.000000,1.100000,0.000000,0.000000,-1.571000,0.000078,1.002969,1.065203,1.463080
3.670000,-0.000078,-0.002971,0.034797,-0.000031,-0.005645,-0.037326,-0.000000,-0.001015,1.570069,0.000000,1.000000,1.100000,0.000000,0.000000,-1.571000,0.000078,1.002971,1.065203,1.463081
3.672000,-0.000078,-0.002972,0.034797,-0.000031,-0.005645,-0.037326,-0.000000,-0.001015,1.570069,0.000000,1.000000,1.100000,0.000000,0.000000,-1.571000,0.000078,1.002972,1.065203,1.463083
3.674000,-0.000078,-0.002974,0.034797,-0.000031,-0.005645,-0.037326,-0.000000,-0.001015,1.570069,0.000000,1.000000,1.100000,0.000000,0.000000,-1.571000,0.000078,1.002974,1.065203,1.463084
3.676000,-0.000079,-0.002976,0.034797,-0.000031,-0.005645,-0.037326,-0.000000,-0.001015,1.570069,0.000000,1.000000,1.100000,0.000000,0.000000,-1.571000,0.000079,1.002976,1.065203,1.463085
3.678000,-0.000079,-0.002977,0.034797,-0.000031,-0.005645,-0.037326,-0.000000,-0.001015,1.570069,0.000000,1.000000,1.100000,0.000000,0.000000,-1.571000,0.000079,1.002977,1.065203,1.463086
3.680000,-0.000079,-0.002979,0.034797,-0.000031,-0.005645,-0.037326,-0.000000,-0.001015,1.570069,0.000000,1.000000,1.100000,0.000000,0.000000,-1.571000,0.000079,1.002979,1.065203,1.463087
3.682000,-0.000079,-0.002981,0.034797,-0.000031,-0.005645,-0.037326,-0.000000,-0.001015,1.570069,0.000000,1.000000,1.100000,0.000000,0.000000,-1.571000,0.000079,1.002981,1.065203,1.463088
3.684000,-0.000079,-0.002982,0.034797,-0.000031,-0.005645,-0.037326,-0.000000,-0.001015,1.570070,0.000000,1.000000,1.100000,0.000000,0.000000,-1.571000,0.000079,1.002982,1.065203,1.463089
3.686000,-0.000079,-0.002984,0.034797,-0.000031,-0.005645,-0.037326,-0.000000,-0.001015,1.570070,0.000000,1.000000,1.100000,0.000000,0.000000,-1.571000,0.000079,1.002984,1.065203,1.463091
3.688000,-0.000079,-0.002986,0.034797,-0.000031,-0.005645,-0.037326,-0.000000,-0.001015,1.570070,0.000000,1.000000,1.100000,0.000000,0.000000,-1.571000,0.000079,1.002986,1.065203,1.463092
3.690000,-0.000079,-0.002987,0.034797,-0.000031,-0.005645,-0.037326,-0.000000,-0.001015,1.570070,0.000000,1.000000,1.100000,0.000000,0.000000,-1.571000,0.000079,1.002987,1.065203,1.463093
3.692000,-0.000079,-0.002989,0.034797,-0.000031,-0.005645,-0.037326,-0.000000,-0.001015,1.570070,0.000000,1.000000,1.100000,0.000000,0.000000,-1.571000,0.000079,1.002989,1.065203,1.463094
3.694000,-0.000079,-0.002991,0.034797,-0.000031,-0.005645,-0.037326,-0.000000,-0.001015,1.570070,0.000000,1.000000,1.100000,0.000000,0.000000,-1.571000,0.000079,1.002991,1.065203,1.463095
3.696000,-0.000079,-0.002992,0.034797,-0.000031,-0.005645,-0.037326,-0.000000,-0.001015,1.570070,0.000000,1.000000,1.100000,0.000000,0.000000,-1.571000,0.000079,1.002992,1.065203,1.463096
3.698000,-0.000079,-0.002994,0.034797,-0.000031,-0.005645,-0.037326,-0.000000,-0.001015,1.570070,0.000000,1.000000,1.100000,0.000000,0.000000,-1.571000,0.000079,1.002994,1.065203,1.463097
3.700000,-0.000079,-0.002996,0.034797,-0.000031,-0.005645,-0.037326,-0.000000,-0.001015,1.570070,0.000000,1.000000,1.100000,0.000000,0.000000,-1.571000,0.000079,1.002996,1.065203,1.463099
3.702000,-0.000079,-0.002997,0.034797,-0.000031,-0.005645,-0.037326,-0.000000,-0.001015,1.570070,0.000000,1.000000,1.100000,0.000000,0.000000,-1.571000,0.000079,1.002997,1.065203,1.463100
3.704000,-0.000079,-0.002999,0.034797,-0.000031,-0.005645,-0.037326,-0.000000,-0.001015,1.570070,0.000000,1.000000,1.100000,0.000000,0.000000,-1.571000,0.000079,1.002999,1.065203,1.463101
3.706000,-0.000079,-0.003001,0.034797,-0.000031,-0.005645,-0.037326,-0.000000,-0.001015,1.570070,0.000000,1.000000,1.100000,0.000000,0.000000,-1.571000,0.000079,1.003001,1.065203,1.463102
3.708000,-0.000079,-0.003002,0.034797,-0.000031,-0.005645,-0.037326,-0.000000,-0.001015,1.570070,0.000000,1.000000,1.100000,0.000000,0.000000,-1.571000,0.000079,1.003002,1.065203,1.463103
3.710000,-0.000079,-0.003004,0.034797,-0.000031,-0.005645,-0.037326,-0.000000,-0.001015,1.570070,0.000000,1.000000,1.100000,0.000000,0.000000,-1.571000,0.000079,1.003004,1.065203,1.463104
3.712000,-0.000079,-0.003006,0.034797,-0.000031,-0.005645,-0.037326,-0.000000,-0.001015,1.570070,0.000000,1.000000,1.100000,0.000000,0.000000,-1.571000,0.000079,1.003006,1.065203,1.463105
3.714000,-0.000079,-0.003007,0.034797,-0.000031,-0.005645,-0.037326,-0.000000,-0.001015,1.570070,0.000000,1.000000,1.100000,0.000000,0.000000,-1.571000,0.000079,1.003007,1.065203,1.463107
3.716000,-0.000079,-0.003009,0.034797,-0.000031,-0.005645,-0.037326,-0.000000,-0.001015,1.570070,0.000000,1.000000,1.100000,0.000000,0.000000,-1.571000,0.000079,1.003009,1.065203,1.463108
3.718000,-0.000079,-0.003011,0.034797,-0.000031,-0.005645,-0.037326,-0.000000,-0.001015,1.570070,0.000000,1.000000,1.100000,0.000000,0.000000,-1.571000,0.000079,1.003011,1.065203,1.463109
3.720000,-0.000080,-0.003012,0.034797,-0.000031,-0.005645,-0.037326,-0.000000,-0.001015,1.570070,0.000000,1.000000,1.100000,0.000000,0.000000,-1.571000,0.000080,1.003012,1.065203,1.463110
3.722000,-0.000080,-0.003014,0.034797,-0.000031,-0.005645,-0.037326,-0.000000,-0.001015,1.570070,0.000000,1.000000,1.100000,0.000000,0.000000,-1.571000,0.000080,1.003014,1.065203,1.463111
3.724000,-0.000080,-0.003016,0.034797,-0.000031,-0.005645,-0.037326,-0.000000,-0.001015,1.570070,0.000000,1.000000,1.100000,0.000000,0.000000,-1.571000,0.000080,1.003016,1.065203,1.463112
3.726000,-0.000080,-0.003017,0.034797,-0.000031,-0.005645,-0.037326,-0.000000,-0.001015,1.570070,0.000000,1.000000,1.100000,0.000000,0.000000,-1.571000,0.000080,1.003017,1.065203,1.463113
3.728000,-0.000080,-0.003019,0.034797,-0.000031,-0.005645,-0.037326,-0.000000,-0.001015,1.570070,0.000000,1.000000,1.100000,0.000000,0.000000,-1.571000,0.000080,1.003019,1.065203,1.463115
3.730000,-0.000080,-0.003021,0.034797,-0.000031,-0.005645,-0.037326,-0.000000,-0.001015,1.570070,0.000000,1.000000,1.100000,0.000000,0.000000,-1.571000,0.000080,1.003021,1.065203,1.463116
3.732000,-0.000080,-0.003022,0.034797,-0.000031,-0.005645,-0.037326,-0.000000,-0.001015,1.570070,0.000000,1.000000,1.100000,0.000000,0.000000,-1.571000,0.000080,1.003022,1.065203,1.463117
3.734000,-0.000080,-0.003024,0.034797,-0.000031,-0.005645,-0.037326,-0.000000,-0.001015,1.570071,0.000000,1.000000,1.100000,0.000000,0.000000,-1.571000,0.000080,1.003024,1.065203,1.463118
3.736000,-0.000080,-0.003026,0.034797,-0.000031,-0.005645,-0.037326,-0.000000,-0.001015,1.570071,0.000000,1.000000,1.100000,0.000000,0.000000,-1.571000,0.000080,1.003026,1.065203,1.463119
3.738000,-0.000080,-0.003027,0.034797,-0.000031,-0.005645,-0.037326,-0.000000,-0.001015,1.570071,0.000000,1.000000,1.100000,0.000000,0.000000,-1.571000,0.000080,1.003027,1.065203,1.463120
3.740000,-0.000080,-0.003029,0.034797,-0.000031,-0.005645,-0.037326,-0.000000,-0.001015,1.570071,0.000000,1.000000,1.100000,0.000000,0.000000,-1.571000,0.000080,1.003029,1.065203,1.463122
3.742000,-0.000080,-0.003031,0.034797,-0.000031,-0.005645,-0.037326,-0.000000,-0.001015,1.570071,0.000000,1.000000,1.100000,0.000000,0.000000,-1.571000,0.000080,1.003031,1.065203,1.463123
3.744000,-0.000080,-0.003032,0.034797,-0.000031,-0.005645,-0.037326,-0.000000,-0.001015,1.570071,0.000000,1.000000,1.100000,0.000000,0.000000,-1.571000,0.000080,1.003032,1.065203,1.463124
3.746000,-0.000080,-0.003034,0.034797,-0.000031,-0.005645,-0.037326,-0.000000,-0.001015,1.570071,0.000000,1.000000,1.100000,0.000000,0.000000,-1.571000,0.000080,1.003034,1.065203,1.463125
3.748000,-0.000080,-0.003036,0.034797,-0.000031,-0.005645,-0.037326,-0.000000,-0.001015,1.570071,0.000000,1.000000,1.100000,0.000000,0.000000,-1.571000,0.000080,1.003036,1.065203,1.463126
3.750000,-0.000080,-0.003037,0.034797,-0.000031,-0.005645,-0.037326,-0.000000,-0.001015,1.570071,0.000000,1.000000,1.100000,0.000000,0.000000,-1.571000,0.000080,1.003037,1.065203,1.463127
3.752000,-0.000080,-0.003039,0.034797,-0.000031,-0.005645,-0.037326,-0.000000,-0.001015,1.570071,0.000000,1.000000,1.100000,0.000000,0.000000,-1.571000,0.000080,1.003039,1.065203,1.463128
3.754000,-0.000080,-0.003041,0.034797,-0.000031,-0.005645,-0.037326,-0.000000,-0.001015,1.570071,0.000000,1.000000,1.100000,0.000000,0.000000,-1.571000,0.000080,1.003041,1.065203,1.463130
3.756000,-0.000080,-0.003043,0.034797,-0.000031,-0.005645,-0.037326,-0.000000,-0.001015,1.570071,0.000000,1.000000,1.100000,0.000000,0.000000,-1.571000,0.000080,1.003043,1.065203,1.463131
3.758000,-0.000080,-0.003044,0.034797,-0.000031,-0.005645,-0.037326,-0.000000,-0.001015,1.570071,0.000000,1.000000,1.100000,0.000000,0.000000,-1.571000,0.000080,1.003044,1.065203,1.463132
3.760000,-0.000080,-0.003046,0.034797,-0.000031,-0.005645,-0.037326,-0.000000,-0.001015,1.570071,0.000000,1.000000,1.100000,0.000000,0.000000,-1.571000,0.000080,1.003046,1.065203,1.463133
3.762000,-0.000080,-0.003048,0.034797,-0.000031,-0.005645,-0.037326,-0.000000,-0.001015,1.570071,0.000000,1.000000,1.100000,0.000000,0.000000,-1.571000,0.000080,1.003048,1.065203,1.463134
3.764000,-0.000081,-0.003049,0.034797,-0.000031,-0.005645,-0.037326,-0.000000,-0.001015,1.570071,0.000000,1.000000,1.100000,0.000000,0.000000,-1.571000,0.000081,1.003049,1.065203,1.463135
3.766000,-0.000081,-0.003051,0.034797,-0.000031,-0.005645,-0.037326,-0.000000,-0.001015,1.570071,0.000000,1.000000,1.100000,0.000000,0.000000,-1.571000,0.000081,1.003051,1.065203,1.463136
3.768000,-0.000081,-0.003053,0.034797,-0.000031,-0.005645,-0.037326,-0.000000,-0.001015,1.570071,0.000000,1.000000,1.100000,0.000000,0.000000,-1.571000,0.000081,1.003053,1.065203,1.463138
3.770000,-0.000081,-0.003054,0.034797,-0.000031,-0.005645,-0.037326,-0.000000,-0.001015,1.570071,0.000000,1.000000,1.100000,0.000000,0.000000,-1.571000,0.000081,1.003054,1.065203,1.463139
3.772000,-0.000081,-0.003056,0.034797,-0.000031,-0.005645,-0.037326,-0.000000,-0.001015,1.570071,0.000000,1.000000,1.100000,0.000000,0.000000,-1.571000,0.000081,1.003056,1.065203,1.463140
3.774000,-0.000081,-0.003058,0.034797,-0.000031,-0.005645,-0.037326,-0.000000,-0.001015,1.570071,0.000000,1.000000,1.100000,0.000000,0.000000,-1.571000,0.000081,1.003058,1.065203,1.463141
3.776000,-0.000081,-0.003059,0.034797,-0.000031,-0.005645,-0.037326,-0.000000,-0.001015,1.570071,0.000000,1.000000,1.100000,0.000000,0.000000,-1.571000,0.000081,1.003059,1.065203,1.463142
3.778000,-0.000081,-0.003061,0.034797,-0.000031,-0.005645,-0.037326,-0.000000,-0.001015,1.570071,0.000000,1.000000,1.100000,0.000000,0.000000,-1.571000,0.000081,1.003061,1.065203,1.463143
3.780000,-0.000081,-0.003063,0.034797,-0.000031,-0.005645,-0.037326,-0.000000,-0.001015,1.570071,0.000000,1.000000,1.100000,0.000000,0.000000,-1.571000,0.000081,1.003063,1.065203,1.463144
3.782000,-0.000081,-0.003064,0.034797,-0.000031,-0.005645,-0.037326,-0.000000,-0.001015,1.570071,0.000000,1.000000,1.100000,0.000000,0.000000,-1.571000,0.000081,1.003064,1.065203,1.463146
3.784000,-0.000081,-0.003066,0.034797,-0.000031,-0.005645,-0.037326,-0.000000,-0.001015,1.570071,0.000000,1.000000,1.100000,0.000000,0.000000,-1.571000,0.000081,1.003066,1.065203,1.463147
3.786000,-0.000081,-0.003068,0.034797,-0.000031,-0.005645,-0.037326,-0.000000,-0.001015,1.570072,0.000000,1.000000,1.100000,0.000000,0.000000,-1.571000,0.000081,1.003068,1.065203,1.463148
3.788000,-0.000081,-0.003069,0.034797,-0.000031,-0.005645,-0.037326,-0.000000,-0.001015,1.570072,0.000000,1.000000,1.100000,0.000000,0.000000,-1.571000,0.000081,1.003069,1.065203,1.463149
3.790000,-0.000081,-0.003071,0.034797,-0.000031,-0.005645,-0.037326,-0.000000,-0.001015,1.570072,0.000000,1.000000,1.100000,0.000000,0.000000,-1.571000,0.000081,1.003071,1.065203,1.463150
3.792000,-0.000081,-0.003073,0.034797,-0.000031,-0.005645,-0.037326,-0.000000,-0.001015,1.570072,0.000000,1.000000,1.100000,0.000000,0.000000,-1.571000,0.000081,1.003073,1.065203,1.463151
3.794000,-0.000081,-0.003074,0.034797,-0.000031,-0.005645,-0.037326,-0.000000,-0.001015,1.570072,0.000000,1.000000,1.100000,0.000000,0.000000,-1.571000,0.000081,1.003074,1.065203,1.463153
3.796000,-0.000081,-0.003076,0.034797,-0.000031,-0.005645,-0.037326,-0.000000,-0.001015,1.570072,0.000000,1.000000,1.100000,0.000000,0.000000,-1.571000,0.000081,1.003076,1.065203,1.463154
3.798000,-0.000081,-0.003078,0.034797,-0.000031,-0.005645,-0.037326,-0.000000,-0.001015,1.570072,0.000000,1.000000,1.100000,0.000000,0.000000,-1.571000,0.000081,1.003078,1.065203,1.463155
3.800000,-0.000081,-0.003079,0.034797,-0.000031,-0.005645,-0.037326,-0.000000,-0.001015,1.570072,0.000000,1.000000,1.100000,0.000000,0.000000,-1.571000,0.000081,1.003079,1.065203,1.463156
3.802000,-0.000081,-0.003081,0.034797,-0.000031,-0.005645,-0.037326,-0.000000,-0.001015,1.570072,0.000000,1.000000,1.100000,0.000000,0.000000,-1.571000,0.000081,1.003081,1.065203,1.463157
3.804000,-0.000081,-0.003083,0.034797,-0.000031,-0.005645,-0.037326,-0.000000,-0.001015,1.570072,0.000000,1.000000,1.100000,0.000000,0.000000,-1.571000,0.000081,1.003083,1.065203,1.463158
3.806000,-0.000081,-0.003084,0.034797,-0.000031,-0.005645,-0.037326,-0.000000,-0.001015,1.570072,0.000000,1.000000,1.100000,0.000000,0.000000,-1.571000,0.000081,1.003084,1.065203,1.463159
3.808000,-0.000081,-0.003086,0.034797,-0.000031,-0.005645,-0.037326,-0.000000,-0.001015,1.570072,0.000000,1.000000,1.100000,0.000000,0.000000,-1.571000,0.000081,1.003086,1.065203,1.463161
3.810000,-0.000082,-0.003088,0.034797,-0.000031,-0.005645,-0.037326,-0.000000,-0.001015,1.570072,0.000000,1.000000,1.100000,0.000000,0.000000,-1.571000,0.000082,1.003088,1.065203,1.463162
3.812000,-0.000082,-0.003089,0.034797,-0.000031,-0.005645,-0.037326,-0.000000,-0.001015,1.570072,0.000000,1.000000,1.100000,0.000000,0.000000,-1.571000,0.000082,1.003089,1.065203,1.463163
3.814000,-0.000082,-0.003091,0.034797,-0.000031,-0.005645,-0.037326,-0.000000,-0.001015,1.570072,0.000000,1.000000,1.100000,0.000000,0.000000,-1.571000,0.000082,1.003091,1.065203,1.463164
3.816000,-0.000082,-0.003093,0.034797,-0.000031,-0.005645,-0.037326,-0.000000,-0.001015,1.570072,0.000000,1.000000,1.100000,0.000000,0.000000,-1.571000,0.000082,1.003093,1.065203,1.463165
3.818000,-0.000082,-0.003094,0.034797,-0.000031,-0.005645,-0.037326,-0.000000,-0.001015,1.570072,0.000000,1.000000,1.100000,0.000000,0.000000,-1.571000,0.000082,1.003094,1.065203,1.463166
3.820000,-0.000082,-0.003096,0.034797,-0.000031,-0.005645,-0.037326,-0.000000,-0.001015,1.570072,0.000000,1.000000,1.100000,0.000000,0.000000,-1.571000,0.000082,1.003096,1.065203,1.463167
3.822000,-0.000082,-0.003098,0.034797,-0.000031,-0.005645,-0.037326,-0.000000,-0.001015,1.570072,0.000000,1.000000,1.100000,0.000000,0.000000,-1.571000,0.000082,1.003098,1.065203,1.463169
3.824000,-0.000082,-0.003099,0.034797,-0.000031,-0.005645,-0.037326,-0.000000,-0.001015,1.570072,0.000000,1.000000,1.100000,0.000000,0.000000,-1.571000,0.000082,1.003099,1.065203,1.463170
3.826000,-0.000082,-0.003101,0.034797,-0.000031,-0.005645,-0.037326,-0.000000,-0.001015,1.570072,0.000000,1.000000,1.100000,0.000000,0.000000,-1.571000,0.000082,1.003101,1.065203,1.463171
3.828000,-0.000082,-0.003103,0.034797,-0.000031,-0.005645,-0.037326,-0.000000,-0.001015,1.570072,0.000000,1.000000,1.100000,0.000000,0.000000,-1.571000,0.000082,1.003103,1.065203,1.463172
3.830000,-0.000082,-0.003104,0.034797,-0.000031,-0.005645,-0.037326,-0.000000,-0.001015,1.570072,0.000000,1.000000,1.100000,0.000000,0.000000,-1.571000,0.000082,1.003104,1.065203,1.463173
3.832000,-0.000082,-0.003106,0.034797,-0.000031,-0.005645,-0.037326,-0.000000,-0.001015,1.570072,0.000000,1.000000,1.100000,0.000000,0.000000,-1.571000,0.000082,1.003106,1.065203,1.463174
3.834000,-0.000082,-0.003108,0.034797,-0.000031,-0.005645,-0.037326,-0.000000,-0.001015,1.570072,0.000000,1.000000,1.100000,0.000000,0.000000,-1.571000,0.000082,1.003108,1.065203,1.463175
3.836000,-0.000082,-0.003110,0.034797,-0.000031,-0.005645,-0.037326,-0.000000,-0.001015,1.570073,0.000000,1.000000,1.100000,0.000000,0.000000,-1.571000,0.000082,1.003110,1.065203,1.463177
3.838000,-0.000082,-0.003111,0.034797,-0.000031,-0.005645,-0.037326,-0.000000,-0.001015,1.570073,0.000000,1.000000,1.100000,0.000000,0.000000,-1.571000,0.000082,1.003111,1.065203,1.463178
3.840000,-0.000082,-0.003113,0.034797,-0.000031,-0.005645,-0.037326,-0.000000,-0.001015,1.570073,0.000000,1.000000,1.100000,0.000000,0.000000,-1.571000,0.000082,1.003113,1.065203,1.463179
3.842000,-0.000082,-0.003115,0.034797,-0.000031,-0.005645,-0.037326,-0.000000,-0.001015,1.570073,0.000000,1.000000,1.100000,0.000000,0.000000,-1.571000,0.000082,1.003115,1.065203,1.463180
3.844000,-0.000082,-0.003116,0.034797,-0.000031,-0.005645,-0.037326,-0.000000,-0.001015,1.570073,0.000000,1.000000,1.100000,0.000000,0.000000,-1.571000,0.000082,1.003116,1.065203,1.463181
3.846000,-0.000082,-0.003118,0.034797,-0.000031,-0.005645,-0.037326,-0.000000,-0.001015,1.570073,0.000000,1.000000,1.100000,0.000000,0.000000,-1.571000,0.000082,1.003118,1.065203,1.463182
3.848000,-0.000082,-0.003120,0.034797,-0.000031,-0.005645,-0.037326,-0.000000,-0.001015,1.570073,0.000000,1.000000,1.100000,0.000000,0.000000,-1.571000,0.000082,1.003120,1.065203,1.463184
3.850000,-0.000082,-0.003121,0.034797,-0.000031,-0.005645,-0.037326,-0.000000,-0.001015,1.570073,0.000000,1.000000,1.100000,0.000000,0.000000,-1.571000,0.000082,1.003121,1.065203,1.463185
3.852000,-0.000082,-0.003123,0.034797,-0.000031,-0.005645,-0.037326,-0.000000,-0.001015,1.570073,0.000000,1.000000,1.100000,0.000000,0.000000,-1.571000,0.000082,1.003123,1.065203,1.463186
3.854000,-0.000083,-0.003125,0.034797,-0.000031,-0.005645,-0.037326,-0.000000,-0.001015,1.570073,0.000000,1.000000,1.100000,0.000000,0.000000,-1.571000,0.000083,1.003125,1.065203,1.463187
3.856000,-0.000083,-0.003126,0.034797,-0.000031,-0.005645,-0.037326,-0.000000,-0.001015,1.570073,0.000000,1.000000,1.100000,0.000000,0.000000,-1.571000,0.000083,1.003126,1.065203,1.463188
3.858000,-0.000083,-0.003128,0.034797,-0.000031,-0.005645,-0.037326,-0.000000,-0.001015,1.570073,0.000000,1.000000,1.100000,0.000000,0.000000,-1.571000,0.000083,1.003128,1.065203,1.463189
3.860000,-0.000083,-0.003130,0.034797,-0.000031,-0.005645,-0.037326,-0.000000,-0.001015,1.570073,0.000000,1.000000,1.100000,0.000000,0.000000,-1.571000,0.000083,1.003130,1.065203,1.463190
3.862000,-0.000083,-0.003131,0.034797,-0.000031,-0.005645,-0.037326,-0.000000,-0.001015,1.570073,0.000000,1.000000,1.100000,0.000000,0.000000,-1.571000,0.000083,1.003131,1.065203,1.463192
3.864000,-0.000083,-0.003133,0.034797,-0.000031,-0.005645,-0.037326,-0.000000,-0.001015,1.570073,0.000000,1.000000,1.100000,0.000000,0.000000,-1.571000,0.000083,1.003133,1.065203,1.463193
3.866000,-0.000083,-0.003135,0.034797,-0.000031,-0.005645,-0.037326,-0.000000,-0.001015,1.570073,0.000000,1.000000,1.100000,0.000000,0.000000,-1.571000,0.000083,1.003135,1.065203,1.463194
3.868000,-0.000083,-0.003136,0.034797,-0.000031,-0.005645,-0.037326,-0.000000,-0.001015,1.570073,0.000000,1.000000,1.100000,0.000000,0.000000,-1.571000,0.000083,1.003136,1.065203,1.463195
3.870000,-0.000083,-0.003138,0.034797,-0.000031,-0.005645,-0.037326,-0.000000,-0.001015,1.570073,0.000000,1.000000,1.100000,0.000000,0.000000,-1.571000,0.000083,1.003138,1.065203,1.463196
3.872000,-0.000083,-0.003140,0.034797,-0.000031,-0.005645,-0.037326,-0.000000,-0.001015,1.570073,0.000000,1.000000,1.100000,0.000000,0.000000,-1.571000,0.000083,1.003140,1.065203,1.463197
3.874000,-0.000083,-0.003141,0.034797,-0.000031,-0.005645,-0.037326,-0.000000,-0.001015,1.570073,0.000000,1.000000,1.100000,0.000000,0.000000,-1.571000,0.000083,1.003141,1.065203,1.463198
3.876000,-0.000083,-0.003143,0.034797,-0.000031,-0.005645,-0.037326,-0.000000,-0.001015,1.570073,0.000000,1.000000,1.100000,0.000000,0.000000,-1.571000,0.000083,1.003143,1.065203,1.463200
3.878000,-0.000083,-0.003145,0.034797,-0.000031,-0.005645,-0.037326,-0.000000,-0.001015,1.570073,0.000000,1.000000,1.100000,0.000000,0.000000,-1.571000,0.000083,1.003145,1.065203,1.463201
3.880000,-0.000083,-0.003146,0.034797,-0.000031,-0.005645,-0.037326,-0.000000,-0.001015,1.570073,0.000000,1.000000,1.100000,0.000000,0.000000,-1.571000,0.000083,1.003146,1.065203,1.463202
3.882000,-0.000083,-0.003148,0.034797,-0.000031,-0.005645,-0.037326,-0.000000,-0.001015,1.570073,0.000000,1.000000,1.100000,0.000000,0.000000,-1.571000,0.000083,1.003148,1.065203,1.463203
3.884000,-0.000083,-0.003150,0.034797,-0.000031,-0.005645,-0.037326,-0.000000,-0.001015,1.570073,0.000000,1.000000,1.100000,0.000000,0.000000,-1.571000,0.000083,1.003150,1.065203,1.463204
3.886000,-0.000083,-0.003151,0.034797,-0.000031,-0.005645,-0.037326,-0.000000,-0.001015,1.570074,0.000000,1.000000,1.100000,0.000000,0.000000,-1.571000,0.000083,1.003151,1.065203,1.463205
3.888000,-0.000083,-0.003153,0.034797,-0.000031,-0.005645,-0.037326,-0.000000,-0.001015,1.570074,0.000000,1.000000,1.100000,0.000000,0.000000,-1.571000,0.000083,1.003153,1.065203,1.463206
3.890000,-0.000083,-0.003155,0.034797,-0.000031,-0.005645,-0.037326,-0.000000,-0.001015,1.570074,0.000000,1.000000,1.100000,0.000000,0.000000,-1.571000,0.000083,1.003155,1.065203,1.463208
3.892000,-0.000083,-0.003156,0.034797,-0.000031,-0.005645,-0.037326,-0.000000,-0.001015,1.570074,0.000000,1.000000,1.100000,0.000000,0.000000,-1.571000,0.000083,1.003156,1.065203,1.463209
3.894000,-0.000083,-0.003158,0.034797,-0.000031,-0.005645,-0.037326,-0.000000,-0.001015,1.570074,0.000000,1.000000,1.100000,0.000000,0.000000,-1.571000,0.000083,1.003158,1.065203,1.463210
3.896000,-0.000083,-0.003160,0.034797,-0.000031,-0.005645,-0.037326,-0.000000,-0.001015,1.570074,0.000000,1.000000,1.100000,0.000000,0.000000,-1.571000,0.000083,1.003160,1.065203,1.463211
3.898000,-0.000084,-0.003161,0.034797,-0.000031,-0.005645,-0.037326,-0.000000,-0.001015,1.570074,0.000000,1.000000,1.100000,0.000000,0.000000,-1.571000,0.000084,1.003161,1.065203,1.463212
3.900000,-0.000084,-0.003163,0.034797,-0.000031,-0.005645,-0.037326,-0.000000,-0.001015,1.570074,0.000000,1.000000,1.100000,0.000000,0.000000,-1.571000,0.000084,1.003163,1.065203,1.463213
3.902000,-0.000084,-0.003165,0.034797,-0.000031,-0.005645,-0.037326,-0.000000,-0.001015,1.570074,0.000000,1.000000,1.100000,0.000000,0.000000,-1.571000,0.000084,1.003165,1.065203,1.463215
3.904000,-0.000084,-0.003166,0.034797,-0.000031,-0.005645,-0.037326,-0.000000,-0.001015,1.570074,0.000000,1.000000,1.100000,0.000000,0.000000,-1.571000,0.000084,1.003166,1.065203,1.463216
3.906000,-0.000084,-0.003168,0.034797,-0.000031,-0.005645,-0.037326,-0.000000,-0.001015,1.570074,0.000000,1.000000,1.100000,0.000000,0.000000,-1.571000,0.000084,1.003168,1.065203,1.463217
3.908000,-0.000084,-0.003170,0.034797,-0.000031,-0.005645,-0.037326,-0.000000,-0.001015,1.570074,0.000000,1.000000,1.100000,0.000000,0.000000,-1.571000,0.000084,1.003170,1.065203,1.463218
3.910000,-0.000084,-0.003171,0.034797,-0.000031,-0.005645,-0.037326,-0.000000,-0.001015,1.570074,0.000000,1.000000,1.100000,0.000000,0.000000,-1.571000,0.000084,1.003171,1.065203,1.463219
3.912000,-0.000084,-0.003173,0.034797,-0.000031,-0.005645,-0.037326,-0.000000,-0.001015,1.570074,0.000000,1.000000,1.100000,0.000000,0.000000,-1.571000,0.000084,1.003173,1.065203,1.463220
3.914000,-0.000084,-0.003175,0.034797,-0.000031,-0.005645,-0.037326,-0.000000,-0.001015,1.570074,0.000000,1.000000,1.100000,0.000000,0.000000,-1.571000,0.000084,1.003175,1.065203,1.463221
3.916000,-0.000084,-0.003177,0.034797,-0.000031,-0.005645,-0.037326,-0.000000,-0.001015,1.570074,0.000000,1.000000,1.100000,0.000000,0.000000,-1.571000,0.000084,1.003177,1.065203,1.463223
3.918000,-0.000084,-0.003178,0.034797,-0.000031,-0.005645,-0.037326,-0.000000,-0.001015,1.570074,0.000000,1.000000,1.100000,0.000000,0.000000,-1.571000,0.000084,1.003178,1.065203,1.463224
3.920000,-0.000084,-0.003180,0.034797,-0.000031,-0.005645,-0.037326,-0.000000,-0.001015,1.570074,0.000000,1.000000,1.100000,0.000000,0.000000,-1.571000,0.000084,1.003180,1.065203,1.463225
3.922000,-0.000084,-0.003182,0.034797,-0.000031,-0.005645,-0.037326,-0.000000,-0.001015,1.570074,0.000000,1.000000,1.100000,0.000000,0.000000,-1.571000,0.000084,1.003182,1.065203,1.463226
3.924000,-0.000084,-0.003183,0.034797,-0.000031,-0.005645,-0.037326,-0.000000,-0.001015,1.570074,0.000000,1.000000,1.100000,0.000000,0.000000,-1.571000,0.000084,1.003183,1.065203,1.463227
3.926000,-0.000084,-0.003185,0.034797,-0.000031,-0.005645,-0.037326,-0.000000,-0.001015,1.570074,0.000000,1.000000,1.100000,0.000000,0.000000,-1.571000,0.000084,1.003185,1.065203,1.463228
3.928000,-0.000084,-0.003187,0.034797,-0.000031,-0.005645,-0.037326,-0.000000,-0.001015,1.570074,0.000000,1.000000,1.100000,0.000000,0.000000,-1.571000,0.000084,1.003187,1.065203,1.463229
3.930000,-0.000084,-0.003188,0.034797,-0.000031,-0.005645,-0.037326,-0.000000,-0.001015,1.570074,0.000000,1.000000,1.100000,0.000000,0.000000,-1.571000,0.000084,1.003188,1.065203,1.463231
3.932000,-0.000084,-0.003190,0.034797,-0.000031,-0.005645,-0.037326,-0.000000,-0.001015,1.570074,0.000000,1.000000,1.100000,0.000000,0.000000,-1.571000,0.000084,1.003190,1.065203,1.463232
3.934000,-0.000084,-0.003192,0.034797,-0.000031,-0.005645,-0.037326,-0.000000,-0.001015,1.570074,0.000000,1.000000,1.100000,0.000000,0.000000,-1.571000,0.000084,1.003192,1.065203,1.463233
3.936000,-0.000084,-0.003193,0.034797,-0.000031,-0.005645,-0.037326,-0.000000,-0.001015,1.570074,0.000000,1.000000,1.100000,0.000000,0.000000,-1.571000,0.000084,1.003193,1.065203,1.463234
3.938000,-0.000084,-0.003195,0.034797,-0.000031,-0.005645,-0.037326,-0.000000,-0.001015,1.570075,0.000000,1.000000,1.100000,0.000000,0.000000,-1.571000,0.000084,1.003195,1.065203,1.463235
3.940000,-0.000084,-0.003197,0.034797,-0.000031,-0.005645,-0.037326,-0.000000,-0.001015,1.570075,0.000000,1.000000,1.100000,0.000000,0.000000,-1.571000,0.000084,1.003197,1.065203,1.463236
3.942000,-0.000085,-0.003198,0.034797,-0.000031,-0.005645,-0.037326,-0.000000,-0.001015,1.570075,0.000000,1.000000,1.100000,0.000000,0.000000,-1.571000,0.000085,1.003198,1.065203,1.463237
3.944000,-0.000085,-0.003200,0.034797,-0.000031,-0.005645,-0.037326,-0.000000,-0.001015,1.570075,0.000000,1.000000,1.100000,0.000000,0.000000,-1.571000,0.000085,1.003200,1.065203,1.463239
3.946000,-0.000085,-0.003202,0.034797,-0.000031,-0.005645,-0.037326,-0.000000,-0.001015,1.570075,0.000000,1.000000,1.100000,0.000000,0.000000,-1.571000,0.000085,1.003202,1.065203,1.463240
3.948000,-0.000085,-0.003203,0.034797,-0.000031,-0.005645,-0.037326,-0.000000,-0.001015,1.570075,0.000000,1.000000,1.100000,0.000000,0.000000,-1.571000,0.000085,1.003203,1.065203,1.463241
3.950000,-0.000085,-0.003205,0.034797,-0.000031,-0.005645,-0.037326,-0.000000,-0.001015,1.570075,0.000000,1.000000,1.100000,0.000000,0.000000,-1.571000,0.000085,1.003205,1.065203,1.463242
3.952000,-0.000085,-0.003207,0.034797,-0.000031,-0.005645,-0.037326,-0.000000,-0.001015,1.570075,0.000000,1.000000,1.100000,0.000000,0.000000,-1.571000,0.000085,1.003207,1.065203,1.463243
3.954000,-0.000085,-0.003208,0.034797,-0.000031,-0.005645,-0.037326,-0.000000,-0.001015,1.570075,0.000000,1.000000,1.100000,0.000000,0.000000,-1.571000,0.000085,1.003208,1.065203,1.463244
3.956000,-0.000085,-0.003210,0.034797,-0.000031,-0.005645,-0.037326,-0.000000,-0.001015,1.570075,0.000000,1.000000,1.100000,0.000000,0.000000,-1.571000,0.000085,1.003210,1.065203,1.463246
3.958000,-0.000085,-0.003212,0.034797,-0.000031,-0.005645,-0.037326,-0.000000,-0.001015,1.570075,0.000000,1.000000,1.100000,0.000000,0.000000,-1.571000,0.000085,1.003212,1.065203,1.463247
3.960000,-0.000085,-0.003213,0.034797,-0.000031,-0.005645,-0.037326,-0.000000,-0.001015,1.570075,0.000000,1.000000,1.100000,0.000000,0.000000,-1.571000,0.000085,1.003213,1.065203,1.463248
3.962000,-0.000085,-0.003215,0.034797,-0.000031,-0.005645,-0.037326,-0.000000,-0.001015,1.570075,0.000000,1.000000,1.100000,0.000000,0.000000,-1.571000,0.000085,1.003215,1.065203,1.463249
3.964000,-0.000085,-0.003217,0.034797,-0.000031,-0.005645,-0.037326,-0.000000,-0.001015,1.570075,0.000000,1.000000,1.100000,0.000000,0.000000,-1.571000,0.000085,1.003217,1.065203,1.463250
3.966000,-0.000085,-0.003218,0.034797,-0.000031,-0.005645,-0.037326,-0.000000,-0.001015,1.570075,0.000000,1.000000,1.100000,0.000000,0.000000,-1.571000,0.000085,1.003218,1.065203,1.463251
3.968000,-0.000085,-0.003220,0.034797,-0.000031,-0.005645,-0.037326,-0.000000,-0.001015,1.570075,0.000000,1.000000,1.100000,0.000000,0.000000,-1.571000,0.000085,1.003220,1.065203,1.463252
3.970000,-0.000085,-0.003222,0.034797,-0.000031,-0.005645,-0.037326,-0.000000,-0.001015,1.570075,0.000000,1.000000,1.100000,0.000000,0.000000,-1.571000,0.000085,1.003222,1.065203,1.463254
3.972000,-0.000085,-0.003223,0.034797,-0.000031,-0.005645,-0.037326,-0.000000,-0.001015,1.570075,0.000000,1.000000,1.100000,0.000000,0.000000,-1.571000,0.000085,1.003223,1.065203,1.463255
3.974000,-0.000085,-0.003225,0.034797,-0.000031,-0.005645,-0.037326,-0.000000,-0.001015,1.570075,0.000000,1.000000,1.100000,0.000000,0.000000,-1.571000,0.000085,1.003225,1.065203,1.463256
3.976000,-0.000085,-0.003227,0.034797,-0.000031,-0.005645,-0.037326,-0.000000,-0.001015,1.570075,0.000000,1.000000,1.100000,0.000000,0.000000,-1.571000,0.000085,1.003227,1.065203,1.463257
3.978000,-0.000085,-0.003228,0.034797,-0.000031,-0.005645,-0.037326,-0.000000,-0.001015,1.570075,0.000000,1.000000,1.100000,0.000000,0.000000,-1.571000,0.000085,1.003228,1.065203,1.463258
3.980000,-0.000085,-0.003230,0.034797,-0.000031,-0.005645,-0.037326,-0.000000,-0.001015,1.570075,0.000000,1.000000,1.100000,0.000000,0.000000,-1.571000,0.000085,1.003230,1.065203,1.463259
3.982000,-0.000085,-0.003232,0.034797,-0.000031,-0.005645,-0.037326,-0.000000,-0.001015,1.570075,0.000000,1.000000,1.100000,0.000000,0.000000,-1.571000,0.000085,1.003232,1.065203,1.463260
3.984000,-0.000085,-0.003233,0.034797,-0.000031,-0.005645,-0.037326,-0.000000,-0.001015,1.570075,0.000000,1.000000,1.100000,0.000000,0.000000,-1.571000,0.000085,1.003233,1.065203,1.463262
3.986000,-0.000085,-0.003235,0.034797,-0.000031,-0.005645,-0.037326,-0.000000,-0.001015,1.570075,0.000000,1.000000,1.100000,0.000000,0.000000,-1.571000,0.000085,1.003235,1.065203,1.463263
3.988000,-0.000086,-0.003237,0.034797,-0.000031,-0.005645,-0.037326,-0.000000,-0.001015,1.570076,0.000000,1.000000,1.100000,0.000000,0.000000,-1.571000,0.000086,1.003237,1.065203,1.463264
3.990000,-0.000086,-0.003238,0.034797,-0.000031,-0.005645,-0.037326,-0.000000,-0.001015,1.570076,0.000000,1.000000,1.100000,0.000000,0.000000,-1.571000,0.000086,1.003238,1.065203,1.463265
3.992000,-0.000086,-0.003240,0.034797,-0.000031,-0.005645,-0.037326,-0.000000,-0.001015,1.570076,0.000000,1.000000,1.100000,0.000000,0.000000,-1.571000,0.000086,1.003240,1.065203,1.463266
3.994000,-0.000086,-0.003242,0.034797,-0.000031,-0.005645,-0.037326,-0.000000,-0.001015,1.570076,0.000000,1.000000,1.100000,0.000000,0.000000,-1.571000,0.000086,1.003242,1.065203,1.463267
3.996000,-0.000086,-0.003243,0.034797,-0.000031,-0.005645,-0.037326,-0.000000,-0.001015,1.570076,0.000000,1.000000,1.100000,0.000000,0.000000,-1.571000,0.000086,1.003243,1.065203,1.463268
3.998000,-0.000086,-0.003245,0.034797,-0.000031,-0.005645,-0.037326,-0.000000,-0.001015,1.570076,0.000000,1.000000,1.100000,0.000000,0.000000,-1.571000,0.000086,1.003245,1.065203,1.463270
4.000000,-0.000086,-0.003247,0.034797,-0.000031,-0.005645,-0.037326,-0.000000,-0.001015,1.570076,0.000000,1.000000,1.100000,0.000000,0.000000,-1.571000,0.000086,1.003247,1.065203,1.463271
4.002000,-0.000086,-0.003249,0.034797,-0.000031,-0.005645,-0.037326,-0.000000,-0.001015,1.570076,0.000000,1.000000,1.100000,0.000000,0.000000,-1.571000,0.000086,1.003249,1.065203,1.463272
4.004000,-0.000086,-0.003250,0.034797,-0.000031,-0.005645,-0.037326,-0.000000,-0.001015,1.570076,0.000000,1.000000,1.100000,0.000000,0.000000,-1.571000,0.000086,1.003250,1.065203,1.463273
4.006000,-0.000086,-0.003252,0.034797,-0.000031,-0.005645,-0.037326,-0.000000,-0.001015,1.570076,0.000000,1.000000,1.100000,0.000000,0.000000,-1.571000,0.000086,1.003252,1.065203,1.463274
4.008000,-0.000086,-0.003254,0.034797,-0.000031,-0.005645,-0.037326,-0.000000,-0.001015,1.570076,0.000000,1.000000,1.100000,0.000000,0.000000,-1.571000,0.000086,1.003254,1.065203,1.463275
4.010000,-0.000086,-0.003255,0.034797,-0.000031,-0.005645,-0.037326,-0.000000,-0.001015,1.570076,0.000000,1.000000,1.100000,0.000000,0.000000,-1.571000,0.000086,1.003255,1.065203,1.463277
4.012000,-0.000086,-0.003257,0.034797,-0.000031,-0.005645,-0.037326,-0.000000,-0.001015,1.570076,0.000000,1.000000,1.100000,0.000000,0.000000,-1.571000,0.000086,1.003257,1.065203,1.463278
4.014000,-0.000086,-0.003259,0.034797,-0.000031,-0.005645,-0.037326,-0.000000,-0.001015,1.570076,0.000000,1.000000,1.100000,0.000000,0.000000,-1.571000,0.000086,1.003259,1.065203,1.463279
4.016000,-0.000086,-0.003260,0.034797,-0.000031,-0.005645,-0.037326,-0.000000,-0.001015,1.570076,0.000000,1.000000,1.100000,0.000000,0.000000,-1.571000,0.000086,1.003260,1.065203,1.463280
4.018000,-0.000086,-0.003262,0.034797,-0.000031,-0.005645,-0.037326,-0.000000,-0.001015,1.570076,0.000000,1.000000,1.100000,0.000000,0.000000,-1.571000,0.000086,1.003262,1.065203,1.463281
4.020000,-0.000086,-0.003264,0.034797,-0.000031,-0.005645,-0.037326,-0.000000,-0.001015,1.570076,0.000000,1.000000,1.100000,0.000000,0.000000,-1.571000,0.000086,1.003264,1.065203,1.463282
4.022000,-0.000086,-0.003265,0.034797,-0.000031,-0.005645,-0.037326,-0.000000,-0.001015,1.570076,0.000000,1.000000,1.100000,0.000000,0.000000,-1.571000,0.000086,1.003265,1.065203,1.463283
4.024000,-0.000086,-0.003267,0.034797,-0.000031,-0.005645,-0.037326,-0.000000,-0.001015,1.570076,0.000000,1.000000,1.100000,0.000000,0.000000,-1.571000,0.000086,1.003267,1.065203,1.463285
4.026000,-0.000086,-0.003269,0.034797,-0.000031,-0.005645,-0.037326,-0.000000,-0.001015,1.570076,0.000000,1.000000,1.100000,0.000000,0.000000,-1.571000,0.000086,1.003269,1.065203,1.463286
4.028000,-0.000086,-0.003270,0.034797,-0.000031,-0.005645,-0.037326,-0.000000,-0.001015,1.570076,0.000000,1.000000,1.100000,0.000000,0.000000,-1.571000,0.000086,1.003270,1.065203,1.463287
4.030000,-0.000086,-0.003272,0.034797,-0.000031,-0.005645,-0.037326,-0.000000,-0.001015,1.570076,0.000000,1.000000,1.100000,0.000000,0.000000,-1.571000,0.000086,1.003272,1.065203,1.463288
4.032000,-0.000087,-0.003274,0.034797,-0.000031,-0.005645,-0.037326,-0.000000,-0.001015,1.570076,0.000000,1.000000,1.100000,0.000000,0.000000,-1.571000,0.000087,1.003274,1.065203,1.463289
4.034000,-0.000087,-0.003275,0.034797,-0.000031,-0.005645,-0.037326,-0.000000,-0.001015,1.570076,0.000000,1.000000,1.100000,0.000000,0.000000,-1.571000,0.000087,1.003275,1.065203,1.463290
4.036000,-0.000087,-0.003277,0.034797,-0.000031,-0.005645,-0.037326,-0.000000,-0.001015,1.570076,0.000000,1.000000,1.100000,0.000000,0.000000,-1.571000,0.000087,1.003277,1.065203,1.463291
4.038000,-0.000087,-0.003279,0.034797,-0.000031,-0.005645,-0.037326,-0.000000,-0.001015,1.570077,0.000000,1.000000,1.100000,0.000000,0.000000,-1.571000,0.000087,1.003279,1.065203,1.463293
4.040000,-0.000087,-0.003280,0.034797,-0.000031,-0.005645,-0.037326,-0.000000,-0.001015,1.570077,0.000000,1.000000,1.100000,0.000000,0.000000,-1.571000,0.000087,1.003280,1.065203,1.463294
4.042000,-0.000087,-0.003282,0.034797,-0.000031,-0.005645,-0.037326,-0.000000,-0.001015,1.570077,0.000000,1.000000,1.100000,0.000000,0.000000,-1.571000,0.000087,1.003282,1.065203,1.463295
4.044000,-0.000087,-0.003284,0.034797,-0.000031,-0.005645,-0.037326,-0.000000,-0.001015,1.570077,0.000000,1.000000,1.100000,0.000000,0.000000,-1.571000,0.000087,1.003284,1.065203,1.463296
4.046000,-0.000087,-0.003285,0.034797,-0.000031,-0.005645,-0.037326,-0.000000,-0.001015,1.570077,0.000000,1.000000,1.100000,0.000000,0.000000,-1.571000,0.000087,1.003285,1.065203,1.463297
4.048000,-0.000087,-0.003287,0.034797,-0.000031,-0.005645,-0.037326,-0.000000,-0.001015,1.570077,0.000000,1.000000,1.100000,0.000000,0.000000,-1.571000,0.000087,1.003287,1.065203,1.463298
4.050000,-0.000087,-0.003289,0.034797,-0.000031,-0.005645,-0.037326,-0.000000,-0.001015,1.570077,0.000000,1.000000,1.100000,0.000000,0.000000,-1.571000,0.000087,1.003289,1.065203,1.463300
4.052000,-0.000087,-0.003290,0.034797,-0.000031,-0.005645,-0.037326,-0.000000,-0.001015,1.570077,0.000000,1.000000,1.100000,0.000000,0.000000,-1.571000,0.000087,1.003290,1.065203,1.463301
4.054000,-0.000087,-0.003292,0.034797,-0.000031,-0.005645,-0.037326,-0.000000,-0.001015,1.570077,0.000000,1.000000,1.100000,0.000000,0.000000,-1.571000,0.000087,1.003292,1.065203,1.463302
4.056000,-0.000087,-0.003294,0.034797,-0.000031,-0.005645,-0.037326,-0.000000,-0.001015,1.570077,0.000000,1.000000,1.100000,0.000000,0.000000,-1.571000,0.000087,1.003294,1.065203,1.463303
4.058000,-0.000087,-0.003295,0.034797,-0.000031,-0.005645,-0.037326,-0.000000,-0.001015,1.570077,0.000000,1.000000,1.100000,0.000000,0.000000,-1.571000,0.000087,1.003295,1.065203,1.463304
4.060000,-0.000087,-0.003297,0.034797,-0.000031,-0.005645,-0.037326,-0.000000,-0.001015,1.570077,0.000000,1.000000,1.100000,0.000000,0.000000,-1.571000,0.000087,1.003297,1.065203,1.463305
4.062000,-0.000087,-0.003299,0.034797,-0.000031,-0.005645,-0.037326,-0.000000,-0.001015,1.570077,0.000000,1.000000,1.100000,0.000000,0.000000,-1.571000,0.000087,1.003299,1.065203,1.463306
4.064000,-0.000087,-0.003300,0.034797,-0.000031,-0.005645,-0.037326,-0.000000,-0.001015,1.570077,0.000000,1.000000,1.100000,0.000000,0.000000,-1.571000,0.000087,1.003300,1.065203,1.463308
4.066000,-0.000087,-0.003302,0.034797,-0.000031,-0.005645,-0.037326,-0.000000,-0.001015,1.570077,0.000000,1.000000,1.100000,0.000000,0.000000,-1.571000,0.000087,1.003302,1.065203,1.463309
4.068000,-0.000087,-0.003304,0.034797,-0.000031,-0.005645,-0.037326,-0.000000,-0.001015,1.570077,0.000000,1.000000,1.100000,0.000000,0.000000,-1.571000,0.000087,1.003304,1.065203,1.463310
4.070000,-0.000087,-0.003305,0.034797,-0.000031,-0.005645,-0.037326,-0.000000,-0.001015,1.570077,0.000000,1.000000,1.100000,0.000000,0.000000,-1.571000,0.000087,1.003305,1.065203,1.463311
4.072000,-0.000087,-0.003307,0.034797,-0.000031,-0.005645,-0.037326,-0.000000,-0.001015,1.570077,0.000000,1.000000,1.100000,0.000000,0.000000,-1.571000,0.000087,1.003307,1.065203,1.463312
4.074000,-0.000087,-0.003309,0.034797,-0.000031,-0.005645,-0.037326,-0.000000,-0.001015,1.570077,0.000000,1.000000,1.100000,0.000000,0.000000,-1.571000,0.000087,1.003309,1.065203,1.463313
4.076000,-0.000088,-0.003310,0.034797,-0.000031,-0.005645,-0.037326,-0.000000,-0.001015,1.570077,0.000000,1.000000,1.100000,0.000000,0.000000,-1.571000,0.000088,1.003310,1.065203,1.463314
4.078000,-0.000088,-0.003312,0.034797,-0.000031,-0.005645,-0.037326,-0.000000,-0.001015,1.570077,0.000000,1.000000,1.100000,0.000000,0.000000,-1.571000,0.000088,1.003312,1.065203,1.463316
4.080000,-0.000088,-0.003314,0.034797,-0.000031,-0.005645,-0.037326,-0.000000,-0.001015,1.570077,0.000000,1.000000,1.100000,0.000000,0.000000,-1.571000,0.000088,1.003314,1.065203,1.463317
4.082000,-0.000088,-0.003316,0.034797,-0.000031,-0.005645,-0.037326,-0.000000,-0.001015,1.570077,0.000000,1.000000,1.100000,0.000000,0.000000,-1.571000,0.000088,1.003316,1.065203,1.463318
4.084000,-0.000088,-0.003317,0.034797,-0.000031,-0.005645,-0.037326,-0.000000,-0.001015,1.570077,0.000000,1.000000,1.100000,0.000000,0.000000,-1.571000,0.000088,1.003317,1.065203,1.463319
4.086000,-0.000088,-0.003319,0.034797,-0.000031,-0.005645,-0.037326,-0.000000,-0.001015,1.570077,0.000000,1.000000,1.100000,0.000000,0.000000,-1.571000,0.000088,1.003319,1.065203,1.463320
4.088000,-0.000088,-0.003321,0.034797,-0.000031,-0.005645,-0.037326,-0.000000,-0.001015,1.570077,0.000000,1.000000,1.100000,0.000000,0.000000,-1.571000,0.000088,1.003321,1.065203,1.463321
4.090000,-0.000088,-0.003322,0.034797,-0.000031,-0.005645,-0.037326,-0.000000,-0.001015,1.570078,0.000000,1.000000,1.100000,0.000000,0.000000,-1.571000,0.000088,1.003322,1.065203,1.463322
4.092000,-0.000088,-0.003324,0.034797,-0.000031,-0.005645,-0.037326,-0.000000,-0.001015,1.570078,0.000000,1.000000,1.100000,0.000000,0.000000,-1.571000,0.000088,1.003324,1.065203,1.463324
4.094000,-0.000088,-0.003326,0.034797,-0.000031,-0.005645,-0.037326,-0.000000,-0.001015,1.570078,0.000000,1.000000,1.100000,0.000000,0.000000,-1.571000,0.000088,1.003326,1.065203,1.463325
4.096000,-0.000088,-0.003327,0.034797,-0.000031,-0.005645,-0.037326,-0.000000,-0.001015,1.570078,0.000000,1.000000,1.100000,0.000000,0.000000,-1.571000,0.000088,1.003327,1.065203,1.463326
4.098000,-0.000088,-0.003329,0.034797,-0.000031,-0.005645,-0.037326,-0.000000,-0.001015,1.570078,0.000000,1.000000,1.100000,0.000000,0.000000,-1.571000,0.000088,1.003329,1.065203,1.463327
4.100000,-0.000088,-0.003331,0.034797,-0.000031,-0.005645,-0.037326,-0.000000,-0.001015,1.570078,0.000000,1.000000,1.100000,0.000000,0.000000,-1.571000,0.000088,1.003331,1.065203,1.463328
4.102000,-0.000088,-0.003332,0.034797,-0.000031,-0.005645,-0.037326,-0.000000,-0.001015,1.570078,0.000000,1.000000,1.100000,0.000000,0.000000,-1.571000,0.000088,1.003332,1.065203,1.463329
4.104000,-0.000088,-0.003334,0.034797,-0.000031,-0.005645,-0.037326,-0.000000,-0.001015,1.570078,0.000000,1.000000,1.100000,0.000000,0.000000,-1.571000,0.000088,1.003334,1.065203,1.463331
4.106000,-0.000088,-0.003336,0.034797,-0.000031,-0.005645,-0.037326,-0.000000,-0.001015,1.570078,0.000000,1.000000,1.100000,0.000000,0.000000,-1.571000,0.000088,1.003336,1.065203,1.463332
4.108000,-0.000088,-0.003337,0.034797,-0.000031,-0.005645,-0.037326,-0.000000,-0.001015,1.570078,0.000000,1.000000,1.100000,0.000000,0.000000,-1.571000,0.000088,1.003337,1.065203,1.463333
4.110000,-0.000088,-0.003339,0.034797,-0.000031,-0.005645,-0.037326,-0.000000,-0.001015,1.570078,0.000000,1.000000,1.100000,0.000000,0.000000,-1.571000,0.000088,1.003339,1.065203,1.463334
4.112000,-0.000088,-0.003341,0.034797,-0.000031,-0.005645,-0.037326,-0.000000,-0.001015,1.570078,0.000000,1.000000,1.100000,0.000000,0.000000,-1.571000,0.000088,1.003341,1.065203,1.463335
4.114000,-0.000088,-0.003342,0.034797,-0.000031,-0.005645,-0.037326,-0.000000,-0.001015,1.570078,0.000000,1.000000,1.100000,0.000000,0.000000,-1.571000,0.000088,1.003342,1.065203,1.463336
4.116000,-0.000088,-0.003344,0.034797,-0.000031,-0.005645,-0.037326,-0.000000,-0.001015,1.570078,0.000000,1.000000,1.100000,0.000000,0.000000,-1.571000,0.000088,1.003344,1.065203,1.463337
4.118000,-0.000088,-0.003346,0.034797,-0.000031,-0.005645,-0.037326,-0.000000,-0.001015,1.570078,0.000000,1.000000,1.100000,0.000000,0.000000,-1.571000,0.000088,1.003346,1.065203,1.463339
4.120000,-0.000088,-0.003347,0.034797,-0.000031,-0.005645,-0.037326,-0.000000,-0.001015,1.570078,0.000000,1.000000,1.100000,0.000000,0.000000,-1.571000,0.000088,1.003347,1.065203,1.463340
4.122000,-0.000089,-0.003349,0.034797,-0.000031,-0.005645,-0.037326,-0.000000,-0.001015,1.570078,0.000000,1.000000,1.100000,0.000000,0.000000,-1.571000,0.000089,1.003349,1.065203,1.463341
4.124000,-0.000089,-0.003351,0.034797,-0.000031,-0.005645,-0.037326,-0.000000,-0.001015,1.570078,0.000000,1.000000,1.100000,0.000000,0.000000,-1.571000,0.000089,1.003351,1.065203,1.463342
4.126000,-0.000089,-0.003352,0.034797,-0.000031,-0.005645,-0.037326,-0.000000,-0.001015,1.570078,0.000000,1.000000,1.100000,0.000000,0.000000,-1.571000,0.000089,1.003352,1.065203,1.463343
4.128000,-0.000089,-0.003354,0.034797,-0.000031,-0.005645,-0.037326,-0.000000,-0.001015,1.570078,0.000000,1.000000,1.100000,0.000000,0.000000,-1.571000,0.000089,1.003354,1.065203,1.463344
4.130000,-0.000089,-0.003356,0.034797,-0.000031,-0.005645,-0.037326,-0.000000,-0.001015,1.570078,0.000000,1.000000,1.100000,0.000000,0.000000,-1.571000,0.000089,1.003356,1.065203,1.463345
4.132000,-0.000089,-0.003357,0.034797,-0.000031,-0.005645,-0.037326,-0.000000,-0.001015,1.570078,0.000000,1.000000,1.100000,0.000000,0.000000,-1.571000,0.000089,1.003357,1.065203,1.463347
4.134000,-0.000089,-0.003359,0.034797,-0.000031,-0.005645,-0.037326,-0.000000,-0.001015,1.570078,0.000000,1.000000,1.100000,0.000000,0.000000,-1.571000,0.000089,1.003359,1.065203,1.463348
4.136000,-0.000089,-0.003361,0.034797,-0.000031,-0.005645,-0.037326,-0.000000,-0.001015,1.570078,0.000000,1.000000,1.100000,0.000000,0.000000,-1.571000,0.000089,1.003361,1.065203,1.463349
4.138000,-0.000089,-0.003362,0.034797,-0.000031,-0.005645,-0.037326,-0.000000,-0.001015,1.570078,0.000000,1.000000,1.100000,0.000000,0.000000,-1.571000,0.000089,1.003362,1.065203,1.463350
4.140000,-0.000089,-0.003364,0.034797,-0.000031,-0.005645,-0.037326,-0.000000,-0.001015,1.570079,0.000000,1.000000,1.100000,0.000000,0.000000,-1.571000,0.000089,1.003364,1.065203,1.463351
4.142000,-0.000089,-0.003366,0.034797,-0.000031,-0.005645,-0.037326,-0.000000,-0.001015,1.570079,0.000000,1.000000,1.100000,0.000000,0.000000,-1.571000,0.000089,1.003366,1.065203,1.463352
4.144000,-0.000089,-0.003367,0.034797,-0.000031,-0.005645,-0.037326,-0.000000,-0.001015,1.570079,0.000000,1.000000,1.100000,0.000000,0.000000,-1.571000,0.000089,1.003367,1.065203,1.463353
4.146000,-0.000089,-0.003369,0.034797,-0.000031,-0.005645,-0.037326,-0.000000,-0.001015,1.570079,0.000000,1.000000,1.100000,0.000000,0.000000,-1.571000,0.000089,1.003369,1.065203,1.463355
4.148000,-0.000089,-0.003371,0.034797,-0.000031,-0.005645,-0.037326,-0.000000,-0.001015,1.570079,0.000000,1.000000,1.100000,0.000000,0.000000,-1.571000,0.000089,1.003371,1.065203,1.463356
4.150000,-0.000089,-0.003372,0.034797,-0.000031,-0.005645,-0.037326,-0.000000,-0.001015,1.570079,0.000000,1.000000,1.100000,0.000000,0.000000,-1.571000,0.000089,1.003372,1.065203,1.463357
4.152000,-0.000089,-0.003374,0.034797,-0.000031,-0.005645,-0.037326,-0.000000,-0.001015,1.570079,0.000000,1.000000,1.100000,0.000000,0.000000,-1.571000,0.000089,1.003374,1.065203,1.463358
4.154000,-0.000089,-0.003376,0.034797,-0.000031,-0.005645,-0.037326,-0.000000,-0.001015,1.570079,0.000000,1.000000,1.100000,0.000000,0.000000,-1.571000,0.000089,1.003376,1.065203,1.463359
4.156000,-0.000089,-0.003377,0.034797,-0.000031,-0.005645,-0.037326,-0.000000,-0.001015,1.570079,0.000000,1.000000,1.100000,0.000000,0.000000,-1.571000,0.000089,1.003377,1.065203,1.463360
4.158000,-0.000089,-0.003379,0.034797,-0.000031,-0.005645,-0.037326,-0.000000,-0.001015,1.570079,0.000000,1.000000,1.100000,0.000000,0.000000,-1.571000,0.000089,1.003379,1.065203,1.463362
4.160000,-0.000089,-0.003381,0.034797,-0.000031,-0.005645,-0.037326,-0.000000,-0.001015,1.570079,0.000000,1.000000,1.100000,0.000000,0.000000,-1.571000,0.000089,1.003381,1.065203,1.463363
4.162000,-0.000089,-0.003382,0.034797,-0.000031,-0.005645,-0.037326,-0.000000,-0.001015,1.570079,0.000000,1.000000,1.100000,0.000000,0.000000,-1.571000,0.000089,1.003382,1.065203,1.463364
4.164000,-0.000089,-0.003384,0.034797,-0.000031,-0.005645,-0.037326,-0.000000,-0.001015,1.570079,0.000000,1.000000,1.100000,0.000000,0.000000,-1.571000,0.000089,1.003384,1.065203,1.463365
4.166000,-0.000090,-0.003386,0.034797,-0.000031,-0.005645,-0.037326,-0.000000,-0.001015,1.570079,0.000000,1.000000,1.100000,0.000000,0.000000,-1.571000,0.000090,1.003386,1.065203,1.463366
4.168000,-0.000090,-0.003388,0.034797,-0.000031,-0.005645,-0.037326,-0.000000,-0.001015,1.570079,0.000000,1.000000,1.100000,0.000000,0.000000,-1.571000,0.000090,1.003388,1.065203,1.463367
4.170000,-0.000090,-0.003389,0.034797,-0.000031,-0.005645,-0.037326,-0.000000,-0.001015,1.570079,0.000000,1.000000,1.100000,0.000000,0.000000,-1.571000,0.000090,1.003389,1.065203,1.463368
4.172000,-0.000090,-0.003391,0.034797,-0.000031,-0.005645,-0.037326,-0.000000,-0.001015,1.570079,0.000000,1.000000,1.100000,0.000000,0.000000,-1.571000,0.000090,1.003391,1.065203,1.463370
4.174000,-0.000090,-0.003393,0.034797,-0.000031,-0.005645,-0.037326,-0.000000,-0.001015,1.570079,0.000000,1.000000,1.100000,0.000000,0.000000,-1.571000,0.000090,1.003393,1.065203,1.463371
4.176000,-0.000090,-0.003394,0.034797,-0.000031,-0.005645,-0.037326,-0.000000,-0.001015,1.570079,0.000000,1.000000,1.100000,0.000000,0.000000,-1.571000,0.000090,1.003394,1.065203,1.463372
4.178000,-0.000090,-0.003396,0.034797,-0.000031,-0.005645,-0.037326,-0.000000,-0.001015,1.570079,0.000000,1.000000,1.100000,0.000000,0.000000,-1.571000,0.000090,1.003396,1.065203,1.463373
4.180000,-0.000090,-0.003398,0.034797,-0.000031,-0.005645,-0.037326,-0.000000,-0.001015,1.570079,0.000000,1.000000,1.100000,0.000000,0.000000,-1.571000,0.000090,1.003398,1.065203,1.463374
4.182000,-0.000090,-0.003399,0.034797,-0.000031,-0.005645,-0.037326,-0.000000,-0.001015,1.570079,0.000000,1.000000,1.100000,0.000000,0.000000,-1.571000,0.000090,1.003399,1.065203,1.463375
4.184000,-0.000090,-0.003401,0.034797,-0.000031,-0.005645,-0.037326,-0.000000,-0.001015,1.570079,0.000000,1.000000,1.100000,0.000000,0.000000,-1.571000,0.000090,1.003401,1.065203,1.463376
4.186000,-0.000090,-0.003403,0.034797,-0.000031,-0.005645,-0.037326,-0.000000,-0.001015,1.570079,0.000000,1.000000,1.100000,0.000000,0.000000,-1.571000,0.000090,1.003403,1.065203,1.463378
4.188000,-0.000090,-0.003404,0.034797,-0.000031,-0.005645,-0.037326,-0.000000,-0.001015,1.570079,0.000000,1.000000,1.100000,0.000000,0.000000,-1.571000,0.000090,1.003404,1.065203,1.463379
4.190000,-0.000090,-0.003406,0.034797,-0.000031,-0.005645,-0.037326,-0.000000,-0.001015,1.570080,0.000000,1.000000,1.100000,0.000000,0.000000,-1.571000,0.000090,1.003406,1.065203,1.463380
4.192000,-0.000090,-0.003408,0.034797,-0.000031,-0.005645,-0.037326,-0.000000,-0.001015,1.570080,0.000000,1.000000,1.100000,0.000000,0.000000,-1.571000,0.000090,1.003408,1.065203,1.463381
4.194000,-0.000090,-0.003409,0.034797,-0.000031,-0.005645,-0.037326,-0.000000,-0.001015,1.570080,0.000000,1.000000,1.100000,0.000000,0.000000,-1.571000,0.000090,1.003409,1.065203,1.463382
4.196000,-0.000090,-0.003411,0.034797,-0.000031,-0.005645,-0.037326,-0.000000,-0.001015,1.570080,0.000000,1.000000,1.100000,0.000000,0.000000,-1.571000,0.000090,1.003411,1.065203,1.463383
4.198000,-0.000090,-0.003413,0.034797,-0.000031,-0.005645,-0.037326,-0.000000,-0.001015,1.570080,0.000000,1.000000,1.100000,0.000000,0.000000,-1.571000,0.000090,1.003413,1.065203,1.463384
4.200000,-0.000090,-0.003414,0.034797,-0.000031,-0.005645,-0.037326,-0.000000,-0.001015,1.570080,0.000000,1.000000,1.100000,0.000000,0.000000,-1.571000,0.000090,1.003414,1.065203,1.463386
4.202000,-0.000090,-0.003416,0.034797,-0.000031,-0.005645,-0.037326,-0.000000,-0.001015,1.570080,0.000000,1.000000,1.100000,0.000000,0.000000,-1.571000,0.000090,1.003416,1.065203,1.463387
4.204000,-0.000090,-0.003418,0.034797,-0.000031,-0.005645,-0.037326,-0.000000,-0.001015,1.570080,0.000000,1.000000,1.100000,0.000000,0.000000,-1.571000,0.000090,1.003418,1.065203,1.463388
4.206000,-0.000090,-0.003419,0.034797,-0.000031,-0.005645,-0.037326,-0.000000,-0.001015,1.570080,0.000000,1.000000,1.100000,0.000000,0.000000,-1.571000,0.000090,1.003419,1.065203,1.463389
4.208000,-0.000090,-0.003421,0.034797,-0.000031,-0.005645,-0.037326,-0.000000,-0.001015,1.570080,0.000000,1.000000,1.100000,0.000000,0.000000,-1.571000,0.000090,1.003421,1.065203,1.463390
4.210000,-0.000091,-0.003423,0.034797,-0.000031,-0.005645,-0.037326,-0.000000,-0.001015,1.570080,0.000000,1.000000,1.100000,0.000000,0.000000,-1.571000,0.000091,1.003423,1.065203,1.463391
4.212000,-0.000091,-0.003424,0.034797,-0.000031,-0.005645,-0.037326,-0.000000,-0.001015,1.570080,0.000000,1.000000,1.100000,0.000000,0.000000,-1.571000,0.000091,1.003424,1.065203,1.463393
4.214000,-0.000091,-0.003426,0.034797,-0.000031,-0.005645,-0.037326,-0.000000,-0.001015,1.570080,0.000000,1.000000,1.100000,0.000000,0.000000,-1.571000,0.000091,1.003426,1.065203,1.463394
4.216000,-0.000091,-0.003428,0.034797,-0.000031,-0.005645,-0.037326,-0.000000,-0.001015,1.570080,0.000000,1.000000,1.100000,0.000000,0.000000,-1.571000,0.000091,1.003428,1.065203,1.463395
4.218000,-0.000091,-0.003429,0.034797,-0.000031,-0.005645,-0.037326,-0.000000,-0.001015,1.570080,0.000000,1.000000,1.100000,0.000000,0.000000,-1.571000,0.000091,1.003429,1.065203,1.463396
4.220000,-0.000091,-0.003431,0.034797,-0.000031,-0.005645,-0.037326,-0.000000,-0.001015,1.570080,0.000000,1.000000,1.100000,0.000000,0.000000,-1.571000,0.000091,1.003431,1.065203,1.463397
4.222000,-0.000091,-0.003433,0.034797,-0.000031,-0.005645,-0.037326,-0.000000,-0.001015,1.570080,0.000000,1.000000,1.100000,0.000000,0.000000,-1.571000,0.000091,1.003433,1.065203,1.463398
4.224000,-0.000091,-0.003434,0.034797,-0.000031,-0.005645,-0.037326,-0.000000,-0.001015,1.570080,0.000000,1.000000,1.100000,0.000000,0.000000,-1.571000,0.000091,1.003434,1.065203,1.463399
4.226000,-0.000091,-0.003436,0.034797,-0.000031,-0.005645,-0.037326,-0.000000,-0.001015,1.570080,0.000000,1.000000,1.100000,0.000000,0.000000,-1.571000,0.000091,1.003436,1.065203,1.463401
4.228000,-0.000091,-0.003438,0.034797,-0.000031,-0.005645,-0.037326,-0.000000,-0.001015,1.570080,0.000000,1.000000,1.100000,0.000000,0.000000,-1.571000,0.000091,1.003438,1.065203,1.463402
4.230000,-0.000091,-0.003439,0.034797,-0.000031,-0.005645,-0.037326,-0.000000,-0.001015,1.570080,0.000000,1.000000,1.100000,0.000000,0.000000,-1.571000,0.000091,1.003439,1.065203,1.463403
4.232000,-0.000091,-0.003441,0.034797,-0.000031,-0.005645,-0.037326,-0.000000,-0.001015,1.570080,0.000000,1.000000,1.100000,0.000000,0.000000,-1.571000,0.000091,1.003441,1.065203,1.463404
4.234000,-0.000091,-0.003443,0.034797,-0.000031,-0.005645,-0.037326,-0.000000,-0.001015,1.570080,0.000000,1.000000,1.100000,0.000000,0.000000,-1.571000,0.000091,1.003443,1.065203,1.463405
4.236000,-0.000091,-0.003444,0.034797,-0.000031,-0.005645,-0.037326,-0.000000,-0.001015,1.570080,0.000000,1.000000,1.100000,0.000000,0.000000,-1.571000,0.000091,1.003444,1.065203,1.463406
4.238000,-0.000091,-0.003446,0.034797,-0.000031,-0.005645,-0.037326,-0.000000,-0.001015,1.570080,0.000000,1.000000,1.100000,0.000000,0.000000,-1.571000,0.000091,1.003446,1.065203,1.463407
4.240000,-0.000091,-0.003448,0.034797,-0.000031,-0.005645,-0.037326,-0.000000,-0.001015,1.570080,0.000000,1.000000,1.100000,0.000000,0.000000,-1.571000,0.000091,1.003448,1.065203,1.463409
4.242000,-0.000091,-0.003449,0.034797,-0.000031,-0.005645,-0.037326,-0.000000,-0.001015,1.570081,0.000000,1.000000,1.100000,0.000000,0.000000,-1.571000,0.000091,1.003449,1.065203,1.463410
4.244000,-0.000091,-0.003451,0.034797,-0.000031,-0.005645,-0.037326,-0.000000,-0.001015,1.570081,0.000000,1.000000,1.100000,0.000000,0.000000,-1.571000,0.000091,1.003451,1.065203,1.463411
4.246000,-0.000091,-0.003453,0.034797,-0.000031,-0.005645,-0.037326,-0.000000,-0.001015,1.570081,0.000000,1.000000,1.100000,0.000000,0.000000,-1.571000,0.000091,1.003453,1.065203,1.463412
4.248000,-0.000091,-0.003455,0.034797,-0.000031,-0.005645,-0.037326,-0.000000,-0.001015,1.570081,0.000000,1.000000,1.100000,0.000000,0.000000,-1.571000,0.000091,1.003455,1.065203,1.463413
4.250000,-0.000091,-0.003456,0.034797,-0.000031,-0.005645,-0.037326,-0.000000,-0.001015,1.570081,0.000000,1.000000,1.100000,0.000000,0.000000,-1.571000,0.000091,1.003456,1.065203,1.463414
4.252000,-0.000091,-0.003458,0.034797,-0.000031,-0.005645,-0.037326,-0.000000,-0.001015,1.570081,0.000000,1.000000,1.100000,0.000000,0.000000,-1.571000,0.000091,1.003458,1.065203,1.463415
4.254000,-0.000092,-0.003460,0.034797,-0.000031,-0.005645,-0.037326,-0.000000,-0.001015,1.570081,0.000000,1.000000,1.100000,0.000000,0.000000,-1.571000,0.000092,1.003460,1.065203,1.463417
4.256000,-0.000092,-0.003461,0.034797,-0.000031,-0.005645,-0.037326,-0.000000,-0.001015,1.570081,0.000000,1.000000,1.100000,0.000000,0.000000,-1.571000,0.000092,1.003461,1.065203,1.463418
4.258000,-0.000092,-0.003463,0.034797,-0.000031,-0.005645,-0.037326,-0.000000,-0.001015,1.570081,0.000000,1.000000,1.100000,0.000000,0.000000,-1.571000,0.000092,1.003463,1.065203,1.463419
4.260000,-0.000092,-0.003465,0.034797,-0.000031,-0.005645,-0.037326,-0.000000,-0.001015,1.570081,0.000000,1.000000,1.100000,0.000000,0.000000,-1.571000,0.000092,1.003465,1.065203,1.463420
4.262000,-0.000092,-0.003466,0.034797,-0.000031,-0.005645,-0.037326,-0.000000,-0.001015,1.570081,0.000000,1.000000,1.100000,0.000000,0.000000,-1.571000,0.000092,1.003466,1.065203,1.463421
4.264000,-0.000092,-0.003468,0.034797,-0.000031,-0.005645,-0.037326,-0.000000,-0.001015,1.570081,0.000000,1.000000,1.100000,0.000000,0.000000,-1.571000,0.000092,1.003468,1.065203,1.463422
4.266000,-0.000092,-0.003470,0.034797,-0.000031,-0.005645,-0.037326,-0.000000,-0.001015,1.570081,0.000000,1.000000,1.100000,0.000000,0.000000,-1.571000,0.000092,1.003470,1.065203,1.463424
4.268000,-0.000092,-0.003471,0.034797,-0.000031,-0.005645,-0.037326,-0.000000,-0.001015,1.570081,0.000000,1.000000,1.100000,0.000000,0.000000,-1.571000,0.000092,1.003471,1.065203,1.463425
4.270000,-0.000092,-0.003473,0.034797,-0.000031,-0.005645,-0.037326,-0.000000,-0.001015,1.570081,0.000000,1.000000,1.100000,0.000000,0.000000,-1.571000,0.000092,1.003473,1.065203,1.463426
4.272000,-0.000092,-0.003475,0.034797,-0.000031,-0.005645,-0.037326,-0.000000,-0.001015,1.570081,0.000000,1.000000,1.100000,0.000000,0.000000,-1.571000,0.000092,1.003475,1.065203,1.463427
4.274000,-0.000092,-0.003476,0.034797,-0.000031,-0.005645,-0.037326,-0.000000,-0.001015,1.570081,0.000000,1.000000,1.100000,0.000000,0.000000,-1.571000,0.000092,1.003476,1.065203,1.463428
4.276000,-0.000092,-0.003478,0.034797,-0.000031,-0.005645,-0.037326,-0.000000,-0.001015,1.570081,0.000000,1.000000,1.100000,0.000000,0.000000,-1.571000,0.000092,1.003478,1.065203,1.463429
4.278000,-0.000092,-0.003480,0.034797,-0.000031,-0.005645,-0.037326,-0.000000,-0.001015,1.570081,0.000000,1.000000,1.100000,0.000000,0.000000,-1.571000,0.000092,1.003480,1.065203,1.463430
4.280000,-0.000092,-0.003481,0.034797,-0.000031,-0.005645,-0.037326,-0.000000,-0.001015,1.570081,0.000000,1.000000,1.100000,0.000000,0.000000,-1.571000,0.000092,1.003481,1.065203,1.463432
4.282000,-0.000092,-0.003483,0.034797,-0.000031,-0.005645,-0.037326,-0.000000,-0.001015,1.570081,0.000000,1.000000,1.100000,0.000000,0.000000,-1.571000,0.000092,1.003483,1.065203,1.463433
4.284000,-0.000092,-0.003485,0.034797,-0.000031,-0.005645,-0.037326,-0.000000,-0.001015,1.570081,0.000000,1.000000,1.100000,0.000000,0.000000,-1.571000,0.000092,1.003485,1.065203,1.463434
4.286000,-0.000092,-0.003486,0.034797,-0.000031,-0.005645,-0.037326,-0.000000,-0.001015,1.570081,0.000000,1.000000,1.100000,0.000000,0.000000,-1.571000,0.000092,1.003486,1.065203,1.463435
4.288000,-0.000092,-0.003488,0.034797,-0.000031,-0.005645,-0.037326,-0.000000,-0.001015,1.570081,0.000000,1.000000,1.100000,0.000000,0.000000,-1.571000,0.000092,1.003488,1.065203,1.463436
4.290000,-0.000092,-0.003490,0.034797,-0.000031,-0.005645,-0.037326,-0.000000,-0.001015,1.570081,0.000000,1.000000,1.100000,0.000000,0.000000,-1.571000,0.000092,1.003490,1.065203,1.463437
4.292000,-0.000092,-0.003491,0.034797,-0.000031,-0.005645,-0.037326,-0.000000,-0.001015,1.570082,0.000000,1.000000,1.100000,0.000000,0.000000,-1.571000,0.000092,1.003491,1.065203,1.463438
4.294000,-0.000092,-0.003493,0.034797,-0.000031,-0.005645,-0.037326,-0.000000,-0.001015,1.570082,0.000000,1.000000,1.100000,0.000000,0.000000,-1.571000,0.000092,1.003493,1.065203,1.463440
4.296000,-0.000092,-0.003495,0.034797,-0.000031,-0.005645,-0.037326,-0.000000,-0.001015,1.570082,0.000000,1.000000,1.100000,0.000000,0.000000,-1.571000,0.000092,1.003495,1.065203,1.463441
4.298000,-0.000092,-0.003496,0.034797,-0.000031,-0.005645,-0.037326,-0.000000,-0.001015,1.570082,0.000000,1.000000,1.100000,0.000000,0.000000,-1.571000,0.000092,1.003496,1.065203,1.463442
4.300000,-0.000093,-0.003498,0.034797,-0.000031,-0.005645,-0.037326,-0.000000,-0.001015,1.570082,0.000000,1.000000,1.100000,0.000000,0.000000,-1.571000,0.000093,1.003498,1.065203,1.463443
4.302000,-0.000093,-0.003500,0.034797,-0.000031,-0.005645,-0.037326,-0.000000,-0.001015,1.570082,0.000000,1.000000,1.100000,0.000000,0.000000,-1.571000,0.000093,1.003500,1.065203,1.463444
4.304000,-0.000093,-0.003501,0.034797,-0.000031,-0.005645,-0.037326,-0.000000,-0.001015,1.570082,0.000000,1.000000,1.100000,0.000000,0.000000,-1.571000,0.000093,1.003501,1.065203,1.463445
4.306000,-0.000093,-0.003503,0.034797,-0.000031,-0.005645,-0.037326,-0.000000,-0.001015,1.570082,0.000000,1.000000,1.100000,0.000000,0.000000,-1.571000,0.000093,1.003503,1.065203,1.463446
4.308000,-0.000093,-0.003505,0.034797,-0.000031,-0.005645,-0.037326,-0.000000,-0.001015,1.570082,0.000000,1.000000,1.100000,0.000000,0.000000,-1.571000,0.000093,1.003505,1.065203,1.463448
4.310000,-0.000093,-0.003506,0.034797,-0.000031,-0.005645,-0.037326,-0.000000,-0.001015,1.570082,0.000000,1.000000,1.100000,0.000000,0.000000,-1.571000,0.000093,1.003506,1.065203,1.463449
4.312000,-0.000093,-0.003508,0.034797,-0.000031,-0.005645,-0.037326,-0.000000,-0.001015,1.570082,0.000000,1.000000,1.100000,0.000000,0.000000,-1.571000,0.000093,1.003508,1.065203,1.463450
4.314000,-0.000093,-0.003510,0.034797,-0.000031,-0.005645,-0.037326,-0.000000,-0.001015,1.570082,0.000000,1.000000,1.100000,0.000000,0.000000,-1.571000,0.000093,1.003510,1.065203,1.463451
4.316000,-0.000093,-0.003511,0.034797,-0.000031,-0.005645,-0.037326,-0.000000,-0.001015,1.570082,0.000000,1.000000,1.100000,0.000000,0.000000,-1.571000,0.000093,1.003511,1.065203,1.463452
4.318000,-0.000093,-0.003513,0.034797,-0.000031,-0.005645,-0.037326,-0.000000,-0.001015,1.570082,0.000000,1.000000,1.100000,0.000000,0.000000,-1.571000,0.000093,1.003513,1.065203,1.463453
4.320000,-0.000093,-0.003515,0.034797,-0.000031,-0.005645,-0.037326,-0.000000,-0.001015,1.570082,0.000000,1.000000,1.100000,0.000000,0.000000,-1.571000,0.000093,1.003515,1.065203,1.463455
4.322000,-0.000093,-0.003516,0.034797,-0.000031,-0.005645,-0.037326,-0.000000,-0.001015,1.570082,0.000000,1.000000,1.100000,0.000000,0.000000,-1.571000,0.000093,1.003516,1.065203,1.463456
4.324000,-0.000093,-0.003518,0.034797,-0.000031,-0.005645,-0.037326,-0.000000,-0.001015,1.570082,0.000000,1.000000,1.100000,0.000000,0.000000,-1.571000,0.000093,1.003518,1.065203,1.463457
4.326000,-0.000093,-0.003520,0.034797,-0.000031,-0.005645,-0.037326,-0.000000,-0.001015,1.570082,0.000000,1.000000,1.100000,0.000000,0.000000,-1.571000,0.000093,1.003520,1.065203,1.463458
4.328000,-0.000093,-0.003521,0.034797,-0.000031,-0.005645,-0.037326,-0.000000,-0.001015,1.570082,0.000000,1.000000,1.100000,0.000000,0.000000,-1.571000,0.000093,1.003521,1.065203,1.463459
4.330000,-0.000093,-0.003523,0.034797,-0.000031,-0.005645,-0.037326,-0.000000,-0.001015,1.570082,0.000000,1.000000,1.100000,0.000000,0.000000,-1.571000,0.000093,1.003523,1.065203,1.463460
4.332000,-0.000093,-0.003525,0.034797,-0.000031,-0.005645,-0.037326,-0.000000,-0.001015,1.570082,0.000000,1.000000,1.100000,0.000000,0.000000,-1.571000,0.000093,1.003525,1.065203,1.463461
4.334000,-0.000093,-0.003527,0.034797,-0.000031,-0.005645,-0.037326,-0.000000,-0.001015,1.570082,0.000000,1.000000,1.100000,0.000000,0.000000,-1.571000,0.000093,1.003527,1.065203,1.463463
4.336000,-0.000093,-0.003528,0.034797,-0.000031,-0.005645,-0.037326,-0.000000,-0.001015,1.570082,0.000000,1.000000,1.100000,0.000000,0.000000,-1.571000,0.000093,1.003528,1.065203,1.463464
4.338000,-0.000093,-0.003530,0.034797,-0.000031,-0.005645,-0.037326,-0.000000,-0.001015,1.570082,0.000000,1.000000,1.100000,0.000000,0.000000,-1.571000,0.000093,1.003530,1.065203,1.463465
4.340000,-0.000093,-0.003532,0.034797,-0.000031,-0.005645,-0.037326,-0.000000,-0.001015,1.570082,0.000000,1.000000,1.100000,0.000000,0.000000,-1.571000,0.000093,1.003532,1.065203,1.463466
4.342000,-0.000093,-0.003533,0.034797,-0.000031,-0.005645,-0.037326,-0.000000,-0.001015,1.570083,0.000000,1.000000,1.100000,0.000000,0.000000,-1.571000,0.000093,1.003533,1.065203,1.463467
4.344000,-0.000094,-0.003535,0.034797,-0.000031,-0.005645,-0.037326,-0.000000,-0.001015,1.570083,0.000000,1.000000,1.100000,0.000000,0.000000,-1.571000,0.000094,1.003535,1.065203,1.463468
4.346000,-0.000094,-0.003537,0.034797,-0.000031,-0.005645,-0.037326,-0.000000,-0.001015,1.570083,0.000000,1.000000,1.100000,0.000000,0.000000,-1.571000,0.000094,1.003537,1.065203,1.463469
4.348000,-0.000094,-0.003538,0.034797,-0.000031,-0.005645,-0.037326,-0.000000,-0.001015,1.570083,0.000000,1.000000,1.100000,0.000000,0.000000,-1.571000,0.000094,1.003538,1.065203,1.463471
4.350000,-0.000094,-0.003540,0.034797,-0.000031,-0.005645,-0.037326,-0.000000,-0.001015,1.570083,0.000000,1.000000,1.100000,0.000000,0.000000,-1.571000,0.000094,1.003540,1.065203,1.463472
4.352000,-0.000094,-0.003542,0.034797,-0.000031,-0.005645,-0.037326,-0.000000,-0.001015,1.570083,0.000000,1.000000,1.100000,0.000000,0.000000,-1.571000,0.000094,1.003542,1.065203,1.463473
4.354000,-0.000094,-0.003543,0.034797,-0.000031,-0.005645,-0.037326,-0.000000,-0.001015,1.570083,0.000000,1.000000,1.100000,0.000000,0.000000,-1.571000,0.000094,1.003543,1.065203,1.463474
4.356000,-0.000094,-0.003545,0.034797,-0.000031,-0.005645,-0.037326,-0.000000,-0.001015,1.570083,0.000000,1.000000,1.100000,0.000000,0.000000,-1.571000,0.000094,1.003545,1.065203,1.463475
4.358000,-0.000094,-0.003547,0.034797,-0.000031,-0.005645,-0.037326,-0.000000,-0.001015,1.570083,0.000000,1.000000,1.100000,0.000000,0.000000,-1.571000,0.000094,1.003547,1.065203,1.463476
4.360000,-0.000094,-0.003548,0.034797,-0.000031,-0.005645,-0.037326,-0.000000,-0.001015,1.570083,0.000000,1.000000,1.100000,0.000000,0.000000,-1.571000,0.000094,1.003548,1.065203,1.463477
4.362000,-0.000094,-0.003550,0.034797,-0.000031,-0.005645,-0.037326,-0.000000,-0.001015,1.570083,0.000000,1.000000,1.100000,0.000000,0.000000,-1.571000,0.000094,1.003550,1.065203,1.463479
4.364000,-0.000094,-0.003552,0.034797,-0.000031,-0.005645,-0.037326,-0.000000,-0.001015,1.570083,0.000000,1.000000,1.100000,0.000000,0.000000,-1.571000,0.000094,1.003552,1.065203,1.463480
4.366000,-0.000094,-0.003553,0.034797,-0.000031,-0.005645,-0.037326,-0.000000,-0.001015,1.570083,0.000000,1.000000,1.100000,0.000000,0.000000,-1.571000,0.000094,1.003553,1.065203,1.463481
4.368000,-0.000094,-0.003555,0.034797,-0.000031,-0.005645,-0.037326,-0.000000,-0.001015,1.570083,0.000000,1.000000,1.100000,0.000000,0.000000,-1.571000,0.000094,1.003555,1.065203,1.463482
4.370000,-0.000094,-0.003557,0.034797,-0.000031,-0.005645,-0.037326,-0.000000,-0.001015,1.570083,0.000000,1.000000,1.100000,0.000000,0.000000,-1.571000,0.000094,1.003557,1.065203,1.463483
4.372000,-0.000094,-0.003558,0.034797,-0.000031,-0.005645,-0.037326,-0.000000,-0.001015,1.570083,0.000000,1.000000,1.100000,0.000000,0.000000,-1.571000,0.000094,1.003558,1.065203,1.463484
4.374000,-0.000094,-0.003560,0.034797,-0.000031,-0.005645,-0.037326,-0.000000,-0.001015,1.570083,0.000000,1.000000,1.100000,0.000000,0.000000,-1.571000,0.000094,1.003560,1.065203,1.463486
4.376000,-0.000094,-0.003562,0.034797,-0.000031,-0.005645,-0.037326,-0.000000,-0.001015,1.570083,0.000000,1.000000,1.100000,0.000000,0.000000,-1.571000,0.000094,1.003562,1.065203,1.463487
4.378000,-0.000094,-0.003563,0.034797,-0.000031,-0.005645,-0.037326,-0.000000,-0.001015,1.570083,0.000000,1.000000,1.100000,0.000000,0.000000,-1.571000,0.000094,1.003563,1.065203,1.463488
4.380000,-0.000094,-0.003565,0.034797,-0.000031,-0.005645,-0.037326,-0.000000,-0.001015,1.570083,0.000000,1.000000,1.100000,0.000000,0.000000,-1.571000,0.000094,1.003565,1.065203,1.463489
4.382000,-0.000094,-0.003567,0.034797,-0.000031,-0.005645,-0.037326,-0.000000,-0.001015,1.570083,0.000000,1.000000,1.100000,0.000000,0.000000,-1.571000,0.000094,1.003567,1.065203,1.463490
4.384000,-0.000094,-0.003568,0.034797,-0.000031,-0.005645,-0.037326,-0.000000,-0.001015,1.570083,0.000000,1.000000,1.100000,0.000000,0.000000,-1.571000,0.000094,1.003568,1.065203,1.463491
4.386000,-0.000094,-0.003570,0.034797,-0.000031,-0.005645,-0.037326,-0.000000,-0.001015,1.570083,0.000000,1.000000,1.100000,0.000000,0.000000,-1.571000,0.000094,1.003570,1.065203,1.463492
4.388000,-0.000095,-0.003572,0.034797,-0.000031,-0.005645,-0.037326,-0.000000,-0.001015,1.570083,0.000000,1.000000,1.100000,0.000000,0.000000,-1.571000,0.000095,1.003572,1.065203,1.463494
4.390000,-0.000095,-0.003573,0.034797,-0.000031,-0.005645,-0.037326,-0.000000,-0.001015,1.570083,0.000000,1.000000,1.100000,0.000000,0.000000,-1.571000,0.000095,1.003573,1.065203,1.463495
4.392000,-0.000095,-0.003575,0.034797,-0.000031,-0.005645,-0.037326,-0.000000,-0.001015,1.570083,0.000000,1.000000,1.100000,0.000000,0.000000,-1.571000,0.000095,1.003575,1.065203,1.463496
4.394000,-0.000095,-0.003577,0.034797,-0.000031,-0.005645,-0.037326,-0.000000,-0.001015,1.570084,0.000000,1.000000,1.100000,0.000000,0.000000,-1.571000,0.000095,1.003577,1.065203,1.463497
4.396000,-0.000095,-0.003578,0.034797,-0.000031,-0.005645,-0.037326,-0.000000,-0.001015,1.570084,0.000000,1.000000,1.100000,0.000000,0.000000,-1.571000,0.000095,1.003578,1.065203,1.463498
4.398000,-0.000095,-0.003580,0.034797,-0.000031,-0.005645,-0.037326,-0.000000,-0.001015,1.570084,0.000000,1.000000,1.100000,0.000000,0.000000,-1.571000,0.000095,1.003580,1.065203,1.463499
4.400000,-0.000095,-0.003582,0.034797,-0.000031,-0.005645,-0.037326,-0.000000,-0.001015,1.570084,0.000000,1.000000,1.100000,0.000000,0.000000,-1.571000,0.000095,1.003582,1.065203,1.463500
4.402000,-0.000095,-0.003583,0.034797,-0.000031,-0.005645,-0.037326,-0.000000,-0.001015,1.570084,0.000000,1.000000,1.100000,0.000000,0.000000,-1.571000,0.000095,1.003583,1.065203,1.463502
4.404000,-0.000095,-0.003585,0.034797,-0.000031,-0.005645,-0.037326,-0.000000,-0.001015,1.570084,0.000000,1.000000,1.100000,0.000000,0.000000,-1.571000,0.000095,1.003585,1.065203,1.463503
4.406000,-0.000095,-0.003587,0.034797,-0.000031,-0.005645,-0.037326,-0.000000,-0.001015,1.570084,0.000000,1.000000,1.100000,0.000000,0.000000,-1.571000,0.000095,1.003587,1.065203,1.463504
4.408000,-0.000095,-0.003588,0.034797,-0.000031,-0.005645,-0.037326,-0.000000,-0.001015,1.570084,0.000000,1.000000,1.100000,0.000000,0.000000,-1.571000,0.000095,1.003588,1.065203,1.463505
4.410000,-0.000095,-0.003590,0.034797,-0.000031,-0.005645,-0.037326,-0.000000,-0.001015,1.570084,0.000000,1.000000,1.100000,0.000000,0.000000,-1.571000,0.000095,1.003590,1.065203,1.463506
4.412000,-0.000095,-0.003592,0.034797,-0.000031,-0.005645,-0.037326,-0.000000,-0.001015,1.570084,0.000000,1.000000,1.100000,0.000000,0.000000,-1.571000,0.000095,1.003592,1.065203,1.463507
4.414000,-0.000095,-0.003594,0.034797,-0.000031,-0.005645,-0.037326,-0.000000,-0.001015,1.570084,0.000000,1.000000,1.100000,0.000000,0.000000,-1.571000,0.000095,1.003594,1.065203,1.463508
4.416000,-0.000095,-0.003595,0.034797,-0.000031,-0.005645,-0.037326,-0.000000,-0.001015,1.570084,0.000000,1.000000,1.100000,0.000000,0.000000,-1.571000,0.000095,1.003595,1.065203,1.463510
4.418000,-0.000095,-0.003597,0.034797,-0.000031,-0.005645,-0.037326,-0.000000,-0.001015,1.570084,0.000000,1.000000,1.100000,0.000000,0.000000,-1.571000,0.000095,1.003597,1.065203,1.463511
4.420000,-0.000095,-0.003599,0.034797,-0.000031,-0.005645,-0.037326,-0.000000,-0.001015,1.570084,0.000000,1.000000,1.100000,0.000000,0.000000,-1.571000,0.000095,1.003599,1.065203,1.463512
4.422000,-0.000095,-0.003600,0.034797,-0.000031,-0.005645,-0.037326,-0.000000,-0.001015,1.570084,0.000000,1.000000,1.100000,0.000000,0.000000,-1.571000,0.000095,1.003600,1.065203,1.463513
4.424000,-0.000095,-0.003602,0.034797,-0.000031,-0.005645,-0.037326,-0.000000,-0.001015,1.570084,0.000000,1.000000,1.100000,0.000000,0.000000,-1.571000,0.000095,1.003602,1.065203,1.463514
4.426000,-0.000095,-0.003604,0.034797,-0.000031,-0.005645,-0.037326,-0.000000,-0.001015,1.570084,0.000000,1.000000,1.100000,0.000000,0.000000,-1.571000,0.000095,1.003604,1.065203,1.463515
4.428000,-0.000095,-0.003605,0.034797,-0.000031,-0.005645,-0.037326,-0.000000,-0.001015,1.570084,0.000000,1.000000,1.100000,0.000000,0.000000,-1.571000,0.000095,1.003605,1.065203,1.463517
4.430000,-0.000095,-0.003607,0.034797,-0.000031,-0.005645,-0.037326,-0.000000,-0.001015,1.570084,0.000000,1.000000,1.100000,0.000000,0.000000,-1.571000,0.000095,1.003607,1.065203,1.463518
4.432000,-0.000096,-0.003609,0.034797,-0.000031,-0.005645,-0.037326,-0.000000,-0.001015,1.570084,0.000000,1.000000,1.100000,0.000000,0.000000,-1.571000,0.000096,1.003609,1.065203,1.463519
4.434000,-0.000096,-0.003610,0.034797,-0.000031,-0.005645,-0.037326,-0.000000,-0.001015,1.570084,0.000000,1.000000,1.100000,0.000000,0.000000,-1.571000,0.000096,1.003610,1.065203,1.463520
4.436000,-0.000096,-0.003612,0.034797,-0.000031,-0.005645,-0.037326,-0.000000,-0.001015,1.570084,0.000000,1.000000,1.100000,0.000000,0.000000,-1.571000,0.000096,1.003612,1.065203,1.463521
4.438000,-0.000096,-0.003614,0.034797,-0.000031,-0.005645,-0.037326,-0.000000,-0.001015,1.570084,0.000000,1.000000,1.100000,0.000000,0.000000,-1.571000,0.000096,1.003614,1.065203,1.463522
4.440000,-0.000096,-0.003615,0.034797,-0.000031,-0.005645,-0.037326,-0.000000,-0.001015,1.570084,0.000000,1.000000,1.100000,0.000000,0.000000,-1.571000,0.000096,1.003615,1.065203,1.463523
4.442000,-0.000096,-0.003617,0.034797,-0.000031,-0.005645,-0.037326,-0.000000,-0.001015,1.570084,0.000000,1.000000,1.100000,0.000000,0.000000,-1.571000,0.000096,1.003617,1.065203,1.463525
4.444000,-0.000096,-0.003619,0.034797,-0.000031,-0.005645,-0.037326,-0.000000,-0.001015,1.570085,0.000000,1.000000,1.100000,0.000000,0.000000,-1.571000,0.000096,1.003619,1.065203,1.463526
4.446000,-0.000096,-0.003620,0.034797,-0.000031,-0.005645,-0.037326,-0.000000,-0.001015,1.570085,0.000000,1.000000,1.100000,0.000000,0.000000,-1.571000,0.000096,1.003620,1.065203,1.463527
4.448000,-0.000096,-0.003622,0.034797,-0.000031,-0.005645,-0.037326,-0.000000,-0.001015,1.570085,0.000000,1.000000,1.100000,0.000000,0.000000,-1.571000,0.000096,1.003622,1.065203,1.463528
4.450000,-0.000096,-0.003624,0.034797,-0.000031,-0.005645,-0.037326,-0.000000,-0.001015,1.570085,0.000000,1.000000,1.100000,0.000000,0.000000,-1.571000,0.000096,1.003624,1.065203,1.463529
4.452000,-0.000096,-0.003625,0.034797,-0.000031,-0.005645,-0.037326,-0.000000,-0.001015,1.570085,0.000000,1.000000,1.100000,0.000000,0.000000,-1.571000,0.000096,1.003625,1.065203,1.463530
4.454000,-0.000096,-0.003627,0.034797,-0.000031,-0.005645,-0.037326,-0.000000,-0.001015,1.570085,0.000000,1.000000,1.100000,0.000000,0.000000,-1.571000,0.000096,1.003627,1.065203,1.463531
4.456000,-0.000096,-0.003629,0.034797,-0.000031,-0.005645,-0.037326,-0.000000,-0.001015,1.570085,0.000000,1.000000,1.100000,0.000000,0.000000,-1.571000,0.000096,1.003629,1.065203,1.463533
4.458000,-0.000096,-0.003630,0.034797,-0.000031,-0.005645,-0.037326,-0.000000,-0.001015,1.570085,0.000000,1.000000,1.100000,0.000000,0.000000,-1.571000,0.000096,1.003630,1.065203,1.463534
4.460000,-0.000096,-0.003632,0.034797,-0.000031,-0.005645,-0.037326,-0.000000,-0.001015,1.570085,0.000000,1.000000,1.100000,0.000000,0.000000,-1.571000,0.000096,1.003632,1.065203,1.463535
4.462000,-0.000096,-0.003634,0.034797,-0.000031,-0.005645,-0.037326,-0.000000,-0.001015,1.570085,0.000000,1.000000,1.100000,0.000000,0.000000,-1.571000,0.000096,1.003634,1.065203,1.463536
4.464000,-0.000096,-0.003635,0.034797,-0.000031,-0.005645,-0.037326,-0.000000,-0.001015,1.570085,0.000000,1.000000,1.100000,0.000000,0.000000,-1.571000,0.000096,1.003635,1.065203,1.463537
4.466000,-0.000096,-0.003637,0.034797,-0.000031,-0.005645,-0.037326,-0.000000,-0.001015,1.570085,0.000000,1.000000,1.100000,0.000000,0.000000,-1.571000,0.000096,1.003637,1.065203,1.463538
4.468000,-0.000096,-0.003639,0.034797,-0.000031,-0.005645,-0.037326,-0.000000,-0.001015,1.570085,0.000000,1.000000,1.100000,0.000000,0.000000,-1.571000,0.000096,1.003639,1.065203,1.463540
4.470000,-0.000096,-0.003640,0.034797,-0.000031,-0.005645,-0.037326,-0.000000,-0.001015,1.570085,0.000000,1.000000,1.100000,0.000000,0.000000,-1.571000,0.000096,1.003640,1.065203,1.463541
4.472000,-0.000096,-0.003642,0.034797,-0.000031,-0.005645,-0.037326,-0.000000,-0.001015,1.570085,0.000000,1.000000,1.100000,0.000000,0.000000,-1.571000,0.000096,1.003642,1.065203,1.463542
4.474000,-0.000096,-0.003644,0.034797,-0.000031,-0.005645,-0.037326,-0.000000,-0.001015,1.570085,0.000000,1.000000,1.100000,0.000000,0.000000,-1.571000,0.000096,1.003644,1.065203,1.463543
4.476000,-0.000096,-0.003645,0.034797,-0.000031,-0.005645,-0.037326,-0.000000,-0.001015,1.570085,0.000000,1.000000,1.100000,0.000000,0.000000,-1.571000,0.000096,1.003645,1.065203,1.463544
4.478000,-0.000097,-0.003647,0.034797,-0.000031,-0.005645,-0.037326,-0.000000,-0.001015,1.570085,0.000000,1.000000,1.100000,0.000000,0.000000,-1.571000,0.000097,1.003647,1.065203,1.463545
4.480000,-0.000097,-0.003649,0.034797,-0.000031,-0.005645,-0.037326,-0.000000,-0.001015,1.570085,0.000000,1.000000,1.100000,0.000000,0.000000,-1.571000,0.000097,1.003649,1.065203,1.463546
4.482000,-0.000097,-0.003650,0.034797,-0.000031,-0.005645,-0.037326,-0.000000,-0.001015,1.570085,0.000000,1.000000,1.100000,0.000000,0.000000,-1.571000,0.000097,1.003650,1.065203,1.463548
4.484000,-0.000097,-0.003652,0.034797,-0.000031,-0.005645,-0.037326,-0.000000,-0.001015,1.570085,0.000000,1.000000,1.100000,0.000000,0.000000,-1.571000,0.000097,1.003652,1.065203,1.463549
4.486000,-0.000097,-0.003654,0.034797,-0.000031,-0.005645,-0.037326,-0.000000,-0.001015,1.570085,0.000000,1.000000,1.100000,0.000000,0.000000,-1.571000,0.000097,1.003654,1.065203,1.463550
4.488000,-0.000097,-0.003655,0.034797,-0.000031,-0.005645,-0.037326,-0.000000,-0.001015,1.570085,0.000000,1.000000,1.100000,0.000000,0.000000,-1.571000,0.000097,1.003655,1.065203,1.463551
4.490000,-0.000097,-0.003657,0.034797,-0.000031,-0.005645,-0.037326,-0.000000,-0.001015,1.570085,0.000000,1.000000,1.100000,0.000000,0.000000,-1.571000,0.000097,1.003657,1.065203,1.463552
4.492000,-0.000097,-0.003659,0.034797,-0.000031,-0.005645,-0.037326,-0.000000,-0.001015,1.570085,0.000000,1.000000,1.100000,0.000000,0.000000,-1.571000,0.000097,1.003659,1.065203,1.463553
4.494000,-0.000097,-0.003660,0.034797,-0.000031,-0.005645,-0.037326,-0.000000,-0.001015,1.570086,0.000000,1.000000,1.100000,0.000000,0.000000,-1.571000,0.000097,1.003660,1.065203,1.463554
4.496000,-0.000097,-0.003662,0.034797,-0.000031,-0.005645,-0.037326,-0.000000,-0.001015,1.570086,0.000000,1.000000,1.100000,0.000000,0.000000,-1.571000,0.000097,1.003662,1.065203,1.463556
4.498000,-0.000097,-0.003664,0.034797,-0.000031,-0.005645,-0.037326,-0.000000,-0.001015,1.570086,0.000000,1.000000,1.100000,0.000000,0.000000,-1.571000,0.000097,1.003664,1.065203,1.463557
4.500000,-0.000097,-0.003666,0.034797,-0.000031,-0.005645,-0.037326,-0.000000,-0.001015,1.570086,0.000000,1.000000,1.100000,0.000000,0.000000,-1.571000,0.000097,1.003666,1.065203,1.463558
4.502000,-0.000097,-0.003667,0.034797,-0.000031,-0.005645,-0.037326,-0.000000,-0.001015,1.570086,0.000000,1.000000,1.100000,0.000000,0.000000,-1.571000,0.000097,1.003667,1.065203,1.463559
4.504000,-0.000097,-0.003669,0.034797,-0.000031,-0.005645,-0.037326,-0.000000,-0.001015,1.570086,0.000000,1.000000,1.100000,0.000000,0.000000,-1.571000,0.000097,1.003669,1.065203,1.463560
4.506000,-0.000097,-0.003671,0.034797,-0.000031,-0.005645,-0.037326,-0.000000,-0.001015,1.570086,0.000000,1.000000,1.100000,0.000000,0.000000,-1.571000,0.000097,1.003671,1.065203,1.463561
4.508000,-0.000097,-0.003672,0.034797,-0.000031,-0.005645,-0.037326,-0.000000,-0.001015,1.570086,0.000000,1.000000,1.100000,0.000000,0.000000,-1.571000,0.000097,1.003672,1.065203,1.463562
4.510000,-0.000097,-0.003674,0.034797,-0.000031,-0.005645,-0.037326,-0.000000,-0.001015,1.570086,0.000000,1.000000,1.100000,0.000000,0.000000,-1.571000,0.000097,1.003674,1.065203,1.463564
4.512000,-0.000097,-0.003676,0.034797,-0.000031,-0.005645,-0.037326,-0.000000,-0.001015,1.570086,0.000000,1.000000,1.100000,0.000000,0.000000,-1.571000,0.000097,1.003676,1.065203,1.463565
4.514000,-0.000097,-0.003677,0.034797,-0.000031,-0.005645,-0.037326,-0.000000,-0.001015,1.570086,0.000000,1.000000,1.100000,0.000000,0.000000,-1.571000,0.000097,1.003677,1.065203,1.463566
4.516000,-0.000097,-0.003679,0.034797,-0.000031,-0.005645,-0.037326,-0.000000,-0.001015,1.570086,0.000000,1.000000,1.100000,0.000000,0.000000,-1.571000,0.000097,1.003679,1.065203,1.463567
4.518000,-0.000097,-0.003681,0.034797,-0.000031,-0.005645,-0.037326,-0.000000,-0.001015,1.570086,0.000000,1.000000,1.100000,0.000000,0.000000,-1.571000,0.000097,1.003681,1.065203,1.463568
4.520000,-0.000097,-0.003682,0.034797,-0.000031,-0.005645,-0.037326,-0.000000,-0.001015,1.570086,0.000000,1.000000,1.100000,0.000000,0.000000,-1.571000,0.000097,1.003682,1.065203,1.463569
4.522000,-0.000098,-0.003684,0.034797,-0.000031,-0.005645,-0.037326,-0.000000,-0.001015,1.570086,0.000000,1.000000,1.100000,0.000000,0.000000,-1.571000,0.000098,1.003684,1.065203,1.463571
4.524000,-0.000098,-0.003686,0.034797,-0.000031,-0.005645,-0.037326,-0.000000,-0.001015,1.570086,0.000000,1.000000,1.100000,0.000000,0.000000,-1.571000,0.000098,1.003686,1.065203,1.463572
4.526000,-0.000098,-0.003687,0.034797,-0.000031,-0.005645,-0.037326,-0.000000,-0.001015,1.570086,0.000000,1.000000,1.100000,0.000000,0.000000,-1.571000,0.000098,1.003687,1.065203,1.463573
4.528000,-0.000098,-0.003689,0.034797,-0.000031,-0.005645,-0.037326,-0.000000,-0.001015,1.570086,0.000000,1.000000,1.100000,0.000000,0.000000,-1.571000,0.000098,1.003689,1.065203,1.463574
4.530000,-0.000098,-0.003691,0.034797,-0.000031,-0.005645,-0.037326,-0.000000,-0.001015,1.570086,0.000000,1.000000,1.100000,0.000000,0.000000,-1.571000,0.000098,1.003691,1.065203,1.463575
4.532000,-0.000098,-0.003692,0.034797,-0.000031,-0.005645,-0.037326,-0.000000,-0.001015,1.570086,0.000000,1.000000,1.100000,0.000000,0.000000,-1.571000,0.000098,1.003692,1.065203,1.463576
4.534000,-0.000098,-0.003694,0.034797,-0.000031,-0.005645,-0.037326,-0.000000,-0.001015,1.570086,0.000000,1.000000,1.100000,0.000000,0.000000,-1.571000,0.000098,1.003694,1.065203,1.463577
4.536000,-0.000098,-0.003696,0.034797,-0.000031,-0.005645,-0.037326,-0.000000,-0.001015,1.570086,0.000000,1.000000,1.100000,0.000000,0.000000,-1.571000,0.000098,1.003696,1.065203,1.463579
4.538000,-0.000098,-0.003697,0.034797,-0.000031,-0.005645,-0.037326,-0.000000,-0.001015,1.570086,0.000000,1.000000,1.100000,0.000000,0.000000,-1.571000,0.000098,1.003697,1.065203,1.463580
4.540000,-0.000098,-0.003699,0.034797,-0.000031,-0.005645,-0.037326,-0.000000,-0.001015,1.570086,0.000000,1.000000,1.100000,0.000000,0.000000,-1.571000,0.000098,1.003699,1.065203,1.463581
4.542000,-0.000098,-0.003701,0.034797,-0.000031,-0.005645,-0.037326,-0.000000,-0.001015,1.570086,0.000000,1.000000,1.100000,0.000000,0.000000,-1.571000,0.000098,1.003701,1.065203,1.463582
4.544000,-0.000098,-0.003702,0.034797,-0.000031,-0.005645,-0.037326,-0.000000,-0.001015,1.570086,0.000000,1.000000,1.100000,0.000000,0.000000,-1.571000,0.000098,1.003702,1.065203,1.463583
4.546000,-0.000098,-0.003704,0.034797,-0.000031,-0.005645,-0.037326,-0.000000,-0.001015,1.570087,0.000000,1.000000,1.100000,0.000000,0.000000,-1.571000,0.000098,1.003704,1.065203,1.463584
4.548000,-0.000098,-0.003706,0.034797,-0.000031,-0.005645,-0.037326,-0.000000,-0.001015,1.570087,0.000000,1.000000,1.100000,0.000000,0.000000,-1.571000,0.000098,1.003706,1.065203,1.463585
4.550000,-0.000098,-0.003707,0.034797,-0.000031,-0.005645,-0.037326,-0.000000,-0.001015,1.570087,0.000000,1.000000,1.100000,0.000000,0.000000,-1.571000,0.000098,1.003707,1.065203,1.463587
4.552000,-0.000098,-0.003709,0.034797,-0.000031,-0.005645,-0.037326,-0.000000,-0.001015,1.570087,0.000000,1.000000,1.100000,0.000000,0.000000,-1.571000,0.000098,1.003709,1.065203,1.463588
4.554000,-0.000098,-0.003711,0.034797,-0.000031,-0.005645,-0.037326,-0.000000,-0.001015,1.570087,0.000000,1.000000,1.100000,0.000000,0.000000,-1.571000,0.000098,1.003711,1.065203,1.463589
4.556000,-0.000098,-0.003712,0.034797,-0.000031,-0.005645,-0.037326,-0.000000,-0.001015,1.570087,0.000000,1.000000,1.100000,0.000000,0.000000,-1.571000,0.000098,1.003712,1.065203,1.463590
4.558000,-0.000098,-0.003714,0.034797,-0.000031,-0.005645,-0.037326,-0.000000,-0.001015,1.570087,0.000000,1.000000,1.100000,0.000000,0.000000,-1.571000,0.000098,1.003714,1.065203,1.463591
4.560000,-0.000098,-0.003716,0.034797,-0.000031,-0.005645,-0.037326,-0.000000,-0.001015,1.570087,0.000000,1.000000,1.100000,0.000000,0.000000,-1.571000,0.000098,1.003716,1.065203,1.463592
4.562000,-0.000098,-0.003717,0.034797,-0.000031,-0.005645,-0.037326,-0.000000,-0.001015,1.570087,0.000000,1.000000,1.100000,0.000000,0.000000,-1.571000,0.000098,1.003717,1.065203,1.463593
4.564000,-0.000098,-0.003719,0.034797,-0.000031,-0.005645,-0.037326,-0.000000,-0.001015,1.570087,0.000000,1.000000,1.100000,0.000000,0.000000,-1.571000,0.000098,1.003719,1.065203,1.463595
4.566000,-0.000099,-0.003721,0.034797,-0.000031,-0.005645,-0.037326,-0.000000,-0.001015,1.570087,0.000000,1.000000,1.100000,0.000000,0.000000,-1.571000,0.000099,1.003721,1.065203,1.463596
4.568000,-0.000099,-0.003722,0.034797,-0.000031,-0.005645,-0.037326,-0.000000,-0.001015,1.570087,0.000000,1.000000,1.100000,0.000000,0.000000,-1.571000,0.000099,1.003722,1.065203,1.463597
4.570000,-0.000099,-0.003724,0.034797,-0.000031,-0.005645,-0.037326,-0.000000,-0.001015,1.570087,0.000000,1.000000,1.100000,0.000000,0.000000,-1.571000,0.000099,1.003724,1.065203,1.463598
4.572000,-0.000099,-0.003726,0.034797,-0.000031,-0.005645,-0.037326,-0.000000,-0.001015,1.570087,0.000000,1.000000,1.100000,0.000000,0.000000,-1.571000,0.000099,1.003726,1.065203,1.463599
4.574000,-0.000099,-0.003727,0.034797,-0.000031,-0.005645,-0.037326,-0.000000,-0.001015,1.570087,0.000000,1.000000,1.100000,0.000000,0.000000,-1.571000,0.000099,1.003727,1.065203,1.463600
4.576000,-0.000099,-0.003729,0.034797,-0.000031,-0.005645,-0.037326,-0.000000,-0.001015,1.570087,0.000000,1.000000,1.100000,0.000000,0.000000,-1.571000,0.000099,1.003729,1.065203,1.463602
4.578000,-0.000099,-0.003731,0.034797,-0.000031,-0.005645,-0.037326,-0.000000,-0.001015,1.570087,0.000000,1.000000,1.100000,0.000000,0.000000,-1.571000,0.000099,1.003731,1.065203,1.463603
4.580000,-0.000099,-0.003733,0.034797,-0.000031,-0.005645,-0.037326,-0.000000,-0.001015,1.570087,0.000000,1.000000,1.100000,0.000000,0.000000,-1.571000,0.000099,1.003733,1.065203,1.463604
4.582000,-0.000099,-0.003734,0.034797,-0.000031,-0.005645,-0.037326,-0.000000,-0.001015,1.570087,0.000000,1.000000,1.100000,0.000000,0.000000,-1.571000,0.000099,1.003734,1.065203,1.463605
4.584000,-0.000099,-0.003736,0.034797,-0.000031,-0.005645,-0.037326,-0.000000,-0.001015,1.570087,0.000000,1.000000,1.100000,0.000000,0.000000,-1.571000,0.000099,1.003736,1.065203,1.463606
4.586000,-0.000099,-0.003738,0.034797,-0.000031,-0.005645,-0.037326,-0.000000,-0.001015,1.570087,0.000000,1.000000,1.100000,0.000000,0.000000,-1.571000,0.000099,1.003738,1.065203,1.463607
4.588000,-0.000099,-0.003739,0.034797,-0.000031,-0.005645,-0.037326,-0.000000,-0.001015,1.570087,0.000000,1.000000,1.100000,0.000000,0.000000,-1.571000,0.000099,1.003739,1.065203,1.463608
4.590000,-0.000099,-0.003741,0.034797,-0.000031,-0.005645,-0.037326,-0.000000,-0.001015,1.570087,0.000000,1.000000,1.100000,0.000000,0.000000,-1.571000,0.000099,1.003741,1.065203,1.463610
4.592000,-0.000099,-0.003743,0.034797,-0.000031,-0.005645,-0.037326,-0.000000,-0.001015,1.570087,0.000000,1.000000,1.100000,0.000000,0.000000,-1.571000,0.000099,1.003743,1.065203,1.463611
4.594000,-0.000099,-0.003744,0.034797,-0.000031,-0.005645,-0.037326,-0.000000,-0.001015,1.570087,0.000000,1.000000,1.100000,0.000000,0.000000,-1.571000,0.000099,1.003744,1.065203,1.463612
4.596000,-0.000099,-0.003746,0.034797,-0.000031,-0.005645,-0.037326,-0.000000,-0.001015,1.570088,0.000000,1.000000,1.100000,0.000000,0.000000,-1.571000,0.000099,1.003746,1.065203,1.463613
4.598000,-0.000099,-0.003748,0.034797,-0.000031,-0.005645,-0.037326,-0.000000,-0.001015,1.570088,0.000000,1.000000,1.100000,0.000000,0.000000,-1.571000,0.000099,1.003748,1.065203,1.463614
4.600000,-0.000099,-0.003749,0.034797,-0.000031,-0.005645,-0.037326,-0.000000,-0.001015,1.570088,0.000000,1.000000,1.100000,0.000000,0.000000,-1.571000,0.000099,1.003749,1.065203,1.463615
4.602000,-0.000099,-0.003751,0.034797,-0.000031,-0.005645,-0.037326,-0.000000,-0.001015,1.570088,0.000000,1.000000,1.100000,0.000000,0.000000,-1.571000,0.000099,1.003751,1.065203,1.463616
4.604000,-0.000099,-0.003753,0.034797,-0.000031,-0.005645,-0.037326,-0.000000,-0.001015,1.570088,0.000000,1.000000,1.100000,0.000000,0.000000,-1.571000,0.000099,1.003753,1.065203,1.463618
4.606000,-0.000099,-0.003754,0.034797,-0.000031,-0.005645,-0.037326,-0.000000,-0.001015,1.570088,0.000000,1.000000,1.100000,0.000000,0.000000,-1.571000,0.000099,1.003754,1.065203,1.463619
4.608000,-0.000099,-0.003756,0.034797,-0.000031,-0.005645,-0.037326,-0.000000,-0.001015,1.570088,0.000000,1.000000,1.100000,0.000000,0.000000,-1.571000,0.000099,1.003756,1.065203,1.463620
4.610000,-0.000099,-0.003758,0.034797,-0.000031,-0.005645,-0.037326,-0.000000,-0.001015,1.570088,0.000000,1.000000,1.100000,0.000000,0.000000,-1.571000,0.000099,1.003758,1.065203,1.463621
4.612000,-0.000100,-0.003759,0.034797,-0.000031,-0.005645,-0.037326,-0.000000,-0.001015,1.570088,0.000000,1.000000,1.100000,0.000000,0.000000,-1.571000,0.000100,1.003759,1.065203,1.463622
4.614000,-0.000100,-0.003761,0.034797,-0.000031,-0.005645,-0.037326,-0.000000,-0.001015,1.570088,0.000000,1.000000,1.100000,0.000000,0.000000,-1.571000,0.000100,1.003761,1.065203,1.463623
4.616000,-0.000100,-0.003763,0.034797,-0.000031,-0.005645,-0.037326,-0.000000,-0.001015,1.570088,0.000000,1.000000,1.100000,0.000000,0.000000,-1.571000,0.000100,1.003763,1.065203,1.463624
4.618000,-0.000100,-0.003764,0.034797,-0.000031,-0.005645,-0.037326,-0.000000,-0.001015,1.570088,0.000000,1.000000,1.100000,0.000000,0.000000,-1.571000,0.000100,1.003764,1.065203,1.463626
4.620000,-0.000100,-0.003766,0.034797,-0.000031,-0.005645,-0.037326,-0.000000,-0.001015,1.570088,0.000000,1.000000,1.100000,0.000000,0.000000,-1.571000,0.000100,1.003766,1.065203,1.463627
4.622000,-0.000100,-0.003768,0.034797,-0.000031,-0.005645,-0.037326,-0.000000,-0.001015,1.570088,0.000000,1.000000,1.100000,0.000000,0.000000,-1.571000,0.000100,1.003768,1.065203,1.463628
4.624000,-0.000100,-0.003769,0.034797,-0.000031,-0.005645,-0.037326,-0.000000,-0.001015,1.570088,0.000000,1.000000,1.100000,0.000000,0.000000,-1.571000,0.000100,1.003769,1.065203,1.463629
4.626000,-0.000100,-0.003771,0.034797,-0.000031,-0.005645,-0.037326,-0.000000,-0.001015,1.570088,0.000000,1.000000,1.100000,0.000000,0.000000,-1.571000,0.000100,1.003771,1.065203,1.463630
4.628000,-0.000100,-0.003773,0.034797,-0.000031,-0.005645,-0.037326,-0.000000,-0.001015,1.570088,0.000000,1.000000,1.100000,0.000000,0.000000,-1.571000,0.000100,1.003773,1.065203,1.463631
4.630000,-0.000100,-0.003774,0.034797,-0.000031,-0.005645,-0.037326,-0.000000,-0.001015,1.570088,0.000000,1.000000,1.100000,0.000000,0.000000,-1.571000,0.000100,1.003774,1.065203,1.463633
4.632000,-0.000100,-0.003776,0.034797,-0.000031,-0.005645,-0.037326,-0.000000,-0.001015,1.570088,0.000000,1.000000,1.100000,0.000000,0.000000,-1.571000,0.000100,1.003776,1.065203,1.463634
4.634000,-0.000100,-0.003778,0.034797,-0.000031,-0.005645,-0.037326,-0.000000,-0.001015,1.570088,0.000000,1.000000,1.100000,0.000000,0.000000,-1.571000,0.000100,1.003778,1.065203,1.463635
4.636000,-0.000100,-0.003779,0.034797,-0.000031,-0.005645,-0.037326,-0.000000,-0.001015,1.570088,0.000000,1.000000,1.100000,0.000000,0.000000,-1.571000,0.000100,1.003779,1.065203,1.463636
4.638000,-0.000100,-0.003781,0.034797,-0.000031,-0.005645,-0.037326,-0.000000,-0.001015,1.570088,0.000000,1.000000,1.100000,0.000000,0.000000,-1.571000,0.000100,1.003781,1.065203,1.463637
4.640000,-0.000100,-0.003783,0.034797,-0.000031,-0.005645,-0.037326,-0.000000,-0.001015,1.570088,0.000000,1.000000,1.100000,0.000000,0.000000,-1.571000,0.000100,1.003783,1.065203,1.463638
4.642000,-0.000100,-0.003784,0.034797,-0.000031,-0.005645,-0.037326,-0.000000,-0.001015,1.570088,0.000000,1.000000,1.100000,0.000000,0.000000,-1.571000,0.000100,1.003784,1.065203,1.463639
4.644000,-0.000100,-0.003786,0.034797,-0.000031,-0.005645,-0.037326,-0.000000,-0.001015,1.570088,0.000000,1.000000,1.100000,0.000000,0.000000,-1.571000,0.000100,1.003786,1.065203,1.463641
4.646000,-0.000100,-0.003788,0.034797,-0.000031,-0.005645,-0.037326,-0.000000,-0.001015,1.570088,0.000000,1.000000,1.100000,0.000000,0.000000,-1.571000,0.000100,1.003788,1.065203,1.463642
4.648000,-0.000100,-0.003789,0.034797,-0.000031,-0.005645,-0.037326,-0.000000,-0.001015,1.570089,0.000000,1.000000,1.100000,0.000000,0.000000,-1.571000,0.000100,1.003789,1.065203,1.463643
4.650000,-0.000100,-0.003791,0.034797,-0.000031,-0.005645,-0.037326,-0.000000,-0.001015,1.570089,0.000000,1.000000,1.100000,0.000000,0.000000,-1.571000,0.000100,1.003791,1.065203,1.463644
4.652000,-0.000100,-0.003793,0.034797,-0.000031,-0.005645,-0.037326,-0.000000,-0.001015,1.570089,0.000000,1.000000,1.100000,0.000000,0.000000,-1.571000,0.000100,1.003793,1.065203,1.463645
4.654000,-0.000100,-0.003794,0.034797,-0.000031,-0.005645,-0.037326,-0.000000,-0.001015,1.570089,0.000000,1.000000,1.100000,0.000000,0.000000,-1.571000,0.000100,1.003794,1.065203,1.463646
4.656000,-0.000101,-0.003796,0.034797,-0.000031,-0.005645,-0.037326,-0.000000,-0.001015,1.570089,0.000000,1.000000,1.100000,0.000000,0.000000,-1.571000,0.000101,1.003796,1.065203,1.463647
4.658000,-0.000101,-0.003798,0.034797,-0.000031,-0.005645,-0.037326,-0.000000,-0.001015,1.570089,0.000000,1.000000,1.100000,0.000000,0.000000,-1.571000,0.000101,1.003798,1.065203,1.463649
4.660000,-0.000101,-0.003799,0.034797,-0.000031,-0.005645,-0.037326,-0.000000,-0.001015,1.570089,0.000000,1.000000,1.100000,0.000000,0.000000,-1.571000,0.000101,1.003799,1.065203,1.463650
4.662000,-0.000101,-0.003801,0.034797,-0.000031,-0.005645,-0.037326,-0.000000,-0.001015,1.570089,0.000000,1.000000,1.100000,0.000000,0.000000,-1.571000,0.000101,1.003801,1.065203,1.463651
4.664000,-0.000101,-0.003803,0.034797,-0.000031,-0.005645,-0.037326,-0.000000,-0.001015,1.570089,0.000000,1.000000,1.100000,0.000000,0.000000,-1.571000,0.000101,1.003803,1.065203,1.463652
4.666000,-0.000101,-0.003805,0.034797,-0.000031,-0.005645,-0.037326,-0.000000,-0.001015,1.570089,0.000000,1.000000,1.100000,0.000000,0.000000,-1.571000,0.000101,1.003805,1.065203,1.463653
4.668000,-0.000101,-0.003806,0.034797,-0.000031,-0.005645,-0.037326,-0.000000,-0.001015,1.570089,0.000000,1.000000,1.100000,0.000000,0.000000,-1.571000,0.000101,1.003806,1.065203,1.463654
4.670000,-0.000101,-0.003808,0.034797,-0.000031,-0.005645,-0.037326,-0.000000,-0.001015,1.570089,0.000000,1.000000,1.100000,0.000000,0.000000,-1.571000,0.000101,1.003808,1.065203,1.463656
4.672000,-0.000101,-0.003810,0.034797,-0.000031,-0.005645,-0.037326,-0.000000,-0.001015,1.570089,0.000000,1.000000,1.100000,0.000000,0.000000,-1.571000,0.000101,1.003810,1.065203,1.463657
4.674000,-0.000101,-0.003811,0.034797,-0.000031,-0.005645,-0.037326,-0.000000,-0.001015,1.570089,0.000000,1.000000,1.100000,0.000000,0.000000,-1.571000,0.000101,1.003811,1.065203,1.463658
4.676000,-0.000101,-0.003813,0.034797,-0.000031,-0.005645,-0.037326,-0.000000,-0.001015,1.570089,0.000000,1.000000,1.100000,0.000000,0.000000,-1.571000,0.000101,1.003813,1.065203,1.463659
4.678000,-0.000101,-0.003815,0.034797,-0.000031,-0.005645,-0.037326,-0.000000,-0.001015,1.570089,0.000000,1.000000,1.100000,0.000000,0.000000,-1.571000,0.000101,1.003815,1.065203,1.463660
4.680000,-0.000101,-0.003816,0.034797,-0.000031,-0.005645,-0.037326,-0.000000,-0.001015,1.570089,0.000000,1.000000,1.100000,0.000000,0.000000,-1.571000,0.000101,1.003816,1.065203,1.463661
4.682000,-0.000101,-0.003818,0.034797,-0.000031,-0.005645,-0.037326,-0.000000,-0.001015,1.570089,0.000000,1.000000,1.100000,0.000000,0.000000,-1.571000,0.000101,1.003818,1.065203,1.463662
4.684000,-0.000101,-0.003820,0.034797,-0.000031,-0.005645,-0.037326,-0.000000,-0.001015,1.570089,0.000000,1.000000,1.100000,0.000000,0.000000,-1.571000,0.000101,1.003820,1.065203,1.463664
4.686000,-0.000101,-0.003821,0.034797,-0.000031,-0.005645,-0.037326,-0.000000,-0.001015,1.570089,0.000000,1.000000,1.100000,0.000000,0.000000,-1.571000,0.000101,1.003821,1.065203,1.463665
4.688000,-0.000101,-0.003823,0.034797,-0.000031,-0.005645,-0.037326,-0.000000,-0.001015,1.570089,0.000000,1.000000,1.100000,0.000000,0.000000,-1.571000,0.000101,1.003823,1.065203,1.463666
4.690000,-0.000101,-0.003825,0.034797,-0.000031,-0.005645,-0.037326,-0.000000,-0.001015,1.570089,0.000000,1.000000,1.100000,0.000000,0.000000,-1.571000,0.000101,1.003825,1.065203,1.463667
4.692000,-0.000101,-0.003826,0.034797,-0.000031,-0.005645,-0.037326,-0.000000,-0.001015,1.570089,0.000000,1.000000,1.100000,0.000000,0.000000,-1.571000,0.000101,1.003826,1.065203,1.463668
4.694000,-0.000101,-0.003828,0.034797,-0.000031,-0.005645,-0.037326,-0.000000,-0.001015,1.570089,0.000000,1.000000,1.100000,0.000000,0.000000,-1.571000,0.000101,1.003828,1.065203,1.463669
4.696000,-0.000101,-0.003830,0.034797,-0.000031,-0.005645,-0.037326,-0.000000,-0.001015,1.570089,0.000000,1.000000,1.100000,0.000000,0.000000,-1.571000,0.000101,1.003830,1.065203,1.463670
4.698000,-0.000101,-0.003831,0.034797,-0.000031,-0.005645,-0.037326,-0.000000,-0.001015,1.570090,0.000000,1.000000,1.100000,0.000000,0.000000,-1.571000,0.000101,1.003831,1.065203,1.463672
4.700000,-0.000102,-0.003833,0.034797,-0.000031,-0.005645,-0.037326,-0.000000,-0.001015,1.570090,0.000000,1.000000,1.100000,0.000000,0.000000,-1.571000,0.000102,1.003833,1.065203,1.463673
4.702000,-0.000102,-0.003835,0.034797,-0.000031,-0.005645,-0.037326,-0.000000,-0.001015,1.570090,0.000000,1.000000,1.100000,0.000000,0.000000,-1.571000,0.000102,1.003835,1.065203,1.463674
4.704000,-0.000102,-0.003836,0.034797,-0.000031,-0.005645,-0.037326,-0.000000,-0.001015,1.570090,0.000000,1.000000,1.100000,0.000000,0.000000,-1.571000,0.000102,1.003836,1.065203,1.463675
4.706000,-0.000102,-0.003838,0.034797,-0.000031,-0.005645,-0.037326,-0.000000,-0.001015,1.570090,0.000000,1.000000,1.100000,0.000000,0.000000,-1.571000,0.000102,1.003838,1.065203,1.463676
4.708000,-0.000102,-0.003840,0.034797,-0.000031,-0.005645,-0.037326,-0.000000,-0.001015,1.570090,0.000000,1.000000,1.100000,0.000000,0.000000,-1.571000,0.000102,1.003840,1.065203,1.463677
4.710000,-0.000102,-0.003841,0.034797,-0.000031,-0.005645,-0.037326,-0.000000,-0.001015,1.570090,0.000000,1.000000,1.100000,0.000000,0.000000,-1.571000,0.000102,1.003841,1.065203,1.463678
4.712000,-0.000102,-0.003843,0.034797,-0.000031,-0.005645,-0.037326,-0.000000,-0.001015,1.570090,0.000000,1.000000,1.100000,0.000000,0.000000,-1.571000,0.000102,1.003843,1.065203,1.463680
4.714000,-0.000102,-0.003845,0.034797,-0.000031,-0.005645,-0.037326,-0.000000,-0.001015,1.570090,0.000000,1.000000,1.100000,0.000000,0.000000,-1.571000,0.000102,1.003845,1.065203,1.463681
4.716000,-0.000102,-0.003846,0.034797,-0.000031,-0.005645,-0.037326,-0.000000,-0.001015,1.570090,0.000000,1.000000,1.100000,0.000000,0.000000,-1.571000,0.000102,1.003846,1.065203,1.463682
4.718000,-0.000102,-0.003848,0.034797,-0.000031,-0.005645,-0.037326,-0.000000,-0.001015,1.570090,0.000000,1.000000,1.100000,0.000000,0.000000,-1.571000,0.000102,1.003848,1.065203,1.463683
4.720000,-0.000102,-0.003850,0.034797,-0.000031,-0.005645,-0.037326,-0.000000,-0.001015,1.570090,0.000000,1.000000,1.100000,0.000000,0.000000,-1.571000,0.000102,1.003850,1.065203,1.463684
4.722000,-0.000102,-0.003851,0.034797,-0.000031,-0.005645,-0.037326,-0.000000,-0.001015,1.570090,0.000000,1.000000,1.100000,0.000000,0.000000,-1.571000,0.000102,1.003851,1.065203,1.463685
4.724000,-0.000102,-0.003853,0.034797,-0.000031,-0.005645,-0.037326,-0.000000,-0.001015,1.570090,0.000000,1.000000,1.100000,0.000000,0.000000,-1.571000,0.000102,1.003853,1.065203,1.463687
4.726000,-0.000102,-0.003855,0.034797,-0.000031,-0.005645,-0.037326,-0.000000,-0.001015,1.570090,0.000000,1.000000,1.100000,0.000000,0.000000,-1.571000,0.000102,1.003855,1.065203,1.463688
4.728000,-0.000102,-0.003856,0.034797,-0.000031,-0.005645,-0.037326,-0.000000,-0.001015,1.570090,0.000000,1.000000,1.100000,0.000000,0.000000,-1.571000,0.000102,1.003856,1.065203,1.463689
4.730000,-0.000102,-0.003858,0.034797,-0.000031,-0.005645,-0.037326,-0.000000,-0.001015,1.570090,0.000000,1.000000,1.100000,0.000000,0.000000,-1.571000,0.000102,1.003858,1.065203,1.463690
4.732000,-0.000102,-0.003860,0.034797,-0.000031,-0.005645,-0.037326,-0.000000,-0.001015,1.570090,0.000000,1.000000,1.100000,0.000000,0.000000,-1.571000,0.000102,1.003860,1.065203,1.463691
4.734000,-0.000102,-0.003861,0.034797,-0.000031,-0.005645,-0.037326,-0.000000,-0.001015,1.570090,0.000000,1.000000,1.100000,0.000000,0.000000,-1.571000,0.000102,1.003861,1.065203,1.463692
4.736000,-0.000102,-0.003863,0.034797,-0.000031,-0.005645,-0.037326,-0.000000,-0.001015,1.570090,0.000000,1.000000,1.100000,0.000000,0.000000,-1.571000,0.000102,1.003863,1.065203,1.463693
4.738000,-0.000102,-0.003865,0.034797,-0.000031,-0.005645,-0.037326,-0.000000,-0.001015,1.570090,0.000000,1.000000,1.100000,0.000000,0.000000,-1.571000,0.000102,1.003865,1.065203,1.463695
4.740000,-0.000102,-0.003866,0.034797,-0.000031,-0.005645,-0.037326,-0.000000,-0.001015,1.570090,0.000000,1.000000,1.100000,0.000000,0.000000,-1.571000,0.000102,1.003866,1.065203,1.463696
4.742000,-0.000102,-0.003868,0.034797,-0.000031,-0.005645,-0.037326,-0.000000,-0.001015,1.570090,0.000000,1.000000,1.100000,0.000000,0.000000,-1.571000,0.000102,1.003868,1.065203,1.463697
4.744000,-0.000103,-0.003870,0.034797,-0.000031,-0.005645,-0.037326,-0.000000,-0.001015,1.570090,0.000000,1.000000,1.100000,0.000000,0.000000,-1.571000,0.000103,1.003870,1.065203,1.463698
4.746000,-0.000103,-0.003872,0.034797,-0.000031,-0.005645,-0.037326,-0.000000,-0.001015,1.570090,0.000000,1.000000,1.100000,0.000000,0.000000,-1.571000,0.000103,1.003872,1.065203,1.463699
4.748000,-0.000103,-0.003873,0.034797,-0.000031,-0.005645,-0.037326,-0.000000,-0.001015,1.570091,0.000000,1.000000,1.100000,0.000000,0.000000,-1.571000,0.000103,1.003873,1.065203,1.463700
4.750000,-0.000103,-0.003875,0.034797,-0.000031,-0.005645,-0.037326,-0.000000,-0.001015,1.570091,0.000000,1.000000,1.100000,0.000000,0.000000,-1.571000,0.000103,1.003875,1.065203,1.463701
4.752000,-0.000103,-0.003877,0.034797,-0.000031,-0.005645,-0.037326,-0.000000,-0.001015,1.570091,0.000000,1.000000,1.100000,0.000000,0.000000,-1.571000,0.000103,1.003877,1.065203,1.463703
4.754000,-0.000103,-0.003878,0.034797,-0.000031,-0.005645,-0.037326,-0.000000,-0.001015,1.570091,0.000000,1.000000,1.100000,0.000000,0.000000,-1.571000,0.000103,1.003878,1.065203,1.463704
4.756000,-0.000103,-0.003880,0.034797,-0.000031,-0.005645,-0.037326,-0.000000,-0.001015,1.570091,0.000000,1.000000,1.100000,0.000000,0.000000,-1.571000,0.000103,1.003880,1.065203,1.463705
4.758000,-0.000103,-0.003882,0.034797,-0.000031,-0.005645,-0.037326,-0.000000,-0.001015,1.570091,0.000000,1.000000,1.100000,0.000000,0.000000,-1.571000,0.000103,1.003882,1.065203,1.463706
4.760000,-0.000103,-0.003883,0.034797,-0.000031,-0.005645,-0.037326,-0.000000,-0.001015,1.570091,0.000000,1.000000,1.100000,0.000000,0.000000,-1.571000,0.000103,1.003883,1.065203,1.463707
4.762000,-0.000103,-0.003885,0.034797,-0.000031,-0.005645,-0.037326,-0.000000,-0.001015,1.570091,0.000000,1.000000,1.100000,0.000000,0.000000,-1.571000,0.000103,1.003885,1.065203,1.463708
4.764000,-0.000103,-0.003887,0.034797,-0.000031,-0.005645,-0.037326,-0.000000,-0.001015,1.570091,0.000000,1.000000,1.100000,0.000000,0.000000,-1.571000,0.000103,1.003887,1.065203,1.463709
4.766000,-0.000103,-0.003888,0.034797,-0.000031,-0.005645,-0.037326,-0.000000,-0.001015,1.570091,0.000000,1.000000,1.100000,0.000000,0.000000,-1.571000,0.000103,1.003888,1.065203,1.463711
4.768000,-0.000103,-0.003890,0.034797,-0.000031,-0.005645,-0.037326,-0.000000,-0.001015,1.570091,0.000000,1.000000,1.100000,0.000000,0.000000,-1.571000,0.000103,1.003890,1.065203,1.463712
4.770000,-0.000103,-0.003892,0.034797,-0.000031,-0.005645,-0.037326,-0.000000,-0.001015,1.570091,0.000000,1.000000,1.100000,0.000000,0.000000,-1.571000,0.000103,1.003892,1.065203,1.463713
4.772000,-0.000103,-0.003893,0.034797,-0.000031,-0.005645,-0.037326,-0.000000,-0.001015,1.570091,0.000000,1.000000,1.100000,0.000000,0.000000,-1.571000,0.000103,1.003893,1.065203,1.463714
4.774000,-0.000103,-0.003895,0.034797,-0.000031,-0.005645,-0.037326,-0.000000,-0.001015,1.570091,0.000000,1.000000,1.100000,0.000000,0.000000,-1.571000,0.000103,1.003895,1.065203,1.463715
4.776000,-0.000103,-0.003897,0.034797,-0.000031,-0.005645,-0.037326,-0.000000,-0.001015,1.570091,0.000000,1.000000,1.100000,0.000000,0.000000,-1.571000,0.000103,1.003897,1.065203,1.463716
4.778000,-0.000103,-0.003898,0.034797,-0.000031,-0.005645,-0.037326,-0.000000,-0.001015,1.570091,0.000000,1.000000,1.100000,0.000000,0.000000,-1.571000,0.000103,1.003898,1.065203,1.463718
4.780000,-0.000103,-0.003900,0.034797,-0.000031,-0.005645,-0.037326,-0.000000,-0.001015,1.570091,0.000000,1.000000,1.100000,0.000000,0.000000,-1.571000,0.000103,1.003900,1.065203,1.463719
4.782000,-0.000103,-0.003902,0.034797,-0.000031,-0.005645,-0.037326,-0.000000,-0.001015,1.570091,0.000000,1.000000,1.100000,0.000000,0.000000,-1.571000,0.000103,1.003902,1.065203,1.463720
4.784000,-0.000103,-0.003903,0.034797,-0.000031,-0.005645,-0.037326,-0.000000,-0.001015,1.570091,0.000000,1.000000,1.100000,0.000000,0.000000,-1.571000,0.000103,1.003903,1.065203,1.463721
4.786000,-0.000103,-0.003905,0.034797,-0.000031,-0.005645,-0.037326,-0.000000,-0.001015,1.570091,0.000000,1.000000,1.100000,0.000000,0.000000,-1.571000,0.000103,1.003905,1.065203,1.463722
4.788000,-0.000103,-0.003907,0.034797,-0.000031,-0.005645,-0.037326,-0.000000,-0.001015,1.570091,0.000000,1.000000,1.100000,0.000000,0.000000,-1.571000,0.000103,1.003907,1.065203,1.463723
4.790000,-0.000104,-0.003908,0.034797,-0.000031,-0.005645,-0.037326,-0.000000,-0.001015,1.570091,0.000000,1.000000,1.100000,0.000000,0.000000,-1.571000,0.000104,1.003908,1.065203,1.463724
4.792000,-0.000104,-0.003910,0.034797,-0.000031,-0.005645,-0.037326,-0.000000,-0.001015,1.570091,0.000000,1.000000,1.100000,0.000000,0.000000,-1.571000,0.000104,1.003910,1.065203,1.463726
4.794000,-0.000104,-0.003912,0.034797,-0.000031,-0.005645,-0.037326,-0.000000,-0.001015,1.570091,0.000000,1.000000,1.100000,0.000000,0.000000,-1.571000,0.000104,1.003912,1.065203,1.463727
4.796000,-0.000104,-0.003913,0.034797,-0.000031,-0.005645,-0.037326,-0.000000,-0.001015,1.570091,0.000000,1.000000,1.100000,0.000000,0.000000,-1.571000,0.000104,1.003913,1.065203,1.463728
4.798000,-0.000104,-0.003915,0.034797,-0.000031,-0.005645,-0.037326,-0.000000,-0.001015,1.570091,0.000000,1.000000,1.100000,0.000000,0.000000,-1.571000,0.000104,1.003915,1.065203,1.463729
4.800000,-0.000104,-0.003917,0.034797,-0.000031,-0.005645,-0.037326,-0.000000,-0.001015,1.570092,0.000000,1.000000,1.100000,0.000000,0.000000,-1.571000,0.000104,1.003917,1.065203,1.463730
4.802000,-0.000104,-0.003918,0.034797,-0.000031,-0.005645,-0.037326,-0.000000,-0.001015,1.570092,0.000000,1.000000,1.100000,0.000000,0.000000,-1.571000,0.000104,1.003918,1.065203,1.463731
4.804000,-0.000104,-0.003920,0.034797,-0.000031,-0.005645,-0.037326,-0.000000,-0.001015,1.570092,0.000000,1.000000,1.100000,0.000000,0.000000,-1.571000,0.000104,1.003920,1.065203,1.463732
4.806000,-0.000104,-0.003922,0.034797,-0.000031,-0.005645,-0.037326,-0.000000,-0.001015,1.570092,0.000000,1.000000,1.100000,0.000000,0.000000,-1.571000,0.000104,1.003922,1.065203,1.463734
4.808000,-0.000104,-0.003923,0.034797,-0.000031,-0.005645,-0.037326,-0.000000,-0.001015,1.570092,0.000000,1.000000,1.100000,0.000000,0.000000,-1.571000,0.000104,1.003923,1.065203,1.463735
4.810000,-0.000104,-0.003925,0.034797,-0.000031,-0.005645,-0.037326,-0.000000,-0.001015,1.570092,0.000000,1.000000,1.100000,0.000000,0.000000,-1.571000,0.000104,1.003925,1.065203,1.463736
4.812000,-0.000104,-0.003927,0.034797,-0.000031,-0.005645,-0.037326,-0.000000,-0.001015,1.570092,0.000000,1.000000,1.100000,0.000000,0.000000,-1.571000,0.000104,1.003927,1.065203,1.463737
4.814000,-0.000104,-0.003928,0.034797,-0.000031,-0.005645,-0.037326,-0.000000,-0.001015,1.570092,0.000000,1.000000,1.100000,0.000000,0.000000,-1.571000,0.000104,1.003928,1.065203,1.463738
4.816000,-0.000104,-0.003930,0.034797,-0.000031,-0.005645,-0.037326,-0.000000,-0.001015,1.570092,0.000000,1.000000,1.100000,0.000000,0.000000,-1.571000,0.000104,1.003930,1.065203,1.463739
4.818000,-0.000104,-0.003932,0.034797,-0.000031,-0.005645,-0.037326,-0.000000,-0.001015,1.570092,0.000000,1.000000,1.100000,0.000000,0.000000,-1.571000,0.000104,1.003932,1.065203,1.463741
4.820000,-0.000104,-0.003933,0.034797,-0.000031,-0.005645,-0.037326,-0.000000,-0.001015,1.570092,0.000000,1.000000,1.100000,0.000000,0.000000,-1.571000,0.000104,1.003933,1.065203,1.463742
4.822000,-0.000104,-0.003935,0.034797,-0.000031,-0.005645,-0.037326,-0.000000,-0.001015,1.570092,0.000000,1.000000,1.100000,0.000000,0.000000,-1.571000,0.000104,1.003935,1.065203,1.463743
4.824000,-0.000104,-0.003937,0.034797,-0.000031,-0.005645,-0.037326,-0.000000,-0.001015,1.570092,0.000000,1.000000,1.100000,0.000000,0.000000,-1.571000,0.000104,1.003937,1.065203,1.463744
4.826000,-0.000104,-0.003938,0.034797,-0.000031,-0.005645,-0.037326,-0.000000,-0.001015,1.570092,0.000000,1.000000,1.100000,0.000000,0.000000,-1.571000,0.000104,1.003938,1.065203,1.463745
4.828000,-0.000104,-0.003940,0.034797,-0.000031,-0.005645,-0.037326,-0.000000,-0.001015,1.570092,0.000000,1.000000,1.100000,0.000000,0.000000,-1.571000,0.000104,1.003940,1.065203,1.463746
4.830000,-0.000104,-0.003942,0.034797,-0.000031,-0.005645,-0.037326,-0.000000,-0.001015,1.570092,0.000000,1.000000,1.100000,0.000000,0.000000,-1.571000,0.000104,1.003942,1.065203,1.463747
4.832000,-0.000104,-0.003944,0.034797,-0.000031,-0.005645,-0.037326,-0.000000,-0.001015,1.570092,0.000000,1.000000,1.100000,0.000000,0.000000,-1.571000,0.000104,1.003944,1.065203,1.463749
4.834000,-0.000105,-0.003945,0.034797,-0.000031,-0.005645,-0.037326,-0.000000,-0.001015,1.570092,0.000000,1.000000,1.100000,0.000000,0.000000,-1.571000,0.000105,1.003945,1.065203,1.463750
4.836000,-0.000105,-0.003947,0.034797,-0.000031,-0.005645,-0.037326,-0.000000,-0.001015,1.570092,0.000000,1.000000,1.100000,0.000000,0.000000,-1.571000,0.000105,1.003947,1.065203,1.463751
4.838000,-0.000105,-0.003949,0.034797,-0.000031,-0.005645,-0.037326,-0.000000,-0.001015,1.570092,0.000000,1.000000,1.100000,0.000000,0.000000,-1.571000,0.000105,1.003949,1.065203,1.463752
4.840000,-0.000105,-0.003950,0.034797,-0.000031,-0.005645,-0.037326,-0.000000,-0.001015,1.570092,0.000000,1.000000,1.100000,0.000000,0.000000,-1.571000,0.000105,1.003950,1.065203,1.463753
4.842000,-0.000105,-0.003952,0.034797,-0.000031,-0.005645,-0.037326,-0.000000,-0.001015,1.570092,0.000000,1.000000,1.100000,0.000000,0.000000,-1.571000,0.000105,1.003952,1.065203,1.463754
4.844000,-0.000105,-0.003954,0.034797,-0.000031,-0.005645,-0.037326,-0.000000,-0.001015,1.570092,0.000000,1.000000,1.100000,0.000000,0.000000,-1.571000,0.000105,1.003954,1.065203,1.463755
4.846000,-0.000105,-0.003955,0.034797,-0.000031,-0.005645,-0.037326,-0.000000,-0.001015,1.570092,0.000000,1.000000,1.100000,0.000000,0.000000,-1.571000,0.000105,1.003955,1.065203,1.463757
4.848000,-0.000105,-0.003957,0.034797,-0.000031,-0.005645,-0.037326,-0.000000,-0.001015,1.570092,0.000000,1.000000,1.100000,0.000000,0.000000,-1.571000,0.000105,1.003957,1.065203,1.463758
4.850000,-0.000105,-0.003959,0.034797,-0.000031,-0.005645,-0.037326,-0.000000,-0.001015,1.570093,0.000000,1.000000,1.100000,0.000000,0.000000,-1.571000,0.000105,1.003959,1.065203,1.463759
4.852000,-0.000105,-0.003960,0.034797,-0.000031,-0.005645,-0.037326,-0.000000,-0.001015,1.570093,0.000000,1.000000,1.100000,0.000000,0.000000,-1.571000,0.000105,1.003960,1.065203,1.463760
4.854000,-0.000105,-0.003962,0.034797,-0.000031,-0.005645,-0.037326,-0.000000,-0.001015,1.570093,0.000000,1.000000,1.100000,0.000000,0.000000,-1.571000,0.000105,1.003962,1.065203,1.463761
4.856000,-0.000105,-0.003964,0.034797,-0.000031,-0.005645,-0.037326,-0.000000,-0.001015,1.570093,0.000000,1.000000,1.100000,0.000000,0.000000,-1.571000,0.000105,1.003964,1.065203,1.463762
4.858000,-0.000105,-0.003965,0.034797,-0.000031,-0.005645,-0.037326,-0.000000,-0.001015,1.570093,0.000000,1.000000,1.100000,0.000000,0.000000,-1.571000,0.000105,1.003965,1.065203,1.463763
4.860000,-0.000105,-0.003967,0.034797,-0.000031,-0.005645,-0.037326,-0.000000,-0.001015,1.570093,0.000000,1.000000,1.100000,0.000000,0.000000,-1.571000,0.000105,1.003967,1.065203,1.463765
4.862000,-0.000105,-0.003969,0.034797,-0.000031,-0.005645,-0.037326,-0.000000,-0.001015,1.570093,0.000000,1.000000,1.100000,0.000000,0.000000,-1.571000,0.000105,1.003969,1.065203,1.463766
4.864000,-0.000105,-0.003970,0.034797,-0.000031,-0.005645,-0.037326,-0.000000,-0.001015,1.570093,0.000000,1.000000,1.100000,0.000000,0.000000,-1.571000,0.000105,1.003970,1.065203,1.463767
4.866000,-0.000105,-0.003972,0.034797,-0.000031,-0.005645,-0.037326,-0.000000,-0.001015,1.570093,0.000000,1.000000,1.100000,0.000000,0.000000,-1.571000,0.000105,1.003972,1.065203,1.463768
4.868000,-0.000105,-0.003974,0.034797,-0.000031,-0.005645,-0.037326,-0.000000,-0.001015,1.570093,0.000000,1.000000,1.100000,0.000000,0.000000,-1.571000,0.000105,1.003974,1.065203,1.463769
4.870000,-0.000105,-0.003975,0.034797,-0.000031,-0.005645,-0.037326,-0.000000,-0.001015,1.570093,0.000000,1.000000,1.100000,0.000000,0.000000,-1.571000,0.000105,1.003975,1.065203,1.463770
4.872000,-0.000105,-0.003977,0.034797,-0.000031,-0.005645,-0.037326,-0.000000,-0.001015,1.570093,0.000000,1.000000,1.100000,0.000000,0.000000,-1.571000,0.000105,1.003977,1.065203,1.463772
4.874000,-0.000105,-0.003979,0.034797,-0.000031,-0.005645,-0.037326,-0.000000,-0.001015,1.570093,0.000000,1.000000,1.100000,0.000000,0.000000,-1.571000,0.000105,1.003979,1.065203,1.463773
4.876000,-0.000105,-0.003980,0.034797,-0.000031,-0.005645,-0.037326,-0.000000,-0.001015,1.570093,0.000000,1.000000,1.100000,0.000000,0.000000,-1.571000,0.000105,1.003980,1.065203,1.463774
4.878000,-0.000106,-0.003982,0.034797,-0.000031,-0.005645,-0.037326,-0.000000,-0.001015,1.570093,0.000000,1.000000,1.100000,0.000000,0.000000,-1.571000,0.000106,1.003982,1.065203,1.463775
4.880000,-0.000106,-0.003984,0.034797,-0.000031,-0.005645,-0.037326,-0.000000,-0.001015,1.570093,0.000000,1.000000,1.100000,0.000000,0.000000,-1.571000,0.000106,1.003984,1.065203,1.463776
4.882000,-0.000106,-0.003985,0.034797,-0.000031,-0.005645,-0.037326,-0.000000,-0.001015,1.570093,0.000000,1.000000,1.100000,0.000000,0.000000,-1.571000,0.000106,1.003985,1.065203,1.463777
4.884000,-0.000106,-0.003987,0.034797,-0.000031,-0.005645,-0.037326,-0.000000,-0.001015,1.570093,0.000000,1.000000,1.100000,0.000000,0.000000,-1.571000,0.000106,1.003987,1.065203,1.463778
4.886000,-0.000106,-0.003989,0.034797,-0.000031,-0.005645,-0.037326,-0.000000,-0.001015,1.570093,0.000000,1.000000,1.100000,0.000000,0.000000,-1.571000,0.000106,1.003989,1.065203,1.463780
4.888000,-0.000106,-0.003990,0.034797,-0.000031,-0.005645,-0.037326,-0.000000,-0.001015,1.570093,0.000000,1.000000,1.100000,0.000000,0.000000,-1.571000,0.000106,1.003990,1.065203,1.463781
4.890000,-0.000106,-0.003992,0.034797,-0.000031,-0.005645,-0.037326,-0.000000,-0.001015,1.570093,0.000000,1.000000,1.100000,0.000000,0.000000,-1.571000,0.000106,1.003992,1.065203,1.463782
4.892000,-0.000106,-0.003994,0.034797,-0.000031,-0.005645,-0.037326,-0.000000,-0.001015,1.570093,0.000000,1.000000,1.100000,0.000000,0.000000,-1.571000,0.000106,1.003994,1.065203,1.463783
4.894000,-0.000106,-0.003995,0.034797,-0.000031,-0.005645,-0.037326,-0.000000,-0.001015,1.570093,0.000000,1.000000,1.100000,0.000000,0.000000,-1.571000,0.000106,1.003995,1.065203,1.463784
4.896000,-0.000106,-0.003997,0.034797,-0.000031,-0.005645,-0.037326,-0.000000,-0.001015,1.570093,0.000000,1.000000,1.100000,0.000000,0.000000,-1.571000,0.000106,1.003997,1.065203,1.463785
4.898000,-0.000106,-0.003999,0.034797,-0.000031,-0.005645,-0.037326,-0.000000,-0.001015,1.570093,0.000000,1.000000,1.100000,0.000000,0.000000,-1.571000,0.000106,1.003999,1.065203,1.463786
4.900000,-0.000106,-0.004000,0.034797,-0.000031,-0.005645,-0.037326,-0.000000,-0.001015,1.570094,0.000000,1.000000,1.100000,0.000000,0.000000,-1.571000,0.000106,1.004000,1.065203,1.463788
4.902000,-0.000106,-0.004002,0.034797,-0.000031,-0.005645,-0.037326,-0.000000,-0.001015,1.570094,0.000000,1.000000,1.100000,0.000000,0.000000,-1.571000,0.000106,1.004002,1.065203,1.463789
4.904000,-0.000106,-0.004004,0.034797,-0.000031,-0.005645,-0.037326,-0.000000,-0.001015,1.570094,0.000000,1.000000,1.100000,0.000000,0.000000,-1.571000,0.000106,1.004004,1.065203,1.463790
4.906000,-0.000106,-0.004005,0.034797,-0.000031,-0.005645,-0.037326,-0.000000,-0.001015,1.570094,0.000000,1.000000,1.100000,0.000000,0.000000,-1.571000,0.000106,1.004005,1.065203,1.463791
4.908000,-0.000106,-0.004007,0.034797,-0.000031,-0.005645,-0.037326,-0.000000,-0.001015,1.570094,0.000000,1.000000,1.100000,0.000000,0.000000,-1.571000,0.000106,1.004007,1.065203,1.463792
4.910000,-0.000106,-0.004009,0.034797,-0.000031,-0.005645,-0.037326,-0.000000,-0.001015,1.570094,0.000000,1.000000,1.100000,0.000000,0.000000,-1.571000,0.000106,1.004009,1.065203,1.463793
4.912000,-0.000106,-0.004011,0.034797,-0.000031,-0.005645,-0.037326,-0.000000,-0.001015,1.570094,0.000000,1.000000,1.100000,0.000000,0.000000,-1.571000,0.000106,1.004011,1.065203,1.463794
4.914000,-0.000106,-0.004012,0.034797,-0.000031,-0.005645,-0.037326,-0.000000,-0.001015,1.570094,0.000000,1.000000,1.100000,0.000000,0.000000,-1.571000,0.000106,1.004012,1.065203,1.463796
4.916000,-0.000106,-0.004014,0.034797,-0.000031,-0.005645,-0.037326,-0.000000,-0.001015,1.570094,0.000000,1.000000,1.100000,0.000000,0.000000,-1.571000,0.000106,1.004014,1.065203,1.463797
4.918000,-0.000106,-0.004016,0.034797,-0.000031,-0.005645,-0.037326,-0.000000,-0.001015,1.570094,0.000000,1.000000,1.100000,0.000000,0.000000,-1.571000,0.000106,1.004016,1.065203,1.463798
4.920000,-0.000106,-0.004017,0.034797,-0.000031,-0.005645,-0.037326,-0.000000,-0.001015,1.570094,0.000000,1.000000,1.100000,0.000000,0.000000,-1.571000,0.000106,1.004017,1.065203,1.463799
4.922000,-0.000107,-0.004019,0.034797,-0.000031,-0.005645,-0.037326,-0.000000,-0.001015,1.570094,0.000000,1.000000,1.100000,0.000000,0.000000,-1.571000,0.000107,1.004019,1.065203,1.463800
4.924000,-0.000107,-0.004021,0.034797,-0.000031,-0.005645,-0.037326,-0.000000,-0.001015,1.570094,0.000000,1.000000,1.100000,0.000000,0.000000,-1.571000,0.000107,1.004021,1.065203,1.463801
4.926000,-0.000107,-0.004022,0.034797,-0.000031,-0.005645,-0.037326,-0.000000,-0.001015,1.570094,0.000000,1.000000,1.100000,0.000000,0.000000,-1.571000,0.000107,1.004022,1.065203,1.463803
4.928000,-0.000107,-0.004024,0.034797,-0.000031,-0.005645,-0.037326,-0.000000,-0.001015,1.570094,0.000000,1.000000,1.100000,0.000000,0.000000,-1.571000,0.000107,1.004024,1.065203,1.463804
4.930000,-0.000107,-0.004026,0.034797,-0.000031,-0.005645,-0.037326,-0.000000,-0.001015,1.570094,0.000000,1.000000,1.100000,0.000000,0.000000,-1.571000,0.000107,1.004026,1.065203,1.463805
4.932000,-0.000107,-0.004027,0.034797,-0.000031,-0.005645,-0.037326,-0.000000,-0.001015,1.570094,0.000000,1.000000,1.100000,0.000000,0.000000,-1.571000,0.000107,1.004027,1.065203,1.463806
4.934000,-0.000107,-0.004029,0.034797,-0.000031,-0.005645,-0.037326,-0.000000,-0.001015,1.570094,0.000000,1.000000,1.100000,0.000000,0.000000,-1.571000,0.000107,1.004029,1.065203,1.463807
4.936000,-0.000107,-0.004031,0.034797,-0.000031,-0.005645,-0.037326,-0.000000,-0.001015,1.570094,0.000000,1.000000,1.100000,0.000000,0.000000,-1.571000,0.000107,1.004031,1.065203,1.463808
4.938000,-0.000107,-0.004032,0.034797,-0.000031,-0.005645,-0.037326,-0.000000,-0.001015,1.570094,0.000000,1.000000,1.100000,0.000000,0.000000,-1.571000,0.000107,1.004032,1.065203,1.463809
4.940000,-0.000107,-0.004034,0.034797,-0.000031,-0.005645,-0.037326,-0.000000,-0.001015,1.570094,0.000000,1.000000,1.100000,0.000000,0.000000,-1.571000,0.000107,1.004034,1.065203,1.463811
4.942000,-0.000107,-0.004036,0.034797,-0.000031,-0.005645,-0.037326,-0.000000,-0.001015,1.570094,0.000000,1.000000,1.100000,0.000000,0.000000,-1.571000,0.000107,1.004036,1.065203,1.463812
4.944000,-0.000107,-0.004037,0.034797,-0.000031,-0.005645,-0.037326,-0.000000,-0.001015,1.570094,0.000000,1.000000,1.100000,0.000000,0.000000,-1.571000,0.000107,1.004037,1.065203,1.463813
4.946000,-0.000107,-0.004039,0.034797,-0.000031,-0.005645,-0.037326,-0.000000,-0.001015,1.570094,0.000000,1.000000,1.100000,0.000000,0.000000,-1.571000,0.000107,1.004039,1.065203,1.463814
4.948000,-0.000107,-0.004041,0.034797,-0.000031,-0.005645,-0.037326,-0.000000,-0.001015,1.570094,0.000000,1.000000,1.100000,0.000000,0.000000,-1.571000,0.000107,1.004041,1.065203,1.463815
4.950000,-0.000107,-0.004042,0.034797,-0.000031,-0.005645,-0.037326,-0.000000,-0.001015,1.570094,0.000000,1.000000,1.100000,0.000000,0.000000,-1.571000,0.000107,1.004042,1.065203,1.463816
4.952000,-0.000107,-0.004044,0.034797,-0.000031,-0.005645,-0.037326,-0.000000,-0.001015,1.570095,0.000000,1.000000,1.100000,0.000000,0.000000,-1.571000,0.000107,1.004044,1.065203,1.463817
4.954000,-0.000107,-0.004046,0.034797,-0.000031,-0.005645,-0.037326,-0.000000,-0.001015,1.570095,0.000000,1.000000,1.100000,0.000000,0.000000,-1.571000,0.000107,1.004046,1.065203,1.463819
4.956000,-0.000107,-0.004047,0.034797,-0.000031,-0.005645,-0.037326,-0.000000,-0.001015,1.570095,0.000000,1.000000,1.100000,0.000000,0.000000,-1.571000,0.000107,1.004047,1.065203,1.463820
4.958000,-0.000107,-0.004049,0.034797,-0.000031,-0.005645,-0.037326,-0.000000,-0.001015,1.570095,0.000000,1.000000,1.100000,0.000000,0.000000,-1.571000,0.000107,1.004049,1.065203,1.463821
4.960000,-0.000107,-0.004051,0.034797,-0.000031,-0.005645,-0.037326,-0.000000,-0.001015,1.570095,0.000000,1.000000,1.100000,0.000000,0.000000,-1.571000,0.000107,1.004051,1.065203,1.463822
4.962000,-0.000107,-0.004052,0.034797,-0.000031,-0.005645,-0.037326,-0.000000,-0.001015,1.570095,0.000000,1.000000,1.100000,0.000000,0.000000,-1.571000,0.000107,1.004052,1.065203,1.463823
4.964000,-0.000107,-0.004054,0.034797,-0.000031,-0.005645,-0.037326,-0.000000,-0.001015,1.570095,0.000000,1.000000,1.100000,0.000000,0.000000,-1.571000,0.000107,1.004054,1.065203,1.463824
4.966000,-0.000107,-0.004056,0.034797,-0.000031,-0.005645,-0.037326,-0.000000,-0.001015,1.570095,0.000000,1.000000,1.100000,0.000000,0.000000,-1.571000,0.000107,1.004056,1.065203,1.463826
4.968000,-0.000108,-0.004057,0.034797,-0.000031,-0.005645,-0.037326,-0.000000,-0.001015,1.570095,0.000000,1.000000,1.100000,0.000000,0.000000,-1.571000,0.000108,1.004057,1.065203,1.463827
4.970000,-0.000108,-0.004059,0.034797,-0.000031,-0.005645,-0.037326,-0.000000,-0.001015,1.570095,0.000000,1.000000,1.100000,0.000000,0.000000,-1.571000,0.000108,1.004059,1.065203,1.463828
4.972000,-0.000108,-0.004061,0.034797,-0.000031,-0.005645,-0.037326,-0.000000,-0.001015,1.570095,0.000000,1.000000,1.100000,0.000000,0.000000,-1.571000,0.000108,1.004061,1.065203,1.463829
4.974000,-0.000108,-0.004062,0.034797,-0.000031,-0.005645,-0.037326,-0.000000,-0.001015,1.570095,0.000000,1.000000,1.100000,0.000000,0.000000,-1.571000,0.000108,1.004062,1.065203,1.463830
4.976000,-0.000108,-0.004064,0.034797,-0.000031,-0.005645,-0.037326,-0.000000,-0.001015,1.570095,0.000000,1.000000,1.100000,0.000000,0.000000,-1.571000,0.000108,1.004064,1.065203,1.463831
4.978000,-0.000108,-0.004066,0.034797,-0.000031,-0.005645,-0.037326,-0.000000,-0.001015,1.570095,0.000000,1.000000,1.100000,0.000000,0.000000,-1.571000,0.000108,1.004066,1.065203,1.463832
4.980000,-0.000108,-0.004067,0.034797,-0.000031,-0.005645,-0.037326,-0.000000,-0.001015,1.570095,0.000000,1.000000,1.100000,0.000000,0.000000,-1.571000,0.000108,1.004067,1.065203,1.463834
4.982000,-0.000108,-0.004069,0.034797,-0.000031,-0.005645,-0.037326,-0.000000,-0.001015,1.570095,0.000000,1.000000,1.100000,0.000000,0.000000,-1.571000,0.000108,1.004069,1.065203,1.463835
4.984000,-0.000108,-0.004071,0.034797,-0.000031,-0.005645,-0.037326,-0.000000,-0.001015,1.570095,0.000000,1.000000,1.100000,0.000000,0.000000,-1.571000,0.000108,1.004071,1.065203,1.463836
4.986000,-0.000108,-0.004072,0.034797,-0.000031,-0.005645,-0.037326,-0.000000,-0.001015,1.570095,0.000000,1.000000,1.100000,0.000000,0.000000,-1.571000,0.000108,1.004072,1.065203,1.463837
4.988000,-0.000108,-0.004074,0.034797,-0.000031,-0.005645,-0.037326,-0.000000,-0.001015,1.570095,0.000000,1.000000,1.100000,0.000000,0.000000,-1.571000,0.000108,1.004074,1.065203,1.463838
4.990000,-0.000108,-0.004076,0.034797,-0.000031,-0.005645,-0.037326,-0.000000,-0.001015,1.570095,0.000000,1.000000,1.100000,0.000000,0.000000,-1.571000,0.000108,1.004076,1.065203,1.463839
4.992000,-0.000108,-0.004077,0.034797,-0.000031,-0.005645,-0.037326,-0.000000,-0.001015,1.570095,0.000000,1.000000,1.100000,0.000000,0.000000,-1.571000,0.000108,1.004077,1.065203,1.463840
4.994000,-0.000108,-0.004079,0.034797,-0.000031,-0.005645,-0.037326,-0.000000,-0.001015,1.570095,0.000000,1.000000,1.100000,0.000000,0.000000,-1.571000,0.000108,1.004079,1.065203,1.463842
4.996000,-0.000108,-0.004081,0.034797,-0.000031,-0.005645,-0.037326,-0.000000,-0.001015,1.570095,0.000000,1.000000,1.100000,0.000000,0.000000,-1.571000,0.000108,1.004081,1.065203,1.463843
4.998000,-0.000108,-0.004083,0.034797,-0.000031,-0.005645,-0.037326,-0.000000,-0.001015,1.570095,0.000000,1.000000,1.100000,0.000000,0.000000,-1.571000,0.000108,1.004083,1.065203,1.463844
5.000000,-0.000108,-0.004084,0.034797,-0.000031,-0.005645,-0.037326,-0.000000,-0.001015,1.570095,0.000000,1.000000,1.100000,0.000000,0.000000,-1.571000,0.000108,1.004084,1.065203,1.463845
5.002000,-0.000108,-0.004086,0.034797,-0.000031,-0.005645,-0.037326,-0.000000,-0.001015,1.570096,0.000000,1.000000,1.100000,0.000000,0.000000,-1.571000,0.000108,1.004086,1.065203,1.463846
5.004000,-0.000108,-0.004088,0.034797,-0.000031,-0.005645,-0.037326,-0.000000,-0.001015,1.570096,0.000000,1.000000,1.100000,0.000000,0.000000,-1.571000,0.000108,1.004088,1.065203,1.463847
5.006000,-0.000108,-0.004089,0.034797,-0.000031,-0.005645,-0.037326,-0.000000,-0.001015,1.570096,0.000000,1.000000,1.100000,0.000000,0.000000,-1.571000,0.000108,1.004089,1.065203,1.463848
5.008000,-0.000108,-0.004091,0.034797,-0.000031,-0.005645,-0.037326,-0.000000,-0.001015,1.570096,0.000000,1.000000,1.100000,0.000000,0.000000,-1.571000,0.000108,1.004091,1.065203,1.463850
5.010000,-0.000108,-0.004093,0.034797,-0.000031,-0.005645,-0.037326,-0.000000,-0.001015,1.570096,0.000000,1.000000,1.100000,0.000000,0.000000,-1.571000,0.000108,1.004093,1.065203,1.463851
5.012000,-0.000109,-0.004094,0.034797,-0.000031,-0.005645,-0.037326,-0.000000,-0.001015,1.570096,0.000000,1.000000,1.100000,0.000000,0.000000,-1.571000,0.000109,1.004094,1.065203,1.463852
5.014000,-0.000109,-0.004096,0.034797,-0.000031,-0.005645,-0.037326,-0.000000,-0.001015,1.570096,0.000000,1.000000,1.100000,0.000000,0.000000,-1.571000,0.000109,1.004096,1.065203,1.463853
5.016000,-0.000109,-0.004098,0.034797,-0.000031,-0.005645,-0.037326,-0.000000,-0.001015,1.570096,0.000000,1.000000,1.100000,0.000000,0.000000,-1.571000,0.000109,1.004098,1.065203,1.463854
5.018000,-0.000109,-0.004099,0.034797,-0.000031,-0.005645,-0.037326,-0.000000,-0.001015,1.570096,0.000000,1.000000,1.100000,0.000000,0.000000,-1.571000,0.000109,1.004099,1.065203,1.463855
5.020000,-0.000109,-0.004101,0.034797,-0.000031,-0.005645,-0.037326,-0.000000,-0.001015,1.570096,0.000000,1.000000,1.100000,0.000000,0.000000,-1.571000,0.000109,1.004101,1.065203,1.463857
5.022000,-0.000109,-0.004103,0.034797,-0.000031,-0.005645,-0.037326,-0.000000,-0.001015,1.570096,0.000000,1.000000,1.100000,0.000000,0.000000,-1.571000,0.000109,1.004103,1.065203,1.463858
5.024000,-0.000109,-0.004104,0.034797,-0.000031,-0.005645,-0.037326,-0.000000,-0.001015,1.570096,0.000000,1.000000,1.100000,0.000000,0.000000,-1.571000,0.000109,1.004104,1.065203,1.463859
5.026000,-0.000109,-0.004106,0.034797,-0.000031,-0.005645,-0.037326,-0.000000,-0.001015,1.570096,0.000000,1.000000,1.100000,0.000000,0.000000,-1.571000,0.000109,1.004106,1.065203,1.463860
5.028000,-0.000109,-0.004108,0.034797,-0.000031,-0.005645,-0.037326,-0.000000,-0.001015,1.570096,0.000000,1.000000,1.100000,0.000000,0.000000,-1.571000,0.000109,1.004108,1.065203,1.463861
5.030000,-0.000109,-0.004109,0.034797,-0.000031,-0.005645,-0.037326,-0.000000,-0.001015,1.570096,0.000000,1.000000,1.100000,0.000000,0.000000,-1.571000,0.000109,1.004109,1.065203,1.463862
5.032000,-0.000109,-0.004111,0.034797,-0.000031,-0.005645,-0.037326,-0.000000,-0.001015,1.570096,0.000000,1.000000,1.100000,0.000000,0.000000,-1.571000,0.000109,1.004111,1.065203,1.463863
5.034000,-0.000109,-0.004113,0.034797,-0.000031,-0.005645,-0.037326,-0.000000,-0.001015,1.570096,0.000000,1.000000,1.100000,0.000000,0.000000,-1.571000,0.000109,1.004113,1.065203,1.463865
5.036000,-0.000109,-0.004114,0.034797,-0.000031,-0.005645,-0.037326,-0.000000,-0.001015,1.570096,0.000000,1.000000,1.100000,0.000000,0.000000,-1.571000,0.000109,1.004114,1.065203,1.463866
5.038000,-0.000109,-0.004116,0.034797,-0.000031,-0.005645,-0.037326,-0.000000,-0.001015,1.570096,0.000000,1.000000,1.100000,0.000000,0.000000,-1.571000,0.000109,1.004116,1.065203,1.463867
5.040000,-0.000109,-0.004118,0.034797,-0.000031,-0.005645,-0.037326,-0.000000,-0.001015,1.570096,0.000000,1.000000,1.100000,0.000000,0.000000,-1.571000,0.000109,1.004118,1.065203,1.463868
5.042000,-0.000109,-0.004119,0.034797,-0.000031,-0.005645,-0.037326,-0.000000,-0.001015,1.570096,0.000000,1.000000,1.100000,0.000000,0.000000,-1.571000,0.000109,1.004119,1.065203,1.463869
5.044000,-0.000109,-0.004121,0.034797,-0.000031,-0.005645,-0.037326,-0.000000,-0.001015,1.570096,0.000000,1.000000,1.100000,0.000000,0.000000,-1.571000,0.000109,1.004121,1.065203,1.463870
5.046000,-0.000109,-0.004123,0.034797,-0.000031,-0.005645,-0.037326,-0.000000,-0.001015,1.570096,0.000000,1.000000,1.100000,0.000000,0.000000,-1.571000,0.000109,1.004123,1.065203,1.463871
5.048000,-0.000109,-0.004124,0.034797,-0.000031,-0.005645,-0.037326,-0.000000,-0.001015,1.570096,0.000000,1.000000,1.100000,0.000000,0.000000,-1.571000,0.000109,1.004124,1.065203,1.463873
5.050000,-0.000109,-0.004126,0.034797,-0.000031,-0.005645,-0.037326,-0.000000,-0.001015,1.570096,0.000000,1.000000,1.100000,0.000000,0.000000,-1.571000,0.000109,1.004126,1.065203,1.463874
5.052000,-0.000109,-0.004128,0.034797,-0.000031,-0.005645,-0.037326,-0.000000,-0.001015,1.570097,0.000000,1.000000,1.100000,0.000000,0.000000,-1.571000,0.000109,1.004128,1.065203,1.463875
5.054000,-0.000109,-0.004129,0.034797,-0.000031,-0.005645,-0.037326,-0.000000,-0.001015,1.570097,0.000000,1.000000,1.100000,0.000000,0.000000,-1.571000,0.000109,1.004129,1.065203,1.463876
5.056000,-0.000110,-0.004131,0.034797,-0.000031,-0.005645,-0.037326,-0.000000,-0.001015,1.570097,0.000000,1.000000,1.100000,0.000000,0.000000,-1.571000,0.000110,1.004131,1.065203,1.463877
5.058000,-0.000110,-0.004133,0.034797,-0.000031,-0.005645,-0.037326,-0.000000,-0.001015,1.570097,0.000000,1.000000,1.100000,0.000000,0.000000,-1.571000,0.000110,1.004133,1.065203,1.463878
5.060000,-0.000110,-0.004134,0.034797,-0.000031,-0.005645,-0.037326,-0.000000,-0.001015,1.570097,0.000000,1.000000,1.100000,0.000000,0.000000,-1.571000,0.000110,1.004134,1.065203,1.463879
5.062000,-0.000110,-0.004136,0.034797,-0.000031,-0.005645,-0.037326,-0.000000,-0.001015,1.570097,0.000000,1.000000,1.100000,0.000000,0.000000,-1.571000,0.000110,1.004136,1.065203,1.463881
5.064000,-0.000110,-0.004138,0.034797,-0.000031,-0.005645,-0.037326,-0.000000,-0.001015,1.570097,0.000000,1.000000,1.100000,0.000000,0.000000,-1.571000,0.000110,1.004138,1.065203,1.463882
5.066000,-0.000110,-0.004139,0.034797,-0.000031,-0.005645,-0.037326,-0.000000,-0.001015,1.570097,0.000000,1.000000,1.100000,0.000000,0.000000,-1.571000,0.000110,1.004139,1.065203,1.463883
5.068000,-0.000110,-0.004141,0.034797,-0.000031,-0.005645,-0.037326,-0.000000,-0.001015,1.570097,0.000000,1.000000,1.100000,0.000000,0.000000,-1.571000,0.000110,1.004141,1.065203,1.463884
5.070000,-0.000110,-0.004143,0.034797,-0.000031,-0.005645,-0.037326,-0.000000,-0.001015,1.570097,0.000000,1.000000,1.100000,0.000000,0.000000,-1.571000,0.000110,1.004143,1.065203,1.463885
5.072000,-0.000110,-0.004144,0.034797,-0.000031,-0.005645,-0.037326,-0.000000,-0.001015,1.570097,0.000000,1.000000,1.100000,0.000000,0.000000,-1.571000,0.000110,1.004144,1.065203,1.463886
5.074000,-0.000110,-0.004146,0.034797,-0.000031,-0.005645,-0.037326,-0.000000,-0.001015,1.570097,0.000000,1.000000,1.100000,0.000000,0.000000,-1.571000,0.000110,1.004146,1.065203,1.463888
5.076000,-0.000110,-0.004148,0.034797,-0.000031,-0.005645,-0.037326,-0.000000,-0.001015,1.570097,0.000000,1.000000,1.100000,0.000000,0.000000,-1.571000,0.000110,1.004148,1.065203,1.463889
5.078000,-0.000110,-0.004150,0.034797,-0.000031,-0.005645,-0.037326,-0.000000,-0.001015,1.570097,0.000000,1.000000,1.100000,0.000000,0.000000,-1.571000,0.000110,1.004150,1.065203,1.463890
5.080000,-0.000110,-0.004151,0.034797,-0.000031,-0.005645,-0.037326,-0.000000,-0.001015,1.570097,0.000000,1.000000,1.100000,0.000000,0.000000,-1.571000,0.000110,1.004151,1.065203,1.463891
5.082000,-0.000110,-0.004153,0.034797,-0.000031,-0.005645,-0.037326,-0.000000,-0.001015,1.570097,0.000000,1.000000,1.100000,0.000000,0.000000,-1.571000,0.000110,1.004153,1.065203,1.463892
5.084000,-0.000110,-0.004155,0.034797,-0.000031,-0.005645,-0.037326,-0.000000,-0.001015,1.570097,0.000000,1.000000,1.100000,0.000000,0.000000,-1.571000,0.000110,1.004155,1.065203,1.463893
5.086000,-0.000110,-0.004156,0.034797,-0.000031,-0.005645,-0.037326,-0.000000,-0.001015,1.570097,0.000000,1.000000,1.100000,0.000000,0.000000,-1.571000,0.000110,1.004156,1.065203,1.463894
5.088000,-0.000110,-0.004158,0.034797,-0.000031,-0.005645,-0.037326,-0.000000,-0.001015,1.570097,0.000000,1.000000,1.100000,0.000000,0.000000,-1.571000,0.000110,1.004158,1.065203,1.463896
5.090000,-0.000110,-0.004160,0.034797,-0.000031,-0.005645,-0.037326,-0.000000,-0.001015,1.570097,0.000000,1.000000,1.100000,0.000000,0.000000,-1.571000,0.000110,1.004160,1.065203,1.463897
5.092000,-0.000110,-0.004161,0.034797,-0.000031,-0.005645,-0.037326,-0.000000,-0.001015,1.570097,0.000000,1.000000,1.100000,0.000000,0.000000,-1.571000,0.000110,1.004161,1.065203,1.463898
5.094000,-0.000110,-0.004163,0.034797,-0.000031,-0.005645,-0.037326,-0.000000,-0.001015,1.570097,0.000000,1.000000,1.100000,0.000000,0.000000,-1.571000,0.000110,1.004163,1.065203,1.463899
5.096000,-0.000110,-0.004165,0.034797,-0.000031,-0.005645,-0.037326,-0.000000,-0.001015,1.570097,0.000000,1.000000,1.100000,0.000000,0.000000,-1.571000,0.000110,1.004165,1.065203,1.463900
5.098000,-0.000110,-0.004166,0.034797,-0.000031,-0.005645,-0.037326,-0.000000,-0.001015,1.570097,0.000000,1.000000,1.100000,0.000000,0.000000,-1.571000,0.000110,1.004166,1.065203,1.463901
5.100000,-0.000111,-0.004168,0.034797,-0.000031,-0.005645,-0.037326,-0.000000,-0.001015,1.570097,0.000000,1.000000,1.100000,0.000000,0.000000,-1.571000,0.000111,1.004168,1.065203,1.463902
5.102000,-0.000111,-0.004170,0.034797,-0.000031,-0.005645,-0.037326,-0.000000,-0.001015,1.570097,0.000000,1.000000,1.100000,0.000000,0.000000,-1.571000,0.000111,1.004170,1.065203,1.463904
5.104000,-0.000111,-0.004171,0.034797,-0.000031,-0.005645,-0.037326,-0.000000,-0.001015,1.570098,0.000000,1.000000,1.100000,0.000000,0.000000,-1.571000,0.000111,1.004171,1.065203,1.463905
5.106000,-0.000111,-0.004173,0.034797,-0.000031,-0.005645,-0.037326,-0.000000,-0.001015,1.570098,0.000000,1.000000,1.100000,0.000000,0.000000,-1.571000,0.000111,1.004173,1.065203,1.463906
5.108000,-0.000111,-0.004175,0.034797,-0.000031,-0.005645,-0.037326,-0.000000,-0.001015,1.570098,0.000000,1.000000,1.100000,0.000000,0.000000,-1.571000,0.000111,1.004175,1.065203,1.463907
5.110000,-0.000111,-0.004176,0.034797,-0.000031,-0.005645,-0.037326,-0.000000,-0.001015,1.570098,0.000000,1.000000,1.100000,0.000000,0.000000,-1.571000,0.000111,1.004176,1.065203,1.463908
5.112000,-0.000111,-0.004178,0.034797,-0.000031,-0.005645,-0.037326,-0.000000,-0.001015,1.570098,0.000000,1.000000,1.100000,0.000000,0.000000,-1.571000,0.000111,1.004178,1.065203,1.463909
5.114000,-0.000111,-0.004180,0.034797,-0.000031,-0.005645,-0.037326,-0.000000,-0.001015,1.570098,0.000000,1.000000,1.100000,0.000000,0.000000,-1.571000,0.000111,1.004180,1.065203,1.463911
5.116000,-0.000111,-0.004181,0.034797,-0.000031,-0.005645,-0.037326,-0.000000,-0.001015,1.570098,0.000000,1.000000,1.100000,0.000000,0.000000,-1.571000,0.000111,1.004181,1.065203,1.463912
5.118000,-0.000111,-0.004183,0.034797,-0.000031,-0.005645,-0.037326,-0.000000,-0.001015,1.570098,0.000000,1.000000,1.100000,0.000000,0.000000,-1.571000,0.000111,1.004183,1.065203,1.463913
5.120000,-0.000111,-0.004185,0.034797,-0.000031,-0.005645,-0.037326,-0.000000,-0.001015,1.570098,0.000000,1.000000,1.100000,0.000000,0.000000,-1.571000,0.000111,1.004185,1.065203,1.463914
5.122000,-0.000111,-0.004186,0.034797,-0.000031,-0.005645,-0.037326,-0.000000,-0.001015,1.570098,0.000000,1.000000,1.100000,0.000000,0.000000,-1.571000,0.000111,1.004186,1.065203,1.463915
5.124000,-0.000111,-0.004188,0.034797,-0.000031,-0.005645,-0.037326,-0.000000,-0.001015,1.570098,0.000000,1.000000,1.100000,0.000000,0.000000,-1.571000,0.000111,1.004188,1.065203,1.463916
5.126000,-0.000111,-0.004190,0.034797,-0.000031,-0.005645,-0.037326,-0.000000,-0.001015,1.570098,0.000000,1.000000,1.100000,0.000000,0.000000,-1.571000,0.000111,1.004190,1.065203,1.463917
5.128000,-0.000111,-0.004191,0.034797,-0.000031,-0.005645,-0.037326,-0.000000,-0.001015,1.570098,0.000000,1.000000,1.100000,0.000000,0.000000,-1.571000,0.000111,1.004191,1.065203,1.463919
5.130000,-0.000111,-0.004193,0.034797,-0.000031,-0.005645,-0.037326,-0.000000,-0.001015,1.570098,0.000000,1.000000,1.100000,0.000000,0.000000,-1.571000,0.000111,1.004193,1.065203,1.463920
5.132000,-0.000111,-0.004195,0.034797,-0.000031,-0.005645,-0.037326,-0.000000,-0.001015,1.570098,0.000000,1.000000,1.100000,0.000000,0.000000,-1.571000,0.000111,1.004195,1.065203,1.463921
5.134000,-0.000111,-0.004196,0.034797,-0.000031,-0.005645,-0.037326,-0.000000,-0.001015,1.570098,0.000000,1.000000,1.100000,0.000000,0.000000,-1.571000,0.000111,1.004196,1.065203,1.463922
5.136000,-0.000111,-0.004198,0.034797,-0.000031,-0.005645,-0.037326,-0.000000,-0.001015,1.570098,0.000000,1.000000,1.100000,0.000000,0.000000,-1.571000,0.000111,1.004198,1.065203,1.463923
5.138000,-0.000111,-0.004200,0.034797,-0.000031,-0.005645,-0.037326,-0.000000,-0.001015,1.570098,0.000000,1.000000,1.100000,0.000000,0.000000,-1.571000,0.000111,1.004200,1.065203,1.463924
5.140000,-0.000111,-0.004201,0.034797,-0.000031,-0.005645,-0.037326,-0.000000,-0.001015,1.570098,0.000000,1.000000,1.100000,0.000000,0.000000,-1.571000,0.000111,1.004201,1.065203,1.463925
5.142000,-0.000111,-0.004203,0.034797,-0.000031,-0.005645,-0.037326,-0.000000,-0.001015,1.570098,0.000000,1.000000,1.100000,0.000000,0.000000,-1.571000,0.000111,1.004203,1.065203,1.463927
5.144000,-0.000111,-0.004205,0.034797,-0.000031,-0.005645,-0.037326,-0.000000,-0.001015,1.570098,0.000000,1.000000,1.100000,0.000000,0.000000,-1.571000,0.000111,1.004205,1.065203,1.463928
5.146000,-0.000112,-0.004206,0.034797,-0.000031,-0.005645,-0.037326,-0.000000,-0.001015,1.570098,0.000000,1.000000,1.100000,0.000000,0.000000,-1.571000,0.000112,1.004206,1.065203,1.463929
5.148000,-0.000112,-0.004208,0.034797,-0.000031,-0.005645,-0.037326,-0.000000,-0.001015,1.570098,0.000000,1.000000,1.100000,0.000000,0.000000,-1.571000,0.000112,1.004208,1.065203,1.463930
5.150000,-0.000112,-0.004210,0.034797,-0.000031,-0.005645,-0.037326,-0.000000,-0.001015,1.570098,0.000000,1.000000,1.100000,0.000000,0.000000,-1.571000,0.000112,1.004210,1.065203,1.463931
5.152000,-0.000112,-0.004211,0.034797,-0.000031,-0.005645,-0.037326,-0.000000,-0.001015,1.570098,0.000000,1.000000,1.100000,0.000000,0.000000,-1.571000,0.000112,1.004211,1.065203,1.463932
5.154000,-0.000112,-0.004213,0.034797,-0.000031,-0.005645,-0.037326,-0.000000,-0.001015,1.570099,0.000000,1.000000,1.100000,0.000000,0.000000,-1.571000,0.000112,1.004213,1.065203,1.463933
5.156000,-0.000112,-0.004215,0.034797,-0.000031,-0.005645,-0.037326,-0.000000,-0.001015,1.570099,0.000000,1.000000,1.100000,0.000000,0.000000,-1.571000,0.000112,1.004215,1.065203,1.463935
5.158000,-0.000112,-0.004216,0.034797,-0.000031,-0.005645,-0.037326,-0.000000,-0.001015,1.570099,0.000000,1.000000,1.100000,0.000000,0.000000,-1.571000,0.000112,1.004216,1.065203,1.463936
5.160000,-0.000112,-0.004218,0.034797,-0.000031,-0.005645,-0.037326,-0.000000,-0.001015,1.570099,0.000000,1.000000,1.100000,0.000000,0.000000,-1.571000,0.000112,1.004218,1.065203,1.463937
5.162000,-0.000112,-0.004220,0.034797,-0.000031,-0.005645,-0.037326,-0.000000,-0.001015,1.570099,0.000000,1.000000,1.100000,0.000000,0.000000,-1.571000,0.000112,1.004220,1.065203,1.463938
5.164000,-0.000112,-0.004222,0.034797,-0.000031,-0.005645,-0.037326,-0.000000,-0.001015,1.570099,0.000000,1.000000,1.100000,0.000000,0.000000,-1.571000,0.000112,1.004222,1.065203,1.463939
5.166000,-0.000112,-0.004223,0.034797,-0.000031,-0.005645,-0.037326,-0.000000,-0.001015,1.570099,0.000000,1.000000,1.100000,0.000000,0.000000,-1.571000,0.000112,1.004223,1.065203,1.463940
5.168000,-0.000112,-0.004225,0.034797,-0.000031,-0.005645,-0.037326,-0.000000,-0.001015,1.570099,0.000000,1.000000,1.100000,0.000000,0.000000,-1.571000,0.000112,1.004225,1.065203,1.463942
5.170000,-0.000112,-0.004227,0.034797,-0.000031,-0.005645,-0.037326,-0.000000,-0.001015,1.570099,0.000000,1.000000,1.100000,0.000000,0.000000,-1.571000,0.000112,1.004227,1.065203,1.463943
5.172000,-0.000112,-0.004228,0.034797,-0.000031,-0.005645,-0.037326,-0.000000,-0.001015,1.570099,0.000000,1.000000,1.100000,0.000000,0.000000,-1.571000,0.000112,1.004228,1.065203,1.463944
5.174000,-0.000112,-0.004230,0.034797,-0.000031,-0.005645,-0.037326,-0.000000,-0.001015,1.570099,0.000000,1.000000,1.100000,0.000000,0.000000,-1.571000,0.000112,1.004230,1.065203,1.463945
5.176000,-0.000112,-0.004232,0.034797,-0.000031,-0.005645,-0.037326,-0.000000,-0.001015,1.570099,0.000000,1.000000,1.100000,0.000000,0.000000,-1.571000,0.000112,1.004232,1.065203,1.463946
5.178000,-0.000112,-0.004233,0.034797,-0.000031,-0.005645,-0.037326,-0.000000,-0.001015,1.570099,0.000000,1.000000,1.100000,0.000000,0.000000,-1.571000,0.000112,1.004233,1.065203,1.463947
5.180000,-0.000112,-0.004235,0.034797,-0.000031,-0.005645,-0.037326,-0.000000,-0.001015,1.570099,0.000000,1.000000,1.100000,0.000000,0.000000,-1.571000,0.000112,1.004235,1.065203,1.463948
5.182000,-0.000112,-0.004237,0.034797,-0.000031,-0.005645,-0.037326,-0.000000,-0.001015,1.570099,0.000000,1.000000,1.100000,0.000000,0.000000,-1.571000,0.000112,1.004237,1.065203,1.463950
5.184000,-0.000112,-0.004238,0.034797,-0.000031,-0.005645,-0.037326,-0.000000,-0.001015,1.570099,0.000000,1.000000,1.100000,0.000000,0.000000,-1.571000,0.000112,1.004238,1.065203,1.463951
5.186000,-0.000112,-0.004240,0.034797,-0.000031,-0.005645,-0.037326,-0.000000,-0.001015,1.570099,0.000000,1.000000,1.100000,0.000000,0.000000,-1.571000,0.000112,1.004240,1.065203,1.463952
5.188000,-0.000112,-0.004242,0.034797,-0.000031,-0.005645,-0.037326,-0.000000,-0.001015,1.570099,0.000000,1.000000,1.100000,0.000000,0.000000,-1.571000,0.000112,1.004242,1.065203,1.463953
5.190000,-0.000113,-0.004243,0.034797,-0.000031,-0.005645,-0.037326,-0.000000,-0.001015,1.570099,0.000000,1.000000,1.100000,0.000000,0.000000,-1.571000,0.000113,1.004243,1.065203,1.463954
5.192000,-0.000113,-0.004245,0.034797,-0.000031,-0.005645,-0.037326,-0.000000,-0.001015,1.570099,0.000000,1.000000,1.100000,0.000000,0.000000,-1.571000,0.000113,1.004245,1.065203,1.463955
5.194000,-0.000113,-0.004247,0.034797,-0.000031,-0.005645,-0.037326,-0.000000,-0.001015,1.570099,0.000000,1.000000,1.100000,0.000000,0.000000,-1.571000,0.000113,1.004247,1.065203,1.463956
5.196000,-0.000113,-0.004248,0.034797,-0.000031,-0.005645,-0.037326,-0.000000,-0.001015,1.570099,0.000000,1.000000,1.100000,0.000000,0.000000,-1.571000,0.000113,1.004248,1.065203,1.463958
5.198000,-0.000113,-0.004250,0.034797,-0.000031,-0.005645,-0.037326,-0.000000,-0.001015,1.570099,0.000000,1.000000,1.100000,0.000000,0.000000,-1.571000,0.000113,1.004250,1.065203,1.463959
5.200000,-0.000113,-0.004252,0.034797,-0.000031,-0.005645,-0.037326,-0.000000,-0.001015,1.570099,0.000000,1.000000,1.100000,0.000000,0.000000,-1.571000,0.000113,1.004252,1.065203,1.463960
5.202000,-0.000113,-0.004253,0.034797,-0.000031,-0.005645,-0.037326,-0.000000,-0.001015,1.570099,0.000000,1.000000,1.100000,0.000000,0.000000,-1.571000,0.000113,1.004253,1.065203,1.463961
5.204000,-0.000113,-0.004255,0.034797,-0.000031,-0.005645,-0.037326,-0.000000,-0.001015,1.570099,0.000000,1.000000,1.100000,0.000000,0.000000,-1.571000,0.000113,1.004255,1.065203,1.463962
5.206000,-0.000113,-0.004257,0.034797,-0.000031,-0.005645,-0.037326,-0.000000,-0.001015,1.570100,0.000000,1.000000,1.100000,0.000000,0.000000,-1.571000,0.000113,1.004257,1.065203,1.463963
5.208000,-0.000113,-0.004258,0.034797,-0.000031,-0.005645,-0.037326,-0.000000,-0.001015,1.570100,0.000000,1.000000,1.100000,0.000000,0.000000,-1.571000,0.000113,1.004258,1.065203,1.463965
5.210000,-0.000113,-0.004260,0.034797,-0.000031,-0.005645,-0.037326,-0.000000,-0.001015,1.570100,0.000000,1.000000,1.100000,0.000000,0.000000,-1.571000,0.000113,1.004260,1.065203,1.463966
5.212000,-0.000113,-0.004262,0.034797,-0.000031,-0.005645,-0.037326,-0.000000,-0.001015,1.570100,0.000000,1.000000,1.100000,0.000000,0.000000,-1.571000,0.000113,1.004262,1.065203,1.463967
5.214000,-0.000113,-0.004263,0.034797,-0.000031,-0.005645,-0.037326,-0.000000,-0.001015,1.570100,0.000000,1.000000,1.100000,0.000000,0.000000,-1.571000,0.000113,1.004263,1.065203,1.463968
5.216000,-0.000113,-0.004265,0.034797,-0.000031,-0.005645,-0.037326,-0.000000,-0.001015,1.570100,0.000000,1.000000,1.100000,0.000000,0.000000,-1.571000,0.000113,1.004265,1.065203,1.463969
5.218000,-0.000113,-0.004267,0.034797,-0.000031,-0.005645,-0.037326,-0.000000,-0.001015,1.570100,0.000000,1.000000,1.100000,0.000000,0.000000,-1.571000,0.000113,1.004267,1.065203,1.463970
5.220000,-0.000113,-0.004268,0.034797,-0.000031,-0.005645,-0.037326,-0.000000,-0.001015,1.570100,0.000000,1.000000,1.100000,0.000000,0.000000,-1.571000,0.000113,1.004268,1.065203,1.463971
5.222000,-0.000113,-0.004270,0.034797,-0.000031,-0.005645,-0.037326,-0.000000,-0.001015,1.570100,0.000000,1.000000,1.100000,0.000000,0.000000,-1.571000,0.000113,1.004270,1.065203,1.463973
5.224000,-0.000113,-0.004272,0.034797,-0.000031,-0.005645,-0.037326,-0.000000,-0.001015,1.570100,0.000000,1.000000,1.100000,0.000000,0.000000,-1.571000,0.000113,1.004272,1.065203,1.463974
5.226000,-0.000113,-0.004273,0.034797,-0.000031,-0.005645,-0.037326,-0.000000,-0.001015,1.570100,0.000000,1.000000,1.100000,0.000000,0.000000,-1.571000,0.000113,1.004273,1.065203,1.463975
5.228000,-0.000113,-0.004275,0.034797,-0.000031,-0.005645,-0.037326,-0.000000,-0.001015,1.570100,0.000000,1.000000,1.100000,0.000000,0.000000,-1.571000,0.000113,1.004275,1.065203,1.463976
5.230000,-0.000113,-0.004277,0.034797,-0.000031,-0.005645,-0.037326,-0.000000,-0.001015,1.570100,0.000000,1.000000,1.100000,0.000000,0.000000,-1.571000,0.000113,1.004277,1.065203,1.463977
5.232000,-0.000113,-0.004278,0.034797,-0.000031,-0.005645,-0.037326,-0.000000,-0.001015,1.570100,0.000000,1.000000,1.100000,0.000000,0.000000,-1.571000,0.000113,1.004278,1.065203,1.463978
5.234000,-0.000114,-0.004280,0.034797,-0.000031,-0.005645,-0.037326,-0.000000,-0.001015,1.570100,0.000000,1.000000,1.100000,0.000000,0.000000,-1.571000,0.000114,1.004280,1.065203,1.463979
5.236000,-0.000114,-0.004282,0.034797,-0.000031,-0.005645,-0.037326,-0.000000,-0.001015,1.570100,0.000000,1.000000,1.100000,0.000000,0.000000,-1.571000,0.000114,1.004282,1.065203,1.463981
5.238000,-0.000114,-0.004283,0.034797,-0.000031,-0.005645,-0.037326,-0.000000,-0.001015,1.570100,0.000000,1.000000,1.100000,0.000000,0.000000,-1.571000,0.000114,1.004283,1.065203,1.463982
5.240000,-0.000114,-0.004285,0.034797,-0.000031,-0.005645,-0.037326,-0.000000,-0.001015,1.570100,0.000000,1.000000,1.100000,0.000000,0.000000,-1.571000,0.000114,1.004285,1.065203,1.463983
5.242000,-0.000114,-0.004287,0.034797,-0.000031,-0.005645,-0.037326,-0.000000,-0.001015,1.570100,0.000000,1.000000,1.100000,0.000000,0.000000,-1.571000,0.000114,1.004287,1.065203,1.463984
5.244000,-0.000114,-0.004289,0.034797,-0.000031,-0.005645,-0.037326,-0.000000,-0.001015,1.570100,0.000000,1.000000,1.100000,0.000000,0.000000,-1.571000,0.000114,1.004289,1.065203,1.463985
5.246000,-0.000114,-0.004290,0.034797,-0.000031,-0.005645,-0.037326,-0.000000,-0.001015,1.570100,0.000000,1.000000,1.100000,0.000000,0.000000,-1.571000,0.000114,1.004290,1.065203,1.463986
5.248000,-0.000114,-0.004292,0.034797,-0.000031,-0.005645,-0.037326,-0.000000,-0.001015,1.570100,0.000000,1.000000,1.100000,0.000000,0.000000,-1.571000,0.000114,1.004292,1.065203,1.463987
5.250000,-0.000114,-0.004294,0.034797,-0.000031,-0.005645,-0.037326,-0.000000,-0.001015,1.570100,0.000000,1.000000,1.100000,0.000000,0.000000,-1.571000,0.000114,1.004294,1.065203,1.463989
5.252000,-0.000114,-0.004295,0.034797,-0.000031,-0.005645,-0.037326,-0.000000,-0.001015,1.570100,0.000000,1.000000,1.100000,0.000000,0.000000,-1.571000,0.000114,1.004295,1.065203,1.463990
5.254000,-0.000114,-0.004297,0.034797,-0.000031,-0.005645,-0.037326,-0.000000,-0.001015,1.570100,0.000000,1.000000,1.100000,0.000000,0.000000,-1.571000,0.000114,1.004297,1.065203,1.463991
5.256000,-0.000114,-0.004299,0.034797,-0.000031,-0.005645,-0.037326,-0.000000,-0.001015,1.570101,0.000000,1.000000,1.100000,0.000000,0.000000,-1.571000,0.000114,1.004299,1.065203,1.463992
5.258000,-0.000114,-0.004300,0.034797,-0.000031,-0.005645,-0.037326,-0.000000,-0.001015,1.570101,0.000000,1.000000,1.100000,0.000000,0.000000,-1.571000,0.000114,1.004300,1.065203,1.463993
5.260000,-0.000114,-0.004302,0.034797,-0.000031,-0.005645,-0.037326,-0.000000,-0.001015,1.570101,0.000000,1.000000,1.100000,0.000000,0.000000,-1.571000,0.000114,1.004302,1.065203,1.463994
5.262000,-0.000114,-0.004304,0.034797,-0.000031,-0.005645,-0.037326,-0.000000,-0.001015,1.570101,0.000000,1.000000,1.100000,0.000000,0.000000,-1.571000,0.000114,1.004304,1.065203,1.463996
5.264000,-0.000114,-0.004305,0.034797,-0.000031,-0.005645,-0.037326,-0.000000,-0.001015,1.570101,0.000000,1.000000,1.100000,0.000000,0.000000,-1.571000,0.000114,1.004305,1.065203,1.463997
5.266000,-0.000114,-0.004307,0.034797,-0.000031,-0.005645,-0.037326,-0.000000,-0.001015,1.570101,0.000000,1.000000,1.100000,0.000000,0.000000,-1.571000,0.000114,1.004307,1.065203,1.463998
5.268000,-0.000114,-0.004309,0.034797,-0.000031,-0.005645,-0.037326,-0.000000,-0.001015,1.570101,0.000000,1.000000,1.100000,0.000000,0.000000,-1.571000,0.000114,1.004309,1.065203,1.463999
5.270000,-0.000114,-0.004310,0.034797,-0.000031,-0.005645,-0.037326,-0.000000,-0.001015,1.570101,0.000000,1.000000,1.100000,0.000000,0.000000,-1.571000,0.000114,1.004310,1.065203,1.464000
5.272000,-0.000114,-0.004312,0.034797,-0.000031,-0.005645,-0.037326,-0.000000,-0.001015,1.570101,0.000000,1.000000,1.100000,0.000000,0.000000,-1.571000,0.000114,1.004312,1.065203,1.464001
5.274000,-0.000114,-0.004314,0.034797,-0.000031,-0.005645,-0.037326,-0.000000,-0.001015,1.570101,0.000000,1.000000,1.100000,0.000000,0.000000,-1.571000,0.000114,1.004314,1.065203,1.464002
5.276000,-0.000114,-0.004315,0.034797,-0.000031,-0.005645,-0.037326,-0.000000,-0.001015,1.570101,0.000000,1.000000,1.100000,0.000000,0.000000,-1.571000,0.000114,1.004315,1.065203,1.464004
5.278000,-0.000115,-0.004317,0.034797,-0.000031,-0.005645,-0.037326,-0.000000,-0.001015,1.570101,0.000000,1.000000,1.100000,0.000000,0.000000,-1.571000,0.000115,1.004317,1.065203,1.464005
5.280000,-0.000115,-0.004319,0.034797,-0.000031,-0.005645,-0.037326,-0.000000,-0.001015,1.570101,0.000000,1.000000,1.100000,0.000000,0.000000,-1.571000,0.000115,1.004319,1.065203,1.464006
5.282000,-0.000115,-0.004320,0.034797,-0.000031,-0.005645,-0.037326,-0.000000,-0.001015,1.570101,0.000000,1.000000,1.100000,0.000000,0.000000,-1.571000,0.000115,1.004320,1.065203,1.464007
5.284000,-0.000115,-0.004322,0.034797,-0.000031,-0.005645,-0.037326,-0.000000,-0.001015,1.570101,0.000000,1.000000,1.100000,0.000000,0.000000,-1.571000,0.000115,1.004322,1.065203,1.464008
5.286000,-0.000115,-0.004324,0.034797,-0.000031,-0.005645,-0.037326,-0.000000,-0.001015,1.570101,0.000000,1.000000,1.100000,0.000000,0.000000,-1.571000,0.000115,1.004324,1.065203,1.464009
5.288000,-0.000115,-0.004325,0.034797,-0.000031,-0.005645,-0.037326,-0.000000,-0.001015,1.570101,0.000000,1.000000,1.100000,0.000000,0.000000,-1.571000,0.000115,1.004325,1.065203,1.464010
5.290000,-0.000115,-0.004327,0.034797,-0.000031,-0.005645,-0.037326,-0.000000,-0.001015,1.570101,0.000000,1.000000,1.100000,0.000000,0.000000,-1.571000,0.000115,1.004327,1.065203,1.464012
5.292000,-0.000115,-0.004329,0.034797,-0.000031,-0.005645,-0.037326,-0.000000,-0.001015,1.570101,0.000000,1.000000,1.100000,0.000000,0.000000,-1.571000,0.000115,1.004329,1.065203,1.464013
5.294000,-0.000115,-0.004330,0.034797,-0.000031,-0.005645,-0.037326,-0.000000,-0.001015,1.570101,0.000000,1.000000,1.100000,0.000000,0.000000,-1.571000,0.000115,1.004330,1.065203,1.464014
5.296000,-0.000115,-0.004332,0.034797,-0.000031,-0.005645,-0.037326,-0.000000,-0.001015,1.570101,0.000000,1.000000,1.100000,0.000000,0.000000,-1.571000,0.000115,1.004332,1.065203,1.464015
5.298000,-0.000115,-0.004334,0.034797,-0.000031,-0.005645,-0.037326,-0.000000,-0.001015,1.570101,0.000000,1.000000,1.100000,0.000000,0.000000,-1.571000,0.000115,1.004334,1.065203,1.464016
5.300000,-0.000115,-0.004335,0.034797,-0.000031,-0.005645,-0.037326,-0.000000,-0.001015,1.570101,0.000000,1.000000,1.100000,0.000000,0.000000,-1.571000,0.000115,1.004335,1.065203,1.464017
5.302000,-0.000115,-0.004337,0.034797,-0.000031,-0.005645,-0.037326,-0.000000,-0.001015,1.570101,0.000000,1.000000,1.100000,0.000000,0.000000,-1.571000,0.000115,1.004337,1.065203,1.464018
5.304000,-0.000115,-0.004339,0.034797,-0.000031,-0.005645,-0.037326,-0.000000,-0.001015,1.570101,0.000000,1.000000,1.100000,0.000000,0.000000,-1.571000,0.000115,1.004339,1.065203,1.464020
5.306000,-0.000115,-0.004340,0.034797,-0.000031,-0.005645,-0.037326,-0.000000,-0.001015,1.570102,0.000000,1.000000,1.100000,0.000000,0.000000,-1.571000,0.000115,1.004340,1.065203,1.464021
5.308000,-0.000115,-0.004342,0.034797,-0.000031,-0.005645,-0.037326,-0.000000,-0.001015,1.570102,0.000000,1.000000,1.100000,0.000000,0.000000,-1.571000,0.000115,1.004342,1.065203,1.464022
5.310000,-0.000115,-0.004344,0.034797,-0.000031,-0.005645,-0.037326,-0.000000,-0.001015,1.570102,0.000000,1.000000,1.100000,0.000000,0.000000,-1.571000,0.000115,1.004344,1.065203,1.464023
5.312000,-0.000115,-0.004345,0.034797,-0.000031,-0.005645,-0.037326,-0.000000,-0.001015,1.570102,0.000000,1.000000,1.100000,0.000000,0.000000,-1.571000,0.000115,1.004345,1.065203,1.464024
5.314000,-0.000115,-0.004347,0.034797,-0.000031,-0.005645,-0.037326,-0.000000,-0.001015,1.570102,0.000000,1.000000,1.100000,0.000000,0.000000,-1.571000,0.000115,1.004347,1.065203,1.464025
5.316000,-0.000115,-0.004349,0.034797,-0.000031,-0.005645,-0.037326,-0.000000,-0.001015,1.570102,0.000000,1.000000,1.100000,0.000000,0.000000,-1.571000,0.000115,1.004349,1.065203,1.464027
5.318000,-0.000115,-0.004350,0.034797,-0.000031,-0.005645,-0.037326,-0.000000,-0.001015,1.570102,0.000000,1.000000,1.100000,0.000000,0.000000,-1.571000,0.000115,1.004350,1.065203,1.464028
5.320000,-0.000115,-0.004352,0.034797,-0.000031,-0.005645,-0.037326,-0.000000,-0.001015,1.570102,0.000000,1.000000,1.100000,0.000000,0.000000,-1.571000,0.000115,1.004352,1.065203,1.464029
5.322000,-0.000115,-0.004354,0.034797,-0.000031,-0.005645,-0.037326,-0.000000,-0.001015,1.570102,0.000000,1.000000,1.100000,0.000000,0.000000,-1.571000,0.000115,1.004354,1.065203,1.464030
5.324000,-0.000116,-0.004355,0.034797,-0.000031,-0.005645,-0.037326,-0.000000,-0.001015,1.570102,0.000000,1.000000,1.100000,0.000000,0.000000,-1.571000,0.000116,1.004355,1.065203,1.464031
5.326000,-0.000116,-0.004357,0.034797,-0.000031,-0.005645,-0.037326,-0.000000,-0.001015,1.570102,0.000000,1.000000,1.100000,0.000000,0.000000,-1.571000,0.000116,1.004357,1.065203,1.464032
5.328000,-0.000116,-0.004359,0.034797,-0.000031,-0.005645,-0.037326,-0.000000,-0.001015,1.570102,0.000000,1.000000,1.100000,0.000000,0.000000,-1.571000,0.000116,1.004359,1.065203,1.464033
5.330000,-0.000116,-0.004361,0.034797,-0.000031,-0.005645,-0.037326,-0.000000,-0.001015,1.570102,0.000000,1.000000,1.100000,0.000000,0.000000,-1.571000,0.000116,1.004361,1.065203,1.464035
5.332000,-0.000116,-0.004362,0.034797,-0.000031,-0.005645,-0.037326,-0.000000,-0.001015,1.570102,0.000000,1.000000,1.100000,0.000000,0.000000,-1.571000,0.000116,1.004362,1.065203,1.464036
5.334000,-0.000116,-0.004364,0.034797,-0.000031,-0.005645,-0.037326,-0.000000,-0.001015,1.570102,0.000000,1.000000,1.100000,0.000000,0.000000,-1.571000,0.000116,1.004364,1.065203,1.464037
5.336000,-0.000116,-0.004366,0.034797,-0.000031,-0.005645,-0.037326,-0.000000,-0.001015,1.570102,0.000000,1.000000,1.100000,0.000000,0.000000,-1.571000,0.000116,1.004366,1.065203,1.464038
5.338000,-0.000116,-0.004367,0.034797,-0.000031,-0.005645,-0.037326,-0.000000,-0.001015,1.570102,0.000000,1.000000,1.100000,0.000000,0.000000,-1.571000,0.000116,1.004367,1.065203,1.464039
5.340000,-0.000116,-0.004369,0.034797,-0.000031,-0.005645,-0.037326,-0.000000,-0.001015,1.570102,0.000000,1.000000,1.100000,0.000000,0.000000,-1.571000,0.000116,1.004369,1.065203,1.464040
5.342000,-0.000116,-0.004371,0.034797,-0.000031,-0.005645,-0.037326,-0.000000,-0.001015,1.570102,0.000000,1.000000,1.100000,0.000000,0.000000,-1.571000,0.000116,1.004371,1.065203,1.464041
5.344000,-0.000116,-0.004372,0.034797,-0.000031,-0.005645,-0.037326,-0.000000,-0.001015,1.570102,0.000000,1.000000,1.100000,0.000000,0.000000,-1.571000,0.000116,1.004372,1.065203,1.464043
5.346000,-0.000116,-0.004374,0.034797,-0.000031,-0.005645,-0.037326,-0.000000,-0.001015,1.570102,0.000000,1.000000,1.100000,0.000000,0.000000,-1.571000,0.000116,1.004374,1.065203,1.464044
5.348000,-0.000116,-0.004376,0.034797,-0.000031,-0.005645,-0.037326,-0.000000,-0.001015,1.570102,0.000000,1.000000,1.100000,0.000000,0.000000,-1.571000,0.000116,1.004376,1.065203,1.464045
5.350000,-0.000116,-0.004377,0.034797,-0.000031,-0.005645,-0.037326,-0.000000,-0.001015,1.570102,0.000000,1.000000,1.100000,0.000000,0.000000,-1.571000,0.000116,1.004377,1.065203,1.464046
5.352000,-0.000116,-0.004379,0.034797,-0.000031,-0.005645,-0.037326,-0.000000,-0.001015,1.570102,0.000000,1.000000,1.100000,0.000000,0.000000,-1.571000,0.000116,1.004379,1.065203,1.464047
5.354000,-0.000116,-0.004381,0.034797,-0.000031,-0.005645,-0.037326,-0.000000,-0.001015,1.570102,0.000000,1.000000,1.100000,0.000000,0.000000,-1.571000,0.000116,1.004381,1.065203,1.464048
5.356000,-0.000116,-0.004382,0.034797,-0.000031,-0.005645,-0.037326,-0.000000,-0.001015,1.570102,0.000000,1.000000,1.100000,0.000000,0.000000,-1.571000,0.000116,1.004382,1.065203,1.464050
5.358000,-0.000116,-0.004384,0.034797,-0.000031,-0.005645,-0.037326,-0.000000,-0.001015,1.570103,0.000000,1.000000,1.100000,0.000000,0.000000,-1.571000,0.000116,1.004384,1.065203,1.464051
5.360000,-0.000116,-0.004386,0.034797,-0.000031,-0.005645,-0.037326,-0.000000,-0.001015,1.570103,0.000000,1.000000,1.100000,0.000000,0.000000,-1.571000,0.000116,1.004386,1.065203,1.464052
5.362000,-0.000116,-0.004387,0.034797,-0.000031,-0.005645,-0.037326,-0.000000,-0.001015,1.570103,0.000000,1.000000,1.100000,0.000000,0.000000,-1.571000,0.000116,1.004387,1.065203,1.464053
5.364000,-0.000116,-0.004389,0.034797,-0.000031,-0.005645,-0.037326,-0.000000,-0.001015,1.570103,0.000000,1.000000,1.100000,0.000000,0.000000,-1.571000,0.000116,1.004389,1.065203,1.464054
5.366000,-0.000116,-0.004391,0.034797,-0.000031,-0.005645,-0.037326,-0.000000,-0.001015,1.570103,0.000000,1.000000,1.100000,0.000000,0.000000,-1.571000,0.000116,1.004391,1.065203,1.464055
5.368000,-0.000117,-0.004392,0.034797,-0.000031,-0.005645,-0.037326,-0.000000,-0.001015,1.570103,0.000000,1.000000,1.100000,0.000000,0.000000,-1.571000,0.000117,1.004392,1.065203,1.464056
5.370000,-0.000117,-0.004394,0.034797,-0.000031,-0.005645,-0.037326,-0.000000,-0.001015,1.570103,0.000000,1.000000,1.100000,0.000000,0.000000,-1.571000,0.000117,1.004394,1.065203,1.464058
5.372000,-0.000117,-0.004396,0.034797,-0.000031,-0.005645,-0.037326,-0.000000,-0.001015,1.570103,0.000000,1.000000,1.100000,0.000000,0.000000,-1.571000,0.000117,1.004396,1.065203,1.464059
5.374000,-0.000117,-0.004397,0.034797,-0.000031,-0.005645,-0.037326,-0.000000,-0.001015,1.570103,0.000000,1.000000,1.100000,0.000000,0.000000,-1.571000,0.000117,1.004397,1.065203,1.464060
5.376000,-0.000117,-0.004399,0.034797,-0.000031,-0.005645,-0.037326,-0.000000,-0.001015,1.570103,0.000000,1.000000,1.100000,0.000000,0.000000,-1.571000,0.000117,1.004399,1.065203,1.464061
5.378000,-0.000117,-0.004401,0.034797,-0.000031,-0.005645,-0.037326,-0.000000,-0.001015,1.570103,0.000000,1.000000,1.100000,0.000000,0.000000,-1.571000,0.000117,1.004401,1.065203,1.464062
5.380000,-0.000117,-0.004402,0.034797,-0.000031,-0.005645,-0.037326,-0.000000,-0.001015,1.570103,0.000000,1.000000,1.100000,0.000000,0.000000,-1.571000,0.000117,1.004402,1.065203,1.464063
5.382000,-0.000117,-0.004404,0.034797,-0.000031,-0.005645,-0.037326,-0.000000,-0.001015,1.570103,0.000000,1.000000,1.100000,0.000000,0.000000,-1.571000,0.000117,1.004404,1.065203,1.464064
5.384000,-0.000117,-0.004406,0.034797,-0.000031,-0.005645,-0.037326,-0.000000,-0.001015,1.570103,0.000000,1.000000,1.100000,0.000000,0.000000,-1.571000,0.000117,1.004406,1.065203,1.464066
5.386000,-0.000117,-0.004407,0.034797,-0.000031,-0.005645,-0.037326,-0.000000,-0.001015,1.570103,0.000000,1.000000,1.100000,0.000000,0.000000,-1.571000,0.000117,1.004407,1.065203,1.464067
5.388000,-0.000117,-0.004409,0.034797,-0.000031,-0.005645,-0.037326,-0.000000,-0.001015,1.570103,0.000000,1.000000,1.100000,0.000000,0.000000,-1.571000,0.000117,1.004409,1.065203,1.464068
5.390000,-0.000117,-0.004411,0.034797,-0.000031,-0.005645,-0.037326,-0.000000,-0.001015,1.570103,0.000000,1.000000,1.100000,0.000000,0.000000,-1.571000,0.000117,1.004411,1.065203,1.464069
5.392000,-0.000117,-0.004412,0.034797,-0.000031,-0.005645,-0.037326,-0.000000,-0.001015,1.570103,0.000000,1.000000,1.100000,0.000000,0.000000,-1.571000,0.000117,1.004412,1.065203,1.464070
5.394000,-0.000117,-0.004414,0.034797,-0.000031,-0.005645,-0.037326,-0.000000,-0.001015,1.570103,0.000000,1.000000,1.100000,0.000000,0.000000,-1.571000,0.000117,1.004414,1.065203,1.464071
5.396000,-0.000117,-0.004416,0.034797,-0.000031,-0.005645,-0.037326,-0.000000,-0.001015,1.570103,0.000000,1.000000,1.100000,0.000000,0.000000,-1.571000,0.000117,1.004416,1.065203,1.464072
5.398000,-0.000117,-0.004417,0.034797,-0.000031,-0.005645,-0.037326,-0.000000,-0.001015,1.570103,0.000000,1.000000,1.100000,0.000000,0.000000,-1.571000,0.000117,1.004417,1.065203,1.464074
5.400000,-0.000117,-0.004419,0.034797,-0.000031,-0.005645,-0.037326,-0.000000,-0.001015,1.570103,0.000000,1.000000,1.100000,0.000000,0.000000,-1.571000,0.000117,1.004419,1.065203,1.464075
5.402000,-0.000117,-0.004421,0.034797,-0.000031,-0.005645,-0.037326,-0.000000,-0.001015,1.570103,0.000000,1.000000,1.100000,0.000000,0.000000,-1.571000,0.000117,1.004421,1.065203,1.464076
5.404000,-0.000117,-0.004422,0.034797,-0.000031,-0.005645,-0.037326,-0.000000,-0.001015,1.570103,0.000000,1.000000,1.100000,0.000000,0.000000,-1.571000,0.000117,1.004422,1.065203,1.464077
5.406000,-0.000117,-0.004424,0.034797,-0.000031,-0.005645,-0.037326,-0.000000,-0.001015,1.570103,0.000000,1.000000,1.100000,0.000000,0.000000,-1.571000,0.000117,1.004424,1.065203,1.464078
5.408000,-0.000117,-0.004426,0.034797,-0.000031,-0.005645,-0.037326,-0.000000,-0.001015,1.570104,0.000000,1.000000,1.100000,0.000000,0.000000,-1.571000,0.000117,1.004426,1.065203,1.464079
5.410000,-0.000117,-0.004428,0.034797,-0.000031,-0.005645,-0.037326,-0.000000,-0.001015,1.570104,0.000000,1.000000,1.100000,0.000000,0.000000,-1.571000,0.000117,1.004428,1.065203,1.464081
5.412000,-0.000118,-0.004429,0.034797,-0.000031,-0.005645,-0.037326,-0.000000,-0.001015,1.570104,0.000000,1.000000,1.100000,0.000000,0.000000,-1.571000,0.000118,1.004429,1.065203,1.464082
5.414000,-0.000118,-0.004431,0.034797,-0.000031,-0.005645,-0.037326,-0.000000,-0.001015,1.570104,0.000000,1.000000,1.100000,0.000000,0.000000,-1.571000,0.000118,1.004431,1.065203,1.464083
5.416000,-0.000118,-0.004433,0.034797,-0.000031,-0.005645,-0.037326,-0.000000,-0.001015,1.570104,0.000000,1.000000,1.100000,0.000000,0.000000,-1.571000,0.000118,1.004433,1.065203,1.464084
5.418000,-0.000118,-0.004434,0.034797,-0.000031,-0.005645,-0.037326,-0.000000,-0.001015,1.570104,0.000000,1.000000,1.100000,0.000000,0.000000,-1.571000,0.000118,1.004434,1.065203,1.464085
5.420000,-0.000118,-0.004436,0.034797,-0.000031,-0.005645,-0.037326,-0.000000,-0.001015,1.570104,0.000000,1.000000,1.100000,0.000000,0.000000,-1.571000,0.000118,1.004436,1.065203,1.464086
5.422000,-0.000118,-0.004438,0.034797,-0.000031,-0.005645,-0.037326,-0.000000,-0.001015,1.570104,0.000000,1.000000,1.100000,0.000000,0.000000,-1.571000,0.000118,1.004438,1.065203,1.464087
5.424000,-0.000118,-0.004439,0.034797,-0.000031,-0.005645,-0.037326,-0.000000,-0.001015,1.570104,0.000000,1.000000,1.100000,0.000000,0.000000,-1.571000,0.000118,1.004439,1.065203,1.464089
5.426000,-0.000118,-0.004441,0.034797,-0.000031,-0.005645,-0.037326,-0.000000,-0.001015,1.570104,0.000000,1.000000,1.100000,0.000000,0.000000,-1.571000,0.000118,1.004441,1.065203,1.464090
5.428000,-0.000118,-0.004443,0.034797,-0.000031,-0.005645,-0.037326,-0.000000,-0.001015,1.570104,0.000000,1.000000,1.100000,0.000000,0.000000,-1.571000,0.000118,1.004443,1.065203,1.464091
5.430000,-0.000118,-0.004444,0.034797,-0.000031,-0.005645,-0.037326,-0.000000,-0.001015,1.570104,0.000000,1.000000,1.100000,0.000000,0.000000,-1.571000,0.000118,1.004444,1.065203,1.464092
5.432000,-0.000118,-0.004446,0.034797,-0.000031,-0.005645,-0.037326,-0.000000,-0.001015,1.570104,0.000000,1.000000,1.100000,0.000000,0.000000,-1.571000,0.000118,1.004446,1.065203,1.464093
5.434000,-0.000118,-0.004448,0.034797,-0.000031,-0.005645,-0.037326,-0.000000,-0.001015,1.570104,0.000000,1.000000,1.100000,0.000000,0.000000,-1.571000,0.000118,1.004448,1.065203,1.464094
5.436000,-0.000118,-0.004449,0.034797,-0.000031,-0.005645,-0.037326,-0.000000,-0.001015,1.570104,0.000000,1.000000,1.100000,0.000000,0.000000,-1.571000,0.000118,1.004449,1.065203,1.464095
5.438000,-0.000118,-0.004451,0.034797,-0.000031,-0.005645,-0.037326,-0.000000,-0.001015,1.570104,0.000000,1.000000,1.100000,0.000000,0.000000,-1.571000,0.000118,1.004451,1.065203,1.464097
5.440000,-0.000118,-0.004453,0.034797,-0.000031,-0.005645,-0.037326,-0.000000,-0.001015,1.570104,0.000000,1.000000,1.100000,0.000000,0.000000,-1.571000,0.000118,1.004453,1.065203,1.464098
5.442000,-0.000118,-0.004454,0.034797,-0.000031,-0.005645,-0.037326,-0.000000,-0.001015,1.570104,0.000000,1.000000,1.100000,0.000000,0.000000,-1.571000,0.000118,1.004454,1.065203,1.464099
5.444000,-0.000118,-0.004456,0.034797,-0.000031,-0.005645,-0.037326,-0.000000,-0.001015,1.570104,0.000000,1.000000,1.100000,0.000000,0.000000,-1.571000,0.000118,1.004456,1.065203,1.464100
5.446000,-0.000118,-0.004458,0.034797,-0.000031,-0.005645,-0.037326,-0.000000,-0.001015,1.570104,0.000000,1.000000,1.100000,0.000000,0.000000,-1.571000,0.000118,1.004458,1.065203,1.464101
5.448000,-0.000118,-0.004459,0.034797,-0.000031,-0.005645,-0.037326,-0.000000,-0.001015,1.570104,0.000000,1.000000,1.100000,0.000000,0.000000,-1.571000,0.000118,1.004459,1.065203,1.464102
5.450000,-0.000118,-0.004461,0.034797,-0.000031,-0.005645,-0.037326,-0.000000,-0.001015,1.570104,0.000000,1.000000,1.100000,0.000000,0.000000,-1.571000,0.000118,1.004461,1.065203,1.464104
5.452000,-0.000118,-0.004463,0.034797,-0.000031,-0.005645,-0.037326,-0.000000,-0.001015,1.570104,0.000000,1.000000,1.100000,0.000000,0.000000,-1.571000,0.000118,1.004463,1.065203,1.464105
5.454000,-0.000118,-0.004464,0.034797,-0.000031,-0.005645,-0.037326,-0.000000,-0.001015,1.570104,0.000000,1.000000,1.100000,0.000000,0.000000,-1.571000,0.000118,1.004464,1.065203,1.464106
5.456000,-0.000119,-0.004466,0.034797,-0.000031,-0.005645,-0.037326,-0.000000,-0.001015,1.570104,0.000000,1.000000,1.100000,0.000000,0.000000,-1.571000,0.000119,1.004466,1.065203,1.464107
5.458000,-0.000119,-0.004468,0.034797,-0.000031,-0.005645,-0.037326,-0.000000,-0.001015,1.570105,0.000000,1.000000,1.100000,0.000000,0.000000,-1.571000,0.000119,1.004468,1.065203,1.464108
5.460000,-0.000119,-0.004469,0.034797,-0.000031,-0.005645,-0.037326,-0.000000,-0.001015,1.570105,0.000000,1.000000,1.100000,0.000000,0.000000,-1.571000,0.000119,1.004469,1.065203,1.464109
5.462000,-0.000119,-0.004471,0.034797,-0.000031,-0.005645,-0.037326,-0.000000,-0.001015,1.570105,0.000000,1.000000,1.100000,0.000000,0.000000,-1.571000,0.000119,1.004471,1.065203,1.464110
5.464000,-0.000119,-0.004473,0.034797,-0.000031,-0.005645,-0.037326,-0.000000,-0.001015,1.570105,0.000000,1.000000,1.100000,0.000000,0.000000,-1.571000,0.000119,1.004473,1.065203,1.464112
5.466000,-0.000119,-0.004474,0.034797,-0.000031,-0.005645,-0.037326,-0.000000,-0.001015,1.570105,0.000000,1.000000,1.100000,0.000000,0.000000,-1.571000,0.000119,1.004474,1.065203,1.464113
5.468000,-0.000119,-0.004476,0.034797,-0.000031,-0.005645,-0.037326,-0.000000,-0.001015,1.570105,0.000000,1.000000,1.100000,0.000000,0.000000,-1.571000,0.000119,1.004476,1.065203,1.464114
5.470000,-0.000119,-0.004478,0.034797,-0.000031,-0.005645,-0.037326,-0.000000,-0.001015,1.570105,0.000000,1.000000,1.100000,0.000000,0.000000,-1.571000,0.000119,1.004478,1.065203,1.464115
5.472000,-0.000119,-0.004479,0.034797,-0.000031,-0.005645,-0.037326,-0.000000,-0.001015,1.570105,0.000000,1.000000,1.100000,0.000000,0.000000,-1.571000,0.000119,1.004479,1.065203,1.464116
5.474000,-0.000119,-0.004481,0.034797,-0.000031,-0.005645,-0.037326,-0.000000,-0.001015,1.570105,0.000000,1.000000,1.100000,0.000000,0.000000,-1.571000,0.000119,1.004481,1.065203,1.464117
5.476000,-0.000119,-0.004483,0.034797,-0.000031,-0.005645,-0.037326,-0.000000,-0.001015,1.570105,0.000000,1.000000,1.100000,0.000000,0.000000,-1.571000,0.000119,1.004483,1.065203,1.464118
5.478000,-0.000119,-0.004484,0.034797,-0.000031,-0.005645,-0.037326,-0.000000,-0.001015,1.570105,0.000000,1.000000,1.100000,0.000000,0.000000,-1.571000,0.000119,1.004484,1.065203,1.464120
5.480000,-0.000119,-0.004486,0.034797,-0.000031,-0.005645,-0.037326,-0.000000,-0.001015,1.570105,0.000000,1.000000,1.100000,0.000000,0.000000,-1.571000,0.000119,1.004486,1.065203,1.464121
5.482000,-0.000119,-0.004488,0.034797,-0.000031,-0.005645,-0.037326,-0.000000,-0.001015,1.570105,0.000000,1.000000,1.100000,0.000000,0.000000,-1.571000,0.000119,1.004488,1.065203,1.464122
5.484000,-0.000119,-0.004489,0.034797,-0.000031,-0.005645,-0.037326,-0.000000,-0.001015,1.570105,0.000000,1.000000,1.100000,0.000000,0.000000,-1.571000,0.000119,1.004489,1.065203,1.464123
5.486000,-0.000119,-0.004491,0.034797,-0.000031,-0.005645,-0.037326,-0.000000,-0.001015,1.570105,0.000000,1.000000,1.100000,0.000000,0.000000,-1.571000,0.000119,1.004491,1.065203,1.464124
5.488000,-0.000119,-0.004493,0.034797,-0.000031,-0.005645,-0.037326,-0.000000,-0.001015,1.570105,0.000000,1.000000,1.100000,0.000000,0.000000,-1.571000,0.000119,1.004493,1.065203,1.464125
5.490000,-0.000119,-0.004494,0.034797,-0.000031,-0.005645,-0.037326,-0.000000,-0.001015,1.570105,0.000000,1.000000,1.100000,0.000000,0.000000,-1.571000,0.000119,1.004494,1.065203,1.464126
5.492000,-0.000119,-0.004496,0.034797,-0.000031,-0.005645,-0.037326,-0.000000,-0.001015,1.570105,0.000000,1.000000,1.100000,0.000000,0.000000,-1.571000,0.000119,1.004496,1.065203,1.464128
5.494000,-0.000119,-0.004498,0.034797,-0.000031,-0.005645,-0.037326,-0.000000,-0.001015,1.570105,0.000000,1.000000,1.100000,0.000000,0.000000,-1.571000,0.000119,1.004498,1.065203,1.464129
5.496000,-0.000119,-0.004500,0.034797,-0.000031,-0.005645,-0.037326,-0.000000,-0.001015,1.570105,0.000000,1.000000,1.100000,0.000000,0.000000,-1.571000,0.000119,1.004500,1.065203,1.464130
5.498000,-0.000119,-0.004501,0.034797,-0.000031,-0.005645,-0.037326,-0.000000,-0.001015,1.570105,0.000000,1.000000,1.100000,0.000000,0.000000,-1.571000,0.000119,1.004501,1.065203,1.464131
5.500000,-0.000119,-0.004503,0.034797,-0.000031,-0.005645,-0.037326,-0.000000,-0.001015,1.570105,0.000000,1.000000,1.100000,0.000000,0.000000,-1.571000,0.000119,1.004503,1.065203,1.464132
5.502000,-0.000120,-0.004505,0.034797,-0.000031,-0.005645,-0.037326,-0.000000,-0.001015,1.570105,0.000000,1.000000,1.100000,0.000000,0.000000,-1.571000,0.000120,1.004505,1.065203,1.464133
5.504000,-0.000120,-0.004506,0.034797,-0.000031,-0.005645,-0.037326,-0.000000,-0.001015,1.570105,0.000000,1.000000,1.100000,0.000000,0.000000,-1.571000,0.000120,1.004506,1.065203,1.464135
5.506000,-0.000120,-0.004508,0.034797,-0.000031,-0.005645,-0.037326,-0.000000,-0.001015,1.570105,0.000000,1.000000,1.100000,0.000000,0.000000,-1.571000,0.000120,1.004508,1.065203,1.464136
5.508000,-0.000120,-0.004510,0.034797,-0.000031,-0.005645,-0.037326,-0.000000,-0.001015,1.570105,0.000000,1.000000,1.100000,0.000000,0.000000,-1.571000,0.000120,1.004510,1.065203,1.464137
5.510000,-0.000120,-0.004511,0.034797,-0.000031,-0.005645,-0.037326,-0.000000,-0.001015,1.570106,0.000000,1.000000,1.100000,0.000000,0.000000,-1.571000,0.000120,1.004511,1.065203,1.464138
5.512000,-0.000120,-0.004513,0.034797,-0.000031,-0.005645,-0.037326,-0.000000,-0.001015,1.570106,0.000000,1.000000,1.100000,0.000000,0.000000,-1.571000,0.000120,1.004513,1.065203,1.464139
5.514000,-0.000120,-0.004515,0.034797,-0.000031,-0.005645,-0.037326,-0.000000,-0.001015,1.570106,0.000000,1.000000,1.100000,0.000000,0.000000,-1.571000,0.000120,1.004515,1.065203,1.464140
5.516000,-0.000120,-0.004516,0.034797,-0.000031,-0.005645,-0.037326,-0.000000,-0.001015,1.570106,0.000000,1.000000,1.100000,0.000000,0.000000,-1.571000,0.000120,1.004516,1.065203,1.464141
5.518000,-0.000120,-0.004518,0.034797,-0.000031,-0.005645,-0.037326,-0.000000,-0.001015,1.570106,0.000000,1.000000,1.100000,0.000000,0.000000,-1.571000,0.000120,1.004518,1.065203,1.464143
5.520000,-0.000120,-0.004520,0.034797,-0.000031,-0.005645,-0.037326,-0.000000,-0.001015,1.570106,0.000000,1.000000,1.100000,0.000000,0.000000,-1.571000,0.000120,1.004520,1.065203,1.464144
5.522000,-0.000120,-0.004521,0.034797,-0.000031,-0.005645,-0.037326,-0.000000,-0.001015,1.570106,0.000000,1.000000,1.100000,0.000000,0.000000,-1.571000,0.000120,1.004521,1.065203,1.464145
5.524000,-0.000120,-0.004523,0.034797,-0.000031,-0.005645,-0.037326,-0.000000,-0.001015,1.570106,0.000000,1.000000,1.100000,0.000000,0.000000,-1.571000,0.000120,1.004523,1.065203,1.464146
5.526000,-0.000120,-0.004525,0.034797,-0.000031,-0.005645,-0.037326,-0.000000,-0.001015,1.570106,0.000000,1.000000,1.100000,0.000000,0.000000,-1.571000,0.000120,1.004525,1.065203,1.464147
5.528000,-0.000120,-0.004526,0.034797,-0.000031,-0.005645,-0.037326,-0.000000,-0.001015,1.570106,0.000000,1.000000,1.100000,0.000000,0.000000,-1.571000,0.000120,1.004526,1.065203,1.464148
5.530000,-0.000120,-0.004528,0.034797,-0.000031,-0.005645,-0.037326,-0.000000,-0.001015,1.570106,0.000000,1.000000,1.100000,0.000000,0.000000,-1.571000,0.000120,1.004528,1.065203,1.464149
5.532000,-0.000120,-0.004530,0.034797,-0.000031,-0.005645,-0.037326,-0.000000,-0.001015,1.570106,0.000000,1.000000,1.100000,0.000000,0.000000,-1.571000,0.000120,1.004530,1.065203,1.464151
5.534000,-0.000120,-0.004531,0.034797,-0.000031,-0.005645,-0.037326,-0.000000,-0.001015,1.570106,0.000000,1.000000,1.100000,0.000000,0.000000,-1.571000,0.000120,1.004531,1.065203,1.464152
5.536000,-0.000120,-0.004533,0.034797,-0.000031,-0.005645,-0.037326,-0.000000,-0.001015,1.570106,0.000000,1.000000,1.100000,0.000000,0.000000,-1.571000,0.000120,1.004533,1.065203,1.464153
5.538000,-0.000120,-0.004535,0.034797,-0.000031,-0.005645,-0.037326,-0.000000,-0.001015,1.570106,0.000000,1.000000,1.100000,0.000000,0.000000,-1.571000,0.000120,1.004535,1.065203,1.464154
5.540000,-0.000120,-0.004536,0.034797,-0.000031,-0.005645,-0.037326,-0.000000,-0.001015,1.570106,0.000000,1.000000,1.100000,0.000000,0.000000,-1.571000,0.000120,1.004536,1.065203,1.464155
5.542000,-0.000120,-0.004538,0.034797,-0.000031,-0.005645,-0.037326,-0.000000,-0.001015,1.570106,0.000000,1.000000,1.100000,0.000000,0.000000,-1.571000,0.000120,1.004538,1.065203,1.464156
5.544000,-0.000120,-0.004540,0.034797,-0.000031,-0.005645,-0.037326,-0.000000,-0.001015,1.570106,0.000000,1.000000,1.100000,0.000000,0.000000,-1.571000,0.000120,1.004540,1.065203,1.464158
5.546000,-0.000121,-0.004541,0.034797,-0.000031,-0.005645,-0.037326,-0.000000,-0.001015,1.570106,0.000000,1.000000,1.100000,0.000000,0.000000,-1.571000,0.000121,1.004541,1.065203,1.464159
5.548000,-0.000121,-0.004543,0.034797,-0.000031,-0.005645,-0.037326,-0.000000,-0.001015,1.570106,0.000000,1.000000,1.100000,0.000000,0.000000,-1.571000,0.000121,1.004543,1.065203,1.464160
5.550000,-0.000121,-0.004545,0.034797,-0.000031,-0.005645,-0.037326,-0.000000,-0.001015,1.570106,0.000000,1.000000,1.100000,0.000000,0.000000,-1.571000,0.000121,1.004545,1.065203,1.464161
5.552000,-0.000121,-0.004546,0.034797,-0.000031,-0.005645,-0.037326,-0.000000,-0.001015,1.570106,0.000000,1.000000,1.100000,0.000000,0.000000,-1.571000,0.000121,1.004546,1.065203,1.464162
5.554000,-0.000121,-0.004548,0.034797,-0.000031,-0.005645,-0.037326,-0.000000,-0.001015,1.570106,0.000000,1.000000,1.100000,0.000000,0.000000,-1.571000,0.000121,1.004548,1.065203,1.464163
5.556000,-0.000121,-0.004550,0.034797,-0.000031,-0.005645,-0.037326,-0.000000,-0.001015,1.570106,0.000000,1.000000,1.100000,0.000000,0.000000,-1.571000,0.000121,1.004550,1.065203,1.464164
5.558000,-0.000121,-0.004551,0.034797,-0.000031,-0.005645,-0.037326,-0.000000,-0.001015,1.570106,0.000000,1.000000,1.100000,0.000000,0.000000,-1.571000,0.000121,1.004551,1.065203,1.464166
5.560000,-0.000121,-0.004553,0.034797,-0.000031,-0.005645,-0.037326,-0.000000,-0.001015,1.570107,0.000000,1.000000,1.100000,0.000000,0.000000,-1.571000,0.000121,1.004553,1.065203,1.464167
5.562000,-0.000121,-0.004555,0.034797,-0.000031,-0.005645,-0.037326,-0.000000,-0.001015,1.570107,0.000000,1.000000,1.100000,0.000000,0.000000,-1.571000,0.000121,1.004555,1.065203,1.464168
5.564000,-0.000121,-0.004556,0.034797,-0.000031,-0.005645,-0.037326,-0.000000,-0.001015,1.570107,0.000000,1.000000,1.100000,0.000000,0.000000,-1.571000,0.000121,1.004556,1.065203,1.464169
5.566000,-0.000121,-0.004558,0.034797,-0.000031,-0.005645,-0.037326,-0.000000,-0.001015,1.570107,0.000000,1.000000,1.100000,0.000000,0.000000,-1.571000,0.000121,1.004558,1.065203,1.464170
5.568000,-0.000121,-0.004560,0.034797,-0.000031,-0.005645,-0.037326,-0.000000,-0.001015,1.570107,0.000000,1.000000,1.100000,0.000000,0.000000,-1.571000,0.000121,1.004560,1.065203,1.464171
5.570000,-0.000121,-0.004561,0.034797,-0.000031,-0.005645,-0.037326,-0.000000,-0.001015,1.570107,0.000000,1.000000,1.100000,0.000000,0.000000,-1.571000,0.000121,1.004561,1.065203,1.464172
5.572000,-0.000121,-0.004563,0.034797,-0.000031,-0.005645,-0.037326,-0.000000,-0.001015,1.570107,0.000000,1.000000,1.100000,0.000000,0.000000,-1.571000,0.000121,1.004563,1.065203,1.464174
5.574000,-0.000121,-0.004565,0.034797,-0.000031,-0.005645,-0.037326,-0.000000,-0.001015,1.570107,0.000000,1.000000,1.100000,0.000000,0.000000,-1.571000,0.000121,1.004565,1.065203,1.464175
5.576000,-0.000121,-0.004567,0.034797,-0.000031,-0.005645,-0.037326,-0.000000,-0.001015,1.570107,0.000000,1.000000,1.100000,0.000000,0.000000,-1.571000,0.000121,1.004567,1.065203,1.464176
5.578000,-0.000121,-0.004568,0.034797,-0.000031,-0.005645,-0.037326,-0.000000,-0.001015,1.570107,0.000000,1.000000,1.100000,0.000000,0.000000,-1.571000,0.000121,1.004568,1.065203,1.464177
5.580000,-0.000121,-0.004570,0.034797,-0.000031,-0.005645,-0.037326,-0.000000,-0.001015,1.570107,0.000000,1.000000,1.100000,0.000000,0.000000,-1.571000,0.000121,1.004570,1.065203,1.464178
5.582000,-0.000121,-0.004572,0.034797,-0.000031,-0.005645,-0.037326,-0.000000,-0.001015,1.570107,0.000000,1.000000,1.100000,0.000000,0.000000,-1.571000,0.000121,1.004572,1.065203,1.464179
5.584000,-0.000121,-0.004573,0.034797,-0.000031,-0.005645,-0.037326,-0.000000,-0.001015,1.570107,0.000000,1.000000,1.100000,0.000000,0.000000,-1.571000,0.000121,1.004573,1.065203,1.464181
5.586000,-0.000121,-0.004575,0.034797,-0.000031,-0.005645,-0.037326,-0.000000,-0.001015,1.570107,0.000000,1.000000,1.100000,0.000000,0.000000,-1.571000,0.000121,1.004575,1.065203,1.464182
5.588000,-0.000121,-0.004577,0.034797,-0.000031,-0.005645,-0.037326,-0.000000,-0.001015,1.570107,0.000000,1.000000,1.100000,0.000000,0.000000,-1.571000,0.000121,1.004577,1.065203,1.464183
5.590000,-0.000122,-0.004578,0.034797,-0.000031,-0.005645,-0.037326,-0.000000,-0.001015,1.570107,0.000000,1.000000,1.100000,0.000000,0.000000,-1.571000,0.000122,1.004578,1.065203,1.464184
5.592000,-0.000122,-0.004580,0.034797,-0.000031,-0.005645,-0.037326,-0.000000,-0.001015,1.570107,0.000000,1.000000,1.100000,0.000000,0.000000,-1.571000,0.000122,1.004580,1.065203,1.464185
5.594000,-0.000122,-0.004582,0.034797,-0.000031,-0.005645,-0.037326,-0.000000,-0.001015,1.570107,0.000000,1.000000,1.100000,0.000000,0.000000,-1.571000,0.000122,1.004582,1.065203,1.464186
5.596000,-0.000122,-0.004583,0.034797,-0.000031,-0.005645,-0.037326,-0.000000,-0.001015,1.570107,0.000000,1.000000,1.100000,0.000000,0.000000,-1.571000,0.000122,1.004583,1.065203,1.464187
5.598000,-0.000122,-0.004585,0.034797,-0.000031,-0.005645,-0.037326,-0.000000,-0.001015,1.570107,0.000000,1.000000,1.100000,0.000000,0.000000,-1.571000,0.000122,1.004585,1.065203,1.464189
5.600000,-0.000122,-0.004587,0.034797,-0.000031,-0.005645,-0.037326,-0.000000,-0.001015,1.570107,0.000000,1.000000,1.100000,0.000000,0.000000,-1.571000,0.000122,1.004587,1.065203,1.464190
5.602000,-0.000122,-0.004588,0.034797,-0.000031,-0.005645,-0.037326,-0.000000,-0.001015,1.570107,0.000000,1.000000,1.100000,0.000000,0.000000,-1.571000,0.000122,1.004588,1.065203,1.464191
5.604000,-0.000122,-0.004590,0.034797,-0.000031,-0.005645,-0.037326,-0.000000,-0.001015,1.570107,0.000000,1.000000,1.100000,0.000000,0.000000,-1.571000,0.000122,1.004590,1.065203,1.464192
5.606000,-0.000122,-0.004592,0.034797,-0.000031,-0.005645,-0.037326,-0.000000,-0.001015,1.570107,0.000000,1.000000,1.100000,0.000000,0.000000,-1.571000,0.000122,1.004592,1.065203,1.464193
5.608000,-0.000122,-0.004593,0.034797,-0.000031,-0.005645,-0.037326,-0.000000,-0.001015,1.570107,0.000000,1.000000,1.100000,0.000000,0.000000,-1.571000,0.000122,1.004593,1.065203,1.464194
5.610000,-0.000122,-0.004595,0.034797,-0.000031,-0.005645,-0.037326,-0.000000,-0.001015,1.570107,0.000000,1.000000,1.100000,0.000000,0.000000,-1.571000,0.000122,1.004595,1.065203,1.464195
5.612000,-0.000122,-0.004597,0.034797,-0.000031,-0.005645,-0.037326,-0.000000,-0.001015,1.570108,0.000000,1.000000,1.100000,0.000000,0.000000,-1.571000,0.000122,1.004597,1.065203,1.464197
5.614000,-0.000122,-0.004598,0.034797,-0.000031,-0.005645,-0.037326,-0.000000,-0.001015,1.570108,0.000000,1.000000,1.100000,0.000000,0.000000,-1.571000,0.000122,1.004598,1.065203,1.464198
5.616000,-0.000122,-0.004600,0.034797,-0.000031,-0.005645,-0.037326,-0.000000,-0.001015,1.570108,0.000000,1.000000,1.100000,0.000000,0.000000,-1.571000,0.000122,1.004600,1.065203,1.464199
5.618000,-0.000122,-0.004602,0.034797,-0.000031,-0.005645,-0.037326,-0.000000,-0.001015,1.570108,0.000000,1.000000,1.100000,0.000000,0.000000,-1.571000,0.000122,1.004602,1.065203,1.464200
5.620000,-0.000122,-0.004603,0.034797,-0.000031,-0.005645,-0.037326,-0.000000,-0.001015,1.570108,0.000000,1.000000,1.100000,0.000000,0.000000,-1.571000,0.000122,1.004603,1.065203,1.464201
5.622000,-0.000122,-0.004605,0.034797,-0.000031,-0.005645,-0.037326,-0.000000,-0.001015,1.570108,0.000000,1.000000,1.100000,0.000000,0.000000,-1.571000,0.000122,1.004605,1.065203,1.464202
5.624000,-0.000122,-0.004607,0.034797,-0.000031,-0.005645,-0.037326,-0.000000,-0.001015,1.570108,0.000000,1.000000,1.100000,0.000000,0.000000,-1.571000,0.000122,1.004607,1.065203,1.464203
5.626000,-0.000122,-0.004608,0.034797,-0.000031,-0.005645,-0.037326,-0.000000,-0.001015,1.570108,0.000000,1.000000,1.100000,0.000000,0.000000,-1.571000,0.000122,1.004608,1.065203,1.464205
5.628000,-0.000122,-0.004610,0.034797,-0.000031,-0.005645,-0.037326,-0.000000,-0.001015,1.570108,0.000000,1.000000,1.100000,0.000000,0.000000,-1.571000,0.000122,1.004610,1.065203,1.464206
5.630000,-0.000122,-0.004612,0.034797,-0.000031,-0.005645,-0.037326,-0.000000,-0.001015,1.570108,0.000000,1.000000,1.100000,0.000000,0.000000,-1.571000,0.000122,1.004612,1.065203,1.464207
5.632000,-0.000122,-0.004613,0.034797,-0.000031,-0.005645,-0.037326,-0.000000,-0.001015,1.570108,0.000000,1.000000,1.100000,0.000000,0.000000,-1.571000,0.000122,1.004613,1.065203,1.464208
5.634000,-0.000123,-0.004615,0.034797,-0.000031,-0.005645,-0.037326,-0.000000,-0.001015,1.570108,0.000000,1.000000,1.100000,0.000000,0.000000,-1.571000,0.000123,1.004615,1.065203,1.464209
5.636000,-0.000123,-0.004617,0.034797,-0.000031,-0.005645,-0.037326,-0.000000,-0.001015,1.570108,0.000000,1.000000,1.100000,0.000000,0.000000,-1.571000,0.000123,1.004617,1.065203,1.464210
5.638000,-0.000123,-0.004618,0.034797,-0.000031,-0.005645,-0.037326,-0.000000,-0.001015,1.570108,0.000000,1.000000,1.100000,0.000000,0.000000,-1.571000,0.000123,1.004618,1.065203,1.464212
5.640000,-0.000123,-0.004620,0.034797,-0.000031,-0.005645,-0.037326,-0.000000,-0.001015,1.570108,0.000000,1.000000,1.100000,0.000000,0.000000,-1.571000,0.000123,1.004620,1.065203,1.464213
5.642000,-0.000123,-0.004622,0.034797,-0.000031,-0.005645,-0.037326,-0.000000,-0.001015,1.570108,0.000000,1.000000,1.100000,0.000000,0.000000,-1.571000,0.000123,1.004622,1.065203,1.464214
5.644000,-0.000123,-0.004623,0.034797,-0.000031,-0.005645,-0.037326,-0.000000,-0.001015,1.570108,0.000000,1.000000,1.100000,0.000000,0.000000,-1.571000,0.000123,1.004623,1.065203,1.464215
5.646000,-0.000123,-0.004625,0.034797,-0.000031,-0.005645,-0.037326,-0.000000,-0.001015,1.570108,0.000000,1.000000,1.100000,0.000000,0.000000,-1.571000,0.000123,1.004625,1.065203,1.464216
5.648000,-0.000123,-0.004627,0.034797,-0.000031,-0.005645,-0.037326,-0.000000,-0.001015,1.570108,0.000000,1.000000,1.100000,0.000000,0.000000,-1.571000,0.000123,1.004627,1.065203,1.464217
5.650000,-0.000123,-0.004628,0.034797,-0.000031,-0.005645,-0.037326,-0.000000,-0.001015,1.570108,0.000000,1.000000,1.100000,0.000000,0.000000,-1.571000,0.000123,1.004628,1.065203,1.464218
5.652000,-0.000123,-0.004630,0.034797,-0.000031,-0.005645,-0.037326,-0.000000,-0.001015,1.570108,0.000000,1.000000,1.100000,0.000000,0.000000,-1.571000,0.000123,1.004630,1.065203,1.464220
5.654000,-0.000123,-0.004632,0.034797,-0.000031,-0.005645,-0.037326,-0.000000,-0.001015,1.570108,0.000000,1.000000,1.100000,0.000000,0.000000,-1.571000,0.000123,1.004632,1.065203,1.464221
5.656000,-0.000123,-0.004633,0.034797,-0.000031,-0.005645,-0.037326,-0.000000,-0.001015,1.570108,0.000000,1.000000,1.100000,0.000000,0.000000,-1.571000,0.000123,1.004633,1.065203,1.464222
5.658000,-0.000123,-0.004635,0.034797,-0.000031,-0.005645,-0.037326,-0.000000,-0.001015,1.570108,0.000000,1.000000,1.100000,0.000000,0.000000,-1.571000,0.000123,1.004635,1.065203,1.464223
5.660000,-0.000123,-0.004637,0.034797,-0.000031,-0.005645,-0.037326,-0.000000,-0.001015,1.570108,0.000000,1.000000,1.100000,0.000000,0.000000,-1.571000,0.000123,1.004637,1.065203,1.464224
5.662000,-0.000123,-0.004639,0.034797,-0.000031,-0.005645,-0.037326,-0.000000,-0.001015,1.570109,0.000000,1.000000,1.100000,0.000000,0.000000,-1.571000,0.000123,1.004639,1.065203,1.464225
5.664000,-0.000123,-0.004640,0.034797,-0.000031,-0.005645,-0.037326,-0.000000,-0.001015,1.570109,0.000000,1.000000,1.100000,0.000000,0.000000,-1.571000,0.000123,1.004640,1.065203,1.464226
5.666000,-0.000123,-0.004642,0.034797,-0.000031,-0.005645,-0.037326,-0.000000,-0.001015,1.570109,0.000000,1.000000,1.100000,0.000000,0.000000,-1.571000,0.000123,1.004642,1.065203,1.464228
5.668000,-0.000123,-0.004644,0.034797,-0.000031,-0.005645,-0.037326,-0.000000,-0.001015,1.570109,0.000000,1.000000,1.100000,0.000000,0.000000,-1.571000,0.000123,1.004644,1.065203,1.464229
5.670000,-0.000123,-0.004645,0.034797,-0.000031,-0.005645,-0.037326,-0.000000,-0.001015,1.570109,0.000000,1.000000,1.100000,0.000000,0.000000,-1.571000,0.000123,1.004645,1.065203,1.464230
5.672000,-0.000123,-0.004647,0.034797,-0.000031,-0.005645,-0.037326,-0.000000,-0.001015,1.570109,0.000000,1.000000,1.100000,0.000000,0.000000,-1.571000,0.000123,1.004647,1.065203,1.464231
5.674000,-0.000123,-0.004649,0.034797,-0.000031,-0.005645,-0.037326,-0.000000,-0.001015,1.570109,0.000000,1.000000,1.100000,0.000000,0.000000,-1.571000,0.000123,1.004649,1.065203,1.464232
5.676000,-0.000123,-0.004650,0.034797,-0.000031,-0.005645,-0.037326,-0.000000,-0.001015,1.570109,0.000000,1.000000,1.100000,0.000000,0.000000,-1.571000,0.000123,1.004650,1.065203,1.464233
5.678000,-0.000124,-0.004652,0.034797,-0.000031,-0.005645,-0.037326,-0.000000,-0.001015,1.570109,0.000000,1.000000,1.100000,0.000000,0.000000,-1.571000,0.000124,1.004652,1.065203,1.464235
5.680000,-0.000124,-0.004654,0.034797,-0.000031,-0.005645,-0.037326,-0.000000,-0.001015,1.570109,0.000000,1.000000,1.100000,0.000000,0.000000,-1.571000,0.000124,1.004654,1.065203,1.464236
5.682000,-0.000124,-0.004655,0.034797,-0.000031,-0.005645,-0.037326,-0.000000,-0.001015,1.570109,0.000000,1.000000,1.100000,0.000000,0.000000,-1.571000,0.000124,1.004655,1.065203,1.464237
5.684000,-0.000124,-0.004657,0.034797,-0.000031,-0.005645,-0.037326,-0.000000,-0.001015,1.570109,0.000000,1.000000,1.100000,0.000000,0.000000,-1.571000,0.000124,1.004657,1.065203,1.464238
5.686000,-0.000124,-0.004659,0.034797,-0.000031,-0.005645,-0.037326,-0.000000,-0.001015,1.570109,0.000000,1.000000,1.100000,0.000000,0.000000,-1.571000,0.000124,1.004659,1.065203,1.464239
5.688000,-0.000124,-0.004660,0.034797,-0.000031,-0.005645,-0.037326,-0.000000,-0.001015,1.570109,0.000000,1.000000,1.100000,0.000000,0.000000,-1.571000,0.000124,1.004660,1.065203,1.464240
5.690000,-0.000124,-0.004662,0.034797,-0.000031,-0.005645,-0.037326,-0.000000,-0.001015,1.570109,0.000000,1.000000,1.100000,0.000000,0.000000,-1.571000,0.000124,1.004662,1.065203,1.464241
5.692000,-0.000124,-0.004664,0.034797,-0.000031,-0.005645,-0.037326,-0.000000,-0.001015,1.570109,0.000000,1.000000,1.100000,0.000000,0.000000,-1.571000,0.000124,1.004664,1.065203,1.464243
5.694000,-0.000124,-0.004665,0.034797,-0.000031,-0.005645,-0.037326,-0.000000,-0.001015,1.570109,0.000000,1.000000,1.100000,0.000000,0.000000,-1.571000,0.000124,1.004665,1.065203,1.464244
5.696000,-0.000124,-0.004667,0.034797,-0.000031,-0.005645,-0.037326,-0.000000,-0.001015,1.570109,0.000000,1.000000,1.100000,0.000000,0.000000,-1.571000,0.000124,1.004667,1.065203,1.464245
5.698000,-0.000124,-0.004669,0.034797,-0.000031,-0.005645,-0.037326,-0.000000,-0.001015,1.570109,0.000000,1.000000,1.100000,0.000000,0.000000,-1.571000,0.000124,1.004669,1.065203,1.464246
5.700000,-0.000124,-0.004670,0.034797,-0.000031,-0.005645,-0.037326,-0.000000,-0.001015,1.570109,0.000000,1.000000,1.100000,0.000000,0.000000,-1.571000,0.000124,1.004670,1.065203,1.464247
5.702000,-0.000124,-0.004672,0.034797,-0.000031,-0.005645,-0.037326,-0.000000,-0.001015,1.570109,0.000000,1.000000,1.100000,0.000000,0.000000,-1.571000,0.000124,1.004672,1.065203,1.464248
5.704000,-0.000124,-0.004674,0.034797,-0.000031,-0.005645,-0.037326,-0.000000,-0.001015,1.570109,0.000000,1.000000,1.100000,0.000000,0.000000,-1.571000,0.000124,1.004674,1.065203,1.464249
5.706000,-0.000124,-0.004675,0.034797,-0.000031,-0.005645,-0.037326,-0.000000,-0.001015,1.570109,0.000000,1.000000,1.100000,0.000000,0.000000,-1.571000,0.000124,1.004675,1.065203,1.464251
5.708000,-0.000124,-0.004677,0.034797,-0.000031,-0.005645,-0.037326,-0.000000,-0.001015,1.570109,0.000000,1.000000,1.100000,0.000000,0.000000,-1.571000,0.000124,1.004677,1.065203,1.464252
5.710000,-0.000124,-0.004679,0.034797,-0.000031,-0.005645,-0.037326,-0.000000,-0.001015,1.570109,0.000000,1.000000,1.100000,0.000000,0.000000,-1.571000,0.000124,1.004679,1.065203,1.464253
5.712000,-0.000124,-0.004680,0.034797,-0.000031,-0.005645,-0.037326,-0.000000,-0.001015,1.570110,0.000000,1.000000,1.100000,0.000000,0.000000,-1.571000,0.000124,1.004680,1.065203,1.464254
5.714000,-0.000124,-0.004682,0.034797,-0.000031,-0.005645,-0.037326,-0.000000,-0.001015,1.570110,0.000000,1.000000,1.100000,0.000000,0.000000,-1.571000,0.000124,1.004682,1.065203,1.464255
5.716000,-0.000124,-0.004684,0.034797,-0.000031,-0.005645,-0.037326,-0.000000,-0.001015,1.570110,0.000000,1.000000,1.100000,0.000000,0.000000,-1.571000,0.000124,1.004684,1.065203,1.464256
5.718000,-0.000124,-0.004685,0.034797,-0.000031,-0.005645,-0.037326,-0.000000,-0.001015,1.570110,0.000000,1.000000,1.100000,0.000000,0.000000,-1.571000,0.000124,1.004685,1.065203,1.464257
5.720000,-0.000124,-0.004687,0.034797,-0.000031,-0.005645,-0.037326,-0.000000,-0.001015,1.570110,0.000000,1.000000,1.100000,0.000000,0.000000,-1.571000,0.000124,1.004687,1.065203,1.464259
5.722000,-0.000124,-0.004689,0.034797,-0.000031,-0.005645,-0.037326,-0.000000,-0.001015,1.570110,0.000000,1.000000,1.100000,0.000000,0.000000,-1.571000,0.000124,1.004689,1.065203,1.464260
5.724000,-0.000125,-0.004690,0.034797,-0.000031,-0.005645,-0.037326,-0.000000,-0.001015,1.570110,0.000000,1.000000,1.100000,0.000000,0.000000,-1.571000,0.000125,1.004690,1.065203,1.464261
5.726000,-0.000125,-0.004692,0.034797,-0.000031,-0.005645,-0.037326,-0.000000,-0.001015,1.570110,0.000000,1.000000,1.100000,0.000000,0.000000,-1.571000,0.000125,1.004692,1.065203,1.464262
5.728000,-0.000125,-0.004694,0.034797,-0.000031,-0.005645,-0.037326,-0.000000,-0.001015,1.570110,0.000000,1.000000,1.100000,0.000000,0.000000,-1.571000,0.000125,1.004694,1.065203,1.464263
5.730000,-0.000125,-0.004695,0.034797,-0.000031,-0.005645,-0.037326,-0.000000,-0.001015,1.570110,0.000000,1.000000,1.100000,0.000000,0.000000,-1.571000,0.000125,1.004695,1.065203,1.464264
5.732000,-0.000125,-0.004697,0.034797,-0.000031,-0.005645,-0.037326,-0.000000,-0.001015,1.570110,0.000000,1.000000,1.100000,0.000000,0.000000,-1.571000,0.000125,1.004697,1.065203,1.464266
5.734000,-0.000125,-0.004699,0.034797,-0.000031,-0.005645,-0.037326,-0.000000,-0.001015,1.570110,0.000000,1.000000,1.100000,0.000000,0.000000,-1.571000,0.000125,1.004699,1.065203,1.464267
5.736000,-0.000125,-0.004700,0.034797,-0.000031,-0.005645,-0.037326,-0.000000,-0.001015,1.570110,0.000000,1.000000,1.100000,0.000000,0.000000,-1.571000,0.000125,1.004700,1.065203,1.464268
5.738000,-0.000125,-0.004702,0.034797,-0.000031,-0.005645,-0.037326,-0.000000,-0.001015,1.570110,0.000000,1.000000,1.100000,0.000000,0.000000,-1.571000,0.000125,1.004702,1.065203,1.464269
5.740000,-0.000125,-0.004704,0.034797,-0.000031,-0.005645,-0.037326,-0.000000,-0.001015,1.570110,0.000000,1.000000,1.100000,0.000000,0.000000,-1.571000,0.000125,1.004704,1.065203,1.464270
5.742000,-0.000125,-0.004706,0.034797,-0.000031,-0.005645,-0.037326,-0.000000,-0.001015,1.570110,0.000000,1.000000,1.100000,0.000000,0.000000,-1.571000,0.000125,1.004706,1.065203,1.464271
5.744000,-0.000125,-0.004707,0.034797,-0.000031,-0.005645,-0.037326,-0.000000,-0.001015,1.570110,0.000000,1.000000,1.100000,0.000000,0.000000,-1.571000,0.000125,1.004707,1.065203,1.464272
5.746000,-0.000125,-0.004709,0.034797,-0.000031,-0.005645,-0.037326,-0.000000,-0.001015,1.570110,0.000000,1.000000,1.100000,0.000000,0.000000,-1.571000,0.000125,1.004709,1.065203,1.464274
5.748000,-0.000125,-0.004711,0.034797,-0.000031,-0.005645,-0.037326,-0.000000,-0.001015,1.570110,0.000000,1.000000,1.100000,0.000000,0.000000,-1.571000,0.000125,1.004711,1.065203,1.464275
5.750000,-0.000125,-0.004712,0.034797,-0.000031,-0.005645,-0.037326,-0.000000,-0.001015,1.570110,0.000000,1.000000,1.100000,0.000000,0.000000,-1.571000,0.000125,1.004712,1.065203,1.464276
5.752000,-0.000125,-0.004714,0.034797,-0.000031,-0.005645,-0.037326,-0.000000,-0.001015,1.570110,0.000000,1.000000,1.100000,0.000000,0.000000,-1.571000,0.000125,1.004714,1.065203,1.464277
5.754000,-0.000125,-0.004716,0.034797,-0.000031,-0.005645,-0.037326,-0.000000,-0.001015,1.570110,0.000000,1.000000,1.100000,0.000000,0.000000,-1.571000,0.000125,1.004716,1.065203,1.464278
5.756000,-0.000125,-0.004717,0.034797,-0.000031,-0.005645,-0.037326,-0.000000,-0.001015,1.570110,0.000000,1.000000,1.100000,0.000000,0.000000,-1.571000,0.000125,1.004717,1.065203,1.464279
5.758000,-0.000125,-0.004719,0.034797,-0.000031,-0.005645,-0.037326,-0.000000,-0.001015,1.570110,0.000000,1.000000,1.100000,0.000000,0.000000,-1.571000,0.000125,1.004719,1.065203,1.464280
5.760000,-0.000125,-0.004721,0.034797,-0.000031,-0.005645,-0.037326,-0.000000,-0.001015,1.570110,0.000000,1.000000,1.100000,0.000000,0.000000,-1.571000,0.000125,1.004721,1.065203,1.464282
5.762000,-0.000125,-0.004722,0.034797,-0.000031,-0.005645,-0.037326,-0.000000,-0.001015,1.570110,0.000000,1.000000,1.100000,0.000000,0.000000,-1.571000,0.000125,1.004722,1.065203,1.464283
5.764000,-0.000125,-0.004724,0.034797,-0.000031,-0.005645,-0.037326,-0.000000,-0.001015,1.570111,0.000000,1.000000,1.100000,0.000000,0.000000,-1.571000,0.000125,1.004724,1.065203,1.464284
5.766000,-0.000125,-0.004726,0.034797,-0.000031,-0.005645,-0.037326,-0.000000,-0.001015,1.570111,0.000000,1.000000,1.100000,0.000000,0.000000,-1.571000,0.000125,1.004726,1.065203,1.464285
5.768000,-0.000126,-0.004727,0.034797,-0.000031,-0.005645,-0.037326,-0.000000,-0.001015,1.570111,0.000000,1.000000,1.100000,0.000000,0.000000,-1.571000,0.000126,1.004727,1.065203,1.464286
5.770000,-0.000126,-0.004729,0.034797,-0.000031,-0.005645,-0.037326,-0.000000,-0.001015,1.570111,0.000000,1.000000,1.100000,0.000000,0.000000,-1.571000,0.000126,1.004729,1.065203,1.464287
5.772000,-0.000126,-0.004731,0.034797,-0.000031,-0.005645,-0.037326,-0.000000,-0.001015,1.570111,0.000000,1.000000,1.100000,0.000000,0.000000,-1.571000,0.000126,1.004731,1.065203,1.464289
5.774000,-0.000126,-0.004732,0.034797,-0.000031,-0.005645,-0.037326,-0.000000,-0.001015,1.570111,0.000000,1.000000,1.100000,0.000000,0.000000,-1.571000,0.000126,1.004732,1.065203,1.464290
5.776000,-0.000126,-0.004734,0.034797,-0.000031,-0.005645,-0.037326,-0.000000,-0.001015,1.570111,0.000000,1.000000,1.100000,0.000000,0.000000,-1.571000,0.000126,1.004734,1.065203,1.464291
5.778000,-0.000126,-0.004736,0.034797,-0.000031,-0.005645,-0.037326,-0.000000,-0.001015,1.570111,0.000000,1.000000,1.100000,0.000000,0.000000,-1.571000,0.000126,1.004736,1.065203,1.464292
5.780000,-0.000126,-0.004737,0.034797,-0.000031,-0.005645,-0.037326,-0.000000,-0.001015,1.570111,0.000000,1.000000,1.100000,0.000000,0.000000,-1.571000,0.000126,1.004737,1.065203,1.464293
5.782000,-0.000126,-0.004739,0.034797,-0.000031,-0.005645,-0.037326,-0.000000,-0.001015,1.570111,0.000000,1.000000,1.100000,0.000000,0.000000,-1.571000,0.000126,1.004739,1.065203,1.464294
5.784000,-0.000126,-0.004741,0.034797,-0.000031,-0.005645,-0.037326,-0.000000,-0.001015,1.570111,0.000000,1.000000,1.100000,0.000000,0.000000,-1.571000,0.000126,1.004741,1.065203,1.464295
5.786000,-0.000126,-0.004742,0.034797,-0.000031,-0.005645,-0.037326,-0.000000,-0.001015,1.570111,0.000000,1.000000,1.100000,0.000000,0.000000,-1.571000,0.000126,1.004742,1.065203,1.464297
5.788000,-0.000126,-0.004744,0.034797,-0.000031,-0.005645,-0.037326,-0.000000,-0.001015,1.570111,0.000000,1.000000,1.100000,0.000000,0.000000,-1.571000,0.000126,1.004744,1.065203,1.464298
5.790000,-0.000126,-0.004746,0.034797,-0.000031,-0.005645,-0.037326,-0.000000,-0.001015,1.570111,0.000000,1.000000,1.100000,0.000000,0.000000,-1.571000,0.000126,1.004746,1.065203,1.464299
5.792000,-0.000126,-0.004747,0.034797,-0.000031,-0.005645,-0.037326,-0.000000,-0.001015,1.570111,0.000000,1.000000,1.100000,0.000000,0.000000,-1.571000,0.000126,1.004747,1.065203,1.464300
5.794000,-0.000126,-0.004749,0.034797,-0.000031,-0.005645,-0.037326,-0.000000,-0.001015,1.570111,0.000000,1.000000,1.100000,0.000000,0.000000,-1.571000,0.000126,1.004749,1.065203,1.464301
5.796000,-0.000126,-0.004751,0.034797,-0.000031,-0.005645,-0.037326,-0.000000,-0.001015,1.570111,0.000000,1.000000,1.100000,0.000000,0.000000,-1.571000,0.000126,1.004751,1.065203,1.464302
5.798000,-0.000126,-0.004752,0.034797,-0.000031,-0.005645,-0.037326,-0.000000,-0.001015,1.570111,0.000000,1.000000,1.100000,0.000000,0.000000,-1.571000,0.000126,1.004752,1.065203,1.464303
5.800000,-0.000126,-0.004754,0.034797,-0.000031,-0.005645,-0.037326,-0.000000,-0.001015,1.570111,0.000000,1.000000,1.100000,0.000000,0.000000,-1.571000,0.000126,1.004754,1.065203,1.464305
5.802000,-0.000126,-0.004756,0.034797,-0.000031,-0.005645,-0.037326,-0.000000,-0.001015,1.570111,0.000000,1.000000,1.100000,0.000000,0.000000,-1.571000,0.000126,1.004756,1.065203,1.464306
5.804000,-0.000126,-0.004757,0.034797,-0.000031,-0.005645,-0.037326,-0.000000,-0.001015,1.570111,0.000000,1.000000,1.100000,0.000000,0.000000,-1.571000,0.000126,1.004757,1.065203,1.464307
5.806000,-0.000126,-0.004759,0.034797,-0.000031,-0.005645,-0.037326,-0.000000,-0.001015,1.570111,0.000000,1.000000,1.100000,0.000000,0.000000,-1.571000,0.000126,1.004759,1.065203,1.464308
5.808000,-0.000126,-0.004761,0.034797,-0.000031,-0.005645,-0.037326,-0.000000,-0.001015,1.570111,0.000000,1.000000,1.100000,0.000000,0.000000,-1.571000,0.000126,1.004761,1.065203,1.464309
5.810000,-0.000126,-0.004762,0.034797,-0.000031,-0.005645,-0.037326,-0.000000,-0.001015,1.570111,0.000000,1.000000,1.100000,0.000000,0.000000,-1.571000,0.000126,1.004762,1.065203,1.464310
5.812000,-0.000127,-0.004764,0.034797,-0.000031,-0.005645,-0.037326,-0.000000,-0.001015,1.570111,0.000000,1.000000,1.100000,0.000000,0.000000,-1.571000,0.000127,1.004764,1.065203,1.464311
5.814000,-0.000127,-0.004766,0.034797,-0.000031,-0.005645,-0.037326,-0.000000,-0.001015,1.570112,0.000000,1.000000,1.100000,0.000000,0.000000,-1.571000,0.000127,1.004766,1.065203,1.464313
5.816000,-0.000127,-0.004767,0.034797,-0.000031,-0.005645,-0.037326,-0.000000,-0.001015,1.570112,0.000000,1.000000,1.100000,0.000000,0.000000,-1.571000,0.000127,1.004767,1.065203,1.464314
5.818000,-0.000127,-0.004769,0.034797,-0.000031,-0.005645,-0.037326,-0.000000,-0.001015,1.570112,0.000000,1.000000,1.100000,0.000000,0.000000,-1.571000,0.000127,1.004769,1.065203,1.464315
5.820000,-0.000127,-0.004771,0.034797,-0.000031,-0.005645,-0.037326,-0.000000,-0.001015,1.570112,0.000000,1.000000,1.100000,0.000000,0.000000,-1.571000,0.000127,1.004771,1.065203,1.464316
5.822000,-0.000127,-0.004772,0.034797,-0.000031,-0.005645,-0.037326,-0.000000,-0.001015,1.570112,0.000000,1.000000,1.100000,0.000000,0.000000,-1.571000,0.000127,1.004772,1.065203,1.464317
5.824000,-0.000127,-0.004774,0.034797,-0.000031,-0.005645,-0.037326,-0.000000,-0.001015,1.570112,0.000000,1.000000,1.100000,0.000000,0.000000,-1.571000,0.000127,1.004774,1.065203,1.464318
5.826000,-0.000127,-0.004776,0.034797,-0.000031,-0.005645,-0.037326,-0.000000,-0.001015,1.570112,0.000000,1.000000,1.100000,0.000000,0.000000,-1.571000,0.000127,1.004776,1.065203,1.464320
5.828000,-0.000127,-0.004778,0.034797,-0.000031,-0.005645,-0.037326,-0.000000,-0.001015,1.570112,0.000000,1.000000,1.100000,0.000000,0.000000,-1.571000,0.000127,1.004778,1.065203,1.464321
5.830000,-0.000127,-0.004779,0.034797,-0.000031,-0.005645,-0.037326,-0.000000,-0.001015,1.570112,0.000000,1.000000,1.100000,0.000000,0.000000,-1.571000,0.000127,1.004779,1.065203,1.464322
5.832000,-0.000127,-0.004781,0.034797,-0.000031,-0.005645,-0.037326,-0.000000,-0.001015,1.570112,0.000000,1.000000,1.100000,0.000000,0.000000,-1.571000,0.000127,1.004781,1.065203,1.464323
5.834000,-0.000127,-0.004783,0.034797,-0.000031,-0.005645,-0.037326,-0.000000,-0.001015,1.570112,0.000000,1.000000,1.100000,0.000000,0.000000,-1.571000,0.000127,1.004783,1.065203,1.464324
5.836000,-0.000127,-0.004784,0.034797,-0.000031,-0.005645,-0.037326,-0.000000,-0.001015,1.570112,0.000000,1.000000,1.100000,0.000000,0.000000,-1.571000,0.000127,1.004784,1.065203,1.464325
5.838000,-0.000127,-0.004786,0.034797,-0.000031,-0.005645,-0.037326,-0.000000,-0.001015,1.570112,0.000000,1.000000,1.100000,0.000000,0.000000,-1.571000,0.000127,1.004786,1.065203,1.464326
5.840000,-0.000127,-0.004788,0.034797,-0.000031,-0.005645,-0.037326,-0.000000,-0.001015,1.570112,0.000000,1.000000,1.100000,0.000000,0.000000,-1.571000,0.000127,1.004788,1.065203,1.464328
5.842000,-0.000127,-0.004789,0.034797,-0.000031,-0.005645,-0.037326,-0.000000,-0.001015,1.570112,0.000000,1.000000,1.100000,0.000000,0.000000,-1.571000,0.000127,1.004789,1.065203,1.464329
5.844000,-0.000127,-0.004791,0.034797,-0.000031,-0.005645,-0.037326,-0.000000,-0.001015,1.570112,0.000000,1.000000,1.100000,0.000000,0.000000,-1.571000,0.000127,1.004791,1.065203,1.464330
5.846000,-0.000127,-0.004793,0.034797,-0.000031,-0.005645,-0.037326,-0.000000,-0.001015,1.570112,0.000000,1.000000,1.100000,0.000000,0.000000,-1.571000,0.000127,1.004793,1.065203,1.464331
5.848000,-0.000127,-0.004794,0.034797,-0.000031,-0.005645,-0.037326,-0.000000,-0.001015,1.570112,0.000000,1.000000,1.100000,0.000000,0.000000,-1.571000,0.000127,1.004794,1.065203,1.464332
5.850000,-0.000127,-0.004796,0.034797,-0.000031,-0.005645,-0.037326,-0.000000,-0.001015,1.570112,0.000000,1.000000,1.100000,0.000000,0.000000,-1.571000,0.000127,1.004796,1.065203,1.464333
5.852000,-0.000127,-0.004798,0.034797,-0.000031,-0.005645,-0.037326,-0.000000,-0.001015,1.570112,0.000000,1.000000,1.100000,0.000000,0.000000,-1.571000,0.000127,1.004798,1.065203,1.464334
5.854000,-0.000127,-0.004799,0.034797,-0.000031,-0.005645,-0.037326,-0.000000,-0.001015,1.570112,0.000000,1.000000,1.100000,0.000000,0.000000,-1.571000,0.000127,1.004799,1.065203,1.464336
5.856000,-0.000128,-0.004801,0.034797,-0.000031,-0.005645,-0.037326,-0.000000,-0.001015,1.570112,0.000000,1.000000,1.100000,0.000000,0.000000,-1.571000,0.000128,1.004801,1.065203,1.464337
5.858000,-0.000128,-0.004803,0.034797,-0.000031,-0.005645,-0.037326,-0.000000,-0.001015,1.570112,0.000000,1.000000,1.100000,0.000000,0.000000,-1.571000,0.000128,1.004803,1.065203,1.464338
5.860000,-0.000128,-0.004804,0.034797,-0.000031,-0.005645,-0.037326,-0.000000,-0.001015,1.570112,0.000000,1.000000,1.100000,0.000000,0.000000,-1.571000,0.000128,1.004804,1.065203,1.464339
5.862000,-0.000128,-0.004806,0.034797,-0.000031,-0.005645,-0.037326,-0.000000,-0.001015,1.570112,0.000000,1.000000,1.100000,0.000000,0.000000,-1.571000,0.000128,1.004806,1.065203,1.464340
5.864000,-0.000128,-0.004808,0.034797,-0.000031,-0.005645,-0.037326,-0.000000,-0.001015,1.570112,0.000000,1.000000,1.100000,0.000000,0.000000,-1.571000,0.000128,1.004808,1.065203,1.464341
5.866000,-0.000128,-0.004809,0.034797,-0.000031,-0.005645,-0.037326,-0.000000,-0.001015,1.570113,0.000000,1.000000,1.100000,0.000000,0.000000,-1.571000,0.000128,1.004809,1.065203,1.464343
5.868000,-0.000128,-0.004811,0.034797,-0.000031,-0.005645,-0.037326,-0.000000,-0.001015,1.570113,0.000000,1.000000,1.100000,0.000000,0.000000,-1.571000,0.000128,1.004811,1.065203,1.464344
5.870000,-0.000128,-0.004813,0.034797,-0.000031,-0.005645,-0.037326,-0.000000,-0.001015,1.570113,0.000000,1.000000,1.100000,0.000000,0.000000,-1.571000,0.000128,1.004813,1.065203,1.464345
5.872000,-0.000128,-0.004814,0.034797,-0.000031,-0.005645,-0.037326,-0.000000,-0.001015,1.570113,0.000000,1.000000,1.100000,0.000000,0.000000,-1.571000,0.000128,1.004814,1.065203,1.464346
5.874000,-0.000128,-0.004816,0.034797,-0.000031,-0.005645,-0.037326,-0.000000,-0.001015,1.570113,0.000000,1.000000,1.100000,0.000000,0.000000,-1.571000,0.000128,1.004816,1.065203,1.464347
5.876000,-0.000128,-0.004818,0.034797,-0.000031,-0.005645,-0.037326,-0.000000,-0.001015,1.570113,0.000000,1.000000,1.100000,0.000000,0.000000,-1.571000,0.000128,1.004818,1.065203,1.464348
5.878000,-0.000128,-0.004819,0.034797,-0.000031,-0.005645,-0.037326,-0.000000,-0.001015,1.570113,0.000000,1.000000,1.100000,0.000000,0.000000,-1.571000,0.000128,1.004819,1.065203,1.464349
5.880000,-0.000128,-0.004821,0.034797,-0.000031,-0.005645,-0.037326,-0.000000,-0.001015,1.570113,0.000000,1.000000,1.100000,0.000000,0.000000,-1.571000,0.000128,1.004821,1.065203,1.464351
5.882000,-0.000128,-0.004823,0.034797,-0.000031,-0.005645,-0.037326,-0.000000,-0.001015,1.570113,0.000000,1.000000,1.100000,0.000000,0.000000,-1.571000,0.000128,1.004823,1.065203,1.464352
5.884000,-0.000128,-0.004824,0.034797,-0.000031,-0.005645,-0.037326,-0.000000,-0.001015,1.570113,0.000000,1.000000,1.100000,0.000000,0.000000,-1.571000,0.000128,1.004824,1.065203,1.464353
5.886000,-0.000128,-0.004826,0.034797,-0.000031,-0.005645,-0.037326,-0.000000,-0.001015,1.570113,0.000000,1.000000,1.100000,0.000000,0.000000,-1.571000,0.000128,1.004826,1.065203,1.464354
5.888000,-0.000128,-0.004828,0.034797,-0.000031,-0.005645,-0.037326,-0.000000,-0.001015,1.570113,0.000000,1.000000,1.100000,0.000000,0.000000,-1.571000,0.000128,1.004828,1.065203,1.464355
5.890000,-0.000128,-0.004829,0.034797,-0.000031,-0.005645,-0.037326,-0.000000,-0.001015,1.570113,0.000000,1.000000,1.100000,0.000000,0.000000,-1.571000,0.000128,1.004829,1.065203,1.464356
5.892000,-0.000128,-0.004831,0.034797,-0.000031,-0.005645,-0.037326,-0.000000,-0.001015,1.570113,0.000000,1.000000,1.100000,0.000000,0.000000,-1.571000,0.000128,1.004831,1.065203,1.464357
5.894000,-0.000128,-0.004833,0.034797,-0.000031,-0.005645,-0.037326,-0.000000,-0.001015,1.570113,0.000000,1.000000,1.100000,0.000000,0.000000,-1.571000,0.000128,1.004833,1.065203,1.464359
5.896000,-0.000128,-0.004834,0.034797,-0.000031,-0.005645,-0.037326,-0.000000,-0.001015,1.570113,0.000000,1.000000,1.100000,0.000000,0.000000,-1.571000,0.000128,1.004834,1.065203,1.464360
5.898000,-0.000128,-0.004836,0.034797,-0.000031,-0.005645,-0.037326,-0.000000,-0.001015,1.570113,0.000000,1.000000,1.100000,0.000000,0.000000,-1.571000,0.000128,1.004836,1.065203,1.464361
5.900000,-0.000128,-0.004838,0.034797,-0.000031,-0.005645,-0.037326,-0.000000,-0.001015,1.570113,0.000000,1.000000,1.100000,0.000000,0.000000,-1.571000,0.000128,1.004838,1.065203,1.464362
5.902000,-0.000129,-0.004839,0.034797,-0.000031,-0.005645,-0.037326,-0.000000,-0.001015,1.570113,0.000000,1.000000,1.100000,0.000000,0.000000,-1.571000,0.000129,1.004839,1.065203,1.464363
5.904000,-0.000129,-0.004841,0.034797,-0.000031,-0.005645,-0.037326,-0.000000,-0.001015,1.570113,0.000000,1.000000,1.100000,0.000000,0.000000,-1.571000,0.000129,1.004841,1.065203,1.464364
5.906000,-0.000129,-0.004843,0.034797,-0.000031,-0.005645,-0.037326,-0.000000,-0.001015,1.570113,0.000000,1.000000,1.100000,0.000000,0.000000,-1.571000,0.000129,1.004843,1.065203,1.464366
5.908000,-0.000129,-0.004845,0.034797,-0.000031,-0.005645,-0.037326,-0.000000,-0.001015,1.570113,0.000000,1.000000,1.100000,0.000000,0.000000,-1.571000,0.000129,1.004845,1.065203,1.464367
5.910000,-0.000129,-0.004846,0.034797,-0.000031,-0.005645,-0.037326,-0.000000,-0.001015,1.570113,0.000000,1.000000,1.100000,0.000000,0.000000,-1.571000,0.000129,1.004846,1.065203,1.464368
5.912000,-0.000129,-0.004848,0.034797,-0.000031,-0.005645,-0.037326,-0.000000,-0.001015,1.570113,0.000000,1.000000,1.100000,0.000000,0.000000,-1.571000,0.000129,1.004848,1.065203,1.464369
5.914000,-0.000129,-0.004850,0.034797,-0.000031,-0.005645,-0.037326,-0.000000,-0.001015,1.570113,0.000000,1.000000,1.100000,0.000000,0.000000,-1.571000,0.000129,1.004850,1.065203,1.464370
5.916000,-0.000129,-0.004851,0.034797,-0.000031,-0.005645,-0.037326,-0.000000,-0.001015,1.570114,0.000000,1.000000,1.100000,0.000000,0.000000,-1.571000,0.000129,1.004851,1.065203,1.464371
5.918000,-0.000129,-0.004853,0.034797,-0.000031,-0.005645,-0.037326,-0.000000,-0.001015,1.570114,0.000000,1.000000,1.100000,0.000000,0.000000,-1.571000,0.000129,1.004853,1.065203,1.464372
5.920000,-0.000129,-0.004855,0.034797,-0.000031,-0.005645,-0.037326,-0.000000,-0.001015,1.570114,0.000000,1.000000,1.100000,0.000000,0.000000,-1.571000,0.000129,1.004855,1.065203,1.464374
5.922000,-0.000129,-0.004856,0.034797,-0.000031,-0.005645,-0.037326,-0.000000,-0.001015,1.570114,0.000000,1.000000,1.100000,0.000000,0.000000,-1.571000,0.000129,1.004856,1.065203,1.464375
5.924000,-0.000129,-0.004858,0.034797,-0.000031,-0.005645,-0.037326,-0.000000,-0.001015,1.570114,0.000000,1.000000,1.100000,0.000000,0.000000,-1.571000,0.000129,1.004858,1.065203,1.464376
5.926000,-0.000129,-0.004860,0.034797,-0.000031,-0.005645,-0.037326,-0.000000,-0.001015,1.570114,0.000000,1.000000,1.100000,0.000000,0.000000,-1.571000,0.000129,1.004860,1.065203,1.464377
5.928000,-0.000129,-0.004861,0.034797,-0.000031,-0.005645,-0.037326,-0.000000,-0.001015,1.570114,0.000000,1.000000,1.100000,0.000000,0.000000,-1.571000,0.000129,1.004861,1.065203,1.464378
5.930000,-0.000129,-0.004863,0.034797,-0.000031,-0.005645,-0.037326,-0.000000,-0.001015,1.570114,0.000000,1.000000,1.100000,0.000000,0.000000,-1.571000,0.000129,1.004863,1.065203,1.464379
5.932000,-0.000129,-0.004865,0.034797,-0.000031,-0.005645,-0.037326,-0.000000,-0.001015,1.570114,0.000000,1.000000,1.100000,0.000000,0.000000,-1.571000,0.000129,1.004865,1.065203,1.464380
5.934000,-0.000129,-0.004866,0.034797,-0.000031,-0.005645,-0.037326,-0.000000,-0.001015,1.570114,0.000000,1.000000,1.100000,0.000000,0.000000,-1.571000,0.000129,1.004866,1.065203,1.464382
5.936000,-0.000129,-0.004868,0.034797,-0.000031,-0.005645,-0.037326,-0.000000,-0.001015,1.570114,0.000000,1.000000,1.100000,0.000000,0.000000,-1.571000,0.000129,1.004868,1.065203,1.464383
5.938000,-0.000129,-0.004870,0.034797,-0.000031,-0.005645,-0.037326,-0.000000,-0.001015,1.570114,0.000000,1.000000,1.100000,0.000000,0.000000,-1.571000,0.000129,1.004870,1.065203,1.464384
5.940000,-0.000129,-0.004871,0.034797,-0.000031,-0.005645,-0.037326,-0.000000,-0.001015,1.570114,0.000000,1.000000,1.100000,0.000000,0.000000,-1.571000,0.000129,1.004871,1.065203,1.464385
5.942000,-0.000129,-0.004873,0.034797,-0.000031,-0.005645,-0.037326,-0.000000,-0.001015,1.570114,0.000000,1.000000,1.100000,0.000000,0.000000,-1.571000,0.000129,1.004873,1.065203,1.464386
5.944000,-0.000129,-0.004875,0.034797,-0.000031,-0.005645,-0.037326,-0.000000,-0.001015,1.570114,0.000000,1.000000,1.100000,0.000000,0.000000,-1.571000,0.000129,1.004875,1.065203,1.464387
5.946000,-0.000130,-0.004876,0.034797,-0.000031,-0.005645,-0.037326,-0.000000,-0.001015,1.570114,0.000000,1.000000,1.100000,0.000000,0.000000,-1.571000,0.000130,1.004876,1.065203,1.464388
5.948000,-0.000130,-0.004878,0.034797,-0.000031,-0.005645,-0.037326,-0.000000,-0.001015,1.570114,0.000000,1.000000,1.100000,0.000000,0.000000,-1.571000,0.000130,1.004878,1.065203,1.464390
5.950000,-0.000130,-0.004880,0.034797,-0.000031,-0.005645,-0.037326,-0.000000,-0.001015,1.570114,0.000000,1.000000,1.100000,0.000000,0.000000,-1.571000,0.000130,1.004880,1.065203,1.464391
5.952000,-0.000130,-0.004881,0.034797,-0.000031,-0.005645,-0.037326,-0.000000,-0.001015,1.570114,0.000000,1.000000,1.100000,0.000000,0.000000,-1.571000,0.000130,1.004881,1.065203,1.464392
5.954000,-0.000130,-0.004883,0.034797,-0.000031,-0.005645,-0.037326,-0.000000,-0.001015,1.570114,0.000000,1.000000,1.100000,0.000000,0.000000,-1.571000,0.000130,1.004883,1.065203,1.464393
5.956000,-0.000130,-0.004885,0.034797,-0.000031,-0.005645,-0.037326,-0.000000,-0.001015,1.570114,0.000000,1.000000,1.100000,0.000000,0.000000,-1.571000,0.000130,1.004885,1.065203,1.464394
5.958000,-0.000130,-0.004886,0.034797,-0.000031,-0.005645,-0.037326,-0.000000,-0.001015,1.570114,0.000000,1.000000,1.100000,0.000000,0.000000,-1.571000,0.000130,1.004886,1.065203,1.464395
5.960000,-0.000130,-0.004888,0.034797,-0.000031,-0.005645,-0.037326,-0.000000,-0.001015,1.570114,0.000000,1.000000,1.100000,0.000000,0.000000,-1.571000,0.000130,1.004888,1.065203,1.464397
5.962000,-0.000130,-0.004890,0.034797,-0.000031,-0.005645,-0.037326,-0.000000,-0.001015,1.570114,0.000000,1.000000,1.100000,0.000000,0.000000,-1.571000,0.000130,1.004890,1.065203,1.464398
5.964000,-0.000130,-0.004891,0.034797,-0.000031,-0.005645,-0.037326,-0.000000,-0.001015,1.570114,0.000000,1.000000,1.100000,0.000000,0.000000,-1.571000,0.000130,1.004891,1.065203,1.464399
5.966000,-0.000130,-0.004893,0.034797,-0.000031,-0.005645,-0.037326,-0.000000,-0.001015,1.570115,0.000000,1.000000,1.100000,0.000000,0.000000,-1.571000,0.000130,1.004893,1.065203,1.464400
5.968000,-0.000130,-0.004895,0.034797,-0.000031,-0.005645,-0.037326,-0.000000,-0.001015,1.570115,0.000000,1.000000,1.100000,0.000000,0.000000,-1.571000,0.000130,1.004895,1.065203,1.464401
5.970000,-0.000130,-0.004896,0.034797,-0.000031,-0.005645,-0.037326,-0.000000,-0.001015,1.570115,0.000000,1.000000,1.100000,0.000000,0.000000,-1.571000,0.000130,1.004896,1.065203,1.464402
5.972000,-0.000130,-0.004898,0.034797,-0.000031,-0.005645,-0.037326,-0.000000,-0.001015,1.570115,0.000000,1.000000,1.100000,0.000000,0.000000,-1.571000,0.000130,1.004898,1.065203,1.464403
5.974000,-0.000130,-0.004900,0.034797,-0.000031,-0.005645,-0.037326,-0.000000,-0.001015,1.570115,0.000000,1.000000,1.100000,0.000000,0.000000,-1.571000,0.000130,1.004900,1.065203,1.464405
5.976000,-0.000130,-0.004901,0.034797,-0.000031,-0.005645,-0.037326,-0.000000,-0.001015,1.570115,0.000000,1.000000,1.100000,0.000000,0.000000,-1.571000,0.000130,1.004901,1.065203,1.464406
5.978000,-0.000130,-0.004903,0.034797,-0.000031,-0.005645,-0.037326,-0.000000,-0.001015,1.570115,0.000000,1.000000,1.100000,0.000000,0.000000,-1.571000,0.000130,1.004903,1.065203,1.464407
5.980000,-0.000130,-0.004905,0.034797,-0.000031,-0.005645,-0.037326,-0.000000,-0.001015,1.570115,0.000000,1.000000,1.100000,0.000000,0.000000,-1.571000,0.000130,1.004905,1.065203,1.464408
5.982000,-0.000130,-0.004906,0.034797,-0.000031,-0.005645,-0.037326,-0.000000,-0.001015,1.570115,0.000000,1.000000,1.100000,0.000000,0.000000,-1.571000,0.000130,1.004906,1.065203,1.464409
5.984000,-0.000130,-0.004908,0.034797,-0.000031,-0.005645,-0.037326,-0.000000,-0.001015,1.570115,0.000000,1.000000,1.100000,0.000000,0.000000,-1.571000,0.000130,1.004908,1.065203,1.464410
5.986000,-0.000130,-0.004910,0.034797,-0.000031,-0.005645,-0.037326,-0.000000,-0.001015,1.570115,0.000000,1.000000,1.100000,0.000000,0.000000,-1.571000,0.000130,1.004910,1.065203,1.464411
5.988000,-0.000130,-0.004912,0.034797,-0.000031,-0.005645,-0.037326,-0.000000,-0.001015,1.570115,0.000000,1.000000,1.100000,0.000000,0.000000,-1.571000,0.000130,1.004912,1.065203,1.464413
5.990000,-0.000131,-0.004913,0.034797,-0.000031,-0.005645,-0.037326,-0.000000,-0.001015,1.570115,0.000000,1.000000,1.100000,0.000000,0.000000,-1.571000,0.000131,1.004913,1.065203,1.464414
5.992000,-0.000131,-0.004915,0.034797,-0.000031,-0.005645,-0.037326,-0.000000,-0.001015,1.570115,0.000000,1.000000,1.100000,0.000000,0.000000,-1.571000,0.000131,1.004915,1.065203,1.464415
5.994000,-0.000131,-0.004917,0.034797,-0.000031,-0.005645,-0.037326,-0.000000,-0.001015,1.570115,0.000000,1.000000,1.100000,0.000000,0.000000,-1.571000,0.000131,1.004917,1.065203,1.464416
5.996000,-0.000131,-0.004918,0.034797,-0.000031,-0.005645,-0.037326,-0.000000,-0.001015,1.570115,0.000000,1.000000,1.100000,0.000000,0.000000,-1.571000,0.000131,1.004918,1.065203,1.464417
5.998000,-0.000131,-0.004920,0.034797,-0.000031,-0.005645,-0.037326,-0.000000,-0.001015,1.570115,0.000000,1.000000,1.100000,0.000000,0.000000,-1.571000,0.000131,1.004920,1.065203,1.464418
6.000000,-0.000131,-0.004922,0.034797,-0.000031,-0.005645,-0.037326,-0.000000,-0.001015,1.570115,0.000000,1.000000,1.100000,0.000000,0.000000,-1.571000,0.000131,1.004922,1.065203,1.464420
6.002000,-0.000131,-0.004923,0.034797,-0.000031,-0.005645,-0.037326,-0.000000,-0.001015,1.570115,0.000000,1.000000,1.100000,0.000000,0.000000,-1.571000,0.000131,1.004923,1.065203,1.464421
6.004000,-0.000131,-0.004925,0.034797,-0.000031,-0.005645,-0.037326,-0.000000,-0.001015,1.570115,0.000000,1.000000,1.100000,0.000000,0.000000,-1.571000,0.000131,1.004925,1.065203,1.464422
6.006000,-0.000131,-0.004927,0.034797,-0.000031,-0.005645,-0.037326,-0.000000,-0.001015,1.570115,0.000000,1.000000,1.100000,0.000000,0.000000,-1.571000,0.000131,1.004927,1.065203,1.464423
6.008000,-0.000131,-0.004928,0.034797,-0.000031,-0.005645,-0.037326,-0.000000,-0.001015,1.570115,0.000000,1.000000,1.100000,0.000000,0.000000,-1.571000,0.000131,1.004928,1.065203,1.464424
6.010000,-0.000131,-0.004930,0.034797,-0.000031,-0.005645,-0.037326,-0.000000,-0.001015,1.570115,0.000000,1.000000,1.100000,0.000000,0.000000,-1.571000,0.000131,1.004930,1.065203,1.464425
6.012000,-0.000131,-0.004932,0.034797,-0.000031,-0.005645,-0.037326,-0.000000,-0.001015,1.570115,0.000000,1.000000,1.100000,0.000000,0.000000,-1.571000,0.000131,1.004932,1.065203,1.464426
6.014000,-0.000131,-0.004933,0.034797,-0.000031,-0.005645,-0.037326,-0.000000,-0.001015,1.570115,0.000000,1.000000,1.100000,0.000000,0.000000,-1.571000,0.000131,1.004933,1.065203,1.464428
6.016000,-0.000131,-0.004935,0.034797,-0.000031,-0.005645,-0.037326,-0.000000,-0.001015,1.570115,0.000000,1.000000,1.100000,0.000000,0.000000,-1.571000,0.000131,1.004935,1.065203,1.464429
6.018000,-0.000131,-0.004937,0.034797,-0.000031,-0.005645,-0.037326,-0.000000,-0.001015,1.570116,0.000000,1.000000,1.100000,0.000000,0.000000,-1.571000,0.000131,1.004937,1.065203,1.464430
6.020000,-0.000131,-0.004938,0.034797,-0.000031,-0.005645,-0.037326,-0.000000,-0.001015,1.570116,0.000000,1.000000,1.100000,0.000000,0.000000,-1.571000,0.000131,1.004938,1.065203,1.464431
6.022000,-0.000131,-0.004940,0.034797,-0.000031,-0.005645,-0.037326,-0.000000,-0.001015,1.570116,0.000000,1.000000,1.100000,0.000000,0.000000,-1.571000,0.000131,1.004940,1.065203,1.464432
6.024000,-0.000131,-0.004942,0.034797,-0.000031,-0.005645,-0.037326,-0.000000,-0.001015,1.570116,0.000000,1.000000,1.100000,0.000000,0.000000,-1.571000,0.000131,1.004942,1.065203,1.464433
6.026000,-0.000131,-0.004943,0.034797,-0.000031,-0.005645,-0.037326,-0.000000,-0.001015,1.570116,0.000000,1.000000,1.100000,0.000000,0.000000,-1.571000,0.000131,1.004943,1.065203,1.464434
6.028000,-0.000131,-0.004945,0.034797,-0.000031,-0.005645,-0.037326,-0.000000,-0.001015,1.570116,0.000000,1.000000,1.100000,0.000000,0.000000,-1.571000,0.000131,1.004945,1.065203,1.464436
6.030000,-0.000131,-0.004947,0.034797,-0.000031,-0.005645,-0.037326,-0.000000,-0.001015,1.570116,0.000000,1.000000,1.100000,0.000000,0.000000,-1.571000,0.000131,1.004947,1.065203,1.464437
6.032000,-0.000131,-0.004948,0.034797,-0.000031,-0.005645,-0.037326,-0.000000,-0.001015,1.570116,0.000000,1.000000,1.100000,0.000000,0.000000,-1.571000,0.000131,1.004948,1.065203,1.464438
6.034000,-0.000132,-0.004950,0.034797,-0.000031,-0.005645,-0.037326,-0.000000,-0.001015,1.570116,0.000000,1.000000,1.100000,0.000000,0.000000,-1.571000,0.000132,1.004950,1.065203,1.464439
6.036000,-0.000132,-0.004952,0.034797,-0.000031,-0.005645,-0.037326,-0.000000,-0.001015,1.570116,0.000000,1.000000,1.100000,0.000000,0.000000,-1.571000,0.000132,1.004952,1.065203,1.464440
6.038000,-0.000132,-0.004953,0.034797,-0.000031,-0.005645,-0.037326,-0.000000,-0.001015,1.570116,0.000000,1.000000,1.100000,0.000000,0.000000,-1.571000,0.000132,1.004953,1.065203,1.464441
6.040000,-0.000132,-0.004955,0.034797,-0.000031,-0.005645,-0.037326,-0.000000,-0.001015,1.570116,0.000000,1.000000,1.100000,0.000000,0.000000,-1.571000,0.000132,1.004955,1.065203,1.464443
6.042000,-0.000132,-0.004957,0.034797,-0.000031,-0.005645,-0.037326,-0.000000,-0.001015,1.570116,0.000000,1.000000,1.100000,0.000000,0.000000,-1.571000,0.000132,1.004957,1.065203,1.464444
6.044000,-0.000132,-0.004958,0.034797,-0.000031,-0.005645,-0.037326,-0.000000,-0.001015,1.570116,0.000000,1.000000,1.100000,0.000000,0.000000,-1.571000,0.000132,1.004958,1.065203,1.464445
6.046000,-0.000132,-0.004960,0.034797,-0.000031,-0.005645,-0.037326,-0.000000,-0.001015,1.570116,0.000000,1.000000,1.100000,0.000000,0.000000,-1.571000,0.000132,1.004960,1.065203,1.464446
6.048000,-0.000132,-0.004962,0.034797,-0.000031,-0.005645,-0.037326,-0.000000,-0.001015,1.570116,0.000000,1.000000,1.100000,0.000000,0.000000,-1.571000,0.000132,1.004962,1.065203,1.464447
6.050000,-0.000132,-0.004963,0.034797,-0.000031,-0.005645,-0.037326,-0.000000,-0.001015,1.570116,0.000000,1.000000,1.100000,0.000000,0.000000,-1.571000,0.000132,1.004963,1.065203,1.464448
6.052000,-0.000132,-0.004965,0.034797,-0.000031,-0.005645,-0.037326,-0.000000,-0.001015,1.570116,0.000000,1.000000,1.100000,0.000000,0.000000,-1.571000,0.000132,1.004965,1.065203,1.464449
6.054000,-0.000132,-0.004967,0.034797,-0.000031,-0.005645,-0.037326,-0.000000,-0.001015,1.570116,0.000000,1.000000,1.100000,0.000000,0.000000,-1.571000,0.000132,1.004967,1.065203,1.464451
6.056000,-0.000132,-0.004968,0.034797,-0.000031,-0.005645,-0.037326,-0.000000,-0.001015,1.570116,0.000000,1.000000,1.100000,0.000000,0.000000,-1.571000,0.000132,1.004968,1.065203,1.464452
6.058000,-0.000132,-0.004970,0.034797,-0.000031,-0.005645,-0.037326,-0.000000,-0.001015,1.570116,0.000000,1.000000,1.100000,0.000000,0.000000,-1.571000,0.000132,1.004970,1.065203,1.464453
6.060000,-0.000132,-0.004972,0.034797,-0.000031,-0.005645,-0.037326,-0.000000,-0.001015,1.570116,0.000000,1.000000,1.100000,0.000000,0.000000,-1.571000,0.000132,1.004972,1.065203,1.464454
6.062000,-0.000132,-0.004973,0.034797,-0.000031,-0.005645,-0.037326,-0.000000,-0.001015,1.570116,0.000000,1.000000,1.100000,0.000000,0.000000,-1.571000,0.000132,1.004973,1.065203,1.464455
6.064000,-0.000132,-0.004975,0.034797,-0.000031,-0.005645,-0.037326,-0.000000,-0.001015,1.570116,0.000000,1.000000,1.100000,0.000000,0.000000,-1.571000,0.000132,1.004975,1.065203,1.464456
6.066000,-0.000132,-0.004977,0.034797,-0.000031,-0.005645,-0.037326,-0.000000,-0.001015,1.570116,0.000000,1.000000,1.100000,0.000000,0.000000,-1.571000,0.000132,1.004977,1.065203,1.464457
6.068000,-0.000132,-0.004978,0.034797,-0.000031,-0.005645,-0.037326,-0.000000,-0.001015,1.570117,0.000000,1.000000,1.100000,0.000000,0.000000,-1.571000,0.000132,1.004978,1.065203,1.464459
6.070000,-0.000132,-0.004980,0.034797,-0.000031,-0.005645,-0.037326,-0.000000,-0.001015,1.570117,0.000000,1.000000,1.100000,0.000000,0.000000,-1.571000,0.000132,1.004980,1.065203,1.464460
6.072000,-0.000132,-0.004982,0.034797,-0.000031,-0.005645,-0.037326,-0.000000,-0.001015,1.570117,0.000000,1.000000,1.100000,0.000000,0.000000,-1.571000,0.000132,1.004982,1.065203,1.464461
6.074000,-0.000132,-0.004984,0.034797,-0.000031,-0.005645,-0.037326,-0.000000,-0.001015,1.570117,0.000000,1.000000,1.100000,0.000000,0.000000,-1.571000,0.000132,1.004984,1.065203,1.464462
6.076000,-0.000132,-0.004985,0.034797,-0.000031,-0.005645,-0.037326,-0.000000,-0.001015,1.570117,0.000000,1.000000,1.100000,0.000000,0.000000,-1.571000,0.000132,1.004985,1.065203,1.464463
6.078000,-0.000133,-0.004987,0.034797,-0.000031,-0.005645,-0.037326,-0.000000,-0.001015,1.570117,0.000000,1.000000,1.100000,0.000000,0.000000,-1.571000,0.000133,1.004987,1.065203,1.464464
6.080000,-0.000133,-0.004989,0.034797,-0.000031,-0.005645,-0.037326,-0.000000,-0.001015,1.570117,0.000000,1.000000,1.100000,0.000000,0.000000,-1.571000,0.000133,1.004989,1.065203,1.464465
6.082000,-0.000133,-0.004990,0.034797,-0.000031,-0.005645,-0.037326,-0.000000,-0.001015,1.570117,0.000000,1.000000,1.100000,0.000000,0.000000,-1.571000,0.000133,1.004990,1.065203,1.464467
6.084000,-0.000133,-0.004992,0.034797,-0.000031,-0.005645,-0.037326,-0.000000,-0.001015,1.570117,0.000000,1.000000,1.100000,0.000000,0.000000,-1.571000,0.000133,1.004992,1.065203,1.464468
6.086000,-0.000133,-0.004994,0.034797,-0.000031,-0.005645,-0.037326,-0.000000,-0.001015,1.570117,0.000000,1.000000,1.100000,0.000000,0.000000,-1.571000,0.000133,1.004994,1.065203,1.464469
6.088000,-0.000133,-0.004995,0.034797,-0.000031,-0.005645,-0.037326,-0.000000,-0.001015,1.570117,0.000000,1.000000,1.100000,0.000000,0.000000,-1.571000,0.000133,1.004995,1.065203,1.464470
6.090000,-0.000133,-0.004997,0.034797,-0.000031,-0.005645,-0.037326,-0.000000,-0.001015,1.570117,0.000000,1.000000,1.100000,0.000000,0.000000,-1.571000,0.000133,1.004997,1.065203,1.464471
6.092000,-0.000133,-0.004999,0.034797,-0.000031,-0.005645,-0.037326,-0.000000,-0.001015,1.570117,0.000000,1.000000,1.100000,0.000000,0.000000,-1.571000,0.000133,1.004999,1.065203,1.464472
6.094000,-0.000133,-0.005000,0.034797,-0.000031,-0.005645,-0.037326,-0.000000,-0.001015,1.570117,0.000000,1.000000,1.100000,0.000000,0.000000,-1.571000,0.000133,1.005000,1.065203,1.464474
6.096000,-0.000133,-0.005002,0.034797,-0.000031,-0.005645,-0.037326,-0.000000,-0.001015,1.570117,0.000000,1.000000,1.100000,0.000000,0.000000,-1.571000,0.000133,1.005002,1.065203,1.464475
6.098000,-0.000133,-0.005004,0.034797,-0.000031,-0.005645,-0.037326,-0.000000,-0.001015,1.570117,0.000000,1.000000,1.100000,0.000000,0.000000,-1.571000,0.000133,1.005004,1.065203,1.464476
6.100000,-0.000133,-0.005005,0.034797,-0.000031,-0.005645,-0.037326,-0.000000,-0.001015,1.570117,0.000000,1.000000,1.100000,0.000000,0.000000,-1.571000,0.000133,1.005005,1.065203,1.464477
6.102000,-0.000133,-0.005007,0.034797,-0.000031,-0.005645,-0.037326,-0.000000,-0.001015,1.570117,0.000000,1.000000,1.100000,0.000000,0.000000,-1.571000,0.000133,1.005007,1.065203,1.464478
6.104000,-0.000133,-0.005009,0.034797,-0.000031,-0.005645,-0.037326,-0.000000,-0.001015,1.570117,0.000000,1.000000,1.100000,0.000000,0.000000,-1.571000,0.000133,1.005009,1.065203,1.464479
6.106000,-0.000133,-0.005010,0.034797,-0.000031,-0.005645,-0.037326,-0.000000,-0.001015,1.570117,0.000000,1.000000,1.100000,0.000000,0.000000,-1.571000,0.000133,1.005010,1.065203,1.464480
6.108000,-0.000133,-0.005012,0.034797,-0.000031,-0.005645,-0.037326,-0.000000,-0.001015,1.570117,0.000000,1.000000,1.100000,0.000000,0.000000,-1.571000,0.000133,1.005012,1.065203,1.464482
6.110000,-0.000133,-0.005014,0.034797,-0.000031,-0.005645,-0.037326,-0.000000,-0.001015,1.570117,0.000000,1.000000,1.100000,0.000000,0.000000,-1.571000,0.000133,1.005014,1.065203,1.464483
6.112000,-0.000133,-0.005015,0.034797,-0.000031,-0.005645,-0.037326,-0.000000,-0.001015,1.570117,0.000000,1.000000,1.100000,0.000000,0.000000,-1.571000,0.000133,1.005015,1.065203,1.464484
6.114000,-0.000133,-0.005017,0.034797,-0.000031,-0.005645,-0.037326,-0.000000,-0.001015,1.570117,0.000000,1.000000,1.100000,0.000000,0.000000,-1.571000,0.000133,1.005017,1.065203,1.464485
6.116000,-0.000133,-0.005019,0.034797,-0.000031,-0.005645,-0.037326,-0.000000,-0.001015,1.570117,0.000000,1.000000,1.100000,0.000000,0.000000,-1.571000,0.000133,1.005019,1.065203,1.464486
6.118000,-0.000133,-0.005020,0.034797,-0.000031,-0.005645,-0.037326,-0.000000,-0.001015,1.570117,0.000000,1.000000,1.100000,0.000000,0.000000,-1.571000,0.000133,1.005020,1.065203,1.464487
6.120000,-0.000133,-0.005022,0.034797,-0.000031,-0.005645,-0.037326,-0.000000,-0.001015,1.570118,0.000000,1.000000,1.100000,0.000000,0.000000,-1.571000,0.000133,1.005022,1.065203,1.464488
6.122000,-0.000133,-0.005024,0.034797,-0.000031,-0.005645,-0.037326,-0.000000,-0.001015,1.570118,0.000000,1.000000,1.100000,0.000000,0.000000,-1.571000,0.000133,1.005024,1.065203,1.464490
6.124000,-0.000134,-0.005025,0.034797,-0.000031,-0.005645,-0.037326,-0.000000,-0.001015,1.570118,0.000000,1.000000,1.100000,0.000000,0.000000,-1.571000,0.000134,1.005025,1.065203,1.464491
6.126000,-0.000134,-0.005027,0.034797,-0.000031,-0.005645,-0.037326,-0.000000,-0.001015,1.570118,0.000000,1.000000,1.100000,0.000000,0.000000,-1.571000,0.000134,1.005027,1.065203,1.464492
6.128000,-0.000134,-0.005029,0.034797,-0.000031,-0.005645,-0.037326,-0.000000,-0.001015,1.570118,0.000000,1.000000,1.100000,0.000000,0.000000,-1.571000,0.000134,1.005029,1.065203,1.464493
6.130000,-0.000134,-0.005030,0.034797,-0.000031,-0.005645,-0.037326,-0.000000,-0.001015,1.570118,0.000000,1.000000,1.100000,0.000000,0.000000,-1.571000,0.000134,1.005030,1.065203,1.464494
6.132000,-0.000134,-0.005032,0.034797,-0.000031,-0.005645,-0.037326,-0.000000,-0.001015,1.570118,0.000000,1.000000,1.100000,0.000000,0.000000,-1.571000,0.000134,1.005032,1.065203,1.464495
6.134000,-0.000134,-0.005034,0.034797,-0.000031,-0.005645,-0.037326,-0.000000,-0.001015,1.570118,0.000000,1.000000,1.100000,0.000000,0.000000,-1.571000,0.000134,1.005034,1.065203,1.464497
6.136000,-0.000134,-0.005035,0.034797,-0.000031,-0.005645,-0.037326,-0.000000,-0.001015,1.570118,0.000000,1.000000,1.100000,0.000000,0.000000,-1.571000,0.000134,1.005035,1.065203,1.464498
6.138000,-0.000134,-0.005037,0.034797,-0.000031,-0.005645,-0.037326,-0.000000,-0.001015,1.570118,0.000000,1.000000,1.100000,0.000000,0.000000,-1.571000,0.000134,1.005037,1.065203,1.464499
6.140000,-0.000134,-0.005039,0.034797,-0.000031,-0.005645,-0.037326,-0.000000,-0.001015,1.570118,0.000000,1.000000,1.100000,0.000000,0.000000,-1.571000,0.000134,1.005039,1.065203,1.464500
6.142000,-0.000134,-0.005040,0.034797,-0.000031,-0.005645,-0.037326,-0.000000,-0.001015,1.570118,0.000000,1.000000,1.100000,0.000000,0.000000,-1.571000,0.000134,1.005040,1.065203,1.464501
6.144000,-0.000134,-0.005042,0.034797,-0.000031,-0.005645,-0.037326,-0.000000,-0.001015,1.570118,0.000000,1.000000,1.100000,0.000000,0.000000,-1.571000,0.000134,1.005042,1.065203,1.464502
6.146000,-0.000134,-0.005044,0.034797,-0.000031,-0.005645,-0.037326,-0.000000,-0.001015,1.570118,0.000000,1.000000,1.100000,0.000000,0.000000,-1.571000,0.000134,1.005044,1.065203,1.464503
6.148000,-0.000134,-0.005045,0.034797,-0.000031,-0.005645,-0.037326,-0.000000,-0.001015,1.570118,0.000000,1.000000,1.100000,0.000000,0.000000,-1.571000,0.000134,1.005045,1.065203,1.464505
6.150000,-0.000134,-0.005047,0.034797,-0.000031,-0.005645,-0.037326,-0.000000,-0.001015,1.570118,0.000000,1.000000,1.100000,0.000000,0.000000,-1.571000,0.000134,1.005047,1.065203,1.464506
6.152000,-0.000134,-0.005049,0.034797,-0.000031,-0.005645,-0.037326,-0.000000,-0.001015,1.570118,0.000000,1.000000,1.100000,0.000000,0.000000,-1.571000,0.000134,1.005049,1.065203,1.464507
6.154000,-0.000134,-0.005051,0.034797,-0.000031,-0.005645,-0.037326,-0.000000,-0.001015,1.570118,0.000000,1.000000,1.100000,0.000000,0.000000,-1.571000,0.000134,1.005051,1.065203,1.464508
6.156000,-0.000134,-0.005052,0.034797,-0.000031,-0.005645,-0.037326,-0.000000,-0.001015,1.570118,0.000000,1.000000,1.100000,0.000000,0.000000,-1.571000,0.000134,1.005052,1.065203,1.464509
6.158000,-0.000134,-0.005054,0.034797,-0.000031,-0.005645,-0.037326,-0.000000,-0.001015,1.570118,0.000000,1.000000,1.100000,0.000000,0.000000,-1.571000,0.000134,1.005054,1.065203,1.464510
6.160000,-0.000134,-0.005056,0.034797,-0.000031,-0.005645,-0.037326,-0.000000,-0.001015,1.570118,0.000000,1.000000,1.100000,0.000000,0.000000,-1.571000,0.000134,1.005056,1.065203,1.464511
6.162000,-0.000134,-0.005057,0.034797,-0.000031,-0.005645,-0.037326,-0.000000,-0.001015,1.570118,0.000000,1.000000,1.100000,0.000000,0.000000,-1.571000,0.000134,1.005057,1.065203,1.464513
6.164000,-0.000134,-0.005059,0.034797,-0.000031,-0.005645,-0.037326,-0.000000,-0.001015,1.570118,0.000000,1.000000,1.100000,0.000000,0.000000,-1.571000,0.000134,1.005059,1.065203,1.464514
6.166000,-0.000134,-0.005061,0.034797,-0.000031,-0.005645,-0.037326,-0.000000,-0.001015,1.570118,0.000000,1.000000,1.100000,0.000000,0.000000,-1.571000,0.000134,1.005061,1.065203,1.464515
6.168000,-0.000135,-0.005062,0.034797,-0.000031,-0.005645,-0.037326,-0.000000,-0.001015,1.570118,0.000000,1.000000,1.100000,0.000000,0.000000,-1.571000,0.000135,1.005062,1.065203,1.464516
6.170000,-0.000135,-0.005064,0.034797,-0.000031,-0.005645,-0.037326,-0.000000,-0.001015,1.570119,0.000000,1.000000,1.100000,0.000000,0.000000,-1.571000,0.000135,1.005064,1.065203,1.464517
6.172000,-0.000135,-0.005066,0.034797,-0.000031,-0.005645,-0.037326,-0.000000,-0.001015,1.570119,0.000000,1.000000,1.100000,0.000000,0.000000,-1.571000,0.000135,1.005066,1.065203,1.464518
6.174000,-0.000135,-0.005067,0.034797,-0.000031,-0.005645,-0.037326,-0.000000,-0.001015,1.570119,0.000000,1.000000,1.100000,0.000000,0.000000,-1.571000,0.000135,1.005067,1.065203,1.464520
6.176000,-0.000135,-0.005069,0.034797,-0.000031,-0.005645,-0.037326,-0.000000,-0.001015,1.570119,0.000000,1.000000,1.100000,0.000000,0.000000,-1.571000,0.000135,1.005069,1.065203,1.464521
6.178000,-0.000135,-0.005071,0.034797,-0.000031,-0.005645,-0.037326,-0.000000,-0.001015,1.570119,0.000000,1.000000,1.100000,0.000000,0.000000,-1.571000,0.000135,1.005071,1.065203,1.464522
6.180000,-0.000135,-0.005072,0.034797,-0.000031,-0.005645,-0.037326,-0.000000,-0.001015,1.570119,0.000000,1.000000,1.100000,0.000000,0.000000,-1.571000,0.000135,1.005072,1.065203,1.464523
6.182000,-0.000135,-0.005074,0.034797,-0.000031,-0.005645,-0.037326,-0.000000,-0.001015,1.570119,0.000000,1.000000,1.100000,0.000000,0.000000,-1.571000,0.000135,1.005074,1.065203,1.464524
6.184000,-0.000135,-0.005076,0.034797,-0.000031,-0.005645,-0.037326,-0.000000,-0.001015,1.570119,0.000000,1.000000,1.100000,0.000000,0.000000,-1.571000,0.000135,1.005076,1.065203,1.464525
6.186000,-0.000135,-0.005077,0.034797,-0.000031,-0.005645,-0.037326,-0.000000,-0.001015,1.570119,0.000000,1.000000,1.100000,0.000000,0.000000,-1.571000,0.000135,1.005077,1.065203,1.464526
6.188000,-0.000135,-0.005079,0.034797,-0.000031,-0.005645,-0.037326,-0.000000,-0.001015,1.570119,0.000000,1.000000,1.100000,0.000000,0.000000,-1.571000,0.000135,1.005079,1.065203,1.464528
6.190000,-0.000135,-0.005081,0.034797,-0.000031,-0.005645,-0.037326,-0.000000,-0.001015,1.570119,0.000000,1.000000,1.100000,0.000000,0.000000,-1.571000,0.000135,1.005081,1.065203,1.464529
6.192000,-0.000135,-0.005082,0.034797,-0.000031,-0.005645,-0.037326,-0.000000,-0.001015,1.570119,0.000000,1.000000,1.100000,0.000000,0.000000,-1.571000,0.000135,1.005082,1.065203,1.464530
6.194000,-0.000135,-0.005084,0.034797,-0.000031,-0.005645,-0.037326,-0.000000,-0.001015,1.570119,0.000000,1.000000,1.100000,0.000000,0.000000,-1.571000,0.000135,1.005084,1.065203,1.464531
6.196000,-0.000135,-0.005086,0.034797,-0.000031,-0.005645,-0.037326,-0.000000,-0.001015,1.570119,0.000000,1.000000,1.100000,0.000000,0.000000,-1.571000,0.000135,1.005086,1.065203,1.464532
6.198000,-0.000135,-0.005087,0.034797,-0.000031,-0.005645,-0.037326,-0.000000,-0.001015,1.570119,0.000000,1.000000,1.100000,0.000000,0.000000,-1.571000,0.000135,1.005087,1.065203,1.464533
6.200000,-0.000135,-0.005089,0.034797,-0.000031,-0.005645,-0.037326,-0.000000,-0.001015,1.570119,0.000000,1.000000,1.100000,0.000000,0.000000,-1.571000,0.000135,1.005089,1.065203,1.464534
6.202000,-0.000135,-0.005091,0.034797,-0.000031,-0.005645,-0.037326,-0.000000,-0.001015,1.570119,0.000000,1.000000,1.100000,0.000000,0.000000,-1.571000,0.000135,1.005091,1.065203,1.464536
6.204000,-0.000135,-0.005092,0.034797,-0.000031,-0.005645,-0.037326,-0.000000,-0.001015,1.570119,0.000000,1.000000,1.100000,0.000000,0.000000,-1.571000,0.000135,1.005092,1.065203,1.464537
6.206000,-0.000135,-0.005094,0.034797,-0.000031,-0.005645,-0.037326,-0.000000,-0.001015,1.570119,0.000000,1.000000,1.100000,0.000000,0.000000,-1.571000,0.000135,1.005094,1.065203,1.464538
6.208000,-0.000135,-0.005096,0.034797,-0.000031,-0.005645,-0.037326,-0.000000,-0.001015,1.570119,0.000000,1.000000,1.100000,0.000000,0.000000,-1.571000,0.000135,1.005096,1.065203,1.464539
6.210000,-0.000135,-0.005097,0.034797,-0.000031,-0.005645,-0.037326,-0.000000,-0.001015,1.570119,0.000000,1.000000,1.100000,0.000000,0.000000,-1.571000,0.000135,1.005097,1.065203,1.464540
6.212000,-0.000136,-0.005099,0.034797,-0.000031,-0.005645,-0.037326,-0.000000,-0.001015,1.570119,0.000000,1.000000,1.100000,0.000000,0.000000,-1.571000,0.000136,1.005099,1.065203,1.464541
6.214000,-0.000136,-0.005101,0.034797,-0.000031,-0.005645,-0.037326,-0.000000,-0.001015,1.570119,0.000000,1.000000,1.100000,0.000000,0.000000,-1.571000,0.000136,1.005101,1.065203,1.464542
6.216000,-0.000136,-0.005102,0.034797,-0.000031,-0.005645,-0.037326,-0.000000,-0.001015,1.570119,0.000000,1.000000,1.100000,0.000000,0.000000,-1.571000,0.000136,1.005102,1.065203,1.464544
6.218000,-0.000136,-0.005104,0.034797,-0.000031,-0.005645,-0.037326,-0.000000,-0.001015,1.570119,0.000000,1.000000,1.100000,0.000000,0.000000,-1.571000,0.000136,1.005104,1.065203,1.464545
6.220000,-0.000136,-0.005106,0.034797,-0.000031,-0.005645,-0.037326,-0.000000,-0.001015,1.570120,0.000000,1.000000,1.100000,0.000000,0.000000,-1.571000,0.000136,1.005106,1.065203,1.464546
6.222000,-0.000136,-0.005107,0.034797,-0.000031,-0.005645,-0.037326,-0.000000,-0.001015,1.570120,0.000000,1.000000,1.100000,0.000000,0.000000,-1.571000,0.000136,1.005107,1.065203,1.464547
6.224000,-0.000136,-0.005109,0.034797,-0.000031,-0.005645,-0.037326,-0.000000,-0.001015,1.570120,0.000000,1.000000,1.100000,0.000000,0.000000,-1.571000,0.000136,1.005109,1.065203,1.464548
6.226000,-0.000136,-0.005111,0.034797,-0.000031,-0.005645,-0.037326,-0.000000,-0.001015,1.570120,0.000000,1.000000,1.100000,0.000000,0.000000,-1.571000,0.000136,1.005111,1.065203,1.464549
6.228000,-0.000136,-0.005112,0.034797,-0.000031,-0.005645,-0.037326,-0.000000,-0.001015,1.570120,0.000000,1.000000,1.100000,0.000000,0.000000,-1.571000,0.000136,1.005112,1.065203,1.464551
6.230000,-0.000136,-0.005114,0.034797,-0.000031,-0.005645,-0.037326,-0.000000,-0.001015,1.570120,0.000000,1.000000,1.100000,0.000000,0.000000,-1.571000,0.000136,1.005114,1.065203,1.464552
6.232000,-0.000136,-0.005116,0.034797,-0.000031,-0.005645,-0.037326,-0.000000,-0.001015,1.570120,0.000000,1.000000,1.100000,0.000000,0.000000,-1.571000,0.000136,1.005116,1.065203,1.464553
6.234000,-0.000136,-0.005117,0.034797,-0.000031,-0.005645,-0.037326,-0.000000,-0.001015,1.570120,0.000000,1.000000,1.100000,0.000000,0.000000,-1.571000,0.000136,1.005117,1.065203,1.464554
6.236000,-0.000136,-0.005119,0.034797,-0.000031,-0.005645,-0.037326,-0.000000,-0.001015,1.570120,0.000000,1.000000,1.100000,0.000000,0.000000,-1.571000,0.000136,1.005119,1.065203,1.464555
6.238000,-0.000136,-0.005121,0.034797,-0.000031,-0.005645,-0.037326,-0.000000,-0.001015,1.570120,0.000000,1.000000,1.100000,0.000000,0.000000,-1.571000,0.000136,1.005121,1.065203,1.464556
6.240000,-0.000136,-0.005123,0.034797,-0.000031,-0.005645,-0.037326,-0.000000,-0.001015,1.570120,0.000000,1.000000,1.100000,0.000000,0.000000,-1.571000,0.000136,1.005123,1.065203,1.464557
6.242000,-0.000136,-0.005124,0.034797,-0.000031,-0.005645,-0.037326,-0.000000,-0.001015,1.570120,0.000000,1.000000,1.100000,0.000000,0.000000,-1.571000,0.000136,1.005124,1.065203,1.464559
6.244000,-0.000136,-0.005126,0.034797,-0.000031,-0.005645,-0.037326,-0.000000,-0.001015,1.570120,0.000000,1.000000,1.100000,0.000000,0.000000,-1.571000,0.000136,1.005126,1.065203,1.464560
6.246000,-0.000136,-0.005128,0.034797,-0.000031,-0.005645,-0.037326,-0.000000,-0.001015,1.570120,0.000000,1.000000,1.100000,0.000000,0.000000,-1.571000,0.000136,1.005128,1.065203,1.464561
6.248000,-0.000136,-0.005129,0.034797,-0.000031,-0.005645,-0.037326,-0.000000,-0.001015,1.570120,0.000000,1.000000,1.100000,0.000000,0.000000,-1.571000,0.000136,1.005129,1.065203,1.464562
6.250000,-0.000136,-0.005131,0.034797,-0.000031,-0.005645,-0.037326,-0.000000,-0.001015,1.570120,0.000000,1.000000,1.100000,0.000000,0.000000,-1.571000,0.000136,1.005131,1.065203,1.464563
6.252000,-0.000136,-0.005133,0.034797,-0.000031,-0.005645,-0.037326,-0.000000,-0.001015,1.570120,0.000000,1.000000,1.100000,0.000000,0.000000,-1.571000,0.000136,1.005133,1.065203,1.464564
6.254000,-0.000136,-0.005134,0.034797,-0.000031,-0.005645,-0.037326,-0.000000,-0.001015,1.570120,0.000000,1.000000,1.100000,0.000000,0.000000,-1.571000,0.000136,1.005134,1.065203,1.464565
6.256000,-0.000137,-0.005136,0.034797,-0.000031,-0.005645,-0.037326,-0.000000,-0.001015,1.570120,0.000000,1.000000,1.100000,0.000000,0.000000,-1.571000,0.000137,1.005136,1.065203,1.464567
6.258000,-0.000137,-0.005138,0.034797,-0.000031,-0.005645,-0.037326,-0.000000,-0.001015,1.570120,0.000000,1.000000,1.100000,0.000000,0.000000,-1.571000,0.000137,1.005138,1.065203,1.464568
6.260000,-0.000137,-0.005139,0.034797,-0.000031,-0.005645,-0.037326,-0.000000,-0.001015,1.570120,0.000000,1.000000,1.100000,0.000000,0.000000,-1.571000,0.000137,1.005139,1.065203,1.464569
6.262000,-0.000137,-0.005141,0.034797,-0.000031,-0.005645,-0.037326,-0.000000,-0.001015,1.570120,0.000000,1.000000,1.100000,0.000000,0.000000,-1.571000,0.000137,1.005141,1.065203,1.464570
6.264000,-0.000137,-0.005143,0.034797,-0.000031,-0.005645,-0.037326,-0.000000,-0.001015,1.570120,0.000000,1.000000,1.100000,0.000000,0.000000,-1.571000,0.000137,1.005143,1.065203,1.464571
6.266000,-0.000137,-0.005144,0.034797,-0.000031,-0.005645,-0.037326,-0.000000,-0.001015,1.570120,0.000000,1.000000,1.100000,0.000000,0.000000,-1.571000,0.000137,1.005144,1.065203,1.464572
6.268000,-0.000137,-0.005146,0.034797,-0.000031,-0.005645,-0.037326,-0.000000,-0.001015,1.570120,0.000000,1.000000,1.100000,0.000000,0.000000,-1.571000,0.000137,1.005146,1.065203,1.464574
6.270000,-0.000137,-0.005148,0.034797,-0.000031,-0.005645,-0.037326,-0.000000,-0.001015,1.570120,0.000000,1.000000,1.100000,0.000000,0.000000,-1.571000,0.000137,1.005148,1.065203,1.464575
6.272000,-0.000137,-0.005149,0.034797,-0.000031,-0.005645,-0.037326,-0.000000,-0.001015,1.570121,0.000000,1.000000,1.100000,0.000000,0.000000,-1.571000,0.000137,1.005149,1.065203,1.464576
6.274000,-0.000137,-0.005151,0.034797,-0.000031,-0.005645,-0.037326,-0.000000,-0.001015,1.570121,0.000000,1.000000,1.100000,0.000000,0.000000,-1.571000,0.000137,1.005151,1.065203,1.464577
6.276000,-0.000137,-0.005153,0.034797,-0.000031,-0.005645,-0.037326,-0.000000,-0.001015,1.570121,0.000000,1.000000,1.100000,0.000000,0.000000,-1.571000,0.000137,1.005153,1.065203,1.464578
6.278000,-0.000137,-0.005154,0.034797,-0.000031,-0.005645,-0.037326,-0.000000,-0.001015,1.570121,0.000000,1.000000,1.100000,0.000000,0.000000,-1.571000,0.000137,1.005154,1.065203,1.464579
6.280000,-0.000137,-0.005156,0.034797,-0.000031,-0.005645,-0.037326,-0.000000,-0.001015,1.570121,0.000000,1.000000,1.100000,0.000000,0.000000,-1.571000,0.000137,1.005156,1.065203,1.464580
6.282000,-0.000137,-0.005158,0.034797,-0.000031,-0.005645,-0.037326,-0.000000,-0.001015,1.570121,0.000000,1.000000,1.100000,0.000000,0.000000,-1.571000,0.000137,1.005158,1.065203,1.464582
6.284000,-0.000137,-0.005159,0.034797,-0.000031,-0.005645,-0.037326,-0.000000,-0.001015,1.570121,0.000000,1.000000,1.100000,0.000000,0.000000,-1.571000,0.000137,1.005159,1.065203,1.464583
6.286000,-0.000137,-0.005161,0.034797,-0.000031,-0.005645,-0.037326,-0.000000,-0.001015,1.570121,0.000000,1.000000,1.100000,0.000000,0.000000,-1.571000,0.000137,1.005161,1.065203,1.464584
6.288000,-0.000137,-0.005163,0.034797,-0.000031,-0.005645,-0.037326,-0.000000,-0.001015,1.570121,0.000000,1.000000,1.100000,0.000000,0.000000,-1.571000,0.000137,1.005163,1.065203,1.464585
6.290000,-0.000137,-0.005164,0.034797,-0.000031,-0.005645,-0.037326,-0.000000,-0.001015,1.570121,0.000000,1.000000,1.100000,0.000000,0.000000,-1.571000,0.000137,1.005164,1.065203,1.464586
6.292000,-0.000137,-0.005166,0.034797,-0.000031,-0.005645,-0.037326,-0.000000,-0.001015,1.570121,0.000000,1.000000,1.100000,0.000000,0.000000,-1.571000,0.000137,1.005166,1.065203,1.464587
6.294000,-0.000137,-0.005168,0.034797,-0.000031,-0.005645,-0.037326,-0.000000,-0.001015,1.570121,0.000000,1.000000,1.100000,0.000000,0.000000,-1.571000,0.000137,1.005168,1.065203,1.464588
6.296000,-0.000137,-0.005169,0.034797,-0.000031,-0.005645,-0.037326,-0.000000,-0.001015,1.570121,0.000000,1.000000,1.100000,0.000000,0.000000,-1.571000,0.000137,1.005169,1.065203,1.464590
6.298000,-0.000137,-0.005171,0.034797,-0.000031,-0.005645,-0.037326,-0.000000,-0.001015,1.570121,0.000000,1.000000,1.100000,0.000000,0.000000,-1.571000,0.000137,1.005171,1.065203,1.464591
6.300000,-0.000138,-0.005173,0.034797,-0.000031,-0.005645,-0.037326,-0.000000,-0.001015,1.570121,0.000000,1.000000,1.100000,0.000000,0.000000,-1.571000,0.000138,1.005173,1.065203,1.464592
6.302000,-0.000138,-0.005174,0.034797,-0.000031,-0.005645,-0.037326,-0.000000,-0.001015,1.570121,0.000000,1.000000,1.100000,0.000000,0.000000,-1.571000,0.000138,1.005174,1.065203,1.464593
6.304000,-0.000138,-0.005176,0.034797,-0.000031,-0.005645,-0.037326,-0.000000,-0.001015,1.570121,0.000000,1.000000,1.100000,0.000000,0.000000,-1.571000,0.000138,1.005176,1.065203,1.464594
6.306000,-0.000138,-0.005178,0.034797,-0.000031,-0.005645,-0.037326,-0.000000,-0.001015,1.570121,0.000000,1.000000,1.100000,0.000000,0.000000,-1.571000,0.000138,1.005178,1.065203,1.464595
6.308000,-0.000138,-0.005179,0.034797,-0.000031,-0.005645,-0.037326,-0.000000,-0.001015,1.570121,0.000000,1.000000,1.100000,0.000000,0.000000,-1.571000,0.000138,1.005179,1.065203,1.464597
6.310000,-0.000138,-0.005181,0.034797,-0.000031,-0.005645,-0.037326,-0.000000,-0.001015,1.570121,0.000000,1.000000,1.100000,0.000000,0.000000,-1.571000,0.000138,1.005181,1.065203,1.464598
6.312000,-0.000138,-0.005183,0.034797,-0.000031,-0.005645,-0.037326,-0.000000,-0.001015,1.570121,0.000000,1.000000,1.100000,0.000000,0.000000,-1.571000,0.000138,1.005183,1.065203,1.464599
6.314000,-0.000138,-0.005184,0.034797,-0.000031,-0.005645,-0.037326,-0.000000,-0.001015,1.570121,0.000000,1.000000,1.100000,0.000000,0.000000,-1.571000,0.000138,1.005184,1.065203,1.464600
6.316000,-0.000138,-0.005186,0.034797,-0.000031,-0.005645,-0.037326,-0.000000,-0.001015,1.570121,0.000000,1.000000,1.100000,0.000000,0.000000,-1.571000,0.000138,1.005186,1.065203,1.464601
6.318000,-0.000138,-0.005188,0.034797,-0.000031,-0.005645,-0.037326,-0.000000,-0.001015,1.570121,0.000000,1.000000,1.100000,0.000000,0.000000,-1.571000,0.000138,1.005188,1.065203,1.464602
6.320000,-0.000138,-0.005190,0.034797,-0.000031,-0.005645,-0.037326,-0.000000,-0.001015,1.570121,0.000000,1.000000,1.100000,0.000000,0.000000,-1.571000,0.000138,1.005190,1.065203,1.464603
6.322000,-0.000138,-0.005191,0.034797,-0.000031,-0.005645,-0.037326,-0.000000,-0.001015,1.570122,0.000000,1.000000,1.100000,0.000000,0.000000,-1.571000,0.000138,1.005191,1.065203,1.464605
6.324000,-0.000138,-0.005193,0.034797,-0.000031,-0.005645,-0.037326,-0.000000,-0.001015,1.570122,0.000000,1.000000,1.100000,0.000000,0.000000,-1.571000,0.000138,1.005193,1.065203,1.464606
6.326000,-0.000138,-0.005195,0.034797,-0.000031,-0.005645,-0.037326,-0.000000,-0.001015,1.570122,0.000000,1.000000,1.100000,0.000000,0.000000,-1.571000,0.000138,1.005195,1.065203,1.464607
6.328000,-0.000138,-0.005196,0.034797,-0.000031,-0.005645,-0.037326,-0.000000,-0.001015,1.570122,0.000000,1.000000,1.100000,0.000000,0.000000,-1.571000,0.000138,1.005196,1.065203,1.464608
6.330000,-0.000138,-0.005198,0.034797,-0.000031,-0.005645,-0.037326,-0.000000,-0.001015,1.570122,0.000000,1.000000,1.100000,0.000000,0.000000,-1.571000,0.000138,1.005198,1.065203,1.464609
6.332000,-0.000138,-0.005200,0.034797,-0.000031,-0.005645,-0.037326,-0.000000,-0.001015,1.570122,0.000000,1.000000,1.100000,0.000000,0.000000,-1.571000,0.000138,1.005200,1.065203,1.464610
6.334000,-0.000138,-0.005201,0.034797,-0.000031,-0.005645,-0.037326,-0.000000,-0.001015,1.570122,0.000000,1.000000,1.100000,0.000000,0.000000,-1.571000,0.000138,1.005201,1.065203,1.464611
6.336000,-0.000138,-0.005203,0.034797,-0.000031,-0.005645,-0.037326,-0.000000,-0.001015,1.570122,0.000000,1.000000,1.100000,0.000000,0.000000,-1.571000,0.000138,1.005203,1.065203,1.464613
6.338000,-0.000138,-0.005205,0.034797,-0.000031,-0.005645,-0.037326,-0.000000,-0.001015,1.570122,0.000000,1.000000,1.100000,0.000000,0.000000,-1.571000,0.000138,1.005205,1.065203,1.464614
6.340000,-0.000138,-0.005206,0.034797,-0.000031,-0.005645,-0.037326,-0.000000,-0.001015,1.570122,0.000000,1.000000,1.100000,0.000000,0.000000,-1.571000,0.000138,1.005206,1.065203,1.464615
6.342000,-0.000138,-0.005208,0.034797,-0.000031,-0.005645,-0.037326,-0.000000,-0.001015,1.570122,0.000000,1.000000,1.100000,0.000000,0.000000,-1.571000,0.000138,1.005208,1.065203,1.464616
6.344000,-0.000138,-0.005210,0.034797,-0.000031,-0.005645,-0.037326,-0.000000,-0.001015,1.570122,0.000000,1.000000,1.100000,0.000000,0.000000,-1.571000,0.000138,1.005210,1.065203,1.464617
6.346000,-0.000139,-0.005211,0.034797,-0.000031,-0.005645,-0.037326,-0.000000,-0.001015,1.570122,0.000000,1.000000,1.100000,0.000000,0.000000,-1.571000,0.000139,1.005211,1.065203,1.464618
6.348000,-0.000139,-0.005213,0.034797,-0.000031,-0.005645,-0.037326,-0.000000,-0.001015,1.570122,0.000000,1.000000,1.100000,0.000000,0.000000,-1.571000,0.000139,1.005213,1.065203,1.464620
6.350000,-0.000139,-0.005215,0.034797,-0.000031,-0.005645,-0.037326,-0.000000,-0.001015,1.570122,0.000000,1.000000,1.100000,0.000000,0.000000,-1.571000,0.000139,1.005215,1.065203,1.464621
6.352000,-0.000139,-0.005216,0.034797,-0.000031,-0.005645,-0.037326,-0.000000,-0.001015,1.570122,0.000000,1.000000,1.100000,0.000000,0.000000,-1.571000,0.000139,1.005216,1.065203,1.464622
6.354000,-0.000139,-0.005218,0.034797,-0.000031,-0.005645,-0.037326,-0.000000,-0.001015,1.570122,0.000000,1.000000,1.100000,0.000000,0.000000,-1.571000,0.000139,1.005218,1.065203,1.464623
6.356000,-0.000139,-0.005220,0.034797,-0.000031,-0.005645,-0.037326,-0.000000,-0.001015,1.570122,0.000000,1.000000,1.100000,0.000000,0.000000,-1.571000,0.000139,1.005220,1.065203,1.464624
6.358000,-0.000139,-0.005221,0.034797,-0.000031,-0.005645,-0.037326,-0.000000,-0.001015,1.570122,0.000000,1.000000,1.100000,0.000000,0.000000,-1.571000,0.000139,1.005221,1.065203,1.464625
6.360000,-0.000139,-0.005223,0.034797,-0.000031,-0.005645,-0.037326,-0.000000,-0.001015,1.570122,0.000000,1.000000,1.100000,0.000000,0.000000,-1.571000,0.000139,1.005223,1.065203,1.464626
6.362000,-0.000139,-0.005225,0.034797,-0.000031,-0.005645,-0.037326,-0.000000,-0.001015,1.570122,0.000000,1.000000,1.100000,0.000000,0.000000,-1.571000,0.000139,1.005225,1.065203,1.464628
6.364000,-0.000139,-0.005226,0.034797,-0.000031,-0.005645,-0.037326,-0.000000,-0.001015,1.570122,0.000000,1.000000,1.100000,0.000000,0.000000,-1.571000,0.000139,1.005226,1.065203,1.464629
6.366000,-0.000139,-0.005228,0.034797,-0.000031,-0.005645,-0.037326,-0.000000,-0.001015,1.570122,0.000000,1.000000,1.100000,0.000000,0.000000,-1.571000,0.000139,1.005228,1.065203,1.464630
6.368000,-0.000139,-0.005230,0.034797,-0.000031,-0.005645,-0.037326,-0.000000,-0.001015,1.570122,0.000000,1.000000,1.100000,0.000000,0.000000,-1.571000,0.000139,1.005230,1.065203,1.464631
6.370000,-0.000139,-0.005231,0.034797,-0.000031,-0.005645,-0.037326,-0.000000,-0.001015,1.570122,0.000000,1.000000,1.100000,0.000000,0.000000,-1.571000,0.000139,1.005231,1.065203,1.464632
6.372000,-0.000139,-0.005233,0.034797,-0.000031,-0.005645,-0.037326,-0.000000,-0.001015,1.570122,0.000000,1.000000,1.100000,0.000000,0.000000,-1.571000,0.000139,1.005233,1.065203,1.464633
6.374000,-0.000139,-0.005235,0.034797,-0.000031,-0.005645,-0.037326,-0.000000,-0.001015,1.570123,0.000000,1.000000,1.100000,0.000000,0.000000,-1.571000,0.000139,1.005235,1.065203,1.464634
6.376000,-0.000139,-0.005236,0.034797,-0.000031,-0.005645,-0.037326,-0.000000,-0.001015,1.570123,0.000000,1.000000,1.100000,0.000000,0.000000,-1.571000,0.000139,1.005236,1.065203,1.464636
6.378000,-0.000139,-0.005238,0.034797,-0.000031,-0.005645,-0.037326,-0.000000,-0.001015,1.570123,0.000000,1.000000,1.100000,0.000000,0.000000,-1.571000,0.000139,1.005238,1.065203,1.464637
6.380000,-0.000139,-0.005240,0.034797,-0.000031,-0.005645,-0.037326,-0.000000,-0.001015,1.570123,0.000000,1.000000,1.100000,0.000000,0.000000,-1.571000,0.000139,1.005240,1.065203,1.464638
6.382000,-0.000139,-0.005241,0.034797,-0.000031,-0.005645,-0.037326,-0.000000,-0.001015,1.570123,0.000000,1.000000,1.100000,0.000000,0.000000,-1.571000,0.000139,1.005241,1.065203,1.464639
6.384000,-0.000139,-0.005243,0.034797,-0.000031,-0.005645,-0.037326,-0.000000,-0.001015,1.570123,0.000000,1.000000,1.100000,0.000000,0.000000,-1.571000,0.000139,1.005243,1.065203,1.464640
6.386000,-0.000139,-0.005245,0.034797,-0.000031,-0.005645,-0.037326,-0.000000,-0.001015,1.570123,0.000000,1.000000,1.100000,0.000000,0.000000,-1.571000,0.000139,1.005245,1.065203,1.464641
6.388000,-0.000139,-0.005246,0.034797,-0.000031,-0.005645,-0.037326,-0.000000,-0.001015,1.570123,0.000000,1.000000,1.100000,0.000000,0.000000,-1.571000,0.000139,1.005246,1.065203,1.464642
6.390000,-0.000140,-0.005248,0.034797,-0.000031,-0.005645,-0.037326,-0.000000,-0.001015,1.570123,0.000000,1.000000,1.100000,0.000000,0.000000,-1.571000,0.000140,1.005248,1.065203,1.464644
6.392000,-0.000140,-0.005250,0.034797,-0.000031,-0.005645,-0.037326,-0.000000,-0.001015,1.570123,0.000000,1.000000,1.100000,0.000000,0.000000,-1.571000,0.000140,1.005250,1.065203,1.464645
6.394000,-0.000140,-0.005251,0.034797,-0.000031,-0.005645,-0.037326,-0.000000,-0.001015,1.570123,0.000000,1.000000,1.100000,0.000000,0.000000,-1.571000,0.000140,1.005251,1.065203,1.464646
6.396000,-0.000140,-0.005253,0.034797,-0.000031,-0.005645,-0.037326,-0.000000,-0.001015,1.570123,0.000000,1.000000,1.100000,0.000000,0.000000,-1.571000,0.000140,1.005253,1.065203,1.464647
6.398000,-0.000140,-0.005255,0.034797,-0.000031,-0.005645,-0.037326,-0.000000,-0.001015,1.570123,0.000000,1.000000,1.100000,0.000000,0.000000,-1.571000,0.000140,1.005255,1.065203,1.464648
6.400000,-0.000140,-0.005256,0.034797,-0.000031,-0.005645,-0.037326,-0.000000,-0.001015,1.570123,0.000000,1.000000,1.100000,0.000000,0.000000,-1.571000,0.000140,1.005256,1.065203,1.464649
6.402000,-0.000140,-0.005258,0.034797,-0.000031,-0.005645,-0.037326,-0.000000,-0.001015,1.570123,0.000000,1.000000,1.100000,0.000000,0.000000,-1.571000,0.000140,1.005258,1.065203,1.464651
6.404000,-0.000140,-0.005260,0.034797,-0.000031,-0.005645,-0.037326,-0.000000,-0.001015,1.570123,0.000000,1.000000,1.100000,0.000000,0.000000,-1.571000,0.000140,1.005260,1.065203,1.464652
6.406000,-0.000140,-0.005262,0.034797,-0.000031,-0.005645,-0.037326,-0.000000,-0.001015,1.570123,0.000000,1.000000,1.100000,0.000000,0.000000,-1.571000,0.000140,1.005262,1.065203,1.464653
6.408000,-0.000140,-0.005263,0.034797,-0.000031,-0.005645,-0.037326,-0.000000,-0.001015,1.570123,0.000000,1.000000,1.100000,0.000000,0.000000,-1.571000,0.000140,1.005263,1.065203,1.464654
6.410000,-0.000140,-0.005265,0.034797,-0.000031,-0.005645,-0.037326,-0.000000,-0.001015,1.570123,0.000000,1.000000,1.100000,0.000000,0.000000,-1.571000,0.000140,1.005265,1.065203,1.464655
6.412000,-0.000140,-0.005267,0.034797,-0.000031,-0.005645,-0.037326,-0.000000,-0.001015,1.570123,0.000000,1.000000,1.100000,0.000000,0.000000,-1.571000,0.000140,1.005267,1.065203,1.464656
6.414000,-0.000140,-0.005268,0.034797,-0.000031,-0.005645,-0.037326,-0.000000,-0.001015,1.570123,0.000000,1.000000,1.100000,0.000000,0.000000,-1.571000,0.000140,1.005268,1.065203,1.464657
6.416000,-0.000140,-0.005270,0.034797,-0.000031,-0.005645,-0.037326,-0.000000,-0.001015,1.570123,0.000000,1.000000,1.100000,0.000000,0.000000,-1.571000,0.000140,1.005270,1.065203,1.464659
6.418000,-0.000140,-0.005272,0.034797,-0.000031,-0.005645,-0.037326,-0.000000,-0.001015,1.570123,0.000000,1.000000,1.100000,0.000000,0.000000,-1.571000,0.000140,1.005272,1.065203,1.464660
6.420000,-0.000140,-0.005273,0.034797,-0.000031,-0.005645,-0.037326,-0.000000,-0.001015,1.570123,0.000000,1.000000,1.100000,0.000000,0.000000,-1.571000,0.000140,1.005273,1.065203,1.464661
6.422000,-0.000140,-0.005275,0.034797,-0.000031,-0.005645,-0.037326,-0.000000,-0.001015,1.570123,0.000000,1.000000,1.100000,0.000000,0.000000,-1.571000,0.000140,1.005275,1.065203,1.464662
6.424000,-0.000140,-0.005277,0.034797,-0.000031,-0.005645,-0.037326,-0.000000,-0.001015,1.570124,0.000000,1.000000,1.100000,0.000000,0.000000,-1.571000,0.000140,1.005277,1.065203,1.464663
6.426000,-0.000140,-0.005278,0.034797,-0.000031,-0.005645,-0.037326,-0.000000,-0.001015,1.570124,0.000000,1.000000,1.100000,0.000000,0.000000,-1.571000,0.000140,1.005278,1.065203,1.464664
6.428000,-0.000140,-0.005280,0.034797,-0.000031,-0.005645,-0.037326,-0.000000,-0.001015,1.570124,0.000000,1.000000,1.100000,0.000000,0.000000,-1.571000,0.000140,1.005280,1.065203,1.464665
6.430000,-0.000140,-0.005282,0.034797,-0.000031,-0.005645,-0.037326,-0.000000,-0.001015,1.570124,0.000000,1.000000,1.100000,0.000000,0.000000,-1.571000,0.000140,1.005282,1.065203,1.464667
6.432000,-0.000140,-0.005283,0.034797,-0.000031,-0.005645,-0.037326,-0.000000,-0.001015,1.570124,0.000000,1.000000,1.100000,0.000000,0.000000,-1.571000,0.000140,1.005283,1.065203,1.464668
6.434000,-0.000141,-0.005285,0.034797,-0.000031,-0.005645,-0.037326,-0.000000,-0.001015,1.570124,0.000000,1.000000,1.100000,0.000000,0.000000,-1.571000,0.000141,1.005285,1.065203,1.464669
6.436000,-0.000141,-0.005287,0.034797,-0.000031,-0.005645,-0.037326,-0.000000,-0.001015,1.570124,0.000000,1.000000,1.100000,0.000000,0.000000,-1.571000,0.000141,1.005287,1.065203,1.464670
6.438000,-0.000141,-0.005288,0.034797,-0.000031,-0.005645,-0.037326,-0.000000,-0.001015,1.570124,0.000000,1.000000,1.100000,0.000000,0.000000,-1.571000,0.000141,1.005288,1.065203,1.464671
6.440000,-0.000141,-0.005290,0.034797,-0.000031,-0.005645,-0.037326,-0.000000,-0.001015,1.570124,0.000000,1.000000,1.100000,0.000000,0.000000,-1.571000,0.000141,1.005290,1.065203,1.464672
6.442000,-0.000141,-0.005292,0.034797,-0.000031,-0.005645,-0.037326,-0.000000,-0.001015,1.570124,0.000000,1.000000,1.100000,0.000000,0.000000,-1.571000,0.000141,1.005292,1.065203,1.464674
6.444000,-0.000141,-0.005293,0.034797,-0.000031,-0.005645,-0.037326,-0.000000,-0.001015,1.570124,0.000000,1.000000,1.100000,0.000000,0.000000,-1.571000,0.000141,1.005293,1.065203,1.464675
6.446000,-0.000141,-0.005295,0.034797,-0.000031,-0.005645,-0.037326,-0.000000,-0.001015,1.570124,0.000000,1.000000,1.100000,0.000000,0.000000,-1.571000,0.000141,1.005295,1.065203,1.464676
6.448000,-0.000141,-0.005297,0.034797,-0.000031,-0.005645,-0.037326,-0.000000,-0.001015,1.570124,0.000000,1.000000,1.100000,0.000000,0.000000,-1.571000,0.000141,1.005297,1.065203,1.464677
6.450000,-0.000141,-0.005298,0.034797,-0.000031,-0.005645,-0.037326,-0.000000,-0.001015,1.570124,0.000000,1.000000,1.100000,0.000000,0.000000,-1.571000,0.000141,1.005298,1.065203,1.464678
6.452000,-0.000141,-0.005300,0.034797,-0.000031,-0.005645,-0.037326,-0.000000,-0.001015,1.570124,0.000000,1.000000,1.100000,0.000000,0.000000,-1.571000,0.000141,1.005300,1.065203,1.464679
6.454000,-0.000141,-0.005302,0.034797,-0.000031,-0.005645,-0.037326,-0.000000,-0.001015,1.570124,0.000000,1.000000,1.100000,0.000000,0.000000,-1.571000,0.000141,1.005302,1.065203,1.464680
6.456000,-0.000141,-0.005303,0.034797,-0.000031,-0.005645,-0.037326,-0.000000,-0.001015,1.570124,0.000000,1.000000,1.100000,0.000000,0.000000,-1.571000,0.000141,1.005303,1.065203,1.464682
6.458000,-0.000141,-0.005305,0.034797,-0.000031,-0.005645,-0.037326,-0.000000,-0.001015,1.570124,0.000000,1.000000,1.100000,0.000000,0.000000,-1.571000,0.000141,1.005305,1.065203,1.464683
6.460000,-0.000141,-0.005307,0.034797,-0.000031,-0.005645,-0.037326,-0.000000,-0.001015,1.570124,0.000000,1.000000,1.100000,0.000000,0.000000,-1.571000,0.000141,1.005307,1.065203,1.464684
6.462000,-0.000141,-0.005308,0.034797,-0.000031,-0.005645,-0.037326,-0.000000,-0.001015,1.570124,0.000000,1.000000,1.100000,0.000000,0.000000,-1.571000,0.000141,1.005308,1.065203,1.464685
6.464000,-0.000141,-0.005310,0.034797,-0.000031,-0.005645,-0.037326,-0.000000,-0.001015,1.570124,0.000000,1.000000,1.100000,0.000000,0.000000,-1.571000,0.000141,1.005310,1.065203,1.464686
6.466000,-0.000141,-0.005312,0.034797,-0.000031,-0.005645,-0.037326,-0.000000,-0.001015,1.570124,0.000000,1.000000,1.100000,0.000000,0.000000,-1.571000,0.000141,1.005312,1.065203,1.464687
6.468000,-0.000141,-0.005313,0.034797,-0.000031,-0.005645,-0.037326,-0.000000,-0.001015,1.570124,0.000000,1.000000,1.100000,0.000000,0.000000,-1.571000,0.000141,1.005313,1.065203,1.464688
6.470000,-0.000141,-0.005315,0.034797,-0.000031,-0.005645,-0.037326,-0.000000,-0.001015,1.570124,0.000000,1.000000,1.100000,0.000000,0.000000,-1.571000,0.000141,1.005315,1.065203,1.464690
6.472000,-0.000141,-0.005317,0.034797,-0.000031,-0.005645,-0.037326,-0.000000,-0.001015,1.570124,0.000000,1.000000,1.100000,0.000000,0.000000,-1.571000,0.000141,1.005317,1.065203,1.464691
6.474000,-0.000141,-0.005318,0.034797,-0.000031,-0.005645,-0.037326,-0.000000,-0.001015,1.570125,0.000000,1.000000,1.100000,0.000000,0.000000,-1.571000,0.000141,1.005318,1.065203,1.464692
6.476000,-0.000141,-0.005320,0.034797,-0.000031,-0.005645,-0.037326,-0.000000,-0.001015,1.570125,0.000000,1.000000,1.100000,0.000000,0.000000,-1.571000,0.000141,1.005320,1.065203,1.464693
6.478000,-0.000142,-0.005322,0.034797,-0.000031,-0.005645,-0.037326,-0.000000,-0.001015,1.570125,0.000000,1.000000,1.100000,0.000000,0.000000,-1.571000,0.000142,1.005322,1.065203,1.464694
6.480000,-0.000142,-0.005323,0.034797,-0.000031,-0.005645,-0.037326,-0.000000,-0.001015,1.570125,0.000000,1.000000,1.100000,0.000000,0.000000,-1.571000,0.000142,1.005323,1.065203,1.464695
6.482000,-0.000142,-0.005325,0.034797,-0.000031,-0.005645,-0.037326,-0.000000,-0.001015,1.570125,0.000000,1.000000,1.100000,0.000000,0.000000,-1.571000,0.000142,1.005325,1.065203,1.464697
6.484000,-0.000142,-0.005327,0.034797,-0.000031,-0.005645,-0.037326,-0.000000,-0.001015,1.570125,0.000000,1.000000,1.100000,0.000000,0.000000,-1.571000,0.000142,1.005327,1.065203,1.464698
6.486000,-0.000142,-0.005329,0.034797,-0.000031,-0.005645,-0.037326,-0.000000,-0.001015,1.570125,0.000000,1.000000,1.100000,0.000000,0.000000,-1.571000,0.000142,1.005329,1.065203,1.464699
6.488000,-0.000142,-0.005330,0.034797,-0.000031,-0.005645,-0.037326,-0.000000,-0.001015,1.570125,0.000000,1.000000,1.100000,0.000000,0.000000,-1.571000,0.000142,1.005330,1.065203,1.464700
6.490000,-0.000142,-0.005332,0.034797,-0.000031,-0.005645,-0.037326,-0.000000,-0.001015,1.570125,0.000000,1.000000,1.100000,0.000000,0.000000,-1.571000,0.000142,1.005332,1.065203,1.464701
6.492000,-0.000142,-0.005334,0.034797,-0.000031,-0.005645,-0.037326,-0.000000,-0.001015,1.570125,0.000000,1.000000,1.100000,0.000000,0.000000,-1.571000,0.000142,1.005334,1.065203,1.464702
6.494000,-0.000142,-0.005335,0.034797,-0.000031,-0.005645,-0.037326,-0.000000,-0.001015,1.570125,0.000000,1.000000,1.100000,0.000000,0.000000,-1.571000,0.000142,1.005335,1.065203,1.464703
6.496000,-0.000142,-0.005337,0.034797,-0.000031,-0.005645,-0.037326,-0.000000,-0.001015,1.570125,0.000000,1.000000,1.100000,0.000000,0.000000,-1.571000,0.000142,1.005337,1.065203,1.464705
6.498000,-0.000142,-0.005339,0.034797,-0.000031,-0.005645,-0.037326,-0.000000,-0.001015,1.570125,0.000000,1.000000,1.100000,0.000000,0.000000,-1.571000,0.000142,1.005339,1.065203,1.464706
6.500000,-0.000142,-0.005340,0.034797,-0.000031,-0.005645,-0.037326,-0.000000,-0.001015,1.570125,0.000000,1.000000,1.100000,0.000000,0.000000,-1.571000,0.000142,1.005340,1.065203,1.464707
6.502000,-0.000142,-0.005342,0.034797,-0.000031,-0.005645,-0.037326,-0.000000,-0.001015,1.570125,0.000000,1.000000,1.100000,0.000000,0.000000,-1.571000,0.000142,1.005342,1.065203,1.464708
6.504000,-0.000142,-0.005344,0.034797,-0.000031,-0.005645,-0.037326,-0.000000,-0.001015,1.570125,0.000000,1.000000,1.100000,0.000000,0.000000,-1.571000,0.000142,1.005344,1.065203,1.464709
6.506000,-0.000142,-0.005345,0.034797,-0.000031,-0.005645,-0.037326,-0.000000,-0.001015,1.570125,0.000000,1.000000,1.100000,0.000000,0.000000,-1.571000,0.000142,1.005345,1.065203,1.464710
6.508000,-0.000142,-0.005347,0.034797,-0.000031,-0.005645,-0.037326,-0.000000,-0.001015,1.570125,0.000000,1.000000,1.100000,0.000000,0.000000,-1.571000,0.000142,1.005347,1.065203,1.464711
6.510000,-0.000142,-0.005349,0.034797,-0.000031,-0.005645,-0.037326,-0.000000,-0.001015,1.570125,0.000000,1.000000,1.100000,0.000000,0.000000,-1.571000,0.000142,1.005349,1.065203,1.464713
6.512000,-0.000142,-0.005350,0.034797,-0.000031,-0.005645,-0.037326,-0.000000,-0.001015,1.570125,0.000000,1.000000,1.100000,0.000000,0.000000,-1.571000,0.000142,1.005350,1.065203,1.464714
6.514000,-0.000142,-0.005352,0.034797,-0.000031,-0.005645,-0.037326,-0.000000,-0.001015,1.570125,0.000000,1.000000,1.100000,0.000000,0.000000,-1.571000,0.000142,1.005352,1.065203,1.464715
6.516000,-0.000142,-0.005354,0.034797,-0.000031,-0.005645,-0.037326,-0.000000,-0.001015,1.570125,0.000000,1.000000,1.100000,0.000000,0.000000,-1.571000,0.000142,1.005354,1.065203,1.464716
6.518000,-0.000142,-0.005355,0.034797,-0.000031,-0.005645,-0.037326,-0.000000,-0.001015,1.570125,0.000000,1.000000,1.100000,0.000000,0.000000,-1.571000,0.000142,1.005355,1.065203,1.464717
6.520000,-0.000142,-0.005357,0.034797,-0.000031,-0.005645,-0.037326,-0.000000,-0.001015,1.570125,0.000000,1.000000,1.100000,0.000000,0.000000,-1.571000,0.000142,1.005357,1.065203,1.464718
6.522000,-0.000143,-0.005359,0.034797,-0.000031,-0.005645,-0.037326,-0.000000,-0.001015,1.570125,0.000000,1.000000,1.100000,0.000000,0.000000,-1.571000,0.000143,1.005359,1.065203,1.464720
6.524000,-0.000143,-0.005360,0.034797,-0.000031,-0.005645,-0.037326,-0.000000,-0.001015,1.570125,0.000000,1.000000,1.100000,0.000000,0.000000,-1.571000,0.000143,1.005360,1.065203,1.464721
6.526000,-0.000143,-0.005362,0.034797,-0.000031,-0.005645,-0.037326,-0.000000,-0.001015,1.570126,0.000000,1.000000,1.100000,0.000000,0.000000,-1.571000,0.000143,1.005362,1.065203,1.464722
6.528000,-0.000143,-0.005364,0.034797,-0.000031,-0.005645,-0.037326,-0.000000,-0.001015,1.570126,0.000000,1.000000,1.100000,0.000000,0.000000,-1.571000,0.000143,1.005364,1.065203,1.464723
6.530000,-0.000143,-0.005365,0.034797,-0.000031,-0.005645,-0.037326,-0.000000,-0.001015,1.570126,0.000000,1.000000,1.100000,0.000000,0.000000,-1.571000,0.000143,1.005365,1.065203,1.464724
6.532000,-0.000143,-0.005367,0.034797,-0.000031,-0.005645,-0.037326,-0.000000,-0.001015,1.570126,0.000000,1.000000,1.100000,0.000000,0.000000,-1.571000,0.000143,1.005367,1.065203,1.464725
6.534000,-0.000143,-0.005369,0.034797,-0.000031,-0.005645,-0.037326,-0.000000,-0.001015,1.570126,0.000000,1.000000,1.100000,0.000000,0.000000,-1.571000,0.000143,1.005369,1.065203,1.464726
6.536000,-0.000143,-0.005370,0.034797,-0.000031,-0.005645,-0.037326,-0.000000,-0.001015,1.570126,0.000000,1.000000,1.100000,0.000000,0.000000,-1.571000,0.000143,1.005370,1.065203,1.464728
6.538000,-0.000143,-0.005372,0.034797,-0.000031,-0.005645,-0.037326,-0.000000,-0.001015,1.570126,0.000000,1.000000,1.100000,0.000000,0.000000,-1.571000,0.000143,1.005372,1.065203,1.464729
6.540000,-0.000143,-0.005374,0.034797,-0.000031,-0.005645,-0.037326,-0.000000,-0.001015,1.570126,0.000000,1.000000,1.100000,0.000000,0.000000,-1.571000,0.000143,1.005374,1.065203,1.464730
6.542000,-0.000143,-0.005375,0.034797,-0.000031,-0.005645,-0.037326,-0.000000,-0.001015,1.570126,0.000000,1.000000,1.100000,0.000000,0.000000,-1.571000,0.000143,1.005375,1.065203,1.464731
6.544000,-0.000143,-0.005377,0.034797,-0.000031,-0.005645,-0.037326,-0.000000,-0.001015,1.570126,0.000000,1.000000,1.100000,0.000000,0.000000,-1.571000,0.000143,1.005377,1.065203,1.464732
6.546000,-0.000143,-0.005379,0.034797,-0.000031,-0.005645,-0.037326,-0.000000,-0.001015,1.570126,0.000000,1.000000,1.100000,0.000000,0.000000,-1.571000,0.000143,1.005379,1.065203,1.464733
6.548000,-0.000143,-0.005380,0.034797,-0.000031,-0.005645,-0.037326,-0.000000,-0.001015,1.570126,0.000000,1.000000,1.100000,0.000000,0.000000,-1.571000,0.000143,1.005380,1.065203,1.464734
6.550000,-0.000143,-0.005382,0.034797,-0.000031,-0.005645,-0.037326,-0.000000,-0.001015,1.570126,0.000000,1.000000,1.100000,0.000000,0.000000,-1.571000,0.000143,1.005382,1.065203,1.464736
6.552000,-0.000143,-0.005384,0.034797,-0.000031,-0.005645,-0.037326,-0.000000,-0.001015,1.570126,0.000000,1.000000,1.100000,0.000000,0.000000,-1.571000,0.000143,1.005384,1.065203,1.464737
6.554000,-0.000143,-0.005385,0.034797,-0.000031,-0.005645,-0.037326,-0.000000,-0.001015,1.570126,0.000000,1.000000,1.100000,0.000000,0.000000,-1.571000,0.000143,1.005385,1.065203,1.464738
6.556000,-0.000143,-0.005387,0.034797,-0.000031,-0.005645,-0.037326,-0.000000,-0.001015,1.570126,0.000000,1.000000,1.100000,0.000000,0.000000,-1.571000,0.000143,1.005387,1.065203,1.464739
6.558000,-0.000143,-0.005389,0.034797,-0.000031,-0.005645,-0.037326,-0.000000,-0.001015,1.570126,0.000000,1.000000,1.100000,0.000000,0.000000,-1.571000,0.000143,1.005389,1.065203,1.464740
6.560000,-0.000143,-0.005390,0.034797,-0.000031,-0.005645,-0.037326,-0.000000,-0.001015,1.570126,0.000000,1.000000,1.100000,0.000000,0.000000,-1.571000,0.000143,1.005390,1.065203,1.464741
6.562000,-0.000143,-0.005392,0.034797,-0.000031,-0.005645,-0.037326,-0.000000,-0.001015,1.570126,0.000000,1.000000,1.100000,0.000000,0.000000,-1.571000,0.000143,1.005392,1.065203,1.464742
6.564000,-0.000143,-0.005394,0.034797,-0.000031,-0.005645,-0.037326,-0.000000,-0.001015,1.570126,0.000000,1.000000,1.100000,0.000000,0.000000,-1.571000,0.000143,1.005394,1.065203,1.464744
6.566000,-0.000143,-0.005395,0.034797,-0.000031,-0.005645,-0.037326,-0.000000,-0.001015,1.570126,0.000000,1.000000,1.100000,0.000000,0.000000,-1.571000,0.000143,1.005395,1.065203,1.464745
6.568000,-0.000144,-0.005397,0.034797,-0.000031,-0.005645,-0.037326,-0.000000,-0.001015,1.570126,0.000000,1.000000,1.100000,0.000000,0.000000,-1.571000,0.000144,1.005397,1.065203,1.464746
6.570000,-0.000144,-0.005399,0.034797,-0.000031,-0.005645,-0.037326,-0.000000,-0.001015,1.570126,0.000000,1.000000,1.100000,0.000000,0.000000,-1.571000,0.000144,1.005399,1.065203,1.464747
6.572000,-0.000144,-0.005401,0.034797,-0.000031,-0.005645,-0.037326,-0.000000,-0.001015,1.570126,0.000000,1.000000,1.100000,0.000000,0.000000,-1.571000,0.000144,1.005401,1.065203,1.464748
6.574000,-0.000144,-0.005402,0.034797,-0.000031,-0.005645,-0.037326,-0.000000,-0.001015,1.570126,0.000000,1.000000,1.100000,0.000000,0.000000,-1.571000,0.000144,1.005402,1.065203,1.464749
6.576000,-0.000144,-0.005404,0.034797,-0.000031,-0.005645,-0.037326,-0.000000,-0.001015,1.570127,0.000000,1.000000,1.100000,0.000000,0.000000,-1.571000,0.000144,1.005404,1.065203,1.464751
6.578000,-0.000144,-0.005406,0.034797,-0.000031,-0.005645,-0.037326,-0.000000,-0.001015,1.570127,0.000000,1.000000,1.100000,0.000000,0.000000,-1.571000,0.000144,1.005406,1.065203,1.464752
6.580000,-0.000144,-0.005407,0.034797,-0.000031,-0.005645,-0.037326,-0.000000,-0.001015,1.570127,0.000000,1.000000,1.100000,0.000000,0.000000,-1.571000,0.000144,1.005407,1.065203,1.464753
6.582000,-0.000144,-0.005409,0.034797,-0.000031,-0.005645,-0.037326,-0.000000,-0.001015,1.570127,0.000000,1.000000,1.100000,0.000000,0.000000,-1.571000,0.000144,1.005409,1.065203,1.464754
6.584000,-0.000144,-0.005411,0.034797,-0.000031,-0.005645,-0.037326,-0.000000,-0.001015,1.570127,0.000000,1.000000,1.100000,0.000000,0.000000,-1.571000,0.000144,1.005411,1.065203,1.464755
6.586000,-0.000144,-0.005412,0.034797,-0.000031,-0.005645,-0.037326,-0.000000,-0.001015,1.570127,0.000000,1.000000,1.100000,0.000000,0.000000,-1.571000,0.000144,1.005412,1.065203,1.464756
6.588000,-0.000144,-0.005414,0.034797,-0.000031,-0.005645,-0.037326,-0.000000,-0.001015,1.570127,0.000000,1.000000,1.100000,0.000000,0.000000,-1.571000,0.000144,1.005414,1.065203,1.464757
6.590000,-0.000144,-0.005416,0.034797,-0.000031,-0.005645,-0.037326,-0.000000,-0.001015,1.570127,0.000000,1.000000,1.100000,0.000000,0.000000,-1.571000,0.000144,1.005416,1.065203,1.464759
6.592000,-0.000144,-0.005417,0.034797,-0.000031,-0.005645,-0.037326,-0.000000,-0.001015,1.570127,0.000000,1.000000,1.100000,0.000000,0.000000,-1.571000,0.000144,1.005417,1.065203,1.464760
6.594000,-0.000144,-0.005419,0.034797,-0.000031,-0.005645,-0.037326,-0.000000,-0.001015,1.570127,0.000000,1.000000,1.100000,0.000000,0.000000,-1.571000,0.000144,1.005419,1.065203,1.464761
6.596000,-0.000144,-0.005421,0.034797,-0.000031,-0.005645,-0.037326,-0.000000,-0.001015,1.570127,0.000000,1.000000,1.100000,0.000000,0.000000,-1.571000,0.000144,1.005421,1.065203,1.464762
6.598000,-0.000144,-0.005422,0.034797,-0.000031,-0.005645,-0.037326,-0.000000,-0.001015,1.570127,0.000000,1.000000,1.100000,0.000000,0.000000,-1.571000,0.000144,1.005422,1.065203,1.464763
6.600000,-0.000144,-0.005424,0.034797,-0.000031,-0.005645,-0.037326,-0.000000,-0.001015,1.570127,0.000000,1.000000,1.100000,0.000000,0.000000,-1.571000,0.000144,1.005424,1.065203,1.464764
6.602000,-0.000144,-0.005426,0.034797,-0.000031,-0.005645,-0.037326,-0.000000,-0.001015,1.570127,0.000000,1.000000,1.100000,0.000000,0.000000,-1.571000,0.000144,1.005426,1.065203,1.464765
6.604000,-0.000144,-0.005427,0.034797,-0.000031,-0.005645,-0.037326,-0.000000,-0.001015,1.570127,0.000000,1.000000,1.100000,0.000000,0.000000,-1.571000,0.000144,1.005427,1.065203,1.464767
6.606000,-0.000144,-0.005429,0.034797,-0.000031,-0.005645,-0.037326,-0.000000,-0.001015,1.570127,0.000000,1.000000,1.100000,0.000000,0.000000,-1.571000,0.000144,1.005429,1.065203,1.464768
6.608000,-0.000144,-0.005431,0.034797,-0.000031,-0.005645,-0.037326,-0.000000,-0.001015,1.570127,0.000000,1.000000,1.100000,0.000000,0.000000,-1.571000,0.000144,1.005431,1.065203,1.464769
6.610000,-0.000144,-0.005432,0.034797,-0.000031,-0.005645,-0.037326,-0.000000,-0.001015,1.570127,0.000000,1.000000,1.100000,0.000000,0.000000,-1.571000,0.000144,1.005432,1.065203,1.464770
6.612000,-0.000145,-0.005434,0.034797,-0.000031,-0.005645,-0.037326,-0.000000,-0.001015,1.570127,0.000000,1.000000,1.100000,0.000000,0.000000,-1.571000,0.000145,1.005434,1.065203,1.464771
6.614000,-0.000145,-0.005436,0.034797,-0.000031,-0.005645,-0.037326,-0.000000,-0.001015,1.570127,0.000000,1.000000,1.100000,0.000000,0.000000,-1.571000,0.000145,1.005436,1.065203,1.464772
6.616000,-0.000145,-0.005437,0.034797,-0.000031,-0.005645,-0.037326,-0.000000,-0.001015,1.570127,0.000000,1.000000,1.100000,0.000000,0.000000,-1.571000,0.000145,1.005437,1.065203,1.464774
6.618000,-0.000145,-0.005439,0.034797,-0.000031,-0.005645,-0.037326,-0.000000,-0.001015,1.570127,0.000000,1.000000,1.100000,0.000000,0.000000,-1.571000,0.000145,1.005439,1.065203,1.464775
6.620000,-0.000145,-0.005441,0.034797,-0.000031,-0.005645,-0.037326,-0.000000,-0.001015,1.570127,0.000000,1.000000,1.100000,0.000000,0.000000,-1.571000,0.000145,1.005441,1.065203,1.464776
6.622000,-0.000145,-0.005442,0.034797,-0.000031,-0.005645,-0.037326,-0.000000,-0.001015,1.570127,0.000000,1.000000,1.100000,0.000000,0.000000,-1.571000,0.000145,1.005442,1.065203,1.464777
6.624000,-0.000145,-0.005444,0.034797,-0.000031,-0.005645,-0.037326,-0.000000,-0.001015,1.570127,0.000000,1.000000,1.100000,0.000000,0.000000,-1.571000,0.000145,1.005444,1.065203,1.464778
6.626000,-0.000145,-0.005446,0.034797,-0.000031,-0.005645,-0.037326,-0.000000,-0.001015,1.570127,0.000000,1.000000,1.100000,0.000000,0.000000,-1.571000,0.000145,1.005446,1.065203,1.464779
6.628000,-0.000145,-0.005447,0.034797,-0.000031,-0.005645,-0.037326,-0.000000,-0.001015,1.570128,0.000000,1.000000,1.100000,0.000000,0.000000,-1.571000,0.000145,1.005447,1.065203,1.464780
6.630000,-0.000145,-0.005449,0.034797,-0.000031,-0.005645,-0.037326,-0.000000,-0.001015,1.570128,0.000000,1.000000,1.100000,0.000000,0.000000,-1.571000,0.000145,1.005449,1.065203,1.464782
6.632000,-0.000145,-0.005451,0.034797,-0.000031,-0.005645,-0.037326,-0.000000,-0.001015,1.570128,0.000000,1.000000,1.100000,0.000000,0.000000,-1.571000,0.000145,1.005451,1.065203,1.464783
6.634000,-0.000145,-0.005452,0.034797,-0.000031,-0.005645,-0.037326,-0.000000,-0.001015,1.570128,0.000000,1.000000,1.100000,0.000000,0.000000,-1.571000,0.000145,1.005452,1.065203,1.464784
6.636000,-0.000145,-0.005454,0.034797,-0.000031,-0.005645,-0.037326,-0.000000,-0.001015,1.570128,0.000000,1.000000,1.100000,0.000000,0.000000,-1.571000,0.000145,1.005454,1.065203,1.464785
6.638000,-0.000145,-0.005456,0.034797,-0.000031,-0.005645,-0.037326,-0.000000,-0.001015,1.570128,0.000000,1.000000,1.100000,0.000000,0.000000,-1.571000,0.000145,1.005456,1.065203,1.464786
6.640000,-0.000145,-0.005457,0.034797,-0.000031,-0.005645,-0.037326,-0.000000,-0.001015,1.570128,0.000000,1.000000,1.100000,0.000000,0.000000,-1.571000,0.000145,1.005457,1.065203,1.464787
6.642000,-0.000145,-0.005459,0.034797,-0.000031,-0.005645,-0.037326,-0.000000,-0.001015,1.570128,0.000000,1.000000,1.100000,0.000000,0.000000,-1.571000,0.000145,1.005459,1.065203,1.464788
6.644000,-0.000145,-0.005461,0.034797,-0.000031,-0.005645,-0.037326,-0.000000,-0.001015,1.570128,0.000000,1.000000,1.100000,0.000000,0.000000,-1.571000,0.000145,1.005461,1.065203,1.464790
6.646000,-0.000145,-0.005462,0.034797,-0.000031,-0.005645,-0.037326,-0.000000,-0.001015,1.570128,0.000000,1.000000,1.100000,0.000000,0.000000,-1.571000,0.000145,1.005462,1.065203,1.464791
6.648000,-0.000145,-0.005464,0.034797,-0.000031,-0.005645,-0.037326,-0.000000,-0.001015,1.570128,0.000000,1.000000,1.100000,0.000000,0.000000,-1.571000,0.000145,1.005464,1.065203,1.464792
6.650000,-0.000145,-0.005466,0.034797,-0.000031,-0.005645,-0.037326,-0.000000,-0.001015,1.570128,0.000000,1.000000,1.100000,0.000000,0.000000,-1.571000,0.000145,1.005466,1.065203,1.464793
6.652000,-0.000145,-0.005468,0.034797,-0.000031,-0.005645,-0.037326,-0.000000,-0.001015,1.570128,0.000000,1.000000,1.100000,0.000000,0.000000,-1.571000,0.000145,1.005468,1.065203,1.464794
6.654000,-0.000145,-0.005469,0.034797,-0.000031,-0.005645,-0.037326,-0.000000,-0.001015,1.570128,0.000000,1.000000,1.100000,0.000000,0.000000,-1.571000,0.000145,1.005469,1.065203,1.464795
6.656000,-0.000146,-0.005471,0.034797,-0.000031,-0.005645,-0.037326,-0.000000,-0.001015,1.570128,0.000000,1.000000,1.100000,0.000000,0.000000,-1.571000,0.000146,1.005471,1.065203,1.464797
6.658000,-0.000146,-0.005473,0.034797,-0.000031,-0.005645,-0.037326,-0.000000,-0.001015,1.570128,0.000000,1.000000,1.100000,0.000000,0.000000,-1.571000,0.000146,1.005473,1.065203,1.464798
6.660000,-0.000146,-0.005474,0.034797,-0.000031,-0.005645,-0.037326,-0.000000,-0.001015,1.570128,0.000000,1.000000,1.100000,0.000000,0.000000,-1.571000,0.000146,1.005474,1.065203,1.464799
6.662000,-0.000146,-0.005476,0.034797,-0.000031,-0.005645,-0.037326,-0.000000,-0.001015,1.570128,0.000000,1.000000,1.100000,0.000000,0.000000,-1.571000,0.000146,1.005476,1.065203,1.464800
6.664000,-0.000146,-0.005478,0.034797,-0.000031,-0.005645,-0.037326,-0.000000,-0.001015,1.570128,0.000000,1.000000,1.100000,0.000000,0.000000,-1.571000,0.000146,1.005478,1.065203,1.464801
6.666000,-0.000146,-0.005479,0.034797,-0.000031,-0.005645,-0.037326,-0.000000,-0.001015,1.570128,0.000000,1.000000,1.100000,0.000000,0.000000,-1.571000,0.000146,1.005479,1.065203,1.464802
6.668000,-0.000146,-0.005481,0.034797,-0.000031,-0.005645,-0.037326,-0.000000,-0.001015,1.570128,0.000000,1.000000,1.100000,0.000000,0.000000,-1.571000,0.000146,1.005481,1.065203,1.464803
6.670000,-0.000146,-0.005483,0.034797,-0.000031,-0.005645,-0.037326,-0.000000,-0.001015,1.570128,0.000000,1.000000,1.100000,0.000000,0.000000,-1.571000,0.000146,1.005483,1.065203,1.464805
6.672000,-0.000146,-0.005484,0.034797,-0.000031,-0.005645,-0.037326,-0.000000,-0.001015,1.570128,0.000000,1.000000,1.100000,0.000000,0.000000,-1.571000,0.000146,1.005484,1.065203,1.464806
6.674000,-0.000146,-0.005486,0.034797,-0.000031,-0.005645,-0.037326,-0.000000,-0.001015,1.570128,0.000000,1.000000,1.100000,0.000000,0.000000,-1.571000,0.000146,1.005486,1.065203,1.464807
6.676000,-0.000146,-0.005488,0.034797,-0.000031,-0.005645,-0.037326,-0.000000,-0.001015,1.570128,0.000000,1.000000,1.100000,0.000000,0.000000,-1.571000,0.000146,1.005488,1.065203,1.464808
6.678000,-0.000146,-0.005489,0.034797,-0.000031,-0.005645,-0.037326,-0.000000,-0.001015,1.570129,0.000000,1.000000,1.100000,0.000000,0.000000,-1.571000,0.000146,1.005489,1.065203,1.464809
6.680000,-0.000146,-0.005491,0.034797,-0.000031,-0.005645,-0.037326,-0.000000,-0.001015,1.570129,0.000000,1.000000,1.100000,0.000000,0.000000,-1.571000,0.000146,1.005491,1.065203,1.464810
6.682000,-0.000146,-0.005493,0.034797,-0.000031,-0.005645,-0.037326,-0.000000,-0.001015,1.570129,0.000000,1.000000,1.100000,0.000000,0.000000,-1.571000,0.000146,1.005493,1.065203,1.464811
6.684000,-0.000146,-0.005494,0.034797,-0.000031,-0.005645,-0.037326,-0.000000,-0.001015,1.570129,0.000000,1.000000,1.100000,0.000000,0.000000,-1.571000,0.000146,1.005494,1.065203,1.464813
6.686000,-0.000146,-0.005496,0.034797,-0.000031,-0.005645,-0.037326,-0.000000,-0.001015,1.570129,0.000000,1.000000,1.100000,0.000000,0.000000,-1.571000,0.000146,1.005496,1.065203,1.464814
6.688000,-0.000146,-0.005498,0.034797,-0.000031,-0.005645,-0.037326,-0.000000,-0.001015,1.570129,0.000000,1.000000,1.100000,0.000000,0.000000,-1.571000,0.000146,1.005498,1.065203,1.464815
6.690000,-0.000146,-0.005499,0.034797,-0.000031,-0.005645,-0.037326,-0.000000,-0.001015,1.570129,0.000000,1.000000,1.100000,0.000000,0.000000,-1.571000,0.000146,1.005499,1.065203,1.464816
6.692000,-0.000146,-0.005501,0.034797,-0.000031,-0.005645,-0.037326,-0.000000,-0.001015,1.570129,0.000000,1.000000,1.100000,0.000000,0.000000,-1.571000,0.000146,1.005501,1.065203,1.464817
6.694000,-0.000146,-0.005503,0.034797,-0.000031,-0.005645,-0.037326,-0.000000,-0.001015,1.570129,0.000000,1.000000,1.100000,0.000000,0.000000,-1.571000,0.000146,1.005503,1.065203,1.464818
6.696000,-0.000146,-0.005504,0.034797,-0.000031,-0.005645,-0.037326,-0.000000,-0.001015,1.570129,0.000000,1.000000,1.100000,0.000000,0.000000,-1.571000,0.000146,1.005504,1.065203,1.464820
6.698000,-0.000146,-0.005506,0.034797,-0.000031,-0.005645,-0.037326,-0.000000,-0.001015,1.570129,0.000000,1.000000,1.100000,0.000000,0.000000,-1.571000,0.000146,1.005506,1.065203,1.464821
6.700000,-0.000147,-0.005508,0.034797,-0.000031,-0.005645,-0.037326,-0.000000,-0.001015,1.570129,0.000000,1.000000,1.100000,0.000000,0.000000,-1.571000,0.000147,1.005508,1.065203,1.464822
6.702000,-0.000147,-0.005509,0.034797,-0.000031,-0.005645,-0.037326,-0.000000,-0.001015,1.570129,0.000000,1.000000,1.100000,0.000000,0.000000,-1.571000,0.000147,1.005509,1.065203,1.464823
6.704000,-0.000147,-0.005511,0.034797,-0.000031,-0.005645,-0.037326,-0.000000,-0.001015,1.570129,0.000000,1.000000,1.100000,0.000000,0.000000,-1.571000,0.000147,1.005511,1.065203,1.464824
6.706000,-0.000147,-0.005513,0.034797,-0.000031,-0.005645,-0.037326,-0.000000,-0.001015,1.570129,0.000000,1.000000,1.100000,0.000000,0.000000,-1.571000,0.000147,1.005513,1.065203,1.464825
6.708000,-0.000147,-0.005514,0.034797,-0.000031,-0.005645,-0.037326,-0.000000,-0.001015,1.570129,0.000000,1.000000,1.100000,0.000000,0.000000,-1.571000,0.000147,1.005514,1.065203,1.464826
6.710000,-0.000147,-0.005516,0.034797,-0.000031,-0.005645,-0.037326,-0.000000,-0.001015,1.570129,0.000000,1.000000,1.100000,0.000000,0.000000,-1.571000,0.000147,1.005516,1.065203,1.464828
6.712000,-0.000147,-0.005518,0.034797,-0.000031,-0.005645,-0.037326,-0.000000,-0.001015,1.570129,0.000000,1.000000,1.100000,0.000000,0.000000,-1.571000,0.000147,1.005518,1.065203,1.464829
6.714000,-0.000147,-0.005519,0.034797,-0.000031,-0.005645,-0.037326,-0.000000,-0.001015,1.570129,0.000000,1.000000,1.100000,0.000000,0.000000,-1.571000,0.000147,1.005519,1.065203,1.464830
6.716000,-0.000147,-0.005521,0.034797,-0.000031,-0.005645,-0.037326,-0.000000,-0.001015,1.570129,0.000000,1.000000,1.100000,0.000000,0.000000,-1.571000,0.000147,1.005521,1.065203,1.464831
6.718000,-0.000147,-0.005523,0.034797,-0.000031,-0.005645,-0.037326,-0.000000,-0.001015,1.570129,0.000000,1.000000,1.100000,0.000000,0.000000,-1.571000,0.000147,1.005523,1.065203,1.464832
6.720000,-0.000147,-0.005524,0.034797,-0.000031,-0.005645,-0.037326,-0.000000,-0.001015,1.570129,0.000000,1.000000,1.100000,0.000000,0.000000,-1.571000,0.000147,1.005524,1.065203,1.464833
6.722000,-0.000147,-0.005526,0.034797,-0.000031,-0.005645,-0.037326,-0.000000,-0.001015,1.570129,0.000000,1.000000,1.100000,0.000000,0.000000,-1.571000,0.000147,1.005526,1.065203,1.464834
6.724000,-0.000147,-0.005528,0.034797,-0.000031,-0.005645,-0.037326,-0.000000,-0.001015,1.570129,0.000000,1.000000,1.100000,0.000000,0.000000,-1.571000,0.000147,1.005528,1.065203,1.464836
6.726000,-0.000147,-0.005529,0.034797,-0.000031,-0.005645,-0.037326,-0.000000,-0.001015,1.570129,0.000000,1.000000,1.100000,0.000000,0.000000,-1.571000,0.000147,1.005529,1.065203,1.464837
6.728000,-0.000147,-0.005531,0.034797,-0.000031,-0.005645,-0.037326,-0.000000,-0.001015,1.570130,0.000000,1.000000,1.100000,0.000000,0.000000,-1.571000,0.000147,1.005531,1.065203,1.464838
6.730000,-0.000147,-0.005533,0.034797,-0.000031,-0.005645,-0.037326,-0.000000,-0.001015,1.570130,0.000000,1.000000,1.100000,0.000000,0.000000,-1.571000,0.000147,1.005533,1.065203,1.464839
6.732000,-0.000147,-0.005534,0.034797,-0.000031,-0.005645,-0.037326,-0.000000,-0.001015,1.570130,0.000000,1.000000,1.100000,0.000000,0.000000,-1.571000,0.000147,1.005534,1.065203,1.464840
6.734000,-0.000147,-0.005536,0.034797,-0.000031,-0.005645,-0.037326,-0.000000,-0.001015,1.570130,0.000000,1.000000,1.100000,0.000000,0.000000,-1.571000,0.000147,1.005536,1.065203,1.464841
6.736000,-0.000147,-0.005538,0.034797,-0.000031,-0.005645,-0.037326,-0.000000,-0.001015,1.570130,0.000000,1.000000,1.100000,0.000000,0.000000,-1.571000,0.000147,1.005538,1.065203,1.464843
6.738000,-0.000147,-0.005540,0.034797,-0.000031,-0.005645,-0.037326,-0.000000,-0.001015,1.570130,0.000000,1.000000,1.100000,0.000000,0.000000,-1.571000,0.000147,1.005540,1.065203,1.464844
6.740000,-0.000147,-0.005541,0.034797,-0.000031,-0.005645,-0.037326,-0.000000,-0.001015,1.570130,0.000000,1.000000,1.100000,0.000000,0.000000,-1.571000,0.000147,1.005541,1.065203,1.464845
6.742000,-0.000147,-0.005543,0.034797,-0.000031,-0.005645,-0.037326,-0.000000,-0.001015,1.570130,0.000000,1.000000,1.100000,0.000000,0.000000,-1.571000,0.000147,1.005543,1.065203,1.464846
6.744000,-0.000148,-0.005545,0.034797,-0.000031,-0.005645,-0.037326,-0.000000,-0.001015,1.570130,0.000000,1.000000,1.100000,0.000000,0.000000,-1.571000,0.000148,1.005545,1.065203,1.464847
6.746000,-0.000148,-0.005546,0.034797,-0.000031,-0.005645,-0.037326,-0.000000,-0.001015,1.570130,0.000000,1.000000,1.100000,0.000000,0.000000,-1.571000,0.000148,1.005546,1.065203,1.464848
6.748000,-0.000148,-0.005548,0.034797,-0.000031,-0.005645,-0.037326,-0.000000,-0.001015,1.570130,0.000000,1.000000,1.100000,0.000000,0.000000,-1.571000,0.000148,1.005548,1.065203,1.464849
6.750000,-0.000148,-0.005550,0.034797,-0.000031,-0.005645,-0.037326,-0.000000,-0.001015,1.570130,0.000000,1.000000,1.100000,0.000000,0.000000,-1.571000,0.000148,1.005550,1.065203,1.464851
6.752000,-0.000148,-0.005551,0.034797,-0.000031,-0.005645,-0.037326,-0.000000,-0.001015,1.570130,0.000000,1.000000,1.100000,0.000000,0.000000,-1.571000,0.000148,1.005551,1.065203,1.464852
6.754000,-0.000148,-0.005553,0.034797,-0.000031,-0.005645,-0.037326,-0.000000,-0.001015,1.570130,0.000000,1.000000,1.100000,0.000000,0.000000,-1.571000,0.000148,1.005553,1.065203,1.464853
6.756000,-0.000148,-0.005555,0.034797,-0.000031,-0.005645,-0.037326,-0.000000,-0.001015,1.570130,0.000000,1.000000,1.100000,0.000000,0.000000,-1.571000,0.000148,1.005555,1.065203,1.464854
6.758000,-0.000148,-0.005556,0.034797,-0.000031,-0.005645,-0.037326,-0.000000,-0.001015,1.570130,0.000000,1.000000,1.100000,0.000000,0.000000,-1.571000,0.000148,1.005556,1.065203,1.464855
6.760000,-0.000148,-0.005558,0.034797,-0.000031,-0.005645,-0.037326,-0.000000,-0.001015,1.570130,0.000000,1.000000,1.100000,0.000000,0.000000,-1.571000,0.000148,1.005558,1.065203,1.464856
6.762000,-0.000148,-0.005560,0.034797,-0.000031,-0.005645,-0.037326,-0.000000,-0.001015,1.570130,0.000000,1.000000,1.100000,0.000000,0.000000,-1.571000,0.000148,1.005560,1.065203,1.464857
6.764000,-0.000148,-0.005561,0.034797,-0.000031,-0.005645,-0.037326,-0.000000,-0.001015,1.570130,0.000000,1.000000,1.100000,0.000000,0.000000,-1.571000,0.000148,1.005561,1.065203,1.464859
6.766000,-0.000148,-0.005563,0.034797,-0.000031,-0.005645,-0.037326,-0.000000,-0.001015,1.570130,0.000000,1.000000,1.100000,0.000000,0.000000,-1.571000,0.000148,1.005563,1.065203,1.464860
6.768000,-0.000148,-0.005565,0.034797,-0.000031,-0.005645,-0.037326,-0.000000,-0.001015,1.570130,0.000000,1.000000,1.100000,0.000000,0.000000,-1.571000,0.000148,1.005565,1.065203,1.464861
6.770000,-0.000148,-0.005566,0.034797,-0.000031,-0.005645,-0.037326,-0.000000,-0.001015,1.570130,0.000000,1.000000,1.100000,0.000000,0.000000,-1.571000,0.000148,1.005566,1.065203,1.464862
6.772000,-0.000148,-0.005568,0.034797,-0.000031,-0.005645,-0.037326,-0.000000,-0.001015,1.570130,0.000000,1.000000,1.100000,0.000000,0.000000,-1.571000,0.000148,1.005568,1.065203,1.464863
6.774000,-0.000148,-0.005570,0.034797,-0.000031,-0.005645,-0.037326,-0.000000,-0.001015,1.570130,0.000000,1.000000,1.100000,0.000000,0.000000,-1.571000,0.000148,1.005570,1.065203,1.464864
6.776000,-0.000148,-0.005571,0.034797,-0.000031,-0.005645,-0.037326,-0.000000,-0.001015,1.570130,0.000000,1.000000,1.100000,0.000000,0.000000,-1.571000,0.000148,1.005571,1.065203,1.464865
6.778000,-0.000148,-0.005573,0.034797,-0.000031,-0.005645,-0.037326,-0.000000,-0.001015,1.570130,0.000000,1.000000,1.100000,0.000000,0.000000,-1.571000,0.000148,1.005573,1.065203,1.464867
6.780000,-0.000148,-0.005575,0.034797,-0.000031,-0.005645,-0.037326,-0.000000,-0.001015,1.570131,0.000000,1.000000,1.100000,0.000000,0.000000,-1.571000,0.000148,1.005575,1.065203,1.464868
6.782000,-0.000148,-0.005576,0.034797,-0.000031,-0.005645,-0.037326,-0.000000,-0.001015,1.570131,0.000000,1.000000,1.100000,0.000000,0.000000,-1.571000,0.000148,1.005576,1.065203,1.464869
6.784000,-0.000148,-0.005578,0.034797,-0.000031,-0.005645,-0.037326,-0.000000,-0.001015,1.570131,0.000000,1.000000,1.100000,0.000000,0.000000,-1.571000,0.000148,1.005578,1.065203,1.464870
6.786000,-0.000148,-0.005580,0.034797,-0.000031,-0.005645,-0.037326,-0.000000,-0.001015,1.570131,0.000000,1.000000,1.100000,0.000000,0.000000,-1.571000,0.000148,1.005580,1.065203,1.464871
6.788000,-0.000148,-0.005581,0.034797,-0.000031,-0.005645,-0.037326,-0.000000,-0.001015,1.570131,0.000000,1.000000,1.100000,0.000000,0.000000,-1.571000,0.000148,1.005581,1.065203,1.464872
6.790000,-0.000149,-0.005583,0.034797,-0.000031,-0.005645,-0.037326,-0.000000,-0.001015,1.570131,0.000000,1.000000,1.100000,0.000000,0.000000,-1.571000,0.000149,1.005583,1.065203,1.464874
6.792000,-0.000149,-0.005585,0.034797,-0.000031,-0.005645,-0.037326,-0.000000,-0.001015,1.570131,0.000000,1.000000,1.100000,0.000000,0.000000,-1.571000,0.000149,1.005585,1.065203,1.464875
6.794000,-0.000149,-0.005586,0.034797,-0.000031,-0.005645,-0.037326,-0.000000,-0.001015,1.570131,0.000000,1.000000,1.100000,0.000000,0.000000,-1.571000,0.000149,1.005586,1.065203,1.464876
6.796000,-0.000149,-0.005588,0.034797,-0.000031,-0.005645,-0.037326,-0.000000,-0.001015,1.570131,0.000000,1.000000,1.100000,0.000000,0.000000,-1.571000,0.000149,1.005588,1.065203,1.464877
6.798000,-0.000149,-0.005590,0.034797,-0.000031,-0.005645,-0.037326,-0.000000,-0.001015,1.570131,0.000000,1.000000,1.100000,0.000000,0.000000,-1.571000,0.000149,1.005590,1.065203,1.464878
6.800000,-0.000149,-0.005591,0.034797,-0.000031,-0.005645,-0.037326,-0.000000,-0.001015,1.570131,0.000000,1.000000,1.100000,0.000000,0.000000,-1.571000,0.000149,1.005591,1.065203,1.464879
6.802000,-0.000149,-0.005593,0.034797,-0.000031,-0.005645,-0.037326,-0.000000,-0.001015,1.570131,0.000000,1.000000,1.100000,0.000000,0.000000,-1.571000,0.000149,1.005593,1.065203,1.464880
6.804000,-0.000149,-0.005595,0.034797,-0.000031,-0.005645,-0.037326,-0.000000,-0.001015,1.570131,0.000000,1.000000,1.100000,0.000000,0.000000,-1.571000,0.000149,1.005595,1.065203,1.464882
6.806000,-0.000149,-0.005596,0.034797,-0.000031,-0.005645,-0.037326,-0.000000,-0.001015,1.570131,0.000000,1.000000,1.100000,0.000000,0.000000,-1.571000,0.000149,1.005596,1.065203,1.464883
6.808000,-0.000149,-0.005598,0.034797,-0.000031,-0.005645,-0.037326,-0.000000,-0.001015,1.570131,0.000000,1.000000,1.100000,0.000000,0.000000,-1.571000,0.000149,1.005598,1.065203,1.464884
6.810000,-0.000149,-0.005600,0.034797,-0.000031,-0.005645,-0.037326,-0.000000,-0.001015,1.570131,0.000000,1.000000,1.100000,0.000000,0.000000,-1.571000,0.000149,1.005600,1.065203,1.464885
6.812000,-0.000149,-0.005601,0.034797,-0.000031,-0.005645,-0.037326,-0.000000,-0.001015,1.570131,0.000000,1.000000,1.100000,0.000000,0.000000,-1.571000,0.000149,1.005601,1.065203,1.464886
6.814000,-0.000149,-0.005603,0.034797,-0.000031,-0.005645,-0.037326,-0.000000,-0.001015,1.570131,0.000000,1.000000,1.100000,0.000000,0.000000,-1.571000,0.000149,1.005603,1.065203,1.464887
6.816000,-0.000149,-0.005605,0.034797,-0.000031,-0.005645,-0.037326,-0.000000,-0.001015,1.570131,0.000000,1.000000,1.100000,0.000000,0.000000,-1.571000,0.000149,1.005605,1.065203,1.464888
6.818000,-0.000149,-0.005607,0.034797,-0.000031,-0.005645,-0.037326,-0.000000,-0.001015,1.570131,0.000000,1.000000,1.100000,0.000000,0.000000,-1.571000,0.000149,1.005607,1.065203,1.464890
6.820000,-0.000149,-0.005608,0.034797,-0.000031,-0.005645,-0.037326,-0.000000,-0.001015,1.570131,0.000000,1.000000,1.100000,0.000000,0.000000,-1.571000,0.000149,1.005608,1.065203,1.464891
6.822000,-0.000149,-0.005610,0.034797,-0.000031,-0.005645,-0.037326,-0.000000,-0.001015,1.570131,0.000000,1.000000,1.100000,0.000000,0.000000,-1.571000,0.000149,1.005610,1.065203,1.464892
6.824000,-0.000149,-0.005612,0.034797,-0.000031,-0.005645,-0.037326,-0.000000,-0.001015,1.570131,0.000000,1.000000,1.100000,0.000000,0.000000,-1.571000,0.000149,1.005612,1.065203,1.464893
6.826000,-0.000149,-0.005613,0.034797,-0.000031,-0.005645,-0.037326,-0.000000,-0.001015,1.570131,0.000000,1.000000,1.100000,0.000000,0.000000,-1.571000,0.000149,1.005613,1.065203,1.464894
6.828000,-0.000149,-0.005615,0.034797,-0.000031,-0.005645,-0.037326,-0.000000,-0.001015,1.570131,0.000000,1.000000,1.100000,0.000000,0.000000,-1.571000,0.000149,1.005615,1.065203,1.464895
6.830000,-0.000149,-0.005617,0.034797,-0.000031,-0.005645,-0.037326,-0.000000,-0.001015,1.570132,0.000000,1.000000,1.100000,0.000000,0.000000,-1.571000,0.000149,1.005617,1.065203,1.464897
6.832000,-0.000149,-0.005618,0.034797,-0.000031,-0.005645,-0.037326,-0.000000,-0.001015,1.570132,0.000000,1.000000,1.100000,0.000000,0.000000,-1.571000,0.000149,1.005618,1.065203,1.464898
6.834000,-0.000150,-0.005620,0.034797,-0.000031,-0.005645,-0.037326,-0.000000,-0.001015,1.570132,0.000000,1.000000,1.100000,0.000000,0.000000,-1.571000,0.000150,1.005620,1.065203,1.464899
6.836000,-0.000150,-0.005622,0.034797,-0.000031,-0.005645,-0.037326,-0.000000,-0.001015,1.570132,0.000000,1.000000,1.100000,0.000000,0.000000,-1.571000,0.000150,1.005622,1.065203,1.464900
6.838000,-0.000150,-0.005623,0.034797,-0.000031,-0.005645,-0.037326,-0.000000,-0.001015,1.570132,0.000000,1.000000,1.100000,0.000000,0.000000,-1.571000,0.000150,1.005623,1.065203,1.464901
6.840000,-0.000150,-0.005625,0.034797,-0.000031,-0.005645,-0.037326,-0.000000,-0.001015,1.570132,0.000000,1.000000,1.100000,0.000000,0.000000,-1.571000,0.000150,1.005625,1.065203,1.464902
6.842000,-0.000150,-0.005627,0.034797,-0.000031,-0.005645,-0.037326,-0.000000,-0.001015,1.570132,0.000000,1.000000,1.100000,0.000000,0.000000,-1.571000,0.000150,1.005627,1.065203,1.464903
6.844000,-0.000150,-0.005628,0.034797,-0.000031,-0.005645,-0.037326,-0.000000,-0.001015,1.570132,0.000000,1.000000,1.100000,0.000000,0.000000,-1.571000,0.000150,1.005628,1.065203,1.464905
6.846000,-0.000150,-0.005630,0.034797,-0.000031,-0.005645,-0.037326,-0.000000,-0.001015,1.570132,0.000000,1.000000,1.100000,0.000000,0.000000,-1.571000,0.000150,1.005630,1.065203,1.464906
6.848000,-0.000150,-0.005632,0.034797,-0.000031,-0.005645,-0.037326,-0.000000,-0.001015,1.570132,0.000000,1.000000,1.100000,0.000000,0.000000,-1.571000,0.000150,1.005632,1.065203,1.464907
6.850000,-0.000150,-0.005633,0.034797,-0.000031,-0.005645,-0.037326,-0.000000,-0.001015,1.570132,0.000000,1.000000,1.100000,0.000000,0.000000,-1.571000,0.000150,1.005633,1.065203,1.464908
6.852000,-0.000150,-0.005635,0.034797,-0.000031,-0.005645,-0.037326,-0.000000,-0.001015,1.570132,0.000000,1.000000,1.100000,0.000000,0.000000,-1.571000,0.000150,1.005635,1.065203,1.464909
6.854000,-0.000150,-0.005637,0.034797,-0.000031,-0.005645,-0.037326,-0.000000,-0.001015,1.570132,0.000000,1.000000,1.100000,0.000000,0.000000,-1.571000,0.000150,1.005637,1.065203,1.464910
6.856000,-0.000150,-0.005638,0.034797,-0.000031,-0.005645,-0.037326,-0.000000,-0.001015,1.570132,0.000000,1.000000,1.100000,0.000000,0.000000,-1.571000,0.000150,1.005638,1.065203,1.464911
6.858000,-0.000150,-0.005640,0.034797,-0.000031,-0.005645,-0.037326,-0.000000,-0.001015,1.570132,0.000000,1.000000,1.100000,0.000000,0.000000,-1.571000,0.000150,1.005640,1.065203,1.464913
6.860000,-0.000150,-0.005642,0.034797,-0.000031,-0.005645,-0.037326,-0.000000,-0.001015,1.570132,0.000000,1.000000,1.100000,0.000000,0.000000,-1.571000,0.000150,1.005642,1.065203,1.464914
6.862000,-0.000150,-0.005643,0.034797,-0.000031,-0.005645,-0.037326,-0.000000,-0.001015,1.570132,0.000000,1.000000,1.100000,0.000000,0.000000,-1.571000,0.000150,1.005643,1.065203,1.464915
6.864000,-0.000150,-0.005645,0.034797,-0.000031,-0.005645,-0.037326,-0.000000,-0.001015,1.570132,0.000000,1.000000,1.100000,0.000000,0.000000,-1.571000,0.000150,1.005645,1.065203,1.464916
6.866000,-0.000150,-0.005647,0.034797,-0.000031,-0.005645,-0.037326,-0.000000,-0.001015,1.570132,0.000000,1.000000,1.100000,0.000000,0.000000,-1.571000,0.000150,1.005647,1.065203,1.464917
6.868000,-0.000150,-0.005648,0.034797,-0.000031,-0.005645,-0.037326,-0.000000,-0.001015,1.570132,0.000000,1.000000,1.100000,0.000000,0.000000,-1.571000,0.000150,1.005648,1.065203,1.464918
6.870000,-0.000150,-0.005650,0.034797,-0.000031,-0.005645,-0.037326,-0.000000,-0.001015,1.570132,0.000000,1.000000,1.100000,0.000000,0.000000,-1.571000,0.000150,1.005650,1.065203,1.464920
6.872000,-0.000150,-0.005652,0.034797,-0.000031,-0.005645,-0.037326,-0.000000,-0.001015,1.570132,0.000000,1.000000,1.100000,0.000000,0.000000,-1.571000,0.000150,1.005652,1.065203,1.464921
6.874000,-0.000150,-0.005653,0.034797,-0.000031,-0.005645,-0.037326,-0.000000,-0.001015,1.570132,0.000000,1.000000,1.100000,0.000000,0.000000,-1.571000,0.000150,1.005653,1.065203,1.464922
6.876000,-0.000150,-0.005655,0.034797,-0.000031,-0.005645,-0.037326,-0.000000,-0.001015,1.570132,0.000000,1.000000,1.100000,0.000000,0.000000,-1.571000,0.000150,1.005655,1.065203,1.464923
6.878000,-0.000151,-0.005657,0.034797,-0.000031,-0.005645,-0.037326,-0.000000,-0.001015,1.570132,0.000000,1.000000,1.100000,0.000000,0.000000,-1.571000,0.000151,1.005657,1.065203,1.464924
6.880000,-0.000151,-0.005658,0.034797,-0.000031,-0.005645,-0.037326,-0.000000,-0.001015,1.570132,0.000000,1.000000,1.100000,0.000000,0.000000,-1.571000,0.000151,1.005658,1.065203,1.464925
6.882000,-0.000151,-0.005660,0.034797,-0.000031,-0.005645,-0.037326,-0.000000,-0.001015,1.570133,0.000000,1.000000,1.100000,0.000000,0.000000,-1.571000,0.000151,1.005660,1.065203,1.464926
6.884000,-0.000151,-0.005662,0.034797,-0.000031,-0.005645,-0.037326,-0.000000,-0.001015,1.570133,0.000000,1.000000,1.100000,0.000000,0.000000,-1.571000,0.000151,1.005662,1.065203,1.464928
6.886000,-0.000151,-0.005663,0.034797,-0.000031,-0.005645,-0.037326,-0.000000,-0.001015,1.570133,0.000000,1.000000,1.100000,0.000000,0.000000,-1.571000,0.000151,1.005663,1.065203,1.464929
6.888000,-0.000151,-0.005665,0.034797,-0.000031,-0.005645,-0.037326,-0.000000,-0.001015,1.570133,0.000000,1.000000,1.100000,0.000000,0.000000,-1.571000,0.000151,1.005665,1.065203,1.464930
6.890000,-0.000151,-0.005667,0.034797,-0.000031,-0.005645,-0.037326,-0.000000,-0.001015,1.570133,0.000000,1.000000,1.100000,0.000000,0.000000,-1.571000,0.000151,1.005667,1.065203,1.464931
6.892000,-0.000151,-0.005668,0.034797,-0.000031,-0.005645,-0.037326,-0.000000,-0.001015,1.570133,0.000000,1.000000,1.100000,0.000000,0.000000,-1.571000,0.000151,1.005668,1.065203,1.464932
6.894000,-0.000151,-0.005670,0.034797,-0.000031,-0.005645,-0.037326,-0.000000,-0.001015,1.570133,0.000000,1.000000,1.100000,0.000000,0.000000,-1.571000,0.000151,1.005670,1.065203,1.464933
6.896000,-0.000151,-0.005672,0.034797,-0.000031,-0.005645,-0.037326,-0.000000,-0.001015,1.570133,0.000000,1.000000,1.100000,0.000000,0.000000,-1.571000,0.000151,1.005672,1.065203,1.464934
6.898000,-0.000151,-0.005673,0.034797,-0.000031,-0.005645,-0.037326,-0.000000,-0.001015,1.570133,0.000000,1.000000,1.100000,0.000000,0.000000,-1.571000,0.000151,1.005673,1.065203,1.464936
6.900000,-0.000151,-0.005675,0.034797,-0.000031,-0.005645,-0.037326,-0.000000,-0.001015,1.570133,0.000000,1.000000,1.100000,0.000000,0.000000,-1.571000,0.000151,1.005675,1.065203,1.464937
6.902000,-0.000151,-0.005677,0.034797,-0.000031,-0.005645,-0.037326,-0.000000,-0.001015,1.570133,0.000000,1.000000,1.100000,0.000000,0.000000,-1.571000,0.000151,1.005677,1.065203,1.464938
6.904000,-0.000151,-0.005679,0.034797,-0.000031,-0.005645,-0.037326,-0.000000,-0.001015,1.570133,0.000000,1.000000,1.100000,0.000000,0.000000,-1.571000,0.000151,1.005679,1.065203,1.464939
6.906000,-0.000151,-0.005680,0.034797,-0.000031,-0.005645,-0.037326,-0.000000,-0.001015,1.570133,0.000000,1.000000,1.100000,0.000000,0.000000,-1.571000,0.000151,1.005680,1.065203,1.464940
6.908000,-0.000151,-0.005682,0.034797,-0.000031,-0.005645,-0.037326,-0.000000,-0.001015,1.570133,0.000000,1.000000,1.100000,0.000000,0.000000,-1.571000,0.000151,1.005682,1.065203,1.464941
6.910000,-0.000151,-0.005684,0.034797,-0.000031,-0.005645,-0.037326,-0.000000,-0.001015,1.570133,0.000000,1.000000,1.100000,0.000000,0.000000,-1.571000,0.000151,1.005684,1.065203,1.464943
6.912000,-0.000151,-0.005685,0.034797,-0.000031,-0.005645,-0.037326,-0.000000,-0.001015,1.570133,0.000000,1.000000,1.100000,0.000000,0.000000,-1.571000,0.000151,1.005685,1.065203,1.464944
6.914000,-0.000151,-0.005687,0.034797,-0.000031,-0.005645,-0.037326,-0.000000,-0.001015,1.570133,0.000000,1.000000,1.100000,0.000000,0.000000,-1.571000,0.000151,1.005687,1.065203,1.464945
6.916000,-0.000151,-0.005689,0.034797,-0.000031,-0.005645,-0.037326,-0.000000,-0.001015,1.570133,0.000000,1.000000,1.100000,0.000000,0.000000,-1.571000,0.000151,1.005689,1.065203,1.464946
6.918000,-0.000151,-0.005690,0.034797,-0.000031,-0.005645,-0.037326,-0.000000,-0.001015,1.570133,0.000000,1.000000,1.100000,0.000000,0.000000,-1.571000,0.000151,1.005690,1.065203,1.464947
6.920000,-0.000151,-0.005692,0.034797,-0.000031,-0.005645,-0.037326,-0.000000,-0.001015,1.570133,0.000000,1.000000,1.100000,0.000000,0.000000,-1.571000,0.000151,1.005692,1.065203,1.464948
6.922000,-0.000152,-0.005694,0.034797,-0.000031,-0.005645,-0.037326,-0.000000,-0.001015,1.570133,0.000000,1.000000,1.100000,0.000000,0.000000,-1.571000,0.000152,1.005694,1.065203,1.464949
6.924000,-0.000152,-0.005695,0.034797,-0.000031,-0.005645,-0.037326,-0.000000,-0.001015,1.570133,0.000000,1.000000,1.100000,0.000000,0.000000,-1.571000,0.000152,1.005695,1.065203,1.464951
6.926000,-0.000152,-0.005697,0.034797,-0.000031,-0.005645,-0.037326,-0.000000,-0.001015,1.570133,0.000000,1.000000,1.100000,0.000000,0.000000,-1.571000,0.000152,1.005697,1.065203,1.464952
6.928000,-0.000152,-0.005699,0.034797,-0.000031,-0.005645,-0.037326,-0.000000,-0.001015,1.570133,0.000000,1.000000,1.100000,0.000000,0.000000,-1.571000,0.000152,1.005699,1.065203,1.464953
6.930000,-0.000152,-0.005700,0.034797,-0.000031,-0.005645,-0.037326,-0.000000,-0.001015,1.570133,0.000000,1.000000,1.100000,0.000000,0.000000,-1.571000,0.000152,1.005700,1.065203,1.464954
6.932000,-0.000152,-0.005702,0.034797,-0.000031,-0.005645,-0.037326,-0.000000,-0.001015,1.570134,0.000000,1.000000,1.100000,0.000000,0.000000,-1.571000,0.000152,1.005702,1.065203,1.464955
6.934000,-0.000152,-0.005704,0.034797,-0.000031,-0.005645,-0.037326,-0.000000,-0.001015,1.570134,0.000000,1.000000,1.100000,0.000000,0.000000,-1.571000,0.000152,1.005704,1.065203,1.464956
6.936000,-0.000152,-0.005705,0.034797,-0.000031,-0.005645,-0.037326,-0.000000,-0.001015,1.570134,0.000000,1.000000,1.100000,0.000000,0.000000,-1.571000,0.000152,1.005705,1.065203,1.464957
6.938000,-0.000152,-0.005707,0.034797,-0.000031,-0.005645,-0.037326,-0.000000,-0.001015,1.570134,0.000000,1.000000,1.100000,0.000000,0.000000,-1.571000,0.000152,1.005707,1.065203,1.464959
6.940000,-0.000152,-0.005709,0.034797,-0.000031,-0.005645,-0.037326,-0.000000,-0.001015,1.570134,0.000000,1.000000,1.100000,0.000000,0.000000,-1.571000,0.000152,1.005709,1.065203,1.464960
6.942000,-0.000152,-0.005710,0.034797,-0.000031,-0.005645,-0.037326,-0.000000,-0.001015,1.570134,0.000000,1.000000,1.100000,0.000000,0.000000,-1.571000,0.000152,1.005710,1.065203,1.464961
6.944000,-0.000152,-0.005712,0.034797,-0.000031,-0.005645,-0.037326,-0.000000,-0.001015,1.570134,0.000000,1.000000,1.100000,0.000000,0.000000,-1.571000,0.000152,1.005712,1.065203,1.464962
6.946000,-0.000152,-0.005714,0.034797,-0.000031,-0.005645,-0.037326,-0.000000,-0.001015,1.570134,0.000000,1.000000,1.100000,0.000000,0.000000,-1.571000,0.000152,1.005714,1.065203,1.464963
6.948000,-0.000152,-0.005715,0.034797,-0.000031,-0.005645,-0.037326,-0.000000,-0.001015,1.570134,0.000000,1.000000,1.100000,0.000000,0.000000,-1.571000,0.000152,1.005715,1.065203,1.464964
6.950000,-0.000152,-0.005717,0.034797,-0.000031,-0.005645,-0.037326,-0.000000,-0.001015,1.570134,0.000000,1.000000,1.100000,0.000000,0.000000,-1.571000,0.000152,1.005717,1.065203,1.464966
6.952000,-0.000152,-0.005719,0.034797,-0.000031,-0.005645,-0.037326,-0.000000,-0.001015,1.570134,0.000000,1.000000,1.100000,0.000000,0.000000,-1.571000,0.000152,1.005719,1.065203,1.464967
6.954000,-0.000152,-0.005720,0.034797,-0.000031,-0.005645,-0.037326,-0.000000,-0.001015,1.570134,0.000000,1.000000,1.100000,0.000000,0.000000,-1.571000,0.000152,1.005720,1.065203,1.464968
6.956000,-0.000152,-0.005722,0.034797,-0.000031,-0.005645,-0.037326,-0.000000,-0.001015,1.570134,0.000000,1.000000,1.100000,0.000000,0.000000,-1.571000,0.000152,1.005722,1.065203,1.464969
6.958000,-0.000152,-0.005724,0.034797,-0.000031,-0.005645,-0.037326,-0.000000,-0.001015,1.570134,0.000000,1.000000,1.100000,0.000000,0.000000,-1.571000,0.000152,1.005724,1.065203,1.464970
6.960000,-0.000152,-0.005725,0.034797,-0.000031,-0.005645,-0.037326,-0.000000,-0.001015,1.570134,0.000000,1.000000,1.100000,0.000000,0.000000,-1.571000,0.000152,1.005725,1.065203,1.464971
6.962000,-0.000152,-0.005727,0.034797,-0.000031,-0.005645,-0.037326,-0.000000,-0.001015,1.570134,0.000000,1.000000,1.100000,0.000000,0.000000,-1.571000,0.000152,1.005727,1.065203,1.464972
6.964000,-0.000152,-0.005729,0.034797,-0.000031,-0.005645,-0.037326,-0.000000,-0.001015,1.570134,0.000000,1.000000,1.100000,0.000000,0.000000,-1.571000,0.000152,1.005729,1.065203,1.464974
6.966000,-0.000153,-0.005730,0.034797,-0.000031,-0.005645,-0.037326,-0.000000,-0.001015,1.570134,0.000000,1.000000,1.100000,0.000000,0.000000,-1.571000,0.000153,1.005730,1.065203,1.464975
6.968000,-0.000153,-0.005732,0.034797,-0.000031,-0.005645,-0.037326,-0.000000,-0.001015,1.570134,0.000000,1.000000,1.100000,0.000000,0.000000,-1.571000,0.000153,1.005732,1.065203,1.464976
6.970000,-0.000153,-0.005734,0.034797,-0.000031,-0.005645,-0.037326,-0.000000,-0.001015,1.570134,0.000000,1.000000,1.100000,0.000000,0.000000,-1.571000,0.000153,1.005734,1.065203,1.464977
6.972000,-0.000153,-0.005735,0.034797,-0.000031,-0.005645,-0.037326,-0.000000,-0.001015,1.570134,0.000000,1.000000,1.100000,0.000000,0.000000,-1.571000,0.000153,1.005735,1.065203,1.464978
6.974000,-0.000153,-0.005737,0.034797,-0.000031,-0.005645,-0.037326,-0.000000,-0.001015,1.570134,0.000000,1.000000,1.100000,0.000000,0.000000,-1.571000,0.000153,1.005737,1.065203,1.464979
6.976000,-0.000153,-0.005739,0.034797,-0.000031,-0.005645,-0.037326,-0.000000,-0.001015,1.570134,0.000000,1.000000,1.100000,0.000000,0.000000,-1.571000,0.000153,1.005739,1.065203,1.464980
6.978000,-0.000153,-0.005740,0.034797,-0.000031,-0.005645,-0.037326,-0.000000,-0.001015,1.570134,0.000000,1.000000,1.100000,0.000000,0.000000,-1.571000,0.000153,1.005740,1.065203,1.464982
6.980000,-0.000153,-0.005742,0.034797,-0.000031,-0.005645,-0.037326,-0.000000,-0.001015,1.570134,0.000000,1.000000,1.100000,0.000000,0.000000,-1.571000,0.000153,1.005742,1.065203,1.464983
6.982000,-0.000153,-0.005744,0.034797,-0.000031,-0.005645,-0.037326,-0.000000,-0.001015,1.570134,0.000000,1.000000,1.100000,0.000000,0.000000,-1.571000,0.000153,1.005744,1.065203,1.464984
6.984000,-0.000153,-0.005746,0.034797,-0.000031,-0.005645,-0.037326,-0.000000,-0.001015,1.570135,0.000000,1.000000,1.100000,0.000000,0.000000,-1.571000,0.000153,1.005746,1.065203,1.464985
6.986000,-0.000153,-0.005747,0.034797,-0.000031,-0.005645,-0.037326,-0.000000,-0.001015,1.570135,0.000000,1.000000,1.100000,0.000000,0.000000,-1.571000,0.000153,1.005747,1.065203,1.464986
6.988000,-0.000153,-0.005749,0.034797,-0.000031,-0.005645,-0.037326,-0.000000,-0.001015,1.570135,0.000000,1.000000,1.100000,0.000000,0.000000,-1.571000,0.000153,1.005749,1.065203,1.464987
6.990000,-0.000153,-0.005751,0.034797,-0.000031,-0.005645,-0.037326,-0.000000,-0.001015,1.570135,0.000000,1.000000,1.100000,0.000000,0.000000,-1.571000,0.000153,1.005751,1.065203,1.464989
6.992000,-0.000153,-0.005752,0.034797,-0.000031,-0.005645,-0.037326,-0.000000,-0.001015,1.570135,0.000000,1.000000,1.100000,0.000000,0.000000,-1.571000,0.000153,1.005752,1.065203,1.464990
6.994000,-0.000153,-0.005754,0.034797,-0.000031,-0.005645,-0.037326,-0.000000,-0.001015,1.570135,0.000000,1.000000,1.100000,0.000000,0.000000,-1.571000,0.000153,1.005754,1.065203,1.464991
6.996000,-0.000153,-0.005756,0.034797,-0.000031,-0.005645,-0.037326,-0.000000,-0.001015,1.570135,0.000000,1.000000,1.100000,0.000000,0.000000,-1.571000,0.000153,1.005756,1.065203,1.464992
6.998000,-0.000153,-0.005757,0.034797,-0.000031,-0.005645,-0.037326,-0.000000,-0.001015,1.570135,0.000000,1.000000,1.100000,0.000000,0.000000,-1.571000,0.000153,1.005757,1.065203,1.464993
7.000000,-0.000153,-0.005759,0.034797,-0.000031,-0.005645,-0.037326,-0.000000,-0.001015,1.570135,0.000000,1.000000,1.100000,0.000000,0.000000,-1.571000,0.000153,1.005759,1.065203,1.464994
7.002000,-0.000153,-0.005761,0.034797,-0.000031,-0.005645,-0.037326,-0.000000,-0.001015,1.570135,0.000000,1.000000,1.100000,0.000000,0.000000,-1.571000,0.000153,1.005761,1.065203,1.464995
7.004000,-0.000153,-0.005762,0.034797,-0.000031,-0.005645,-0.037326,-0.000000,-0.001015,1.570135,0.000000,1.000000,1.100000,0.000000,0.000000,-1.571000,0.000153,1.005762,1.065203,1.464997
7.006000,-0.000153,-0.005764,0.034797,-0.000031,-0.005645,-0.037326,-0.000000,-0.001015,1.570135,0.000000,1.000000,1.100000,0.000000,0.000000,-1.571000,0.000153,1.005764,1.065203,1.464998
7.008000,-0.000153,-0.005766,0.034797,-0.000031,-0.005645,-0.037326,-0.000000,-0.001015,1.570135,0.000000,1.000000,1.100000,0.000000,0.000000,-1.571000,0.000153,1.005766,1.065203,1.464999
7.010000,-0.000153,-0.005767,0.034797,-0.000031,-0.005645,-0.037326,-0.000000,-0.001015,1.570135,0.000000,1.000000,1.100000,0.000000,0.000000,-1.571000,0.000153,1.005767,1.065203,1.465000
7.012000,-0.000154,-0.005769,0.034797,-0.000031,-0.005645,-0.037326,-0.000000,-0.001015,1.570135,0.000000,1.000000,1.100000,0.000000,0.000000,-1.571000,0.000154,1.005769,1.065203,1.465001
7.014000,-0.000154,-0.005771,0.034797,-0.000031,-0.005645,-0.037326,-0.000000,-0.001015,1.570135,0.000000,1.000000,1.100000,0.000000,0.000000,-1.571000,0.000154,1.005771,1.065203,1.465002
7.016000,-0.000154,-0.005772,0.034797,-0.000031,-0.005645,-0.037326,-0.000000,-0.001015,1.570135,0.000000,1.000000,1.100000,0.000000,0.000000,-1.571000,0.000154,1.005772,1.065203,1.465003
7.018000,-0.000154,-0.005774,0.034797,-0.000031,-0.005645,-0.037326,-0.000000,-0.001015,1.570135,0.000000,1.000000,1.100000,0.000000,0.000000,-1.571000,0.000154,1.005774,1.065203,1.465005
7.020000,-0.000154,-0.005776,0.034797,-0.000031,-0.005645,-0.037326,-0.000000,-0.001015,1.570135,0.000000,1.000000,1.100000,0.000000,0.000000,-1.571000,0.000154,1.005776,1.065203,1.465006
7.022000,-0.000154,-0.005777,0.034797,-0.000031,-0.005645,-0.037326,-0.000000,-0.001015,1.570135,0.000000,1.000000,1.100000,0.000000,0.000000,-1.571000,0.000154,1.005777,1.065203,1.465007
7.024000,-0.000154,-0.005779,0.034797,-0.000031,-0.005645,-0.037326,-0.000000,-0.001015,1.570135,0.000000,1.000000,1.100000,0.000000,0.000000,-1.571000,0.000154,1.005779,1.065203,1.465008
7.026000,-0.000154,-0.005781,0.034797,-0.000031,-0.005645,-0.037326,-0.000000,-0.001015,1.570135,0.000000,1.000000,1.100000,0.000000,0.000000,-1.571000,0.000154,1.005781,1.065203,1.465009
7.028000,-0.000154,-0.005782,0.034797,-0.000031,-0.005645,-0.037326,-0.000000,-0.001015,1.570135,0.000000,1.000000,1.100000,0.000000,0.000000,-1.571000,0.000154,1.005782,1.065203,1.465010
7.030000,-0.000154,-0.005784,0.034797,-0.000031,-0.005645,-0.037326,-0.000000,-0.001015,1.570135,0.000000,1.000000,1.100000,0.000000,0.000000,-1.571000,0.000154,1.005784,1.065203,1.465012
7.032000,-0.000154,-0.005786,0.034797,-0.000031,-0.005645,-0.037326,-0.000000,-0.001015,1.570135,0.000000,1.000000,1.100000,0.000000,0.000000,-1.571000,0.000154,1.005786,1.065203,1.465013
7.034000,-0.000154,-0.005787,0.034797,-0.000031,-0.005645,-0.037326,-0.000000,-0.001015,1.570136,0.000000,1.000000,1.100000,0.000000,0.000000,-1.571000,0.000154,1.005787,1.065203,1.465014
7.036000,-0.000154,-0.005789,0.034797,-0.000031,-0.005645,-0.037326,-0.000000,-0.001015,1.570136,0.000000,1.000000,1.100000,0.000000,0.000000,-1.571000,0.000154,1.005789,1.065203,1.465015
7.038000,-0.000154,-0.005791,0.034797,-0.000031,-0.005645,-0.037326,-0.000000,-0.001015,1.570136,0.000000,1.000000,1.100000,0.000000,0.000000,-1.571000,0.000154,1.005791,1.065203,1.465016
7.040000,-0.000154,-0.005792,0.034797,-0.000031,-0.005645,-0.037326,-0.000000,-0.001015,1.570136,0.000000,1.000000,1.100000,0.000000,0.000000,-1.571000,0.000154,1.005792,1.065203,1.465017
7.042000,-0.000154,-0.005794,0.034797,-0.000031,-0.005645,-0.037326,-0.000000,-0.001015,1.570136,0.000000,1.000000,1.100000,0.000000,0.000000,-1.571000,0.000154,1.005794,1.065203,1.465018
7.044000,-0.000154,-0.005796,0.034797,-0.000031,-0.005645,-0.037326,-0.000000,-0.001015,1.570136,0.000000,1.000000,1.100000,0.000000,0.000000,-1.571000,0.000154,1.005796,1.065203,1.465020
7.046000,-0.000154,-0.005797,0.034797,-0.000031,-0.005645,-0.037326,-0.000000,-0.001015,1.570136,0.000000,1.000000,1.100000,0.000000,0.000000,-1.571000,0.000154,1.005797,1.065203,1.465021
7.048000,-0.000154,-0.005799,0.034797,-0.000031,-0.005645,-0.037326,-0.000000,-0.001015,1.570136,0.000000,1.000000,1.100000,0.000000,0.000000,-1.571000,0.000154,1.005799,1.065203,1.465022
7.050000,-0.000154,-0.005801,0.034797,-0.000031,-0.005645,-0.037326,-0.000000,-0.001015,1.570136,0.000000,1.000000,1.100000,0.000000,0.000000,-1.571000,0.000154,1.005801,1.065203,1.465023
7.052000,-0.000154,-0.005802,0.034797,-0.000031,-0.005645,-0.037326,-0.000000,-0.001015,1.570136,0.000000,1.000000,1.100000,0.000000,0.000000,-1.571000,0.000154,1.005802,1.065203,1.465024
7.054000,-0.000154,-0.005804,0.034797,-0.000031,-0.005645,-0.037326,-0.000000,-0.001015,1.570136,0.000000,1.000000,1.100000,0.000000,0.000000,-1.571000,0.000154,1.005804,1.065203,1.465025
7.056000,-0.000155,-0.005806,0.034797,-0.000031,-0.005645,-0.037326,-0.000000,-0.001015,1.570136,0.000000,1.000000,1.100000,0.000000,0.000000,-1.571000,0.000155,1.005806,1.065203,1.465026
7.058000,-0.000155,-0.005807,0.034797,-0.000031,-0.005645,-0.037326,-0.000000,-0.001015,1.570136,0.000000,1.000000,1.100000,0.000000,0.000000,-1.571000,0.000155,1.005807,1.065203,1.465028
7.060000,-0.000155,-0.005809,0.034797,-0.000031,-0.005645,-0.037326,-0.000000,-0.001015,1.570136,0.000000,1.000000,1.100000,0.000000,0.000000,-1.571000,0.000155,1.005809,1.065203,1.465029
7.062000,-0.000155,-0.005811,0.034797,-0.000031,-0.005645,-0.037326,-0.000000,-0.001015,1.570136,0.000000,1.000000,1.100000,0.000000,0.000000,-1.571000,0.000155,1.005811,1.065203,1.465030