t,drone_x,drone_y,drone_z,drone_vel_x,drone_vel_y,drone_vel_z,drone_roll,drone_pitch,drone_yaw,flower_x,flower_y,flower_z,flower_roll,flower_pitch,flower_yaw,dx,dy,dz,distance
0.002000,0.000000,-0.000000,0.099990,0.000000,-0.000000,-0.009800,-0.000000,0.000000,1.570000,0.000000,1.000000,1.100000,0.000000,0.000000,-1.571000,-0.000000,1.000000,1.000010,1.414220
0.004000,0.000000,-0.000000,0.099941,0.000000,-0.000000,-0.029352,-0.000000,0.000000,1.570000,0.000000,1.000000,1.100000,0.000000,0.000000,-1.571000,-0.000000,1.000000,1.000059,1.414255
0.006000,0.000000,-0.000000,0.099853,0.000000,-0.000000,-0.048869,0.000000,0.000000,1.570000,0.000000,1.000000,1.100000,0.000000,0.000000,-1.571000,-0.000000,1.000000,1.000147,1.414317
0.008000,0.000000,-0.000000,0.099726,0.000000,0.000000,-0.068350,0.000000,0.000000,1.570000,0.000000,1.000000,1.100000,0.000000,0.000000,-1.571000,-0.000000,1.000000,1.000274,1.414407
0.010000,0.000000,0.000000,0.099560,0.000000,0.000000,-0.087795,0.000000,0.000000,1.570000,0.000000,1.000000,1.100000,0.000000,0.000000,-1.571000,-0.000000,1.000000,1.000440,1.414525
0.012000,0.000000,0.000000,0.099355,0.000000,0.000000,-0.107203,-0.000000,0.000000,1.570000,0.000000,1.000000,1.100000,0.000000,0.000000,-1.571000,-0.000000,1.000000,1.000645,1.414670
0.014000,0.000000,0.000000,0.099111,-0.000000,0.000000,-0.126576,-0.000000,0.000000,1.570000,0.000000,1.000000,1.100000,0.000000,0.000000,-1.571000,-0.000000,1.000000,1.000889,1.414842
0.016000,0.000000,0.000000,0.098829,0.000000,0.000000,-0.145912,-0.000000,0.000000,1.570000,0.000000,1.000000,1.100000,0.000000,0.000000,-1.571000,-0.000000,1.000000,1.001171,1.415042
0.018000,0.000000,0.000000,0.098508,0.000000,0.000000,-0.165213,-0.000000,0.000001,1.570000,0.000000,1.000000,1.100000,0.000000,0.000000,-1.571000,-0.000000,1.000000,1.001492,1.415269
0.020000,0.000000,0.000000,0.098148,0.000000,0.000000,-0.184478,-0.000000,0.000001,1.570000,0.000000,1.000000,1.100000,0.000000,0.000000,-1.571000,-0.000000,1.000000,1.001852,1.415524
0.022000,0.000000,0.000000,0.097750,0.000000,0.000000,-0.203708,-0.000000,0.000001,1.570000,0.000000,1.000000,1.100000,0.000000,0.000000,-1.571000,-0.000000,1.000000,1.002250,1.415805
0.024000,0.000000,0.000000,0.097313,0.000000,0.000000,-0.222901,-0.000000,0.000001,1.570000,0.000000,1.000000,1.100000,0.000000,0.000000,-1.571000,-0.000000,1.000000,1.002687,1.416115
0.026000,0.000000,0.000000,0.096838,0.000000,0.000000,-0.242059,-0.000000,0.000002,1.570000,0.000000,1.000000,1.100000,0.000000,0.000000,-1.571000,-0.000000,1.000000,1.003162,1.416451
0.028000,0.000000,0.000000,0.096325,0.000000,0.000000,-0.261182,-0.000000,0.000002,1.570000,0.000000,1.000000,1.100000,0.000000,0.000000,-1.571000,-0.000000,1.000000,1.003675,1.416815
0.030000,0.000000,0.000000,0.095773,0.000000,0.000000,-0.280269,-0.000000,0.000003,1.570000,0.000000,1.000000,1.100000,0.000000,0.000000,-1.571000,-0.000000,1.000000,1.004227,1.417205
0.032000,0.000000,0.000000,0.095184,0.000000,0.000000,-0.299321,-0.000000,0.000003,1.570000,0.000000,1.000000,1.100000,0.000000,0.000000,-1.571000,-0.000000,1.000000,1.004816,1.417623
0.034000,0.000000,0.000000,0.094556,0.000000,0.000000,-0.318337,-0.000000,0.000004,1.570000,0.000000,1.000000,1.100000,0.000000,0.000000,-1.571000,-0.000000,1.000000,1.005444,1.418068
0.036000,0.000000,0.000000,0.093890,0.000000,0.000000,-0.337319,-0.000000,0.000005,1.570000,0.000000,1.000000,1.100000,0.000000,0.000000,-1.571000,-0.000000,1.000000,1.006110,1.418540
0.038000,0.000000,0.000000,0.093186,0.000000,0.000000,-0.356265,-0.000000,0.000005,1.570000,0.000000,1.000000,1.100000,0.000000,0.000000,-1.571000,-0.000000,1.000000,1.006814,1.419040
0.040000,0.000000,0.000000,0.092445,0.000000,0.000000,-0.375175,-0.000000,0.000006,1.570000,0.000000,1.000000,1.100000,0.000000,0.000000,-1.571000,-0.000000,1.000000,1.007555,1.419566
0.042000,0.000000,0.000000,0.091665,0.000000,0.000000,-0.394051,-0.000000,0.000007,1.570000,0.000000,1.000000,1.100000,0.000000,0.000000,-1.571000,-0.000000,1.000000,1.008335,1.420119
0.044000,0.000000,0.000000,0.090848,0.000000,0.000000,-0.412892,-0.000000,0.000008,1.570000,0.000000,1.000000,1.100000,0.000000,0.000000,-1.571000,-0.000000,1.000000,1.009152,1.420700
0.046000,0.000000,0.000000,0.089993,0.000000,0.000000,-0.431698,-0.000000,0.000010,1.570000,0.000000,1.000000,1.100000,0.000000,0.000000,-1.571000,-0.000000,1.000000,1.010007,1.421307
0.048000,0.000000,0.000000,0.089101,0.000000,0.000000,-0.450469,-0.000000,0.000011,1.570000,0.000000,1.000000,1.100000,0.000000,0.000000,-1.571000,-0.000000,1.000000,1.010899,1.421941
0.050000,0.000000,0.000000,0.088171,0.000000,0.000000,-0.469205,-0.000000,0.000013,1.570000,0.000000,1.000000,1.100000,0.000000,0.000000,-1.571000,-0.000000,1.000000,1.011829,1.422603
0.052000,0.000000,0.000000,0.087203,0.000000,0.000000,-0.487907,-0.000000,0.000014,1.570000,0.000000,1.000000,1.100000,0.000000,0.000000,-1.571000,-0.000000,1.000000,1.012797,1.423291
0.054000,0.000000,0.000000,0.086199,0.000000,0.000000,-0.506573,-0.000000,0.000016,1.570000,0.000000,1.000000,1.100000,0.000000,0.000000,-1.571000,-0.000000,1.000000,1.013801,1.424006
0.056000,0.000000,0.000000,0.085156,0.000000,0.000000,-0.525206,-0.000000,0.000018,1.570000,0.000000,1.000000,1.100000,0.000000,0.000000,-1.571000,-0.000000,1.000000,1.014844,1.424748
0.058000,0.000000,0.000000,0.084077,0.000000,0.000000,-0.543803,-0.000000,0.000020,1.570000,0.000000,1.000000,1.100000,0.000000,0.000000,-1.571000,-0.000000,1.000000,1.015923,1.425517
0.060000,0.000000,0.000000,0.082960,0.000000,0.000000,-0.562366,-0.000000,0.000022,1.570000,0.000000,1.000000,1.100000,0.000000,0.000000,-1.571000,-0.000000,1.000000,1.017040,1.426313
0.062000,0.000000,0.000000,0.081807,0.000000,0.000000,-0.580895,-0.000000,0.000024,1.570000,0.000000,1.000000,1.100000,0.000000,0.000000,-1.571000,-0.000000,1.000000,1.018193,1.427136
0.064000,0.000000,0.000000,0.080616,0.000000,0.000000,-0.599390,-0.000000,0.000027,1.570000,0.000000,1.000000,1.100000,0.000000,0.000000,-1.571000,-0.000000,1.000000,1.019384,1.427986
0.066000,0.000000,0.000000,0.079388,0.000000,0.000000,-0.617850,-0.000000,0.000029,1.570000,0.000000,1.000000,1.100000,0.000000,0.000000,-1.571000,-0.000000,1.000000,1.020612,1.428863
0.068000,0.000000,0.000000,0.078124,0.000000,0.000000,-0.636276,-0.000000,0.000032,1.570000,0.000000,1.000000,1.100000,0.000000,0.000000,-1.571000,-0.000000,1.000000,1.021876,1.429766
0.070000,0.000000,0.000000,0.076822,0.000000,0.000000,-0.654668,-0.000000,0.000035,1.570000,0.000000,1.000000,1.100000,0.000000,0.000000,-1.571000,-0.000000,1.000000,1.023178,1.430697
0.072000,0.000000,0.000000,0.075484,0.000000,0.000000,-0.673025,-0.000000,0.000038,1.570000,0.000000,1.000000,1.100000,0.000000,0.000000,-1.571000,-0.000000,1.000000,1.024516,1.431654
0.074000,0.000000,0.000000,0.074109,0.000000,0.000000,-0.691349,-0.000000,0.000041,1.570000,0.000000,1.000000,1.100000,0.000000,0.000000,-1.571000,-0.000000,1.000000,1.025891,1.432638
0.076000,0.000000,0.000000,0.072698,0.000000,0.000000,-0.709638,-0.000000,0.000045,1.570000,0.000000,1.000000,1.100000,0.000000,0.000000,-1.571000,-0.000000,1.000000,1.027302,1.433649
0.078000,0.000000,0.000000,0.071249,0.000000,0.000000,-0.727894,-0.000000,0.000048,1.570000,0.000000,1.000000,1.100000,0.000000,0.000000,-1.571000,-0.000000,1.000000,1.028751,1.434687
0.080000,0.000000,0.000000,0.069765,0.000000,0.000000,-0.746116,-0.000000,0.000052,1.570000,0.000000,1.000000,1.100000,0.000000,0.000000,-1.571000,-0.000000,1.000000,1.030235,1.435752
0.082000,0.000000,0.000000,0.068244,0.000000,0.000000,-0.764304,-0.000000,0.000056,1.570000,0.000000,1.000000,1.100000,0.000000,0.000000,-1.571000,-0.000000,1.000000,1.031756,1.436844
0.084000,0.000000,0.000000,0.066686,0.000000,0.000000,-0.782459,-0.000000,0.000061,1.570000,0.000000,1.000000,1.100000,0.000000,0.000000,-1.571000,-0.000000,1.000000,1.033314,1.437963
0.086000,0.000000,0.000000,0.065093,0.000000,0.000000,-0.800579,-0.000000,0.000065,1.570000,0.000000,1.000000,1.100000,0.000000,0.000000,-1.571000,-0.000000,1.000000,1.034907,1.439108
0.088000,0.000000,0.000000,0.063463,0.000000,0.000000,-0.818667,-0.000000,0.000070,1.570000,0.000000,1.000000,1.100000,0.000000,0.000000,-1.571000,-0.000000,1.000000,1.036537,1.440281
0.090000,0.000000,0.000000,0.061797,0.000000,0.000000,-0.836720,-0.000000,0.000075,1.570000,0.000000,1.000000,1.100000,0.000000,0.000000,-1.571000,-0.000000,1.000000,1.038203,1.441481
0.092000,0.000000,0.000000,0.060095,0.000000,0.000000,-0.854740,-0.000000,0.000080,1.570000,0.000000,1.000000,1.100000,0.000000,0.000000,-1.571000,-0.000000,1.000000,1.039905,1.442707
0.094000,0.000000,0.000000,0.058356,0.000000,0.000000,-0.872727,-0.000000,0.000085,1.570000,0.000000,1.000000,1.100000,0.000000,0.000000,-1.571000,-0.000000,1.000000,1.041644,1.443960
0.096000,0.000000,0.000000,0.056582,0.000000,0.000000,-0.890681,-0.000000,0.000091,1.570000,0.000000,1.000000,1.100000,0.000000,0.000000,-1.571000,-0.000000,1.000000,1.043418,1.445241
0.098000,0.000000,0.000000,0.054772,0.000000,0.000000,-0.908601,-0.000000,0.000096,1.570000,0.000000,1.000000,1.100000,0.000000,0.000000,-1.571000,-0.000000,1.000000,1.045228,1.446548
0.100000,0.000000,0.000000,0.052926,0.000000,0.000000,-0.926488,-0.000000,0.000103,1.570000,0.000000,1.000000,1.100000,0.000000,0.000000,-1.571000,-0.000000,1.000000,1.047074,1.447882
0.102000,0.000000,0.000000,0.051045,0.000000,0.000000,-0.944341,-0.000000,0.000109,1.570000,0.000000,1.000000,1.100000,0.000000,0.000000,-1.571000,-0.000000,1.000000,1.048955,1.449244
0.104000,0.000000,0.000000,0.049127,0.000000,0.000000,-0.962162,-0.000000,0.000115,1.570000,0.000000,1.000000,1.100000,0.000000,0.000000,-1.571000,-0.000000,1.000000,1.050873,1.450632
0.106000,0.000000,0.000000,0.047174,0.000000,0.000000,-0.979950,-0.000000,0.000122,1.570000,0.000000,1.000000,1.100000,0.000000,0.000000,-1.571000,-0.000000,1.000000,1.052826,1.452048
0.108000,0.000000,0.000000,0.045186,0.000000,0.000000,-0.997704,-0.000000,0.000129,1.570000,0.000000,1.000000,1.100000,0.000000,0.000000,-1.571000,-0.000000,1.000000,1.054814,1.453490
0.110000,0.000000,0.000000,0.043162,0.000000,0.000000,-1.015426,0.000000,0.000137,1.570000,0.000000,1.000000,1.100000,0.000000,0.000000,-1.571000,-0.000000,1.000000,1.056838,1.454959
0.112000,0.000000,0.000000,0.041102,0.000000,0.000000,-1.033115,0.000000,0.000144,1.570000,0.000000,1.000000,1.100000,0.000000,0.000000,-1.571000,-0.000000,1.000000,1.058898,1.456456
0.114000,0.000000,0.000000,0.039007,0.000000,0.000000,-1.050771,0.000000,0.000152,1.570000,0.000000,1.000000,1.100000,0.000000,0.000000,-1.571000,-0.000000,1.000000,1.060993,1.457980
0.116000,0.000000,0.000000,0.036877,0.000000,0.000000,-1.068394,0.000000,0.000160,1.570000,0.000000,1.000000,1.100000,0.000000,0.000000,-1.571000,-0.000000,1.000000,1.063123,1.459531
0.118000,0.000000,0.000000,0.034712,0.000000,0.000000,-1.085985,0.000000,0.000169,1.570000,0.000000,1.000000,1.100000,0.000000,0.000000,-1.571000,-0.000000,1.000000,1.065288,1.461109
0.120000,0.000000,-0.000004,0.035000,0.000016,-0.000077,0.000068,-0.000000,-0.000001,1.570000,0.000000,1.000000,1.100000,0.000000,0.000000,-1.571000,-0.000000,1.000004,1.065000,1.460902
0.122000,0.000000,-0.000005,0.035000,-0.000001,-0.000057,0.009576,0.000000,-0.000000,1.570000,0.000000,1.000000,1.100000,0.000000,0.000000,-1.571000,-0.000000,1.000005,1.065000,1.460902
0.124000,0.000000,-0.000005,0.035000,0.000000,-0.000021,0.000159,0.000000,-0.000000,1.570000,0.000000,1.000000,1.100000,0.000000,0.000000,-1.571000,-0.000000,1.000005,1.065000,1.460902
0.126000,0.000000,-0.000007,0.034977,-0.000002,-0.002608,-0.015026,-0.000000,-0.000115,1.570000,0.000000,1.000000,1.100000,0.000000,0.000000,-1.571000,-0.000000,1.000007,1.065023,1.460920
0.128000,0.000000,-0.000010,0.034945,-0.000003,-0.003405,-0.022563,-0.000000,-0.000275,1.570000,0.000000,1.000000,1.100000,0.000000,0.000000,-1.571000,-0.000000,1.000010,1.065055,1.460946
0.130000,0.000000,-0.000014,0.034914,-0.000004,-0.003939,-0.027527,-0.000000,-0.000430,1.570000,0.000000,1.000000,1.100000,0.000000,0.000000,-1.571000,-0.000000,1.000014,1.065086,1.460971
0.132000,0.000000,-0.000017,0.034887,-0.000005,-0.004300,-0.030799,-0.000000,-0.000565,1.570000,0.000000,1.000000,1.100000,0.000000,0.000000,-1.571000,-0.000000,1.000017,1.065113,1.460993
0.134000,0.000000,-0.000019,0.034865,-0.000005,-0.004548,-0.032956,-0.000000,-0.000675,1.570000,0.000000,1.000000,1.100000,0.000000,0.000000,-1.571000,-0.000000,1.000019,1.065135,1.461010
0.136000,0.000000,-0.000021,0.034848,-0.000006,-0.004721,-0.034379,-0.000000,-0.000762,1.570000,0.000000,1.000000,1.100000,0.000000,0.000000,-1.571000,-0.000000,1.000021,1.065152,1.461024
0.138000,0.000000,-0.000023,0.034834,-0.000006,-0.004844,-0.035319,-0.000000,-0.000829,1.570000,0.000000,1.000000,1.100000,0.000000,0.000000,-1.571000,-0.000000,1.000023,1.065166,1.461035
0.140000,0.000000,-0.000025,0.034824,-0.000007,-0.004936,-0.035940,-0.000000,-0.000879,1.570000,0.000000,1.000000,1.100000,0.000000,0.000000,-1.571000,-0.000000,1.000025,1.065176,1.461044
0.142000,0.000000,-0.000026,0.034817,-0.000007,-0.005006,-0.036350,-0.000000,-0.000916,1.570000,0.000000,1.000000,1.100000,0.000000,0.000000,-1.571000,-0.000000,1.000026,1.065183,1.461050
0.144000,0.000000,-0.000027,0.034811,-0.000008,-0.005061,-0.036621,-0.000000,-0.000943,1.570000,0.000000,1.000000,1.100000,0.000000,0.000000,-1.571000,-0.000000,1.000027,1.065189,1.461055
0.146000,0.000000,-0.000028,0.034808,-0.000008,-0.005108,-0.036800,-0.000000,-0.000963,1.570000,0.000000,1.000000,1.100000,0.000000,0.000000,-1.571000,-0.000000,1.000028,1.065192,1.461058
0.148000,0.000000,-0.000029,0.034805,-0.000009,-0.005148,-0.036919,-0.000000,-0.000977,1.570000,0.000000,1.000000,1.100000,0.000000,0.000000,-1.571000,-0.000000,1.000029,1.065195,1.461061
0.150000,0.000000,-0.000030,0.034803,-0.000010,-0.005184,-0.036998,-0.000000,-0.000987,1.570000,0.000000,1.000000,1.100000,0.000000,0.000000,-1.571000,-0.000000,1.000030,1.065197,1.461063
0.152000,-0.000000,-0.000031,0.034801,-0.000012,-0.005218,-0.037050,-0.000000,-0.000994,1.570000,0.000000,1.000000,1.100000,0.000000,0.000000,-1.571000,0.000000,1.000031,1.065199,1.461065
0.154000,-0.000000,-0.000032,0.034800,-0.000014,-0.005249,-0.037084,-0.000000,-0.000999,1.570000,0.000000,1.000000,1.100000,0.000000,0.000000,-1.571000,0.000000,1.000032,1.065200,1.461066
0.156000,-0.000000,-0.000033,0.034800,-0.000016,-0.005280,-0.037107,-0.000000,-0.001002,1.570000,0.000000,1.000000,1.100000,0.000000,0.000000,-1.571000,0.000000,1.000033,1.065200,1.461067
0.158000,-0.000000,-0.000034,0.034799,-0.000018,-0.005309,-0.037123,-0.000000,-0.001005,1.570000,0.000000,1.000000,1.100000,0.000000,0.000000,-1.571000,0.000000,1.000034,1.065201,1.461068
0.160000,-0.000000,-0.000035,0.034799,-0.000021,-0.005338,-0.037134,-0.000000,-0.001007,1.570000,0.000000,1.000000,1.100000,0.000000,0.000000,-1.571000,0.000000,1.000035,1.065201,1.461069
0.162000,-0.000000,-0.000036,0.034798,-0.000022,-0.005366,-0.037143,-0.000000,-0.001008,1.570000,0.000000,1.000000,1.100000,0.000000,0.000000,-1.571000,0.000000,1.000036,1.065202,1.461070
0.164000,-0.000000,-0.000037,0.034798,-0.000022,-0.005394,-0.037153,-0.000000,-0.001009,1.570000,0.000000,1.000000,1.100000,0.000000,0.000000,-1.571000,0.000000,1.000037,1.065202,1.461071
0.166000,-0.000000,-0.000038,0.034798,-0.000022,-0.005422,-0.037164,-0.000000,-0.001009,1.570000,0.000000,1.000000,1.100000,0.000000,0.000000,-1.571000,0.000000,1.000038,1.065202,1.461072
0.168000,-0.000000,-0.000040,0.034798,-0.000021,-0.005449,-0.037177,-0.000000,-0.001010,1.570000,0.000000,1.000000,1.100000,0.000000,0.000000,-1.571000,0.000000,1.000040,1.065202,1.461073
0.170000,-0.000000,-0.000041,0.034798,-0.000021,-0.005477,-0.037191,-0.000000,-0.001010,1.570000,0.000000,1.000000,1.100000,0.000000,0.000000,-1.571000,0.000000,1.000041,1.065202,1.461074
0.172000,-0.000000,-0.000042,0.034798,-0.000021,-0.005505,-0.037206,-0.000000,-0.001011,1.570000,0.000000,1.000000,1.100000,0.000000,0.000000,-1.571000,0.000000,1.000042,1.065202,1.461075
0.174000,-0.000000,-0.000044,0.034798,-0.000021,-0.005533,-0.037221,-0.000000,-0.001011,1.570000,0.000000,1.000000,1.100000,0.000000,0.000000,-1.571000,0.000000,1.000044,1.065202,1.461076
0.176000,-0.000000,-0.000045,0.034798,-0.000021,-0.005560,-0.037236,-0.000000,-0.001012,1.570000,0.000000,1.000000,1.100000,0.000000,0.000000,-1.571000,0.000000,1.000045,1.065202,1.461077
0.178000,-0.000000,-0.000047,0.034798,-0.000022,-0.005588,-0.037251,-0.000000,-0.001012,1.570000,0.000000,1.000000,1.100000,0.000000,0.000000,-1.571000,0.000000,1.000047,1.065202,1.461078
0.180000,-0.000000,-0.000048,0.034798,-0.000025,-0.005616,-0.037267,-0.000000,-0.001012,1.570000,0.000000,1.000000,1.100000,0.000000,0.000000,-1.571000,0.000000,1.000048,1.065202,1.461079
0.182000,-0.000000,-0.000050,0.034797,-0.000030,-0.005639,-0.037283,-0.000000,-0.001013,1.570000,0.000000,1.000000,1.100000,0.000000,0.000000,-1.571000,0.000000,1.000050,1.065203,1.461080
0.184000,-0.000000,-0.000051,0.034797,-0.000031,-0.005642,-0.037297,-0.000000,-0.001013,1.570000,0.000000,1.000000,1.100000,0.000000,0.000000,-1.571000,0.000000,1.000051,1.065203,1.461082
0.186000,-0.000000,-0.000053,0.034797,-0.000031,-0.005643,-0.037307,-0.000000,-0.001013,1.570000,0.000000,1.000000,1.100000,0.000000,0.000000,-1.571000,0.000000,1.000053,1.065203,1.461083
0.188000,-0.000001,-0.000055,0.034797,-0.000031,-0.005644,-0.037314,-0.000000,-0.001014,1.570000,0.000000,1.000000,1.100000,0.000000,0.000000,-1.571000,0.000001,1.000055,1.065203,1.461084
0.190000,-0.000001,-0.000057,0.034797,-0.000031,-0.005644,-0.037318,-0.000000,-0.001014,1.570000,0.000000,1.000000,1.100000,0.000000,0.000000,-1.571000,0.000001,1.000057,1.065203,1.461085
0.192000,-0.000001,-0.000058,0.034797,-0.000031,-0.005645,-0.037321,-0.000000,-0.001014,1.570000,0.000000,1.000000,1.100000,0.000000,0.000000,-1.571000,0.000001,1.000058,1.065203,1.461086
0.194000,-0.000001,-0.000060,0.034797,-0.000031,-0.005645,-0.037322,-0.000000,-0.001014,1.570000,0.000000,1.000000,1.100000,0.000000,0.000000,-1.571000,0.000001,1.000060,1.065203,1.461088
0.196000,-0.000001,-0.000062,0.034797,-0.000031,-0.005645,-0.037324,-0.000000,-0.001014,1.570001,0.000000,1.000000,1.100000,0.000000,0.000000,-1.571000,0.000001,1.000062,1.065203,1.461089
0.198000,-0.000001,-0.000063,0.034797,-0.000031,-0.005645,-0.037324,-0.000000,-0.001014,1.570001,0.000000,1.000000,1.100000,0.000000,0.000000,-1.571000,0.000001,1.000063,1.065203,1.461090
0.200000,-0.000001,-0.000065,0.034797,-0.000031,-0.005645,-0.037325,-0.000000,-0.001014,1.570001,0.000000,1.000000,1.100000,0.000000,0.000000,-1.571000,0.000001,1.000065,1.065203,1.461091
0.202000,-0.000001,-0.000067,0.034797,-0.000031,-0.005645,-0.037325,-0.000000,-0.001015,1.570001,0.000000,1.000000,1.100000,0.000000,0.000000,-1.571000,0.000001,1.000067,1.065203,1.461092
0.204000,-0.000001,-0.000068,0.034797,-0.000031,-0.005645,-0.037326,-0.000000,-0.001015,1.570001,0.000000,1.000000,1.100000,0.000000,0.000000,-1.571000,0.000001,1.000068,1.065203,1.461093
0.206000,-0.000001,-0.000070,0.034797,-0.000031,-0.005645,-0.037326,-0.000000,-0.001015,1.570001,0.000000,1.000000,1.100000,0.000000,0.000000,-1.571000,0.000001,1.000070,1.065203,1.461094
0.208000,-0.000001,-0.000072,0.034797,-0.000031,-0.005645,-0.037326,-0.000000,-0.001015,1.570001,0.000000,1.000000,1.100000,0.000000,0.000000,-1.571000,0.000001,1.000072,1.065203,1.461096
0.210000,-0.000001,-0.000073,0.034797,-0.000031,-0.005645,-0.037326,-0.000000,-0.001015,1.570001,0.000000,1.000000,1.100000,0.000000,0.000000,-1.571000,0.000001,1.000073,1.065203,1.461097
0.212000,-0.000001,-0.000075,0.034797,-0.000031,-0.005645,-0.037326,-0.000000,-0.001015,1.570001,0.000000,1.000000,1.100000,0.000000,0.000000,-1.571000,0.000001,1.000075,1.065203,1.461098
0.214000,-0.000001,-0.000077,0.034797,-0.000031,-0.005645,-0.037326,-0.000000,-0.001015,1.570001,0.000000,1.000000,1.100000,0.000000,0.000000,-1.571000,0.000001,1.000077,1.065203,1.461099
0.216000,-0.000001,-0.000078,0.034797,-0.000031,-0.005645,-0.037326,-0.000000,-0.001015,1.570001,0.000000,1.000000,1.100000,0.000000,0.000000,-1.571000,0.000001,1.000078,1.065203,1.461100
0.218000,-0.000001,-0.000080,0.034797,-0.000031,-0.005645,-0.037326,-0.000000,-0.001015,1.570001,0.000000,1.000000,1.100000,0.000000,0.000000,-1.571000,0.000001,1.000080,1.065203,1.461101
0.220000,-0.000001,-0.000082,0.034797,-0.000031,-0.005645,-0.037326,-0.000000,-0.001015,1.570001,0.000000,1.000000,1.100000,0.000000,0.000000,-1.571000,0.000001,1.000082,1.065203,1.461102
0.222000,-0.000001,-0.000083,0.034797,-0.000031,-0.005645,-0.037326,-0.000000,-0.001015,1.570001,0.000000,1.000000,1.100000,0.000000,0.000000,-1.571000,0.000001,1.000083,1.065203,1.461104
0.224000,-0.000001,-0.000085,0.034797,-0.000031,-0.005645,-0.037326,-0.000000,-0.001015,1.570001,0.000000,1.000000,1.100000,0.000000,0.000000,-1.571000,0.000001,1.000085,1.065203,1.461105
0.226000,-0.000001,-0.000087,0.034797,-0.000031,-0.005645,-0.037326,-0.000000,-0.001015,1.570001,0.000000,1.000000,1.100000,0.000000,0.000000,-1.571000,0.000001,1.000087,1.065203,1.461106
0.228000,-0.000001,-0.000088,0.034797,-0.000031,-0.005645,-0.037326,-0.000000,-0.001015,1.570001,0.000000,1.000000,1.100000,0.000000,0.000000,-1.571000,0.000001,1.000088,1.065203,1.461107
0.230000,-0.000001,-0.000090,0.034797,-0.000031,-0.005645,-0.037326,-0.000000,-0.001015,1.570001,0.000000,1.000000,1.100000,0.000000,0.000000,-1.571000,0.000001,1.000090,1.065203,1.461108
0.232000,-0.000001,-0.000092,0.034797,-0.000031,-0.005645,-0.037326,-0.000000,-0.001015,1.570001,0.000000,1.000000,1.100000,0.000000,0.000000,-1.571000,0.000001,1.000092,1.065203,1.461109
0.234000,-0.000002,-0.000093,0.034797,-0.000031,-0.005645,-0.037326,-0.000000,-0.001015,1.570001,0.000000,1.000000,1.100000,0.000000,0.000000,-1.571000,0.000002,1.000093,1.065203,1.461111
0.236000,-0.000002,-0.000095,0.034797,-0.000031,-0.005645,-0.037326,-0.000000,-0.001015,1.570001,0.000000,1.000000,1.100000,0.000000,0.000000,-1.571000,0.000002,1.000095,1.065203,1.461112
0.238000,-0.000002,-0.000097,0.034797,-0.000031,-0.005645,-0.037326,-0.000000,-0.001015,1.570001,0.000000,1.000000,1.100000,0.000000,0.000000,-1.571000,0.000002,1.000097,1.065203,1.461113
0.240000,-0.000002,-0.000098,0.034797,-0.000031,-0.005645,-0.037326,-0.000000,-0.001015,1.570001,0.000000,1.000000,1.100000,0.000000,0.000000,-1.571000,0.000002,1.000098,1.065203,1.461114
0.242000,-0.000002,-0.000100,0.034797,-0.000031,-0.005645,-0.037326,-0.000000,-0.001015,1.570001,0.000000,1.000000,1.100000,0.000000,0.000000,-1.571000,0.000002,1.000100,1.065203,1.461115
0.244000,-0.000002,-0.000102,0.034797,-0.000031,-0.005645,-0.037326,-0.000000,-0.001015,1.570001,0.000000,1.000000,1.100000,0.000000,0.000000,-1.571000,0.000002,1.000102,1.065203,1.461116
0.246000,-0.000002,-0.000103,0.034797,-0.000031,-0.005645,-0.037326,-0.000000,-0.001015,1.570002,0.000000,1.000000,1.100000,0.000000,0.000000,-1.571000,0.000002,1.000103,1.065203,1.461117
0.248000,-0.000002,-0.000105,0.034797,-0.000031,-0.005645,-0.037326,-0.000000,-0.001015,1.570002,0.000000,1.000000,1.100000,0.000000,0.000000,-1.571000,0.000002,1.000105,1.065203,1.461119
0.250000,-0.000002,-0.000107,0.034797,-0.000031,-0.005645,-0.037326,-0.000000,-0.001015,1.570002,0.000000,1.000000,1.100000,0.000000,0.000000,-1.571000,0.000002,1.000107,1.065203,1.461120
0.252000,-0.000002,-0.000108,0.034797,-0.000031,-0.005645,-0.037326,-0.000000,-0.001015,1.570002,0.000000,1.000000,1.100000,0.000000,0.000000,-1.571000,0.000002,1.000108,1.065203,1.461121
0.254000,-0.000002,-0.000110,0.034797,-0.000031,-0.005645,-0.037326,-0.000000,-0.001015,1.570002,0.000000,1.000000,1.100000,0.000000,0.000000,-1.571000,0.000002,1.000110,1.065203,1.461122
0.256000,-0.000002,-0.000112,0.034797,-0.000031,-0.005645,-0.037326,-0.000000,-0.001015,1.570002,0.000000,1.000000,1.100000,0.000000,0.000000,-1.571000,0.000002,1.000112,1.065203,1.461123
0.258000,-0.000002,-0.000113,0.034797,-0.000031,-0.005645,-0.037326,-0.000000,-0.001015,1.570002,0.000000,1.000000,1.100000,0.000000,0.000000,-1.571000,0.000002,1.000113,1.065203,1.461124
0.260000,-0.000002,-0.000115,0.034797,-0.000031,-0.005645,-0.037326,-0.000000,-0.001015,1.570002,0.000000,1.000000,1.100000,0.000000,0.000000,-1.571000,0.000002,1.000115,1.065203,1.461125
0.262000,-0.000002,-0.000117,0.034797,-0.000031,-0.005645,-0.037326,-0.000000,-0.001015,1.570002,0.000000,1.000000,1.100000,0.000000,0.000000,-1.571000,0.000002,1.000117,1.065203,1.461127
0.264000,-0.000002,-0.000118,0.034797,-0.000031,-0.005645,-0.037326,-0.000000,-0.001015,1.570002,0.000000,1.000000,1.100000,0.000000,0.000000,-1.571000,0.000002,1.000118,1.065203,1.461128
0.266000,-0.000002,-0.000120,0.034797,-0.000031,-0.005645,-0.037326,-0.000000,-0.001015,1.570002,0.000000,1.000000,1.100000,0.000000,0.000000,-1.571000,0.000002,1.000120,1.065203,1.461129
0.268000,-0.000002,-0.000122,0.034797,-0.000031,-0.005645,-0.037326,-0.000000,-0.001015,1.570002,0.000000,1.000000,1.100000,0.000000,0.000000,-1.571000,0.000002,1.000122,1.065203,1.461130
0.270000,-0.000002,-0.000124,0.034797,-0.000031,-0.005645,-0.037326,-0.000000,-0.001015,1.570002,0.000000,1.000000,1.100000,0.000000,0.000000,-1.571000,0.000002,1.000124,1.065203,1.461131
0.272000,-0.000002,-0.000125,0.034797,-0.000031,-0.005645,-0.037326,-0.000000,-0.001015,1.570002,0.000000,1.000000,1.100000,0.000000,0.000000,-1.571000,0.000002,1.000125,1.065203,1.461132
0.274000,-0.000002,-0.000127,0.034797,-0.000031,-0.005645,-0.037326,-0.000000,-0.001015,1.570002,0.000000,1.000000,1.100000,0.000000,0.000000,-1.571000,0.000002,1.000127,1.065203,1.461133
0.276000,-0.000002,-0.000129,0.034797,-0.000031,-0.005645,-0.037326,-0.000000,-0.001015,1.570002,0.000000,1.000000,1.100000,0.000000,0.000000,-1.571000,0.000002,1.000129,1.065203,1.461135
0.278000,-0.000003,-0.000130,0.034797,-0.000031,-0.005645,-0.037326,-0.000000,-0.001015,1.570002,0.000000,1.000000,1.100000,0.000000,0.000000,-1.571000,0.000003,1.000130,1.065203,1.461136
0.280000,-0.000003,-0.000132,0.034797,-0.000031,-0.005645,-0.037326,-0.000000,-0.001015,1.570002,0.000000,1.000000,1.100000,0.000000,0.000000,-1.571000,0.000003,1.000132,1.065203,1.461137
0.282000,-0.000003,-0.000134,0.034797,-0.000031,-0.005645,-0.037326,-0.000000,-0.001015,1.570002,0.000000,1.000000,1.100000,0.000000,0.000000,-1.571000,0.000003,1.000134,1.065203,1.461138
0.284000,-0.000003,-0.000135,0.034797,-0.000031,-0.005645,-0.037326,-0.000000,-0.001015,1.570002,0.000000,1.000000,1.100000,0.000000,0.000000,-1.571000,0.000003,1.000135,1.065203,1.461139
0.286000,-0.000003,-0.000137,0.034797,-0.000031,-0.005645,-0.037326,-0.000000,-0.001015,1.570002,0.000000,1.000000,1.100000,0.000000,0.000000,-1.571000,0.000003,1.000137,1.065203,1.461140
0.288000,-0.000003,-0.000139,0.034797,-0.000031,-0.005645,-0.037326,-0.000000,-0.001015,1.570002,0.000000,1.000000,1.100000,0.000000,0.000000,-1.571000,0.000003,1.000139,1.065203,1.461141
0.290000,-0.000003,-0.000140,0.034797,-0.000031,-0.005645,-0.037326,-0.000000,-0.001015,1.570002,0.000000,1.000000,1.100000,0.000000,0.000000,-1.571000,0.000003,1.000140,1.065203,1.461143
0.292000,-0.000003,-0.000142,0.034797,-0.000031,-0.005645,-0.037326,-0.000000,-0.001015,1.570002,0.000000,1.000000,1.100000,0.000000,0.000000,-1.571000,0.000003,1.000142,1.065203,1.461144
0.294000,-0.000003,-0.000144,0.034797,-0.000031,-0.005645,-0.037326,-0.000000,-0.001015,1.570002,0.000000,1.000000,1.100000,0.000000,0.000000,-1.571000,0.000003,1.000144,1.065203,1.461145
0.296000,-0.000003,-0.000145,0.034797,-0.000031,-0.005645,-0.037326,-0.000000,-0.001015,1.570003,0.000000,1.000000,1.100000,0.000000,0.000000,-1.571000,0.000003,1.000145,1.065203,1.461146
0.298000,-0.000003,-0.000147,0.034797,-0.000031,-0.005645,-0.037326,-0.000000,-0.001015,1.570003,0.000000,1.000000,1.100000,0.000000,0.000000,-1.571000,0.000003,1.000147,1.065203,1.461147
0.300000,-0.000003,-0.000149,0.034797,-0.000031,-0.005645,-0.037326,-0.000000,-0.001015,1.570003,0.000000,1.000000,1.100000,0.000000,0.000000,-1.571000,0.000003,1.000149,1.065203,1.461148
0.302000,-0.000003,-0.000150,0.034797,-0.000031,-0.005645,-0.037326,-0.000000,-0.001015,1.570003,0.000000,1.000000,1.100000,0.000000,0.000000,-1.571000,0.000003,1.000150,1.065203,1.461149
0.304000,-0.000003,-0.000152,0.034797,-0.000031,-0.005645,-0.037326,-0.000000,-0.001015,1.570003,0.000000,1.000000,1.100000,0.000000,0.000000,-1.571000,0.000003,1.000152,1.065203,1.461151
0.306000,-0.000003,-0.000154,0.034797,-0.000031,-0.005645,-0.037326,-0.000000,-0.001015,1.570003,0.000000,1.000000,1.100000,0.000000,0.000000,-1.571000,0.000003,1.000154,1.065203,1.461152
0.308000,-0.000003,-0.000155,0.034797,-0.000031,-0.005645,-0.037326,-0.000000,-0.001015,1.570003,0.000000,1.000000,1.100000,0.000000,0.000000,-1.571000,0.000003,1.000155,1.065203,1.461153
0.310000,-0.000003,-0.000157,0.034797,-0.000031,-0.005645,-0.037326,-0.000000,-0.001015,1.570003,0.000000,1.000000,1.100000,0.000000,0.000000,-1.571000,0.000003,1.000157,1.065203,1.461154
0.312000,-0.000003,-0.000159,0.034797,-0.000031,-0.005645,-0.037326,-0.000000,-0.001015,1.570003,0.000000,1.000000,1.100000,0.000000,0.000000,-1.571000,0.000003,1.000159,1.065203,1.461155
0.314000,-0.000003,-0.000160,0.034797,-0.000031,-0.005645,-0.037326,-0.000000,-0.001015,1.570003,0.000000,1.000000,1.100000,0.000000,0.000000,-1.571000,0.000003,1.000160,1.065203,1.461156
0.316000,-0.000003,-0.000162,0.034797,-0.000031,-0.005645,-0.037326,-0.000000,-0.001015,1.570003,0.000000,1.000000,1.100000,0.000000,0.000000,-1.571000,0.000003,1.000162,1.065203,1.461158
0.318000,-0.000003,-0.000164,0.034797,-0.000031,-0.005645,-0.037326,-0.000000,-0.001015,1.570003,0.000000,1.000000,1.100000,0.000000,0.000000,-1.571000,0.000003,1.000164,1.065203,1.461159
0.320000,-0.000003,-0.000165,0.034797,-0.000031,-0.005645,-0.037326,-0.000000,-0.001015,1.570003,0.000000,1.000000,1.100000,0.000000,0.000000,-1.571000,0.000003,1.000165,1.065203,1.461160
0.322000,-0.000004,-0.000167,0.034797,-0.000031,-0.005645,-0.037326,-0.000000,-0.001015,1.570003,0.000000,1.000000,1.100000,0.000000,0.000000,-1.571000,0.000004,1.000167,1.065203,1.461161
0.324000,-0.000004,-0.000169,0.034797,-0.000031,-0.005645,-0.037326,-0.000000,-0.001015,1.570003,0.000000,1.000000,1.100000,0.000000,0.000000,-1.571000,0.000004,1.000169,1.065203,1.461162
0.326000,-0.000004,-0.000170,0.034797,-0.000031,-0.005645,-0.037326,-0.000000,-0.001015,1.570003,0.000000,1.000000,1.100000,0.000000,0.000000,-1.571000,0.000004,1.000170,1.065203,1.461163
0.328000,-0.000004,-0.000172,0.034797,-0.000031,-0.005645,-0.037326,-0.000000,-0.001015,1.570003,0.000000,1.000000,1.100000,0.000000,0.000000,-1.571000,0.000004,1.000172,1.065203,1.461164
0.330000,-0.000004,-0.000174,0.034797,-0.000031,-0.005645,-0.037326,-0.000000,-0.001015,1.570003,0.000000,1.000000,1.100000,0.000000,0.000000,-1.571000,0.000004,1.000174,1.065203,1.461166
0.332000,-0.000004,-0.000175,0.034797,-0.000031,-0.005645,-0.037326,-0.000000,-0.001015,1.570003,0.000000,1.000000,1.100000,0.000000,0.000000,-1.571000,0.000004,1.000175,1.065203,1.461167
0.334000,-0.000004,-0.000177,0.034797,-0.000031,-0.005645,-0.037326,-0.000000,-0.001015,1.570003,0.000000,1.000000,1.100000,0.000000,0.000000,-1.571000,0.000004,1.000177,1.065203,1.461168
0.336000,-0.000004,-0.000179,0.034797,-0.000031,-0.005645,-0.037326,-0.000000,-0.001015,1.570003,0.000000,1.000000,1.100000,0.000000,0.000000,-1.571000,0.000004,1.000179,1.065203,1.461169
0.338000,-0.000004,-0.000180,0.034797,-0.000031,-0.005645,-0.037326,-0.000000,-0.001015,1.570003,0.000000,1.000000,1.100000,0.000000,0.000000,-1.571000,0.000004,1.000180,1.065203,1.461170
0.340000,-0.000004,-0.000182,0.034797,-0.000031,-0.005645,-0.037326,-0.000000,-0.001015,1.570003,0.000000,1.000000,1.100000,0.000000,0.000000,-1.571000,0.000004,1.000182,1.065203,1.461171
0.342000,-0.000004,-0.000184,0.034797,-0.000031,-0.005645,-0.037326,-0.000000,-0.001015,1.570003,0.000000,1.000000,1.100000,0.000000,0.000000,-1.571000,0.000004,1.000184,1.065203,1.461172
0.344000,-0.000004,-0.000185,0.034797,-0.000031,-0.005645,-0.037326,-0.000000,-0.001015,1.570003,0.000000,1.000000,1.100000,0.000000,0.000000,-1.571000,0.000004,1.000185,1.065203,1.461174
0.346000,-0.000004,-0.000187,0.034797,-0.000031,-0.005645,-0.037326,-0.000000,-0.001015,1.570003,0.000000,1.000000,1.100000,0.000000,0.000000,-1.571000,0.000004,1.000187,1.065203,1.461175
0.348000,-0.000004,-0.000189,0.034797,-0.000031,-0.005645,-0.037326,-0.000000,-0.001015,1.570004,0.000000,1.000000,1.100000,0.000000,0.000000,-1.571000,0.000004,1.000189,1.065203,1.461176
0.350000,-0.000004,-0.000190,0.034797,-0.000031,-0.005645,-0.037326,-0.000000,-0.001015,1.570004,0.000000,1.000000,1.100000,0.000000,0.000000,-1.571000,0.000004,1.000190,1.065203,1.461177
0.352000,-0.000004,-0.000192,0.034797,-0.000031,-0.005645,-0.037326,-0.000000,-0.001015,1.570004,0.000000,1.000000,1.100000,0.000000,0.000000,-1.571000,0.000004,1.000192,1.065203,1.461178
0.354000,-0.000004,-0.000194,0.034797,-0.000031,-0.005645,-0.037326,-0.000000,-0.001015,1.570004,0.000000,1.000000,1.100000,0.000000,0.000000,-1.571000,0.000004,1.000194,1.065203,1.461179
0.356000,-0.000004,-0.000196,0.034797,-0.000031,-0.005645,-0.037326,-0.000000,-0.001015,1.570004,0.000000,1.000000,1.100000,0.000000,0.000000,-1.571000,0.000004,1.000196,1.065203,1.461180
0.358000,-0.000004,-0.000197,0.034797,-0.000031,-0.005645,-0.037326,-0.000000,-0.001015,1.570004,0.000000,1.000000,1.100000,0.000000,0.000000,-1.571000,0.000004,1.000197,1.065203,1.461182
0.360000,-0.000004,-0.000199,0.034797,-0.000031,-0.005645,-0.037326,-0.000000,-0.001015,1.570004,0.000000,1.000000,1.100000,0.000000,0.000000,-1.571000,0.000004,1.000199,1.065203,1.461183
0.362000,-0.000004,-0.000201,0.034797,-0.000031,-0.005645,-0.037326,-0.000000,-0.001015,1.570004,0.000000,1.000000,1.100000,0.000000,0.000000,-1.571000,0.000004,1.000201,1.065203,1.461184
0.364000,-0.000004,-0.000202,0.034797,-0.000031,-0.005645,-0.037326,-0.000000,-0.001015,1.570004,0.000000,1.000000,1.100000,0.000000,0.000000,-1.571000,0.000004,1.000202,1.065203,1.461185
0.366000,-0.000004,-0.000204,0.034797,-0.000031,-0.005645,-0.037326,-0.000000,-0.001015,1.570004,0.000000,1.000000,1.100000,0.000000,0.000000,-1.571000,0.000004,1.000204,1.065203,1.461186
0.368000,-0.000005,-0.000206,0.034797,-0.000031,-0.005645,-0.037326,-0.000000,-0.001015,1.570004,0.000000,1.000000,1.100000,0.000000,0.000000,-1.571000,0.000005,1.000206,1.065203,1.461187
0.370000,-0.000005,-0.000207,0.034797,-0.000031,-0.005645,-0.037326,-0.000000,-0.001015,1.570004,0.000000,1.000000,1.100000,0.000000,0.000000,-1.571000,0.000005,1.000207,1.065203,1.461188
0.372000,-0.000005,-0.000209,0.034797,-0.000031,-0.005645,-0.037326,-0.000000,-0.001015,1.570004,0.000000,1.000000,1.100000,0.000000,0.000000,-1.571000,0.000005,1.000209,1.065203,1.461190
0.374000,-0.000005,-0.000211,0.034797,-0.000031,-0.005645,-0.037326,-0.000000,-0.001015,1.570004,0.000000,1.000000,1.100000,0.000000,0.000000,-1.571000,0.000005,1.000211,1.065203,1.461191
0.376000,-0.000005,-0.000212,0.034797,-0.000031,-0.005645,-0.037326,-0.000000,-0.001015,1.570004,0.000000,1.000000,1.100000,0.000000,0.000000,-1.571000,0.000005,1.000212,1.065203,1.461192
0.378000,-0.000005,-0.000214,0.034797,-0.000031,-0.005645,-0.037326,-0.000000,-0.001015,1.570004,0.000000,1.000000,1.100000,0.000000,0.000000,-1.571000,0.000005,1.000214,1.065203,1.461193
0.380000,-0.000005,-0.000216,0.034797,-0.000031,-0.005645,-0.037326,-0.000000,-0.001015,1.570004,0.000000,1.000000,1.100000,0.000000,0.000000,-1.571000,0.000005,1.000216,1.065203,1.461194
0.382000,-0.000005,-0.000217,0.034797,-0.000031,-0.005645,-0.037326,-0.000000,-0.001015,1.570004,0.000000,1.000000,1.100000,0.000000,0.000000,-1.571000,0.000005,1.000217,1.065203,1.461195
0.384000,-0.000005,-0.000219,0.034797,-0.000031,-0.005645,-0.037326,-0.000000,-0.001015,1.570004,0.000000,1.000000,1.100000,0.000000,0.000000,-1.571000,0.000005,1.000219,1.065203,1.461196
0.386000,-0.000005,-0.000221,0.034797,-0.000031,-0.005645,-0.037326,-0.000000,-0.001015,1.570004,0.000000,1.000000,1.100000,0.000000,0.000000,-1.571000,0.000005,1.000221,1.065203,1.461198
0.388000,-0.000005,-0.000222,0.034797,-0.000031,-0.005645,-0.037326,-0.000000,-0.001015,1.570004,0.000000,1.000000,1.100000,0.000000,0.000000,-1.571000,0.000005,1.000222,1.065203,1.461199
0.390000,-0.000005,-0.000224,0.034797,-0.000031,-0.005645,-0.037326,-0.000000,-0.001015,1.570004,0.000000,1.000000,1.100000,0.000000,0.000000,-1.571000,0.000005,1.000224,1.065203,1.461200
0.392000,-0.000005,-0.000226,0.034797,-0.000031,-0.005645,-0.037326,-0.000000,-0.001015,1.570004,0.000000,1.000000,1.100000,0.000000,0.000000,-1.571000,0.000005,1.000226,1.065203,1.461201
0.394000,-0.000005,-0.000227,0.034797,-0.000031,-0.005645,-0.037326,-0.000000,-0.001015,1.570004,0.000000,1.000000,1.100000,0.000000,0.000000,-1.571000,0.000005,1.000227,1.065203,1.461202
0.396000,-0.000005,-0.000229,0.034797,-0.000031,-0.005645,-0.037326,-0.000000,-0.001015,1.570004,0.000000,1.000000,1.100000,0.000000,0.000000,-1.571000,0.000005,1.000229,1.065203,1.461203
0.398000,-0.000005,-0.000231,0.034797,-0.000031,-0.005645,-0.037326,-0.000000,-0.001015,1.570005,0.000000,1.000000,1.100000,0.000000,0.000000,-1.571000,0.000005,1.000231,1.065203,1.461205
0.400000,-0.000005,-0.000232,0.034797,-0.000031,-0.005645,-0.037326,-0.000000,-0.001015,1.570005,0.000000,1.000000,1.100000,0.000000,0.000000,-1.571000,0.000005,1.000232,1.065203,1.461206
0.402000,-0.000005,-0.000234,0.034797,-0.000031,-0.005645,-0.037326,-0.000000,-0.001015,1.570005,0.000000,1.000000,1.100000,0.000000,0.000000,-1.571000,0.000005,1.000234,1.065203,1.461207
0.404000,-0.000005,-0.000236,0.034797,-0.000031,-0.005645,-0.037326,-0.000000,-0.001015,1.570005,0.000000,1.000000,1.100000,0.000000,0.000000,-1.571000,0.000005,1.000236,1.065203,1.461208
0.406000,-0.000005,-0.000237,0.034797,-0.000031,-0.005645,-0.037326,-0.000000,-0.001015,1.570005,0.000000,1.000000,1.100000,0.000000,0.000000,-1.571000,0.000005,1.000237,1.065203,1.461209
0.408000,-0.000005,-0.000239,0.034797,-0.000031,-0.005645,-0.037326,-0.000000,-0.001015,1.570005,0.000000,1.000000,1.100000,0.000000,0.000000,-1.571000,0.000005,1.000239,1.065203,1.461210
0.410000,-0.000005,-0.000241,0.034797,-0.000031,-0.005645,-0.037326,-0.000000,-0.001015,1.570005,0.000000,1.000000,1.100000,0.000000,0.000000,-1.571000,0.000005,1.000241,1.065203,1.461211
0.412000,-0.000006,-0.000242,0.034797,-0.000031,-0.005645,-0.037326,-0.000000,-0.001015,1.570005,0.000000,1.000000,1.100000,0.000000,0.000000,-1.571000,0.000006,1.000242,1.065203,1.461213
0.414000,-0.000006,-0.000244,0.034797,-0.000031,-0.005645,-0.037326,-0.000000,-0.001015,1.570005,0.000000,1.000000,1.100000,0.000000,0.000000,-1.571000,0.000006,1.000244,1.065203,1.461214
0.416000,-0.000006,-0.000246,0.034797,-0.000031,-0.005645,-0.037326,-0.000000,-0.001015,1.570005,0.000000,1.000000,1.100000,0.000000,0.000000,-1.571000,0.000006,1.000246,1.065203,1.461215
0.418000,-0.000006,-0.000247,0.034797,-0.000031,-0.005645,-0.037326,-0.000000,-0.001015,1.570005,0.000000,1.000000,1.100000,0.000000,0.000000,-1.571000,0.000006,1.000247,1.065203,1.461216
0.420000,-0.000006,-0.000249,0.034797,-0.000031,-0.005645,-0.037326,-0.000000,-0.001015,1.570005,0.000000,1.000000,1.100000,0.000000,0.000000,-1.571000,0.000006,1.000249,1.065203,1.461217
0.422000,-0.000006,-0.000251,0.034797,-0.000031,-0.005645,-0.037326,-0.000000,-0.001015,1.570005,0.000000,1.000000,1.100000,0.000000,0.000000,-1.571000,0.000006,1.000251,1.065203,1.461218
0.424000,-0.000006,-0.000252,0.034797,-0.000031,-0.005645,-0.037326,-0.000000,-0.001015,1.570005,0.000000,1.000000,1.100000,0.000000,0.000000,-1.571000,0.000006,1.000252,1.065203,1.461219
0.426000,-0.000006,-0.000254,0.034797,-0.000031,-0.005645,-0.037326,-0.000000,-0.001015,1.570005,0.000000,1.000000,1.100000,0.000000,0.000000,-1.571000,0.000006,1.000254,1.065203,1.461221
0.428000,-0.000006,-0.000256,0.034797,-0.000031,-0.005645,-0.037326,-0.000000,-0.001015,1.570005,0.000000,1.000000,1.100000,0.000000,0.000000,-1.571000,0.000006,1.000256,1.065203,1.461222
0.430000,-0.000006,-0.000257,0.034797,-0.000031,-0.005645,-0.037326,-0.000000,-0.001015,1.570005,0.000000,1.000000,1.100000,0.000000,0.000000,-1.571000,0.000006,1.000257,1.065203,1.461223
0.432000,-0.000006,-0.000259,0.034797,-0.000031,-0.005645,-0.037326,-0.000000,-0.001015,1.570005,0.000000,1.000000,1.100000,0.000000,0.000000,-1.571000,0.000006,1.000259,1.065203,1.461224
0.434000,-0.000006,-0.000261,0.034797,-0.000031,-0.005645,-0.037326,-0.000000,-0.001015,1.570005,0.000000,1.000000,1.100000,0.000000,0.000000,-1.571000,0.000006,1.000261,1.065203,1.461225
0.436000,-0.000006,-0.000263,0.034797,-0.000031,-0.005645,-0.037326,-0.000000,-0.001015,1.570005,0.000000,1.000000,1.100000,0.000000,0.000000,-1.571000,0.000006,1.000263,1.065203,1.461226
0.438000,-0.000006,-0.000264,0.034797,-0.000031,-0.005645,-0.037326,-0.000000,-0.001015,1.570005,0.000000,1.000000,1.100000,0.000000,0.000000,-1.571000,0.000006,1.000264,1.065203,1.461227
0.440000,-0.000006,-0.000266,0.034797,-0.000031,-0.005645,-0.037326,-0.000000,-0.001015,1.570005,0.000000,1.000000,1.100000,0.000000,0.000000,-1.571000,0.000006,1.000266,1.065203,1.461229
0.442000,-0.000006,-0.000268,0.034797,-0.000031,-0.005645,-0.037326,-0.000000,-0.001015,1.570005,0.000000,1.000000,1.100000,0.000000,0.000000,-1.571000,0.000006,1.000268,1.065203,1.461230
0.444000,-0.000006,-0.000269,0.034797,-0.000031,-0.005645,-0.037326,-0.000000,-0.001015,1.570005,0.000000,1.000000,1.100000,0.000000,0.000000,-1.571000,0.000006,1.000269,1.065203,1.461231
0.446000,-0.000006,-0.000271,0.034797,-0.000031,-0.005645,-0.037326,-0.000000,-0.001015,1.570005,0.000000,1.000000,1.100000,0.000000,0.000000,-1.571000,0.000006,1.000271,1.065203,1.461232
0.448000,-0.000006,-0.000273,0.034797,-0.000031,-0.005645,-0.037326,-0.000000,-0.001015,1.570006,0.000000,1.000000,1.100000,0.000000,0.000000,-1.571000,0.000006,1.000273,1.065203,1.461233
0.450000,-0.000006,-0.000274,0.034797,-0.000031,-0.005645,-0.037326,-0.000000,-0.001015,1.570006,0.000000,1.000000,1.100000,0.000000,0.000000,-1.571000,0.000006,1.000274,1.065203,1.461234
0.452000,-0.000006,-0.000276,0.034797,-0.000031,-0.005645,-0.037326,-0.000000,-0.001015,1.570006,0.000000,1.000000,1.100000,0.000000,0.000000,-1.571000,0.000006,1.000276,1.065203,1.461235
0.454000,-0.000006,-0.000278,0.034797,-0.000031,-0.005645,-0.037326,-0.000000,-0.001015,1.570006,0.000000,1.000000,1.100000,0.000000,0.000000,-1.571000,0.000006,1.000278,1.065203,1.461237
0.456000,-0.000006,-0.000279,0.034797,-0.000031,-0.005645,-0.037326,-0.000000,-0.001015,1.570006,0.000000,1.000000,1.100000,0.000000,0.000000,-1.571000,0.000006,1.000279,1.065203,1.461238
0.458000,-0.000007,-0.000281,0.034797,-0.000031,-0.005645,-0.037326,-0.000000,-0.001015,1.570006,0.000000,1.000000,1.100000,0.000000,0.000000,-1.571000,0.000007,1.000281,1.065203,1.461239
0.460000,-0.000007,-0.000283,0.034797,-0.000031,-0.005645,-0.037326,-0.000000,-0.001015,1.570006,0.000000,1.000000,1.100000,0.000000,0.000000,-1.571000,0.000007,1.000283,1.065203,1.461240
0.462000,-0.000007,-0.000284,0.034797,-0.000031,-0.005645,-0.037326,-0.000000,-0.001015,1.570006,0.000000,1.000000,1.100000,0.000000,0.000000,-1.571000,0.000007,1.000284,1.065203,1.461241
0.464000,-0.000007,-0.000286,0.034797,-0.000031,-0.005645,-0.037326,-0.000000,-0.001015,1.570006,0.000000,1.000000,1.100000,0.000000,0.000000,-1.571000,0.000007,1.000286,1.065203,1.461242
0.466000,-0.000007,-0.000288,0.034797,-0.000031,-0.005645,-0.037326,-0.000000,-0.001015,1.570006,0.000000,1.000000,1.100000,0.000000,0.000000,-1.571000,0.000007,1.000288,1.065203,1.461243
0.468000,-0.000007,-0.000289,0.034797,-0.000031,-0.005645,-0.037326,-0.000000,-0.001015,1.570006,0.000000,1.000000,1.100000,0.000000,0.000000,-1.571000,0.000007,1.000289,1.065203,1.461245
0.470000,-0.000007,-0.000291,0.034797,-0.000031,-0.005645,-0.037326,-0.000000,-0.001015,1.570006,0.000000,1.000000,1.100000,0.000000,0.000000,-1.571000,0.000007,1.000291,1.065203,1.461246
0.472000,-0.000007,-0.000293,0.034797,-0.000031,-0.005645,-0.037326,-0.000000,-0.001015,1.570006,0.000000,1.000000,1.100000,0.000000,0.000000,-1.571000,0.000007,1.000293,1.065203,1.461247
0.474000,-0.000007,-0.000294,0.034797,-0.000031,-0.005645,-0.037326,-0.000000,-0.001015,1.570006,0.000000,1.000000,1.100000,0.000000,0.000000,-1.571000,0.000007,1.000294,1.065203,1.461248
0.476000,-0.000007,-0.000296,0.034797,-0.000031,-0.005645,-0.037326,-0.000000,-0.001015,1.570006,0.000000,1.000000,1.100000,0.000000,0.000000,-1.571000,0.000007,1.000296,1.065203,1.461249
0.478000,-0.000007,-0.000298,0.034797,-0.000031,-0.005645,-0.037326,-0.000000,-0.001015,1.570006,0.000000,1.000000,1.100000,0.000000,0.000000,-1.571000,0.000007,1.000298,1.065203,1.461250
0.480000,-0.000007,-0.000299,0.034797,-0.000031,-0.005645,-0.037326,-0.000000,-0.001015,1.570006,0.000000,1.000000,1.100000,0.000000,0.000000,-1.571000,0.000007,1.000299,1.065203,1.461252
0.482000,-0.000007,-0.000301,0.034797,-0.000031,-0.005645,-0.037326,-0.000000,-0.001015,1.570006,0.000000,1.000000,1.100000,0.000000,0.000000,-1.571000,0.000007,1.000301,1.065203,1.461253
0.484000,-0.000007,-0.000303,0.034797,-0.000031,-0.005645,-0.037326,-0.000000,-0.001015,1.570006,0.000000,1.000000,1.100000,0.000000,0.000000,-1.571000,0.000007,1.000303,1.065203,1.461254
0.486000,-0.000007,-0.000304,0.034797,-0.000031,-0.005645,-0.037326,-0.000000,-0.001015,1.570006,0.000000,1.000000,1.100000,0.000000,0.000000,-1.571000,0.000007,1.000304,1.065203,1.461255
0.488000,-0.000007,-0.000306,0.034797,-0.000031,-0.005645,-0.037326,-0.000000,-0.001015,1.570006,0.000000,1.000000,1.100000,0.000000,0.000000,-1.571000,0.000007,1.000306,1.065203,1.461256
0.490000,-0.000007,-0.000308,0.034797,-0.000031,-0.005645,-0.037326,-0.000000,-0.001015,1.570006,0.000000,1.000000,1.100000,0.000000,0.000000,-1.571000,0.000007,1.000308,1.065203,1.461257
0.492000,-0.000007,-0.000309,0.034797,-0.000031,-0.005645,-0.037326,-0.000000,-0.001015,1.570006,0.000000,1.000000,1.100000,0.000000,0.000000,-1.571000,0.000007,1.000309,1.065203,1.461258
0.494000,-0.000007,-0.000311,0.034797,-0.000031,-0.005645,-0.037326,-0.000000,-0.001015,1.570006,0.000000,1.000000,1.100000,0.000000,0.000000,-1.571000,0.000007,1.000311,1.065203,1.461260
0.496000,-0.000007,-0.000313,0.034797,-0.000031,-0.005645,-0.037326,-0.000000,-0.001015,1.570006,0.000000,1.000000,1.100000,0.000000,0.000000,-1.571000,0.000007,1.000313,1.065203,1.461261
0.498000,-0.000007,-0.000314,0.034797,-0.000031,-0.005645,-0.037326,-0.000000,-0.001015,1.570007,0.000000,1.000000,1.100000,0.000000,0.000000,-1.571000,0.000007,1.000314,1.065203,1.461262
0.500000,-0.000007,-0.000316,0.034797,-0.000031,-0.005645,-0.037326,-0.000000,-0.001015,1.570007,0.000000,1.000000,1.100000,0.000000,0.000000,-1.571000,0.000007,1.000316,1.065203,1.461263
0.502000,-0.000008,-0.000318,0.034797,-0.000031,-0.005645,-0.037326,-0.000000,-0.001015,1.570007,0.000000,1.000000,1.100000,0.000000,0.000000,-1.571000,0.000008,1.000318,1.065203,1.461264
0.504000,-0.000008,-0.000319,0.034797,-0.000031,-0.005645,-0.037326,-0.000000,-0.001015,1.570007,0.000000,1.000000,1.100000,0.000000,0.000000,-1.571000,0.000008,1.000319,1.065203,1.461265
0.506000,-0.000008,-0.000321,0.034797,-0.000031,-0.005645,-0.037326,-0.000000,-0.001015,1.570007,0.000000,1.000000,1.100000,0.000000,0.000000,-1.571000,0.000008,1.000321,1.065203,1.461266
0.508000,-0.000008,-0.000323,0.034797,-0.000031,-0.005645,-0.037326,-0.000000,-0.001015,1.570007,0.000000,1.000000,1.100000,0.000000,0.000000,-1.571000,0.000008,1.000323,1.065203,1.461268
0.510000,-0.000008,-0.000324,0.034797,-0.000031,-0.005645,-0.037326,-0.000000,-0.001015,1.570007,0.000000,1.000000,1.100000,0.000000,0.000000,-1.571000,0.000008,1.000324,1.065203,1.461269
0.512000,-0.000008,-0.000326,0.034797,-0.000031,-0.005645,-0.037326,-0.000000,-0.001015,1.570007,0.000000,1.000000,1.100000,0.000000,0.000000,-1.571000,0.000008,1.000326,1.065203,1.461270
0.514000,-0.000008,-0.000328,0.034797,-0.000031,-0.005645,-0.037326,-0.000000,-0.001015,1.570007,0.000000,1.000000,1.100000,0.000000,0.000000,-1.571000,0.000008,1.000328,1.065203,1.461271
0.516000,-0.000008,-0.000329,0.034797,-0.000031,-0.005645,-0.037326,-0.000000,-0.001015,1.570007,0.000000,1.000000,1.100000,0.000000,0.000000,-1.571000,0.000008,1.000329,1.065203,1.461272
0.518000,-0.000008,-0.000331,0.034797,-0.000031,-0.005645,-0.037326,-0.000000,-0.001015,1.570007,0.000000,1.000000,1.100000,0.000000,0.000000,-1.571000,0.000008,1.000331,1.065203,1.461273
0.520000,-0.000008,-0.000333,0.034797,-0.000031,-0.005645,-0.037326,-0.000000,-0.001015,1.570007,0.000000,1.000000,1.100000,0.000000,0.000000,-1.571000,0.000008,1.000333,1.065203,1.461274
0.522000,-0.000008,-0.000335,0.034797,-0.000031,-0.005645,-0.037326,-0.000000,-0.001015,1.570007,0.000000,1.000000,1.100000,0.000000,0.000000,-1.571000,0.000008,1.000335,1.065203,1.461276
0.524000,-0.000008,-0.000336,0.034797,-0.000031,-0.005645,-0.037326,-0.000000,-0.001015,1.570007,0.000000,1.000000,1.100000,0.000000,0.000000,-1.571000,0.000008,1.000336,1.065203,1.461277
0.526000,-0.000008,-0.000338,0.034797,-0.000031,-0.005645,-0.037326,-0.000000,-0.001015,1.570007,0.000000,1.000000,1.100000,0.000000,0.000000,-1.571000,0.000008,1.000338,1.065203,1.461278
0.528000,-0.000008,-0.000340,0.034797,-0.000031,-0.005645,-0.037326,-0.000000,-0.001015,1.570007,0.000000,1.000000,1.100000,0.000000,0.000000,-1.571000,0.000008,1.000340,1.065203,1.461279
0.530000,-0.000008,-0.000341,0.034797,-0.000031,-0.005645,-0.037326,-0.000000,-0.001015,1.570007,0.000000,1.000000,1.100000,0.000000,0.000000,-1.571000,0.000008,1.000341,1.065203,1.461280
0.532000,-0.000008,-0.000343,0.034797,-0.000031,-0.005645,-0.037326,-0.000000,-0.001015,1.570007,0.000000,1.000000,1.100000,0.000000,0.000000,-1.571000,0.000008,1.000343,1.065203,1.461281
0.534000,-0.000008,-0.000345,0.034797,-0.000031,-0.005645,-0.037326,-0.000000,-0.001015,1.570007,0.000000,1.000000,1.100000,0.000000,0.000000,-1.571000,0.000008,1.000345,1.065203,1.461282
0.536000,-0.000008,-0.000346,0.034797,-0.000031,-0.005645,-0.037326,-0.000000,-0.001015,1.570007,0.000000,1.000000,1.100000,0.000000,0.000000,-1.571000,0.000008,1.000346,1.065203,1.461284
0.538000,-0.000008,-0.000348,0.034797,-0.000031,-0.005645,-0.037326,-0.000000,-0.001015,1.570007,0.000000,1.000000,1.100000,0.000000,0.000000,-1.571000,0.000008,1.000348,1.065203,1.461285
0.540000,-0.000008,-0.000350,0.034797,-0.000031,-0.005645,-0.037326,-0.000000,-0.001015,1.570007,0.000000,1.000000,1.100000,0.000000,0.000000,-1.571000,0.000008,1.000350,1.065203,1.461286
0.542000,-0.000008,-0.000351,0.034797,-0.000031,-0.005645,-0.037326,-0.000000,-0.001015,1.570007,0.000000,1.000000,1.100000,0.000000,0.000000,-1.571000,0.000008,1.000351,1.065203,1.461287
0.544000,-0.000008,-0.000353,0.034797,-0.000031,-0.005645,-0.037326,-0.000000,-0.001015,1.570007,0.000000,1.000000,1.100000,0.000000,0.000000,-1.571000,0.000008,1.000353,1.065203,1.461288
0.546000,-0.000009,-0.000355,0.034797,-0.000031,-0.005645,-0.037326,-0.000000,-0.001015,1.570007,0.000000,1.000000,1.100000,0.000000,0.000000,-1.571000,0.000009,1.000355,1.065203,1.461289
0.548000,-0.000009,-0.000356,0.034797,-0.000031,-0.005645,-0.037326,-0.000000,-0.001015,1.570007,0.000000,1.000000,1.100000,0.000000,0.000000,-1.571000,0.000009,1.000356,1.065203,1.461290
0.550000,-0.000009,-0.000358,0.034797,-0.000031,-0.005645,-0.037326,-0.000000,-0.001015,1.570008,0.000000,1.000000,1.100000,0.000000,0.000000,-1.571000,0.000009,1.000358,1.065203,1.461292
0.552000,-0.000009,-0.000360,0.034797,-0.000031,-0.005645,-0.037326,-0.000000,-0.001015,1.570008,0.000000,1.000000,1.100000,0.000000,0.000000,-1.571000,0.000009,1.000360,1.065203,1.461293
0.554000,-0.000009,-0.000361,0.034797,-0.000031,-0.005645,-0.037326,-0.000000,-0.001015,1.570008,0.000000,1.000000,1.100000,0.000000,0.000000,-1.571000,0.000009,1.000361,1.065203,1.461294
0.556000,-0.000009,-0.000363,0.034797,-0.000031,-0.005645,-0.037326,-0.000000,-0.001015,1.570008,0.000000,1.000000,1.100000,0.000000,0.000000,-1.571000,0.000009,1.000363,1.065203,1.461295
0.558000,-0.000009,-0.000365,0.034797,-0.000031,-0.005645,-0.037326,-0.000000,-0.001015,1.570008,0.000000,1.000000,1.100000,0.000000,0.000000,-1.571000,0.000009,1.000365,1.065203,1.461296
0.560000,-0.000009,-0.000366,0.034797,-0.000031,-0.005645,-0.037326,-0.000000,-0.001015,1.570008,0.000000,1.000000,1.100000,0.000000,0.000000,-1.571000,0.000009,1.000366,1.065203,1.461297
0.562000,-0.000009,-0.000368,0.034797,-0.000031,-0.005645,-0.037326,-0.000000,-0.001015,1.570008,0.000000,1.000000,1.100000,0.000000,0.000000,-1.571000,0.000009,1.000368,1.065203,1.461299
0.564000,-0.000009,-0.000370,0.034797,-0.000031,-0.005645,-0.037326,-0.000000,-0.001015,1.570008,0.000000,1.000000,1.100000,0.000000,0.000000,-1.571000,0.000009,1.000370,1.065203,1.461300
0.566000,-0.000009,-0.000371,0.034797,-0.000031,-0.005645,-0.037326,-0.000000,-0.001015,1.570008,0.000000,1.000000,1.100000,0.000000,0.000000,-1.571000,0.000009,1.000371,1.065203,1.461301
0.568000,-0.000009,-0.000373,0.034797,-0.000031,-0.005645,-0.037326,-0.000000,-0.001015,1.570008,0.000000,1.000000,1.100000,0.000000,0.000000,-1.571000,0.000009,1.000373,1.065203,1.461302
0.570000,-0.000009,-0.000375,0.034797,-0.000031,-0.005645,-0.037326,-0.000000,-0.001015,1.570008,0.000000,1.000000,1.100000,0.000000,0.000000,-1.571000,0.000009,1.000375,1.065203,1.461303
0.572000,-0.000009,-0.000376,0.034797,-0.000031,-0.005645,-0.037326,-0.000000,-0.001015,1.570008,0.000000,1.000000,1.100000,0.000000,0.000000,-1.571000,0.000009,1.000376,1.065203,1.461304
0.574000,-0.000009,-0.000378,0.034797,-0.000031,-0.005645,-0.037326,-0.000000,-0.001015,1.570008,0.000000,1.000000,1.100000,0.000000,0.000000,-1.571000,0.000009,1.000378,1.065203,1.461305
0.576000,-0.000009,-0.000380,0.034797,-0.000031,-0.005645,-0.037326,-0.000000,-0.001015,1.570008,0.000000,1.000000,1.100000,0.000000,0.000000,-1.571000,0.000009,1.000380,1.065203,1.461307
0.578000,-0.000009,-0.000381,0.034797,-0.000031,-0.005645,-0.037326,-0.000000,-0.001015,1.570008,0.000000,1.000000,1.100000,0.000000,0.000000,-1.571000,0.000009,1.000381,1.065203,1.461308
0.580000,-0.000009,-0.000383,0.034797,-0.000031,-0.005645,-0.037326,-0.000000,-0.001015,1.570008,0.000000,1.000000,1.100000,0.000000,0.000000,-1.571000,0.000009,1.000383,1.065203,1.461309
0.582000,-0.000009,-0.000385,0.034797,-0.000031,-0.005645,-0.037326,-0.000000,-0.001015,1.570008,0.000000,1.000000,1.100000,0.000000,0.000000,-1.571000,0.000009,1.000385,1.065203,1.461310
0.584000,-0.000009,-0.000386,0.034797,-0.000031,-0.005645,-0.037326,-0.000000,-0.001015,1.570008,0.000000,1.000000,1.100000,0.000000,0.000000,-1.571000,0.000009,1.000386,1.065203,1.461311
0.586000,-0.000009,-0.000388,0.034797,-0.000031,-0.005645,-0.037326,-0.000000,-0.001015,1.570008,0.000000,1.000000,1.100000,0.000000,0.000000,-1.571000,0.000009,1.000388,1.065203,1.461312
0.588000,-0.000009,-0.000390,0.034797,-0.000031,-0.005645,-0.037326,-0.000000,-0.001015,1.570008,0.000000,1.000000,1.100000,0.000000,0.000000,-1.571000,0.000009,1.000390,1.065203,1.461313
0.590000,-0.000009,-0.000391,0.034797,-0.000031,-0.005645,-0.037326,-0.000000,-0.001015,1.570008,0.000000,1.000000,1.100000,0.000000,0.000000,-1.571000,0.000009,1.000391,1.065203,1.461315
0.592000,-0.000010,-0.000393,0.034797,-0.000031,-0.005645,-0.037326,-0.000000,-0.001015,1.570008,0.000000,1.000000,1.100000,0.000000,0.000000,-1.571000,0.000010,1.000393,1.065203,1.461316
0.594000,-0.000010,-0.000395,0.034797,-0.000031,-0.005645,-0.037326,-0.000000,-0.001015,1.570008,0.000000,1.000000,1.100000,0.000000,0.000000,-1.571000,0.000010,1.000395,1.065203,1.461317
0.596000,-0.000010,-0.000396,0.034797,-0.000031,-0.005645,-0.037326,-0.000000,-0.001015,1.570008,0.000000,1.000000,1.100000,0.000000,0.000000,-1.571000,0.000010,1.000396,1.065203,1.461318
0.598000,-0.000010,-0.000398,0.034797,-0.000031,-0.005645,-0.037326,-0.000000,-0.001015,1.570008,0.000000,1.000000,1.100000,0.000000,0.000000,-1.571000,0.000010,1.000398,1.065203,1.461319
0.600000,-0.000010,-0.000400,0.034797,-0.000031,-0.005645,-0.037326,-0.000000,-0.001015,1.570009,0.000000,1.000000,1.100000,0.000000,0.000000,-1.571000,0.000010,1.000400,1.065203,1.461320
0.602000,-0.000010,-0.000402,0.034797,-0.000031,-0.005645,-0.037326,-0.000000,-0.001015,1.570009,0.000000,1.000000,1.100000,0.000000,0.000000,-1.571000,0.000010,1.000402,1.065203,1.461321
0.604000,-0.000010,-0.000403,0.034797,-0.000031,-0.005645,-0.037326,-0.000000,-0.001015,1.570009,0.000000,1.000000,1.100000,0.000000,0.000000,-1.571000,0.000010,1.000403,1.065203,1.461323
0.606000,-0.000010,-0.000405,0.034797,-0.000031,-0.005645,-0.037326,-0.000000,-0.001015,1.570009,0.000000,1.000000,1.100000,0.000000,0.000000,-1.571000,0.000010,1.000405,1.065203,1.461324
0.608000,-0.000010,-0.000407,0.034797,-0.000031,-0.005645,-0.037326,-0.000000,-0.001015,1.570009,0.000000,1.000000,1.100000,0.000000,0.000000,-1.571000,0.000010,1.000407,1.065203,1.461325
0.610000,-0.000010,-0.000408,0.034797,-0.000031,-0.005645,-0.037326,-0.000000,-0.001015,1.570009,0.000000,1.000000,1.100000,0.000000,0.000000,-1.571000,0.000010,1.000408,1.065203,1.461326
0.612000,-0.000010,-0.000410,0.034797,-0.000031,-0.005645,-0.037326,-0.000000,-0.001015,1.570009,0.000000,1.000000,1.100000,0.000000,0.000000,-1.571000,0.000010,1.000410,1.065203,1.461327
0.614000,-0.000010,-0.000412,0.034797,-0.000031,-0.005645,-0.037326,-0.000000,-0.001015,1.570009,0.000000,1.000000,1.100000,0.000000,0.000000,-1.571000,0.000010,1.000412,1.065203,1.461328
0.616000,-0.000010,-0.000413,0.034797,-0.000031,-0.005645,-0.037326,-0.000000,-0.001015,1.570009,0.000000,1.000000,1.100000,0.000000,0.000000,-1.571000,0.000010,1.000413,1.065203,1.461329
0.618000,-0.000010,-0.000415,0.034797,-0.000031,-0.005645,-0.037326,-0.000000,-0.001015,1.570009,0.000000,1.000000,1.100000,0.000000,0.000000,-1.571000,0.000010,1.000415,1.065203,1.461331
0.620000,-0.000010,-0.000417,0.034797,-0.000031,-0.005645,-0.037326,-0.000000,-0.001015,1.570009,0.000000,1.000000,1.100000,0.000000,0.000000,-1.571000,0.000010,1.000417,1.065203,1.461332
0.622000,-0.000010,-0.000418,0.034797,-0.000031,-0.005645,-0.037326,-0.000000,-0.001015,1.570009,0.000000,1.000000,1.100000,0.000000,0.000000,-1.571000,0.000010,1.000418,1.065203,1.461333
0.624000,-0.000010,-0.000420,0.034797,-0.000031,-0.005645,-0.037326,-0.000000,-0.001015,1.570009,0.000000,1.000000,1.100000,0.000000,0.000000,-1.571000,0.000010,1.000420,1.065203,1.461334
0.626000,-0.000010,-0.000422,0.034797,-0.000031,-0.005645,-0.037326,-0.000000,-0.001015,1.570009,0.000000,1.000000,1.100000,0.000000,0.000000,-1.571000,0.000010,1.000422,1.065203,1.461335
0.628000,-0.000010,-0.000423,0.034797,-0.000031,-0.005645,-0.037326,-0.000000,-0.001015,1.570009,0.000000,1.000000,1.100000,0.000000,0.000000,-1.571000,0.000010,1.000423,1.065203,1.461336
0.630000,-0.000010,-0.000425,0.034797,-0.000031,-0.005645,-0.037326,-0.000000,-0.001015,1.570009,0.000000,1.000000,1.100000,0.000000,0.000000,-1.571000,0.000010,1.000425,1.065203,1.461337
0.632000,-0.000010,-0.000427,0.034797,-0.000031,-0.005645,-0.037326,-0.000000,-0.001015,1.570009,0.000000,1.000000,1.100000,0.000000,0.000000,-1.571000,0.000010,1.000427,1.065203,1.461339
0.634000,-0.000010,-0.000428,0.034797,-0.000031,-0.005645,-0.037326,-0.000000,-0.001015,1.570009,0.000000,1.000000,1.100000,0.000000,0.000000,-1.571000,0.000010,1.000428,1.065203,1.461340
0.636000,-0.000011,-0.000430,0.034797,-0.000031,-0.005645,-0.037326,-0.000000,-0.001015,1.570009,0.000000,1.000000,1.100000,0.000000,0.000000,-1.571000,0.000011,1.000430,1.065203,1.461341
0.638000,-0.000011,-0.000432,0.034797,-0.000031,-0.005645,-0.037326,-0.000000,-0.001015,1.570009,0.000000,1.000000,1.100000,0.000000,0.000000,-1.571000,0.000011,1.000432,1.065203,1.461342
0.640000,-0.000011,-0.000433,0.034797,-0.000031,-0.005645,-0.037326,-0.000000,-0.001015,1.570009,0.000000,1.000000,1.100000,0.000000,0.000000,-1.571000,0.000011,1.000433,1.065203,1.461343
0.642000,-0.000011,-0.000435,0.034797,-0.000031,-0.005645,-0.037326,-0.000000,-0.001015,1.570009,0.000000,1.000000,1.100000,0.000000,0.000000,-1.571000,0.000011,1.000435,1.065203,1.461344
0.644000,-0.000011,-0.000437,0.034797,-0.000031,-0.005645,-0.037326,-0.000000,-0.001015,1.570009,0.000000,1.000000,1.100000,0.000000,0.000000,-1.571000,0.000011,1.000437,1.065203,1.461346
0.646000,-0.000011,-0.000438,0.034797,-0.000031,-0.005645,-0.037326,-0.000000,-0.001015,1.570009,0.000000,1.000000,1.100000,0.000000,0.000000,-1.571000,0.000011,1.000438,1.065203,1.461347
0.648000,-0.000011,-0.000440,0.034797,-0.000031,-0.005645,-0.037326,-0.000000,-0.001015,1.570009,0.000000,1.000000,1.100000,0.000000,0.000000,-1.571000,0.000011,1.000440,1.065203,1.461348
0.650000,-0.000011,-0.000442,0.034797,-0.000031,-0.005645,-0.037326,-0.000000,-0.001015,1.570010,0.000000,1.000000,1.100000,0.000000,0.000000,-1.571000,0.000011,1.000442,1.065203,1.461349
0.652000,-0.000011,-0.000443,0.034797,-0.000031,-0.005645,-0.037326,-0.000000,-0.001015,1.570010,0.000000,1.000000,1.100000,0.000000,0.000000,-1.571000,0.000011,1.000443,1.065203,1.461350
0.654000,-0.000011,-0.000445,0.034797,-0.000031,-0.005645,-0.037326,-0.000000,-0.001015,1.570010,0.000000,1.000000,1.100000,0.000000,0.000000,-1.571000,0.000011,1.000445,1.065203,1.461351
0.656000,-0.000011,-0.000447,0.034797,-0.000031,-0.005645,-0.037326,-0.000000,-0.001015,1.570010,0.000000,1.000000,1.100000,0.000000,0.000000,-1.571000,0.000011,1.000447,1.065203,1.461352
0.658000,-0.000011,-0.000448,0.034797,-0.000031,-0.005645,-0.037326,-0.000000,-0.001015,1.570010,0.000000,1.000000,1.100000,0.000000,0.000000,-1.571000,0.000011,1.000448,1.065203,1.461354
0.660000,-0.000011,-0.000450,0.034797,-0.000031,-0.005645,-0.037326,-0.000000,-0.001015,1.570010,0.000000,1.000000,1.100000,0.000000,0.000000,-1.571000,0.000011,1.000450,1.065203,1.461355
0.662000,-0.000011,-0.000452,0.034797,-0.000031,-0.005645,-0.037326,-0.000000,-0.001015,1.570010,0.000000,1.000000,1.100000,0.000000,0.000000,-1.571000,0.000011,1.000452,1.065203,1.461356
0.664000,-0.000011,-0.000453,0.034797,-0.000031,-0.005645,-0.037326,-0.000000,-0.001015,1.570010,0.000000,1.000000,1.100000,0.000000,0.000000,-1.571000,0.000011,1.000453,1.065203,1.461357
0.666000,-0.000011,-0.000455,0.034797,-0.000031,-0.005645,-0.037326,-0.000000,-0.001015,1.570010,0.000000,1.000000,1.100000,0.000000,0.000000,-1.571000,0.000011,1.000455,1.065203,1.461358
0.668000,-0.000011,-0.000457,0.034797,-0.000031,-0.005645,-0.037326,-0.000000,-0.001015,1.570010,0.000000,1.000000,1.100000,0.000000,0.000000,-1.571000,0.000011,1.000457,1.065203,1.461359
0.670000,-0.000011,-0.000458,0.034797,-0.000031,-0.005645,-0.037326,-0.000000,-0.001015,1.570010,0.000000,1.000000,1.100000,0.000000,0.000000,-1.571000,0.000011,1.000458,1.065203,1.461360
0.672000,-0.000011,-0.000460,0.034797,-0.000031,-0.005645,-0.037326,-0.000000,-0.001015,1.570010,0.000000,1.000000,1.100000,0.000000,0.000000,-1.571000,0.000011,1.000460,1.065203,1.461362
0.674000,-0.000011,-0.000462,0.034797,-0.000031,-0.005645,-0.037326,-0.000000,-0.001015,1.570010,0.000000,1.000000,1.100000,0.000000,0.000000,-1.571000,0.000011,1.000462,1.065203,1.461363
0.676000,-0.000011,-0.000463,0.034797,-0.000031,-0.005645,-0.037326,-0.000000,-0.001015,1.570010,0.000000,1.000000,1.100000,0.000000,0.000000,-1.571000,0.000011,1.000463,1.065203,1.461364
0.678000,-0.000011,-0.000465,0.034797,-0.000031,-0.005645,-0.037326,-0.000000,-0.001015,1.570010,0.000000,1.000000,1.100000,0.000000,0.000000,-1.571000,0.000011,1.000465,1.065203,1.461365
0.680000,-0.000011,-0.000467,0.034797,-0.000031,-0.005645,-0.037326,-0.000000,-0.001015,1.570010,0.000000,1.000000,1.100000,0.000000,0.000000,-1.571000,0.000011,1.000467,1.065203,1.461366
0.682000,-0.000012,-0.000468,0.034797,-0.000031,-0.005645,-0.037326,-0.000000,-0.001015,1.570010,0.000000,1.000000,1.100000,0.000000,0.000000,-1.571000,0.000012,1.000468,1.065203,1.461367
0.684000,-0.000012,-0.000470,0.034797,-0.000031,-0.005645,-0.037326,-0.000000,-0.001015,1.570010,0.000000,1.000000,1.100000,0.000000,0.000000,-1.571000,0.000012,1.000470,1.065203,1.461368
0.686000,-0.000012,-0.000472,0.034797,-0.000031,-0.005645,-0.037326,-0.000000,-0.001015,1.570010,0.000000,1.000000,1.100000,0.000000,0.000000,-1.571000,0.000012,1.000472,1.065203,1.461370
0.688000,-0.000012,-0.000474,0.034797,-0.000031,-0.005645,-0.037326,-0.000000,-0.001015,1.570010,0.000000,1.000000,1.100000,0.000000,0.000000,-1.571000,0.000012,1.000474,1.065203,1.461371
0.690000,-0.000012,-0.000475,0.034797,-0.000031,-0.005645,-0.037326,-0.000000,-0.001015,1.570010,0.000000,1.000000,1.100000,0.000000,0.000000,-1.571000,0.000012,1.000475,1.065203,1.461372
0.692000,-0.000012,-0.000477,0.034797,-0.000031,-0.005645,-0.037326,-0.000000,-0.001015,1.570010,0.000000,1.000000,1.100000,0.000000,0.000000,-1.571000,0.000012,1.000477,1.065203,1.461373
0.694000,-0.000012,-0.000479,0.034797,-0.000031,-0.005645,-0.037326,-0.000000,-0.001015,1.570010,0.000000,1.000000,1.100000,0.000000,0.000000,-1.571000,0.000012,1.000479,1.065203,1.461374
0.696000,-0.000012,-0.000480,0.034797,-0.000031,-0.005645,-0.037326,-0.000000,-0.001015,1.570010,0.000000,1.000000,1.100000,0.000000,0.000000,-1.571000,0.000012,1.000480,1.065203,1.461375
0.698000,-0.000012,-0.000482,0.034797,-0.000031,-0.005645,-0.037326,-0.000000,-0.001015,1.570010,0.000000,1.000000,1.100000,0.000000,0.000000,-1.571000,0.000012,1.000482,1.065203,1.461376
0.700000,-0.000012,-0.000484,0.034797,-0.000031,-0.005645,-0.037326,-0.000000,-0.001015,1.570011,0.000000,1.000000,1.100000,0.000000,0.000000,-1.571000,0.000012,1.000484,1.065203,1.461378
0.702000,-0.000012,-0.000485,0.034797,-0.000031,-0.005645,-0.037326,-0.000000,-0.001015,1.570011,0.000000,1.000000,1.100000,0.000000,0.000000,-1.571000,0.000012,1.000485,1.065203,1.461379
0.704000,-0.000012,-0.000487,0.034797,-0.000031,-0.005645,-0.037326,-0.000000,-0.001015,1.570011,0.000000,1.000000,1.100000,0.000000,0.000000,-1.571000,0.000012,1.000487,1.065203,1.461380
0.706000,-0.000012,-0.000489,0.034797,-0.000031,-0.005645,-0.037326,-0.000000,-0.001015,1.570011,0.000000,1.000000,1.100000,0.000000,0.000000,-1.571000,0.000012,1.000489,1.065203,1.461381
0.708000,-0.000012,-0.000490,0.034797,-0.000031,-0.005645,-0.037326,-0.000000,-0.001015,1.570011,0.000000,1.000000,1.100000,0.000000,0.000000,-1.571000,0.000012,1.000490,1.065203,1.461382
0.710000,-0.000012,-0.000492,0.034797,-0.000031,-0.005645,-0.037326,-0.000000,-0.001015,1.570011,0.000000,1.000000,1.100000,0.000000,0.000000,-1.571000,0.000012,1.000492,1.065203,1.461383
0.712000,-0.000012,-0.000494,0.034797,-0.000031,-0.005645,-0.037326,-0.000000,-0.001015,1.570011,0.000000,1.000000,1.100000,0.000000,0.000000,-1.571000,0.000012,1.000494,1.065203,1.461385
0.714000,-0.000012,-0.000495,0.034797,-0.000031,-0.005645,-0.037326,-0.000000,-0.001015,1.570011,0.000000,1.000000,1.100000,0.000000,0.000000,-1.571000,0.000012,1.000495,1.065203,1.461386
0.716000,-0.000012,-0.000497,0.034797,-0.000031,-0.005645,-0.037326,-0.000000,-0.001015,1.570011,0.000000,1.000000,1.100000,0.000000,0.000000,-1.571000,0.000012,1.000497,1.065203,1.461387
0.718000,-0.000012,-0.000499,0.034797,-0.000031,-0.005645,-0.037326,-0.000000,-0.001015,1.570011,0.000000,1.000000,1.100000,0.000000,0.000000,-1.571000,0.000012,1.000499,1.065203,1.461388
0.720000,-0.000012,-0.000500,0.034797,-0.000031,-0.005645,-0.037326,-0.000000,-0.001015,1.570011,0.000000,1.000000,1.100000,0.000000,0.000000,-1.571000,0.000012,1.000500,1.065203,1.461389
0.722000,-0.000012,-0.000502,0.034797,-0.000031,-0.005645,-0.037326,-0.000000,-0.001015,1.570011,0.000000,1.000000,1.100000,0.000000,0.000000,-1.571000,0.000012,1.000502,1.065203,1.461390
0.724000,-0.000012,-0.000504,0.034797,-0.000031,-0.005645,-0.037326,-0.000000,-0.001015,1.570011,0.000000,1.000000,1.100000,0.000000,0.000000,-1.571000,0.000012,1.000504,1.065203,1.461391
0.726000,-0.000013,-0.000505,0.034797,-0.000031,-0.005645,-0.037326,-0.000000,-0.001015,1.570011,0.000000,1.000000,1.100000,0.000000,0.000000,-1.571000,0.000013,1.000505,1.065203,1.461393
0.728000,-0.000013,-0.000507,0.034797,-0.000031,-0.005645,-0.037326,-0.000000,-0.001015,1.570011,0.000000,1.000000,1.100000,0.000000,0.000000,-1.571000,0.000013,1.000507,1.065203,1.461394
0.730000,-0.000013,-0.000509,0.034797,-0.000031,-0.005645,-0.037326,-0.000000,-0.001015,1.570011,0.000000,1.000000,1.100000,0.000000,0.000000,-1.571000,0.000013,1.000509,1.065203,1.461395
0.732000,-0.000013,-0.000510,0.034797,-0.000031,-0.005645,-0.037326,-0.000000,-0.001015,1.570011,0.000000,1.000000,1.100000,0.000000,0.000000,-1.571000,0.000013,1.000510,1.065203,1.461396
0.734000,-0.000013,-0.000512,0.034797,-0.000031,-0.005645,-0.037326,-0.000000,-0.001015,1.570011,0.000000,1.000000,1.100000,0.000000,0.000000,-1.571000,0.000013,1.000512,1.065203,1.461397
0.736000,-0.000013,-0.000514,0.034797,-0.000031,-0.005645,-0.037326,-0.000000,-0.001015,1.570011,0.000000,1.000000,1.100000,0.000000,0.000000,-1.571000,0.000013,1.000514,1.065203,1.461398
0.738000,-0.000013,-0.000515,0.034797,-0.000031,-0.005645,-0.037326,-0.000000,-0.001015,1.570011,0.000000,1.000000,1.100000,0.000000,0.000000,-1.571000,0.000013,1.000515,1.065203,1.461399
0.740000,-0.000013,-0.000517,0.034797,-0.000031,-0.005645,-0.037326,-0.000000,-0.001015,1.570011,0.000000,1.000000,1.100000,0.000000,0.000000,-1.571000,0.000013,1.000517,1.065203,1.461401
0.742000,-0.000013,-0.000519,0.034797,-0.000031,-0.005645,-0.037326,-0.000000,-0.001015,1.570011,0.000000,1.000000,1.100000,0.000000,0.000000,-1.571000,0.000013,1.000519,1.065203,1.461402
0.744000,-0.000013,-0.000520,0.034797,-0.000031,-0.005645,-0.037326,-0.000000,-0.001015,1.570011,0.000000,1.000000,1.100000,0.000000,0.000000,-1.571000,0.000013,1.000520,1.065203,1.461403
0.746000,-0.000013,-0.000522,0.034797,-0.000031,-0.005645,-0.037326,-0.000000,-0.001015,1.570011,0.000000,1.000000,1.100000,0.000000,0.000000,-1.571000,0.000013,1.000522,1.065203,1.461404
0.748000,-0.000013,-0.000524,0.034797,-0.000031,-0.005645,-0.037326,-0.000000,-0.001015,1.570011,0.000000,1.000000,1.100000,0.000000,0.000000,-1.571000,0.000013,1.000524,1.065203,1.461405
0.750000,-0.000013,-0.000525,0.034797,-0.000031,-0.005645,-0.037326,-0.000000,-0.001015,1.570011,0.000000,1.000000,1.100000,0.000000,0.000000,-1.571000,0.000013,1.000525,1.065203,1.461406
0.752000,-0.000013,-0.000527,0.034797,-0.000031,-0.005645,-0.037326,-0.000000,-0.001015,1.570012,0.000000,1.000000,1.100000,0.000000,0.000000,-1.571000,0.000013,1.000527,1.065203,1.461407
0.754000,-0.000013,-0.000529,0.034797,-0.000031,-0.005645,-0.037326,-0.000000,-0.001015,1.570012,0.000000,1.000000,1.100000,0.000000,0.000000,-1.571000,0.000013,1.000529,1.065203,1.461409
0.756000,-0.000013,-0.000530,0.034797,-0.000031,-0.005645,-0.037326,-0.000000,-0.001015,1.570012,0.000000,1.000000,1.100000,0.000000,0.000000,-1.571000,0.000013,1.000530,1.065203,1.461410
0.758000,-0.000013,-0.000532,0.034797,-0.000031,-0.005645,-0.037326,-0.000000,-0.001015,1.570012,0.000000,1.000000,1.100000,0.000000,0.000000,-1.571000,0.000013,1.000532,1.065203,1.461411
0.760000,-0.000013,-0.000534,0.034797,-0.000031,-0.005645,-0.037326,-0.000000,-0.001015,1.570012,0.000000,1.000000,1.100000,0.000000,0.000000,-1.571000,0.000013,1.000534,1.065203,1.461412
0.762000,-0.000013,-0.000535,0.034797,-0.000031,-0.005645,-0.037326,-0.000000,-0.001015,1.570012,0.000000,1.000000,1.100000,0.000000,0.000000,-1.571000,0.000013,1.000535,1.065203,1.461413
0.764000,-0.000013,-0.000537,0.034797,-0.000031,-0.005645,-0.037326,-0.000000,-0.001015,1.570012,0.000000,1.000000,1.100000,0.000000,0.000000,-1.571000,0.000013,1.000537,1.065203,1.461414
0.766000,-0.000013,-0.000539,0.034797,-0.000031,-0.005645,-0.037326,-0.000000,-0.001015,1.570012,0.000000,1.000000,1.100000,0.000000,0.000000,-1.571000,0.000013,1.000539,1.065203,1.461415
0.768000,-0.000013,-0.000541,0.034797,-0.000031,-0.005645,-0.037326,-0.000000,-0.001015,1.570012,0.000000,1.000000,1.100000,0.000000,0.000000,-1.571000,0.000013,1.000541,1.065203,1.461417
0.770000,-0.000014,-0.000542,0.034797,-0.000031,-0.005645,-0.037326,-0.000000,-0.001015,1.570012,0.000000,1.000000,1.100000,0.000000,0.000000,-1.571000,0.000014,1.000542,1.065203,1.461418
0.772000,-0.000014,-0.000544,0.034797,-0.000031,-0.005645,-0.037326,-0.000000,-0.001015,1.570012,0.000000,1.000000,1.100000,0.000000,0.000000,-1.571000,0.000014,1.000544,1.065203,1.461419
0.774000,-0.000014,-0.000546,0.034797,-0.000031,-0.005645,-0.037326,-0.000000,-0.001015,1.570012,0.000000,1.000000,1.100000,0.000000,0.000000,-1.571000,0.000014,1.000546,1.065203,1.461420
0.776000,-0.000014,-0.000547,0.034797,-0.000031,-0.005645,-0.037326,-0.000000,-0.001015,1.570012,0.000000,1.000000,1.100000,0.000000,0.000000,-1.571000,0.000014,1.000547,1.065203,1.461421
0.778000,-0.000014,-0.000549,0.034797,-0.000031,-0.005645,-0.037326,-0.000000,-0.001015,1.570012,0.000000,1.000000,1.100000,0.000000,0.000000,-1.571000,0.000014,1.000549,1.065203,1.461422
0.780000,-0.000014,-0.000551,0.034797,-0.000031,-0.005645,-0.037326,-0.000000,-0.001015,1.570012,0.000000,1.000000,1.100000,0.000000,0.000000,-1.571000,0.000014,1.000551,1.065203,1.461423
0.782000,-0.000014,-0.000552,0.034797,-0.000031,-0.005645,-0.037326,-0.000000,-0.001015,1.570012,0.000000,1.000000,1.100000,0.000000,0.000000,-1.571000,0.000014,1.000552,1.065203,1.461425
0.784000,-0.000014,-0.000554,0.034797,-0.000031,-0.005645,-0.037326,-0.000000,-0.001015,1.570012,0.000000,1.000000,1.100000,0.000000,0.000000,-1.571000,0.000014,1.000554,1.065203,1.461426
0.786000,-0.000014,-0.000556,0.034797,-0.000031,-0.005645,-0.037326,-0.000000,-0.001015,1.570012,0.000000,1.000000,1.100000,0.000000,0.000000,-1.571000,0.000014,1.000556,1.065203,1.461427
0.788000,-0.000014,-0.000557,0.034797,-0.000031,-0.005645,-0.037326,-0.000000,-0.001015,1.570012,0.000000,1.000000,1.100000,0.000000,0.000000,-1.571000,0.000014,1.000557,1.065203,1.461428
0.790000,-0.000014,-0.000559,0.034797,-0.000031,-0.005645,-0.037326,-0.000000,-0.001015,1.570012,0.000000,1.000000,1.100000,0.000000,0.000000,-1.571000,0.000014,1.000559,1.065203,1.461429
0.792000,-0.000014,-0.000561,0.034797,-0.000031,-0.005645,-0.037326,-0.000000,-0.001015,1.570012,0.000000,1.000000,1.100000,0.000000,0.000000,-1.571000,0.000014,1.000561,1.065203,1.461430
0.794000,-0.000014,-0.000562,0.034797,-0.000031,-0.005645,-0.037326,-0.000000,-0.001015,1.570012,0.000000,1.000000,1.100000,0.000000,0.000000,-1.571000,0.000014,1.000562,1.065203,1.461432
0.796000,-0.000014,-0.000564,0.034797,-0.000031,-0.005645,-0.037326,-0.000000,-0.001015,1.570012,0.000000,1.000000,1.100000,0.000000,0.000000,-1.571000,0.000014,1.000564,1.065203,1.461433
0.798000,-0.000014,-0.000566,0.034797,-0.000031,-0.005645,-0.037326,-0.000000,-0.001015,1.570012,0.000000,1.000000,1.100000,0.000000,0.000000,-1.571000,0.000014,1.000566,1.065203,1.461434
0.800000,-0.000014,-0.000567,0.034797,-0.000031,-0.005645,-0.037326,-0.000000,-0.001015,1.570012,0.000000,1.000000,1.100000,0.000000,0.000000,-1.571000,0.000014,1.000567,1.065203,1.461435
0.802000,-0.000014,-0.000569,0.034797,-0.000031,-0.005645,-0.037326,-0.000000,-0.001015,1.570013,0.000000,1.000000,1.100000,0.000000,0.000000,-1.571000,0.000014,1.000569,1.065203,1.461436
0.804000,-0.000014,-0.000571,0.034797,-0.000031,-0.005645,-0.037326,-0.000000,-0.001015,1.570013,0.000000,1.000000,1.100000,0.000000,0.000000,-1.571000,0.000014,1.000571,1.065203,1.461437
0.806000,-0.000014,-0.000572,0.034797,-0.000031,-0.005645,-0.037326,-0.000000,-0.001015,1.570013,0.000000,1.000000,1.100000,0.000000,0.000000,-1.571000,0.000014,1.000572,1.065203,1.461438
0.808000,-0.000014,-0.000574,0.034797,-0.000031,-0.005645,-0.037326,-0.000000,-0.001015,1.570013,0.000000,1.000000,1.100000,0.000000,0.000000,-1.571000,0.000014,1.000574,1.065203,1.461440
0.810000,-0.000014,-0.000576,0.034797,-0.000031,-0.005645,-0.037326,-0.000000,-0.001015,1.570013,0.000000,1.000000,1.100000,0.000000,0.000000,-1.571000,0.000014,1.000576,1.065203,1.461441
0.812000,-0.000014,-0.000577,0.034797,-0.000031,-0.005645,-0.037326,-0.000000,-0.001015,1.570013,0.000000,1.000000,1.100000,0.000000,0.000000,-1.571000,0.000014,1.000577,1.065203,1.461442
0.814000,-0.000014,-0.000579,0.034797,-0.000031,-0.005645,-0.037326,-0.000000,-0.001015,1.570013,0.000000,1.000000,1.100000,0.000000,0.000000,-1.571000,0.000014,1.000579,1.065203,1.461443
0.816000,-0.000015,-0.000581,0.034797,-0.000031,-0.005645,-0.037326,-0.000000,-0.001015,1.570013,0.000000,1.000000,1.100000,0.000000,0.000000,-1.571000,0.000015,1.000581,1.065203,1.461444
0.818000,-0.000015,-0.000582,0.034797,-0.000031,-0.005645,-0.037326,-0.000000,-0.001015,1.570013,0.000000,1.000000,1.100000,0.000000,0.000000,-1.571000,0.000015,1.000582,1.065203,1.461445
0.820000,-0.000015,-0.000584,0.034797,-0.000031,-0.005645,-0.037326,-0.000000,-0.001015,1.570013,0.000000,1.000000,1.100000,0.000000,0.000000,-1.571000,0.000015,1.000584,1.065203,1.461446
0.822000,-0.000015,-0.000586,0.034797,-0.000031,-0.005645,-0.037326,-0.000000,-0.001015,1.570013,0.000000,1.000000,1.100000,0.000000,0.000000,-1.571000,0.000015,1.000586,1.065203,1.461448
0.824000,-0.000015,-0.000587,0.034797,-0.000031,-0.005645,-0.037326,-0.000000,-0.001015,1.570013,0.000000,1.000000,1.100000,0.000000,0.000000,-1.571000,0.000015,1.000587,1.065203,1.461449
0.826000,-0.000015,-0.000589,0.034797,-0.000031,-0.005645,-0.037326,-0.000000,-0.001015,1.570013,0.000000,1.000000,1.100000,0.000000,0.000000,-1.571000,0.000015,1.000589,1.065203,1.461450
0.828000,-0.000015,-0.000591,0.034797,-0.000031,-0.005645,-0.037326,-0.000000,-0.001015,1.570013,0.000000,1.000000,1.100000,0.000000,0.000000,-1.571000,0.000015,1.000591,1.065203,1.461451
0.830000,-0.000015,-0.000592,0.034797,-0.000031,-0.005645,-0.037326,-0.000000,-0.001015,1.570013,0.000000,1.000000,1.100000,0.000000,0.000000,-1.571000,0.000015,1.000592,1.065203,1.461452
0.832000,-0.000015,-0.000594,0.034797,-0.000031,-0.005645,-0.037326,-0.000000,-0.001015,1.570013,0.000000,1.000000,1.100000,0.000000,0.000000,-1.571000,0.000015,1.000594,1.065203,1.461453
0.834000,-0.000015,-0.000596,0.034797,-0.000031,-0.005645,-0.037326,-0.000000,-0.001015,1.570013,0.000000,1.000000,1.100000,0.000000,0.000000,-1.571000,0.000015,1.000596,1.065203,1.461454
0.836000,-0.000015,-0.000597,0.034797,-0.000031,-0.005645,-0.037326,-0.000000,-0.001015,1.570013,0.000000,1.000000,1.100000,0.000000,0.000000,-1.571000,0.000015,1.000597,1.065203,1.461456
0.838000,-0.000015,-0.000599,0.034797,-0.000031,-0.005645,-0.037326,-0.000000,-0.001015,1.570013,0.000000,1.000000,1.100000,0.000000,0.000000,-1.571000,0.000015,1.000599,1.065203,1.461457
0.840000,-0.000015,-0.000601,0.034797,-0.000031,-0.005645,-0.037326,-0.000000,-0.001015,1.570013,0.000000,1.000000,1.100000,0.000000,0.000000,-1.571000,0.000015,1.000601,1.065203,1.461458
0.842000,-0.000015,-0.000602,0.034797,-0.000031,-0.005645,-0.037326,-0.000000,-0.001015,1.570013,0.000000,1.000000,1.100000,0.000000,0.000000,-1.571000,0.000015,1.000602,1.065203,1.461459
0.844000,-0.000015,-0.000604,0.034797,-0.000031,-0.005645,-0.037326,-0.000000,-0.001015,1.570013,0.000000,1.000000,1.100000,0.000000,0.000000,-1.571000,0.000015,1.000604,1.065203,1.461460
0.846000,-0.000015,-0.000606,0.034797,-0.000031,-0.005645,-0.037326,-0.000000,-0.001015,1.570013,0.000000,1.000000,1.100000,0.000000,0.000000,-1.571000,0.000015,1.000606,1.065203,1.461461
0.848000,-0.000015,-0.000607,0.034797,-0.000031,-0.005645,-0.037326,-0.000000,-0.001015,1.570013,0.000000,1.000000,1.100000,0.000000,0.000000,-1.571000,0.000015,1.000607,1.065203,1.461462
0.850000,-0.000015,-0.000609,0.034797,-0.000031,-0.005645,-0.037326,-0.000000,-0.001015,1.570013,0.000000,1.000000,1.100000,0.000000,0.000000,-1.571000,0.000015,1.000609,1.065203,1.461464
0.852000,-0.000015,-0.000611,0.034797,-0.000031,-0.005645,-0.037326,-0.000000,-0.001015,1.570014,0.000000,1.000000,1.100000,0.000000,0.000000,-1.571000,0.000015,1.000611,1.065203,1.461465
0.854000,-0.000015,-0.000613,0.034797,-0.000031,-0.005645,-0.037326,-0.000000,-0.001015,1.570014,0.000000,1.000000,1.100000,0.000000,0.000000,-1.571000,0.000015,1.000613,1.065203,1.461466
0.856000,-0.000015,-0.000614,0.034797,-0.000031,-0.005645,-0.037326,-0.000000,-0.001015,1.570014,0.000000,1.000000,1.100000,0.000000,0.000000,-1.571000,0.000015,1.000614,1.065203,1.461467
0.858000,-0.000015,-0.000616,0.034797,-0.000031,-0.005645,-0.037326,-0.000000,-0.001015,1.570014,0.000000,1.000000,1.100000,0.000000,0.000000,-1.571000,0.000015,1.000616,1.065203,1.461468
0.860000,-0.000016,-0.000618,0.034797,-0.000031,-0.005645,-0.037326,-0.000000,-0.001015,1.570014,0.000000,1.000000,1.100000,0.000000,0.000000,-1.571000,0.000016,1.000618,1.065203,1.461469
0.862000,-0.000016,-0.000619,0.034797,-0.000031,-0.005645,-0.037326,-0.000000,-0.001015,1.570014,0.000000,1.000000,1.100000,0.000000,0.000000,-1.571000,0.000016,1.000619,1.065203,1.461470
0.864000,-0.000016,-0.000621,0.034797,-0.000031,-0.005645,-0.037326,-0.000000,-0.001015,1.570014,0.000000,1.000000,1.100000,0.000000,0.000000,-1.571000,0.000016,1.000621,1.065203,1.461472
0.866000,-0.000016,-0.000623,0.034797,-0.000031,-0.005645,-0.037326,-0.000000,-0.001015,1.570014,0.000000,1.000000,1.100000,0.000000,0.000000,-1.571000,0.000016,1.000623,1.065203,1.461473
0.868000,-0.000016,-0.000624,0.034797,-0.000031,-0.005645,-0.037326,-0.000000,-0.001015,1.570014,0.000000,1.000000,1.100000,0.000000,0.000000,-1.571000,0.000016,1.000624,1.065203,1.461474
0.870000,-0.000016,-0.000626,0.034797,-0.000031,-0.005645,-0.037326,-0.000000,-0.001015,1.570014,0.000000,1.000000,1.100000,0.000000,0.000000,-1.571000,0.000016,1.000626,1.065203,1.461475
0.872000,-0.000016,-0.000628,0.034797,-0.000031,-0.005645,-0.037326,-0.000000,-0.001015,1.570014,0.000000,1.000000,1.100000,0.000000,0.000000,-1.571000,0.000016,1.000628,1.065203,1.461476
0.874000,-0.000016,-0.000629,0.034797,-0.000031,-0.005645,-0.037326,-0.000000,-0.001015,1.570014,0.000000,1.000000,1.100000,0.000000,0.000000,-1.571000,0.000016,1.000629,1.065203,1.461477
0.876000,-0.000016,-0.000631,0.034797,-0.000031,-0.005645,-0.037326,-0.000000,-0.001015,1.570014,0.000000,1.000000,1.100000,0.000000,0.000000,-1.571000,0.000016,1.000631,1.065203,1.461479
0.878000,-0.000016,-0.000633,0.034797,-0.000031,-0.005645,-0.037326,-0.000000,-0.001015,1.570014,0.000000,1.000000,1.100000,0.000000,0.000000,-1.571000,0.000016,1.000633,1.065203,1.461480
0.880000,-0.000016,-0.000634,0.034797,-0.000031,-0.005645,-0.037326,-0.000000,-0.001015,1.570014,0.000000,1.000000,1.100000,0.000000,0.000000,-1.571000,0.000016,1.000634,1.065203,1.461481
0.882000,-0.000016,-0.000636,0.034797,-0.000031,-0.005645,-0.037326,-0.000000,-0.001015,1.570014,0.000000,1.000000,1.100000,0.000000,0.000000,-1.571000,0.000016,1.000636,1.065203,1.461482
0.884000,-0.000016,-0.000638,0.034797,-0.000031,-0.005645,-0.037326,-0.000000,-0.001015,1.570014,0.000000,1.000000,1.100000,0.000000,0.000000,-1.571000,0.000016,1.000638,1.065203,1.461483
0.886000,-0.000016,-0.000639,0.034797,-0.000031,-0.005645,-0.037326,-0.000000,-0.001015,1.570014,0.000000,1.000000,1.100000,0.000000,0.000000,-1.571000,0.000016,1.000639,1.065203,1.461484
0.888000,-0.000016,-0.000641,0.034797,-0.000031,-0.005645,-0.037326,-0.000000,-0.001015,1.570014,0.000000,1.000000,1.100000,0.000000,0.000000,-1.571000,0.000016,1.000641,1.065203,1.461485
0.890000,-0.000016,-0.000643,0.034797,-0.000031,-0.005645,-0.037326,-0.000000,-0.001015,1.570014,0.000000,1.000000,1.100000,0.000000,0.000000,-1.571000,0.000016,1.000643,1.065203,1.461487
0.892000,-0.000016,-0.000644,0.034797,-0.000031,-0.005645,-0.037326,-0.000000,-0.001015,1.570014,0.000000,1.000000,1.100000,0.000000,0.000000,-1.571000,0.000016,1.000644,1.065203,1.461488
0.894000,-0.000016,-0.000646,0.034797,-0.000031,-0.005645,-0.037326,-0.000000,-0.001015,1.570014,0.000000,1.000000,1.100000,0.000000,0.000000,-1.571000,0.000016,1.000646,1.065203,1.461489
0.896000,-0.000016,-0.000648,0.034797,-0.000031,-0.005645,-0.037326,-0.000000,-0.001015,1.570014,0.000000,1.000000,1.100000,0.000000,0.000000,-1.571000,0.000016,1.000648,1.065203,1.461490
0.898000,-0.000016,-0.000649,0.034797,-0.000031,-0.005645,-0.037326,-0.000000,-0.001015,1.570014,0.000000,1.000000,1.100000,0.000000,0.000000,-1.571000,0.000016,1.000649,1.065203,1.461491
0.900000,-0.000016,-0.000651,0.034797,-0.000031,-0.005645,-0.037326,-0.000000,-0.001015,1.570014,0.000000,1.000000,1.100000,0.000000,0.000000,-1.571000,0.000016,1.000651,1.065203,1.461492
0.902000,-0.000016,-0.000653,0.034797,-0.000031,-0.005645,-0.037326,-0.000000,-0.001015,1.570015,0.000000,1.000000,1.100000,0.000000,0.000000,-1.571000,0.000016,1.000653,1.065203,1.461493
0.904000,-0.000016,-0.000654,0.034797,-0.000031,-0.005645,-0.037326,-0.000000,-0.001015,1.570015,0.000000,1.000000,1.100000,0.000000,0.000000,-1.571000,0.000016,1.000654,1.065203,1.461495
0.906000,-0.000017,-0.000656,0.034797,-0.000031,-0.005645,-0.037326,-0.000000,-0.001015,1.570015,0.000000,1.000000,1.100000,0.000000,0.000000,-1.571000,0.000017,1.000656,1.065203,1.461496
0.908000,-0.000017,-0.000658,0.034797,-0.000031,-0.005645,-0.037326,-0.000000,-0.001015,1.570015,0.000000,1.000000,1.100000,0.000000,0.000000,-1.571000,0.000017,1.000658,1.065203,1.461497
0.910000,-0.000017,-0.000659,0.034797,-0.000031,-0.005645,-0.037326,-0.000000,-0.001015,1.570015,0.000000,1.000000,1.100000,0.000000,0.000000,-1.571000,0.000017,1.000659,1.065203,1.461498
0.912000,-0.000017,-0.000661,0.034797,-0.000031,-0.005645,-0.037326,-0.000000,-0.001015,1.570015,0.000000,1.000000,1.100000,0.000000,0.000000,-1.571000,0.000017,1.000661,1.065203,1.461499
0.914000,-0.000017,-0.000663,0.034797,-0.000031,-0.005645,-0.037326,-0.000000,-0.001015,1.570015,0.000000,1.000000,1.100000,0.000000,0.000000,-1.571000,0.000017,1.000663,1.065203,1.461500
0.916000,-0.000017,-0.000664,0.034797,-0.000031,-0.005645,-0.037326,-0.000000,-0.001015,1.570015,0.000000,1.000000,1.100000,0.000000,0.000000,-1.571000,0.000017,1.000664,1.065203,1.461501
0.918000,-0.000017,-0.000666,0.034797,-0.000031,-0.005645,-0.037326,-0.000000,-0.001015,1.570015,0.000000,1.000000,1.100000,0.000000,0.000000,-1.571000,0.000017,1.000666,1.065203,1.461503
0.920000,-0.000017,-0.000668,0.034797,-0.000031,-0.005645,-0.037326,-0.000000,-0.001015,1.570015,0.000000,1.000000,1.100000,0.000000,0.000000,-1.571000,0.000017,1.000668,1.065203,1.461504
0.922000,-0.000017,-0.000669,0.034797,-0.000031,-0.005645,-0.037326,-0.000000,-0.001015,1.570015,0.000000,1.000000,1.100000,0.000000,0.000000,-1.571000,0.000017,1.000669,1.065203,1.461505
0.924000,-0.000017,-0.000671,0.034797,-0.000031,-0.005645,-0.037326,-0.000000,-0.001015,1.570015,0.000000,1.000000,1.100000,0.000000,0.000000,-1.571000,0.000017,1.000671,1.065203,1.461506
0.926000,-0.000017,-0.000673,0.034797,-0.000031,-0.005645,-0.037326,-0.000000,-0.001015,1.570015,0.000000,1.000000,1.100000,0.000000,0.000000,-1.571000,0.000017,1.000673,1.065203,1.461507
0.928000,-0.000017,-0.000674,0.034797,-0.000031,-0.005645,-0.037326,-0.000000,-0.001015,1.570015,0.000000,1.000000,1.100000,0.000000,0.000000,-1.571000,0.000017,1.000674,1.065203,1.461508
0.930000,-0.000017,-0.000676,0.034797,-0.000031,-0.005645,-0.037326,-0.000000,-0.001015,1.570015,0.000000,1.000000,1.100000,0.000000,0.000000,-1.571000,0.000017,1.000676,1.065203,1.461509
0.932000,-0.000017,-0.000678,0.034797,-0.000031,-0.005645,-0.037326,-0.000000,-0.001015,1.570015,0.000000,1.000000,1.100000,0.000000,0.000000,-1.571000,0.000017,1.000678,1.065203,1.461511
0.934000,-0.000017,-0.000680,0.034797,-0.000031,-0.005645,-0.037326,-0.000000,-0.001015,1.570015,0.000000,1.000000,1.100000,0.000000,0.000000,-1.571000,0.000017,1.000680,1.065203,1.461512
0.936000,-0.000017,-0.000681,0.034797,-0.000031,-0.005645,-0.037326,-0.000000,-0.001015,1.570015,0.000000,1.000000,1.100000,0.000000,0.000000,-1.571000,0.000017,1.000681,1.065203,1.461513
0.938000,-0.000017,-0.000683,0.034797,-0.000031,-0.005645,-0.037326,-0.000000,-0.001015,1.570015,0.000000,1.000000,1.100000,0.000000,0.000000,-1.571000,0.000017,1.000683,1.065203,1.461514
0.940000,-0.000017,-0.000685,0.034797,-0.000031,-0.005645,-0.037326,-0.000000,-0.001015,1.570015,0.000000,1.000000,1.100000,0.000000,0.000000,-1.571000,0.000017,1.000685,1.065203,1.461515
0.942000,-0.000017,-0.000686,0.034797,-0.000031,-0.005645,-0.037326,-0.000000,-0.001015,1.570015,0.000000,1.000000,1.100000,0.000000,0.000000,-1.571000,0.000017,1.000686,1.065203,1.461516
0.944000,-0.000017,-0.000688,0.034797,-0.000031,-0.005645,-0.037326,-0.000000,-0.001015,1.570015,0.000000,1.000000,1.100000,0.000000,0.000000,-1.571000,0.000017,1.000688,1.065203,1.461518
0.946000,-0.000017,-0.000690,0.034797,-0.000031,-0.005645,-0.037326,-0.000000,-0.001015,1.570015,0.000000,1.000000,1.100000,0.000000,0.000000,-1.571000,0.000017,1.000690,1.065203,1.461519
0.948000,-0.000017,-0.000691,0.034797,-0.000031,-0.005645,-0.037326,-0.000000,-0.001015,1.570015,0.000000,1.000000,1.100000,0.000000,0.000000,-1.571000,0.000017,1.000691,1.065203,1.461520
0.950000,-0.000018,-0.000693,0.034797,-0.000031,-0.005645,-0.037326,-0.000000,-0.001015,1.570015,0.000000,1.000000,1.100000,0.000000,0.000000,-1.571000,0.000018,1.000693,1.065203,1.461521
0.952000,-0.000018,-0.000695,0.034797,-0.000031,-0.005645,-0.037326,-0.000000,-0.001015,1.570016,0.000000,1.000000,1.100000,0.000000,0.000000,-1.571000,0.000018,1.000695,1.065203,1.461522
0.954000,-0.000018,-0.000696,0.034797,-0.000031,-0.005645,-0.037326,-0.000000,-0.001015,1.570016,0.000000,1.000000,1.100000,0.000000,0.000000,-1.571000,0.000018,1.000696,1.065203,1.461523
0.956000,-0.000018,-0.000698,0.034797,-0.000031,-0.005645,-0.037326,-0.000000,-0.001015,1.570016,0.000000,1.000000,1.100000,0.000000,0.000000,-1.571000,0.000018,1.000698,1.065203,1.461524
0.958000,-0.000018,-0.000700,0.034797,-0.000031,-0.005645,-0.037326,-0.000000,-0.001015,1.570016,0.000000,1.000000,1.100000,0.000000,0.000000,-1.571000,0.000018,1.000700,1.065203,1.461526
0.960000,-0.000018,-0.000701,0.034797,-0.000031,-0.005645,-0.037326,-0.000000,-0.001015,1.570016,0.000000,1.000000,1.100000,0.000000,0.000000,-1.571000,0.000018,1.000701,1.065203,1.461527
0.962000,-0.000018,-0.000703,0.034797,-0.000031,-0.005645,-0.037326,-0.000000,-0.001015,1.570016,0.000000,1.000000,1.100000,0.000000,0.000000,-1.571000,0.000018,1.000703,1.065203,1.461528
0.964000,-0.000018,-0.000705,0.034797,-0.000031,-0.005645,-0.037326,-0.000000,-0.001015,1.570016,0.000000,1.000000,1.100000,0.000000,0.000000,-1.571000,0.000018,1.000705,1.065203,1.461529
0.966000,-0.000018,-0.000706,0.034797,-0.000031,-0.005645,-0.037326,-0.000000,-0.001015,1.570016,0.000000,1.000000,1.100000,0.000000,0.000000,-1.571000,0.000018,1.000706,1.065203,1.461530
0.968000,-0.000018,-0.000708,0.034797,-0.000031,-0.005645,-0.037326,-0.000000,-0.001015,1.570016,0.000000,1.000000,1.100000,0.000000,0.000000,-1.571000,0.000018,1.000708,1.065203,1.461531
0.970000,-0.000018,-0.000710,0.034797,-0.000031,-0.005645,-0.037326,-0.000000,-0.001015,1.570016,0.000000,1.000000,1.100000,0.000000,0.000000,-1.571000,0.000018,1.000710,1.065203,1.461532
0.972000,-0.000018,-0.000711,0.034797,-0.000031,-0.005645,-0.037326,-0.000000,-0.001015,1.570016,0.000000,1.000000,1.100000,0.000000,0.000000,-1.571000,0.000018,1.000711,1.065203,1.461534
0.974000,-0.000018,-0.000713,0.034797,-0.000031,-0.005645,-0.037326,-0.000000,-0.001015,1.570016,0.000000,1.000000,1.100000,0.000000,0.000000,-1.571000,0.000018,1.000713,1.065203,1.461535
0.976000,-0.000018,-0.000715,0.034797,-0.000031,-0.005645,-0.037326,-0.000000,-0.001015,1.570016,0.000000,1.000000,1.100000,0.000000,0.000000,-1.571000,0.000018,1.000715,1.065203,1.461536
0.978000,-0.000018,-0.000716,0.034797,-0.000031,-0.005645,-0.037326,-0.000000,-0.001015,1.570016,0.000000,1.000000,1.100000,0.000000,0.000000,-1.571000,0.000018,1.000716,1.065203,1.461537
0.980000,-0.000018,-0.000718,0.034797,-0.000031,-0.005645,-0.037326,-0.000000,-0.001015,1.570016,0.000000,1.000000,1.100000,0.000000,0.000000,-1.571000,0.000018,1.000718,1.065203,1.461538
0.982000,-0.000018,-0.000720,0.034797,-0.000031,-0.005645,-0.037326,-0.000000,-0.001015,1.570016,0.000000,1.000000,1.100000,0.000000,0.000000,-1.571000,0.000018,1.000720,1.065203,1.461539
0.984000,-0.000018,-0.000721,0.034797,-0.000031,-0.005645,-0.037326,-0.000000,-0.001015,1.570016,0.000000,1.000000,1.100000,0.000000,0.000000,-1.571000,0.000018,1.000721,1.065203,1.461540
0.986000,-0.000018,-0.000723,0.034797,-0.000031,-0.005645,-0.037326,-0.000000,-0.001015,1.570016,0.000000,1.000000,1.100000,0.000000,0.000000,-1.571000,0.000018,1.000723,1.065203,1.461542
0.988000,-0.000018,-0.000725,0.034797,-0.000031,-0.005645,-0.037326,-0.000000,-0.001015,1.570016,0.000000,1.000000,1.100000,0.000000,0.000000,-1.571000,0.000018,1.000725,1.065203,1.461543
0.990000,-0.000018,-0.000726,0.034797,-0.000031,-0.005645,-0.037326,-0.000000,-0.001015,1.570016,0.000000,1.000000,1.100000,0.000000,0.000000,-1.571000,0.000018,1.000726,1.065203,1.461544
0.992000,-0.000018,-0.000728,0.034797,-0.000031,-0.005645,-0.037326,-0.000000,-0.001015,1.570016,0.000000,1.000000,1.100000,0.000000,0.000000,-1.571000,0.000018,1.000728,1.065203,1.461545
0.994000,-0.000019,-0.000730,0.034797,-0.000031,-0.005645,-0.037326,-0.000000,-0.001015,1.570016,0.000000,1.000000,1.100000,0.000000,0.000000,-1.571000,0.000019,1.000730,1.065203,1.461546
0.996000,-0.000019,-0.000731,0.034797,-0.000031,-0.005645,-0.037326,-0.000000,-0.001015,1.570016,0.000000,1.000000,1.100000,0.000000,0.000000,-1.571000,0.000019,1.000731,1.065203,1.461547
0.998000,-0.000019,-0.000733,0.034797,-0.000031,-0.005645,-0.037326,-0.000000,-0.001015,1.570016,0.000000,1.000000,1.100000,0.000000,0.000000,-1.571000,0.000019,1.000733,1.065203,1.461548
1.000000,-0.000019,-0.000735,0.034797,-0.000031,-0.005645,-0.037326,-0.000000,-0.001015,1.570016,0.000000,1.000000,1.100000,0.000000,0.000000,-1.571000,0.000019,1.000735,1.065203,1.461550
1.002000,-0.000019,-0.000736,0.034797,-0.000031,-0.005645,-0.037326,-0.000000,-0.001015,1.570016,0.000000,1.000000,1.100000,0.000000,0.000000,-1.571000,0.000019,1.000736,1.065203,1.461551
1.004000,-0.000019,-0.000738,0.034797,-0.000031,-0.005645,-0.037326,-0.000000,-0.001015,1.570017,0.000000,1.000000,1.100000,0.000000,0.000000,-1.571000,0.000019,1.000738,1.065203,1.461552
1.006000,-0.000019,-0.000740,0.034797,-0.000031,-0.005645,-0.037326,-0.000000,-0.001015,1.570017,0.000000,1.000000,1.100000,0.000000,0.000000,-1.571000,0.000019,1.000740,1.065203,1.461553
1.008000,-0.000019,-0.000741,0.034797,-0.000031,-0.005645,-0.037326,-0.000000,-0.001015,1.570017,0.000000,1.000000,1.100000,0.000000,0.000000,-1.571000,0.000019,1.000741,1.065203,1.461554
1.010000,-0.000019,-0.000743,0.034797,-0.000031,-0.005645,-0.037326,-0.000000,-0.001015,1.570017,0.000000,1.000000,1.100000,0.000000,0.000000,-1.571000,0.000019,1.000743,1.065203,1.461555
1.012000,-0.000019,-0.000745,0.034797,-0.000031,-0.005645,-0.037326,-0.000000,-0.001015,1.570017,0.000000,1.000000,1.100000,0.000000,0.000000,-1.571000,0.000019,1.000745,1.065203,1.461556
1.014000,-0.000019,-0.000746,0.034797,-0.000031,-0.005645,-0.037326,-0.000000,-0.001015,1.570017,0.000000,1.000000,1.100000,0.000000,0.000000,-1.571000,0.000019,1.000746,1.065203,1.461558
1.016000,-0.000019,-0.000748,0.034797,-0.000031,-0.005645,-0.037326,-0.000000,-0.001015,1.570017,0.000000,1.000000,1.100000,0.000000,0.000000,-1.571000,0.000019,1.000748,1.065203,1.461559
1.018000,-0.000019,-0.000750,0.034797,-0.000031,-0.005645,-0.037326,-0.000000,-0.001015,1.570017,0.000000,1.000000,1.100000,0.000000,0.000000,-1.571000,0.000019,1.000750,1.065203,1.461560
1.020000,-0.000019,-0.000752,0.034797,-0.000031,-0.005645,-0.037326,-0.000000,-0.001015,1.570017,0.000000,1.000000,1.100000,0.000000,0.000000,-1.571000,0.000019,1.000752,1.065203,1.461561
1.022000,-0.000019,-0.000753,0.034797,-0.000031,-0.005645,-0.037326,-0.000000,-0.001015,1.570017,0.000000,1.000000,1.100000,0.000000,0.000000,-1.571000,0.000019,1.000753,1.065203,1.461562
1.024000,-0.000019,-0.000755,0.034797,-0.000031,-0.005645,-0.037326,-0.000000,-0.001015,1.570017,0.000000,1.000000,1.100000,0.000000,0.000000,-1.571000,0.000019,1.000755,1.065203,1.461563
1.026000,-0.000019,-0.000757,0.034797,-0.000031,-0.005645,-0.037326,-0.000000,-0.001015,1.570017,0.000000,1.000000,1.100000,0.000000,0.000000,-1.571000,0.000019,1.000757,1.065203,1.461565
1.028000,-0.000019,-0.000758,0.034797,-0.000031,-0.005645,-0.037326,-0.000000,-0.001015,1.570017,0.000000,1.000000,1.100000,0.000000,0.000000,-1.571000,0.000019,1.000758,1.065203,1.461566
1.030000,-0.000019,-0.000760,0.034797,-0.000031,-0.005645,-0.037326,-0.000000,-0.001015,1.570017,0.000000,1.000000,1.100000,0.000000,0.000000,-1.571000,0.000019,1.000760,1.065203,1.461567
1.032000,-0.000019,-0.000762,0.034797,-0.000031,-0.005645,-0.037326,-0.000000,-0.001015,1.570017,0.000000,1.000000,1.100000,0.000000,0.000000,-1.571000,0.000019,1.000762,1.065203,1.461568
1.034000,-0.000019,-0.000763,0.034797,-0.000031,-0.005645,-0.037326,-0.000000,-0.001015,1.570017,0.000000,1.000000,1.100000,0.000000,0.000000,-1.571000,0.000019,1.000763,1.065203,1.461569
1.036000,-0.000019,-0.000765,0.034797,-0.000031,-0.005645,-0.037326,-0.000000,-0.001015,1.570017,0.000000,1.000000,1.100000,0.000000,0.000000,-1.571000,0.000019,1.000765,1.065203,1.461570
1.038000,-0.000019,-0.000767,0.034797,-0.000031,-0.005645,-0.037326,-0.000000,-0.001015,1.570017,0.000000,1.000000,1.100000,0.000000,0.000000,-1.571000,0.000019,1.000767,1.065203,1.461571
1.040000,-0.000020,-0.000768,0.034797,-0.000031,-0.005645,-0.037326,-0.000000,-0.001015,1.570017,0.000000,1.000000,1.100000,0.000000,0.000000,-1.571000,0.000020,1.000768,1.065203,1.461573
1.042000,-0.000020,-0.000770,0.034797,-0.000031,-0.005645,-0.037326,-0.000000,-0.001015,1.570017,0.000000,1.000000,1.100000,0.000000,0.000000,-1.571000,0.000020,1.000770,1.065203,1.461574
1.044000,-0.000020,-0.000772,0.034797,-0.000031,-0.005645,-0.037326,-0.000000,-0.001015,1.570017,0.000000,1.000000,1.100000,0.000000,0.000000,-1.571000,0.000020,1.000772,1.065203,1.461575
1.046000,-0.000020,-0.000773,0.034797,-0.000031,-0.005645,-0.037326,-0.000000,-0.001015,1.570017,0.000000,1.000000,1.100000,0.000000,0.000000,-1.571000,0.000020,1.000773,1.065203,1.461576
1.048000,-0.000020,-0.000775,0.034797,-0.000031,-0.005645,-0.037326,-0.000000,-0.001015,1.570017,0.000000,1.000000,1.100000,0.000000,0.000000,-1.571000,0.000020,1.000775,1.065203,1.461577
1.050000,-0.000020,-0.000777,0.034797,-0.000031,-0.005645,-0.037326,-0.000000,-0.001015,1.570017,0.000000,1.000000,1.100000,0.000000,0.000000,-1.571000,0.000020,1.000777,1.065203,1.461578
1.052000,-0.000020,-0.000778,0.034797,-0.000031,-0.005645,-0.037326,-0.000000,-0.001015,1.570017,0.000000,1.000000,1.100000,0.000000,0.000000,-1.571000,0.000020,1.000778,1.065203,1.461579
1.054000,-0.000020,-0.000780,0.034797,-0.000031,-0.005645,-0.037326,-0.000000,-0.001015,1.570018,0.000000,1.000000,1.100000,0.000000,0.000000,-1.571000,0.000020,1.000780,1.065203,1.461581
1.056000,-0.000020,-0.000782,0.034797,-0.000031,-0.005645,-0.037326,-0.000000,-0.001015,1.570018,0.000000,1.000000,1.100000,0.000000,0.000000,-1.571000,0.000020,1.000782,1.065203,1.461582
1.058000,-0.000020,-0.000783,0.034797,-0.000031,-0.005645,-0.037326,-0.000000,-0.001015,1.570018,0.000000,1.000000,1.100000,0.000000,0.000000,-1.571000,0.000020,1.000783,1.065203,1.461583
1.060000,-0.000020,-0.000785,0.034797,-0.000031,-0.005645,-0.037326,-0.000000,-0.001015,1.570018,0.000000,1.000000,1.100000,0.000000,0.000000,-1.571000,0.000020,1.000785,1.065203,1.461584
1.062000,-0.000020,-0.000787,0.034797,-0.000031,-0.005645,-0.037326,-0.000000,-0.001015,1.570018,0.000000,1.000000,1.100000,0.000000,0.000000,-1.571000,0.000020,1.000787,1.065203,1.461585
1.064000,-0.000020,-0.000788,0.034797,-0.000031,-0.005645,-0.037326,-0.000000,-0.001015,1.570018,0.000000,1.000000,1.100000,0.000000,0.000000,-1.571000,0.000020,1.000788,1.065203,1.461586
1.066000,-0.000020,-0.000790,0.034797,-0.000031,-0.005645,-0.037326,-0.000000,-0.001015,1.570018,0.000000,1.000000,1.100000,0.000000,0.000000,-1.571000,0.000020,1.000790,1.065203,1.461587
1.068000,-0.000020,-0.000792,0.034797,-0.000031,-0.005645,-0.037326,-0.000000,-0.001015,1.570018,0.000000,1.000000,1.100000,0.000000,0.000000,-1.571000,0.000020,1.000792,1.065203,1.461589
1.070000,-0.000020,-0.000793,0.034797,-0.000031,-0.005645,-0.037326,-0.000000,-0.001015,1.570018,0.000000,1.000000,1.100000,0.000000,0.000000,-1.571000,0.000020,1.000793,1.065203,1.461590
1.072000,-0.000020,-0.000795,0.034797,-0.000031,-0.005645,-0.037326,-0.000000,-0.001015,1.570018,0.000000,1.000000,1.100000,0.000000,0.000000,-1.571000,0.000020,1.000795,1.065203,1.461591
1.074000,-0.000020,-0.000797,0.034797,-0.000031,-0.005645,-0.037326,-0.000000,-0.001015,1.570018,0.000000,1.000000,1.100000,0.000000,0.000000,-1.571000,0.000020,1.000797,1.065203,1.461592
1.076000,-0.000020,-0.000798,0.034797,-0.000031,-0.005645,-0.037326,-0.000000,-0.001015,1.570018,0.000000,1.000000,1.100000,0.000000,0.000000,-1.571000,0.000020,1.000798,1.065203,1.461593
1.078000,-0.000020,-0.000800,0.034797,-0.000031,-0.005645,-0.037326,-0.000000,-0.001015,1.570018,0.000000,1.000000,1.100000,0.000000,0.000000,-1.571000,0.000020,1.000800,1.065203,1.461594
1.080000,-0.000020,-0.000802,0.034797,-0.000031,-0.005645,-0.037326,-0.000000,-0.001015,1.570018,0.000000,1.000000,1.100000,0.000000,0.000000,-1.571000,0.000020,1.000802,1.065203,1.461595
1.082000,-0.000020,-0.000803,0.034797,-0.000031,-0.005645,-0.037326,-0.000000,-0.001015,1.570018,0.000000,1.000000,1.100000,0.000000,0.000000,-1.571000,0.000020,1.000803,1.065203,1.461597
1.084000,-0.000021,-0.000805,0.034797,-0.000031,-0.005645,-0.037326,-0.000000,-0.001015,1.570018,0.000000,1.000000,1.100000,0.000000,0.000000,-1.571000,0.000021,1.000805,1.065203,1.461598
1.086000,-0.000021,-0.000807,0.034797,-0.000031,-0.005645,-0.037326,-0.000000,-0.001015,1.570018,0.000000,1.000000,1.100000,0.000000,0.000000,-1.571000,0.000021,1.000807,1.065203,1.461599
1.088000,-0.000021,-0.000808,0.034797,-0.000031,-0.005645,-0.037326,-0.000000,-0.001015,1.570018,0.000000,1.000000,1.100000,0.000000,0.000000,-1.571000,0.000021,1.000808,1.065203,1.461600
1.090000,-0.000021,-0.000810,0.034797,-0.000031,-0.005645,-0.037326,-0.000000,-0.001015,1.570018,0.000000,1.000000,1.100000,0.000000,0.000000,-1.571000,0.000021,1.000810,1.065203,1.461601
1.092000,-0.000021,-0.000812,0.034797,-0.000031,-0.005645,-0.037326,-0.000000,-0.001015,1.570018,0.000000,1.000000,1.100000,0.000000,0.000000,-1.571000,0.000021,1.000812,1.065203,1.461602
1.094000,-0.000021,-0.000813,0.034797,-0.000031,-0.005645,-0.037326,-0.000000,-0.001015,1.570018,0.000000,1.000000,1.100000,0.000000,0.000000,-1.571000,0.000021,1.000813,1.065203,1.461604
1.096000,-0.000021,-0.000815,0.034797,-0.000031,-0.005645,-0.037326,-0.000000,-0.001015,1.570018,0.000000,1.000000,1.100000,0.000000,0.000000,-1.571000,0.000021,1.000815,1.065203,1.461605
1.098000,-0.000021,-0.000817,0.034797,-0.000031,-0.005645,-0.037326,-0.000000,-0.001015,1.570018,0.000000,1.000000,1.100000,0.000000,0.000000,-1.571000,0.000021,1.000817,1.065203,1.461606
1.100000,-0.000021,-0.000819,0.034797,-0.000031,-0.005645,-0.037326,-0.000000,-0.001015,1.570018,0.000000,1.000000,1.100000,0.000000,0.000000,-1.571000,0.000021,1.000819,1.065203,1.461607
1.102000,-0.000021,-0.000820,0.034797,-0.000031,-0.005645,-0.037326,-0.000000,-0.001015,1.570018,0.000000,1.000000,1.100000,0.000000,0.000000,-1.571000,0.000021,1.000820,1.065203,1.461608
1.104000,-0.000021,-0.000822,0.034797,-0.000031,-0.005645,-0.037326,-0.000000,-0.001015,1.570019,0.000000,1.000000,1.100000,0.000000,0.000000,-1.571000,0.000021,1.000822,1.065203,1.461609
1.106000,-0.000021,-0.000824,0.034797,-0.000031,-0.005645,-0.037326,-0.000000,-0.001015,1.570019,0.000000,1.000000,1.100000,0.000000,0.000000,-1.571000,0.000021,1.000824,1.065203,1.461610
1.108000,-0.000021,-0.000825,0.034797,-0.000031,-0.005645,-0.037326,-0.000000,-0.001015,1.570019,0.000000,1.000000,1.100000,0.000000,0.000000,-1.571000,0.000021,1.000825,1.065203,1.461612
1.110000,-0.000021,-0.000827,0.034797,-0.000031,-0.005645,-0.037326,-0.000000,-0.001015,1.570019,0.000000,1.000000,1.100000,0.000000,0.000000,-1.571000,0.000021,1.000827,1.065203,1.461613
1.112000,-0.000021,-0.000829,0.034797,-0.000031,-0.005645,-0.037326,-0.000000,-0.001015,1.570019,0.000000,1.000000,1.100000,0.000000,0.000000,-1.571000,0.000021,1.000829,1.065203,1.461614
1.114000,-0.000021,-0.000830,0.034797,-0.000031,-0.005645,-0.037326,-0.000000,-0.001015,1.570019,0.000000,1.000000,1.100000,0.000000,0.000000,-1.571000,0.000021,1.000830,1.065203,1.461615
1.116000,-0.000021,-0.000832,0.034797,-0.000031,-0.005645,-0.037326,-0.000000,-0.001015,1.570019,0.000000,1.000000,1.100000,0.000000,0.000000,-1.571000,0.000021,1.000832,1.065203,1.461616
1.118000,-0.000021,-0.000834,0.034797,-0.000031,-0.005645,-0.037326,-0.000000,-0.001015,1.570019,0.000000,1.000000,1.100000,0.000000,0.000000,-1.571000,0.000021,1.000834,1.065203,1.461617
1.120000,-0.000021,-0.000835,0.034797,-0.000031,-0.005645,-0.037326,-0.000000,-0.001015,1.570019,0.000000,1.000000,1.100000,0.000000,0.000000,-1.571000,0.000021,1.000835,1.065203,1.461618
1.122000,-0.000021,-0.000837,0.034797,-0.000031,-0.005645,-0.037326,-0.000000,-0.001015,1.570019,0.000000,1.000000,1.100000,0.000000,0.000000,-1.571000,0.000021,1.000837,1.065203,1.461620
1.124000,-0.000021,-0.000839,0.034797,-0.000031,-0.005645,-0.037326,-0.000000,-0.001015,1.570019,0.000000,1.000000,1.100000,0.000000,0.000000,-1.571000,0.000021,1.000839,1.065203,1.461621
1.126000,-0.000021,-0.000840,0.034797,-0.000031,-0.005645,-0.037326,-0.000000,-0.001015,1.570019,0.000000,1.000000,1.100000,0.000000,0.000000,-1.571000,0.000021,1.000840,1.065203,1.461622
1.128000,-0.000022,-0.000842,0.034797,-0.000031,-0.005645,-0.037326,-0.000000,-0.001015,1.570019,0.000000,1.000000,1.100000,0.000000,0.000000,-1.571000,0.000022,1.000842,1.065203,1.461623
1.130000,-0.000022,-0.000844,0.034797,-0.000031,-0.005645,-0.037326,-0.000000,-0.001015,1.570019,0.000000,1.000000,1.100000,0.000000,0.000000,-1.571000,0.000022,1.000844,1.065203,1.461624
1.132000,-0.000022,-0.000845,0.034797,-0.000031,-0.005645,-0.037326,-0.000000,-0.001015,1.570019,0.000000,1.000000,1.100000,0.000000,0.000000,-1.571000,0.000022,1.000845,1.065203,1.461625
1.134000,-0.000022,-0.000847,0.034797,-0.000031,-0.005645,-0.037326,-0.000000,-0.001015,1.570019,0.000000,1.000000,1.100000,0.000000,0.000000,-1.571000,0.000022,1.000847,1.065203,1.461626
1.136000,-0.000022,-0.000849,0.034797,-0.000031,-0.005645,-0.037326,-0.000000,-0.001015,1.570019,0.000000,1.000000,1.100000,0.000000,0.000000,-1.571000,0.000022,1.000849,1.065203,1.461628
1.138000,-0.000022,-0.000850,0.034797,-0.000031,-0.005645,-0.037326,-0.000000,-0.001015,1.570019,0.000000,1.000000,1.100000,0.000000,0.000000,-1.571000,0.000022,1.000850,1.065203,1.461629
1.140000,-0.000022,-0.000852,0.034797,-0.000031,-0.005645,-0.037326,-0.000000,-0.001015,1.570019,0.000000,1.000000,1.100000,0.000000,0.000000,-1.571000,0.000022,1.000852,1.065203,1.461630
1.142000,-0.000022,-0.000854,0.034797,-0.000031,-0.005645,-0.037326,-0.000000,-0.001015,1.570019,0.000000,1.000000,1.100000,0.000000,0.000000,-1.571000,0.000022,1.000854,1.065203,1.461631
1.144000,-0.000022,-0.000855,0.034797,-0.000031,-0.005645,-0.037326,-0.000000,-0.001015,1.570019,0.000000,1.000000,1.100000,0.000000,0.000000,-1.571000,0.000022,1.000855,1.065203,1.461632
1.146000,-0.000022,-0.000857,0.034797,-0.000031,-0.005645,-0.037326,-0.000000,-0.001015,1.570019,0.000000,1.000000,1.100000,0.000000,0.000000,-1.571000,0.000022,1.000857,1.065203,1.461633
1.148000,-0.000022,-0.000859,0.034797,-0.000031,-0.005645,-0.037326,-0.000000,-0.001015,1.570019,0.000000,1.000000,1.100000,0.000000,0.000000,-1.571000,0.000022,1.000859,1.065203,1.461634
1.150000,-0.000022,-0.000860,0.034797,-0.000031,-0.005645,-0.037326,-0.000000,-0.001015,1.570019,0.000000,1.000000,1.100000,0.000000,0.000000,-1.571000,0.000022,1.000860,1.065203,1.461636
1.152000,-0.000022,-0.000862,0.034797,-0.000031,-0.005645,-0.037326,-0.000000,-0.001015,1.570019,0.000000,1.000000,1.100000,0.000000,0.000000,-1.571000,0.000022,1.000862,1.065203,1.461637
1.154000,-0.000022,-0.000864,0.034797,-0.000031,-0.005645,-0.037326,-0.000000,-0.001015,1.570020,0.000000,1.000000,1.100000,0.000000,0.000000,-1.571000,0.000022,1.000864,1.065203,1.461638
1.156000,-0.000022,-0.000865,0.034797,-0.000031,-0.005645,-0.037326,-0.000000,-0.001015,1.570020,0.000000,1.000000,1.100000,0.000000,0.000000,-1.571000,0.000022,1.000865,1.065203,1.461639
1.158000,-0.000022,-0.000867,0.034797,-0.000031,-0.005645,-0.037326,-0.000000,-0.001015,1.570020,0.000000,1.000000,1.100000,0.000000,0.000000,-1.571000,0.000022,1.000867,1.065203,1.461640
1.160000,-0.000022,-0.000869,0.034797,-0.000031,-0.005645,-0.037326,-0.000000,-0.001015,1.570020,0.000000,1.000000,1.100000,0.000000,0.000000,-1.571000,0.000022,1.000869,1.065203,1.461641
1.162000,-0.000022,-0.000870,0.034797,-0.000031,-0.005645,-0.037326,-0.000000,-0.001015,1.570020,0.000000,1.000000,1.100000,0.000000,0.000000,-1.571000,0.000022,1.000870,1.065203,1.461643
1.164000,-0.000022,-0.000872,0.034797,-0.000031,-0.005645,-0.037326,-0.000000,-0.001015,1.570020,0.000000,1.000000,1.100000,0.000000,0.000000,-1.571000,0.000022,1.000872,1.065203,1.461644
1.166000,-0.000022,-0.000874,0.034797,-0.000031,-0.005645,-0.037326,-0.000000,-0.001015,1.570020,0.000000,1.000000,1.100000,0.000000,0.000000,-1.571000,0.000022,1.000874,1.065203,1.461645
1.168000,-0.000022,-0.000875,0.034797,-0.000031,-0.005645,-0.037326,-0.000000,-0.001015,1.570020,0.000000,1.000000,1.100000,0.000000,0.000000,-1.571000,0.000022,1.000875,1.065203,1.461646
1.170000,-0.000022,-0.000877,0.034797,-0.000031,-0.005645,-0.037326,-0.000000,-0.001015,1.570020,0.000000,1.000000,1.100000,0.000000,0.000000,-1.571000,0.000022,1.000877,1.065203,1.461647
1.172000,-0.000022,-0.000879,0.034797,-0.000031,-0.005645,-0.037326,-0.000000,-0.001015,1.570020,0.000000,1.000000,1.100000,0.000000,0.000000,-1.571000,0.000022,1.000879,1.065203,1.461648
1.174000,-0.000023,-0.000880,0.034797,-0.000031,-0.005645,-0.037326,-0.000000,-0.001015,1.570020,0.000000,1.000000,1.100000,0.000000,0.000000,-1.571000,0.000023,1.000880,1.065203,1.461649
1.176000,-0.000023,-0.000882,0.034797,-0.000031,-0.005645,-0.037326,-0.000000,-0.001015,1.570020,0.000000,1.000000,1.100000,0.000000,0.000000,-1.571000,0.000023,1.000882,1.065203,1.461651
1.178000,-0.000023,-0.000884,0.034797,-0.000031,-0.005645,-0.037326,-0.000000,-0.001015,1.570020,0.000000,1.000000,1.100000,0.000000,0.000000,-1.571000,0.000023,1.000884,1.065203,1.461652
1.180000,-0.000023,-0.000885,0.034797,-0.000031,-0.005645,-0.037326,-0.000000,-0.001015,1.570020,0.000000,1.000000,1.100000,0.000000,0.000000,-1.571000,0.000023,1.000885,1.065203,1.461653
1.182000,-0.000023,-0.000887,0.034797,-0.000031,-0.005645,-0.037326,-0.000000,-0.001015,1.570020,0.000000,1.000000,1.100000,0.000000,0.000000,-1.571000,0.000023,1.000887,1.065203,1.461654
1.184000,-0.000023,-0.000889,0.034797,-0.000031,-0.005645,-0.037326,-0.000000,-0.001015,1.570020,0.000000,1.000000,1.100000,0.000000,0.000000,-1.571000,0.000023,1.000889,1.065203,1.461655
1.186000,-0.000023,-0.000891,0.034797,-0.000031,-0.005645,-0.037326,-0.000000,-0.001015,1.570020,0.000000,1.000000,1.100000,0.000000,0.000000,-1.571000,0.000023,1.000891,1.065203,1.461656
1.188000,-0.000023,-0.000892,0.034797,-0.000031,-0.005645,-0.037326,-0.000000,-0.001015,1.570020,0.000000,1.000000,1.100000,0.000000,0.000000,-1.571000,0.000023,1.000892,1.065203,1.461657
1.190000,-0.000023,-0.000894,0.034797,-0.000031,-0.005645,-0.037326,-0.000000,-0.001015,1.570020,0.000000,1.000000,1.100000,0.000000,0.000000,-1.571000,0.000023,1.000894,1.065203,1.461659
1.192000,-0.000023,-0.000896,0.034797,-0.000031,-0.005645,-0.037326,-0.000000,-0.001015,1.570020,0.000000,1.000000,1.100000,0.000000,0.000000,-1.571000,0.000023,1.000896,1.065203,1.461660
1.194000,-0.000023,-0.000897,0.034797,-0.000031,-0.005645,-0.037326,-0.000000,-0.001015,1.570020,0.000000,1.000000,1.100000,0.000000,0.000000,-1.571000,0.000023,1.000897,1.065203,1.461661
1.196000,-0.000023,-0.000899,0.034797,-0.000031,-0.005645,-0.037326,-0.000000,-0.001015,1.570020,0.000000,1.000000,1.100000,0.000000,0.000000,-1.571000,0.000023,1.000899,1.065203,1.461662
1.198000,-0.000023,-0.000901,0.034797,-0.000031,-0.005645,-0.037326,-0.000000,-0.001015,1.570020,0.000000,1.000000,1.100000,0.000000,0.000000,-1.571000,0.000023,1.000901,1.065203,1.461663
1.200000,-0.000023,-0.000902,0.034797,-0.000031,-0.005645,-0.037326,-0.000000,-0.001015,1.570020,0.000000,1.000000,1.100000,0.000000,0.000000,-1.571000,0.000023,1.000902,1.065203,1.461664
1.202000,-0.000023,-0.000904,0.034797,-0.000031,-0.005645,-0.037326,-0.000000,-0.001015,1.570020,0.000000,1.000000,1.100000,0.000000,0.000000,-1.571000,0.000023,1.000904,1.065203,1.461665
1.204000,-0.000023,-0.000906,0.034797,-0.000031,-0.005645,-0.037326,-0.000000,-0.001015,1.570020,0.000000,1.000000,1.100000,0.000000,0.000000,-1.571000,0.000023,1.000906,1.065203,1.461667
1.206000,-0.000023,-0.000907,0.034797,-0.000031,-0.005645,-0.037326,-0.000000,-0.001015,1.570021,0.000000,1.000000,1.100000,0.000000,0.000000,-1.571000,0.000023,1.000907,1.065203,1.461668
1.208000,-0.000023,-0.000909,0.034797,-0.000031,-0.005645,-0.037326,-0.000000,-0.001015,1.570021,0.000000,1.000000,1.100000,0.000000,0.000000,-1.571000,0.000023,1.000909,1.065203,1.461669
1.210000,-0.000023,-0.000911,0.034797,-0.000031,-0.005645,-0.037326,-0.000000,-0.001015,1.570021,0.000000,1.000000,1.100000,0.000000,0.000000,-1.571000,0.000023,1.000911,1.065203,1.461670
1.212000,-0.000023,-0.000912,0.034797,-0.000031,-0.005645,-0.037326,-0.000000,-0.001015,1.570021,0.000000,1.000000,1.100000,0.000000,0.000000,-1.571000,0.000023,1.000912,1.065203,1.461671
1.214000,-0.000023,-0.000914,0.034797,-0.000031,-0.005645,-0.037326,-0.000000,-0.001015,1.570021,0.000000,1.000000,1.100000,0.000000,0.000000,-1.571000,0.000023,1.000914,1.065203,1.461672
1.216000,-0.000023,-0.000916,0.034797,-0.000031,-0.005645,-0.037326,-0.000000,-0.001015,1.570021,0.000000,1.000000,1.100000,0.000000,0.000000,-1.571000,0.000023,1.000916,1.065203,1.461673
1.218000,-0.000024,-0.000917,0.034797,-0.000031,-0.005645,-0.037326,-0.000000,-0.001015,1.570021,0.000000,1.000000,1.100000,0.000000,0.000000,-1.571000,0.000024,1.000917,1.065203,1.461675
1.220000,-0.000024,-0.000919,0.034797,-0.000031,-0.005645,-0.037326,-0.000000,-0.001015,1.570021,0.000000,1.000000,1.100000,0.000000,0.000000,-1.571000,0.000024,1.000919,1.065203,1.461676
1.222000,-0.000024,-0.000921,0.034797,-0.000031,-0.005645,-0.037326,-0.000000,-0.001015,1.570021,0.000000,1.000000,1.100000,0.000000,0.000000,-1.571000,0.000024,1.000921,1.065203,1.461677
1.224000,-0.000024,-0.000922,0.034797,-0.000031,-0.005645,-0.037326,-0.000000,-0.001015,1.570021,0.000000,1.000000,1.100000,0.000000,0.000000,-1.571000,0.000024,1.000922,1.065203,1.461678
1.226000,-0.000024,-0.000924,0.034797,-0.000031,-0.005645,-0.037326,-0.000000,-0.001015,1.570021,0.000000,1.000000,1.100000,0.000000,0.000000,-1.571000,0.000024,1.000924,1.065203,1.461679
1.228000,-0.000024,-0.000926,0.034797,-0.000031,-0.005645,-0.037326,-0.000000,-0.001015,1.570021,0.000000,1.000000,1.100000,0.000000,0.000000,-1.571000,0.000024,1.000926,1.065203,1.461680
1.230000,-0.000024,-0.000927,0.034797,-0.000031,-0.005645,-0.037326,-0.000000,-0.001015,1.570021,0.000000,1.000000,1.100000,0.000000,0.000000,-1.571000,0.000024,1.000927,1.065203,1.461681
1.232000,-0.000024,-0.000929,0.034797,-0.000031,-0.005645,-0.037326,-0.000000,-0.001015,1.570021,0.000000,1.000000,1.100000,0.000000,0.000000,-1.571000,0.000024,1.000929,1.065203,1.461683
1.234000,-0.000024,-0.000931,0.034797,-0.000031,-0.005645,-0.037326,-0.000000,-0.001015,1.570021,0.000000,1.000000,1.100000,0.000000,0.000000,-1.571000,0.000024,1.000931,1.065203,1.461684
1.236000,-0.000024,-0.000932,0.034797,-0.000031,-0.005645,-0.037326,-0.000000,-0.001015,1.570021,0.000000,1.000000,1.100000,0.000000,0.000000,-1.571000,0.000024,1.000932,1.065203,1.461685
1.238000,-0.000024,-0.000934,0.034797,-0.000031,-0.005645,-0.037326,-0.000000,-0.001015,1.570021,0.000000,1.000000,1.100000,0.000000,0.000000,-1.571000,0.000024,1.000934,1.065203,1.461686
1.240000,-0.000024,-0.000936,0.034797,-0.000031,-0.005645,-0.037326,-0.000000,-0.001015,1.570021,0.000000,1.000000,1.100000,0.000000,0.000000,-1.571000,0.000024,1.000936,1.065203,1.461687
1.242000,-0.000024,-0.000937,0.034797,-0.000031,-0.005645,-0.037326,-0.000000,-0.001015,1.570021,0.000000,1.000000,1.100000,0.000000,0.000000,-1.571000,0.000024,1.000937,1.065203,1.461688
1.244000,-0.000024,-0.000939,0.034797,-0.000031,-0.005645,-0.037326,-0.000000,-0.001015,1.570021,0.000000,1.000000,1.100000,0.000000,0.000000,-1.571000,0.000024,1.000939,1.065203,1.461690
1.246000,-0.000024,-0.000941,0.034797,-0.000031,-0.005645,-0.037326,-0.000000,-0.001015,1.570021,0.000000,1.000000,1.100000,0.000000,0.000000,-1.571000,0.000024,1.000941,1.065203,1.461691
1.248000,-0.000024,-0.000942,0.034797,-0.000031,-0.005645,-0.037326,-0.000000,-0.001015,1.570021,0.000000,1.000000,1.100000,0.000000,0.000000,-1.571000,0.000024,1.000942,1.065203,1.461692
1.250000,-0.000024,-0.000944,0.034797,-0.000031,-0.005645,-0.037326,-0.000000,-0.001015,1.570021,0.000000,1.000000,1.100000,0.000000,0.000000,-1.571000,0.000024,1.000944,1.065203,1.461693
1.252000,-0.000024,-0.000946,0.034797,-0.000031,-0.005645,-0.037326,-0.000000,-0.001015,1.570021,0.000000,1.000000,1.100000,0.000000,0.000000,-1.571000,0.000024,1.000946,1.065203,1.461694
1.254000,-0.000024,-0.000947,0.034797,-0.000031,-0.005645,-0.037326,-0.000000,-0.001015,1.570021,0.000000,1.000000,1.100000,0.000000,0.000000,-1.571000,0.000024,1.000947,1.065203,1.461695
1.256000,-0.000024,-0.000949,0.034797,-0.000031,-0.005645,-0.037326,-0.000000,-0.001015,1.570022,0.000000,1.000000,1.100000,0.000000,0.000000,-1.571000,0.000024,1.000949,1.065203,1.461696
1.258000,-0.000024,-0.000951,0.034797,-0.000031,-0.005645,-0.037326,-0.000000,-0.001015,1.570022,0.000000,1.000000,1.100000,0.000000,0.000000,-1.571000,0.000024,1.000951,1.065203,1.461698
1.260000,-0.000024,-0.000952,0.034797,-0.000031,-0.005645,-0.037326,-0.000000,-0.001015,1.570022,0.000000,1.000000,1.100000,0.000000,0.000000,-1.571000,0.000024,1.000952,1.065203,1.461699
1.262000,-0.000024,-0.000954,0.034797,-0.000031,-0.005645,-0.037326,-0.000000,-0.001015,1.570022,0.000000,1.000000,1.100000,0.000000,0.000000,-1.571000,0.000024,1.000954,1.065203,1.461700
1.264000,-0.000025,-0.000956,0.034797,-0.000031,-0.005645,-0.037326,-0.000000,-0.001015,1.570022,0.000000,1.000000,1.100000,0.000000,0.000000,-1.571000,0.000025,1.000956,1.065203,1.461701
1.266000,-0.000025,-0.000958,0.034797,-0.000031,-0.005645,-0.037326,-0.000000,-0.001015,1.570022,0.000000,1.000000,1.100000,0.000000,0.000000,-1.571000,0.000025,1.000958,1.065203,1.461702
1.268000,-0.000025,-0.000959,0.034797,-0.000031,-0.005645,-0.037326,-0.000000,-0.001015,1.570022,0.000000,1.000000,1.100000,0.000000,0.000000,-1.571000,0.000025,1.000959,1.065203,1.461703
1.270000,-0.000025,-0.000961,0.034797,-0.000031,-0.005645,-0.037326,-0.000000,-0.001015,1.570022,0.000000,1.000000,1.100000,0.000000,0.000000,-1.571000,0.000025,1.000961,1.065203,1.461704
1.272000,-0.000025,-0.000963,0.034797,-0.000031,-0.005645,-0.037326,-0.000000,-0.001015,1.570022,0.000000,1.000000,1.100000,0.000000,0.000000,-1.571000,0.000025,1.000963,1.065203,1.461706
1.274000,-0.000025,-0.000964,0.034797,-0.000031,-0.005645,-0.037326,-0.000000,-0.001015,1.570022,0.000000,1.000000,1.100000,0.000000,0.000000,-1.571000,0.000025,1.000964,1.065203,1.461707
1.276000,-0.000025,-0.000966,0.034797,-0.000031,-0.005645,-0.037326,-0.000000,-0.001015,1.570022,0.000000,1.000000,1.100000,0.000000,0.000000,-1.571000,0.000025,1.000966,1.065203,1.461708
1.278000,-0.000025,-0.000968,0.034797,-0.000031,-0.005645,-0.037326,-0.000000,-0.001015,1.570022,0.000000,1.000000,1.100000,0.000000,0.000000,-1.571000,0.000025,1.000968,1.065203,1.461709
1.280000,-0.000025,-0.000969,0.034797,-0.000031,-0.005645,-0.037326,-0.000000,-0.001015,1.570022,0.000000,1.000000,1.100000,0.000000,0.000000,-1.571000,0.000025,1.000969,1.065203,1.461710
1.282000,-0.000025,-0.000971,0.034797,-0.000031,-0.005645,-0.037326,-0.000000,-0.001015,1.570022,0.000000,1.000000,1.100000,0.000000,0.000000,-1.571000,0.000025,1.000971,1.065203,1.461711
1.284000,-0.000025,-0.000973,0.034797,-0.000031,-0.005645,-0.037326,-0.000000,-0.001015,1.570022,0.000000,1.000000,1.100000,0.000000,0.000000,-1.571000,0.000025,1.000973,1.065203,1.461712
1.286000,-0.000025,-0.000974,0.034797,-0.000031,-0.005645,-0.037326,-0.000000,-0.001015,1.570022,0.000000,1.000000,1.100000,0.000000,0.000000,-1.571000,0.000025,1.000974,1.065203,1.461714
1.288000,-0.000025,-0.000976,0.034797,-0.000031,-0.005645,-0.037326,-0.000000,-0.001015,1.570022,0.000000,1.000000,1.100000,0.000000,0.000000,-1.571000,0.000025,1.000976,1.065203,1.461715
1.290000,-0.000025,-0.000978,0.034797,-0.000031,-0.005645,-0.037326,-0.000000,-0.001015,1.570022,0.000000,1.000000,1.100000,0.000000,0.000000,-1.571000,0.000025,1.000978,1.065203,1.461716
1.292000,-0.000025,-0.000979,0.034797,-0.000031,-0.005645,-0.037326,-0.000000,-0.001015,1.570022,0.000000,1.000000,1.100000,0.000000,0.000000,-1.571000,0.000025,1.000979,1.065203,1.461717
1.294000,-0.000025,-0.000981,0.034797,-0.000031,-0.005645,-0.037326,-0.000000,-0.001015,1.570022,0.000000,1.000000,1.100000,0.000000,0.000000,-1.571000,0.000025,1.000981,1.065203,1.461718
1.296000,-0.000025,-0.000983,0.034797,-0.000031,-0.005645,-0.037326,-0.000000,-0.001015,1.570022,0.000000,1.000000,1.100000,0.000000,0.000000,-1.571000,0.000025,1.000983,1.065203,1.461719
1.298000,-0.000025,-0.000984,0.034797,-0.000031,-0.005645,-0.037326,-0.000000,-0.001015,1.570022,0.000000,1.000000,1.100000,0.000000,0.000000,-1.571000,0.000025,1.000984,1.065203,1.461720
1.300000,-0.000025,-0.000986,0.034797,-0.000031,-0.005645,-0.037326,-0.000000,-0.001015,1.570022,0.000000,1.000000,1.100000,0.000000,0.000000,-1.571000,0.000025,1.000986,1.065203,1.461722
1.302000,-0.000025,-0.000988,0.034797,-0.000031,-0.005645,-0.037326,-0.000000,-0.001015,1.570022,0.000000,1.000000,1.100000,0.000000,0.000000,-1.571000,0.000025,1.000988,1.065203,1.461723
1.304000,-0.000025,-0.000989,0.034797,-0.000031,-0.005645,-0.037326,-0.000000,-0.001015,1.570022,0.000000,1.000000,1.100000,0.000000,0.000000,-1.571000,0.000025,1.000989,1.065203,1.461724
1.306000,-0.000025,-0.000991,0.034797,-0.000031,-0.005645,-0.037326,-0.000000,-0.001015,1.570023,0.000000,1.000000,1.100000,0.000000,0.000000,-1.571000,0.000025,1.000991,1.065203,1.461725
1.308000,-0.000026,-0.000993,0.034797,-0.000031,-0.005645,-0.037326,-0.000000,-0.001015,1.570023,0.000000,1.000000,1.100000,0.000000,0.000000,-1.571000,0.000026,1.000993,1.065203,1.461726
1.310000,-0.000026,-0.000994,0.034797,-0.000031,-0.005645,-0.037326,-0.000000,-0.001015,1.570023,0.000000,1.000000,1.100000,0.000000,0.000000,-1.571000,0.000026,1.000994,1.065203,1.461727
1.312000,-0.000026,-0.000996,0.034797,-0.000031,-0.005645,-0.037326,-0.000000,-0.001015,1.570023,0.000000,1.000000,1.100000,0.000000,0.000000,-1.571000,0.000026,1.000996,1.065203,1.461729
1.314000,-0.000026,-0.000998,0.034797,-0.000031,-0.005645,-0.037326,-0.000000,-0.001015,1.570023,0.000000,1.000000,1.100000,0.000000,0.000000,-1.571000,0.000026,1.000998,1.065203,1.461730
1.316000,-0.000026,-0.000999,0.034797,-0.000031,-0.005645,-0.037326,-0.000000,-0.001015,1.570023,0.000000,1.000000,1.100000,0.000000,0.000000,-1.571000,0.000026,1.000999,1.065203,1.461731
1.318000,-0.000026,-0.001001,0.034797,-0.000031,-0.005645,-0.037326,-0.000000,-0.001015,1.570023,0.000000,1.000000,1.100000,0.000000,0.000000,-1.571000,0.000026,1.001001,1.065203,1.461732
1.320000,-0.000026,-0.001003,0.034797,-0.000031,-0.005645,-0.037326,-0.000000,-0.001015,1.570023,0.000000,1.000000,1.100000,0.000000,0.000000,-1.571000,0.000026,1.001003,1.065203,1.461733
1.322000,-0.000026,-0.001004,0.034797,-0.000031,-0.005645,-0.037326,-0.000000,-0.001015,1.570023,0.000000,1.000000,1.100000,0.000000,0.000000,-1.571000,0.000026,1.001004,1.065203,1.461734
1.324000,-0.000026,-0.001006,0.034797,-0.000031,-0.005645,-0.037326,-0.000000,-0.001015,1.570023,0.000000,1.000000,1.100000,0.000000,0.000000,-1.571000,0.000026,1.001006,1.065203,1.461735
1.326000,-0.000026,-0.001008,0.034797,-0.000031,-0.005645,-0.037326,-0.000000,-0.001015,1.570023,0.000000,1.000000,1.100000,0.000000,0.000000,-1.571000,0.000026,1.001008,1.065203,1.461737
1.328000,-0.000026,-0.001009,0.034797,-0.000031,-0.005645,-0.037326,-0.000000,-0.001015,1.570023,0.000000,1.000000,1.100000,0.000000,0.000000,-1.571000,0.000026,1.001009,1.065203,1.461738
1.330000,-0.000026,-0.001011,0.034797,-0.000031,-0.005645,-0.037326,-0.000000,-0.001015,1.570023,0.000000,1.000000,1.100000,0.000000,0.000000,-1.571000,0.000026,1.001011,1.065203,1.461739
1.332000,-0.000026,-0.001013,0.034797,-0.000031,-0.005645,-0.037326,-0.000000,-0.001015,1.570023,0.000000,1.000000,1.100000,0.000000,0.000000,-1.571000,0.000026,1.001013,1.065203,1.461740
1.334000,-0.000026,-0.001014,0.034797,-0.000031,-0.005645,-0.037326,-0.000000,-0.001015,1.570023,0.000000,1.000000,1.100000,0.000000,0.000000,-1.571000,0.000026,1.001014,1.065203,1.461741
1.336000,-0.000026,-0.001016,0.034797,-0.000031,-0.005645,-0.037326,-0.000000,-0.001015,1.570023,0.000000,1.000000,1.100000,0.000000,0.000000,-1.571000,0.000026,1.001016,1.065203,1.461742
1.338000,-0.000026,-0.001018,0.034797,-0.000031,-0.005645,-0.037326,-0.000000,-0.001015,1.570023,0.000000,1.000000,1.100000,0.000000,0.000000,-1.571000,0.000026,1.001018,1.065203,1.461743
1.340000,-0.000026,-0.001019,0.034797,-0.000031,-0.005645,-0.037326,-0.000000,-0.001015,1.570023,0.000000,1.000000,1.100000,0.000000,0.000000,-1.571000,0.000026,1.001019,1.065203,1.461745
1.342000,-0.000026,-0.001021,0.034797,-0.000031,-0.005645,-0.037326,-0.000000,-0.001015,1.570023,0.000000,1.000000,1.100000,0.000000,0.000000,-1.571000,0.000026,1.001021,1.065203,1.461746
1.344000,-0.000026,-0.001023,0.034797,-0.000031,-0.005645,-0.037326,-0.000000,-0.001015,1.570023,0.000000,1.000000,1.100000,0.000000,0.000000,-1.571000,0.000026,1.001023,1.065203,1.461747
1.346000,-0.000026,-0.001024,0.034797,-0.000031,-0.005645,-0.037326,-0.000000,-0.001015,1.570023,0.000000,1.000000,1.100000,0.000000,0.000000,-1.571000,0.000026,1.001024,1.065203,1.461748
1.348000,-0.000026,-0.001026,0.034797,-0.000031,-0.005645,-0.037326,-0.000000,-0.001015,1.570023,0.000000,1.000000,1.100000,0.000000,0.000000,-1.571000,0.000026,1.001026,1.065203,1.461749
1.350000,-0.000026,-0.001028,0.034797,-0.000031,-0.005645,-0.037326,-0.000000,-0.001015,1.570023,0.000000,1.000000,1.100000,0.000000,0.000000,-1.571000,0.000026,1.001028,1.065203,1.461750
1.352000,-0.000027,-0.001030,0.034797,-0.000031,-0.005645,-0.037326,-0.000000,-0.001015,1.570023,0.000000,1.000000,1.100000,0.000000,0.000000,-1.571000,0.000027,1.001030,1.065203,1.461751
1.354000,-0.000027,-0.001031,0.034797,-0.000031,-0.005645,-0.037326,-0.000000,-0.001015,1.570023,0.000000,1.000000,1.100000,0.000000,0.000000,-1.571000,0.000027,1.001031,1.065203,1.461753
1.356000,-0.000027,-0.001033,0.034797,-0.000031,-0.005645,-0.037326,-0.000000,-0.001015,1.570023,0.000000,1.000000,1.100000,0.000000,0.000000,-1.571000,0.000027,1.001033,1.065203,1.461754
1.358000,-0.000027,-0.001035,0.034797,-0.000031,-0.005645,-0.037326,-0.000000,-0.001015,1.570024,0.000000,1.000000,1.100000,0.000000,0.000000,-1.571000,0.000027,1.001035,1.065203,1.461755
1.360000,-0.000027,-0.001036,0.034797,-0.000031,-0.005645,-0.037326,-0.000000,-0.001015,1.570024,0.000000,1.000000,1.100000,0.000000,0.000000,-1.571000,0.000027,1.001036,1.065203,1.461756
1.362000,-0.000027,-0.001038,0.034797,-0.000031,-0.005645,-0.037326,-0.000000,-0.001015,1.570024,0.000000,1.000000,1.100000,0.000000,0.000000,-1.571000,0.000027,1.001038,1.065203,1.461757
1.364000,-0.000027,-0.001040,0.034797,-0.000031,-0.005645,-0.037326,-0.000000,-0.001015,1.570024,0.000000,1.000000,1.100000,0.000000,0.000000,-1.571000,0.000027,1.001040,1.065203,1.461758
1.366000,-0.000027,-0.001041,0.034797,-0.000031,-0.005645,-0.037326,-0.000000,-0.001015,1.570024,0.000000,1.000000,1.100000,0.000000,0.000000,-1.571000,0.000027,1.001041,1.065203,1.461759
1.368000,-0.000027,-0.001043,0.034797,-0.000031,-0.005645,-0.037326,-0.000000,-0.001015,1.570024,0.000000,1.000000,1.100000,0.000000,0.000000,-1.571000,0.000027,1.001043,1.065203,1.461761
1.370000,-0.000027,-0.001045,0.034797,-0.000031,-0.005645,-0.037326,-0.000000,-0.001015,1.570024,0.000000,1.000000,1.100000,0.000000,0.000000,-1.571000,0.000027,1.001045,1.065203,1.461762
1.372000,-0.000027,-0.001046,0.034797,-0.000031,-0.005645,-0.037326,-0.000000,-0.001015,1.570024,0.000000,1.000000,1.100000,0.000000,0.000000,-1.571000,0.000027,1.001046,1.065203,1.461763
1.374000,-0.000027,-0.001048,0.034797,-0.000031,-0.005645,-0.037326,-0.000000,-0.001015,1.570024,0.000000,1.000000,1.100000,0.000000,0.000000,-1.571000,0.000027,1.001048,1.065203,1.461764
1.376000,-0.000027,-0.001050,0.034797,-0.000031,-0.005645,-0.037326,-0.000000,-0.001015,1.570024,0.000000,1.000000,1.100000,0.000000,0.000000,-1.571000,0.000027,1.001050,1.065203,1.461765
1.378000,-0.000027,-0.001051,0.034797,-0.000031,-0.005645,-0.037326,-0.000000,-0.001015,1.570024,0.000000,1.000000,1.100000,0.000000,0.000000,-1.571000,0.000027,1.001051,1.065203,1.461766
1.380000,-0.000027,-0.001053,0.034797,-0.000031,-0.005645,-0.037326,-0.000000,-0.001015,1.570024,0.000000,1.000000,1.100000,0.000000,0.000000,-1.571000,0.000027,1.001053,1.065203,1.461768
1.382000,-0.000027,-0.001055,0.034797,-0.000031,-0.005645,-0.037326,-0.000000,-0.001015,1.570024,0.000000,1.000000,1.100000,0.000000,0.000000,-1.571000,0.000027,1.001055,1.065203,1.461769
1.384000,-0.000027,-0.001056,0.034797,-0.000031,-0.005645,-0.037326,-0.000000,-0.001015,1.570024,0.000000,1.000000,1.100000,0.000000,0.000000,-1.571000,0.000027,1.001056,1.065203,1.461770
1.386000,-0.000027,-0.001058,0.034797,-0.000031,-0.005645,-0.037326,-0.000000,-0.001015,1.570024,0.000000,1.000000,1.100000,0.000000,0.000000,-1.571000,0.000027,1.001058,1.065203,1.461771
1.388000,-0.000027,-0.001060,0.034797,-0.000031,-0.005645,-0.037326,-0.000000,-0.001015,1.570024,0.000000,1.000000,1.100000,0.000000,0.000000,-1.571000,0.000027,1.001060,1.065203,1.461772
1.390000,-0.000027,-0.001061,0.034797,-0.000031,-0.005645,-0.037326,-0.000000,-0.001015,1.570024,0.000000,1.000000,1.100000,0.000000,0.000000,-1.571000,0.000027,1.001061,1.065203,1.461773
1.392000,-0.000027,-0.001063,0.034797,-0.000031,-0.005645,-0.037326,-0.000000,-0.001015,1.570024,0.000000,1.000000,1.100000,0.000000,0.000000,-1.571000,0.000027,1.001063,1.065203,1.461774
1.394000,-0.000027,-0.001065,0.034797,-0.000031,-0.005645,-0.037326,-0.000000,-0.001015,1.570024,0.000000,1.000000,1.100000,0.000000,0.000000,-1.571000,0.000027,1.001065,1.065203,1.461776
1.396000,-0.000027,-0.001066,0.034797,-0.000031,-0.005645,-0.037326,-0.000000,-0.001015,1.570024,0.000000,1.000000,1.100000,0.000000,0.000000,-1.571000,0.000027,1.001066,1.065203,1.461777
1.398000,-0.000028,-0.001068,0.034797,-0.000031,-0.005645,-0.037326,-0.000000,-0.001015,1.570024,0.000000,1.000000,1.100000,0.000000,0.000000,-1.571000,0.000028,1.001068,1.065203,1.461778
1.400000,-0.000028,-0.001070,0.034797,-0.000031,-0.005645,-0.037326,-0.000000,-0.001015,1.570024,0.000000,1.000000,1.100000,0.000000,0.000000,-1.571000,0.000028,1.001070,1.065203,1.461779
1.402000,-0.000028,-0.001071,0.034797,-0.000031,-0.005645,-0.037326,-0.000000,-0.001015,1.570024,0.000000,1.000000,1.100000,0.000000,0.000000,-1.571000,0.000028,1.001071,1.065203,1.461780
1.404000,-0.000028,-0.001073,0.034797,-0.000031,-0.005645,-0.037326,-0.000000,-0.001015,1.570024,0.000000,1.000000,1.100000,0.000000,0.000000,-1.571000,0.000028,1.001073,1.065203,1.461781
1.406000,-0.000028,-0.001075,0.034797,-0.000031,-0.005645,-0.037326,-0.000000,-0.001015,1.570024,0.000000,1.000000,1.100000,0.000000,0.000000,-1.571000,0.000028,1.001075,1.065203,1.461782
1.408000,-0.000028,-0.001076,0.034797,-0.000031,-0.005645,-0.037326,-0.000000,-0.001015,1.570025,0.000000,1.000000,1.100000,0.000000,0.000000,-1.571000,0.000028,1.001076,1.065203,1.461784
1.410000,-0.000028,-0.001078,0.034797,-0.000031,-0.005645,-0.037326,-0.000000,-0.001015,1.570025,0.000000,1.000000,1.100000,0.000000,0.000000,-1.571000,0.000028,1.001078,1.065203,1.461785
1.412000,-0.000028,-0.001080,0.034797,-0.000031,-0.005645,-0.037326,-0.000000,-0.001015,1.570025,0.000000,1.000000,1.100000,0.000000,0.000000,-1.571000,0.000028,1.001080,1.065203,1.461786
1.414000,-0.000028,-0.001081,0.034797,-0.000031,-0.005645,-0.037326,-0.000000,-0.001015,1.570025,0.000000,1.000000,1.100000,0.000000,0.000000,-1.571000,0.000028,1.001081,1.065203,1.461787
1.416000,-0.000028,-0.001083,0.034797,-0.000031,-0.005645,-0.037326,-0.000000,-0.001015,1.570025,0.000000,1.000000,1.100000,0.000000,0.000000,-1.571000,0.000028,1.001083,1.065203,1.461788
1.418000,-0.000028,-0.001085,0.034797,-0.000031,-0.005645,-0.037326,-0.000000,-0.001015,1.570025,0.000000,1.000000,1.100000,0.000000,0.000000,-1.571000,0.000028,1.001085,1.065203,1.461789
1.420000,-0.000028,-0.001086,0.034797,-0.000031,-0.005645,-0.037326,-0.000000,-0.001015,1.570025,0.000000,1.000000,1.100000,0.000000,0.000000,-1.571000,0.000028,1.001086,1.065203,1.461790
1.422000,-0.000028,-0.001088,0.034797,-0.000031,-0.005645,-0.037326,-0.000000,-0.001015,1.570025,0.000000,1.000000,1.100000,0.000000,0.000000,-1.571000,0.000028,1.001088,1.065203,1.461792
1.424000,-0.000028,-0.001090,0.034797,-0.000031,-0.005645,-0.037326,-0.000000,-0.001015,1.570025,0.000000,1.000000,1.100000,0.000000,0.000000,-1.571000,0.000028,1.001090,1.065203,1.461793
1.426000,-0.000028,-0.001091,0.034797,-0.000031,-0.005645,-0.037326,-0.000000,-0.001015,1.570025,0.000000,1.000000,1.100000,0.000000,0.000000,-1.571000,0.000028,1.001091,1.065203,1.461794
1.428000,-0.000028,-0.001093,0.034797,-0.000031,-0.005645,-0.037326,-0.000000,-0.001015,1.570025,0.000000,1.000000,1.100000,0.000000,0.000000,-1.571000,0.000028,1.001093,1.065203,1.461795
1.430000,-0.000028,-0.001095,0.034797,-0.000031,-0.005645,-0.037326,-0.000000,-0.001015,1.570025,0.000000,1.000000,1.100000,0.000000,0.000000,-1.571000,0.000028,1.001095,1.065203,1.461796
1.432000,-0.000028,-0.001097,0.034797,-0.000031,-0.005645,-0.037326,-0.000000,-0.001015,1.570025,0.000000,1.000000,1.100000,0.000000,0.000000,-1.571000,0.000028,1.001097,1.065203,1.461797
1.434000,-0.000028,-0.001098,0.034797,-0.000031,-0.005645,-0.037326,-0.000000,-0.001015,1.570025,0.000000,1.000000,1.100000,0.000000,0.000000,-1.571000,0.000028,1.001098,1.065203,1.461798
1.436000,-0.000028,-0.001100,0.034797,-0.000031,-0.005645,-0.037326,-0.000000,-0.001015,1.570025,0.000000,1.000000,1.100000,0.000000,0.000000,-1.571000,0.000028,1.001100,1.065203,1.461800
1.438000,-0.000028,-0.001102,0.034797,-0.000031,-0.005645,-0.037326,-0.000000,-0.001015,1.570025,0.000000,1.000000,1.100000,0.000000,0.000000,-1.571000,0.000028,1.001102,1.065203,1.461801
1.440000,-0.000028,-0.001103,0.034797,-0.000031,-0.005645,-0.037326,-0.000000,-0.001015,1.570025,0.000000,1.000000,1.100000,0.000000,0.000000,-1.571000,0.000028,1.001103,1.065203,1.461802
1.442000,-0.000029,-0.001105,0.034797,-0.000031,-0.005645,-0.037326,-0.000000,-0.001015,1.570025,0.000000,1.000000,1.100000,0.000000,0.000000,-1.571000,0.000029,1.001105,1.065203,1.461803
1.444000,-0.000029,-0.001107,0.034797,-0.000031,-0.005645,-0.037326,-0.000000,-0.001015,1.570025,0.000000,1.000000,1.100000,0.000000,0.000000,-1.571000,0.000029,1.001107,1.065203,1.461804
1.446000,-0.000029,-0.001108,0.034797,-0.000031,-0.005645,-0.037326,-0.000000,-0.001015,1.570025,0.000000,1.000000,1.100000,0.000000,0.000000,-1.571000,0.000029,1.001108,1.065203,1.461805
1.448000,-0.000029,-0.001110,0.034797,-0.000031,-0.005645,-0.037326,-0.000000,-0.001015,1.570025,0.000000,1.000000,1.100000,0.000000,0.000000,-1.571000,0.000029,1.001110,1.065203,1.461807
1.450000,-0.000029,-0.001112,0.034797,-0.000031,-0.005645,-0.037326,-0.000000,-0.001015,1.570025,0.000000,1.000000,1.100000,0.000000,0.000000,-1.571000,0.000029,1.001112,1.065203,1.461808
1.452000,-0.000029,-0.001113,0.034797,-0.000031,-0.005645,-0.037326,-0.000000,-0.001015,1.570025,0.000000,1.000000,1.100000,0.000000,0.000000,-1.571000,0.000029,1.001113,1.065203,1.461809
1.454000,-0.000029,-0.001115,0.034797,-0.000031,-0.005645,-0.037326,-0.000000,-0.001015,1.570025,0.000000,1.000000,1.100000,0.000000,0.000000,-1.571000,0.000029,1.001115,1.065203,1.461810
1.456000,-0.000029,-0.001117,0.034797,-0.000031,-0.005645,-0.037326,-0.000000,-0.001015,1.570025,0.000000,1.000000,1.100000,0.000000,0.000000,-1.571000,0.000029,1.001117,1.065203,1.461811
1.458000,-0.000029,-0.001118,0.034797,-0.000031,-0.005645,-0.037326,-0.000000,-0.001015,1.570026,0.000000,1.000000,1.100000,0.000000,0.000000,-1.571000,0.000029,1.001118,1.065203,1.461812
1.460000,-0.000029,-0.001120,0.034797,-0.000031,-0.005645,-0.037326,-0.000000,-0.001015,1.570026,0.000000,1.000000,1.100000,0.000000,0.000000,-1.571000,0.000029,1.001120,1.065203,1.461813
1.462000,-0.000029,-0.001122,0.034797,-0.000031,-0.005645,-0.037326,-0.000000,-0.001015,1.570026,0.000000,1.000000,1.100000,0.000000,0.000000,-1.571000,0.000029,1.001122,1.065203,1.461815
1.464000,-0.000029,-0.001123,0.034797,-0.000031,-0.005645,-0.037326,-0.000000,-0.001015,1.570026,0.000000,1.000000,1.100000,0.000000,0.000000,-1.571000,0.000029,1.001123,1.065203,1.461816
1.466000,-0.000029,-0.001125,0.034797,-0.000031,-0.005645,-0.037326,-0.000000,-0.001015,1.570026,0.000000,1.000000,1.100000,0.000000,0.000000,-1.571000,0.000029,1.001125,1.065203,1.461817
1.468000,-0.000029,-0.001127,0.034797,-0.000031,-0.005645,-0.037326,-0.000000,-0.001015,1.570026,0.000000,1.000000,1.100000,0.000000,0.000000,-1.571000,0.000029,1.001127,1.065203,1.461818
1.470000,-0.000029,-0.001128,0.034797,-0.000031,-0.005645,-0.037326,-0.000000,-0.001015,1.570026,0.000000,1.000000,1.100000,0.000000,0.000000,-1.571000,0.000029,1.001128,1.065203,1.461819
1.472000,-0.000029,-0.001130,0.034797,-0.000031,-0.005645,-0.037326,-0.000000,-0.001015,1.570026,0.000000,1.000000,1.100000,0.000000,0.000000,-1.571000,0.000029,1.001130,1.065203,1.461820
1.474000,-0.000029,-0.001132,0.034797,-0.000031,-0.005645,-0.037326,-0.000000,-0.001015,1.570026,0.000000,1.000000,1.100000,0.000000,0.000000,-1.571000,0.000029,1.001132,1.065203,1.461821
1.476000,-0.000029,-0.001133,0.034797,-0.000031,-0.005645,-0.037326,-0.000000,-0.001015,1.570026,0.000000,1.000000,1.100000,0.000000,0.000000,-1.571000,0.000029,1.001133,1.065203,1.461823
1.478000,-0.000029,-0.001135,0.034797,-0.000031,-0.005645,-0.037326,-0.000000,-0.001015,1.570026,0.000000,1.000000,1.100000,0.000000,0.000000,-1.571000,0.000029,1.001135,1.065203,1.461824
1.480000,-0.000029,-0.001137,0.034797,-0.000031,-0.005645,-0.037326,-0.000000,-0.001015,1.570026,0.000000,1.000000,1.100000,0.000000,0.000000,-1.571000,0.000029,1.001137,1.065203,1.461825
1.482000,-0.000029,-0.001138,0.034797,-0.000031,-0.005645,-0.037326,-0.000000,-0.001015,1.570026,0.000000,1.000000,1.100000,0.000000,0.000000,-1.571000,0.000029,1.001138,1.065203,1.461826
1.484000,-0.000029,-0.001140,0.034797,-0.000031,-0.005645,-0.037326,-0.000000,-0.001015,1.570026,0.000000,1.000000,1.100000,0.000000,0.000000,-1.571000,0.000029,1.001140,1.065203,1.461827
1.486000,-0.000030,-0.001142,0.034797,-0.000031,-0.005645,-0.037326,-0.000000,-0.001015,1.570026,0.000000,1.000000,1.100000,0.000000,0.000000,-1.571000,0.000030,1.001142,1.065203,1.461828
1.488000,-0.000030,-0.001143,0.034797,-0.000031,-0.005645,-0.037326,-0.000000,-0.001015,1.570026,0.000000,1.000000,1.100000,0.000000,0.000000,-1.571000,0.000030,1.001143,1.065203,1.461829
1.490000,-0.000030,-0.001145,0.034797,-0.000031,-0.005645,-0.037326,-0.000000,-0.001015,1.570026,0.000000,1.000000,1.100000,0.000000,0.000000,-1.571000,0.000030,1.001145,1.065203,1.461831
1.492000,-0.000030,-0.001147,0.034797,-0.000031,-0.005645,-0.037326,-0.000000,-0.001015,1.570026,0.000000,1.000000,1.100000,0.000000,0.000000,-1.571000,0.000030,1.001147,1.065203,1.461832
1.494000,-0.000030,-0.001148,0.034797,-0.000031,-0.005645,-0.037326,-0.000000,-0.001015,1.570026,0.000000,1.000000,1.100000,0.000000,0.000000,-1.571000,0.000030,1.001148,1.065203,1.461833
1.496000,-0.000030,-0.001150,0.034797,-0.000031,-0.005645,-0.037326,-0.000000,-0.001015,1.570026,0.000000,1.000000,1.100000,0.000000,0.000000,-1.571000,0.000030,1.001150,1.065203,1.461834
1.498000,-0.000030,-0.001152,0.034797,-0.000031,-0.005645,-0.037326,-0.000000,-0.001015,1.570026,0.000000,1.000000,1.100000,0.000000,0.000000,-1.571000,0.000030,1.001152,1.065203,1.461835
1.500000,-0.000030,-0.001153,0.034797,-0.000031,-0.005645,-0.037326,-0.000000,-0.001015,1.570026,0.000000,1.000000,1.100000,0.000000,0.000000,-1.571000,0.000030,1.001153,1.065203,1.461836
1.502000,-0.000030,-0.001155,0.034797,-0.000031,-0.005645,-0.037326,-0.000000,-0.001015,1.570026,0.000000,1.000000,1.100000,0.000000,0.000000,-1.571000,0.000030,1.001155,1.065203,1.461837
1.504000,-0.000030,-0.001157,0.034797,-0.000031,-0.005645,-0.037326,-0.000000,-0.001015,1.570026,0.000000,1.000000,1.100000,0.000000,0.000000,-1.571000,0.000030,1.001157,1.065203,1.461839
1.506000,-0.000030,-0.001158,0.034797,-0.000031,-0.005645,-0.037326,-0.000000,-0.001015,1.570026,0.000000,1.000000,1.100000,0.000000,0.000000,-1.571000,0.000030,1.001158,1.065203,1.461840
1.508000,-0.000030,-0.001160,0.034797,-0.000031,-0.005645,-0.037326,-0.000000,-0.001015,1.570027,0.000000,1.000000,1.100000,0.000000,0.000000,-1.571000,0.000030,1.001160,1.065203,1.461841
1.510000,-0.000030,-0.001162,0.034797,-0.000031,-0.005645,-0.037326,-0.000000,-0.001015,1.570027,0.000000,1.000000,1.100000,0.000000,0.000000,-1.571000,0.000030,1.001162,1.065203,1.461842
1.512000,-0.000030,-0.001164,0.034797,-0.000031,-0.005645,-0.037326,-0.000000,-0.001015,1.570027,0.000000,1.000000,1.100000,0.000000,0.000000,-1.571000,0.000030,1.001164,1.065203,1.461843
1.514000,-0.000030,-0.001165,0.034797,-0.000031,-0.005645,-0.037326,-0.000000,-0.001015,1.570027,0.000000,1.000000,1.100000,0.000000,0.000000,-1.571000,0.000030,1.001165,1.065203,1.461844
1.516000,-0.000030,-0.001167,0.034797,-0.000031,-0.005645,-0.037326,-0.000000,-0.001015,1.570027,0.000000,1.000000,1.100000,0.000000,0.000000,-1.571000,0.000030,1.001167,1.065203,1.461845
1.518000,-0.000030,-0.001169,0.034797,-0.000031,-0.005645,-0.037326,-0.000000,-0.001015,1.570027,0.000000,1.000000,1.100000,0.000000,0.000000,-1.571000,0.000030,1.001169,1.065203,1.461847
1.520000,-0.000030,-0.001170,0.034797,-0.000031,-0.005645,-0.037326,-0.000000,-0.001015,1.570027,0.000000,1.000000,1.100000,0.000000,0.000000,-1.571000,0.000030,1.001170,1.065203,1.461848
1.522000,-0.000030,-0.001172,0.034797,-0.000031,-0.005645,-0.037326,-0.000000,-0.001015,1.570027,0.000000,1.000000,1.100000,0.000000,0.000000,-1.571000,0.000030,1.001172,1.065203,1.461849
1.524000,-0.000030,-0.001174,0.034797,-0.000031,-0.005645,-0.037326,-0.000000,-0.001015,1.570027,0.000000,1.000000,1.100000,0.000000,0.000000,-1.571000,0.000030,1.001174,1.065203,1.461850
1.526000,-0.000030,-0.001175,0.034797,-0.000031,-0.005645,-0.037326,-0.000000,-0.001015,1.570027,0.000000,1.000000,1.100000,0.000000,0.000000,-1.571000,0.000030,1.001175,1.065203,1.461851
1.528000,-0.000030,-0.001177,0.034797,-0.000031,-0.005645,-0.037326,-0.000000,-0.001015,1.570027,0.000000,1.000000,1.100000,0.000000,0.000000,-1.571000,0.000030,1.001177,1.065203,1.461852
1.530000,-0.000030,-0.001179,0.034797,-0.000031,-0.005645,-0.037326,-0.000000,-0.001015,1.570027,0.000000,1.000000,1.100000,0.000000,0.000000,-1.571000,0.000030,1.001179,1.065203,1.461854
1.532000,-0.000031,-0.001180,0.034797,-0.000031,-0.005645,-0.037326,-0.000000,-0.001015,1.570027,0.000000,1.000000,1.100000,0.000000,0.000000,-1.571000,0.000031,1.001180,1.065203,1.461855
1.534000,-0.000031,-0.001182,0.034797,-0.000031,-0.005645,-0.037326,-0.000000,-0.001015,1.570027,0.000000,1.000000,1.100000,0.000000,0.000000,-1.571000,0.000031,1.001182,1.065203,1.461856
1.536000,-0.000031,-0.001184,0.034797,-0.000031,-0.005645,-0.037326,-0.000000,-0.001015,1.570027,0.000000,1.000000,1.100000,0.000000,0.000000,-1.571000,0.000031,1.001184,1.065203,1.461857
1.538000,-0.000031,-0.001185,0.034797,-0.000031,-0.005645,-0.037326,-0.000000,-0.001015,1.570027,0.000000,1.000000,1.100000,0.000000,0.000000,-1.571000,0.000031,1.001185,1.065203,1.461858
1.540000,-0.000031,-0.001187,0.034797,-0.000031,-0.005645,-0.037326,-0.000000,-0.001015,1.570027,0.000000,1.000000,1.100000,0.000000,0.000000,-1.571000,0.000031,1.001187,1.065203,1.461859
1.542000,-0.000031,-0.001189,0.034797,-0.000031,-0.005645,-0.037326,-0.000000,-0.001015,1.570027,0.000000,1.000000,1.100000,0.000000,0.000000,-1.571000,0.000031,1.001189,1.065203,1.461860
1.544000,-0.000031,-0.001190,0.034797,-0.000031,-0.005645,-0.037326,-0.000000,-0.001015,1.570027,0.000000,1.000000,1.100000,0.000000,0.000000,-1.571000,0.000031,1.001190,1.065203,1.461862
1.546000,-0.000031,-0.001192,0.034797,-0.000031,-0.005645,-0.037326,-0.000000,-0.001015,1.570027,0.000000,1.000000,1.100000,0.000000,0.000000,-1.571000,0.000031,1.001192,1.065203,1.461863
1.548000,-0.000031,-0.001194,0.034797,-0.000031,-0.005645,-0.037326,-0.000000,-0.001015,1.570027,0.000000,1.000000,1.100000,0.000000,0.000000,-1.571000,0.000031,1.001194,1.065203,1.461864
1.550000,-0.000031,-0.001195,0.034797,-0.000031,-0.005645,-0.037326,-0.000000,-0.001015,1.570027,0.000000,1.000000,1.100000,0.000000,0.000000,-1.571000,0.000031,1.001195,1.065203,1.461865
1.552000,-0.000031,-0.001197,0.034797,-0.000031,-0.005645,-0.037326,-0.000000,-0.001015,1.570027,0.000000,1.000000,1.100000,0.000000,0.000000,-1.571000,0.000031,1.001197,1.065203,1.461866
1.554000,-0.000031,-0.001199,0.034797,-0.000031,-0.005645,-0.037326,-0.000000,-0.001015,1.570027,0.000000,1.000000,1.100000,0.000000,0.000000,-1.571000,0.000031,1.001199,1.065203,1.461867
1.556000,-0.000031,-0.001200,0.034797,-0.000031,-0.005645,-0.037326,-0.000000,-0.001015,1.570027,0.000000,1.000000,1.100000,0.000000,0.000000,-1.571000,0.000031,1.001200,1.065203,1.461868
1.558000,-0.000031,-0.001202,0.034797,-0.000031,-0.005645,-0.037326,-0.000000,-0.001015,1.570027,0.000000,1.000000,1.100000,0.000000,0.000000,-1.571000,0.000031,1.001202,1.065203,1.461870
1.560000,-0.000031,-0.001204,0.034797,-0.000031,-0.005645,-0.037326,-0.000000,-0.001015,1.570028,0.000000,1.000000,1.100000,0.000000,0.000000,-1.571000,0.000031,1.001204,1.065203,1.461871
1.562000,-0.000031,-0.001205,0.034797,-0.000031,-0.005645,-0.037326,-0.000000,-0.001015,1.570028,0.000000,1.000000,1.100000,0.000000,0.000000,-1.571000,0.000031,1.001205,1.065203,1.461872
1.564000,-0.000031,-0.001207,0.034797,-0.000031,-0.005645,-0.037326,-0.000000,-0.001015,1.570028,0.000000,1.000000,1.100000,0.000000,0.000000,-1.571000,0.000031,1.001207,1.065203,1.461873
1.566000,-0.000031,-0.001209,0.034797,-0.000031,-0.005645,-0.037326,-0.000000,-0.001015,1.570028,0.000000,1.000000,1.100000,0.000000,0.000000,-1.571000,0.000031,1.001209,1.065203,1.461874
1.568000,-0.000031,-0.001210,0.034797,-0.000031,-0.005645,-0.037326,-0.000000,-0.001015,1.570028,0.000000,1.000000,1.100000,0.000000,0.000000,-1.571000,0.000031,1.001210,1.065203,1.461875
1.570000,-0.000031,-0.001212,0.034797,-0.000031,-0.005645,-0.037326,-0.000000,-0.001015,1.570028,0.000000,1.000000,1.100000,0.000000,0.000000,-1.571000,0.000031,1.001212,1.065203,1.461876
1.572000,-0.000031,-0.001214,0.034797,-0.000031,-0.005645,-0.037326,-0.000000,-0.001015,1.570028,0.000000,1.000000,1.100000,0.000000,0.000000,-1.571000,0.000031,1.001214,1.065203,1.461878
1.574000,-0.000031,-0.001215,0.034797,-0.000031,-0.005645,-0.037326,-0.000000,-0.001015,1.570028,0.000000,1.000000,1.100000,0.000000,0.000000,-1.571000,0.000031,1.001215,1.065203,1.461879
1.576000,-0.000032,-0.001217,0.034797,-0.000031,-0.005645,-0.037326,-0.000000,-0.001015,1.570028,0.000000,1.000000,1.100000,0.000000,0.000000,-1.571000,0.000032,1.001217,1.065203,1.461880
1.578000,-0.000032,-0.001219,0.034797,-0.000031,-0.005645,-0.037326,-0.000000,-0.001015,1.570028,0.000000,1.000000,1.100000,0.000000,0.000000,-1.571000,0.000032,1.001219,1.065203,1.461881
1.580000,-0.000032,-0.001220,0.034797,-0.000031,-0.005645,-0.037326,-0.000000,-0.001015,1.570028,0.000000,1.000000,1.100000,0.000000,0.000000,-1.571000,0.000032,1.001220,1.065203,1.461882
1.582000,-0.000032,-0.001222,0.034797,-0.000031,-0.005645,-0.037326,-0.000000,-0.001015,1.570028,0.000000,1.000000,1.100000,0.000000,0.000000,-1.571000,0.000032,1.001222,1.065203,1.461883
1.584000,-0.000032,-0.001224,0.034797,-0.000031,-0.005645,-0.037326,-0.000000,-0.001015,1.570028,0.000000,1.000000,1.100000,0.000000,0.000000,-1.571000,0.000032,1.001224,1.065203,1.461884
1.586000,-0.000032,-0.001225,0.034797,-0.000031,-0.005645,-0.037326,-0.000000,-0.001015,1.570028,0.000000,1.000000,1.100000,0.000000,0.000000,-1.571000,0.000032,1.001225,1.065203,1.461886
1.588000,-0.000032,-0.001227,0.034797,-0.000031,-0.005645,-0.037326,-0.000000,-0.001015,1.570028,0.000000,1.000000,1.100000,0.000000,0.000000,-1.571000,0.000032,1.001227,1.065203,1.461887
1.590000,-0.000032,-0.001229,0.034797,-0.000031,-0.005645,-0.037326,-0.000000,-0.001015,1.570028,0.000000,1.000000,1.100000,0.000000,0.000000,-1.571000,0.000032,1.001229,1.065203,1.461888
1.592000,-0.000032,-0.001230,0.034797,-0.000031,-0.005645,-0.037326,-0.000000,-0.001015,1.570028,0.000000,1.000000,1.100000,0.000000,0.000000,-1.571000,0.000032,1.001230,1.065203,1.461889
1.594000,-0.000032,-0.001232,0.034797,-0.000031,-0.005645,-0.037326,-0.000000,-0.001015,1.570028,0.000000,1.000000,1.100000,0.000000,0.000000,-1.571000,0.000032,1.001232,1.065203,1.461890
1.596000,-0.000032,-0.001234,0.034797,-0.000031,-0.005645,-0.037326,-0.000000,-0.001015,1.570028,0.000000,1.000000,1.100000,0.000000,0.000000,-1.571000,0.000032,1.001234,1.065203,1.461891
1.598000,-0.000032,-0.001236,0.034797,-0.000031,-0.005645,-0.037326,-0.000000,-0.001015,1.570028,0.000000,1.000000,1.100000,0.000000,0.000000,-1.571000,0.000032,1.001236,1.065203,1.461893
1.600000,-0.000032,-0.001237,0.034797,-0.000031,-0.005645,-0.037326,-0.000000,-0.001015,1.570028,0.000000,1.000000,1.100000,0.000000,0.000000,-1.571000,0.000032,1.001237,1.065203,1.461894
1.602000,-0.000032,-0.001239,0.034797,-0.000031,-0.005645,-0.037326,-0.000000,-0.001015,1.570028,0.000000,1.000000,1.100000,0.000000,0.000000,-1.571000,0.000032,1.001239,1.065203,1.461895
1.604000,-0.000032,-0.001241,0.034797,-0.000031,-0.005645,-0.037326,-0.000000,-0.001015,1.570028,0.000000,1.000000,1.100000,0.000000,0.000000,-1.571000,0.000032,1.001241,1.065203,1.461896
1.606000,-0.000032,-0.001242,0.034797,-0.000031,-0.005645,-0.037326,-0.000000,-0.001015,1.570028,0.000000,1.000000,1.100000,0.000000,0.000000,-1.571000,0.000032,1.001242,1.065203,1.461897
1.608000,-0.000032,-0.001244,0.034797,-0.000031,-0.005645,-0.037326,-0.000000,-0.001015,1.570028,0.000000,1.000000,1.100000,0.000000,0.000000,-1.571000,0.000032,1.001244,1.065203,1.461898
1.610000,-0.000032,-0.001246,0.034797,-0.000031,-0.005645,-0.037326,-0.000000,-0.001015,1.570029,0.000000,1.000000,1.100000,0.000000,0.000000,-1.571000,0.000032,1.001246,1.065203,1.461899
1.612000,-0.000032,-0.001247,0.034797,-0.000031,-0.005645,-0.037326,-0.000000,-0.001015,1.570029,0.000000,1.000000,1.100000,0.000000,0.000000,-1.571000,0.000032,1.001247,1.065203,1.461901
1.614000,-0.000032,-0.001249,0.034797,-0.000031,-0.005645,-0.037326,-0.000000,-0.001015,1.570029,0.000000,1.000000,1.100000,0.000000,0.000000,-1.571000,0.000032,1.001249,1.065203,1.461902
1.616000,-0.000032,-0.001251,0.034797,-0.000031,-0.005645,-0.037326,-0.000000,-0.001015,1.570029,0.000000,1.000000,1.100000,0.000000,0.000000,-1.571000,0.000032,1.001251,1.065203,1.461903
1.618000,-0.000032,-0.001252,0.034797,-0.000031,-0.005645,-0.037326,-0.000000,-0.001015,1.570029,0.000000,1.000000,1.100000,0.000000,0.000000,-1.571000,0.000032,1.001252,1.065203,1.461904
1.620000,-0.000032,-0.001254,0.034797,-0.000031,-0.005645,-0.037326,-0.000000,-0.001015,1.570029,0.000000,1.000000,1.100000,0.000000,0.000000,-1.571000,0.000032,1.001254,1.065203,1.461905
1.622000,-0.000033,-0.001256,0.034797,-0.000031,-0.005645,-0.037326,-0.000000,-0.001015,1.570029,0.000000,1.000000,1.100000,0.000000,0.000000,-1.571000,0.000033,1.001256,1.065203,1.461906
1.624000,-0.000033,-0.001257,0.034797,-0.000031,-0.005645,-0.037326,-0.000000,-0.001015,1.570029,0.000000,1.000000,1.100000,0.000000,0.000000,-1.571000,0.000033,1.001257,1.065203,1.461907
1.626000,-0.000033,-0.001259,0.034797,-0.000031,-0.005645,-0.037326,-0.000000,-0.001015,1.570029,0.000000,1.000000,1.100000,0.000000,0.000000,-1.571000,0.000033,1.001259,1.065203,1.461909
1.628000,-0.000033,-0.001261,0.034797,-0.000031,-0.005645,-0.037326,-0.000000,-0.001015,1.570029,0.000000,1.000000,1.100000,0.000000,0.000000,-1.571000,0.000033,1.001261,1.065203,1.461910
1.630000,-0.000033,-0.001262,0.034797,-0.000031,-0.005645,-0.037326,-0.000000,-0.001015,1.570029,0.000000,1.000000,1.100000,0.000000,0.000000,-1.571000,0.000033,1.001262,1.065203,1.461911
1.632000,-0.000033,-0.001264,0.034797,-0.000031,-0.005645,-0.037326,-0.000000,-0.001015,1.570029,0.000000,1.000000,1.100000,0.000000,0.000000,-1.571000,0.000033,1.001264,1.065203,1.461912
1.634000,-0.000033,-0.001266,0.034797,-0.000031,-0.005645,-0.037326,-0.000000,-0.001015,1.570029,0.000000,1.000000,1.100000,0.000000,0.000000,-1.571000,0.000033,1.001266,1.065203,1.461913
1.636000,-0.000033,-0.001267,0.034797,-0.000031,-0.005645,-0.037326,-0.000000,-0.001015,1.570029,0.000000,1.000000,1.100000,0.000000,0.000000,-1.571000,0.000033,1.001267,1.065203,1.461914
1.638000,-0.000033,-0.001269,0.034797,-0.000031,-0.005645,-0.037326,-0.000000,-0.001015,1.570029,0.000000,1.000000,1.100000,0.000000,0.000000,-1.571000,0.000033,1.001269,1.065203,1.461915
1.640000,-0.000033,-0.001271,0.034797,-0.000031,-0.005645,-0.037326,-0.000000,-0.001015,1.570029,0.000000,1.000000,1.100000,0.000000,0.000000,-1.571000,0.000033,1.001271,1.065203,1.461917
1.642000,-0.000033,-0.001272,0.034797,-0.000031,-0.005645,-0.037326,-0.000000,-0.001015,1.570029,0.000000,1.000000,1.100000,0.000000,0.000000,-1.571000,0.000033,1.001272,1.065203,1.461918
1.644000,-0.000033,-0.001274,0.034797,-0.000031,-0.005645,-0.037326,-0.000000,-0.001015,1.570029,0.000000,1.000000,1.100000,0.000000,0.000000,-1.571000,0.000033,1.001274,1.065203,1.461919
1.646000,-0.000033,-0.001276,0.034797,-0.000031,-0.005645,-0.037326,-0.000000,-0.001015,1.570029,0.000000,1.000000,1.100000,0.000000,0.000000,-1.571000,0.000033,1.001276,1.065203,1.461920
1.648000,-0.000033,-0.001277,0.034797,-0.000031,-0.005645,-0.037326,-0.000000,-0.001015,1.570029,0.000000,1.000000,1.100000,0.000000,0.000000,-1.571000,0.000033,1.001277,1.065203,1.461921
1.650000,-0.000033,-0.001279,0.034797,-0.000031,-0.005645,-0.037326,-0.000000,-0.001015,1.570029,0.000000,1.000000,1.100000,0.000000,0.000000,-1.571000,0.000033,1.001279,1.065203,1.461922
1.652000,-0.000033,-0.001281,0.034797,-0.000031,-0.005645,-0.037326,-0.000000,-0.001015,1.570029,0.000000,1.000000,1.100000,0.000000,0.000000,-1.571000,0.000033,1.001281,1.065203,1.461923
1.654000,-0.000033,-0.001282,0.034797,-0.000031,-0.005645,-0.037326,-0.000000,-0.001015,1.570029,0.000000,1.000000,1.100000,0.000000,0.000000,-1.571000,0.000033,1.001282,1.065203,1.461925
1.656000,-0.000033,-0.001284,0.034797,-0.000031,-0.005645,-0.037326,-0.000000,-0.001015,1.570029,0.000000,1.000000,1.100000,0.000000,0.000000,-1.571000,0.000033,1.001284,1.065203,1.461926
1.658000,-0.000033,-0.001286,0.034797,-0.000031,-0.005645,-0.037326,-0.000000,-0.001015,1.570029,0.000000,1.000000,1.100000,0.000000,0.000000,-1.571000,0.000033,1.001286,1.065203,1.461927
1.660000,-0.000033,-0.001287,0.034797,-0.000031,-0.005645,-0.037326,-0.000000,-0.001015,1.570030,0.000000,1.000000,1.100000,0.000000,0.000000,-1.571000,0.000033,1.001287,1.065203,1.461928
1.662000,-0.000033,-0.001289,0.034797,-0.000031,-0.005645,-0.037326,-0.000000,-0.001015,1.570030,0.000000,1.000000,1.100000,0.000000,0.000000,-1.571000,0.000033,1.001289,1.065203,1.461929
1.664000,-0.000033,-0.001291,0.034797,-0.000031,-0.005645,-0.037326,-0.000000,-0.001015,1.570030,0.000000,1.000000,1.100000,0.000000,0.000000,-1.571000,0.000033,1.001291,1.065203,1.461930
1.666000,-0.000034,-0.001292,0.034797,-0.000031,-0.005645,-0.037326,-0.000000,-0.001015,1.570030,0.000000,1.000000,1.100000,0.000000,0.000000,-1.571000,0.000034,1.001292,1.065203,1.461932
1.668000,-0.000034,-0.001294,0.034797,-0.000031,-0.005645,-0.037326,-0.000000,-0.001015,1.570030,0.000000,1.000000,1.100000,0.000000,0.000000,-1.571000,0.000034,1.001294,1.065203,1.461933
1.670000,-0.000034,-0.001296,0.034797,-0.000031,-0.005645,-0.037326,-0.000000,-0.001015,1.570030,0.000000,1.000000,1.100000,0.000000,0.000000,-1.571000,0.000034,1.001296,1.065203,1.461934
1.672000,-0.000034,-0.001297,0.034797,-0.000031,-0.005645,-0.037326,-0.000000,-0.001015,1.570030,0.000000,1.000000,1.100000,0.000000,0.000000,-1.571000,0.000034,1.001297,1.065203,1.461935
1.674000,-0.000034,-0.001299,0.034797,-0.000031,-0.005645,-0.037326,-0.000000,-0.001015,1.570030,0.000000,1.000000,1.100000,0.000000,0.000000,-1.571000,0.000034,1.001299,1.065203,1.461936
1.676000,-0.000034,-0.001301,0.034797,-0.000031,-0.005645,-0.037326,-0.000000,-0.001015,1.570030,0.000000,1.000000,1.100000,0.000000,0.000000,-1.571000,0.000034,1.001301,1.065203,1.461937
1.678000,-0.000034,-0.001303,0.034797,-0.000031,-0.005645,-0.037326,-0.000000,-0.001015,1.570030,0.000000,1.000000,1.100000,0.000000,0.000000,-1.571000,0.000034,1.001303,1.065203,1.461938
1.680000,-0.000034,-0.001304,0.034797,-0.000031,-0.005645,-0.037326,-0.000000,-0.001015,1.570030,0.000000,1.000000,1.100000,0.000000,0.000000,-1.571000,0.000034,1.001304,1.065203,1.461940
1.682000,-0.000034,-0.001306,0.034797,-0.000031,-0.005645,-0.037326,-0.000000,-0.001015,1.570030,0.000000,1.000000,1.100000,0.000000,0.000000,-1.571000,0.000034,1.001306,1.065203,1.461941
1.684000,-0.000034,-0.001308,0.034797,-0.000031,-0.005645,-0.037326,-0.000000,-0.001015,1.570030,0.000000,1.000000,1.100000,0.000000,0.000000,-1.571000,0.000034,1.001308,1.065203,1.461942
1.686000,-0.000034,-0.001309,0.034797,-0.000031,-0.005645,-0.037326,-0.000000,-0.001015,1.570030,0.000000,1.000000,1.100000,0.000000,0.000000,-1.571000,0.000034,1.001309,1.065203,1.461943
1.688000,-0.000034,-0.001311,0.034797,-0.000031,-0.005645,-0.037326,-0.000000,-0.001015,1.570030,0.000000,1.000000,1.100000,0.000000,0.000000,-1.571000,0.000034,1.001311,1.065203,1.461944
1.690000,-0.000034,-0.001313,0.034797,-0.000031,-0.005645,-0.037326,-0.000000,-0.001015,1.570030,0.000000,1.000000,1.100000,0.000000,0.000000,-1.571000,0.000034,1.001313,1.065203,1.461945
1.692000,-0.000034,-0.001314,0.034797,-0.000031,-0.005645,-0.037326,-0.000000,-0.001015,1.570030,0.000000,1.000000,1.100000,0.000000,0.000000,-1.571000,0.000034,1.001314,1.065203,1.461946
1.694000,-0.000034,-0.001316,0.034797,-0.000031,-0.005645,-0.037326,-0.000000,-0.001015,1.570030,0.000000,1.000000,1.100000,0.000000,0.000000,-1.571000,0.000034,1.001316,1.065203,1.461948
1.696000,-0.000034,-0.001318,0.034797,-0.000031,-0.005645,-0.037326,-0.000000,-0.001015,1.570030,0.000000,1.000000,1.100000,0.000000,0.000000,-1.571000,0.000034,1.001318,1.065203,1.461949
1.698000,-0.000034,-0.001319,0.034797,-0.000031,-0.005645,-0.037326,-0.000000,-0.001015,1.570030,0.000000,1.000000,1.100000,0.000000,0.000000,-1.571000,0.000034,1.001319,1.065203,1.461950
1.700000,-0.000034,-0.001321,0.034797,-0.000031,-0.005645,-0.037326,-0.000000,-0.001015,1.570030,0.000000,1.000000,1.100000,0.000000,0.000000,-1.571000,0.000034,1.001321,1.065203,1.461951
1.702000,-0.000034,-0.001323,0.034797,-0.000031,-0.005645,-0.037326,-0.000000,-0.001015,1.570030,0.000000,1.000000,1.100000,0.000000,0.000000,-1.571000,0.000034,1.001323,1.065203,1.461952
1.704000,-0.000034,-0.001324,0.034797,-0.000031,-0.005645,-0.037326,-0.000000,-0.001015,1.570030,0.000000,1.000000,1.100000,0.000000,0.000000,-1.571000,0.000034,1.001324,1.065203,1.461953
1.706000,-0.000034,-0.001326,0.034797,-0.000031,-0.005645,-0.037326,-0.000000,-0.001015,1.570030,0.000000,1.000000,1.100000,0.000000,0.000000,-1.571000,0.000034,1.001326,1.065203,1.461954
1.708000,-0.000034,-0.001328,0.034797,-0.000031,-0.005645,-0.037326,-0.000000,-0.001015,1.570030,0.000000,1.000000,1.100000,0.000000,0.000000,-1.571000,0.000034,1.001328,1.065203,1.461956
1.710000,-0.000035,-0.001329,0.034797,-0.000031,-0.005645,-0.037326,-0.000000,-0.001015,1.570031,0.000000,1.000000,1.100000,0.000000,0.000000,-1.571000,0.000035,1.001329,1.065203,1.461957
1.712000,-0.000035,-0.001331,0.034797,-0.000031,-0.005645,-0.037326,-0.000000,-0.001015,1.570031,0.000000,1.000000,1.100000,0.000000,0.000000,-1.571000,0.000035,1.001331,1.065203,1.461958
1.714000,-0.000035,-0.001333,0.034797,-0.000031,-0.005645,-0.037326,-0.000000,-0.001015,1.570031,0.000000,1.000000,1.100000,0.000000,0.000000,-1.571000,0.000035,1.001333,1.065203,1.461959
1.716000,-0.000035,-0.001334,0.034797,-0.000031,-0.005645,-0.037326,-0.000000,-0.001015,1.570031,0.000000,1.000000,1.100000,0.000000,0.000000,-1.571000,0.000035,1.001334,1.065203,1.461960
1.718000,-0.000035,-0.001336,0.034797,-0.000031,-0.005645,-0.037326,-0.000000,-0.001015,1.570031,0.000000,1.000000,1.100000,0.000000,0.000000,-1.571000,0.000035,1.001336,1.065203,1.461961
1.720000,-0.000035,-0.001338,0.034797,-0.000031,-0.005645,-0.037326,-0.000000,-0.001015,1.570031,0.000000,1.000000,1.100000,0.000000,0.000000,-1.571000,0.000035,1.001338,1.065203,1.461962
1.722000,-0.000035,-0.001339,0.034797,-0.000031,-0.005645,-0.037326,-0.000000,-0.001015,1.570031,0.000000,1.000000,1.100000,0.000000,0.000000,-1.571000,0.000035,1.001339,1.065203,1.461964
1.724000,-0.000035,-0.001341,0.034797,-0.000031,-0.005645,-0.037326,-0.000000,-0.001015,1.570031,0.000000,1.000000,1.100000,0.000000,0.000000,-1.571000,0.000035,1.001341,1.065203,1.461965
1.726000,-0.000035,-0.001343,0.034797,-0.000031,-0.005645,-0.037326,-0.000000,-0.001015,1.570031,0.000000,1.000000,1.100000,0.000000,0.000000,-1.571000,0.000035,1.001343,1.065203,1.461966
1.728000,-0.000035,-0.001344,0.034797,-0.000031,-0.005645,-0.037326,-0.000000,-0.001015,1.570031,0.000000,1.000000,1.100000,0.000000,0.000000,-1.571000,0.000035,1.001344,1.065203,1.461967
1.730000,-0.000035,-0.001346,0.034797,-0.000031,-0.005645,-0.037326,-0.000000,-0.001015,1.570031,0.000000,1.000000,1.100000,0.000000,0.000000,-1.571000,0.000035,1.001346,1.065203,1.461968
1.732000,-0.000035,-0.001348,0.034797,-0.000031,-0.005645,-0.037326,-0.000000,-0.001015,1.570031,0.000000,1.000000,1.100000,0.000000,0.000000,-1.571000,0.000035,1.001348,1.065203,1.461969
1.734000,-0.000035,-0.001349,0.034797,-0.000031,-0.005645,-0.037326,-0.000000,-0.001015,1.570031,0.000000,1.000000,1.100000,0.000000,0.000000,-1.571000,0.000035,1.001349,1.065203,1.461971
1.736000,-0.000035,-0.001351,0.034797,-0.000031,-0.005645,-0.037326,-0.000000,-0.001015,1.570031,0.000000,1.000000,1.100000,0.000000,0.000000,-1.571000,0.000035,1.001351,1.065203,1.461972
1.738000,-0.000035,-0.001353,0.034797,-0.000031,-0.005645,-0.037326,-0.000000,-0.001015,1.570031,0.000000,1.000000,1.100000,0.000000,0.000000,-1.571000,0.000035,1.001353,1.065203,1.461973
1.740000,-0.000035,-0.001354,0.034797,-0.000031,-0.005645,-0.037326,-0.000000,-0.001015,1.570031,0.000000,1.000000,1.100000,0.000000,0.000000,-1.571000,0.000035,1.001354,1.065203,1.461974
1.742000,-0.000035,-0.001356,0.034797,-0.000031,-0.005645,-0.037326,-0.000000,-0.001015,1.570031,0.000000,1.000000,1.100000,0.000000,0.000000,-1.571000,0.000035,1.001356,1.065203,1.461975
1.744000,-0.000035,-0.001358,0.034797,-0.000031,-0.005645,-0.037326,-0.000000,-0.001015,1.570031,0.000000,1.000000,1.100000,0.000000,0.000000,-1.571000,0.000035,1.001358,1.065203,1.461976
1.746000,-0.000035,-0.001359,0.034797,-0.000031,-0.005645,-0.037326,-0.000000,-0.001015,1.570031,0.000000,1.000000,1.100000,0.000000,0.000000,-1.571000,0.000035,1.001359,1.065203,1.461977
1.748000,-0.000035,-0.001361,0.034797,-0.000031,-0.005645,-0.037326,-0.000000,-0.001015,1.570031,0.000000,1.000000,1.100000,0.000000,0.000000,-1.571000,0.000035,1.001361,1.065203,1.461979
1.750000,-0.000035,-0.001363,0.034797,-0.000031,-0.005645,-0.037326,-0.000000,-0.001015,1.570031,0.000000,1.000000,1.100000,0.000000,0.000000,-1.571000,0.000035,1.001363,1.065203,1.461980
1.752000,-0.000035,-0.001364,0.034797,-0.000031,-0.005645,-0.037326,-0.000000,-0.001015,1.570031,0.000000,1.000000,1.100000,0.000000,0.000000,-1.571000,0.000035,1.001364,1.065203,1.461981
1.754000,-0.000035,-0.001366,0.034797,-0.000031,-0.005645,-0.037326,-0.000000,-0.001015,1.570031,0.000000,1.000000,1.100000,0.000000,0.000000,-1.571000,0.000035,1.001366,1.065203,1.461982
1.756000,-0.000036,-0.001368,0.034797,-0.000031,-0.005645,-0.037326,-0.000000,-0.001015,1.570031,0.000000,1.000000,1.100000,0.000000,0.000000,-1.571000,0.000036,1.001368,1.065203,1.461983
1.758000,-0.000036,-0.001369,0.034797,-0.000031,-0.005645,-0.037326,-0.000000,-0.001015,1.570031,0.000000,1.000000,1.100000,0.000000,0.000000,-1.571000,0.000036,1.001369,1.065203,1.461984
1.760000,-0.000036,-0.001371,0.034797,-0.000031,-0.005645,-0.037326,-0.000000,-0.001015,1.570031,0.000000,1.000000,1.100000,0.000000,0.000000,-1.571000,0.000036,1.001371,1.065203,1.461985
1.762000,-0.000036,-0.001373,0.034797,-0.000031,-0.005645,-0.037326,-0.000000,-0.001015,1.570032,0.000000,1.000000,1.100000,0.000000,0.000000,-1.571000,0.000036,1.001373,1.065203,1.461987
1.764000,-0.000036,-0.001375,0.034797,-0.000031,-0.005645,-0.037326,-0.000000,-0.001015,1.570032,0.000000,1.000000,1.100000,0.000000,0.000000,-1.571000,0.000036,1.001375,1.065203,1.461988
1.766000,-0.000036,-0.001376,0.034797,-0.000031,-0.005645,-0.037326,-0.000000,-0.001015,1.570032,0.000000,1.000000,1.100000,0.000000,0.000000,-1.571000,0.000036,1.001376,1.065203,1.461989
1.768000,-0.000036,-0.001378,0.034797,-0.000031,-0.005645,-0.037326,-0.000000,-0.001015,1.570032,0.000000,1.000000,1.100000,0.000000,0.000000,-1.571000,0.000036,1.001378,1.065203,1.461990
1.770000,-0.000036,-0.001380,0.034797,-0.000031,-0.005645,-0.037326,-0.000000,-0.001015,1.570032,0.000000,1.000000,1.100000,0.000000,0.000000,-1.571000,0.000036,1.001380,1.065203,1.461991
1.772000,-0.000036,-0.001381,0.034797,-0.000031,-0.005645,-0.037326,-0.000000,-0.001015,1.570032,0.000000,1.000000,1.100000,0.000000,0.000000,-1.571000,0.000036,1.001381,1.065203,1.461992
1.774000,-0.000036,-0.001383,0.034797,-0.000031,-0.005645,-0.037326,-0.000000,-0.001015,1.570032,0.000000,1.000000,1.100000,0.000000,0.000000,-1.571000,0.000036,1.001383,1.065203,1.461993
1.776000,-0.000036,-0.001385,0.034797,-0.000031,-0.005645,-0.037326,-0.000000,-0.001015,1.570032,0.000000,1.000000,1.100000,0.000000,0.000000,-1.571000,0.000036,1.001385,1.065203,1.461995
1.778000,-0.000036,-0.001386,0.034797,-0.000031,-0.005645,-0.037326,-0.000000,-0.001015,1.570032,0.000000,1.000000,1.100000,0.000000,0.000000,-1.571000,0.000036,1.001386,1.065203,1.461996
1.780000,-0.000036,-0.001388,0.034797,-0.000031,-0.005645,-0.037326,-0.000000,-0.001015,1.570032,0.000000,1.000000,1.100000,0.000000,0.000000,-1.571000,0.000036,1.001388,1.065203,1.461997
1.782000,-0.000036,-0.001390,0.034797,-0.000031,-0.005645,-0.037326,-0.000000,-0.001015,1.570032,0.000000,1.000000,1.100000,0.000000,0.000000,-1.571000,0.000036,1.001390,1.065203,1.461998
1.784000,-0.000036,-0.001391,0.034797,-0.000031,-0.005645,-0.037326,-0.000000,-0.001015,1.570032,0.000000,1.000000,1.100000,0.000000,0.000000,-1.571000,0.000036,1.001391,1.065203,1.461999
1.786000,-0.000036,-0.001393,0.034797,-0.000031,-0.005645,-0.037326,-0.000000,-0.001015,1.570032,0.000000,1.000000,1.100000,0.000000,0.000000,-1.571000,0.000036,1.001393,1.065203,1.462000
1.788000,-0.000036,-0.001395,0.034797,-0.000031,-0.005645,-0.037326,-0.000000,-0.001015,1.570032,0.000000,1.000000,1.100000,0.000000,0.000000,-1.571000,0.000036,1.001395,1.065203,1.462001
1.790000,-0.000036,-0.001396,0.034797,-0.000031,-0.005645,-0.037326,-0.000000,-0.001015,1.570032,0.000000,1.000000,1.100000,0.000000,0.000000,-1.571000,0.000036,1.001396,1.065203,1.462003
1.792000,-0.000036,-0.001398,0.034797,-0.000031,-0.005645,-0.037326,-0.000000,-0.001015,1.570032,0.000000,1.000000,1.100000,0.000000,0.000000,-1.571000,0.000036,1.001398,1.065203,1.462004
1.794000,-0.000036,-0.001400,0.034797,-0.000031,-0.005645,-0.037326,-0.000000,-0.001015,1.570032,0.000000,1.000000,1.100000,0.000000,0.000000,-1.571000,0.000036,1.001400,1.065203,1.462005
1.796000,-0.000036,-0.001401,0.034797,-0.000031,-0.005645,-0.037326,-0.000000,-0.001015,1.570032,0.000000,1.000000,1.100000,0.000000,0.000000,-1.571000,0.000036,1.001401,1.065203,1.462006
1.798000,-0.000036,-0.001403,0.034797,-0.000031,-0.005645,-0.037326,-0.000000,-0.001015,1.570032,0.000000,1.000000,1.100000,0.000000,0.000000,-1.571000,0.000036,1.001403,1.065203,1.462007
1.800000,-0.000037,-0.001405,0.034797,-0.000031,-0.005645,-0.037326,-0.000000,-0.001015,1.570032,0.000000,1.000000,1.100000,0.000000,0.000000,-1.571000,0.000037,1.001405,1.065203,1.462008
1.802000,-0.000037,-0.001406,0.034797,-0.000031,-0.005645,-0.037326,-0.000000,-0.001015,1.570032,0.000000,1.000000,1.100000,0.000000,0.000000,-1.571000,0.000037,1.001406,1.065203,1.462010
1.804000,-0.000037,-0.001408,0.034797,-0.000031,-0.005645,-0.037326,-0.000000,-0.001015,1.570032,0.000000,1.000000,1.100000,0.000000,0.000000,-1.571000,0.000037,1.001408,1.065203,1.462011
1.806000,-0.000037,-0.001410,0.034797,-0.000031,-0.005645,-0.037326,-0.000000,-0.001015,1.570032,0.000000,1.000000,1.100000,0.000000,0.000000,-1.571000,0.000037,1.001410,1.065203,1.462012
1.808000,-0.000037,-0.001411,0.034797,-0.000031,-0.005645,-0.037326,-0.000000,-0.001015,1.570032,0.000000,1.000000,1.100000,0.000000,0.000000,-1.571000,0.000037,1.001411,1.065203,1.462013
1.810000,-0.000037,-0.001413,0.034797,-0.000031,-0.005645,-0.037326,-0.000000,-0.001015,1.570032,0.000000,1.000000,1.100000,0.000000,0.000000,-1.571000,0.000037,1.001413,1.065203,1.462014
1.812000,-0.000037,-0.001415,0.034797,-0.000031,-0.005645,-0.037326,-0.000000,-0.001015,1.570033,0.000000,1.000000,1.100000,0.000000,0.000000,-1.571000,0.000037,1.001415,1.065203,1.462015
1.814000,-0.000037,-0.001416,0.034797,-0.000031,-0.005645,-0.037326,-0.000000,-0.001015,1.570033,0.000000,1.000000,1.100000,0.000000,0.000000,-1.571000,0.000037,1.001416,1.065203,1.462016
1.816000,-0.000037,-0.001418,0.034797,-0.000031,-0.005645,-0.037326,-0.000000,-0.001015,1.570033,0.000000,1.000000,1.100000,0.000000,0.000000,-1.571000,0.000037,1.001418,1.065203,1.462018
1.818000,-0.000037,-0.001420,0.034797,-0.000031,-0.005645,-0.037326,-0.000000,-0.001015,1.570033,0.000000,1.000000,1.100000,0.000000,0.000000,-1.571000,0.000037,1.001420,1.065203,1.462019
1.820000,-0.000037,-0.001421,0.034797,-0.000031,-0.005645,-0.037326,-0.000000,-0.001015,1.570033,0.000000,1.000000,1.100000,0.000000,0.000000,-1.571000,0.000037,1.001421,1.065203,1.462020
1.822000,-0.000037,-0.001423,0.034797,-0.000031,-0.005645,-0.037326,-0.000000,-0.001015,1.570033,0.000000,1.000000,1.100000,0.000000,0.000000,-1.571000,0.000037,1.001423,1.065203,1.462021
1.824000,-0.000037,-0.001425,0.034797,-0.000031,-0.005645,-0.037326,-0.000000,-0.001015,1.570033,0.000000,1.000000,1.100000,0.000000,0.000000,-1.571000,0.000037,1.001425,1.065203,1.462022
1.826000,-0.000037,-0.001426,0.034797,-0.000031,-0.005645,-0.037326,-0.000000,-0.001015,1.570033,0.000000,1.000000,1.100000,0.000000,0.000000,-1.571000,0.000037,1.001426,1.065203,1.462023
1.828000,-0.000037,-0.001428,0.034797,-0.000031,-0.005645,-0.037326,-0.000000,-0.001015,1.570033,0.000000,1.000000,1.100000,0.000000,0.000000,-1.571000,0.000037,1.001428,1.065203,1.462024
1.830000,-0.000037,-0.001430,0.034797,-0.000031,-0.005645,-0.037326,-0.000000,-0.001015,1.570033,0.000000,1.000000,1.100000,0.000000,0.000000,-1.571000,0.000037,1.001430,1.065203,1.462026
1.832000,-0.000037,-0.001431,0.034797,-0.000031,-0.005645,-0.037326,-0.000000,-0.001015,1.570033,0.000000,1.000000,1.100000,0.000000,0.000000,-1.571000,0.000037,1.001431,1.065203,1.462027
1.834000,-0.000037,-0.001433,0.034797,-0.000031,-0.005645,-0.037326,-0.000000,-0.001015,1.570033,0.000000,1.000000,1.100000,0.000000,0.000000,-1.571000,0.000037,1.001433,1.065203,1.462028
1.836000,-0.000037,-0.001435,0.034797,-0.000031,-0.005645,-0.037326,-0.000000,-0.001015,1.570033,0.000000,1.000000,1.100000,0.000000,0.000000,-1.571000,0.000037,1.001435,1.065203,1.462029
1.838000,-0.000037,-0.001436,0.034797,-0.000031,-0.005645,-0.037326,-0.000000,-0.001015,1.570033,0.000000,1.000000,1.100000,0.000000,0.000000,-1.571000,0.000037,1.001436,1.065203,1.462030
1.840000,-0.000037,-0.001438,0.034797,-0.000031,-0.005645,-0.037326,-0.000000,-0.001015,1.570033,0.000000,1.000000,1.100000,0.000000,0.000000,-1.571000,0.000037,1.001438,1.065203,1.462031
1.842000,-0.000037,-0.001440,0.034797,-0.000031,-0.005645,-0.037326,-0.000000,-0.001015,1.570033,0.000000,1.000000,1.100000,0.000000,0.000000,-1.571000,0.000037,1.001440,1.065203,1.462032
1.844000,-0.000038,-0.001442,0.034797,-0.000031,-0.005645,-0.037326,-0.000000,-0.001015,1.570033,0.000000,1.000000,1.100000,0.000000,0.000000,-1.571000,0.000038,1.001442,1.065203,1.462034
1.846000,-0.000038,-0.001443,0.034797,-0.000031,-0.005645,-0.037326,-0.000000,-0.001015,1.570033,0.000000,1.000000,1.100000,0.000000,0.000000,-1.571000,0.000038,1.001443,1.065203,1.462035
1.848000,-0.000038,-0.001445,0.034797,-0.000031,-0.005645,-0.037326,-0.000000,-0.001015,1.570033,0.000000,1.000000,1.100000,0.000000,0.000000,-1.571000,0.000038,1.001445,1.065203,1.462036
1.850000,-0.000038,-0.001447,0.034797,-0.000031,-0.005645,-0.037326,-0.000000,-0.001015,1.570033,0.000000,1.000000,1.100000,0.000000,0.000000,-1.571000,0.000038,1.001447,1.065203,1.462037
1.852000,-0.000038,-0.001448,0.034797,-0.000031,-0.005645,-0.037326,-0.000000,-0.001015,1.570033,0.000000,1.000000,1.100000,0.000000,0.000000,-1.571000,0.000038,1.001448,1.065203,1.462038
1.854000,-0.000038,-0.001450,0.034797,-0.000031,-0.005645,-0.037326,-0.000000,-0.001015,1.570033,0.000000,1.000000,1.100000,0.000000,0.000000,-1.571000,0.000038,1.001450,1.065203,1.462039
1.856000,-0.000038,-0.001452,0.034797,-0.000031,-0.005645,-0.037326,-0.000000,-0.001015,1.570033,0.000000,1.000000,1.100000,0.000000,0.000000,-1.571000,0.000038,1.001452,1.065203,1.462040
1.858000,-0.000038,-0.001453,0.034797,-0.000031,-0.005645,-0.037326,-0.000000,-0.001015,1.570033,0.000000,1.000000,1.100000,0.000000,0.000000,-1.571000,0.000038,1.001453,1.065203,1.462042
1.860000,-0.000038,-0.001455,0.034797,-0.000031,-0.005645,-0.037326,-0.000000,-0.001015,1.570033,0.000000,1.000000,1.100000,0.000000,0.000000,-1.571000,0.000038,1.001455,1.065203,1.462043
1.862000,-0.000038,-0.001457,0.034797,-0.000031,-0.005645,-0.037326,-0.000000,-0.001015,1.570034,0.000000,1.000000,1.100000,0.000000,0.000000,-1.571000,0.000038,1.001457,1.065203,1.462044
1.864000,-0.000038,-0.001458,0.034797,-0.000031,-0.005645,-0.037326,-0.000000,-0.001015,1.570034,0.000000,1.000000,1.100000,0.000000,0.000000,-1.571000,0.000038,1.001458,1.065203,1.462045
1.866000,-0.000038,-0.001460,0.034797,-0.000031,-0.005645,-0.037326,-0.000000,-0.001015,1.570034,0.000000,1.000000,1.100000,0.000000,0.000000,-1.571000,0.000038,1.001460,1.065203,1.462046
1.868000,-0.000038,-0.001462,0.034797,-0.000031,-0.005645,-0.037326,-0.000000,-0.001015,1.570034,0.000000,1.000000,1.100000,0.000000,0.000000,-1.571000,0.000038,1.001462,1.065203,1.462047
1.870000,-0.000038,-0.001463,0.034797,-0.000031,-0.005645,-0.037326,-0.000000,-0.001015,1.570034,0.000000,1.000000,1.100000,0.000000,0.000000,-1.571000,0.000038,1.001463,1.065203,1.462049
1.872000,-0.000038,-0.001465,0.034797,-0.000031,-0.005645,-0.037326,-0.000000,-0.001015,1.570034,0.000000,1.000000,1.100000,0.000000,0.000000,-1.571000,0.000038,1.001465,1.065203,1.462050
1.874000,-0.000038,-0.001467,0.034797,-0.000031,-0.005645,-0.037326,-0.000000,-0.001015,1.570034,0.000000,1.000000,1.100000,0.000000,0.000000,-1.571000,0.000038,1.001467,1.065203,1.462051
1.876000,-0.000038,-0.001468,0.034797,-0.000031,-0.005645,-0.037326,-0.000000,-0.001015,1.570034,0.000000,1.000000,1.100000,0.000000,0.000000,-1.571000,0.000038,1.001468,1.065203,1.462052
1.878000,-0.000038,-0.001470,0.034797,-0.000031,-0.005645,-0.037326,-0.000000,-0.001015,1.570034,0.000000,1.000000,1.100000,0.000000,0.000000,-1.571000,0.000038,1.001470,1.065203,1.462053
1.880000,-0.000038,-0.001472,0.034797,-0.000031,-0.005645,-0.037326,-0.000000,-0.001015,1.570034,0.000000,1.000000,1.100000,0.000000,0.000000,-1.571000,0.000038,1.001472,1.065203,1.462054
1.882000,-0.000038,-0.001473,0.034797,-0.000031,-0.005645,-0.037326,-0.000000,-0.001015,1.570034,0.000000,1.000000,1.100000,0.000000,0.000000,-1.571000,0.000038,1.001473,1.065203,1.462055
1.884000,-0.000038,-0.001475,0.034797,-0.000031,-0.005645,-0.037326,-0.000000,-0.001015,1.570034,0.000000,1.000000,1.100000,0.000000,0.000000,-1.571000,0.000038,1.001475,1.065203,1.462057
1.886000,-0.000038,-0.001477,0.034797,-0.000031,-0.005645,-0.037326,-0.000000,-0.001015,1.570034,0.000000,1.000000,1.100000,0.000000,0.000000,-1.571000,0.000038,1.001477,1.065203,1.462058
1.888000,-0.000038,-0.001478,0.034797,-0.000031,-0.005645,-0.037326,-0.000000,-0.001015,1.570034,0.000000,1.000000,1.100000,0.000000,0.000000,-1.571000,0.000038,1.001478,1.065203,1.462059
1.890000,-0.000039,-0.001480,0.034797,-0.000031,-0.005645,-0.037326,-0.000000,-0.001015,1.570034,0.000000,1.000000,1.100000,0.000000,0.000000,-1.571000,0.000039,1.001480,1.065203,1.462060
1.892000,-0.000039,-0.001482,0.034797,-0.000031,-0.005645,-0.037326,-0.000000,-0.001015,1.570034,0.000000,1.000000,1.100000,0.000000,0.000000,-1.571000,0.000039,1.001482,1.065203,1.462061
1.894000,-0.000039,-0.001483,0.034797,-0.000031,-0.005645,-0.037326,-0.000000,-0.001015,1.570034,0.000000,1.000000,1.100000,0.000000,0.000000,-1.571000,0.000039,1.001483,1.065203,1.462062
1.896000,-0.000039,-0.001485,0.034797,-0.000031,-0.005645,-0.037326,-0.000000,-0.001015,1.570034,0.000000,1.000000,1.100000,0.000000,0.000000,-1.571000,0.000039,1.001485,1.065203,1.462063
1.898000,-0.000039,-0.001487,0.034797,-0.000031,-0.005645,-0.037326,-0.000000,-0.001015,1.570034,0.000000,1.000000,1.100000,0.000000,0.000000,-1.571000,0.000039,1.001487,1.065203,1.462065
1.900000,-0.000039,-0.001488,0.034797,-0.000031,-0.005645,-0.037326,-0.000000,-0.001015,1.570034,0.000000,1.000000,1.100000,0.000000,0.000000,-1.571000,0.000039,1.001488,1.065203,1.462066
1.902000,-0.000039,-0.001490,0.034797,-0.000031,-0.005645,-0.037326,-0.000000,-0.001015,1.570034,0.000000,1.000000,1.100000,0.000000,0.000000,-1.571000,0.000039,1.001490,1.065203,1.462067
1.904000,-0.000039,-0.001492,0.034797,-0.000031,-0.005645,-0.037326,-0.000000,-0.001015,1.570034,0.000000,1.000000,1.100000,0.000000,0.000000,-1.571000,0.000039,1.001492,1.065203,1.462068
1.906000,-0.000039,-0.001493,0.034797,-0.000031,-0.005645,-0.037326,-0.000000,-0.001015,1.570034,0.000000,1.000000,1.100000,0.000000,0.000000,-1.571000,0.000039,1.001493,1.065203,1.462069
1.908000,-0.000039,-0.001495,0.034797,-0.000031,-0.005645,-0.037326,-0.000000,-0.001015,1.570034,0.000000,1.000000,1.100000,0.000000,0.000000,-1.571000,0.000039,1.001495,1.065203,1.462070
1.910000,-0.000039,-0.001497,0.034797,-0.000031,-0.005645,-0.037326,-0.000000,-0.001015,1.570034,0.000000,1.000000,1.100000,0.000000,0.000000,-1.571000,0.000039,1.001497,1.065203,1.462071
1.912000,-0.000039,-0.001498,0.034797,-0.000031,-0.005645,-0.037326,-0.000000,-0.001015,1.570035,0.000000,1.000000,1.100000,0.000000,0.000000,-1.571000,0.000039,1.001498,1.065203,1.462073
1.914000,-0.000039,-0.001500,0.034797,-0.000031,-0.005645,-0.037326,-0.000000,-0.001015,1.570035,0.000000,1.000000,1.100000,0.000000,0.000000,-1.571000,0.000039,1.001500,1.065203,1.462074
1.916000,-0.000039,-0.001502,0.034797,-0.000031,-0.005645,-0.037326,-0.000000,-0.001015,1.570035,0.000000,1.000000,1.100000,0.000000,0.000000,-1.571000,0.000039,1.001502,1.065203,1.462075
1.918000,-0.000039,-0.001503,0.034797,-0.000031,-0.005645,-0.037326,-0.000000,-0.001015,1.570035,0.000000,1.000000,1.100000,0.000000,0.000000,-1.571000,0.000039,1.001503,1.065203,1.462076
1.920000,-0.000039,-0.001505,0.034797,-0.000031,-0.005645,-0.037326,-0.000000,-0.001015,1.570035,0.000000,1.000000,1.100000,0.000000,0.000000,-1.571000,0.000039,1.001505,1.065203,1.462077
1.922000,-0.000039,-0.001507,0.034797,-0.000031,-0.005645,-0.037326,-0.000000,-0.001015,1.570035,0.000000,1.000000,1.100000,0.000000,0.000000,-1.571000,0.000039,1.001507,1.065203,1.462078
1.924000,-0.000039,-0.001508,0.034797,-0.000031,-0.005645,-0.037326,-0.000000,-0.001015,1.570035,0.000000,1.000000,1.100000,0.000000,0.000000,-1.571000,0.000039,1.001508,1.065203,1.462079
1.926000,-0.000039,-0.001510,0.034797,-0.000031,-0.005645,-0.037326,-0.000000,-0.001015,1.570035,0.000000,1.000000,1.100000,0.000000,0.000000,-1.571000,0.000039,1.001510,1.065203,1.462081
1.928000,-0.000039,-0.001512,0.034797,-0.000031,-0.005645,-0.037326,-0.000000,-0.001015,1.570035,0.000000,1.000000,1.100000,0.000000,0.000000,-1.571000,0.000039,1.001512,1.065203,1.462082
1.930000,-0.000039,-0.001514,0.034797,-0.000031,-0.005645,-0.037326,-0.000000,-0.001015,1.570035,0.000000,1.000000,1.100000,0.000000,0.000000,-1.571000,0.000039,1.001514,1.065203,1.462083
1.932000,-0.000039,-0.001515,0.034797,-0.000031,-0.005645,-0.037326,-0.000000,-0.001015,1.570035,0.000000,1.000000,1.100000,0.000000,0.000000,-1.571000,0.000039,1.001515,1.065203,1.462084
1.934000,-0.000040,-0.001517,0.034797,-0.000031,-0.005645,-0.037326,-0.000000,-0.001015,1.570035,0.000000,1.000000,1.100000,0.000000,0.000000,-1.571000,0.000040,1.001517,1.065203,1.462085
1.936000,-0.000040,-0.001519,0.034797,-0.000031,-0.005645,-0.037326,-0.000000,-0.001015,1.570035,0.000000,1.000000,1.100000,0.000000,0.000000,-1.571000,0.000040,1.001519,1.065203,1.462086
1.938000,-0.000040,-0.001520,0.034797,-0.000031,-0.005645,-0.037326,-0.000000,-0.001015,1.570035,0.000000,1.000000,1.100000,0.000000,0.000000,-1.571000,0.000040,1.001520,1.065203,1.462088
1.940000,-0.000040,-0.001522,0.034797,-0.000031,-0.005645,-0.037326,-0.000000,-0.001015,1.570035,0.000000,1.000000,1.100000,0.000000,0.000000,-1.571000,0.000040,1.001522,1.065203,1.462089
1.942000,-0.000040,-0.001524,0.034797,-0.000031,-0.005645,-0.037326,-0.000000,-0.001015,1.570035,0.000000,1.000000,1.100000,0.000000,0.000000,-1.571000,0.000040,1.001524,1.065203,1.462090
1.944000,-0.000040,-0.001525,0.034797,-0.000031,-0.005645,-0.037326,-0.000000,-0.001015,1.570035,0.000000,1.000000,1.100000,0.000000,0.000000,-1.571000,0.000040,1.001525,1.065203,1.462091
1.946000,-0.000040,-0.001527,0.034797,-0.000031,-0.005645,-0.037326,-0.000000,-0.001015,1.570035,0.000000,1.000000,1.100000,0.000000,0.000000,-1.571000,0.000040,1.001527,1.065203,1.462092
1.948000,-0.000040,-0.001529,0.034797,-0.000031,-0.005645,-0.037326,-0.000000,-0.001015,1.570035,0.000000,1.000000,1.100000,0.000000,0.000000,-1.571000,0.000040,1.001529,1.065203,1.462093
1.950000,-0.000040,-0.001530,0.034797,-0.000031,-0.005645,-0.037326,-0.000000,-0.001015,1.570035,0.000000,1.000000,1.100000,0.000000,0.000000,-1.571000,0.000040,1.001530,1.065203,1.462094
1.952000,-0.000040,-0.001532,0.034797,-0.000031,-0.005645,-0.037326,-0.000000,-0.001015,1.570035,0.000000,1.000000,1.100000,0.000000,0.000000,-1.571000,0.000040,1.001532,1.065203,1.462096
1.954000,-0.000040,-0.001534,0.034797,-0.000031,-0.005645,-0.037326,-0.000000,-0.001015,1.570035,0.000000,1.000000,1.100000,0.000000,0.000000,-1.571000,0.000040,1.001534,1.065203,1.462097
1.956000,-0.000040,-0.001535,0.034797,-0.000031,-0.005645,-0.037326,-0.000000,-0.001015,1.570035,0.000000,1.000000,1.100000,0.000000,0.000000,-1.571000,0.000040,1.001535,1.065203,1.462098
1.958000,-0.000040,-0.001537,0.034797,-0.000031,-0.005645,-0.037326,-0.000000,-0.001015,1.570035,0.000000,1.000000,1.100000,0.000000,0.000000,-1.571000,0.000040,1.001537,1.065203,1.462099
1.960000,-0.000040,-0.001539,0.034797,-0.000031,-0.005645,-0.037326,-0.000000,-0.001015,1.570035,0.000000,1.000000,1.100000,0.000000,0.000000,-1.571000,0.000040,1.001539,1.065203,1.462100
1.962000,-0.000040,-0.001540,0.034797,-0.000031,-0.005645,-0.037326,-0.000000,-0.001015,1.570035,0.000000,1.000000,1.100000,0.000000,0.000000,-1.571000,0.000040,1.001540,1.065203,1.462101
1.964000,-0.000040,-0.001542,0.034797,-0.000031,-0.005645,-0.037326,-0.000000,-0.001015,1.570036,0.000000,1.000000,1.100000,0.000000,0.000000,-1.571000,0.000040,1.001542,1.065203,1.462102
1.966000,-0.000040,-0.001544,0.034797,-0.000031,-0.005645,-0.037326,-0.000000,-0.001015,1.570036,0.000000,1.000000,1.100000,0.000000,0.000000,-1.571000,0.000040,1.001544,1.065203,1.462104
1.968000,-0.000040,-0.001545,0.034797,-0.000031,-0.005645,-0.037326,-0.000000,-0.001015,1.570036,0.000000,1.000000,1.100000,0.000000,0.000000,-1.571000,0.000040,1.001545,1.065203,1.462105
1.970000,-0.000040,-0.001547,0.034797,-0.000031,-0.005645,-0.037326,-0.000000,-0.001015,1.570036,0.000000,1.000000,1.100000,0.000000,0.000000,-1.571000,0.000040,1.001547,1.065203,1.462106
1.972000,-0.000040,-0.001549,0.034797,-0.000031,-0.005645,-0.037326,-0.000000,-0.001015,1.570036,0.000000,1.000000,1.100000,0.000000,0.000000,-1.571000,0.000040,1.001549,1.065203,1.462107
1.974000,-0.000040,-0.001550,0.034797,-0.000031,-0.005645,-0.037326,-0.000000,-0.001015,1.570036,0.000000,1.000000,1.100000,0.000000,0.000000,-1.571000,0.000040,1.001550,1.065203,1.462108
1.976000,-0.000040,-0.001552,0.034797,-0.000031,-0.005645,-0.037326,-0.000000,-0.001015,1.570036,0.000000,1.000000,1.100000,0.000000,0.000000,-1.571000,0.000040,1.001552,1.065203,1.462109
1.978000,-0.000041,-0.001554,0.034797,-0.000031,-0.005645,-0.037326,-0.000000,-0.001015,1.570036,0.000000,1.000000,1.100000,0.000000,0.000000,-1.571000,0.000041,1.001554,1.065203,1.462110
1.980000,-0.000041,-0.001555,0.034797,-0.000031,-0.005645,-0.037326,-0.000000,-0.001015,1.570036,0.000000,1.000000,1.100000,0.000000,0.000000,-1.571000,0.000041,1.001555,1.065203,1.462112
1.982000,-0.000041,-0.001557,0.034797,-0.000031,-0.005645,-0.037326,-0.000000,-0.001015,1.570036,0.000000,1.000000,1.100000,0.000000,0.000000,-1.571000,0.000041,1.001557,1.065203,1.462113
1.984000,-0.000041,-0.001559,0.034797,-0.000031,-0.005645,-0.037326,-0.000000,-0.001015,1.570036,0.000000,1.000000,1.100000,0.000000,0.000000,-1.571000,0.000041,1.001559,1.065203,1.462114
1.986000,-0.000041,-0.001560,0.034797,-0.000031,-0.005645,-0.037326,-0.000000,-0.001015,1.570036,0.000000,1.000000,1.100000,0.000000,0.000000,-1.571000,0.000041,1.001560,1.065203,1.462115
1.988000,-0.000041,-0.001562,0.034797,-0.000031,-0.005645,-0.037326,-0.000000,-0.001015,1.570036,0.000000,1.000000,1.100000,0.000000,0.000000,-1.571000,0.000041,1.001562,1.065203,1.462116
1.990000,-0.000041,-0.001564,0.034797,-0.000031,-0.005645,-0.037326,-0.000000,-0.001015,1.570036,0.000000,1.000000,1.100000,0.000000,0.000000,-1.571000,0.000041,1.001564,1.065203,1.462117
1.992000,-0.000041,-0.001565,0.034797,-0.000031,-0.005645,-0.037326,-0.000000,-0.001015,1.570036,0.000000,1.000000,1.100000,0.000000,0.000000,-1.571000,0.000041,1.001565,1.065203,1.462118
1.994000,-0.000041,-0.001567,0.034797,-0.000031,-0.005645,-0.037326,-0.000000,-0.001015,1.570036,0.000000,1.000000,1.100000,0.000000,0.000000,-1.571000,0.000041,1.001567,1.065203,1.462120
1.996000,-0.000041,-0.001569,0.034797,-0.000031,-0.005645,-0.037326,-0.000000,-0.001015,1.570036,0.000000,1.000000,1.100000,0.000000,0.000000,-1.571000,0.000041,1.001569,1.065203,1.462121
1.998000,-0.000041,-0.001570,0.034797,-0.000031,-0.005645,-0.037326,-0.000000,-0.001015,1.570036,0.000000,1.000000,1.100000,0.000000,0.000000,-1.571000,0.000041,1.001570,1.065203,1.462122
2.000000,-0.000041,-0.001572,0.034797,-0.000031,-0.005645,-0.037326,-0.000000,-0.001015,1.570036,0.000000,1.000000,1.100000,0.000000,0.000000,-1.571000,0.000041,1.001572,1.065203,1.462123
2.002000,-0.000041,-0.001574,0.034797,-0.000031,-0.005645,-0.037326,-0.000000,-0.001015,1.570036,0.000000,1.000000,1.100000,0.000000,0.000000,-1.571000,0.000041,1.001574,1.065203,1.462124
2.004000,-0.000041,-0.001575,0.034797,-0.000031,-0.005645,-0.037326,-0.000000,-0.001015,1.570036,0.000000,1.000000,1.100000,0.000000,0.000000,-1.571000,0.000041,1.001575,1.065203,1.462125
2.006000,-0.000041,-0.001577,0.034797,-0.000031,-0.005645,-0.037326,-0.000000,-0.001015,1.570036,0.000000,1.000000,1.100000,0.000000,0.000000,-1.571000,0.000041,1.001577,1.065203,1.462127
2.008000,-0.000041,-0.001579,0.034797,-0.000031,-0.005645,-0.037326,-0.000000,-0.001015,1.570036,0.000000,1.000000,1.100000,0.000000,0.000000,-1.571000,0.000041,1.001579,1.065203,1.462128
2.010000,-0.000041,-0.001581,0.034797,-0.000031,-0.005645,-0.037326,-0.000000,-0.001015,1.570036,0.000000,1.000000,1.100000,0.000000,0.000000,-1.571000,0.000041,1.001581,1.065203,1.462129
2.012000,-0.000041,-0.001582,0.034797,-0.000031,-0.005645,-0.037326,-0.000000,-0.001015,1.570036,0.000000,1.000000,1.100000,0.000000,0.000000,-1.571000,0.000041,1.001582,1.065203,1.462130
2.014000,-0.000041,-0.001584,0.034797,-0.000031,-0.005645,-0.037326,-0.000000,-0.001015,1.570037,0.000000,1.000000,1.100000,0.000000,0.000000,-1.571000,0.000041,1.001584,1.065203,1.462131
2.016000,-0.000041,-0.001586,0.034797,-0.000031,-0.005645,-0.037326,-0.000000,-0.001015,1.570037,0.000000,1.000000,1.100000,0.000000,0.000000,-1.571000,0.000041,1.001586,1.065203,1.462132
2.018000,-0.000041,-0.001587,0.034797,-0.000031,-0.005645,-0.037326,-0.000000,-0.001015,1.570037,0.000000,1.000000,1.100000,0.000000,0.000000,-1.571000,0.000041,1.001587,1.065203,1.462133
2.020000,-0.000041,-0.001589,0.034797,-0.000031,-0.005645,-0.037326,-0.000000,-0.001015,1.570037,0.000000,1.000000,1.100000,0.000000,0.000000,-1.571000,0.000041,1.001589,1.065203,1.462135
2.022000,-0.000041,-0.001591,0.034797,-0.000031,-0.005645,-0.037326,-0.000000,-0.001015,1.570037,0.000000,1.000000,1.100000,0.000000,0.000000,-1.571000,0.000041,1.001591,1.065203,1.462136
2.024000,-0.000042,-0.001592,0.034797,-0.000031,-0.005645,-0.037326,-0.000000,-0.001015,1.570037,0.000000,1.000000,1.100000,0.000000,0.000000,-1.571000,0.000042,1.001592,1.065203,1.462137
2.026000,-0.000042,-0.001594,0.034797,-0.000031,-0.005645,-0.037326,-0.000000,-0.001015,1.570037,0.000000,1.000000,1.100000,0.000000,0.000000,-1.571000,0.000042,1.001594,1.065203,1.462138
2.028000,-0.000042,-0.001596,0.034797,-0.000031,-0.005645,-0.037326,-0.000000,-0.001015,1.570037,0.000000,1.000000,1.100000,0.000000,0.000000,-1.571000,0.000042,1.001596,1.065203,1.462139
2.030000,-0.000042,-0.001597,0.034797,-0.000031,-0.005645,-0.037326,-0.000000,-0.001015,1.570037,0.000000,1.000000,1.100000,0.000000,0.000000,-1.571000,0.000042,1.001597,1.065203,1.462140
2.032000,-0.000042,-0.001599,0.034797,-0.000031,-0.005645,-0.037326,-0.000000,-0.001015,1.570037,0.000000,1.000000,1.100000,0.000000,0.000000,-1.571000,0.000042,1.001599,1.065203,1.462141
2.034000,-0.000042,-0.001601,0.034797,-0.000031,-0.005645,-0.037326,-0.000000,-0.001015,1.570037,0.000000,1.000000,1.100000,0.000000,0.000000,-1.571000,0.000042,1.001601,1.065203,1.462143
2.036000,-0.000042,-0.001602,0.034797,-0.000031,-0.005645,-0.037326,-0.000000,-0.001015,1.570037,0.000000,1.000000,1.100000,0.000000,0.000000,-1.571000,0.000042,1.001602,1.065203,1.462144
2.038000,-0.000042,-0.001604,0.034797,-0.000031,-0.005645,-0.037326,-0.000000,-0.001015,1.570037,0.000000,1.000000,1.100000,0.000000,0.000000,-1.571000,0.000042,1.001604,1.065203,1.462145
2.040000,-0.000042,-0.001606,0.034797,-0.000031,-0.005645,-0.037326,-0.000000,-0.001015,1.570037,0.000000,1.000000,1.100000,0.000000,0.000000,-1.571000,0.000042,1.001606,1.065203,1.462146
2.042000,-0.000042,-0.001607,0.034797,-0.000031,-0.005645,-0.037326,-0.000000,-0.001015,1.570037,0.000000,1.000000,1.100000,0.000000,0.000000,-1.571000,0.000042,1.001607,1.065203,1.462147
2.044000,-0.000042,-0.001609,0.034797,-0.000031,-0.005645,-0.037326,-0.000000,-0.001015,1.570037,0.000000,1.000000,1.100000,0.000000,0.000000,-1.571000,0.000042,1.001609,1.065203,1.462148
2.046000,-0.000042,-0.001611,0.034797,-0.000031,-0.005645,-0.037326,-0.000000,-0.001015,1.570037,0.000000,1.000000,1.100000,0.000000,0.000000,-1.571000,0.000042,1.001611,1.065203,1.462149
2.048000,-0.000042,-0.001612,0.034797,-0.000031,-0.005645,-0.037326,-0.000000,-0.001015,1.570037,0.000000,1.000000,1.100000,0.000000,0.000000,-1.571000,0.000042,1.001612,1.065203,1.462151
2.050000,-0.000042,-0.001614,0.034797,-0.000031,-0.005645,-0.037326,-0.000000,-0.001015,1.570037,0.000000,1.000000,1.100000,0.000000,0.000000,-1.571000,0.000042,1.001614,1.065203,1.462152
2.052000,-0.000042,-0.001616,0.034797,-0.000031,-0.005645,-0.037326,-0.000000,-0.001015,1.570037,0.000000,1.000000,1.100000,0.000000,0.000000,-1.571000,0.000042,1.001616,1.065203,1.462153
2.054000,-0.000042,-0.001617,0.034797,-0.000031,-0.005645,-0.037326,-0.000000,-0.001015,1.570037,0.000000,1.000000,1.100000,0.000000,0.000000,-1.571000,0.000042,1.001617,1.065203,1.462154
2.056000,-0.000042,-0.001619,0.034797,-0.000031,-0.005645,-0.037326,-0.000000,-0.001015,1.570037,0.000000,1.000000,1.100000,0.000000,0.000000,-1.571000,0.000042,1.001619,1.065203,1.462155
2.058000,-0.000042,-0.001621,0.034797,-0.000031,-0.005645,-0.037326,-0.000000,-0.001015,1.570037,0.000000,1.000000,1.100000,0.000000,0.000000,-1.571000,0.000042,1.001621,1.065203,1.462156
2.060000,-0.000042,-0.001622,0.034797,-0.000031,-0.005645,-0.037326,-0.000000,-0.001015,1.570037,0.000000,1.000000,1.100000,0.000000,0.000000,-1.571000,0.000042,1.001622,1.065203,1.462158
2.062000,-0.000042,-0.001624,0.034797,-0.000031,-0.005645,-0.037326,-0.000000,-0.001015,1.570037,0.000000,1.000000,1.100000,0.000000,0.000000,-1.571000,0.000042,1.001624,1.065203,1.462159
2.064000,-0.000042,-0.001626,0.034797,-0.000031,-0.005645,-0.037326,-0.000000,-0.001015,1.570038,0.000000,1.000000,1.100000,0.000000,0.000000,-1.571000,0.000042,1.001626,1.065203,1.462160
2.066000,-0.000042,-0.001627,0.034797,-0.000031,-0.005645,-0.037326,-0.000000,-0.001015,1.570038,0.000000,1.000000,1.100000,0.000000,0.000000,-1.571000,0.000042,1.001627,1.065203,1.462161
2.068000,-0.000043,-0.001629,0.034797,-0.000031,-0.005645,-0.037326,-0.000000,-0.001015,1.570038,0.000000,1.000000,1.100000,0.000000,0.000000,-1.571000,0.000043,1.001629,1.065203,1.462162
2.070000,-0.000043,-0.001631,0.034797,-0.000031,-0.005645,-0.037326,-0.000000,-0.001015,1.570038,0.000000,1.000000,1.100000,0.000000,0.000000,-1.571000,0.000043,1.001631,1.065203,1.462163
2.072000,-0.000043,-0.001632,0.034797,-0.000031,-0.005645,-0.037326,-0.000000,-0.001015,1.570038,0.000000,1.000000,1.100000,0.000000,0.000000,-1.571000,0.000043,1.001632,1.065203,1.462164
2.074000,-0.000043,-0.001634,0.034797,-0.000031,-0.005645,-0.037326,-0.000000,-0.001015,1.570038,0.000000,1.000000,1.100000,0.000000,0.000000,-1.571000,0.000043,1.001634,1.065203,1.462166
2.076000,-0.000043,-0.001636,0.034797,-0.000031,-0.005645,-0.037326,-0.000000,-0.001015,1.570038,0.000000,1.000000,1.100000,0.000000,0.000000,-1.571000,0.000043,1.001636,1.065203,1.462167
2.078000,-0.000043,-0.001637,0.034797,-0.000031,-0.005645,-0.037326,-0.000000,-0.001015,1.570038,0.000000,1.000000,1.100000,0.000000,0.000000,-1.571000,0.000043,1.001637,1.065203,1.462168
2.080000,-0.000043,-0.001639,0.034797,-0.000031,-0.005645,-0.037326,-0.000000,-0.001015,1.570038,0.000000,1.000000,1.100000,0.000000,0.000000,-1.571000,0.000043,1.001639,1.065203,1.462169
2.082000,-0.000043,-0.001641,0.034797,-0.000031,-0.005645,-0.037326,-0.000000,-0.001015,1.570038,0.000000,1.000000,1.100000,0.000000,0.000000,-1.571000,0.000043,1.001641,1.065203,1.462170
2.084000,-0.000043,-0.001642,0.034797,-0.000031,-0.005645,-0.037326,-0.000000,-0.001015,1.570038,0.000000,1.000000,1.100000,0.000000,0.000000,-1.571000,0.000043,1.001642,1.065203,1.462171
2.086000,-0.000043,-0.001644,0.034797,-0.000031,-0.005645,-0.037326,-0.000000,-0.001015,1.570038,0.000000,1.000000,1.100000,0.000000,0.000000,-1.571000,0.000043,1.001644,1.065203,1.462172
2.088000,-0.000043,-0.001646,0.034797,-0.000031,-0.005645,-0.037326,-0.000000,-0.001015,1.570038,0.000000,1.000000,1.100000,0.000000,0.000000,-1.571000,0.000043,1.001646,1.065203,1.462174
2.090000,-0.000043,-0.001647,0.034797,-0.000031,-0.005645,-0.037326,-0.000000,-0.001015,1.570038,0.000000,1.000000,1.100000,0.000000,0.000000,-1.571000,0.000043,1.001647,1.065203,1.462175
2.092000,-0.000043,-0.001649,0.034797,-0.000031,-0.005645,-0.037326,-0.000000,-0.001015,1.570038,0.000000,1.000000,1.100000,0.000000,0.000000,-1.571000,0.000043,1.001649,1.065203,1.462176
2.094000,-0.000043,-0.001651,0.034797,-0.000031,-0.005645,-0.037326,-0.000000,-0.001015,1.570038,0.000000,1.000000,1.100000,0.000000,0.000000,-1.571000,0.000043,1.001651,1.065203,1.462177
2.096000,-0.000043,-0.001653,0.034797,-0.000031,-0.005645,-0.037326,-0.000000,-0.001015,1.570038,0.000000,1.000000,1.100000,0.000000,0.000000,-1.571000,0.000043,1.001653,1.065203,1.462178
2.098000,-0.000043,-0.001654,0.034797,-0.000031,-0.005645,-0.037326,-0.000000,-0.001015,1.570038,0.000000,1.000000,1.100000,0.000000,0.000000,-1.571000,0.000043,1.001654,1.065203,1.462179
2.100000,-0.000043,-0.001656,0.034797,-0.000031,-0.005645,-0.037326,-0.000000,-0.001015,1.570038,0.000000,1.000000,1.100000,0.000000,0.000000,-1.571000,0.000043,1.001656,1.065203,1.462180
2.102000,-0.000043,-0.001658,0.034797,-0.000031,-0.005645,-0.037326,-0.000000,-0.001015,1.570038,0.000000,1.000000,1.100000,0.000000,0.000000,-1.571000,0.000043,1.001658,1.065203,1.462182
2.104000,-0.000043,-0.001659,0.034797,-0.000031,-0.005645,-0.037326,-0.000000,-0.001015,1.570038,0.000000,1.000000,1.100000,0.000000,0.000000,-1.571000,0.000043,1.001659,1.065203,1.462183
2.106000,-0.000043,-0.001661,0.034797,-0.000031,-0.005645,-0.037326,-0.000000,-0.001015,1.570038,0.000000,1.000000,1.100000,0.000000,0.000000,-1.571000,0.000043,1.001661,1.065203,1.462184
2.108000,-0.000043,-0.001663,0.034797,-0.000031,-0.005645,-0.037326,-0.000000,-0.001015,1.570038,0.000000,1.000000,1.100000,0.000000,0.000000,-1.571000,0.000043,1.001663,1.065203,1.462185
2.110000,-0.000043,-0.001664,0.034797,-0.000031,-0.005645,-0.037326,-0.000000,-0.001015,1.570038,0.000000,1.000000,1.100000,0.000000,0.000000,-1.571000,0.000043,1.001664,1.065203,1.462186
2.112000,-0.000044,-0.001666,0.034797,-0.000031,-0.005645,-0.037326,-0.000000,-0.001015,1.570038,0.000000,1.000000,1.100000,0.000000,0.000000,-1.571000,0.000044,1.001666,1.065203,1.462187
2.114000,-0.000044,-0.001668,0.034797,-0.000031,-0.005645,-0.037326,-0.000000,-0.001015,1.570038,0.000000,1.000000,1.100000,0.000000,0.000000,-1.571000,0.000044,1.001668,1.065203,1.462188
2.116000,-0.000044,-0.001669,0.034797,-0.000031,-0.005645,-0.037326,-0.000000,-0.001015,1.570039,0.000000,1.000000,1.100000,0.000000,0.000000,-1.571000,0.000044,1.001669,1.065203,1.462190
2.118000,-0.000044,-0.001671,0.034797,-0.000031,-0.005645,-0.037326,-0.000000,-0.001015,1.570039,0.000000,1.000000,1.100000,0.000000,0.000000,-1.571000,0.000044,1.001671,1.065203,1.462191
2.120000,-0.000044,-0.001673,0.034797,-0.000031,-0.005645,-0.037326,-0.000000,-0.001015,1.570039,0.000000,1.000000,1.100000,0.000000,0.000000,-1.571000,0.000044,1.001673,1.065203,1.462192
2.122000,-0.000044,-0.001674,0.034797,-0.000031,-0.005645,-0.037326,-0.000000,-0.001015,1.570039,0.000000,1.000000,1.100000,0.000000,0.000000,-1.571000,0.000044,1.001674,1.065203,1.462193
2.124000,-0.000044,-0.001676,0.034797,-0.000031,-0.005645,-0.037326,-0.000000,-0.001015,1.570039,0.000000,1.000000,1.100000,0.000000,0.000000,-1.571000,0.000044,1.001676,1.065203,1.462194
2.126000,-0.000044,-0.001678,0.034797,-0.000031,-0.005645,-0.037326,-0.000000,-0.001015,1.570039,0.000000,1.000000,1.100000,0.000000,0.000000,-1.571000,0.000044,1.001678,1.065203,1.462195
2.128000,-0.000044,-0.001679,0.034797,-0.000031,-0.005645,-0.037326,-0.000000,-0.001015,1.570039,0.000000,1.000000,1.100000,0.000000,0.000000,-1.571000,0.000044,1.001679,1.065203,1.462197
2.130000,-0.000044,-0.001681,0.034797,-0.000031,-0.005645,-0.037326,-0.000000,-0.001015,1.570039,0.000000,1.000000,1.100000,0.000000,0.000000,-1.571000,0.000044,1.001681,1.065203,1.462198
2.132000,-0.000044,-0.001683,0.034797,-0.000031,-0.005645,-0.037326,-0.000000,-0.001015,1.570039,0.000000,1.000000,1.100000,0.000000,0.000000,-1.571000,0.000044,1.001683,1.065203,1.462199
2.134000,-0.000044,-0.001684,0.034797,-0.000031,-0.005645,-0.037326,-0.000000,-0.001015,1.570039,0.000000,1.000000,1.100000,0.000000,0.000000,-1.571000,0.000044,1.001684,1.065203,1.462200
2.136000,-0.000044,-0.001686,0.034797,-0.000031,-0.005645,-0.037326,-0.000000,-0.001015,1.570039,0.000000,1.000000,1.100000,0.000000,0.000000,-1.571000,0.000044,1.001686,1.065203,1.462201
2.138000,-0.000044,-0.001688,0.034797,-0.000031,-0.005645,-0.037326,-0.000000,-0.001015,1.570039,0.000000,1.000000,1.100000,0.000000,0.000000,-1.571000,0.000044,1.001688,1.065203,1.462202
2.140000,-0.000044,-0.001689,0.034797,-0.000031,-0.005645,-0.037326,-0.000000,-0.001015,1.570039,0.000000,1.000000,1.100000,0.000000,0.000000,-1.571000,0.000044,1.001689,1.065203,1.462203
2.142000,-0.000044,-0.001691,0.034797,-0.000031,-0.005645,-0.037326,-0.000000,-0.001015,1.570039,0.000000,1.000000,1.100000,0.000000,0.000000,-1.571000,0.000044,1.001691,1.065203,1.462205
2.144000,-0.000044,-0.001693,0.034797,-0.000031,-0.005645,-0.037326,-0.000000,-0.001015,1.570039,0.000000,1.000000,1.100000,0.000000,0.000000,-1.571000,0.000044,1.001693,1.065203,1.462206
2.146000,-0.000044,-0.001694,0.034797,-0.000031,-0.005645,-0.037326,-0.000000,-0.001015,1.570039,0.000000,1.000000,1.100000,0.000000,0.000000,-1.571000,0.000044,1.001694,1.065203,1.462207
2.148000,-0.000044,-0.001696,0.034797,-0.000031,-0.005645,-0.037326,-0.000000,-0.001015,1.570039,0.000000,1.000000,1.100000,0.000000,0.000000,-1.571000,0.000044,1.001696,1.065203,1.462208
2.150000,-0.000044,-0.001698,0.034797,-0.000031,-0.005645,-0.037326,-0.000000,-0.001015,1.570039,0.000000,1.000000,1.100000,0.000000,0.000000,-1.571000,0.000044,1.001698,1.065203,1.462209
2.152000,-0.000044,-0.001699,0.034797,-0.000031,-0.005645,-0.037326,-0.000000,-0.001015,1.570039,0.000000,1.000000,1.100000,0.000000,0.000000,-1.571000,0.000044,1.001699,1.065203,1.462210
2.154000,-0.000044,-0.001701,0.034797,-0.000031,-0.005645,-0.037326,-0.000000,-0.001015,1.570039,0.000000,1.000000,1.100000,0.000000,0.000000,-1.571000,0.000044,1.001701,1.065203,1.462211
2.156000,-0.000044,-0.001703,0.034797,-0.000031,-0.005645,-0.037326,-0.000000,-0.001015,1.570039,0.000000,1.000000,1.100000,0.000000,0.000000,-1.571000,0.000044,1.001703,1.065203,1.462213
2.158000,-0.000045,-0.001704,0.034797,-0.000031,-0.005645,-0.037326,-0.000000,-0.001015,1.570039,0.000000,1.000000,1.100000,0.000000,0.000000,-1.571000,0.000045,1.001704,1.065203,1.462214
2.160000,-0.000045,-0.001706,0.034797,-0.000031,-0.005645,-0.037326,-0.000000,-0.001015,1.570039,0.000000,1.000000,1.100000,0.000000,0.000000,-1.571000,0.000045,1.001706,1.065203,1.462215
2.162000,-0.000045,-0.001708,0.034797,-0.000031,-0.005645,-0.037326,-0.000000,-0.001015,1.570039,0.000000,1.000000,1.100000,0.000000,0.000000,-1.571000,0.000045,1.001708,1.065203,1.462216
2.164000,-0.000045,-0.001709,0.034797,-0.000031,-0.005645,-0.037326,-0.000000,-0.001015,1.570039,0.000000,1.000000,1.100000,0.000000,0.000000,-1.571000,0.000045,1.001709,1.065203,1.462217
2.166000,-0.000045,-0.001711,0.034797,-0.000031,-0.005645,-0.037326,-0.000000,-0.001015,1.570040,0.000000,1.000000,1.100000,0.000000,0.000000,-1.571000,0.000045,1.001711,1.065203,1.462218
2.168000,-0.000045,-0.001713,0.034797,-0.000031,-0.005645,-0.037326,-0.000000,-0.001015,1.570040,0.000000,1.000000,1.100000,0.000000,0.000000,-1.571000,0.000045,1.001713,1.065203,1.462219
2.170000,-0.000045,-0.001714,0.034797,-0.000031,-0.005645,-0.037326,-0.000000,-0.001015,1.570040,0.000000,1.000000,1.100000,0.000000,0.000000,-1.571000,0.000045,1.001714,1.065203,1.462221
2.172000,-0.000045,-0.001716,0.034797,-0.000031,-0.005645,-0.037326,-0.000000,-0.001015,1.570040,0.000000,1.000000,1.100000,0.000000,0.000000,-1.571000,0.000045,1.001716,1.065203,1.462222
2.174000,-0.000045,-0.001718,0.034797,-0.000031,-0.005645,-0.037326,-0.000000,-0.001015,1.570040,0.000000,1.000000,1.100000,0.000000,0.000000,-1.571000,0.000045,1.001718,1.065203,1.462223
2.176000,-0.000045,-0.001720,0.034797,-0.000031,-0.005645,-0.037326,-0.000000,-0.001015,1.570040,0.000000,1.000000,1.100000,0.000000,0.000000,-1.571000,0.000045,1.001720,1.065203,1.462224
2.178000,-0.000045,-0.001721,0.034797,-0.000031,-0.005645,-0.037326,-0.000000,-0.001015,1.570040,0.000000,1.000000,1.100000,0.000000,0.000000,-1.571000,0.000045,1.001721,1.065203,1.462225
2.180000,-0.000045,-0.001723,0.034797,-0.000031,-0.005645,-0.037326,-0.000000,-0.001015,1.570040,0.000000,1.000000,1.100000,0.000000,0.000000,-1.571000,0.000045,1.001723,1.065203,1.462226
2.182000,-0.000045,-0.001725,0.034797,-0.000031,-0.005645,-0.037326,-0.000000,-0.001015,1.570040,0.000000,1.000000,1.100000,0.000000,0.000000,-1.571000,0.000045,1.001725,1.065203,1.462227
2.184000,-0.000045,-0.001726,0.034797,-0.000031,-0.005645,-0.037326,-0.000000,-0.001015,1.570040,0.000000,1.000000,1.100000,0.000000,0.000000,-1.571000,0.000045,1.001726,1.065203,1.462229
2.186000,-0.000045,-0.001728,0.034797,-0.000031,-0.005645,-0.037326,-0.000000,-0.001015,1.570040,0.000000,1.000000,1.100000,0.000000,0.000000,-1.571000,0.000045,1.001728,1.065203,1.462230
2.188000,-0.000045,-0.001730,0.034797,-0.000031,-0.005645,-0.037326,-0.000000,-0.001015,1.570040,0.000000,1.000000,1.100000,0.000000,0.000000,-1.571000,0.000045,1.001730,1.065203,1.462231
2.190000,-0.000045,-0.001731,0.034797,-0.000031,-0.005645,-0.037326,-0.000000,-0.001015,1.570040,0.000000,1.000000,1.100000,0.000000,0.000000,-1.571000,0.000045,1.001731,1.065203,1.462232
2.192000,-0.000045,-0.001733,0.034797,-0.000031,-0.005645,-0.037326,-0.000000,-0.001015,1.570040,0.000000,1.000000,1.100000,0.000000,0.000000,-1.571000,0.000045,1.001733,1.065203,1.462233
2.194000,-0.000045,-0.001735,0.034797,-0.000031,-0.005645,-0.037326,-0.000000,-0.001015,1.570040,0.000000,1.000000,1.100000,0.000000,0.000000,-1.571000,0.000045,1.001735,1.065203,1.462234
2.196000,-0.000045,-0.001736,0.034797,-0.000031,-0.005645,-0.037326,-0.000000,-0.001015,1.570040,0.000000,1.000000,1.100000,0.000000,0.000000,-1.571000,0.000045,1.001736,1.065203,1.462236
2.198000,-0.000045,-0.001738,0.034797,-0.000031,-0.005645,-0.037326,-0.000000,-0.001015,1.570040,0.000000,1.000000,1.100000,0.000000,0.000000,-1.571000,0.000045,1.001738,1.065203,1.462237
2.200000,-0.000045,-0.001740,0.034797,-0.000031,-0.005645,-0.037326,-0.000000,-0.001015,1.570040,0.000000,1.000000,1.100000,0.000000,0.000000,-1.571000,0.000045,1.001740,1.065203,1.462238
2.202000,-0.000046,-0.001741,0.034797,-0.000031,-0.005645,-0.037326,-0.000000,-0.001015,1.570040,0.000000,1.000000,1.100000,0.000000,0.000000,-1.571000,0.000046,1.001741,1.065203,1.462239
2.204000,-0.000046,-0.001743,0.034797,-0.000031,-0.005645,-0.037326,-0.000000,-0.001015,1.570040,0.000000,1.000000,1.100000,0.000000,0.000000,-1.571000,0.000046,1.001743,1.065203,1.462240
2.206000,-0.000046,-0.001745,0.034797,-0.000031,-0.005645,-0.037326,-0.000000,-0.001015,1.570040,0.000000,1.000000,1.100000,0.000000,0.000000,-1.571000,0.000046,1.001745,1.065203,1.462241
2.208000,-0.000046,-0.001746,0.034797,-0.000031,-0.005645,-0.037326,-0.000000,-0.001015,1.570040,0.000000,1.000000,1.100000,0.000000,0.000000,-1.571000,0.000046,1.001746,1.065203,1.462242
2.210000,-0.000046,-0.001748,0.034797,-0.000031,-0.005645,-0.037326,-0.000000,-0.001015,1.570040,0.000000,1.000000,1.100000,0.000000,0.000000,-1.571000,0.000046,1.001748,1.065203,1.462244
2.212000,-0.000046,-0.001750,0.034797,-0.000031,-0.005645,-0.037326,-0.000000,-0.001015,1.570040,0.000000,1.000000,1.100000,0.000000,0.000000,-1.571000,0.000046,1.001750,1.065203,1.462245
2.214000,-0.000046,-0.001751,0.034797,-0.000031,-0.005645,-0.037326,-0.000000,-0.001015,1.570040,0.000000,1.000000,1.100000,0.000000,0.000000,-1.571000,0.000046,1.001751,1.065203,1.462246
2.216000,-0.000046,-0.001753,0.034797,-0.000031,-0.005645,-0.037326,-0.000000,-0.001015,1.570041,0.000000,1.000000,1.100000,0.000000,0.000000,-1.571000,0.000046,1.001753,1.065203,1.462247
2.218000,-0.000046,-0.001755,0.034797,-0.000031,-0.005645,-0.037326,-0.000000,-0.001015,1.570041,0.000000,1.000000,1.100000,0.000000,0.000000,-1.571000,0.000046,1.001755,1.065203,1.462248
2.220000,-0.000046,-0.001756,0.034797,-0.000031,-0.005645,-0.037326,-0.000000,-0.001015,1.570041,0.000000,1.000000,1.100000,0.000000,0.000000,-1.571000,0.000046,1.001756,1.065203,1.462249
2.222000,-0.000046,-0.001758,0.034797,-0.000031,-0.005645,-0.037326,-0.000000,-0.001015,1.570041,0.000000,1.000000,1.100000,0.000000,0.000000,-1.571000,0.000046,1.001758,1.065203,1.462250
2.224000,-0.000046,-0.001760,0.034797,-0.000031,-0.005645,-0.037326,-0.000000,-0.001015,1.570041,0.000000,1.000000,1.100000,0.000000,0.000000,-1.571000,0.000046,1.001760,1.065203,1.462252
2.226000,-0.000046,-0.001761,0.034797,-0.000031,-0.005645,-0.037326,-0.000000,-0.001015,1.570041,0.000000,1.000000,1.100000,0.000000,0.000000,-1.571000,0.000046,1.001761,1.065203,1.462253
2.228000,-0.000046,-0.001763,0.034797,-0.000031,-0.005645,-0.037326,-0.000000,-0.001015,1.570041,0.000000,1.000000,1.100000,0.000000,0.000000,-1.571000,0.000046,1.001763,1.065203,1.462254
2.230000,-0.000046,-0.001765,0.034797,-0.000031,-0.005645,-0.037326,-0.000000,-0.001015,1.570041,0.000000,1.000000,1.100000,0.000000,0.000000,-1.571000,0.000046,1.001765,1.065203,1.462255
2.232000,-0.000046,-0.001766,0.034797,-0.000031,-0.005645,-0.037326,-0.000000,-0.001015,1.570041,0.000000,1.000000,1.100000,0.000000,0.000000,-1.571000,0.000046,1.001766,1.065203,1.462256
2.234000,-0.000046,-0.001768,0.034797,-0.000031,-0.005645,-0.037326,-0.000000,-0.001015,1.570041,0.000000,1.000000,1.100000,0.000000,0.000000,-1.571000,0.000046,1.001768,1.065203,1.462257
2.236000,-0.000046,-0.001770,0.034797,-0.000031,-0.005645,-0.037326,-0.000000,-0.001015,1.570041,0.000000,1.000000,1.100000,0.000000,0.000000,-1.571000,0.000046,1.001770,1.065203,1.462258
2.238000,-0.000046,-0.001771,0.034797,-0.000031,-0.005645,-0.037326,-0.000000,-0.001015,1.570041,0.000000,1.000000,1.100000,0.000000,0.000000,-1.571000,0.000046,1.001771,1.065203,1.462260
2.240000,-0.000046,-0.001773,0.034797,-0.000031,-0.005645,-0.037326,-0.000000,-0.001015,1.570041,0.000000,1.000000,1.100000,0.000000,0.000000,-1.571000,0.000046,1.001773,1.065203,1.462261
2.242000,-0.000046,-0.001775,0.034797,-0.000031,-0.005645,-0.037326,-0.000000,-0.001015,1.570041,0.000000,1.000000,1.100000,0.000000,0.000000,-1.571000,0.000046,1.001775,1.065203,1.462262
2.244000,-0.000046,-0.001776,0.034797,-0.000031,-0.005645,-0.037326,-0.000000,-0.001015,1.570041,0.000000,1.000000,1.100000,0.000000,0.000000,-1.571000,0.000046,1.001776,1.065203,1.462263
2.246000,-0.000046,-0.001778,0.034797,-0.000031,-0.005645,-0.037326,-0.000000,-0.001015,1.570041,0.000000,1.000000,1.100000,0.000000,0.000000,-1.571000,0.000046,1.001778,1.065203,1.462264
2.248000,-0.000047,-0.001780,0.034797,-0.000031,-0.005645,-0.037326,-0.000000,-0.001015,1.570041,0.000000,1.000000,1.100000,0.000000,0.000000,-1.571000,0.000047,1.001780,1.065203,1.462265
2.250000,-0.000047,-0.001781,0.034797,-0.000031,-0.005645,-0.037326,-0.000000,-0.001015,1.570041,0.000000,1.000000,1.100000,0.000000,0.000000,-1.571000,0.000047,1.001781,1.065203,1.462266
2.252000,-0.000047,-0.001783,0.034797,-0.000031,-0.005645,-0.037326,-0.000000,-0.001015,1.570041,0.000000,1.000000,1.100000,0.000000,0.000000,-1.571000,0.000047,1.001783,1.065203,1.462268
2.254000,-0.000047,-0.001785,0.034797,-0.000031,-0.005645,-0.037326,-0.000000,-0.001015,1.570041,0.000000,1.000000,1.100000,0.000000,0.000000,-1.571000,0.000047,1.001785,1.065203,1.462269
2.256000,-0.000047,-0.001786,0.034797,-0.000031,-0.005645,-0.037326,-0.000000,-0.001015,1.570041,0.000000,1.000000,1.100000,0.000000,0.000000,-1.571000,0.000047,1.001786,1.065203,1.462270
2.258000,-0.000047,-0.001788,0.034797,-0.000031,-0.005645,-0.037326,-0.000000,-0.001015,1.570041,0.000000,1.000000,1.100000,0.000000,0.000000,-1.571000,0.000047,1.001788,1.065203,1.462271
2.260000,-0.000047,-0.001790,0.034797,-0.000031,-0.005645,-0.037326,-0.000000,-0.001015,1.570041,0.000000,1.000000,1.100000,0.000000,0.000000,-1.571000,0.000047,1.001790,1.065203,1.462272
2.262000,-0.000047,-0.001792,0.034797,-0.000031,-0.005645,-0.037326,-0.000000,-0.001015,1.570041,0.000000,1.000000,1.100000,0.000000,0.000000,-1.571000,0.000047,1.001792,1.065203,1.462273
2.264000,-0.000047,-0.001793,0.034797,-0.000031,-0.005645,-0.037326,-0.000000,-0.001015,1.570041,0.000000,1.000000,1.100000,0.000000,0.000000,-1.571000,0.000047,1.001793,1.065203,1.462275
2.266000,-0.000047,-0.001795,0.034797,-0.000031,-0.005645,-0.037326,-0.000000,-0.001015,1.570042,0.000000,1.000000,1.100000,0.000000,0.000000,-1.571000,0.000047,1.001795,1.065203,1.462276
2.268000,-0.000047,-0.001797,0.034797,-0.000031,-0.005645,-0.037326,-0.000000,-0.001015,1.570042,0.000000,1.000000,1.100000,0.000000,0.000000,-1.571000,0.000047,1.001797,1.065203,1.462277
2.270000,-0.000047,-0.001798,0.034797,-0.000031,-0.005645,-0.037326,-0.000000,-0.001015,1.570042,0.000000,1.000000,1.100000,0.000000,0.000000,-1.571000,0.000047,1.001798,1.065203,1.462278
2.272000,-0.000047,-0.001800,0.034797,-0.000031,-0.005645,-0.037326,-0.000000,-0.001015,1.570042,0.000000,1.000000,1.100000,0.000000,0.000000,-1.571000,0.000047,1.001800,1.065203,1.462279
2.274000,-0.000047,-0.001802,0.034797,-0.000031,-0.005645,-0.037326,-0.000000,-0.001015,1.570042,0.000000,1.000000,1.100000,0.000000,0.000000,-1.571000,0.000047,1.001802,1.065203,1.462280
2.276000,-0.000047,-0.001803,0.034797,-0.000031,-0.005645,-0.037326,-0.000000,-0.001015,1.570042,0.000000,1.000000,1.100000,0.000000,0.000000,-1.571000,0.000047,1.001803,1.065203,1.462281
2.278000,-0.000047,-0.001805,0.034797,-0.000031,-0.005645,-0.037326,-0.000000,-0.001015,1.570042,0.000000,1.000000,1.100000,0.000000,0.000000,-1.571000,0.000047,1.001805,1.065203,1.462283
2.280000,-0.000047,-0.001807,0.034797,-0.000031,-0.005645,-0.037326,-0.000000,-0.001015,1.570042,0.000000,1.000000,1.100000,0.000000,0.000000,-1.571000,0.000047,1.001807,1.065203,1.462284
2.282000,-0.000047,-0.001808,0.034797,-0.000031,-0.005645,-0.037326,-0.000000,-0.001015,1.570042,0.000000,1.000000,1.100000,0.000000,0.000000,-1.571000,0.000047,1.001808,1.065203,1.462285
2.284000,-0.000047,-0.001810,0.034797,-0.000031,-0.005645,-0.037326,-0.000000,-0.001015,1.570042,0.000000,1.000000,1.100000,0.000000,0.000000,-1.571000,0.000047,1.001810,1.065203,1.462286
2.286000,-0.000047,-0.001812,0.034797,-0.000031,-0.005645,-0.037326,-0.000000,-0.001015,1.570042,0.000000,1.000000,1.100000,0.000000,0.000000,-1.571000,0.000047,1.001812,1.065203,1.462287
2.288000,-0.000047,-0.001813,0.034797,-0.000031,-0.005645,-0.037326,-0.000000,-0.001015,1.570042,0.000000,1.000000,1.100000,0.000000,0.000000,-1.571000,0.000047,1.001813,1.065203,1.462288
2.290000,-0.000047,-0.001815,0.034797,-0.000031,-0.005645,-0.037326,-0.000000,-0.001015,1.570042,0.000000,1.000000,1.100000,0.000000,0.000000,-1.571000,0.000047,1.001815,1.065203,1.462289
2.292000,-0.000048,-0.001817,0.034797,-0.000031,-0.005645,-0.037326,-0.000000,-0.001015,1.570042,0.000000,1.000000,1.100000,0.000000,0.000000,-1.571000,0.000048,1.001817,1.065203,1.462291
2.294000,-0.000048,-0.001818,0.034797,-0.000031,-0.005645,-0.037326,-0.000000,-0.001015,1.570042,0.000000,1.000000,1.100000,0.000000,0.000000,-1.571000,0.000048,1.001818,1.065203,1.462292
2.296000,-0.000048,-0.001820,0.034797,-0.000031,-0.005645,-0.037326,-0.000000,-0.001015,1.570042,0.000000,1.000000,1.100000,0.000000,0.000000,-1.571000,0.000048,1.001820,1.065203,1.462293
2.298000,-0.000048,-0.001822,0.034797,-0.000031,-0.005645,-0.037326,-0.000000,-0.001015,1.570042,0.000000,1.000000,1.100000,0.000000,0.000000,-1.571000,0.000048,1.001822,1.065203,1.462294
2.300000,-0.000048,-0.001823,0.034797,-0.000031,-0.005645,-0.037326,-0.000000,-0.001015,1.570042,0.000000,1.000000,1.100000,0.000000,0.000000,-1.571000,0.000048,1.001823,1.065203,1.462295
2.302000,-0.000048,-0.001825,0.034797,-0.000031,-0.005645,-0.037326,-0.000000,-0.001015,1.570042,0.000000,1.000000,1.100000,0.000000,0.000000,-1.571000,0.000048,1.001825,1.065203,1.462296
2.304000,-0.000048,-0.001827,0.034797,-0.000031,-0.005645,-0.037326,-0.000000,-0.001015,1.570042,0.000000,1.000000,1.100000,0.000000,0.000000,-1.571000,0.000048,1.001827,1.065203,1.462297
2.306000,-0.000048,-0.001828,0.034797,-0.000031,-0.005645,-0.037326,-0.000000,-0.001015,1.570042,0.000000,1.000000,1.100000,0.000000,0.000000,-1.571000,0.000048,1.001828,1.065203,1.462299
2.308000,-0.000048,-0.001830,0.034797,-0.000031,-0.005645,-0.037326,-0.000000,-0.001015,1.570042,0.000000,1.000000,1.100000,0.000000,0.000000,-1.571000,0.000048,1.001830,1.065203,1.462300
2.310000,-0.000048,-0.001832,0.034797,-0.000031,-0.005645,-0.037326,-0.000000,-0.001015,1.570042,0.000000,1.000000,1.100000,0.000000,0.000000,-1.571000,0.000048,1.001832,1.065203,1.462301
2.312000,-0.000048,-0.001833,0.034797,-0.000031,-0.005645,-0.037326,-0.000000,-0.001015,1.570042,0.000000,1.000000,1.100000,0.000000,0.000000,-1.571000,0.000048,1.001833,1.065203,1.462302
2.314000,-0.000048,-0.001835,0.034797,-0.000031,-0.005645,-0.037326,-0.000000,-0.001015,1.570042,0.000000,1.000000,1.100000,0.000000,0.000000,-1.571000,0.000048,1.001835,1.065203,1.462303
2.316000,-0.000048,-0.001837,0.034797,-0.000031,-0.005645,-0.037326,-0.000000,-0.001015,1.570042,0.000000,1.000000,1.100000,0.000000,0.000000,-1.571000,0.000048,1.001837,1.065203,1.462304
2.318000,-0.000048,-0.001838,0.034797,-0.000031,-0.005645,-0.037326,-0.000000,-0.001015,1.570043,0.000000,1.000000,1.100000,0.000000,0.000000,-1.571000,0.000048,1.001838,1.065203,1.462306
2.320000,-0.000048,-0.001840,0.034797,-0.000031,-0.005645,-0.037326,-0.000000,-0.001015,1.570043,0.000000,1.000000,1.100000,0.000000,0.000000,-1.571000,0.000048,1.001840,1.065203,1.462307
2.322000,-0.000048,-0.001842,0.034797,-0.000031,-0.005645,-0.037326,-0.000000,-0.001015,1.570043,0.000000,1.000000,1.100000,0.000000,0.000000,-1.571000,0.000048,1.001842,1.065203,1.462308
2.324000,-0.000048,-0.001843,0.034797,-0.000031,-0.005645,-0.037326,-0.000000,-0.001015,1.570043,0.000000,1.000000,1.100000,0.000000,0.000000,-1.571000,0.000048,1.001843,1.065203,1.462309
2.326000,-0.000048,-0.001845,0.034797,-0.000031,-0.005645,-0.037326,-0.000000,-0.001015,1.570043,0.000000,1.000000,1.100000,0.000000,0.000000,-1.571000,0.000048,1.001845,1.065203,1.462310
2.328000,-0.000048,-0.001847,0.034797,-0.000031,-0.005645,-0.037326,-0.000000,-0.001015,1.570043,0.000000,1.000000,1.100000,0.000000,0.000000,-1.571000,0.000048,1.001847,1.065203,1.462311
2.330000,-0.000048,-0.001848,0.034797,-0.000031,-0.005645,-0.037326,-0.000000,-0.001015,1.570043,0.000000,1.000000,1.100000,0.000000,0.000000,-1.571000,0.000048,1.001848,1.065203,1.462312
2.332000,-0.000048,-0.001850,0.034797,-0.000031,-0.005645,-0.037326,-0.000000,-0.001015,1.570043,0.000000,1.000000,1.100000,0.000000,0.000000,-1.571000,0.000048,1.001850,1.065203,1.462314
2.334000,-0.000048,-0.001852,0.034797,-0.000031,-0.005645,-0.037326,-0.000000,-0.001015,1.570043,0.000000,1.000000,1.100000,0.000000,0.000000,-1.571000,0.000048,1.001852,1.065203,1.462315
2.336000,-0.000049,-0.001853,0.034797,-0.000031,-0.005645,-0.037326,-0.000000,-0.001015,1.570043,0.000000,1.000000,1.100000,0.000000,0.000000,-1.571000,0.000049,1.001853,1.065203,1.462316
2.338000,-0.000049,-0.001855,0.034797,-0.000031,-0.005645,-0.037326,-0.000000,-0.001015,1.570043,0.000000,1.000000,1.100000,0.000000,0.000000,-1.571000,0.000049,1.001855,1.065203,1.462317
2.340000,-0.000049,-0.001857,0.034797,-0.000031,-0.005645,-0.037326,-0.000000,-0.001015,1.570043,0.000000,1.000000,1.100000,0.000000,0.000000,-1.571000,0.000049,1.001857,1.065203,1.462318
2.342000,-0.000049,-0.001859,0.034797,-0.000031,-0.005645,-0.037326,-0.000000,-0.001015,1.570043,0.000000,1.000000,1.100000,0.000000,0.000000,-1.571000,0.000049,1.001859,1.065203,1.462319
2.344000,-0.000049,-0.001860,0.034797,-0.000031,-0.005645,-0.037326,-0.000000,-0.001015,1.570043,0.000000,1.000000,1.100000,0.000000,0.000000,-1.571000,0.000049,1.001860,1.065203,1.462320
2.346000,-0.000049,-0.001862,0.034797,-0.000031,-0.005645,-0.037326,-0.000000,-0.001015,1.570043,0.000000,1.000000,1.100000,0.000000,0.000000,-1.571000,0.000049,1.001862,1.065203,1.462322
2.348000,-0.000049,-0.001864,0.034797,-0.000031,-0.005645,-0.037326,-0.000000,-0.001015,1.570043,0.000000,1.000000,1.100000,0.000000,0.000000,-1.571000,0.000049,1.001864,1.065203,1.462323
2.350000,-0.000049,-0.001865,0.034797,-0.000031,-0.005645,-0.037326,-0.000000,-0.001015,1.570043,0.000000,1.000000,1.100000,0.000000,0.000000,-1.571000,0.000049,1.001865,1.065203,1.462324
2.352000,-0.000049,-0.001867,0.034797,-0.000031,-0.005645,-0.037326,-0.000000,-0.001015,1.570043,0.000000,1.000000,1.100000,0.000000,0.000000,-1.571000,0.000049,1.001867,1.065203,1.462325
2.354000,-0.000049,-0.001869,0.034797,-0.000031,-0.005645,-0.037326,-0.000000,-0.001015,1.570043,0.000000,1.000000,1.100000,0.000000,0.000000,-1.571000,0.000049,1.001869,1.065203,1.462326
2.356000,-0.000049,-0.001870,0.034797,-0.000031,-0.005645,-0.037326,-0.000000,-0.001015,1.570043,0.000000,1.000000,1.100000,0.000000,0.000000,-1.571000,0.000049,1.001870,1.065203,1.462327
2.358000,-0.000049,-0.001872,0.034797,-0.000031,-0.005645,-0.037326,-0.000000,-0.001015,1.570043,0.000000,1.000000,1.100000,0.000000,0.000000,-1.571000,0.000049,1.001872,1.065203,1.462328
2.360000,-0.000049,-0.001874,0.034797,-0.000031,-0.005645,-0.037326,-0.000000,-0.001015,1.570043,0.000000,1.000000,1.100000,0.000000,0.000000,-1.571000,0.000049,1.001874,1.065203,1.462330
2.362000,-0.000049,-0.001875,0.034797,-0.000031,-0.005645,-0.037326,-0.000000,-0.001015,1.570043,0.000000,1.000000,1.100000,0.000000,0.000000,-1.571000,0.000049,1.001875,1.065203,1.462331
2.364000,-0.000049,-0.001877,0.034797,-0.000031,-0.005645,-0.037326,-0.000000,-0.001015,1.570043,0.000000,1.000000,1.100000,0.000000,0.000000,-1.571000,0.000049,1.001877,1.065203,1.462332
2.366000,-0.000049,-0.001879,0.034797,-0.000031,-0.005645,-0.037326,-0.000000,-0.001015,1.570043,0.000000,1.000000,1.100000,0.000000,0.000000,-1.571000,0.000049,1.001879,1.065203,1.462333
2.368000,-0.000049,-0.001880,0.034797,-0.000031,-0.005645,-0.037326,-0.000000,-0.001015,1.570044,0.000000,1.000000,1.100000,0.000000,0.000000,-1.571000,0.000049,1.001880,1.065203,1.462334
2.370000,-0.000049,-0.001882,0.034797,-0.000031,-0.005645,-0.037326,-0.000000,-0.001015,1.570044,0.000000,1.000000,1.100000,0.000000,0.000000,-1.571000,0.000049,1.001882,1.065203,1.462335
2.372000,-0.000049,-0.001884,0.034797,-0.000031,-0.005645,-0.037326,-0.000000,-0.001015,1.570044,0.000000,1.000000,1.100000,0.000000,0.000000,-1.571000,0.000049,1.001884,1.065203,1.462336
2.374000,-0.000049,-0.001885,0.034797,-0.000031,-0.005645,-0.037326,-0.000000,-0.001015,1.570044,0.000000,1.000000,1.100000,0.000000,0.000000,-1.571000,0.000049,1.001885,1.065203,1.462338
2.376000,-0.000049,-0.001887,0.034797,-0.000031,-0.005645,-0.037326,-0.000000,-0.001015,1.570044,0.000000,1.000000,1.100000,0.000000,0.000000,-1.571000,0.000049,1.001887,1.065203,1.462339
2.378000,-0.000049,-0.001889,0.034797,-0.000031,-0.005645,-0.037326,-0.000000,-0.001015,1.570044,0.000000,1.000000,1.100000,0.000000,0.000000,-1.571000,0.000049,1.001889,1.065203,1.462340
2.380000,-0.000049,-0.001890,0.034797,-0.000031,-0.005645,-0.037326,-0.000000,-0.001015,1.570044,0.000000,1.000000,1.100000,0.000000,0.000000,-1.571000,0.000049,1.001890,1.065203,1.462341
2.382000,-0.000050,-0.001892,0.034797,-0.000031,-0.005645,-0.037326,-0.000000,-0.001015,1.570044,0.000000,1.000000,1.100000,0.000000,0.000000,-1.571000,0.000050,1.001892,1.065203,1.462342
2.384000,-0.000050,-0.001894,0.034797,-0.000031,-0.005645,-0.037326,-0.000000,-0.001015,1.570044,0.000000,1.000000,1.100000,0.000000,0.000000,-1.571000,0.000050,1.001894,1.065203,1.462343
2.386000,-0.000050,-0.001895,0.034797,-0.000031,-0.005645,-0.037326,-0.000000,-0.001015,1.570044,0.000000,1.000000,1.100000,0.000000,0.000000,-1.571000,0.000050,1.001895,1.065203,1.462345
2.388000,-0.000050,-0.001897,0.034797,-0.000031,-0.005645,-0.037326,-0.000000,-0.001015,1.570044,0.000000,1.000000,1.100000,0.000000,0.000000,-1.571000,0.000050,1.001897,1.065203,1.462346
2.390000,-0.000050,-0.001899,0.034797,-0.000031,-0.005645,-0.037326,-0.000000,-0.001015,1.570044,0.000000,1.000000,1.100000,0.000000,0.000000,-1.571000,0.000050,1.001899,1.065203,1.462347
2.392000,-0.000050,-0.001900,0.034797,-0.000031,-0.005645,-0.037326,-0.000000,-0.001015,1.570044,0.000000,1.000000,1.100000,0.000000,0.000000,-1.571000,0.000050,1.001900,1.065203,1.462348
2.394000,-0.000050,-0.001902,0.034797,-0.000031,-0.005645,-0.037326,-0.000000,-0.001015,1.570044,0.000000,1.000000,1.100000,0.000000,0.000000,-1.571000,0.000050,1.001902,1.065203,1.462349
2.396000,-0.000050,-0.001904,0.034797,-0.000031,-0.005645,-0.037326,-0.000000,-0.001015,1.570044,0.000000,1.000000,1.100000,0.000000,0.000000,-1.571000,0.000050,1.001904,1.065203,1.462350
2.398000,-0.000050,-0.001905,0.034797,-0.000031,-0.005645,-0.037326,-0.000000,-0.001015,1.570044,0.000000,1.000000,1.100000,0.000000,0.000000,-1.571000,0.000050,1.001905,1.065203,1.462351
2.400000,-0.000050,-0.001907,0.034797,-0.000031,-0.005645,-0.037326,-0.000000,-0.001015,1.570044,0.000000,1.000000,1.100000,0.000000,0.000000,-1.571000,0.000050,1.001907,1.065203,1.462353
2.402000,-0.000050,-0.001909,0.034797,-0.000031,-0.005645,-0.037326,-0.000000,-0.001015,1.570044,0.000000,1.000000,1.100000,0.000000,0.000000,-1.571000,0.000050,1.001909,1.065203,1.462354
2.404000,-0.000050,-0.001910,0.034797,-0.000031,-0.005645,-0.037326,-0.000000,-0.001015,1.570044,0.000000,1.000000,1.100000,0.000000,0.000000,-1.571000,0.000050,1.001910,1.065203,1.462355
2.406000,-0.000050,-0.001912,0.034797,-0.000031,-0.005645,-0.037326,-0.000000,-0.001015,1.570044,0.000000,1.000000,1.100000,0.000000,0.000000,-1.571000,0.000050,1.001912,1.065203,1.462356
2.408000,-0.000050,-0.001914,0.034797,-0.000031,-0.005645,-0.037326,-0.000000,-0.001015,1.570044,0.000000,1.000000,1.100000,0.000000,0.000000,-1.571000,0.000050,1.001914,1.065203,1.462357
2.410000,-0.000050,-0.001915,0.034797,-0.000031,-0.005645,-0.037326,-0.000000,-0.001015,1.570044,0.000000,1.000000,1.100000,0.000000,0.000000,-1.571000,0.000050,1.001915,1.065203,1.462358
2.412000,-0.000050,-0.001917,0.034797,-0.000031,-0.005645,-0.037326,-0.000000,-0.001015,1.570044,0.000000,1.000000,1.100000,0.000000,0.000000,-1.571000,0.000050,1.001917,1.065203,1.462359
2.414000,-0.000050,-0.001919,0.034797,-0.000031,-0.005645,-0.037326,-0.000000,-0.001015,1.570044,0.000000,1.000000,1.100000,0.000000,0.000000,-1.571000,0.000050,1.001919,1.065203,1.462361
2.416000,-0.000050,-0.001920,0.034797,-0.000031,-0.005645,-0.037326,-0.000000,-0.001015,1.570044,0.000000,1.000000,1.100000,0.000000,0.000000,-1.571000,0.000050,1.001920,1.065203,1.462362
2.418000,-0.000050,-0.001922,0.034797,-0.000031,-0.005645,-0.037326,-0.000000,-0.001015,1.570045,0.000000,1.000000,1.100000,0.000000,0.000000,-1.571000,0.000050,1.001922,1.065203,1.462363
2.420000,-0.000050,-0.001924,0.034797,-0.000031,-0.005645,-0.037326,-0.000000,-0.001015,1.570045,0.000000,1.000000,1.100000,0.000000,0.000000,-1.571000,0.000050,1.001924,1.065203,1.462364
2.422000,-0.000050,-0.001925,0.034797,-0.000031,-0.005645,-0.037326,-0.000000,-0.001015,1.570045,0.000000,1.000000,1.100000,0.000000,0.000000,-1.571000,0.000050,1.001925,1.065203,1.462365
2.424000,-0.000050,-0.001927,0.034797,-0.000031,-0.005645,-0.037326,-0.000000,-0.001015,1.570045,0.000000,1.000000,1.100000,0.000000,0.000000,-1.571000,0.000050,1.001927,1.065203,1.462366
2.426000,-0.000051,-0.001929,0.034797,-0.000031,-0.005645,-0.037326,-0.000000,-0.001015,1.570045,0.000000,1.000000,1.100000,0.000000,0.000000,-1.571000,0.000051,1.001929,1.065203,1.462367
2.428000,-0.000051,-0.001931,0.034797,-0.000031,-0.005645,-0.037326,-0.000000,-0.001015,1.570045,0.000000,1.000000,1.100000,0.000000,0.000000,-1.571000,0.000051,1.001931,1.065203,1.462369
2.430000,-0.000051,-0.001932,0.034797,-0.000031,-0.005645,-0.037326,-0.000000,-0.001015,1.570045,0.000000,1.000000,1.100000,0.000000,0.000000,-1.571000,0.000051,1.001932,1.065203,1.462370
2.432000,-0.000051,-0.001934,0.034797,-0.000031,-0.005645,-0.037326,-0.000000,-0.001015,1.570045,0.000000,1.000000,1.100000,0.000000,0.000000,-1.571000,0.000051,1.001934,1.065203,1.462371
2.434000,-0.000051,-0.001936,0.034797,-0.000031,-0.005645,-0.037326,-0.000000,-0.001015,1.570045,0.000000,1.000000,1.100000,0.000000,0.000000,-1.571000,0.000051,1.001936,1.065203,1.462372
2.436000,-0.000051,-0.001937,0.034797,-0.000031,-0.005645,-0.037326,-0.000000,-0.001015,1.570045,0.000000,1.000000,1.100000,0.000000,0.000000,-1.571000,0.000051,1.001937,1.065203,1.462373
2.438000,-0.000051,-0.001939,0.034797,-0.000031,-0.005645,-0.037326,-0.000000,-0.001015,1.570045,0.000000,1.000000,1.100000,0.000000,0.000000,-1.571000,0.000051,1.001939,1.065203,1.462374
2.440000,-0.000051,-0.001941,0.034797,-0.000031,-0.005645,-0.037326,-0.000000,-0.001015,1.570045,0.000000,1.000000,1.100000,0.000000,0.000000,-1.571000,0.000051,1.001941,1.065203,1.462375
2.442000,-0.000051,-0.001942,0.034797,-0.000031,-0.005645,-0.037326,-0.000000,-0.001015,1.570045,0.000000,1.000000,1.100000,0.000000,0.000000,-1.571000,0.000051,1.001942,1.065203,1.462377
2.444000,-0.000051,-0.001944,0.034797,-0.000031,-0.005645,-0.037326,-0.000000,-0.001015,1.570045,0.000000,1.000000,1.100000,0.000000,0.000000,-1.571000,0.000051,1.001944,1.065203,1.462378
2.446000,-0.000051,-0.001946,0.034797,-0.000031,-0.005645,-0.037326,-0.000000,-0.001015,1.570045,0.000000,1.000000,1.100000,0.000000,0.000000,-1.571000,0.000051,1.001946,1.065203,1.462379
2.448000,-0.000051,-0.001947,0.034797,-0.000031,-0.005645,-0.037326,-0.000000,-0.001015,1.570045,0.000000,1.000000,1.100000,0.000000,0.000000,-1.571000,0.000051,1.001947,1.065203,1.462380
2.450000,-0.000051,-0.001949,0.034797,-0.000031,-0.005645,-0.037326,-0.000000,-0.001015,1.570045,0.000000,1.000000,1.100000,0.000000,0.000000,-1.571000,0.000051,1.001949,1.065203,1.462381
2.452000,-0.000051,-0.001951,0.034797,-0.000031,-0.005645,-0.037326,-0.000000,-0.001015,1.570045,0.000000,1.000000,1.100000,0.000000,0.000000,-1.571000,0.000051,1.001951,1.065203,1.462382
2.454000,-0.000051,-0.001952,0.034797,-0.000031,-0.005645,-0.037326,-0.000000,-0.001015,1.570045,0.000000,1.000000,1.100000,0.000000,0.000000,-1.571000,0.000051,1.001952,1.065203,1.462384
2.456000,-0.000051,-0.001954,0.034797,-0.000031,-0.005645,-0.037326,-0.000000,-0.001015,1.570045,0.000000,1.000000,1.100000,0.000000,0.000000,-1.571000,0.000051,1.001954,1.065203,1.462385
2.458000,-0.000051,-0.001956,0.034797,-0.000031,-0.005645,-0.037326,-0.000000,-0.001015,1.570045,0.000000,1.000000,1.100000,0.000000,0.000000,-1.571000,0.000051,1.001956,1.065203,1.462386
2.460000,-0.000051,-0.001957,0.034797,-0.000031,-0.005645,-0.037326,-0.000000,-0.001015,1.570045,0.000000,1.000000,1.100000,0.000000,0.000000,-1.571000,0.000051,1.001957,1.065203,1.462387
2.462000,-0.000051,-0.001959,0.034797,-0.000031,-0.005645,-0.037326,-0.000000,-0.001015,1.570045,0.000000,1.000000,1.100000,0.000000,0.000000,-1.571000,0.000051,1.001959,1.065203,1.462388
2.464000,-0.000051,-0.001961,0.034797,-0.000031,-0.005645,-0.037326,-0.000000,-0.001015,1.570045,0.000000,1.000000,1.100000,0.000000,0.000000,-1.571000,0.000051,1.001961,1.065203,1.462389
2.466000,-0.000051,-0.001962,0.034797,-0.000031,-0.005645,-0.037326,-0.000000,-0.001015,1.570045,0.000000,1.000000,1.100000,0.000000,0.000000,-1.571000,0.000051,1.001962,1.065203,1.462390
2.468000,-0.000051,-0.001964,0.034797,-0.000031,-0.005645,-0.037326,-0.000000,-0.001015,1.570045,0.000000,1.000000,1.100000,0.000000,0.000000,-1.571000,0.000051,1.001964,1.065203,1.462392
2.470000,-0.000052,-0.001966,0.034797,-0.000031,-0.005645,-0.037326,-0.000000,-0.001015,1.570046,0.000000,1.000000,1.100000,0.000000,0.000000,-1.571000,0.000052,1.001966,1.065203,1.462393
2.472000,-0.000052,-0.001967,0.034797,-0.000031,-0.005645,-0.037326,-0.000000,-0.001015,1.570046,0.000000,1.000000,1.100000,0.000000,0.000000,-1.571000,0.000052,1.001967,1.065203,1.462394
2.474000,-0.000052,-0.001969,0.034797,-0.000031,-0.005645,-0.037326,-0.000000,-0.001015,1.570046,0.000000,1.000000,1.100000,0.000000,0.000000,-1.571000,0.000052,1.001969,1.065203,1.462395
2.476000,-0.000052,-0.001971,0.034797,-0.000031,-0.005645,-0.037326,-0.000000,-0.001015,1.570046,0.000000,1.000000,1.100000,0.000000,0.000000,-1.571000,0.000052,1.001971,1.065203,1.462396
2.478000,-0.000052,-0.001972,0.034797,-0.000031,-0.005645,-0.037326,-0.000000,-0.001015,1.570046,0.000000,1.000000,1.100000,0.000000,0.000000,-1.571000,0.000052,1.001972,1.065203,1.462397
2.480000,-0.000052,-0.001974,0.034797,-0.000031,-0.005645,-0.037326,-0.000000,-0.001015,1.570046,0.000000,1.000000,1.100000,0.000000,0.000000,-1.571000,0.000052,1.001974,1.065203,1.462398
2.482000,-0.000052,-0.001976,0.034797,-0.000031,-0.005645,-0.037326,-0.000000,-0.001015,1.570046,0.000000,1.000000,1.100000,0.000000,0.000000,-1.571000,0.000052,1.001976,1.065203,1.462400
2.484000,-0.000052,-0.001977,0.034797,-0.000031,-0.005645,-0.037326,-0.000000,-0.001015,1.570046,0.000000,1.000000,1.100000,0.000000,0.000000,-1.571000,0.000052,1.001977,1.065203,1.462401
2.486000,-0.000052,-0.001979,0.034797,-0.000031,-0.005645,-0.037326,-0.000000,-0.001015,1.570046,0.000000,1.000000,1.100000,0.000000,0.000000,-1.571000,0.000052,1.001979,1.065203,1.462402
2.488000,-0.000052,-0.001981,0.034797,-0.000031,-0.005645,-0.037326,-0.000000,-0.001015,1.570046,0.000000,1.000000,1.100000,0.000000,0.000000,-1.571000,0.000052,1.001981,1.065203,1.462403
2.490000,-0.000052,-0.001982,0.034797,-0.000031,-0.005645,-0.037326,-0.000000,-0.001015,1.570046,0.000000,1.000000,1.100000,0.000000,0.000000,-1.571000,0.000052,1.001982,1.065203,1.462404
2.492000,-0.000052,-0.001984,0.034797,-0.000031,-0.005645,-0.037326,-0.000000,-0.001015,1.570046,0.000000,1.000000,1.100000,0.000000,0.000000,-1.571000,0.000052,1.001984,1.065203,1.462405
2.494000,-0.000052,-0.001986,0.034797,-0.000031,-0.005645,-0.037326,-0.000000,-0.001015,1.570046,0.000000,1.000000,1.100000,0.000000,0.000000,-1.571000,0.000052,1.001986,1.065203,1.462406
2.496000,-0.000052,-0.001987,0.034797,-0.000031,-0.005645,-0.037326,-0.000000,-0.001015,1.570046,0.000000,1.000000,1.100000,0.000000,0.000000,-1.571000,0.000052,1.001987,1.065203,1.462408
2.498000,-0.000052,-0.001989,0.034797,-0.000031,-0.005645,-0.037326,-0.000000,-0.001015,1.570046,0.000000,1.000000,1.100000,0.000000,0.000000,-1.571000,0.000052,1.001989,1.065203,1.462409
2.500000,-0.000052,-0.001991,0.034797,-0.000031,-0.005645,-0.037326,-0.000000,-0.001015,1.570046,0.000000,1.000000,1.100000,0.000000,0.000000,-1.571000,0.000052,1.001991,1.065203,1.462410
2.502000,-0.000052,-0.001992,0.034797,-0.000031,-0.005645,-0.037326,-0.000000,-0.001015,1.570046,0.000000,1.000000,1.100000,0.000000,0.000000,-1.571000,0.000052,1.001992,1.065203,1.462411
2.504000,-0.000052,-0.001994,0.034797,-0.000031,-0.005645,-0.037326,-0.000000,-0.001015,1.570046,0.000000,1.000000,1.100000,0.000000,0.000000,-1.571000,0.000052,1.001994,1.065203,1.462412
2.506000,-0.000052,-0.001996,0.034797,-0.000031,-0.005645,-0.037326,-0.000000,-0.001015,1.570046,0.000000,1.000000,1.100000,0.000000,0.000000,-1.571000,0.000052,1.001996,1.065203,1.462413
2.508000,-0.000052,-0.001998,0.034797,-0.000031,-0.005645,-0.037326,-0.000000,-0.001015,1.570046,0.000000,1.000000,1.100000,0.000000,0.000000,-1.571000,0.000052,1.001998,1.065203,1.462415
2.510000,-0.000052,-0.001999,0.034797,-0.000031,-0.005645,-0.037326,-0.000000,-0.001015,1.570046,0.000000,1.000000,1.100000,0.000000,0.000000,-1.571000,0.000052,1.001999,1.065203,1.462416
2.512000,-0.000052,-0.002001,0.034797,-0.000031,-0.005645,-0.037326,-0.000000,-0.001015,1.570046,0.000000,1.000000,1.100000,0.000000,0.000000,-1.571000,0.000052,1.002001,1.065203,1.462417
2.514000,-0.000052,-0.002003,0.034797,-0.000031,-0.005645,-0.037326,-0.000000,-0.001015,1.570046,0.000000,1.000000,1.100000,0.000000,0.000000,-1.571000,0.000052,1.002003,1.065203,1.462418
2.516000,-0.000053,-0.002004,0.034797,-0.000031,-0.005645,-0.037326,-0.000000,-0.001015,1.570046,0.000000,1.000000,1.100000,0.000000,0.000000,-1.571000,0.000053,1.002004,1.065203,1.462419
2.518000,-0.000053,-0.002006,0.034797,-0.000031,-0.005645,-0.037326,-0.000000,-0.001015,1.570046,0.000000,1.000000,1.100000,0.000000,0.000000,-1.571000,0.000053,1.002006,1.065203,1.462420
2.520000,-0.000053,-0.002008,0.034797,-0.000031,-0.005645,-0.037326,-0.000000,-0.001015,1.570047,0.000000,1.000000,1.100000,0.000000,0.000000,-1.571000,0.000053,1.002008,1.065203,1.462421
2.522000,-0.000053,-0.002009,0.034797,-0.000031,-0.005645,-0.037326,-0.000000,-0.001015,1.570047,0.000000,1.000000,1.100000,0.000000,0.000000,-1.571000,0.000053,1.002009,1.065203,1.462423
2.524000,-0.000053,-0.002011,0.034797,-0.000031,-0.005645,-0.037326,-0.000000,-0.001015,1.570047,0.000000,1.000000,1.100000,0.000000,0.000000,-1.571000,0.000053,1.002011,1.065203,1.462424
2.526000,-0.000053,-0.002013,0.034797,-0.000031,-0.005645,-0.037326,-0.000000,-0.001015,1.570047,0.000000,1.000000,1.100000,0.000000,0.000000,-1.571000,0.000053,1.002013,1.065203,1.462425
2.528000,-0.000053,-0.002014,0.034797,-0.000031,-0.005645,-0.037326,-0.000000,-0.001015,1.570047,0.000000,1.000000,1.100000,0.000000,0.000000,-1.571000,0.000053,1.002014,1.065203,1.462426
2.530000,-0.000053,-0.002016,0.034797,-0.000031,-0.005645,-0.037326,-0.000000,-0.001015,1.570047,0.000000,1.000000,1.100000,0.000000,0.000000,-1.571000,0.000053,1.002016,1.065203,1.462427
2.532000,-0.000053,-0.002018,0.034797,-0.000031,-0.005645,-0.037326,-0.000000,-0.001015,1.570047,0.000000,1.000000,1.100000,0.000000,0.000000,-1.571000,0.000053,1.002018,1.065203,1.462428
2.534000,-0.000053,-0.002019,0.034797,-0.000031,-0.005645,-0.037326,-0.000000,-0.001015,1.570047,0.000000,1.000000,1.100000,0.000000,0.000000,-1.571000,0.000053,1.002019,1.065203,1.462429
2.536000,-0.000053,-0.002021,0.034797,-0.000031,-0.005645,-0.037326,-0.000000,-0.001015,1.570047,0.000000,1.000000,1.100000,0.000000,0.000000,-1.571000,0.000053,1.002021,1.065203,1.462431
2.538000,-0.000053,-0.002023,0.034797,-0.000031,-0.005645,-0.037326,-0.000000,-0.001015,1.570047,0.000000,1.000000,1.100000,0.000000,0.000000,-1.571000,0.000053,1.002023,1.065203,1.462432
2.540000,-0.000053,-0.002024,0.034797,-0.000031,-0.005645,-0.037326,-0.000000,-0.001015,1.570047,0.000000,1.000000,1.100000,0.000000,0.000000,-1.571000,0.000053,1.002024,1.065203,1.462433
2.542000,-0.000053,-0.002026,0.034797,-0.000031,-0.005645,-0.037326,-0.000000,-0.001015,1.570047,0.000000,1.000000,1.100000,0.000000,0.000000,-1.571000,0.000053,1.002026,1.065203,1.462434
2.544000,-0.000053,-0.002028,0.034797,-0.000031,-0.005645,-0.037326,-0.000000,-0.001015,1.570047,0.000000,1.000000,1.100000,0.000000,0.000000,-1.571000,0.000053,1.002028,1.065203,1.462435
2.546000,-0.000053,-0.002029,0.034797,-0.000031,-0.005645,-0.037326,-0.000000,-0.001015,1.570047,0.000000,1.000000,1.100000,0.000000,0.000000,-1.571000,0.000053,1.002029,1.065203,1.462436
2.548000,-0.000053,-0.002031,0.034797,-0.000031,-0.005645,-0.037326,-0.000000,-0.001015,1.570047,0.000000,1.000000,1.100000,0.000000,0.000000,-1.571000,0.000053,1.002031,1.065203,1.462437
2.550000,-0.000053,-0.002033,0.034797,-0.000031,-0.005645,-0.037326,-0.000000,-0.001015,1.570047,0.000000,1.000000,1.100000,0.000000,0.000000,-1.571000,0.000053,1.002033,1.065203,1.462439
2.552000,-0.000053,-0.002034,0.034797,-0.000031,-0.005645,-0.037326,-0.000000,-0.001015,1.570047,0.000000,1.000000,1.100000,0.000000,0.000000,-1.571000,0.000053,1.002034,1.065203,1.462440
2.554000,-0.000053,-0.002036,0.034797,-0.000031,-0.005645,-0.037326,-0.000000,-0.001015,1.570047,0.000000,1.000000,1.100000,0.000000,0.000000,-1.571000,0.000053,1.002036,1.065203,1.462441
2.556000,-0.000053,-0.002038,0.034797,-0.000031,-0.005645,-0.037326,-0.000000,-0.001015,1.570047,0.000000,1.000000,1.100000,0.000000,0.000000,-1.571000,0.000053,1.002038,1.065203,1.462442
2.558000,-0.000053,-0.002039,0.034797,-0.000031,-0.005645,-0.037326,-0.000000,-0.001015,1.570047,0.000000,1.000000,1.100000,0.000000,0.000000,-1.571000,0.000053,1.002039,1.065203,1.462443
2.560000,-0.000054,-0.002041,0.034797,-0.000031,-0.005645,-0.037326,-0.000000,-0.001015,1.570047,0.000000,1.000000,1.100000,0.000000,0.000000,-1.571000,0.000054,1.002041,1.065203,1.462444
2.562000,-0.000054,-0.002043,0.034797,-0.000031,-0.005645,-0.037326,-0.000000,-0.001015,1.570047,0.000000,1.000000,1.100000,0.000000,0.000000,-1.571000,0.000054,1.002043,1.065203,1.462445
2.564000,-0.000054,-0.002044,0.034797,-0.000031,-0.005645,-0.037326,-0.000000,-0.001015,1.570047,0.000000,1.000000,1.100000,0.000000,0.000000,-1.571000,0.000054,1.002044,1.065203,1.462447
2.566000,-0.000054,-0.002046,0.034797,-0.000031,-0.005645,-0.037326,-0.000000,-0.001015,1.570047,0.000000,1.000000,1.100000,0.000000,0.000000,-1.571000,0.000054,1.002046,1.065203,1.462448
2.568000,-0.000054,-0.002048,0.034797,-0.000031,-0.005645,-0.037326,-0.000000,-0.001015,1.570047,0.000000,1.000000,1.100000,0.000000,0.000000,-1.571000,0.000054,1.002048,1.065203,1.462449
2.570000,-0.000054,-0.002049,0.034797,-0.000031,-0.005645,-0.037326,-0.000000,-0.001015,1.570048,0.000000,1.000000,1.100000,0.000000,0.000000,-1.571000,0.000054,1.002049,1.065203,1.462450
2.572000,-0.000054,-0.002051,0.034797,-0.000031,-0.005645,-0.037326,-0.000000,-0.001015,1.570048,0.000000,1.000000,1.100000,0.000000,0.000000,-1.571000,0.000054,1.002051,1.065203,1.462451
2.574000,-0.000054,-0.002053,0.034797,-0.000031,-0.005645,-0.037326,-0.000000,-0.001015,1.570048,0.000000,1.000000,1.100000,0.000000,0.000000,-1.571000,0.000054,1.002053,1.065203,1.462452
2.576000,-0.000054,-0.002054,0.034797,-0.000031,-0.005645,-0.037326,-0.000000,-0.001015,1.570048,0.000000,1.000000,1.100000,0.000000,0.000000,-1.571000,0.000054,1.002054,1.065203,1.462454
2.578000,-0.000054,-0.002056,0.034797,-0.000031,-0.005645,-0.037326,-0.000000,-0.001015,1.570048,0.000000,1.000000,1.100000,0.000000,0.000000,-1.571000,0.000054,1.002056,1.065203,1.462455
2.580000,-0.000054,-0.002058,0.034797,-0.000031,-0.005645,-0.037326,-0.000000,-0.001015,1.570048,0.000000,1.000000,1.100000,0.000000,0.000000,-1.571000,0.000054,1.002058,1.065203,1.462456
2.582000,-0.000054,-0.002059,0.034797,-0.000031,-0.005645,-0.037326,-0.000000,-0.001015,1.570048,0.000000,1.000000,1.100000,0.000000,0.000000,-1.571000,0.000054,1.002059,1.065203,1.462457
2.584000,-0.000054,-0.002061,0.034797,-0.000031,-0.005645,-0.037326,-0.000000,-0.001015,1.570048,0.000000,1.000000,1.100000,0.000000,0.000000,-1.571000,0.000054,1.002061,1.065203,1.462458
2.586000,-0.000054,-0.002063,0.034797,-0.000031,-0.005645,-0.037326,-0.000000,-0.001015,1.570048,0.000000,1.000000,1.100000,0.000000,0.000000,-1.571000,0.000054,1.002063,1.065203,1.462459
2.588000,-0.000054,-0.002064,0.034797,-0.000031,-0.005645,-0.037326,-0.000000,-0.001015,1.570048,0.000000,1.000000,1.100000,0.000000,0.000000,-1.571000,0.000054,1.002064,1.065203,1.462460
2.590000,-0.000054,-0.002066,0.034797,-0.000031,-0.005645,-0.037326,-0.000000,-0.001015,1.570048,0.000000,1.000000,1.100000,0.000000,0.000000,-1.571000,0.000054,1.002066,1.065203,1.462462
2.592000,-0.000054,-0.002068,0.034797,-0.000031,-0.005645,-0.037326,-0.000000,-0.001015,1.570048,0.000000,1.000000,1.100000,0.000000,0.000000,-1.571000,0.000054,1.002068,1.065203,1.462463
2.594000,-0.000054,-0.002070,0.034797,-0.000031,-0.005645,-0.037326,-0.000000,-0.001015,1.570048,0.000000,1.000000,1.100000,0.000000,0.000000,-1.571000,0.000054,1.002070,1.065203,1.462464
2.596000,-0.000054,-0.002071,0.034797,-0.000031,-0.005645,-0.037326,-0.000000,-0.001015,1.570048,0.000000,1.000000,1.100000,0.000000,0.000000,-1.571000,0.000054,1.002071,1.065203,1.462465
2.598000,-0.000054,-0.002073,0.034797,-0.000031,-0.005645,-0.037326,-0.000000,-0.001015,1.570048,0.000000,1.000000,1.100000,0.000000,0.000000,-1.571000,0.000054,1.002073,1.065203,1.462466
2.600000,-0.000054,-0.002075,0.034797,-0.000031,-0.005645,-0.037326,-0.000000,-0.001015,1.570048,0.000000,1.000000,1.100000,0.000000,0.000000,-1.571000,0.000054,1.002075,1.065203,1.462467
2.602000,-0.000054,-0.002076,0.034797,-0.000031,-0.005645,-0.037326,-0.000000,-0.001015,1.570048,0.000000,1.000000,1.100000,0.000000,0.000000,-1.571000,0.000054,1.002076,1.065203,1.462468
2.604000,-0.000055,-0.002078,0.034797,-0.000031,-0.005645,-0.037326,-0.000000,-0.001015,1.570048,0.000000,1.000000,1.100000,0.000000,0.000000,-1.571000,0.000055,1.002078,1.065203,1.462470
2.606000,-0.000055,-0.002080,0.034797,-0.000031,-0.005645,-0.037326,-0.000000,-0.001015,1.570048,0.000000,1.000000,1.100000,0.000000,0.000000,-1.571000,0.000055,1.002080,1.065203,1.462471
2.608000,-0.000055,-0.002081,0.034797,-0.000031,-0.005645,-0.037326,-0.000000,-0.001015,1.570048,0.000000,1.000000,1.100000,0.000000,0.000000,-1.571000,0.000055,1.002081,1.065203,1.462472
2.610000,-0.000055,-0.002083,0.034797,-0.000031,-0.005645,-0.037326,-0.000000,-0.001015,1.570048,0.000000,1.000000,1.100000,0.000000,0.000000,-1.571000,0.000055,1.002083,1.065203,1.462473
2.612000,-0.000055,-0.002085,0.034797,-0.000031,-0.005645,-0.037326,-0.000000,-0.001015,1.570048,0.000000,1.000000,1.100000,0.000000,0.000000,-1.571000,0.000055,1.002085,1.065203,1.462474
2.614000,-0.000055,-0.002086,0.034797,-0.000031,-0.005645,-0.037326,-0.000000,-0.001015,1.570048,0.000000,1.000000,1.100000,0.000000,0.000000,-1.571000,0.000055,1.002086,1.065203,1.462475
2.616000,-0.000055,-0.002088,0.034797,-0.000031,-0.005645,-0.037326,-0.000000,-0.001015,1.570048,0.000000,1.000000,1.100000,0.000000,0.000000,-1.571000,0.000055,1.002088,1.065203,1.462476
2.618000,-0.000055,-0.002090,0.034797,-0.000031,-0.005645,-0.037326,-0.000000,-0.001015,1.570048,0.000000,1.000000,1.100000,0.000000,0.000000,-1.571000,0.000055,1.002090,1.065203,1.462478
2.620000,-0.000055,-0.002091,0.034797,-0.000031,-0.005645,-0.037326,-0.000000,-0.001015,1.570049,0.000000,1.000000,1.100000,0.000000,0.000000,-1.571000,0.000055,1.002091,1.065203,1.462479
2.622000,-0.000055,-0.002093,0.034797,-0.000031,-0.005645,-0.037326,-0.000000,-0.001015,1.570049,0.000000,1.000000,1.100000,0.000000,0.000000,-1.571000,0.000055,1.002093,1.065203,1.462480
2.624000,-0.000055,-0.002095,0.034797,-0.000031,-0.005645,-0.037326,-0.000000,-0.001015,1.570049,0.000000,1.000000,1.100000,0.000000,0.000000,-1.571000,0.000055,1.002095,1.065203,1.462481
2.626000,-0.000055,-0.002096,0.034797,-0.000031,-0.005645,-0.037326,-0.000000,-0.001015,1.570049,0.000000,1.000000,1.100000,0.000000,0.000000,-1.571000,0.000055,1.002096,1.065203,1.462482
2.628000,-0.000055,-0.002098,0.034797,-0.000031,-0.005645,-0.037326,-0.000000,-0.001015,1.570049,0.000000,1.000000,1.100000,0.000000,0.000000,-1.571000,0.000055,1.002098,1.065203,1.462483
2.630000,-0.000055,-0.002100,0.034797,-0.000031,-0.005645,-0.037326,-0.000000,-0.001015,1.570049,0.000000,1.000000,1.100000,0.000000,0.000000,-1.571000,0.000055,1.002100,1.065203,1.462485
2.632000,-0.000055,-0.002101,0.034797,-0.000031,-0.005645,-0.037326,-0.000000,-0.001015,1.570049,0.000000,1.000000,1.100000,0.000000,0.000000,-1.571000,0.000055,1.002101,1.065203,1.462486
2.634000,-0.000055,-0.002103,0.034797,-0.000031,-0.005645,-0.037326,-0.000000,-0.001015,1.570049,0.000000,1.000000,1.100000,0.000000,0.000000,-1.571000,0.000055,1.002103,1.065203,1.462487
2.636000,-0.000055,-0.002105,0.034797,-0.000031,-0.005645,-0.037326,-0.000000,-0.001015,1.570049,0.000000,1.000000,1.100000,0.000000,0.000000,-1.571000,0.000055,1.002105,1.065203,1.462488
2.638000,-0.000055,-0.002106,0.034797,-0.000031,-0.005645,-0.037326,-0.000000,-0.001015,1.570049,0.000000,1.000000,1.100000,0.000000,0.000000,-1.571000,0.000055,1.002106,1.065203,1.462489
2.640000,-0.000055,-0.002108,0.034797,-0.000031,-0.005645,-0.037326,-0.000000,-0.001015,1.570049,0.000000,1.000000,1.100000,0.000000,0.000000,-1.571000,0.000055,1.002108,1.065203,1.462490
2.642000,-0.000055,-0.002110,0.034797,-0.000031,-0.005645,-0.037326,-0.000000,-0.001015,1.570049,0.000000,1.000000,1.100000,0.000000,0.000000,-1.571000,0.000055,1.002110,1.065203,1.462491
2.644000,-0.000055,-0.002111,0.034797,-0.000031,-0.005645,-0.037326,-0.000000,-0.001015,1.570049,0.000000,1.000000,1.100000,0.000000,0.000000,-1.571000,0.000055,1.002111,1.065203,1.462493
2.646000,-0.000055,-0.002113,0.034797,-0.000031,-0.005645,-0.037326,-0.000000,-0.001015,1.570049,0.000000,1.000000,1.100000,0.000000,0.000000,-1.571000,0.000055,1.002113,1.065203,1.462494
2.648000,-0.000055,-0.002115,0.034797,-0.000031,-0.005645,-0.037326,-0.000000,-0.001015,1.570049,0.000000,1.000000,1.100000,0.000000,0.000000,-1.571000,0.000055,1.002115,1.065203,1.462495
2.650000,-0.000056,-0.002116,0.034797,-0.000031,-0.005645,-0.037326,-0.000000,-0.001015,1.570049,0.000000,1.000000,1.100000,0.000000,0.000000,-1.571000,0.000056,1.002116,1.065203,1.462496
2.652000,-0.000056,-0.002118,0.034797,-0.000031,-0.005645,-0.037326,-0.000000,-0.001015,1.570049,0.000000,1.000000,1.100000,0.000000,0.000000,-1.571000,0.000056,1.002118,1.065203,1.462497
2.654000,-0.000056,-0.002120,0.034797,-0.000031,-0.005645,-0.037326,-0.000000,-0.001015,1.570049,0.000000,1.000000,1.100000,0.000000,0.000000,-1.571000,0.000056,1.002120,1.065203,1.462498
2.656000,-0.000056,-0.002121,0.034797,-0.000031,-0.005645,-0.037326,-0.000000,-0.001015,1.570049,0.000000,1.000000,1.100000,0.000000,0.000000,-1.571000,0.000056,1.002121,1.065203,1.462499
2.658000,-0.000056,-0.002123,0.034797,-0.000031,-0.005645,-0.037326,-0.000000,-0.001015,1.570049,0.000000,1.000000,1.100000,0.000000,0.000000,-1.571000,0.000056,1.002123,1.065203,1.462501
2.660000,-0.000056,-0.002125,0.034797,-0.000031,-0.005645,-0.037326,-0.000000,-0.001015,1.570049,0.000000,1.000000,1.100000,0.000000,0.000000,-1.571000,0.000056,1.002125,1.065203,1.462502
2.662000,-0.000056,-0.002126,0.034797,-0.000031,-0.005645,-0.037326,-0.000000,-0.001015,1.570049,0.000000,1.000000,1.100000,0.000000,0.000000,-1.571000,0.000056,1.002126,1.065203,1.462503
2.664000,-0.000056,-0.002128,0.034797,-0.000031,-0.005645,-0.037326,-0.000000,-0.001015,1.570049,0.000000,1.000000,1.100000,0.000000,0.000000,-1.571000,0.000056,1.002128,1.065203,1.462504
2.666000,-0.000056,-0.002130,0.034797,-0.000031,-0.005645,-0.037326,-0.000000,-0.001015,1.570049,0.000000,1.000000,1.100000,0.000000,0.000000,-1.571000,0.000056,1.002130,1.065203,1.462505
2.668000,-0.000056,-0.002131,0.034797,-0.000031,-0.005645,-0.037326,-0.000000,-0.001015,1.570049,0.000000,1.000000,1.100000,0.000000,0.000000,-1.571000,0.000056,1.002131,1.065203,1.462506
2.670000,-0.000056,-0.002133,0.034797,-0.000031,-0.005645,-0.037326,-0.000000,-0.001015,1.570049,0.000000,1.000000,1.100000,0.000000,0.000000,-1.571000,0.000056,1.002133,1.065203,1.462507
2.672000,-0.000056,-0.002135,0.034797,-0.000031,-0.005645,-0.037326,-0.000000,-0.001015,1.570050,0.000000,1.000000,1.100000,0.000000,0.000000,-1.571000,0.000056,1.002135,1.065203,1.462509
2.674000,-0.000056,-0.002137,0.034797,-0.000031,-0.005645,-0.037326,-0.000000,-0.001015,1.570050,0.000000,1.000000,1.100000,0.000000,0.000000,-1.571000,0.000056,1.002137,1.065203,1.462510
2.676000,-0.000056,-0.002138,0.034797,-0.000031,-0.005645,-0.037326,-0.000000,-0.001015,1.570050,0.000000,1.000000,1.100000,0.000000,0.000000,-1.571000,0.000056,1.002138,1.065203,1.462511
2.678000,-0.000056,-0.002140,0.034797,-0.000031,-0.005645,-0.037326,-0.000000,-0.001015,1.570050,0.000000,1.000000,1.100000,0.000000,0.000000,-1.571000,0.000056,1.002140,1.065203,1.462512
2.680000,-0.000056,-0.002142,0.034797,-0.000031,-0.005645,-0.037326,-0.000000,-0.001015,1.570050,0.000000,1.000000,1.100000,0.000000,0.000000,-1.571000,0.000056,1.002142,1.065203,1.462513
2.682000,-0.000056,-0.002143,0.034797,-0.000031,-0.005645,-0.037326,-0.000000,-0.001015,1.570050,0.000000,1.000000,1.100000,0.000000,0.000000,-1.571000,0.000056,1.002143,1.065203,1.462514
2.684000,-0.000056,-0.002145,0.034797,-0.000031,-0.005645,-0.037326,-0.000000,-0.001015,1.570050,0.000000,1.000000,1.100000,0.000000,0.000000,-1.571000,0.000056,1.002145,1.065203,1.462515
2.686000,-0.000056,-0.002147,0.034797,-0.000031,-0.005645,-0.037326,-0.000000,-0.001015,1.570050,0.000000,1.000000,1.100000,0.000000,0.000000,-1.571000,0.000056,1.002147,1.065203,1.462517
2.688000,-0.000056,-0.002148,0.034797,-0.000031,-0.005645,-0.037326,-0.000000,-0.001015,1.570050,0.000000,1.000000,1.100000,0.000000,0.000000,-1.571000,0.000056,1.002148,1.065203,1.462518
2.690000,-0.000056,-0.002150,0.034797,-0.000031,-0.005645,-0.037326,-0.000000,-0.001015,1.570050,0.000000,1.000000,1.100000,0.000000,0.000000,-1.571000,0.000056,1.002150,1.065203,1.462519
2.692000,-0.000056,-0.002152,0.034797,-0.000031,-0.005645,-0.037326,-0.000000,-0.001015,1.570050,0.000000,1.000000,1.100000,0.000000,0.000000,-1.571000,0.000056,1.002152,1.065203,1.462520
2.694000,-0.000057,-0.002153,0.034797,-0.000031,-0.005645,-0.037326,-0.000000,-0.001015,1.570050,0.000000,1.000000,1.100000,0.000000,0.000000,-1.571000,0.000057,1.002153,1.065203,1.462521
2.696000,-0.000057,-0.002155,0.034797,-0.000031,-0.005645,-0.037326,-0.000000,-0.001015,1.570050,0.000000,1.000000,1.100000,0.000000,0.000000,-1.571000,0.000057,1.002155,1.065203,1.462522
2.698000,-0.000057,-0.002157,0.034797,-0.000031,-0.005645,-0.037326,-0.000000,-0.001015,1.570050,0.000000,1.000000,1.100000,0.000000,0.000000,-1.571000,0.000057,1.002157,1.065203,1.462524
2.700000,-0.000057,-0.002158,0.034797,-0.000031,-0.005645,-0.037326,-0.000000,-0.001015,1.570050,0.000000,1.000000,1.100000,0.000000,0.000000,-1.571000,0.000057,1.002158,1.065203,1.462525
2.702000,-0.000057,-0.002160,0.034797,-0.000031,-0.005645,-0.037326,-0.000000,-0.001015,1.570050,0.000000,1.000000,1.100000,0.000000,0.000000,-1.571000,0.000057,1.002160,1.065203,1.462526
2.704000,-0.000057,-0.002162,0.034797,-0.000031,-0.005645,-0.037326,-0.000000,-0.001015,1.570050,0.000000,1.000000,1.100000,0.000000,0.000000,-1.571000,0.000057,1.002162,1.065203,1.462527
2.706000,-0.000057,-0.002163,0.034797,-0.000031,-0.005645,-0.037326,-0.000000,-0.001015,1.570050,0.000000,1.000000,1.100000,0.000000,0.000000,-1.571000,0.000057,1.002163,1.065203,1.462528
2.708000,-0.000057,-0.002165,0.034797,-0.000031,-0.005645,-0.037326,-0.000000,-0.001015,1.570050,0.000000,1.000000,1.100000,0.000000,0.000000,-1.571000,0.000057,1.002165,1.065203,1.462529
2.710000,-0.000057,-0.002167,0.034797,-0.000031,-0.005645,-0.037326,-0.000000,-0.001015,1.570050,0.000000,1.000000,1.100000,0.000000,0.000000,-1.571000,0.000057,1.002167,1.065203,1.462530
2.712000,-0.000057,-0.002168,0.034797,-0.000031,-0.005645,-0.037326,-0.000000,-0.001015,1.570050,0.000000,1.000000,1.100000,0.000000,0.000000,-1.571000,0.000057,1.002168,1.065203,1.462532
2.714000,-0.000057,-0.002170,0.034797,-0.000031,-0.005645,-0.037326,-0.000000,-0.001015,1.570050,0.000000,1.000000,1.100000,0.000000,0.000000,-1.571000,0.000057,1.002170,1.065203,1.462533
2.716000,-0.000057,-0.002172,0.034797,-0.000031,-0.005645,-0.037326,-0.000000,-0.001015,1.570050,0.000000,1.000000,1.100000,0.000000,0.000000,-1.571000,0.000057,1.002172,1.065203,1.462534
2.718000,-0.000057,-0.002173,0.034797,-0.000031,-0.005645,-0.037326,-0.000000,-0.001015,1.570050,0.000000,1.000000,1.100000,0.000000,0.000000,-1.571000,0.000057,1.002173,1.065203,1.462535
2.720000,-0.000057,-0.002175,0.034797,-0.000031,-0.005645,-0.037326,-0.000000,-0.001015,1.570050,0.000000,1.000000,1.100000,0.000000,0.000000,-1.571000,0.000057,1.002175,1.065203,1.462536
2.722000,-0.000057,-0.002177,0.034797,-0.000031,-0.005645,-0.037326,-0.000000,-0.001015,1.570051,0.000000,1.000000,1.100000,0.000000,0.000000,-1.571000,0.000057,1.002177,1.065203,1.462537
2.724000,-0.000057,-0.002178,0.034797,-0.000031,-0.005645,-0.037326,-0.000000,-0.001015,1.570051,0.000000,1.000000,1.100000,0.000000,0.000000,-1.571000,0.000057,1.002178,1.065203,1.462538
2.726000,-0.000057,-0.002180,0.034797,-0.000031,-0.005645,-0.037326,-0.000000,-0.001015,1.570051,0.000000,1.000000,1.100000,0.000000,0.000000,-1.571000,0.000057,1.002180,1.065203,1.462540
2.728000,-0.000057,-0.002182,0.034797,-0.000031,-0.005645,-0.037326,-0.000000,-0.001015,1.570051,0.000000,1.000000,1.100000,0.000000,0.000000,-1.571000,0.000057,1.002182,1.065203,1.462541
2.730000,-0.000057,-0.002183,0.034797,-0.000031,-0.005645,-0.037326,-0.000000,-0.001015,1.570051,0.000000,1.000000,1.100000,0.000000,0.000000,-1.571000,0.000057,1.002183,1.065203,1.462542
2.732000,-0.000057,-0.002185,0.034797,-0.000031,-0.005645,-0.037326,-0.000000,-0.001015,1.570051,0.000000,1.000000,1.100000,0.000000,0.000000,-1.571000,0.000057,1.002185,1.065203,1.462543
2.734000,-0.000057,-0.002187,0.034797,-0.000031,-0.005645,-0.037326,-0.000000,-0.001015,1.570051,0.000000,1.000000,1.100000,0.000000,0.000000,-1.571000,0.000057,1.002187,1.065203,1.462544
2.736000,-0.000057,-0.002188,0.034797,-0.000031,-0.005645,-0.037326,-0.000000,-0.001015,1.570051,0.000000,1.000000,1.100000,0.000000,0.000000,-1.571000,0.000057,1.002188,1.065203,1.462545
2.738000,-0.000058,-0.002190,0.034797,-0.000031,-0.005645,-0.037326,-0.000000,-0.001015,1.570051,0.000000,1.000000,1.100000,0.000000,0.000000,-1.571000,0.000058,1.002190,1.065203,1.462546
2.740000,-0.000058,-0.002192,0.034797,-0.000031,-0.005645,-0.037326,-0.000000,-0.001015,1.570051,0.000000,1.000000,1.100000,0.000000,0.000000,-1.571000,0.000058,1.002192,1.065203,1.462548
2.742000,-0.000058,-0.002193,0.034797,-0.000031,-0.005645,-0.037326,-0.000000,-0.001015,1.570051,0.000000,1.000000,1.100000,0.000000,0.000000,-1.571000,0.000058,1.002193,1.065203,1.462549
2.744000,-0.000058,-0.002195,0.034797,-0.000031,-0.005645,-0.037326,-0.000000,-0.001015,1.570051,0.000000,1.000000,1.100000,0.000000,0.000000,-1.571000,0.000058,1.002195,1.065203,1.462550
2.746000,-0.000058,-0.002197,0.034797,-0.000031,-0.005645,-0.037326,-0.000000,-0.001015,1.570051,0.000000,1.000000,1.100000,0.000000,0.000000,-1.571000,0.000058,1.002197,1.065203,1.462551
2.748000,-0.000058,-0.002198,0.034797,-0.000031,-0.005645,-0.037326,-0.000000,-0.001015,1.570051,0.000000,1.000000,1.100000,0.000000,0.000000,-1.571000,0.000058,1.002198,1.065203,1.462552
2.750000,-0.000058,-0.002200,0.034797,-0.000031,-0.005645,-0.037326,-0.000000,-0.001015,1.570051,0.000000,1.000000,1.100000,0.000000,0.000000,-1.571000,0.000058,1.002200,1.065203,1.462553
2.752000,-0.000058,-0.002202,0.034797,-0.000031,-0.005645,-0.037326,-0.000000,-0.001015,1.570051,0.000000,1.000000,1.100000,0.000000,0.000000,-1.571000,0.000058,1.002202,1.065203,1.462555
2.754000,-0.000058,-0.002203,0.034797,-0.000031,-0.005645,-0.037326,-0.000000,-0.001015,1.570051,0.000000,1.000000,1.100000,0.000000,0.000000,-1.571000,0.000058,1.002203,1.065203,1.462556
2.756000,-0.000058,-0.002205,0.034797,-0.000031,-0.005645,-0.037326,-0.000000,-0.001015,1.570051,0.000000,1.000000,1.100000,0.000000,0.000000,-1.571000,0.000058,1.002205,1.065203,1.462557
2.758000,-0.000058,-0.002207,0.034797,-0.000031,-0.005645,-0.037326,-0.000000,-0.001015,1.570051,0.000000,1.000000,1.100000,0.000000,0.000000,-1.571000,0.000058,1.002207,1.065203,1.462558
2.760000,-0.000058,-0.002209,0.034797,-0.000031,-0.005645,-0.037326,-0.000000,-0.001015,1.570051,0.000000,1.000000,1.100000,0.000000,0.000000,-1.571000,0.000058,1.002209,1.065203,1.462559
2.762000,-0.000058,-0.002210,0.034797,-0.000031,-0.005645,-0.037326,-0.000000,-0.001015,1.570051,0.000000,1.000000,1.100000,0.000000,0.000000,-1.571000,0.000058,1.002210,1.065203,1.462560
2.764000,-0.000058,-0.002212,0.034797,-0.000031,-0.005645,-0.037326,-0.000000,-0.001015,1.570051,0.000000,1.000000,1.100000,0.000000,0.000000,-1.571000,0.000058,1.002212,1.065203,1.462561
2.766000,-0.000058,-0.002214,0.034797,-0.000031,-0.005645,-0.037326,-0.000000,-0.001015,1.570051,0.000000,1.000000,1.100000,0.000000,0.000000,-1.571000,0.000058,1.002214,1.065203,1.462563
2.768000,-0.000058,-0.002215,0.034797,-0.000031,-0.005645,-0.037326,-0.000000,-0.001015,1.570051,0.000000,1.000000,1.100000,0.000000,0.000000,-1.571000,0.000058,1.002215,1.065203,1.462564
2.770000,-0.000058,-0.002217,0.034797,-0.000031,-0.005645,-0.037326,-0.000000,-0.001015,1.570051,0.000000,1.000000,1.100000,0.000000,0.000000,-1.571000,0.000058,1.002217,1.065203,1.462565
2.772000,-0.000058,-0.002219,0.034797,-0.000031,-0.005645,-0.037326,-0.000000,-0.001015,1.570052,0.000000,1.000000,1.100000,0.000000,0.000000,-1.571000,0.000058,1.002219,1.065203,1.462566
2.774000,-0.000058,-0.002220,0.034797,-0.000031,-0.005645,-0.037326,-0.000000,-0.001015,1.570052,0.000000,1.000000,1.100000,0.000000,0.000000,-1.571000,0.000058,1.002220,1.065203,1.462567
2.776000,-0.000058,-0.002222,0.034797,-0.000031,-0.005645,-0.037326,-0.000000,-0.001015,1.570052,0.000000,1.000000,1.100000,0.000000,0.000000,-1.571000,0.000058,1.002222,1.065203,1.462568
2.778000,-0.000058,-0.002224,0.034797,-0.000031,-0.005645,-0.037326,-0.000000,-0.001015,1.570052,0.000000,1.000000,1.100000,0.000000,0.000000,-1.571000,0.000058,1.002224,1.065203,1.462569
2.780000,-0.000058,-0.002225,0.034797,-0.000031,-0.005645,-0.037326,-0.000000,-0.001015,1.570052,0.000000,1.000000,1.100000,0.000000,0.000000,-1.571000,0.000058,1.002225,1.065203,1.462571
2.782000,-0.000058,-0.002227,0.034797,-0.000031,-0.005645,-0.037326,-0.000000,-0.001015,1.570052,0.000000,1.000000,1.100000,0.000000,0.000000,-1.571000,0.000058,1.002227,1.065203,1.462572
2.784000,-0.000059,-0.002229,0.034797,-0.000031,-0.005645,-0.037326,-0.000000,-0.001015,1.570052,0.000000,1.000000,1.100000,0.000000,0.000000,-1.571000,0.000059,1.002229,1.065203,1.462573
2.786000,-0.000059,-0.002230,0.034797,-0.000031,-0.005645,-0.037326,-0.000000,-0.001015,1.570052,0.000000,1.000000,1.100000,0.000000,0.000000,-1.571000,0.000059,1.002230,1.065203,1.462574
2.788000,-0.000059,-0.002232,0.034797,-0.000031,-0.005645,-0.037326,-0.000000,-0.001015,1.570052,0.000000,1.000000,1.100000,0.000000,0.000000,-1.571000,0.000059,1.002232,1.065203,1.462575
2.790000,-0.000059,-0.002234,0.034797,-0.000031,-0.005645,-0.037326,-0.000000,-0.001015,1.570052,0.000000,1.000000,1.100000,0.000000,0.000000,-1.571000,0.000059,1.002234,1.065203,1.462576
2.792000,-0.000059,-0.002235,0.034797,-0.000031,-0.005645,-0.037326,-0.000000,-0.001015,1.570052,0.000000,1.000000,1.100000,0.000000,0.000000,-1.571000,0.000059,1.002235,1.065203,1.462577
2.794000,-0.000059,-0.002237,0.034797,-0.000031,-0.005645,-0.037326,-0.000000,-0.001015,1.570052,0.000000,1.000000,1.100000,0.000000,0.000000,-1.571000,0.000059,1.002237,1.065203,1.462579
2.796000,-0.000059,-0.002239,0.034797,-0.000031,-0.005645,-0.037326,-0.000000,-0.001015,1.570052,0.000000,1.000000,1.100000,0.000000,0.000000,-1.571000,0.000059,1.002239,1.065203,1.462580
2.798000,-0.000059,-0.002240,0.034797,-0.000031,-0.005645,-0.037326,-0.000000,-0.001015,1.570052,0.000000,1.000000,1.100000,0.000000,0.000000,-1.571000,0.000059,1.002240,1.065203,1.462581
2.800000,-0.000059,-0.002242,0.034797,-0.000031,-0.005645,-0.037326,-0.000000,-0.001015,1.570052,0.000000,1.000000,1.100000,0.000000,0.000000,-1.571000,0.000059,1.002242,1.065203,1.462582
2.802000,-0.000059,-0.002244,0.034797,-0.000031,-0.005645,-0.037326,-0.000000,-0.001015,1.570052,0.000000,1.000000,1.100000,0.000000,0.000000,-1.571000,0.000059,1.002244,1.065203,1.462583
2.804000,-0.000059,-0.002245,0.034797,-0.000031,-0.005645,-0.037326,-0.000000,-0.001015,1.570052,0.000000,1.000000,1.100000,0.000000,0.000000,-1.571000,0.000059,1.002245,1.065203,1.462584
2.806000,-0.000059,-0.002247,0.034797,-0.000031,-0.005645,-0.037326,-0.000000,-0.001015,1.570052,0.000000,1.000000,1.100000,0.000000,0.000000,-1.571000,0.000059,1.002247,1.065203,1.462585
2.808000,-0.000059,-0.002249,0.034797,-0.000031,-0.005645,-0.037326,-0.000000,-0.001015,1.570052,0.000000,1.000000,1.100000,0.000000,0.000000,-1.571000,0.000059,1.002249,1.065203,1.462587
2.810000,-0.000059,-0.002250,0.034797,-0.000031,-0.005645,-0.037326,-0.000000,-0.001015,1.570052,0.000000,1.000000,1.100000,0.000000,0.000000,-1.571000,0.000059,1.002250,1.065203,1.462588
2.812000,-0.000059,-0.002252,0.034797,-0.000031,-0.005645,-0.037326,-0.000000,-0.001015,1.570052,0.000000,1.000000,1.100000,0.000000,0.000000,-1.571000,0.000059,1.002252,1.065203,1.462589
2.814000,-0.000059,-0.002254,0.034797,-0.000031,-0.005645,-0.037326,-0.000000,-0.001015,1.570052,0.000000,1.000000,1.100000,0.000000,0.000000,-1.571000,0.000059,1.002254,1.065203,1.462590
2.816000,-0.000059,-0.002255,0.034797,-0.000031,-0.005645,-0.037326,-0.000000,-0.001015,1.570052,0.000000,1.000000,1.100000,0.000000,0.000000,-1.571000,0.000059,1.002255,1.065203,1.462591
2.818000,-0.000059,-0.002257,0.034797,-0.000031,-0.005645,-0.037326,-0.000000,-0.001015,1.570052,0.000000,1.000000,1.100000,0.000000,0.000000,-1.571000,0.000059,1.002257,1.065203,1.462592
2.820000,-0.000059,-0.002259,0.034797,-0.000031,-0.005645,-0.037326,-0.000000,-0.001015,1.570052,0.000000,1.000000,1.100000,0.000000,0.000000,-1.571000,0.000059,1.002259,1.065203,1.462594
2.822000,-0.000059,-0.002260,0.034797,-0.000031,-0.005645,-0.037326,-0.000000,-0.001015,1.570052,0.000000,1.000000,1.100000,0.000000,0.000000,-1.571000,0.000059,1.002260,1.065203,1.462595
2.824000,-0.000059,-0.002262,0.034797,-0.000031,-0.005645,-0.037326,-0.000000,-0.001015,1.570053,0.000000,1.000000,1.100000,0.000000,0.000000,-1.571000,0.000059,1.002262,1.065203,1.462596
2.826000,-0.000059,-0.002264,0.034797,-0.000031,-0.005645,-0.037326,-0.000000,-0.001015,1.570053,0.000000,1.000000,1.100000,0.000000,0.000000,-1.571000,0.000059,1.002264,1.065203,1.462597
2.828000,-0.000060,-0.002265,0.034797,-0.000031,-0.005645,-0.037326,-0.000000,-0.001015,1.570053,0.000000,1.000000,1.100000,0.000000,0.000000,-1.571000,0.000060,1.002265,1.065203,1.462598
2.830000,-0.000060,-0.002267,0.034797,-0.000031,-0.005645,-0.037326,-0.000000,-0.001015,1.570053,0.000000,1.000000,1.100000,0.000000,0.000000,-1.571000,0.000060,1.002267,1.065203,1.462599
2.832000,-0.000060,-0.002269,0.034797,-0.000031,-0.005645,-0.037326,-0.000000,-0.001015,1.570053,0.000000,1.000000,1.100000,0.000000,0.000000,-1.571000,0.000060,1.002269,1.065203,1.462600
2.834000,-0.000060,-0.002270,0.034797,-0.000031,-0.005645,-0.037326,-0.000000,-0.001015,1.570053,0.000000,1.000000,1.100000,0.000000,0.000000,-1.571000,0.000060,1.002270,1.065203,1.462602
2.836000,-0.000060,-0.002272,0.034797,-0.000031,-0.005645,-0.037326,-0.000000,-0.001015,1.570053,0.000000,1.000000,1.100000,0.000000,0.000000,-1.571000,0.000060,1.002272,1.065203,1.462603
2.838000,-0.000060,-0.002274,0.034797,-0.000031,-0.005645,-0.037326,-0.000000,-0.001015,1.570053,0.000000,1.000000,1.100000,0.000000,0.000000,-1.571000,0.000060,1.002274,1.065203,1.462604
2.840000,-0.000060,-0.002276,0.034797,-0.000031,-0.005645,-0.037326,-0.000000,-0.001015,1.570053,0.000000,1.000000,1.100000,0.000000,0.000000,-1.571000,0.000060,1.002276,1.065203,1.462605
2.842000,-0.000060,-0.002277,0.034797,-0.000031,-0.005645,-0.037326,-0.000000,-0.001015,1.570053,0.000000,1.000000,1.100000,0.000000,0.000000,-1.571000,0.000060,1.002277,1.065203,1.462606
2.844000,-0.000060,-0.002279,0.034797,-0.000031,-0.005645,-0.037326,-0.000000,-0.001015,1.570053,0.000000,1.000000,1.100000,0.000000,0.000000,-1.571000,0.000060,1.002279,1.065203,1.462607
2.846000,-0.000060,-0.002281,0.034797,-0.000031,-0.005645,-0.037326,-0.000000,-0.001015,1.570053,0.000000,1.000000,1.100000,0.000000,0.000000,-1.571000,0.000060,1.002281,1.065203,1.462608
2.848000,-0.000060,-0.002282,0.034797,-0.000031,-0.005645,-0.037326,-0.000000,-0.001015,1.570053,0.000000,1.000000,1.100000,0.000000,0.000000,-1.571000,0.000060,1.002282,1.065203,1.462610
2.850000,-0.000060,-0.002284,0.034797,-0.000031,-0.005645,-0.037326,-0.000000,-0.001015,1.570053,0.000000,1.000000,1.100000,0.000000,0.000000,-1.571000,0.000060,1.002284,1.065203,1.462611
2.852000,-0.000060,-0.002286,0.034797,-0.000031,-0.005645,-0.037326,-0.000000,-0.001015,1.570053,0.000000,1.000000,1.100000,0.000000,0.000000,-1.571000,0.000060,1.002286,1.065203,1.462612
2.854000,-0.000060,-0.002287,0.034797,-0.000031,-0.005645,-0.037326,-0.000000,-0.001015,1.570053,0.000000,1.000000,1.100000,0.000000,0.000000,-1.571000,0.000060,1.002287,1.065203,1.462613
2.856000,-0.000060,-0.002289,0.034797,-0.000031,-0.005645,-0.037326,-0.000000,-0.001015,1.570053,0.000000,1.000000,1.100000,0.000000,0.000000,-1.571000,0.000060,1.002289,1.065203,1.462614
2.858000,-0.000060,-0.002291,0.034797,-0.000031,-0.005645,-0.037326,-0.000000,-0.001015,1.570053,0.000000,1.000000,1.100000,0.000000,0.000000,-1.571000,0.000060,1.002291,1.065203,1.462615
2.860000,-0.000060,-0.002292,0.034797,-0.000031,-0.005645,-0.037326,-0.000000,-0.001015,1.570053,0.000000,1.000000,1.100000,0.000000,0.000000,-1.571000,0.000060,1.002292,1.065203,1.462616
2.862000,-0.000060,-0.002294,0.034797,-0.000031,-0.005645,-0.037326,-0.000000,-0.001015,1.570053,0.000000,1.000000,1.100000,0.000000,0.000000,-1.571000,0.000060,1.002294,1.065203,1.462618
2.864000,-0.000060,-0.002296,0.034797,-0.000031,-0.005645,-0.037326,-0.000000,-0.001015,1.570053,0.000000,1.000000,1.100000,0.000000,0.000000,-1.571000,0.000060,1.002296,1.065203,1.462619
2.866000,-0.000060,-0.002297,0.034797,-0.000031,-0.005645,-0.037326,-0.000000,-0.001015,1.570053,0.000000,1.000000,1.100000,0.000000,0.000000,-1.571000,0.000060,1.002297,1.065203,1.462620
2.868000,-0.000060,-0.002299,0.034797,-0.000031,-0.005645,-0.037326,-0.000000,-0.001015,1.570053,0.000000,1.000000,1.100000,0.000000,0.000000,-1.571000,0.000060,1.002299,1.065203,1.462621
2.870000,-0.000060,-0.002301,0.034797,-0.000031,-0.005645,-0.037326,-0.000000,-0.001015,1.570053,0.000000,1.000000,1.100000,0.000000,0.000000,-1.571000,0.000060,1.002301,1.065203,1.462622
2.872000,-0.000061,-0.002302,0.034797,-0.000031,-0.005645,-0.037326,-0.000000,-0.001015,1.570053,0.000000,1.000000,1.100000,0.000000,0.000000,-1.571000,0.000061,1.002302,1.065203,1.462623
2.874000,-0.000061,-0.002304,0.034797,-0.000031,-0.005645,-0.037326,-0.000000,-0.001015,1.570054,0.000000,1.000000,1.100000,0.000000,0.000000,-1.571000,0.000061,1.002304,1.065203,1.462625
2.876000,-0.000061,-0.002306,0.034797,-0.000031,-0.005645,-0.037326,-0.000000,-0.001015,1.570054,0.000000,1.000000,1.100000,0.000000,0.000000,-1.571000,0.000061,1.002306,1.065203,1.462626
2.878000,-0.000061,-0.002307,0.034797,-0.000031,-0.005645,-0.037326,-0.000000,-0.001015,1.570054,0.000000,1.000000,1.100000,0.000000,0.000000,-1.571000,0.000061,1.002307,1.065203,1.462627
2.880000,-0.000061,-0.002309,0.034797,-0.000031,-0.005645,-0.037326,-0.000000,-0.001015,1.570054,0.000000,1.000000,1.100000,0.000000,0.000000,-1.571000,0.000061,1.002309,1.065203,1.462628
2.882000,-0.000061,-0.002311,0.034797,-0.000031,-0.005645,-0.037326,-0.000000,-0.001015,1.570054,0.000000,1.000000,1.100000,0.000000,0.000000,-1.571000,0.000061,1.002311,1.065203,1.462629
2.884000,-0.000061,-0.002312,0.034797,-0.000031,-0.005645,-0.037326,-0.000000,-0.001015,1.570054,0.000000,1.000000,1.100000,0.000000,0.000000,-1.571000,0.000061,1.002312,1.065203,1.462630
2.886000,-0.000061,-0.002314,0.034797,-0.000031,-0.005645,-0.037326,-0.000000,-0.001015,1.570054,0.000000,1.000000,1.100000,0.000000,0.000000,-1.571000,0.000061,1.002314,1.065203,1.462631
2.888000,-0.000061,-0.002316,0.034797,-0.000031,-0.005645,-0.037326,-0.000000,-0.001015,1.570054,0.000000,1.000000,1.100000,0.000000,0.000000,-1.571000,0.000061,1.002316,1.065203,1.462633
2.890000,-0.000061,-0.002317,0.034797,-0.000031,-0.005645,-0.037326,-0.000000,-0.001015,1.570054,0.000000,1.000000,1.100000,0.000000,0.000000,-1.571000,0.000061,1.002317,1.065203,1.462634
2.892000,-0.000061,-0.002319,0.034797,-0.000031,-0.005645,-0.037326,-0.000000,-0.001015,1.570054,0.000000,1.000000,1.100000,0.000000,0.000000,-1.571000,0.000061,1.002319,1.065203,1.462635
2.894000,-0.000061,-0.002321,0.034797,-0.000031,-0.005645,-0.037326,-0.000000,-0.001015,1.570054,0.000000,1.000000,1.100000,0.000000,0.000000,-1.571000,0.000061,1.002321,1.065203,1.462636
2.896000,-0.000061,-0.002322,0.034797,-0.000031,-0.005645,-0.037326,-0.000000,-0.001015,1.570054,0.000000,1.000000,1.100000,0.000000,0.000000,-1.571000,0.000061,1.002322,1.065203,1.462637
2.898000,-0.000061,-0.002324,0.034797,-0.000031,-0.005645,-0.037326,-0.000000,-0.001015,1.570054,0.000000,1.000000,1.100000,0.000000,0.000000,-1.571000,0.000061,1.002324,1.065203,1.462638
2.900000,-0.000061,-0.002326,0.034797,-0.000031,-0.005645,-0.037326,-0.000000,-0.001015,1.570054,0.000000,1.000000,1.100000,0.000000,0.000000,-1.571000,0.000061,1.002326,1.065203,1.462639
2.902000,-0.000061,-0.002327,0.034797,-0.000031,-0.005645,-0.037326,-0.000000,-0.001015,1.570054,0.000000,1.000000,1.100000,0.000000,0.000000,-1.571000,0.000061,1.002327,1.065203,1.462641
2.904000,-0.000061,-0.002329,0.034797,-0.000031,-0.005645,-0.037326,-0.000000,-0.001015,1.570054,0.000000,1.000000,1.100000,0.000000,0.000000,-1.571000,0.000061,1.002329,1.065203,1.462642
2.906000,-0.000061,-0.002331,0.034797,-0.000031,-0.005645,-0.037326,-0.000000,-0.001015,1.570054,0.000000,1.000000,1.100000,0.000000,0.000000,-1.571000,0.000061,1.002331,1.065203,1.462643
2.908000,-0.000061,-0.002332,0.034797,-0.000031,-0.005645,-0.037326,-0.000000,-0.001015,1.570054,0.000000,1.000000,1.100000,0.000000,0.000000,-1.571000,0.000061,1.002332,1.065203,1.462644
2.910000,-0.000061,-0.002334,0.034797,-0.000031,-0.005645,-0.037326,-0.000000,-0.001015,1.570054,0.000000,1.000000,1.100000,0.000000,0.000000,-1.571000,0.000061,1.002334,1.065203,1.462645
2.912000,-0.000061,-0.002336,0.034797,-0.000031,-0.005645,-0.037326,-0.000000,-0.001015,1.570054,0.000000,1.000000,1.100000,0.000000,0.000000,-1.571000,0.000061,1.002336,1.065203,1.462646
2.914000,-0.000061,-0.002337,0.034797,-0.000031,-0.005645,-0.037326,-0.000000,-0.001015,1.570054,0.000000,1.000000,1.100000,0.000000,0.000000,-1.571000,0.000061,1.002337,1.065203,1.462647
2.916000,-0.000062,-0.002339,0.034797,-0.000031,-0.005645,-0.037326,-0.000000,-0.001015,1.570054,0.000000,1.000000,1.100000,0.000000,0.000000,-1.571000,0.000062,1.002339,1.065203,1.462649
2.918000,-0.000062,-0.002341,0.034797,-0.000031,-0.005645,-0.037326,-0.000000,-0.001015,1.570054,0.000000,1.000000,1.100000,0.000000,0.000000,-1.571000,0.000062,1.002341,1.065203,1.462650
2.920000,-0.000062,-0.002342,0.034797,-0.000031,-0.005645,-0.037326,-0.000000,-0.001015,1.570054,0.000000,1.000000,1.100000,0.000000,0.000000,-1.571000,0.000062,1.002342,1.065203,1.462651
2.922000,-0.000062,-0.002344,0.034797,-0.000031,-0.005645,-0.037326,-0.000000,-0.001015,1.570054,0.000000,1.000000,1.100000,0.000000,0.000000,-1.571000,0.000062,1.002344,1.065203,1.462652
2.924000,-0.000062,-0.002346,0.034797,-0.000031,-0.005645,-0.037326,-0.000000,-0.001015,1.570055,0.000000,1.000000,1.100000,0.000000,0.000000,-1.571000,0.000062,1.002346,1.065203,1.462653
2.926000,-0.000062,-0.002348,0.034797,-0.000031,-0.005645,-0.037326,-0.000000,-0.001015,1.570055,0.000000,1.000000,1.100000,0.000000,0.000000,-1.571000,0.000062,1.002348,1.065203,1.462654
2.928000,-0.000062,-0.002349,0.034797,-0.000031,-0.005645,-0.037326,-0.000000,-0.001015,1.570055,0.000000,1.000000,1.100000,0.000000,0.000000,-1.571000,0.000062,1.002349,1.065203,1.462655
2.930000,-0.000062,-0.002351,0.034797,-0.000031,-0.005645,-0.037326,-0.000000,-0.001015,1.570055,0.000000,1.000000,1.100000,0.000000,0.000000,-1.571000,0.000062,1.002351,1.065203,1.462657
2.932000,-0.000062,-0.002353,0.034797,-0.000031,-0.005645,-0.037326,-0.000000,-0.001015,1.570055,0.000000,1.000000,1.100000,0.000000,0.000000,-1.571000,0.000062,1.002353,1.065203,1.462658
2.934000,-0.000062,-0.002354,0.034797,-0.000031,-0.005645,-0.037326,-0.000000,-0.001015,1.570055,0.000000,1.000000,1.100000,0.000000,0.000000,-1.571000,0.000062,1.002354,1.065203,1.462659
2.936000,-0.000062,-0.002356,0.034797,-0.000031,-0.005645,-0.037326,-0.000000,-0.001015,1.570055,0.000000,1.000000,1.100000,0.000000,0.000000,-1.571000,0.000062,1.002356,1.065203,1.462660
2.938000,-0.000062,-0.002358,0.034797,-0.000031,-0.005645,-0.037326,-0.000000,-0.001015,1.570055,0.000000,1.000000,1.100000,0.000000,0.000000,-1.571000,0.000062,1.002358,1.065203,1.462661
2.940000,-0.000062,-0.002359,0.034797,-0.000031,-0.005645,-0.037326,-0.000000,-0.001015,1.570055,0.000000,1.000000,1.100000,0.000000,0.000000,-1.571000,0.000062,1.002359,1.065203,1.462662
2.942000,-0.000062,-0.002361,0.034797,-0.000031,-0.005645,-0.037326,-0.000000,-0.001015,1.570055,0.000000,1.000000,1.100000,0.000000,0.000000,-1.571000,0.000062,1.002361,1.065203,1.462664
2.944000,-0.000062,-0.002363,0.034797,-0.000031,-0.005645,-0.037326,-0.000000,-0.001015,1.570055,0.000000,1.000000,1.100000,0.000000,0.000000,-1.571000,0.000062,1.002363,1.065203,1.462665
2.946000,-0.000062,-0.002364,0.034797,-0.000031,-0.005645,-0.037326,-0.000000,-0.001015,1.570055,0.000000,1.000000,1.100000,0.000000,0.000000,-1.571000,0.000062,1.002364,1.065203,1.462666
2.948000,-0.000062,-0.002366,0.034797,-0.000031,-0.005645,-0.037326,-0.000000,-0.001015,1.570055,0.000000,1.000000,1.100000,0.000000,0.000000,-1.571000,0.000062,1.002366,1.065203,1.462667
2.950000,-0.000062,-0.002368,0.034797,-0.000031,-0.005645,-0.037326,-0.000000,-0.001015,1.570055,0.000000,1.000000,1.100000,0.000000,0.000000,-1.571000,0.000062,1.002368,1.065203,1.462668
2.952000,-0.000062,-0.002369,0.034797,-0.000031,-0.005645,-0.037326,-0.000000,-0.001015,1.570055,0.000000,1.000000,1.100000,0.000000,0.000000,-1.571000,0.000062,1.002369,1.065203,1.462669
2.954000,-0.000062,-0.002371,0.034797,-0.000031,-0.005645,-0.037326,-0.000000,-0.001015,1.570055,0.000000,1.000000,1.100000,0.000000,0.000000,-1.571000,0.000062,1.002371,1.065203,1.462670
2.956000,-0.000062,-0.002373,0.034797,-0.000031,-0.005645,-0.037326,-0.000000,-0.001015,1.570055,0.000000,1.000000,1.100000,0.000000,0.000000,-1.571000,0.000062,1.002373,1.065203,1.462672
2.958000,-0.000062,-0.002374,0.034797,-0.000031,-0.005645,-0.037326,-0.000000,-0.001015,1.570055,0.000000,1.000000,1.100000,0.000000,0.000000,-1.571000,0.000062,1.002374,1.065203,1.462673
2.960000,-0.000062,-0.002376,0.034797,-0.000031,-0.005645,-0.037326,-0.000000,-0.001015,1.570055,0.000000,1.000000,1.100000,0.000000,0.000000,-1.571000,0.000062,1.002376,1.065203,1.462674
2.962000,-0.000063,-0.002378,0.034797,-0.000031,-0.005645,-0.037326,-0.000000,-0.001015,1.570055,0.000000,1.000000,1.100000,0.000000,0.000000,-1.571000,0.000063,1.002378,1.065203,1.462675
2.964000,-0.000063,-0.002379,0.034797,-0.000031,-0.005645,-0.037326,-0.000000,-0.001015,1.570055,0.000000,1.000000,1.100000,0.000000,0.000000,-1.571000,0.000063,1.002379,1.065203,1.462676
2.966000,-0.000063,-0.002381,0.034797,-0.000031,-0.005645,-0.037326,-0.000000,-0.001015,1.570055,0.000000,1.000000,1.100000,0.000000,0.000000,-1.571000,0.000063,1.002381,1.065203,1.462677
2.968000,-0.000063,-0.002383,0.034797,-0.000031,-0.005645,-0.037326,-0.000000,-0.001015,1.570055,0.000000,1.000000,1.100000,0.000000,0.000000,-1.571000,0.000063,1.002383,1.065203,1.462678
2.970000,-0.000063,-0.002384,0.034797,-0.000031,-0.005645,-0.037326,-0.000000,-0.001015,1.570055,0.000000,1.000000,1.100000,0.000000,0.000000,-1.571000,0.000063,1.002384,1.065203,1.462680
2.972000,-0.000063,-0.002386,0.034797,-0.000031,-0.005645,-0.037326,-0.000000,-0.001015,1.570055,0.000000,1.000000,1.100000,0.000000,0.000000,-1.571000,0.000063,1.002386,1.065203,1.462681
2.974000,-0.000063,-0.002388,0.034797,-0.000031,-0.005645,-0.037326,-0.000000,-0.001015,1.570055,0.000000,1.000000,1.100000,0.000000,0.000000,-1.571000,0.000063,1.002388,1.065203,1.462682
2.976000,-0.000063,-0.002389,0.034797,-0.000031,-0.005645,-0.037326,-0.000000,-0.001015,1.570056,0.000000,1.000000,1.100000,0.000000,0.000000,-1.571000,0.000063,1.002389,1.065203,1.462683
2.978000,-0.000063,-0.002391,0.034797,-0.000031,-0.005645,-0.037326,-0.000000,-0.001015,1.570056,0.000000,1.000000,1.100000,0.000000,0.000000,-1.571000,0.000063,1.002391,1.065203,1.462684
2.980000,-0.000063,-0.002393,0.034797,-0.000031,-0.005645,-0.037326,-0.000000,-0.001015,1.570056,0.000000,1.000000,1.100000,0.000000,0.000000,-1.571000,0.000063,1.002393,1.065203,1.462685
2.982000,-0.000063,-0.002394,0.034797,-0.000031,-0.005645,-0.037326,-0.000000,-0.001015,1.570056,0.000000,1.000000,1.100000,0.000000,0.000000,-1.571000,0.000063,1.002394,1.065203,1.462686
2.984000,-0.000063,-0.002396,0.034797,-0.000031,-0.005645,-0.037326,-0.000000,-0.001015,1.570056,0.000000,1.000000,1.100000,0.000000,0.000000,-1.571000,0.000063,1.002396,1.065203,1.462688
2.986000,-0.000063,-0.002398,0.034797,-0.000031,-0.005645,-0.037326,-0.000000,-0.001015,1.570056,0.000000,1.000000,1.100000,0.000000,0.000000,-1.571000,0.000063,1.002398,1.065203,1.462689
2.988000,-0.000063,-0.002399,0.034797,-0.000031,-0.005645,-0.037326,-0.000000,-0.001015,1.570056,0.000000,1.000000,1.100000,0.000000,0.000000,-1.571000,0.000063,1.002399,1.065203,1.462690
2.990000,-0.000063,-0.002401,0.034797,-0.000031,-0.005645,-0.037326,-0.000000,-0.001015,1.570056,0.000000,1.000000,1.100000,0.000000,0.000000,-1.571000,0.000063,1.002401,1.065203,1.462691
2.992000,-0.000063,-0.002403,0.034797,-0.000031,-0.005645,-0.037326,-0.000000,-0.001015,1.570056,0.000000,1.000000,1.100000,0.000000,0.000000,-1.571000,0.000063,1.002403,1.065203,1.462692
2.994000,-0.000063,-0.002404,0.034797,-0.000031,-0.005645,-0.037326,-0.000000,-0.001015,1.570056,0.000000,1.000000,1.100000,0.000000,0.000000,-1.571000,0.000063,1.002404,1.065203,1.462693
2.996000,-0.000063,-0.002406,0.034797,-0.000031,-0.005645,-0.037326,-0.000000,-0.001015,1.570056,0.000000,1.000000,1.100000,0.000000,0.000000,-1.571000,0.000063,1.002406,1.065203,1.462695
2.998000,-0.000063,-0.002408,0.034797,-0.000031,-0.005645,-0.037326,-0.000000,-0.001015,1.570056,0.000000,1.000000,1.100000,0.000000,0.000000,-1.571000,0.000063,1.002408,1.065203,1.462696
3.000000,-0.000063,-0.002409,0.034797,-0.000031,-0.005645,-0.037326,-0.000000,-0.001015,1.570056,0.000000,1.000000,1.100000,0.000000,0.000000,-1.571000,0.000063,1.002409,1.065203,1.462697
3.002000,-0.000063,-0.002411,0.034797,-0.000031,-0.005645,-0.037326,-0.000000,-0.001015,1.570056,0.000000,1.000000,1.100000,0.000000,0.000000,-1.571000,0.000063,1.002411,1.065203,1.462698
3.004000,-0.000063,-0.002413,0.034797,-0.000031,-0.005645,-0.037326,-0.000000,-0.001015,1.570056,0.000000,1.000000,1.100000,0.000000,0.000000,-1.571000,0.000063,1.002413,1.065203,1.462699
3.006000,-0.000064,-0.002415,0.034797,-0.000031,-0.005645,-0.037326,-0.000000,-0.001015,1.570056,0.000000,1.000000,1.100000,0.000000,0.000000,-1.571000,0.000064,1.002415,1.065203,1.462700
3.008000,-0.000064,-0.002416,0.034797,-0.000031,-0.005645,-0.037326,-0.000000,-0.001015,1.570056,0.000000,1.000000,1.100000,0.000000,0.000000,-1.571000,0.000064,1.002416,1.065203,1.462701
3.010000,-0.000064,-0.002418,0.034797,-0.000031,-0.005645,-0.037326,-0.000000,-0.001015,1.570056,0.000000,1.000000,1.100000,0.000000,0.000000,-1.571000,0.000064,1.002418,1.065203,1.462703
3.012000,-0.000064,-0.002420,0.034797,-0.000031,-0.005645,-0.037326,-0.000000,-0.001015,1.570056,0.000000,1.000000,1.100000,0.000000,0.000000,-1.571000,0.000064,1.002420,1.065203,1.462704
3.014000,-0.000064,-0.002421,0.034797,-0.000031,-0.005645,-0.037326,-0.000000,-0.001015,1.570056,0.000000,1.000000,1.100000,0.000000,0.000000,-1.571000,0.000064,1.002421,1.065203,1.462705
3.016000,-0.000064,-0.002423,0.034797,-0.000031,-0.005645,-0.037326,-0.000000,-0.001015,1.570056,0.000000,1.000000,1.100000,0.000000,0.000000,-1.571000,0.000064,1.002423,1.065203,1.462706
3.018000,-0.000064,-0.002425,0.034797,-0.000031,-0.005645,-0.037326,-0.000000,-0.001015,1.570056,0.000000,1.000000,1.100000,0.000000,0.000000,-1.571000,0.000064,1.002425,1.065203,1.462707
3.020000,-0.000064,-0.002426,0.034797,-0.000031,-0.005645,-0.037326,-0.000000,-0.001015,1.570056,0.000000,1.000000,1.100000,0.000000,0.000000,-1.571000,0.000064,1.002426,1.065203,1.462708
3.022000,-0.000064,-0.002428,0.034797,-0.000031,-0.005645,-0.037326,-0.000000,-0.001015,1.570056,0.000000,1.000000,1.100000,0.000000,0.000000,-1.571000,0.000064,1.002428,1.065203,1.462709
3.024000,-0.000064,-0.002430,0.034797,-0.000031,-0.005645,-0.037326,-0.000000,-0.001015,1.570056,0.000000,1.000000,1.100000,0.000000,0.000000,-1.571000,0.000064,1.002430,1.065203,1.462711
3.026000,-0.000064,-0.002431,0.034797,-0.000031,-0.005645,-0.037326,-0.000000,-0.001015,1.570057,0.000000,1.000000,1.100000,0.000000,0.000000,-1.571000,0.000064,1.002431,1.065203,1.462712
3.028000,-0.000064,-0.002433,0.034797,-0.000031,-0.005645,-0.037326,-0.000000,-0.001015,1.570057,0.000000,1.000000,1.100000,0.000000,0.000000,-1.571000,0.000064,1.002433,1.065203,1.462713
3.030000,-0.000064,-0.002435,0.034797,-0.000031,-0.005645,-0.037326,-0.000000,-0.001015,1.570057,0.000000,1.000000,1.100000,0.000000,0.000000,-1.571000,0.000064,1.002435,1.065203,1.462714
3.032000,-0.000064,-0.002436,0.034797,-0.000031,-0.005645,-0.037326,-0.000000,-0.001015,1.570057,0.000000,1.000000,1.100000,0.000000,0.000000,-1.571000,0.000064,1.002436,1.065203,1.462715
3.034000,-0.000064,-0.002438,0.034797,-0.000031,-0.005645,-0.037326,-0.000000,-0.001015,1.570057,0.000000,1.000000,1.100000,0.000000,0.000000,-1.571000,0.000064,1.002438,1.065203,1.462716
3.036000,-0.000064,-0.002440,0.034797,-0.000031,-0.005645,-0.037326,-0.000000,-0.001015,1.570057,0.000000,1.000000,1.100000,0.000000,0.000000,-1.571000,0.000064,1.002440,1.065203,1.462717
3.038000,-0.000064,-0.002441,0.034797,-0.000031,-0.005645,-0.037326,-0.000000,-0.001015,1.570057,0.000000,1.000000,1.100000,0.000000,0.000000,-1.571000,0.000064,1.002441,1.065203,1.462719
3.040000,-0.000064,-0.002443,0.034797,-0.000031,-0.005645,-0.037326,-0.000000,-0.001015,1.570057,0.000000,1.000000,1.100000,0.000000,0.000000,-1.571000,0.000064,1.002443,1.065203,1.462720
3.042000,-0.000064,-0.002445,0.034797,-0.000031,-0.005645,-0.037326,-0.000000,-0.001015,1.570057,0.000000,1.000000,1.100000,0.000000,0.000000,-1.571000,0.000064,1.002445,1.065203,1.462721
3.044000,-0.000064,-0.002446,0.034797,-0.000031,-0.005645,-0.037326,-0.000000,-0.001015,1.570057,0.000000,1.000000,1.100000,0.000000,0.000000,-1.571000,0.000064,1.002446,1.065203,1.462722
3.046000,-0.000064,-0.002448,0.034797,-0.000031,-0.005645,-0.037326,-0.000000,-0.001015,1.570057,0.000000,1.000000,1.100000,0.000000,0.000000,-1.571000,0.000064,1.002448,1.065203,1.462723
3.048000,-0.000064,-0.002450,0.034797,-0.000031,-0.005645,-0.037326,-0.000000,-0.001015,1.570057,0.000000,1.000000,1.100000,0.000000,0.000000,-1.571000,0.000064,1.002450,1.065203,1.462724
3.050000,-0.000065,-0.002451,0.034797,-0.000031,-0.005645,-0.037326,-0.000000,-0.001015,1.570057,0.000000,1.000000,1.100000,0.000000,0.000000,-1.571000,0.000065,1.002451,1.065203,1.462726
3.052000,-0.000065,-0.002453,0.034797,-0.000031,-0.005645,-0.037326,-0.000000,-0.001015,1.570057,0.000000,1.000000,1.100000,0.000000,0.000000,-1.571000,0.000065,1.002453,1.065203,1.462727
3.054000,-0.000065,-0.002455,0.034797,-0.000031,-0.005645,-0.037326,-0.000000,-0.001015,1.570057,0.000000,1.000000,1.100000,0.000000,0.000000,-1.571000,0.000065,1.002455,1.065203,1.462728
3.056000,-0.000065,-0.002456,0.034797,-0.000031,-0.005645,-0.037326,-0.000000,-0.001015,1.570057,0.000000,1.000000,1.100000,0.000000,0.000000,-1.571000,0.000065,1.002456,1.065203,1.462729
3.058000,-0.000065,-0.002458,0.034797,-0.000031,-0.005645,-0.037326,-0.000000,-0.001015,1.570057,0.000000,1.000000,1.100000,0.000000,0.000000,-1.571000,0.000065,1.002458,1.065203,1.462730
3.060000,-0.000065,-0.002460,0.034797,-0.000031,-0.005645,-0.037326,-0.000000,-0.001015,1.570057,0.000000,1.000000,1.100000,0.000000,0.000000,-1.571000,0.000065,1.002460,1.065203,1.462731
3.062000,-0.000065,-0.002461,0.034797,-0.000031,-0.005645,-0.037326,-0.000000,-0.001015,1.570057,0.000000,1.000000,1.100000,0.000000,0.000000,-1.571000,0.000065,1.002461,1.065203,1.462732
3.064000,-0.000065,-0.002463,0.034797,-0.000031,-0.005645,-0.037326,-0.000000,-0.001015,1.570057,0.000000,1.000000,1.100000,0.000000,0.000000,-1.571000,0.000065,1.002463,1.065203,1.462734
3.066000,-0.000065,-0.002465,0.034797,-0.000031,-0.005645,-0.037326,-0.000000,-0.001015,1.570057,0.000000,1.000000,1.100000,0.000000,0.000000,-1.571000,0.000065,1.002465,1.065203,1.462735
3.068000,-0.000065,-0.002466,0.034797,-0.000031,-0.005645,-0.037326,-0.000000,-0.001015,1.570057,0.000000,1.000000,1.100000,0.000000,0.000000,-1.571000,0.000065,1.002466,1.065203,1.462736
3.070000,-0.000065,-0.002468,0.034797,-0.000031,-0.005645,-0.037326,-0.000000,-0.001015,1.570057,0.000000,1.000000,1.100000,0.000000,0.000000,-1.571000,0.000065,1.002468,1.065203,1.462737
3.072000,-0.000065,-0.002470,0.034797,-0.000031,-0.005645,-0.037326,-0.000000,-0.001015,1.570057,0.000000,1.000000,1.100000,0.000000,0.000000,-1.571000,0.000065,1.002470,1.065203,1.462738
3.074000,-0.000065,-0.002471,0.034797,-0.000031,-0.005645,-0.037326,-0.000000,-0.001015,1.570057,0.000000,1.000000,1.100000,0.000000,0.000000,-1.571000,0.000065,1.002471,1.065203,1.462739
3.076000,-0.000065,-0.002473,0.034797,-0.000031,-0.005645,-0.037326,-0.000000,-0.001015,1.570058,0.000000,1.000000,1.100000,0.000000,0.000000,-1.571000,0.000065,1.002473,1.065203,1.462740
3.078000,-0.000065,-0.002475,0.034797,-0.000031,-0.005645,-0.037326,-0.000000,-0.001015,1.570058,0.000000,1.000000,1.100000,0.000000,0.000000,-1.571000,0.000065,1.002475,1.065203,1.462742
3.080000,-0.000065,-0.002476,0.034797,-0.000031,-0.005645,-0.037326,-0.000000,-0.001015,1.570058,0.000000,1.000000,1.100000,0.000000,0.000000,-1.571000,0.000065,1.002476,1.065203,1.462743
3.082000,-0.000065,-0.002478,0.034797,-0.000031,-0.005645,-0.037326,-0.000000,-0.001015,1.570058,0.000000,1.000000,1.100000,0.000000,0.000000,-1.571000,0.000065,1.002478,1.065203,1.462744
3.084000,-0.000065,-0.002480,0.034797,-0.000031,-0.005645,-0.037326,-0.000000,-0.001015,1.570058,0.000000,1.000000,1.100000,0.000000,0.000000,-1.571000,0.000065,1.002480,1.065203,1.462745
3.086000,-0.000065,-0.002481,0.034797,-0.000031,-0.005645,-0.037326,-0.000000,-0.001015,1.570058,0.000000,1.000000,1.100000,0.000000,0.000000,-1.571000,0.000065,1.002481,1.065203,1.462746
3.088000,-0.000065,-0.002483,0.034797,-0.000031,-0.005645,-0.037326,-0.000000,-0.001015,1.570058,0.000000,1.000000,1.100000,0.000000,0.000000,-1.571000,0.000065,1.002483,1.065203,1.462747
3.090000,-0.000065,-0.002485,0.034797,-0.000031,-0.005645,-0.037326,-0.000000,-0.001015,1.570058,0.000000,1.000000,1.100000,0.000000,0.000000,-1.571000,0.000065,1.002485,1.065203,1.462748
3.092000,-0.000065,-0.002487,0.034797,-0.000031,-0.005645,-0.037326,-0.000000,-0.001015,1.570058,0.000000,1.000000,1.100000,0.000000,0.000000,-1.571000,0.000065,1.002487,1.065203,1.462750
3.094000,-0.000065,-0.002488,0.034797,-0.000031,-0.005645,-0.037326,-0.000000,-0.001015,1.570058,0.000000,1.000000,1.100000,0.000000,0.000000,-1.571000,0.000065,1.002488,1.065203,1.462751
3.096000,-0.000066,-0.002490,0.034797,-0.000031,-0.005645,-0.037326,-0.000000,-0.001015,1.570058,0.000000,1.000000,1.100000,0.000000,0.000000,-1.571000,0.000066,1.002490,1.065203,1.462752
3.098000,-0.000066,-0.002492,0.034797,-0.000031,-0.005645,-0.037326,-0.000000,-0.001015,1.570058,0.000000,1.000000,1.100000,0.000000,0.000000,-1.571000,0.000066,1.002492,1.065203,1.462753
3.100000,-0.000066,-0.002493,0.034797,-0.000031,-0.005645,-0.037326,-0.000000,-0.001015,1.570058,0.000000,1.000000,1.100000,0.000000,0.000000,-1.571000,0.000066,1.002493,1.065203,1.462754
3.102000,-0.000066,-0.002495,0.034797,-0.000031,-0.005645,-0.037326,-0.000000,-0.001015,1.570058,0.000000,1.000000,1.100000,0.000000,0.000000,-1.571000,0.000066,1.002495,1.065203,1.462755
3.104000,-0.000066,-0.002497,0.034797,-0.000031,-0.005645,-0.037326,-0.000000,-0.001015,1.570058,0.000000,1.000000,1.100000,0.000000,0.000000,-1.571000,0.000066,1.002497,1.065203,1.462756
3.106000,-0.000066,-0.002498,0.034797,-0.000031,-0.005645,-0.037326,-0.000000,-0.001015,1.570058,0.000000,1.000000,1.100000,0.000000,0.000000,-1.571000,0.000066,1.002498,1.065203,1.462758
3.108000,-0.000066,-0.002500,0.034797,-0.000031,-0.005645,-0.037326,-0.000000,-0.001015,1.570058,0.000000,1.000000,1.100000,0.000000,0.000000,-1.571000,0.000066,1.002500,1.065203,1.462759
3.110000,-0.000066,-0.002502,0.034797,-0.000031,-0.005645,-0.037326,-0.000000,-0.001015,1.570058,0.000000,1.000000,1.100000,0.000000,0.000000,-1.571000,0.000066,1.002502,1.065203,1.462760
3.112000,-0.000066,-0.002503,0.034797,-0.000031,-0.005645,-0.037326,-0.000000,-0.001015,1.570058,0.000000,1.000000,1.100000,0.000000,0.000000,-1.571000,0.000066,1.002503,1.065203,1.462761
3.114000,-0.000066,-0.002505,0.034797,-0.000031,-0.005645,-0.037326,-0.000000,-0.001015,1.570058,0.000000,1.000000,1.100000,0.000000,0.000000,-1.571000,0.000066,1.002505,1.065203,1.462762
3.116000,-0.000066,-0.002507,0.034797,-0.000031,-0.005645,-0.037326,-0.000000,-0.001015,1.570058,0.000000,1.000000,1.100000,0.000000,0.000000,-1.571000,0.000066,1.002507,1.065203,1.462763
3.118000,-0.000066,-0.002508,0.034797,-0.000031,-0.005645,-0.037326,-0.000000,-0.001015,1.570058,0.000000,1.000000,1.100000,0.000000,0.000000,-1.571000,0.000066,1.002508,1.065203,1.462765
3.120000,-0.000066,-0.002510,0.034797,-0.000031,-0.005645,-0.037326,-0.000000,-0.001015,1.570058,0.000000,1.000000,1.100000,0.000000,0.000000,-1.571000,0.000066,1.002510,1.065203,1.462766
3.122000,-0.000066,-0.002512,0.034797,-0.000031,-0.005645,-0.037326,-0.000000,-0.001015,1.570058,0.000000,1.000000,1.100000,0.000000,0.000000,-1.571000,0.000066,1.002512,1.065203,1.462767
3.124000,-0.000066,-0.002513,0.034797,-0.000031,-0.005645,-0.037326,-0.000000,-0.001015,1.570058,0.000000,1.000000,1.100000,0.000000,0.000000,-1.571000,0.000066,1.002513,1.065203,1.462768
3.126000,-0.000066,-0.002515,0.034797,-0.000031,-0.005645,-0.037326,-0.000000,-0.001015,1.570059,0.000000,1.000000,1.100000,0.000000,0.000000,-1.571000,0.000066,1.002515,1.065203,1.462769
3.128000,-0.000066,-0.002517,0.034797,-0.000031,-0.005645,-0.037326,-0.000000,-0.001015,1.570059,0.000000,1.000000,1.100000,0.000000,0.000000,-1.571000,0.000066,1.002517,1.065203,1.462770
3.130000,-0.000066,-0.002518,0.034797,-0.000031,-0.005645,-0.037326,-0.000000,-0.001015,1.570059,0.000000,1.000000,1.100000,0.000000,0.000000,-1.571000,0.000066,1.002518,1.065203,1.462771
3.132000,-0.000066,-0.002520,0.034797,-0.000031,-0.005645,-0.037326,-0.000000,-0.001015,1.570059,0.000000,1.000000,1.100000,0.000000,0.000000,-1.571000,0.000066,1.002520,1.065203,1.462773
3.134000,-0.000066,-0.002522,0.034797,-0.000031,-0.005645,-0.037326,-0.000000,-0.001015,1.570059,0.000000,1.000000,1.100000,0.000000,0.000000,-1.571000,0.000066,1.002522,1.065203,1.462774
3.136000,-0.000066,-0.002523,0.034797,-0.000031,-0.005645,-0.037326,-0.000000,-0.001015,1.570059,0.000000,1.000000,1.100000,0.000000,0.000000,-1.571000,0.000066,1.002523,1.065203,1.462775
3.138000,-0.000066,-0.002525,0.034797,-0.000031,-0.005645,-0.037326,-0.000000,-0.001015,1.570059,0.000000,1.000000,1.100000,0.000000,0.000000,-1.571000,0.000066,1.002525,1.065203,1.462776
3.140000,-0.000067,-0.002527,0.034797,-0.000031,-0.005645,-0.037326,-0.000000,-0.001015,1.570059,0.000000,1.000000,1.100000,0.000000,0.000000,-1.571000,0.000067,1.002527,1.065203,1.462777
3.142000,-0.000067,-0.002528,0.034797,-0.000031,-0.005645,-0.037326,-0.000000,-0.001015,1.570059,0.000000,1.000000,1.100000,0.000000,0.000000,-1.571000,0.000067,1.002528,1.065203,1.462778
3.144000,-0.000067,-0.002530,0.034797,-0.000031,-0.005645,-0.037326,-0.000000,-0.001015,1.570059,0.000000,1.000000,1.100000,0.000000,0.000000,-1.571000,0.000067,1.002530,1.065203,1.462779
3.146000,-0.000067,-0.002532,0.034797,-0.000031,-0.005645,-0.037326,-0.000000,-0.001015,1.570059,0.000000,1.000000,1.100000,0.000000,0.000000,-1.571000,0.000067,1.002532,1.065203,1.462781
3.148000,-0.000067,-0.002533,0.034797,-0.000031,-0.005645,-0.037326,-0.000000,-0.001015,1.570059,0.000000,1.000000,1.100000,0.000000,0.000000,-1.571000,0.000067,1.002533,1.065203,1.462782
3.150000,-0.000067,-0.002535,0.034797,-0.000031,-0.005645,-0.037326,-0.000000,-0.001015,1.570059,0.000000,1.000000,1.100000,0.000000,0.000000,-1.571000,0.000067,1.002535,1.065203,1.462783
3.152000,-0.000067,-0.002537,0.034797,-0.000031,-0.005645,-0.037326,-0.000000,-0.001015,1.570059,0.000000,1.000000,1.100000,0.000000,0.000000,-1.571000,0.000067,1.002537,1.065203,1.462784
3.154000,-0.000067,-0.002538,0.034797,-0.000031,-0.005645,-0.037326,-0.000000,-0.001015,1.570059,0.000000,1.000000,1.100000,0.000000,0.000000,-1.571000,0.000067,1.002538,1.065203,1.462785
3.156000,-0.000067,-0.002540,0.034797,-0.000031,-0.005645,-0.037326,-0.000000,-0.001015,1.570059,0.000000,1.000000,1.100000,0.000000,0.000000,-1.571000,0.000067,1.002540,1.065203,1.462786
3.158000,-0.000067,-0.002542,0.034797,-0.000031,-0.005645,-0.037326,-0.000000,-0.001015,1.570059,0.000000,1.000000,1.100000,0.000000,0.000000,-1.571000,0.000067,1.002542,1.065203,1.462787
3.160000,-0.000067,-0.002543,0.034797,-0.000031,-0.005645,-0.037326,-0.000000,-0.001015,1.570059,0.000000,1.000000,1.100000,0.000000,0.000000,-1.571000,0.000067,1.002543,1.065203,1.462789
3.162000,-0.000067,-0.002545,0.034797,-0.000031,-0.005645,-0.037326,-0.000000,-0.001015,1.570059,0.000000,1.000000,1.100000,0.000000,0.000000,-1.571000,0.000067,1.002545,1.065203,1.462790
3.164000,-0.000067,-0.002547,0.034797,-0.000031,-0.005645,-0.037326,-0.000000,-0.001015,1.570059,0.000000,1.000000,1.100000,0.000000,0.000000,-1.571000,0.000067,1.002547,1.065203,1.462791
3.166000,-0.000067,-0.002548,0.034797,-0.000031,-0.005645,-0.037326,-0.000000,-0.001015,1.570059,0.000000,1.000000,1.100000,0.000000,0.000000,-1.571000,0.000067,1.002548,1.065203,1.462792
3.168000,-0.000067,-0.002550,0.034797,-0.000031,-0.005645,-0.037326,-0.000000,-0.001015,1.570059,0.000000,1.000000,1.100000,0.000000,0.000000,-1.571000,0.000067,1.002550,1.065203,1.462793
3.170000,-0.000067,-0.002552,0.034797,-0.000031,-0.005645,-0.037326,-0.000000,-0.001015,1.570059,0.000000,1.000000,1.100000,0.000000,0.000000,-1.571000,0.000067,1.002552,1.065203,1.462794
3.172000,-0.000067,-0.002554,0.034797,-0.000031,-0.005645,-0.037326,-0.000000,-0.001015,1.570059,0.000000,1.000000,1.100000,0.000000,0.000000,-1.571000,0.000067,1.002554,1.065203,1.462796
3.174000,-0.000067,-0.002555,0.034797,-0.000031,-0.005645,-0.037326,-0.000000,-0.001015,1.570059,0.000000,1.000000,1.100000,0.000000,0.000000,-1.571000,0.000067,1.002555,1.065203,1.462797
3.176000,-0.000067,-0.002557,0.034797,-0.000031,-0.005645,-0.037326,-0.000000,-0.001015,1.570059,0.000000,1.000000,1.100000,0.000000,0.000000,-1.571000,0.000067,1.002557,1.065203,1.462798
3.178000,-0.000067,-0.002559,0.034797,-0.000031,-0.005645,-0.037326,-0.000000,-0.001015,1.570060,0.000000,1.000000,1.100000,0.000000,0.000000,-1.571000,0.000067,1.002559,1.065203,1.462799
3.180000,-0.000067,-0.002560,0.034797,-0.000031,-0.005645,-0.037326,-0.000000,-0.001015,1.570060,0.000000,1.000000,1.100000,0.000000,0.000000,-1.571000,0.000067,1.002560,1.065203,1.462800
3.182000,-0.000067,-0.002562,0.034797,-0.000031,-0.005645,-0.037326,-0.000000,-0.001015,1.570060,0.000000,1.000000,1.100000,0.000000,0.000000,-1.571000,0.000067,1.002562,1.065203,1.462801
3.184000,-0.000068,-0.002564,0.034797,-0.000031,-0.005645,-0.037326,-0.000000,-0.001015,1.570060,0.000000,1.000000,1.100000,0.000000,0.000000,-1.571000,0.000068,1.002564,1.065203,1.462802
3.186000,-0.000068,-0.002565,0.034797,-0.000031,-0.005645,-0.037326,-0.000000,-0.001015,1.570060,0.000000,1.000000,1.100000,0.000000,0.000000,-1.571000,0.000068,1.002565,1.065203,1.462804
3.188000,-0.000068,-0.002567,0.034797,-0.000031,-0.005645,-0.037326,-0.000000,-0.001015,1.570060,0.000000,1.000000,1.100000,0.000000,0.000000,-1.571000,0.000068,1.002567,1.065203,1.462805
3.190000,-0.000068,-0.002569,0.034797,-0.000031,-0.005645,-0.037326,-0.000000,-0.001015,1.570060,0.000000,1.000000,1.100000,0.000000,0.000000,-1.571000,0.000068,1.002569,1.065203,1.462806
3.192000,-0.000068,-0.002570,0.034797,-0.000031,-0.005645,-0.037326,-0.000000,-0.001015,1.570060,0.000000,1.000000,1.100000,0.000000,0.000000,-1.571000,0.000068,1.002570,1.065203,1.462807
3.194000,-0.000068,-0.002572,0.034797,-0.000031,-0.005645,-0.037326,-0.000000,-0.001015,1.570060,0.000000,1.000000,1.100000,0.000000,0.000000,-1.571000,0.000068,1.002572,1.065203,1.462808
3.196000,-0.000068,-0.002574,0.034797,-0.000031,-0.005645,-0.037326,-0.000000,-0.001015,1.570060,0.000000,1.000000,1.100000,0.000000,0.000000,-1.571000,0.000068,1.002574,1.065203,1.462809
3.198000,-0.000068,-0.002575,0.034797,-0.000031,-0.005645,-0.037326,-0.000000,-0.001015,1.570060,0.000000,1.000000,1.100000,0.000000,0.000000,-1.571000,0.000068,1.002575,1.065203,1.462810
3.200000,-0.000068,-0.002577,0.034797,-0.000031,-0.005645,-0.037326,-0.000000,-0.001015,1.570060,0.000000,1.000000,1.100000,0.000000,0.000000,-1.571000,0.000068,1.002577,1.065203,1.462812
3.202000,-0.000068,-0.002579,0.034797,-0.000031,-0.005645,-0.037326,-0.000000,-0.001015,1.570060,0.000000,1.000000,1.100000,0.000000,0.000000,-1.571000,0.000068,1.002579,1.065203,1.462813
3.204000,-0.000068,-0.002580,0.034797,-0.000031,-0.005645,-0.037326,-0.000000,-0.001015,1.570060,0.000000,1.000000,1.100000,0.000000,0.000000,-1.571000,0.000068,1.002580,1.065203,1.462814
3.206000,-0.000068,-0.002582,0.034797,-0.000031,-0.005645,-0.037326,-0.000000,-0.001015,1.570060,0.000000,1.000000,1.100000,0.000000,0.000000,-1.571000,0.000068,1.002582,1.065203,1.462815
3.208000,-0.000068,-0.002584,0.034797,-0.000031,-0.005645,-0.037326,-0.000000,-0.001015,1.570060,0.000000,1.000000,1.100000,0.000000,0.000000,-1.571000,0.000068,1.002584,1.065203,1.462816
3.210000,-0.000068,-0.002585,0.034797,-0.000031,-0.005645,-0.037326,-0.000000,-0.001015,1.570060,0.000000,1.000000,1.100000,0.000000,0.000000,-1.571000,0.000068,1.002585,1.065203,1.462817
3.212000,-0.000068,-0.002587,0.034797,-0.000031,-0.005645,-0.037326,-0.000000,-0.001015,1.570060,0.000000,1.000000,1.100000,0.000000,0.000000,-1.571000,0.000068,1.002587,1.065203,1.462818
3.214000,-0.000068,-0.002589,0.034797,-0.000031,-0.005645,-0.037326,-0.000000,-0.001015,1.570060,0.000000,1.000000,1.100000,0.000000,0.000000,-1.571000,0.000068,1.002589,1.065203,1.462820
3.216000,-0.000068,-0.002590,0.034797,-0.000031,-0.005645,-0.037326,-0.000000,-0.001015,1.570060,0.000000,1.000000,1.100000,0.000000,0.000000,-1.571000,0.000068,1.002590,1.065203,1.462821
3.218000,-0.000068,-0.002592,0.034797,-0.000031,-0.005645,-0.037326,-0.000000,-0.001015,1.570060,0.000000,1.000000,1.100000,0.000000,0.000000,-1.571000,0.000068,1.002592,1.065203,1.462822
3.220000,-0.000068,-0.002594,0.034797,-0.000031,-0.005645,-0.037326,-0.000000,-0.001015,1.570060,0.000000,1.000000,1.100000,0.000000,0.000000,-1.571000,0.000068,1.002594,1.065203,1.462823
3.222000,-0.000068,-0.002595,0.034797,-0.000031,-0.005645,-0.037326,-0.000000,-0.001015,1.570060,0.000000,1.000000,1.100000,0.000000,0.000000,-1.571000,0.000068,1.002595,1.065203,1.462824
3.224000,-0.000068,-0.002597,0.034797,-0.000031,-0.005645,-0.037326,-0.000000,-0.001015,1.570060,0.000000,1.000000,1.100000,0.000000,0.000000,-1.571000,0.000068,1.002597,1.065203,1.462825
3.226000,-0.000068,-0.002599,0.034797,-0.000031,-0.005645,-0.037326,-0.000000,-0.001015,1.570060,0.000000,1.000000,1.100000,0.000000,0.000000,-1.571000,0.000068,1.002599,1.065203,1.462827
3.228000,-0.000068,-0.002600,0.034797,-0.000031,-0.005645,-0.037326,-0.000000,-0.001015,1.570061,0.000000,1.000000,1.100000,0.000000,0.000000,-1.571000,0.000068,1.002600,1.065203,1.462828
3.230000,-0.000069,-0.002602,0.034797,-0.000031,-0.005645,-0.037326,-0.000000,-0.001015,1.570061,0.000000,1.000000,1.100000,0.000000,0.000000,-1.571000,0.000069,1.002602,1.065203,1.462829
3.232000,-0.000069,-0.002604,0.034797,-0.000031,-0.005645,-0.037326,-0.000000,-0.001015,1.570061,0.000000,1.000000,1.100000,0.000000,0.000000,-1.571000,0.000069,1.002604,1.065203,1.462830
3.234000,-0.000069,-0.002605,0.034797,-0.000031,-0.005645,-0.037326,-0.000000,-0.001015,1.570061,0.000000,1.000000,1.100000,0.000000,0.000000,-1.571000,0.000069,1.002605,1.065203,1.462831
3.236000,-0.000069,-0.002607,0.034797,-0.000031,-0.005645,-0.037326,-0.000000,-0.001015,1.570061,0.000000,1.000000,1.100000,0.000000,0.000000,-1.571000,0.000069,1.002607,1.065203,1.462832
3.238000,-0.000069,-0.002609,0.034797,-0.000031,-0.005645,-0.037326,-0.000000,-0.001015,1.570061,0.000000,1.000000,1.100000,0.000000,0.000000,-1.571000,0.000069,1.002609,1.065203,1.462833
3.240000,-0.000069,-0.002610,0.034797,-0.000031,-0.005645,-0.037326,-0.000000,-0.001015,1.570061,0.000000,1.000000,1.100000,0.000000,0.000000,-1.571000,0.000069,1.002610,1.065203,1.462835
3.242000,-0.000069,-0.002612,0.034797,-0.000031,-0.005645,-0.037326,-0.000000,-0.001015,1.570061,0.000000,1.000000,1.100000,0.000000,0.000000,-1.571000,0.000069,1.002612,1.065203,1.462836
3.244000,-0.000069,-0.002614,0.034797,-0.000031,-0.005645,-0.037326,-0.000000,-0.001015,1.570061,0.000000,1.000000,1.100000,0.000000,0.000000,-1.571000,0.000069,1.002614,1.065203,1.462837
3.246000,-0.000069,-0.002615,0.034797,-0.000031,-0.005645,-0.037326,-0.000000,-0.001015,1.570061,0.000000,1.000000,1.100000,0.000000,0.000000,-1.571000,0.000069,1.002615,1.065203,1.462838
3.248000,-0.000069,-0.002617,0.034797,-0.000031,-0.005645,-0.037326,-0.000000,-0.001015,1.570061,0.000000,1.000000,1.100000,0.000000,0.000000,-1.571000,0.000069,1.002617,1.065203,1.462839
3.250000,-0.000069,-0.002619,0.034797,-0.000031,-0.005645,-0.037326,-0.000000,-0.001015,1.570061,0.000000,1.000000,1.100000,0.000000,0.000000,-1.571000,0.000069,1.002619,1.065203,1.462840
3.252000,-0.000069,-0.002620,0.034797,-0.000031,-0.005645,-0.037326,-0.000000,-0.001015,1.570061,0.000000,1.000000,1.100000,0.000000,0.000000,-1.571000,0.000069,1.002620,1.065203,1.462841
3.254000,-0.000069,-0.002622,0.034797,-0.000031,-0.005645,-0.037326,-0.000000,-0.001015,1.570061,0.000000,1.000000,1.100000,0.000000,0.000000,-1.571000,0.000069,1.002622,1.065203,1.462843
3.256000,-0.000069,-0.002624,0.034797,-0.000031,-0.005645,-0.037326,-0.000000,-0.001015,1.570061,0.000000,1.000000,1.100000,0.000000,0.000000,-1.571000,0.000069,1.002624,1.065203,1.462844
3.258000,-0.000069,-0.002626,0.034797,-0.000031,-0.005645,-0.037326,-0.000000,-0.001015,1.570061,0.000000,1.000000,1.100000,0.000000,0.000000,-1.571000,0.000069,1.002626,1.065203,1.462845
3.260000,-0.000069,-0.002627,0.034797,-0.000031,-0.005645,-0.037326,-0.000000,-0.001015,1.570061,0.000000,1.000000,1.100000,0.000000,0.000000,-1.571000,0.000069,1.002627,1.065203,1.462846
3.262000,-0.000069,-0.002629,0.034797,-0.000031,-0.005645,-0.037326,-0.000000,-0.001015,1.570061,0.000000,1.000000,1.100000,0.000000,0.000000,-1.571000,0.000069,1.002629,1.065203,1.462847
3.264000,-0.000069,-0.002631,0.034797,-0.000031,-0.005645,-0.037326,-0.000000,-0.001015,1.570061,0.000000,1.000000,1.100000,0.000000,0.000000,-1.571000,0.000069,1.002631,1.065203,1.462848
3.266000,-0.000069,-0.002632,0.034797,-0.000031,-0.005645,-0.037326,-0.000000,-0.001015,1.570061,0.000000,1.000000,1.100000,0.000000,0.000000,-1.571000,0.000069,1.002632,1.065203,1.462849
3.268000,-0.000069,-0.002634,0.034797,-0.000031,-0.005645,-0.037326,-0.000000,-0.001015,1.570061,0.000000,1.000000,1.100000,0.000000,0.000000,-1.571000,0.000069,1.002634,1.065203,1.462851
3.270000,-0.000069,-0.002636,0.034797,-0.000031,-0.005645,-0.037326,-0.000000,-0.001015,1.570061,0.000000,1.000000,1.100000,0.000000,0.000000,-1.571000,0.000069,1.002636,1.065203,1.462852
3.272000,-0.000069,-0.002637,0.034797,-0.000031,-0.005645,-0.037326,-0.000000,-0.001015,1.570061,0.000000,1.000000,1.100000,0.000000,0.000000,-1.571000,0.000069,1.002637,1.065203,1.462853
3.274000,-0.000070,-0.002639,0.034797,-0.000031,-0.005645,-0.037326,-0.000000,-0.001015,1.570061,0.000000,1.000000,1.100000,0.000000,0.000000,-1.571000,0.000070,1.002639,1.065203,1.462854
3.276000,-0.000070,-0.002641,0.034797,-0.000031,-0.005645,-0.037326,-0.000000,-0.001015,1.570061,0.000000,1.000000,1.100000,0.000000,0.000000,-1.571000,0.000070,1.002641,1.065203,1.462855
3.278000,-0.000070,-0.002642,0.034797,-0.000031,-0.005645,-0.037326,-0.000000,-0.001015,1.570062,0.000000,1.000000,1.100000,0.000000,0.000000,-1.571000,0.000070,1.002642,1.065203,1.462856
3.280000,-0.000070,-0.002644,0.034797,-0.000031,-0.005645,-0.037326,-0.000000,-0.001015,1.570062,0.000000,1.000000,1.100000,0.000000,0.000000,-1.571000,0.000070,1.002644,1.065203,1.462858
3.282000,-0.000070,-0.002646,0.034797,-0.000031,-0.005645,-0.037326,-0.000000,-0.001015,1.570062,0.000000,1.000000,1.100000,0.000000,0.000000,-1.571000,0.000070,1.002646,1.065203,1.462859
3.284000,-0.000070,-0.002647,0.034797,-0.000031,-0.005645,-0.037326,-0.000000,-0.001015,1.570062,0.000000,1.000000,1.100000,0.000000,0.000000,-1.571000,0.000070,1.002647,1.065203,1.462860
3.286000,-0.000070,-0.002649,0.034797,-0.000031,-0.005645,-0.037326,-0.000000,-0.001015,1.570062,0.000000,1.000000,1.100000,0.000000,0.000000,-1.571000,0.000070,1.002649,1.065203,1.462861
3.288000,-0.000070,-0.002651,0.034797,-0.000031,-0.005645,-0.037326,-0.000000,-0.001015,1.570062,0.000000,1.000000,1.100000,0.000000,0.000000,-1.571000,0.000070,1.002651,1.065203,1.462862
3.290000,-0.000070,-0.002652,0.034797,-0.000031,-0.005645,-0.037326,-0.000000,-0.001015,1.570062,0.000000,1.000000,1.100000,0.000000,0.000000,-1.571000,0.000070,1.002652,1.065203,1.462863
3.292000,-0.000070,-0.002654,0.034797,-0.000031,-0.005645,-0.037326,-0.000000,-0.001015,1.570062,0.000000,1.000000,1.100000,0.000000,0.000000,-1.571000,0.000070,1.002654,1.065203,1.462864
3.294000,-0.000070,-0.002656,0.034797,-0.000031,-0.005645,-0.037326,-0.000000,-0.001015,1.570062,0.000000,1.000000,1.100000,0.000000,0.000000,-1.571000,0.000070,1.002656,1.065203,1.462866
3.296000,-0.000070,-0.002657,0.034797,-0.000031,-0.005645,-0.037326,-0.000000,-0.001015,1.570062,0.000000,1.000000,1.100000,0.000000,0.000000,-1.571000,0.000070,1.002657,1.065203,1.462867
3.298000,-0.000070,-0.002659,0.034797,-0.000031,-0.005645,-0.037326,-0.000000,-0.001015,1.570062,0.000000,1.000000,1.100000,0.000000,0.000000,-1.571000,0.000070,1.002659,1.065203,1.462868
3.300000,-0.000070,-0.002661,0.034797,-0.000031,-0.005645,-0.037326,-0.000000,-0.001015,1.570062,0.000000,1.000000,1.100000,0.000000,0.000000,-1.571000,0.000070,1.002661,1.065203,1.462869
3.302000,-0.000070,-0.002662,0.034797,-0.000031,-0.005645,-0.037326,-0.000000,-0.001015,1.570062,0.000000,1.000000,1.100000,0.000000,0.000000,-1.571000,0.000070,1.002662,1.065203,1.462870
3.304000,-0.000070,-0.002664,0.034797,-0.000031,-0.005645,-0.037326,-0.000000,-0.001015,1.570062,0.000000,1.000000,1.100000,0.000000,0.000000,-1.571000,0.000070,1.002664,1.065203,1.462871
3.306000,-0.000070,-0.002666,0.034797,-0.000031,-0.005645,-0.037326,-0.000000,-0.001015,1.570062,0.000000,1.000000,1.100000,0.000000,0.000000,-1.571000,0.000070,1.002666,1.065203,1.462872
3.308000,-0.000070,-0.002667,0.034797,-0.000031,-0.005645,-0.037326,-0.000000,-0.001015,1.570062,0.000000,1.000000,1.100000,0.000000,0.000000,-1.571000,0.000070,1.002667,1.065203,1.462874
3.310000,-0.000070,-0.002669,0.034797,-0.000031,-0.005645,-0.037326,-0.000000,-0.001015,1.570062,0.000000,1.000000,1.100000,0.000000,0.000000,-1.571000,0.000070,1.002669,1.065203,1.462875
3.312000,-0.000070,-0.002671,0.034797,-0.000031,-0.005645,-0.037326,-0.000000,-0.001015,1.570062,0.000000,1.000000,1.100000,0.000000,0.000000,-1.571000,0.000070,1.002671,1.065203,1.462876
3.314000,-0.000070,-0.002672,0.034797,-0.000031,-0.005645,-0.037326,-0.000000,-0.001015,1.570062,0.000000,1.000000,1.100000,0.000000,0.000000,-1.571000,0.000070,1.002672,1.065203,1.462877
3.316000,-0.000070,-0.002674,0.034797,-0.000031,-0.005645,-0.037326,-0.000000,-0.001015,1.570062,0.000000,1.000000,1.100000,0.000000,0.000000,-1.571000,0.000070,1.002674,1.065203,1.462878
3.318000,-0.000071,-0.002676,0.034797,-0.000031,-0.005645,-0.037326,-0.000000,-0.001015,1.570062,0.000000,1.000000,1.100000,0.000000,0.000000,-1.571000,0.000071,1.002676,1.065203,1.462879
3.320000,-0.000071,-0.002677,0.034797,-0.000031,-0.005645,-0.037326,-0.000000,-0.001015,1.570062,0.000000,1.000000,1.100000,0.000000,0.000000,-1.571000,0.000071,1.002677,1.065203,1.462880
3.322000,-0.000071,-0.002679,0.034797,-0.000031,-0.005645,-0.037326,-0.000000,-0.001015,1.570062,0.000000,1.000000,1.100000,0.000000,0.000000,-1.571000,0.000071,1.002679,1.065203,1.462882
3.324000,-0.000071,-0.002681,0.034797,-0.000031,-0.005645,-0.037326,-0.000000,-0.001015,1.570062,0.000000,1.000000,1.100000,0.000000,0.000000,-1.571000,0.000071,1.002681,1.065203,1.462883
3.326000,-0.000071,-0.002682,0.034797,-0.000031,-0.005645,-0.037326,-0.000000,-0.001015,1.570062,0.000000,1.000000,1.100000,0.000000,0.000000,-1.571000,0.000071,1.002682,1.065203,1.462884
3.328000,-0.000071,-0.002684,0.034797,-0.000031,-0.005645,-0.037326,-0.000000,-0.001015,1.570062,0.000000,1.000000,1.100000,0.000000,0.000000,-1.571000,0.000071,1.002684,1.065203,1.462885
3.330000,-0.000071,-0.002686,0.034797,-0.000031,-0.005645,-0.037326,-0.000000,-0.001015,1.570063,0.000000,1.000000,1.100000,0.000000,0.000000,-1.571000,0.000071,1.002686,1.065203,1.462886
3.332000,-0.000071,-0.002687,0.034797,-0.000031,-0.005645,-0.037326,-0.000000,-0.001015,1.570063,0.000000,1.000000,1.100000,0.000000,0.000000,-1.571000,0.000071,1.002687,1.065203,1.462887
3.334000,-0.000071,-0.002689,0.034797,-0.000031,-0.005645,-0.037326,-0.000000,-0.001015,1.570063,0.000000,1.000000,1.100000,0.000000,0.000000,-1.571000,0.000071,1.002689,1.065203,1.462888
3.336000,-0.000071,-0.002691,0.034797,-0.000031,-0.005645,-0.037326,-0.000000,-0.001015,1.570063,0.000000,1.000000,1.100000,0.000000,0.000000,-1.571000,0.000071,1.002691,1.065203,1.462890
3.338000,-0.000071,-0.002693,0.034797,-0.000031,-0.005645,-0.037326,-0.000000,-0.001015,1.570063,0.000000,1.000000,1.100000,0.000000,0.000000,-1.571000,0.000071,1.002693,1.065203,1.462891
3.340000,-0.000071,-0.002694,0.034797,-0.000031,-0.005645,-0.037326,-0.000000,-0.001015,1.570063,0.000000,1.000000,1.100000,0.000000,0.000000,-1.571000,0.000071,1.002694,1.065203,1.462892
3.342000,-0.000071,-0.002696,0.034797,-0.000031,-0.005645,-0.037326,-0.000000,-0.001015,1.570063,0.000000,1.000000,1.100000,0.000000,0.000000,-1.571000,0.000071,1.002696,1.065203,1.462893
3.344000,-0.000071,-0.002698,0.034797,-0.000031,-0.005645,-0.037326,-0.000000,-0.001015,1.570063,0.000000,1.000000,1.100000,0.000000,0.000000,-1.571000,0.000071,1.002698,1.065203,1.462894
3.346000,-0.000071,-0.002699,0.034797,-0.000031,-0.005645,-0.037326,-0.000000,-0.001015,1.570063,0.000000,1.000000,1.100000,0.000000,0.000000,-1.571000,0.000071,1.002699,1.065203,1.462895
3.348000,-0.000071,-0.002701,0.034797,-0.000031,-0.005645,-0.037326,-0.000000,-0.001015,1.570063,0.000000,1.000000,1.100000,0.000000,0.000000,-1.571000,0.000071,1.002701,1.065203,1.462897
3.350000,-0.000071,-0.002703,0.034797,-0.000031,-0.005645,-0.037326,-0.000000,-0.001015,1.570063,0.000000,1.000000,1.100000,0.000000,0.000000,-1.571000,0.000071,1.002703,1.065203,1.462898
3.352000,-0.000071,-0.002704,0.034797,-0.000031,-0.005645,-0.037326,-0.000000,-0.001015,1.570063,0.000000,1.000000,1.100000,0.000000,0.000000,-1.571000,0.000071,1.002704,1.065203,1.462899
3.354000,-0.000071,-0.002706,0.034797,-0.000031,-0.005645,-0.037326,-0.000000,-0.001015,1.570063,0.000000,1.000000,1.100000,0.000000,0.000000,-1.571000,0.000071,1.002706,1.065203,1.462900
3.356000,-0.000071,-0.002708,0.034797,-0.000031,-0.005645,-0.037326,-0.000000,-0.001015,1.570063,0.000000,1.000000,1.100000,0.000000,0.000000,-1.571000,0.000071,1.002708,1.065203,1.462901
3.358000,-0.000071,-0.002709,0.034797,-0.000031,-0.005645,-0.037326,-0.000000,-0.001015,1.570063,0.000000,1.000000,1.100000,0.000000,0.000000,-1.571000,0.000071,1.002709,1.065203,1.462902
3.360000,-0.000071,-0.002711,0.034797,-0.000031,-0.005645,-0.037326,-0.000000,-0.001015,1.570063,0.000000,1.000000,1.100000,0.000000,0.000000,-1.571000,0.000071,1.002711,1.065203,1.462903
3.362000,-0.000071,-0.002713,0.034797,-0.000031,-0.005645,-0.037326,-0.000000,-0.001015,1.570063,0.000000,1.000000,1.100000,0.000000,0.000000,-1.571000,0.000071,1.002713,1.065203,1.462905
3.364000,-0.000072,-0.002714,0.034797,-0.000031,-0.005645,-0.037326,-0.000000,-0.001015,1.570063,0.000000,1.000000,1.100000,0.000000,0.000000,-1.571000,0.000072,1.002714,1.065203,1.462906
3.366000,-0.000072,-0.002716,0.034797,-0.000031,-0.005645,-0.037326,-0.000000,-0.001015,1.570063,0.000000,1.000000,1.100000,0.000000,0.000000,-1.571000,0.000072,1.002716,1.065203,1.462907
3.368000,-0.000072,-0.002718,0.034797,-0.000031,-0.005645,-0.037326,-0.000000,-0.001015,1.570063,0.000000,1.000000,1.100000,0.000000,0.000000,-1.571000,0.000072,1.002718,1.065203,1.462908
3.370000,-0.000072,-0.002719,0.034797,-0.000031,-0.005645,-0.037326,-0.000000,-0.001015,1.570063,0.000000,1.000000,1.100000,0.000000,0.000000,-1.571000,0.000072,1.002719,1.065203,1.462909
3.372000,-0.000072,-0.002721,0.034797,-0.000031,-0.005645,-0.037326,-0.000000,-0.001015,1.570063,0.000000,1.000000,1.100000,0.000000,0.000000,-1.571000,0.000072,1.002721,1.065203,1.462910
3.374000,-0.000072,-0.002723,0.034797,-0.000031,-0.005645,-0.037326,-0.000000,-0.001015,1.570063,0.000000,1.000000,1.100000,0.000000,0.000000,-1.571000,0.000072,1.002723,1.065203,1.462911
3.376000,-0.000072,-0.002724,0.034797,-0.000031,-0.005645,-0.037326,-0.000000,-0.001015,1.570063,0.000000,1.000000,1.100000,0.000000,0.000000,-1.571000,0.000072,1.002724,1.065203,1.462913
3.378000,-0.000072,-0.002726,0.034797,-0.000031,-0.005645,-0.037326,-0.000000,-0.001015,1.570063,0.000000,1.000000,1.100000,0.000000,0.000000,-1.571000,0.000072,1.002726,1.065203,1.462914
3.380000,-0.000072,-0.002728,0.034797,-0.000031,-0.005645,-0.037326,-0.000000,-0.001015,1.570064,0.000000,1.000000,1.100000,0.000000,0.000000,-1.571000,0.000072,1.002728,1.065203,1.462915
3.382000,-0.000072,-0.002729,0.034797,-0.000031,-0.005645,-0.037326,-0.000000,-0.001015,1.570064,0.000000,1.000000,1.100000,0.000000,0.000000,-1.571000,0.000072,1.002729,1.065203,1.462916
3.384000,-0.000072,-0.002731,0.034797,-0.000031,-0.005645,-0.037326,-0.000000,-0.001015,1.570064,0.000000,1.000000,1.100000,0.000000,0.000000,-1.571000,0.000072,1.002731,1.065203,1.462917
3.386000,-0.000072,-0.002733,0.034797,-0.000031,-0.005645,-0.037326,-0.000000,-0.001015,1.570064,0.000000,1.000000,1.100000,0.000000,0.000000,-1.571000,0.000072,1.002733,1.065203,1.462918
3.388000,-0.000072,-0.002734,0.034797,-0.000031,-0.005645,-0.037326,-0.000000,-0.001015,1.570064,0.000000,1.000000,1.100000,0.000000,0.000000,-1.571000,0.000072,1.002734,1.065203,1.462919
3.390000,-0.000072,-0.002736,0.034797,-0.000031,-0.005645,-0.037326,-0.000000,-0.001015,1.570064,0.000000,1.000000,1.100000,0.000000,0.000000,-1.571000,0.000072,1.002736,1.065203,1.462921
3.392000,-0.000072,-0.002738,0.034797,-0.000031,-0.005645,-0.037326,-0.000000,-0.001015,1.570064,0.000000,1.000000,1.100000,0.000000,0.000000,-1.571000,0.000072,1.002738,1.065203,1.462922
3.394000,-0.000072,-0.002739,0.034797,-0.000031,-0.005645,-0.037326,-0.000000,-0.001015,1.570064,0.000000,1.000000,1.100000,0.000000,0.000000,-1.571000,0.000072,1.002739,1.065203,1.462923
3.396000,-0.000072,-0.002741,0.034797,-0.000031,-0.005645,-0.037326,-0.000000,-0.001015,1.570064,0.000000,1.000000,1.100000,0.000000,0.000000,-1.571000,0.000072,1.002741,1.065203,1.462924
3.398000,-0.000072,-0.002743,0.034797,-0.000031,-0.005645,-0.037326,-0.000000,-0.001015,1.570064,0.000000,1.000000,1.100000,0.000000,0.000000,-1.571000,0.000072,1.002743,1.065203,1.462925
3.400000,-0.000072,-0.002744,0.034797,-0.000031,-0.005645,-0.037326,-0.000000,-0.001015,1.570064,0.000000,1.000000,1.100000,0.000000,0.000000,-1.571000,0.000072,1.002744,1.065203,1.462926
3.402000,-0.000072,-0.002746,0.034797,-0.000031,-0.005645,-0.037326,-0.000000,-0.001015,1.570064,0.000000,1.000000,1.100000,0.000000,0.000000,-1.571000,0.000072,1.002746,1.065203,1.462928
3.404000,-0.000072,-0.002748,0.034797,-0.000031,-0.005645,-0.037326,-0.000000,-0.001015,1.570064,0.000000,1.000000,1.100000,0.000000,0.000000,-1.571000,0.000072,1.002748,1.065203,1.462929
3.406000,-0.000072,-0.002749,0.034797,-0.000031,-0.005645,-0.037326,-0.000000,-0.001015,1.570064,0.000000,1.000000,1.100000,0.000000,0.000000,-1.571000,0.000072,1.002749,1.065203,1.462930
3.408000,-0.000073,-0.002751,0.034797,-0.000031,-0.005645,-0.037326,-0.000000,-0.001015,1.570064,0.000000,1.000000,1.100000,0.000000,0.000000,-1.571000,0.000073,1.002751,1.065203,1.462931
3.410000,-0.000073,-0.002753,0.034797,-0.000031,-0.005645,-0.037326,-0.000000,-0.001015,1.570064,0.000000,1.000000,1.100000,0.000000,0.000000,-1.571000,0.000073,1.002753,1.065203,1.462932
3.412000,-0.000073,-0.002754,0.034797,-0.000031,-0.005645,-0.037326,-0.000000,-0.001015,1.570064,0.000000,1.000000,1.100000,0.000000,0.000000,-1.571000,0.000073,1.002754,1.065203,1.462933
3.414000,-0.000073,-0.002756,0.034797,-0.000031,-0.005645,-0.037326,-0.000000,-0.001015,1.570064,0.000000,1.000000,1.100000,0.000000,0.000000,-1.571000,0.000073,1.002756,1.065203,1.462934
3.416000,-0.000073,-0.002758,0.034797,-0.000031,-0.005645,-0.037326,-0.000000,-0.001015,1.570064,0.000000,1.000000,1.100000,0.000000,0.000000,-1.571000,0.000073,1.002758,1.065203,1.462936
3.418000,-0.000073,-0.002759,0.034797,-0.000031,-0.005645,-0.037326,-0.000000,-0.001015,1.570064,0.000000,1.000000,1.100000,0.000000,0.000000,-1.571000,0.000073,1.002759,1.065203,1.462937
3.420000,-0.000073,-0.002761,0.034797,-0.000031,-0.005645,-0.037326,-0.000000,-0.001015,1.570064,0.000000,1.000000,1.100000,0.000000,0.000000,-1.571000,0.000073,1.002761,1.065203,1.462938
3.422000,-0.000073,-0.002763,0.034797,-0.000031,-0.005645,-0.037326,-0.000000,-0.001015,1.570064,0.000000,1.000000,1.100000,0.000000,0.000000,-1.571000,0.000073,1.002763,1.065203,1.462939
3.424000,-0.000073,-0.002765,0.034797,-0.000031,-0.005645,-0.037326,-0.000000,-0.001015,1.570064,0.000000,1.000000,1.100000,0.000000,0.000000,-1.571000,0.000073,1.002765,1.065203,1.462940
3.426000,-0.000073,-0.002766,0.034797,-0.000031,-0.005645,-0.037326,-0.000000,-0.001015,1.570064,0.000000,1.000000,1.100000,0.000000,0.000000,-1.571000,0.000073,1.002766,1.065203,1.462941
3.428000,-0.000073,-0.002768,0.034797,-0.000031,-0.005645,-0.037326,-0.000000,-0.001015,1.570064,0.000000,1.000000,1.100000,0.000000,0.000000,-1.571000,0.000073,1.002768,1.065203,1.462942
3.430000,-0.000073,-0.002770,0.034797,-0.000031,-0.005645,-0.037326,-0.000000,-0.001015,1.570065,0.000000,1.000000,1.100000,0.000000,0.000000,-1.571000,0.000073,1.002770,1.065203,1.462944
3.432000,-0.000073,-0.002771,0.034797,-0.000031,-0.005645,-0.037326,-0.000000,-0.001015,1.570065,0.000000,1.000000,1.100000,0.000000,0.000000,-1.571000,0.000073,1.002771,1.065203,1.462945
3.434000,-0.000073,-0.002773,0.034797,-0.000031,-0.005645,-0.037326,-0.000000,-0.001015,1.570065,0.000000,1.000000,1.100000,0.000000,0.000000,-1.571000,0.000073,1.002773,1.065203,1.462946
3.436000,-0.000073,-0.002775,0.034797,-0.000031,-0.005645,-0.037326,-0.000000,-0.001015,1.570065,0.000000,1.000000,1.100000,0.000000,0.000000,-1.571000,0.000073,1.002775,1.065203,1.462947
3.438000,-0.000073,-0.002776,0.034797,-0.000031,-0.005645,-0.037326,-0.000000,-0.001015,1.570065,0.000000,1.000000,1.100000,0.000000,0.000000,-1.571000,0.000073,1.002776,1.065203,1.462948
3.440000,-0.000073,-0.002778,0.034797,-0.000031,-0.005645,-0.037326,-0.000000,-0.001015,1.570065,0.000000,1.000000,1.100000,0.000000,0.000000,-1.571000,0.000073,1.002778,1.065203,1.462949
3.442000,-0.000073,-0.002780,0.034797,-0.000031,-0.005645,-0.037326,-0.000000,-0.001015,1.570065,0.000000,1.000000,1.100000,0.000000,0.000000,-1.571000,0.000073,1.002780,1.065203,1.462950
3.444000,-0.000073,-0.002781,0.034797,-0.000031,-0.005645,-0.037326,-0.000000,-0.001015,1.570065,0.000000,1.000000,1.100000,0.000000,0.000000,-1.571000,0.000073,1.002781,1.065203,1.462952
3.446000,-0.000073,-0.002783,0.034797,-0.000031,-0.005645,-0.037326,-0.000000,-0.001015,1.570065,0.000000,1.000000,1.100000,0.000000,0.000000,-1.571000,0.000073,1.002783,1.065203,1.462953
3.448000,-0.000073,-0.002785,0.034797,-0.000031,-0.005645,-0.037326,-0.000000,-0.001015,1.570065,0.000000,1.000000,1.100000,0.000000,0.000000,-1.571000,0.000073,1.002785,1.065203,1.462954
3.450000,-0.000073,-0.002786,0.034797,-0.000031,-0.005645,-0.037326,-0.000000,-0.001015,1.570065,0.000000,1.000000,1.100000,0.000000,0.000000,-1.571000,0.000073,1.002786,1.065203,1.462955
3.452000,-0.000074,-0.002788,0.034797,-0.000031,-0.005645,-0.037326,-0.000000,-0.001015,1.570065,0.000000,1.000000,1.100000,0.000000,0.000000,-1.571000,0.000074,1.002788,1.065203,1.462956
3.454000,-0.000074,-0.002790,0.034797,-0.000031,-0.005645,-0.037326,-0.000000,-0.001015,1.570065,0.000000,1.000000,1.100000,0.000000,0.000000,-1.571000,0.000074,1.002790,1.065203,1.462957
3.456000,-0.000074,-0.002791,0.034797,-0.000031,-0.005645,-0.037326,-0.000000,-0.001015,1.570065,0.000000,1.000000,1.100000,0.000000,0.000000,-1.571000,0.000074,1.002791,1.065203,1.462959
3.458000,-0.000074,-0.002793,0.034797,-0.000031,-0.005645,-0.037326,-0.000000,-0.001015,1.570065,0.000000,1.000000,1.100000,0.000000,0.000000,-1.571000,0.000074,1.002793,1.065203,1.462960
3.460000,-0.000074,-0.002795,0.034797,-0.000031,-0.005645,-0.037326,-0.000000,-0.001015,1.570065,0.000000,1.000000,1.100000,0.000000,0.000000,-1.571000,0.000074,1.002795,1.065203,1.462961
3.462000,-0.000074,-0.002796,0.034797,-0.000031,-0.005645,-0.037326,-0.000000,-0.001015,1.570065,0.000000,1.000000,1.100000,0.000000,0.000000,-1.571000,0.000074,1.002796,1.065203,1.462962
3.464000,-0.000074,-0.002798,0.034797,-0.000031,-0.005645,-0.037326,-0.000000,-0.001015,1.570065,0.000000,1.000000,1.100000,0.000000,0.000000,-1.571000,0.000074,1.002798,1.065203,1.462963
3.466000,-0.000074,-0.002800,0.034797,-0.000031,-0.005645,-0.037326,-0.000000,-0.001015,1.570065,0.000000,1.000000,1.100000,0.000000,0.000000,-1.571000,0.000074,1.002800,1.065203,1.462964
3.468000,-0.000074,-0.002801,0.034797,-0.000031,-0.005645,-0.037326,-0.000000,-0.001015,1.570065,0.000000,1.000000,1.100000,0.000000,0.000000,-1.571000,0.000074,1.002801,1.065203,1.462965
3.470000,-0.000074,-0.002803,0.034797,-0.000031,-0.005645,-0.037326,-0.000000,-0.001015,1.570065,0.000000,1.000000,1.100000,0.000000,0.000000,-1.571000,0.000074,1.002803,1.065203,1.462967
3.472000,-0.000074,-0.002805,0.034797,-0.000031,-0.005645,-0.037326,-0.000000,-0.001015,1.570065,0.000000,1.000000,1.100000,0.000000,0.000000,-1.571000,0.000074,1.002805,1.065203,1.462968
3.474000,-0.000074,-0.002806,0.034797,-0.000031,-0.005645,-0.037326,-0.000000,-0.001015,1.570065,0.000000,1.000000,1.100000,0.000000,0.000000,-1.571000,0.000074,1.002806,1.065203,1.462969
3.476000,-0.000074,-0.002808,0.034797,-0.000031,-0.005645,-0.037326,-0.000000,-0.001015,1.570065,0.000000,1.000000,1.100000,0.000000,0.000000,-1.571000,0.000074,1.002808,1.065203,1.462970
3.478000,-0.000074,-0.002810,0.034797,-0.000031,-0.005645,-0.037326,-0.000000,-0.001015,1.570065,0.000000,1.000000,1.100000,0.000000,0.000000,-1.571000,0.000074,1.002810,1.065203,1.462971
3.480000,-0.000074,-0.002811,0.034797,-0.000031,-0.005645,-0.037326,-0.000000,-0.001015,1.570065,0.000000,1.000000,1.100000,0.000000,0.000000,-1.571000,0.000074,1.002811,1.065203,1.462972
3.482000,-0.000074,-0.002813,0.034797,-0.000031,-0.005645,-0.037326,-0.000000,-0.001015,1.570066,0.000000,1.000000,1.100000,0.000000,0.000000,-1.571000,0.000074,1.002813,1.065203,1.462973
3.484000,-0.000074,-0.002815,0.034797,-0.000031,-0.005645,-0.037326,-0.000000,-0.001015,1.570066,0.000000,1.000000,1.100000,0.000000,0.000000,-1.571000,0.000074,1.002815,1.065203,1.462975
3.486000,-0.000074,-0.002816,0.034797,-0.000031,-0.005645,-0.037326,-0.000000,-0.001015,1.570066,0.000000,1.000000,1.100000,0.000000,0.000000,-1.571000,0.000074,1.002816,1.065203,1.462976
3.488000,-0.000074,-0.002818,0.034797,-0.000031,-0.005645,-0.037326,-0.000000,-0.001015,1.570066,0.000000,1.000000,1.100000,0.000000,0.000000,-1.571000,0.000074,1.002818,1.065203,1.462977
3.490000,-0.000074,-0.002820,0.034797,-0.000031,-0.005645,-0.037326,-0.000000,-0.001015,1.570066,0.000000,1.000000,1.100000,0.000000,0.000000,-1.571000,0.000074,1.002820,1.065203,1.462978
3.492000,-0.000074,-0.002821,0.034797,-0.000031,-0.005645,-0.037326,-0.000000,-0.001015,1.570066,0.000000,1.000000,1.100000,0.000000,0.000000,-1.571000,0.000074,1.002821,1.065203,1.462979
3.494000,-0.000074,-0.002823,0.034797,-0.000031,-0.005645,-0.037326,-0.000000,-0.001015,1.570066,0.000000,1.000000,1.100000,0.000000,0.000000,-1.571000,0.000074,1.002823,1.065203,1.462980
3.496000,-0.000074,-0.002825,0.034797,-0.000031,-0.005645,-0.037326,-0.000000,-0.001015,1.570066,0.000000,1.000000,1.100000,0.000000,0.000000,-1.571000,0.000074,1.002825,1.065203,1.462981
3.498000,-0.000075,-0.002826,0.034797,-0.000031,-0.005645,-0.037326,-0.000000,-0.001015,1.570066,0.000000,1.000000,1.100000,0.000000,0.000000,-1.571000,0.000075,1.002826,1.065203,1.462983
3.500000,-0.000075,-0.002828,0.034797,-0.000031,-0.005645,-0.037326,-0.000000,-0.001015,1.570066,0.000000,1.000000,1.100000,0.000000,0.000000,-1.571000,0.000075,1.002828,1.065203,1.462984
3.502000,-0.000075,-0.002830,0.034797,-0.000031,-0.005645,-0.037326,-0.000000,-0.001015,1.570066,0.000000,1.000000,1.100000,0.000000,0.000000,-1.571000,0.000075,1.002830,1.065203,1.462985
3.504000,-0.000075,-0.002832,0.034797,-0.000031,-0.005645,-0.037326,-0.000000,-0.001015,1.570066,0.000000,1.000000,1.100000,0.000000,0.000000,-1.571000,0.000075,1.002832,1.065203,1.462986
3.506000,-0.000075,-0.002833,0.034797,-0.000031,-0.005645,-0.037326,-0.000000,-0.001015,1.570066,0.000000,1.000000,1.100000,0.000000,0.000000,-1.571000,0.000075,1.002833,1.065203,1.462987
3.508000,-0.000075,-0.002835,0.034797,-0.000031,-0.005645,-0.037326,-0.000000,-0.001015,1.570066,0.000000,1.000000,1.100000,0.000000,0.000000,-1.571000,0.000075,1.002835,1.065203,1.462988
3.510000,-0.000075,-0.002837,0.034797,-0.000031,-0.005645,-0.037326,-0.000000,-0.001015,1.570066,0.000000,1.000000,1.100000,0.000000,0.000000,-1.571000,0.000075,1.002837,1.065203,1.462990
3.512000,-0.000075,-0.002838,0.034797,-0.000031,-0.005645,-0.037326,-0.000000,-0.001015,1.570066,0.000000,1.000000,1.100000,0.000000,0.000000,-1.571000,0.000075,1.002838,1.065203,1.462991
3.514000,-0.000075,-0.002840,0.034797,-0.000031,-0.005645,-0.037326,-0.000000,-0.001015,1.570066,0.000000,1.000000,1.100000,0.000000,0.000000,-1.571000,0.000075,1.002840,1.065203,1.462992
3.516000,-0.000075,-0.002842,0.034797,-0.000031,-0.005645,-0.037326,-0.000000,-0.001015,1.570066,0.000000,1.000000,1.100000,0.000000,0.000000,-1.571000,0.000075,1.002842,1.065203,1.462993
3.518000,-0.000075,-0.002843,0.034797,-0.000031,-0.005645,-0.037326,-0.000000,-0.001015,1.570066,0.000000,1.000000,1.100000,0.000000,0.000000,-1.571000,0.000075,1.002843,1.065203,1.462994
3.520000,-0.000075,-0.002845,0.034797,-0.000031,-0.005645,-0.037326,-0.000000,-0.001015,1.570066,0.000000,1.000000,1.100000,0.000000,0.000000,-1.571000,0.000075,1.002845,1.065203,1.462995
3.522000,-0.000075,-0.002847,0.034797,-0.000031,-0.005645,-0.037326,-0.000000,-0.001015,1.570066,0.000000,1.000000,1.100000,0.000000,0.000000,-1.571000,0.000075,1.002847,1.065203,1.462996
3.524000,-0.000075,-0.002848,0.034797,-0.000031,-0.005645,-0.037326,-0.000000,-0.001015,1.570066,0.000000,1.000000,1.100000,0.000000,0.000000,-1.571000,0.000075,1.002848,1.065203,1.462998
3.526000,-0.000075,-0.002850,0.034797,-0.000031,-0.005645,-0.037326,-0.000000,-0.001015,1.570066,0.000000,1.000000,1.100000,0.000000,0.000000,-1.571000,0.000075,1.002850,1.065203,1.462999
3.528000,-0.000075,-0.002852,0.034797,-0.000031,-0.005645,-0.037326,-0.000000,-0.001015,1.570066,0.000000,1.000000,1.100000,0.000000,0.000000,-1.571000,0.000075,1.002852,1.065203,1.463000
3.530000,-0.000075,-0.002853,0.034797,-0.000031,-0.005645,-0.037326,-0.000000,-0.001015,1.570066,0.000000,1.000000,1.100000,0.000000,0.000000,-1.571000,0.000075,1.002853,1.065203,1.463001
3.532000,-0.000075,-0.002855,0.034797,-0.000031,-0.005645,-0.037326,-0.000000,-0.001015,1.570067,0.000000,1.000000,1.100000,0.000000,0.000000,-1.571000,0.000075,1.002855,1.065203,1.463002
3.534000,-0.000075,-0.002857,0.034797,-0.000031,-0.005645,-0.037326,-0.000000,-0.001015,1.570067,0.000000,1.000000,1.100000,0.000000,0.000000,-1.571000,0.000075,1.002857,1.065203,1.463003
3.536000,-0.000075,-0.002858,0.034797,-0.000031,-0.005645,-0.037326,-0.000000,-0.001015,1.570067,0.000000,1.000000,1.100000,0.000000,0.000000,-1.571000,0.000075,1.002858,1.065203,1.463004
3.538000,-0.000075,-0.002860,0.034797,-0.000031,-0.005645,-0.037326,-0.000000,-0.001015,1.570067,0.000000,1.000000,1.100000,0.000000,0.000000,-1.571000,0.000075,1.002860,1.065203,1.463006
3.540000,-0.000075,-0.002862,0.034797,-0.000031,-0.005645,-0.037326,-0.000000,-0.001015,1.570067,0.000000,1.000000,1.100000,0.000000,0.000000,-1.571000,0.000075,1.002862,1.065203,1.463007
3.542000,-0.000076,-0.002863,0.034797,-0.000031,-0.005645,-0.037326,-0.000000,-0.001015,1.570067,0.000000,1.000000,1.100000,0.000000,0.000000,-1.571000,0.000076,1.002863,1.065203,1.463008
3.544000,-0.000076,-0.002865,0.034797,-0.000031,-0.005645,-0.037326,-0.000000,-0.001015,1.570067,0.000000,1.000000,1.100000,0.000000,0.000000,-1.571000,0.000076,1.002865,1.065203,1.463009
3.546000,-0.000076,-0.002867,0.034797,-0.000031,-0.005645,-0.037326,-0.000000,-0.001015,1.570067,0.000000,1.000000,1.100000,0.000000,0.000000,-1.571000,0.000076,1.002867,1.065203,1.463010
3.548000,-0.000076,-0.002868,0.034797,-0.000031,-0.005645,-0.037326,-0.000000,-0.001015,1.570067,0.000000,1.000000,1.100000,0.000000,0.000000,-1.571000,0.000076,1.002868,1.065203,1.463011
3.550000,-0.000076,-0.002870,0.034797,-0.000031,-0.005645,-0.037326,-0.000000,-0.001015,1.570067,0.000000,1.000000,1.100000,0.000000,0.000000,-1.571000,0.000076,1.002870,1.065203,1.463012
3.552000,-0.000076,-0.002872,0.034797,-0.000031,-0.005645,-0.037326,-0.000000,-0.001015,1.570067,0.000000,1.000000,1.100000,0.000000,0.000000,-1.571000,0.000076,1.002872,1.065203,1.463014
3.554000,-0.000076,-0.002873,0.034797,-0.000031,-0.005645,-0.037326,-0.000000,-0.001015,1.570067,0.000000,1.000000,1.100000,0.000000,0.000000,-1.571000,0.000076,1.002873,1.065203,1.463015
3.556000,-0.000076,-0.002875,0.034797,-0.000031,-0.005645,-0.037326,-0.000000,-0.001015,1.570067,0.000000,1.000000,1.100000,0.000000,0.000000,-1.571000,0.000076,1.002875,1.065203,1.463016
3.558000,-0.000076,-0.002877,0.034797,-0.000031,-0.005645,-0.037326,-0.000000,-0.001015,1.570067,0.000000,1.000000,1.100000,0.000000,0.000000,-1.571000,0.000076,1.002877,1.065203,1.463017
3.560000,-0.000076,-0.002878,0.034797,-0.000031,-0.005645,-0.037326,-0.000000,-0.001015,1.570067,0.000000,1.000000,1.100000,0.000000,0.000000,-1.571000,0.000076,1.002878,1.065203,1.463018
3.562000,-0.000076,-0.002880,0.034797,-0.000031,-0.005645,-0.037326,-0.000000,-0.001015,1.570067,0.000000,1.000000,1.100000,0.000000,0.000000,-1.571000,0.000076,1.002880,1.065203,1.463019
3.564000,-0.000076,-0.002882,0.034797,-0.000031,-0.005645,-0.037326,-0.000000,-0.001015,1.570067,0.000000,1.000000,1.100000,0.000000,0.000000,-1.571000,0.000076,1.002882,1.065203,1.463021
3.566000,-0.000076,-0.002883,0.034797,-0.000031,-0.005645,-0.037326,-0.000000,-0.001015,1.570067,0.000000,1.000000,1.100000,0.000000,0.000000,-1.571000,0.000076,1.002883,1.065203,1.463022
3.568000,-0.000076,-0.002885,0.034797,-0.000031,-0.005645,-0.037326,-0.000000,-0.001015,1.570067,0.000000,1.000000,1.100000,0.000000,0.000000,-1.571000,0.000076,1.002885,1.065203,1.463023
3.570000,-0.000076,-0.002887,0.034797,-0.000031,-0.005645,-0.037326,-0.000000,-0.001015,1.570067,0.000000,1.000000,1.100000,0.000000,0.000000,-1.571000,0.000076,1.002887,1.065203,1.463024
3.572000,-0.000076,-0.002888,0.034797,-0.000031,-0.005645,-0.037326,-0.000000,-0.001015,1.570067,0.000000,1.000000,1.100000,0.000000,0.000000,-1.571000,0.000076,1.002888,1.065203,1.463025
3.574000,-0.000076,-0.002890,0.034797,-0.000031,-0.005645,-0.037326,-0.000000,-0.001015,1.570067,0.000000,1.000000,1.100000,0.000000,0.000000,-1.571000,0.000076,1.002890,1.065203,1.463026
3.576000,-0.000076,-0.002892,0.034797,-0.000031,-0.005645,-0.037326,-0.000000,-0.001015,1.570067,0.000000,1.000000,1.100000,0.000000,0.000000,-1.571000,0.000076,1.002892,1.065203,1.463027
3.578000,-0.000076,-0.002893,0.034797,-0.000031,-0.005645,-0.037326,-0.000000,-0.001015,1.570067,0.000000,1.000000,1.100000,0.000000,0.000000,-1.571000,0.000076,1.002893,1.065203,1.463029
3.580000,-0.000076,-0.002895,0.034797,-0.000031,-0.005645,-0.037326,-0.000000,-0.001015,1.570067,0.000000,1.000000,1.100000,0.000000,0.000000,-1.571000,0.000076,1.002895,1.065203,1.463030
3.582000,-0.000076,-0.002897,0.034797,-0.000031,-0.005645,-0.037326,-0.000000,-0.001015,1.570068,0.000000,1.000000,1.100000,0.000000,0.000000,-1.571000,0.000076,1.002897,1.065203,1.463031
3.584000,-0.000076,-0.002898,0.034797,-0.000031,-0.005645,-0.037326,-0.000000,-0.001015,1.570068,0.000000,1.000000,1.100000,0.000000,0.000000,-1.571000,0.000076,1.002898,1.065203,1.463032
3.586000,-0.000077,-0.002900,0.034797,-0.000031,-0.005645,-0.037326,-0.000000,-0.001015,1.570068,0.000000,1.000000,1.100000,0.000000,0.000000,-1.571000,0.000077,1.002900,1.065203,1.463033
3.588000,-0.000077,-0.002902,0.034797,-0.000031,-0.005645,-0.037326,-0.000000,-0.001015,1.570068,0.000000,1.000000,1.100000,0.000000,0.000000,-1.571000,0.000077,1.002902,1.065203,1.463034
3.590000,-0.000077,-0.002904,0.034797,-0.000031,-0.005645,-0.037326,-0.000000,-0.001015,1.570068,0.000000,1.000000,1.100000,0.000000,0.000000,-1.571000,0.000077,1.002904,1.065203,1.463035
3.592000,-0.000077,-0.002905,0.034797,-0.000031,-0.005645,-0.037326,-0.000000,-0.001015,1.570068,0.000000,1.000000,1.100000,0.000000,0.000000,-1.571000,0.000077,1.002905,1.065203,1.463037
3.594000,-0.000077,-0.002907,0.034797,-0.000031,-0.005645,-0.037326,-0.000000,-0.001015,1.570068,0.000000,1.000000,1.100000,0.000000,0.000000,-1.571000,0.000077,1.002907,1.065203,1.463038
3.596000,-0.000077,-0.002909,0.034797,-0.000031,-0.005645,-0.037326,-0.000000,-0.001015,1.570068,0.000000,1.000000,1.100000,0.000000,0.000000,-1.571000,0.000077,1.002909,1.065203,1.463039
3.598000,-0.000077,-0.002910,0.034797,-0.000031,-0.005645,-0.037326,-0.000000,-0.001015,1.570068,0.000000,1.000000,1.100000,0.000000,0.000000,-1.571000,0.000077,1.002910,1.065203,1.463040
3.600000,-0.000077,-0.002912,0.034797,-0.000031,-0.005645,-0.037326,-0.000000,-0.001015,1.570068,0.000000,1.000000,1.100000,0.000000,0.000000,-1.571000,0.000077,1.002912,1.065203,1.463041
3.602000,-0.000077,-0.002914,0.034797,-0.000031,-0.005645,-0.037326,-0.000000,-0.001015,1.570068,0.000000,1.000000,1.100000,0.000000,0.000000,-1.571000,0.000077,1.002914,1.065203,1.463042
3.604000,-0.000077,-0.002915,0.034797,-0.000031,-0.005645,-0.037326,-0.000000,-0.001015,1.570068,0.000000,1.000000,1.100000,0.000000,0.000000,-1.571000,0.000077,1.002915,1.065203,1.463043
3.606000,-0.000077,-0.002917,0.034797,-0.000031,-0.005645,-0.037326,-0.000000,-0.001015,1.570068,0.000000,1.000000,1.100000,0.000000,0.000000,-1.571000,0.000077,1.002917,1.065203,1.463045
3.608000,-0.000077,-0.002919,0.034797,-0.000031,-0.005645,-0.037326,-0.000000,-0.001015,1.570068,0.000000,1.000000,1.100000,0.000000,0.000000,-1.571000,0.000077,1.002919,1.065203,1.463046
3.610000,-0.000077,-0.002920,0.034797,-0.000031,-0.005645,-0.037326,-0.000000,-0.001015,1.570068,0.000000,1.000000,1.100000,0.000000,0.000000,-1.571000,0.000077,1.002920,1.065203,1.463047
3.612000,-0.000077,-0.002922,0.034797,-0.000031,-0.005645,-0.037326,-0.000000,-0.001015,1.570068,0.000000,1.000000,1.100000,0.000000,0.000000,-1.571000,0.000077,1.002922,1.065203,1.463048
3.614000,-0.000077,-0.002924,0.034797,-0.000031,-0.005645,-0.037326,-0.000000,-0.001015,1.570068,0.000000,1.000000,1.100000,0.000000,0.000000,-1.571000,0.000077,1.002924,1.065203,1.463049
3.616000,-0.000077,-0.002925,0.034797,-0.000031,-0.005645,-0.037326,-0.000000,-0.001015,1.570068,0.000000,1.000000,1.100000,0.000000,0.000000,-1.571000,0.000077,1.002925,1.065203,1.463050
3.618000,-0.000077,-0.002927,0.034797,-0.000031,-0.005645,-0.037326,-0.000000,-0.001015,1.570068,0.000000,1.000000,1.100000,0.000000,0.000000,-1.571000,0.000077,1.002927,1.065203,1.463052
3.620000,-0.000077,-0.002929,0.034797,-0.000031,-0.005645,-0.037326,-0.000000,-0.001015,1.570068,0.000000,1.000000,1.100000,0.000000,0.000000,-1.571000,0.000077,1.002929,1.065203,1.463053
3.622000,-0.000077,-0.002930,0.034797,-0.000031,-0.005645,-0.037326,-0.000000,-0.001015,1.570068,0.000000,1.000000,1.100000,0.000000,0.000000,-1.571000,0.000077,1.002930,1.065203,1.463054
3.624000,-0.000077,-0.002932,0.034797,-0.000031,-0.005645,-0.037326,-0.000000,-0.001015,1.570068,0.000000,1.000000,1.100000,0.000000,0.000000,-1.571000,0.000077,1.002932,1.065203,1.463055
3.626000,-0.000077,-0.002934,0.034797,-0.000031,-0.005645,-0.037326,-0.000000,-0.001015,1.570068,0.000000,1.000000,1.100000,0.000000,0.000000,-1.571000,0.000077,1.002934,1.065203,1.463056
3.628000,-0.000077,-0.002935,0.034797,-0.000031,-0.005645,-0.037326,-0.000000,-0.001015,1.570068,0.000000,1.000000,1.100000,0.000000,0.000000,-1.571000,0.000077,1.002935,1.065203,1.463057
3.630000,-0.000078,-0.002937,0.034797,-0.000031,-0.005645,-0.037326,-0.000000,-0.001015,1.570068,0.000000,1.000000,1.100000,0.000000,0.000000,-1.571000,0.000078,1.002937,1.065203,1.463058
3.632000,-0.000078,-0.002939,0.034797,-0.000031,-0.005645,-0.037326,-0.000000,-0.001015,1.570068,0.000000,1.000000,1.100000,0.000000,0.000000,-1.571000,0.000078,1.002939,1.065203,1.463060
3.634000,-0.000078,-0.002940,0.034797,-0.000031,-0.005645,-0.037326,-0.000000,-0.001015,1.570069,0.000000,1.000000,1.100000,0.000000,0.000000,-1.571000,0.000078,1.002940,1.065203,1.463061
3.636000,-0.000078,-0.002942,0.034797,-0.000031,-0.005645,-0.037326,-0.000000,-0.001015,1.570069,0.000000,1.000000,1.100000,0.000000,0.000000,-1.571000,0.000078,1.002942,1.065203,1.463062
3.638000,-0.000078,-0.002944,0.034797,-0.000031,-0.005645,-0.037326,-0.000000,-0.001015,1.570069,0.000000,1.000000,1.100000,0.000000,0.000000,-1.571000,0.000078,1.002944,1.065203,1.463063
3.640000,-0.000078,-0.002945,0.034797,-0.000031,-0.005645,-0.037326,-0.000000,-0.001015,1.570069,0.000000,1.000000,1.100000,0.000000,0.000000,-1.571000,0.000078,1.002945,1.065203,1.463064
3.642000,-0.000078,-0.002947,0.034797,-0.000031,-0.005645,-0.037326,-0.000000,-0.001015,1.570069,0.000000,1.000000,1.100000,0.000000,0.000000,-1.571000,0.000078,1.002947,1.065203,1.463065
3.644000,-0.000078,-0.002949,0.034797,-0.000031,-0.005645,-0.037326,-0.000000,-0.001015,1.570069,0.000000,1.000000,1.100000,0.000000,0.000000,-1.571000,0.000078,1.002949,1.065203,1.463066
3.646000,-0.000078,-0.002950,0.034797,-0.000031,-0.005645,-0.037326,-0.000000,-0.001015,1.570069,0.000000,1.000000,1.100000,0.000000,0.000000,-1.571000,0.000078,1.002950,1.065203,1.463068
3.648000,-0.000078,-0.002952,0.034797,-0.000031,-0.005645,-0.037326,-0.000000,-0.001015,1.570069,0.000000,1.000000,1.100000,0.000000,0.000000,-1.571000,0.000078,1.002952,1.065203,1.463069
3.650000,-0.000078,-0.002954,0.034797,-0.000031,-0.005645,-0.037326,-0.000000,-0.001015,1.570069,0.000000,1.000000,1.100000,0.000000,0.000000,-1.571000,0.000078,1.002954,1.065203,1.463070
3.652000,-0.000078,-0.002955,0.034797,-0.000031,-0.005645,-0.037326,-0.000000,-0.001015,1.570069,0.000000,1.000000,1.100000,0.000000,0.000000,-1.571000,0.000078,1.002955,1.065203,1.463071
3.654000,-0.000078,-0.002957,0.034797,-0.000031,-0.005645,-0.037326,-0.000000,-0.001015,1.570069,0.000000,1.000000,1.100000,0.000000,0.000000,-1.571000,0.000078,1.002957,1.065203,1.463072
3.656000,-0.000078,-0.002959,0.034797,-0.000031,-0.005645,-0.037326,-0.000000,-0.001015,1.570069,0.000000,1.000000,1.100000,0.000000,0.000000,-1.571000,0.000078,1.002959,1.065203,1.463073
3.658000,-0.000078,-0.002960,0.034797,-0.000031,-0.005645,-0.037326,-0.000000,-0.001015,1.570069,0.000000,1.000000,1.100000,0.000000,0.000000,-1.571000,0.000078,1.002960,1.065203,1.463074
3.660000,-0.000078,-0.002962,0.034797,-0.000031,-0.005645,-0.037326,-0.000000,-0.001015,1.570069,0.000000,1.000000,1.100000,0.000000,0.000000,-1.571000,0.000078,1.002962,1.065203,1.463076
3.662000,-0.000078,-0.002964,0.034797,-0.000031,-0.005645,-0.037326,-0.000000,-0.001015,1.570069,0.000000,1.000000,1.100000,0.000000,0.000000,-1.571000,0.000078,1.002964,1.065203,1.463077
3.664000,-0.000078,-0.002965,0.034797,-0.000031,-0.005645,-0.037326,-0.000000,-0.001015,1.570069,0.000000,1.000000,1.100000,0.000000,0.000000,-1.571000,0.000078,1.002965,1.065203,1.463078
3.666000,-0.000078,-0.002967,0.034797,-0.000031,-0.005645,-0.037326,-0.000000,-0.001015,1.570069,0.000000,1.000000,1.100000,0.000000,0.000000,-1.571000,0.000078,1.002967,1.065203,1.463079
3.668000,-0.000078,-0.002969,0.034797,-0.000031,-0.005645,-0.037326,-0.000000,-0.001015,1.570069,0.000000,1.000000,1.100000,0.000000,0.000000,-1.571000,0.000078,1.002969,1.065203,1.463080
3.670000,-0.000078,-0.002971,0.034797,-0.000031,-0.005645,-0.037326,-0.000000,-0.001015,1.570069,0.000000,1.000000,1.100000,0.000000,0.000000,-1.571000,0.000078,1.002971,1.065203,1.463081
3.672000,-0.000078,-0.002972,0.034797,-0.000031,-0.005645,-0.037326,-0.000000,-0.001015,1.570069,0.000000,1.000000,1.100000,0.000000,0.000000,-1.571000,0.000078,1.002972,1.065203,1.463083
3.674000,-0.000078,-0.002974,0.034797,-0.000031,-0.005645,-0.037326,-0.000000,-0.001015,1.570069,0.000000,1.000000,1.100000,0.000000,0.000000,-1.571000,0.000078,1.002974,1.065203,1.463084
3.676000,-0.000079,-0.002976,0.034797,-0.000031,-0.005645,-0.037326,-0.000000,-0.001015,1.570069,0.000000,1.000000,1.100000,0.000000,0.000000,-1.571000,0.000079,1.002976,1.065203,1.463085
3.678000,-0.000079,-0.002977,0.034797,-0.000031,-0.005645,-0.037326,-0.000000,-0.001015,1.570069,0.000000,1.000000,1.100000,0.000000,0.000000,-1.571000,0.000079,1.002977,1.065203,1.463086
3.680000,-0.000079,-0.002979,0.034797,-0.000031,-0.005645,-0.037326,-0.000000,-0.001015,1.570069,0.000000,1.000000,1.100000,0.000000,0.000000,-1.571000,0.000079,1.002979,1.065203,1.463087
3.682000,-0.000079,-0.002981,0.034797,-0.000031,-0.005645,-0.037326,-0.000000,-0.001015,1.570069,0.000000,1.000000,1.100000,0.000000,0.000000,-1.571000,0.000079,1.002981,1.065203,1.463088
3.684000,-0.000079,-0.002982,0.034797,-0.000031,-0.005645,-0.037326,-0.000000,-0.001015,1.570070,0.000000,1.000000,1.100000,0.000000,0.000000,-1.571000,0.000079,1.002982,1.065203,1.463089
3.686000,-0.000079,-0.002984,0.034797,-0.000031,-0.005645,-0.037326,-0.000000,-0.001015,1.570070,0.000000,1.000000,1.100000,0.000000,0.000000,-1.571000,0.000079,1.002984,1.065203,1.463091
3.688000,-0.000079,-0.002986,0.034797,-0.000031,-0.005645,-0.037326,-0.000000,-0.001015,1.570070,0.000000,1.000000,1.100000,0.000000,0.000000,-1.571000,0.000079,1.002986,1.065203,1.463092
3.690000,-0.000079,-0.002987,0.034797,-0.000031,-0.005645,-0.037326,-0.000000,-0.001015,1.570070,0.000000,1.000000,1.100000,0.000000,0.000000,-1.571000,0.000079,1.002987,1.065203,1.463093
3.692000,-0.000079,-0.002989,0.034797,-0.000031,-0.005645,-0.037326,-0.000000,-0.001015,1.570070,0.000000,1.000000,1.100000,0.000000,0.000000,-1.571000,0.000079,1.002989,1.065203,1.463094
3.694000,-0.000079,-0.002991,0.034797,-0.000031,-0.005645,-0.037326,-0.000000,-0.001015,1.570070,0.000000,1.000000,1.100000,0.000000,0.000000,-1.571000,0.000079,1.002991,1.065203,1.463095
3.696000,-0.000079,-0.002992,0.034797,-0.000031,-0.005645,-0.037326,-0.000000,-0.001015,1.570070,0.000000,1.000000,1.100000,0.000000,0.000000,-1.571000,0.000079,1.002992,1.065203,1.463096
3.698000,-0.000079,-0.002994,0.034797,-0.000031,-0.005645,-0.037326,-0.000000,-0.001015,1.570070,0.000000,1.000000,1.100000,0.000000,0.000000,-1.571000,0.000079,1.002994,1.065203,1.463097
3.700000,-0.000079,-0.002996,0.034797,-0.000031,-0.005645,-0.037326,-0.000000,-0.001015,1.570070,0.000000,1.000000,1.100000,0.000000,0.000000,-1.571000,0.000079,1.002996,1.065203,1.463099
3.702000,-0.000079,-0.002997,0.034797,-0.000031,-0.005645,-0.037326,-0.000000,-0.001015,1.570070,0.000000,1.000000,1.100000,0.000000,0.000000,-1.571000,0.000079,1.002997,1.065203,1.463100
3.704000,-0.000079,-0.002999,0.034797,-0.000031,-0.005645,-0.037326,-0.000000,-0.001015,1.570070,0.000000,1.000000,1.100000,0.000000,0.000000,-1.571000,0.000079,1.002999,1.065203,1.463101
3.706000,-0.000079,-0.003001,0.034797,-0.000031,-0.005645,-0.037326,-0.000000,-0.001015,1.570070,0.000000,1.000000,1.100000,0.000000,0.000000,-1.571000,0.000079,1.003001,1.065203,1.463102
3.708000,-0.000079,-0.003002,0.034797,-0.000031,-0.005645,-0.037326,-0.000000,-0.001015,1.570070,0.000000,1.000000,1.100000,0.000000,0.000000,-1.571000,0.000079,1.003002,1.065203,1.463103
3.710000,-0.000079,-0.003004,0.034797,-0.000031,-0.005645,-0.037326,-0.000000,-0.001015,1.570070,0.000000,1.000000,1.100000,0.000000,0.000000,-1.571000,0.000079,1.003004,1.065203,1.463104
3.712000,-0.000079,-0.003006,0.034797,-0.000031,-0.005645,-0.037326,-0.000000,-0.001015,1.570070,0.000000,1.000000,1.100000,0.000000,0.000000,-1.571000,0.000079,1.003006,1.065203,1.463105
3.714000,-0.000079,-0.003007,0.034797,-0.000031,-0.005645,-0.037326,-0.000000,-0.001015,1.570070,0.000000,1.000000,1.100000,0.000000,0.000000,-1.571000,0.000079,1.003007,1.065203,1.463107
3.716000,-0.000079,-0.003009,0.034797,-0.000031,-0.005645,-0.037326,-0.000000,-0.001015,1.570070,0.000000,1.000000,1.100000,0.000000,0.000000,-1.571000,0.000079,1.003009,1.065203,1.463108
3.718000,-0.000079,-0.003011,0.034797,-0.000031,-0.005645,-0.037326,-0.000000,-0.001015,1.570070,0.000000,1.000000,1.100000,0.000000,0.000000,-1.571000,0.000079,1.003011,1.065203,1.463109
3.720000,-0.000080,-0.003012,0.034797,-0.000031,-0.005645,-0.037326,-0.000000,-0.001015,1.570070,0.000000,1.000000,1.100000,0.000000,0.000000,-1.571000,0.000080,1.003012,1.065203,1.463110
3.722000,-0.000080,-0.003014,0.034797,-0.000031,-0.005645,-0.037326,-0.000000,-0.001015,1.570070,0.000000,1.000000,1.100000,0.000000,0.000000,-1.571000,0.000080,1.003014,1.065203,1.463111
3.724000,-0.000080,-0.003016,0.034797,-0.000031,-0.005645,-0.037326,-0.000000,-0.001015,1.570070,0.000000,1.000000,1.100000,0.000000,0.000000,-1.571000,0.000080,1.003016,1.065203,1.463112
3.726000,-0.000080,-0.003017,0.034797,-0.000031,-0.005645,-0.037326,-0.000000,-0.001015,1.570070,0.000000,1.000000,1.100000,0.000000,0.000000,-1.571000,0.000080,1.003017,1.065203,1.463113
3.728000,-0.000080,-0.003019,0.034797,-0.000031,-0.005645,-0.037326,-0.000000,-0.001015,1.570070,0.000000,1.000000,1.100000,0.000000,0.000000,-1.571000,0.000080,1.003019,1.065203,1.463115
3.730000,-0.000080,-0.003021,0.034797,-0.000031,-0.005645,-0.037326,-0.000000,-0.001015,1.570070,0.000000,1.000000,1.100000,0.000000,0.000000,-1.571000,0.000080,1.003021,1.065203,1.463116
3.732000,-0.000080,-0.003022,0.034797,-0.000031,-0.005645,-0.037326,-0.000000,-0.001015,1.570070,0.000000,1.000000,1.100000,0.000000,0.000000,-1.571000,0.000080,1.003022,1.065203,1.463117
3.734000,-0.000080,-0.003024,0.034797,-0.000031,-0.005645,-0.037326,-0.000000,-0.001015,1.570071,0.000000,1.000000,1.100000,0.000000,0.000000,-1.571000,0.000080,1.003024,1.065203,1.463118
3.736000,-0.000080,-0.003026,0.034797,-0.000031,-0.005645,-0.037326,-0.000000,-0.001015,1.570071,0.000000,1.000000,1.100000,0.000000,0.000000,-1.571000,0.000080,1.003026,1.065203,1.463119
3.738000,-0.000080,-0.003027,0.034797,-0.000031,-0.005645,-0.037326,-0.000000,-0.001015,1.570071,0.000000,1.000000,1.100000,0.000000,0.000000,-1.571000,0.000080,1.003027,1.065203,1.463120
3.740000,-0.000080,-0.003029,0.034797,-0.000031,-0.005645,-0.037326,-0.000000,-0.001015,1.570071,0.000000,1.000000,1.100000,0.000000,0.000000,-1.571000,0.000080,1.003029,1.065203,1.463122
3.742000,-0.000080,-0.003031,0.034797,-0.000031,-0.005645,-0.037326,-0.000000,-0.001015,1.570071,0.000000,1.000000,1.100000,0.000000,0.000000,-1.571000,0.000080,1.003031,1.065203,1.463123
3.744000,-0.000080,-0.003032,0.034797,-0.000031,-0.005645,-0.037326,-0.000000,-0.001015,1.570071,0.000000,1.000000,1.100000,0.000000,0.000000,-1.571000,0.000080,1.003032,1.065203,1.463124
3.746000,-0.000080,-0.003034,0.034797,-0.000031,-0.005645,-0.037326,-0.000000,-0.001015,1.570071,0.000000,1.000000,1.100000,0.000000,0.000000,-1.571000,0.000080,1.003034,1.065203,1.463125
3.748000,-0.000080,-0.003036,0.034797,-0.000031,-0.005645,-0.037326,-0.000000,-0.001015,1.570071,0.000000,1.000000,1.100000,0.000000,0.000000,-1.571000,0.000080,1.003036,1.065203,1.463126
3.750000,-0.000080,-0.003037,0.034797,-0.000031,-0.005645,-0.037326,-0.000000,-0.001015,1.570071,0.000000,1.000000,1.100000,0.000000,0.000000,-1.571000,0.000080,1.003037,1.065203,1.463127
3.752000,-0.000080,-0.003039,0.034797,-0.000031,-0.005645,-0.037326,-0.000000,-0.001015,1.570071,0.000000,1.000000,1.100000,0.000000,0.000000,-1.571000,0.000080,1.003039,1.065203,1.463128
3.754000,-0.000080,-0.003041,0.034797,-0.000031,-0.005645,-0.037326,-0.000000,-0.001015,1.570071,0.000000,1.000000,1.100000,0.000000,0.000000,-1.571000,0.000080,1.003041,1.065203,1.463130
3.756000,-0.000080,-0.003043,0.034797,-0.000031,-0.005645,-0.037326,-0.000000,-0.001015,1.570071,0.000000,1.000000,1.100000,0.000000,0.000000,-1.571000,0.000080,1.003043,1.065203,1.463131
3.758000,-0.000080,-0.003044,0.034797,-0.000031,-0.005645,-0.037326,-0.000000,-0.001015,1.570071,0.000000,1.000000,1.100000,0.000000,0.000000,-1.571000,0.000080,1.003044,1.065203,1.463132
3.760000,-0.000080,-0.003046,0.034797,-0.000031,-0.005645,-0.037326,-0.000000,-0.001015,1.570071,0.000000,1.000000,1.100000,0.000000,0.000000,-1.571000,0.000080,1.003046,1.065203,1.463133
3.762000,-0.000080,-0.003048,0.034797,-0.000031,-0.005645,-0.037326,-0.000000,-0.001015,1.570071,0.000000,1.000000,1.100000,0.000000,0.000000,-1.571000,0.000080,1.003048,1.065203,1.463134
3.764000,-0.000081,-0.003049,0.034797,-0.000031,-0.005645,-0.037326,-0.000000,-0.001015,1.570071,0.000000,1.000000,1.100000,0.000000,0.000000,-1.571000,0.000081,1.003049,1.065203,1.463135
3.766000,-0.000081,-0.003051,0.034797,-0.000031,-0.005645,-0.037326,-0.000000,-0.001015,1.570071,0.000000,1.000000,1.100000,0.000000,0.000000,-1.571000,0.000081,1.003051,1.065203,1.463136
3.768000,-0.000081,-0.003053,0.034797,-0.000031,-0.005645,-0.037326,-0.000000,-0.001015,1.570071,0.000000,1.000000,1.100000,0.000000,0.000000,-1.571000,0.000081,1.003053,1.065203,1.463138
3.770000,-0.000081,-0.003054,0.034797,-0.000031,-0.005645,-0.037326,-0.000000,-0.001015,1.570071,0.000000,1.000000,1.100000,0.000000,0.000000,-1.571000,0.000081,1.003054,1.065203,1.463139
3.772000,-0.000081,-0.003056,0.034797,-0.000031,-0.005645,-0.037326,-0.000000,-0.001015,1.570071,0.000000,1.000000,1.100000,0.000000,0.000000,-1.571000,0.000081,1.003056,1.065203,1.463140
3.774000,-0.000081,-0.003058,0.034797,-0.000031,-0.005645,-0.037326,-0.000000,-0.001015,1.570071,0.000000,1.000000,1.100000,0.000000,0.000000,-1.571000,0.000081,1.003058,1.065203,1.463141
3.776000,-0.000081,-0.003059,0.034797,-0.000031,-0.005645,-0.037326,-0.000000,-0.001015,1.570071,0.000000,1.000000,1.100000,0.000000,0.000000,-1.571000,0.000081,1.003059,1.065203,1.463142
3.778000,-0.000081,-0.003061,0.034797,-0.000031,-0.005645,-0.037326,-0.000000,-0.001015,1.570071,0.000000,1.000000,1.100000,0.000000,0.000000,-1.571000,0.000081,1.003061,1.065203,1.463143
3.780000,-0.000081,-0.003063,0.034797,-0.000031,-0.005645,-0.037326,-0.000000,-0.001015,1.570071,0.000000,1.000000,1.100000,0.000000,0.000000,-1.571000,0.000081,1.003063,1.065203,1.463144
3.782000,-0.000081,-0.003064,0.034797,-0.000031,-0.005645,-0.037326,-0.000000,-0.001015,1.570071,0.000000,1.000000,1.100000,0.000000,0.000000,-1.571000,0.000081,1.003064,1.065203,1.463146
3.784000,-0.000166,-0.006233,0.034797,-0.000031,-0.005645,-0.037326,-0.000000,-0.001015,1.570146,0.000000,1.000000,1.100000,0.000000,0.000000,-1.571000,0.000166,1.006233,1.065203,1.465320
3.786000,-0.000166,-0.006235,0.034797,-0.000031,-0.005645,-0.037326,-0.000000,-0.001015,1.570146,0.000000,1.000000,1.100000,0.000000,0.000000,-1.571000,0.000166,1.006235,1.065203,1.465321
3.788000,-0.000166,-0.006236,0.034797,-0.000031,-0.005645,-0.037326,-0.000000,-0.001015,1.570146,0.000000,1.000000,1.100000,0.000000,0.000000,-1.571000,0.000166,1.006236,1.065203,1.465322
3.790000,-0.000166,-0.006238,0.034797,-0.000031,-0.005645,-0.037326,-0.000000,-0.001015,1.570146,0.000000,1.000000,1.100000,0.000000,0.000000,-1.571000,0.000166,1.006238,1.065203,1.465323
3.792000,-0.000166,-0.006240,0.034797,-0.000031,-0.005645,-0.037326,-0.000000,-0.001015,1.570146,0.000000,1.000000,1.100000,0.000000,0.000000,-1.571000,0.000166,1.006240,1.065203,1.465324
3.794000,-0.000166,-0.006241,0.034797,-0.000031,-0.005645,-0.037326,-0.000000,-0.001015,1.570146,0.000000,1.000000,1.100000,0.000000,0.000000,-1.571000,0.000166,1.006241,1.065203,1.465325
3.796000,-0.000166,-0.006243,0.034797,-0.000031,-0.005645,-0.037326,-0.000000,-0.001015,1.570146,0.000000,1.000000,1.100000,0.000000,0.000000,-1.571000,0.000166,1.006243,1.065203,1.465327
3.798000,-0.000166,-0.006245,0.034797,-0.000031,-0.005645,-0.037326,-0.000000,-0.001015,1.570146,0.000000,1.000000,1.100000,0.000000,0.000000,-1.571000,0.000166,1.006245,1.065203,1.465328
3.800000,-0.000166,-0.006246,0.034797,-0.000031,-0.005645,-0.037326,-0.000000,-0.001015,1.570146,0.000000,1.000000,1.100000,0.000000,0.000000,-1.571000,0.000166,1.006246,1.065203,1.465329
3.802000,-0.000166,-0.006248,0.034797,-0.000031,-0.005645,-0.037326,-0.000000,-0.001015,1.570146,0.000000,1.000000,1.100000,0.000000,0.000000,-1.571000,0.000166,1.006248,1.065203,1.465330
3.804000,-0.000166,-0.006250,0.034797,-0.000031,-0.005645,-0.037326,-0.000000,-0.001015,1.570146,0.000000,1.000000,1.100000,0.000000,0.000000,-1.571000,0.000166,1.006250,1.065203,1.465331
3.806000,-0.000167,-0.006251,0.034797,-0.000031,-0.005645,-0.037326,-0.000000,-0.001015,1.570146,0.000000,1.000000,1.100000,0.000000,0.000000,-1.571000,0.000167,1.006251,1.065203,1.465332
3.808000,-0.000167,-0.006253,0.034797,-0.000031,-0.005645,-0.037326,-0.000000,-0.001015,1.570146,0.000000,1.000000,1.100000,0.000000,0.000000,-1.571000,0.000167,1.006253,1.065203,1.465333
3.810000,-0.000167,-0.006255,0.034797,-0.000031,-0.005645,-0.037326,-0.000000,-0.001015,1.570146,0.000000,1.000000,1.100000,0.000000,0.000000,-1.571000,0.000167,1.006255,1.065203,1.465335
3.812000,-0.000167,-0.006256,0.034797,-0.000031,-0.005645,-0.037326,-0.000000,-0.001015,1.570147,0.000000,1.000000,1.100000,0.000000,0.000000,-1.571000,0.000167,1.006256,1.065203,1.465336
3.814000,-0.000167,-0.006258,0.034797,-0.000031,-0.005645,-0.037326,-0.000000,-0.001015,1.570147,0.000000,1.000000,1.100000,0.000000,0.000000,-1.571000,0.000167,1.006258,1.065203,1.465337
3.816000,-0.000167,-0.006260,0.034797,-0.000031,-0.005645,-0.037326,-0.000000,-0.001015,1.570147,0.000000,1.000000,1.100000,0.000000,0.000000,-1.571000,0.000167,1.006260,1.065203,1.465338
3.818000,-0.000167,-0.006261,0.034797,-0.000031,-0.005645,-0.037326,-0.000000,-0.001015,1.570147,0.000000,1.000000,1.100000,0.000000,0.000000,-1.571000,0.000167,1.006261,1.065203,1.465339
3.820000,-0.000167,-0.006263,0.034797,-0.000031,-0.005645,-0.037326,-0.000000,-0.001015,1.570147,0.000000,1.000000,1.100000,0.000000,0.000000,-1.571000,0.000167,1.006263,1.065203,1.465340
3.822000,-0.000167,-0.006265,0.034797,-0.000031,-0.005645,-0.037326,-0.000000,-0.001015,1.570147,0.000000,1.000000,1.100000,0.000000,0.000000,-1.571000,0.000167,1.006265,1.065203,1.465342
3.824000,-0.000167,-0.006266,0.034797,-0.000031,-0.005645,-0.037326,-0.000000,-0.001015,1.570147,0.000000,1.000000,1.100000,0.000000,0.000000,-1.571000,0.000167,1.006266,1.065203,1.465343
3.826000,-0.000167,-0.006268,0.034797,-0.000031,-0.005645,-0.037326,-0.000000,-0.001015,1.570147,0.000000,1.000000,1.100000,0.000000,0.000000,-1.571000,0.000167,1.006268,1.065203,1.465344
3.828000,-0.000167,-0.006270,0.034797,-0.000031,-0.005645,-0.037326,-0.000000,-0.001015,1.570147,0.000000,1.000000,1.100000,0.000000,0.000000,-1.571000,0.000167,1.006270,1.065203,1.465345
3.830000,-0.000167,-0.006271,0.034797,-0.000031,-0.005645,-0.037326,-0.000000,-0.001015,1.570147,0.000000,1.000000,1.100000,0.000000,0.000000,-1.571000,0.000167,1.006271,1.065203,1.465346
3.832000,-0.000167,-0.006273,0.034797,-0.000031,-0.005645,-0.037326,-0.000000,-0.001015,1.570147,0.000000,1.000000,1.100000,0.000000,0.000000,-1.571000,0.000167,1.006273,1.065203,1.465347
3.834000,-0.000167,-0.006275,0.034797,-0.000031,-0.005645,-0.037326,-0.000000,-0.001015,1.570147,0.000000,1.000000,1.100000,0.000000,0.000000,-1.571000,0.000167,1.006275,1.065203,1.465348
3.836000,-0.000167,-0.006276,0.034797,-0.000031,-0.005645,-0.037326,-0.000000,-0.001015,1.570147,0.000000,1.000000,1.100000,0.000000,0.000000,-1.571000,0.000167,1.006276,1.065203,1.465350
3.838000,-0.000167,-0.006278,0.034797,-0.000031,-0.005645,-0.037326,-0.000000,-0.001015,1.570147,0.000000,1.000000,1.100000,0.000000,0.000000,-1.571000,0.000167,1.006278,1.065203,1.465351
3.840000,-0.000167,-0.006280,0.034797,-0.000031,-0.005645,-0.037326,-0.000000,-0.001015,1.570147,0.000000,1.000000,1.100000,0.000000,0.000000,-1.571000,0.000167,1.006280,1.065203,1.465352
3.842000,-0.000167,-0.006281,0.034797,-0.000031,-0.005645,-0.037326,-0.000000,-0.001015,1.570147,0.000000,1.000000,1.100000,0.000000,0.000000,-1.571000,0.000167,1.006281,1.065203,1.465353
3.844000,-0.000167,-0.006283,0.034797,-0.000031,-0.005645,-0.037326,-0.000000,-0.001015,1.570147,0.000000,1.000000,1.100000,0.000000,0.000000,-1.571000,0.000167,1.006283,1.065203,1.465354
3.846000,-0.000167,-0.006285,0.034797,-0.000031,-0.005645,-0.037326,-0.000000,-0.001015,1.570147,0.000000,1.000000,1.100000,0.000000,0.000000,-1.571000,0.000167,1.006285,1.065203,1.465355
3.848000,-0.000167,-0.006286,0.034797,-0.000031,-0.005645,-0.037326,-0.000000,-0.001015,1.570147,0.000000,1.000000,1.100000,0.000000,0.000000,-1.571000,0.000167,1.006286,1.065203,1.465356
3.850000,-0.000168,-0.006288,0.034797,-0.000031,-0.005645,-0.037326,-0.000000,-0.001015,1.570147,0.000000,1.000000,1.100000,0.000000,0.000000,-1.571000,0.000168,1.006288,1.065203,1.465358
3.852000,-0.000168,-0.006290,0.034797,-0.000031,-0.005645,-0.037326,-0.000000,-0.001015,1.570147,0.000000,1.000000,1.100000,0.000000,0.000000,-1.571000,0.000168,1.006290,1.065203,1.465359
3.854000,-0.000168,-0.006291,0.034797,-0.000031,-0.005645,-0.037326,-0.000000,-0.001015,1.570147,0.000000,1.000000,1.100000,0.000000,0.000000,-1.571000,0.000168,1.006291,1.065203,1.465360
3.856000,-0.000168,-0.006293,0.034797,-0.000031,-0.005645,-0.037326,-0.000000,-0.001015,1.570147,0.000000,1.000000,1.100000,0.000000,0.000000,-1.571000,0.000168,1.006293,1.065203,1.465361
3.858000,-0.000168,-0.006295,0.034797,-0.000031,-0.005645,-0.037326,-0.000000,-0.001015,1.570147,0.000000,1.000000,1.100000,0.000000,0.000000,-1.571000,0.000168,1.006295,1.065203,1.465362
3.860000,-0.000168,-0.006296,0.034797,-0.000031,-0.005645,-0.037326,-0.000000,-0.001015,1.570147,0.000000,1.000000,1.100000,0.000000,0.000000,-1.571000,0.000168,1.006296,1.065203,1.465363
3.862000,-0.000168,-0.006298,0.034797,-0.000031,-0.005645,-0.037326,-0.000000,-0.001015,1.570148,0.000000,1.000000,1.100000,0.000000,0.000000,-1.571000,0.000168,1.006298,1.065203,1.465365
3.864000,-0.000168,-0.006300,0.034797,-0.000031,-0.005645,-0.037326,-0.000000,-0.001015,1.570148,0.000000,1.000000,1.100000,0.000000,0.000000,-1.571000,0.000168,1.006300,1.065203,1.465366
3.866000,-0.000168,-0.006302,0.034797,-0.000031,-0.005645,-0.037326,-0.000000,-0.001015,1.570148,0.000000,1.000000,1.100000,0.000000,0.000000,-1.571000,0.000168,1.006302,1.065203,1.465367
3.868000,-0.000168,-0.006303,0.034797,-0.000031,-0.005645,-0.037326,-0.000000,-0.001015,1.570148,0.000000,1.000000,1.100000,0.000000,0.000000,-1.571000,0.000168,1.006303,1.065203,1.465368
3.870000,-0.000168,-0.006305,0.034797,-0.000031,-0.005645,-0.037326,-0.000000,-0.001015,1.570148,0.000000,1.000000,1.100000,0.000000,0.000000,-1.571000,0.000168,1.006305,1.065203,1.465369
3.872000,-0.000168,-0.006307,0.034797,-0.000031,-0.005645,-0.037326,-0.000000,-0.001015,1.570148,0.000000,1.000000,1.100000,0.000000,0.000000,-1.571000,0.000168,1.006307,1.065203,1.465370
3.874000,-0.000168,-0.006308,0.034797,-0.000031,-0.005645,-0.037326,-0.000000,-0.001015,1.570148,0.000000,1.000000,1.100000,0.000000,0.000000,-1.571000,0.000168,1.006308,1.065203,1.465371
3.876000,-0.000168,-0.006310,0.034797,-0.000031,-0.005645,-0.037326,-0.000000,-0.001015,1.570148,0.000000,1.000000,1.100000,0.000000,0.000000,-1.571000,0.000168,1.006310,1.065203,1.465373
3.878000,-0.000168,-0.006312,0.034797,-0.000031,-0.005645,-0.037326,-0.000000,-0.001015,1.570148,0.000000,1.000000,1.100000,0.000000,0.000000,-1.571000,0.000168,1.006312,1.065203,1.465374
3.880000,-0.000168,-0.006313,0.034797,-0.000031,-0.005645,-0.037326,-0.000000,-0.001015,1.570148,0.000000,1.000000,1.100000,0.000000,0.000000,-1.571000,0.000168,1.006313,1.065203,1.465375
3.882000,-0.000168,-0.006315,0.034797,-0.000031,-0.005645,-0.037326,-0.000000,-0.001015,1.570148,0.000000,1.000000,1.100000,0.000000,0.000000,-1.571000,0.000168,1.006315,1.065203,1.465376
3.884000,-0.000168,-0.006317,0.034797,-0.000031,-0.005645,-0.037326,-0.000000,-0.001015,1.570148,0.000000,1.000000,1.100000,0.000000,0.000000,-1.571000,0.000168,1.006317,1.065203,1.465377
3.886000,-0.000168,-0.006318,0.034797,-0.000031,-0.005645,-0.037326,-0.000000,-0.001015,1.570148,0.000000,1.000000,1.100000,0.000000,0.000000,-1.571000,0.000168,1.006318,1.065203,1.465378
3.888000,-0.000168,-0.006320,0.034797,-0.000031,-0.005645,-0.037326,-0.000000,-0.001015,1.570148,0.000000,1.000000,1.100000,0.000000,0.000000,-1.571000,0.000168,1.006320,1.065203,1.465379
3.890000,-0.000168,-0.006322,0.034797,-0.000031,-0.005645,-0.037326,-0.000000,-0.001015,1.570148,0.000000,1.000000,1.100000,0.000000,0.000000,-1.571000,0.000168,1.006322,1.065203,1.465381
3.892000,-0.000168,-0.006323,0.034797,-0.000031,-0.005645,-0.037326,-0.000000,-0.001015,1.570148,0.000000,1.000000,1.100000,0.000000,0.000000,-1.571000,0.000168,1.006323,1.065203,1.465382
3.894000,-0.000169,-0.006325,0.034797,-0.000031,-0.005645,-0.037326,-0.000000,-0.001015,1.570148,0.000000,1.000000,1.100000,0.000000,0.000000,-1.571000,0.000169,1.006325,1.065203,1.465383
3.896000,-0.000169,-0.006327,0.034797,-0.000031,-0.005645,-0.037326,-0.000000,-0.001015,1.570148,0.000000,1.000000,1.100000,0.000000,0.000000,-1.571000,0.000169,1.006327,1.065203,1.465384
3.898000,-0.000169,-0.006328,0.034797,-0.000031,-0.005645,-0.037326,-0.000000,-0.001015,1.570148,0.000000,1.000000,1.100000,0.000000,0.000000,-1.571000,0.000169,1.006328,1.065203,1.465385
3.900000,-0.000169,-0.006330,0.034797,-0.000031,-0.005645,-0.037326,-0.000000,-0.001015,1.570148,0.000000,1.000000,1.100000,0.000000,0.000000,-1.571000,0.000169,1.006330,1.065203,1.465386
3.902000,-0.000169,-0.006332,0.034797,-0.000031,-0.005645,-0.037326,-0.000000,-0.001015,1.570148,0.000000,1.000000,1.100000,0.000000,0.000000,-1.571000,0.000169,1.006332,1.065203,1.465388
3.904000,-0.000169,-0.006333,0.034797,-0.000031,-0.005645,-0.037326,-0.000000,-0.001015,1.570148,0.000000,1.000000,1.100000,0.000000,0.000000,-1.571000,0.000169,1.006333,1.065203,1.465389
3.906000,-0.000169,-0.006335,0.034797,-0.000031,-0.005645,-0.037326,-0.000000,-0.001015,1.570148,0.000000,1.000000,1.100000,0.000000,0.000000,-1.571000,0.000169,1.006335,1.065203,1.465390
3.908000,-0.000169,-0.006337,0.034797,-0.000031,-0.005645,-0.037326,-0.000000,-0.001015,1.570148,0.000000,1.000000,1.100000,0.000000,0.000000,-1.571000,0.000169,1.006337,1.065203,1.465391
3.910000,-0.000169,-0.006338,0.034797,-0.000031,-0.005645,-0.037326,-0.000000,-0.001015,1.570148,0.000000,1.000000,1.100000,0.000000,0.000000,-1.571000,0.000169,1.006338,1.065203,1.465392
3.912000,-0.000169,-0.006340,0.034797,-0.000031,-0.005645,-0.037326,-0.000000,-0.001015,1.570148,0.000000,1.000000,1.100000,0.000000,0.000000,-1.571000,0.000169,1.006340,1.065203,1.465393
3.914000,-0.000169,-0.006342,0.034797,-0.000031,-0.005645,-0.037326,-0.000000,-0.001015,1.570149,0.000000,1.000000,1.100000,0.000000,0.000000,-1.571000,0.000169,1.006342,1.065203,1.465394
3.916000,-0.000169,-0.006343,0.034797,-0.000031,-0.005645,-0.037326,-0.000000,-0.001015,1.570149,0.000000,1.000000,1.100000,0.000000,0.000000,-1.571000,0.000169,1.006343,1.065203,1.465396
3.918000,-0.000169,-0.006345,0.034797,-0.000031,-0.005645,-0.037326,-0.000000,-0.001015,1.570149,0.000000,1.000000,1.100000,0.000000,0.000000,-1.571000,0.000169,1.006345,1.065203,1.465397
3.920000,-0.000169,-0.006347,0.034797,-0.000031,-0.005645,-0.037326,-0.000000,-0.001015,1.570149,0.000000,1.000000,1.100000,0.000000,0.000000,-1.571000,0.000169,1.006347,1.065203,1.465398
3.922000,-0.000169,-0.006348,0.034797,-0.000031,-0.005645,-0.037326,-0.000000,-0.001015,1.570149,0.000000,1.000000,1.100000,0.000000,0.000000,-1.571000,0.000169,1.006348,1.065203,1.465399
3.924000,-0.000169,-0.006350,0.034797,-0.000031,-0.005645,-0.037326,-0.000000,-0.001015,1.570149,0.000000,1.000000,1.100000,0.000000,0.000000,-1.571000,0.000169,1.006350,1.065203,1.465400
3.926000,-0.000169,-0.006352,0.034797,-0.000031,-0.005645,-0.037326,-0.000000,-0.001015,1.570149,0.000000,1.000000,1.100000,0.000000,0.000000,-1.571000,0.000169,1.006352,1.065203,1.465401
3.928000,-0.000169,-0.006353,0.034797,-0.000031,-0.005645,-0.037326,-0.000000,-0.001015,1.570149,0.000000,1.000000,1.100000,0.000000,0.000000,-1.571000,0.000169,1.006353,1.065203,1.465402
3.930000,-0.000169,-0.006355,0.034797,-0.000031,-0.005645,-0.037326,-0.000000,-0.001015,1.570149,0.000000,1.000000,1.100000,0.000000,0.000000,-1.571000,0.000169,1.006355,1.065203,1.465404
3.932000,-0.000169,-0.006357,0.034797,-0.000031,-0.005645,-0.037326,-0.000000,-0.001015,1.570149,0.000000,1.000000,1.100000,0.000000,0.000000,-1.571000,0.000169,1.006357,1.065203,1.465405
3.934000,-0.000169,-0.006358,0.034797,-0.000031,-0.005645,-0.037326,-0.000000,-0.001015,1.570149,0.000000,1.000000,1.100000,0.000000,0.000000,-1.571000,0.000169,1.006358,1.065203,1.465406
3.936000,-0.000169,-0.006360,0.034797,-0.000031,-0.005645,-0.037326,-0.000000,-0.001015,1.570149,0.000000,1.000000,1.100000,0.000000,0.000000,-1.571000,0.000169,1.006360,1.065203,1.465407
3.938000,-0.000170,-0.006362,0.034797,-0.000031,-0.005645,-0.037326,-0.000000,-0.001015,1.570149,0.000000,1.000000,1.100000,0.000000,0.000000,-1.571000,0.000170,1.006362,1.065203,1.465408
3.940000,-0.000170,-0.006363,0.034797,-0.000031,-0.005645,-0.037326,-0.000000,-0.001015,1.570149,0.000000,1.000000,1.100000,0.000000,0.000000,-1.571000,0.000170,1.006363,1.065203,1.465409
3.942000,-0.000170,-0.006365,0.034797,-0.000031,-0.005645,-0.037326,-0.000000,-0.001015,1.570149,0.000000,1.000000,1.100000,0.000000,0.000000,-1.571000,0.000170,1.006365,1.065203,1.465411
3.944000,-0.000170,-0.006367,0.034797,-0.000031,-0.005645,-0.037326,-0.000000,-0.001015,1.570149,0.000000,1.000000,1.100000,0.000000,0.000000,-1.571000,0.000170,1.006367,1.065203,1.465412
3.946000,-0.000170,-0.006368,0.034797,-0.000031,-0.005645,-0.037326,-0.000000,-0.001015,1.570149,0.000000,1.000000,1.100000,0.000000,0.000000,-1.571000,0.000170,1.006368,1.065203,1.465413
3.948000,-0.000170,-0.006370,0.034797,-0.000031,-0.005645,-0.037326,-0.000000,-0.001015,1.570149,0.000000,1.000000,1.100000,0.000000,0.000000,-1.571000,0.000170,1.006370,1.065203,1.465414
3.950000,-0.000170,-0.006372,0.034797,-0.000031,-0.005645,-0.037326,-0.000000,-0.001015,1.570149,0.000000,1.000000,1.100000,0.000000,0.000000,-1.571000,0.000170,1.006372,1.065203,1.465415
3.952000,-0.000170,-0.006374,0.034797,-0.000031,-0.005645,-0.037326,-0.000000,-0.001015,1.570149,0.000000,1.000000,1.100000,0.000000,0.000000,-1.571000,0.000170,1.006374,1.065203,1.465416
3.954000,-0.000170,-0.006375,0.034797,-0.000031,-0.005645,-0.037326,-0.000000,-0.001015,1.570149,0.000000,1.000000,1.100000,0.000000,0.000000,-1.571000,0.000170,1.006375,1.065203,1.465417
3.956000,-0.000170,-0.006377,0.034797,-0.000031,-0.005645,-0.037326,-0.000000,-0.001015,1.570149,0.000000,1.000000,1.100000,0.000000,0.000000,-1.571000,0.000170,1.006377,1.065203,1.465419
3.958000,-0.000170,-0.006379,0.034797,-0.000031,-0.005645,-0.037326,-0.000000,-0.001015,1.570149,0.000000,1.000000,1.100000,0.000000,0.000000,-1.571000,0.000170,1.006379,1.065203,1.465420
3.960000,-0.000170,-0.006380,0.034797,-0.000031,-0.005645,-0.037326,-0.000000,-0.001015,1.570149,0.000000,1.000000,1.100000,0.000000,0.000000,-1.571000,0.000170,1.006380,1.065203,1.465421
3.962000,-0.000170,-0.006382,0.034797,-0.000031,-0.005645,-0.037326,-0.000000,-0.001015,1.570149,0.000000,1.000000,1.100000,0.000000,0.000000,-1.571000,0.000170,1.006382,1.065203,1.465422
3.964000,-0.000170,-0.006384,0.034797,-0.000031,-0.005645,-0.037326,-0.000000,-0.001015,1.570150,0.000000,1.000000,1.100000,0.000000,0.000000,-1.571000,0.000170,1.006384,1.065203,1.465423
3.966000,-0.000170,-0.006385,0.034797,-0.000031,-0.005645,-0.037326,-0.000000,-0.001015,1.570150,0.000000,1.000000,1.100000,0.000000,0.000000,-1.571000,0.000170,1.006385,1.065203,1.465424
3.968000,-0.000170,-0.006387,0.034797,-0.000031,-0.005645,-0.037326,-0.000000,-0.001015,1.570150,0.000000,1.000000,1.100000,0.000000,0.000000,-1.571000,0.000170,1.006387,1.065203,1.465425
3.970000,-0.000170,-0.006389,0.034797,-0.000031,-0.005645,-0.037326,-0.000000,-0.001015,1.570150,0.000000,1.000000,1.100000,0.000000,0.000000,-1.571000,0.000170,1.006389,1.065203,1.465427
3.972000,-0.000170,-0.006390,0.034797,-0.000031,-0.005645,-0.037326,-0.000000,-0.001015,1.570150,0.000000,1.000000,1.100000,0.000000,0.000000,-1.571000,0.000170,1.006390,1.065203,1.465428
3.974000,-0.000170,-0.006392,0.034797,-0.000031,-0.005645,-0.037326,-0.000000,-0.001015,1.570150,0.000000,1.000000,1.100000,0.000000,0.000000,-1.571000,0.000170,1.006392,1.065203,1.465429
3.976000,-0.000170,-0.006394,0.034797,-0.000031,-0.005645,-0.037326,-0.000000,-0.001015,1.570150,0.000000,1.000000,1.100000,0.000000,0.000000,-1.571000,0.000170,1.006394,1.065203,1.465430
3.978000,-0.000170,-0.006395,0.034797,-0.000031,-0.005645,-0.037326,-0.000000,-0.001015,1.570150,0.000000,1.000000,1.100000,0.000000,0.000000,-1.571000,0.000170,1.006395,1.065203,1.465431
3.980000,-0.000170,-0.006397,0.034797,-0.000031,-0.005645,-0.037326,-0.000000,-0.001015,1.570150,0.000000,1.000000,1.100000,0.000000,0.000000,-1.571000,0.000170,1.006397,1.065203,1.465432
3.982000,-0.000171,-0.006399,0.034797,-0.000031,-0.005645,-0.037326,-0.000000,-0.001015,1.570150,0.000000,1.000000,1.100000,0.000000,0.000000,-1.571000,0.000171,1.006399,1.065203,1.465434
3.984000,-0.000171,-0.006400,0.034797,-0.000031,-0.005645,-0.037326,-0.000000,-0.001015,1.570150,0.000000,1.000000,1.100000,0.000000,0.000000,-1.571000,0.000171,1.006400,1.065203,1.465435
3.986000,-0.000171,-0.006402,0.034797,-0.000031,-0.005645,-0.037326,-0.000000,-0.001015,1.570150,0.000000,1.000000,1.100000,0.000000,0.000000,-1.571000,0.000171,1.006402,1.065203,1.465436
3.988000,-0.000171,-0.006404,0.034797,-0.000031,-0.005645,-0.037326,-0.000000,-0.001015,1.570150,0.000000,1.000000,1.100000,0.000000,0.000000,-1.571000,0.000171,1.006404,1.065203,1.465437
3.990000,-0.000171,-0.006405,0.034797,-0.000031,-0.005645,-0.037326,-0.000000,-0.001015,1.570150,0.000000,1.000000,1.100000,0.000000,0.000000,-1.571000,0.000171,1.006405,1.065203,1.465438
3.992000,-0.000171,-0.006407,0.034797,-0.000031,-0.005645,-0.037326,-0.000000,-0.001015,1.570150,0.000000,1.000000,1.100000,0.000000,0.000000,-1.571000,0.000171,1.006407,1.065203,1.465439
3.994000,-0.000171,-0.006409,0.034797,-0.000031,-0.005645,-0.037326,-0.000000,-0.001015,1.570150,0.000000,1.000000,1.100000,0.000000,0.000000,-1.571000,0.000171,1.006409,1.065203,1.465440
3.996000,-0.000171,-0.006410,0.034797,-0.000031,-0.005645,-0.037326,-0.000000,-0.001015,1.570150,0.000000,1.000000,1.100000,0.000000,0.000000,-1.571000,0.000171,1.006410,1.065203,1.465442
3.998000,-0.000171,-0.006412,0.034797,-0.000031,-0.005645,-0.037326,-0.000000,-0.001015,1.570150,0.000000,1.000000,1.100000,0.000000,0.000000,-1.571000,0.000171,1.006412,1.065203,1.465443
4.000000,-0.000171,-0.006414,0.034797,-0.000031,-0.005645,-0.037326,-0.000000,-0.001015,1.570150,0.000000,1.000000,1.100000,0.000000,0.000000,-1.571000,0.000171,1.006414,1.065203,1.465444
4.002000,-0.000171,-0.006415,0.034797,-0.000031,-0.005645,-0.037326,-0.000000,-0.001015,1.570150,0.000000,1.000000,1.100000,0.000000,0.000000,-1.571000,0.000171,1.006415,1.065203,1.465445
4.004000,-0.000171,-0.006417,0.034797,-0.000031,-0.005645,-0.037326,-0.000000,-0.001015,1.570150,0.000000,1.000000,1.100000,0.000000,0.000000,-1.571000,0.000171,1.006417,1.065203,1.465446
4.006000,-0.000171,-0.006419,0.034797,-0.000031,-0.005645,-0.037326,-0.000000,-0.001015,1.570150,0.000000,1.000000,1.100000,0.000000,0.000000,-1.571000,0.000171,1.006419,1.065203,1.465447
4.008000,-0.000171,-0.006420,0.034797,-0.000031,-0.005645,-0.037326,-0.000000,-0.001015,1.570150,0.000000,1.000000,1.100000,0.000000,0.000000,-1.571000,0.000171,1.006420,1.065203,1.465448
4.010000,-0.000171,-0.006422,0.034797,-0.000031,-0.005645,-0.037326,-0.000000,-0.001015,1.570150,0.000000,1.000000,1.100000,0.000000,0.000000,-1.571000,0.000171,1.006422,1.065203,1.465450
4.012000,-0.000171,-0.006424,0.034797,-0.000031,-0.005645,-0.037326,-0.000000,-0.001015,1.570150,0.000000,1.000000,1.100000,0.000000,0.000000,-1.571000,0.000171,1.006424,1.065203,1.465451
4.014000,-0.000171,-0.006425,0.034797,-0.000031,-0.005645,-0.037326,-0.000000,-0.001015,1.570150,0.000000,1.000000,1.100000,0.000000,0.000000,-1.571000,0.000171,1.006425,1.065203,1.465452
4.016000,-0.000171,-0.006427,0.034797,-0.000031,-0.005645,-0.037326,-0.000000,-0.001015,1.570151,0.000000,1.000000,1.100000,0.000000,0.000000,-1.571000,0.000171,1.006427,1.065203,1.465453
4.018000,-0.000171,-0.006429,0.034797,-0.000031,-0.005645,-0.037326,-0.000000,-0.001015,1.570151,0.000000,1.000000,1.100000,0.000000,0.000000,-1.571000,0.000171,1.006429,1.065203,1.465454
4.020000,-0.000171,-0.006430,0.034797,-0.000031,-0.005645,-0.037326,-0.000000,-0.001015,1.570151,0.000000,1.000000,1.100000,0.000000,0.000000,-1.571000,0.000171,1.006430,1.065203,1.465455
4.022000,-0.000171,-0.006432,0.034797,-0.000031,-0.005645,-0.037326,-0.000000,-0.001015,1.570151,0.000000,1.000000,1.100000,0.000000,0.000000,-1.571000,0.000171,1.006432,1.065203,1.465457
4.024000,-0.000171,-0.006434,0.034797,-0.000031,-0.005645,-0.037326,-0.000000,-0.001015,1.570151,0.000000,1.000000,1.100000,0.000000,0.000000,-1.571000,0.000171,1.006434,1.065203,1.465458
4.026000,-0.000171,-0.006435,0.034797,-0.000031,-0.005645,-0.037326,-0.000000,-0.001015,1.570151,0.000000,1.000000,1.100000,0.000000,0.000000,-1.571000,0.000171,1.006435,1.065203,1.465459
4.028000,-0.000172,-0.006437,0.034797,-0.000031,-0.005645,-0.037326,-0.000000,-0.001015,1.570151,0.000000,1.000000,1.100000,0.000000,0.000000,-1.571000,0.000172,1.006437,1.065203,1.465460
4.030000,-0.000172,-0.006439,0.034797,-0.000031,-0.005645,-0.037326,-0.000000,-0.001015,1.570151,0.000000,1.000000,1.100000,0.000000,0.000000,-1.571000,0.000172,1.006439,1.065203,1.465461
4.032000,-0.000172,-0.006441,0.034797,-0.000031,-0.005645,-0.037326,-0.000000,-0.001015,1.570151,0.000000,1.000000,1.100000,0.000000,0.000000,-1.571000,0.000172,1.006441,1.065203,1.465462
4.034000,-0.000172,-0.006442,0.034797,-0.000031,-0.005645,-0.037326,-0.000000,-0.001015,1.570151,0.000000,1.000000,1.100000,0.000000,0.000000,-1.571000,0.000172,1.006442,1.065203,1.465463
4.036000,-0.000172,-0.006444,0.034797,-0.000031,-0.005645,-0.037326,-0.000000,-0.001015,1.570151,0.000000,1.000000,1.100000,0.000000,0.000000,-1.571000,0.000172,1.006444,1.065203,1.465465
4.038000,-0.000172,-0.006446,0.034797,-0.000031,-0.005645,-0.037326,-0.000000,-0.001015,1.570151,0.000000,1.000000,1.100000,0.000000,0.000000,-1.571000,0.000172,1.006446,1.065203,1.465466
4.040000,-0.000172,-0.006447,0.034797,-0.000031,-0.005645,-0.037326,-0.000000,-0.001015,1.570151,0.000000,1.000000,1.100000,0.000000,0.000000,-1.571000,0.000172,1.006447,1.065203,1.465467
4.042000,-0.000172,-0.006449,0.034797,-0.000031,-0.005645,-0.037326,-0.000000,-0.001015,1.570151,0.000000,1.000000,1.100000,0.000000,0.000000,-1.571000,0.000172,1.006449,1.065203,1.465468
4.044000,-0.000172,-0.006451,0.034797,-0.000031,-0.005645,-0.037326,-0.000000,-0.001015,1.570151,0.000000,1.000000,1.100000,0.000000,0.000000,-1.571000,0.000172,1.006451,1.065203,1.465469
4.046000,-0.000172,-0.006452,0.034797,-0.000031,-0.005645,-0.037326,-0.000000,-0.001015,1.570151,0.000000,1.000000,1.100000,0.000000,0.000000,-1.571000,0.000172,1.006452,1.065203,1.465470
4.048000,-0.000172,-0.006454,0.034797,-0.000031,-0.005645,-0.037326,-0.000000,-0.001015,1.570151,0.000000,1.000000,1.100000,0.000000,0.000000,-1.571000,0.000172,1.006454,1.065203,1.465471
4.050000,-0.000172,-0.006456,0.034797,-0.000031,-0.005645,-0.037326,-0.000000,-0.001015,1.570151,0.000000,1.000000,1.100000,0.000000,0.000000,-1.571000,0.000172,1.006456,1.065203,1.465473
4.052000,-0.000172,-0.006457,0.034797,-0.000031,-0.005645,-0.037326,-0.000000,-0.001015,1.570151,0.000000,1.000000,1.100000,0.000000,0.000000,-1.571000,0.000172,1.006457,1.065203,1.465474
4.054000,-0.000172,-0.006459,0.034797,-0.000031,-0.005645,-0.037326,-0.000000,-0.001015,1.570151,0.000000,1.000000,1.100000,0.000000,0.000000,-1.571000,0.000172,1.006459,1.065203,1.465475
4.056000,-0.000172,-0.006461,0.034797,-0.000031,-0.005645,-0.037326,-0.000000,-0.001015,1.570151,0.000000,1.000000,1.100000,0.000000,0.000000,-1.571000,0.000172,1.006461,1.065203,1.465476
4.058000,-0.000172,-0.006462,0.034797,-0.000031,-0.005645,-0.037326,-0.000000,-0.001015,1.570151,0.000000,1.000000,1.100000,0.000000,0.000000,-1.571000,0.000172,1.006462,1.065203,1.465477
4.060000,-0.000172,-0.006464,0.034797,-0.000031,-0.005645,-0.037326,-0.000000,-0.001015,1.570151,0.000000,1.000000,1.100000,0.000000,0.000000,-1.571000,0.000172,1.006464,1.065203,1.465478
4.062000,-0.000172,-0.006466,0.034797,-0.000031,-0.005645,-0.037326,-0.000000,-0.001015,1.570151,0.000000,1.000000,1.100000,0.000000,0.000000,-1.571000,0.000172,1.006466,1.065203,1.465480
4.064000,-0.000172,-0.006467,0.034797,-0.000031,-0.005645,-0.037326,-0.000000,-0.001015,1.570151,0.000000,1.000000,1.100000,0.000000,0.000000,-1.571000,0.000172,1.006467,1.065203,1.465481
4.066000,-0.000172,-0.006469,0.034797,-0.000031,-0.005645,-0.037326,-0.000000,-0.001015,1.570152,0.000000,1.000000,1.100000,0.000000,0.000000,-1.571000,0.000172,1.006469,1.065203,1.465482
4.068000,-0.000172,-0.006471,0.034797,-0.000031,-0.005645,-0.037326,-0.000000,-0.001015,1.570152,0.000000,1.000000,1.100000,0.000000,0.000000,-1.571000,0.000172,1.006471,1.065203,1.465483
4.070000,-0.000172,-0.006472,0.034797,-0.000031,-0.005645,-0.037326,-0.000000,-0.001015,1.570152,0.000000,1.000000,1.100000,0.000000,0.000000,-1.571000,0.000172,1.006472,1.065203,1.465484
4.072000,-0.000173,-0.006474,0.034797,-0.000031,-0.005645,-0.037326,-0.000000,-0.001015,1.570152,0.000000,1.000000,1.100000,0.000000,0.000000,-1.571000,0.000173,1.006474,1.065203,1.465485
4.074000,-0.000173,-0.006476,0.034797,-0.000031,-0.005645,-0.037326,-0.000000,-0.001015,1.570152,0.000000,1.000000,1.100000,0.000000,0.000000,-1.571000,0.000173,1.006476,1.065203,1.465486
4.076000,-0.000173,-0.006477,0.034797,-0.000031,-0.005645,-0.037326,-0.000000,-0.001015,1.570152,0.000000,1.000000,1.100000,0.000000,0.000000,-1.571000,0.000173,1.006477,1.065203,1.465488
4.078000,-0.000173,-0.006479,0.034797,-0.000031,-0.005645,-0.037326,-0.000000,-0.001015,1.570152,0.000000,1.000000,1.100000,0.000000,0.000000,-1.571000,0.000173,1.006479,1.065203,1.465489
4.080000,-0.000173,-0.006481,0.034797,-0.000031,-0.005645,-0.037326,-0.000000,-0.001015,1.570152,0.000000,1.000000,1.100000,0.000000,0.000000,-1.571000,0.000173,1.006481,1.065203,1.465490
4.082000,-0.000173,-0.006482,0.034797,-0.000031,-0.005645,-0.037326,-0.000000,-0.001015,1.570152,0.000000,1.000000,1.100000,0.000000,0.000000,-1.571000,0.000173,1.006482,1.065203,1.465491
4.084000,-0.000173,-0.006484,0.034797,-0.000031,-0.005645,-0.037326,-0.000000,-0.001015,1.570152,0.000000,1.000000,1.100000,0.000000,0.000000,-1.571000,0.000173,1.006484,1.065203,1.465492
4.086000,-0.000173,-0.006486,0.034797,-0.000031,-0.005645,-0.037326,-0.000000,-0.001015,1.570152,0.000000,1.000000,1.100000,0.000000,0.000000,-1.571000,0.000173,1.006486,1.065203,1.465493
4.088000,-0.000173,-0.006487,0.034797,-0.000031,-0.005645,-0.037326,-0.000000,-0.001015,1.570152,0.000000,1.000000,1.100000,0.000000,0.000000,-1.571000,0.000173,1.006487,1.065203,1.465494
4.090000,-0.000173,-0.006489,0.034797,-0.000031,-0.005645,-0.037326,-0.000000,-0.001015,1.570152,0.000000,1.000000,1.100000,0.000000,0.000000,-1.571000,0.000173,1.006489,1.065203,1.465496
4.092000,-0.000173,-0.006491,0.034797,-0.000031,-0.005645,-0.037326,-0.000000,-0.001015,1.570152,0.000000,1.000000,1.100000,0.000000,0.000000,-1.571000,0.000173,1.006491,1.065203,1.465497
4.094000,-0.000173,-0.006492,0.034797,-0.000031,-0.005645,-0.037326,-0.000000,-0.001015,1.570152,0.000000,1.000000,1.100000,0.000000,0.000000,-1.571000,0.000173,1.006492,1.065203,1.465498
4.096000,-0.000173,-0.006494,0.034797,-0.000031,-0.005645,-0.037326,-0.000000,-0.001015,1.570152,0.000000,1.000000,1.100000,0.000000,0.000000,-1.571000,0.000173,1.006494,1.065203,1.465499
4.098000,-0.000173,-0.006496,0.034797,-0.000031,-0.005645,-0.037326,-0.000000,-0.001015,1.570152,0.000000,1.000000,1.100000,0.000000,0.000000,-1.571000,0.000173,1.006496,1.065203,1.465500
4.100000,-0.000173,-0.006497,0.034797,-0.000031,-0.005645,-0.037326,-0.000000,-0.001015,1.570152,0.000000,1.000000,1.100000,0.000000,0.000000,-1.571000,0.000173,1.006497,1.065203,1.465501
4.102000,-0.000173,-0.006499,0.034797,-0.000031,-0.005645,-0.037326,-0.000000,-0.001015,1.570152,0.000000,1.000000,1.100000,0.000000,0.000000,-1.571000,0.000173,1.006499,1.065203,1.465503
4.104000,-0.000173,-0.006501,0.034797,-0.000031,-0.005645,-0.037326,-0.000000,-0.001015,1.570152,0.000000,1.000000,1.100000,0.000000,0.000000,-1.571000,0.000173,1.006501,1.065203,1.465504
4.106000,-0.000173,-0.006502,0.034797,-0.000031,-0.005645,-0.037326,-0.000000,-0.001015,1.570152,0.000000,1.000000,1.100000,0.000000,0.000000,-1.571000,0.000173,1.006502,1.065203,1.465505
4.108000,-0.000173,-0.006504,0.034797,-0.000031,-0.005645,-0.037326,-0.000000,-0.001015,1.570152,0.000000,1.000000,1.100000,0.000000,0.000000,-1.571000,0.000173,1.006504,1.065203,1.465506
4.110000,-0.000173,-0.006506,0.034797,-0.000031,-0.005645,-0.037326,-0.000000,-0.001015,1.570152,0.000000,1.000000,1.100000,0.000000,0.000000,-1.571000,0.000173,1.006506,1.065203,1.465507
4.112000,-0.000173,-0.006508,0.034797,-0.000031,-0.005645,-0.037326,-0.000000,-0.001015,1.570152,0.000000,1.000000,1.100000,0.000000,0.000000,-1.571000,0.000173,1.006508,1.065203,1.465508
4.114000,-0.000173,-0.006509,0.034797,-0.000031,-0.005645,-0.037326,-0.000000,-0.001015,1.570152,0.000000,1.000000,1.100000,0.000000,0.000000,-1.571000,0.000173,1.006509,1.065203,1.465509
4.116000,-0.000174,-0.006511,0.034797,-0.000031,-0.005645,-0.037326,-0.000000,-0.001015,1.570152,0.000000,1.000000,1.100000,0.000000,0.000000,-1.571000,0.000174,1.006511,1.065203,1.465511
4.118000,-0.000174,-0.006513,0.034797,-0.000031,-0.005645,-0.037326,-0.000000,-0.001015,1.570153,0.000000,1.000000,1.100000,0.000000,0.000000,-1.571000,0.000174,1.006513,1.065203,1.465512
4.120000,-0.000174,-0.006514,0.034797,-0.000031,-0.005645,-0.037326,-0.000000,-0.001015,1.570153,0.000000,1.000000,1.100000,0.000000,0.000000,-1.571000,0.000174,1.006514,1.065203,1.465513
4.122000,-0.000174,-0.006516,0.034797,-0.000031,-0.005645,-0.037326,-0.000000,-0.001015,1.570153,0.000000,1.000000,1.100000,0.000000,0.000000,-1.571000,0.000174,1.006516,1.065203,1.465514
4.124000,-0.000174,-0.006518,0.034797,-0.000031,-0.005645,-0.037326,-0.000000,-0.001015,1.570153,0.000000,1.000000,1.100000,0.000000,0.000000,-1.571000,0.000174,1.006518,1.065203,1.465515
4.126000,-0.000174,-0.006519,0.034797,-0.000031,-0.005645,-0.037326,-0.000000,-0.001015,1.570153,0.000000,1.000000,1.100000,0.000000,0.000000,-1.571000,0.000174,1.006519,1.065203,1.465516
4.128000,-0.000174,-0.006521,0.034797,-0.000031,-0.005645,-0.037326,-0.000000,-0.001015,1.570153,0.000000,1.000000,1.100000,0.000000,0.000000,-1.571000,0.000174,1.006521,1.065203,1.465518
4.130000,-0.000174,-0.006523,0.034797,-0.000031,-0.005645,-0.037326,-0.000000,-0.001015,1.570153,0.000000,1.000000,1.100000,0.000000,0.000000,-1.571000,0.000174,1.006523,1.065203,1.465519
4.132000,-0.000174,-0.006524,0.034797,-0.000031,-0.005645,-0.037326,-0.000000,-0.001015,1.570153,0.000000,1.000000,1.100000,0.000000,0.000000,-1.571000,0.000174,1.006524,1.065203,1.465520
4.134000,-0.000174,-0.006526,0.034797,-0.000031,-0.005645,-0.037326,-0.000000,-0.001015,1.570153,0.000000,1.000000,1.100000,0.000000,0.000000,-1.571000,0.000174,1.006526,1.065203,1.465521
4.136000,-0.000174,-0.006528,0.034797,-0.000031,-0.005645,-0.037326,-0.000000,-0.001015,1.570153,0.000000,1.000000,1.100000,0.000000,0.000000,-1.571000,0.000174,1.006528,1.065203,1.465522
4.138000,-0.000174,-0.006529,0.034797,-0.000031,-0.005645,-0.037326,-0.000000,-0.001015,1.570153,0.000000,1.000000,1.100000,0.000000,0.000000,-1.571000,0.000174,1.006529,1.065203,1.465523
4.140000,-0.000174,-0.006531,0.034797,-0.000031,-0.005645,-0.037326,-0.000000,-0.001015,1.570153,0.000000,1.000000,1.100000,0.000000,0.000000,-1.571000,0.000174,1.006531,1.065203,1.465524
4.142000,-0.000174,-0.006533,0.034797,-0.000031,-0.005645,-0.037326,-0.000000,-0.001015,1.570153,0.000000,1.000000,1.100000,0.000000,0.000000,-1.571000,0.000174,1.006533,1.065203,1.465526
4.144000,-0.000174,-0.006534,0.034797,-0.000031,-0.005645,-0.037326,-0.000000,-0.001015,1.570153,0.000000,1.000000,1.100000,0.000000,0.000000,-1.571000,0.000174,1.006534,1.065203,1.465527
4.146000,-0.000174,-0.006536,0.034797,-0.000031,-0.005645,-0.037326,-0.000000,-0.001015,1.570153,0.000000,1.000000,1.100000,0.000000,0.000000,-1.571000,0.000174,1.006536,1.065203,1.465528
4.148000,-0.000174,-0.006538,0.034797,-0.000031,-0.005645,-0.037326,-0.000000,-0.001015,1.570153,0.000000,1.000000,1.100000,0.000000,0.000000,-1.571000,0.000174,1.006538,1.065203,1.465529
4.150000,-0.000174,-0.006539,0.034797,-0.000031,-0.005645,-0.037326,-0.000000,-0.001015,1.570153,0.000000,1.000000,1.100000,0.000000,0.000000,-1.571000,0.000174,1.006539,1.065203,1.465530
4.152000,-0.000174,-0.006541,0.034797,-0.000031,-0.005645,-0.037326,-0.000000,-0.001015,1.570153,0.000000,1.000000,1.100000,0.000000,0.000000,-1.571000,0.000174,1.006541,1.065203,1.465531
4.154000,-0.000174,-0.006543,0.034797,-0.000031,-0.005645,-0.037326,-0.000000,-0.001015,1.570153,0.000000,1.000000,1.100000,0.000000,0.000000,-1.571000,0.000174,1.006543,1.065203,1.465532
4.156000,-0.000174,-0.006544,0.034797,-0.000031,-0.005645,-0.037326,-0.000000,-0.001015,1.570153,0.000000,1.000000,1.100000,0.000000,0.000000,-1.571000,0.000174,1.006544,1.065203,1.465534
4.158000,-0.000174,-0.006546,0.034797,-0.000031,-0.005645,-0.037326,-0.000000,-0.001015,1.570153,0.000000,1.000000,1.100000,0.000000,0.000000,-1.571000,0.000174,1.006546,1.065203,1.465535
4.160000,-0.000175,-0.006548,0.034797,-0.000031,-0.005645,-0.037326,-0.000000,-0.001015,1.570153,0.000000,1.000000,1.100000,0.000000,0.000000,-1.571000,0.000175,1.006548,1.065203,1.465536
4.162000,-0.000175,-0.006549,0.034797,-0.000031,-0.005645,-0.037326,-0.000000,-0.001015,1.570153,0.000000,1.000000,1.100000,0.000000,0.000000,-1.571000,0.000175,1.006549,1.065203,1.465537
4.164000,-0.000175,-0.006551,0.034797,-0.000031,-0.005645,-0.037326,-0.000000,-0.001015,1.570153,0.000000,1.000000,1.100000,0.000000,0.000000,-1.571000,0.000175,1.006551,1.065203,1.465538
4.166000,-0.000175,-0.006553,0.034797,-0.000031,-0.005645,-0.037326,-0.000000,-0.001015,1.570153,0.000000,1.000000,1.100000,0.000000,0.000000,-1.571000,0.000175,1.006553,1.065203,1.465539
4.168000,-0.000175,-0.006554,0.034797,-0.000031,-0.005645,-0.037326,-0.000000,-0.001015,1.570154,0.000000,1.000000,1.100000,0.000000,0.000000,-1.571000,0.000175,1.006554,1.065203,1.465541
4.170000,-0.000175,-0.006556,0.034797,-0.000031,-0.005645,-0.037326,-0.000000,-0.001015,1.570154,0.000000,1.000000,1.100000,0.000000,0.000000,-1.571000,0.000175,1.006556,1.065203,1.465542
4.172000,-0.000175,-0.006558,0.034797,-0.000031,-0.005645,-0.037326,-0.000000,-0.001015,1.570154,0.000000,1.000000,1.100000,0.000000,0.000000,-1.571000,0.000175,1.006558,1.065203,1.465543
4.174000,-0.000175,-0.006559,0.034797,-0.000031,-0.005645,-0.037326,-0.000000,-0.001015,1.570154,0.000000,1.000000,1.100000,0.000000,0.000000,-1.571000,0.000175,1.006559,1.065203,1.465544
4.176000,-0.000175,-0.006561,0.034797,-0.000031,-0.005645,-0.037326,-0.000000,-0.001015,1.570154,0.000000,1.000000,1.100000,0.000000,0.000000,-1.571000,0.000175,1.006561,1.065203,1.465545
4.178000,-0.000175,-0.006563,0.034797,-0.000031,-0.005645,-0.037326,-0.000000,-0.001015,1.570154,0.000000,1.000000,1.100000,0.000000,0.000000,-1.571000,0.000175,1.006563,1.065203,1.465546
4.180000,-0.000175,-0.006564,0.034797,-0.000031,-0.005645,-0.037326,-0.000000,-0.001015,1.570154,0.000000,1.000000,1.100000,0.000000,0.000000,-1.571000,0.000175,1.006564,1.065203,1.465547
4.182000,-0.000175,-0.006566,0.034797,-0.000031,-0.005645,-0.037326,-0.000000,-0.001015,1.570154,0.000000,1.000000,1.100000,0.000000,0.000000,-1.571000,0.000175,1.006566,1.065203,1.465549
4.184000,-0.000175,-0.006568,0.034797,-0.000031,-0.005645,-0.037326,-0.000000,-0.001015,1.570154,0.000000,1.000000,1.100000,0.000000,0.000000,-1.571000,0.000175,1.006568,1.065203,1.465550
4.186000,-0.000175,-0.006569,0.034797,-0.000031,-0.005645,-0.037326,-0.000000,-0.001015,1.570154,0.000000,1.000000,1.100000,0.000000,0.000000,-1.571000,0.000175,1.006569,1.065203,1.465551
4.188000,-0.000175,-0.006571,0.034797,-0.000031,-0.005645,-0.037326,-0.000000,-0.001015,1.570154,0.000000,1.000000,1.100000,0.000000,0.000000,-1.571000,0.000175,1.006571,1.065203,1.465552
4.190000,-0.000175,-0.006573,0.034797,-0.000031,-0.005645,-0.037326,-0.000000,-0.001015,1.570154,0.000000,1.000000,1.100000,0.000000,0.000000,-1.571000,0.000175,1.006573,1.065203,1.465553
4.192000,-0.000175,-0.006574,0.034797,-0.000031,-0.005645,-0.037326,-0.000000,-0.001015,1.570154,0.000000,1.000000,1.100000,0.000000,0.000000,-1.571000,0.000175,1.006574,1.065203,1.465554
4.194000,-0.000175,-0.006576,0.034797,-0.000031,-0.005645,-0.037326,-0.000000,-0.001015,1.570154,0.000000,1.000000,1.100000,0.000000,0.000000,-1.571000,0.000175,1.006576,1.065203,1.465555
4.196000,-0.000175,-0.006578,0.034797,-0.000031,-0.005645,-0.037326,-0.000000,-0.001015,1.570154,0.000000,1.000000,1.100000,0.000000,0.000000,-1.571000,0.000175,1.006578,1.065203,1.465557
4.198000,-0.000175,-0.006580,0.034797,-0.000031,-0.005645,-0.037326,-0.000000,-0.001015,1.570154,0.000000,1.000000,1.100000,0.000000,0.000000,-1.571000,0.000175,1.006580,1.065203,1.465558
4.200000,-0.000175,-0.006581,0.034797,-0.000031,-0.005645,-0.037326,-0.000000,-0.001015,1.570154,0.000000,1.000000,1.100000,0.000000,0.000000,-1.571000,0.000175,1.006581,1.065203,1.465559
4.202000,-0.000175,-0.006583,0.034797,-0.000031,-0.005645,-0.037326,-0.000000,-0.001015,1.570154,0.000000,1.000000,1.100000,0.000000,0.000000,-1.571000,0.000175,1.006583,1.065203,1.465560
4.204000,-0.000176,-0.006585,0.034797,-0.000031,-0.005645,-0.037326,-0.000000,-0.001015,1.570154,0.000000,1.000000,1.100000,0.000000,0.000000,-1.571000,0.000176,1.006585,1.065203,1.465561
4.206000,-0.000176,-0.006586,0.034797,-0.000031,-0.005645,-0.037326,-0.000000,-0.001015,1.570154,0.000000,1.000000,1.100000,0.000000,0.000000,-1.571000,0.000176,1.006586,1.065203,1.465562
4.208000,-0.000176,-0.006588,0.034797,-0.000031,-0.005645,-0.037326,-0.000000,-0.001015,1.570154,0.000000,1.000000,1.100000,0.000000,0.000000,-1.571000,0.000176,1.006588,1.065203,1.465564
4.210000,-0.000176,-0.006590,0.034797,-0.000031,-0.005645,-0.037326,-0.000000,-0.001015,1.570154,0.000000,1.000000,1.100000,0.000000,0.000000,-1.571000,0.000176,1.006590,1.065203,1.465565
4.212000,-0.000176,-0.006591,0.034797,-0.000031,-0.005645,-0.037326,-0.000000,-0.001015,1.570154,0.000000,1.000000,1.100000,0.000000,0.000000,-1.571000,0.000176,1.006591,1.065203,1.465566
4.214000,-0.000176,-0.006593,0.034797,-0.000031,-0.005645,-0.037326,-0.000000,-0.001015,1.570154,0.000000,1.000000,1.100000,0.000000,0.000000,-1.571000,0.000176,1.006593,1.065203,1.465567
4.216000,-0.000176,-0.006595,0.034797,-0.000031,-0.005645,-0.037326,-0.000000,-0.001015,1.570154,0.000000,1.000000,1.100000,0.000000,0.000000,-1.571000,0.000176,1.006595,1.065203,1.465568
4.218000,-0.000176,-0.006596,0.034797,-0.000031,-0.005645,-0.037326,-0.000000,-0.001015,1.570155,0.000000,1.000000,1.100000,0.000000,0.000000,-1.571000,0.000176,1.006596,1.065203,1.465569
4.220000,-0.000176,-0.006598,0.034797,-0.000031,-0.005645,-0.037326,-0.000000,-0.001015,1.570155,0.000000,1.000000,1.100000,0.000000,0.000000,-1.571000,0.000176,1.006598,1.065203,1.465570
4.222000,-0.000176,-0.006600,0.034797,-0.000031,-0.005645,-0.037326,-0.000000,-0.001015,1.570155,0.000000,1.000000,1.100000,0.000000,0.000000,-1.571000,0.000176,1.006600,1.065203,1.465572
4.224000,-0.000176,-0.006601,0.034797,-0.000031,-0.005645,-0.037326,-0.000000,-0.001015,1.570155,0.000000,1.000000,1.100000,0.000000,0.000000,-1.571000,0.000176,1.006601,1.065203,1.465573
4.226000,-0.000176,-0.006603,0.034797,-0.000031,-0.005645,-0.037326,-0.000000,-0.001015,1.570155,0.000000,1.000000,1.100000,0.000000,0.000000,-1.571000,0.000176,1.006603,1.065203,1.465574
4.228000,-0.000176,-0.006605,0.034797,-0.000031,-0.005645,-0.037326,-0.000000,-0.001015,1.570155,0.000000,1.000000,1.100000,0.000000,0.000000,-1.571000,0.000176,1.006605,1.065203,1.465575
4.230000,-0.000176,-0.006606,0.034797,-0.000031,-0.005645,-0.037326,-0.000000,-0.001015,1.570155,0.000000,1.000000,1.100000,0.000000,0.000000,-1.571000,0.000176,1.006606,1.065203,1.465576
4.232000,-0.000176,-0.006608,0.034797,-0.000031,-0.005645,-0.037326,-0.000000,-0.001015,1.570155,0.000000,1.000000,1.100000,0.000000,0.000000,-1.571000,0.000176,1.006608,1.065203,1.465577
4.234000,-0.000176,-0.006610,0.034797,-0.000031,-0.005645,-0.037326,-0.000000,-0.001015,1.570155,0.000000,1.000000,1.100000,0.000000,0.000000,-1.571000,0.000176,1.006610,1.065203,1.465578
4.236000,-0.000176,-0.006611,0.034797,-0.000031,-0.005645,-0.037326,-0.000000,-0.001015,1.570155,0.000000,1.000000,1.100000,0.000000,0.000000,-1.571000,0.000176,1.006611,1.065203,1.465580
4.238000,-0.000176,-0.006613,0.034797,-0.000031,-0.005645,-0.037326,-0.000000,-0.001015,1.570155,0.000000,1.000000,1.100000,0.000000,0.000000,-1.571000,0.000176,1.006613,1.065203,1.465581
4.240000,-0.000176,-0.006615,0.034797,-0.000031,-0.005645,-0.037326,-0.000000,-0.001015,1.570155,0.000000,1.000000,1.100000,0.000000,0.000000,-1.571000,0.000176,1.006615,1.065203,1.465582
4.242000,-0.000176,-0.006616,0.034797,-0.000031,-0.005645,-0.037326,-0.000000,-0.001015,1.570155,0.000000,1.000000,1.100000,0.000000,0.000000,-1.571000,0.000176,1.006616,1.065203,1.465583
4.244000,-0.000176,-0.006618,0.034797,-0.000031,-0.005645,-0.037326,-0.000000,-0.001015,1.570155,0.000000,1.000000,1.100000,0.000000,0.000000,-1.571000,0.000176,1.006618,1.065203,1.465584
4.246000,-0.000176,-0.006620,0.034797,-0.000031,-0.005645,-0.037326,-0.000000,-0.001015,1.570155,0.000000,1.000000,1.100000,0.000000,0.000000,-1.571000,0.000176,1.006620,1.065203,1.465585
4.248000,-0.000177,-0.006621,0.034797,-0.000031,-0.005645,-0.037326,-0.000000,-0.001015,1.570155,0.000000,1.000000,1.100000,0.000000,0.000000,-1.571000,0.000177,1.006621,1.065203,1.465587
4.250000,-0.000177,-0.006623,0.034797,-0.000031,-0.005645,-0.037326,-0.000000,-0.001015,1.570155,0.000000,1.000000,1.100000,0.000000,0.000000,-1.571000,0.000177,1.006623,1.065203,1.465588
4.252000,-0.000177,-0.006625,0.034797,-0.000031,-0.005645,-0.037326,-0.000000,-0.001015,1.570155,0.000000,1.000000,1.100000,0.000000,0.000000,-1.571000,0.000177,1.006625,1.065203,1.465589
4.254000,-0.000177,-0.006626,0.034797,-0.000031,-0.005645,-0.037326,-0.000000,-0.001015,1.570155,0.000000,1.000000,1.100000,0.000000,0.000000,-1.571000,0.000177,1.006626,1.065203,1.465590
4.256000,-0.000177,-0.006628,0.034797,-0.000031,-0.005645,-0.037326,-0.000000,-0.001015,1.570155,0.000000,1.000000,1.100000,0.000000,0.000000,-1.571000,0.000177,1.006628,1.065203,1.465591
4.258000,-0.000177,-0.006630,0.034797,-0.000031,-0.005645,-0.037326,-0.000000,-0.001015,1.570155,0.000000,1.000000,1.100000,0.000000,0.000000,-1.571000,0.000177,1.006630,1.065203,1.465592
4.260000,-0.000177,-0.006631,0.034797,-0.000031,-0.005645,-0.037326,-0.000000,-0.001015,1.570155,0.000000,1.000000,1.100000,0.000000,0.000000,-1.571000,0.000177,1.006631,1.065203,1.465593
4.262000,-0.000177,-0.006633,0.034797,-0.000031,-0.005645,-0.037326,-0.000000,-0.001015,1.570155,0.000000,1.000000,1.100000,0.000000,0.000000,-1.571000,0.000177,1.006633,1.065203,1.465595
4.264000,-0.000177,-0.006635,0.034797,-0.000031,-0.005645,-0.037326,-0.000000,-0.001015,1.570155,0.000000,1.000000,1.100000,0.000000,0.000000,-1.571000,0.000177,1.006635,1.065203,1.465596
4.266000,-0.000177,-0.006636,0.034797,-0.000031,-0.005645,-0.037326,-0.000000,-0.001015,1.570155,0.000000,1.000000,1.100000,0.000000,0.000000,-1.571000,0.000177,1.006636,1.065203,1.465597
4.268000,-0.000177,-0.006638,0.034797,-0.000031,-0.005645,-0.037326,-0.000000,-0.001015,1.570155,0.000000,1.000000,1.100000,0.000000,0.000000,-1.571000,0.000177,1.006638,1.065203,1.465598
4.270000,-0.000177,-0.006640,0.034797,-0.000031,-0.005645,-0.037326,-0.000000,-0.001015,1.570156,0.000000,1.000000,1.100000,0.000000,0.000000,-1.571000,0.000177,1.006640,1.065203,1.465599
4.272000,-0.000177,-0.006641,0.034797,-0.000031,-0.005645,-0.037326,-0.000000,-0.001015,1.570156,0.000000,1.000000,1.100000,0.000000,0.000000,-1.571000,0.000177,1.006641,1.065203,1.465600
4.274000,-0.000177,-0.006643,0.034797,-0.000031,-0.005645,-0.037326,-0.000000,-0.001015,1.570156,0.000000,1.000000,1.100000,0.000000,0.000000,-1.571000,0.000177,1.006643,1.065203,1.465601
4.276000,-0.000177,-0.006645,0.034797,-0.000031,-0.005645,-0.037326,-0.000000,-0.001015,1.570156,0.000000,1.000000,1.100000,0.000000,0.000000,-1.571000,0.000177,1.006645,1.065203,1.465603
4.278000,-0.000177,-0.006647,0.034797,-0.000031,-0.005645,-0.037326,-0.000000,-0.001015,1.570156,0.000000,1.000000,1.100000,0.000000,0.000000,-1.571000,0.000177,1.006647,1.065203,1.465604
4.280000,-0.000177,-0.006648,0.034797,-0.000031,-0.005645,-0.037326,-0.000000,-0.001015,1.570156,0.000000,1.000000,1.100000,0.000000,0.000000,-1.571000,0.000177,1.006648,1.065203,1.465605
4.282000,-0.000177,-0.006650,0.034797,-0.000031,-0.005645,-0.037326,-0.000000,-0.001015,1.570156,0.000000,1.000000,1.100000,0.000000,0.000000,-1.571000,0.000177,1.006650,1.065203,1.465606
4.284000,-0.000177,-0.006652,0.034797,-0.000031,-0.005645,-0.037326,-0.000000,-0.001015,1.570156,0.000000,1.000000,1.100000,0.000000,0.000000,-1.571000,0.000177,1.006652,1.065203,1.465607
4.286000,-0.000177,-0.006653,0.034797,-0.000031,-0.005645,-0.037326,-0.000000,-0.001015,1.570156,0.000000,1.000000,1.100000,0.000000,0.000000,-1.571000,0.000177,1.006653,1.065203,1.465608
4.288000,-0.000177,-0.006655,0.034797,-0.000031,-0.005645,-0.037326,-0.000000,-0.001015,1.570156,0.000000,1.000000,1.100000,0.000000,0.000000,-1.571000,0.000177,1.006655,1.065203,1.465610
4.290000,-0.000177,-0.006657,0.034797,-0.000031,-0.005645,-0.037326,-0.000000,-0.001015,1.570156,0.000000,1.000000,1.100000,0.000000,0.000000,-1.571000,0.000177,1.006657,1.065203,1.465611
4.292000,-0.000177,-0.006658,0.034797,-0.000031,-0.005645,-0.037326,-0.000000,-0.001015,1.570156,0.000000,1.000000,1.100000,0.000000,0.000000,-1.571000,0.000177,1.006658,1.065203,1.465612
4.294000,-0.000178,-0.006660,0.034797,-0.000031,-0.005645,-0.037326,-0.000000,-0.001015,1.570156,0.000000,1.000000,1.100000,0.000000,0.000000,-1.571000,0.000178,1.006660,1.065203,1.465613
4.296000,-0.000178,-0.006662,0.034797,-0.000031,-0.005645,-0.037326,-0.000000,-0.001015,1.570156,0.000000,1.000000,1.100000,0.000000,0.000000,-1.571000,0.000178,1.006662,1.065203,1.465614
4.298000,-0.000178,-0.006663,0.034797,-0.000031,-0.005645,-0.037326,-0.000000,-0.001015,1.570156,0.000000,1.000000,1.100000,0.000000,0.000000,-1.571000,0.000178,1.006663,1.065203,1.465615
4.300000,-0.000178,-0.006665,0.034797,-0.000031,-0.005645,-0.037326,-0.000000,-0.001015,1.570156,0.000000,1.000000,1.100000,0.000000,0.000000,-1.571000,0.000178,1.006665,1.065203,1.465616
4.302000,-0.000178,-0.006667,0.034797,-0.000031,-0.005645,-0.037326,-0.000000,-0.001015,1.570156,0.000000,1.000000,1.100000,0.000000,0.000000,-1.571000,0.000178,1.006667,1.065203,1.465618
4.304000,-0.000178,-0.006668,0.034797,-0.000031,-0.005645,-0.037326,-0.000000,-0.001015,1.570156,0.000000,1.000000,1.100000,0.000000,0.000000,-1.571000,0.000178,1.006668,1.065203,1.465619
4.306000,-0.000178,-0.006670,0.034797,-0.000031,-0.005645,-0.037326,-0.000000,-0.001015,1.570156,0.000000,1.000000,1.100000,0.000000,0.000000,-1.571000,0.000178,1.006670,1.065203,1.465620
4.308000,-0.000178,-0.006672,0.034797,-0.000031,-0.005645,-0.037326,-0.000000,-0.001015,1.570156,0.000000,1.000000,1.100000,0.000000,0.000000,-1.571000,0.000178,1.006672,1.065203,1.465621
4.310000,-0.000178,-0.006673,0.034797,-0.000031,-0.005645,-0.037326,-0.000000,-0.001015,1.570156,0.000000,1.000000,1.100000,0.000000,0.000000,-1.571000,0.000178,1.006673,1.065203,1.465622
4.312000,-0.000178,-0.006675,0.034797,-0.000031,-0.005645,-0.037326,-0.000000,-0.001015,1.570156,0.000000,1.000000,1.100000,0.000000,0.000000,-1.571000,0.000178,1.006675,1.065203,1.465623
4.314000,-0.000178,-0.006677,0.034797,-0.000031,-0.005645,-0.037326,-0.000000,-0.001015,1.570156,0.000000,1.000000,1.100000,0.000000,0.000000,-1.571000,0.000178,1.006677,1.065203,1.465624
4.316000,-0.000178,-0.006678,0.034797,-0.000031,-0.005645,-0.037326,-0.000000,-0.001015,1.570156,0.000000,1.000000,1.100000,0.000000,0.000000,-1.571000,0.000178,1.006678,1.065203,1.465626
4.318000,-0.000178,-0.006680,0.034797,-0.000031,-0.005645,-0.037326,-0.000000,-0.001015,1.570156,0.000000,1.000000,1.100000,0.000000,0.000000,-1.571000,0.000178,1.006680,1.065203,1.465627
4.320000,-0.000178,-0.006682,0.034797,-0.000031,-0.005645,-0.037326,-0.000000,-0.001015,1.570157,0.000000,1.000000,1.100000,0.000000,0.000000,-1.571000,0.000178,1.006682,1.065203,1.465628
4.322000,-0.000178,-0.006683,0.034797,-0.000031,-0.005645,-0.037326,-0.000000,-0.001015,1.570157,0.000000,1.000000,1.100000,0.000000,0.000000,-1.571000,0.000178,1.006683,1.065203,1.465629
4.324000,-0.000178,-0.006685,0.034797,-0.000031,-0.005645,-0.037326,-0.000000,-0.001015,1.570157,0.000000,1.000000,1.100000,0.000000,0.000000,-1.571000,0.000178,1.006685,1.065203,1.465630
4.326000,-0.000178,-0.006687,0.034797,-0.000031,-0.005645,-0.037326,-0.000000,-0.001015,1.570157,0.000000,1.000000,1.100000,0.000000,0.000000,-1.571000,0.000178,1.006687,1.065203,1.465631
4.328000,-0.000178,-0.006688,0.034797,-0.000031,-0.005645,-0.037326,-0.000000,-0.001015,1.570157,0.000000,1.000000,1.100000,0.000000,0.000000,-1.571000,0.000178,1.006688,1.065203,1.465633
4.330000,-0.000178,-0.006690,0.034797,-0.000031,-0.005645,-0.037326,-0.000000,-0.001015,1.570157,0.000000,1.000000,1.100000,0.000000,0.000000,-1.571000,0.000178,1.006690,1.065203,1.465634
4.332000,-0.000178,-0.006692,0.034797,-0.000031,-0.005645,-0.037326,-0.000000,-0.001015,1.570157,0.000000,1.000000,1.100000,0.000000,0.000000,-1.571000,0.000178,1.006692,1.065203,1.465635
4.334000,-0.000178,-0.006693,0.034797,-0.000031,-0.005645,-0.037326,-0.000000,-0.001015,1.570157,0.000000,1.000000,1.100000,0.000000,0.000000,-1.571000,0.000178,1.006693,1.065203,1.465636
4.336000,-0.000178,-0.006695,0.034797,-0.000031,-0.005645,-0.037326,-0.000000,-0.001015,1.570157,0.000000,1.000000,1.100000,0.000000,0.000000,-1.571000,0.000178,1.006695,1.065203,1.465637
4.338000,-0.000179,-0.006697,0.034797,-0.000031,-0.005645,-0.037326,-0.000000,-0.001015,1.570157,0.000000,1.000000,1.100000,0.000000,0.000000,-1.571000,0.000179,1.006697,1.065203,1.465638
4.340000,-0.000179,-0.006698,0.034797,-0.000031,-0.005645,-0.037326,-0.000000,-0.001015,1.570157,0.000000,1.000000,1.100000,0.000000,0.000000,-1.571000,0.000179,1.006698,1.065203,1.465639
4.342000,-0.000179,-0.006700,0.034797,-0.000031,-0.005645,-0.037326,-0.000000,-0.001015,1.570157,0.000000,1.000000,1.100000,0.000000,0.000000,-1.571000,0.000179,1.006700,1.065203,1.465641
4.344000,-0.000179,-0.006702,0.034797,-0.000031,-0.005645,-0.037326,-0.000000,-0.001015,1.570157,0.000000,1.000000,1.100000,0.000000,0.000000,-1.571000,0.000179,1.006702,1.065203,1.465642
4.346000,-0.000179,-0.006703,0.034797,-0.000031,-0.005645,-0.037326,-0.000000,-0.001015,1.570157,0.000000,1.000000,1.100000,0.000000,0.000000,-1.571000,0.000179,1.006703,1.065203,1.465643
4.348000,-0.000179,-0.006705,0.034797,-0.000031,-0.005645,-0.037326,-0.000000,-0.001015,1.570157,0.000000,1.000000,1.100000,0.000000,0.000000,-1.571000,0.000179,1.006705,1.065203,1.465644
4.350000,-0.000179,-0.006707,0.034797,-0.000031,-0.005645,-0.037326,-0.000000,-0.001015,1.570157,0.000000,1.000000,1.100000,0.000000,0.000000,-1.571000,0.000179,1.006707,1.065203,1.465645
4.352000,-0.000179,-0.006708,0.034797,-0.000031,-0.005645,-0.037326,-0.000000,-0.001015,1.570157,0.000000,1.000000,1.100000,0.000000,0.000000,-1.571000,0.000179,1.006708,1.065203,1.465646
4.354000,-0.000179,-0.006710,0.034797,-0.000031,-0.005645,-0.037326,-0.000000,-0.001015,1.570157,0.000000,1.000000,1.100000,0.000000,0.000000,-1.571000,0.000179,1.006710,1.065203,1.465647
4.356000,-0.000179,-0.006712,0.034797,-0.000031,-0.005645,-0.037326,-0.000000,-0.001015,1.570157,0.000000,1.000000,1.100000,0.000000,0.000000,-1.571000,0.000179,1.006712,1.065203,1.465649
4.358000,-0.000179,-0.006713,0.034797,-0.000031,-0.005645,-0.037326,-0.000000,-0.001015,1.570157,0.000000,1.000000,1.100000,0.000000,0.000000,-1.571000,0.000179,1.006713,1.065203,1.465650
4.360000,-0.000179,-0.006715,0.034797,-0.000031,-0.005645,-0.037326,-0.000000,-0.001015,1.570157,0.000000,1.000000,1.100000,0.000000,0.000000,-1.571000,0.000179,1.006715,1.065203,1.465651
4.362000,-0.000179,-0.006717,0.034797,-0.000031,-0.005645,-0.037326,-0.000000,-0.001015,1.570157,0.000000,1.000000,1.100000,0.000000,0.000000,-1.571000,0.000179,1.006717,1.065203,1.465652
4.364000,-0.000179,-0.006719,0.034797,-0.000031,-0.005645,-0.037326,-0.000000,-0.001015,1.570157,0.000000,1.000000,1.100000,0.000000,0.000000,-1.571000,0.000179,1.006719,1.065203,1.465653
4.366000,-0.000179,-0.006720,0.034797,-0.000031,-0.005645,-0.037326,-0.000000,-0.001015,1.570157,0.000000,1.000000,1.100000,0.000000,0.000000,-1.571000,0.000179,1.006720,1.065203,1.465654
4.368000,-0.000179,-0.006722,0.034797,-0.000031,-0.005645,-0.037326,-0.000000,-0.001015,1.570157,0.000000,1.000000,1.100000,0.000000,0.000000,-1.571000,0.000179,1.006722,1.065203,1.465656
4.370000,-0.000179,-0.006724,0.034797,-0.000031,-0.005645,-0.037326,-0.000000,-0.001015,1.570157,0.000000,1.000000,1.100000,0.000000,0.000000,-1.571000,0.000179,1.006724,1.065203,1.465657
4.372000,-0.000179,-0.006725,0.034797,-0.000031,-0.005645,-0.037326,-0.000000,-0.001015,1.570158,0.000000,1.000000,1.100000,0.000000,0.000000,-1.571000,0.000179,1.006725,1.065203,1.465658
4.374000,-0.000179,-0.006727,0.034797,-0.000031,-0.005645,-0.037326,-0.000000,-0.001015,1.570158,0.000000,1.000000,1.100000,0.000000,0.000000,-1.571000,0.000179,1.006727,1.065203,1.465659
4.376000,-0.000179,-0.006729,0.034797,-0.000031,-0.005645,-0.037326,-0.000000,-0.001015,1.570158,0.000000,1.000000,1.100000,0.000000,0.000000,-1.571000,0.000179,1.006729,1.065203,1.465660
4.378000,-0.000179,-0.006730,0.034797,-0.000031,-0.005645,-0.037326,-0.000000,-0.001015,1.570158,0.000000,1.000000,1.100000,0.000000,0.000000,-1.571000,0.000179,1.006730,1.065203,1.465661
4.380000,-0.000179,-0.006732,0.034797,-0.000031,-0.005645,-0.037326,-0.000000,-0.001015,1.570158,0.000000,1.000000,1.100000,0.000000,0.000000,-1.571000,0.000179,1.006732,1.065203,1.465662
4.382000,-0.000180,-0.006734,0.034797,-0.000031,-0.005645,-0.037326,-0.000000,-0.001015,1.570158,0.000000,1.000000,1.100000,0.000000,0.000000,-1.571000,0.000180,1.006734,1.065203,1.465664
4.384000,-0.000180,-0.006735,0.034797,-0.000031,-0.005645,-0.037326,-0.000000,-0.001015,1.570158,0.000000,1.000000,1.100000,0.000000,0.000000,-1.571000,0.000180,1.006735,1.065203,1.465665
4.386000,-0.000180,-0.006737,0.034797,-0.000031,-0.005645,-0.037326,-0.000000,-0.001015,1.570158,0.000000,1.000000,1.100000,0.000000,0.000000,-1.571000,0.000180,1.006737,1.065203,1.465666
4.388000,-0.000180,-0.006739,0.034797,-0.000031,-0.005645,-0.037326,-0.000000,-0.001015,1.570158,0.000000,1.000000,1.100000,0.000000,0.000000,-1.571000,0.000180,1.006739,1.065203,1.465667
4.390000,-0.000180,-0.006740,0.034797,-0.000031,-0.005645,-0.037326,-0.000000,-0.001015,1.570158,0.000000,1.000000,1.100000,0.000000,0.000000,-1.571000,0.000180,1.006740,1.065203,1.465668
4.392000,-0.000180,-0.006742,0.034797,-0.000031,-0.005645,-0.037326,-0.000000,-0.001015,1.570158,0.000000,1.000000,1.100000,0.000000,0.000000,-1.571000,0.000180,1.006742,1.065203,1.465669
4.394000,-0.000180,-0.006744,0.034797,-0.000031,-0.005645,-0.037326,-0.000000,-0.001015,1.570158,0.000000,1.000000,1.100000,0.000000,0.000000,-1.571000,0.000180,1.006744,1.065203,1.465670
4.396000,-0.000180,-0.006745,0.034797,-0.000031,-0.005645,-0.037326,-0.000000,-0.001015,1.570158,0.000000,1.000000,1.100000,0.000000,0.000000,-1.571000,0.000180,1.006745,1.065203,1.465672
4.398000,-0.000180,-0.006747,0.034797,-0.000031,-0.005645,-0.037326,-0.000000,-0.001015,1.570158,0.000000,1.000000,1.100000,0.000000,0.000000,-1.571000,0.000180,1.006747,1.065203,1.465673
4.400000,-0.000180,-0.006749,0.034797,-0.000031,-0.005645,-0.037326,-0.000000,-0.001015,1.570158,0.000000,1.000000,1.100000,0.000000,0.000000,-1.571000,0.000180,1.006749,1.065203,1.465674
4.402000,-0.000180,-0.006750,0.034797,-0.000031,-0.005645,-0.037326,-0.000000,-0.001015,1.570158,0.000000,1.000000,1.100000,0.000000,0.000000,-1.571000,0.000180,1.006750,1.065203,1.465675
4.404000,-0.000180,-0.006752,0.034797,-0.000031,-0.005645,-0.037326,-0.000000,-0.001015,1.570158,0.000000,1.000000,1.100000,0.000000,0.000000,-1.571000,0.000180,1.006752,1.065203,1.465676
4.406000,-0.000180,-0.006754,0.034797,-0.000031,-0.005645,-0.037326,-0.000000,-0.001015,1.570158,0.000000,1.000000,1.100000,0.000000,0.000000,-1.571000,0.000180,1.006754,1.065203,1.465677
4.408000,-0.000180,-0.006755,0.034797,-0.000031,-0.005645,-0.037326,-0.000000,-0.001015,1.570158,0.000000,1.000000,1.100000,0.000000,0.000000,-1.571000,0.000180,1.006755,1.065203,1.465679
4.410000,-0.000180,-0.006757,0.034797,-0.000031,-0.005645,-0.037326,-0.000000,-0.001015,1.570158,0.000000,1.000000,1.100000,0.000000,0.000000,-1.571000,0.000180,1.006757,1.065203,1.465680
4.412000,-0.000180,-0.006759,0.034797,-0.000031,-0.005645,-0.037326,-0.000000,-0.001015,1.570158,0.000000,1.000000,1.100000,0.000000,0.000000,-1.571000,0.000180,1.006759,1.065203,1.465681
4.414000,-0.000180,-0.006760,0.034797,-0.000031,-0.005645,-0.037326,-0.000000,-0.001015,1.570158,0.000000,1.000000,1.100000,0.000000,0.000000,-1.571000,0.000180,1.006760,1.065203,1.465682
4.416000,-0.000180,-0.006762,0.034797,-0.000031,-0.005645,-0.037326,-0.000000,-0.001015,1.570158,0.000000,1.000000,1.100000,0.000000,0.000000,-1.571000,0.000180,1.006762,1.065203,1.465683
4.418000,-0.000180,-0.006764,0.034797,-0.000031,-0.005645,-0.037326,-0.000000,-0.001015,1.570158,0.000000,1.000000,1.100000,0.000000,0.000000,-1.571000,0.000180,1.006764,1.065203,1.465684
4.420000,-0.000180,-0.006765,0.034797,-0.000031,-0.005645,-0.037326,-0.000000,-0.001015,1.570158,0.000000,1.000000,1.100000,0.000000,0.000000,-1.571000,0.000180,1.006765,1.065203,1.465685
4.422000,-0.000180,-0.006767,0.034797,-0.000031,-0.005645,-0.037326,-0.000000,-0.001015,1.570159,0.000000,1.000000,1.100000,0.000000,0.000000,-1.571000,0.000180,1.006767,1.065203,1.465687
4.424000,-0.000180,-0.006769,0.034797,-0.000031,-0.005645,-0.037326,-0.000000,-0.001015,1.570159,0.000000,1.000000,1.100000,0.000000,0.000000,-1.571000,0.000180,1.006769,1.065203,1.465688
4.426000,-0.000181,-0.006770,0.034797,-0.000031,-0.005645,-0.037326,-0.000000,-0.001015,1.570159,0.000000,1.000000,1.100000,0.000000,0.000000,-1.571000,0.000181,1.006770,1.065203,1.465689
4.428000,-0.000181,-0.006772,0.034797,-0.000031,-0.005645,-0.037326,-0.000000,-0.001015,1.570159,0.000000,1.000000,1.100000,0.000000,0.000000,-1.571000,0.000181,1.006772,1.065203,1.465690
4.430000,-0.000181,-0.006774,0.034797,-0.000031,-0.005645,-0.037326,-0.000000,-0.001015,1.570159,0.000000,1.000000,1.100000,0.000000,0.000000,-1.571000,0.000181,1.006774,1.065203,1.465691
4.432000,-0.000181,-0.006775,0.034797,-0.000031,-0.005645,-0.037326,-0.000000,-0.001015,1.570159,0.000000,1.000000,1.100000,0.000000,0.000000,-1.571000,0.000181,1.006775,1.065203,1.465692
4.434000,-0.000181,-0.006777,0.034797,-0.000031,-0.005645,-0.037326,-0.000000,-0.001015,1.570159,0.000000,1.000000,1.100000,0.000000,0.000000,-1.571000,0.000181,1.006777,1.065203,1.465693
4.436000,-0.000181,-0.006779,0.034797,-0.000031,-0.005645,-0.037326,-0.000000,-0.001015,1.570159,0.000000,1.000000,1.100000,0.000000,0.000000,-1.571000,0.000181,1.006779,1.065203,1.465695
4.438000,-0.000181,-0.006780,0.034797,-0.000031,-0.005645,-0.037326,-0.000000,-0.001015,1.570159,0.000000,1.000000,1.100000,0.000000,0.000000,-1.571000,0.000181,1.006780,1.065203,1.465696
4.440000,-0.000181,-0.006782,0.034797,-0.000031,-0.005645,-0.037326,-0.000000,-0.001015,1.570159,0.000000,1.000000,1.100000,0.000000,0.000000,-1.571000,0.000181,1.006782,1.065203,1.465697
4.442000,-0.000181,-0.006784,0.034797,-0.000031,-0.005645,-0.037326,-0.000000,-0.001015,1.570159,0.000000,1.000000,1.100000,0.000000,0.000000,-1.571000,0.000181,1.006784,1.065203,1.465698
4.444000,-0.000181,-0.006786,0.034797,-0.000031,-0.005645,-0.037326,-0.000000,-0.001015,1.570159,0.000000,1.000000,1.100000,0.000000,0.000000,-1.571000,0.000181,1.006786,1.065203,1.465699
4.446000,-0.000181,-0.006787,0.034797,-0.000031,-0.005645,-0.037326,-0.000000,-0.001015,1.570159,0.000000,1.000000,1.100000,0.000000,0.000000,-1.571000,0.000181,1.006787,1.065203,1.465700
4.448000,-0.000181,-0.006789,0.034797,-0.000031,-0.005645,-0.037326,-0.000000,-0.001015,1.570159,0.000000,1.000000,1.100000,0.000000,0.000000,-1.571000,0.000181,1.006789,1.065203,1.465702
4.450000,-0.000181,-0.006791,0.034797,-0.000031,-0.005645,-0.037326,-0.000000,-0.001015,1.570159,0.000000,1.000000,1.100000,0.000000,0.000000,-1.571000,0.000181,1.006791,1.065203,1.465703
4.452000,-0.000181,-0.006792,0.034797,-0.000031,-0.005645,-0.037326,-0.000000,-0.001015,1.570159,0.000000,1.000000,1.100000,0.000000,0.000000,-1.571000,0.000181,1.006792,1.065203,1.465704
4.454000,-0.000181,-0.006794,0.034797,-0.000031,-0.005645,-0.037326,-0.000000,-0.001015,1.570159,0.000000,1.000000,1.100000,0.000000,0.000000,-1.571000,0.000181,1.006794,1.065203,1.465705
4.456000,-0.000181,-0.006796,0.034797,-0.000031,-0.005645,-0.037326,-0.000000,-0.001015,1.570159,0.000000,1.000000,1.100000,0.000000,0.000000,-1.571000,0.000181,1.006796,1.065203,1.465706
4.458000,-0.000181,-0.006797,0.034797,-0.000031,-0.005645,-0.037326,-0.000000,-0.001015,1.570159,0.000000,1.000000,1.100000,0.000000,0.000000,-1.571000,0.000181,1.006797,1.065203,1.465707
4.460000,-0.000181,-0.006799,0.034797,-0.000031,-0.005645,-0.037326,-0.000000,-0.001015,1.570159,0.000000,1.000000,1.100000,0.000000,0.000000,-1.571000,0.000181,1.006799,1.065203,1.465708
4.462000,-0.000181,-0.006801,0.034797,-0.000031,-0.005645,-0.037326,-0.000000,-0.001015,1.570159,0.000000,1.000000,1.100000,0.000000,0.000000,-1.571000,0.000181,1.006801,1.065203,1.465710
4.464000,-0.000181,-0.006802,0.034797,-0.000031,-0.005645,-0.037326,-0.000000,-0.001015,1.570159,0.000000,1.000000,1.100000,0.000000,0.000000,-1.571000,0.000181,1.006802,1.065203,1.465711
4.466000,-0.000181,-0.006804,0.034797,-0.000031,-0.005645,-0.037326,-0.000000,-0.001015,1.570159,0.000000,1.000000,1.100000,0.000000,0.000000,-1.571000,0.000181,1.006804,1.065203,1.465712
4.468000,-0.000181,-0.006806,0.034797,-0.000031,-0.005645,-0.037326,-0.000000,-0.001015,1.570159,0.000000,1.000000,1.100000,0.000000,0.000000,-1.571000,0.000181,1.006806,1.065203,1.465713
4.470000,-0.000182,-0.006807,0.034797,-0.000031,-0.005645,-0.037326,-0.000000,-0.001015,1.570159,0.000000,1.000000,1.100000,0.000000,0.000000,-1.571000,0.000182,1.006807,1.065203,1.465714
4.472000,-0.000182,-0.006809,0.034797,-0.000031,-0.005645,-0.037326,-0.000000,-0.001015,1.570159,0.000000,1.000000,1.100000,0.000000,0.000000,-1.571000,0.000182,1.006809,1.065203,1.465715
4.474000,-0.000182,-0.006811,0.034797,-0.000031,-0.005645,-0.037326,-0.000000,-0.001015,1.570160,0.000000,1.000000,1.100000,0.000000,0.000000,-1.571000,0.000182,1.006811,1.065203,1.465717
4.476000,-0.000182,-0.006812,0.034797,-0.000031,-0.005645,-0.037326,-0.000000,-0.001015,1.570160,0.000000,1.000000,1.100000,0.000000,0.000000,-1.571000,0.000182,1.006812,1.065203,1.465718
4.478000,-0.000182,-0.006814,0.034797,-0.000031,-0.005645,-0.037326,-0.000000,-0.001015,1.570160,0.000000,1.000000,1.100000,0.000000,0.000000,-1.571000,0.000182,1.006814,1.065203,1.465719
4.480000,-0.000182,-0.006816,0.034797,-0.000031,-0.005645,-0.037326,-0.000000,-0.001015,1.570160,0.000000,1.000000,1.100000,0.000000,0.000000,-1.571000,0.000182,1.006816,1.065203,1.465720
4.482000,-0.000182,-0.006817,0.034797,-0.000031,-0.005645,-0.037326,-0.000000,-0.001015,1.570160,0.000000,1.000000,1.100000,0.000000,0.000000,-1.571000,0.000182,1.006817,1.065203,1.465721
4.484000,-0.000182,-0.006819,0.034797,-0.000031,-0.005645,-0.037326,-0.000000,-0.001015,1.570160,0.000000,1.000000,1.100000,0.000000,0.000000,-1.571000,0.000182,1.006819,1.065203,1.465722
4.486000,-0.000182,-0.006821,0.034797,-0.000031,-0.005645,-0.037326,-0.000000,-0.001015,1.570160,0.000000,1.000000,1.100000,0.000000,0.000000,-1.571000,0.000182,1.006821,1.065203,1.465723
4.488000,-0.000182,-0.006822,0.034797,-0.000031,-0.005645,-0.037326,-0.000000,-0.001015,1.570160,0.000000,1.000000,1.100000,0.000000,0.000000,-1.571000,0.000182,1.006822,1.065203,1.465725
4.490000,-0.000182,-0.006824,0.034797,-0.000031,-0.005645,-0.037326,-0.000000,-0.001015,1.570160,0.000000,1.000000,1.100000,0.000000,0.000000,-1.571000,0.000182,1.006824,1.065203,1.465726
4.492000,-0.000182,-0.006826,0.034797,-0.000031,-0.005645,-0.037326,-0.000000,-0.001015,1.570160,0.000000,1.000000,1.100000,0.000000,0.000000,-1.571000,0.000182,1.006826,1.065203,1.465727
4.494000,-0.000182,-0.006827,0.034797,-0.000031,-0.005645,-0.037326,-0.000000,-0.001015,1.570160,0.000000,1.000000,1.100000,0.000000,0.000000,-1.571000,0.000182,1.006827,1.065203,1.465728
4.496000,-0.000182,-0.006829,0.034797,-0.000031,-0.005645,-0.037326,-0.000000,-0.001015,1.570160,0.000000,1.000000,1.100000,0.000000,0.000000,-1.571000,0.000182,1.006829,1.065203,1.465729
4.498000,-0.000182,-0.006831,0.034797,-0.000031,-0.005645,-0.037326,-0.000000,-0.001015,1.570160,0.000000,1.000000,1.100000,0.000000,0.000000,-1.571000,0.000182,1.006831,1.065203,1.465730
4.500000,-0.000182,-0.006832,0.034797,-0.000031,-0.005645,-0.037326,-0.000000,-0.001015,1.570160,0.000000,1.000000,1.100000,0.000000,0.000000,-1.571000,0.000182,1.006832,1.065203,1.465731
4.502000,-0.000182,-0.006834,0.034797,-0.000031,-0.005645,-0.037326,-0.000000,-0.001015,1.570160,0.000000,1.000000,1.100000,0.000000,0.000000,-1.571000,0.000182,1.006834,1.065203,1.465733
4.504000,-0.000182,-0.006836,0.034797,-0.000031,-0.005645,-0.037326,-0.000000,-0.001015,1.570160,0.000000,1.000000,1.100000,0.000000,0.000000,-1.571000,0.000182,1.006836,1.065203,1.465734
4.506000,-0.000182,-0.006837,0.034797,-0.000031,-0.005645,-0.037326,-0.000000,-0.001015,1.570160,0.000000,1.000000,1.100000,0.000000,0.000000,-1.571000,0.000182,1.006837,1.065203,1.465735
4.508000,-0.000182,-0.006839,0.034797,-0.000031,-0.005645,-0.037326,-0.000000,-0.001015,1.570160,0.000000,1.000000,1.100000,0.000000,0.000000,-1.571000,0.000182,1.006839,1.065203,1.465736
4.510000,-0.000182,-0.006841,0.034797,-0.000031,-0.005645,-0.037326,-0.000000,-0.001015,1.570160,0.000000,1.000000,1.100000,0.000000,0.000000,-1.571000,0.000182,1.006841,1.065203,1.465737
4.512000,-0.000182,-0.006842,0.034797,-0.000031,-0.005645,-0.037326,-0.000000,-0.001015,1.570160,0.000000,1.000000,1.100000,0.000000,0.000000,-1.571000,0.000182,1.006842,1.065203,1.465738
4.514000,-0.000183,-0.006844,0.034797,-0.000031,-0.005645,-0.037326,-0.000000,-0.001015,1.570160,0.000000,1.000000,1.100000,0.000000,0.000000,-1.571000,0.000183,1.006844,1.065203,1.465740
4.516000,-0.000183,-0.006846,0.034797,-0.000031,-0.005645,-0.037326,-0.000000,-0.001015,1.570160,0.000000,1.000000,1.100000,0.000000,0.000000,-1.571000,0.000183,1.006846,1.065203,1.465741
4.518000,-0.000183,-0.006847,0.034797,-0.000031,-0.005645,-0.037326,-0.000000,-0.001015,1.570160,0.000000,1.000000,1.100000,0.000000,0.000000,-1.571000,0.000183,1.006847,1.065203,1.465742
4.520000,-0.000183,-0.006849,0.034797,-0.000031,-0.005645,-0.037326,-0.000000,-0.001015,1.570160,0.000000,1.000000,1.100000,0.000000,0.000000,-1.571000,0.000183,1.006849,1.065203,1.465743
4.522000,-0.000183,-0.006851,0.034797,-0.000031,-0.005645,-0.037326,-0.000000,-0.001015,1.570160,0.000000,1.000000,1.100000,0.000000,0.000000,-1.571000,0.000183,1.006851,1.065203,1.465744
4.524000,-0.000183,-0.006852,0.034797,-0.000031,-0.005645,-0.037326,-0.000000,-0.001015,1.570161,0.000000,1.000000,1.100000,0.000000,0.000000,-1.571000,0.000183,1.006852,1.065203,1.465745
4.526000,-0.000183,-0.006854,0.034797,-0.000031,-0.005645,-0.037326,-0.000000,-0.001015,1.570161,0.000000,1.000000,1.100000,0.000000,0.000000,-1.571000,0.000183,1.006854,1.065203,1.465746
4.528000,-0.000183,-0.006856,0.034797,-0.000031,-0.005645,-0.037326,-0.000000,-0.001015,1.570161,0.000000,1.000000,1.100000,0.000000,0.000000,-1.571000,0.000183,1.006856,1.065203,1.465748
4.530000,-0.000183,-0.006858,0.034797,-0.000031,-0.005645,-0.037326,-0.000000,-0.001015,1.570161,0.000000,1.000000,1.100000,0.000000,0.000000,-1.571000,0.000183,1.006858,1.065203,1.465749
4.532000,-0.000183,-0.006859,0.034797,-0.000031,-0.005645,-0.037326,-0.000000,-0.001015,1.570161,0.000000,1.000000,1.100000,0.000000,0.000000,-1.571000,0.000183,1.006859,1.065203,1.465750
4.534000,-0.000183,-0.006861,0.034797,-0.000031,-0.005645,-0.037326,-0.000000,-0.001015,1.570161,0.000000,1.000000,1.100000,0.000000,0.000000,-1.571000,0.000183,1.006861,1.065203,1.465751
4.536000,-0.000183,-0.006863,0.034797,-0.000031,-0.005645,-0.037326,-0.000000,-0.001015,1.570161,0.000000,1.000000,1.100000,0.000000,0.000000,-1.571000,0.000183,1.006863,1.065203,1.465752
4.538000,-0.000183,-0.006864,0.034797,-0.000031,-0.005645,-0.037326,-0.000000,-0.001015,1.570161,0.000000,1.000000,1.100000,0.000000,0.000000,-1.571000,0.000183,1.006864,1.065203,1.465753
4.540000,-0.000183,-0.006866,0.034797,-0.000031,-0.005645,-0.037326,-0.000000,-0.001015,1.570161,0.000000,1.000000,1.100000,0.000000,0.000000,-1.571000,0.000183,1.006866,1.065203,1.465754
4.542000,-0.000183,-0.006868,0.034797,-0.000031,-0.005645,-0.037326,-0.000000,-0.001015,1.570161,0.000000,1.000000,1.100000,0.000000,0.000000,-1.571000,0.000183,1.006868,1.065203,1.465756
4.544000,-0.000183,-0.006869,0.034797,-0.000031,-0.005645,-0.037326,-0.000000,-0.001015,1.570161,0.000000,1.000000,1.100000,0.000000,0.000000,-1.571000,0.000183,1.006869,1.065203,1.465757
4.546000,-0.000183,-0.006871,0.034797,-0.000031,-0.005645,-0.037326,-0.000000,-0.001015,1.570161,0.000000,1.000000,1.100000,0.000000,0.000000,-1.571000,0.000183,1.006871,1.065203,1.465758
4.548000,-0.000183,-0.006873,0.034797,-0.000031,-0.005645,-0.037326,-0.000000,-0.001015,1.570161,0.000000,1.000000,1.100000,0.000000,0.000000,-1.571000,0.000183,1.006873,1.065203,1.465759
4.550000,-0.000183,-0.006874,0.034797,-0.000031,-0.005645,-0.037326,-0.000000,-0.001015,1.570161,0.000000,1.000000,1.100000,0.000000,0.000000,-1.571000,0.000183,1.006874,1.065203,1.465760
4.552000,-0.000183,-0.006876,0.034797,-0.000031,-0.005645,-0.037326,-0.000000,-0.001015,1.570161,0.000000,1.000000,1.100000,0.000000,0.000000,-1.571000,0.000183,1.006876,1.065203,1.465761
4.554000,-0.000183,-0.006878,0.034797,-0.000031,-0.005645,-0.037326,-0.000000,-0.001015,1.570161,0.000000,1.000000,1.100000,0.000000,0.000000,-1.571000,0.000183,1.006878,1.065203,1.465763
4.556000,-0.000183,-0.006879,0.034797,-0.000031,-0.005645,-0.037326,-0.000000,-0.001015,1.570161,0.000000,1.000000,1.100000,0.000000,0.000000,-1.571000,0.000183,1.006879,1.065203,1.465764
4.558000,-0.000184,-0.006881,0.034797,-0.000031,-0.005645,-0.037326,-0.000000,-0.001015,1.570161,0.000000,1.000000,1.100000,0.000000,0.000000,-1.571000,0.000184,1.006881,1.065203,1.465765
4.560000,-0.000184,-0.006883,0.034797,-0.000031,-0.005645,-0.037326,-0.000000,-0.001015,1.570161,0.000000,1.000000,1.100000,0.000000,0.000000,-1.571000,0.000184,1.006883,1.065203,1.465766
4.562000,-0.000184,-0.006884,0.034797,-0.000031,-0.005645,-0.037326,-0.000000,-0.001015,1.570161,0.000000,1.000000,1.100000,0.000000,0.000000,-1.571000,0.000184,1.006884,1.065203,1.465767
4.564000,-0.000184,-0.006886,0.034797,-0.000031,-0.005645,-0.037326,-0.000000,-0.001015,1.570161,0.000000,1.000000,1.100000,0.000000,0.000000,-1.571000,0.000184,1.006886,1.065203,1.465768
4.566000,-0.000184,-0.006888,0.034797,-0.000031,-0.005645,-0.037326,-0.000000,-0.001015,1.570161,0.000000,1.000000,1.100000,0.000000,0.000000,-1.571000,0.000184,1.006888,1.065203,1.465769
4.568000,-0.000184,-0.006889,0.034797,-0.000031,-0.005645,-0.037326,-0.000000,-0.001015,1.570161,0.000000,1.000000,1.100000,0.000000,0.000000,-1.571000,0.000184,1.006889,1.065203,1.465771
4.570000,-0.000184,-0.006891,0.034797,-0.000031,-0.005645,-0.037326,-0.000000,-0.001015,1.570161,0.000000,1.000000,1.100000,0.000000,0.000000,-1.571000,0.000184,1.006891,1.065203,1.465772
4.572000,-0.000184,-0.006893,0.034797,-0.000031,-0.005645,-0.037326,-0.000000,-0.001015,1.570161,0.000000,1.000000,1.100000,0.000000,0.000000,-1.571000,0.000184,1.006893,1.065203,1.465773
4.574000,-0.000184,-0.006894,0.034797,-0.000031,-0.005645,-0.037326,-0.000000,-0.001015,1.570161,0.000000,1.000000,1.100000,0.000000,0.000000,-1.571000,0.000184,1.006894,1.065203,1.465774
4.576000,-0.000184,-0.006896,0.034797,-0.000031,-0.005645,-0.037326,-0.000000,-0.001015,1.570162,0.000000,1.000000,1.100000,0.000000,0.000000,-1.571000,0.000184,1.006896,1.065203,1.465775
4.578000,-0.000184,-0.006898,0.034797,-0.000031,-0.005645,-0.037326,-0.000000,-0.001015,1.570162,0.000000,1.000000,1.100000,0.000000,0.000000,-1.571000,0.000184,1.006898,1.065203,1.465776
4.580000,-0.000184,-0.006899,0.034797,-0.000031,-0.005645,-0.037326,-0.000000,-0.001015,1.570162,0.000000,1.000000,1.100000,0.000000,0.000000,-1.571000,0.000184,1.006899,1.065203,1.465777
4.582000,-0.000184,-0.006901,0.034797,-0.000031,-0.005645,-0.037326,-0.000000,-0.001015,1.570162,0.000000,1.000000,1.100000,0.000000,0.000000,-1.571000,0.000184,1.006901,1.065203,1.465779
4.584000,-0.000184,-0.006903,0.034797,-0.000031,-0.005645,-0.037326,-0.000000,-0.001015,1.570162,0.000000,1.000000,1.100000,0.000000,0.000000,-1.571000,0.000184,1.006903,1.065203,1.465780
4.586000,-0.000184,-0.006904,0.034797,-0.000031,-0.005645,-0.037326,-0.000000,-0.001015,1.570162,0.000000,1.000000,1.100000,0.000000,0.000000,-1.571000,0.000184,1.006904,1.065203,1.465781
4.588000,-0.000184,-0.006906,0.034797,-0.000031,-0.005645,-0.037326,-0.000000,-0.001015,1.570162,0.000000,1.000000,1.100000,0.000000,0.000000,-1.571000,0.000184,1.006906,1.065203,1.465782
4.590000,-0.000184,-0.006908,0.034797,-0.000031,-0.005645,-0.037326,-0.000000,-0.001015,1.570162,0.000000,1.000000,1.100000,0.000000,0.000000,-1.571000,0.000184,1.006908,1.065203,1.465783
4.592000,-0.000184,-0.006909,0.034797,-0.000031,-0.005645,-0.037326,-0.000000,-0.001015,1.570162,0.000000,1.000000,1.100000,0.000000,0.000000,-1.571000,0.000184,1.006909,1.065203,1.465784
4.594000,-0.000184,-0.006911,0.034797,-0.000031,-0.005645,-0.037326,-0.000000,-0.001015,1.570162,0.000000,1.000000,1.100000,0.000000,0.000000,-1.571000,0.000184,1.006911,1.065203,1.465786
4.596000,-0.000184,-0.006913,0.034797,-0.000031,-0.005645,-0.037326,-0.000000,-0.001015,1.570162,0.000000,1.000000,1.100000,0.000000,0.000000,-1.571000,0.000184,1.006913,1.065203,1.465787
4.598000,-0.000184,-0.006914,0.034797,-0.000031,-0.005645,-0.037326,-0.000000,-0.001015,1.570162,0.000000,1.000000,1.100000,0.000000,0.000000,-1.571000,0.000184,1.006914,1.065203,1.465788
4.600000,-0.000184,-0.006916,0.034797,-0.000031,-0.005645,-0.037326,-0.000000,-0.001015,1.570162,0.000000,1.000000,1.100000,0.000000,0.000000,-1.571000,0.000184,1.006916,1.065203,1.465789
4.602000,-0.000184,-0.006918,0.034797,-0.000031,-0.005645,-0.037326,-0.000000,-0.001015,1.570162,0.000000,1.000000,1.100000,0.000000,0.000000,-1.571000,0.000184,1.006918,1.065203,1.465790
4.604000,-0.000185,-0.006919,0.034797,-0.000031,-0.005645,-0.037326,-0.000000,-0.001015,1.570162,0.000000,1.000000,1.100000,0.000000,0.000000,-1.571000,0.000185,1.006919,1.065203,1.465791
4.606000,-0.000185,-0.006921,0.034797,-0.000031,-0.005645,-0.037326,-0.000000,-0.001015,1.570162,0.000000,1.000000,1.100000,0.000000,0.000000,-1.571000,0.000185,1.006921,1.065203,1.465792
4.608000,-0.000185,-0.006923,0.034797,-0.000031,-0.005645,-0.037326,-0.000000,-0.001015,1.570162,0.000000,1.000000,1.100000,0.000000,0.000000,-1.571000,0.000185,1.006923,1.065203,1.465794
4.610000,-0.000185,-0.006925,0.034797,-0.000031,-0.005645,-0.037326,-0.000000,-0.001015,1.570162,0.000000,1.000000,1.100000,0.000000,0.000000,-1.571000,0.000185,1.006925,1.065203,1.465795
4.612000,-0.000185,-0.006926,0.034797,-0.000031,-0.005645,-0.037326,-0.000000,-0.001015,1.570162,0.000000,1.000000,1.100000,0.000000,0.000000,-1.571000,0.000185,1.006926,1.065203,1.465796
4.614000,-0.000185,-0.006928,0.034797,-0.000031,-0.005645,-0.037326,-0.000000,-0.001015,1.570162,0.000000,1.000000,1.100000,0.000000,0.000000,-1.571000,0.000185,1.006928,1.065203,1.465797
4.616000,-0.000185,-0.006930,0.034797,-0.000031,-0.005645,-0.037326,-0.000000,-0.001015,1.570162,0.000000,1.000000,1.100000,0.000000,0.000000,-1.571000,0.000185,1.006930,1.065203,1.465798
4.618000,-0.000185,-0.006931,0.034797,-0.000031,-0.005645,-0.037326,-0.000000,-0.001015,1.570162,0.000000,1.000000,1.100000,0.000000,0.000000,-1.571000,0.000185,1.006931,1.065203,1.465799
4.620000,-0.000185,-0.006933,0.034797,-0.000031,-0.005645,-0.037326,-0.000000,-0.001015,1.570162,0.000000,1.000000,1.100000,0.000000,0.000000,-1.571000,0.000185,1.006933,1.065203,1.465800
4.622000,-0.000185,-0.006935,0.034797,-0.000031,-0.005645,-0.037326,-0.000000,-0.001015,1.570162,0.000000,1.000000,1.100000,0.000000,0.000000,-1.571000,0.000185,1.006935,1.065203,1.465802
4.624000,-0.000185,-0.006936,0.034797,-0.000031,-0.005645,-0.037326,-0.000000,-0.001015,1.570162,0.000000,1.000000,1.100000,0.000000,0.000000,-1.571000,0.000185,1.006936,1.065203,1.465803
4.626000,-0.000185,-0.006938,0.034797,-0.000031,-0.005645,-0.037326,-0.000000,-0.001015,1.570163,0.000000,1.000000,1.100000,0.000000,0.000000,-1.571000,0.000185,1.006938,1.065203,1.465804
4.628000,-0.000185,-0.006940,0.034797,-0.000031,-0.005645,-0.037326,-0.000000,-0.001015,1.570163,0.000000,1.000000,1.100000,0.000000,0.000000,-1.571000,0.000185,1.006940,1.065203,1.465805
4.630000,-0.000185,-0.006941,0.034797,-0.000031,-0.005645,-0.037326,-0.000000,-0.001015,1.570163,0.000000,1.000000,1.100000,0.000000,0.000000,-1.571000,0.000185,1.006941,1.065203,1.465806
4.632000,-0.000185,-0.006943,0.034797,-0.000031,-0.005645,-0.037326,-0.000000,-0.001015,1.570163,0.000000,1.000000,1.100000,0.000000,0.000000,-1.571000,0.000185,1.006943,1.065203,1.465807
4.634000,-0.000185,-0.006945,0.034797,-0.000031,-0.005645,-0.037326,-0.000000,-0.001015,1.570163,0.000000,1.000000,1.100000,0.000000,0.000000,-1.571000,0.000185,1.006945,1.065203,1.465809
4.636000,-0.000185,-0.006946,0.034797,-0.000031,-0.005645,-0.037326,-0.000000,-0.001015,1.570163,0.000000,1.000000,1.100000,0.000000,0.000000,-1.571000,0.000185,1.006946,1.065203,1.465810
4.638000,-0.000185,-0.006948,0.034797,-0.000031,-0.005645,-0.037326,-0.000000,-0.001015,1.570163,0.000000,1.000000,1.100000,0.000000,0.000000,-1.571000,0.000185,1.006948,1.065203,1.465811
4.640000,-0.000185,-0.006950,0.034797,-0.000031,-0.005645,-0.037326,-0.000000,-0.001015,1.570163,0.000000,1.000000,1.100000,0.000000,0.000000,-1.571000,0.000185,1.006950,1.065203,1.465812
4.642000,-0.000185,-0.006951,0.034797,-0.000031,-0.005645,-0.037326,-0.000000,-0.001015,1.570163,0.000000,1.000000,1.100000,0.000000,0.000000,-1.571000,0.000185,1.006951,1.065203,1.465813
4.644000,-0.000185,-0.006953,0.034797,-0.000031,-0.005645,-0.037326,-0.000000,-0.001015,1.570163,0.000000,1.000000,1.100000,0.000000,0.000000,-1.571000,0.000185,1.006953,1.065203,1.465814
4.646000,-0.000185,-0.006955,0.034797,-0.000031,-0.005645,-0.037326,-0.000000,-0.001015,1.570163,0.000000,1.000000,1.100000,0.000000,0.000000,-1.571000,0.000185,1.006955,1.065203,1.465815
4.648000,-0.000186,-0.006956,0.034797,-0.000031,-0.005645,-0.037326,-0.000000,-0.001015,1.570163,0.000000,1.000000,1.100000,0.000000,0.000000,-1.571000,0.000186,1.006956,1.065203,1.465817
4.650000,-0.000186,-0.006958,0.034797,-0.000031,-0.005645,-0.037326,-0.000000,-0.001015,1.570163,0.000000,1.000000,1.100000,0.000000,0.000000,-1.571000,0.000186,1.006958,1.065203,1.465818
4.652000,-0.000186,-0.006960,0.034797,-0.000031,-0.005645,-0.037326,-0.000000,-0.001015,1.570163,0.000000,1.000000,1.100000,0.000000,0.000000,-1.571000,0.000186,1.006960,1.065203,1.465819
4.654000,-0.000186,-0.006961,0.034797,-0.000031,-0.005645,-0.037326,-0.000000,-0.001015,1.570163,0.000000,1.000000,1.100000,0.000000,0.000000,-1.571000,0.000186,1.006961,1.065203,1.465820
4.656000,-0.000186,-0.006963,0.034797,-0.000031,-0.005645,-0.037326,-0.000000,-0.001015,1.570163,0.000000,1.000000,1.100000,0.000000,0.000000,-1.571000,0.000186,1.006963,1.065203,1.465821
4.658000,-0.000186,-0.006965,0.034797,-0.000031,-0.005645,-0.037326,-0.000000,-0.001015,1.570163,0.000000,1.000000,1.100000,0.000000,0.000000,-1.571000,0.000186,1.006965,1.065203,1.465822
4.660000,-0.000186,-0.006966,0.034797,-0.000031,-0.005645,-0.037326,-0.000000,-0.001015,1.570163,0.000000,1.000000,1.100000,0.000000,0.000000,-1.571000,0.000186,1.006966,1.065203,1.465823
4.662000,-0.000186,-0.006968,0.034797,-0.000031,-0.005645,-0.037326,-0.000000,-0.001015,1.570163,0.000000,1.000000,1.100000,0.000000,0.000000,-1.571000,0.000186,1.006968,1.065203,1.465825
4.664000,-0.000186,-0.006970,0.034797,-0.000031,-0.005645,-0.037326,-0.000000,-0.001015,1.570163,0.000000,1.000000,1.100000,0.000000,0.000000,-1.571000,0.000186,1.006970,1.065203,1.465826
4.666000,-0.000186,-0.006971,0.034797,-0.000031,-0.005645,-0.037326,-0.000000,-0.001015,1.570163,0.000000,1.000000,1.100000,0.000000,0.000000,-1.571000,0.000186,1.006971,1.065203,1.465827
4.668000,-0.000186,-0.006973,0.034797,-0.000031,-0.005645,-0.037326,-0.000000,-0.001015,1.570163,0.000000,1.000000,1.100000,0.000000,0.000000,-1.571000,0.000186,1.006973,1.065203,1.465828
4.670000,-0.000186,-0.006975,0.034797,-0.000031,-0.005645,-0.037326,-0.000000,-0.001015,1.570163,0.000000,1.000000,1.100000,0.000000,0.000000,-1.571000,0.000186,1.006975,1.065203,1.465829
4.672000,-0.000186,-0.006976,0.034797,-0.000031,-0.005645,-0.037326,-0.000000,-0.001015,1.570163,0.000000,1.000000,1.100000,0.000000,0.000000,-1.571000,0.000186,1.006976,1.065203,1.465830
4.674000,-0.000186,-0.006978,0.034797,-0.000031,-0.005645,-0.037326,-0.000000,-0.001015,1.570163,0.000000,1.000000,1.100000,0.000000,0.000000,-1.571000,0.000186,1.006978,1.065203,1.465832
4.676000,-0.000186,-0.006980,0.034797,-0.000031,-0.005645,-0.037326,-0.000000,-0.001015,1.570163,0.000000,1.000000,1.100000,0.000000,0.000000,-1.571000,0.000186,1.006980,1.065203,1.465833
4.678000,-0.000186,-0.006981,0.034797,-0.000031,-0.005645,-0.037326,-0.000000,-0.001015,1.570164,0.000000,1.000000,1.100000,0.000000,0.000000,-1.571000,0.000186,1.006981,1.065203,1.465834
4.680000,-0.000186,-0.006983,0.034797,-0.000031,-0.005645,-0.037326,-0.000000,-0.001015,1.570164,0.000000,1.000000,1.100000,0.000000,0.000000,-1.571000,0.000186,1.006983,1.065203,1.465835
4.682000,-0.000186,-0.006985,0.034797,-0.000031,-0.005645,-0.037326,-0.000000,-0.001015,1.570164,0.000000,1.000000,1.100000,0.000000,0.000000,-1.571000,0.000186,1.006985,1.065203,1.465836
4.684000,-0.000186,-0.006986,0.034797,-0.000031,-0.005645,-0.037326,-0.000000,-0.001015,1.570164,0.000000,1.000000,1.100000,0.000000,0.000000,-1.571000,0.000186,1.006986,1.065203,1.465837
4.686000,-0.000186,-0.006988,0.034797,-0.000031,-0.005645,-0.037326,-0.000000,-0.001015,1.570164,0.000000,1.000000,1.100000,0.000000,0.000000,-1.571000,0.000186,1.006988,1.065203,1.465838
4.688000,-0.000186,-0.006990,0.034797,-0.000031,-0.005645,-0.037326,-0.000000,-0.001015,1.570164,0.000000,1.000000,1.100000,0.000000,0.000000,-1.571000,0.000186,1.006990,1.065203,1.465840
4.690000,-0.000186,-0.006991,0.034797,-0.000031,-0.005645,-0.037326,-0.000000,-0.001015,1.570164,0.000000,1.000000,1.100000,0.000000,0.000000,-1.571000,0.000186,1.006991,1.065203,1.465841
4.692000,-0.000187,-0.006993,0.034797,-0.000031,-0.005645,-0.037326,-0.000000,-0.001015,1.570164,0.000000,1.000000,1.100000,0.000000,0.000000,-1.571000,0.000187,1.006993,1.065203,1.465842
4.694000,-0.000187,-0.006995,0.034797,-0.000031,-0.005645,-0.037326,-0.000000,-0.001015,1.570164,0.000000,1.000000,1.100000,0.000000,0.000000,-1.571000,0.000187,1.006995,1.065203,1.465843
4.696000,-0.000187,-0.006997,0.034797,-0.000031,-0.005645,-0.037326,-0.000000,-0.001015,1.570164,0.000000,1.000000,1.100000,0.000000,0.000000,-1.571000,0.000187,1.006997,1.065203,1.465844
4.698000,-0.000187,-0.006998,0.034797,-0.000031,-0.005645,-0.037326,-0.000000,-0.001015,1.570164,0.000000,1.000000,1.100000,0.000000,0.000000,-1.571000,0.000187,1.006998,1.065203,1.465845
4.700000,-0.000187,-0.007000,0.034797,-0.000031,-0.005645,-0.037326,-0.000000,-0.001015,1.570164,0.000000,1.000000,1.100000,0.000000,0.000000,-1.571000,0.000187,1.007000,1.065203,1.465846
4.702000,-0.000187,-0.007002,0.034797,-0.000031,-0.005645,-0.037326,-0.000000,-0.001015,1.570164,0.000000,1.000000,1.100000,0.000000,0.000000,-1.571000,0.000187,1.007002,1.065203,1.465848
4.704000,-0.000187,-0.007003,0.034797,-0.000031,-0.005645,-0.037326,-0.000000,-0.001015,1.570164,0.000000,1.000000,1.100000,0.000000,0.000000,-1.571000,0.000187,1.007003,1.065203,1.465849
4.706000,-0.000187,-0.007005,0.034797,-0.000031,-0.005645,-0.037326,-0.000000,-0.001015,1.570164,0.000000,1.000000,1.100000,0.000000,0.000000,-1.571000,0.000187,1.007005,1.065203,1.465850
4.708000,-0.000187,-0.007007,0.034797,-0.000031,-0.005645,-0.037326,-0.000000,-0.001015,1.570164,0.000000,1.000000,1.100000,0.000000,0.000000,-1.571000,0.000187,1.007007,1.065203,1.465851
4.710000,-0.000187,-0.007008,0.034797,-0.000031,-0.005645,-0.037326,-0.000000,-0.001015,1.570164,0.000000,1.000000,1.100000,0.000000,0.000000,-1.571000,0.000187,1.007008,1.065203,1.465852
4.712000,-0.000187,-0.007010,0.034797,-0.000031,-0.005645,-0.037326,-0.000000,-0.001015,1.570164,0.000000,1.000000,1.100000,0.000000,0.000000,-1.571000,0.000187,1.007010,1.065203,1.465853
4.714000,-0.000187,-0.007012,0.034797,-0.000031,-0.005645,-0.037326,-0.000000,-0.001015,1.570164,0.000000,1.000000,1.100000,0.000000,0.000000,-1.571000,0.000187,1.007012,1.065203,1.465855
4.716000,-0.000187,-0.007013,0.034797,-0.000031,-0.005645,-0.037326,-0.000000,-0.001015,1.570164,0.000000,1.000000,1.100000,0.000000,0.000000,-1.571000,0.000187,1.007013,1.065203,1.465856
4.718000,-0.000187,-0.007015,0.034797,-0.000031,-0.005645,-0.037326,-0.000000,-0.001015,1.570164,0.000000,1.000000,1.100000,0.000000,0.000000,-1.571000,0.000187,1.007015,1.065203,1.465857
4.720000,-0.000187,-0.007017,0.034797,-0.000031,-0.005645,-0.037326,-0.000000,-0.001015,1.570164,0.000000,1.000000,1.100000,0.000000,0.000000,-1.571000,0.000187,1.007017,1.065203,1.465858
4.722000,-0.000187,-0.007018,0.034797,-0.000031,-0.005645,-0.037326,-0.000000,-0.001015,1.570164,0.000000,1.000000,1.100000,0.000000,0.000000,-1.571000,0.000187,1.007018,1.065203,1.465859
4.724000,-0.000187,-0.007020,0.034797,-0.000031,-0.005645,-0.037326,-0.000000,-0.001015,1.570164,0.000000,1.000000,1.100000,0.000000,0.000000,-1.571000,0.000187,1.007020,1.065203,1.465860
4.726000,-0.000187,-0.007022,0.034797,-0.000031,-0.005645,-0.037326,-0.000000,-0.001015,1.570164,0.000000,1.000000,1.100000,0.000000,0.000000,-1.571000,0.000187,1.007022,1.065203,1.465861
4.728000,-0.000187,-0.007023,0.034797,-0.000031,-0.005645,-0.037326,-0.000000,-0.001015,1.570165,0.000000,1.000000,1.100000,0.000000,0.000000,-1.571000,0.000187,1.007023,1.065203,1.465863
4.730000,-0.000187,-0.007025,0.034797,-0.000031,-0.005645,-0.037326,-0.000000,-0.001015,1.570165,0.000000,1.000000,1.100000,0.000000,0.000000,-1.571000,0.000187,1.007025,1.065203,1.465864
4.732000,-0.000187,-0.007027,0.034797,-0.000031,-0.005645,-0.037326,-0.000000,-0.001015,1.570165,0.000000,1.000000,1.100000,0.000000,0.000000,-1.571000,0.000187,1.007027,1.065203,1.465865
4.734000,-0.000187,-0.007028,0.034797,-0.000031,-0.005645,-0.037326,-0.000000,-0.001015,1.570165,0.000000,1.000000,1.100000,0.000000,0.000000,-1.571000,0.000187,1.007028,1.065203,1.465866
4.736000,-0.000188,-0.007030,0.034797,-0.000031,-0.005645,-0.037326,-0.000000,-0.001015,1.570165,0.000000,1.000000,1.100000,0.000000,0.000000,-1.571000,0.000188,1.007030,1.065203,1.465867
4.738000,-0.000188,-0.007032,0.034797,-0.000031,-0.005645,-0.037326,-0.000000,-0.001015,1.570165,0.000000,1.000000,1.100000,0.000000,0.000000,-1.571000,0.000188,1.007032,1.065203,1.465868
4.740000,-0.000188,-0.007033,0.034797,-0.000031,-0.005645,-0.037326,-0.000000,-0.001015,1.570165,0.000000,1.000000,1.100000,0.000000,0.000000,-1.571000,0.000188,1.007033,1.065203,1.465870
4.742000,-0.000188,-0.007035,0.034797,-0.000031,-0.005645,-0.037326,-0.000000,-0.001015,1.570165,0.000000,1.000000,1.100000,0.000000,0.000000,-1.571000,0.000188,1.007035,1.065203,1.465871
4.744000,-0.000188,-0.007037,0.034797,-0.000031,-0.005645,-0.037326,-0.000000,-0.001015,1.570165,0.000000,1.000000,1.100000,0.000000,0.000000,-1.571000,0.000188,1.007037,1.065203,1.465872
4.746000,-0.000188,-0.007038,0.034797,-0.000031,-0.005645,-0.037326,-0.000000,-0.001015,1.570165,0.000000,1.000000,1.100000,0.000000,0.000000,-1.571000,0.000188,1.007038,1.065203,1.465873
4.748000,-0.000188,-0.007040,0.034797,-0.000031,-0.005645,-0.037326,-0.000000,-0.001015,1.570165,0.000000,1.000000,1.100000,0.000000,0.000000,-1.571000,0.000188,1.007040,1.065203,1.465874
4.750000,-0.000188,-0.007042,0.034797,-0.000031,-0.005645,-0.037326,-0.000000,-0.001015,1.570165,0.000000,1.000000,1.100000,0.000000,0.000000,-1.571000,0.000188,1.007042,1.065203,1.465875
4.752000,-0.000188,-0.007043,0.034797,-0.000031,-0.005645,-0.037326,-0.000000,-0.001015,1.570165,0.000000,1.000000,1.100000,0.000000,0.000000,-1.571000,0.000188,1.007043,1.065203,1.465876
4.754000,-0.000188,-0.007045,0.034797,-0.000031,-0.005645,-0.037326,-0.000000,-0.001015,1.570165,0.000000,1.000000,1.100000,0.000000,0.000000,-1.571000,0.000188,1.007045,1.065203,1.465878
4.756000,-0.000188,-0.007047,0.034797,-0.000031,-0.005645,-0.037326,-0.000000,-0.001015,1.570165,0.000000,1.000000,1.100000,0.000000,0.000000,-1.571000,0.000188,1.007047,1.065203,1.465879
4.758000,-0.000188,-0.007048,0.034797,-0.000031,-0.005645,-0.037326,-0.000000,-0.001015,1.570165,0.000000,1.000000,1.100000,0.000000,0.000000,-1.571000,0.000188,1.007048,1.065203,1.465880
4.760000,-0.000188,-0.007050,0.034797,-0.000031,-0.005645,-0.037326,-0.000000,-0.001015,1.570165,0.000000,1.000000,1.100000,0.000000,0.000000,-1.571000,0.000188,1.007050,1.065203,1.465881
4.762000,-0.000188,-0.007052,0.034797,-0.000031,-0.005645,-0.037326,-0.000000,-0.001015,1.570165,0.000000,1.000000,1.100000,0.000000,0.000000,-1.571000,0.000188,1.007052,1.065203,1.465882
4.764000,-0.000188,-0.007053,0.034797,-0.000031,-0.005645,-0.037326,-0.000000,-0.001015,1.570165,0.000000,1.000000,1.100000,0.000000,0.000000,-1.571000,0.000188,1.007053,1.065203,1.465883
4.766000,-0.000188,-0.007055,0.034797,-0.000031,-0.005645,-0.037326,-0.000000,-0.001015,1.570165,0.000000,1.000000,1.100000,0.000000,0.000000,-1.571000,0.000188,1.007055,1.065203,1.465884
4.768000,-0.000188,-0.007057,0.034797,-0.000031,-0.005645,-0.037326,-0.000000,-0.001015,1.570165,0.000000,1.000000,1.100000,0.000000,0.000000,-1.571000,0.000188,1.007057,1.065203,1.465886
4.770000,-0.000188,-0.007058,0.034797,-0.000031,-0.005645,-0.037326,-0.000000,-0.001015,1.570165,0.000000,1.000000,1.100000,0.000000,0.000000,-1.571000,0.000188,1.007058,1.065203,1.465887
4.772000,-0.000188,-0.007060,0.034797,-0.000031,-0.005645,-0.037326,-0.000000,-0.001015,1.570165,0.000000,1.000000,1.100000,0.000000,0.000000,-1.571000,0.000188,1.007060,1.065203,1.465888
4.774000,-0.000188,-0.007062,0.034797,-0.000031,-0.005645,-0.037326,-0.000000,-0.001015,1.570165,0.000000,1.000000,1.100000,0.000000,0.000000,-1.571000,0.000188,1.007062,1.065203,1.465889
4.776000,-0.000188,-0.007064,0.034797,-0.000031,-0.005645,-0.037326,-0.000000,-0.001015,1.570165,0.000000,1.000000,1.100000,0.000000,0.000000,-1.571000,0.000188,1.007064,1.065203,1.465890
4.778000,-0.000188,-0.007065,0.034797,-0.000031,-0.005645,-0.037326,-0.000000,-0.001015,1.570165,0.000000,1.000000,1.100000,0.000000,0.000000,-1.571000,0.000188,1.007065,1.065203,1.465891
4.780000,-0.000189,-0.007067,0.034797,-0.000031,-0.005645,-0.037326,-0.000000,-0.001015,1.570166,0.000000,1.000000,1.100000,0.000000,0.000000,-1.571000,0.000189,1.007067,1.065203,1.465893
4.782000,-0.000189,-0.007069,0.034797,-0.000031,-0.005645,-0.037326,-0.000000,-0.001015,1.570166,0.000000,1.000000,1.100000,0.000000,0.000000,-1.571000,0.000189,1.007069,1.065203,1.465894
4.784000,-0.000189,-0.007070,0.034797,-0.000031,-0.005645,-0.037326,-0.000000,-0.001015,1.570166,0.000000,1.000000,1.100000,0.000000,0.000000,-1.571000,0.000189,1.007070,1.065203,1.465895
4.786000,-0.000189,-0.007072,0.034797,-0.000031,-0.005645,-0.037326,-0.000000,-0.001015,1.570166,0.000000,1.000000,1.100000,0.000000,0.000000,-1.571000,0.000189,1.007072,1.065203,1.465896
4.788000,-0.000189,-0.007074,0.034797,-0.000031,-0.005645,-0.037326,-0.000000,-0.001015,1.570166,0.000000,1.000000,1.100000,0.000000,0.000000,-1.571000,0.000189,1.007074,1.065203,1.465897
4.790000,-0.000189,-0.007075,0.034797,-0.000031,-0.005645,-0.037326,-0.000000,-0.001015,1.570166,0.000000,1.000000,1.100000,0.000000,0.000000,-1.571000,0.000189,1.007075,1.065203,1.465898
4.792000,-0.000189,-0.007077,0.034797,-0.000031,-0.005645,-0.037326,-0.000000,-0.001015,1.570166,0.000000,1.000000,1.100000,0.000000,0.000000,-1.571000,0.000189,1.007077,1.065203,1.465899
4.794000,-0.000189,-0.007079,0.034797,-0.000031,-0.005645,-0.037326,-0.000000,-0.001015,1.570166,0.000000,1.000000,1.100000,0.000000,0.000000,-1.571000,0.000189,1.007079,1.065203,1.465901
4.796000,-0.000189,-0.007080,0.034797,-0.000031,-0.005645,-0.037326,-0.000000,-0.001015,1.570166,0.000000,1.000000,1.100000,0.000000,0.000000,-1.571000,0.000189,1.007080,1.065203,1.465902
4.798000,-0.000189,-0.007082,0.034797,-0.000031,-0.005645,-0.037326,-0.000000,-0.001015,1.570166,0.000000,1.000000,1.100000,0.000000,0.000000,-1.571000,0.000189,1.007082,1.065203,1.465903
4.800000,-0.000189,-0.007084,0.034797,-0.000031,-0.005645,-0.037326,-0.000000,-0.001015,1.570166,0.000000,1.000000,1.100000,0.000000,0.000000,-1.571000,0.000189,1.007084,1.065203,1.465904
4.802000,-0.000189,-0.007085,0.034797,-0.000031,-0.005645,-0.037326,-0.000000,-0.001015,1.570166,0.000000,1.000000,1.100000,0.000000,0.000000,-1.571000,0.000189,1.007085,1.065203,1.465905
4.804000,-0.000189,-0.007087,0.034797,-0.000031,-0.005645,-0.037326,-0.000000,-0.001015,1.570166,0.000000,1.000000,1.100000,0.000000,0.000000,-1.571000,0.000189,1.007087,1.065203,1.465906
4.806000,-0.000189,-0.007089,0.034797,-0.000031,-0.005645,-0.037326,-0.000000,-0.001015,1.570166,0.000000,1.000000,1.100000,0.000000,0.000000,-1.571000,0.000189,1.007089,1.065203,1.465907
4.808000,-0.000189,-0.007090,0.034797,-0.000031,-0.005645,-0.037326,-0.000000,-0.001015,1.570166,0.000000,1.000000,1.100000,0.000000,0.000000,-1.571000,0.000189,1.007090,1.065203,1.465909
4.810000,-0.000189,-0.007092,0.034797,-0.000031,-0.005645,-0.037326,-0.000000,-0.001015,1.570166,0.000000,1.000000,1.100000,0.000000,0.000000,-1.571000,0.000189,1.007092,1.065203,1.465910
4.812000,-0.000189,-0.007094,0.034797,-0.000031,-0.005645,-0.037326,-0.000000,-0.001015,1.570166,0.000000,1.000000,1.100000,0.000000,0.000000,-1.571000,0.000189,1.007094,1.065203,1.465911
4.814000,-0.000189,-0.007095,0.034797,-0.000031,-0.005645,-0.037326,-0.000000,-0.001015,1.570166,0.000000,1.000000,1.100000,0.000000,0.000000,-1.571000,0.000189,1.007095,1.065203,1.465912
4.816000,-0.000189,-0.007097,0.034797,-0.000031,-0.005645,-0.037326,-0.000000,-0.001015,1.570166,0.000000,1.000000,1.100000,0.000000,0.000000,-1.571000,0.000189,1.007097,1.065203,1.465913
4.818000,-0.000189,-0.007099,0.034797,-0.000031,-0.005645,-0.037326,-0.000000,-0.001015,1.570166,0.000000,1.000000,1.100000,0.000000,0.000000,-1.571000,0.000189,1.007099,1.065203,1.465914
4.820000,-0.000189,-0.007100,0.034797,-0.000031,-0.005645,-0.037326,-0.000000,-0.001015,1.570166,0.000000,1.000000,1.100000,0.000000,0.000000,-1.571000,0.000189,1.007100,1.065203,1.465916
4.822000,-0.000189,-0.007102,0.034797,-0.000031,-0.005645,-0.037326,-0.000000,-0.001015,1.570166,0.000000,1.000000,1.100000,0.000000,0.000000,-1.571000,0.000189,1.007102,1.065203,1.465917
4.824000,-0.000190,-0.007104,0.034797,-0.000031,-0.005645,-0.037326,-0.000000,-0.001015,1.570166,0.000000,1.000000,1.100000,0.000000,0.000000,-1.571000,0.000190,1.007104,1.065203,1.465918
4.826000,-0.000190,-0.007105,0.034797,-0.000031,-0.005645,-0.037326,-0.000000,-0.001015,1.570166,0.000000,1.000000,1.100000,0.000000,0.000000,-1.571000,0.000190,1.007105,1.065203,1.465919
4.828000,-0.000190,-0.007107,0.034797,-0.000031,-0.005645,-0.037326,-0.000000,-0.001015,1.570166,0.000000,1.000000,1.100000,0.000000,0.000000,-1.571000,0.000190,1.007107,1.065203,1.465920
4.830000,-0.000190,-0.007109,0.034797,-0.000031,-0.005645,-0.037326,-0.000000,-0.001015,1.570167,0.000000,1.000000,1.100000,0.000000,0.000000,-1.571000,0.000190,1.007109,1.065203,1.465921
4.832000,-0.000190,-0.007110,0.034797,-0.000031,-0.005645,-0.037326,-0.000000,-0.001015,1.570167,0.000000,1.000000,1.100000,0.000000,0.000000,-1.571000,0.000190,1.007110,1.065203,1.465922
4.834000,-0.000190,-0.007112,0.034797,-0.000031,-0.005645,-0.037326,-0.000000,-0.001015,1.570167,0.000000,1.000000,1.100000,0.000000,0.000000,-1.571000,0.000190,1.007112,1.065203,1.465924
4.836000,-0.000190,-0.007114,0.034797,-0.000031,-0.005645,-0.037326,-0.000000,-0.001015,1.570167,0.000000,1.000000,1.100000,0.000000,0.000000,-1.571000,0.000190,1.007114,1.065203,1.465925
4.838000,-0.000190,-0.007115,0.034797,-0.000031,-0.005645,-0.037326,-0.000000,-0.001015,1.570167,0.000000,1.000000,1.100000,0.000000,0.000000,-1.571000,0.000190,1.007115,1.065203,1.465926
4.840000,-0.000190,-0.007117,0.034797,-0.000031,-0.005645,-0.037326,-0.000000,-0.001015,1.570167,0.000000,1.000000,1.100000,0.000000,0.000000,-1.571000,0.000190,1.007117,1.065203,1.465927
4.842000,-0.000190,-0.007119,0.034797,-0.000031,-0.005645,-0.037326,-0.000000,-0.001015,1.570167,0.000000,1.000000,1.100000,0.000000,0.000000,-1.571000,0.000190,1.007119,1.065203,1.465928
4.844000,-0.000190,-0.007120,0.034797,-0.000031,-0.005645,-0.037326,-0.000000,-0.001015,1.570167,0.000000,1.000000,1.100000,0.000000,0.000000,-1.571000,0.000190,1.007120,1.065203,1.465929
4.846000,-0.000190,-0.007122,0.034797,-0.000031,-0.005645,-0.037326,-0.000000,-0.001015,1.570167,0.000000,1.000000,1.100000,0.000000,0.000000,-1.571000,0.000190,1.007122,1.065203,1.465930
4.848000,-0.000190,-0.007124,0.034797,-0.000031,-0.005645,-0.037326,-0.000000,-0.001015,1.570167,0.000000,1.000000,1.100000,0.000000,0.000000,-1.571000,0.000190,1.007124,1.065203,1.465932
4.850000,-0.000190,-0.007125,0.034797,-0.000031,-0.005645,-0.037326,-0.000000,-0.001015,1.570167,0.000000,1.000000,1.100000,0.000000,0.000000,-1.571000,0.000190,1.007125,1.065203,1.465933
4.852000,-0.000190,-0.007127,0.034797,-0.000031,-0.005645,-0.037326,-0.000000,-0.001015,1.570167,0.000000,1.000000,1.100000,0.000000,0.000000,-1.571000,0.000190,1.007127,1.065203,1.465934
4.854000,-0.000190,-0.007129,0.034797,-0.000031,-0.005645,-0.037326,-0.000000,-0.001015,1.570167,0.000000,1.000000,1.100000,0.000000,0.000000,-1.571000,0.000190,1.007129,1.065203,1.465935
4.856000,-0.000190,-0.007130,0.034797,-0.000031,-0.005645,-0.037326,-0.000000,-0.001015,1.570167,0.000000,1.000000,1.100000,0.000000,0.000000,-1.571000,0.000190,1.007130,1.065203,1.465936
4.858000,-0.000190,-0.007132,0.034797,-0.000031,-0.005645,-0.037326,-0.000000,-0.001015,1.570167,0.000000,1.000000,1.100000,0.000000,0.000000,-1.571000,0.000190,1.007132,1.065203,1.465937
4.860000,-0.000190,-0.007134,0.034797,-0.000031,-0.005645,-0.037326,-0.000000,-0.001015,1.570167,0.000000,1.000000,1.100000,0.000000,0.000000,-1.571000,0.000190,1.007134,1.065203,1.465939
4.862000,-0.000190,-0.007136,0.034797,-0.000031,-0.005645,-0.037326,-0.000000,-0.001015,1.570167,0.000000,1.000000,1.100000,0.000000,0.000000,-1.571000,0.000190,1.007136,1.065203,1.465940
4.864000,-0.000190,-0.007137,0.034797,-0.000031,-0.005645,-0.037326,-0.000000,-0.001015,1.570167,0.000000,1.000000,1.100000,0.000000,0.000000,-1.571000,0.000190,1.007137,1.065203,1.465941
4.866000,-0.000190,-0.007139,0.034797,-0.000031,-0.005645,-0.037326,-0.000000,-0.001015,1.570167,0.000000,1.000000,1.100000,0.000000,0.000000,-1.571000,0.000190,1.007139,1.065203,1.465942
4.868000,-0.000191,-0.007141,0.034797,-0.000031,-0.005645,-0.037326,-0.000000,-0.001015,1.570167,0.000000,1.000000,1.100000,0.000000,0.000000,-1.571000,0.000191,1.007141,1.065203,1.465943
4.870000,-0.000191,-0.007142,0.034797,-0.000031,-0.005645,-0.037326,-0.000000,-0.001015,1.570167,0.000000,1.000000,1.100000,0.000000,0.000000,-1.571000,0.000191,1.007142,1.065203,1.465944
4.872000,-0.000191,-0.007144,0.034797,-0.000031,-0.005645,-0.037326,-0.000000,-0.001015,1.570167,0.000000,1.000000,1.100000,0.000000,0.000000,-1.571000,0.000191,1.007144,1.065203,1.465945
4.874000,-0.000191,-0.007146,0.034797,-0.000031,-0.005645,-0.037326,-0.000000,-0.001015,1.570167,0.000000,1.000000,1.100000,0.000000,0.000000,-1.571000,0.000191,1.007146,1.065203,1.465947
4.876000,-0.000191,-0.007147,0.034797,-0.000031,-0.005645,-0.037326,-0.000000,-0.001015,1.570167,0.000000,1.000000,1.100000,0.000000,0.000000,-1.571000,0.000191,1.007147,1.065203,1.465948
4.878000,-0.000191,-0.007149,0.034797,-0.000031,-0.005645,-0.037326,-0.000000,-0.001015,1.570167,0.000000,1.000000,1.100000,0.000000,0.000000,-1.571000,0.000191,1.007149,1.065203,1.465949
4.880000,-0.000191,-0.007151,0.034797,-0.000031,-0.005645,-0.037326,-0.000000,-0.001015,1.570167,0.000000,1.000000,1.100000,0.000000,0.000000,-1.571000,0.000191,1.007151,1.065203,1.465950
4.882000,-0.000191,-0.007152,0.034797,-0.000031,-0.005645,-0.037326,-0.000000,-0.001015,1.570168,0.000000,1.000000,1.100000,0.000000,0.000000,-1.571000,0.000191,1.007152,1.065203,1.465951
4.884000,-0.000191,-0.007154,0.034797,-0.000031,-0.005645,-0.037326,-0.000000,-0.001015,1.570168,0.000000,1.000000,1.100000,0.000000,0.000000,-1.571000,0.000191,1.007154,1.065203,1.465952
4.886000,-0.000191,-0.007156,0.034797,-0.000031,-0.005645,-0.037326,-0.000000,-0.001015,1.570168,0.000000,1.000000,1.100000,0.000000,0.000000,-1.571000,0.000191,1.007156,1.065203,1.465953
4.888000,-0.000191,-0.007157,0.034797,-0.000031,-0.005645,-0.037326,-0.000000,-0.001015,1.570168,0.000000,1.000000,1.100000,0.000000,0.000000,-1.571000,0.000191,1.007157,1.065203,1.465955
4.890000,-0.000191,-0.007159,0.034797,-0.000031,-0.005645,-0.037326,-0.000000,-0.001015,1.570168,0.000000,1.000000,1.100000,0.000000,0.000000,-1.571000,0.000191,1.007159,1.065203,1.465956
4.892000,-0.000191,-0.007161,0.034797,-0.000031,-0.005645,-0.037326,-0.000000,-0.001015,1.570168,0.000000,1.000000,1.100000,0.000000,0.000000,-1.571000,0.000191,1.007161,1.065203,1.465957
4.894000,-0.000191,-0.007162,0.034797,-0.000031,-0.005645,-0.037326,-0.000000,-0.001015,1.570168,0.000000,1.000000,1.100000,0.000000,0.000000,-1.571000,0.000191,1.007162,1.065203,1.465958
4.896000,-0.000191,-0.007164,0.034797,-0.000031,-0.005645,-0.037326,-0.000000,-0.001015,1.570168,0.000000,1.000000,1.100000,0.000000,0.000000,-1.571000,0.000191,1.007164,1.065203,1.465959
4.898000,-0.000191,-0.007166,0.034797,-0.000031,-0.005645,-0.037326,-0.000000,-0.001015,1.570168,0.000000,1.000000,1.100000,0.000000,0.000000,-1.571000,0.000191,1.007166,1.065203,1.465960
4.900000,-0.000191,-0.007167,0.034797,-0.000031,-0.005645,-0.037326,-0.000000,-0.001015,1.570168,0.000000,1.000000,1.100000,0.000000,0.000000,-1.571000,0.000191,1.007167,1.065203,1.465962
4.902000,-0.000191,-0.007169,0.034797,-0.000030,-0.005645,-0.037326,-0.000000,-0.001015,1.570168,0.000000,1.000000,1.100000,0.000000,0.000000,-1.571000,0.000191,1.007169,1.065203,1.465963
4.904000,-0.000191,-0.007171,0.034797,-0.000030,-0.005645,-0.037326,-0.000000,-0.001015,1.570168,0.000000,1.000000,1.100000,0.000000,0.000000,-1.571000,0.000191,1.007171,1.065203,1.465964
4.906000,-0.000191,-0.007172,0.034797,-0.000030,-0.005645,-0.037326,-0.000000,-0.001015,1.570168,0.000000,1.000000,1.100000,0.000000,0.000000,-1.571000,0.000191,1.007172,1.065203,1.465965
4.908000,-0.000191,-0.007174,0.034797,-0.000030,-0.005645,-0.037326,-0.000000,-0.001015,1.570168,0.000000,1.000000,1.100000,0.000000,0.000000,-1.571000,0.000191,1.007174,1.065203,1.465966
4.910000,-0.000191,-0.007176,0.034797,-0.000030,-0.005645,-0.037326,-0.000000,-0.001015,1.570168,0.000000,1.000000,1.100000,0.000000,0.000000,-1.571000,0.000191,1.007176,1.065203,1.465967
4.912000,-0.000192,-0.007177,0.034797,-0.000030,-0.005645,-0.037326,-0.000000,-0.001015,1.570168,0.000000,1.000000,1.100000,0.000000,0.000000,-1.571000,0.000192,1.007177,1.065203,1.465968
4.914000,-0.000192,-0.007179,0.034797,-0.000030,-0.005645,-0.037326,-0.000000,-0.001015,1.570168,0.000000,1.000000,1.100000,0.000000,0.000000,-1.571000,0.000192,1.007179,1.065203,1.465970
4.916000,-0.000192,-0.007181,0.034797,-0.000030,-0.005645,-0.037326,-0.000000,-0.001015,1.570168,0.000000,1.000000,1.100000,0.000000,0.000000,-1.571000,0.000192,1.007181,1.065203,1.465971
4.918000,-0.000192,-0.007182,0.034797,-0.000030,-0.005645,-0.037326,-0.000000,-0.001015,1.570168,0.000000,1.000000,1.100000,0.000000,0.000000,-1.571000,0.000192,1.007182,1.065203,1.465972
4.920000,-0.000192,-0.007184,0.034797,-0.000030,-0.005645,-0.037326,-0.000000,-0.001015,1.570168,0.000000,1.000000,1.100000,0.000000,0.000000,-1.571000,0.000192,1.007184,1.065203,1.465973
4.922000,-0.000192,-0.007186,0.034797,-0.000030,-0.005645,-0.037326,-0.000000,-0.001015,1.570168,0.000000,1.000000,1.100000,0.000000,0.000000,-1.571000,0.000192,1.007186,1.065203,1.465974
4.924000,-0.000192,-0.007187,0.034797,-0.000030,-0.005645,-0.037326,-0.000000,-0.001015,1.570168,0.000000,1.000000,1.100000,0.000000,0.000000,-1.571000,0.000192,1.007187,1.065203,1.465975
4.926000,-0.000192,-0.007189,0.034797,-0.000030,-0.005645,-0.037326,-0.000000,-0.001015,1.570168,0.000000,1.000000,1.100000,0.000000,0.000000,-1.571000,0.000192,1.007189,1.065203,1.465977
4.928000,-0.000192,-0.007191,0.034797,-0.000030,-0.005645,-0.037326,-0.000000,-0.001015,1.570168,0.000000,1.000000,1.100000,0.000000,0.000000,-1.571000,0.000192,1.007191,1.065203,1.465978
4.930000,-0.000192,-0.007192,0.034797,-0.000030,-0.005645,-0.037326,-0.000000,-0.001015,1.570168,0.000000,1.000000,1.100000,0.000000,0.000000,-1.571000,0.000192,1.007192,1.065203,1.465979
4.932000,-0.000192,-0.007194,0.034797,-0.000030,-0.005645,-0.037326,-0.000000,-0.001015,1.570169,0.000000,1.000000,1.100000,0.000000,0.000000,-1.571000,0.000192,1.007194,1.065203,1.465980
4.934000,-0.000192,-0.007196,0.034797,-0.000030,-0.005645,-0.037326,-0.000000,-0.001015,1.570169,0.000000,1.000000,1.100000,0.000000,0.000000,-1.571000,0.000192,1.007196,1.065203,1.465981
4.936000,-0.000192,-0.007197,0.034797,-0.000030,-0.005645,-0.037326,-0.000000,-0.001015,1.570169,0.000000,1.000000,1.100000,0.000000,0.000000,-1.571000,0.000192,1.007197,1.065203,1.465982
4.938000,-0.000192,-0.007199,0.034797,-0.000030,-0.005645,-0.037326,-0.000000,-0.001015,1.570169,0.000000,1.000000,1.100000,0.000000,0.000000,-1.571000,0.000192,1.007199,1.065203,1.465983
4.940000,-0.000192,-0.007201,0.034797,-0.000030,-0.005645,-0.037326,-0.000000,-0.001015,1.570169,0.000000,1.000000,1.100000,0.000000,0.000000,-1.571000,0.000192,1.007201,1.065203,1.465985
4.942000,-0.000192,-0.007203,0.034797,-0.000030,-0.005645,-0.037326,-0.000000,-0.001015,1.570169,0.000000,1.000000,1.100000,0.000000,0.000000,-1.571000,0.000192,1.007203,1.065203,1.465986
4.944000,-0.000192,-0.007204,0.034797,-0.000030,-0.005645,-0.037326,-0.000000,-0.001015,1.570169,0.000000,1.000000,1.100000,0.000000,0.000000,-1.571000,0.000192,1.007204,1.065203,1.465987
4.946000,-0.000192,-0.007206,0.034797,-0.000030,-0.005645,-0.037326,-0.000000,-0.001015,1.570169,0.000000,1.000000,1.100000,0.000000,0.000000,-1.571000,0.000192,1.007206,1.065203,1.465988
4.948000,-0.000192,-0.007208,0.034797,-0.000030,-0.005645,-0.037326,-0.000000,-0.001015,1.570169,0.000000,1.000000,1.100000,0.000000,0.000000,-1.571000,0.000192,1.007208,1.065203,1.465989
4.950000,-0.000192,-0.007209,0.034797,-0.000030,-0.005645,-0.037326,-0.000000,-0.001015,1.570169,0.000000,1.000000,1.100000,0.000000,0.000000,-1.571000,0.000192,1.007209,1.065203,1.465990
4.952000,-0.000192,-0.007211,0.034797,-0.000030,-0.005645,-0.037326,-0.000000,-0.001015,1.570169,0.000000,1.000000,1.100000,0.000000,0.000000,-1.571000,0.000192,1.007211,1.065203,1.465991
4.954000,-0.000192,-0.007213,0.034797,-0.000030,-0.005645,-0.037326,-0.000000,-0.001015,1.570169,0.000000,1.000000,1.100000,0.000000,0.000000,-1.571000,0.000192,1.007213,1.065203,1.465993
4.956000,-0.000192,-0.007214,0.034797,-0.000030,-0.005645,-0.037326,-0.000000,-0.001015,1.570169,0.000000,1.000000,1.100000,0.000000,0.000000,-1.571000,0.000192,1.007214,1.065203,1.465994
4.958000,-0.000193,-0.007216,0.034797,-0.000030,-0.005645,-0.037326,-0.000000,-0.001015,1.570169,0.000000,1.000000,1.100000,0.000000,0.000000,-1.571000,0.000193,1.007216,1.065203,1.465995
4.960000,-0.000193,-0.007218,0.034797,-0.000030,-0.005645,-0.037326,-0.000000,-0.001015,1.570169,0.000000,1.000000,1.100000,0.000000,0.000000,-1.571000,0.000193,1.007218,1.065203,1.465996
4.962000,-0.000193,-0.007219,0.034797,-0.000030,-0.005645,-0.037326,-0.000000,-0.001015,1.570169,0.000000,1.000000,1.100000,0.000000,0.000000,-1.571000,0.000193,1.007219,1.065203,1.465997
4.964000,-0.000193,-0.007221,0.034797,-0.000030,-0.005645,-0.037326,-0.000000,-0.001015,1.570169,0.000000,1.000000,1.100000,0.000000,0.000000,-1.571000,0.000193,1.007221,1.065203,1.465998
4.966000,-0.000193,-0.007223,0.034797,-0.000030,-0.005645,-0.037326,-0.000000,-0.001015,1.570169,0.000000,1.000000,1.100000,0.000000,0.000000,-1.571000,0.000193,1.007223,1.065203,1.466000
4.968000,-0.000193,-0.007224,0.034797,-0.000030,-0.005645,-0.037326,-0.000000,-0.001015,1.570169,0.000000,1.000000,1.100000,0.000000,0.000000,-1.571000,0.000193,1.007224,1.065203,1.466001
4.970000,-0.000193,-0.007226,0.034797,-0.000030,-0.005645,-0.037326,-0.000000,-0.001015,1.570169,0.000000,1.000000,1.100000,0.000000,0.000000,-1.571000,0.000193,1.007226,1.065203,1.466002
4.972000,-0.000193,-0.007228,0.034797,-0.000030,-0.005645,-0.037326,-0.000000,-0.001015,1.570169,0.000000,1.000000,1.100000,0.000000,0.000000,-1.571000,0.000193,1.007228,1.065203,1.466003
4.974000,-0.000193,-0.007229,0.034797,-0.000030,-0.005645,-0.037326,-0.000000,-0.001015,1.570169,0.000000,1.000000,1.100000,0.000000,0.000000,-1.571000,0.000193,1.007229,1.065203,1.466004
4.976000,-0.000193,-0.007231,0.034797,-0.000030,-0.005645,-0.037326,-0.000000,-0.001015,1.570169,0.000000,1.000000,1.100000,0.000000,0.000000,-1.571000,0.000193,1.007231,1.065203,1.466005
4.978000,-0.000193,-0.007233,0.034797,-0.000030,-0.005645,-0.037326,-0.000000,-0.001015,1.570169,0.000000,1.000000,1.100000,0.000000,0.000000,-1.571000,0.000193,1.007233,1.065203,1.466006
4.980000,-0.000193,-0.007234,0.034797,-0.000030,-0.005645,-0.037326,-0.000000,-0.001015,1.570169,0.000000,1.000000,1.100000,0.000000,0.000000,-1.571000,0.000193,1.007234,1.065203,1.466008
4.982000,-0.000193,-0.007236,0.034797,-0.000030,-0.005645,-0.037326,-0.000000,-0.001015,1.570169,0.000000,1.000000,1.100000,0.000000,0.000000,-1.571000,0.000193,1.007236,1.065203,1.466009
4.984000,-0.000193,-0.007238,0.034797,-0.000030,-0.005645,-0.037326,-0.000000,-0.001015,1.570170,0.000000,1.000000,1.100000,0.000000,0.000000,-1.571000,0.000193,1.007238,1.065203,1.466010
4.986000,-0.000193,-0.007239,0.034797,-0.000030,-0.005645,-0.037326,-0.000000,-0.001015,1.570170,0.000000,1.000000,1.100000,0.000000,0.000000,-1.571000,0.000193,1.007239,1.065203,1.466011
4.988000,-0.000193,-0.007241,0.034797,-0.000030,-0.005645,-0.037326,-0.000000,-0.001015,1.570170,0.000000,1.000000,1.100000,0.000000,0.000000,-1.571000,0.000193,1.007241,1.065203,1.466012
4.990000,-0.000193,-0.007243,0.034797,-0.000030,-0.005645,-0.037326,-0.000000,-0.001015,1.570170,0.000000,1.000000,1.100000,0.000000,0.000000,-1.571000,0.000193,1.007243,1.065203,1.466013
4.992000,-0.000193,-0.007244,0.034797,-0.000030,-0.005645,-0.037326,-0.000000,-0.001015,1.570170,0.000000,1.000000,1.100000,0.000000,0.000000,-1.571000,0.000193,1.007244,1.065203,1.466014
4.994000,-0.000193,-0.007246,0.034797,-0.000030,-0.005645,-0.037326,-0.000000,-0.001015,1.570170,0.000000,1.000000,1.100000,0.000000,0.000000,-1.571000,0.000193,1.007246,1.065203,1.466016
4.996000,-0.000193,-0.007248,0.034797,-0.000030,-0.005645,-0.037326,-0.000000,-0.001015,1.570170,0.000000,1.000000,1.100000,0.000000,0.000000,-1.571000,0.000193,1.007248,1.065203,1.466017
4.998000,-0.000193,-0.007249,0.034797,-0.000030,-0.005645,-0.037326,-0.000000,-0.001015,1.570170,0.000000,1.000000,1.100000,0.000000,0.000000,-1.571000,0.000193,1.007249,1.065203,1.466018
5.000000,-0.000193,-0.007251,0.034797,-0.000030,-0.005645,-0.037326,-0.000000,-0.001015,1.570170,0.000000,1.000000,1.100000,0.000000,0.000000,-1.571000,0.000193,1.007251,1.065203,1.466019
5.002000,-0.000194,-0.007253,0.034797,-0.000030,-0.005645,-0.037326,-0.000000,-0.001015,1.570170,0.000000,1.000000,1.100000,0.000000,0.000000,-1.571000,0.000194,1.007253,1.065203,1.466020
5.004000,-0.000194,-0.007254,0.034797,-0.000030,-0.005645,-0.037326,-0.000000,-0.001015,1.570170,0.000000,1.000000,1.100000,0.000000,0.000000,-1.571000,0.000194,1.007254,1.065203,1.466021
5.006000,-0.000194,-0.007256,0.034797,-0.000030,-0.005645,-0.037326,-0.000000,-0.001015,1.570170,0.000000,1.000000,1.100000,0.000000,0.000000,-1.571000,0.000194,1.007256,1.065203,1.466023
5.008000,-0.000194,-0.007258,0.034797,-0.000030,-0.005645,-0.037326,-0.000000,-0.001015,1.570170,0.000000,1.000000,1.100000,0.000000,0.000000,-1.571000,0.000194,1.007258,1.065203,1.466024
5.010000,-0.000194,-0.007259,0.034797,-0.000030,-0.005645,-0.037326,-0.000000,-0.001015,1.570170,0.000000,1.000000,1.100000,0.000000,0.000000,-1.571000,0.000194,1.007259,1.065203,1.466025
5.012000,-0.000194,-0.007261,0.034797,-0.000030,-0.005645,-0.037326,-0.000000,-0.001015,1.570170,0.000000,1.000000,1.100000,0.000000,0.000000,-1.571000,0.000194,1.007261,1.065203,1.466026
5.014000,-0.000194,-0.007263,0.034797,-0.000030,-0.005645,-0.037326,-0.000000,-0.001015,1.570170,0.000000,1.000000,1.100000,0.000000,0.000000,-1.571000,0.000194,1.007263,1.065203,1.466027
5.016000,-0.000194,-0.007264,0.034797,-0.000030,-0.005645,-0.037326,-0.000000,-0.001015,1.570170,0.000000,1.000000,1.100000,0.000000,0.000000,-1.571000,0.000194,1.007264,1.065203,1.466028
5.018000,-0.000194,-0.007266,0.034797,-0.000030,-0.005645,-0.037326,-0.000000,-0.001015,1.570170,0.000000,1.000000,1.100000,0.000000,0.000000,-1.571000,0.000194,1.007266,1.065203,1.466029
5.020000,-0.000194,-0.007268,0.034797,-0.000030,-0.005645,-0.037326,-0.000000,-0.001015,1.570170,0.000000,1.000000,1.100000,0.000000,0.000000,-1.571000,0.000194,1.007268,1.065203,1.466031
5.022000,-0.000194,-0.007269,0.034797,-0.000030,-0.005645,-0.037326,-0.000000,-0.001015,1.570170,0.000000,1.000000,1.100000,0.000000,0.000000,-1.571000,0.000194,1.007269,1.065203,1.466032
5.024000,-0.000194,-0.007271,0.034797,-0.000030,-0.005645,-0.037326,-0.000000,-0.001015,1.570170,0.000000,1.000000,1.100000,0.000000,0.000000,-1.571000,0.000194,1.007271,1.065203,1.466033
5.026000,-0.000194,-0.007273,0.034797,-0.000030,-0.005645,-0.037326,-0.000000,-0.001015,1.570170,0.000000,1.000000,1.100000,0.000000,0.000000,-1.571000,0.000194,1.007273,1.065203,1.466034
5.028000,-0.000194,-0.007275,0.034797,-0.000030,-0.005645,-0.037326,-0.000000,-0.001015,1.570170,0.000000,1.000000,1.100000,0.000000,0.000000,-1.571000,0.000194,1.007275,1.065203,1.466035
5.030000,-0.000194,-0.007276,0.034797,-0.000030,-0.005645,-0.037326,-0.000000,-0.001015,1.570170,0.000000,1.000000,1.100000,0.000000,0.000000,-1.571000,0.000194,1.007276,1.065203,1.466036
5.032000,-0.000194,-0.007278,0.034797,-0.000030,-0.005645,-0.037326,-0.000000,-0.001015,1.570170,0.000000,1.000000,1.100000,0.000000,0.000000,-1.571000,0.000194,1.007278,1.065203,1.466037
5.034000,-0.000194,-0.007280,0.034797,-0.000030,-0.005645,-0.037326,-0.000000,-0.001015,1.570171,0.000000,1.000000,1.100000,0.000000,0.000000,-1.571000,0.000194,1.007280,1.065203,1.466039
5.036000,-0.000194,-0.007281,0.034797,-0.000030,-0.005645,-0.037326,-0.000000,-0.001015,1.570171,0.000000,1.000000,1.100000,0.000000,0.000000,-1.571000,0.000194,1.007281,1.065203,1.466040
5.038000,-0.000194,-0.007283,0.034797,-0.000030,-0.005645,-0.037326,-0.000000,-0.001015,1.570171,0.000000,1.000000,1.100000,0.000000,0.000000,-1.571000,0.000194,1.007283,1.065203,1.466041
5.040000,-0.000194,-0.007285,0.034797,-0.000030,-0.005645,-0.037326,-0.000000,-0.001015,1.570171,0.000000,1.000000,1.100000,0.000000,0.000000,-1.571000,0.000194,1.007285,1.065203,1.466042
5.042000,-0.000194,-0.007286,0.034797,-0.000030,-0.005645,-0.037326,-0.000000,-0.001015,1.570171,0.000000,1.000000,1.100000,0.000000,0.000000,-1.571000,0.000194,1.007286,1.065203,1.466043
5.044000,-0.000194,-0.007288,0.034797,-0.000030,-0.005645,-0.037326,-0.000000,-0.001015,1.570171,0.000000,1.000000,1.100000,0.000000,0.000000,-1.571000,0.000194,1.007288,1.065203,1.466044
5.046000,-0.000195,-0.007290,0.034797,-0.000030,-0.005645,-0.037326,-0.000000,-0.001015,1.570171,0.000000,1.000000,1.100000,0.000000,0.000000,-1.571000,0.000195,1.007290,1.065203,1.466046
5.048000,-0.000195,-0.007291,0.034797,-0.000030,-0.005645,-0.037326,-0.000000,-0.001015,1.570171,0.000000,1.000000,1.100000,0.000000,0.000000,-1.571000,0.000195,1.007291,1.065203,1.466047
5.050000,-0.000195,-0.007293,0.034797,-0.000030,-0.005645,-0.037326,-0.000000,-0.001015,1.570171,0.000000,1.000000,1.100000,0.000000,0.000000,-1.571000,0.000195,1.007293,1.065203,1.466048
5.052000,-0.000195,-0.007295,0.034797,-0.000030,-0.005645,-0.037326,-0.000000,-0.001015,1.570171,0.000000,1.000000,1.100000,0.000000,0.000000,-1.571000,0.000195,1.007295,1.065203,1.466049
5.054000,-0.000195,-0.007296,0.034797,-0.000030,-0.005645,-0.037326,-0.000000,-0.001015,1.570171,0.000000,1.000000,1.100000,0.000000,0.000000,-1.571000,0.000195,1.007296,1.065203,1.466050
5.056000,-0.000195,-0.007298,0.034797,-0.000030,-0.005645,-0.037326,-0.000000,-0.001015,1.570171,0.000000,1.000000,1.100000,0.000000,0.000000,-1.571000,0.000195,1.007298,1.065203,1.466051
5.058000,-0.000195,-0.007300,0.034797,-0.000030,-0.005645,-0.037326,-0.000000,-0.001015,1.570171,0.000000,1.000000,1.100000,0.000000,0.000000,-1.571000,0.000195,1.007300,1.065203,1.466052
5.060000,-0.000195,-0.007301,0.034797,-0.000030,-0.005645,-0.037326,-0.000000,-0.001015,1.570171,0.000000,1.000000,1.100000,0.000000,0.000000,-1.571000,0.000195,1.007301,1.065203,1.466054
5.062000,-0.000195,-0.007303,0.034797,-0.000030,-0.005645,-0.037326,-0.000000,-0.001015,1.570171,0.000000,1.000000,1.100000,0.000000,0.000000,-1.571000,0.000195,1.007303,1.065203,1.466055
5.064000,-0.000195,-0.007305,0.034797,-0.000030,-0.005645,-0.037326,-0.000000,-0.001015,1.570171,0.000000,1.000000,1.100000,0.000000,0.000000,-1.571000,0.000195,1.007305,1.065203,1.466056
5.066000,-0.000195,-0.007306,0.034797,-0.000030,-0.005645,-0.037326,-0.000000,-0.001015,1.570171,0.000000,1.000000,1.100000,0.000000,0.000000,-1.571000,0.000195,1.007306,1.065203,1.466057
5.068000,-0.000195,-0.007308,0.034797,-0.000030,-0.005645,-0.037326,-0.000000,-0.001015,1.570171,0.000000,1.000000,1.100000,0.000000,0.000000,-1.571000,0.000195,1.007308,1.065203,1.466058
5.070000,-0.000195,-0.007310,0.034797,-0.000030,-0.005645,-0.037326,-0.000000,-0.001015,1.570171,0.000000,1.000000,1.100000,0.000000,0.000000,-1.571000,0.000195,1.007310,1.065203,1.466059
5.072000,-0.000195,-0.007311,0.034797,-0.000030,-0.005645,-0.037326,-0.000000,-0.001015,1.570171,0.000000,1.000000,1.100000,0.000000,0.000000,-1.571000,0.000195,1.007311,1.065203,1.466061
5.074000,-0.000195,-0.007313,0.034797,-0.000030,-0.005645,-0.037326,-0.000000,-0.001015,1.570171,0.000000,1.000000,1.100000,0.000000,0.000000,-1.571000,0.000195,1.007313,1.065203,1.466062
5.076000,-0.000195,-0.007315,0.034797,-0.000030,-0.005645,-0.037326,-0.000000,-0.001015,1.570171,0.000000,1.000000,1.100000,0.000000,0.000000,-1.571000,0.000195,1.007315,1.065203,1.466063
5.078000,-0.000195,-0.007316,0.034797,-0.000030,-0.005645,-0.037326,-0.000000,-0.001015,1.570171,0.000000,1.000000,1.100000,0.000000,0.000000,-1.571000,0.000195,1.007316,1.065203,1.466064
5.080000,-0.000195,-0.007318,0.034797,-0.000030,-0.005645,-0.037326,-0.000000,-0.001015,1.570171,0.000000,1.000000,1.100000,0.000000,0.000000,-1.571000,0.000195,1.007318,1.065203,1.466065
5.082000,-0.000195,-0.007320,0.034797,-0.000030,-0.005645,-0.037326,-0.000000,-0.001015,1.570171,0.000000,1.000000,1.100000,0.000000,0.000000,-1.571000,0.000195,1.007320,1.065203,1.466066
5.084000,-0.000195,-0.007321,0.034797,-0.000030,-0.005645,-0.037326,-0.000000,-0.001015,1.570172,0.000000,1.000000,1.100000,0.000000,0.000000,-1.571000,0.000195,1.007321,1.065203,1.466067
5.086000,-0.000195,-0.007323,0.034797,-0.000030,-0.005645,-0.037326,-0.000000,-0.001015,1.570172,0.000000,1.000000,1.100000,0.000000,0.000000,-1.571000,0.000195,1.007323,1.065203,1.466069
5.088000,-0.000195,-0.007325,0.034797,-0.000030,-0.005645,-0.037326,-0.000000,-0.001015,1.570172,0.000000,1.000000,1.100000,0.000000,0.000000,-1.571000,0.000195,1.007325,1.065203,1.466070
5.090000,-0.000196,-0.007326,0.034797,-0.000030,-0.005645,-0.037326,-0.000000,-0.001015,1.570172,0.000000,1.000000,1.100000,0.000000,0.000000,-1.571000,0.000196,1.007326,1.065203,1.466071
5.092000,-0.000196,-0.007328,0.034797,-0.000030,-0.005645,-0.037326,-0.000000,-0.001015,1.570172,0.000000,1.000000,1.100000,0.000000,0.000000,-1.571000,0.000196,1.007328,1.065203,1.466072
5.094000,-0.000196,-0.007330,0.034797,-0.000030,-0.005645,-0.037326,-0.000000,-0.001015,1.570172,0.000000,1.000000,1.100000,0.000000,0.000000,-1.571000,0.000196,1.007330,1.065203,1.466073
5.096000,-0.000196,-0.007331,0.034797,-0.000030,-0.005645,-0.037326,-0.000000,-0.001015,1.570172,0.000000,1.000000,1.100000,0.000000,0.000000,-1.571000,0.000196,1.007331,1.065203,1.466074
5.098000,-0.000196,-0.007333,0.034797,-0.000030,-0.005645,-0.037326,-0.000000,-0.001015,1.570172,0.000000,1.000000,1.100000,0.000000,0.000000,-1.571000,0.000196,1.007333,1.065203,1.466075
5.100000,-0.000196,-0.007335,0.034797,-0.000030,-0.005645,-0.037326,-0.000000,-0.001015,1.570172,0.000000,1.000000,1.100000,0.000000,0.000000,-1.571000,0.000196,1.007335,1.065203,1.466077
5.102000,-0.000196,-0.007336,0.034797,-0.000030,-0.005645,-0.037326,-0.000000,-0.001015,1.570172,0.000000,1.000000,1.100000,0.000000,0.000000,-1.571000,0.000196,1.007336,1.065203,1.466078
5.104000,-0.000196,-0.007338,0.034797,-0.000030,-0.005645,-0.037326,-0.000000,-0.001015,1.570172,0.000000,1.000000,1.100000,0.000000,0.000000,-1.571000,0.000196,1.007338,1.065203,1.466079
5.106000,-0.000196,-0.007340,0.034797,-0.000030,-0.005645,-0.037326,-0.000000,-0.001015,1.570172,0.000000,1.000000,1.100000,0.000000,0.000000,-1.571000,0.000196,1.007340,1.065203,1.466080
5.108000,-0.000196,-0.007342,0.034797,-0.000030,-0.005645,-0.037326,-0.000000,-0.001015,1.570172,0.000000,1.000000,1.100000,0.000000,0.000000,-1.571000,0.000196,1.007342,1.065203,1.466081
5.110000,-0.000196,-0.007343,0.034797,-0.000030,-0.005645,-0.037326,-0.000000,-0.001015,1.570172,0.000000,1.000000,1.100000,0.000000,0.000000,-1.571000,0.000196,1.007343,1.065203,1.466082
5.112000,-0.000196,-0.007345,0.034797,-0.000030,-0.005645,-0.037326,-0.000000,-0.001015,1.570172,0.000000,1.000000,1.100000,0.000000,0.000000,-1.571000,0.000196,1.007345,1.065203,1.466084
5.114000,-0.000196,-0.007347,0.034797,-0.000030,-0.005645,-0.037326,-0.000000,-0.001015,1.570172,0.000000,1.000000,1.100000,0.000000,0.000000,-1.571000,0.000196,1.007347,1.065203,1.466085
5.116000,-0.000196,-0.007348,0.034797,-0.000030,-0.005645,-0.037326,-0.000000,-0.001015,1.570172,0.000000,1.000000,1.100000,0.000000,0.000000,-1.571000,0.000196,1.007348,1.065203,1.466086
5.118000,-0.000196,-0.007350,0.034797,-0.000030,-0.005645,-0.037326,-0.000000,-0.001015,1.570172,0.000000,1.000000,1.100000,0.000000,0.000000,-1.571000,0.000196,1.007350,1.065203,1.466087
5.120000,-0.000196,-0.007352,0.034797,-0.000030,-0.005645,-0.037326,-0.000000,-0.001015,1.570172,0.000000,1.000000,1.100000,0.000000,0.000000,-1.571000,0.000196,1.007352,1.065203,1.466088
5.122000,-0.000196,-0.007353,0.034797,-0.000030,-0.005645,-0.037326,-0.000000,-0.001015,1.570172,0.000000,1.000000,1.100000,0.000000,0.000000,-1.571000,0.000196,1.007353,1.065203,1.466089
5.124000,-0.000196,-0.007355,0.034797,-0.000030,-0.005645,-0.037326,-0.000000,-0.001015,1.570172,0.000000,1.000000,1.100000,0.000000,0.000000,-1.571000,0.000196,1.007355,1.065203,1.466090
5.126000,-0.000196,-0.007357,0.034797,-0.000030,-0.005645,-0.037326,-0.000000,-0.001015,1.570172,0.000000,1.000000,1.100000,0.000000,0.000000,-1.571000,0.000196,1.007357,1.065203,1.466092
5.128000,-0.000196,-0.007358,0.034797,-0.000030,-0.005645,-0.037326,-0.000000,-0.001015,1.570172,0.000000,1.000000,1.100000,0.000000,0.000000,-1.571000,0.000196,1.007358,1.065203,1.466093
5.130000,-0.000196,-0.007360,0.034797,-0.000030,-0.005645,-0.037326,-0.000000,-0.001015,1.570172,0.000000,1.000000,1.100000,0.000000,0.000000,-1.571000,0.000196,1.007360,1.065203,1.466094
5.132000,-0.000196,-0.007362,0.034797,-0.000030,-0.005645,-0.037326,-0.000000,-0.001015,1.570172,0.000000,1.000000,1.100000,0.000000,0.000000,-1.571000,0.000196,1.007362,1.065203,1.466095
5.134000,-0.000197,-0.007363,0.034797,-0.000030,-0.005645,-0.037326,-0.000000,-0.001015,1.570172,0.000000,1.000000,1.100000,0.000000,0.000000,-1.571000,0.000197,1.007363,1.065203,1.466096
5.136000,-0.000197,-0.007365,0.034797,-0.000030,-0.005645,-0.037326,-0.000000,-0.001015,1.570173,0.000000,1.000000,1.100000,0.000000,0.000000,-1.571000,0.000197,1.007365,1.065203,1.466097
5.138000,-0.000197,-0.007367,0.034797,-0.000030,-0.005645,-0.037326,-0.000000,-0.001015,1.570173,0.000000,1.000000,1.100000,0.000000,0.000000,-1.571000,0.000197,1.007367,1.065203,1.466098
5.140000,-0.000197,-0.007368,0.034797,-0.000030,-0.005645,-0.037326,-0.000000,-0.001015,1.570173,0.000000,1.000000,1.100000,0.000000,0.000000,-1.571000,0.000197,1.007368,1.065203,1.466100
5.142000,-0.000197,-0.007370,0.034797,-0.000030,-0.005645,-0.037326,-0.000000,-0.001015,1.570173,0.000000,1.000000,1.100000,0.000000,0.000000,-1.571000,0.000197,1.007370,1.065203,1.466101
5.144000,-0.000197,-0.007372,0.034797,-0.000030,-0.005645,-0.037326,-0.000000,-0.001015,1.570173,0.000000,1.000000,1.100000,0.000000,0.000000,-1.571000,0.000197,1.007372,1.065203,1.466102
5.146000,-0.000197,-0.007373,0.034797,-0.000030,-0.005645,-0.037326,-0.000000,-0.001015,1.570173,0.000000,1.000000,1.100000,0.000000,0.000000,-1.571000,0.000197,1.007373,1.065203,1.466103
5.148000,-0.000197,-0.007375,0.034797,-0.000030,-0.005645,-0.037326,-0.000000,-0.001015,1.570173,0.000000,1.000000,1.100000,0.000000,0.000000,-1.571000,0.000197,1.007375,1.065203,1.466104
5.150000,-0.000197,-0.007377,0.034797,-0.000030,-0.005645,-0.037326,-0.000000,-0.001015,1.570173,0.000000,1.000000,1.100000,0.000000,0.000000,-1.571000,0.000197,1.007377,1.065203,1.466105
5.152000,-0.000197,-0.007378,0.034797,-0.000030,-0.005645,-0.037326,-0.000000,-0.001015,1.570173,0.000000,1.000000,1.100000,0.000000,0.000000,-1.571000,0.000197,1.007378,1.065203,1.466107
5.154000,-0.000197,-0.007380,0.034797,-0.000030,-0.005645,-0.037326,-0.000000,-0.001015,1.570173,0.000000,1.000000,1.100000,0.000000,0.000000,-1.571000,0.000197,1.007380,1.065203,1.466108
5.156000,-0.000197,-0.007382,0.034797,-0.000030,-0.005645,-0.037326,-0.000000,-0.001015,1.570173,0.000000,1.000000,1.100000,0.000000,0.000000,-1.571000,0.000197,1.007382,1.065203,1.466109
5.158000,-0.000197,-0.007383,0.034797,-0.000030,-0.005645,-0.037326,-0.000000,-0.001015,1.570173,0.000000,1.000000,1.100000,0.000000,0.000000,-1.571000,0.000197,1.007383,1.065203,1.466110
5.160000,-0.000197,-0.007385,0.034797,-0.000030,-0.005645,-0.037326,-0.000000,-0.001015,1.570173,0.000000,1.000000,1.100000,0.000000,0.000000,-1.571000,0.000197,1.007385,1.065203,1.466111
5.162000,-0.000197,-0.007387,0.034797,-0.000030,-0.005645,-0.037326,-0.000000,-0.001015,1.570173,0.000000,1.000000,1.100000,0.000000,0.000000,-1.571000,0.000197,1.007387,1.065203,1.466112
5.164000,-0.000197,-0.007388,0.034797,-0.000030,-0.005645,-0.037326,-0.000000,-0.001015,1.570173,0.000000,1.000000,1.100000,0.000000,0.000000,-1.571000,0.000197,1.007388,1.065203,1.466113
5.166000,-0.000197,-0.007390,0.034797,-0.000030,-0.005645,-0.037326,-0.000000,-0.001015,1.570173,0.000000,1.000000,1.100000,0.000000,0.000000,-1.571000,0.000197,1.007390,1.065203,1.466115
5.168000,-0.000197,-0.007392,0.034797,-0.000030,-0.005645,-0.037326,-0.000000,-0.001015,1.570173,0.000000,1.000000,1.100000,0.000000,0.000000,-1.571000,0.000197,1.007392,1.065203,1.466116
5.170000,-0.000197,-0.007393,0.034797,-0.000030,-0.005645,-0.037326,-0.000000,-0.001015,1.570173,0.000000,1.000000,1.100000,0.000000,0.000000,-1.571000,0.000197,1.007393,1.065203,1.466117
5.172000,-0.000197,-0.007395,0.034797,-0.000030,-0.005645,-0.037326,-0.000000,-0.001015,1.570173,0.000000,1.000000,1.100000,0.000000,0.000000,-1.571000,0.000197,1.007395,1.065203,1.466118
5.174000,-0.000197,-0.007397,0.034797,-0.000030,-0.005645,-0.037326,-0.000000,-0.001015,1.570173,0.000000,1.000000,1.100000,0.000000,0.000000,-1.571000,0.000197,1.007397,1.065203,1.466119
5.176000,-0.000197,-0.007398,0.034797,-0.000030,-0.005645,-0.037326,-0.000000,-0.001015,1.570173,0.000000,1.000000,1.100000,0.000000,0.000000,-1.571000,0.000197,1.007398,1.065203,1.466120
5.178000,-0.000198,-0.007400,0.034797,-0.000030,-0.005645,-0.037326,-0.000000,-0.001015,1.570173,0.000000,1.000000,1.100000,0.000000,0.000000,-1.571000,0.000198,1.007400,1.065203,1.466121
5.180000,-0.000198,-0.007402,0.034797,-0.000030,-0.005645,-0.037326,-0.000000,-0.001015,1.570173,0.000000,1.000000,1.100000,0.000000,0.000000,-1.571000,0.000198,1.007402,1.065203,1.466123
5.182000,-0.000198,-0.007403,0.034797,-0.000030,-0.005645,-0.037326,-0.000000,-0.001015,1.570173,0.000000,1.000000,1.100000,0.000000,0.000000,-1.571000,0.000198,1.007403,1.065203,1.466124
5.184000,-0.000198,-0.007405,0.034797,-0.000030,-0.005645,-0.037326,-0.000000,-0.001015,1.570173,0.000000,1.000000,1.100000,0.000000,0.000000,-1.571000,0.000198,1.007405,1.065203,1.466125
5.186000,-0.000198,-0.007407,0.034797,-0.000030,-0.005645,-0.037326,-0.000000,-0.001015,1.570174,0.000000,1.000000,1.100000,0.000000,0.000000,-1.571000,0.000198,1.007407,1.065203,1.466126
5.188000,-0.000198,-0.007408,0.034797,-0.000030,-0.005645,-0.037326,-0.000000,-0.001015,1.570174,0.000000,1.000000,1.100000,0.000000,0.000000,-1.571000,0.000198,1.007408,1.065203,1.466127
5.190000,-0.000198,-0.007410,0.034797,-0.000030,-0.005645,-0.037326,-0.000000,-0.001015,1.570174,0.000000,1.000000,1.100000,0.000000,0.000000,-1.571000,0.000198,1.007410,1.065203,1.466128
5.192000,-0.000198,-0.007412,0.034797,-0.000030,-0.005645,-0.037326,-0.000000,-0.001015,1.570174,0.000000,1.000000,1.100000,0.000000,0.000000,-1.571000,0.000198,1.007412,1.065203,1.466130
5.194000,-0.000198,-0.007414,0.034797,-0.000030,-0.005645,-0.037326,-0.000000,-0.001015,1.570174,0.000000,1.000000,1.100000,0.000000,0.000000,-1.571000,0.000198,1.007414,1.065203,1.466131
5.196000,-0.000198,-0.007415,0.034797,-0.000030,-0.005645,-0.037326,-0.000000,-0.001015,1.570174,0.000000,1.000000,1.100000,0.000000,0.000000,-1.571000,0.000198,1.007415,1.065203,1.466132
5.198000,-0.000198,-0.007417,0.034797,-0.000030,-0.005645,-0.037326,-0.000000,-0.001015,1.570174,0.000000,1.000000,1.100000,0.000000,0.000000,-1.571000,0.000198,1.007417,1.065203,1.466133
5.200000,-0.000198,-0.007419,0.034797,-0.000030,-0.005645,-0.037326,-0.000000,-0.001015,1.570174,0.000000,1.000000,1.100000,0.000000,0.000000,-1.571000,0.000198,1.007419,1.065203,1.466134
5.202000,-0.000198,-0.007420,0.034797,-0.000030,-0.005645,-0.037326,-0.000000,-0.001015,1.570174,0.000000,1.000000,1.100000,0.000000,0.000000,-1.571000,0.000198,1.007420,1.065203,1.466135
5.204000,-0.000198,-0.007422,0.034797,-0.000030,-0.005645,-0.037326,-0.000000,-0.001015,1.570174,0.000000,1.000000,1.100000,0.000000,0.000000,-1.571000,0.000198,1.007422,1.065203,1.466136
5.206000,-0.000198,-0.007424,0.034797,-0.000030,-0.005645,-0.037326,-0.000000,-0.001015,1.570174,0.000000,1.000000,1.100000,0.000000,0.000000,-1.571000,0.000198,1.007424,1.065203,1.466138
5.208000,-0.000198,-0.007425,0.034797,-0.000030,-0.005645,-0.037326,-0.000000,-0.001015,1.570174,0.000000,1.000000,1.100000,0.000000,0.000000,-1.571000,0.000198,1.007425,1.065203,1.466139
5.210000,-0.000198,-0.007427,0.034797,-0.000030,-0.005645,-0.037326,-0.000000,-0.001015,1.570174,0.000000,1.000000,1.100000,0.000000,0.000000,-1.571000,0.000198,1.007427,1.065203,1.466140
5.212000,-0.000198,-0.007429,0.034797,-0.000030,-0.005645,-0.037326,-0.000000,-0.001015,1.570174,0.000000,1.000000,1.100000,0.000000,0.000000,-1.571000,0.000198,1.007429,1.065203,1.466141
5.214000,-0.000198,-0.007430,0.034797,-0.000030,-0.005645,-0.037326,-0.000000,-0.001015,1.570174,0.000000,1.000000,1.100000,0.000000,0.000000,-1.571000,0.000198,1.007430,1.065203,1.466142
5.216000,-0.000198,-0.007432,0.034797,-0.000030,-0.005645,-0.037326,-0.000000,-0.001015,1.570174,0.000000,1.000000,1.100000,0.000000,0.000000,-1.571000,0.000198,1.007432,1.065203,1.466143
5.218000,-0.000198,-0.007434,0.034797,-0.000030,-0.005645,-0.037326,-0.000000,-0.001015,1.570174,0.000000,1.000000,1.100000,0.000000,0.000000,-1.571000,0.000198,1.007434,1.065203,1.466145
5.220000,-0.000198,-0.007435,0.034797,-0.000030,-0.005645,-0.037326,-0.000000,-0.001015,1.570174,0.000000,1.000000,1.100000,0.000000,0.000000,-1.571000,0.000198,1.007435,1.065203,1.466146
5.222000,-0.000199,-0.007437,0.034797,-0.000030,-0.005645,-0.037326,-0.000000,-0.001015,1.570174,0.000000,1.000000,1.100000,0.000000,0.000000,-1.571000,0.000199,1.007437,1.065203,1.466147
5.224000,-0.000199,-0.007439,0.034797,-0.000030,-0.005645,-0.037326,-0.000000,-0.001015,1.570174,0.000000,1.000000,1.100000,0.000000,0.000000,-1.571000,0.000199,1.007439,1.065203,1.466148
5.226000,-0.000199,-0.007440,0.034797,-0.000030,-0.005645,-0.037326,-0.000000,-0.001015,1.570174,0.000000,1.000000,1.100000,0.000000,0.000000,-1.571000,0.000199,1.007440,1.065203,1.466149
5.228000,-0.000199,-0.007442,0.034797,-0.000030,-0.005645,-0.037326,-0.000000,-0.001015,1.570174,0.000000,1.000000,1.100000,0.000000,0.000000,-1.571000,0.000199,1.007442,1.065203,1.466150
5.230000,-0.000199,-0.007444,0.034797,-0.000030,-0.005645,-0.037326,-0.000000,-0.001015,1.570174,0.000000,1.000000,1.100000,0.000000,0.000000,-1.571000,0.000199,1.007444,1.065203,1.466151
5.232000,-0.000199,-0.007445,0.034797,-0.000030,-0.005645,-0.037326,-0.000000,-0.001015,1.570174,0.000000,1.000000,1.100000,0.000000,0.000000,-1.571000,0.000199,1.007445,1.065203,1.466153
5.234000,-0.000199,-0.007447,0.034797,-0.000030,-0.005645,-0.037326,-0.000000,-0.001015,1.570174,0.000000,1.000000,1.100000,0.000000,0.000000,-1.571000,0.000199,1.007447,1.065203,1.466154
5.236000,-0.000199,-0.007449,0.034797,-0.000030,-0.005645,-0.037326,-0.000000,-0.001015,1.570174,0.000000,1.000000,1.100000,0.000000,0.000000,-1.571000,0.000199,1.007449,1.065203,1.466155
5.238000,-0.000199,-0.007450,0.034797,-0.000030,-0.005645,-0.037326,-0.000000,-0.001015,1.570175,0.000000,1.000000,1.100000,0.000000,0.000000,-1.571000,0.000199,1.007450,1.065203,1.466156
5.240000,-0.000199,-0.007452,0.034797,-0.000030,-0.005645,-0.037326,-0.000000,-0.001015,1.570175,0.000000,1.000000,1.100000,0.000000,0.000000,-1.571000,0.000199,1.007452,1.065203,1.466157
5.242000,-0.000199,-0.007454,0.034797,-0.000030,-0.005645,-0.037326,-0.000000,-0.001015,1.570175,0.000000,1.000000,1.100000,0.000000,0.000000,-1.571000,0.000199,1.007454,1.065203,1.466158
5.244000,-0.000199,-0.007455,0.034797,-0.000030,-0.005645,-0.037326,-0.000000,-0.001015,1.570175,0.000000,1.000000,1.100000,0.000000,0.000000,-1.571000,0.000199,1.007455,1.065203,1.466159
5.246000,-0.000199,-0.007457,0.034797,-0.000030,-0.005645,-0.037326,-0.000000,-0.001015,1.570175,0.000000,1.000000,1.100000,0.000000,0.000000,-1.571000,0.000199,1.007457,1.065203,1.466161
5.248000,-0.000199,-0.007459,0.034797,-0.000030,-0.005645,-0.037326,-0.000000,-0.001015,1.570175,0.000000,1.000000,1.100000,0.000000,0.000000,-1.571000,0.000199,1.007459,1.065203,1.466162
5.250000,-0.000199,-0.007460,0.034797,-0.000030,-0.005645,-0.037326,-0.000000,-0.001015,1.570175,0.000000,1.000000,1.100000,0.000000,0.000000,-1.571000,0.000199,1.007460,1.065203,1.466163
5.252000,-0.000199,-0.007462,0.034797,-0.000030,-0.005645,-0.037326,-0.000000,-0.001015,1.570175,0.000000,1.000000,1.100000,0.000000,0.000000,-1.571000,0.000199,1.007462,1.065203,1.466164
5.254000,-0.000199,-0.007464,0.034797,-0.000030,-0.005645,-0.037326,-0.000000,-0.001015,1.570175,0.000000,1.000000,1.100000,0.000000,0.000000,-1.571000,0.000199,1.007464,1.065203,1.466165
5.256000,-0.000199,-0.007465,0.034797,-0.000030,-0.005645,-0.037326,-0.000000,-0.001015,1.570175,0.000000,1.000000,1.100000,0.000000,0.000000,-1.571000,0.000199,1.007465,1.065203,1.466166
5.258000,-0.000199,-0.007467,0.034797,-0.000030,-0.005645,-0.037326,-0.000000,-0.001015,1.570175,0.000000,1.000000,1.100000,0.000000,0.000000,-1.571000,0.000199,1.007467,1.065203,1.466168
5.260000,-0.000199,-0.007469,0.034797,-0.000030,-0.005645,-0.037326,-0.000000,-0.001015,1.570175,0.000000,1.000000,1.100000,0.000000,0.000000,-1.571000,0.000199,1.007469,1.065203,1.466169
5.262000,-0.000199,-0.007470,0.034797,-0.000030,-0.005645,-0.037326,-0.000000,-0.001015,1.570175,0.000000,1.000000,1.100000,0.000000,0.000000,-1.571000,0.000199,1.007470,1.065203,1.466170
5.264000,-0.000199,-0.007472,0.034797,-0.000030,-0.005645,-0.037326,-0.000000,-0.001015,1.570175,0.000000,1.000000,1.100000,0.000000,0.000000,-1.571000,0.000199,1.007472,1.065203,1.466171
5.266000,-0.000200,-0.007474,0.034797,-0.000030,-0.005645,-0.037326,-0.000000,-0.001015,1.570175,0.000000,1.000000,1.100000,0.000000,0.000000,-1.571000,0.000200,1.007474,1.065203,1.466172
5.268000,-0.000200,-0.007475,0.034797,-0.000030,-0.005645,-0.037326,-0.000000,-0.001015,1.570175,0.000000,1.000000,1.100000,0.000000,0.000000,-1.571000,0.000200,1.007475,1.065203,1.466173
5.270000,-0.000200,-0.007477,0.034797,-0.000030,-0.005645,-0.037326,-0.000000,-0.001015,1.570175,0.000000,1.000000,1.100000,0.000000,0.000000,-1.571000,0.000200,1.007477,1.065203,1.466174
5.272000,-0.000200,-0.007479,0.034797,-0.000030,-0.005645,-0.037326,-0.000000,-0.001015,1.570175,0.000000,1.000000,1.100000,0.000000,0.000000,-1.571000,0.000200,1.007479,1.065203,1.466176
5.274000,-0.000200,-0.007481,0.034797,-0.000030,-0.005645,-0.037326,-0.000000,-0.001015,1.570175,0.000000,1.000000,1.100000,0.000000,0.000000,-1.571000,0.000200,1.007481,1.065203,1.466177
5.276000,-0.000200,-0.007482,0.034797,-0.000030,-0.005645,-0.037326,-0.000000,-0.001015,1.570175,0.000000,1.000000,1.100000,0.000000,0.000000,-1.571000,0.000200,1.007482,1.065203,1.466178
5.278000,-0.000200,-0.007484,0.034797,-0.000030,-0.005645,-0.037326,-0.000000,-0.001015,1.570175,0.000000,1.000000,1.100000,0.000000,0.000000,-1.571000,0.000200,1.007484,1.065203,1.466179
5.280000,-0.000200,-0.007486,0.034797,-0.000030,-0.005645,-0.037326,-0.000000,-0.001015,1.570175,0.000000,1.000000,1.100000,0.000000,0.000000,-1.571000,0.000200,1.007486,1.065203,1.466180
5.282000,-0.000200,-0.007487,0.034797,-0.000030,-0.005645,-0.037326,-0.000000,-0.001015,1.570175,0.000000,1.000000,1.100000,0.000000,0.000000,-1.571000,0.000200,1.007487,1.065203,1.466181
5.284000,-0.000200,-0.007489,0.034797,-0.000030,-0.005645,-0.037326,-0.000000,-0.001015,1.570175,0.000000,1.000000,1.100000,0.000000,0.000000,-1.571000,0.000200,1.007489,1.065203,1.466182
5.286000,-0.000200,-0.007491,0.034797,-0.000030,-0.005645,-0.037326,-0.000000,-0.001015,1.570175,0.000000,1.000000,1.100000,0.000000,0.000000,-1.571000,0.000200,1.007491,1.065203,1.466184
5.288000,-0.000200,-0.007492,0.034797,-0.000030,-0.005645,-0.037326,-0.000000,-0.001015,1.570176,0.000000,1.000000,1.100000,0.000000,0.000000,-1.571000,0.000200,1.007492,1.065203,1.466185
5.290000,-0.000200,-0.007494,0.034797,-0.000030,-0.005645,-0.037326,-0.000000,-0.001015,1.570176,0.000000,1.000000,1.100000,0.000000,0.000000,-1.571000,0.000200,1.007494,1.065203,1.466186
5.292000,-0.000200,-0.007496,0.034797,-0.000030,-0.005645,-0.037326,-0.000000,-0.001015,1.570176,0.000000,1.000000,1.100000,0.000000,0.000000,-1.571000,0.000200,1.007496,1.065203,1.466187
5.294000,-0.000200,-0.007497,0.034797,-0.000030,-0.005645,-0.037326,-0.000000,-0.001015,1.570176,0.000000,1.000000,1.100000,0.000000,0.000000,-1.571000,0.000200,1.007497,1.065203,1.466188
5.296000,-0.000200,-0.007499,0.034797,-0.000030,-0.005645,-0.037326,-0.000000,-0.001015,1.570176,0.000000,1.000000,1.100000,0.000000,0.000000,-1.571000,0.000200,1.007499,1.065203,1.466189
5.298000,-0.000200,-0.007501,0.034797,-0.000030,-0.005645,-0.037326,-0.000000,-0.001015,1.570176,0.000000,1.000000,1.100000,0.000000,0.000000,-1.571000,0.000200,1.007501,1.065203,1.466191
5.300000,-0.000200,-0.007502,0.034797,-0.000030,-0.005645,-0.037326,-0.000000,-0.001015,1.570176,0.000000,1.000000,1.100000,0.000000,0.000000,-1.571000,0.000200,1.007502,1.065203,1.466192
5.302000,-0.000200,-0.007504,0.034797,-0.000030,-0.005645,-0.037326,-0.000000,-0.001015,1.570176,0.000000,1.000000,1.100000,0.000000,0.000000,-1.571000,0.000200,1.007504,1.065203,1.466193
5.304000,-0.000200,-0.007506,0.034797,-0.000030,-0.005645,-0.037326,-0.000000,-0.001015,1.570176,0.000000,1.000000,1.100000,0.000000,0.000000,-1.571000,0.000200,1.007506,1.065203,1.466194
5.306000,-0.000200,-0.007507,0.034797,-0.000030,-0.005645,-0.037326,-0.000000,-0.001015,1.570176,0.000000,1.000000,1.100000,0.000000,0.000000,-1.571000,0.000200,1.007507,1.065203,1.466195
5.308000,-0.000200,-0.007509,0.034797,-0.000030,-0.005645,-0.037326,-0.000000,-0.001015,1.570176,0.000000,1.000000,1.100000,0.000000,0.000000,-1.571000,0.000200,1.007509,1.065203,1.466196
5.310000,-0.000200,-0.007511,0.034797,-0.000030,-0.005645,-0.037326,-0.000000,-0.001015,1.570176,0.000000,1.000000,1.100000,0.000000,0.000000,-1.571000,0.000200,1.007511,1.065203,1.466197
5.312000,-0.000201,-0.007512,0.034797,-0.000030,-0.005645,-0.037326,-0.000000,-0.001015,1.570176,0.000000,1.000000,1.100000,0.000000,0.000000,-1.571000,0.000201,1.007512,1.065203,1.466199
5.314000,-0.000201,-0.007514,0.034797,-0.000030,-0.005645,-0.037326,-0.000000,-0.001015,1.570176,0.000000,1.000000,1.100000,0.000000,0.000000,-1.571000,0.000201,1.007514,1.065203,1.466200
5.316000,-0.000201,-0.007516,0.034797,-0.000030,-0.005645,-0.037326,-0.000000,-0.001015,1.570176,0.000000,1.000000,1.100000,0.000000,0.000000,-1.571000,0.000201,1.007516,1.065203,1.466201
5.318000,-0.000201,-0.007517,0.034797,-0.000030,-0.005645,-0.037326,-0.000000,-0.001015,1.570176,0.000000,1.000000,1.100000,0.000000,0.000000,-1.571000,0.000201,1.007517,1.065203,1.466202
5.320000,-0.000201,-0.007519,0.034797,-0.000030,-0.005645,-0.037326,-0.000000,-0.001015,1.570176,0.000000,1.000000,1.100000,0.000000,0.000000,-1.571000,0.000201,1.007519,1.065203,1.466203
5.322000,-0.000201,-0.007521,0.034797,-0.000030,-0.005645,-0.037326,-0.000000,-0.001015,1.570176,0.000000,1.000000,1.100000,0.000000,0.000000,-1.571000,0.000201,1.007521,1.065203,1.466204
5.324000,-0.000201,-0.007522,0.034797,-0.000030,-0.005645,-0.037326,-0.000000,-0.001015,1.570176,0.000000,1.000000,1.100000,0.000000,0.000000,-1.571000,0.000201,1.007522,1.065203,1.466206
5.326000,-0.000201,-0.007524,0.034797,-0.000030,-0.005645,-0.037326,-0.000000,-0.001015,1.570176,0.000000,1.000000,1.100000,0.000000,0.000000,-1.571000,0.000201,1.007524,1.065203,1.466207
5.328000,-0.000201,-0.007526,0.034797,-0.000030,-0.005645,-0.037326,-0.000000,-0.001015,1.570176,0.000000,1.000000,1.100000,0.000000,0.000000,-1.571000,0.000201,1.007526,1.065203,1.466208
5.330000,-0.000201,-0.007527,0.034797,-0.000030,-0.005645,-0.037326,-0.000000,-0.001015,1.570176,0.000000,1.000000,1.100000,0.000000,0.000000,-1.571000,0.000201,1.007527,1.065203,1.466209
5.332000,-0.000201,-0.007529,0.034797,-0.000030,-0.005645,-0.037326,-0.000000,-0.001015,1.570176,0.000000,1.000000,1.100000,0.000000,0.000000,-1.571000,0.000201,1.007529,1.065203,1.466210
5.334000,-0.000201,-0.007531,0.034797,-0.000030,-0.005645,-0.037326,-0.000000,-0.001015,1.570176,0.000000,1.000000,1.100000,0.000000,0.000000,-1.571000,0.000201,1.007531,1.065203,1.466211
5.336000,-0.000201,-0.007532,0.034797,-0.000030,-0.005645,-0.037326,-0.000000,-0.001015,1.570176,0.000000,1.000000,1.100000,0.000000,0.000000,-1.571000,0.000201,1.007532,1.065203,1.466212
5.338000,-0.000201,-0.007534,0.034797,-0.000030,-0.005645,-0.037326,-0.000000,-0.001015,1.570176,0.000000,1.000000,1.100000,0.000000,0.000000,-1.571000,0.000201,1.007534,1.065203,1.466214
5.340000,-0.000201,-0.007536,0.034797,-0.000030,-0.005645,-0.037326,-0.000000,-0.001015,1.570177,0.000000,1.000000,1.100000,0.000000,0.000000,-1.571000,0.000201,1.007536,1.065203,1.466215
5.342000,-0.000201,-0.007537,0.034797,-0.000030,-0.005645,-0.037326,-0.000000,-0.001015,1.570177,0.000000,1.000000,1.100000,0.000000,0.000000,-1.571000,0.000201,1.007537,1.065203,1.466216
5.344000,-0.000201,-0.007539,0.034797,-0.000030,-0.005645,-0.037326,-0.000000,-0.001015,1.570177,0.000000,1.000000,1.100000,0.000000,0.000000,-1.571000,0.000201,1.007539,1.065203,1.466217
5.346000,-0.000201,-0.007541,0.034797,-0.000030,-0.005645,-0.037326,-0.000000,-0.001015,1.570177,0.000000,1.000000,1.100000,0.000000,0.000000,-1.571000,0.000201,1.007541,1.065203,1.466218
5.348000,-0.000201,-0.007542,0.034797,-0.000030,-0.005645,-0.037326,-0.000000,-0.001015,1.570177,0.000000,1.000000,1.100000,0.000000,0.000000,-1.571000,0.000201,1.007542,1.065203,1.466219
5.350000,-0.000201,-0.007544,0.034797,-0.000030,-0.005645,-0.037326,-0.000000,-0.001015,1.570177,0.000000,1.000000,1.100000,0.000000,0.000000,-1.571000,0.000201,1.007544,1.065203,1.466220
5.352000,-0.000201,-0.007546,0.034797,-0.000030,-0.005645,-0.037326,-0.000000,-0.001015,1.570177,0.000000,1.000000,1.100000,0.000000,0.000000,-1.571000,0.000201,1.007546,1.065203,1.466222
5.354000,-0.000201,-0.007547,0.034797,-0.000030,-0.005645,-0.037326,-0.000000,-0.001015,1.570177,0.000000,1.000000,1.100000,0.000000,0.000000,-1.571000,0.000201,1.007547,1.065203,1.466223
5.356000,-0.000202,-0.007549,0.034797,-0.000030,-0.005645,-0.037326,-0.000000,-0.001015,1.570177,0.000000,1.000000,1.100000,0.000000,0.000000,-1.571000,0.000202,1.007549,1.065203,1.466224
5.358000,-0.000202,-0.007551,0.034797,-0.000030,-0.005645,-0.037326,-0.000000,-0.001015,1.570177,0.000000,1.000000,1.100000,0.000000,0.000000,-1.571000,0.000202,1.007551,1.065203,1.466225
5.360000,-0.000202,-0.007553,0.034797,-0.000030,-0.005645,-0.037326,-0.000000,-0.001015,1.570177,0.000000,1.000000,1.100000,0.000000,0.000000,-1.571000,0.000202,1.007553,1.065203,1.466226
5.362000,-0.000202,-0.007554,0.034797,-0.000030,-0.005645,-0.037326,-0.000000,-0.001015,1.570177,0.000000,1.000000,1.100000,0.000000,0.000000,-1.571000,0.000202,1.007554,1.065203,1.466227
5.364000,-0.000202,-0.007556,0.034797,-0.000030,-0.005645,-0.037326,-0.000000,-0.001015,1.570177,0.000000,1.000000,1.100000,0.000000,0.000000,-1.571000,0.000202,1.007556,1.065203,1.466229
5.366000,-0.000202,-0.007558,0.034797,-0.000030,-0.005645,-0.037326,-0.000000,-0.001015,1.570177,0.000000,1.000000,1.100000,0.000000,0.000000,-1.571000,0.000202,1.007558,1.065203,1.466230
5.368000,-0.000202,-0.007559,0.034797,-0.000030,-0.005645,-0.037326,-0.000000,-0.001015,1.570177,0.000000,1.000000,1.100000,0.000000,0.000000,-1.571000,0.000202,1.007559,1.065203,1.466231
5.370000,-0.000202,-0.007561,0.034797,-0.000030,-0.005645,-0.037326,-0.000000,-0.001015,1.570177,0.000000,1.000000,1.100000,0.000000,0.000000,-1.571000,0.000202,1.007561,1.065203,1.466232
5.372000,-0.000202,-0.007563,0.034797,-0.000030,-0.005645,-0.037326,-0.000000,-0.001015,1.570177,0.000000,1.000000,1.100000,0.000000,0.000000,-1.571000,0.000202,1.007563,1.065203,1.466233
5.374000,-0.000202,-0.007564,0.034797,-0.000030,-0.005645,-0.037326,-0.000000,-0.001015,1.570177,0.000000,1.000000,1.100000,0.000000,0.000000,-1.571000,0.000202,1.007564,1.065203,1.466234
5.376000,-0.000202,-0.007566,0.034797,-0.000030,-0.005645,-0.037326,-0.000000,-0.001015,1.570177,0.000000,1.000000,1.100000,0.000000,0.000000,-1.571000,0.000202,1.007566,1.065203,1.466235
5.378000,-0.000202,-0.007568,0.034797,-0.000030,-0.005645,-0.037326,-0.000000,-0.001015,1.570177,0.000000,1.000000,1.100000,0.000000,0.000000,-1.571000,0.000202,1.007568,1.065203,1.466237
5.380000,-0.000202,-0.007569,0.034797,-0.000030,-0.005645,-0.037326,-0.000000,-0.001015,1.570177,0.000000,1.000000,1.100000,0.000000,0.000000,-1.571000,0.000202,1.007569,1.065203,1.466238
5.382000,-0.000202,-0.007571,0.034797,-0.000030,-0.005645,-0.037326,-0.000000,-0.001015,1.570177,0.000000,1.000000,1.100000,0.000000,0.000000,-1.571000,0.000202,1.007571,1.065203,1.466239
5.384000,-0.000202,-0.007573,0.034797,-0.000030,-0.005645,-0.037326,-0.000000,-0.001015,1.570177,0.000000,1.000000,1.100000,0.000000,0.000000,-1.571000,0.000202,1.007573,1.065203,1.466240
5.386000,-0.000202,-0.007574,0.034797,-0.000030,-0.005645,-0.037326,-0.000000,-0.001015,1.570177,0.000000,1.000000,1.100000,0.000000,0.000000,-1.571000,0.000202,1.007574,1.065203,1.466241
5.388000,-0.000202,-0.007576,0.034797,-0.000030,-0.005645,-0.037326,-0.000000,-0.001015,1.570177,0.000000,1.000000,1.100000,0.000000,0.000000,-1.571000,0.000202,1.007576,1.065203,1.466242
5.390000,-0.000202,-0.007578,0.034797,-0.000030,-0.005645,-0.037326,-0.000000,-0.001015,1.570178,0.000000,1.000000,1.100000,0.000000,0.000000,-1.571000,0.000202,1.007578,1.065203,1.466243
5.392000,-0.000202,-0.007579,0.034797,-0.000030,-0.005645,-0.037326,-0.000000,-0.001015,1.570178,0.000000,1.000000,1.100000,0.000000,0.000000,-1.571000,0.000202,1.007579,1.065203,1.466245
5.394000,-0.000202,-0.007581,0.034797,-0.000030,-0.005645,-0.037326,-0.000000,-0.001015,1.570178,0.000000,1.000000,1.100000,0.000000,0.000000,-1.571000,0.000202,1.007581,1.065203,1.466246
5.396000,-0.000202,-0.007583,0.034797,-0.000030,-0.005645,-0.037326,-0.000000,-0.001015,1.570178,0.000000,1.000000,1.100000,0.000000,0.000000,-1.571000,0.000202,1.007583,1.065203,1.466247
5.398000,-0.000202,-0.007584,0.034797,-0.000030,-0.005645,-0.037326,-0.000000,-0.001015,1.570178,0.000000,1.000000,1.100000,0.000000,0.000000,-1.571000,0.000202,1.007584,1.065203,1.466248
5.400000,-0.000203,-0.007586,0.034797,-0.000030,-0.005645,-0.037326,-0.000000,-0.001015,1.570178,0.000000,1.000000,1.100000,0.000000,0.000000,-1.571000,0.000203,1.007586,1.065203,1.466249
5.402000,-0.000203,-0.007588,0.034797,-0.000030,-0.005645,-0.037326,-0.000000,-0.001015,1.570178,0.000000,1.000000,1.100000,0.000000,0.000000,-1.571000,0.000203,1.007588,1.065203,1.466250
5.404000,-0.000203,-0.007589,0.034797,-0.000030,-0.005645,-0.037326,-0.000000,-0.001015,1.570178,0.000000,1.000000,1.100000,0.000000,0.000000,-1.571000,0.000203,1.007589,1.065203,1.466252
5.406000,-0.000203,-0.007591,0.034797,-0.000030,-0.005645,-0.037326,-0.000000,-0.001015,1.570178,0.000000,1.000000,1.100000,0.000000,0.000000,-1.571000,0.000203,1.007591,1.065203,1.466253
5.408000,-0.000203,-0.007593,0.034797,-0.000030,-0.005645,-0.037326,-0.000000,-0.001015,1.570178,0.000000,1.000000,1.100000,0.000000,0.000000,-1.571000,0.000203,1.007593,1.065203,1.466254
5.410000,-0.000203,-0.007594,0.034797,-0.000030,-0.005645,-0.037326,-0.000000,-0.001015,1.570178,0.000000,1.000000,1.100000,0.000000,0.000000,-1.571000,0.000203,1.007594,1.065203,1.466255
5.412000,-0.000203,-0.007596,0.034797,-0.000030,-0.005645,-0.037326,-0.000000,-0.001015,1.570178,0.000000,1.000000,1.100000,0.000000,0.000000,-1.571000,0.000203,1.007596,1.065203,1.466256
5.414000,-0.000203,-0.007598,0.034797,-0.000030,-0.005645,-0.037326,-0.000000,-0.001015,1.570178,0.000000,1.000000,1.100000,0.000000,0.000000,-1.571000,0.000203,1.007598,1.065203,1.466257
5.416000,-0.000203,-0.007599,0.034797,-0.000030,-0.005645,-0.037326,-0.000000,-0.001015,1.570178,0.000000,1.000000,1.100000,0.000000,0.000000,-1.571000,0.000203,1.007599,1.065203,1.466258
5.418000,-0.000203,-0.007601,0.034797,-0.000030,-0.005645,-0.037326,-0.000000,-0.001015,1.570178,0.000000,1.000000,1.100000,0.000000,0.000000,-1.571000,0.000203,1.007601,1.065203,1.466260
5.420000,-0.000203,-0.007603,0.034797,-0.000030,-0.005645,-0.037326,-0.000000,-0.001015,1.570178,0.000000,1.000000,1.100000,0.000000,0.000000,-1.571000,0.000203,1.007603,1.065203,1.466261
5.422000,-0.000203,-0.007604,0.034797,-0.000030,-0.005645,-0.037326,-0.000000,-0.001015,1.570178,0.000000,1.000000,1.100000,0.000000,0.000000,-1.571000,0.000203,1.007604,1.065203,1.466262
5.424000,-0.000203,-0.007606,0.034797,-0.000030,-0.005645,-0.037326,-0.000000,-0.001015,1.570178,0.000000,1.000000,1.100000,0.000000,0.000000,-1.571000,0.000203,1.007606,1.065203,1.466263
5.426000,-0.000203,-0.007608,0.034797,-0.000030,-0.005645,-0.037326,-0.000000,-0.001015,1.570178,0.000000,1.000000,1.100000,0.000000,0.000000,-1.571000,0.000203,1.007608,1.065203,1.466264
5.428000,-0.000203,-0.007609,0.034797,-0.000030,-0.005645,-0.037326,-0.000000,-0.001015,1.570178,0.000000,1.000000,1.100000,0.000000,0.000000,-1.571000,0.000203,1.007609,1.065203,1.466265
5.430000,-0.000203,-0.007611,0.034797,-0.000030,-0.005645,-0.037326,-0.000000,-0.001015,1.570178,0.000000,1.000000,1.100000,0.000000,0.000000,-1.571000,0.000203,1.007611,1.065203,1.466266
5.432000,-0.000203,-0.007613,0.034797,-0.000030,-0.005645,-0.037326,-0.000000,-0.001015,1.570178,0.000000,1.000000,1.100000,0.000000,0.000000,-1.571000,0.000203,1.007613,1.065203,1.466268
5.434000,-0.000203,-0.007614,0.034797,-0.000030,-0.005645,-0.037326,-0.000000,-0.001015,1.570178,0.000000,1.000000,1.100000,0.000000,0.000000,-1.571000,0.000203,1.007614,1.065203,1.466269
5.436000,-0.000203,-0.007616,0.034797,-0.000030,-0.005645,-0.037326,-0.000000,-0.001015,1.570178,0.000000,1.000000,1.100000,0.000000,0.000000,-1.571000,0.000203,1.007616,1.065203,1.466270
5.438000,-0.000203,-0.007618,0.034797,-0.000030,-0.005645,-0.037326,-0.000000,-0.001015,1.570178,0.000000,1.000000,1.100000,0.000000,0.000000,-1.571000,0.000203,1.007618,1.065203,1.466271
5.440000,-0.000203,-0.007620,0.034797,-0.000030,-0.005645,-0.037326,-0.000000,-0.001015,1.570178,0.000000,1.000000,1.100000,0.000000,0.000000,-1.571000,0.000203,1.007620,1.065203,1.466272
5.442000,-0.000203,-0.007621,0.034797,-0.000030,-0.005645,-0.037326,-0.000000,-0.001015,1.570179,0.000000,1.000000,1.100000,0.000000,0.000000,-1.571000,0.000203,1.007621,1.065203,1.466273
5.444000,-0.000204,-0.007623,0.034797,-0.000030,-0.005645,-0.037326,-0.000000,-0.001015,1.570179,0.000000,1.000000,1.100000,0.000000,0.000000,-1.571000,0.000204,1.007623,1.065203,1.466275
5.446000,-0.000204,-0.007625,0.034797,-0.000030,-0.005645,-0.037326,-0.000000,-0.001015,1.570179,0.000000,1.000000,1.100000,0.000000,0.000000,-1.571000,0.000204,1.007625,1.065203,1.466276
5.448000,-0.000204,-0.007626,0.034797,-0.000030,-0.005645,-0.037326,-0.000000,-0.001015,1.570179,0.000000,1.000000,1.100000,0.000000,0.000000,-1.571000,0.000204,1.007626,1.065203,1.466277
5.450000,-0.000204,-0.007628,0.034797,-0.000030,-0.005645,-0.037326,-0.000000,-0.001015,1.570179,0.000000,1.000000,1.100000,0.000000,0.000000,-1.571000,0.000204,1.007628,1.065203,1.466278
5.452000,-0.000204,-0.007630,0.034797,-0.000030,-0.005645,-0.037326,-0.000000,-0.001015,1.570179,0.000000,1.000000,1.100000,0.000000,0.000000,-1.571000,0.000204,1.007630,1.065203,1.466279
5.454000,-0.000204,-0.007631,0.034797,-0.000030,-0.005645,-0.037326,-0.000000,-0.001015,1.570179,0.000000,1.000000,1.100000,0.000000,0.000000,-1.571000,0.000204,1.007631,1.065203,1.466280
5.456000,-0.000204,-0.007633,0.034797,-0.000030,-0.005645,-0.037326,-0.000000,-0.001015,1.570179,0.000000,1.000000,1.100000,0.000000,0.000000,-1.571000,0.000204,1.007633,1.065203,1.466281
5.458000,-0.000204,-0.007635,0.034797,-0.000030,-0.005645,-0.037326,-0.000000,-0.001015,1.570179,0.000000,1.000000,1.100000,0.000000,0.000000,-1.571000,0.000204,1.007635,1.065203,1.466283
5.460000,-0.000204,-0.007636,0.034797,-0.000030,-0.005645,-0.037326,-0.000000,-0.001015,1.570179,0.000000,1.000000,1.100000,0.000000,0.000000,-1.571000,0.000204,1.007636,1.065203,1.466284
5.462000,-0.000204,-0.007638,0.034797,-0.000030,-0.005645,-0.037326,-0.000000,-0.001015,1.570179,0.000000,1.000000,1.100000,0.000000,0.000000,-1.571000,0.000204,1.007638,1.065203,1.466285
5.464000,-0.000204,-0.007640,0.034797,-0.000030,-0.005645,-0.037326,-0.000000,-0.001015,1.570179,0.000000,1.000000,1.100000,0.000000,0.000000,-1.571000,0.000204,1.007640,1.065203,1.466286
5.466000,-0.000204,-0.007641,0.034797,-0.000030,-0.005645,-0.037326,-0.000000,-0.001015,1.570179,0.000000,1.000000,1.100000,0.000000,0.000000,-1.571000,0.000204,1.007641,1.065203,1.466287
5.468000,-0.000204,-0.007643,0.034797,-0.000030,-0.005645,-0.037326,-0.000000,-0.001015,1.570179,0.000000,1.000000,1.100000,0.000000,0.000000,-1.571000,0.000204,1.007643,1.065203,1.466288
5.470000,-0.000204,-0.007645,0.034797,-0.000030,-0.005645,-0.037326,-0.000000,-0.001015,1.570179,0.000000,1.000000,1.100000,0.000000,0.000000,-1.571000,0.000204,1.007645,1.065203,1.466290
5.472000,-0.000204,-0.007646,0.034797,-0.000030,-0.005645,-0.037326,-0.000000,-0.001015,1.570179,0.000000,1.000000,1.100000,0.000000,0.000000,-1.571000,0.000204,1.007646,1.065203,1.466291
5.474000,-0.000204,-0.007648,0.034797,-0.000030,-0.005645,-0.037326,-0.000000,-0.001015,1.570179,0.000000,1.000000,1.100000,0.000000,0.000000,-1.571000,0.000204,1.007648,1.065203,1.466292
5.476000,-0.000204,-0.007650,0.034797,-0.000030,-0.005645,-0.037326,-0.000000,-0.001015,1.570179,0.000000,1.000000,1.100000,0.000000,0.000000,-1.571000,0.000204,1.007650,1.065203,1.466293
5.478000,-0.000204,-0.007651,0.034797,-0.000030,-0.005645,-0.037326,-0.000000,-0.001015,1.570179,0.000000,1.000000,1.100000,0.000000,0.000000,-1.571000,0.000204,1.007651,1.065203,1.466294
5.480000,-0.000204,-0.007653,0.034797,-0.000030,-0.005645,-0.037326,-0.000000,-0.001015,1.570179,0.000000,1.000000,1.100000,0.000000,0.000000,-1.571000,0.000204,1.007653,1.065203,1.466295
5.482000,-0.000204,-0.007655,0.034797,-0.000030,-0.005645,-0.037326,-0.000000,-0.001015,1.570179,0.000000,1.000000,1.100000,0.000000,0.000000,-1.571000,0.000204,1.007655,1.065203,1.466296
5.484000,-0.000204,-0.007656,0.034797,-0.000030,-0.005645,-0.037326,-0.000000,-0.001015,1.570179,0.000000,1.000000,1.100000,0.000000,0.000000,-1.571000,0.000204,1.007656,1.065203,1.466298
5.486000,-0.000204,-0.007658,0.034797,-0.000030,-0.005645,-0.037326,-0.000000,-0.001015,1.570179,0.000000,1.000000,1.100000,0.000000,0.000000,-1.571000,0.000204,1.007658,1.065203,1.466299
5.488000,-0.000205,-0.007660,0.034797,-0.000030,-0.005645,-0.037326,-0.000000,-0.001015,1.570179,0.000000,1.000000,1.100000,0.000000,0.000000,-1.571000,0.000205,1.007660,1.065203,1.466300
5.490000,-0.000205,-0.007661,0.034797,-0.000030,-0.005645,-0.037326,-0.000000,-0.001015,1.570179,0.000000,1.000000,1.100000,0.000000,0.000000,-1.571000,0.000205,1.007661,1.065203,1.466301
5.492000,-0.000205,-0.007663,0.034797,-0.000030,-0.005645,-0.037326,-0.000000,-0.001015,1.570180,0.000000,1.000000,1.100000,0.000000,0.000000,-1.571000,0.000205,1.007663,1.065203,1.466302
5.494000,-0.000205,-0.007665,0.034797,-0.000030,-0.005645,-0.037326,-0.000000