t,drone_x,drone_y,drone_z,drone_vel_x,drone_vel_y,drone_vel_z,drone_roll,drone_pitch,drone_yaw,flower_x,flower_y,flower_z,flower_roll,flower_pitch,flower_yaw,dx,dy,dz,distance
0.002000,0.000000,-0.000000,0.099990,0.000000,-0.000000,-0.009800,-0.000000,0.000000,1.570000,-0.300000,1.000000,1.100000,0.000000,0.000000,-1.571000,-0.300000,1.000000,1.000010,1.445690
0.004000,0.000000,-0.000000,0.099941,0.000000,-0.000000,-0.029352,-0.000000,0.000000,1.570000,-0.300000,1.000000,1.100000,0.000000,0.000000,-1.571000,-0.300000,1.000000,1.000059,1.445724
0.006000,0.000000,-0.000000,0.099853,0.000000,-0.000000,-0.048869,0.000000,0.000000,1.570000,-0.300000,1.000000,1.100000,0.000000,0.000000,-1.571000,-0.300000,1.000000,1.000147,1.445785
0.008000,0.000000,-0.000000,0.099726,0.000000,0.000000,-0.068350,0.000000,0.000000,1.570000,-0.300000,1.000000,1.100000,0.000000,0.000000,-1.571000,-0.300000,1.000000,1.000274,1.445873
0.010000,0.000000,0.000000,0.099560,0.000000,0.000000,-0.087795,0.000000,0.000000,1.570000,-0.300000,1.000000,1.100000,0.000000,0.000000,-1.571000,-0.300000,1.000000,1.000440,1.445988
0.012000,0.000000,0.000000,0.099355,0.000000,0.000000,-0.107203,-0.000000,0.000000,1.570000,-0.300000,1.000000,1.100000,0.000000,0.000000,-1.571000,-0.300000,1.000000,1.000645,1.446129
0.014000,0.000000,0.000000,0.099111,-0.000000,0.000000,-0.126576,-0.000000,0.000000,1.570000,-0.300000,1.000000,1.100000,0.000000,0.000000,-1.571000,-0.300000,1.000000,1.000889,1.446298
0.016000,0.000000,0.000000,0.098829,0.000000,0.000000,-0.145912,-0.000000,0.000000,1.570000,-0.300000,1.000000,1.100000,0.000000,0.000000,-1.571000,-0.300000,1.000000,1.001171,1.446494
0.018000,0.000000,0.000000,0.098508,0.000000,0.000000,-0.165213,-0.000000,0.000001,1.570000,-0.300000,1.000000,1.100000,0.000000,0.000000,-1.571000,-0.300000,1.000000,1.001492,1.446716
0.020000,0.000000,0.000000,0.098148,0.000000,0.000000,-0.184478,-0.000000,0.000001,1.570000,-0.300000,1.000000,1.100000,0.000000,0.000000,-1.571000,-0.300000,1.000000,1.001852,1.446965
0.022000,0.000000,0.000000,0.097750,0.000000,0.000000,-0.203708,-0.000000,0.000001,1.570000,-0.300000,1.000000,1.100000,0.000000,0.000000,-1.571000,-0.300000,1.000000,1.002250,1.447241
0.024000,0.000000,0.000000,0.097313,0.000000,0.000000,-0.222901,-0.000000,0.000001,1.570000,-0.300000,1.000000,1.100000,0.000000,0.000000,-1.571000,-0.300000,1.000000,1.002687,1.447543
0.026000,0.000000,0.000000,0.096838,0.000000,0.000000,-0.242059,-0.000000,0.000002,1.570000,-0.300000,1.000000,1.100000,0.000000,0.000000,-1.571000,-0.300000,1.000000,1.003162,1.447872
0.028000,0.000000,0.000000,0.096325,0.000000,0.000000,-0.261182,-0.000000,0.000002,1.570000,-0.300000,1.000000,1.100000,0.000000,0.000000,-1.571000,-0.300000,1.000000,1.003675,1.448228
0.030000,0.000000,0.000000,0.095773,0.000000,0.000000,-0.280269,-0.000000,0.000003,1.570000,-0.300000,1.000000,1.100000,0.000000,0.000000,-1.571000,-0.300000,1.000000,1.004227,1.448610
0.032000,0.000000,0.000000,0.095184,0.000000,0.000000,-0.299321,-0.000000,0.000003,1.570000,-0.300000,1.000000,1.100000,0.000000,0.000000,-1.571000,-0.300000,1.000000,1.004816,1.449019
0.034000,0.000000,0.000000,0.094556,0.000000,0.000000,-0.318337,-0.000000,0.000004,1.570000,-0.300000,1.000000,1.100000,0.000000,0.000000,-1.571000,-0.300000,1.000000,1.005444,1.449454
0.036000,0.000000,0.000000,0.093890,0.000000,0.000000,-0.337319,-0.000000,0.000005,1.570000,-0.300000,1.000000,1.100000,0.000000,0.000000,-1.571000,-0.300000,1.000000,1.006110,1.449916
0.038000,0.000000,0.000000,0.093186,0.000000,0.000000,-0.356265,-0.000000,0.000005,1.570000,-0.300000,1.000000,1.100000,0.000000,0.000000,-1.571000,-0.300000,1.000000,1.006814,1.450405
0.040000,0.000000,0.000000,0.092445,0.000000,0.000000,-0.375175,-0.000000,0.000006,1.570000,-0.300000,1.000000,1.100000,0.000000,0.000000,-1.571000,-0.300000,1.000000,1.007555,1.450920
0.042000,0.000000,0.000000,0.091665,0.000000,0.000000,-0.394051,-0.000000,0.000007,1.570000,-0.300000,1.000000,1.100000,0.000000,0.000000,-1.571000,-0.300000,1.000000,1.008335,1.451461
0.044000,0.000000,0.000000,0.090848,0.000000,0.000000,-0.412892,-0.000000,0.000008,1.570000,-0.300000,1.000000,1.100000,0.000000,0.000000,-1.571000,-0.300000,1.000000,1.009152,1.452029
0.046000,0.000000,0.000000,0.089993,0.000000,0.000000,-0.431698,-0.000000,0.000010,1.570000,-0.300000,1.000000,1.100000,0.000000,0.000000,-1.571000,-0.300000,1.000000,1.010007,1.452623
0.048000,0.000000,0.000000,0.089101,0.000000,0.000000,-0.450469,-0.000000,0.000011,1.570000,-0.300000,1.000000,1.100000,0.000000,0.000000,-1.571000,-0.300000,1.000000,1.010899,1.453244
0.050000,0.000000,0.000000,0.088171,0.000000,0.000000,-0.469205,-0.000000,0.000013,1.570000,-0.300000,1.000000,1.100000,0.000000,0.000000,-1.571000,-0.300000,1.000000,1.011829,1.453891
0.052000,0.000000,0.000000,0.087203,0.000000,0.000000,-0.487907,-0.000000,0.000014,1.570000,-0.300000,1.000000,1.100000,0.000000,0.000000,-1.571000,-0.300000,1.000000,1.012797,1.454564
0.054000,0.000000,0.000000,0.086199,0.000000,0.000000,-0.506573,-0.000000,0.000016,1.570000,-0.300000,1.000000,1.100000,0.000000,0.000000,-1.571000,-0.300000,1.000000,1.013801,1.455264
0.056000,0.000000,0.000000,0.085156,0.000000,0.000000,-0.525206,-0.000000,0.000018,1.570000,-0.300000,1.000000,1.100000,0.000000,0.000000,-1.571000,-0.300000,1.000000,1.014844,1.455990
0.058000,0.000000,0.000000,0.084077,0.000000,0.000000,-0.543803,-0.000000,0.000020,1.570000,-0.300000,1.000000,1.100000,0.000000,0.000000,-1.571000,-0.300000,1.000000,1.015923,1.456743
0.060000,0.000000,0.000000,0.082960,0.000000,0.000000,-0.562366,-0.000000,0.000022,1.570000,-0.300000,1.000000,1.100000,0.000000,0.000000,-1.571000,-0.300000,1.000000,1.017040,1.457522
0.062000,0.000000,0.000000,0.081807,0.000000,0.000000,-0.580895,-0.000000,0.000024,1.570000,-0.300000,1.000000,1.100000,0.000000,0.000000,-1.571000,-0.300000,1.000000,1.018193,1.458327
0.064000,0.000000,0.000000,0.080616,0.000000,0.000000,-0.599390,-0.000000,0.000027,1.570000,-0.300000,1.000000,1.100000,0.000000,0.000000,-1.571000,-0.300000,1.000000,1.019384,1.459159
0.066000,0.000000,0.000000,0.079388,0.000000,0.000000,-0.617850,-0.000000,0.000029,1.570000,-0.300000,1.000000,1.100000,0.000000,0.000000,-1.571000,-0.300000,1.000000,1.020612,1.460017
0.068000,0.000000,0.000000,0.078124,0.000000,0.000000,-0.636276,-0.000000,0.000032,1.570000,-0.300000,1.000000,1.100000,0.000000,0.000000,-1.571000,-0.300000,1.000000,1.021876,1.460901
0.070000,0.000000,0.000000,0.076822,0.000000,0.000000,-0.654668,-0.000000,0.000035,1.570000,-0.300000,1.000000,1.100000,0.000000,0.000000,-1.571000,-0.300000,1.000000,1.023178,1.461811
0.072000,0.000000,0.000000,0.075484,0.000000,0.000000,-0.673025,-0.000000,0.000038,1.570000,-0.300000,1.000000,1.100000,0.000000,0.000000,-1.571000,-0.300000,1.000000,1.024516,1.462748
0.074000,0.000000,0.000000,0.074109,0.000000,0.000000,-0.691349,-0.000000,0.000041,1.570000,-0.300000,1.000000,1.100000,0.000000,0.000000,-1.571000,-0.300000,1.000000,1.025891,1.463712
0.076000,0.000000,0.000000,0.072698,0.000000,0.000000,-0.709638,-0.000000,0.000045,1.570000,-0.300000,1.000000,1.100000,0.000000,0.000000,-1.571000,-0.300000,1.000000,1.027302,1.464701
0.078000,0.000000,0.000000,0.071249,0.000000,0.000000,-0.727894,-0.000000,0.000048,1.570000,-0.300000,1.000000,1.100000,0.000000,0.000000,-1.571000,-0.300000,1.000000,1.028751,1.465717
0.080000,0.000000,0.000000,0.069765,0.000000,0.000000,-0.746116,-0.000000,0.000052,1.570000,-0.300000,1.000000,1.100000,0.000000,0.000000,-1.571000,-0.300000,1.000000,1.030235,1.466760
0.082000,0.000000,0.000000,0.068244,0.000000,0.000000,-0.764304,-0.000000,0.000056,1.570000,-0.300000,1.000000,1.100000,0.000000,0.000000,-1.571000,-0.300000,1.000000,1.031756,1.467829
0.084000,0.000000,0.000000,0.066686,0.000000,0.000000,-0.782459,-0.000000,0.000061,1.570000,-0.300000,1.000000,1.100000,0.000000,0.000000,-1.571000,-0.300000,1.000000,1.033314,1.468924
0.086000,0.000000,0.000000,0.065093,0.000000,0.000000,-0.800579,-0.000000,0.000065,1.570000,-0.300000,1.000000,1.100000,0.000000,0.000000,-1.571000,-0.300000,1.000000,1.034907,1.470045
0.088000,0.000000,0.000000,0.063463,0.000000,0.000000,-0.818667,-0.000000,0.000070,1.570000,-0.300000,1.000000,1.100000,0.000000,0.000000,-1.571000,-0.300000,1.000000,1.036537,1.471193
0.090000,0.000000,0.000000,0.061797,0.000000,0.000000,-0.836720,-0.000000,0.000075,1.570000,-0.300000,1.000000,1.100000,0.000000,0.000000,-1.571000,-0.300000,1.000000,1.038203,1.472368
0.092000,0.000000,0.000000,0.060095,0.000000,0.000000,-0.854740,-0.000000,0.000080,1.570000,-0.300000,1.000000,1.100000,0.000000,0.000000,-1.571000,-0.300000,1.000000,1.039905,1.473568
0.094000,0.000000,0.000000,0.058356,0.000000,0.000000,-0.872727,-0.000000,0.000085,1.570000,-0.300000,1.000000,1.100000,0.000000,0.000000,-1.571000,-0.300000,1.000000,1.041644,1.474795
0.096000,0.000000,0.000000,0.056582,0.000000,0.000000,-0.890681,-0.000000,0.000091,1.570000,-0.300000,1.000000,1.100000,0.000000,0.000000,-1.571000,-0.300000,1.000000,1.043418,1.476049
0.098000,0.000000,0.000000,0.054772,0.000000,0.000000,-0.908601,-0.000000,0.000096,1.570000,-0.300000,1.000000,1.100000,0.000000,0.000000,-1.571000,-0.300000,1.000000,1.045228,1.477329
0.100000,0.000000,0.000000,0.052926,0.000000,0.000000,-0.926488,-0.000000,0.000103,1.570000,-0.300000,1.000000,1.100000,0.000000,0.000000,-1.571000,-0.300000,1.000000,1.047074,1.478636
0.102000,0.000000,0.000000,0.051045,0.000000,0.000000,-0.944341,-0.000000,0.000109,1.570000,-0.300000,1.000000,1.100000,0.000000,0.000000,-1.571000,-0.300000,1.000000,1.048955,1.479969
0.104000,0.000000,0.000000,0.049127,0.000000,0.000000,-0.962162,-0.000000,0.000115,1.570000,-0.300000,1.000000,1.100000,0.000000,0.000000,-1.571000,-0.300000,1.000000,1.050873,1.481328
0.106000,0.000000,0.000000,0.047174,0.000000,0.000000,-0.979950,-0.000000,0.000122,1.570000,-0.300000,1.000000,1.100000,0.000000,0.000000,-1.571000,-0.300000,1.000000,1.052826,1.482714
0.108000,0.000000,0.000000,0.045186,0.000000,0.000000,-0.997704,-0.000000,0.000129,1.570000,-0.300000,1.000000,1.100000,0.000000,0.000000,-1.571000,-0.300000,1.000000,1.054814,1.484127
0.110000,0.000000,0.000000,0.043162,0.000000,0.000000,-1.015426,0.000000,0.000137,1.570000,-0.300000,1.000000,1.100000,0.000000,0.000000,-1.571000,-0.300000,1.000000,1.056838,1.485566
0.112000,0.000000,0.000000,0.041102,0.000000,0.000000,-1.033115,0.000000,0.000144,1.570000,-0.300000,1.000000,1.100000,0.000000,0.000000,-1.571000,-0.300000,1.000000,1.058898,1.487032
0.114000,0.000000,0.000000,0.039007,0.000000,0.000000,-1.050771,0.000000,0.000152,1.570000,-0.300000,1.000000,1.100000,0.000000,0.000000,-1.571000,-0.300000,1.000000,1.060993,1.488524
0.116000,0.000000,0.000000,0.036877,0.000000,0.000000,-1.068394,0.000000,0.000160,1.570000,-0.300000,1.000000,1.100000,0.000000,0.000000,-1.571000,-0.300000,1.000000,1.063123,1.490044
0.118000,0.000000,0.000000,0.034712,0.000000,0.000000,-1.085985,0.000000,0.000169,1.570000,-0.300000,1.000000,1.100000,0.000000,0.000000,-1.571000,-0.300000,1.000000,1.065288,1.491589
0.120000,0.000000,-0.000004,0.035000,0.000016,-0.000077,0.000068,-0.000000,-0.000001,1.570000,-0.300000,1.000000,1.100000,0.000000,0.000000,-1.571000,-0.300000,1.000004,1.065000,1.491387
0.122000,0.000000,-0.000005,0.035000,-0.000001,-0.000057,0.009576,0.000000,-0.000000,1.570000,-0.300000,1.000000,1.100000,0.000000,0.000000,-1.571000,-0.300000,1.000005,1.065000,1.491387
0.124000,0.000000,-0.000005,0.035000,0.000000,-0.000021,0.000159,0.000000,-0.000000,1.570000,-0.300000,1.000000,1.100000,0.000000,0.000000,-1.571000,-0.300000,1.000005,1.065000,1.491387
0.126000,0.000000,-0.000007,0.034977,-0.000002,-0.002608,-0.015026,-0.000000,-0.000115,1.570000,-0.300000,1.000000,1.100000,0.000000,0.000000,-1.571000,-0.300000,1.000007,1.065023,1.491405
0.128000,0.000000,-0.000010,0.034945,-0.000003,-0.003405,-0.022563,-0.000000,-0.000275,1.570000,-0.300000,1.000000,1.100000,0.000000,0.000000,-1.571000,-0.300000,1.000010,1.065055,1.491430
0.130000,0.000000,-0.000014,0.034914,-0.000004,-0.003939,-0.027527,-0.000000,-0.000430,1.570000,-0.300000,1.000000,1.100000,0.000000,0.000000,-1.571000,-0.300000,1.000014,1.065086,1.491454
0.132000,0.000000,-0.000017,0.034887,-0.000005,-0.004300,-0.030799,-0.000000,-0.000565,1.570000,-0.300000,1.000000,1.100000,0.000000,0.000000,-1.571000,-0.300000,1.000017,1.065113,1.491476
0.134000,0.000000,-0.000019,0.034865,-0.000005,-0.004548,-0.032956,-0.000000,-0.000675,1.570000,-0.300000,1.000000,1.100000,0.000000,0.000000,-1.571000,-0.300000,1.000019,1.065135,1.491493
0.136000,0.000000,-0.000021,0.034848,-0.000006,-0.004721,-0.034379,-0.000000,-0.000762,1.570000,-0.300000,1.000000,1.100000,0.000000,0.000000,-1.571000,-0.300000,1.000021,1.065152,1.491507
0.138000,0.000000,-0.000023,0.034834,-0.000006,-0.004844,-0.035319,-0.000000,-0.000829,1.570000,-0.300000,1.000000,1.100000,0.000000,0.000000,-1.571000,-0.300000,1.000023,1.065166,1.491517
0.140000,0.000000,-0.000025,0.034824,-0.000007,-0.004936,-0.035940,-0.000000,-0.000879,1.570000,-0.300000,1.000000,1.100000,0.000000,0.000000,-1.571000,-0.300000,1.000025,1.065176,1.491526
0.142000,0.000000,-0.000026,0.034817,-0.000007,-0.005006,-0.036350,-0.000000,-0.000916,1.570000,-0.300000,1.000000,1.100000,0.000000,0.000000,-1.571000,-0.300000,1.000026,1.065183,1.491532
0.144000,0.000000,-0.000027,0.034811,-0.000008,-0.005061,-0.036621,-0.000000,-0.000943,1.570000,-0.300000,1.000000,1.100000,0.000000,0.000000,-1.571000,-0.300000,1.000027,1.065189,1.491536
0.146000,0.000000,-0.000028,0.034808,-0.000008,-0.005108,-0.036800,-0.000000,-0.000963,1.570000,-0.300000,1.000000,1.100000,0.000000,0.000000,-1.571000,-0.300000,1.000028,1.065192,1.491540
0.148000,0.000000,-0.000029,0.034805,-0.000009,-0.005148,-0.036919,-0.000000,-0.000977,1.570000,-0.300000,1.000000,1.100000,0.000000,0.000000,-1.571000,-0.300000,1.000029,1.065195,1.491542
0.150000,0.000000,-0.000030,0.034803,-0.000010,-0.005184,-0.036998,-0.000000,-0.000987,1.570000,-0.300000,1.000000,1.100000,0.000000,0.000000,-1.571000,-0.300000,1.000030,1.065197,1.491545
0.152000,-0.000000,-0.000031,0.034801,-0.000012,-0.005218,-0.037050,-0.000000,-0.000994,1.570000,-0.300000,1.000000,1.100000,0.000000,0.000000,-1.571000,-0.300000,1.000031,1.065199,1.491546
0.154000,-0.000000,-0.000032,0.034800,-0.000014,-0.005249,-0.037084,-0.000000,-0.000999,1.570000,-0.300000,1.000000,1.100000,0.000000,0.000000,-1.571000,-0.300000,1.000032,1.065200,1.491548
0.156000,-0.000000,-0.000033,0.034800,-0.000016,-0.005280,-0.037107,-0.000000,-0.001002,1.570000,-0.300000,1.000000,1.100000,0.000000,0.000000,-1.571000,-0.300000,1.000033,1.065200,1.491549
0.158000,-0.000000,-0.000034,0.034799,-0.000018,-0.005309,-0.037123,-0.000000,-0.001005,1.570000,-0.300000,1.000000,1.100000,0.000000,0.000000,-1.571000,-0.300000,1.000034,1.065201,1.491550
0.160000,-0.000000,-0.000035,0.034799,-0.000021,-0.005338,-0.037134,-0.000000,-0.001007,1.570000,-0.300000,1.000000,1.100000,0.000000,0.000000,-1.571000,-0.300000,1.000035,1.065201,1.491551
0.162000,-0.000000,-0.000036,0.034798,-0.000022,-0.005366,-0.037143,-0.000000,-0.001008,1.570000,-0.300000,1.000000,1.100000,0.000000,0.000000,-1.571000,-0.300000,1.000036,1.065202,1.491552
0.164000,-0.000000,-0.000037,0.034798,-0.000022,-0.005394,-0.037153,-0.000000,-0.001009,1.570000,-0.300000,1.000000,1.100000,0.000000,0.000000,-1.571000,-0.300000,1.000037,1.065202,1.491552
0.166000,-0.000000,-0.000038,0.034798,-0.000022,-0.005422,-0.037164,-0.000000,-0.001009,1.570000,-0.300000,1.000000,1.100000,0.000000,0.000000,-1.571000,-0.300000,1.000038,1.065202,1.491553
0.168000,-0.000000,-0.000040,0.034798,-0.000021,-0.005449,-0.037177,-0.000000,-0.001010,1.570000,-0.300000,1.000000,1.100000,0.000000,0.000000,-1.571000,-0.300000,1.000040,1.065202,1.491554
0.170000,-0.000000,-0.000041,0.034798,-0.000021,-0.005477,-0.037191,-0.000000,-0.001010,1.570000,-0.300000,1.000000,1.100000,0.000000,0.000000,-1.571000,-0.300000,1.000041,1.065202,1.491555
0.172000,-0.000000,-0.000042,0.034798,-0.000021,-0.005505,-0.037206,-0.000000,-0.001011,1.570000,-0.300000,1.000000,1.100000,0.000000,0.000000,-1.571000,-0.300000,1.000042,1.065202,1.491556
0.174000,-0.000000,-0.000044,0.034798,-0.000021,-0.005533,-0.037221,-0.000000,-0.001011,1.570000,-0.300000,1.000000,1.100000,0.000000,0.000000,-1.571000,-0.300000,1.000044,1.065202,1.491557
0.176000,-0.000000,-0.000045,0.034798,-0.000021,-0.005560,-0.037236,-0.000000,-0.001012,1.570000,-0.300000,1.000000,1.100000,0.000000,0.000000,-1.571000,-0.300000,1.000045,1.065202,1.491558
0.178000,-0.000000,-0.000047,0.034798,-0.000022,-0.005588,-0.037251,-0.000000,-0.001012,1.570000,-0.300000,1.000000,1.100000,0.000000,0.000000,-1.571000,-0.300000,1.000047,1.065202,1.491559
0.180000,-0.000000,-0.000048,0.034798,-0.000025,-0.005616,-0.037267,-0.000000,-0.001012,1.570000,-0.300000,1.000000,1.100000,0.000000,0.000000,-1.571000,-0.300000,1.000048,1.065202,1.491560
0.182000,-0.000000,-0.000050,0.034797,-0.000030,-0.005639,-0.037283,-0.000000,-0.001013,1.570000,-0.300000,1.000000,1.100000,0.000000,0.000000,-1.571000,-0.300000,1.000050,1.065203,1.491562
0.184000,-0.000000,-0.000051,0.034797,-0.000031,-0.005642,-0.037297,-0.000000,-0.001013,1.570000,-0.300000,1.000000,1.100000,0.000000,0.000000,-1.571000,-0.300000,1.000051,1.065203,1.491563
0.186000,-0.000000,-0.000053,0.034797,-0.000031,-0.005643,-0.037307,-0.000000,-0.001013,1.570000,-0.300000,1.000000,1.100000,0.000000,0.000000,-1.571000,-0.300000,1.000053,1.065203,1.491564
0.188000,-0.000001,-0.000055,0.034797,-0.000031,-0.005644,-0.037314,-0.000000,-0.001014,1.570000,-0.300000,1.000000,1.100000,0.000000,0.000000,-1.571000,-0.299999,1.000055,1.065203,1.491565
0.190000,-0.000001,-0.000057,0.034797,-0.000031,-0.005644,-0.037318,-0.000000,-0.001014,1.570000,-0.300000,1.000000,1.100000,0.000000,0.000000,-1.571000,-0.299999,1.000057,1.065203,1.491566
0.192000,-0.000001,-0.000058,0.034797,-0.000031,-0.005645,-0.037321,-0.000000,-0.001014,1.570000,-0.300000,1.000000,1.100000,0.000000,0.000000,-1.571000,-0.299999,1.000058,1.065203,1.491567
0.194000,-0.000001,-0.000060,0.034797,-0.000031,-0.005645,-0.037322,-0.000000,-0.001014,1.570000,-0.300000,1.000000,1.100000,0.000000,0.000000,-1.571000,-0.299999,1.000060,1.065203,1.491568
0.196000,-0.000001,-0.000062,0.034797,-0.000031,-0.005645,-0.037324,-0.000000,-0.001014,1.570001,-0.300000,1.000000,1.100000,0.000000,0.000000,-1.571000,-0.299999,1.000062,1.065203,1.491570
0.198000,-0.000001,-0.000063,0.034797,-0.000031,-0.005645,-0.037324,-0.000000,-0.001014,1.570001,-0.300000,1.000000,1.100000,0.000000,0.000000,-1.571000,-0.299999,1.000063,1.065203,1.491571
0.200000,-0.000001,-0.000065,0.034797,-0.000031,-0.005645,-0.037325,-0.000000,-0.001014,1.570001,-0.300000,1.000000,1.100000,0.000000,0.000000,-1.571000,-0.299999,1.000065,1.065203,1.491572
0.202000,-0.000001,-0.000067,0.034797,-0.000031,-0.005645,-0.037325,-0.000000,-0.001015,1.570001,-0.300000,1.000000,1.100000,0.000000,0.000000,-1.571000,-0.299999,1.000067,1.065203,1.491573
0.204000,-0.000001,-0.000068,0.034797,-0.000031,-0.005645,-0.037326,-0.000000,-0.001015,1.570001,-0.300000,1.000000,1.100000,0.000000,0.000000,-1.571000,-0.299999,1.000068,1.065203,1.491574
0.206000,-0.000001,-0.000070,0.034797,-0.000031,-0.005645,-0.037326,-0.000000,-0.001015,1.570001,-0.300000,1.000000,1.100000,0.000000,0.000000,-1.571000,-0.299999,1.000070,1.065203,1.491575
0.208000,-0.000001,-0.000072,0.034797,-0.000031,-0.005645,-0.037326,-0.000000,-0.001015,1.570001,-0.300000,1.000000,1.100000,0.000000,0.000000,-1.571000,-0.299999,1.000072,1.065203,1.491576
0.210000,-0.000001,-0.000073,0.034797,-0.000031,-0.005645,-0.037326,-0.000000,-0.001015,1.570001,-0.300000,1.000000,1.100000,0.000000,0.000000,-1.571000,-0.299999,1.000073,1.065203,1.491577
0.212000,-0.000001,-0.000075,0.034797,-0.000031,-0.005645,-0.037326,-0.000000,-0.001015,1.570001,-0.300000,1.000000,1.100000,0.000000,0.000000,-1.571000,-0.299999,1.000075,1.065203,1.491579
0.214000,-0.000001,-0.000077,0.034797,-0.000031,-0.005645,-0.037326,-0.000000,-0.001015,1.570001,-0.300000,1.000000,1.100000,0.000000,0.000000,-1.571000,-0.299999,1.000077,1.065203,1.491580
0.216000,-0.000001,-0.000078,0.034797,-0.000031,-0.005645,-0.037326,-0.000000,-0.001015,1.570001,-0.300000,1.000000,1.100000,0.000000,0.000000,-1.571000,-0.299999,1.000078,1.065203,1.491581
0.218000,-0.000001,-0.000080,0.034797,-0.000031,-0.005645,-0.037326,-0.000000,-0.001015,1.570001,-0.300000,1.000000,1.100000,0.000000,0.000000,-1.571000,-0.299999,1.000080,1.065203,1.491582
0.220000,-0.000001,-0.000082,0.034797,-0.000031,-0.005645,-0.037326,-0.000000,-0.001015,1.570001,-0.300000,1.000000,1.100000,0.000000,0.000000,-1.571000,-0.299999,1.000082,1.065203,1.491583
0.222000,-0.000001,-0.000083,0.034797,-0.000031,-0.005645,-0.037326,-0.000000,-0.001015,1.570001,-0.300000,1.000000,1.100000,0.000000,0.000000,-1.571000,-0.299999,1.000083,1.065203,1.491584
0.224000,-0.000001,-0.000085,0.034797,-0.000031,-0.005645,-0.037326,-0.000000,-0.001015,1.570001,-0.300000,1.000000,1.100000,0.000000,0.000000,-1.571000,-0.299999,1.000085,1.065203,1.491585
0.226000,-0.000001,-0.000087,0.034797,-0.000031,-0.005645,-0.037326,-0.000000,-0.001015,1.570001,-0.300000,1.000000,1.100000,0.000000,0.000000,-1.571000,-0.299999,1.000087,1.065203,1.491586
0.228000,-0.000001,-0.000088,0.034797,-0.000031,-0.005645,-0.037326,-0.000000,-0.001015,1.570001,-0.300000,1.000000,1.100000,0.000000,0.000000,-1.571000,-0.299999,1.000088,1.065203,1.491587
0.230000,-0.000001,-0.000090,0.034797,-0.000031,-0.005645,-0.037326,-0.000000,-0.001015,1.570001,-0.300000,1.000000,1.100000,0.000000,0.000000,-1.571000,-0.299999,1.000090,1.065203,1.491589
0.232000,-0.000001,-0.000092,0.034797,-0.000031,-0.005645,-0.037326,-0.000000,-0.001015,1.570001,-0.300000,1.000000,1.100000,0.000000,0.000000,-1.571000,-0.299999,1.000092,1.065203,1.491590
0.234000,-0.000002,-0.000093,0.034797,-0.000031,-0.005645,-0.037326,-0.000000,-0.001015,1.570001,-0.300000,1.000000,1.100000,0.000000,0.000000,-1.571000,-0.299998,1.000093,1.065203,1.491591
0.236000,-0.000002,-0.000095,0.034797,-0.000031,-0.005645,-0.037326,-0.000000,-0.001015,1.570001,-0.300000,1.000000,1.100000,0.000000,0.000000,-1.571000,-0.299998,1.000095,1.065203,1.491592
0.238000,-0.000002,-0.000097,0.034797,-0.000031,-0.005645,-0.037326,-0.000000,-0.001015,1.570001,-0.300000,1.000000,1.100000,0.000000,0.000000,-1.571000,-0.299998,1.000097,1.065203,1.491593
0.240000,-0.000002,-0.000098,0.034797,-0.000031,-0.005645,-0.037326,-0.000000,-0.001015,1.570001,-0.300000,1.000000,1.100000,0.000000,0.000000,-1.571000,-0.299998,1.000098,1.065203,1.491594
0.242000,-0.000002,-0.000100,0.034797,-0.000031,-0.005645,-0.037326,-0.000000,-0.001015,1.570001,-0.300000,1.000000,1.100000,0.000000,0.000000,-1.571000,-0.299998,1.000100,1.065203,1.491595
0.244000,-0.000002,-0.000102,0.034797,-0.000031,-0.005645,-0.037326,-0.000000,-0.001015,1.570001,-0.300000,1.000000,1.100000,0.000000,0.000000,-1.571000,-0.299998,1.000102,1.065203,1.491596
0.246000,-0.000002,-0.000103,0.034797,-0.000031,-0.005645,-0.037326,-0.000000,-0.001015,1.570002,-0.300000,1.000000,1.100000,0.000000,0.000000,-1.571000,-0.299998,1.000103,1.065203,1.491597
0.248000,-0.000002,-0.000105,0.034797,-0.000031,-0.005645,-0.037326,-0.000000,-0.001015,1.570002,-0.300000,1.000000,1.100000,0.000000,0.000000,-1.571000,-0.299998,1.000105,1.065203,1.491599
0.250000,-0.000002,-0.000107,0.034797,-0.000031,-0.005645,-0.037326,-0.000000,-0.001015,1.570002,-0.300000,1.000000,1.100000,0.000000,0.000000,-1.571000,-0.299998,1.000107,1.065203,1.491600
0.252000,-0.000002,-0.000108,0.034797,-0.000031,-0.005645,-0.037326,-0.000000,-0.001015,1.570002,-0.300000,1.000000,1.100000,0.000000,0.000000,-1.571000,-0.299998,1.000108,1.065203,1.491601
0.254000,-0.000002,-0.000110,0.034797,-0.000031,-0.005645,-0.037326,-0.000000,-0.001015,1.570002,-0.300000,1.000000,1.100000,0.000000,0.000000,-1.571000,-0.299998,1.000110,1.065203,1.491602
0.256000,-0.000002,-0.000112,0.034797,-0.000031,-0.005645,-0.037326,-0.000000,-0.001015,1.570002,-0.300000,1.000000,1.100000,0.000000,0.000000,-1.571000,-0.299998,1.000112,1.065203,1.491603
0.258000,-0.000002,-0.000113,0.034797,-0.000031,-0.005645,-0.037326,-0.000000,-0.001015,1.570002,-0.300000,1.000000,1.100000,0.000000,0.000000,-1.571000,-0.299998,1.000113,1.065203,1.491604
0.260000,-0.000002,-0.000115,0.034797,-0.000031,-0.005645,-0.037326,-0.000000,-0.001015,1.570002,-0.300000,1.000000,1.100000,0.000000,0.000000,-1.571000,-0.299998,1.000115,1.065203,1.491605
0.262000,-0.000002,-0.000117,0.034797,-0.000031,-0.005645,-0.037326,-0.000000,-0.001015,1.570002,-0.300000,1.000000,1.100000,0.000000,0.000000,-1.571000,-0.299998,1.000117,1.065203,1.491606
0.264000,-0.000002,-0.000118,0.034797,-0.000031,-0.005645,-0.037326,-0.000000,-0.001015,1.570002,-0.300000,1.000000,1.100000,0.000000,0.000000,-1.571000,-0.299998,1.000118,1.065203,1.491607
0.266000,-0.000002,-0.000120,0.034797,-0.000031,-0.005645,-0.037326,-0.000000,-0.001015,1.570002,-0.300000,1.000000,1.100000,0.000000,0.000000,-1.571000,-0.299998,1.000120,1.065203,1.491609
0.268000,-0.000002,-0.000122,0.034797,-0.000031,-0.005645,-0.037326,-0.000000,-0.001015,1.570002,-0.300000,1.000000,1.100000,0.000000,0.000000,-1.571000,-0.299998,1.000122,1.065203,1.491610
0.270000,-0.000002,-0.000124,0.034797,-0.000031,-0.005645,-0.037326,-0.000000,-0.001015,1.570002,-0.300000,1.000000,1.100000,0.000000,0.000000,-1.571000,-0.299998,1.000124,1.065203,1.491611
0.272000,-0.000002,-0.000125,0.034797,-0.000031,-0.005645,-0.037326,-0.000000,-0.001015,1.570002,-0.300000,1.000000,1.100000,0.000000,0.000000,-1.571000,-0.299998,1.000125,1.065203,1.491612
0.274000,-0.000002,-0.000127,0.034797,-0.000031,-0.005645,-0.037326,-0.000000,-0.001015,1.570002,-0.300000,1.000000,1.100000,0.000000,0.000000,-1.571000,-0.299998,1.000127,1.065203,1.491613
0.276000,-0.000002,-0.000129,0.034797,-0.000031,-0.005645,-0.037326,-0.000000,-0.001015,1.570002,-0.300000,1.000000,1.100000,0.000000,0.000000,-1.571000,-0.299998,1.000129,1.065203,1.491614
0.278000,-0.000003,-0.000130,0.034797,-0.000031,-0.005645,-0.037326,-0.000000,-0.001015,1.570002,-0.300000,1.000000,1.100000,0.000000,0.000000,-1.571000,-0.299997,1.000130,1.065203,1.491615
0.280000,-0.000003,-0.000132,0.034797,-0.000031,-0.005645,-0.037326,-0.000000,-0.001015,1.570002,-0.300000,1.000000,1.100000,0.000000,0.000000,-1.571000,-0.299997,1.000132,1.065203,1.491616
0.282000,-0.000003,-0.000134,0.034797,-0.000031,-0.005645,-0.037326,-0.000000,-0.001015,1.570002,-0.300000,1.000000,1.100000,0.000000,0.000000,-1.571000,-0.299997,1.000134,1.065203,1.491617
0.284000,-0.000003,-0.000135,0.034797,-0.000031,-0.005645,-0.037326,-0.000000,-0.001015,1.570002,-0.300000,1.000000,1.100000,0.000000,0.000000,-1.571000,-0.299997,1.000135,1.065203,1.491619
0.286000,-0.000003,-0.000137,0.034797,-0.000031,-0.005645,-0.037326,-0.000000,-0.001015,1.570002,-0.300000,1.000000,1.100000,0.000000,0.000000,-1.571000,-0.299997,1.000137,1.065203,1.491620
0.288000,-0.000003,-0.000139,0.034797,-0.000031,-0.005645,-0.037326,-0.000000,-0.001015,1.570002,-0.300000,1.000000,1.100000,0.000000,0.000000,-1.571000,-0.299997,1.000139,1.065203,1.491621
0.290000,-0.000003,-0.000140,0.034797,-0.000031,-0.005645,-0.037326,-0.000000,-0.001015,1.570002,-0.300000,1.000000,1.100000,0.000000,0.000000,-1.571000,-0.299997,1.000140,1.065203,1.491622
0.292000,-0.000003,-0.000142,0.034797,-0.000031,-0.005645,-0.037326,-0.000000,-0.001015,1.570002,-0.300000,1.000000,1.100000,0.000000,0.000000,-1.571000,-0.299997,1.000142,1.065203,1.491623
0.294000,-0.000003,-0.000144,0.034797,-0.000031,-0.005645,-0.037326,-0.000000,-0.001015,1.570002,-0.300000,1.000000,1.100000,0.000000,0.000000,-1.571000,-0.299997,1.000144,1.065203,1.491624
0.296000,-0.000003,-0.000145,0.034797,-0.000031,-0.005645,-0.037326,-0.000000,-0.001015,1.570003,-0.300000,1.000000,1.100000,0.000000,0.000000,-1.571000,-0.299997,1.000145,1.065203,1.491625
0.298000,-0.000003,-0.000147,0.034797,-0.000031,-0.005645,-0.037326,-0.000000,-0.001015,1.570003,-0.300000,1.000000,1.100000,0.000000,0.000000,-1.571000,-0.299997,1.000147,1.065203,1.491626
0.300000,-0.000003,-0.000149,0.034797,-0.000031,-0.005645,-0.037326,-0.000000,-0.001015,1.570003,-0.300000,1.000000,1.100000,0.000000,0.000000,-1.571000,-0.299997,1.000149,1.065203,1.491628
0.302000,-0.000003,-0.000150,0.034797,-0.000031,-0.005645,-0.037326,-0.000000,-0.001015,1.570003,-0.300000,1.000000,1.100000,0.000000,0.000000,-1.571000,-0.299997,1.000150,1.065203,1.491629
0.304000,-0.000003,-0.000152,0.034797,-0.000031,-0.005645,-0.037326,-0.000000,-0.001015,1.570003,-0.300000,1.000000,1.100000,0.000000,0.000000,-1.571000,-0.299997,1.000152,1.065203,1.491630
0.306000,-0.000003,-0.000154,0.034797,-0.000031,-0.005645,-0.037326,-0.000000,-0.001015,1.570003,-0.300000,1.000000,1.100000,0.000000,0.000000,-1.571000,-0.299997,1.000154,1.065203,1.491631
0.308000,-0.000003,-0.000155,0.034797,-0.000031,-0.005645,-0.037326,-0.000000,-0.001015,1.570003,-0.300000,1.000000,1.100000,0.000000,0.000000,-1.571000,-0.299997,1.000155,1.065203,1.491632
0.310000,-0.000003,-0.000157,0.034797,-0.000031,-0.005645,-0.037326,-0.000000,-0.001015,1.570003,-0.300000,1.000000,1.100000,0.000000,0.000000,-1.571000,-0.299997,1.000157,1.065203,1.491633
0.312000,-0.000003,-0.000159,0.034797,-0.000031,-0.005645,-0.037326,-0.000000,-0.001015,1.570003,-0.300000,1.000000,1.100000,0.000000,0.000000,-1.571000,-0.299997,1.000159,1.065203,1.491634
0.314000,-0.000003,-0.000160,0.034797,-0.000031,-0.005645,-0.037326,-0.000000,-0.001015,1.570003,-0.300000,1.000000,1.100000,0.000000,0.000000,-1.571000,-0.299997,1.000160,1.065203,1.491635
0.316000,-0.000003,-0.000162,0.034797,-0.000031,-0.005645,-0.037326,-0.000000,-0.001015,1.570003,-0.300000,1.000000,1.100000,0.000000,0.000000,-1.571000,-0.299997,1.000162,1.065203,1.491636
0.318000,-0.000003,-0.000164,0.034797,-0.000031,-0.005645,-0.037326,-0.000000,-0.001015,1.570003,-0.300000,1.000000,1.100000,0.000000,0.000000,-1.571000,-0.299997,1.000164,1.065203,1.491638
0.320000,-0.000003,-0.000165,0.034797,-0.000031,-0.005645,-0.037326,-0.000000,-0.001015,1.570003,-0.300000,1.000000,1.100000,0.000000,0.000000,-1.571000,-0.299997,1.000165,1.065203,1.491639
0.322000,-0.000004,-0.000167,0.034797,-0.000031,-0.005645,-0.037326,-0.000000,-0.001015,1.570003,-0.300000,1.000000,1.100000,0.000000,0.000000,-1.571000,-0.299996,1.000167,1.065203,1.491640
0.324000,-0.000004,-0.000169,0.034797,-0.000031,-0.005645,-0.037326,-0.000000,-0.001015,1.570003,-0.300000,1.000000,1.100000,0.000000,0.000000,-1.571000,-0.299996,1.000169,1.065203,1.491641
0.326000,-0.000004,-0.000170,0.034797,-0.000031,-0.005645,-0.037326,-0.000000,-0.001015,1.570003,-0.300000,1.000000,1.100000,0.000000,0.000000,-1.571000,-0.299996,1.000170,1.065203,1.491642
0.328000,-0.000004,-0.000172,0.034797,-0.000031,-0.005645,-0.037326,-0.000000,-0.001015,1.570003,-0.300000,1.000000,1.100000,0.000000,0.000000,-1.571000,-0.299996,1.000172,1.065203,1.491643
0.330000,-0.000004,-0.000174,0.034797,-0.000031,-0.005645,-0.037326,-0.000000,-0.001015,1.570003,-0.300000,1.000000,1.100000,0.000000,0.000000,-1.571000,-0.299996,1.000174,1.065203,1.491644
0.332000,-0.000004,-0.000175,0.034797,-0.000031,-0.005645,-0.037326,-0.000000,-0.001015,1.570003,-0.300000,1.000000,1.100000,0.000000,0.000000,-1.571000,-0.299996,1.000175,1.065203,1.491645
0.334000,-0.000004,-0.000177,0.034797,-0.000031,-0.005645,-0.037326,-0.000000,-0.001015,1.570003,-0.300000,1.000000,1.100000,0.000000,0.000000,-1.571000,-0.299996,1.000177,1.065203,1.491646
0.336000,-0.000004,-0.000179,0.034797,-0.000031,-0.005645,-0.037326,-0.000000,-0.001015,1.570003,-0.300000,1.000000,1.100000,0.000000,0.000000,-1.571000,-0.299996,1.000179,1.065203,1.491648
0.338000,-0.000004,-0.000180,0.034797,-0.000031,-0.005645,-0.037326,-0.000000,-0.001015,1.570003,-0.300000,1.000000,1.100000,0.000000,0.000000,-1.571000,-0.299996,1.000180,1.065203,1.491649
0.340000,-0.000004,-0.000182,0.034797,-0.000031,-0.005645,-0.037326,-0.000000,-0.001015,1.570003,-0.300000,1.000000,1.100000,0.000000,0.000000,-1.571000,-0.299996,1.000182,1.065203,1.491650
0.342000,-0.000004,-0.000184,0.034797,-0.000031,-0.005645,-0.037326,-0.000000,-0.001015,1.570003,-0.300000,1.000000,1.100000,0.000000,0.000000,-1.571000,-0.299996,1.000184,1.065203,1.491651
0.344000,-0.000004,-0.000185,0.034797,-0.000031,-0.005645,-0.037326,-0.000000,-0.001015,1.570003,-0.300000,1.000000,1.100000,0.000000,0.000000,-1.571000,-0.299996,1.000185,1.065203,1.491652
0.346000,-0.000004,-0.000187,0.034797,-0.000031,-0.005645,-0.037326,-0.000000,-0.001015,1.570003,-0.300000,1.000000,1.100000,0.000000,0.000000,-1.571000,-0.299996,1.000187,1.065203,1.491653
0.348000,-0.000004,-0.000189,0.034797,-0.000031,-0.005645,-0.037326,-0.000000,-0.001015,1.570004,-0.300000,1.000000,1.100000,0.000000,0.000000,-1.571000,-0.299996,1.000189,1.065203,1.491654
0.350000,-0.000004,-0.000190,0.034797,-0.000031,-0.005645,-0.037326,-0.000000,-0.001015,1.570004,-0.300000,1.000000,1.100000,0.000000,0.000000,-1.571000,-0.299996,1.000190,1.065203,1.491655
0.352000,-0.000004,-0.000192,0.034797,-0.000031,-0.005645,-0.037326,-0.000000,-0.001015,1.570004,-0.300000,1.000000,1.100000,0.000000,0.000000,-1.571000,-0.299996,1.000192,1.065203,1.491656
0.354000,-0.000004,-0.000194,0.034797,-0.000031,-0.005645,-0.037326,-0.000000,-0.001015,1.570004,-0.300000,1.000000,1.100000,0.000000,0.000000,-1.571000,-0.299996,1.000194,1.065203,1.491658
0.356000,-0.000004,-0.000196,0.034797,-0.000031,-0.005645,-0.037326,-0.000000,-0.001015,1.570004,-0.300000,1.000000,1.100000,0.000000,0.000000,-1.571000,-0.299996,1.000196,1.065203,1.491659
0.358000,-0.000004,-0.000197,0.034797,-0.000031,-0.005645,-0.037326,-0.000000,-0.001015,1.570004,-0.300000,1.000000,1.100000,0.000000,0.000000,-1.571000,-0.299996,1.000197,1.065203,1.491660
0.360000,-0.000004,-0.000199,0.034797,-0.000031,-0.005645,-0.037326,-0.000000,-0.001015,1.570004,-0.300000,1.000000,1.100000,0.000000,0.000000,-1.571000,-0.299996,1.000199,1.065203,1.491661
0.362000,-0.000004,-0.000201,0.034797,-0.000031,-0.005645,-0.037326,-0.000000,-0.001015,1.570004,-0.300000,1.000000,1.100000,0.000000,0.000000,-1.571000,-0.299996,1.000201,1.065203,1.491662
0.364000,-0.000004,-0.000202,0.034797,-0.000031,-0.005645,-0.037326,-0.000000,-0.001015,1.570004,-0.300000,1.000000,1.100000,0.000000,0.000000,-1.571000,-0.299996,1.000202,1.065203,1.491663
0.366000,-0.000004,-0.000204,0.034797,-0.000031,-0.005645,-0.037326,-0.000000,-0.001015,1.570004,-0.300000,1.000000,1.100000,0.000000,0.000000,-1.571000,-0.299996,1.000204,1.065203,1.491664
0.368000,-0.000005,-0.000206,0.034797,-0.000031,-0.005645,-0.037326,-0.000000,-0.001015,1.570004,-0.300000,1.000000,1.100000,0.000000,0.000000,-1.571000,-0.299995,1.000206,1.065203,1.491665
0.370000,-0.000005,-0.000207,0.034797,-0.000031,-0.005645,-0.037326,-0.000000,-0.001015,1.570004,-0.300000,1.000000,1.100000,0.000000,0.000000,-1.571000,-0.299995,1.000207,1.065203,1.491667
0.372000,-0.000005,-0.000209,0.034797,-0.000031,-0.005645,-0.037326,-0.000000,-0.001015,1.570004,-0.300000,1.000000,1.100000,0.000000,0.000000,-1.571000,-0.299995,1.000209,1.065203,1.491668
0.374000,-0.000005,-0.000211,0.034797,-0.000031,-0.005645,-0.037326,-0.000000,-0.001015,1.570004,-0.300000,1.000000,1.100000,0.000000,0.000000,-1.571000,-0.299995,1.000211,1.065203,1.491669
0.376000,-0.000005,-0.000212,0.034797,-0.000031,-0.005645,-0.037326,-0.000000,-0.001015,1.570004,-0.300000,1.000000,1.100000,0.000000,0.000000,-1.571000,-0.299995,1.000212,1.065203,1.491670
0.378000,-0.000005,-0.000214,0.034797,-0.000031,-0.005645,-0.037326,-0.000000,-0.001015,1.570004,-0.300000,1.000000,1.100000,0.000000,0.000000,-1.571000,-0.299995,1.000214,1.065203,1.491671
0.380000,-0.000005,-0.000216,0.034797,-0.000031,-0.005645,-0.037326,-0.000000,-0.001015,1.570004,-0.300000,1.000000,1.100000,0.000000,0.000000,-1.571000,-0.299995,1.000216,1.065203,1.491672
0.382000,-0.000005,-0.000217,0.034797,-0.000031,-0.005645,-0.037326,-0.000000,-0.001015,1.570004,-0.300000,1.000000,1.100000,0.000000,0.000000,-1.571000,-0.299995,1.000217,1.065203,1.491673
0.384000,-0.000005,-0.000219,0.034797,-0.000031,-0.005645,-0.037326,-0.000000,-0.001015,1.570004,-0.300000,1.000000,1.100000,0.000000,0.000000,-1.571000,-0.299995,1.000219,1.065203,1.491674
0.386000,-0.000005,-0.000221,0.034797,-0.000031,-0.005645,-0.037326,-0.000000,-0.001015,1.570004,-0.300000,1.000000,1.100000,0.000000,0.000000,-1.571000,-0.299995,1.000221,1.065203,1.491675
0.388000,-0.000005,-0.000222,0.034797,-0.000031,-0.005645,-0.037326,-0.000000,-0.001015,1.570004,-0.300000,1.000000,1.100000,0.000000,0.000000,-1.571000,-0.299995,1.000222,1.065203,1.491677
0.390000,-0.000005,-0.000224,0.034797,-0.000031,-0.005645,-0.037326,-0.000000,-0.001015,1.570004,-0.300000,1.000000,1.100000,0.000000,0.000000,-1.571000,-0.299995,1.000224,1.065203,1.491678
0.392000,-0.000005,-0.000226,0.034797,-0.000031,-0.005645,-0.037326,-0.000000,-0.001015,1.570004,-0.300000,1.000000,1.100000,0.000000,0.000000,-1.571000,-0.299995,1.000226,1.065203,1.491679
0.394000,-0.000005,-0.000227,0.034797,-0.000031,-0.005645,-0.037326,-0.000000,-0.001015,1.570004,-0.300000,1.000000,1.100000,0.000000,0.000000,-1.571000,-0.299995,1.000227,1.065203,1.491680
0.396000,-0.000005,-0.000229,0.034797,-0.000031,-0.005645,-0.037326,-0.000000,-0.001015,1.570004,-0.300000,1.000000,1.100000,0.000000,0.000000,-1.571000,-0.299995,1.000229,1.065203,1.491681
0.398000,-0.000005,-0.000231,0.034797,-0.000031,-0.005645,-0.037326,-0.000000,-0.001015,1.570005,-0.300000,1.000000,1.100000,0.000000,0.000000,-1.571000,-0.299995,1.000231,1.065203,1.491682
0.400000,-0.000005,-0.000232,0.034797,-0.000031,-0.005645,-0.037326,-0.000000,-0.001015,1.570005,-0.300000,1.000000,1.100000,0.000000,0.000000,-1.571000,-0.299995,1.000232,1.065203,1.491683
0.402000,-0.000005,-0.000234,0.034797,-0.000031,-0.005645,-0.037326,-0.000000,-0.001015,1.570005,-0.300000,1.000000,1.100000,0.000000,0.000000,-1.571000,-0.299995,1.000234,1.065203,1.491684
0.404000,-0.000005,-0.000236,0.034797,-0.000031,-0.005645,-0.037326,-0.000000,-0.001015,1.570005,-0.300000,1.000000,1.100000,0.000000,0.000000,-1.571000,-0.299995,1.000236,1.065203,1.491685
0.406000,-0.000005,-0.000237,0.034797,-0.000031,-0.005645,-0.037326,-0.000000,-0.001015,1.570005,-0.300000,1.000000,1.100000,0.000000,0.000000,-1.571000,-0.299995,1.000237,1.065203,1.491687
0.408000,-0.000005,-0.000239,0.034797,-0.000031,-0.005645,-0.037326,-0.000000,-0.001015,1.570005,-0.300000,1.000000,1.100000,0.000000,0.000000,-1.571000,-0.299995,1.000239,1.065203,1.491688
0.410000,-0.000005,-0.000241,0.034797,-0.000031,-0.005645,-0.037326,-0.000000,-0.001015,1.570005,-0.300000,1.000000,1.100000,0.000000,0.000000,-1.571000,-0.299995,1.000241,1.065203,1.491689
0.412000,-0.000006,-0.000242,0.034797,-0.000031,-0.005645,-0.037326,-0.000000,-0.001015,1.570005,-0.300000,1.000000,1.100000,0.000000,0.000000,-1.571000,-0.299994,1.000242,1.065203,1.491690
0.414000,-0.000006,-0.000244,0.034797,-0.000031,-0.005645,-0.037326,-0.000000,-0.001015,1.570005,-0.300000,1.000000,1.100000,0.000000,0.000000,-1.571000,-0.299994,1.000244,1.065203,1.491691
0.416000,-0.000006,-0.000246,0.034797,-0.000031,-0.005645,-0.037326,-0.000000,-0.001015,1.570005,-0.300000,1.000000,1.100000,0.000000,0.000000,-1.571000,-0.299994,1.000246,1.065203,1.491692
0.418000,-0.000006,-0.000247,0.034797,-0.000031,-0.005645,-0.037326,-0.000000,-0.001015,1.570005,-0.300000,1.000000,1.100000,0.000000,0.000000,-1.571000,-0.299994,1.000247,1.065203,1.491693
0.420000,-0.000006,-0.000249,0.034797,-0.000031,-0.005645,-0.037326,-0.000000,-0.001015,1.570005,-0.300000,1.000000,1.100000,0.000000,0.000000,-1.571000,-0.299994,1.000249,1.065203,1.491694
0.422000,-0.000006,-0.000251,0.034797,-0.000031,-0.005645,-0.037326,-0.000000,-0.001015,1.570005,-0.300000,1.000000,1.100000,0.000000,0.000000,-1.571000,-0.299994,1.000251,1.065203,1.491695
0.424000,-0.000006,-0.000252,0.034797,-0.000031,-0.005645,-0.037326,-0.000000,-0.001015,1.570005,-0.300000,1.000000,1.100000,0.000000,0.000000,-1.571000,-0.299994,1.000252,1.065203,1.491697
0.426000,-0.000006,-0.000254,0.034797,-0.000031,-0.005645,-0.037326,-0.000000,-0.001015,1.570005,-0.300000,1.000000,1.100000,0.000000,0.000000,-1.571000,-0.299994,1.000254,1.065203,1.491698
0.428000,-0.000006,-0.000256,0.034797,-0.000031,-0.005645,-0.037326,-0.000000,-0.001015,1.570005,-0.300000,1.000000,1.100000,0.000000,0.000000,-1.571000,-0.299994,1.000256,1.065203,1.491699
0.430000,-0.000006,-0.000257,0.034797,-0.000031,-0.005645,-0.037326,-0.000000,-0.001015,1.570005,-0.300000,1.000000,1.100000,0.000000,0.000000,-1.571000,-0.299994,1.000257,1.065203,1.491700
0.432000,-0.000006,-0.000259,0.034797,-0.000031,-0.005645,-0.037326,-0.000000,-0.001015,1.570005,-0.300000,1.000000,1.100000,0.000000,0.000000,-1.571000,-0.299994,1.000259,1.065203,1.491701
0.434000,-0.000006,-0.000261,0.034797,-0.000031,-0.005645,-0.037326,-0.000000,-0.001015,1.570005,-0.300000,1.000000,1.100000,0.000000,0.000000,-1.571000,-0.299994,1.000261,1.065203,1.491702
0.436000,-0.000006,-0.000263,0.034797,-0.000031,-0.005645,-0.037326,-0.000000,-0.001015,1.570005,-0.300000,1.000000,1.100000,0.000000,0.000000,-1.571000,-0.299994,1.000263,1.065203,1.491703
0.438000,-0.000006,-0.000264,0.034797,-0.000031,-0.005645,-0.037326,-0.000000,-0.001015,1.570005,-0.300000,1.000000,1.100000,0.000000,0.000000,-1.571000,-0.299994,1.000264,1.065203,1.491704
0.440000,-0.000006,-0.000266,0.034797,-0.000031,-0.005645,-0.037326,-0.000000,-0.001015,1.570005,-0.300000,1.000000,1.100000,0.000000,0.000000,-1.571000,-0.299994,1.000266,1.065203,1.491705
0.442000,-0.000006,-0.000268,0.034797,-0.000031,-0.005645,-0.037326,-0.000000,-0.001015,1.570005,-0.300000,1.000000,1.100000,0.000000,0.000000,-1.571000,-0.299994,1.000268,1.065203,1.491707
0.444000,-0.000006,-0.000269,0.034797,-0.000031,-0.005645,-0.037326,-0.000000,-0.001015,1.570005,-0.300000,1.000000,1.100000,0.000000,0.000000,-1.571000,-0.299994,1.000269,1.065203,1.491708
0.446000,-0.000006,-0.000271,0.034797,-0.000031,-0.005645,-0.037326,-0.000000,-0.001015,1.570005,-0.300000,1.000000,1.100000,0.000000,0.000000,-1.571000,-0.299994,1.000271,1.065203,1.491709
0.448000,-0.000006,-0.000273,0.034797,-0.000031,-0.005645,-0.037326,-0.000000,-0.001015,1.570006,-0.300000,1.000000,1.100000,0.000000,0.000000,-1.571000,-0.299994,1.000273,1.065203,1.491710
0.450000,-0.000006,-0.000274,0.034797,-0.000031,-0.005645,-0.037326,-0.000000,-0.001015,1.570006,-0.300000,1.000000,1.100000,0.000000,0.000000,-1.571000,-0.299994,1.000274,1.065203,1.491711
0.452000,-0.000006,-0.000276,0.034797,-0.000031,-0.005645,-0.037326,-0.000000,-0.001015,1.570006,-0.300000,1.000000,1.100000,0.000000,0.000000,-1.571000,-0.299994,1.000276,1.065203,1.491712
0.454000,-0.000006,-0.000278,0.034797,-0.000031,-0.005645,-0.037326,-0.000000,-0.001015,1.570006,-0.300000,1.000000,1.100000,0.000000,0.000000,-1.571000,-0.299994,1.000278,1.065203,1.491713
0.456000,-0.000006,-0.000279,0.034797,-0.000031,-0.005645,-0.037326,-0.000000,-0.001015,1.570006,-0.300000,1.000000,1.100000,0.000000,0.000000,-1.571000,-0.299994,1.000279,1.065203,1.491714
0.458000,-0.000007,-0.000281,0.034797,-0.000031,-0.005645,-0.037326,-0.000000,-0.001015,1.570006,-0.300000,1.000000,1.100000,0.000000,0.000000,-1.571000,-0.299993,1.000281,1.065203,1.491716
0.460000,-0.000007,-0.000283,0.034797,-0.000031,-0.005645,-0.037326,-0.000000,-0.001015,1.570006,-0.300000,1.000000,1.100000,0.000000,0.000000,-1.571000,-0.299993,1.000283,1.065203,1.491717
0.462000,-0.000007,-0.000284,0.034797,-0.000031,-0.005645,-0.037326,-0.000000,-0.001015,1.570006,-0.300000,1.000000,1.100000,0.000000,0.000000,-1.571000,-0.299993,1.000284,1.065203,1.491718
0.464000,-0.000007,-0.000286,0.034797,-0.000031,-0.005645,-0.037326,-0.000000,-0.001015,1.570006,-0.300000,1.000000,1.100000,0.000000,0.000000,-1.571000,-0.299993,1.000286,1.065203,1.491719
0.466000,-0.000007,-0.000288,0.034797,-0.000031,-0.005645,-0.037326,-0.000000,-0.001015,1.570006,-0.300000,1.000000,1.100000,0.000000,0.000000,-1.571000,-0.299993,1.000288,1.065203,1.491720
0.468000,-0.000007,-0.000289,0.034797,-0.000031,-0.005645,-0.037326,-0.000000,-0.001015,1.570006,-0.300000,1.000000,1.100000,0.000000,0.000000,-1.571000,-0.299993,1.000289,1.065203,1.491721
0.470000,-0.000007,-0.000291,0.034797,-0.000031,-0.005645,-0.037326,-0.000000,-0.001015,1.570006,-0.300000,1.000000,1.100000,0.000000,0.000000,-1.571000,-0.299993,1.000291,1.065203,1.491722
0.472000,-0.000007,-0.000293,0.034797,-0.000031,-0.005645,-0.037326,-0.000000,-0.001015,1.570006,-0.300000,1.000000,1.100000,0.000000,0.000000,-1.571000,-0.299993,1.000293,1.065203,1.491723
0.474000,-0.000007,-0.000294,0.034797,-0.000031,-0.005645,-0.037326,-0.000000,-0.001015,1.570006,-0.300000,1.000000,1.100000,0.000000,0.000000,-1.571000,-0.299993,1.000294,1.065203,1.491724
0.476000,-0.000007,-0.000296,0.034797,-0.000031,-0.005645,-0.037326,-0.000000,-0.001015,1.570006,-0.300000,1.000000,1.100000,0.000000,0.000000,-1.571000,-0.299993,1.000296,1.065203,1.491726
0.478000,-0.000007,-0.000298,0.034797,-0.000031,-0.005645,-0.037326,-0.000000,-0.001015,1.570006,-0.300000,1.000000,1.100000,0.000000,0.000000,-1.571000,-0.299993,1.000298,1.065203,1.491727
0.480000,-0.000007,-0.000299,0.034797,-0.000031,-0.005645,-0.037326,-0.000000,-0.001015,1.570006,-0.300000,1.000000,1.100000,0.000000,0.000000,-1.571000,-0.299993,1.000299,1.065203,1.491728
0.482000,-0.000007,-0.000301,0.034797,-0.000031,-0.005645,-0.037326,-0.000000,-0.001015,1.570006,-0.300000,1.000000,1.100000,0.000000,0.000000,-1.571000,-0.299993,1.000301,1.065203,1.491729
0.484000,-0.000007,-0.000303,0.034797,-0.000031,-0.005645,-0.037326,-0.000000,-0.001015,1.570006,-0.300000,1.000000,1.100000,0.000000,0.000000,-1.571000,-0.299993,1.000303,1.065203,1.491730
0.486000,-0.000007,-0.000304,0.034797,-0.000031,-0.005645,-0.037326,-0.000000,-0.001015,1.570006,-0.300000,1.000000,1.100000,0.000000,0.000000,-1.571000,-0.299993,1.000304,1.065203,1.491731
0.488000,-0.000007,-0.000306,0.034797,-0.000031,-0.005645,-0.037326,-0.000000,-0.001015,1.570006,-0.300000,1.000000,1.100000,0.000000,0.000000,-1.571000,-0.299993,1.000306,1.065203,1.491732
0.490000,-0.000007,-0.000308,0.034797,-0.000031,-0.005645,-0.037326,-0.000000,-0.001015,1.570006,-0.300000,1.000000,1.100000,0.000000,0.000000,-1.571000,-0.299993,1.000308,1.065203,1.491733
0.492000,-0.000007,-0.000309,0.034797,-0.000031,-0.005645,-0.037326,-0.000000,-0.001015,1.570006,-0.300000,1.000000,1.100000,0.000000,0.000000,-1.571000,-0.299993,1.000309,1.065203,1.491734
0.494000,-0.000007,-0.000311,0.034797,-0.000031,-0.005645,-0.037326,-0.000000,-0.001015,1.570006,-0.300000,1.000000,1.100000,0.000000,0.000000,-1.571000,-0.299993,1.000311,1.065203,1.491736
0.496000,-0.000007,-0.000313,0.034797,-0.000031,-0.005645,-0.037326,-0.000000,-0.001015,1.570006,-0.300000,1.000000,1.100000,0.000000,0.000000,-1.571000,-0.299993,1.000313,1.065203,1.491737
0.498000,-0.000007,-0.000314,0.034797,-0.000031,-0.005645,-0.037326,-0.000000,-0.001015,1.570007,-0.300000,1.000000,1.100000,0.000000,0.000000,-1.571000,-0.299993,1.000314,1.065203,1.491738
0.500000,-0.000007,-0.000316,0.034797,-0.000031,-0.005645,-0.037326,-0.000000,-0.001015,1.570007,-0.300000,1.000000,1.100000,0.000000,0.000000,-1.571000,-0.299993,1.000316,1.065203,1.491739
0.502000,-0.000008,-0.000318,0.034797,-0.000031,-0.005645,-0.037326,-0.000000,-0.001015,1.570007,-0.300000,1.000000,1.100000,0.000000,0.000000,-1.571000,-0.299992,1.000318,1.065203,1.491740
0.504000,-0.000008,-0.000319,0.034797,-0.000031,-0.005645,-0.037326,-0.000000,-0.001015,1.570007,-0.300000,1.000000,1.100000,0.000000,0.000000,-1.571000,-0.299992,1.000319,1.065203,1.491741
0.506000,-0.000008,-0.000321,0.034797,-0.000031,-0.005645,-0.037326,-0.000000,-0.001015,1.570007,-0.300000,1.000000,1.100000,0.000000,0.000000,-1.571000,-0.299992,1.000321,1.065203,1.491742
0.508000,-0.000008,-0.000323,0.034797,-0.000031,-0.005645,-0.037326,-0.000000,-0.001015,1.570007,-0.300000,1.000000,1.100000,0.000000,0.000000,-1.571000,-0.299992,1.000323,1.065203,1.491743
0.510000,-0.000008,-0.000324,0.034797,-0.000031,-0.005645,-0.037326,-0.000000,-0.001015,1.570007,-0.300000,1.000000,1.100000,0.000000,0.000000,-1.571000,-0.299992,1.000324,1.065203,1.491744
0.512000,-0.000008,-0.000326,0.034797,-0.000031,-0.005645,-0.037326,-0.000000,-0.001015,1.570007,-0.300000,1.000000,1.100000,0.000000,0.000000,-1.571000,-0.299992,1.000326,1.065203,1.491746
0.514000,-0.000008,-0.000328,0.034797,-0.000031,-0.005645,-0.037326,-0.000000,-0.001015,1.570007,-0.300000,1.000000,1.100000,0.000000,0.000000,-1.571000,-0.299992,1.000328,1.065203,1.491747
0.516000,-0.000008,-0.000329,0.034797,-0.000031,-0.005645,-0.037326,-0.000000,-0.001015,1.570007,-0.300000,1.000000,1.100000,0.000000,0.000000,-1.571000,-0.299992,1.000329,1.065203,1.491748
0.518000,-0.000008,-0.000331,0.034797,-0.000031,-0.005645,-0.037326,-0.000000,-0.001015,1.570007,-0.300000,1.000000,1.100000,0.000000,0.000000,-1.571000,-0.299992,1.000331,1.065203,1.491749
0.520000,-0.000008,-0.000333,0.034797,-0.000031,-0.005645,-0.037326,-0.000000,-0.001015,1.570007,-0.300000,1.000000,1.100000,0.000000,0.000000,-1.571000,-0.299992,1.000333,1.065203,1.491750
0.522000,-0.000008,-0.000335,0.034797,-0.000031,-0.005645,-0.037326,-0.000000,-0.001015,1.570007,-0.300000,1.000000,1.100000,0.000000,0.000000,-1.571000,-0.299992,1.000335,1.065203,1.491751
0.524000,-0.000008,-0.000336,0.034797,-0.000031,-0.005645,-0.037326,-0.000000,-0.001015,1.570007,-0.300000,1.000000,1.100000,0.000000,0.000000,-1.571000,-0.299992,1.000336,1.065203,1.491752
0.526000,-0.000008,-0.000338,0.034797,-0.000031,-0.005645,-0.037326,-0.000000,-0.001015,1.570007,-0.300000,1.000000,1.100000,0.000000,0.000000,-1.571000,-0.299992,1.000338,1.065203,1.491753
0.528000,-0.000008,-0.000340,0.034797,-0.000031,-0.005645,-0.037326,-0.000000,-0.001015,1.570007,-0.300000,1.000000,1.100000,0.000000,0.000000,-1.571000,-0.299992,1.000340,1.065203,1.491755
0.530000,-0.000008,-0.000341,0.034797,-0.000031,-0.005645,-0.037326,-0.000000,-0.001015,1.570007,-0.300000,1.000000,1.100000,0.000000,0.000000,-1.571000,-0.299992,1.000341,1.065203,1.491756
0.532000,-0.000008,-0.000343,0.034797,-0.000031,-0.005645,-0.037326,-0.000000,-0.001015,1.570007,-0.300000,1.000000,1.100000,0.000000,0.000000,-1.571000,-0.299992,1.000343,1.065203,1.491757
0.534000,-0.000008,-0.000345,0.034797,-0.000031,-0.005645,-0.037326,-0.000000,-0.001015,1.570007,-0.300000,1.000000,1.100000,0.000000,0.000000,-1.571000,-0.299992,1.000345,1.065203,1.491758
0.536000,-0.000008,-0.000346,0.034797,-0.000031,-0.005645,-0.037326,-0.000000,-0.001015,1.570007,-0.300000,1.000000,1.100000,0.000000,0.000000,-1.571000,-0.299992,1.000346,1.065203,1.491759
0.538000,-0.000008,-0.000348,0.034797,-0.000031,-0.005645,-0.037326,-0.000000,-0.001015,1.570007,-0.300000,1.000000,1.100000,0.000000,0.000000,-1.571000,-0.299992,1.000348,1.065203,1.491760
0.540000,-0.000008,-0.000350,0.034797,-0.000031,-0.005645,-0.037326,-0.000000,-0.001015,1.570007,-0.300000,1.000000,1.100000,0.000000,0.000000,-1.571000,-0.299992,1.000350,1.065203,1.491761
0.542000,-0.000008,-0.000351,0.034797,-0.000031,-0.005645,-0.037326,-0.000000,-0.001015,1.570007,-0.300000,1.000000,1.100000,0.000000,0.000000,-1.571000,-0.299992,1.000351,1.065203,1.491762
0.544000,-0.000008,-0.000353,0.034797,-0.000031,-0.005645,-0.037326,-0.000000,-0.001015,1.570007,-0.300000,1.000000,1.100000,0.000000,0.000000,-1.571000,-0.299992,1.000353,1.065203,1.491763
0.546000,-0.000009,-0.000355,0.034797,-0.000031,-0.005645,-0.037326,-0.000000,-0.001015,1.570007,-0.300000,1.000000,1.100000,0.000000,0.000000,-1.571000,-0.299991,1.000355,1.065203,1.491765
0.548000,-0.000009,-0.000356,0.034797,-0.000031,-0.005645,-0.037326,-0.000000,-0.001015,1.570007,-0.300000,1.000000,1.100000,0.000000,0.000000,-1.571000,-0.299991,1.000356,1.065203,1.491766
0.550000,-0.000009,-0.000358,0.034797,-0.000031,-0.005645,-0.037326,-0.000000,-0.001015,1.570008,-0.300000,1.000000,1.100000,0.000000,0.000000,-1.571000,-0.299991,1.000358,1.065203,1.491767
0.552000,-0.000009,-0.000360,0.034797,-0.000031,-0.005645,-0.037326,-0.000000,-0.001015,1.570008,-0.300000,1.000000,1.100000,0.000000,0.000000,-1.571000,-0.299991,1.000360,1.065203,1.491768
0.554000,-0.000009,-0.000361,0.034797,-0.000031,-0.005645,-0.037326,-0.000000,-0.001015,1.570008,-0.300000,1.000000,1.100000,0.000000,0.000000,-1.571000,-0.299991,1.000361,1.065203,1.491769
0.556000,-0.000009,-0.000363,0.034797,-0.000031,-0.005645,-0.037326,-0.000000,-0.001015,1.570008,-0.300000,1.000000,1.100000,0.000000,0.000000,-1.571000,-0.299991,1.000363,1.065203,1.491770
0.558000,-0.000009,-0.000365,0.034797,-0.000031,-0.005645,-0.037326,-0.000000,-0.001015,1.570008,-0.300000,1.000000,1.100000,0.000000,0.000000,-1.571000,-0.299991,1.000365,1.065203,1.491771
0.560000,-0.000009,-0.000366,0.034797,-0.000031,-0.005645,-0.037326,-0.000000,-0.001015,1.570008,-0.300000,1.000000,1.100000,0.000000,0.000000,-1.571000,-0.299991,1.000366,1.065203,1.491772
0.562000,-0.000009,-0.000368,0.034797,-0.000031,-0.005645,-0.037326,-0.000000,-0.001015,1.570008,-0.300000,1.000000,1.100000,0.000000,0.000000,-1.571000,-0.299991,1.000368,1.065203,1.491773
0.564000,-0.000009,-0.000370,0.034797,-0.000031,-0.005645,-0.037326,-0.000000,-0.001015,1.570008,-0.300000,1.000000,1.100000,0.000000,0.000000,-1.571000,-0.299991,1.000370,1.065203,1.491775
0.566000,-0.000009,-0.000371,0.034797,-0.000031,-0.005645,-0.037326,-0.000000,-0.001015,1.570008,-0.300000,1.000000,1.100000,0.000000,0.000000,-1.571000,-0.299991,1.000371,1.065203,1.491776
0.568000,-0.000009,-0.000373,0.034797,-0.000031,-0.005645,-0.037326,-0.000000,-0.001015,1.570008,-0.300000,1.000000,1.100000,0.000000,0.000000,-1.571000,-0.299991,1.000373,1.065203,1.491777
0.570000,-0.000009,-0.000375,0.034797,-0.000031,-0.005645,-0.037326,-0.000000,-0.001015,1.570008,-0.300000,1.000000,1.100000,0.000000,0.000000,-1.571000,-0.299991,1.000375,1.065203,1.491778
0.572000,-0.000009,-0.000376,0.034797,-0.000031,-0.005645,-0.037326,-0.000000,-0.001015,1.570008,-0.300000,1.000000,1.100000,0.000000,0.000000,-1.571000,-0.299991,1.000376,1.065203,1.491779
0.574000,-0.000009,-0.000378,0.034797,-0.000031,-0.005645,-0.037326,-0.000000,-0.001015,1.570008,-0.300000,1.000000,1.100000,0.000000,0.000000,-1.571000,-0.299991,1.000378,1.065203,1.491780
0.576000,-0.000009,-0.000380,0.034797,-0.000031,-0.005645,-0.037326,-0.000000,-0.001015,1.570008,-0.300000,1.000000,1.100000,0.000000,0.000000,-1.571000,-0.299991,1.000380,1.065203,1.491781
0.578000,-0.000009,-0.000381,0.034797,-0.000031,-0.005645,-0.037326,-0.000000,-0.001015,1.570008,-0.300000,1.000000,1.100000,0.000000,0.000000,-1.571000,-0.299991,1.000381,1.065203,1.491782
0.580000,-0.000009,-0.000383,0.034797,-0.000031,-0.005645,-0.037326,-0.000000,-0.001015,1.570008,-0.300000,1.000000,1.100000,0.000000,0.000000,-1.571000,-0.299991,1.000383,1.065203,1.491783
0.582000,-0.000009,-0.000385,0.034797,-0.000031,-0.005645,-0.037326,-0.000000,-0.001015,1.570008,-0.300000,1.000000,1.100000,0.000000,0.000000,-1.571000,-0.299991,1.000385,1.065203,1.491785
0.584000,-0.000009,-0.000386,0.034797,-0.000031,-0.005645,-0.037326,-0.000000,-0.001015,1.570008,-0.300000,1.000000,1.100000,0.000000,0.000000,-1.571000,-0.299991,1.000386,1.065203,1.491786
0.586000,-0.000009,-0.000388,0.034797,-0.000031,-0.005645,-0.037326,-0.000000,-0.001015,1.570008,-0.300000,1.000000,1.100000,0.000000,0.000000,-1.571000,-0.299991,1.000388,1.065203,1.491787
0.588000,-0.000009,-0.000390,0.034797,-0.000031,-0.005645,-0.037326,-0.000000,-0.001015,1.570008,-0.300000,1.000000,1.100000,0.000000,0.000000,-1.571000,-0.299991,1.000390,1.065203,1.491788
0.590000,-0.000009,-0.000391,0.034797,-0.000031,-0.005645,-0.037326,-0.000000,-0.001015,1.570008,-0.300000,1.000000,1.100000,0.000000,0.000000,-1.571000,-0.299991,1.000391,1.065203,1.491789
0.592000,-0.000010,-0.000393,0.034797,-0.000031,-0.005645,-0.037326,-0.000000,-0.001015,1.570008,-0.300000,1.000000,1.100000,0.000000,0.000000,-1.571000,-0.299990,1.000393,1.065203,1.491790
0.594000,-0.000010,-0.000395,0.034797,-0.000031,-0.005645,-0.037326,-0.000000,-0.001015,1.570008,-0.300000,1.000000,1.100000,0.000000,0.000000,-1.571000,-0.299990,1.000395,1.065203,1.491791
0.596000,-0.000010,-0.000396,0.034797,-0.000031,-0.005645,-0.037326,-0.000000,-0.001015,1.570008,-0.300000,1.000000,1.100000,0.000000,0.000000,-1.571000,-0.299990,1.000396,1.065203,1.491792
0.598000,-0.000010,-0.000398,0.034797,-0.000031,-0.005645,-0.037326,-0.000000,-0.001015,1.570008,-0.300000,1.000000,1.100000,0.000000,0.000000,-1.571000,-0.299990,1.000398,1.065203,1.491794
0.600000,-0.000010,-0.000400,0.034797,-0.000031,-0.005645,-0.037326,-0.000000,-0.001015,1.570009,-0.300000,1.000000,1.100000,0.000000,0.000000,-1.571000,-0.299990,1.000400,1.065203,1.491795
0.602000,-0.000010,-0.000402,0.034797,-0.000031,-0.005645,-0.037326,-0.000000,-0.001015,1.570009,-0.300000,1.000000,1.100000,0.000000,0.000000,-1.571000,-0.299990,1.000402,1.065203,1.491796
0.604000,-0.000010,-0.000403,0.034797,-0.000031,-0.005645,-0.037326,-0.000000,-0.001015,1.570009,-0.300000,1.000000,1.100000,0.000000,0.000000,-1.571000,-0.299990,1.000403,1.065203,1.491797
0.606000,-0.000010,-0.000405,0.034797,-0.000031,-0.005645,-0.037326,-0.000000,-0.001015,1.570009,-0.300000,1.000000,1.100000,0.000000,0.000000,-1.571000,-0.299990,1.000405,1.065203,1.491798
0.608000,-0.000010,-0.000407,0.034797,-0.000031,-0.005645,-0.037326,-0.000000,-0.001015,1.570009,-0.300000,1.000000,1.100000,0.000000,0.000000,-1.571000,-0.299990,1.000407,1.065203,1.491799
0.610000,-0.000010,-0.000408,0.034797,-0.000031,-0.005645,-0.037326,-0.000000,-0.001015,1.570009,-0.300000,1.000000,1.100000,0.000000,0.000000,-1.571000,-0.299990,1.000408,1.065203,1.491800
0.612000,-0.000010,-0.000410,0.034797,-0.000031,-0.005645,-0.037326,-0.000000,-0.001015,1.570009,-0.300000,1.000000,1.100000,0.000000,0.000000,-1.571000,-0.299990,1.000410,1.065203,1.491801
0.614000,-0.000010,-0.000412,0.034797,-0.000031,-0.005645,-0.037326,-0.000000,-0.001015,1.570009,-0.300000,1.000000,1.100000,0.000000,0.000000,-1.571000,-0.299990,1.000412,1.065203,1.491802
0.616000,-0.000010,-0.000413,0.034797,-0.000031,-0.005645,-0.037326,-0.000000,-0.001015,1.570009,-0.300000,1.000000,1.100000,0.000000,0.000000,-1.571000,-0.299990,1.000413,1.065203,1.491804
0.618000,-0.000010,-0.000415,0.034797,-0.000031,-0.005645,-0.037326,-0.000000,-0.001015,1.570009,-0.300000,1.000000,1.100000,0.000000,0.000000,-1.571000,-0.299990,1.000415,1.065203,1.491805
0.620000,-0.000010,-0.000417,0.034797,-0.000031,-0.005645,-0.037326,-0.000000,-0.001015,1.570009,-0.300000,1.000000,1.100000,0.000000,0.000000,-1.571000,-0.299990,1.000417,1.065203,1.491806
0.622000,-0.000010,-0.000418,0.034797,-0.000031,-0.005645,-0.037326,-0.000000,-0.001015,1.570009,-0.300000,1.000000,1.100000,0.000000,0.000000,-1.571000,-0.299990,1.000418,1.065203,1.491807
0.624000,-0.000010,-0.000420,0.034797,-0.000031,-0.005645,-0.037326,-0.000000,-0.001015,1.570009,-0.300000,1.000000,1.100000,0.000000,0.000000,-1.571000,-0.299990,1.000420,1.065203,1.491808
0.626000,-0.000010,-0.000422,0.034797,-0.000031,-0.005645,-0.037326,-0.000000,-0.001015,1.570009,-0.300000,1.000000,1.100000,0.000000,0.000000,-1.571000,-0.299990,1.000422,1.065203,1.491809
0.628000,-0.000010,-0.000423,0.034797,-0.000031,-0.005645,-0.037326,-0.000000,-0.001015,1.570009,-0.300000,1.000000,1.100000,0.000000,0.000000,-1.571000,-0.299990,1.000423,1.065203,1.491810
0.630000,-0.000010,-0.000425,0.034797,-0.000031,-0.005645,-0.037326,-0.000000,-0.001015,1.570009,-0.300000,1.000000,1.100000,0.000000,0.000000,-1.571000,-0.299990,1.000425,1.065203,1.491811
0.632000,-0.000010,-0.000427,0.034797,-0.000031,-0.005645,-0.037326,-0.000000,-0.001015,1.570009,-0.300000,1.000000,1.100000,0.000000,0.000000,-1.571000,-0.299990,1.000427,1.065203,1.491812
0.634000,-0.000010,-0.000428,0.034797,-0.000031,-0.005645,-0.037326,-0.000000,-0.001015,1.570009,-0.300000,1.000000,1.100000,0.000000,0.000000,-1.571000,-0.299990,1.000428,1.065203,1.491814
0.636000,-0.000011,-0.000430,0.034797,-0.000031,-0.005645,-0.037326,-0.000000,-0.001015,1.570009,-0.300000,1.000000,1.100000,0.000000,0.000000,-1.571000,-0.299989,1.000430,1.065203,1.491815
0.638000,-0.000011,-0.000432,0.034797,-0.000031,-0.005645,-0.037326,-0.000000,-0.001015,1.570009,-0.300000,1.000000,1.100000,0.000000,0.000000,-1.571000,-0.299989,1.000432,1.065203,1.491816
0.640000,-0.000011,-0.000433,0.034797,-0.000031,-0.005645,-0.037326,-0.000000,-0.001015,1.570009,-0.300000,1.000000,1.100000,0.000000,0.000000,-1.571000,-0.299989,1.000433,1.065203,1.491817
0.642000,-0.000011,-0.000435,0.034797,-0.000031,-0.005645,-0.037326,-0.000000,-0.001015,1.570009,-0.300000,1.000000,1.100000,0.000000,0.000000,-1.571000,-0.299989,1.000435,1.065203,1.491818
0.644000,-0.000011,-0.000437,0.034797,-0.000031,-0.005645,-0.037326,-0.000000,-0.001015,1.570009,-0.300000,1.000000,1.100000,0.000000,0.000000,-1.571000,-0.299989,1.000437,1.065203,1.491819
0.646000,-0.000011,-0.000438,0.034797,-0.000031,-0.005645,-0.037326,-0.000000,-0.001015,1.570009,-0.300000,1.000000,1.100000,0.000000,0.000000,-1.571000,-0.299989,1.000438,1.065203,1.491820
0.648000,-0.000011,-0.000440,0.034797,-0.000031,-0.005645,-0.037326,-0.000000,-0.001015,1.570009,-0.300000,1.000000,1.100000,0.000000,0.000000,-1.571000,-0.299989,1.000440,1.065203,1.491821
0.650000,-0.000011,-0.000442,0.034797,-0.000031,-0.005645,-0.037326,-0.000000,-0.001015,1.570010,-0.300000,1.000000,1.100000,0.000000,0.000000,-1.571000,-0.299989,1.000442,1.065203,1.491822
0.652000,-0.000011,-0.000443,0.034797,-0.000031,-0.005645,-0.037326,-0.000000,-0.001015,1.570010,-0.300000,1.000000,1.100000,0.000000,0.000000,-1.571000,-0.299989,1.000443,1.065203,1.491824
0.654000,-0.000011,-0.000445,0.034797,-0.000031,-0.005645,-0.037326,-0.000000,-0.001015,1.570010,-0.300000,1.000000,1.100000,0.000000,0.000000,-1.571000,-0.299989,1.000445,1.065203,1.491825
0.656000,-0.000011,-0.000447,0.034797,-0.000031,-0.005645,-0.037326,-0.000000,-0.001015,1.570010,-0.300000,1.000000,1.100000,0.000000,0.000000,-1.571000,-0.299989,1.000447,1.065203,1.491826
0.658000,-0.000011,-0.000448,0.034797,-0.000031,-0.005645,-0.037326,-0.000000,-0.001015,1.570010,-0.300000,1.000000,1.100000,0.000000,0.000000,-1.571000,-0.299989,1.000448,1.065203,1.491827
0.660000,-0.000011,-0.000450,0.034797,-0.000031,-0.005645,-0.037326,-0.000000,-0.001015,1.570010,-0.300000,1.000000,1.100000,0.000000,0.000000,-1.571000,-0.299989,1.000450,1.065203,1.491828
0.662000,-0.000011,-0.000452,0.034797,-0.000031,-0.005645,-0.037326,-0.000000,-0.001015,1.570010,-0.300000,1.000000,1.100000,0.000000,0.000000,-1.571000,-0.299989,1.000452,1.065203,1.491829
0.664000,-0.000011,-0.000453,0.034797,-0.000031,-0.005645,-0.037326,-0.000000,-0.001015,1.570010,-0.300000,1.000000,1.100000,0.000000,0.000000,-1.571000,-0.299989,1.000453,1.065203,1.491830
0.666000,-0.000011,-0.000455,0.034797,-0.000031,-0.005645,-0.037326,-0.000000,-0.001015,1.570010,-0.300000,1.000000,1.100000,0.000000,0.000000,-1.571000,-0.299989,1.000455,1.065203,1.491831
0.668000,-0.000011,-0.000457,0.034797,-0.000031,-0.005645,-0.037326,-0.000000,-0.001015,1.570010,-0.300000,1.000000,1.100000,0.000000,0.000000,-1.571000,-0.299989,1.000457,1.065203,1.491833
0.670000,-0.000011,-0.000458,0.034797,-0.000031,-0.005645,-0.037326,-0.000000,-0.001015,1.570010,-0.300000,1.000000,1.100000,0.000000,0.000000,-1.571000,-0.299989,1.000458,1.065203,1.491834
0.672000,-0.000011,-0.000460,0.034797,-0.000031,-0.005645,-0.037326,-0.000000,-0.001015,1.570010,-0.300000,1.000000,1.100000,0.000000,0.000000,-1.571000,-0.299989,1.000460,1.065203,1.491835
0.674000,-0.000011,-0.000462,0.034797,-0.000031,-0.005645,-0.037326,-0.000000,-0.001015,1.570010,-0.300000,1.000000,1.100000,0.000000,0.000000,-1.571000,-0.299989,1.000462,1.065203,1.491836
0.676000,-0.000011,-0.000463,0.034797,-0.000031,-0.005645,-0.037326,-0.000000,-0.001015,1.570010,-0.300000,1.000000,1.100000,0.000000,0.000000,-1.571000,-0.299989,1.000463,1.065203,1.491837
0.678000,-0.000011,-0.000465,0.034797,-0.000031,-0.005645,-0.037326,-0.000000,-0.001015,1.570010,-0.300000,1.000000,1.100000,0.000000,0.000000,-1.571000,-0.299989,1.000465,1.065203,1.491838
0.680000,-0.000011,-0.000467,0.034797,-0.000031,-0.005645,-0.037326,-0.000000,-0.001015,1.570010,-0.300000,1.000000,1.100000,0.000000,0.000000,-1.571000,-0.299989,1.000467,1.065203,1.491839
0.682000,-0.000012,-0.000468,0.034797,-0.000031,-0.005645,-0.037326,-0.000000,-0.001015,1.570010,-0.300000,1.000000,1.100000,0.000000,0.000000,-1.571000,-0.299988,1.000468,1.065203,1.491840
0.684000,-0.000012,-0.000470,0.034797,-0.000031,-0.005645,-0.037326,-0.000000,-0.001015,1.570010,-0.300000,1.000000,1.100000,0.000000,0.000000,-1.571000,-0.299988,1.000470,1.065203,1.491841
0.686000,-0.000012,-0.000472,0.034797,-0.000031,-0.005645,-0.037326,-0.000000,-0.001015,1.570010,-0.300000,1.000000,1.100000,0.000000,0.000000,-1.571000,-0.299988,1.000472,1.065203,1.491843
0.688000,-0.000012,-0.000474,0.034797,-0.000031,-0.005645,-0.037326,-0.000000,-0.001015,1.570010,-0.300000,1.000000,1.100000,0.000000,0.000000,-1.571000,-0.299988,1.000474,1.065203,1.491844
0.690000,-0.000012,-0.000475,0.034797,-0.000031,-0.005645,-0.037326,-0.000000,-0.001015,1.570010,-0.300000,1.000000,1.100000,0.000000,0.000000,-1.571000,-0.299988,1.000475,1.065203,1.491845
0.692000,-0.000012,-0.000477,0.034797,-0.000031,-0.005645,-0.037326,-0.000000,-0.001015,1.570010,-0.300000,1.000000,1.100000,0.000000,0.000000,-1.571000,-0.299988,1.000477,1.065203,1.491846
0.694000,-0.000012,-0.000479,0.034797,-0.000031,-0.005645,-0.037326,-0.000000,-0.001015,1.570010,-0.300000,1.000000,1.100000,0.000000,0.000000,-1.571000,-0.299988,1.000479,1.065203,1.491847
0.696000,-0.000012,-0.000480,0.034797,-0.000031,-0.005645,-0.037326,-0.000000,-0.001015,1.570010,-0.300000,1.000000,1.100000,0.000000,0.000000,-1.571000,-0.299988,1.000480,1.065203,1.491848
0.698000,-0.000012,-0.000482,0.034797,-0.000031,-0.005645,-0.037326,-0.000000,-0.001015,1.570010,-0.300000,1.000000,1.100000,0.000000,0.000000,-1.571000,-0.299988,1.000482,1.065203,1.491849
0.700000,-0.000012,-0.000484,0.034797,-0.000031,-0.005645,-0.037326,-0.000000,-0.001015,1.570011,-0.300000,1.000000,1.100000,0.000000,0.000000,-1.571000,-0.299988,1.000484,1.065203,1.491850
0.702000,-0.000012,-0.000485,0.034797,-0.000031,-0.005645,-0.037326,-0.000000,-0.001015,1.570011,-0.300000,1.000000,1.100000,0.000000,0.000000,-1.571000,-0.299988,1.000485,1.065203,1.491851
0.704000,-0.000012,-0.000487,0.034797,-0.000031,-0.005645,-0.037326,-0.000000,-0.001015,1.570011,-0.300000,1.000000,1.100000,0.000000,0.000000,-1.571000,-0.299988,1.000487,1.065203,1.491853
0.706000,-0.000012,-0.000489,0.034797,-0.000031,-0.005645,-0.037326,-0.000000,-0.001015,1.570011,-0.300000,1.000000,1.100000,0.000000,0.000000,-1.571000,-0.299988,1.000489,1.065203,1.491854
0.708000,-0.000012,-0.000490,0.034797,-0.000031,-0.005645,-0.037326,-0.000000,-0.001015,1.570011,-0.300000,1.000000,1.100000,0.000000,0.000000,-1.571000,-0.299988,1.000490,1.065203,1.491855
0.710000,-0.000012,-0.000492,0.034797,-0.000031,-0.005645,-0.037326,-0.000000,-0.001015,1.570011,-0.300000,1.000000,1.100000,0.000000,0.000000,-1.571000,-0.299988,1.000492,1.065203,1.491856
0.712000,-0.000012,-0.000494,0.034797,-0.000031,-0.005645,-0.037326,-0.000000,-0.001015,1.570011,-0.300000,1.000000,1.100000,0.000000,0.000000,-1.571000,-0.299988,1.000494,1.065203,1.491857
0.714000,-0.000012,-0.000495,0.034797,-0.000031,-0.005645,-0.037326,-0.000000,-0.001015,1.570011,-0.300000,1.000000,1.100000,0.000000,0.000000,-1.571000,-0.299988,1.000495,1.065203,1.491858
0.716000,-0.000012,-0.000497,0.034797,-0.000031,-0.005645,-0.037326,-0.000000,-0.001015,1.570011,-0.300000,1.000000,1.100000,0.000000,0.000000,-1.571000,-0.299988,1.000497,1.065203,1.491859
0.718000,-0.000012,-0.000499,0.034797,-0.000031,-0.005645,-0.037326,-0.000000,-0.001015,1.570011,-0.300000,1.000000,1.100000,0.000000,0.000000,-1.571000,-0.299988,1.000499,1.065203,1.491860
0.720000,-0.000012,-0.000500,0.034797,-0.000031,-0.005645,-0.037326,-0.000000,-0.001015,1.570011,-0.300000,1.000000,1.100000,0.000000,0.000000,-1.571000,-0.299988,1.000500,1.065203,1.491861
0.722000,-0.000012,-0.000502,0.034797,-0.000031,-0.005645,-0.037326,-0.000000,-0.001015,1.570011,-0.300000,1.000000,1.100000,0.000000,0.000000,-1.571000,-0.299988,1.000502,1.065203,1.491863
0.724000,-0.000012,-0.000504,0.034797,-0.000031,-0.005645,-0.037326,-0.000000,-0.001015,1.570011,-0.300000,1.000000,1.100000,0.000000,0.000000,-1.571000,-0.299988,1.000504,1.065203,1.491864
0.726000,-0.000013,-0.000505,0.034797,-0.000031,-0.005645,-0.037326,-0.000000,-0.001015,1.570011,-0.300000,1.000000,1.100000,0.000000,0.000000,-1.571000,-0.299987,1.000505,1.065203,1.491865
0.728000,-0.000013,-0.000507,0.034797,-0.000031,-0.005645,-0.037326,-0.000000,-0.001015,1.570011,-0.300000,1.000000,1.100000,0.000000,0.000000,-1.571000,-0.299987,1.000507,1.065203,1.491866
0.730000,-0.000013,-0.000509,0.034797,-0.000031,-0.005645,-0.037326,-0.000000,-0.001015,1.570011,-0.300000,1.000000,1.100000,0.000000,0.000000,-1.571000,-0.299987,1.000509,1.065203,1.491867
0.732000,-0.000013,-0.000510,0.034797,-0.000031,-0.005645,-0.037326,-0.000000,-0.001015,1.570011,-0.300000,1.000000,1.100000,0.000000,0.000000,-1.571000,-0.299987,1.000510,1.065203,1.491868
0.734000,-0.000013,-0.000512,0.034797,-0.000031,-0.005645,-0.037326,-0.000000,-0.001015,1.570011,-0.300000,1.000000,1.100000,0.000000,0.000000,-1.571000,-0.299987,1.000512,1.065203,1.491869
0.736000,-0.000013,-0.000514,0.034797,-0.000031,-0.005645,-0.037326,-0.000000,-0.001015,1.570011,-0.300000,1.000000,1.100000,0.000000,0.000000,-1.571000,-0.299987,1.000514,1.065203,1.491870
0.738000,-0.000013,-0.000515,0.034797,-0.000031,-0.005645,-0.037326,-0.000000,-0.001015,1.570011,-0.300000,1.000000,1.100000,0.000000,0.000000,-1.571000,-0.299987,1.000515,1.065203,1.491871
0.740000,-0.000013,-0.000517,0.034797,-0.000031,-0.005645,-0.037326,-0.000000,-0.001015,1.570011,-0.300000,1.000000,1.100000,0.000000,0.000000,-1.571000,-0.299987,1.000517,1.065203,1.491873
0.742000,-0.000013,-0.000519,0.034797,-0.000031,-0.005645,-0.037326,-0.000000,-0.001015,1.570011,-0.300000,1.000000,1.100000,0.000000,0.000000,-1.571000,-0.299987,1.000519,1.065203,1.491874
0.744000,-0.000013,-0.000520,0.034797,-0.000031,-0.005645,-0.037326,-0.000000,-0.001015,1.570011,-0.300000,1.000000,1.100000,0.000000,0.000000,-1.571000,-0.299987,1.000520,1.065203,1.491875
0.746000,-0.000013,-0.000522,0.034797,-0.000031,-0.005645,-0.037326,-0.000000,-0.001015,1.570011,-0.300000,1.000000,1.100000,0.000000,0.000000,-1.571000,-0.299987,1.000522,1.065203,1.491876
0.748000,-0.000013,-0.000524,0.034797,-0.000031,-0.005645,-0.037326,-0.000000,-0.001015,1.570011,-0.300000,1.000000,1.100000,0.000000,0.000000,-1.571000,-0.299987,1.000524,1.065203,1.491877
0.750000,-0.000013,-0.000525,0.034797,-0.000031,-0.005645,-0.037326,-0.000000,-0.001015,1.570011,-0.300000,1.000000,1.100000,0.000000,0.000000,-1.571000,-0.299987,1.000525,1.065203,1.491878
0.752000,-0.000013,-0.000527,0.034797,-0.000031,-0.005645,-0.037326,-0.000000,-0.001015,1.570012,-0.300000,1.000000,1.100000,0.000000,0.000000,-1.571000,-0.299987,1.000527,1.065203,1.491879
0.754000,-0.000013,-0.000529,0.034797,-0.000031,-0.005645,-0.037326,-0.000000,-0.001015,1.570012,-0.300000,1.000000,1.100000,0.000000,0.000000,-1.571000,-0.299987,1.000529,1.065203,1.491880
0.756000,-0.000013,-0.000530,0.034797,-0.000031,-0.005645,-0.037326,-0.000000,-0.001015,1.570012,-0.300000,1.000000,1.100000,0.000000,0.000000,-1.571000,-0.299987,1.000530,1.065203,1.491882
0.758000,-0.000013,-0.000532,0.034797,-0.000031,-0.005645,-0.037326,-0.000000,-0.001015,1.570012,-0.300000,1.000000,1.100000,0.000000,0.000000,-1.571000,-0.299987,1.000532,1.065203,1.491883
0.760000,-0.000013,-0.000534,0.034797,-0.000031,-0.005645,-0.037326,-0.000000,-0.001015,1.570012,-0.300000,1.000000,1.100000,0.000000,0.000000,-1.571000,-0.299987,1.000534,1.065203,1.491884
0.762000,-0.000013,-0.000535,0.034797,-0.000031,-0.005645,-0.037326,-0.000000,-0.001015,1.570012,-0.300000,1.000000,1.100000,0.000000,0.000000,-1.571000,-0.299987,1.000535,1.065203,1.491885
0.764000,-0.000013,-0.000537,0.034797,-0.000031,-0.005645,-0.037326,-0.000000,-0.001015,1.570012,-0.300000,1.000000,1.100000,0.000000,0.000000,-1.571000,-0.299987,1.000537,1.065203,1.491886
0.766000,-0.000013,-0.000539,0.034797,-0.000031,-0.005645,-0.037326,-0.000000,-0.001015,1.570012,-0.300000,1.000000,1.100000,0.000000,0.000000,-1.571000,-0.299987,1.000539,1.065203,1.491887
0.768000,-0.000013,-0.000541,0.034797,-0.000031,-0.005645,-0.037326,-0.000000,-0.001015,1.570012,-0.300000,1.000000,1.100000,0.000000,0.000000,-1.571000,-0.299987,1.000541,1.065203,1.491888
0.770000,-0.000014,-0.000542,0.034797,-0.000031,-0.005645,-0.037326,-0.000000,-0.001015,1.570012,-0.300000,1.000000,1.100000,0.000000,0.000000,-1.571000,-0.299986,1.000542,1.065203,1.491889
0.772000,-0.000014,-0.000544,0.034797,-0.000031,-0.005645,-0.037326,-0.000000,-0.001015,1.570012,-0.300000,1.000000,1.100000,0.000000,0.000000,-1.571000,-0.299986,1.000544,1.065203,1.491890
0.774000,-0.000014,-0.000546,0.034797,-0.000031,-0.005645,-0.037326,-0.000000,-0.001015,1.570012,-0.300000,1.000000,1.100000,0.000000,0.000000,-1.571000,-0.299986,1.000546,1.065203,1.491892
0.776000,-0.000014,-0.000547,0.034797,-0.000031,-0.005645,-0.037326,-0.000000,-0.001015,1.570012,-0.300000,1.000000,1.100000,0.000000,0.000000,-1.571000,-0.299986,1.000547,1.065203,1.491893
0.778000,-0.000014,-0.000549,0.034797,-0.000031,-0.005645,-0.037326,-0.000000,-0.001015,1.570012,-0.300000,1.000000,1.100000,0.000000,0.000000,-1.571000,-0.299986,1.000549,1.065203,1.491894
0.780000,-0.000014,-0.000551,0.034797,-0.000031,-0.005645,-0.037326,-0.000000,-0.001015,1.570012,-0.300000,1.000000,1.100000,0.000000,0.000000,-1.571000,-0.299986,1.000551,1.065203,1.491895
0.782000,-0.000014,-0.000552,0.034797,-0.000031,-0.005645,-0.037326,-0.000000,-0.001015,1.570012,-0.300000,1.000000,1.100000,0.000000,0.000000,-1.571000,-0.299986,1.000552,1.065203,1.491896
0.784000,-0.000014,-0.000554,0.034797,-0.000031,-0.005645,-0.037326,-0.000000,-0.001015,1.570012,-0.300000,1.000000,1.100000,0.000000,0.000000,-1.571000,-0.299986,1.000554,1.065203,1.491897
0.786000,-0.000014,-0.000556,0.034797,-0.000031,-0.005645,-0.037326,-0.000000,-0.001015,1.570012,-0.300000,1.000000,1.100000,0.000000,0.000000,-1.571000,-0.299986,1.000556,1.065203,1.491898
0.788000,-0.000014,-0.000557,0.034797,-0.000031,-0.005645,-0.037326,-0.000000,-0.001015,1.570012,-0.300000,1.000000,1.100000,0.000000,0.000000,-1.571000,-0.299986,1.000557,1.065203,1.491899
0.790000,-0.000014,-0.000559,0.034797,-0.000031,-0.005645,-0.037326,-0.000000,-0.001015,1.570012,-0.300000,1.000000,1.100000,0.000000,0.000000,-1.571000,-0.299986,1.000559,1.065203,1.491900
0.792000,-0.000014,-0.000561,0.034797,-0.000031,-0.005645,-0.037326,-0.000000,-0.001015,1.570012,-0.300000,1.000000,1.100000,0.000000,0.000000,-1.571000,-0.299986,1.000561,1.065203,1.491902
0.794000,-0.000014,-0.000562,0.034797,-0.000031,-0.005645,-0.037326,-0.000000,-0.001015,1.570012,-0.300000,1.000000,1.100000,0.000000,0.000000,-1.571000,-0.299986,1.000562,1.065203,1.491903
0.796000,-0.000014,-0.000564,0.034797,-0.000031,-0.005645,-0.037326,-0.000000,-0.001015,1.570012,-0.300000,1.000000,1.100000,0.000000,0.000000,-1.571000,-0.299986,1.000564,1.065203,1.491904
0.798000,-0.000014,-0.000566,0.034797,-0.000031,-0.005645,-0.037326,-0.000000,-0.001015,1.570012,-0.300000,1.000000,1.100000,0.000000,0.000000,-1.571000,-0.299986,1.000566,1.065203,1.491905
0.800000,-0.000014,-0.000567,0.034797,-0.000031,-0.005645,-0.037326,-0.000000,-0.001015,1.570012,-0.300000,1.000000,1.100000,0.000000,0.000000,-1.571000,-0.299986,1.000567,1.065203,1.491906
0.802000,-0.000014,-0.000569,0.034797,-0.000031,-0.005645,-0.037326,-0.000000,-0.001015,1.570013,-0.300000,1.000000,1.100000,0.000000,0.000000,-1.571000,-0.299986,1.000569,1.065203,1.491907
0.804000,-0.000014,-0.000571,0.034797,-0.000031,-0.005645,-0.037326,-0.000000,-0.001015,1.570013,-0.300000,1.000000,1.100000,0.000000,0.000000,-1.571000,-0.299986,1.000571,1.065203,1.491908
0.806000,-0.000014,-0.000572,0.034797,-0.000031,-0.005645,-0.037326,-0.000000,-0.001015,1.570013,-0.300000,1.000000,1.100000,0.000000,0.000000,-1.571000,-0.299986,1.000572,1.065203,1.491909
0.808000,-0.000014,-0.000574,0.034797,-0.000031,-0.005645,-0.037326,-0.000000,-0.001015,1.570013,-0.300000,1.000000,1.100000,0.000000,0.000000,-1.571000,-0.299986,1.000574,1.065203,1.491910
0.810000,-0.000014,-0.000576,0.034797,-0.000031,-0.005645,-0.037326,-0.000000,-0.001015,1.570013,-0.300000,1.000000,1.100000,0.000000,0.000000,-1.571000,-0.299986,1.000576,1.065203,1.491912
0.812000,-0.000014,-0.000577,0.034797,-0.000031,-0.005645,-0.037326,-0.000000,-0.001015,1.570013,-0.300000,1.000000,1.100000,0.000000,0.000000,-1.571000,-0.299986,1.000577,1.065203,1.491913
0.814000,-0.000014,-0.000579,0.034797,-0.000031,-0.005645,-0.037326,-0.000000,-0.001015,1.570013,-0.300000,1.000000,1.100000,0.000000,0.000000,-1.571000,-0.299986,1.000579,1.065203,1.491914
0.816000,-0.000015,-0.000581,0.034797,-0.000031,-0.005645,-0.037326,-0.000000,-0.001015,1.570013,-0.300000,1.000000,1.100000,0.000000,0.000000,-1.571000,-0.299985,1.000581,1.065203,1.491915
0.818000,-0.000015,-0.000582,0.034797,-0.000031,-0.005645,-0.037326,-0.000000,-0.001015,1.570013,-0.300000,1.000000,1.100000,0.000000,0.000000,-1.571000,-0.299985,1.000582,1.065203,1.491916
0.820000,-0.000015,-0.000584,0.034797,-0.000031,-0.005645,-0.037326,-0.000000,-0.001015,1.570013,-0.300000,1.000000,1.100000,0.000000,0.000000,-1.571000,-0.299985,1.000584,1.065203,1.491917
0.822000,-0.000015,-0.000586,0.034797,-0.000031,-0.005645,-0.037326,-0.000000,-0.001015,1.570013,-0.300000,1.000000,1.100000,0.000000,0.000000,-1.571000,-0.299985,1.000586,1.065203,1.491918
0.824000,-0.000015,-0.000587,0.034797,-0.000031,-0.005645,-0.037326,-0.000000,-0.001015,1.570013,-0.300000,1.000000,1.100000,0.000000,0.000000,-1.571000,-0.299985,1.000587,1.065203,1.491919
0.826000,-0.000015,-0.000589,0.034797,-0.000031,-0.005645,-0.037326,-0.000000,-0.001015,1.570013,-0.300000,1.000000,1.100000,0.000000,0.000000,-1.571000,-0.299985,1.000589,1.065203,1.491921
0.828000,-0.000015,-0.000591,0.034797,-0.000031,-0.005645,-0.037326,-0.000000,-0.001015,1.570013,-0.300000,1.000000,1.100000,0.000000,0.000000,-1.571000,-0.299985,1.000591,1.065203,1.491922
0.830000,-0.000015,-0.000592,0.034797,-0.000031,-0.005645,-0.037326,-0.000000,-0.001015,1.570013,-0.300000,1.000000,1.100000,0.000000,0.000000,-1.571000,-0.299985,1.000592,1.065203,1.491923
0.832000,-0.000015,-0.000594,0.034797,-0.000031,-0.005645,-0.037326,-0.000000,-0.001015,1.570013,-0.300000,1.000000,1.100000,0.000000,0.000000,-1.571000,-0.299985,1.000594,1.065203,1.491924
0.834000,-0.000015,-0.000596,0.034797,-0.000031,-0.005645,-0.037326,-0.000000,-0.001015,1.570013,-0.300000,1.000000,1.100000,0.000000,0.000000,-1.571000,-0.299985,1.000596,1.065203,1.491925
0.836000,-0.000015,-0.000597,0.034797,-0.000031,-0.005645,-0.037326,-0.000000,-0.001015,1.570013,-0.300000,1.000000,1.100000,0.000000,0.000000,-1.571000,-0.299985,1.000597,1.065203,1.491926
0.838000,-0.000015,-0.000599,0.034797,-0.000031,-0.005645,-0.037326,-0.000000,-0.001015,1.570013,-0.300000,1.000000,1.100000,0.000000,0.000000,-1.571000,-0.299985,1.000599,1.065203,1.491927
0.840000,-0.000015,-0.000601,0.034797,-0.000031,-0.005645,-0.037326,-0.000000,-0.001015,1.570013,-0.300000,1.000000,1.100000,0.000000,0.000000,-1.571000,-0.299985,1.000601,1.065203,1.491928
0.842000,-0.000015,-0.000602,0.034797,-0.000031,-0.005645,-0.037326,-0.000000,-0.001015,1.570013,-0.300000,1.000000,1.100000,0.000000,0.000000,-1.571000,-0.299985,1.000602,1.065203,1.491929
0.844000,-0.000015,-0.000604,0.034797,-0.000031,-0.005645,-0.037326,-0.000000,-0.001015,1.570013,-0.300000,1.000000,1.100000,0.000000,0.000000,-1.571000,-0.299985,1.000604,1.065203,1.491931
0.846000,-0.000015,-0.000606,0.034797,-0.000031,-0.005645,-0.037326,-0.000000,-0.001015,1.570013,-0.300000,1.000000,1.100000,0.000000,0.000000,-1.571000,-0.299985,1.000606,1.065203,1.491932
0.848000,-0.000015,-0.000607,0.034797,-0.000031,-0.005645,-0.037326,-0.000000,-0.001015,1.570013,-0.300000,1.000000,1.100000,0.000000,0.000000,-1.571000,-0.299985,1.000607,1.065203,1.491933
0.850000,-0.000015,-0.000609,0.034797,-0.000031,-0.005645,-0.037326,-0.000000,-0.001015,1.570013,-0.300000,1.000000,1.100000,0.000000,0.000000,-1.571000,-0.299985,1.000609,1.065203,1.491934
0.852000,-0.000015,-0.000611,0.034797,-0.000031,-0.005645,-0.037326,-0.000000,-0.001015,1.570014,-0.300000,1.000000,1.100000,0.000000,0.000000,-1.571000,-0.299985,1.000611,1.065203,1.491935
0.854000,-0.000015,-0.000613,0.034797,-0.000031,-0.005645,-0.037326,-0.000000,-0.001015,1.570014,-0.300000,1.000000,1.100000,0.000000,0.000000,-1.571000,-0.299985,1.000613,1.065203,1.491936
0.856000,-0.000015,-0.000614,0.034797,-0.000031,-0.005645,-0.037326,-0.000000,-0.001015,1.570014,-0.300000,1.000000,1.100000,0.000000,0.000000,-1.571000,-0.299985,1.000614,1.065203,1.491937
0.858000,-0.000015,-0.000616,0.034797,-0.000031,-0.005645,-0.037326,-0.000000,-0.001015,1.570014,-0.300000,1.000000,1.100000,0.000000,0.000000,-1.571000,-0.299985,1.000616,1.065203,1.491938
0.860000,-0.000016,-0.000618,0.034797,-0.000031,-0.005645,-0.037326,-0.000000,-0.001015,1.570014,-0.300000,1.000000,1.100000,0.000000,0.000000,-1.571000,-0.299984,1.000618,1.065203,1.491939
0.862000,-0.000016,-0.000619,0.034797,-0.000031,-0.005645,-0.037326,-0.000000,-0.001015,1.570014,-0.300000,1.000000,1.100000,0.000000,0.000000,-1.571000,-0.299984,1.000619,1.065203,1.491941
0.864000,-0.000016,-0.000621,0.034797,-0.000031,-0.005645,-0.037326,-0.000000,-0.001015,1.570014,-0.300000,1.000000,1.100000,0.000000,0.000000,-1.571000,-0.299984,1.000621,1.065203,1.491942
0.866000,-0.000016,-0.000623,0.034797,-0.000031,-0.005645,-0.037326,-0.000000,-0.001015,1.570014,-0.300000,1.000000,1.100000,0.000000,0.000000,-1.571000,-0.299984,1.000623,1.065203,1.491943
0.868000,-0.000016,-0.000624,0.034797,-0.000031,-0.005645,-0.037326,-0.000000,-0.001015,1.570014,-0.300000,1.000000,1.100000,0.000000,0.000000,-1.571000,-0.299984,1.000624,1.065203,1.491944
0.870000,-0.000016,-0.000626,0.034797,-0.000031,-0.005645,-0.037326,-0.000000,-0.001015,1.570014,-0.300000,1.000000,1.100000,0.000000,0.000000,-1.571000,-0.299984,1.000626,1.065203,1.491945
0.872000,-0.000016,-0.000628,0.034797,-0.000031,-0.005645,-0.037326,-0.000000,-0.001015,1.570014,-0.300000,1.000000,1.100000,0.000000,0.000000,-1.571000,-0.299984,1.000628,1.065203,1.491946
0.874000,-0.000016,-0.000629,0.034797,-0.000031,-0.005645,-0.037326,-0.000000,-0.001015,1.570014,-0.300000,1.000000,1.100000,0.000000,0.000000,-1.571000,-0.299984,1.000629,1.065203,1.491947
0.876000,-0.000016,-0.000631,0.034797,-0.000031,-0.005645,-0.037326,-0.000000,-0.001015,1.570014,-0.300000,1.000000,1.100000,0.000000,0.000000,-1.571000,-0.299984,1.000631,1.065203,1.491948
0.878000,-0.000016,-0.000633,0.034797,-0.000031,-0.005645,-0.037326,-0.000000,-0.001015,1.570014,-0.300000,1.000000,1.100000,0.000000,0.000000,-1.571000,-0.299984,1.000633,1.065203,1.491949
0.880000,-0.000016,-0.000634,0.034797,-0.000031,-0.005645,-0.037326,-0.000000,-0.001015,1.570014,-0.300000,1.000000,1.100000,0.000000,0.000000,-1.571000,-0.299984,1.000634,1.065203,1.491951
0.882000,-0.000016,-0.000636,0.034797,-0.000031,-0.005645,-0.037326,-0.000000,-0.001015,1.570014,-0.300000,1.000000,1.100000,0.000000,0.000000,-1.571000,-0.299984,1.000636,1.065203,1.491952
0.884000,-0.000016,-0.000638,0.034797,-0.000031,-0.005645,-0.037326,-0.000000,-0.001015,1.570014,-0.300000,1.000000,1.100000,0.000000,0.000000,-1.571000,-0.299984,1.000638,1.065203,1.491953
0.886000,-0.000016,-0.000639,0.034797,-0.000031,-0.005645,-0.037326,-0.000000,-0.001015,1.570014,-0.300000,1.000000,1.100000,0.000000,0.000000,-1.571000,-0.299984,1.000639,1.065203,1.491954
0.888000,-0.000016,-0.000641,0.034797,-0.000031,-0.005645,-0.037326,-0.000000,-0.001015,1.570014,-0.300000,1.000000,1.100000,0.000000,0.000000,-1.571000,-0.299984,1.000641,1.065203,1.491955
0.890000,-0.000016,-0.000643,0.034797,-0.000031,-0.005645,-0.037326,-0.000000,-0.001015,1.570014,-0.300000,1.000000,1.100000,0.000000,0.000000,-1.571000,-0.299984,1.000643,1.065203,1.491956
0.892000,-0.000016,-0.000644,0.034797,-0.000031,-0.005645,-0.037326,-0.000000,-0.001015,1.570014,-0.300000,1.000000,1.100000,0.000000,0.000000,-1.571000,-0.299984,1.000644,1.065203,1.491957
0.894000,-0.000016,-0.000646,0.034797,-0.000031,-0.005645,-0.037326,-0.000000,-0.001015,1.570014,-0.300000,1.000000,1.100000,0.000000,0.000000,-1.571000,-0.299984,1.000646,1.065203,1.491958
0.896000,-0.000016,-0.000648,0.034797,-0.000031,-0.005645,-0.037326,-0.000000,-0.001015,1.570014,-0.300000,1.000000,1.100000,0.000000,0.000000,-1.571000,-0.299984,1.000648,1.065203,1.491960
0.898000,-0.000016,-0.000649,0.034797,-0.000031,-0.005645,-0.037326,-0.000000,-0.001015,1.570014,-0.300000,1.000000,1.100000,0.000000,0.000000,-1.571000,-0.299984,1.000649,1.065203,1.491961
0.900000,-0.000016,-0.000651,0.034797,-0.000031,-0.005645,-0.037326,-0.000000,-0.001015,1.570014,-0.300000,1.000000,1.100000,0.000000,0.000000,-1.571000,-0.299984,1.000651,1.065203,1.491962
0.902000,-0.000016,-0.000653,0.034797,-0.000031,-0.005645,-0.037326,-0.000000,-0.001015,1.570015,-0.300000,1.000000,1.100000,0.000000,0.000000,-1.571000,-0.299984,1.000653,1.065203,1.491963
0.904000,-0.000016,-0.000654,0.034797,-0.000031,-0.005645,-0.037326,-0.000000,-0.001015,1.570015,-0.300000,1.000000,1.100000,0.000000,0.000000,-1.571000,-0.299984,1.000654,1.065203,1.491964
0.906000,-0.000017,-0.000656,0.034797,-0.000031,-0.005645,-0.037326,-0.000000,-0.001015,1.570015,-0.300000,1.000000,1.100000,0.000000,0.000000,-1.571000,-0.299983,1.000656,1.065203,1.491965
0.908000,-0.000017,-0.000658,0.034797,-0.000031,-0.005645,-0.037326,-0.000000,-0.001015,1.570015,-0.300000,1.000000,1.100000,0.000000,0.000000,-1.571000,-0.299983,1.000658,1.065203,1.491966
0.910000,-0.000017,-0.000659,0.034797,-0.000031,-0.005645,-0.037326,-0.000000,-0.001015,1.570015,-0.300000,1.000000,1.100000,0.000000,0.000000,-1.571000,-0.299983,1.000659,1.065203,1.491967
0.912000,-0.000017,-0.000661,0.034797,-0.000031,-0.005645,-0.037326,-0.000000,-0.001015,1.570015,-0.300000,1.000000,1.100000,0.000000,0.000000,-1.571000,-0.299983,1.000661,1.065203,1.491968
0.914000,-0.000017,-0.000663,0.034797,-0.000031,-0.005645,-0.037326,-0.000000,-0.001015,1.570015,-0.300000,1.000000,1.100000,0.000000,0.000000,-1.571000,-0.299983,1.000663,1.065203,1.491970
0.916000,-0.000017,-0.000664,0.034797,-0.000031,-0.005645,-0.037326,-0.000000,-0.001015,1.570015,-0.300000,1.000000,1.100000,0.000000,0.000000,-1.571000,-0.299983,1.000664,1.065203,1.491971
0.918000,-0.000017,-0.000666,0.034797,-0.000031,-0.005645,-0.037326,-0.000000,-0.001015,1.570015,-0.300000,1.000000,1.100000,0.000000,0.000000,-1.571000,-0.299983,1.000666,1.065203,1.491972
0.920000,-0.000017,-0.000668,0.034797,-0.000031,-0.005645,-0.037326,-0.000000,-0.001015,1.570015,-0.300000,1.000000,1.100000,0.000000,0.000000,-1.571000,-0.299983,1.000668,1.065203,1.491973
0.922000,-0.000017,-0.000669,0.034797,-0.000031,-0.005645,-0.037326,-0.000000,-0.001015,1.570015,-0.300000,1.000000,1.100000,0.000000,0.000000,-1.571000,-0.299983,1.000669,1.065203,1.491974
0.924000,-0.000017,-0.000671,0.034797,-0.000031,-0.005645,-0.037326,-0.000000,-0.001015,1.570015,-0.300000,1.000000,1.100000,0.000000,0.000000,-1.571000,-0.299983,1.000671,1.065203,1.491975
0.926000,-0.000017,-0.000673,0.034797,-0.000031,-0.005645,-0.037326,-0.000000,-0.001015,1.570015,-0.300000,1.000000,1.100000,0.000000,0.000000,-1.571000,-0.299983,1.000673,1.065203,1.491976
0.928000,-0.000017,-0.000674,0.034797,-0.000031,-0.005645,-0.037326,-0.000000,-0.001015,1.570015,-0.300000,1.000000,1.100000,0.000000,0.000000,-1.571000,-0.299983,1.000674,1.065203,1.491977
0.930000,-0.000017,-0.000676,0.034797,-0.000031,-0.005645,-0.037326,-0.000000,-0.001015,1.570015,-0.300000,1.000000,1.100000,0.000000,0.000000,-1.571000,-0.299983,1.000676,1.065203,1.491978
0.932000,-0.000017,-0.000678,0.034797,-0.000031,-0.005645,-0.037326,-0.000000,-0.001015,1.570015,-0.300000,1.000000,1.100000,0.000000,0.000000,-1.571000,-0.299983,1.000678,1.065203,1.491980
0.934000,-0.000017,-0.000680,0.034797,-0.000031,-0.005645,-0.037326,-0.000000,-0.001015,1.570015,-0.300000,1.000000,1.100000,0.000000,0.000000,-1.571000,-0.299983,1.000680,1.065203,1.491981
0.936000,-0.000017,-0.000681,0.034797,-0.000031,-0.005645,-0.037326,-0.000000,-0.001015,1.570015,-0.300000,1.000000,1.100000,0.000000,0.000000,-1.571000,-0.299983,1.000681,1.065203,1.491982
0.938000,-0.000017,-0.000683,0.034797,-0.000031,-0.005645,-0.037326,-0.000000,-0.001015,1.570015,-0.300000,1.000000,1.100000,0.000000,0.000000,-1.571000,-0.299983,1.000683,1.065203,1.491983
0.940000,-0.000017,-0.000685,0.034797,-0.000031,-0.005645,-0.037326,-0.000000,-0.001015,1.570015,-0.300000,1.000000,1.100000,0.000000,0.000000,-1.571000,-0.299983,1.000685,1.065203,1.491984
0.942000,-0.000017,-0.000686,0.034797,-0.000031,-0.005645,-0.037326,-0.000000,-0.001015,1.570015,-0.300000,1.000000,1.100000,0.000000,0.000000,-1.571000,-0.299983,1.000686,1.065203,1.491985
0.944000,-0.000017,-0.000688,0.034797,-0.000031,-0.005645,-0.037326,-0.000000,-0.001015,1.570015,-0.300000,1.000000,1.100000,0.000000,0.000000,-1.571000,-0.299983,1.000688,1.065203,1.491986
0.946000,-0.000017,-0.000690,0.034797,-0.000031,-0.005645,-0.037326,-0.000000,-0.001015,1.570015,-0.300000,1.000000,1.100000,0.000000,0.000000,-1.571000,-0.299983,1.000690,1.065203,1.491987
0.948000,-0.000017,-0.000691,0.034797,-0.000031,-0.005645,-0.037326,-0.000000,-0.001015,1.570015,-0.300000,1.000000,1.100000,0.000000,0.000000,-1.571000,-0.299983,1.000691,1.065203,1.491988
0.950000,-0.000018,-0.000693,0.034797,-0.000031,-0.005645,-0.037326,-0.000000,-0.001015,1.570015,-0.300000,1.000000,1.100000,0.000000,0.000000,-1.571000,-0.299982,1.000693,1.065203,1.491990
0.952000,-0.000018,-0.000695,0.034797,-0.000031,-0.005645,-0.037326,-0.000000,-0.001015,1.570016,-0.300000,1.000000,1.100000,0.000000,0.000000,-1.571000,-0.299982,1.000695,1.065203,1.491991
0.954000,-0.000018,-0.000696,0.034797,-0.000031,-0.005645,-0.037326,-0.000000,-0.001015,1.570016,-0.300000,1.000000,1.100000,0.000000,0.000000,-1.571000,-0.299982,1.000696,1.065203,1.491992
0.956000,-0.000018,-0.000698,0.034797,-0.000031,-0.005645,-0.037326,-0.000000,-0.001015,1.570016,-0.300000,1.000000,1.100000,0.000000,0.000000,-1.571000,-0.299982,1.000698,1.065203,1.491993
0.958000,-0.000018,-0.000700,0.034797,-0.000031,-0.005645,-0.037326,-0.000000,-0.001015,1.570016,-0.300000,1.000000,1.100000,0.000000,0.000000,-1.571000,-0.299982,1.000700,1.065203,1.491994
0.960000,-0.000018,-0.000701,0.034797,-0.000031,-0.005645,-0.037326,-0.000000,-0.001015,1.570016,-0.300000,1.000000,1.100000,0.000000,0.000000,-1.571000,-0.299982,1.000701,1.065203,1.491995
0.962000,-0.000018,-0.000703,0.034797,-0.000031,-0.005645,-0.037326,-0.000000,-0.001015,1.570016,-0.300000,1.000000,1.100000,0.000000,0.000000,-1.571000,-0.299982,1.000703,1.065203,1.491996
0.964000,-0.000018,-0.000705,0.034797,-0.000031,-0.005645,-0.037326,-0.000000,-0.001015,1.570016,-0.300000,1.000000,1.100000,0.000000,0.000000,-1.571000,-0.299982,1.000705,1.065203,1.491997
0.966000,-0.000018,-0.000706,0.034797,-0.000031,-0.005645,-0.037326,-0.000000,-0.001015,1.570016,-0.300000,1.000000,1.100000,0.000000,0.000000,-1.571000,-0.299982,1.000706,1.065203,1.491999
0.968000,-0.000018,-0.000708,0.034797,-0.000031,-0.005645,-0.037326,-0.000000,-0.001015,1.570016,-0.300000,1.000000,1.100000,0.000000,0.000000,-1.571000,-0.299982,1.000708,1.065203,1.492000
0.970000,-0.000018,-0.000710,0.034797,-0.000031,-0.005645,-0.037326,-0.000000,-0.001015,1.570016,-0.300000,1.000000,1.100000,0.000000,0.000000,-1.571000,-0.299982,1.000710,1.065203,1.492001
0.972000,-0.000018,-0.000711,0.034797,-0.000031,-0.005645,-0.037326,-0.000000,-0.001015,1.570016,-0.300000,1.000000,1.100000,0.000000,0.000000,-1.571000,-0.299982,1.000711,1.065203,1.492002
0.974000,-0.000018,-0.000713,0.034797,-0.000031,-0.005645,-0.037326,-0.000000,-0.001015,1.570016,-0.300000,1.000000,1.100000,0.000000,0.000000,-1.571000,-0.299982,1.000713,1.065203,1.492003
0.976000,-0.000018,-0.000715,0.034797,-0.000031,-0.005645,-0.037326,-0.000000,-0.001015,1.570016,-0.300000,1.000000,1.100000,0.000000,0.000000,-1.571000,-0.299982,1.000715,1.065203,1.492004
0.978000,-0.000018,-0.000716,0.034797,-0.000031,-0.005645,-0.037326,-0.000000,-0.001015,1.570016,-0.300000,1.000000,1.100000,0.000000,0.000000,-1.571000,-0.299982,1.000716,1.065203,1.492005
0.980000,-0.000018,-0.000718,0.034797,-0.000031,-0.005645,-0.037326,-0.000000,-0.001015,1.570016,-0.300000,1.000000,1.100000,0.000000,0.000000,-1.571000,-0.299982,1.000718,1.065203,1.492006
0.982000,-0.000018,-0.000720,0.034797,-0.000031,-0.005645,-0.037326,-0.000000,-0.001015,1.570016,-0.300000,1.000000,1.100000,0.000000,0.000000,-1.571000,-0.299982,1.000720,1.065203,1.492007
0.984000,-0.000018,-0.000721,0.034797,-0.000031,-0.005645,-0.037326,-0.000000,-0.001015,1.570016,-0.300000,1.000000,1.100000,0.000000,0.000000,-1.571000,-0.299982,1.000721,1.065203,1.492009
0.986000,-0.000018,-0.000723,0.034797,-0.000031,-0.005645,-0.037326,-0.000000,-0.001015,1.570016,-0.300000,1.000000,1.100000,0.000000,0.000000,-1.571000,-0.299982,1.000723,1.065203,1.492010
0.988000,-0.000018,-0.000725,0.034797,-0.000031,-0.005645,-0.037326,-0.000000,-0.001015,1.570016,-0.300000,1.000000,1.100000,0.000000,0.000000,-1.571000,-0.299982,1.000725,1.065203,1.492011
0.990000,-0.000018,-0.000726,0.034797,-0.000031,-0.005645,-0.037326,-0.000000,-0.001015,1.570016,-0.300000,1.000000,1.100000,0.000000,0.000000,-1.571000,-0.299982,1.000726,1.065203,1.492012
0.992000,-0.000018,-0.000728,0.034797,-0.000031,-0.005645,-0.037326,-0.000000,-0.001015,1.570016,-0.300000,1.000000,1.100000,0.000000,0.000000,-1.571000,-0.299982,1.000728,1.065203,1.492013
0.994000,-0.000019,-0.000730,0.034797,-0.000031,-0.005645,-0.037326,-0.000000,-0.001015,1.570016,-0.300000,1.000000,1.100000,0.000000,0.000000,-1.571000,-0.299981,1.000730,1.065203,1.492014
0.996000,-0.000019,-0.000731,0.034797,-0.000031,-0.005645,-0.037326,-0.000000,-0.001015,1.570016,-0.300000,1.000000,1.100000,0.000000,0.000000,-1.571000,-0.299981,1.000731,1.065203,1.492015
0.998000,-0.000019,-0.000733,0.034797,-0.000031,-0.005645,-0.037326,-0.000000,-0.001015,1.570016,-0.300000,1.000000,1.100000,0.000000,0.000000,-1.571000,-0.299981,1.000733,1.065203,1.492016
1.000000,-0.000019,-0.000735,0.034797,-0.000031,-0.005645,-0.037326,-0.000000,-0.001015,1.570016,-0.300000,1.000000,1.100000,0.000000,0.000000,-1.571000,-0.299981,1.000735,1.065203,1.492017
1.002000,-0.000019,-0.000736,0.034797,-0.000031,-0.005645,-0.037326,-0.000000,-0.001015,1.570016,-0.300000,1.000000,1.100000,0.000000,0.000000,-1.571000,-0.299981,1.000736,1.065203,1.492019
1.004000,-0.000019,-0.000738,0.034797,-0.000031,-0.005645,-0.037326,-0.000000,-0.001015,1.570017,-0.300000,1.000000,1.100000,0.000000,0.000000,-1.571000,-0.299981,1.000738,1.065203,1.492020
1.006000,-0.000019,-0.000740,0.034797,-0.000031,-0.005645,-0.037326,-0.000000,-0.001015,1.570017,-0.300000,1.000000,1.100000,0.000000,0.000000,-1.571000,-0.299981,1.000740,1.065203,1.492021
1.008000,-0.000019,-0.000741,0.034797,-0.000031,-0.005645,-0.037326,-0.000000,-0.001015,1.570017,-0.300000,1.000000,1.100000,0.000000,0.000000,-1.571000,-0.299981,1.000741,1.065203,1.492022
1.010000,-0.000019,-0.000743,0.034797,-0.000031,-0.005645,-0.037326,-0.000000,-0.001015,1.570017,-0.300000,1.000000,1.100000,0.000000,0.000000,-1.571000,-0.299981,1.000743,1.065203,1.492023
1.012000,-0.000019,-0.000745,0.034797,-0.000031,-0.005645,-0.037326,-0.000000,-0.001015,1.570017,-0.300000,1.000000,1.100000,0.000000,0.000000,-1.571000,-0.299981,1.000745,1.065203,1.492024
1.014000,-0.000019,-0.000746,0.034797,-0.000031,-0.005645,-0.037326,-0.000000,-0.001015,1.570017,-0.300000,1.000000,1.100000,0.000000,0.000000,-1.571000,-0.299981,1.000746,1.065203,1.492025
1.016000,-0.000019,-0.000748,0.034797,-0.000031,-0.005645,-0.037326,-0.000000,-0.001015,1.570017,-0.300000,1.000000,1.100000,0.000000,0.000000,-1.571000,-0.299981,1.000748,1.065203,1.492026
1.018000,-0.000019,-0.000750,0.034797,-0.000031,-0.005645,-0.037326,-0.000000,-0.001015,1.570017,-0.300000,1.000000,1.100000,0.000000,0.000000,-1.571000,-0.299981,1.000750,1.065203,1.492027
1.020000,-0.000019,-0.000752,0.034797,-0.000031,-0.005645,-0.037326,-0.000000,-0.001015,1.570017,-0.300000,1.000000,1.100000,0.000000,0.000000,-1.571000,-0.299981,1.000752,1.065203,1.492029
1.022000,-0.000019,-0.000753,0.034797,-0.000031,-0.005645,-0.037326,-0.000000,-0.001015,1.570017,-0.300000,1.000000,1.100000,0.000000,0.000000,-1.571000,-0.299981,1.000753,1.065203,1.492030
1.024000,-0.000019,-0.000755,0.034797,-0.000031,-0.005645,-0.037326,-0.000000,-0.001015,1.570017,-0.300000,1.000000,1.100000,0.000000,0.000000,-1.571000,-0.299981,1.000755,1.065203,1.492031
1.026000,-0.000019,-0.000757,0.034797,-0.000031,-0.005645,-0.037326,-0.000000,-0.001015,1.570017,-0.300000,1.000000,1.100000,0.000000,0.000000,-1.571000,-0.299981,1.000757,1.065203,1.492032
1.028000,-0.000019,-0.000758,0.034797,-0.000031,-0.005645,-0.037326,-0.000000,-0.001015,1.570017,-0.300000,1.000000,1.100000,0.000000,0.000000,-1.571000,-0.299981,1.000758,1.065203,1.492033
1.030000,-0.000019,-0.000760,0.034797,-0.000031,-0.005645,-0.037326,-0.000000,-0.001015,1.570017,-0.300000,1.000000,1.100000,0.000000,0.000000,-1.571000,-0.299981,1.000760,1.065203,1.492034
1.032000,-0.000019,-0.000762,0.034797,-0.000031,-0.005645,-0.037326,-0.000000,-0.001015,1.570017,-0.300000,1.000000,1.100000,0.000000,0.000000,-1.571000,-0.299981,1.000762,1.065203,1.492035
1.034000,-0.000019,-0.000763,0.034797,-0.000031,-0.005645,-0.037326,-0.000000,-0.001015,1.570017,-0.300000,1.000000,1.100000,0.000000,0.000000,-1.571000,-0.299981,1.000763,1.065203,1.492036
1.036000,-0.000019,-0.000765,0.034797,-0.000031,-0.005645,-0.037326,-0.000000,-0.001015,1.570017,-0.300000,1.000000,1.100000,0.000000,0.000000,-1.571000,-0.299981,1.000765,1.065203,1.492038
1.038000,-0.000019,-0.000767,0.034797,-0.000031,-0.005645,-0.037326,-0.000000,-0.001015,1.570017,-0.300000,1.000000,1.100000,0.000000,0.000000,-1.571000,-0.299981,1.000767,1.065203,1.492039
1.040000,-0.000020,-0.000768,0.034797,-0.000031,-0.005645,-0.037326,-0.000000,-0.001015,1.570017,-0.300000,1.000000,1.100000,0.000000,0.000000,-1.571000,-0.299980,1.000768,1.065203,1.492040
1.042000,-0.000020,-0.000770,0.034797,-0.000031,-0.005645,-0.037326,-0.000000,-0.001015,1.570017,-0.300000,1.000000,1.100000,0.000000,0.000000,-1.571000,-0.299980,1.000770,1.065203,1.492041
1.044000,-0.000020,-0.000772,0.034797,-0.000031,-0.005645,-0.037326,-0.000000,-0.001015,1.570017,-0.300000,1.000000,1.100000,0.000000,0.000000,-1.571000,-0.299980,1.000772,1.065203,1.492042
1.046000,-0.000020,-0.000773,0.034797,-0.000031,-0.005645,-0.037326,-0.000000,-0.001015,1.570017,-0.300000,1.000000,1.100000,0.000000,0.000000,-1.571000,-0.299980,1.000773,1.065203,1.492043
1.048000,-0.000020,-0.000775,0.034797,-0.000031,-0.005645,-0.037326,-0.000000,-0.001015,1.570017,-0.300000,1.000000,1.100000,0.000000,0.000000,-1.571000,-0.299980,1.000775,1.065203,1.492044
1.050000,-0.000020,-0.000777,0.034797,-0.000031,-0.005645,-0.037326,-0.000000,-0.001015,1.570017,-0.300000,1.000000,1.100000,0.000000,0.000000,-1.571000,-0.299980,1.000777,1.065203,1.492045
1.052000,-0.000020,-0.000778,0.034797,-0.000031,-0.005645,-0.037326,-0.000000,-0.001015,1.570017,-0.300000,1.000000,1.100000,0.000000,0.000000,-1.571000,-0.299980,1.000778,1.065203,1.492046
1.054000,-0.000020,-0.000780,0.034797,-0.000031,-0.005645,-0.037326,-0.000000,-0.001015,1.570018,-0.300000,1.000000,1.100000,0.000000,0.000000,-1.571000,-0.299980,1.000780,1.065203,1.492048
1.056000,-0.000020,-0.000782,0.034797,-0.000031,-0.005645,-0.037326,-0.000000,-0.001015,1.570018,-0.300000,1.000000,1.100000,0.000000,0.000000,-1.571000,-0.299980,1.000782,1.065203,1.492049
1.058000,-0.000020,-0.000783,0.034797,-0.000031,-0.005645,-0.037326,-0.000000,-0.001015,1.570018,-0.300000,1.000000,1.100000,0.000000,0.000000,-1.571000,-0.299980,1.000783,1.065203,1.492050
1.060000,-0.000020,-0.000785,0.034797,-0.000031,-0.005645,-0.037326,-0.000000,-0.001015,1.570018,-0.300000,1.000000,1.100000,0.000000,0.000000,-1.571000,-0.299980,1.000785,1.065203,1.492051
1.062000,-0.000020,-0.000787,0.034797,-0.000031,-0.005645,-0.037326,-0.000000,-0.001015,1.570018,-0.300000,1.000000,1.100000,0.000000,0.000000,-1.571000,-0.299980,1.000787,1.065203,1.492052
1.064000,-0.000020,-0.000788,0.034797,-0.000031,-0.005645,-0.037326,-0.000000,-0.001015,1.570018,-0.300000,1.000000,1.100000,0.000000,0.000000,-1.571000,-0.299980,1.000788,1.065203,1.492053
1.066000,-0.000020,-0.000790,0.034797,-0.000031,-0.005645,-0.037326,-0.000000,-0.001015,1.570018,-0.300000,1.000000,1.100000,0.000000,0.000000,-1.571000,-0.299980,1.000790,1.065203,1.492054
1.068000,-0.000020,-0.000792,0.034797,-0.000031,-0.005645,-0.037326,-0.000000,-0.001015,1.570018,-0.300000,1.000000,1.100000,0.000000,0.000000,-1.571000,-0.299980,1.000792,1.065203,1.492055
1.070000,-0.000020,-0.000793,0.034797,-0.000031,-0.005645,-0.037326,-0.000000,-0.001015,1.570018,-0.300000,1.000000,1.100000,0.000000,0.000000,-1.571000,-0.299980,1.000793,1.065203,1.492056
1.072000,-0.000020,-0.000795,0.034797,-0.000031,-0.005645,-0.037326,-0.000000,-0.001015,1.570018,-0.300000,1.000000,1.100000,0.000000,0.000000,-1.571000,-0.299980,1.000795,1.065203,1.492058
1.074000,-0.000020,-0.000797,0.034797,-0.000031,-0.005645,-0.037326,-0.000000,-0.001015,1.570018,-0.300000,1.000000,1.100000,0.000000,0.000000,-1.571000,-0.299980,1.000797,1.065203,1.492059
1.076000,-0.000020,-0.000798,0.034797,-0.000031,-0.005645,-0.037326,-0.000000,-0.001015,1.570018,-0.300000,1.000000,1.100000,0.000000,0.000000,-1.571000,-0.299980,1.000798,1.065203,1.492060
1.078000,-0.000020,-0.000800,0.034797,-0.000031,-0.005645,-0.037326,-0.000000,-0.001015,1.570018,-0.300000,1.000000,1.100000,0.000000,0.000000,-1.571000,-0.299980,1.000800,1.065203,1.492061
1.080000,-0.000020,-0.000802,0.034797,-0.000031,-0.005645,-0.037326,-0.000000,-0.001015,1.570018,-0.300000,1.000000,1.100000,0.000000,0.000000,-1.571000,-0.299980,1.000802,1.065203,1.492062
1.082000,-0.000020,-0.000803,0.034797,-0.000031,-0.005645,-0.037326,-0.000000,-0.001015,1.570018,-0.300000,1.000000,1.100000,0.000000,0.000000,-1.571000,-0.299980,1.000803,1.065203,1.492063
1.084000,-0.000021,-0.000805,0.034797,-0.000031,-0.005645,-0.037326,-0.000000,-0.001015,1.570018,-0.300000,1.000000,1.100000,0.000000,0.000000,-1.571000,-0.299979,1.000805,1.065203,1.492064
1.086000,-0.000021,-0.000807,0.034797,-0.000031,-0.005645,-0.037326,-0.000000,-0.001015,1.570018,-0.300000,1.000000,1.100000,0.000000,0.000000,-1.571000,-0.299979,1.000807,1.065203,1.492065
1.088000,-0.000021,-0.000808,0.034797,-0.000031,-0.005645,-0.037326,-0.000000,-0.001015,1.570018,-0.300000,1.000000,1.100000,0.000000,0.000000,-1.571000,-0.299979,1.000808,1.065203,1.492066
1.090000,-0.000021,-0.000810,0.034797,-0.000031,-0.005645,-0.037326,-0.000000,-0.001015,1.570018,-0.300000,1.000000,1.100000,0.000000,0.000000,-1.571000,-0.299979,1.000810,1.065203,1.492068
1.092000,-0.000021,-0.000812,0.034797,-0.000031,-0.005645,-0.037326,-0.000000,-0.001015,1.570018,-0.300000,1.000000,1.100000,0.000000,0.000000,-1.571000,-0.299979,1.000812,1.065203,1.492069
1.094000,-0.000021,-0.000813,0.034797,-0.000031,-0.005645,-0.037326,-0.000000,-0.001015,1.570018,-0.300000,1.000000,1.100000,0.000000,0.000000,-1.571000,-0.299979,1.000813,1.065203,1.492070
1.096000,-0.000021,-0.000815,0.034797,-0.000031,-0.005645,-0.037326,-0.000000,-0.001015,1.570018,-0.300000,1.000000,1.100000,0.000000,0.000000,-1.571000,-0.299979,1.000815,1.065203,1.492071
1.098000,-0.000021,-0.000817,0.034797,-0.000031,-0.005645,-0.037326,-0.000000,-0.001015,1.570018,-0.300000,1.000000,1.100000,0.000000,0.000000,-1.571000,-0.299979,1.000817,1.065203,1.492072
1.100000,-0.000021,-0.000819,0.034797,-0.000031,-0.005645,-0.037326,-0.000000,-0.001015,1.570018,-0.300000,1.000000,1.100000,0.000000,0.000000,-1.571000,-0.299979,1.000819,1.065203,1.492073
1.102000,-0.000021,-0.000820,0.034797,-0.000031,-0.005645,-0.037326,-0.000000,-0.001015,1.570018,-0.300000,1.000000,1.100000,0.000000,0.000000,-1.571000,-0.299979,1.000820,1.065203,1.492074
1.104000,-0.000021,-0.000822,0.034797,-0.000031,-0.005645,-0.037326,-0.000000,-0.001015,1.570019,-0.300000,1.000000,1.100000,0.000000,0.000000,-1.571000,-0.299979,1.000822,1.065203,1.492075
1.106000,-0.000021,-0.000824,0.034797,-0.000031,-0.005645,-0.037326,-0.000000,-0.001015,1.570019,-0.300000,1.000000,1.100000,0.000000,0.000000,-1.571000,-0.299979,1.000824,1.065203,1.492077
1.108000,-0.000021,-0.000825,0.034797,-0.000031,-0.005645,-0.037326,-0.000000,-0.001015,1.570019,-0.300000,1.000000,1.100000,0.000000,0.000000,-1.571000,-0.299979,1.000825,1.065203,1.492078
1.110000,-0.000021,-0.000827,0.034797,-0.000031,-0.005645,-0.037326,-0.000000,-0.001015,1.570019,-0.300000,1.000000,1.100000,0.000000,0.000000,-1.571000,-0.299979,1.000827,1.065203,1.492079
1.112000,-0.000021,-0.000829,0.034797,-0.000031,-0.005645,-0.037326,-0.000000,-0.001015,1.570019,-0.300000,1.000000,1.100000,0.000000,0.000000,-1.571000,-0.299979,1.000829,1.065203,1.492080
1.114000,-0.000021,-0.000830,0.034797,-0.000031,-0.005645,-0.037326,-0.000000,-0.001015,1.570019,-0.300000,1.000000,1.100000,0.000000,0.000000,-1.571000,-0.299979,1.000830,1.065203,1.492081
1.116000,-0.000021,-0.000832,0.034797,-0.000031,-0.005645,-0.037326,-0.000000,-0.001015,1.570019,-0.300000,1.000000,1.100000,0.000000,0.000000,-1.571000,-0.299979,1.000832,1.065203,1.492082
1.118000,-0.000021,-0.000834,0.034797,-0.000031,-0.005645,-0.037326,-0.000000,-0.001015,1.570019,-0.300000,1.000000,1.100000,0.000000,0.000000,-1.571000,-0.299979,1.000834,1.065203,1.492083
1.120000,-0.000021,-0.000835,0.034797,-0.000031,-0.005645,-0.037326,-0.000000,-0.001015,1.570019,-0.300000,1.000000,1.100000,0.000000,0.000000,-1.571000,-0.299979,1.000835,1.065203,1.492084
1.122000,-0.000021,-0.000837,0.034797,-0.000031,-0.005645,-0.037326,-0.000000,-0.001015,1.570019,-0.300000,1.000000,1.100000,0.000000,0.000000,-1.571000,-0.299979,1.000837,1.065203,1.492085
1.124000,-0.000021,-0.000839,0.034797,-0.000031,-0.005645,-0.037326,-0.000000,-0.001015,1.570019,-0.300000,1.000000,1.100000,0.000000,0.000000,-1.571000,-0.299979,1.000839,1.065203,1.492087
1.126000,-0.000021,-0.000840,0.034797,-0.000031,-0.005645,-0.037326,-0.000000,-0.001015,1.570019,-0.300000,1.000000,1.100000,0.000000,0.000000,-1.571000,-0.299979,1.000840,1.065203,1.492088
1.128000,-0.000022,-0.000842,0.034797,-0.000031,-0.005645,-0.037326,-0.000000,-0.001015,1.570019,-0.300000,1.000000,1.100000,0.000000,0.000000,-1.571000,-0.299978,1.000842,1.065203,1.492089
1.130000,-0.000022,-0.000844,0.034797,-0.000031,-0.005645,-0.037326,-0.000000,-0.001015,1.570019,-0.300000,1.000000,1.100000,0.000000,0.000000,-1.571000,-0.299978,1.000844,1.065203,1.492090
1.132000,-0.000022,-0.000845,0.034797,-0.000031,-0.005645,-0.037326,-0.000000,-0.001015,1.570019,-0.300000,1.000000,1.100000,0.000000,0.000000,-1.571000,-0.299978,1.000845,1.065203,1.492091
1.134000,-0.000022,-0.000847,0.034797,-0.000031,-0.005645,-0.037326,-0.000000,-0.001015,1.570019,-0.300000,1.000000,1.100000,0.000000,0.000000,-1.571000,-0.299978,1.000847,1.065203,1.492092
1.136000,-0.000022,-0.000849,0.034797,-0.000031,-0.005645,-0.037326,-0.000000,-0.001015,1.570019,-0.300000,1.000000,1.100000,0.000000,0.000000,-1.571000,-0.299978,1.000849,1.065203,1.492093
1.138000,-0.000022,-0.000850,0.034797,-0.000031,-0.005645,-0.037326,-0.000000,-0.001015,1.570019,-0.300000,1.000000,1.100000,0.000000,0.000000,-1.571000,-0.299978,1.000850,1.065203,1.492094
1.140000,-0.000022,-0.000852,0.034797,-0.000031,-0.005645,-0.037326,-0.000000,-0.001015,1.570019,-0.300000,1.000000,1.100000,0.000000,0.000000,-1.571000,-0.299978,1.000852,1.065203,1.492095
1.142000,-0.000022,-0.000854,0.034797,-0.000031,-0.005645,-0.037326,-0.000000,-0.001015,1.570019,-0.300000,1.000000,1.100000,0.000000,0.000000,-1.571000,-0.299978,1.000854,1.065203,1.492097
1.144000,-0.000022,-0.000855,0.034797,-0.000031,-0.005645,-0.037326,-0.000000,-0.001015,1.570019,-0.300000,1.000000,1.100000,0.000000,0.000000,-1.571000,-0.299978,1.000855,1.065203,1.492098
1.146000,-0.000022,-0.000857,0.034797,-0.000031,-0.005645,-0.037326,-0.000000,-0.001015,1.570019,-0.300000,1.000000,1.100000,0.000000,0.000000,-1.571000,-0.299978,1.000857,1.065203,1.492099
1.148000,-0.000022,-0.000859,0.034797,-0.000031,-0.005645,-0.037326,-0.000000,-0.001015,1.570019,-0.300000,1.000000,1.100000,0.000000,0.000000,-1.571000,-0.299978,1.000859,1.065203,1.492100
1.150000,-0.000022,-0.000860,0.034797,-0.000031,-0.005645,-0.037326,-0.000000,-0.001015,1.570019,-0.300000,1.000000,1.100000,0.000000,0.000000,-1.571000,-0.299978,1.000860,1.065203,1.492101
1.152000,-0.000022,-0.000862,0.034797,-0.000031,-0.005645,-0.037326,-0.000000,-0.001015,1.570019,-0.300000,1.000000,1.100000,0.000000,0.000000,-1.571000,-0.299978,1.000862,1.065203,1.492102
1.154000,-0.000022,-0.000864,0.034797,-0.000031,-0.005645,-0.037326,-0.000000,-0.001015,1.570020,-0.300000,1.000000,1.100000,0.000000,0.000000,-1.571000,-0.299978,1.000864,1.065203,1.492103
1.156000,-0.000022,-0.000865,0.034797,-0.000031,-0.005645,-0.037326,-0.000000,-0.001015,1.570020,-0.300000,1.000000,1.100000,0.000000,0.000000,-1.571000,-0.299978,1.000865,1.065203,1.492104
1.158000,-0.000022,-0.000867,0.034797,-0.000031,-0.005645,-0.037326,-0.000000,-0.001015,1.570020,-0.300000,1.000000,1.100000,0.000000,0.000000,-1.571000,-0.299978,1.000867,1.065203,1.492105
1.160000,-0.000022,-0.000869,0.034797,-0.000031,-0.005645,-0.037326,-0.000000,-0.001015,1.570020,-0.300000,1.000000,1.100000,0.000000,0.000000,-1.571000,-0.299978,1.000869,1.065203,1.492107
1.162000,-0.000022,-0.000870,0.034797,-0.000031,-0.005645,-0.037326,-0.000000,-0.001015,1.570020,-0.300000,1.000000,1.100000,0.000000,0.000000,-1.571000,-0.299978,1.000870,1.065203,1.492108
1.164000,-0.000022,-0.000872,0.034797,-0.000031,-0.005645,-0.037326,-0.000000,-0.001015,1.570020,-0.300000,1.000000,1.100000,0.000000,0.000000,-1.571000,-0.299978,1.000872,1.065203,1.492109
1.166000,-0.000022,-0.000874,0.034797,-0.000031,-0.005645,-0.037326,-0.000000,-0.001015,1.570020,-0.300000,1.000000,1.100000,0.000000,0.000000,-1.571000,-0.299978,1.000874,1.065203,1.492110
1.168000,-0.000022,-0.000875,0.034797,-0.000031,-0.005645,-0.037326,-0.000000,-0.001015,1.570020,-0.300000,1.000000,1.100000,0.000000,0.000000,-1.571000,-0.299978,1.000875,1.065203,1.492111
1.170000,-0.000022,-0.000877,0.034797,-0.000031,-0.005645,-0.037326,-0.000000,-0.001015,1.570020,-0.300000,1.000000,1.100000,0.000000,0.000000,-1.571000,-0.299978,1.000877,1.065203,1.492112
1.172000,-0.000022,-0.000879,0.034797,-0.000031,-0.005645,-0.037326,-0.000000,-0.001015,1.570020,-0.300000,1.000000,1.100000,0.000000,0.000000,-1.571000,-0.299978,1.000879,1.065203,1.492113
1.174000,-0.000023,-0.000880,0.034797,-0.000031,-0.005645,-0.037326,-0.000000,-0.001015,1.570020,-0.300000,1.000000,1.100000,0.000000,0.000000,-1.571000,-0.299977,1.000880,1.065203,1.492114
1.176000,-0.000023,-0.000882,0.034797,-0.000031,-0.005645,-0.037326,-0.000000,-0.001015,1.570020,-0.300000,1.000000,1.100000,0.000000,0.000000,-1.571000,-0.299977,1.000882,1.065203,1.492116
1.178000,-0.000023,-0.000884,0.034797,-0.000031,-0.005645,-0.037326,-0.000000,-0.001015,1.570020,-0.300000,1.000000,1.100000,0.000000,0.000000,-1.571000,-0.299977,1.000884,1.065203,1.492117
1.180000,-0.000023,-0.000885,0.034797,-0.000031,-0.005645,-0.037326,-0.000000,-0.001015,1.570020,-0.300000,1.000000,1.100000,0.000000,0.000000,-1.571000,-0.299977,1.000885,1.065203,1.492118
1.182000,-0.000023,-0.000887,0.034797,-0.000031,-0.005645,-0.037326,-0.000000,-0.001015,1.570020,-0.300000,1.000000,1.100000,0.000000,0.000000,-1.571000,-0.299977,1.000887,1.065203,1.492119
1.184000,-0.000023,-0.000889,0.034797,-0.000031,-0.005645,-0.037326,-0.000000,-0.001015,1.570020,-0.300000,1.000000,1.100000,0.000000,0.000000,-1.571000,-0.299977,1.000889,1.065203,1.492120
1.186000,-0.000023,-0.000891,0.034797,-0.000031,-0.005645,-0.037326,-0.000000,-0.001015,1.570020,-0.300000,1.000000,1.100000,0.000000,0.000000,-1.571000,-0.299977,1.000891,1.065203,1.492121
1.188000,-0.000023,-0.000892,0.034797,-0.000031,-0.005645,-0.037326,-0.000000,-0.001015,1.570020,-0.300000,1.000000,1.100000,0.000000,0.000000,-1.571000,-0.299977,1.000892,1.065203,1.492122
1.190000,-0.000023,-0.000894,0.034797,-0.000031,-0.005645,-0.037326,-0.000000,-0.001015,1.570020,-0.300000,1.000000,1.100000,0.000000,0.000000,-1.571000,-0.299977,1.000894,1.065203,1.492123
1.192000,-0.000023,-0.000896,0.034797,-0.000031,-0.005645,-0.037326,-0.000000,-0.001015,1.570020,-0.300000,1.000000,1.100000,0.000000,0.000000,-1.571000,-0.299977,1.000896,1.065203,1.492124
1.194000,-0.000023,-0.000897,0.034797,-0.000031,-0.005645,-0.037326,-0.000000,-0.001015,1.570020,-0.300000,1.000000,1.100000,0.000000,0.000000,-1.571000,-0.299977,1.000897,1.065203,1.492126
1.196000,-0.000023,-0.000899,0.034797,-0.000031,-0.005645,-0.037326,-0.000000,-0.001015,1.570020,-0.300000,1.000000,1.100000,0.000000,0.000000,-1.571000,-0.299977,1.000899,1.065203,1.492127
1.198000,-0.000023,-0.000901,0.034797,-0.000031,-0.005645,-0.037326,-0.000000,-0.001015,1.570020,-0.300000,1.000000,1.100000,0.000000,0.000000,-1.571000,-0.299977,1.000901,1.065203,1.492128
1.200000,-0.000023,-0.000902,0.034797,-0.000031,-0.005645,-0.037326,-0.000000,-0.001015,1.570020,-0.300000,1.000000,1.100000,0.000000,0.000000,-1.571000,-0.299977,1.000902,1.065203,1.492129
1.202000,-0.000023,-0.000904,0.034797,-0.000031,-0.005645,-0.037326,-0.000000,-0.001015,1.570020,-0.300000,1.000000,1.100000,0.000000,0.000000,-1.571000,-0.299977,1.000904,1.065203,1.492130
1.204000,-0.000023,-0.000906,0.034797,-0.000031,-0.005645,-0.037326,-0.000000,-0.001015,1.570020,-0.300000,1.000000,1.100000,0.000000,0.000000,-1.571000,-0.299977,1.000906,1.065203,1.492131
1.206000,-0.000023,-0.000907,0.034797,-0.000031,-0.005645,-0.037326,-0.000000,-0.001015,1.570021,-0.300000,1.000000,1.100000,0.000000,0.000000,-1.571000,-0.299977,1.000907,1.065203,1.492132
1.208000,-0.000023,-0.000909,0.034797,-0.000031,-0.005645,-0.037326,-0.000000,-0.001015,1.570021,-0.300000,1.000000,1.100000,0.000000,0.000000,-1.571000,-0.299977,1.000909,1.065203,1.492133
1.210000,-0.000023,-0.000911,0.034797,-0.000031,-0.005645,-0.037326,-0.000000,-0.001015,1.570021,-0.300000,1.000000,1.100000,0.000000,0.000000,-1.571000,-0.299977,1.000911,1.065203,1.492134
1.212000,-0.000023,-0.000912,0.034797,-0.000031,-0.005645,-0.037326,-0.000000,-0.001015,1.570021,-0.300000,1.000000,1.100000,0.000000,0.000000,-1.571000,-0.299977,1.000912,1.065203,1.492136
1.214000,-0.000023,-0.000914,0.034797,-0.000031,-0.005645,-0.037326,-0.000000,-0.001015,1.570021,-0.300000,1.000000,1.100000,0.000000,0.000000,-1.571000,-0.299977,1.000914,1.065203,1.492137
1.216000,-0.000023,-0.000916,0.034797,-0.000031,-0.005645,-0.037326,-0.000000,-0.001015,1.570021,-0.300000,1.000000,1.100000,0.000000,0.000000,-1.571000,-0.299977,1.000916,1.065203,1.492138
1.218000,-0.000024,-0.000917,0.034797,-0.000031,-0.005645,-0.037326,-0.000000,-0.001015,1.570021,-0.300000,1.000000,1.100000,0.000000,0.000000,-1.571000,-0.299976,1.000917,1.065203,1.492139
1.220000,-0.000024,-0.000919,0.034797,-0.000031,-0.005645,-0.037326,-0.000000,-0.001015,1.570021,-0.300000,1.000000,1.100000,0.000000,0.000000,-1.571000,-0.299976,1.000919,1.065203,1.492140
1.222000,-0.000024,-0.000921,0.034797,-0.000031,-0.005645,-0.037326,-0.000000,-0.001015,1.570021,-0.300000,1.000000,1.100000,0.000000,0.000000,-1.571000,-0.299976,1.000921,1.065203,1.492141
1.224000,-0.000024,-0.000922,0.034797,-0.000031,-0.005645,-0.037326,-0.000000,-0.001015,1.570021,-0.300000,1.000000,1.100000,0.000000,0.000000,-1.571000,-0.299976,1.000922,1.065203,1.492142
1.226000,-0.000024,-0.000924,0.034797,-0.000031,-0.005645,-0.037326,-0.000000,-0.001015,1.570021,-0.300000,1.000000,1.100000,0.000000,0.000000,-1.571000,-0.299976,1.000924,1.065203,1.492143
1.228000,-0.000024,-0.000926,0.034797,-0.000031,-0.005645,-0.037326,-0.000000,-0.001015,1.570021,-0.300000,1.000000,1.100000,0.000000,0.000000,-1.571000,-0.299976,1.000926,1.065203,1.492144
1.230000,-0.000024,-0.000927,0.034797,-0.000031,-0.005645,-0.037326,-0.000000,-0.001015,1.570021,-0.300000,1.000000,1.100000,0.000000,0.000000,-1.571000,-0.299976,1.000927,1.065203,1.492146
1.232000,-0.000024,-0.000929,0.034797,-0.000031,-0.005645,-0.037326,-0.000000,-0.001015,1.570021,-0.300000,1.000000,1.100000,0.000000,0.000000,-1.571000,-0.299976,1.000929,1.065203,1.492147
1.234000,-0.000024,-0.000931,0.034797,-0.000031,-0.005645,-0.037326,-0.000000,-0.001015,1.570021,-0.300000,1.000000,1.100000,0.000000,0.000000,-1.571000,-0.299976,1.000931,1.065203,1.492148
1.236000,-0.000024,-0.000932,0.034797,-0.000031,-0.005645,-0.037326,-0.000000,-0.001015,1.570021,-0.300000,1.000000,1.100000,0.000000,0.000000,-1.571000,-0.299976,1.000932,1.065203,1.492149
1.238000,-0.000024,-0.000934,0.034797,-0.000031,-0.005645,-0.037326,-0.000000,-0.001015,1.570021,-0.300000,1.000000,1.100000,0.000000,0.000000,-1.571000,-0.299976,1.000934,1.065203,1.492150
1.240000,-0.000024,-0.000936,0.034797,-0.000031,-0.005645,-0.037326,-0.000000,-0.001015,1.570021,-0.300000,1.000000,1.100000,0.000000,0.000000,-1.571000,-0.299976,1.000936,1.065203,1.492151
1.242000,-0.000024,-0.000937,0.034797,-0.000031,-0.005645,-0.037326,-0.000000,-0.001015,1.570021,-0.300000,1.000000,1.100000,0.000000,0.000000,-1.571000,-0.299976,1.000937,1.065203,1.492152
1.244000,-0.000024,-0.000939,0.034797,-0.000031,-0.005645,-0.037326,-0.000000,-0.001015,1.570021,-0.300000,1.000000,1.100000,0.000000,0.000000,-1.571000,-0.299976,1.000939,1.065203,1.492153
1.246000,-0.000024,-0.000941,0.034797,-0.000031,-0.005645,-0.037326,-0.000000,-0.001015,1.570021,-0.300000,1.000000,1.100000,0.000000,0.000000,-1.571000,-0.299976,1.000941,1.065203,1.492155
1.248000,-0.000024,-0.000942,0.034797,-0.000031,-0.005645,-0.037326,-0.000000,-0.001015,1.570021,-0.300000,1.000000,1.100000,0.000000,0.000000,-1.571000,-0.299976,1.000942,1.065203,1.492156
1.250000,-0.000024,-0.000944,0.034797,-0.000031,-0.005645,-0.037326,-0.000000,-0.001015,1.570021,-0.300000,1.000000,1.100000,0.000000,0.000000,-1.571000,-0.299976,1.000944,1.065203,1.492157
1.252000,-0.000024,-0.000946,0.034797,-0.000031,-0.005645,-0.037326,-0.000000,-0.001015,1.570021,-0.300000,1.000000,1.100000,0.000000,0.000000,-1.571000,-0.299976,1.000946,1.065203,1.492158
1.254000,-0.000024,-0.000947,0.034797,-0.000031,-0.005645,-0.037326,-0.000000,-0.001015,1.570021,-0.300000,1.000000,1.100000,0.000000,0.000000,-1.571000,-0.299976,1.000947,1.065203,1.492159
1.256000,-0.000024,-0.000949,0.034797,-0.000031,-0.005645,-0.037326,-0.000000,-0.001015,1.570022,-0.300000,1.000000,1.100000,0.000000,0.000000,-1.571000,-0.299976,1.000949,1.065203,1.492160
1.258000,-0.000024,-0.000951,0.034797,-0.000031,-0.005645,-0.037326,-0.000000,-0.001015,1.570022,-0.300000,1.000000,1.100000,0.000000,0.000000,-1.571000,-0.299976,1.000951,1.065203,1.492161
1.260000,-0.000024,-0.000952,0.034797,-0.000031,-0.005645,-0.037326,-0.000000,-0.001015,1.570022,-0.300000,1.000000,1.100000,0.000000,0.000000,-1.571000,-0.299976,1.000952,1.065203,1.492162
1.262000,-0.000024,-0.000954,0.034797,-0.000031,-0.005645,-0.037326,-0.000000,-0.001015,1.570022,-0.300000,1.000000,1.100000,0.000000,0.000000,-1.571000,-0.299976,1.000954,1.065203,1.492163
1.264000,-0.000025,-0.000956,0.034797,-0.000031,-0.005645,-0.037326,-0.000000,-0.001015,1.570022,-0.300000,1.000000,1.100000,0.000000,0.000000,-1.571000,-0.299975,1.000956,1.065203,1.492165
1.266000,-0.000025,-0.000958,0.034797,-0.000031,-0.005645,-0.037326,-0.000000,-0.001015,1.570022,-0.300000,1.000000,1.100000,0.000000,0.000000,-1.571000,-0.299975,1.000958,1.065203,1.492166
1.268000,-0.000025,-0.000959,0.034797,-0.000031,-0.005645,-0.037326,-0.000000,-0.001015,1.570022,-0.300000,1.000000,1.100000,0.000000,0.000000,-1.571000,-0.299975,1.000959,1.065203,1.492167
1.270000,-0.000025,-0.000961,0.034797,-0.000031,-0.005645,-0.037326,-0.000000,-0.001015,1.570022,-0.300000,1.000000,1.100000,0.000000,0.000000,-1.571000,-0.299975,1.000961,1.065203,1.492168
1.272000,-0.000025,-0.000963,0.034797,-0.000031,-0.005645,-0.037326,-0.000000,-0.001015,1.570022,-0.300000,1.000000,1.100000,0.000000,0.000000,-1.571000,-0.299975,1.000963,1.065203,1.492169
1.274000,-0.000025,-0.000964,0.034797,-0.000031,-0.005645,-0.037326,-0.000000,-0.001015,1.570022,-0.300000,1.000000,1.100000,0.000000,0.000000,-1.571000,-0.299975,1.000964,1.065203,1.492170
1.276000,-0.000025,-0.000966,0.034797,-0.000031,-0.005645,-0.037326,-0.000000,-0.001015,1.570022,-0.300000,1.000000,1.100000,0.000000,0.000000,-1.571000,-0.299975,1.000966,1.065203,1.492171
1.278000,-0.000025,-0.000968,0.034797,-0.000031,-0.005645,-0.037326,-0.000000,-0.001015,1.570022,-0.300000,1.000000,1.100000,0.000000,0.000000,-1.571000,-0.299975,1.000968,1.065203,1.492172
1.280000,-0.000025,-0.000969,0.034797,-0.000031,-0.005645,-0.037326,-0.000000,-0.001015,1.570022,-0.300000,1.000000,1.100000,0.000000,0.000000,-1.571000,-0.299975,1.000969,1.065203,1.492173
1.282000,-0.000025,-0.000971,0.034797,-0.000031,-0.005645,-0.037326,-0.000000,-0.001015,1.570022,-0.300000,1.000000,1.100000,0.000000,0.000000,-1.571000,-0.299975,1.000971,1.065203,1.492175
1.284000,-0.000025,-0.000973,0.034797,-0.000031,-0.005645,-0.037326,-0.000000,-0.001015,1.570022,-0.300000,1.000000,1.100000,0.000000,0.000000,-1.571000,-0.299975,1.000973,1.065203,1.492176
1.286000,-0.000025,-0.000974,0.034797,-0.000031,-0.005645,-0.037326,-0.000000,-0.001015,1.570022,-0.300000,1.000000,1.100000,0.000000,0.000000,-1.571000,-0.299975,1.000974,1.065203,1.492177
1.288000,-0.000025,-0.000976,0.034797,-0.000031,-0.005645,-0.037326,-0.000000,-0.001015,1.570022,-0.300000,1.000000,1.100000,0.000000,0.000000,-1.571000,-0.299975,1.000976,1.065203,1.492178
1.290000,-0.000025,-0.000978,0.034797,-0.000031,-0.005645,-0.037326,-0.000000,-0.001015,1.570022,-0.300000,1.000000,1.100000,0.000000,0.000000,-1.571000,-0.299975,1.000978,1.065203,1.492179
1.292000,-0.000025,-0.000979,0.034797,-0.000031,-0.005645,-0.037326,-0.000000,-0.001015,1.570022,-0.300000,1.000000,1.100000,0.000000,0.000000,-1.571000,-0.299975,1.000979,1.065203,1.492180
1.294000,-0.000025,-0.000981,0.034797,-0.000031,-0.005645,-0.037326,-0.000000,-0.001015,1.570022,-0.300000,1.000000,1.100000,0.000000,0.000000,-1.571000,-0.299975,1.000981,1.065203,1.492181
1.296000,-0.000025,-0.000983,0.034797,-0.000031,-0.005645,-0.037326,-0.000000,-0.001015,1.570022,-0.300000,1.000000,1.100000,0.000000,0.000000,-1.571000,-0.299975,1.000983,1.065203,1.492182
1.298000,-0.000025,-0.000984,0.034797,-0.000031,-0.005645,-0.037326,-0.000000,-0.001015,1.570022,-0.300000,1.000000,1.100000,0.000000,0.000000,-1.571000,-0.299975,1.000984,1.065203,1.492184
1.300000,-0.000025,-0.000986,0.034797,-0.000031,-0.005645,-0.037326,-0.000000,-0.001015,1.570022,-0.300000,1.000000,1.100000,0.000000,0.000000,-1.571000,-0.299975,1.000986,1.065203,1.492185
1.302000,-0.000025,-0.000988,0.034797,-0.000031,-0.005645,-0.037326,-0.000000,-0.001015,1.570022,-0.300000,1.000000,1.100000,0.000000,0.000000,-1.571000,-0.299975,1.000988,1.065203,1.492186
1.304000,-0.000025,-0.000989,0.034797,-0.000031,-0.005645,-0.037326,-0.000000,-0.001015,1.570022,-0.300000,1.000000,1.100000,0.000000,0.000000,-1.571000,-0.299975,1.000989,1.065203,1.492187
1.306000,-0.000025,-0.000991,0.034797,-0.000031,-0.005645,-0.037326,-0.000000,-0.001015,1.570023,-0.300000,1.000000,1.100000,0.000000,0.000000,-1.571000,-0.299975,1.000991,1.065203,1.492188
1.308000,-0.000026,-0.000993,0.034797,-0.000031,-0.005645,-0.037326,-0.000000,-0.001015,1.570023,-0.300000,1.000000,1.100000,0.000000,0.000000,-1.571000,-0.299974,1.000993,1.065203,1.492189
1.310000,-0.000026,-0.000994,0.034797,-0.000031,-0.005645,-0.037326,-0.000000,-0.001015,1.570023,-0.300000,1.000000,1.100000,0.000000,0.000000,-1.571000,-0.299974,1.000994,1.065203,1.492190
1.312000,-0.000026,-0.000996,0.034797,-0.000031,-0.005645,-0.037326,-0.000000,-0.001015,1.570023,-0.300000,1.000000,1.100000,0.000000,0.000000,-1.571000,-0.299974,1.000996,1.065203,1.492191
1.314000,-0.000026,-0.000998,0.034797,-0.000031,-0.005645,-0.037326,-0.000000,-0.001015,1.570023,-0.300000,1.000000,1.100000,0.000000,0.000000,-1.571000,-0.299974,1.000998,1.065203,1.492192
1.316000,-0.000026,-0.000999,0.034797,-0.000031,-0.005645,-0.037326,-0.000000,-0.001015,1.570023,-0.300000,1.000000,1.100000,0.000000,0.000000,-1.571000,-0.299974,1.000999,1.065203,1.492194
1.318000,-0.000026,-0.001001,0.034797,-0.000031,-0.005645,-0.037326,-0.000000,-0.001015,1.570023,-0.300000,1.000000,1.100000,0.000000,0.000000,-1.571000,-0.299974,1.001001,1.065203,1.492195
1.320000,-0.000026,-0.001003,0.034797,-0.000031,-0.005645,-0.037326,-0.000000,-0.001015,1.570023,-0.300000,1.000000,1.100000,0.000000,0.000000,-1.571000,-0.299974,1.001003,1.065203,1.492196
1.322000,-0.000026,-0.001004,0.034797,-0.000031,-0.005645,-0.037326,-0.000000,-0.001015,1.570023,-0.300000,1.000000,1.100000,0.000000,0.000000,-1.571000,-0.299974,1.001004,1.065203,1.492197
1.324000,-0.000026,-0.001006,0.034797,-0.000031,-0.005645,-0.037326,-0.000000,-0.001015,1.570023,-0.300000,1.000000,1.100000,0.000000,0.000000,-1.571000,-0.299974,1.001006,1.065203,1.492198
1.326000,-0.000026,-0.001008,0.034797,-0.000031,-0.005645,-0.037326,-0.000000,-0.001015,1.570023,-0.300000,1.000000,1.100000,0.000000,0.000000,-1.571000,-0.299974,1.001008,1.065203,1.492199
1.328000,-0.000026,-0.001009,0.034797,-0.000031,-0.005645,-0.037326,-0.000000,-0.001015,1.570023,-0.300000,1.000000,1.100000,0.000000,0.000000,-1.571000,-0.299974,1.001009,1.065203,1.492200
1.330000,-0.000026,-0.001011,0.034797,-0.000031,-0.005645,-0.037326,-0.000000,-0.001015,1.570023,-0.300000,1.000000,1.100000,0.000000,0.000000,-1.571000,-0.299974,1.001011,1.065203,1.492201
1.332000,-0.000026,-0.001013,0.034797,-0.000031,-0.005645,-0.037326,-0.000000,-0.001015,1.570023,-0.300000,1.000000,1.100000,0.000000,0.000000,-1.571000,-0.299974,1.001013,1.065203,1.492202
1.334000,-0.000026,-0.001014,0.034797,-0.000031,-0.005645,-0.037326,-0.000000,-0.001015,1.570023,-0.300000,1.000000,1.100000,0.000000,0.000000,-1.571000,-0.299974,1.001014,1.065203,1.492204
1.336000,-0.000026,-0.001016,0.034797,-0.000031,-0.005645,-0.037326,-0.000000,-0.001015,1.570023,-0.300000,1.000000,1.100000,0.000000,0.000000,-1.571000,-0.299974,1.001016,1.065203,1.492205
1.338000,-0.000026,-0.001018,0.034797,-0.000031,-0.005645,-0.037326,-0.000000,-0.001015,1.570023,-0.300000,1.000000,1.100000,0.000000,0.000000,-1.571000,-0.299974,1.001018,1.065203,1.492206
1.340000,-0.000026,-0.001019,0.034797,-0.000031,-0.005645,-0.037326,-0.000000,-0.001015,1.570023,-0.300000,1.000000,1.100000,0.000000,0.000000,-1.571000,-0.299974,1.001019,1.065203,1.492207
1.342000,-0.000026,-0.001021,0.034797,-0.000031,-0.005645,-0.037326,-0.000000,-0.001015,1.570023,-0.300000,1.000000,1.100000,0.000000,0.000000,-1.571000,-0.299974,1.001021,1.065203,1.492208
1.344000,-0.000026,-0.001023,0.034797,-0.000031,-0.005645,-0.037326,-0.000000,-0.001015,1.570023,-0.300000,1.000000,1.100000,0.000000,0.000000,-1.571000,-0.299974,1.001023,1.065203,1.492209
1.346000,-0.000026,-0.001024,0.034797,-0.000031,-0.005645,-0.037326,-0.000000,-0.001015,1.570023,-0.300000,1.000000,1.100000,0.000000,0.000000,-1.571000,-0.299974,1.001024,1.065203,1.492210
1.348000,-0.000026,-0.001026,0.034797,-0.000031,-0.005645,-0.037326,-0.000000,-0.001015,1.570023,-0.300000,1.000000,1.100000,0.000000,0.000000,-1.571000,-0.299974,1.001026,1.065203,1.492211
1.350000,-0.000026,-0.001028,0.034797,-0.000031,-0.005645,-0.037326,-0.000000,-0.001015,1.570023,-0.300000,1.000000,1.100000,0.000000,0.000000,-1.571000,-0.299974,1.001028,1.065203,1.492212
1.352000,-0.000027,-0.001030,0.034797,-0.000031,-0.005645,-0.037326,-0.000000,-0.001015,1.570023,-0.300000,1.000000,1.100000,0.000000,0.000000,-1.571000,-0.299973,1.001030,1.065203,1.492214
1.354000,-0.000027,-0.001031,0.034797,-0.000031,-0.005645,-0.037326,-0.000000,-0.001015,1.570023,-0.300000,1.000000,1.100000,0.000000,0.000000,-1.571000,-0.299973,1.001031,1.065203,1.492215
1.356000,-0.000027,-0.001033,0.034797,-0.000031,-0.005645,-0.037326,-0.000000,-0.001015,1.570023,-0.300000,1.000000,1.100000,0.000000,0.000000,-1.571000,-0.299973,1.001033,1.065203,1.492216
1.358000,-0.000027,-0.001035,0.034797,-0.000031,-0.005645,-0.037326,-0.000000,-0.001015,1.570024,-0.300000,1.000000,1.100000,0.000000,0.000000,-1.571000,-0.299973,1.001035,1.065203,1.492217
1.360000,-0.000027,-0.001036,0.034797,-0.000031,-0.005645,-0.037326,-0.000000,-0.001015,1.570024,-0.300000,1.000000,1.100000,0.000000,0.000000,-1.571000,-0.299973,1.001036,1.065203,1.492218
1.362000,-0.000027,-0.001038,0.034797,-0.000031,-0.005645,-0.037326,-0.000000,-0.001015,1.570024,-0.300000,1.000000,1.100000,0.000000,0.000000,-1.571000,-0.299973,1.001038,1.065203,1.492219
1.364000,-0.000027,-0.001040,0.034797,-0.000031,-0.005645,-0.037326,-0.000000,-0.001015,1.570024,-0.300000,1.000000,1.100000,0.000000,0.000000,-1.571000,-0.299973,1.001040,1.065203,1.492220
1.366000,-0.000027,-0.001041,0.034797,-0.000031,-0.005645,-0.037326,-0.000000,-0.001015,1.570024,-0.300000,1.000000,1.100000,0.000000,0.000000,-1.571000,-0.299973,1.001041,1.065203,1.492221
1.368000,-0.000027,-0.001043,0.034797,-0.000031,-0.005645,-0.037326,-0.000000,-0.001015,1.570024,-0.300000,1.000000,1.100000,0.000000,0.000000,-1.571000,-0.299973,1.001043,1.065203,1.492223
1.370000,-0.000027,-0.001045,0.034797,-0.000031,-0.005645,-0.037326,-0.000000,-0.001015,1.570024,-0.300000,1.000000,1.100000,0.000000,0.000000,-1.571000,-0.299973,1.001045,1.065203,1.492224
1.372000,-0.000027,-0.001046,0.034797,-0.000031,-0.005645,-0.037326,-0.000000,-0.001015,1.570024,-0.300000,1.000000,1.100000,0.000000,0.000000,-1.571000,-0.299973,1.001046,1.065203,1.492225
1.374000,-0.000027,-0.001048,0.034797,-0.000031,-0.005645,-0.037326,-0.000000,-0.001015,1.570024,-0.300000,1.000000,1.100000,0.000000,0.000000,-1.571000,-0.299973,1.001048,1.065203,1.492226
1.376000,-0.000027,-0.001050,0.034797,-0.000031,-0.005645,-0.037326,-0.000000,-0.001015,1.570024,-0.300000,1.000000,1.100000,0.000000,0.000000,-1.571000,-0.299973,1.001050,1.065203,1.492227
1.378000,-0.000027,-0.001051,0.034797,-0.000031,-0.005645,-0.037326,-0.000000,-0.001015,1.570024,-0.300000,1.000000,1.100000,0.000000,0.000000,-1.571000,-0.299973,1.001051,1.065203,1.492228
1.380000,-0.000027,-0.001053,0.034797,-0.000031,-0.005645,-0.037326,-0.000000,-0.001015,1.570024,-0.300000,1.000000,1.100000,0.000000,0.000000,-1.571000,-0.299973,1.001053,1.065203,1.492229
1.382000,-0.000027,-0.001055,0.034797,-0.000031,-0.005645,-0.037326,-0.000000,-0.001015,1.570024,-0.300000,1.000000,1.100000,0.000000,0.000000,-1.571000,-0.299973,1.001055,1.065203,1.492230
1.384000,-0.000027,-0.001056,0.034797,-0.000031,-0.005645,-0.037326,-0.000000,-0.001015,1.570024,-0.300000,1.000000,1.100000,0.000000,0.000000,-1.571000,-0.299973,1.001056,1.065203,1.492231
1.386000,-0.000027,-0.001058,0.034797,-0.000031,-0.005645,-0.037326,-0.000000,-0.001015,1.570024,-0.300000,1.000000,1.100000,0.000000,0.000000,-1.571000,-0.299973,1.001058,1.065203,1.492233
1.388000,-0.000027,-0.001060,0.034797,-0.000031,-0.005645,-0.037326,-0.000000,-0.001015,1.570024,-0.300000,1.000000,1.100000,0.000000,0.000000,-1.571000,-0.299973,1.001060,1.065203,1.492234
1.390000,-0.000027,-0.001061,0.034797,-0.000031,-0.005645,-0.037326,-0.000000,-0.001015,1.570024,-0.300000,1.000000,1.100000,0.000000,0.000000,-1.571000,-0.299973,1.001061,1.065203,1.492235
1.392000,-0.000027,-0.001063,0.034797,-0.000031,-0.005645,-0.037326,-0.000000,-0.001015,1.570024,-0.300000,1.000000,1.100000,0.000000,0.000000,-1.571000,-0.299973,1.001063,1.065203,1.492236
1.394000,-0.000027,-0.001065,0.034797,-0.000031,-0.005645,-0.037326,-0.000000,-0.001015,1.570024,-0.300000,1.000000,1.100000,0.000000,0.000000,-1.571000,-0.299973,1.001065,1.065203,1.492237
1.396000,-0.000027,-0.001066,0.034797,-0.000031,-0.005645,-0.037326,-0.000000,-0.001015,1.570024,-0.300000,1.000000,1.100000,0.000000,0.000000,-1.571000,-0.299973,1.001066,1.065203,1.492238
1.398000,-0.000028,-0.001068,0.034797,-0.000031,-0.005645,-0.037326,-0.000000,-0.001015,1.570024,-0.300000,1.000000,1.100000,0.000000,0.000000,-1.571000,-0.299972,1.001068,1.065203,1.492239
1.400000,-0.000028,-0.001070,0.034797,-0.000031,-0.005645,-0.037326,-0.000000,-0.001015,1.570024,-0.300000,1.000000,1.100000,0.000000,0.000000,-1.571000,-0.299972,1.001070,1.065203,1.492240
1.402000,-0.000028,-0.001071,0.034797,-0.000031,-0.005645,-0.037326,-0.000000,-0.001015,1.570024,-0.300000,1.000000,1.100000,0.000000,0.000000,-1.571000,-0.299972,1.001071,1.065203,1.492241
1.404000,-0.000028,-0.001073,0.034797,-0.000031,-0.005645,-0.037326,-0.000000,-0.001015,1.570024,-0.300000,1.000000,1.100000,0.000000,0.000000,-1.571000,-0.299972,1.001073,1.065203,1.492243
1.406000,-0.000028,-0.001075,0.034797,-0.000031,-0.005645,-0.037326,-0.000000,-0.001015,1.570024,-0.300000,1.000000,1.100000,0.000000,0.000000,-1.571000,-0.299972,1.001075,1.065203,1.492244
1.408000,-0.000028,-0.001076,0.034797,-0.000031,-0.005645,-0.037326,-0.000000,-0.001015,1.570025,-0.300000,1.000000,1.100000,0.000000,0.000000,-1.571000,-0.299972,1.001076,1.065203,1.492245
1.410000,-0.000028,-0.001078,0.034797,-0.000031,-0.005645,-0.037326,-0.000000,-0.001015,1.570025,-0.300000,1.000000,1.100000,0.000000,0.000000,-1.571000,-0.299972,1.001078,1.065203,1.492246
1.412000,-0.000028,-0.001080,0.034797,-0.000031,-0.005645,-0.037326,-0.000000,-0.001015,1.570025,-0.300000,1.000000,1.100000,0.000000,0.000000,-1.571000,-0.299972,1.001080,1.065203,1.492247
1.414000,-0.000028,-0.001081,0.034797,-0.000031,-0.005645,-0.037326,-0.000000,-0.001015,1.570025,-0.300000,1.000000,1.100000,0.000000,0.000000,-1.571000,-0.299972,1.001081,1.065203,1.492248
1.416000,-0.000028,-0.001083,0.034797,-0.000031,-0.005645,-0.037326,-0.000000,-0.001015,1.570025,-0.300000,1.000000,1.100000,0.000000,0.000000,-1.571000,-0.299972,1.001083,1.065203,1.492249
1.418000,-0.000028,-0.001085,0.034797,-0.000031,-0.005645,-0.037326,-0.000000,-0.001015,1.570025,-0.300000,1.000000,1.100000,0.000000,0.000000,-1.571000,-0.299972,1.001085,1.065203,1.492250
1.420000,-0.000028,-0.001086,0.034797,-0.000031,-0.005645,-0.037326,-0.000000,-0.001015,1.570025,-0.300000,1.000000,1.100000,0.000000,0.000000,-1.571000,-0.299972,1.001086,1.065203,1.492251
1.422000,-0.000028,-0.001088,0.034797,-0.000031,-0.005645,-0.037326,-0.000000,-0.001015,1.570025,-0.300000,1.000000,1.100000,0.000000,0.000000,-1.571000,-0.299972,1.001088,1.065203,1.492253
1.424000,-0.000028,-0.001090,0.034797,-0.000031,-0.005645,-0.037326,-0.000000,-0.001015,1.570025,-0.300000,1.000000,1.100000,0.000000,0.000000,-1.571000,-0.299972,1.001090,1.065203,1.492254
1.426000,-0.000028,-0.001091,0.034797,-0.000031,-0.005645,-0.037326,-0.000000,-0.001015,1.570025,-0.300000,1.000000,1.100000,0.000000,0.000000,-1.571000,-0.299972,1.001091,1.065203,1.492255
1.428000,-0.000028,-0.001093,0.034797,-0.000031,-0.005645,-0.037326,-0.000000,-0.001015,1.570025,-0.300000,1.000000,1.100000,0.000000,0.000000,-1.571000,-0.299972,1.001093,1.065203,1.492256
1.430000,-0.000028,-0.001095,0.034797,-0.000031,-0.005645,-0.037326,-0.000000,-0.001015,1.570025,-0.300000,1.000000,1.100000,0.000000,0.000000,-1.571000,-0.299972,1.001095,1.065203,1.492257
1.432000,-0.000028,-0.001097,0.034797,-0.000031,-0.005645,-0.037326,-0.000000,-0.001015,1.570025,-0.300000,1.000000,1.100000,0.000000,0.000000,-1.571000,-0.299972,1.001097,1.065203,1.492258
1.434000,-0.000028,-0.001098,0.034797,-0.000031,-0.005645,-0.037326,-0.000000,-0.001015,1.570025,-0.300000,1.000000,1.100000,0.000000,0.000000,-1.571000,-0.299972,1.001098,1.065203,1.492259
1.436000,-0.000028,-0.001100,0.034797,-0.000031,-0.005645,-0.037326,-0.000000,-0.001015,1.570025,-0.300000,1.000000,1.100000,0.000000,0.000000,-1.571000,-0.299972,1.001100,1.065203,1.492260
1.438000,-0.000028,-0.001102,0.034797,-0.000031,-0.005645,-0.037326,-0.000000,-0.001015,1.570025,-0.300000,1.000000,1.100000,0.000000,0.000000,-1.571000,-0.299972,1.001102,1.065203,1.492262
1.440000,-0.000028,-0.001103,0.034797,-0.000031,-0.005645,-0.037326,-0.000000,-0.001015,1.570025,-0.300000,1.000000,1.100000,0.000000,0.000000,-1.571000,-0.299972,1.001103,1.065203,1.492263
1.442000,-0.000029,-0.001105,0.034797,-0.000031,-0.005645,-0.037326,-0.000000,-0.001015,1.570025,-0.300000,1.000000,1.100000,0.000000,0.000000,-1.571000,-0.299971,1.001105,1.065203,1.492264
1.444000,-0.000029,-0.001107,0.034797,-0.000031,-0.005645,-0.037326,-0.000000,-0.001015,1.570025,-0.300000,1.000000,1.100000,0.000000,0.000000,-1.571000,-0.299971,1.001107,1.065203,1.492265
1.446000,-0.000029,-0.001108,0.034797,-0.000031,-0.005645,-0.037326,-0.000000,-0.001015,1.570025,-0.300000,1.000000,1.100000,0.000000,0.000000,-1.571000,-0.299971,1.001108,1.065203,1.492266
1.448000,-0.000029,-0.001110,0.034797,-0.000031,-0.005645,-0.037326,-0.000000,-0.001015,1.570025,-0.300000,1.000000,1.100000,0.000000,0.000000,-1.571000,-0.299971,1.001110,1.065203,1.492267
1.450000,-0.000029,-0.001112,0.034797,-0.000031,-0.005645,-0.037326,-0.000000,-0.001015,1.570025,-0.300000,1.000000,1.100000,0.000000,0.000000,-1.571000,-0.299971,1.001112,1.065203,1.492268
1.452000,-0.000029,-0.001113,0.034797,-0.000031,-0.005645,-0.037326,-0.000000,-0.001015,1.570025,-0.300000,1.000000,1.100000,0.000000,0.000000,-1.571000,-0.299971,1.001113,1.065203,1.492269
1.454000,-0.000029,-0.001115,0.034797,-0.000031,-0.005645,-0.037326,-0.000000,-0.001015,1.570025,-0.300000,1.000000,1.100000,0.000000,0.000000,-1.571000,-0.299971,1.001115,1.065203,1.492270
1.456000,-0.000029,-0.001117,0.034797,-0.000031,-0.005645,-0.037326,-0.000000,-0.001015,1.570025,-0.300000,1.000000,1.100000,0.000000,0.000000,-1.571000,-0.299971,1.001117,1.065203,1.492272
1.458000,-0.000029,-0.001118,0.034797,-0.000031,-0.005645,-0.037326,-0.000000,-0.001015,1.570026,-0.300000,1.000000,1.100000,0.000000,0.000000,-1.571000,-0.299971,1.001118,1.065203,1.492273
1.460000,-0.000029,-0.001120,0.034797,-0.000031,-0.005645,-0.037326,-0.000000,-0.001015,1.570026,-0.300000,1.000000,1.100000,0.000000,0.000000,-1.571000,-0.299971,1.001120,1.065203,1.492274
1.462000,-0.000029,-0.001122,0.034797,-0.000031,-0.005645,-0.037326,-0.000000,-0.001015,1.570026,-0.300000,1.000000,1.100000,0.000000,0.000000,-1.571000,-0.299971,1.001122,1.065203,1.492275
1.464000,-0.000029,-0.001123,0.034797,-0.000031,-0.005645,-0.037326,-0.000000,-0.001015,1.570026,-0.300000,1.000000,1.100000,0.000000,0.000000,-1.571000,-0.299971,1.001123,1.065203,1.492276
1.466000,-0.000029,-0.001125,0.034797,-0.000031,-0.005645,-0.037326,-0.000000,-0.001015,1.570026,-0.300000,1.000000,1.100000,0.000000,0.000000,-1.571000,-0.299971,1.001125,1.065203,1.492277
1.468000,-0.000029,-0.001127,0.034797,-0.000031,-0.005645,-0.037326,-0.000000,-0.001015,1.570026,-0.300000,1.000000,1.100000,0.000000,0.000000,-1.571000,-0.299971,1.001127,1.065203,1.492278
1.470000,-0.000029,-0.001128,0.034797,-0.000031,-0.005645,-0.037326,-0.000000,-0.001015,1.570026,-0.300000,1.000000,1.100000,0.000000,0.000000,-1.571000,-0.299971,1.001128,1.065203,1.492279
1.472000,-0.000029,-0.001130,0.034797,-0.000031,-0.005645,-0.037326,-0.000000,-0.001015,1.570026,-0.300000,1.000000,1.100000,0.000000,0.000000,-1.571000,-0.299971,1.001130,1.065203,1.492280
1.474000,-0.000029,-0.001132,0.034797,-0.000031,-0.005645,-0.037326,-0.000000,-0.001015,1.570026,-0.300000,1.000000,1.100000,0.000000,0.000000,-1.571000,-0.299971,1.001132,1.065203,1.492282
1.476000,-0.000029,-0.001133,0.034797,-0.000031,-0.005645,-0.037326,-0.000000,-0.001015,1.570026,-0.300000,1.000000,1.100000,0.000000,0.000000,-1.571000,-0.299971,1.001133,1.065203,1.492283
1.478000,-0.000029,-0.001135,0.034797,-0.000031,-0.005645,-0.037326,-0.000000,-0.001015,1.570026,-0.300000,1.000000,1.100000,0.000000,0.000000,-1.571000,-0.299971,1.001135,1.065203,1.492284
1.480000,-0.000029,-0.001137,0.034797,-0.000031,-0.005645,-0.037326,-0.000000,-0.001015,1.570026,-0.300000,1.000000,1.100000,0.000000,0.000000,-1.571000,-0.299971,1.001137,1.065203,1.492285
1.482000,-0.000029,-0.001138,0.034797,-0.000031,-0.005645,-0.037326,-0.000000,-0.001015,1.570026,-0.300000,1.000000,1.100000,0.000000,0.000000,-1.571000,-0.299971,1.001138,1.065203,1.492286
1.484000,-0.000029,-0.001140,0.034797,-0.000031,-0.005645,-0.037326,-0.000000,-0.001015,1.570026,-0.300000,1.000000,1.100000,0.000000,0.000000,-1.571000,-0.299971,1.001140,1.065203,1.492287
1.486000,-0.000030,-0.001142,0.034797,-0.000031,-0.005645,-0.037326,-0.000000,-0.001015,1.570026,-0.300000,1.000000,1.100000,0.000000,0.000000,-1.571000,-0.299970,1.001142,1.065203,1.492288
1.488000,-0.000030,-0.001143,0.034797,-0.000031,-0.005645,-0.037326,-0.000000,-0.001015,1.570026,-0.300000,1.000000,1.100000,0.000000,0.000000,-1.571000,-0.299970,1.001143,1.065203,1.492289
1.490000,-0.000030,-0.001145,0.034797,-0.000031,-0.005645,-0.037326,-0.000000,-0.001015,1.570026,-0.300000,1.000000,1.100000,0.000000,0.000000,-1.571000,-0.299970,1.001145,1.065203,1.492290
1.492000,-0.000030,-0.001147,0.034797,-0.000031,-0.005645,-0.037326,-0.000000,-0.001015,1.570026,-0.300000,1.000000,1.100000,0.000000,0.000000,-1.571000,-0.299970,1.001147,1.065203,1.492292
1.494000,-0.000030,-0.001148,0.034797,-0.000031,-0.005645,-0.037326,-0.000000,-0.001015,1.570026,-0.300000,1.000000,1.100000,0.000000,0.000000,-1.571000,-0.299970,1.001148,1.065203,1.492293
1.496000,-0.000030,-0.001150,0.034797,-0.000031,-0.005645,-0.037326,-0.000000,-0.001015,1.570026,-0.300000,1.000000,1.100000,0.000000,0.000000,-1.571000,-0.299970,1.001150,1.065203,1.492294
1.498000,-0.000030,-0.001152,0.034797,-0.000031,-0.005645,-0.037326,-0.000000,-0.001015,1.570026,-0.300000,1.000000,1.100000,0.000000,0.000000,-1.571000,-0.299970,1.001152,1.065203,1.492295
1.500000,-0.000030,-0.001153,0.034797,-0.000031,-0.005645,-0.037326,-0.000000,-0.001015,1.570026,-0.300000,1.000000,1.100000,0.000000,0.000000,-1.571000,-0.299970,1.001153,1.065203,1.492296
1.502000,-0.000030,-0.001155,0.034797,-0.000031,-0.005645,-0.037326,-0.000000,-0.001015,1.570026,-0.300000,1.000000,1.100000,0.000000,0.000000,-1.571000,-0.299970,1.001155,1.065203,1.492297
1.504000,-0.000030,-0.001157,0.034797,-0.000031,-0.005645,-0.037326,-0.000000,-0.001015,1.570026,-0.300000,1.000000,1.100000,0.000000,0.000000,-1.571000,-0.299970,1.001157,1.065203,1.492298
1.506000,-0.000030,-0.001158,0.034797,-0.000031,-0.005645,-0.037326,-0.000000,-0.001015,1.570026,-0.300000,1.000000,1.100000,0.000000,0.000000,-1.571000,-0.299970,1.001158,1.065203,1.492299
1.508000,-0.000030,-0.001160,0.034797,-0.000031,-0.005645,-0.037326,-0.000000,-0.001015,1.570027,-0.300000,1.000000,1.100000,0.000000,0.000000,-1.571000,-0.299970,1.001160,1.065203,1.492301
1.510000,-0.000030,-0.001162,0.034797,-0.000031,-0.005645,-0.037326,-0.000000,-0.001015,1.570027,-0.300000,1.000000,1.100000,0.000000,0.000000,-1.571000,-0.299970,1.001162,1.065203,1.492302
1.512000,-0.000030,-0.001164,0.034797,-0.000031,-0.005645,-0.037326,-0.000000,-0.001015,1.570027,-0.300000,1.000000,1.100000,0.000000,0.000000,-1.571000,-0.299970,1.001164,1.065203,1.492303
1.514000,-0.000030,-0.001165,0.034797,-0.000031,-0.005645,-0.037326,-0.000000,-0.001015,1.570027,-0.300000,1.000000,1.100000,0.000000,0.000000,-1.571000,-0.299970,1.001165,1.065203,1.492304
1.516000,-0.000030,-0.001167,0.034797,-0.000031,-0.005645,-0.037326,-0.000000,-0.001015,1.570027,-0.300000,1.000000,1.100000,0.000000,0.000000,-1.571000,-0.299970,1.001167,1.065203,1.492305
1.518000,-0.000030,-0.001169,0.034797,-0.000031,-0.005645,-0.037326,-0.000000,-0.001015,1.570027,-0.300000,1.000000,1.100000,0.000000,0.000000,-1.571000,-0.299970,1.001169,1.065203,1.492306
1.520000,-0.000030,-0.001170,0.034797,-0.000031,-0.005645,-0.037326,-0.000000,-0.001015,1.570027,-0.300000,1.000000,1.100000,0.000000,0.000000,-1.571000,-0.299970,1.001170,1.065203,1.492307
1.522000,-0.000030,-0.001172,0.034797,-0.000031,-0.005645,-0.037326,-0.000000,-0.001015,1.570027,-0.300000,1.000000,1.100000,0.000000,0.000000,-1.571000,-0.299970,1.001172,1.065203,1.492308
1.524000,-0.000030,-0.001174,0.034797,-0.000031,-0.005645,-0.037326,-0.000000,-0.001015,1.570027,-0.300000,1.000000,1.100000,0.000000,0.000000,-1.571000,-0.299970,1.001174,1.065203,1.492309
1.526000,-0.000030,-0.001175,0.034797,-0.000031,-0.005645,-0.037326,-0.000000,-0.001015,1.570027,-0.300000,1.000000,1.100000,0.000000,0.000000,-1.571000,-0.299970,1.001175,1.065203,1.492311
1.528000,-0.000030,-0.001177,0.034797,-0.000031,-0.005645,-0.037326,-0.000000,-0.001015,1.570027,-0.300000,1.000000,1.100000,0.000000,0.000000,-1.571000,-0.299970,1.001177,1.065203,1.492312
1.530000,-0.000030,-0.001179,0.034797,-0.000031,-0.005645,-0.037326,-0.000000,-0.001015,1.570027,-0.300000,1.000000,1.100000,0.000000,0.000000,-1.571000,-0.299970,1.001179,1.065203,1.492313
1.532000,-0.000031,-0.001180,0.034797,-0.000031,-0.005645,-0.037326,-0.000000,-0.001015,1.570027,-0.300000,1.000000,1.100000,0.000000,0.000000,-1.571000,-0.299969,1.001180,1.065203,1.492314
1.534000,-0.000031,-0.001182,0.034797,-0.000031,-0.005645,-0.037326,-0.000000,-0.001015,1.570027,-0.300000,1.000000,1.100000,0.000000,0.000000,-1.571000,-0.299969,1.001182,1.065203,1.492315
1.536000,-0.000031,-0.001184,0.034797,-0.000031,-0.005645,-0.037326,-0.000000,-0.001015,1.570027,-0.300000,1.000000,1.100000,0.000000,0.000000,-1.571000,-0.299969,1.001184,1.065203,1.492316
1.538000,-0.000031,-0.001185,0.034797,-0.000031,-0.005645,-0.037326,-0.000000,-0.001015,1.570027,-0.300000,1.000000,1.100000,0.000000,0.000000,-1.571000,-0.299969,1.001185,1.065203,1.492317
1.540000,-0.000031,-0.001187,0.034797,-0.000031,-0.005645,-0.037326,-0.000000,-0.001015,1.570027,-0.300000,1.000000,1.100000,0.000000,0.000000,-1.571000,-0.299969,1.001187,1.065203,1.492318
1.542000,-0.000031,-0.001189,0.034797,-0.000031,-0.005645,-0.037326,-0.000000,-0.001015,1.570027,-0.300000,1.000000,1.100000,0.000000,0.000000,-1.571000,-0.299969,1.001189,1.065203,1.492319
1.544000,-0.000031,-0.001190,0.034797,-0.000031,-0.005645,-0.037326,-0.000000,-0.001015,1.570027,-0.300000,1.000000,1.100000,0.000000,0.000000,-1.571000,-0.299969,1.001190,1.065203,1.492321
1.546000,-0.000031,-0.001192,0.034797,-0.000031,-0.005645,-0.037326,-0.000000,-0.001015,1.570027,-0.300000,1.000000,1.100000,0.000000,0.000000,-1.571000,-0.299969,1.001192,1.065203,1.492322
1.548000,-0.000031,-0.001194,0.034797,-0.000031,-0.005645,-0.037326,-0.000000,-0.001015,1.570027,-0.300000,1.000000,1.100000,0.000000,0.000000,-1.571000,-0.299969,1.001194,1.065203,1.492323
1.550000,-0.000031,-0.001195,0.034797,-0.000031,-0.005645,-0.037326,-0.000000,-0.001015,1.570027,-0.300000,1.000000,1.100000,0.000000,0.000000,-1.571000,-0.299969,1.001195,1.065203,1.492324
1.552000,-0.000031,-0.001197,0.034797,-0.000031,-0.005645,-0.037326,-0.000000,-0.001015,1.570027,-0.300000,1.000000,1.100000,0.000000,0.000000,-1.571000,-0.299969,1.001197,1.065203,1.492325
1.554000,-0.000031,-0.001199,0.034797,-0.000031,-0.005645,-0.037326,-0.000000,-0.001015,1.570027,-0.300000,1.000000,1.100000,0.000000,0.000000,-1.571000,-0.299969,1.001199,1.065203,1.492326
1.556000,-0.000031,-0.001200,0.034797,-0.000031,-0.005645,-0.037326,-0.000000,-0.001015,1.570027,-0.300000,1.000000,1.100000,0.000000,0.000000,-1.571000,-0.299969,1.001200,1.065203,1.492327
1.558000,-0.000031,-0.001202,0.034797,-0.000031,-0.005645,-0.037326,-0.000000,-0.001015,1.570027,-0.300000,1.000000,1.100000,0.000000,0.000000,-1.571000,-0.299969,1.001202,1.065203,1.492328
1.560000,-0.000031,-0.001204,0.034797,-0.000031,-0.005645,-0.037326,-0.000000,-0.001015,1.570028,-0.300000,1.000000,1.100000,0.000000,0.000000,-1.571000,-0.299969,1.001204,1.065203,1.492330
1.562000,-0.000031,-0.001205,0.034797,-0.000031,-0.005645,-0.037326,-0.000000,-0.001015,1.570028,-0.300000,1.000000,1.100000,0.000000,0.000000,-1.571000,-0.299969,1.001205,1.065203,1.492331
1.564000,-0.000031,-0.001207,0.034797,-0.000031,-0.005645,-0.037326,-0.000000,-0.001015,1.570028,-0.300000,1.000000,1.100000,0.000000,0.000000,-1.571000,-0.299969,1.001207,1.065203,1.492332
1.566000,-0.000031,-0.001209,0.034797,-0.000031,-0.005645,-0.037326,-0.000000,-0.001015,1.570028,-0.300000,1.000000,1.100000,0.000000,0.000000,-1.571000,-0.299969,1.001209,1.065203,1.492333
1.568000,-0.000031,-0.001210,0.034797,-0.000031,-0.005645,-0.037326,-0.000000,-0.001015,1.570028,-0.300000,1.000000,1.100000,0.000000,0.000000,-1.571000,-0.299969,1.001210,1.065203,1.492334
1.570000,-0.000031,-0.001212,0.034797,-0.000031,-0.005645,-0.037326,-0.000000,-0.001015,1.570028,-0.300000,1.000000,1.100000,0.000000,0.000000,-1.571000,-0.299969,1.001212,1.065203,1.492335
1.572000,-0.000031,-0.001214,0.034797,-0.000031,-0.005645,-0.037326,-0.000000,-0.001015,1.570028,-0.300000,1.000000,1.100000,0.000000,0.000000,-1.571000,-0.299969,1.001214,1.065203,1.492336
1.574000,-0.000031,-0.001215,0.034797,-0.000031,-0.005645,-0.037326,-0.000000,-0.001015,1.570028,-0.300000,1.000000,1.100000,0.000000,0.000000,-1.571000,-0.299969,1.001215,1.065203,1.492337
1.576000,-0.000032,-0.001217,0.034797,-0.000031,-0.005645,-0.037326,-0.000000,-0.001015,1.570028,-0.300000,1.000000,1.100000,0.000000,0.000000,-1.571000,-0.299968,1.001217,1.065203,1.492338
1.578000,-0.000032,-0.001219,0.034797,-0.000031,-0.005645,-0.037326,-0.000000,-0.001015,1.570028,-0.300000,1.000000,1.100000,0.000000,0.000000,-1.571000,-0.299968,1.001219,1.065203,1.492340
1.580000,-0.000032,-0.001220,0.034797,-0.000031,-0.005645,-0.037326,-0.000000,-0.001015,1.570028,-0.300000,1.000000,1.100000,0.000000,0.000000,-1.571000,-0.299968,1.001220,1.065203,1.492341
1.582000,-0.000032,-0.001222,0.034797,-0.000031,-0.005645,-0.037326,-0.000000,-0.001015,1.570028,-0.300000,1.000000,1.100000,0.000000,0.000000,-1.571000,-0.299968,1.001222,1.065203,1.492342
1.584000,-0.000032,-0.001224,0.034797,-0.000031,-0.005645,-0.037326,-0.000000,-0.001015,1.570028,-0.300000,1.000000,1.100000,0.000000,0.000000,-1.571000,-0.299968,1.001224,1.065203,1.492343
1.586000,-0.000032,-0.001225,0.034797,-0.000031,-0.005645,-0.037326,-0.000000,-0.001015,1.570028,-0.300000,1.000000,1.100000,0.000000,0.000000,-1.571000,-0.299968,1.001225,1.065203,1.492344
1.588000,-0.000032,-0.001227,0.034797,-0.000031,-0.005645,-0.037326,-0.000000,-0.001015,1.570028,-0.300000,1.000000,1.100000,0.000000,0.000000,-1.571000,-0.299968,1.001227,1.065203,1.492345
1.590000,-0.000032,-0.001229,0.034797,-0.000031,-0.005645,-0.037326,-0.000000,-0.001015,1.570028,-0.300000,1.000000,1.100000,0.000000,0.000000,-1.571000,-0.299968,1.001229,1.065203,1.492346
1.592000,-0.000032,-0.001230,0.034797,-0.000031,-0.005645,-0.037326,-0.000000,-0.001015,1.570028,-0.300000,1.000000,1.100000,0.000000,0.000000,-1.571000,-0.299968,1.001230,1.065203,1.492347
1.594000,-0.000032,-0.001232,0.034797,-0.000031,-0.005645,-0.037326,-0.000000,-0.001015,1.570028,-0.300000,1.000000,1.100000,0.000000,0.000000,-1.571000,-0.299968,1.001232,1.065203,1.492348
1.596000,-0.000032,-0.001234,0.034797,-0.000031,-0.005645,-0.037326,-0.000000,-0.001015,1.570028,-0.300000,1.000000,1.100000,0.000000,0.000000,-1.571000,-0.299968,1.001234,1.065203,1.492350
1.598000,-0.000032,-0.001236,0.034797,-0.000031,-0.005645,-0.037326,-0.000000,-0.001015,1.570028,-0.300000,1.000000,1.100000,0.000000,0.000000,-1.571000,-0.299968,1.001236,1.065203,1.492351
1.600000,-0.000032,-0.001237,0.034797,-0.000031,-0.005645,-0.037326,-0.000000,-0.001015,1.570028,-0.300000,1.000000,1.100000,0.000000,0.000000,-1.571000,-0.299968,1.001237,1.065203,1.492352
1.602000,-0.000032,-0.001239,0.034797,-0.000031,-0.005645,-0.037326,-0.000000,-0.001015,1.570028,-0.300000,1.000000,1.100000,0.000000,0.000000,-1.571000,-0.299968,1.001239,1.065203,1.492353
1.604000,-0.000032,-0.001241,0.034797,-0.000031,-0.005645,-0.037326,-0.000000,-0.001015,1.570028,-0.300000,1.000000,1.100000,0.000000,0.000000,-1.571000,-0.299968,1.001241,1.065203,1.492354
1.606000,-0.000032,-0.001242,0.034797,-0.000031,-0.005645,-0.037326,-0.000000,-0.001015,1.570028,-0.300000,1.000000,1.100000,0.000000,0.000000,-1.571000,-0.299968,1.001242,1.065203,1.492355
1.608000,-0.000032,-0.001244,0.034797,-0.000031,-0.005645,-0.037326,-0.000000,-0.001015,1.570028,-0.300000,1.000000,1.100000,0.000000,0.000000,-1.571000,-0.299968,1.001244,1.065203,1.492356
1.610000,-0.000032,-0.001246,0.034797,-0.000031,-0.005645,-0.037326,-0.000000,-0.001015,1.570029,-0.300000,1.000000,1.100000,0.000000,0.000000,-1.571000,-0.299968,1.001246,1.065203,1.492357
1.612000,-0.000032,-0.001247,0.034797,-0.000031,-0.005645,-0.037326,-0.000000,-0.001015,1.570029,-0.300000,1.000000,1.100000,0.000000,0.000000,-1.571000,-0.299968,1.001247,1.065203,1.492358
1.614000,-0.000032,-0.001249,0.034797,-0.000031,-0.005645,-0.037326,-0.000000,-0.001015,1.570029,-0.300000,1.000000,1.100000,0.000000,0.000000,-1.571000,-0.299968,1.001249,1.065203,1.492360
1.616000,-0.000032,-0.001251,0.034797,-0.000031,-0.005645,-0.037326,-0.000000,-0.001015,1.570029,-0.300000,1.000000,1.100000,0.000000,0.000000,-1.571000,-0.299968,1.001251,1.065203,1.492361
1.618000,-0.000032,-0.001252,0.034797,-0.000031,-0.005645,-0.037326,-0.000000,-0.001015,1.570029,-0.300000,1.000000,1.100000,0.000000,0.000000,-1.571000,-0.299968,1.001252,1.065203,1.492362
1.620000,-0.000032,-0.001254,0.034797,-0.000031,-0.005645,-0.037326,-0.000000,-0.001015,1.570029,-0.300000,1.000000,1.100000,0.000000,0.000000,-1.571000,-0.299968,1.001254,1.065203,1.492363
1.622000,-0.000033,-0.001256,0.034797,-0.000031,-0.005645,-0.037326,-0.000000,-0.001015,1.570029,-0.300000,1.000000,1.100000,0.000000,0.000000,-1.571000,-0.299967,1.001256,1.065203,1.492364
1.624000,-0.000033,-0.001257,0.034797,-0.000031,-0.005645,-0.037326,-0.000000,-0.001015,1.570029,-0.300000,1.000000,1.100000,0.000000,0.000000,-1.571000,-0.299967,1.001257,1.065203,1.492365
1.626000,-0.000033,-0.001259,0.034797,-0.000031,-0.005645,-0.037326,-0.000000,-0.001015,1.570029,-0.300000,1.000000,1.100000,0.000000,0.000000,-1.571000,-0.299967,1.001259,1.065203,1.492366
1.628000,-0.000033,-0.001261,0.034797,-0.000031,-0.005645,-0.037326,-0.000000,-0.001015,1.570029,-0.300000,1.000000,1.100000,0.000000,0.000000,-1.571000,-0.299967,1.001261,1.065203,1.492367
1.630000,-0.000033,-0.001262,0.034797,-0.000031,-0.005645,-0.037326,-0.000000,-0.001015,1.570029,-0.300000,1.000000,1.100000,0.000000,0.000000,-1.571000,-0.299967,1.001262,1.065203,1.492369
1.632000,-0.000033,-0.001264,0.034797,-0.000031,-0.005645,-0.037326,-0.000000,-0.001015,1.570029,-0.300000,1.000000,1.100000,0.000000,0.000000,-1.571000,-0.299967,1.001264,1.065203,1.492370
1.634000,-0.000033,-0.001266,0.034797,-0.000031,-0.005645,-0.037326,-0.000000,-0.001015,1.570029,-0.300000,1.000000,1.100000,0.000000,0.000000,-1.571000,-0.299967,1.001266,1.065203,1.492371
1.636000,-0.000033,-0.001267,0.034797,-0.000031,-0.005645,-0.037326,-0.000000,-0.001015,1.570029,-0.300000,1.000000,1.100000,0.000000,0.000000,-1.571000,-0.299967,1.001267,1.065203,1.492372
1.638000,-0.000033,-0.001269,0.034797,-0.000031,-0.005645,-0.037326,-0.000000,-0.001015,1.570029,-0.300000,1.000000,1.100000,0.000000,0.000000,-1.571000,-0.299967,1.001269,1.065203,1.492373
1.640000,-0.000033,-0.001271,0.034797,-0.000031,-0.005645,-0.037326,-0.000000,-0.001015,1.570029,-0.300000,1.000000,1.100000,0.000000,0.000000,-1.571000,-0.299967,1.001271,1.065203,1.492374
1.642000,-0.000033,-0.001272,0.034797,-0.000031,-0.005645,-0.037326,-0.000000,-0.001015,1.570029,-0.300000,1.000000,1.100000,0.000000,0.000000,-1.571000,-0.299967,1.001272,1.065203,1.492375
1.644000,-0.000033,-0.001274,0.034797,-0.000031,-0.005645,-0.037326,-0.000000,-0.001015,1.570029,-0.300000,1.000000,1.100000,0.000000,0.000000,-1.571000,-0.299967,1.001274,1.065203,1.492376
1.646000,-0.000033,-0.001276,0.034797,-0.000031,-0.005645,-0.037326,-0.000000,-0.001015,1.570029,-0.300000,1.000000,1.100000,0.000000,0.000000,-1.571000,-0.299967,1.001276,1.065203,1.492377
1.648000,-0.000033,-0.001277,0.034797,-0.000031,-0.005645,-0.037326,-0.000000,-0.001015,1.570029,-0.300000,1.000000,1.100000,0.000000,0.000000,-1.571000,-0.299967,1.001277,1.065203,1.492379
1.650000,-0.000033,-0.001279,0.034797,-0.000031,-0.005645,-0.037326,-0.000000,-0.001015,1.570029,-0.300000,1.000000,1.100000,0.000000,0.000000,-1.571000,-0.299967,1.001279,1.065203,1.492380
1.652000,-0.000033,-0.001281,0.034797,-0.000031,-0.005645,-0.037326,-0.000000,-0.001015,1.570029,-0.300000,1.000000,1.100000,0.000000,0.000000,-1.571000,-0.299967,1.001281,1.065203,1.492381
1.654000,-0.000033,-0.001282,0.034797,-0.000031,-0.005645,-0.037326,-0.000000,-0.001015,1.570029,-0.300000,1.000000,1.100000,0.000000,0.000000,-1.571000,-0.299967,1.001282,1.065203,1.492382
1.656000,-0.000033,-0.001284,0.034797,-0.000031,-0.005645,-0.037326,-0.000000,-0.001015,1.570029,-0.300000,1.000000,1.100000,0.000000,0.000000,-1.571000,-0.299967,1.001284,1.065203,1.492383
1.658000,-0.000033,-0.001286,0.034797,-0.000031,-0.005645,-0.037326,-0.000000,-0.001015,1.570029,-0.300000,1.000000,1.100000,0.000000,0.000000,-1.571000,-0.299967,1.001286,1.065203,1.492384
1.660000,-0.000033,-0.001287,0.034797,-0.000031,-0.005645,-0.037326,-0.000000,-0.001015,1.570030,-0.300000,1.000000,1.100000,0.000000,0.000000,-1.571000,-0.299967,1.001287,1.065203,1.492385
1.662000,-0.000033,-0.001289,0.034797,-0.000031,-0.005645,-0.037326,-0.000000,-0.001015,1.570030,-0.300000,1.000000,1.100000,0.000000,0.000000,-1.571000,-0.299967,1.001289,1.065203,1.492386
1.664000,-0.000033,-0.001291,0.034797,-0.000031,-0.005645,-0.037326,-0.000000,-0.001015,1.570030,-0.300000,1.000000,1.100000,0.000000,0.000000,-1.571000,-0.299967,1.001291,1.065203,1.492387
1.666000,-0.000034,-0.001292,0.034797,-0.000031,-0.005645,-0.037326,-0.000000,-0.001015,1.570030,-0.300000,1.000000,1.100000,0.000000,0.000000,-1.571000,-0.299966,1.001292,1.065203,1.492389
1.668000,-0.000034,-0.001294,0.034797,-0.000031,-0.005645,-0.037326,-0.000000,-0.001015,1.570030,-0.300000,1.000000,1.100000,0.000000,0.000000,-1.571000,-0.299966,1.001294,1.065203,1.492390
1.670000,-0.000034,-0.001296,0.034797,-0.000031,-0.005645,-0.037326,-0.000000,-0.001015,1.570030,-0.300000,1.000000,1.100000,0.000000,0.000000,-1.571000,-0.299966,1.001296,1.065203,1.492391
1.672000,-0.000034,-0.001297,0.034797,-0.000031,-0.005645,-0.037326,-0.000000,-0.001015,1.570030,-0.300000,1.000000,1.100000,0.000000,0.000000,-1.571000,-0.299966,1.001297,1.065203,1.492392
1.674000,-0.000034,-0.001299,0.034797,-0.000031,-0.005645,-0.037326,-0.000000,-0.001015,1.570030,-0.300000,1.000000,1.100000,0.000000,0.000000,-1.571000,-0.299966,1.001299,1.065203,1.492393
1.676000,-0.000034,-0.001301,0.034797,-0.000031,-0.005645,-0.037326,-0.000000,-0.001015,1.570030,-0.300000,1.000000,1.100000,0.000000,0.000000,-1.571000,-0.299966,1.001301,1.065203,1.492394
1.678000,-0.000034,-0.001303,0.034797,-0.000031,-0.005645,-0.037326,-0.000000,-0.001015,1.570030,-0.300000,1.000000,1.100000,0.000000,0.000000,-1.571000,-0.299966,1.001303,1.065203,1.492395
1.680000,-0.000034,-0.001304,0.034797,-0.000031,-0.005645,-0.037326,-0.000000,-0.001015,1.570030,-0.300000,1.000000,1.100000,0.000000,0.000000,-1.571000,-0.299966,1.001304,1.065203,1.492396
1.682000,-0.000034,-0.001306,0.034797,-0.000031,-0.005645,-0.037326,-0.000000,-0.001015,1.570030,-0.300000,1.000000,1.100000,0.000000,0.000000,-1.571000,-0.299966,1.001306,1.065203,1.492397
1.684000,-0.000034,-0.001308,0.034797,-0.000031,-0.005645,-0.037326,-0.000000,-0.001015,1.570030,-0.300000,1.000000,1.100000,0.000000,0.000000,-1.571000,-0.299966,1.001308,1.065203,1.492399
1.686000,-0.000034,-0.001309,0.034797,-0.000031,-0.005645,-0.037326,-0.000000,-0.001015,1.570030,-0.300000,1.000000,1.100000,0.000000,0.000000,-1.571000,-0.299966,1.001309,1.065203,1.492400
1.688000,-0.000034,-0.001311,0.034797,-0.000031,-0.005645,-0.037326,-0.000000,-0.001015,1.570030,-0.300000,1.000000,1.100000,0.000000,0.000000,-1.571000,-0.299966,1.001311,1.065203,1.492401
1.690000,-0.000034,-0.001313,0.034797,-0.000031,-0.005645,-0.037326,-0.000000,-0.001015,1.570030,-0.300000,1.000000,1.100000,0.000000,0.000000,-1.571000,-0.299966,1.001313,1.065203,1.492402
1.692000,-0.000034,-0.001314,0.034797,-0.000031,-0.005645,-0.037326,-0.000000,-0.001015,1.570030,-0.300000,1.000000,1.100000,0.000000,0.000000,-1.571000,-0.299966,1.001314,1.065203,1.492403
1.694000,-0.000034,-0.001316,0.034797,-0.000031,-0.005645,-0.037326,-0.000000,-0.001015,1.570030,-0.300000,1.000000,1.100000,0.000000,0.000000,-1.571000,-0.299966,1.001316,1.065203,1.492404
1.696000,-0.000034,-0.001318,0.034797,-0.000031,-0.005645,-0.037326,-0.000000,-0.001015,1.570030,-0.300000,1.000000,1.100000,0.000000,0.000000,-1.571000,-0.299966,1.001318,1.065203,1.492405
1.698000,-0.000034,-0.001319,0.034797,-0.000031,-0.005645,-0.037326,-0.000000,-0.001015,1.570030,-0.300000,1.000000,1.100000,0.000000,0.000000,-1.571000,-0.299966,1.001319,1.065203,1.492406
1.700000,-0.000034,-0.001321,0.034797,-0.000031,-0.005645,-0.037326,-0.000000,-0.001015,1.570030,-0.300000,1.000000,1.100000,0.000000,0.000000,-1.571000,-0.299966,1.001321,1.065203,1.492408
1.702000,-0.000034,-0.001323,0.034797,-0.000031,-0.005645,-0.037326,-0.000000,-0.001015,1.570030,-0.300000,1.000000,1.100000,0.000000,0.000000,-1.571000,-0.299966,1.001323,1.065203,1.492409
1.704000,-0.000034,-0.001324,0.034797,-0.000031,-0.005645,-0.037326,-0.000000,-0.001015,1.570030,-0.300000,1.000000,1.100000,0.000000,0.000000,-1.571000,-0.299966,1.001324,1.065203,1.492410
1.706000,-0.000034,-0.001326,0.034797,-0.000031,-0.005645,-0.037326,-0.000000,-0.001015,1.570030,-0.300000,1.000000,1.100000,0.000000,0.000000,-1.571000,-0.299966,1.001326,1.065203,1.492411
1.708000,-0.000034,-0.001328,0.034797,-0.000031,-0.005645,-0.037326,-0.000000,-0.001015,1.570030,-0.300000,1.000000,1.100000,0.000000,0.000000,-1.571000,-0.299966,1.001328,1.065203,1.492412
1.710000,-0.000035,-0.001329,0.034797,-0.000031,-0.005645,-0.037326,-0.000000,-0.001015,1.570031,-0.300000,1.000000,1.100000,0.000000,0.000000,-1.571000,-0.299965,1.001329,1.065203,1.492413
1.712000,-0.000035,-0.001331,0.034797,-0.000031,-0.005645,-0.037326,-0.000000,-0.001015,1.570031,-0.300000,1.000000,1.100000,0.000000,0.000000,-1.571000,-0.299965,1.001331,1.065203,1.492414
1.714000,-0.000035,-0.001333,0.034797,-0.000031,-0.005645,-0.037326,-0.000000,-0.001015,1.570031,-0.300000,1.000000,1.100000,0.000000,0.000000,-1.571000,-0.299965,1.001333,1.065203,1.492415
1.716000,-0.000035,-0.001334,0.034797,-0.000031,-0.005645,-0.037326,-0.000000,-0.001015,1.570031,-0.300000,1.000000,1.100000,0.000000,0.000000,-1.571000,-0.299965,1.001334,1.065203,1.492416
1.718000,-0.000035,-0.001336,0.034797,-0.000031,-0.005645,-0.037326,-0.000000,-0.001015,1.570031,-0.300000,1.000000,1.100000,0.000000,0.000000,-1.571000,-0.299965,1.001336,1.065203,1.492418
1.720000,-0.000035,-0.001338,0.034797,-0.000031,-0.005645,-0.037326,-0.000000,-0.001015,1.570031,-0.300000,1.000000,1.100000,0.000000,0.000000,-1.571000,-0.299965,1.001338,1.065203,1.492419
1.722000,-0.000035,-0.001339,0.034797,-0.000031,-0.005645,-0.037326,-0.000000,-0.001015,1.570031,-0.300000,1.000000,1.100000,0.000000,0.000000,-1.571000,-0.299965,1.001339,1.065203,1.492420
1.724000,-0.000035,-0.001341,0.034797,-0.000031,-0.005645,-0.037326,-0.000000,-0.001015,1.570031,-0.300000,1.000000,1.100000,0.000000,0.000000,-1.571000,-0.299965,1.001341,1.065203,1.492421
1.726000,-0.000035,-0.001343,0.034797,-0.000031,-0.005645,-0.037326,-0.000000,-0.001015,1.570031,-0.300000,1.000000,1.100000,0.000000,0.000000,-1.571000,-0.299965,1.001343,1.065203,1.492422
1.728000,-0.000035,-0.001344,0.034797,-0.000031,-0.005645,-0.037326,-0.000000,-0.001015,1.570031,-0.300000,1.000000,1.100000,0.000000,0.000000,-1.571000,-0.299965,1.001344,1.065203,1.492423
1.730000,-0.000035,-0.001346,0.034797,-0.000031,-0.005645,-0.037326,-0.000000,-0.001015,1.570031,-0.300000,1.000000,1.100000,0.000000,0.000000,-1.571000,-0.299965,1.001346,1.065203,1.492424
1.732000,-0.000035,-0.001348,0.034797,-0.000031,-0.005645,-0.037326,-0.000000,-0.001015,1.570031,-0.300000,1.000000,1.100000,0.000000,0.000000,-1.571000,-0.299965,1.001348,1.065203,1.492425
1.734000,-0.000035,-0.001349,0.034797,-0.000031,-0.005645,-0.037326,-0.000000,-0.001015,1.570031,-0.300000,1.000000,1.100000,0.000000,0.000000,-1.571000,-0.299965,1.001349,1.065203,1.492426
1.736000,-0.000035,-0.001351,0.034797,-0.000031,-0.005645,-0.037326,-0.000000,-0.001015,1.570031,-0.300000,1.000000,1.100000,0.000000,0.000000,-1.571000,-0.299965,1.001351,1.065203,1.492428
1.738000,-0.000035,-0.001353,0.034797,-0.000031,-0.005645,-0.037326,-0.000000,-0.001015,1.570031,-0.300000,1.000000,1.100000,0.000000,0.000000,-1.571000,-0.299965,1.001353,1.065203,1.492429
1.740000,-0.000035,-0.001354,0.034797,-0.000031,-0.005645,-0.037326,-0.000000,-0.001015,1.570031,-0.300000,1.000000,1.100000,0.000000,0.000000,-1.571000,-0.299965,1.001354,1.065203,1.492430
1.742000,-0.000035,-0.001356,0.034797,-0.000031,-0.005645,-0.037326,-0.000000,-0.001015,1.570031,-0.300000,1.000000,1.100000,0.000000,0.000000,-1.571000,-0.299965,1.001356,1.065203,1.492431
1.744000,-0.000035,-0.001358,0.034797,-0.000031,-0.005645,-0.037326,-0.000000,-0.001015,1.570031,-0.300000,1.000000,1.100000,0.000000,0.000000,-1.571000,-0.299965,1.001358,1.065203,1.492432
1.746000,-0.000035,-0.001359,0.034797,-0.000031,-0.005645,-0.037326,-0.000000,-0.001015,1.570031,-0.300000,1.000000,1.100000,0.000000,0.000000,-1.571000,-0.299965,1.001359,1.065203,1.492433
1.748000,-0.000035,-0.001361,0.034797,-0.000031,-0.005645,-0.037326,-0.000000,-0.001015,1.570031,-0.300000,1.000000,1.100000,0.000000,0.000000,-1.571000,-0.299965,1.001361,1.065203,1.492434
1.750000,-0.000035,-0.001363,0.034797,-0.000031,-0.005645,-0.037326,-0.000000,-0.001015,1.570031,-0.300000,1.000000,1.100000,0.000000,0.000000,-1.571000,-0.299965,1.001363,1.065203,1.492435
1.752000,-0.000035,-0.001364,0.034797,-0.000031,-0.005645,-0.037326,-0.000000,-0.001015,1.570031,-0.300000,1.000000,1.100000,0.000000,0.000000,-1.571000,-0.299965,1.001364,1.065203,1.492437
1.754000,-0.000035,-0.001366,0.034797,-0.000031,-0.005645,-0.037326,-0.000000,-0.001015,1.570031,-0.300000,1.000000,1.100000,0.000000,0.000000,-1.571000,-0.299965,1.001366,1.065203,1.492438
1.756000,-0.000036,-0.001368,0.034797,-0.000031,-0.005645,-0.037326,-0.000000,-0.001015,1.570031,-0.300000,1.000000,1.100000,0.000000,0.000000,-1.571000,-0.299964,1.001368,1.065203,1.492439
1.758000,-0.000036,-0.001369,0.034797,-0.000031,-0.005645,-0.037326,-0.000000,-0.001015,1.570031,-0.300000,1.000000,1.100000,0.000000,0.000000,-1.571000,-0.299964,1.001369,1.065203,1.492440
1.760000,-0.000036,-0.001371,0.034797,-0.000031,-0.005645,-0.037326,-0.000000,-0.001015,1.570031,-0.300000,1.000000,1.100000,0.000000,0.000000,-1.571000,-0.299964,1.001371,1.065203,1.492441
1.762000,-0.000036,-0.001373,0.034797,-0.000031,-0.005645,-0.037326,-0.000000,-0.001015,1.570032,-0.300000,1.000000,1.100000,0.000000,0.000000,-1.571000,-0.299964,1.001373,1.065203,1.492442
1.764000,-0.000036,-0.001375,0.034797,-0.000031,-0.005645,-0.037326,-0.000000,-0.001015,1.570032,-0.300000,1.000000,1.100000,0.000000,0.000000,-1.571000,-0.299964,1.001375,1.065203,1.492443
1.766000,-0.000036,-0.001376,0.034797,-0.000031,-0.005645,-0.037326,-0.000000,-0.001015,1.570032,-0.300000,1.000000,1.100000,0.000000,0.000000,-1.571000,-0.299964,1.001376,1.065203,1.492444
1.768000,-0.000036,-0.001378,0.034797,-0.000031,-0.005645,-0.037326,-0.000000,-0.001015,1.570032,-0.300000,1.000000,1.100000,0.000000,0.000000,-1.571000,-0.299964,1.001378,1.065203,1.492445
1.770000,-0.000036,-0.001380,0.034797,-0.000031,-0.005645,-0.037326,-0.000000,-0.001015,1.570032,-0.300000,1.000000,1.100000,0.000000,0.000000,-1.571000,-0.299964,1.001380,1.065203,1.492447
1.772000,-0.000036,-0.001381,0.034797,-0.000031,-0.005645,-0.037326,-0.000000,-0.001015,1.570032,-0.300000,1.000000,1.100000,0.000000,0.000000,-1.571000,-0.299964,1.001381,1.065203,1.492448
1.774000,-0.000036,-0.001383,0.034797,-0.000031,-0.005645,-0.037326,-0.000000,-0.001015,1.570032,-0.300000,1.000000,1.100000,0.000000,0.000000,-1.571000,-0.299964,1.001383,1.065203,1.492449
1.776000,-0.000036,-0.001385,0.034797,-0.000031,-0.005645,-0.037326,-0.000000,-0.001015,1.570032,-0.300000,1.000000,1.100000,0.000000,0.000000,-1.571000,-0.299964,1.001385,1.065203,1.492450
1.778000,-0.000036,-0.001386,0.034797,-0.000031,-0.005645,-0.037326,-0.000000,-0.001015,1.570032,-0.300000,1.000000,1.100000,0.000000,0.000000,-1.571000,-0.299964,1.001386,1.065203,1.492451
1.780000,-0.000036,-0.001388,0.034797,-0.000031,-0.005645,-0.037326,-0.000000,-0.001015,1.570032,-0.300000,1.000000,1.100000,0.000000,0.000000,-1.571000,-0.299964,1.001388,1.065203,1.492452
1.782000,-0.000036,-0.001390,0.034797,-0.000031,-0.005645,-0.037326,-0.000000,-0.001015,1.570032,-0.300000,1.000000,1.100000,0.000000,0.000000,-1.571000,-0.299964,1.001390,1.065203,1.492453
1.784000,-0.000036,-0.001391,0.034797,-0.000031,-0.005645,-0.037326,-0.000000,-0.001015,1.570032,-0.300000,1.000000,1.100000,0.000000,0.000000,-1.571000,-0.299964,1.001391,1.065203,1.492454
1.786000,-0.000036,-0.001393,0.034797,-0.000031,-0.005645,-0.037326,-0.000000,-0.001015,1.570032,-0.300000,1.000000,1.100000,0.000000,0.000000,-1.571000,-0.299964,1.001393,1.065203,1.492455
1.788000,-0.000036,-0.001395,0.034797,-0.000031,-0.005645,-0.037326,-0.000000,-0.001015,1.570032,-0.300000,1.000000,1.100000,0.000000,0.000000,-1.571000,-0.299964,1.001395,1.065203,1.492457
1.790000,-0.000036,-0.001396,0.034797,-0.000031,-0.005645,-0.037326,-0.000000,-0.001015,1.570032,-0.300000,1.000000,1.100000,0.000000,0.000000,-1.571000,-0.299964,1.001396,1.065203,1.492458
1.792000,-0.000036,-0.001398,0.034797,-0.000031,-0.005645,-0.037326,-0.000000,-0.001015,1.570032,-0.300000,1.000000,1.100000,0.000000,0.000000,-1.571000,-0.299964,1.001398,1.065203,1.492459
1.794000,-0.000036,-0.001400,0.034797,-0.000031,-0.005645,-0.037326,-0.000000,-0.001015,1.570032,-0.300000,1.000000,1.100000,0.000000,0.000000,-1.571000,-0.299964,1.001400,1.065203,1.492460
1.796000,-0.000036,-0.001401,0.034797,-0.000031,-0.005645,-0.037326,-0.000000,-0.001015,1.570032,-0.300000,1.000000,1.100000,0.000000,0.000000,-1.571000,-0.299964,1.001401,1.065203,1.492461
1.798000,-0.000036,-0.001403,0.034797,-0.000031,-0.005645,-0.037326,-0.000000,-0.001015,1.570032,-0.300000,1.000000,1.100000,0.000000,0.000000,-1.571000,-0.299964,1.001403,1.065203,1.492462
1.800000,-0.000037,-0.001405,0.034797,-0.000031,-0.005645,-0.037326,-0.000000,-0.001015,1.570032,-0.300000,1.000000,1.100000,0.000000,0.000000,-1.571000,-0.299963,1.001405,1.065203,1.492463
1.802000,-0.000037,-0.001406,0.034797,-0.000031,-0.005645,-0.037326,-0.000000,-0.001015,1.570032,-0.300000,1.000000,1.100000,0.000000,0.000000,-1.571000,-0.299963,1.001406,1.065203,1.492464
1.804000,-0.000037,-0.001408,0.034797,-0.000031,-0.005645,-0.037326,-0.000000,-0.001015,1.570032,-0.300000,1.000000,1.100000,0.000000,0.000000,-1.571000,-0.299963,1.001408,1.065203,1.492465
1.806000,-0.000037,-0.001410,0.034797,-0.000031,-0.005645,-0.037326,-0.000000,-0.001015,1.570032,-0.300000,1.000000,1.100000,0.000000,0.000000,-1.571000,-0.299963,1.001410,1.065203,1.492467
1.808000,-0.000037,-0.001411,0.034797,-0.000031,-0.005645,-0.037326,-0.000000,-0.001015,1.570032,-0.300000,1.000000,1.100000,0.000000,0.000000,-1.571000,-0.299963,1.001411,1.065203,1.492468
1.810000,-0.000037,-0.001413,0.034797,-0.000031,-0.005645,-0.037326,-0.000000,-0.001015,1.570032,-0.300000,1.000000,1.100000,0.000000,0.000000,-1.571000,-0.299963,1.001413,1.065203,1.492469
1.812000,-0.000037,-0.001415,0.034797,-0.000031,-0.005645,-0.037326,-0.000000,-0.001015,1.570033,-0.300000,1.000000,1.100000,0.000000,0.000000,-1.571000,-0.299963,1.001415,1.065203,1.492470
1.814000,-0.000037,-0.001416,0.034797,-0.000031,-0.005645,-0.037326,-0.000000,-0.001015,1.570033,-0.300000,1.000000,1.100000,0.000000,0.000000,-1.571000,-0.299963,1.001416,1.065203,1.492471
1.816000,-0.000037,-0.001418,0.034797,-0.000031,-0.005645,-0.037326,-0.000000,-0.001015,1.570033,-0.300000,1.000000,1.100000,0.000000,0.000000,-1.571000,-0.299963,1.001418,1.065203,1.492472
1.818000,-0.000037,-0.001420,0.034797,-0.000031,-0.005645,-0.037326,-0.000000,-0.001015,1.570033,-0.300000,1.000000,1.100000,0.000000,0.000000,-1.571000,-0.299963,1.001420,1.065203,1.492473
1.820000,-0.000037,-0.001421,0.034797,-0.000031,-0.005645,-0.037326,-0.000000,-0.001015,1.570033,-0.300000,1.000000,1.100000,0.000000,0.000000,-1.571000,-0.299963,1.001421,1.065203,1.492474
1.822000,-0.000037,-0.001423,0.034797,-0.000031,-0.005645,-0.037326,-0.000000,-0.001015,1.570033,-0.300000,1.000000,1.100000,0.000000,0.000000,-1.571000,-0.299963,1.001423,1.065203,1.492476
1.824000,-0.000037,-0.001425,0.034797,-0.000031,-0.005645,-0.037326,-0.000000,-0.001015,1.570033,-0.300000,1.000000,1.100000,0.000000,0.000000,-1.571000,-0.299963,1.001425,1.065203,1.492477
1.826000,-0.000037,-0.001426,0.034797,-0.000031,-0.005645,-0.037326,-0.000000,-0.001015,1.570033,-0.300000,1.000000,1.100000,0.000000,0.000000,-1.571000,-0.299963,1.001426,1.065203,1.492478
1.828000,-0.000037,-0.001428,0.034797,-0.000031,-0.005645,-0.037326,-0.000000,-0.001015,1.570033,-0.300000,1.000000,1.100000,0.000000,0.000000,-1.571000,-0.299963,1.001428,1.065203,1.492479
1.830000,-0.000037,-0.001430,0.034797,-0.000031,-0.005645,-0.037326,-0.000000,-0.001015,1.570033,-0.300000,1.000000,1.100000,0.000000,0.000000,-1.571000,-0.299963,1.001430,1.065203,1.492480
1.832000,-0.000037,-0.001431,0.034797,-0.000031,-0.005645,-0.037326,-0.000000,-0.001015,1.570033,-0.300000,1.000000,1.100000,0.000000,0.000000,-1.571000,-0.299963,1.001431,1.065203,1.492481
1.834000,-0.000037,-0.001433,0.034797,-0.000031,-0.005645,-0.037326,-0.000000,-0.001015,1.570033,-0.300000,1.000000,1.100000,0.000000,0.000000,-1.571000,-0.299963,1.001433,1.065203,1.492482
1.836000,-0.000037,-0.001435,0.034797,-0.000031,-0.005645,-0.037326,-0.000000,-0.001015,1.570033,-0.300000,1.000000,1.100000,0.000000,0.000000,-1.571000,-0.299963,1.001435,1.065203,1.492483
1.838000,-0.000037,-0.001436,0.034797,-0.000031,-0.005645,-0.037326,-0.000000,-0.001015,1.570033,-0.300000,1.000000,1.100000,0.000000,0.000000,-1.571000,-0.299963,1.001436,1.065203,1.492484
1.840000,-0.000037,-0.001438,0.034797,-0.000031,-0.005645,-0.037326,-0.000000,-0.001015,1.570033,-0.300000,1.000000,1.100000,0.000000,0.000000,-1.571000,-0.299963,1.001438,1.065203,1.492486
1.842000,-0.000037,-0.001440,0.034797,-0.000031,-0.005645,-0.037326,-0.000000,-0.001015,1.570033,-0.300000,1.000000,1.100000,0.000000,0.000000,-1.571000,-0.299963,1.001440,1.065203,1.492487
1.844000,-0.000038,-0.001442,0.034797,-0.000031,-0.005645,-0.037326,-0.000000,-0.001015,1.570033,-0.300000,1.000000,1.100000,0.000000,0.000000,-1.571000,-0.299962,1.001442,1.065203,1.492488
1.846000,-0.000038,-0.001443,0.034797,-0.000031,-0.005645,-0.037326,-0.000000,-0.001015,1.570033,-0.300000,1.000000,1.100000,0.000000,0.000000,-1.571000,-0.299962,1.001443,1.065203,1.492489
1.848000,-0.000038,-0.001445,0.034797,-0.000031,-0.005645,-0.037326,-0.000000,-0.001015,1.570033,-0.300000,1.000000,1.100000,0.000000,0.000000,-1.571000,-0.299962,1.001445,1.065203,1.492490
1.850000,-0.000038,-0.001447,0.034797,-0.000031,-0.005645,-0.037326,-0.000000,-0.001015,1.570033,-0.300000,1.000000,1.100000,0.000000,0.000000,-1.571000,-0.299962,1.001447,1.065203,1.492491
1.852000,-0.000038,-0.001448,0.034797,-0.000031,-0.005645,-0.037326,-0.000000,-0.001015,1.570033,-0.300000,1.000000,1.100000,0.000000,0.000000,-1.571000,-0.299962,1.001448,1.065203,1.492492
1.854000,-0.000038,-0.001450,0.034797,-0.000031,-0.005645,-0.037326,-0.000000,-0.001015,1.570033,-0.300000,1.000000,1.100000,0.000000,0.000000,-1.571000,-0.299962,1.001450,1.065203,1.492493
1.856000,-0.000038,-0.001452,0.034797,-0.000031,-0.005645,-0.037326,-0.000000,-0.001015,1.570033,-0.300000,1.000000,1.100000,0.000000,0.000000,-1.571000,-0.299962,1.001452,1.065203,1.492494
1.858000,-0.000038,-0.001453,0.034797,-0.000031,-0.005645,-0.037326,-0.000000,-0.001015,1.570033,-0.300000,1.000000,1.100000,0.000000,0.000000,-1.571000,-0.299962,1.001453,1.065203,1.492496
1.860000,-0.000038,-0.001455,0.034797,-0.000031,-0.005645,-0.037326,-0.000000,-0.001015,1.570033,-0.300000,1.000000,1.100000,0.000000,0.000000,-1.571000,-0.299962,1.001455,1.065203,1.492497
1.862000,-0.000038,-0.001457,0.034797,-0.000031,-0.005645,-0.037326,-0.000000,-0.001015,1.570034,-0.300000,1.000000,1.100000,0.000000,0.000000,-1.571000,-0.299962,1.001457,1.065203,1.492498
1.864000,-0.000038,-0.001458,0.034797,-0.000031,-0.005645,-0.037326,-0.000000,-0.001015,1.570034,-0.300000,1.000000,1.100000,0.000000,0.000000,-1.571000,-0.299962,1.001458,1.065203,1.492499
1.866000,-0.000038,-0.001460,0.034797,-0.000031,-0.005645,-0.037326,-0.000000,-0.001015,1.570034,-0.300000,1.000000,1.100000,0.000000,0.000000,-1.571000,-0.299962,1.001460,1.065203,1.492500
1.868000,-0.000038,-0.001462,0.034797,-0.000031,-0.005645,-0.037326,-0.000000,-0.001015,1.570034,-0.300000,1.000000,1.100000,0.000000,0.000000,-1.571000,-0.299962,1.001462,1.065203,1.492501
1.870000,-0.000038,-0.001463,0.034797,-0.000031,-0.005645,-0.037326,-0.000000,-0.001015,1.570034,-0.300000,1.000000,1.100000,0.000000,0.000000,-1.571000,-0.299962,1.001463,1.065203,1.492502
1.872000,-0.000038,-0.001465,0.034797,-0.000031,-0.005645,-0.037326,-0.000000,-0.001015,1.570034,-0.300000,1.000000,1.100000,0.000000,0.000000,-1.571000,-0.299962,1.001465,1.065203,1.492503
1.874000,-0.000038,-0.001467,0.034797,-0.000031,-0.005645,-0.037326,-0.000000,-0.001015,1.570034,-0.300000,1.000000,1.100000,0.000000,0.000000,-1.571000,-0.299962,1.001467,1.065203,1.492505
1.876000,-0.000038,-0.001468,0.034797,-0.000031,-0.005645,-0.037326,-0.000000,-0.001015,1.570034,-0.300000,1.000000,1.100000,0.000000,0.000000,-1.571000,-0.299962,1.001468,1.065203,1.492506
1.878000,-0.000038,-0.001470,0.034797,-0.000031,-0.005645,-0.037326,-0.000000,-0.001015,1.570034,-0.300000,1.000000,1.100000,0.000000,0.000000,-1.571000,-0.299962,1.001470,1.065203,1.492507
1.880000,-0.000038,-0.001472,0.034797,-0.000031,-0.005645,-0.037326,-0.000000,-0.001015,1.570034,-0.300000,1.000000,1.100000,0.000000,0.000000,-1.571000,-0.299962,1.001472,1.065203,1.492508
1.882000,-0.000038,-0.001473,0.034797,-0.000031,-0.005645,-0.037326,-0.000000,-0.001015,1.570034,-0.300000,1.000000,1.100000,0.000000,0.000000,-1.571000,-0.299962,1.001473,1.065203,1.492509
1.884000,-0.000038,-0.001475,0.034797,-0.000031,-0.005645,-0.037326,-0.000000,-0.001015,1.570034,-0.300000,1.000000,1.100000,0.000000,0.000000,-1.571000,-0.299962,1.001475,1.065203,1.492510
1.886000,-0.000038,-0.001477,0.034797,-0.000031,-0.005645,-0.037326,-0.000000,-0.001015,1.570034,-0.300000,1.000000,1.100000,0.000000,0.000000,-1.571000,-0.299962,1.001477,1.065203,1.492511
1.888000,-0.000038,-0.001478,0.034797,-0.000031,-0.005645,-0.037326,-0.000000,-0.001015,1.570034,-0.300000,1.000000,1.100000,0.000000,0.000000,-1.571000,-0.299962,1.001478,1.065203,1.492512
1.890000,-0.000039,-0.001480,0.034797,-0.000031,-0.005645,-0.037326,-0.000000,-0.001015,1.570034,-0.300000,1.000000,1.100000,0.000000,0.000000,-1.571000,-0.299961,1.001480,1.065203,1.492513
1.892000,-0.000039,-0.001482,0.034797,-0.000031,-0.005645,-0.037326,-0.000000,-0.001015,1.570034,-0.300000,1.000000,1.100000,0.000000,0.000000,-1.571000,-0.299961,1.001482,1.065203,1.492515
1.894000,-0.000039,-0.001483,0.034797,-0.000031,-0.005645,-0.037326,-0.000000,-0.001015,1.570034,-0.300000,1.000000,1.100000,0.000000,0.000000,-1.571000,-0.299961,1.001483,1.065203,1.492516
1.896000,-0.000039,-0.001485,0.034797,-0.000031,-0.005645,-0.037326,-0.000000,-0.001015,1.570034,-0.300000,1.000000,1.100000,0.000000,0.000000,-1.571000,-0.299961,1.001485,1.065203,1.492517
1.898000,-0.000039,-0.001487,0.034797,-0.000031,-0.005645,-0.037326,-0.000000,-0.001015,1.570034,-0.300000,1.000000,1.100000,0.000000,0.000000,-1.571000,-0.299961,1.001487,1.065203,1.492518
1.900000,-0.000039,-0.001488,0.034797,-0.000031,-0.005645,-0.037326,-0.000000,-0.001015,1.570034,-0.300000,1.000000,1.100000,0.000000,0.000000,-1.571000,-0.299961,1.001488,1.065203,1.492519
1.902000,-0.000039,-0.001490,0.034797,-0.000031,-0.005645,-0.037326,-0.000000,-0.001015,1.570034,-0.300000,1.000000,1.100000,0.000000,0.000000,-1.571000,-0.299961,1.001490,1.065203,1.492520
1.904000,-0.000039,-0.001492,0.034797,-0.000031,-0.005645,-0.037326,-0.000000,-0.001015,1.570034,-0.300000,1.000000,1.100000,0.000000,0.000000,-1.571000,-0.299961,1.001492,1.065203,1.492521
1.906000,-0.000039,-0.001493,0.034797,-0.000031,-0.005645,-0.037326,-0.000000,-0.001015,1.570034,-0.300000,1.000000,1.100000,0.000000,0.000000,-1.571000,-0.299961,1.001493,1.065203,1.492522
1.908000,-0.000039,-0.001495,0.034797,-0.000031,-0.005645,-0.037326,-0.000000,-0.001015,1.570034,-0.300000,1.000000,1.100000,0.000000,0.000000,-1.571000,-0.299961,1.001495,1.065203,1.492523
1.910000,-0.000039,-0.001497,0.034797,-0.000031,-0.005645,-0.037326,-0.000000,-0.001015,1.570034,-0.300000,1.000000,1.100000,0.000000,0.000000,-1.571000,-0.299961,1.001497,1.065203,1.492525
1.912000,-0.000039,-0.001498,0.034797,-0.000031,-0.005645,-0.037326,-0.000000,-0.001015,1.570035,-0.300000,1.000000,1.100000,0.000000,0.000000,-1.571000,-0.299961,1.001498,1.065203,1.492526
1.914000,-0.000039,-0.001500,0.034797,-0.000031,-0.005645,-0.037326,-0.000000,-0.001015,1.570035,-0.300000,1.000000,1.100000,0.000000,0.000000,-1.571000,-0.299961,1.001500,1.065203,1.492527
1.916000,-0.000039,-0.001502,0.034797,-0.000031,-0.005645,-0.037326,-0.000000,-0.001015,1.570035,-0.300000,1.000000,1.100000,0.000000,0.000000,-1.571000,-0.299961,1.001502,1.065203,1.492528
1.918000,-0.000039,-0.001503,0.034797,-0.000031,-0.005645,-0.037326,-0.000000,-0.001015,1.570035,-0.300000,1.000000,1.100000,0.000000,0.000000,-1.571000,-0.299961,1.001503,1.065203,1.492529
1.920000,-0.000039,-0.001505,0.034797,-0.000031,-0.005645,-0.037326,-0.000000,-0.001015,1.570035,-0.300000,1.000000,1.100000,0.000000,0.000000,-1.571000,-0.299961,1.001505,1.065203,1.492530
1.922000,-0.000039,-0.001507,0.034797,-0.000031,-0.005645,-0.037326,-0.000000,-0.001015,1.570035,-0.300000,1.000000,1.100000,0.000000,0.000000,-1.571000,-0.299961,1.001507,1.065203,1.492531
1.924000,-0.000039,-0.001508,0.034797,-0.000031,-0.005645,-0.037326,-0.000000,-0.001015,1.570035,-0.300000,1.000000,1.100000,0.000000,0.000000,-1.571000,-0.299961,1.001508,1.065203,1.492532
1.926000,-0.000039,-0.001510,0.034797,-0.000031,-0.005645,-0.037326,-0.000000,-0.001015,1.570035,-0.300000,1.000000,1.100000,0.000000,0.000000,-1.571000,-0.299961,1.001510,1.065203,1.492533
1.928000,-0.000039,-0.001512,0.034797,-0.000031,-0.005645,-0.037326,-0.000000,-0.001015,1.570035,-0.300000,1.000000,1.100000,0.000000,0.000000,-1.571000,-0.299961,1.001512,1.065203,1.492535
1.930000,-0.000039,-0.001514,0.034797,-0.000031,-0.005645,-0.037326,-0.000000,-0.001015,1.570035,-0.300000,1.000000,1.100000,0.000000,0.000000,-1.571000,-0.299961,1.001514,1.065203,1.492536
1.932000,-0.000039,-0.001515,0.034797,-0.000031,-0.005645,-0.037326,-0.000000,-0.001015,1.570035,-0.300000,1.000000,1.100000,0.000000,0.000000,-1.571000,-0.299961,1.001515,1.065203,1.492537
1.934000,-0.000040,-0.001517,0.034797,-0.000031,-0.005645,-0.037326,-0.000000,-0.001015,1.570035,-0.300000,1.000000,1.100000,0.000000,0.000000,-1.571000,-0.299960,1.001517,1.065203,1.492538
1.936000,-0.000040,-0.001519,0.034797,-0.000031,-0.005645,-0.037326,-0.000000,-0.001015,1.570035,-0.300000,1.000000,1.100000,0.000000,0.000000,-1.571000,-0.299960,1.001519,1.065203,1.492539
1.938000,-0.000040,-0.001520,0.034797,-0.000031,-0.005645,-0.037326,-0.000000,-0.001015,1.570035,-0.300000,1.000000,1.100000,0.000000,0.000000,-1.571000,-0.299960,1.001520,1.065203,1.492540
1.940000,-0.000040,-0.001522,0.034797,-0.000031,-0.005645,-0.037326,-0.000000,-0.001015,1.570035,-0.300000,1.000000,1.100000,0.000000,0.000000,-1.571000,-0.299960,1.001522,1.065203,1.492541
1.942000,-0.000040,-0.001524,0.034797,-0.000031,-0.005645,-0.037326,-0.000000,-0.001015,1.570035,-0.300000,1.000000,1.100000,0.000000,0.000000,-1.571000,-0.299960,1.001524,1.065203,1.492542
1.944000,-0.000040,-0.001525,0.034797,-0.000031,-0.005645,-0.037326,-0.000000,-0.001015,1.570035,-0.300000,1.000000,1.100000,0.000000,0.000000,-1.571000,-0.299960,1.001525,1.065203,1.492544
1.946000,-0.000040,-0.001527,0.034797,-0.000031,-0.005645,-0.037326,-0.000000,-0.001015,1.570035,-0.300000,1.000000,1.100000,0.000000,0.000000,-1.571000,-0.299960,1.001527,1.065203,1.492545
1.948000,-0.000040,-0.001529,0.034797,-0.000031,-0.005645,-0.037326,-0.000000,-0.001015,1.570035,-0.300000,1.000000,1.100000,0.000000,0.000000,-1.571000,-0.299960,1.001529,1.065203,1.492546
1.950000,-0.000040,-0.001530,0.034797,-0.000031,-0.005645,-0.037326,-0.000000,-0.001015,1.570035,-0.300000,1.000000,1.100000,0.000000,0.000000,-1.571000,-0.299960,1.001530,1.065203,1.492547
1.952000,-0.000040,-0.001532,0.034797,-0.000031,-0.005645,-0.037326,-0.000000,-0.001015,1.570035,-0.300000,1.000000,1.100000,0.000000,0.000000,-1.571000,-0.299960,1.001532,1.065203,1.492548
1.954000,-0.000040,-0.001534,0.034797,-0.000031,-0.005645,-0.037326,-0.000000,-0.001015,1.570035,-0.300000,1.000000,1.100000,0.000000,0.000000,-1.571000,-0.299960,1.001534,1.065203,1.492549
1.956000,-0.000040,-0.001535,0.034797,-0.000031,-0.005645,-0.037326,-0.000000,-0.001015,1.570035,-0.300000,1.000000,1.100000,0.000000,0.000000,-1.571000,-0.299960,1.001535,1.065203,1.492550
1.958000,-0.000040,-0.001537,0.034797,-0.000031,-0.005645,-0.037326,-0.000000,-0.001015,1.570035,-0.300000,1.000000,1.100000,0.000000,0.000000,-1.571000,-0.299960,1.001537,1.065203,1.492551
1.960000,-0.000040,-0.001539,0.034797,-0.000031,-0.005645,-0.037326,-0.000000,-0.001015,1.570035,-0.300000,1.000000,1.100000,0.000000,0.000000,-1.571000,-0.299960,1.001539,1.065203,1.492552
1.962000,-0.000040,-0.001540,0.034797,-0.000031,-0.005645,-0.037326,-0.000000,-0.001015,1.570035,-0.300000,1.000000,1.100000,0.000000,0.000000,-1.571000,-0.299960,1.001540,1.065203,1.492554
1.964000,-0.000040,-0.001542,0.034797,-0.000031,-0.005645,-0.037326,-0.000000,-0.001015,1.570036,-0.300000,1.000000,1.100000,0.000000,0.000000,-1.571000,-0.299960,1.001542,1.065203,1.492555
1.966000,-0.000040,-0.001544,0.034797,-0.000031,-0.005645,-0.037326,-0.000000,-0.001015,1.570036,-0.300000,1.000000,1.100000,0.000000,0.000000,-1.571000,-0.299960,1.001544,1.065203,1.492556
1.968000,-0.000040,-0.001545,0.034797,-0.000031,-0.005645,-0.037326,-0.000000,-0.001015,1.570036,-0.300000,1.000000,1.100000,0.000000,0.000000,-1.571000,-0.299960,1.001545,1.065203,1.492557
1.970000,-0.000040,-0.001547,0.034797,-0.000031,-0.005645,-0.037326,-0.000000,-0.001015,1.570036,-0.300000,1.000000,1.100000,0.000000,0.000000,-1.571000,-0.299960,1.001547,1.065203,1.492558
1.972000,-0.000040,-0.001549,0.034797,-0.000031,-0.005645,-0.037326,-0.000000,-0.001015,1.570036,-0.300000,1.000000,1.100000,0.000000,0.000000,-1.571000,-0.299960,1.001549,1.065203,1.492559
1.974000,-0.000040,-0.001550,0.034797,-0.000031,-0.005645,-0.037326,-0.000000,-0.001015,1.570036,-0.300000,1.000000,1.100000,0.000000,0.000000,-1.571000,-0.299960,1.001550,1.065203,1.492560
1.976000,-0.000040,-0.001552,0.034797,-0.000031,-0.005645,-0.037326,-0.000000,-0.001015,1.570036,-0.300000,1.000000,1.100000,0.000000,0.000000,-1.571000,-0.299960,1.001552,1.065203,1.492561
1.978000,-0.000041,-0.001554,0.034797,-0.000031,-0.005645,-0.037326,-0.000000,-0.001015,1.570036,-0.300000,1.000000,1.100000,0.000000,0.000000,-1.571000,-0.299959,1.001554,1.065203,1.492562
1.980000,-0.000041,-0.001555,0.034797,-0.000031,-0.005645,-0.037326,-0.000000,-0.001015,1.570036,-0.300000,1.000000,1.100000,0.000000,0.000000,-1.571000,-0.299959,1.001555,1.065203,1.492564
1.982000,-0.000041,-0.001557,0.034797,-0.000031,-0.005645,-0.037326,-0.000000,-0.001015,1.570036,-0.300000,1.000000,1.100000,0.000000,0.000000,-1.571000,-0.299959,1.001557,1.065203,1.492565
1.984000,-0.000041,-0.001559,0.034797,-0.000031,-0.005645,-0.037326,-0.000000,-0.001015,1.570036,-0.300000,1.000000,1.100000,0.000000,0.000000,-1.571000,-0.299959,1.001559,1.065203,1.492566
1.986000,-0.000041,-0.001560,0.034797,-0.000031,-0.005645,-0.037326,-0.000000,-0.001015,1.570036,-0.300000,1.000000,1.100000,0.000000,0.000000,-1.571000,-0.299959,1.001560,1.065203,1.492567
1.988000,-0.000041,-0.001562,0.034797,-0.000031,-0.005645,-0.037326,-0.000000,-0.001015,1.570036,-0.300000,1.000000,1.100000,0.000000,0.000000,-1.571000,-0.299959,1.001562,1.065203,1.492568
1.990000,-0.000041,-0.001564,0.034797,-0.000031,-0.005645,-0.037326,-0.000000,-0.001015,1.570036,-0.300000,1.000000,1.100000,0.000000,0.000000,-1.571000,-0.299959,1.001564,1.065203,1.492569
1.992000,-0.000041,-0.001565,0.034797,-0.000031,-0.005645,-0.037326,-0.000000,-0.001015,1.570036,-0.300000,1.000000,1.100000,0.000000,0.000000,-1.571000,-0.299959,1.001565,1.065203,1.492570
1.994000,-0.000041,-0.001567,0.034797,-0.000031,-0.005645,-0.037326,-0.000000,-0.001015,1.570036,-0.300000,1.000000,1.100000,0.000000,0.000000,-1.571000,-0.299959,1.001567,1.065203,1.492571
1.996000,-0.000041,-0.001569,0.034797,-0.000031,-0.005645,-0.037326,-0.000000,-0.001015,1.570036,-0.300000,1.000000,1.100000,0.000000,0.000000,-1.571000,-0.299959,1.001569,1.065203,1.492573
1.998000,-0.000041,-0.001570,0.034797,-0.000031,-0.005645,-0.037326,-0.000000,-0.001015,1.570036,-0.300000,1.000000,1.100000,0.000000,0.000000,-1.571000,-0.299959,1.001570,1.065203,1.492574
2.000000,-0.000041,-0.001572,0.034797,-0.000031,-0.005645,-0.037326,-0.000000,-0.001015,1.570036,-0.300000,1.000000,1.100000,0.000000,0.000000,-1.571000,-0.299959,1.001572,1.065203,1.492575
2.002000,-0.000041,-0.001574,0.034797,-0.000031,-0.005645,-0.037326,-0.000000,-0.001015,1.570036,-0.300000,1.000000,1.100000,0.000000,0.000000,-1.571000,-0.299959,1.001574,1.065203,1.492576
2.004000,-0.000041,-0.001575,0.034797,-0.000031,-0.005645,-0.037326,-0.000000,-0.001015,1.570036,-0.300000,1.000000,1.100000,0.000000,0.000000,-1.571000,-0.299959,1.001575,1.065203,1.492577
2.006000,-0.000041,-0.001577,0.034797,-0.000031,-0.005645,-0.037326,-0.000000,-0.001015,1.570036,-0.300000,1.000000,1.100000,0.000000,0.000000,-1.571000,-0.299959,1.001577,1.065203,1.492578
2.008000,-0.000041,-0.001579,0.034797,-0.000031,-0.005645,-0.037326,-0.000000,-0.001015,1.570036,-0.300000,1.000000,1.100000,0.000000,0.000000,-1.571000,-0.299959,1.001579,1.065203,1.492579
2.010000,-0.000041,-0.001581,0.034797,-0.000031,-0.005645,-0.037326,-0.000000,-0.001015,1.570036,-0.300000,1.000000,1.100000,0.000000,0.000000,-1.571000,-0.299959,1.001581,1.065203,1.492580
2.012000,-0.000041,-0.001582,0.034797,-0.000031,-0.005645,-0.037326,-0.000000,-0.001015,1.570036,-0.300000,1.000000,1.100000,0.000000,0.000000,-1.571000,-0.299959,1.001582,1.065203,1.492581
2.014000,-0.000041,-0.001584,0.034797,-0.000031,-0.005645,-0.037326,-0.000000,-0.001015,1.570037,-0.300000,1.000000,1.100000,0.000000,0.000000,-1.571000,-0.299959,1.001584,1.065203,1.492583
2.016000,-0.000041,-0.001586,0.034797,-0.000031,-0.005645,-0.037326,-0.000000,-0.001015,1.570037,-0.300000,1.000000,1.100000,0.000000,0.000000,-1.571000,-0.299959,1.001586,1.065203,1.492584
2.018000,-0.000041,-0.001587,0.034797,-0.000031,-0.005645,-0.037326,-0.000000,-0.001015,1.570037,-0.300000,1.000000,1.100000,0.000000,0.000000,-1.571000,-0.299959,1.001587,1.065203,1.492585
2.020000,-0.000041,-0.001589,0.034797,-0.000031,-0.005645,-0.037326,-0.000000,-0.001015,1.570037,-0.300000,1.000000,1.100000,0.000000,0.000000,-1.571000,-0.299959,1.001589,1.065203,1.492586
2.022000,-0.000041,-0.001591,0.034797,-0.000031,-0.005645,-0.037326,-0.000000,-0.001015,1.570037,-0.300000,1.000000,1.100000,0.000000,0.000000,-1.571000,-0.299959,1.001591,1.065203,1.492587
2.024000,-0.000042,-0.001592,0.034797,-0.000031,-0.005645,-0.037326,-0.000000,-0.001015,1.570037,-0.300000,1.000000,1.100000,0.000000,0.000000,-1.571000,-0.299958,1.001592,1.065203,1.492588
2.026000,-0.000042,-0.001594,0.034797,-0.000031,-0.005645,-0.037326,-0.000000,-0.001015,1.570037,-0.300000,1.000000,1.100000,0.000000,0.000000,-1.571000,-0.299958,1.001594,1.065203,1.492589
2.028000,-0.000042,-0.001596,0.034797,-0.000031,-0.005645,-0.037326,-0.000000,-0.001015,1.570037,-0.300000,1.000000,1.100000,0.000000,0.000000,-1.571000,-0.299958,1.001596,1.065203,1.492590
2.030000,-0.000042,-0.001597,0.034797,-0.000031,-0.005645,-0.037326,-0.000000,-0.001015,1.570037,-0.300000,1.000000,1.100000,0.000000,0.000000,-1.571000,-0.299958,1.001597,1.065203,1.492591
2.032000,-0.000042,-0.001599,0.034797,-0.000031,-0.005645,-0.037326,-0.000000,-0.001015,1.570037,-0.300000,1.000000,1.100000,0.000000,0.000000,-1.571000,-0.299958,1.001599,1.065203,1.492593
2.034000,-0.000042,-0.001601,0.034797,-0.000031,-0.005645,-0.037326,-0.000000,-0.001015,1.570037,-0.300000,1.000000,1.100000,0.000000,0.000000,-1.571000,-0.299958,1.001601,1.065203,1.492594
2.036000,-0.000042,-0.001602,0.034797,-0.000031,-0.005645,-0.037326,-0.000000,-0.001015,1.570037,-0.300000,1.000000,1.100000,0.000000,0.000000,-1.571000,-0.299958,1.001602,1.065203,1.492595
2.038000,-0.000042,-0.001604,0.034797,-0.000031,-0.005645,-0.037326,-0.000000,-0.001015,1.570037,-0.300000,1.000000,1.100000,0.000000,0.000000,-1.571000,-0.299958,1.001604,1.065203,1.492596
2.040000,-0.000042,-0.001606,0.034797,-0.000031,-0.005645,-0.037326,-0.000000,-0.001015,1.570037,-0.300000,1.000000,1.100000,0.000000,0.000000,-1.571000,-0.299958,1.001606,1.065203,1.492597
2.042000,-0.000042,-0.001607,0.034797,-0.000031,-0.005645,-0.037326,-0.000000,-0.001015,1.570037,-0.300000,1.000000,1.100000,0.000000,0.000000,-1.571000,-0.299958,1.001607,1.065203,1.492598
2.044000,-0.000042,-0.001609,0.034797,-0.000031,-0.005645,-0.037326,-0.000000,-0.001015,1.570037,-0.300000,1.000000,1.100000,0.000000,0.000000,-1.571000,-0.299958,1.001609,1.065203,1.492599
2.046000,-0.000042,-0.001611,0.034797,-0.000031,-0.005645,-0.037326,-0.000000,-0.001015,1.570037,-0.300000,1.000000,1.100000,0.000000,0.000000,-1.571000,-0.299958,1.001611,1.065203,1.492600
2.048000,-0.000042,-0.001612,0.034797,-0.000031,-0.005645,-0.037326,-0.000000,-0.001015,1.570037,-0.300000,1.000000,1.100000,0.000000,0.000000,-1.571000,-0.299958,1.001612,1.065203,1.492601
2.050000,-0.000042,-0.001614,0.034797,-0.000031,-0.005645,-0.037326,-0.000000,-0.001015,1.570037,-0.300000,1.000000,1.100000,0.000000,0.000000,-1.571000,-0.299958,1.001614,1.065203,1.492603
2.052000,-0.000042,-0.001616,0.034797,-0.000031,-0.005645,-0.037326,-0.000000,-0.001015,1.570037,-0.300000,1.000000,1.100000,0.000000,0.000000,-1.571000,-0.299958,1.001616,1.065203,1.492604
2.054000,-0.000042,-0.001617,0.034797,-0.000031,-0.005645,-0.037326,-0.000000,-0.001015,1.570037,-0.300000,1.000000,1.100000,0.000000,0.000000,-1.571000,-0.299958,1.001617,1.065203,1.492605
2.056000,-0.000042,-0.001619,0.034797,-0.000031,-0.005645,-0.037326,-0.000000,-0.001015,1.570037,-0.300000,1.000000,1.100000,0.000000,0.000000,-1.571000,-0.299958,1.001619,1.065203,1.492606
2.058000,-0.000042,-0.001621,0.034797,-0.000031,-0.005645,-0.037326,-0.000000,-0.001015,1.570037,-0.300000,1.000000,1.100000,0.000000,0.000000,-1.571000,-0.299958,1.001621,1.065203,1.492607
2.060000,-0.000042,-0.001622,0.034797,-0.000031,-0.005645,-0.037326,-0.000000,-0.001015,1.570037,-0.300000,1.000000,1.100000,0.000000,0.000000,-1.571000,-0.299958,1.001622,1.065203,1.492608
2.062000,-0.000042,-0.001624,0.034797,-0.000031,-0.005645,-0.037326,-0.000000,-0.001015,1.570037,-0.300000,1.000000,1.100000,0.000000,0.000000,-1.571000,-0.299958,1.001624,1.065203,1.492609
2.064000,-0.000042,-0.001626,0.034797,-0.000031,-0.005645,-0.037326,-0.000000,-0.001015,1.570038,-0.300000,1.000000,1.100000,0.000000,0.000000,-1.571000,-0.299958,1.001626,1.065203,1.492610
2.066000,-0.000042,-0.001627,0.034797,-0.000031,-0.005645,-0.037326,-0.000000,-0.001015,1.570038,-0.300000,1.000000,1.100000,0.000000,0.000000,-1.571000,-0.299958,1.001627,1.065203,1.492612
2.068000,-0.000043,-0.001629,0.034797,-0.000031,-0.005645,-0.037326,-0.000000,-0.001015,1.570038,-0.300000,1.000000,1.100000,0.000000,0.000000,-1.571000,-0.299957,1.001629,1.065203,1.492613
2.070000,-0.000043,-0.001631,0.034797,-0.000031,-0.005645,-0.037326,-0.000000,-0.001015,1.570038,-0.300000,1.000000,1.100000,0.000000,0.000000,-1.571000,-0.299957,1.001631,1.065203,1.492614
2.072000,-0.000043,-0.001632,0.034797,-0.000031,-0.005645,-0.037326,-0.000000,-0.001015,1.570038,-0.300000,1.000000,1.100000,0.000000,0.000000,-1.571000,-0.299957,1.001632,1.065203,1.492615
2.074000,-0.000043,-0.001634,0.034797,-0.000031,-0.005645,-0.037326,-0.000000,-0.001015,1.570038,-0.300000,1.000000,1.100000,0.000000,0.000000,-1.571000,-0.299957,1.001634,1.065203,1.492616
2.076000,-0.000043,-0.001636,0.034797,-0.000031,-0.005645,-0.037326,-0.000000,-0.001015,1.570038,-0.300000,1.000000,1.100000,0.000000,0.000000,-1.571000,-0.299957,1.001636,1.065203,1.492617
2.078000,-0.000043,-0.001637,0.034797,-0.000031,-0.005645,-0.037326,-0.000000,-0.001015,1.570038,-0.300000,1.000000,1.100000,0.000000,0.000000,-1.571000,-0.299957,1.001637,1.065203,1.492618
2.080000,-0.000043,-0.001639,0.034797,-0.000031,-0.005645,-0.037326,-0.000000,-0.001015,1.570038,-0.300000,1.000000,1.100000,0.000000,0.000000,-1.571000,-0.299957,1.001639,1.065203,1.492619
2.082000,-0.000043,-0.001641,0.034797,-0.000031,-0.005645,-0.037326,-0.000000,-0.001015,1.570038,-0.300000,1.000000,1.100000,0.000000,0.000000,-1.571000,-0.299957,1.001641,1.065203,1.492620
2.084000,-0.000043,-0.001642,0.034797,-0.000031,-0.005645,-0.037326,-0.000000,-0.001015,1.570038,-0.300000,1.000000,1.100000,0.000000,0.000000,-1.571000,-0.299957,1.001642,1.065203,1.492622
2.086000,-0.000043,-0.001644,0.034797,-0.000031,-0.005645,-0.037326,-0.000000,-0.001015,1.570038,-0.300000,1.000000,1.100000,0.000000,0.000000,-1.571000,-0.299957,1.001644,1.065203,1.492623
2.088000,-0.000043,-0.001646,0.034797,-0.000031,-0.005645,-0.037326,-0.000000,-0.001015,1.570038,-0.300000,1.000000,1.100000,0.000000,0.000000,-1.571000,-0.299957,1.001646,1.065203,1.492624
2.090000,-0.000043,-0.001647,0.034797,-0.000031,-0.005645,-0.037326,-0.000000,-0.001015,1.570038,-0.300000,1.000000,1.100000,0.000000,0.000000,-1.571000,-0.299957,1.001647,1.065203,1.492625
2.092000,-0.000043,-0.001649,0.034797,-0.000031,-0.005645,-0.037326,-0.000000,-0.001015,1.570038,-0.300000,1.000000,1.100000,0.000000,0.000000,-1.571000,-0.299957,1.001649,1.065203,1.492626
2.094000,-0.000043,-0.001651,0.034797,-0.000031,-0.005645,-0.037326,-0.000000,-0.001015,1.570038,-0.300000,1.000000,1.100000,0.000000,0.000000,-1.571000,-0.299957,1.001651,1.065203,1.492627
2.096000,-0.000043,-0.001653,0.034797,-0.000031,-0.005645,-0.037326,-0.000000,-0.001015,1.570038,-0.300000,1.000000,1.100000,0.000000,0.000000,-1.571000,-0.299957,1.001653,1.065203,1.492628
2.098000,-0.000043,-0.001654,0.034797,-0.000031,-0.005645,-0.037326,-0.000000,-0.001015,1.570038,-0.300000,1.000000,1.100000,0.000000,0.000000,-1.571000,-0.299957,1.001654,1.065203,1.492629
2.100000,-0.000043,-0.001656,0.034797,-0.000031,-0.005645,-0.037326,-0.000000,-0.001015,1.570038,-0.300000,1.000000,1.100000,0.000000,0.000000,-1.571000,-0.299957,1.001656,1.065203,1.492630
2.102000,-0.000043,-0.001658,0.034797,-0.000031,-0.005645,-0.037326,-0.000000,-0.001015,1.570038,-0.300000,1.000000,1.100000,0.000000,0.000000,-1.571000,-0.299957,1.001658,1.065203,1.492632
2.104000,-0.000043,-0.001659,0.034797,-0.000031,-0.005645,-0.037326,-0.000000,-0.001015,1.570038,-0.300000,1.000000,1.100000,0.000000,0.000000,-1.571000,-0.299957,1.001659,1.065203,1.492633
2.106000,-0.000043,-0.001661,0.034797,-0.000031,-0.005645,-0.037326,-0.000000,-0.001015,1.570038,-0.300000,1.000000,1.100000,0.000000,0.000000,-1.571000,-0.299957,1.001661,1.065203,1.492634
2.108000,-0.000043,-0.001663,0.034797,-0.000031,-0.005645,-0.037326,-0.000000,-0.001015,1.570038,-0.300000,1.000000,1.100000,0.000000,0.000000,-1.571000,-0.299957,1.001663,1.065203,1.492635
2.110000,-0.000043,-0.001664,0.034797,-0.000031,-0.005645,-0.037326,-0.000000,-0.001015,1.570038,-0.300000,1.000000,1.100000,0.000000,0.000000,-1.571000,-0.299957,1.001664,1.065203,1.492636
2.112000,-0.000044,-0.001666,0.034797,-0.000031,-0.005645,-0.037326,-0.000000,-0.001015,1.570038,-0.300000,1.000000,1.100000,0.000000,0.000000,-1.571000,-0.299956,1.001666,1.065203,1.492637
2.114000,-0.000044,-0.001668,0.034797,-0.000031,-0.005645,-0.037326,-0.000000,-0.001015,1.570038,-0.300000,1.000000,1.100000,0.000000,0.000000,-1.571000,-0.299956,1.001668,1.065203,1.492638
2.116000,-0.000044,-0.001669,0.034797,-0.000031,-0.005645,-0.037326,-0.000000,-0.001015,1.570039,-0.300000,1.000000,1.100000,0.000000,0.000000,-1.571000,-0.299956,1.001669,1.065203,1.492639
2.118000,-0.000044,-0.001671,0.034797,-0.000031,-0.005645,-0.037326,-0.000000,-0.001015,1.570039,-0.300000,1.000000,1.100000,0.000000,0.000000,-1.571000,-0.299956,1.001671,1.065203,1.492641
2.120000,-0.000044,-0.001673,0.034797,-0.000031,-0.005645,-0.037326,-0.000000,-0.001015,1.570039,-0.300000,1.000000,1.100000,0.000000,0.000000,-1.571000,-0.299956,1.001673,1.065203,1.492642
2.122000,-0.000044,-0.001674,0.034797,-0.000031,-0.005645,-0.037326,-0.000000,-0.001015,1.570039,-0.300000,1.000000,1.100000,0.000000,0.000000,-1.571000,-0.299956,1.001674,1.065203,1.492643
2.124000,-0.000044,-0.001676,0.034797,-0.000031,-0.005645,-0.037326,-0.000000,-0.001015,1.570039,-0.300000,1.000000,1.100000,0.000000,0.000000,-1.571000,-0.299956,1.001676,1.065203,1.492644
2.126000,-0.000044,-0.001678,0.034797,-0.000031,-0.005645,-0.037326,-0.000000,-0.001015,1.570039,-0.300000,1.000000,1.100000,0.000000,0.000000,-1.571000,-0.299956,1.001678,1.065203,1.492645
2.128000,-0.000044,-0.001679,0.034797,-0.000031,-0.005645,-0.037326,-0.000000,-0.001015,1.570039,-0.300000,1.000000,1.100000,0.000000,0.000000,-1.571000,-0.299956,1.001679,1.065203,1.492646
2.130000,-0.000044,-0.001681,0.034797,-0.000031,-0.005645,-0.037326,-0.000000,-0.001015,1.570039,-0.300000,1.000000,1.100000,0.000000,0.000000,-1.571000,-0.299956,1.001681,1.065203,1.492647
2.132000,-0.000044,-0.001683,0.034797,-0.000031,-0.005645,-0.037326,-0.000000,-0.001015,1.570039,-0.300000,1.000000,1.100000,0.000000,0.000000,-1.571000,-0.299956,1.001683,1.065203,1.492648
2.134000,-0.000044,-0.001684,0.034797,-0.000031,-0.005645,-0.037326,-0.000000,-0.001015,1.570039,-0.300000,1.000000,1.100000,0.000000,0.000000,-1.571000,-0.299956,1.001684,1.065203,1.492649
2.136000,-0.000044,-0.001686,0.034797,-0.000031,-0.005645,-0.037326,-0.000000,-0.001015,1.570039,-0.300000,1.000000,1.100000,0.000000,0.000000,-1.571000,-0.299956,1.001686,1.065203,1.492651
2.138000,-0.000044,-0.001688,0.034797,-0.000031,-0.005645,-0.037326,-0.000000,-0.001015,1.570039,-0.300000,1.000000,1.100000,0.000000,0.000000,-1.571000,-0.299956,1.001688,1.065203,1.492652
2.140000,-0.000044,-0.001689,0.034797,-0.000031,-0.005645,-0.037326,-0.000000,-0.001015,1.570039,-0.300000,1.000000,1.100000,0.000000,0.000000,-1.571000,-0.299956,1.001689,1.065203,1.492653
2.142000,-0.000044,-0.001691,0.034797,-0.000031,-0.005645,-0.037326,-0.000000,-0.001015,1.570039,-0.300000,1.000000,1.100000,0.000000,0.000000,-1.571000,-0.299956,1.001691,1.065203,1.492654
2.144000,-0.000044,-0.001693,0.034797,-0.000031,-0.005645,-0.037326,-0.000000,-0.001015,1.570039,-0.300000,1.000000,1.100000,0.000000,0.000000,-1.571000,-0.299956,1.001693,1.065203,1.492655
2.146000,-0.000044,-0.001694,0.034797,-0.000031,-0.005645,-0.037326,-0.000000,-0.001015,1.570039,-0.300000,1.000000,1.100000,0.000000,0.000000,-1.571000,-0.299956,1.001694,1.065203,1.492656
2.148000,-0.000044,-0.001696,0.034797,-0.000031,-0.005645,-0.037326,-0.000000,-0.001015,1.570039,-0.300000,1.000000,1.100000,0.000000,0.000000,-1.571000,-0.299956,1.001696,1.065203,1.492657
2.150000,-0.000044,-0.001698,0.034797,-0.000031,-0.005645,-0.037326,-0.000000,-0.001015,1.570039,-0.300000,1.000000,1.100000,0.000000,0.000000,-1.571000,-0.299956,1.001698,1.065203,1.492658
2.152000,-0.000044,-0.001699,0.034797,-0.000031,-0.005645,-0.037326,-0.000000,-0.001015,1.570039,-0.300000,1.000000,1.100000,0.000000,0.000000,-1.571000,-0.299956,1.001699,1.065203,1.492659
2.154000,-0.000044,-0.001701,0.034797,-0.000031,-0.005645,-0.037326,-0.000000,-0.001015,1.570039,-0.300000,1.000000,1.100000,0.000000,0.000000,-1.571000,-0.299956,1.001701,1.065203,1.492661
2.156000,-0.000044,-0.001703,0.034797,-0.000031,-0.005645,-0.037326,-0.000000,-0.001015,1.570039,-0.300000,1.000000,1.100000,0.000000,0.000000,-1.571000,-0.299956,1.001703,1.065203,1.492662
2.158000,-0.000045,-0.001704,0.034797,-0.000031,-0.005645,-0.037326,-0.000000,-0.001015,1.570039,-0.300000,1.000000,1.100000,0.000000,0.000000,-1.571000,-0.299955,1.001704,1.065203,1.492663
2.160000,-0.000045,-0.001706,0.034797,-0.000031,-0.005645,-0.037326,-0.000000,-0.001015,1.570039,-0.300000,1.000000,1.100000,0.000000,0.000000,-1.571000,-0.299955,1.001706,1.065203,1.492664
2.162000,-0.000045,-0.001708,0.034797,-0.000031,-0.005645,-0.037326,-0.000000,-0.001015,1.570039,-0.300000,1.000000,1.100000,0.000000,0.000000,-1.571000,-0.299955,1.001708,1.065203,1.492665
2.164000,-0.000045,-0.001709,0.034797,-0.000031,-0.005645,-0.037326,-0.000000,-0.001015,1.570039,-0.300000,1.000000,1.100000,0.000000,0.000000,-1.571000,-0.299955,1.001709,1.065203,1.492666
2.166000,-0.000045,-0.001711,0.034797,-0.000031,-0.005645,-0.037326,-0.000000,-0.001015,1.570040,-0.300000,1.000000,1.100000,0.000000,0.000000,-1.571000,-0.299955,1.001711,1.065203,1.492667
2.168000,-0.000045,-0.001713,0.034797,-0.000031,-0.005645,-0.037326,-0.000000,-0.001015,1.570040,-0.300000,1.000000,1.100000,0.000000,0.000000,-1.571000,-0.299955,1.001713,1.065203,1.492668
2.170000,-0.000045,-0.001714,0.034797,-0.000031,-0.005645,-0.037326,-0.000000,-0.001015,1.570040,-0.300000,1.000000,1.100000,0.000000,0.000000,-1.571000,-0.299955,1.001714,1.065203,1.492669
2.172000,-0.000045,-0.001716,0.034797,-0.000031,-0.005645,-0.037326,-0.000000,-0.001015,1.570040,-0.300000,1.000000,1.100000,0.000000,0.000000,-1.571000,-0.299955,1.001716,1.065203,1.492671
2.174000,-0.000045,-0.001718,0.034797,-0.000031,-0.005645,-0.037326,-0.000000,-0.001015,1.570040,-0.300000,1.000000,1.100000,0.000000,0.000000,-1.571000,-0.299955,1.001718,1.065203,1.492672
2.176000,-0.000045,-0.001720,0.034797,-0.000031,-0.005645,-0.037326,-0.000000,-0.001015,1.570040,-0.300000,1.000000,1.100000,0.000000,0.000000,-1.571000,-0.299955,1.001720,1.065203,1.492673
2.178000,-0.000045,-0.001721,0.034797,-0.000031,-0.005645,-0.037326,-0.000000,-0.001015,1.570040,-0.300000,1.000000,1.100000,0.000000,0.000000,-1.571000,-0.299955,1.001721,1.065203,1.492674
2.180000,-0.000045,-0.001723,0.034797,-0.000031,-0.005645,-0.037326,-0.000000,-0.001015,1.570040,-0.300000,1.000000,1.100000,0.000000,0.000000,-1.571000,-0.299955,1.001723,1.065203,1.492675
2.182000,-0.000045,-0.001725,0.034797,-0.000031,-0.005645,-0.037326,-0.000000,-0.001015,1.570040,-0.300000,1.000000,1.100000,0.000000,0.000000,-1.571000,-0.299955,1.001725,1.065203,1.492676
2.184000,-0.000045,-0.001726,0.034797,-0.000031,-0.005645,-0.037326,-0.000000,-0.001015,1.570040,-0.300000,1.000000,1.100000,0.000000,0.000000,-1.571000,-0.299955,1.001726,1.065203,1.492677
2.186000,-0.000045,-0.001728,0.034797,-0.000031,-0.005645,-0.037326,-0.000000,-0.001015,1.570040,-0.300000,1.000000,1.100000,0.000000,0.000000,-1.571000,-0.299955,1.001728,1.065203,1.492678
2.188000,-0.000045,-0.001730,0.034797,-0.000031,-0.005645,-0.037326,-0.000000,-0.001015,1.570040,-0.300000,1.000000,1.100000,0.000000,0.000000,-1.571000,-0.299955,1.001730,1.065203,1.492680
2.190000,-0.000045,-0.001731,0.034797,-0.000031,-0.005645,-0.037326,-0.000000,-0.001015,1.570040,-0.300000,1.000000,1.100000,0.000000,0.000000,-1.571000,-0.299955,1.001731,1.065203,1.492681
2.192000,-0.000045,-0.001733,0.034797,-0.000031,-0.005645,-0.037326,-0.000000,-0.001015,1.570040,-0.300000,1.000000,1.100000,0.000000,0.000000,-1.571000,-0.299955,1.001733,1.065203,1.492682
2.194000,-0.000045,-0.001735,0.034797,-0.000031,-0.005645,-0.037326,-0.000000,-0.001015,1.570040,-0.300000,1.000000,1.100000,0.000000,0.000000,-1.571000,-0.299955,1.001735,1.065203,1.492683
2.196000,-0.000045,-0.001736,0.034797,-0.000031,-0.005645,-0.037326,-0.000000,-0.001015,1.570040,-0.300000,1.000000,1.100000,0.000000,0.000000,-1.571000,-0.299955,1.001736,1.065203,1.492684
2.198000,-0.000045,-0.001738,0.034797,-0.000031,-0.005645,-0.037326,-0.000000,-0.001015,1.570040,-0.300000,1.000000,1.100000,0.000000,0.000000,-1.571000,-0.299955,1.001738,1.065203,1.492685
2.200000,-0.000045,-0.001740,0.034797,-0.000031,-0.005645,-0.037326,-0.000000,-0.001015,1.570040,-0.300000,1.000000,1.100000,0.000000,0.000000,-1.571000,-0.299955,1.001740,1.065203,1.492686
2.202000,-0.000046,-0.001741,0.034797,-0.000031,-0.005645,-0.037326,-0.000000,-0.001015,1.570040,-0.300000,1.000000,1.100000,0.000000,0.000000,-1.571000,-0.299954,1.001741,1.065203,1.492687
2.204000,-0.000046,-0.001743,0.034797,-0.000031,-0.005645,-0.037326,-0.000000,-0.001015,1.570040,-0.300000,1.000000,1.100000,0.000000,0.000000,-1.571000,-0.299954,1.001743,1.065203,1.492688
2.206000,-0.000046,-0.001745,0.034797,-0.000031,-0.005645,-0.037326,-0.000000,-0.001015,1.570040,-0.300000,1.000000,1.100000,0.000000,0.000000,-1.571000,-0.299954,1.001745,1.065203,1.492690
2.208000,-0.000046,-0.001746,0.034797,-0.000031,-0.005645,-0.037326,-0.000000,-0.001015,1.570040,-0.300000,1.000000,1.100000,0.000000,0.000000,-1.571000,-0.299954,1.001746,1.065203,1.492691
2.210000,-0.000046,-0.001748,0.034797,-0.000031,-0.005645,-0.037326,-0.000000,-0.001015,1.570040,-0.300000,1.000000,1.100000,0.000000,0.000000,-1.571000,-0.299954,1.001748,1.065203,1.492692
2.212000,-0.000046,-0.001750,0.034797,-0.000031,-0.005645,-0.037326,-0.000000,-0.001015,1.570040,-0.300000,1.000000,1.100000,0.000000,0.000000,-1.571000,-0.299954,1.001750,1.065203,1.492693
2.214000,-0.000046,-0.001751,0.034797,-0.000031,-0.005645,-0.037326,-0.000000,-0.001015,1.570040,-0.300000,1.000000,1.100000,0.000000,0.000000,-1.571000,-0.299954,1.001751,1.065203,1.492694
2.216000,-0.000046,-0.001753,0.034797,-0.000031,-0.005645,-0.037326,-0.000000,-0.001015,1.570041,-0.300000,1.000000,1.100000,0.000000,0.000000,-1.571000,-0.299954,1.001753,1.065203,1.492695
2.218000,-0.000046,-0.001755,0.034797,-0.000031,-0.005645,-0.037326,-0.000000,-0.001015,1.570041,-0.300000,1.000000,1.100000,0.000000,0.000000,-1.571000,-0.299954,1.001755,1.065203,1.492696
2.220000,-0.000046,-0.001756,0.034797,-0.000031,-0.005645,-0.037326,-0.000000,-0.001015,1.570041,-0.300000,1.000000,1.100000,0.000000,0.000000,-1.571000,-0.299954,1.001756,1.065203,1.492697
2.222000,-0.000046,-0.001758,0.034797,-0.000031,-0.005645,-0.037326,-0.000000,-0.001015,1.570041,-0.300000,1.000000,1.100000,0.000000,0.000000,-1.571000,-0.299954,1.001758,1.065203,1.492698
2.224000,-0.000046,-0.001760,0.034797,-0.000031,-0.005645,-0.037326,-0.000000,-0.001015,1.570041,-0.300000,1.000000,1.100000,0.000000,0.000000,-1.571000,-0.299954,1.001760,1.065203,1.492700
2.226000,-0.000046,-0.001761,0.034797,-0.000031,-0.005645,-0.037326,-0.000000,-0.001015,1.570041,-0.300000,1.000000,1.100000,0.000000,0.000000,-1.571000,-0.299954,1.001761,1.065203,1.492701
2.228000,-0.000046,-0.001763,0.034797,-0.000031,-0.005645,-0.037326,-0.000000,-0.001015,1.570041,-0.300000,1.000000,1.100000,0.000000,0.000000,-1.571000,-0.299954,1.001763,1.065203,1.492702
2.230000,-0.000046,-0.001765,0.034797,-0.000031,-0.005645,-0.037326,-0.000000,-0.001015,1.570041,-0.300000,1.000000,1.100000,0.000000,0.000000,-1.571000,-0.299954,1.001765,1.065203,1.492703
2.232000,-0.000046,-0.001766,0.034797,-0.000031,-0.005645,-0.037326,-0.000000,-0.001015,1.570041,-0.300000,1.000000,1.100000,0.000000,0.000000,-1.571000,-0.299954,1.001766,1.065203,1.492704
2.234000,-0.000046,-0.001768,0.034797,-0.000031,-0.005645,-0.037326,-0.000000,-0.001015,1.570041,-0.300000,1.000000,1.100000,0.000000,0.000000,-1.571000,-0.299954,1.001768,1.065203,1.492705
2.236000,-0.000046,-0.001770,0.034797,-0.000031,-0.005645,-0.037326,-0.000000,-0.001015,1.570041,-0.300000,1.000000,1.100000,0.000000,0.000000,-1.571000,-0.299954,1.001770,1.065203,1.492706
2.238000,-0.000046,-0.001771,0.034797,-0.000031,-0.005645,-0.037326,-0.000000,-0.001015,1.570041,-0.300000,1.000000,1.100000,0.000000,0.000000,-1.571000,-0.299954,1.001771,1.065203,1.492707
2.240000,-0.000046,-0.001773,0.034797,-0.000031,-0.005645,-0.037326,-0.000000,-0.001015,1.570041,-0.300000,1.000000,1.100000,0.000000,0.000000,-1.571000,-0.299954,1.001773,1.065203,1.492709
2.242000,-0.000046,-0.001775,0.034797,-0.000031,-0.005645,-0.037326,-0.000000,-0.001015,1.570041,-0.300000,1.000000,1.100000,0.000000,0.000000,-1.571000,-0.299954,1.001775,1.065203,1.492710
2.244000,-0.000046,-0.001776,0.034797,-0.000031,-0.005645,-0.037326,-0.000000,-0.001015,1.570041,-0.300000,1.000000,1.100000,0.000000,0.000000,-1.571000,-0.299954,1.001776,1.065203,1.492711
2.246000,-0.000046,-0.001778,0.034797,-0.000031,-0.005645,-0.037326,-0.000000,-0.001015,1.570041,-0.300000,1.000000,1.100000,0.000000,0.000000,-1.571000,-0.299954,1.001778,1.065203,1.492712
2.248000,-0.000047,-0.001780,0.034797,-0.000031,-0.005645,-0.037326,-0.000000,-0.001015,1.570041,-0.300000,1.000000,1.100000,0.000000,0.000000,-1.571000,-0.299953,1.001780,1.065203,1.492713
2.250000,-0.000047,-0.001781,0.034797,-0.000031,-0.005645,-0.037326,-0.000000,-0.001015,1.570041,-0.300000,1.000000,1.100000,0.000000,0.000000,-1.571000,-0.299953,1.001781,1.065203,1.492714
2.252000,-0.000047,-0.001783,0.034797,-0.000031,-0.005645,-0.037326,-0.000000,-0.001015,1.570041,-0.300000,1.000000,1.100000,0.000000,0.000000,-1.571000,-0.299953,1.001783,1.065203,1.492715
2.254000,-0.000047,-0.001785,0.034797,-0.000031,-0.005645,-0.037326,-0.000000,-0.001015,1.570041,-0.300000,1.000000,1.100000,0.000000,0.000000,-1.571000,-0.299953,1.001785,1.065203,1.492716
2.256000,-0.000047,-0.001786,0.034797,-0.000031,-0.005645,-0.037326,-0.000000,-0.001015,1.570041,-0.300000,1.000000,1.100000,0.000000,0.000000,-1.571000,-0.299953,1.001786,1.065203,1.492717
2.258000,-0.000047,-0.001788,0.034797,-0.000031,-0.005645,-0.037326,-0.000000,-0.001015,1.570041,-0.300000,1.000000,1.100000,0.000000,0.000000,-1.571000,-0.299953,1.001788,1.065203,1.492719
2.260000,-0.000047,-0.001790,0.034797,-0.000031,-0.005645,-0.037326,-0.000000,-0.001015,1.570041,-0.300000,1.000000,1.100000,0.000000,0.000000,-1.571000,-0.299953,1.001790,1.065203,1.492720
2.262000,-0.000047,-0.001792,0.034797,-0.000031,-0.005645,-0.037326,-0.000000,-0.001015,1.570041,-0.300000,1.000000,1.100000,0.000000,0.000000,-1.571000,-0.299953,1.001792,1.065203,1.492721
2.264000,-0.000047,-0.001793,0.034797,-0.000031,-0.005645,-0.037326,-0.000000,-0.001015,1.570041,-0.300000,1.000000,1.100000,0.000000,0.000000,-1.571000,-0.299953,1.001793,1.065203,1.492722
2.266000,-0.000047,-0.001795,0.034797,-0.000031,-0.005645,-0.037326,-0.000000,-0.001015,1.570042,-0.300000,1.000000,1.100000,0.000000,0.000000,-1.571000,-0.299953,1.001795,1.065203,1.492723
2.268000,-0.000047,-0.001797,0.034797,-0.000031,-0.005645,-0.037326,-0.000000,-0.001015,1.570042,-0.300000,1.000000,1.100000,0.000000,0.000000,-1.571000,-0.299953,1.001797,1.065203,1.492724
2.270000,-0.000047,-0.001798,0.034797,-0.000031,-0.005645,-0.037326,-0.000000,-0.001015,1.570042,-0.300000,1.000000,1.100000,0.000000,0.000000,-1.571000,-0.299953,1.001798,1.065203,1.492725
2.272000,-0.000047,-0.001800,0.034797,-0.000031,-0.005645,-0.037326,-0.000000,-0.001015,1.570042,-0.300000,1.000000,1.100000,0.000000,0.000000,-1.571000,-0.299953,1.001800,1.065203,1.492726
2.274000,-0.000047,-0.001802,0.034797,-0.000031,-0.005645,-0.037326,-0.000000,-0.001015,1.570042,-0.300000,1.000000,1.100000,0.000000,0.000000,-1.571000,-0.299953,1.001802,1.065203,1.492727
2.276000,-0.000047,-0.001803,0.034797,-0.000031,-0.005645,-0.037326,-0.000000,-0.001015,1.570042,-0.300000,1.000000,1.100000,0.000000,0.000000,-1.571000,-0.299953,1.001803,1.065203,1.492729
2.278000,-0.000047,-0.001805,0.034797,-0.000031,-0.005645,-0.037326,-0.000000,-0.001015,1.570042,-0.300000,1.000000,1.100000,0.000000,0.000000,-1.571000,-0.299953,1.001805,1.065203,1.492730
2.280000,-0.000047,-0.001807,0.034797,-0.000031,-0.005645,-0.037326,-0.000000,-0.001015,1.570042,-0.300000,1.000000,1.100000,0.000000,0.000000,-1.571000,-0.299953,1.001807,1.065203,1.492731
2.282000,-0.000047,-0.001808,0.034797,-0.000031,-0.005645,-0.037326,-0.000000,-0.001015,1.570042,-0.300000,1.000000,1.100000,0.000000,0.000000,-1.571000,-0.299953,1.001808,1.065203,1.492732
2.284000,-0.000047,-0.001810,0.034797,-0.000031,-0.005645,-0.037326,-0.000000,-0.001015,1.570042,-0.300000,1.000000,1.100000,0.000000,0.000000,-1.571000,-0.299953,1.001810,1.065203,1.492733
2.286000,-0.000047,-0.001812,0.034797,-0.000031,-0.005645,-0.037326,-0.000000,-0.001015,1.570042,-0.300000,1.000000,1.100000,0.000000,0.000000,-1.571000,-0.299953,1.001812,1.065203,1.492734
2.288000,-0.000047,-0.001813,0.034797,-0.000031,-0.005645,-0.037326,-0.000000,-0.001015,1.570042,-0.300000,1.000000,1.100000,0.000000,0.000000,-1.571000,-0.299953,1.001813,1.065203,1.492735
2.290000,-0.000047,-0.001815,0.034797,-0.000031,-0.005645,-0.037326,-0.000000,-0.001015,1.570042,-0.300000,1.000000,1.100000,0.000000,0.000000,-1.571000,-0.299953,1.001815,1.065203,1.492736
2.292000,-0.000048,-0.001817,0.034797,-0.000031,-0.005645,-0.037326,-0.000000,-0.001015,1.570042,-0.300000,1.000000,1.100000,0.000000,0.000000,-1.571000,-0.299952,1.001817,1.065203,1.492738
2.294000,-0.000048,-0.001818,0.034797,-0.000031,-0.005645,-0.037326,-0.000000,-0.001015,1.570042,-0.300000,1.000000,1.100000,0.000000,0.000000,-1.571000,-0.299952,1.001818,1.065203,1.492739
2.296000,-0.000048,-0.001820,0.034797,-0.000031,-0.005645,-0.037326,-0.000000,-0.001015,1.570042,-0.300000,1.000000,1.100000,0.000000,0.000000,-1.571000,-0.299952,1.001820,1.065203,1.492740
2.298000,-0.000048,-0.001822,0.034797,-0.000031,-0.005645,-0.037326,-0.000000,-0.001015,1.570042,-0.300000,1.000000,1.100000,0.000000,0.000000,-1.571000,-0.299952,1.001822,1.065203,1.492741
2.300000,-0.000048,-0.001823,0.034797,-0.000031,-0.005645,-0.037326,-0.000000,-0.001015,1.570042,-0.300000,1.000000,1.100000,0.000000,0.000000,-1.571000,-0.299952,1.001823,1.065203,1.492742
2.302000,-0.000048,-0.001825,0.034797,-0.000031,-0.005645,-0.037326,-0.000000,-0.001015,1.570042,-0.300000,1.000000,1.100000,0.000000,0.000000,-1.571000,-0.299952,1.001825,1.065203,1.492743
2.304000,-0.000048,-0.001827,0.034797,-0.000031,-0.005645,-0.037326,-0.000000,-0.001015,1.570042,-0.300000,1.000000,1.100000,0.000000,0.000000,-1.571000,-0.299952,1.001827,1.065203,1.492744
2.306000,-0.000048,-0.001828,0.034797,-0.000031,-0.005645,-0.037326,-0.000000,-0.001015,1.570042,-0.300000,1.000000,1.100000,0.000000,0.000000,-1.571000,-0.299952,1.001828,1.065203,1.492745
2.308000,-0.000048,-0.001830,0.034797,-0.000031,-0.005645,-0.037326,-0.000000,-0.001015,1.570042,-0.300000,1.000000,1.100000,0.000000,0.000000,-1.571000,-0.299952,1.001830,1.065203,1.492746
2.310000,-0.000048,-0.001832,0.034797,-0.000031,-0.005645,-0.037326,-0.000000,-0.001015,1.570042,-0.300000,1.000000,1.100000,0.000000,0.000000,-1.571000,-0.299952,1.001832,1.065203,1.492748
2.312000,-0.000048,-0.001833,0.034797,-0.000031,-0.005645,-0.037326,-0.000000,-0.001015,1.570042,-0.300000,1.000000,1.100000,0.000000,0.000000,-1.571000,-0.299952,1.001833,1.065203,1.492749
2.314000,-0.000048,-0.001835,0.034797,-0.000031,-0.005645,-0.037326,-0.000000,-0.001015,1.570042,-0.300000,1.000000,1.100000,0.000000,0.000000,-1.571000,-0.299952,1.001835,1.065203,1.492750
2.316000,-0.000048,-0.001837,0.034797,-0.000031,-0.005645,-0.037326,-0.000000,-0.001015,1.570042,-0.300000,1.000000,1.100000,0.000000,0.000000,-1.571000,-0.299952,1.001837,1.065203,1.492751
2.318000,-0.000048,-0.001838,0.034797,-0.000031,-0.005645,-0.037326,-0.000000,-0.001015,1.570043,-0.300000,1.000000,1.100000,0.000000,0.000000,-1.571000,-0.299952,1.001838,1.065203,1.492752
2.320000,-0.000048,-0.001840,0.034797,-0.000031,-0.005645,-0.037326,-0.000000,-0.001015,1.570043,-0.300000,1.000000,1.100000,0.000000,0.000000,-1.571000,-0.299952,1.001840,1.065203,1.492753
2.322000,-0.000048,-0.001842,0.034797,-0.000031,-0.005645,-0.037326,-0.000000,-0.001015,1.570043,-0.300000,1.000000,1.100000,0.000000,0.000000,-1.571000,-0.299952,1.001842,1.065203,1.492754
2.324000,-0.000048,-0.001843,0.034797,-0.000031,-0.005645,-0.037326,-0.000000,-0.001015,1.570043,-0.300000,1.000000,1.100000,0.000000,0.000000,-1.571000,-0.299952,1.001843,1.065203,1.492755
2.326000,-0.000048,-0.001845,0.034797,-0.000031,-0.005645,-0.037326,-0.000000,-0.001015,1.570043,-0.300000,1.000000,1.100000,0.000000,0.000000,-1.571000,-0.299952,1.001845,1.065203,1.492756
2.328000,-0.000048,-0.001847,0.034797,-0.000031,-0.005645,-0.037326,-0.000000,-0.001015,1.570043,-0.300000,1.000000,1.100000,0.000000,0.000000,-1.571000,-0.299952,1.001847,1.065203,1.492758
2.330000,-0.000048,-0.001848,0.034797,-0.000031,-0.005645,-0.037326,-0.000000,-0.001015,1.570043,-0.300000,1.000000,1.100000,0.000000,0.000000,-1.571000,-0.299952,1.001848,1.065203,1.492759
2.332000,-0.000048,-0.001850,0.034797,-0.000031,-0.005645,-0.037326,-0.000000,-0.001015,1.570043,-0.300000,1.000000,1.100000,0.000000,0.000000,-1.571000,-0.299952,1.001850,1.065203,1.492760
2.334000,-0.000048,-0.001852,0.034797,-0.000031,-0.005645,-0.037326,-0.000000,-0.001015,1.570043,-0.300000,1.000000,1.100000,0.000000,0.000000,-1.571000,-0.299952,1.001852,1.065203,1.492761
2.336000,-0.000049,-0.001853,0.034797,-0.000031,-0.005645,-0.037326,-0.000000,-0.001015,1.570043,-0.300000,1.000000,1.100000,0.000000,0.000000,-1.571000,-0.299951,1.001853,1.065203,1.492762
2.338000,-0.000049,-0.001855,0.034797,-0.000031,-0.005645,-0.037326,-0.000000,-0.001015,1.570043,-0.300000,1.000000,1.100000,0.000000,0.000000,-1.571000,-0.299951,1.001855,1.065203,1.492763
2.340000,-0.000049,-0.001857,0.034797,-0.000031,-0.005645,-0.037326,-0.000000,-0.001015,1.570043,-0.300000,1.000000,1.100000,0.000000,0.000000,-1.571000,-0.299951,1.001857,1.065203,1.492764
2.342000,-0.000049,-0.001859,0.034797,-0.000031,-0.005645,-0.037326,-0.000000,-0.001015,1.570043,-0.300000,1.000000,1.100000,0.000000,0.000000,-1.571000,-0.299951,1.001859,1.065203,1.492765
2.344000,-0.000049,-0.001860,0.034797,-0.000031,-0.005645,-0.037326,-0.000000,-0.001015,1.570043,-0.300000,1.000000,1.100000,0.000000,0.000000,-1.571000,-0.299951,1.001860,1.065203,1.492766
2.346000,-0.000049,-0.001862,0.034797,-0.000031,-0.005645,-0.037326,-0.000000,-0.001015,1.570043,-0.300000,1.000000,1.100000,0.000000,0.000000,-1.571000,-0.299951,1.001862,1.065203,1.492768
2.348000,-0.000049,-0.001864,0.034797,-0.000031,-0.005645,-0.037326,-0.000000,-0.001015,1.570043,-0.300000,1.000000,1.100000,0.000000,0.000000,-1.571000,-0.299951,1.001864,1.065203,1.492769
2.350000,-0.000049,-0.001865,0.034797,-0.000031,-0.005645,-0.037326,-0.000000,-0.001015,1.570043,-0.300000,1.000000,1.100000,0.000000,0.000000,-1.571000,-0.299951,1.001865,1.065203,1.492770
2.352000,-0.000049,-0.001867,0.034797,-0.000031,-0.005645,-0.037326,-0.000000,-0.001015,1.570043,-0.300000,1.000000,1.100000,0.000000,0.000000,-1.571000,-0.299951,1.001867,1.065203,1.492771
2.354000,-0.000049,-0.001869,0.034797,-0.000031,-0.005645,-0.037326,-0.000000,-0.001015,1.570043,-0.300000,1.000000,1.100000,0.000000,0.000000,-1.571000,-0.299951,1.001869,1.065203,1.492772
2.356000,-0.000049,-0.001870,0.034797,-0.000031,-0.005645,-0.037326,-0.000000,-0.001015,1.570043,-0.300000,1.000000,1.100000,0.000000,0.000000,-1.571000,-0.299951,1.001870,1.065203,1.492773
2.358000,-0.000049,-0.001872,0.034797,-0.000031,-0.005645,-0.037326,-0.000000,-0.001015,1.570043,-0.300000,1.000000,1.100000,0.000000,0.000000,-1.571000,-0.299951,1.001872,1.065203,1.492774
2.360000,-0.000049,-0.001874,0.034797,-0.000031,-0.005645,-0.037326,-0.000000,-0.001015,1.570043,-0.300000,1.000000,1.100000,0.000000,0.000000,-1.571000,-0.299951,1.001874,1.065203,1.492775
2.362000,-0.000049,-0.001875,0.034797,-0.000031,-0.005645,-0.037326,-0.000000,-0.001015,1.570043,-0.300000,1.000000,1.100000,0.000000,0.000000,-1.571000,-0.299951,1.001875,1.065203,1.492777
2.364000,-0.000049,-0.001877,0.034797,-0.000031,-0.005645,-0.037326,-0.000000,-0.001015,1.570043,-0.300000,1.000000,1.100000,0.000000,0.000000,-1.571000,-0.299951,1.001877,1.065203,1.492778
2.366000,-0.000049,-0.001879,0.034797,-0.000031,-0.005645,-0.037326,-0.000000,-0.001015,1.570043,-0.300000,1.000000,1.100000,0.000000,0.000000,-1.571000,-0.299951,1.001879,1.065203,1.492779
2.368000,-0.000049,-0.001880,0.034797,-0.000031,-0.005645,-0.037326,-0.000000,-0.001015,1.570044,-0.300000,1.000000,1.100000,0.000000,0.000000,-1.571000,-0.299951,1.001880,1.065203,1.492780
2.370000,-0.000049,-0.001882,0.034797,-0.000031,-0.005645,-0.037326,-0.000000,-0.001015,1.570044,-0.300000,1.000000,1.100000,0.000000,0.000000,-1.571000,-0.299951,1.001882,1.065203,1.492781
2.372000,-0.000049,-0.001884,0.034797,-0.000031,-0.005645,-0.037326,-0.000000,-0.001015,1.570044,-0.300000,1.000000,1.100000,0.000000,0.000000,-1.571000,-0.299951,1.001884,1.065203,1.492782
2.374000,-0.000049,-0.001885,0.034797,-0.000031,-0.005645,-0.037326,-0.000000,-0.001015,1.570044,-0.300000,1.000000,1.100000,0.000000,0.000000,-1.571000,-0.299951,1.001885,1.065203,1.492783
2.376000,-0.000049,-0.001887,0.034797,-0.000031,-0.005645,-0.037326,-0.000000,-0.001015,1.570044,-0.300000,1.000000,1.100000,0.000000,0.000000,-1.571000,-0.299951,1.001887,1.065203,1.492784
2.378000,-0.000049,-0.001889,0.034797,-0.000031,-0.005645,-0.037326,-0.000000,-0.001015,1.570044,-0.300000,1.000000,1.100000,0.000000,0.000000,-1.571000,-0.299951,1.001889,1.065203,1.492785
2.380000,-0.000049,-0.001890,0.034797,-0.000031,-0.005645,-0.037326,-0.000000,-0.001015,1.570044,-0.300000,1.000000,1.100000,0.000000,0.000000,-1.571000,-0.299951,1.001890,1.065203,1.492787
2.382000,-0.000050,-0.001892,0.034797,-0.000031,-0.005645,-0.037326,-0.000000,-0.001015,1.570044,-0.300000,1.000000,1.100000,0.000000,0.000000,-1.571000,-0.299950,1.001892,1.065203,1.492788
2.384000,-0.000050,-0.001894,0.034797,-0.000031,-0.005645,-0.037326,-0.000000,-0.001015,1.570044,-0.300000,1.000000,1.100000,0.000000,0.000000,-1.571000,-0.299950,1.001894,1.065203,1.492789
2.386000,-0.000050,-0.001895,0.034797,-0.000031,-0.005645,-0.037326,-0.000000,-0.001015,1.570044,-0.300000,1.000000,1.100000,0.000000,0.000000,-1.571000,-0.299950,1.001895,1.065203,1.492790
2.388000,-0.000050,-0.001897,0.034797,-0.000031,-0.005645,-0.037326,-0.000000,-0.001015,1.570044,-0.300000,1.000000,1.100000,0.000000,0.000000,-1.571000,-0.299950,1.001897,1.065203,1.492791
2.390000,-0.000050,-0.001899,0.034797,-0.000031,-0.005645,-0.037326,-0.000000,-0.001015,1.570044,-0.300000,1.000000,1.100000,0.000000,0.000000,-1.571000,-0.299950,1.001899,1.065203,1.492792
2.392000,-0.000050,-0.001900,0.034797,-0.000031,-0.005645,-0.037326,-0.000000,-0.001015,1.570044,-0.300000,1.000000,1.100000,0.000000,0.000000,-1.571000,-0.299950,1.001900,1.065203,1.492793
2.394000,-0.000050,-0.001902,0.034797,-0.000031,-0.005645,-0.037326,-0.000000,-0.001015,1.570044,-0.300000,1.000000,1.100000,0.000000,0.000000,-1.571000,-0.299950,1.001902,1.065203,1.492794
2.396000,-0.000050,-0.001904,0.034797,-0.000031,-0.005645,-0.037326,-0.000000,-0.001015,1.570044,-0.300000,1.000000,1.100000,0.000000,0.000000,-1.571000,-0.299950,1.001904,1.065203,1.492795
2.398000,-0.000050,-0.001905,0.034797,-0.000031,-0.005645,-0.037326,-0.000000,-0.001015,1.570044,-0.300000,1.000000,1.100000,0.000000,0.000000,-1.571000,-0.299950,1.001905,1.065203,1.492797
2.400000,-0.000050,-0.001907,0.034797,-0.000031,-0.005645,-0.037326,-0.000000,-0.001015,1.570044,-0.300000,1.000000,1.100000,0.000000,0.000000,-1.571000,-0.299950,1.001907,1.065203,1.492798
2.402000,-0.000050,-0.001909,0.034797,-0.000031,-0.005645,-0.037326,-0.000000,-0.001015,1.570044,-0.300000,1.000000,1.100000,0.000000,0.000000,-1.571000,-0.299950,1.001909,1.065203,1.492799
2.404000,-0.000050,-0.001910,0.034797,-0.000031,-0.005645,-0.037326,-0.000000,-0.001015,1.570044,-0.300000,1.000000,1.100000,0.000000,0.000000,-1.571000,-0.299950,1.001910,1.065203,1.492800
2.406000,-0.000050,-0.001912,0.034797,-0.000031,-0.005645,-0.037326,-0.000000,-0.001015,1.570044,-0.300000,1.000000,1.100000,0.000000,0.000000,-1.571000,-0.299950,1.001912,1.065203,1.492801
2.408000,-0.000050,-0.001914,0.034797,-0.000031,-0.005645,-0.037326,-0.000000,-0.001015,1.570044,-0.300000,1.000000,1.100000,0.000000,0.000000,-1.571000,-0.299950,1.001914,1.065203,1.492802
2.410000,-0.000050,-0.001915,0.034797,-0.000031,-0.005645,-0.037326,-0.000000,-0.001015,1.570044,-0.300000,1.000000,1.100000,0.000000,0.000000,-1.571000,-0.299950,1.001915,1.065203,1.492803
2.412000,-0.000050,-0.001917,0.034797,-0.000031,-0.005645,-0.037326,-0.000000,-0.001015,1.570044,-0.300000,1.000000,1.100000,0.000000,0.000000,-1.571000,-0.299950,1.001917,1.065203,1.492804
2.414000,-0.000050,-0.001919,0.034797,-0.000031,-0.005645,-0.037326,-0.000000,-0.001015,1.570044,-0.300000,1.000000,1.100000,0.000000,0.000000,-1.571000,-0.299950,1.001919,1.065203,1.492806
2.416000,-0.000050,-0.001920,0.034797,-0.000031,-0.005645,-0.037326,-0.000000,-0.001015,1.570044,-0.300000,1.000000,1.100000,0.000000,0.000000,-1.571000,-0.299950,1.001920,1.065203,1.492807
2.418000,-0.000050,-0.001922,0.034797,-0.000031,-0.005645,-0.037326,-0.000000,-0.001015,1.570045,-0.300000,1.000000,1.100000,0.000000,0.000000,-1.571000,-0.299950,1.001922,1.065203,1.492808
2.420000,-0.000050,-0.001924,0.034797,-0.000031,-0.005645,-0.037326,-0.000000,-0.001015,1.570045,-0.300000,1.000000,1.100000,0.000000,0.000000,-1.571000,-0.299950,1.001924,1.065203,1.492809
2.422000,-0.000050,-0.001925,0.034797,-0.000031,-0.005645,-0.037326,-0.000000,-0.001015,1.570045,-0.300000,1.000000,1.100000,0.000000,0.000000,-1.571000,-0.299950,1.001925,1.065203,1.492810
2.424000,-0.000050,-0.001927,0.034797,-0.000031,-0.005645,-0.037326,-0.000000,-0.001015,1.570045,-0.300000,1.000000,1.100000,0.000000,0.000000,-1.571000,-0.299950,1.001927,1.065203,1.492811
2.426000,-0.000051,-0.001929,0.034797,-0.000031,-0.005645,-0.037326,-0.000000,-0.001015,1.570045,-0.300000,1.000000,1.100000,0.000000,0.000000,-1.571000,-0.299949,1.001929,1.065203,1.492812
2.428000,-0.000051,-0.001931,0.034797,-0.000031,-0.005645,-0.037326,-0.000000,-0.001015,1.570045,-0.300000,1.000000,1.100000,0.000000,0.000000,-1.571000,-0.299949,1.001931,1.065203,1.492813
2.430000,-0.000051,-0.001932,0.034797,-0.000031,-0.005645,-0.037326,-0.000000,-0.001015,1.570045,-0.300000,1.000000,1.100000,0.000000,0.000000,-1.571000,-0.299949,1.001932,1.065203,1.492814
2.432000,-0.000051,-0.001934,0.034797,-0.000031,-0.005645,-0.037326,-0.000000,-0.001015,1.570045,-0.300000,1.000000,1.100000,0.000000,0.000000,-1.571000,-0.299949,1.001934,1.065203,1.492816
2.434000,-0.000051,-0.001936,0.034797,-0.000031,-0.005645,-0.037326,-0.000000,-0.001015,1.570045,-0.300000,1.000000,1.100000,0.000000,0.000000,-1.571000,-0.299949,1.001936,1.065203,1.492817
2.436000,-0.000051,-0.001937,0.034797,-0.000031,-0.005645,-0.037326,-0.000000,-0.001015,1.570045,-0.300000,1.000000,1.100000,0.000000,0.000000,-1.571000,-0.299949,1.001937,1.065203,1.492818
2.438000,-0.000051,-0.001939,0.034797,-0.000031,-0.005645,-0.037326,-0.000000,-0.001015,1.570045,-0.300000,1.000000,1.100000,0.000000,0.000000,-1.571000,-0.299949,1.001939,1.065203,1.492819
2.440000,-0.000051,-0.001941,0.034797,-0.000031,-0.005645,-0.037326,-0.000000,-0.001015,1.570045,-0.300000,1.000000,1.100000,0.000000,0.000000,-1.571000,-0.299949,1.001941,1.065203,1.492820
2.442000,-0.000051,-0.001942,0.034797,-0.000031,-0.005645,-0.037326,-0.000000,-0.001015,1.570045,-0.300000,1.000000,1.100000,0.000000,0.000000,-1.571000,-0.299949,1.001942,1.065203,1.492821
2.444000,-0.000051,-0.001944,0.034797,-0.000031,-0.005645,-0.037326,-0.000000,-0.001015,1.570045,-0.300000,1.000000,1.100000,0.000000,0.000000,-1.571000,-0.299949,1.001944,1.065203,1.492822
2.446000,-0.000051,-0.001946,0.034797,-0.000031,-0.005645,-0.037326,-0.000000,-0.001015,1.570045,-0.300000,1.000000,1.100000,0.000000,0.000000,-1.571000,-0.299949,1.001946,1.065203,1.492823
2.448000,-0.000051,-0.001947,0.034797,-0.000031,-0.005645,-0.037326,-0.000000,-0.001015,1.570045,-0.300000,1.000000,1.100000,0.000000,0.000000,-1.571000,-0.299949,1.001947,1.065203,1.492824
2.450000,-0.000051,-0.001949,0.034797,-0.000031,-0.005645,-0.037326,-0.000000,-0.001015,1.570045,-0.300000,1.000000,1.100000,0.000000,0.000000,-1.571000,-0.299949,1.001949,1.065203,1.492826
2.452000,-0.000051,-0.001951,0.034797,-0.000031,-0.005645,-0.037326,-0.000000,-0.001015,1.570045,-0.300000,1.000000,1.100000,0.000000,0.000000,-1.571000,-0.299949,1.001951,1.065203,1.492827
2.454000,-0.000051,-0.001952,0.034797,-0.000031,-0.005645,-0.037326,-0.000000,-0.001015,1.570045,-0.300000,1.000000,1.100000,0.000000,0.000000,-1.571000,-0.299949,1.001952,1.065203,1.492828
2.456000,-0.000051,-0.001954,0.034797,-0.000031,-0.005645,-0.037326,-0.000000,-0.001015,1.570045,-0.300000,1.000000,1.100000,0.000000,0.000000,-1.571000,-0.299949,1.001954,1.065203,1.492829
2.458000,-0.000051,-0.001956,0.034797,-0.000031,-0.005645,-0.037326,-0.000000,-0.001015,1.570045,-0.300000,1.000000,1.100000,0.000000,0.000000,-1.571000,-0.299949,1.001956,1.065203,1.492830
2.460000,-0.000051,-0.001957,0.034797,-0.000031,-0.005645,-0.037326,-0.000000,-0.001015,1.570045,-0.300000,1.000000,1.100000,0.000000,0.000000,-1.571000,-0.299949,1.001957,1.065203,1.492831
2.462000,-0.000051,-0.001959,0.034797,-0.000031,-0.005645,-0.037326,-0.000000,-0.001015,1.570045,-0.300000,1.000000,1.100000,0.000000,0.000000,-1.571000,-0.299949,1.001959,1.065203,1.492832
2.464000,-0.000051,-0.001961,0.034797,-0.000031,-0.005645,-0.037326,-0.000000,-0.001015,1.570045,-0.300000,1.000000,1.100000,0.000000,0.000000,-1.571000,-0.299949,1.001961,1.065203,1.492833
2.466000,-0.000051,-0.001962,0.034797,-0.000031,-0.005645,-0.037326,-0.000000,-0.001015,1.570045,-0.300000,1.000000,1.100000,0.000000,0.000000,-1.571000,-0.299949,1.001962,1.065203,1.492835
2.468000,-0.000051,-0.001964,0.034797,-0.000031,-0.005645,-0.037326,-0.000000,-0.001015,1.570045,-0.300000,1.000000,1.100000,0.000000,0.000000,-1.571000,-0.299949,1.001964,1.065203,1.492836
2.470000,-0.000052,-0.001966,0.034797,-0.000031,-0.005645,-0.037326,-0.000000,-0.001015,1.570046,-0.300000,1.000000,1.100000,0.000000,0.000000,-1.571000,-0.299948,1.001966,1.065203,1.492837
2.472000,-0.000052,-0.001967,0.034797,-0.000031,-0.005645,-0.037326,-0.000000,-0.001015,1.570046,-0.300000,1.000000,1.100000,0.000000,0.000000,-1.571000,-0.299948,1.001967,1.065203,1.492838
2.474000,-0.000052,-0.001969,0.034797,-0.000031,-0.005645,-0.037326,-0.000000,-0.001015,1.570046,-0.300000,1.000000,1.100000,0.000000,0.000000,-1.571000,-0.299948,1.001969,1.065203,1.492839
2.476000,-0.000052,-0.001971,0.034797,-0.000031,-0.005645,-0.037326,-0.000000,-0.001015,1.570046,-0.300000,1.000000,1.100000,0.000000,0.000000,-1.571000,-0.299948,1.001971,1.065203,1.492840
2.478000,-0.000052,-0.001972,0.034797,-0.000031,-0.005645,-0.037326,-0.000000,-0.001015,1.570046,-0.300000,1.000000,1.100000,0.000000,0.000000,-1.571000,-0.299948,1.001972,1.065203,1.492841
2.480000,-0.000052,-0.001974,0.034797,-0.000031,-0.005645,-0.037326,-0.000000,-0.001015,1.570046,-0.300000,1.000000,1.100000,0.000000,0.000000,-1.571000,-0.299948,1.001974,1.065203,1.492842
2.482000,-0.000052,-0.001976,0.034797,-0.000031,-0.005645,-0.037326,-0.000000,-0.001015,1.570046,-0.300000,1.000000,1.100000,0.000000,0.000000,-1.571000,-0.299948,1.001976,1.065203,1.492843
2.484000,-0.000052,-0.001977,0.034797,-0.000031,-0.005645,-0.037326,-0.000000,-0.001015,1.570046,-0.300000,1.000000,1.100000,0.000000,0.000000,-1.571000,-0.299948,1.001977,1.065203,1.492845
2.486000,-0.000052,-0.001979,0.034797,-0.000031,-0.005645,-0.037326,-0.000000,-0.001015,1.570046,-0.300000,1.000000,1.100000,0.000000,0.000000,-1.571000,-0.299948,1.001979,1.065203,1.492846
2.488000,-0.000052,-0.001981,0.034797,-0.000031,-0.005645,-0.037326,-0.000000,-0.001015,1.570046,-0.300000,1.000000,1.100000,0.000000,0.000000,-1.571000,-0.299948,1.001981,1.065203,1.492847
2.490000,-0.000052,-0.001982,0.034797,-0.000031,-0.005645,-0.037326,-0.000000,-0.001015,1.570046,-0.300000,1.000000,1.100000,0.000000,0.000000,-1.571000,-0.299948,1.001982,1.065203,1.492848
2.492000,-0.000052,-0.001984,0.034797,-0.000031,-0.005645,-0.037326,-0.000000,-0.001015,1.570046,-0.300000,1.000000,1.100000,0.000000,0.000000,-1.571000,-0.299948,1.001984,1.065203,1.492849
2.494000,-0.000052,-0.001986,0.034797,-0.000031,-0.005645,-0.037326,-0.000000,-0.001015,1.570046,-0.300000,1.000000,1.100000,0.000000,0.000000,-1.571000,-0.299948,1.001986,1.065203,1.492850
2.496000,-0.000052,-0.001987,0.034797,-0.000031,-0.005645,-0.037326,-0.000000,-0.001015,1.570046,-0.300000,1.000000,1.100000,0.000000,0.000000,-1.571000,-0.299948,1.001987,1.065203,1.492851
2.498000,-0.000052,-0.001989,0.034797,-0.000031,-0.005645,-0.037326,-0.000000,-0.001015,1.570046,-0.300000,1.000000,1.100000,0.000000,0.000000,-1.571000,-0.299948,1.001989,1.065203,1.492852
2.500000,-0.000052,-0.001991,0.034797,-0.000031,-0.005645,-0.037326,-0.000000,-0.001015,1.570046,-0.300000,1.000000,1.100000,0.000000,0.000000,-1.571000,-0.299948,1.001991,1.065203,1.492853
2.502000,-0.000052,-0.001992,0.034797,-0.000031,-0.005645,-0.037326,-0.000000,-0.001015,1.570046,-0.300000,1.000000,1.100000,0.000000,0.000000,-1.571000,-0.299948,1.001992,1.065203,1.492855
2.504000,-0.000052,-0.001994,0.034797,-0.000031,-0.005645,-0.037326,-0.000000,-0.001015,1.570046,-0.300000,1.000000,1.100000,0.000000,0.000000,-1.571000,-0.299948,1.001994,1.065203,1.492856
2.506000,-0.000052,-0.001996,0.034797,-0.000031,-0.005645,-0.037326,-0.000000,-0.001015,1.570046,-0.300000,1.000000,1.100000,0.000000,0.000000,-1.571000,-0.299948,1.001996,1.065203,1.492857
2.508000,-0.000052,-0.001998,0.034797,-0.000031,-0.005645,-0.037326,-0.000000,-0.001015,1.570046,-0.300000,1.000000,1.100000,0.000000,0.000000,-1.571000,-0.299948,1.001998,1.065203,1.492858
2.510000,-0.000052,-0.001999,0.034797,-0.000031,-0.005645,-0.037326,-0.000000,-0.001015,1.570046,-0.300000,1.000000,1.100000,0.000000,0.000000,-1.571000,-0.299948,1.001999,1.065203,1.492859
2.512000,-0.000052,-0.002001,0.034797,-0.000031,-0.005645,-0.037326,-0.000000,-0.001015,1.570046,-0.300000,1.000000,1.100000,0.000000,0.000000,-1.571000,-0.299948,1.002001,1.065203,1.492860
2.514000,-0.000052,-0.002003,0.034797,-0.000031,-0.005645,-0.037326,-0.000000,-0.001015,1.570046,-0.300000,1.000000,1.100000,0.000000,0.000000,-1.571000,-0.299948,1.002003,1.065203,1.492861
2.516000,-0.000053,-0.002004,0.034797,-0.000031,-0.005645,-0.037326,-0.000000,-0.001015,1.570046,-0.300000,1.000000,1.100000,0.000000,0.000000,-1.571000,-0.299947,1.002004,1.065203,1.492862
2.518000,-0.000053,-0.002006,0.034797,-0.000031,-0.005645,-0.037326,-0.000000,-0.001015,1.570046,-0.300000,1.000000,1.100000,0.000000,0.000000,-1.571000,-0.299947,1.002006,1.065203,1.492863
2.520000,-0.000053,-0.002008,0.034797,-0.000031,-0.005645,-0.037326,-0.000000,-0.001015,1.570047,-0.300000,1.000000,1.100000,0.000000,0.000000,-1.571000,-0.299947,1.002008,1.065203,1.492865
2.522000,-0.000053,-0.002009,0.034797,-0.000031,-0.005645,-0.037326,-0.000000,-0.001015,1.570047,-0.300000,1.000000,1.100000,0.000000,0.000000,-1.571000,-0.299947,1.002009,1.065203,1.492866
2.524000,-0.000053,-0.002011,0.034797,-0.000031,-0.005645,-0.037326,-0.000000,-0.001015,1.570047,-0.300000,1.000000,1.100000,0.000000,0.000000,-1.571000,-0.299947,1.002011,1.065203,1.492867
2.526000,-0.000053,-0.002013,0.034797,-0.000031,-0.005645,-0.037326,-0.000000,-0.001015,1.570047,-0.300000,1.000000,1.100000,0.000000,0.000000,-1.571000,-0.299947,1.002013,1.065203,1.492868
2.528000,-0.000053,-0.002014,0.034797,-0.000031,-0.005645,-0.037326,-0.000000,-0.001015,1.570047,-0.300000,1.000000,1.100000,0.000000,0.000000,-1.571000,-0.299947,1.002014,1.065203,1.492869
2.530000,-0.000053,-0.002016,0.034797,-0.000031,-0.005645,-0.037326,-0.000000,-0.001015,1.570047,-0.300000,1.000000,1.100000,0.000000,0.000000,-1.571000,-0.299947,1.002016,1.065203,1.492870
2.532000,-0.000053,-0.002018,0.034797,-0.000031,-0.005645,-0.037326,-0.000000,-0.001015,1.570047,-0.300000,1.000000,1.100000,0.000000,0.000000,-1.571000,-0.299947,1.002018,1.065203,1.492871
2.534000,-0.000053,-0.002019,0.034797,-0.000031,-0.005645,-0.037326,-0.000000,-0.001015,1.570047,-0.300000,1.000000,1.100000,0.000000,0.000000,-1.571000,-0.299947,1.002019,1.065203,1.492872
2.536000,-0.000053,-0.002021,0.034797,-0.000031,-0.005645,-0.037326,-0.000000,-0.001015,1.570047,-0.300000,1.000000,1.100000,0.000000,0.000000,-1.571000,-0.299947,1.002021,1.065203,1.492874
2.538000,-0.000053,-0.002023,0.034797,-0.000031,-0.005645,-0.037326,-0.000000,-0.001015,1.570047,-0.300000,1.000000,1.100000,0.000000,0.000000,-1.571000,-0.299947,1.002023,1.065203,1.492875
2.540000,-0.000053,-0.002024,0.034797,-0.000031,-0.005645,-0.037326,-0.000000,-0.001015,1.570047,-0.300000,1.000000,1.100000,0.000000,0.000000,-1.571000,-0.299947,1.002024,1.065203,1.492876
2.542000,-0.000053,-0.002026,0.034797,-0.000031,-0.005645,-0.037326,-0.000000,-0.001015,1.570047,-0.300000,1.000000,1.100000,0.000000,0.000000,-1.571000,-0.299947,1.002026,1.065203,1.492877
2.544000,-0.000053,-0.002028,0.034797,-0.000031,-0.005645,-0.037326,-0.000000,-0.001015,1.570047,-0.300000,1.000000,1.100000,0.000000,0.000000,-1.571000,-0.299947,1.002028,1.065203,1.492878
2.546000,-0.000053,-0.002029,0.034797,-0.000031,-0.005645,-0.037326,-0.000000,-0.001015,1.570047,-0.300000,1.000000,1.100000,0.000000,0.000000,-1.571000,-0.299947,1.002029,1.065203,1.492879
2.548000,-0.000053,-0.002031,0.034797,-0.000031,-0.005645,-0.037326,-0.000000,-0.001015,1.570047,-0.300000,1.000000,1.100000,0.000000,0.000000,-1.571000,-0.299947,1.002031,1.065203,1.492880
2.550000,-0.000053,-0.002033,0.034797,-0.000031,-0.005645,-0.037326,-0.000000,-0.001015,1.570047,-0.300000,1.000000,1.100000,0.000000,0.000000,-1.571000,-0.299947,1.002033,1.065203,1.492881
2.552000,-0.000053,-0.002034,0.034797,-0.000031,-0.005645,-0.037326,-0.000000,-0.001015,1.570047,-0.300000,1.000000,1.100000,0.000000,0.000000,-1.571000,-0.299947,1.002034,1.065203,1.492882
2.554000,-0.000053,-0.002036,0.034797,-0.000031,-0.005645,-0.037326,-0.000000,-0.001015,1.570047,-0.300000,1.000000,1.100000,0.000000,0.000000,-1.571000,-0.299947,1.002036,1.065203,1.492884
2.556000,-0.000053,-0.002038,0.034797,-0.000031,-0.005645,-0.037326,-0.000000,-0.001015,1.570047,-0.300000,1.000000,1.100000,0.000000,0.000000,-1.571000,-0.299947,1.002038,1.065203,1.492885
2.558000,-0.000053,-0.002039,0.034797,-0.000031,-0.005645,-0.037326,-0.000000,-0.001015,1.570047,-0.300000,1.000000,1.100000,0.000000,0.000000,-1.571000,-0.299947,1.002039,1.065203,1.492886
2.560000,-0.000054,-0.002041,0.034797,-0.000031,-0.005645,-0.037326,-0.000000,-0.001015,1.570047,-0.300000,1.000000,1.100000,0.000000,0.000000,-1.571000,-0.299946,1.002041,1.065203,1.492887
2.562000,-0.000054,-0.002043,0.034797,-0.000031,-0.005645,-0.037326,-0.000000,-0.001015,1.570047,-0.300000,1.000000,1.100000,0.000000,0.000000,-1.571000,-0.299946,1.002043,1.065203,1.492888
2.564000,-0.000054,-0.002044,0.034797,-0.000031,-0.005645,-0.037326,-0.000000,-0.001015,1.570047,-0.300000,1.000000,1.100000,0.000000,0.000000,-1.571000,-0.299946,1.002044,1.065203,1.492889
2.566000,-0.000054,-0.002046,0.034797,-0.000031,-0.005645,-0.037326,-0.000000,-0.001015,1.570047,-0.300000,1.000000,1.100000,0.000000,0.000000,-1.571000,-0.299946,1.002046,1.065203,1.492890
2.568000,-0.000054,-0.002048,0.034797,-0.000031,-0.005645,-0.037326,-0.000000,-0.001015,1.570047,-0.300000,1.000000,1.100000,0.000000,0.000000,-1.571000,-0.299946,1.002048,1.065203,1.492891
2.570000,-0.000054,-0.002049,0.034797,-0.000031,-0.005645,-0.037326,-0.000000,-0.001015,1.570048,-0.300000,1.000000,1.100000,0.000000,0.000000,-1.571000,-0.299946,1.002049,1.065203,1.492892
2.572000,-0.000054,-0.002051,0.034797,-0.000031,-0.005645,-0.037326,-0.000000,-0.001015,1.570048,-0.300000,1.000000,1.100000,0.000000,0.000000,-1.571000,-0.299946,1.002051,1.065203,1.492894
2.574000,-0.000054,-0.002053,0.034797,-0.000031,-0.005645,-0.037326,-0.000000,-0.001015,1.570048,-0.300000,1.000000,1.100000,0.000000,0.000000,-1.571000,-0.299946,1.002053,1.065203,1.492895
2.576000,-0.000054,-0.002054,0.034797,-0.000031,-0.005645,-0.037326,-0.000000,-0.001015,1.570048,-0.300000,1.000000,1.100000,0.000000,0.000000,-1.571000,-0.299946,1.002054,1.065203,1.492896
2.578000,-0.000054,-0.002056,0.034797,-0.000031,-0.005645,-0.037326,-0.000000,-0.001015,1.570048,-0.300000,1.000000,1.100000,0.000000,0.000000,-1.571000,-0.299946,1.002056,1.065203,1.492897
2.580000,-0.000054,-0.002058,0.034797,-0.000031,-0.005645,-0.037326,-0.000000,-0.001015,1.570048,-0.300000,1.000000,1.100000,0.000000,0.000000,-1.571000,-0.299946,1.002058,1.065203,1.492898
2.582000,-0.000054,-0.002059,0.034797,-0.000031,-0.005645,-0.037326,-0.000000,-0.001015,1.570048,-0.300000,1.000000,1.100000,0.000000,0.000000,-1.571000,-0.299946,1.002059,1.065203,1.492899
2.584000,-0.000054,-0.002061,0.034797,-0.000031,-0.005645,-0.037326,-0.000000,-0.001015,1.570048,-0.300000,1.000000,1.100000,0.000000,0.000000,-1.571000,-0.299946,1.002061,1.065203,1.492900
2.586000,-0.000054,-0.002063,0.034797,-0.000031,-0.005645,-0.037326,-0.000000,-0.001015,1.570048,-0.300000,1.000000,1.100000,0.000000,0.000000,-1.571000,-0.299946,1.002063,1.065203,1.492901
2.588000,-0.000054,-0.002064,0.034797,-0.000031,-0.005645,-0.037326,-0.000000,-0.001015,1.570048,-0.300000,1.000000,1.100000,0.000000,0.000000,-1.571000,-0.299946,1.002064,1.065203,1.492903
2.590000,-0.000054,-0.002066,0.034797,-0.000031,-0.005645,-0.037326,-0.000000,-0.001015,1.570048,-0.300000,1.000000,1.100000,0.000000,0.000000,-1.571000,-0.299946,1.002066,1.065203,1.492904
2.592000,-0.000054,-0.002068,0.034797,-0.000031,-0.005645,-0.037326,-0.000000,-0.001015,1.570048,-0.300000,1.000000,1.100000,0.000000,0.000000,-1.571000,-0.299946,1.002068,1.065203,1.492905
2.594000,-0.000054,-0.002070,0.034797,-0.000031,-0.005645,-0.037326,-0.000000,-0.001015,1.570048,-0.300000,1.000000,1.100000,0.000000,0.000000,-1.571000,-0.299946,1.002070,1.065203,1.492906
2.596000,-0.000054,-0.002071,0.034797,-0.000031,-0.005645,-0.037326,-0.000000,-0.001015,1.570048,-0.300000,1.000000,1.100000,0.000000,0.000000,-1.571000,-0.299946,1.002071,1.065203,1.492907
2.598000,-0.000054,-0.002073,0.034797,-0.000031,-0.005645,-0.037326,-0.000000,-0.001015,1.570048,-0.300000,1.000000,1.100000,0.000000,0.000000,-1.571000,-0.299946,1.002073,1.065203,1.492908
2.600000,-0.000054,-0.002075,0.034797,-0.000031,-0.005645,-0.037326,-0.000000,-0.001015,1.570048,-0.300000,1.000000,1.100000,0.000000,0.000000,-1.571000,-0.299946,1.002075,1.065203,1.492909
2.602000,-0.000054,-0.002076,0.034797,-0.000031,-0.005645,-0.037326,-0.000000,-0.001015,1.570048,-0.300000,1.000000,1.100000,0.000000,0.000000,-1.571000,-0.299946,1.002076,1.065203,1.492910
2.604000,-0.000055,-0.002078,0.034797,-0.000031,-0.005645,-0.037326,-0.000000,-0.001015,1.570048,-0.300000,1.000000,1.100000,0.000000,0.000000,-1.571000,-0.299945,1.002078,1.065203,1.492911
2.606000,-0.000055,-0.002080,0.034797,-0.000031,-0.005645,-0.037326,-0.000000,-0.001015,1.570048,-0.300000,1.000000,1.100000,0.000000,0.000000,-1.571000,-0.299945,1.002080,1.065203,1.492913
2.608000,-0.000055,-0.002081,0.034797,-0.000031,-0.005645,-0.037326,-0.000000,-0.001015,1.570048,-0.300000,1.000000,1.100000,0.000000,0.000000,-1.571000,-0.299945,1.002081,1.065203,1.492914
2.610000,-0.000055,-0.002083,0.034797,-0.000031,-0.005645,-0.037326,-0.000000,-0.001015,1.570048,-0.300000,1.000000,1.100000,0.000000,0.000000,-1.571000,-0.299945,1.002083,1.065203,1.492915
2.612000,-0.000055,-0.002085,0.034797,-0.000031,-0.005645,-0.037326,-0.000000,-0.001015,1.570048,-0.300000,1.000000,1.100000,0.000000,0.000000,-1.571000,-0.299945,1.002085,1.065203,1.492916
2.614000,-0.000055,-0.002086,0.034797,-0.000031,-0.005645,-0.037326,-0.000000,-0.001015,1.570048,-0.300000,1.000000,1.100000,0.000000,0.000000,-1.571000,-0.299945,1.002086,1.065203,1.492917
2.616000,-0.000055,-0.002088,0.034797,-0.000031,-0.005645,-0.037326,-0.000000,-0.001015,1.570048,-0.300000,1.000000,1.100000,0.000000,0.000000,-1.571000,-0.299945,1.002088,1.065203,1.492918
2.618000,-0.000055,-0.002090,0.034797,-0.000031,-0.005645,-0.037326,-0.000000,-0.001015,1.570048,-0.300000,1.000000,1.100000,0.000000,0.000000,-1.571000,-0.299945,1.002090,1.065203,1.492919
2.620000,-0.000055,-0.002091,0.034797,-0.000031,-0.005645,-0.037326,-0.000000,-0.001015,1.570049,-0.300000,1.000000,1.100000,0.000000,0.000000,-1.571000,-0.299945,1.002091,1.065203,1.492920
2.622000,-0.000055,-0.002093,0.034797,-0.000031,-0.005645,-0.037326,-0.000000,-0.001015,1.570049,-0.300000,1.000000,1.100000,0.000000,0.000000,-1.571000,-0.299945,1.002093,1.065203,1.492921
2.624000,-0.000055,-0.002095,0.034797,-0.000031,-0.005645,-0.037326,-0.000000,-0.001015,1.570049,-0.300000,1.000000,1.100000,0.000000,0.000000,-1.571000,-0.299945,1.002095,1.065203,1.492923
2.626000,-0.000055,-0.002096,0.034797,-0.000031,-0.005645,-0.037326,-0.000000,-0.001015,1.570049,-0.300000,1.000000,1.100000,0.000000,0.000000,-1.571000,-0.299945,1.002096,1.065203,1.492924
2.628000,-0.000055,-0.002098,0.034797,-0.000031,-0.005645,-0.037326,-0.000000,-0.001015,1.570049,-0.300000,1.000000,1.100000,0.000000,0.000000,-1.571000,-0.299945,1.002098,1.065203,1.492925
2.630000,-0.000055,-0.002100,0.034797,-0.000031,-0.005645,-0.037326,-0.000000,-0.001015,1.570049,-0.300000,1.000000,1.100000,0.000000,0.000000,-1.571000,-0.299945,1.002100,1.065203,1.492926
2.632000,-0.000055,-0.002101,0.034797,-0.000031,-0.005645,-0.037326,-0.000000,-0.001015,1.570049,-0.300000,1.000000,1.100000,0.000000,0.000000,-1.571000,-0.299945,1.002101,1.065203,1.492927
2.634000,-0.000055,-0.002103,0.034797,-0.000031,-0.005645,-0.037326,-0.000000,-0.001015,1.570049,-0.300000,1.000000,1.100000,0.000000,0.000000,-1.571000,-0.299945,1.002103,1.065203,1.492928
2.636000,-0.000055,-0.002105,0.034797,-0.000031,-0.005645,-0.037326,-0.000000,-0.001015,1.570049,-0.300000,1.000000,1.100000,0.000000,0.000000,-1.571000,-0.299945,1.002105,1.065203,1.492929
2.638000,-0.000055,-0.002106,0.034797,-0.000031,-0.005645,-0.037326,-0.000000,-0.001015,1.570049,-0.300000,1.000000,1.100000,0.000000,0.000000,-1.571000,-0.299945,1.002106,1.065203,1.492930
2.640000,-0.000055,-0.002108,0.034797,-0.000031,-0.005645,-0.037326,-0.000000,-0.001015,1.570049,-0.300000,1.000000,1.100000,0.000000,0.000000,-1.571000,-0.299945,1.002108,1.065203,1.492932
2.642000,-0.000055,-0.002110,0.034797,-0.000031,-0.005645,-0.037326,-0.000000,-0.001015,1.570049,-0.300000,1.000000,1.100000,0.000000,0.000000,-1.571000,-0.299945,1.002110,1.065203,1.492933
2.644000,-0.000055,-0.002111,0.034797,-0.000031,-0.005645,-0.037326,-0.000000,-0.001015,1.570049,-0.300000,1.000000,1.100000,0.000000,0.000000,-1.571000,-0.299945,1.002111,1.065203,1.492934
2.646000,-0.000055,-0.002113,0.034797,-0.000031,-0.005645,-0.037326,-0.000000,-0.001015,1.570049,-0.300000,1.000000,1.100000,0.000000,0.000000,-1.571000,-0.299945,1.002113,1.065203,1.492935
2.648000,-0.000055,-0.002115,0.034797,-0.000031,-0.005645,-0.037326,-0.000000,-0.001015,1.570049,-0.300000,1.000000,1.100000,0.000000,0.000000,-1.571000,-0.299945,1.002115,1.065203,1.492936
2.650000,-0.000056,-0.002116,0.034797,-0.000031,-0.005645,-0.037326,-0.000000,-0.001015,1.570049,-0.300000,1.000000,1.100000,0.000000,0.000000,-1.571000,-0.299944,1.002116,1.065203,1.492937
2.652000,-0.000056,-0.002118,0.034797,-0.000031,-0.005645,-0.037326,-0.000000,-0.001015,1.570049,-0.300000,1.000000,1.100000,0.000000,0.000000,-1.571000,-0.299944,1.002118,1.065203,1.492938
2.654000,-0.000056,-0.002120,0.034797,-0.000031,-0.005645,-0.037326,-0.000000,-0.001015,1.570049,-0.300000,1.000000,1.100000,0.000000,0.000000,-1.571000,-0.299944,1.002120,1.065203,1.492939
2.656000,-0.000056,-0.002121,0.034797,-0.000031,-0.005645,-0.037326,-0.000000,-0.001015,1.570049,-0.300000,1.000000,1.100000,0.000000,0.000000,-1.571000,-0.299944,1.002121,1.065203,1.492940
2.658000,-0.000056,-0.002123,0.034797,-0.000031,-0.005645,-0.037326,-0.000000,-0.001015,1.570049,-0.300000,1.000000,1.100000,0.000000,0.000000,-1.571000,-0.299944,1.002123,1.065203,1.492942
2.660000,-0.000056,-0.002125,0.034797,-0.000031,-0.005645,-0.037326,-0.000000,-0.001015,1.570049,-0.300000,1.000000,1.100000,0.000000,0.000000,-1.571000,-0.299944,1.002125,1.065203,1.492943
2.662000,-0.000056,-0.002126,0.034797,-0.000031,-0.005645,-0.037326,-0.000000,-0.001015,1.570049,-0.300000,1.000000,1.100000,0.000000,0.000000,-1.571000,-0.299944,1.002126,1.065203,1.492944
2.664000,-0.000056,-0.002128,0.034797,-0.000031,-0.005645,-0.037326,-0.000000,-0.001015,1.570049,-0.300000,1.000000,1.100000,0.000000,0.000000,-1.571000,-0.299944,1.002128,1.065203,1.492945
2.666000,-0.000056,-0.002130,0.034797,-0.000031,-0.005645,-0.037326,-0.000000,-0.001015,1.570049,-0.300000,1.000000,1.100000,0.000000,0.000000,-1.571000,-0.299944,1.002130,1.065203,1.492946
2.668000,-0.000056,-0.002131,0.034797,-0.000031,-0.005645,-0.037326,-0.000000,-0.001015,1.570049,-0.300000,1.000000,1.100000,0.000000,0.000000,-1.571000,-0.299944,1.002131,1.065203,1.492947
2.670000,-0.000056,-0.002133,0.034797,-0.000031,-0.005645,-0.037326,-0.000000,-0.001015,1.570049,-0.300000,1.000000,1.100000,0.000000,0.000000,-1.571000,-0.299944,1.002133,1.065203,1.492948
2.672000,-0.000056,-0.002135,0.034797,-0.000031,-0.005645,-0.037326,-0.000000,-0.001015,1.570050,-0.300000,1.000000,1.100000,0.000000,0.000000,-1.571000,-0.299944,1.002135,1.065203,1.492949
2.674000,-0.000056,-0.002137,0.034797,-0.000031,-0.005645,-0.037326,-0.000000,-0.001015,1.570050,-0.300000,1.000000,1.100000,0.000000,0.000000,-1.571000,-0.299944,1.002137,1.065203,1.492950
2.676000,-0.000056,-0.002138,0.034797,-0.000031,-0.005645,-0.037326,-0.000000,-0.001015,1.570050,-0.300000,1.000000,1.100000,0.000000,0.000000,-1.571000,-0.299944,1.002138,1.065203,1.492952
2.678000,-0.000056,-0.002140,0.034797,-0.000031,-0.005645,-0.037326,-0.000000,-0.001015,1.570050,-0.300000,1.000000,1.100000,0.000000,0.000000,-1.571000,-0.299944,1.002140,1.065203,1.492953
2.680000,-0.000056,-0.002142,0.034797,-0.000031,-0.005645,-0.037326,-0.000000,-0.001015,1.570050,-0.300000,1.000000,1.100000,0.000000,0.000000,-1.571000,-0.299944,1.002142,1.065203,1.492954
2.682000,-0.000056,-0.002143,0.034797,-0.000031,-0.005645,-0.037326,-0.000000,-0.001015,1.570050,-0.300000,1.000000,1.100000,0.000000,0.000000,-1.571000,-0.299944,1.002143,1.065203,1.492955
2.684000,-0.000056,-0.002145,0.034797,-0.000031,-0.005645,-0.037326,-0.000000,-0.001015,1.570050,-0.300000,1.000000,1.100000,0.000000,0.000000,-1.571000,-0.299944,1.002145,1.065203,1.492956
2.686000,-0.000056,-0.002147,0.034797,-0.000031,-0.005645,-0.037326,-0.000000,-0.001015,1.570050,-0.300000,1.000000,1.100000,0.000000,0.000000,-1.571000,-0.299944,1.002147,1.065203,1.492957
2.688000,-0.000056,-0.002148,0.034797,-0.000031,-0.005645,-0.037326,-0.000000,-0.001015,1.570050,-0.300000,1.000000,1.100000,0.000000,0.000000,-1.571000,-0.299944,1.002148,1.065203,1.492958
2.690000,-0.000056,-0.002150,0.034797,-0.000031,-0.005645,-0.037326,-0.000000,-0.001015,1.570050,-0.300000,1.000000,1.100000,0.000000,0.000000,-1.571000,-0.299944,1.002150,1.065203,1.492959
2.692000,-0.000056,-0.002152,0.034797,-0.000031,-0.005645,-0.037326,-0.000000,-0.001015,1.570050,-0.300000,1.000000,1.100000,0.000000,0.000000,-1.571000,-0.299944,1.002152,1.065203,1.492961
2.694000,-0.000057,-0.002153,0.034797,-0.000031,-0.005645,-0.037326,-0.000000,-0.001015,1.570050,-0.300000,1.000000,1.100000,0.000000,0.000000,-1.571000,-0.299943,1.002153,1.065203,1.492962
2.696000,-0.000057,-0.002155,0.034797,-0.000031,-0.005645,-0.037326,-0.000000,-0.001015,1.570050,-0.300000,1.000000,1.100000,0.000000,0.000000,-1.571000,-0.299943,1.002155,1.065203,1.492963
2.698000,-0.000057,-0.002157,0.034797,-0.000031,-0.005645,-0.037326,-0.000000,-0.001015,1.570050,-0.300000,1.000000,1.100000,0.000000,0.000000,-1.571000,-0.299943,1.002157,1.065203,1.492964
2.700000,-0.000057,-0.002158,0.034797,-0.000031,-0.005645,-0.037326,-0.000000,-0.001015,1.570050,-0.300000,1.000000,1.100000,0.000000,0.000000,-1.571000,-0.299943,1.002158,1.065203,1.492965
2.702000,-0.000057,-0.002160,0.034797,-0.000031,-0.005645,-0.037326,-0.000000,-0.001015,1.570050,-0.300000,1.000000,1.100000,0.000000,0.000000,-1.571000,-0.299943,1.002160,1.065203,1.492966
2.704000,-0.000057,-0.002162,0.034797,-0.000031,-0.005645,-0.037326,-0.000000,-0.001015,1.570050,-0.300000,1.000000,1.100000,0.000000,0.000000,-1.571000,-0.299943,1.002162,1.065203,1.492967
2.706000,-0.000057,-0.002163,0.034797,-0.000031,-0.005645,-0.037326,-0.000000,-0.001015,1.570050,-0.300000,1.000000,1.100000,0.000000,0.000000,-1.571000,-0.299943,1.002163,1.065203,1.492968
2.708000,-0.000057,-0.002165,0.034797,-0.000031,-0.005645,-0.037326,-0.000000,-0.001015,1.570050,-0.300000,1.000000,1.100000,0.000000,0.000000,-1.571000,-0.299943,1.002165,1.065203,1.492969
2.710000,-0.000057,-0.002167,0.034797,-0.000031,-0.005645,-0.037326,-0.000000,-0.001015,1.570050,-0.300000,1.000000,1.100000,0.000000,0.000000,-1.571000,-0.299943,1.002167,1.065203,1.492971
2.712000,-0.000057,-0.002168,0.034797,-0.000031,-0.005645,-0.037326,-0.000000,-0.001015,1.570050,-0.300000,1.000000,1.100000,0.000000,0.000000,-1.571000,-0.299943,1.002168,1.065203,1.492972
2.714000,-0.000057,-0.002170,0.034797,-0.000031,-0.005645,-0.037326,-0.000000,-0.001015,1.570050,-0.300000,1.000000,1.100000,0.000000,0.000000,-1.571000,-0.299943,1.002170,1.065203,1.492973
2.716000,-0.000057,-0.002172,0.034797,-0.000031,-0.005645,-0.037326,-0.000000,-0.001015,1.570050,-0.300000,1.000000,1.100000,0.000000,0.000000,-1.571000,-0.299943,1.002172,1.065203,1.492974
2.718000,-0.000057,-0.002173,0.034797,-0.000031,-0.005645,-0.037326,-0.000000,-0.001015,1.570050,-0.300000,1.000000,1.100000,0.000000,0.000000,-1.571000,-0.299943,1.002173,1.065203,1.492975
2.720000,-0.000057,-0.002175,0.034797,-0.000031,-0.005645,-0.037326,-0.000000,-0.001015,1.570050,-0.300000,1.000000,1.100000,0.000000,0.000000,-1.571000,-0.299943,1.002175,1.065203,1.492976
2.722000,-0.000057,-0.002177,0.034797,-0.000031,-0.005645,-0.037326,-0.000000,-0.001015,1.570051,-0.300000,1.000000,1.100000,0.000000,0.000000,-1.571000,-0.299943,1.002177,1.065203,1.492977
2.724000,-0.000057,-0.002178,0.034797,-0.000031,-0.005645,-0.037326,-0.000000,-0.001015,1.570051,-0.300000,1.000000,1.100000,0.000000,0.000000,-1.571000,-0.299943,1.002178,1.065203,1.492978
2.726000,-0.000057,-0.002180,0.034797,-0.000031,-0.005645,-0.037326,-0.000000,-0.001015,1.570051,-0.300000,1.000000,1.100000,0.000000,0.000000,-1.571000,-0.299943,1.002180,1.065203,1.492979
2.728000,-0.000057,-0.002182,0.034797,-0.000031,-0.005645,-0.037326,-0.000000,-0.001015,1.570051,-0.300000,1.000000,1.100000,0.000000,0.000000,-1.571000,-0.299943,1.002182,1.065203,1.492981
2.730000,-0.000057,-0.002183,0.034797,-0.000031,-0.005645,-0.037326,-0.000000,-0.001015,1.570051,-0.300000,1.000000,1.100000,0.000000,0.000000,-1.571000,-0.299943,1.002183,1.065203,1.492982
2.732000,-0.000057,-0.002185,0.034797,-0.000031,-0.005645,-0.037326,-0.000000,-0.001015,1.570051,-0.300000,1.000000,1.100000,0.000000,0.000000,-1.571000,-0.299943,1.002185,1.065203,1.492983
2.734000,-0.000057,-0.002187,0.034797,-0.000031,-0.005645,-0.037326,-0.000000,-0.001015,1.570051,-0.300000,1.000000,1.100000,0.000000,0.000000,-1.571000,-0.299943,1.002187,1.065203,1.492984
2.736000,-0.000057,-0.002188,0.034797,-0.000031,-0.005645,-0.037326,-0.000000,-0.001015,1.570051,-0.300000,1.000000,1.100000,0.000000,0.000000,-1.571000,-0.299943,1.002188,1.065203,1.492985
2.738000,-0.000058,-0.002190,0.034797,-0.000031,-0.005645,-0.037326,-0.000000,-0.001015,1.570051,-0.300000,1.000000,1.100000,0.000000,0.000000,-1.571000,-0.299942,1.002190,1.065203,1.492986
2.740000,-0.000058,-0.002192,0.034797,-0.000031,-0.005645,-0.037326,-0.000000,-0.001015,1.570051,-0.300000,1.000000,1.100000,0.000000,0.000000,-1.571000,-0.299942,1.002192,1.065203,1.492987
2.742000,-0.000058,-0.002193,0.034797,-0.000031,-0.005645,-0.037326,-0.000000,-0.001015,1.570051,-0.300000,1.000000,1.100000,0.000000,0.000000,-1.571000,-0.299942,1.002193,1.065203,1.492988
2.744000,-0.000058,-0.002195,0.034797,-0.000031,-0.005645,-0.037326,-0.000000,-0.001015,1.570051,-0.300000,1.000000,1.100000,0.000000,0.000000,-1.571000,-0.299942,1.002195,1.065203,1.492990
2.746000,-0.000058,-0.002197,0.034797,-0.000031,-0.005645,-0.037326,-0.000000,-0.001015,1.570051,-0.300000,1.000000,1.100000,0.000000,0.000000,-1.571000,-0.299942,1.002197,1.065203,1.492991
2.748000,-0.000058,-0.002198,0.034797,-0.000031,-0.005645,-0.037326,-0.000000,-0.001015,1.570051,-0.300000,1.000000,1.100000,0.000000,0.000000,-1.571000,-0.299942,1.002198,1.065203,1.492992
2.750000,-0.000058,-0.002200,0.034797,-0.000031,-0.005645,-0.037326,-0.000000,-0.001015,1.570051,-0.300000,1.000000,1.100000,0.000000,0.000000,-1.571000,-0.299942,1.002200,1.065203,1.492993
2.752000,-0.000058,-0.002202,0.034797,-0.000031,-0.005645,-0.037326,-0.000000,-0.001015,1.570051,-0.300000,1.000000,1.100000,0.000000,0.000000,-1.571000,-0.299942,1.002202,1.065203,1.492994
2.754000,-0.000058,-0.002203,0.034797,-0.000031,-0.005645,-0.037326,-0.000000,-0.001015,1.570051,-0.300000,1.000000,1.100000,0.000000,0.000000,-1.571000,-0.299942,1.002203,1.065203,1.492995
2.756000,-0.000058,-0.002205,0.034797,-0.000031,-0.005645,-0.037326,-0.000000,-0.001015,1.570051,-0.300000,1.000000,1.100000,0.000000,0.000000,-1.571000,-0.299942,1.002205,1.065203,1.492996
2.758000,-0.000058,-0.002207,0.034797,-0.000031,-0.005645,-0.037326,-0.000000,-0.001015,1.570051,-0.300000,1.000000,1.100000,0.000000,0.000000,-1.571000,-0.299942,1.002207,1.065203,1.492997
2.760000,-0.000058,-0.002209,0.034797,-0.000031,-0.005645,-0.037326,-0.000000,-0.001015,1.570051,-0.300000,1.000000,1.100000,0.000000,0.000000,-1.571000,-0.299942,1.002209,1.065203,1.492998
2.762000,-0.000058,-0.002210,0.034797,-0.000031,-0.005645,-0.037326,-0.000000,-0.001015,1.570051,-0.300000,1.000000,1.100000,0.000000,0.000000,-1.571000,-0.299942,1.002210,1.065203,1.493000
2.764000,-0.000058,-0.002212,0.034797,-0.000031,-0.005645,-0.037326,-0.000000,-0.001015,1.570051,-0.300000,1.000000,1.100000,0.000000,0.000000,-1.571000,-0.299942,1.002212,1.065203,1.493001
2.766000,-0.000058,-0.002214,0.034797,-0.000031,-0.005645,-0.037326,-0.000000,-0.001015,1.570051,-0.300000,1.000000,1.100000,0.000000,0.000000,-1.571000,-0.299942,1.002214,1.065203,1.493002
2.768000,-0.000058,-0.002215,0.034797,-0.000031,-0.005645,-0.037326,-0.000000,-0.001015,1.570051,-0.300000,1.000000,1.100000,0.000000,0.000000,-1.571000,-0.299942,1.002215,1.065203,1.493003
2.770000,-0.000058,-0.002217,0.034797,-0.000031,-0.005645,-0.037326,-0.000000,-0.001015,1.570051,-0.300000,1.000000,1.100000,0.000000,0.000000,-1.571000,-0.299942,1.002217,1.065203,1.493004
2.772000,-0.000058,-0.002219,0.034797,-0.000031,-0.005645,-0.037326,-0.000000,-0.001015,1.570052,-0.300000,1.000000,1.100000,0.000000,0.000000,-1.571000,-0.299942,1.002219,1.065203,1.493005
2.774000,-0.000058,-0.002220,0.034797,-0.000031,-0.005645,-0.037326,-0.000000,-0.001015,1.570052,-0.300000,1.000000,1.100000,0.000000,0.000000,-1.571000,-0.299942,1.002220,1.065203,1.493006
2.776000,-0.000058,-0.002222,0.034797,-0.000031,-0.005645,-0.037326,-0.000000,-0.001015,1.570052,-0.300000,1.000000,1.100000,0.000000,0.000000,-1.571000,-0.299942,1.002222,1.065203,1.493007
2.778000,-0.000058,-0.002224,0.034797,-0.000031,-0.005645,-0.037326,-0.000000,-0.001015,1.570052,-0.300000,1.000000,1.100000,0.000000,0.000000,-1.571000,-0.299942,1.002224,1.065203,1.493008
2.780000,-0.000058,-0.002225,0.034797,-0.000031,-0.005645,-0.037326,-0.000000,-0.001015,1.570052,-0.300000,1.000000,1.100000,0.000000,0.000000,-1.571000,-0.299942,1.002225,1.065203,1.493010
2.782000,-0.000058,-0.002227,0.034797,-0.000031,-0.005645,-0.037326,-0.000000,-0.001015,1.570052,-0.300000,1.000000,1.100000,0.000000,0.000000,-1.571000,-0.299942,1.002227,1.065203,1.493011
2.784000,-0.000059,-0.002229,0.034797,-0.000031,-0.005645,-0.037326,-0.000000,-0.001015,1.570052,-0.300000,1.000000,1.100000,0.000000,0.000000,-1.571000,-0.299941,1.002229,1.065203,1.493012
2.786000,-0.000059,-0.002230,0.034797,-0.000031,-0.005645,-0.037326,-0.000000,-0.001015,1.570052,-0.300000,1.000000,1.100000,0.000000,0.000000,-1.571000,-0.299941,1.002230,1.065203,1.493013
2.788000,-0.000059,-0.002232,0.034797,-0.000031,-0.005645,-0.037326,-0.000000,-0.001015,1.570052,-0.300000,1.000000,1.100000,0.000000,0.000000,-1.571000,-0.299941,1.002232,1.065203,1.493014
2.790000,-0.000059,-0.002234,0.034797,-0.000031,-0.005645,-0.037326,-0.000000,-0.001015,1.570052,-0.300000,1.000000,1.100000,0.000000,0.000000,-1.571000,-0.299941,1.002234,1.065203,1.493015
2.792000,-0.000059,-0.002235,0.034797,-0.000031,-0.005645,-0.037326,-0.000000,-0.001015,1.570052,-0.300000,1.000000,1.100000,0.000000,0.000000,-1.571000,-0.299941,1.002235,1.065203,1.493016
2.794000,-0.000059,-0.002237,0.034797,-0.000031,-0.005645,-0.037326,-0.000000,-0.001015,1.570052,-0.300000,1.000000,1.100000,0.000000,0.000000,-1.571000,-0.299941,1.002237,1.065203,1.493017
2.796000,-0.000059,-0.002239,0.034797,-0.000031,-0.005645,-0.037326,-0.000000,-0.001015,1.570052,-0.300000,1.000000,1.100000,0.000000,0.000000,-1.571000,-0.299941,1.002239,1.065203,1.493019
2.798000,-0.000059,-0.002240,0.034797,-0.000031,-0.005645,-0.037326,-0.000000,-0.001015,1.570052,-0.300000,1.000000,1.100000,0.000000,0.000000,-1.571000,-0.299941,1.002240,1.065203,1.493020
2.800000,-0.000059,-0.002242,0.034797,-0.000031,-0.005645,-0.037326,-0.000000,-0.001015,1.570052,-0.300000,1.000000,1.100000,0.000000,0.000000,-1.571000,-0.299941,1.002242,1.065203,1.493021
2.802000,-0.000059,-0.002244,0.034797,-0.000031,-0.005645,-0.037326,-0.000000,-0.001015,1.570052,-0.300000,1.000000,1.100000,0.000000,0.000000,-1.571000,-0.299941,1.002244,1.065203,1.493022
2.804000,-0.000059,-0.002245,0.034797,-0.000031,-0.005645,-0.037326,-0.000000,-0.001015,1.570052,-0.300000,1.000000,1.100000,0.000000,0.000000,-1.571000,-0.299941,1.002245,1.065203,1.493023
2.806000,-0.000059,-0.002247,0.034797,-0.000031,-0.005645,-0.037326,-0.000000,-0.001015,1.570052,-0.300000,1.000000,1.100000,0.000000,0.000000,-1.571000,-0.299941,1.002247,1.065203,1.493024
2.808000,-0.000059,-0.002249,0.034797,-0.000031,-0.005645,-0.037326,-0.000000,-0.001015,1.570052,-0.300000,1.000000,1.100000,0.000000,0.000000,-1.571000,-0.299941,1.002249,1.065203,1.493025
2.810000,-0.000059,-0.002250,0.034797,-0.000031,-0.005645,-0.037326,-0.000000,-0.001015,1.570052,-0.300000,1.000000,1.100000,0.000000,0.000000,-1.571000,-0.299941,1.002250,1.065203,1.493026
2.812000,-0.000059,-0.002252,0.034797,-0.000031,-0.005645,-0.037326,-0.000000,-0.001015,1.570052,-0.300000,1.000000,1.100000,0.000000,0.000000,-1.571000,-0.299941,1.002252,1.065203,1.493027
2.814000,-0.000059,-0.002254,0.034797,-0.000031,-0.005645,-0.037326,-0.000000,-0.001015,1.570052,-0.300000,1.000000,1.100000,0.000000,0.000000,-1.571000,-0.299941,1.002254,1.065203,1.493029
2.816000,-0.000059,-0.002255,0.034797,-0.000031,-0.005645,-0.037326,-0.000000,-0.001015,1.570052,-0.300000,1.000000,1.100000,0.000000,0.000000,-1.571000,-0.299941,1.002255,1.065203,1.493030
2.818000,-0.000059,-0.002257,0.034797,-0.000031,-0.005645,-0.037326,-0.000000,-0.001015,1.570052,-0.300000,1.000000,1.100000,0.000000,0.000000,-1.571000,-0.299941,1.002257,1.065203,1.493031
2.820000,-0.000059,-0.002259,0.034797,-0.000031,-0.005645,-0.037326,-0.000000,-0.001015,1.570052,-0.300000,1.000000,1.100000,0.000000,0.000000,-1.571000,-0.299941,1.002259,1.065203,1.493032
2.822000,-0.000059,-0.002260,0.034797,-0.000031,-0.005645,-0.037326,-0.000000,-0.001015,1.570052,-0.300000,1.000000,1.100000,0.000000,0.000000,-1.571000,-0.299941,1.002260,1.065203,1.493033
2.824000,-0.000059,-0.002262,0.034797,-0.000031,-0.005645,-0.037326,-0.000000,-0.001015,1.570053,-0.300000,1.000000,1.100000,0.000000,0.000000,-1.571000,-0.299941,1.002262,1.065203,1.493034
2.826000,-0.000059,-0.002264,0.034797,-0.000031,-0.005645,-0.037326,-0.000000,-0.001015,1.570053,-0.300000,1.000000,1.100000,0.000000,0.000000,-1.571000,-0.299941,1.002264,1.065203,1.493035
2.828000,-0.000060,-0.002265,0.034797,-0.000031,-0.005645,-0.037326,-0.000000,-0.001015,1.570053,-0.300000,1.000000,1.100000,0.000000,0.000000,-1.571000,-0.299940,1.002265,1.065203,1.493036
2.830000,-0.000060,-0.002267,0.034797,-0.000031,-0.005645,-0.037326,-0.000000,-0.001015,1.570053,-0.300000,1.000000,1.100000,0.000000,0.000000,-1.571000,-0.299940,1.002267,1.065203,1.493037
2.832000,-0.000060,-0.002269,0.034797,-0.000031,-0.005645,-0.037326,-0.000000,-0.001015,1.570053,-0.300000,1.000000,1.100000,0.000000,0.000000,-1.571000,-0.299940,1.002269,1.065203,1.493039
2.834000,-0.000060,-0.002270,0.034797,-0.000031,-0.005645,-0.037326,-0.000000,-0.001015,1.570053,-0.300000,1.000000,1.100000,0.000000,0.000000,-1.571000,-0.299940,1.002270,1.065203,1.493040
2.836000,-0.000060,-0.002272,0.034797,-0.000031,-0.005645,-0.037326,-0.000000,-0.001015,1.570053,-0.300000,1.000000,1.100000,0.000000,0.000000,-1.571000,-0.299940,1.002272,1.065203,1.493041
2.838000,-0.000060,-0.002274,0.034797,-0.000031,-0.005645,-0.037326,-0.000000,-0.001015,1.570053,-0.300000,1.000000,1.100000,0.000000,0.000000,-1.571000,-0.299940,1.002274,1.065203,1.493042
2.840000,-0.000060,-0.002276,0.034797,-0.000031,-0.005645,-0.037326,-0.000000,-0.001015,1.570053,-0.300000,1.000000,1.100000,0.000000,0.000000,-1.571000,-0.299940,1.002276,1.065203,1.493043
2.842000,-0.000060,-0.002277,0.034797,-0.000031,-0.005645,-0.037326,-0.000000,-0.001015,1.570053,-0.300000,1.000000,1.100000,0.000000,0.000000,-1.571000,-0.299940,1.002277,1.065203,1.493044
2.844000,-0.000060,-0.002279,0.034797,-0.000031,-0.005645,-0.037326,-0.000000,-0.001015,1.570053,-0.300000,1.000000,1.100000,0.000000,0.000000,-1.571000,-0.299940,1.002279,1.065203,1.493045
2.846000,-0.000060,-0.002281,0.034797,-0.000031,-0.005645,-0.037326,-0.000000,-0.001015,1.570053,-0.300000,1.000000,1.100000,0.000000,0.000000,-1.571000,-0.299940,1.002281,1.065203,1.493046
2.848000,-0.000060,-0.002282,0.034797,-0.000031,-0.005645,-0.037326,-0.000000,-0.001015,1.570053,-0.300000,1.000000,1.100000,0.000000,0.000000,-1.571000,-0.299940,1.002282,1.065203,1.493047
2.850000,-0.000060,-0.002284,0.034797,-0.000031,-0.005645,-0.037326,-0.000000,-0.001015,1.570053,-0.300000,1.000000,1.100000,0.000000,0.000000,-1.571000,-0.299940,1.002284,1.065203,1.493049
2.852000,-0.000060,-0.002286,0.034797,-0.000031,-0.005645,-0.037326,-0.000000,-0.001015,1.570053,-0.300000,1.000000,1.100000,0.000000,0.000000,-1.571000,-0.299940,1.002286,1.065203,1.493050
2.854000,-0.000060,-0.002287,0.034797,-0.000031,-0.005645,-0.037326,-0.000000,-0.001015,1.570053,-0.300000,1.000000,1.100000,0.000000,0.000000,-1.571000,-0.299940,1.002287,1.065203,1.493051
2.856000,-0.000060,-0.002289,0.034797,-0.000031,-0.005645,-0.037326,-0.000000,-0.001015,1.570053,-0.300000,1.000000,1.100000,0.000000,0.000000,-1.571000,-0.299940,1.002289,1.065203,1.493052
2.858000,-0.000060,-0.002291,0.034797,-0.000031,-0.005645,-0.037326,-0.000000,-0.001015,1.570053,-0.300000,1.000000,1.100000,0.000000,0.000000,-1.571000,-0.299940,1.002291,1.065203,1.493053
2.860000,-0.000060,-0.002292,0.034797,-0.000031,-0.005645,-0.037326,-0.000000,-0.001015,1.570053,-0.300000,1.000000,1.100000,0.000000,0.000000,-1.571000,-0.299940,1.002292,1.065203,1.493054
2.862000,-0.000060,-0.002294,0.034797,-0.000031,-0.005645,-0.037326,-0.000000,-0.001015,1.570053,-0.300000,1.000000,1.100000,0.000000,0.000000,-1.571000,-0.299940,1.002294,1.065203,1.493055
2.864000,-0.000060,-0.002296,0.034797,-0.000031,-0.005645,-0.037326,-0.000000,-0.001015,1.570053,-0.300000,1.000000,1.100000,0.000000,0.000000,-1.571000,-0.299940,1.002296,1.065203,1.493056
2.866000,-0.000060,-0.002297,0.034797,-0.000031,-0.005645,-0.037326,-0.000000,-0.001015,1.570053,-0.300000,1.000000,1.100000,0.000000,0.000000,-1.571000,-0.299940,1.002297,1.065203,1.493058
2.868000,-0.000060,-0.002299,0.034797,-0.000031,-0.005645,-0.037326,-0.000000,-0.001015,1.570053,-0.300000,1.000000,1.100000,0.000000,0.000000,-1.571000,-0.299940,1.002299,1.065203,1.493059
2.870000,-0.000060,-0.002301,0.034797,-0.000031,-0.005645,-0.037326,-0.000000,-0.001015,1.570053,-0.300000,1.000000,1.100000,0.000000,0.000000,-1.571000,-0.299940,1.002301,1.065203,1.493060
2.872000,-0.000061,-0.002302,0.034797,-0.000031,-0.005645,-0.037326,-0.000000,-0.001015,1.570053,-0.300000,1.000000,1.100000,0.000000,0.000000,-1.571000,-0.299939,1.002302,1.065203,1.493061
2.874000,-0.000061,-0.002304,0.034797,-0.000031,-0.005645,-0.037326,-0.000000,-0.001015,1.570054,-0.300000,1.000000,1.100000,0.000000,0.000000,-1.571000,-0.299939,1.002304,1.065203,1.493062
2.876000,-0.000061,-0.002306,0.034797,-0.000031,-0.005645,-0.037326,-0.000000,-0.001015,1.570054,-0.300000,1.000000,1.100000,0.000000,0.000000,-1.571000,-0.299939,1.002306,1.065203,1.493063
2.878000,-0.000061,-0.002307,0.034797,-0.000031,-0.005645,-0.037326,-0.000000,-0.001015,1.570054,-0.300000,1.000000,1.100000,0.000000,0.000000,-1.571000,-0.299939,1.002307,1.065203,1.493064
2.880000,-0.000061,-0.002309,0.034797,-0.000031,-0.005645,-0.037326,-0.000000,-0.001015,1.570054,-0.300000,1.000000,1.100000,0.000000,0.000000,-1.571000,-0.299939,1.002309,1.065203,1.493065
2.882000,-0.000061,-0.002311,0.034797,-0.000031,-0.005645,-0.037326,-0.000000,-0.001015,1.570054,-0.300000,1.000000,1.100000,0.000000,0.000000,-1.571000,-0.299939,1.002311,1.065203,1.493066
2.884000,-0.000061,-0.002312,0.034797,-0.000031,-0.005645,-0.037326,-0.000000,-0.001015,1.570054,-0.300000,1.000000,1.100000,0.000000,0.000000,-1.571000,-0.299939,1.002312,1.065203,1.493068
2.886000,-0.000061,-0.002314,0.034797,-0.000031,-0.005645,-0.037326,-0.000000,-0.001015,1.570054,-0.300000,1.000000,1.100000,0.000000,0.000000,-1.571000,-0.299939,1.002314,1.065203,1.493069
2.888000,-0.000061,-0.002316,0.034797,-0.000031,-0.005645,-0.037326,-0.000000,-0.001015,1.570054,-0.300000,1.000000,1.100000,0.000000,0.000000,-1.571000,-0.299939,1.002316,1.065203,1.493070
2.890000,-0.000061,-0.002317,0.034797,-0.000031,-0.005645,-0.037326,-0.000000,-0.001015,1.570054,-0.300000,1.000000,1.100000,0.000000,0.000000,-1.571000,-0.299939,1.002317,1.065203,1.493071
2.892000,-0.000061,-0.002319,0.034797,-0.000031,-0.005645,-0.037326,-0.000000,-0.001015,1.570054,-0.300000,1.000000,1.100000,0.000000,0.000000,-1.571000,-0.299939,1.002319,1.065203,1.493072
2.894000,-0.000061,-0.002321,0.034797,-0.000031,-0.005645,-0.037326,-0.000000,-0.001015,1.570054,-0.300000,1.000000,1.100000,0.000000,0.000000,-1.571000,-0.299939,1.002321,1.065203,1.493073
2.896000,-0.000061,-0.002322,0.034797,-0.000031,-0.005645,-0.037326,-0.000000,-0.001015,1.570054,-0.300000,1.000000,1.100000,0.000000,0.000000,-1.571000,-0.299939,1.002322,1.065203,1.493074
2.898000,-0.000061,-0.002324,0.034797,-0.000031,-0.005645,-0.037326,-0.000000,-0.001015,1.570054,-0.300000,1.000000,1.100000,0.000000,0.000000,-1.571000,-0.299939,1.002324,1.065203,1.493075
2.900000,-0.000061,-0.002326,0.034797,-0.000031,-0.005645,-0.037326,-0.000000,-0.001015,1.570054,-0.300000,1.000000,1.100000,0.000000,0.000000,-1.571000,-0.299939,1.002326,1.065203,1.493076
2.902000,-0.000061,-0.002327,0.034797,-0.000031,-0.005645,-0.037326,-0.000000,-0.001015,1.570054,-0.300000,1.000000,1.100000,0.000000,0.000000,-1.571000,-0.299939,1.002327,1.065203,1.493078
2.904000,-0.000061,-0.002329,0.034797,-0.000031,-0.005645,-0.037326,-0.000000,-0.001015,1.570054,-0.300000,1.000000,1.100000,0.000000,0.000000,-1.571000,-0.299939,1.002329,1.065203,1.493079
2.906000,-0.000061,-0.002331,0.034797,-0.000031,-0.005645,-0.037326,-0.000000,-0.001015,1.570054,-0.300000,1.000000,1.100000,0.000000,0.000000,-1.571000,-0.299939,1.002331,1.065203,1.493080
2.908000,-0.000061,-0.002332,0.034797,-0.000031,-0.005645,-0.037326,-0.000000,-0.001015,1.570054,-0.300000,1.000000,1.100000,0.000000,0.000000,-1.571000,-0.299939,1.002332,1.065203,1.493081
2.910000,-0.000061,-0.002334,0.034797,-0.000031,-0.005645,-0.037326,-0.000000,-0.001015,1.570054,-0.300000,1.000000,1.100000,0.000000,0.000000,-1.571000,-0.299939,1.002334,1.065203,1.493082
2.912000,-0.000061,-0.002336,0.034797,-0.000031,-0.005645,-0.037326,-0.000000,-0.001015,1.570054,-0.300000,1.000000,1.100000,0.000000,0.000000,-1.571000,-0.299939,1.002336,1.065203,1.493083
2.914000,-0.000061,-0.002337,0.034797,-0.000031,-0.005645,-0.037326,-0.000000,-0.001015,1.570054,-0.300000,1.000000,1.100000,0.000000,0.000000,-1.571000,-0.299939,1.002337,1.065203,1.493084
2.916000,-0.000062,-0.002339,0.034797,-0.000031,-0.005645,-0.037326,-0.000000,-0.001015,1.570054,-0.300000,1.000000,1.100000,0.000000,0.000000,-1.571000,-0.299938,1.002339,1.065203,1.493085
2.918000,-0.000062,-0.002341,0.034797,-0.000031,-0.005645,-0.037326,-0.000000,-0.001015,1.570054,-0.300000,1.000000,1.100000,0.000000,0.000000,-1.571000,-0.299938,1.002341,1.065203,1.493087
2.920000,-0.000062,-0.002342,0.034797,-0.000031,-0.005645,-0.037326,-0.000000,-0.001015,1.570054,-0.300000,1.000000,1.100000,0.000000,0.000000,-1.571000,-0.299938,1.002342,1.065203,1.493088
2.922000,-0.000062,-0.002344,0.034797,-0.000031,-0.005645,-0.037326,-0.000000,-0.001015,1.570054,-0.300000,1.000000,1.100000,0.000000,0.000000,-1.571000,-0.299938,1.002344,1.065203,1.493089
2.924000,-0.000062,-0.002346,0.034797,-0.000031,-0.005645,-0.037326,-0.000000,-0.001015,1.570055,-0.300000,1.000000,1.100000,0.000000,0.000000,-1.571000,-0.299938,1.002346,1.065203,1.493090
2.926000,-0.000062,-0.002348,0.034797,-0.000031,-0.005645,-0.037326,-0.000000,-0.001015,1.570055,-0.300000,1.000000,1.100000,0.000000,0.000000,-1.571000,-0.299938,1.002348,1.065203,1.493091
2.928000,-0.000062,-0.002349,0.034797,-0.000031,-0.005645,-0.037326,-0.000000,-0.001015,1.570055,-0.300000,1.000000,1.100000,0.000000,0.000000,-1.571000,-0.299938,1.002349,1.065203,1.493092
2.930000,-0.000062,-0.002351,0.034797,-0.000031,-0.005645,-0.037326,-0.000000,-0.001015,1.570055,-0.300000,1.000000,1.100000,0.000000,0.000000,-1.571000,-0.299938,1.002351,1.065203,1.493093
2.932000,-0.000062,-0.002353,0.034797,-0.000031,-0.005645,-0.037326,-0.000000,-0.001015,1.570055,-0.300000,1.000000,1.100000,0.000000,0.000000,-1.571000,-0.299938,1.002353,1.065203,1.493094
2.934000,-0.000062,-0.002354,0.034797,-0.000031,-0.005645,-0.037326,-0.000000,-0.001015,1.570055,-0.300000,1.000000,1.100000,0.000000,0.000000,-1.571000,-0.299938,1.002354,1.065203,1.493095
2.936000,-0.000062,-0.002356,0.034797,-0.000031,-0.005645,-0.037326,-0.000000,-0.001015,1.570055,-0.300000,1.000000,1.100000,0.000000,0.000000,-1.571000,-0.299938,1.002356,1.065203,1.493097
2.938000,-0.000062,-0.002358,0.034797,-0.000031,-0.005645,-0.037326,-0.000000,-0.001015,1.570055,-0.300000,1.000000,1.100000,0.000000,0.000000,-1.571000,-0.299938,1.002358,1.065203,1.493098
2.940000,-0.000062,-0.002359,0.034797,-0.000031,-0.005645,-0.037326,-0.000000,-0.001015,1.570055,-0.300000,1.000000,1.100000,0.000000,0.000000,-1.571000,-0.299938,1.002359,1.065203,1.493099
2.942000,-0.000062,-0.002361,0.034797,-0.000031,-0.005645,-0.037326,-0.000000,-0.001015,1.570055,-0.300000,1.000000,1.100000,0.000000,0.000000,-1.571000,-0.299938,1.002361,1.065203,1.493100
2.944000,-0.000062,-0.002363,0.034797,-0.000031,-0.005645,-0.037326,-0.000000,-0.001015,1.570055,-0.300000,1.000000,1.100000,0.000000,0.000000,-1.571000,-0.299938,1.002363,1.065203,1.493101
2.946000,-0.000062,-0.002364,0.034797,-0.000031,-0.005645,-0.037326,-0.000000,-0.001015,1.570055,-0.300000,1.000000,1.100000,0.000000,0.000000,-1.571000,-0.299938,1.002364,1.065203,1.493102
2.948000,-0.000062,-0.002366,0.034797,-0.000031,-0.005645,-0.037326,-0.000000,-0.001015,1.570055,-0.300000,1.000000,1.100000,0.000000,0.000000,-1.571000,-0.299938,1.002366,1.065203,1.493103
2.950000,-0.000062,-0.002368,0.034797,-0.000031,-0.005645,-0.037326,-0.000000,-0.001015,1.570055,-0.300000,1.000000,1.100000,0.000000,0.000000,-1.571000,-0.299938,1.002368,1.065203,1.493104
2.952000,-0.000062,-0.002369,0.034797,-0.000031,-0.005645,-0.037326,-0.000000,-0.001015,1.570055,-0.300000,1.000000,1.100000,0.000000,0.000000,-1.571000,-0.299938,1.002369,1.065203,1.493105
2.954000,-0.000062,-0.002371,0.034797,-0.000031,-0.005645,-0.037326,-0.000000,-0.001015,1.570055,-0.300000,1.000000,1.100000,0.000000,0.000000,-1.571000,-0.299938,1.002371,1.065203,1.493107
2.956000,-0.000062,-0.002373,0.034797,-0.000031,-0.005645,-0.037326,-0.000000,-0.001015,1.570055,-0.300000,1.000000,1.100000,0.000000,0.000000,-1.571000,-0.299938,1.002373,1.065203,1.493108
2.958000,-0.000062,-0.002374,0.034797,-0.000031,-0.005645,-0.037326,-0.000000,-0.001015,1.570055,-0.300000,1.000000,1.100000,0.000000,0.000000,-1.571000,-0.299938,1.002374,1.065203,1.493109
2.960000,-0.000062,-0.002376,0.034797,-0.000031,-0.005645,-0.037326,-0.000000,-0.001015,1.570055,-0.300000,1.000000,1.100000,0.000000,0.000000,-1.571000,-0.299938,1.002376,1.065203,1.493110
2.962000,-0.000063,-0.002378,0.034797,-0.000031,-0.005645,-0.037326,-0.000000,-0.001015,1.570055,-0.300000,1.000000,1.100000,0.000000,0.000000,-1.571000,-0.299937,1.002378,1.065203,1.493111
2.964000,-0.000063,-0.002379,0.034797,-0.000031,-0.005645,-0.037326,-0.000000,-0.001015,1.570055,-0.300000,1.000000,1.100000,0.000000,0.000000,-1.571000,-0.299937,1.002379,1.065203,1.493112
2.966000,-0.000063,-0.002381,0.034797,-0.000031,-0.005645,-0.037326,-0.000000,-0.001015,1.570055,-0.300000,1.000000,1.100000,0.000000,0.000000,-1.571000,-0.299937,1.002381,1.065203,1.493113
2.968000,-0.000063,-0.002383,0.034797,-0.000031,-0.005645,-0.037326,-0.000000,-0.001015,1.570055,-0.300000,1.000000,1.100000,0.000000,0.000000,-1.571000,-0.299937,1.002383,1.065203,1.493114
2.970000,-0.000063,-0.002384,0.034797,-0.000031,-0.005645,-0.037326,-0.000000,-0.001015,1.570055,-0.300000,1.000000,1.100000,0.000000,0.000000,-1.571000,-0.299937,1.002384,1.065203,1.493116
2.972000,-0.000063,-0.002386,0.034797,-0.000031,-0.005645,-0.037326,-0.000000,-0.001015,1.570055,-0.300000,1.000000,1.100000,0.000000,0.000000,-1.571000,-0.299937,1.002386,1.065203,1.493117
2.974000,-0.000063,-0.002388,0.034797,-0.000031,-0.005645,-0.037326,-0.000000,-0.001015,1.570055,-0.300000,1.000000,1.100000,0.000000,0.000000,-1.571000,-0.299937,1.002388,1.065203,1.493118
2.976000,-0.000063,-0.002389,0.034797,-0.000031,-0.005645,-0.037326,-0.000000,-0.001015,1.570056,-0.300000,1.000000,1.100000,0.000000,0.000000,-1.571000,-0.299937,1.002389,1.065203,1.493119
2.978000,-0.000063,-0.002391,0.034797,-0.000031,-0.005645,-0.037326,-0.000000,-0.001015,1.570056,-0.300000,1.000000,1.100000,0.000000,0.000000,-1.571000,-0.299937,1.002391,1.065203,1.493120
2.980000,-0.000063,-0.002393,0.034797,-0.000031,-0.005645,-0.037326,-0.000000,-0.001015,1.570056,-0.300000,1.000000,1.100000,0.000000,0.000000,-1.571000,-0.299937,1.002393,1.065203,1.493121
2.982000,-0.000063,-0.002394,0.034797,-0.000031,-0.005645,-0.037326,-0.000000,-0.001015,1.570056,-0.300000,1.000000,1.100000,0.000000,0.000000,-1.571000,-0.299937,1.002394,1.065203,1.493122
2.984000,-0.000063,-0.002396,0.034797,-0.000031,-0.005645,-0.037326,-0.000000,-0.001015,1.570056,-0.300000,1.000000,1.100000,0.000000,0.000000,-1.571000,-0.299937,1.002396,1.065203,1.493123
2.986000,-0.000063,-0.002398,0.034797,-0.000031,-0.005645,-0.037326,-0.000000,-0.001015,1.570056,-0.300000,1.000000,1.100000,0.000000,0.000000,-1.571000,-0.299937,1.002398,1.065203,1.493124
2.988000,-0.000063,-0.002399,0.034797,-0.000031,-0.005645,-0.037326,-0.000000,-0.001015,1.570056,-0.300000,1.000000,1.100000,0.000000,0.000000,-1.571000,-0.299937,1.002399,1.065203,1.493126
2.990000,-0.000063,-0.002401,0.034797,-0.000031,-0.005645,-0.037326,-0.000000,-0.001015,1.570056,-0.300000,1.000000,1.100000,0.000000,0.000000,-1.571000,-0.299937,1.002401,1.065203,1.493127
2.992000,-0.000063,-0.002403,0.034797,-0.000031,-0.005645,-0.037326,-0.000000,-0.001015,1.570056,-0.300000,1.000000,1.100000,0.000000,0.000000,-1.571000,-0.299937,1.002403,1.065203,1.493128
2.994000,-0.000063,-0.002404,0.034797,-0.000031,-0.005645,-0.037326,-0.000000,-0.001015,1.570056,-0.300000,1.000000,1.100000,0.000000,0.000000,-1.571000,-0.299937,1.002404,1.065203,1.493129
2.996000,-0.000063,-0.002406,0.034797,-0.000031,-0.005645,-0.037326,-0.000000,-0.001015,1.570056,-0.300000,1.000000,1.100000,0.000000,0.000000,-1.571000,-0.299937,1.002406,1.065203,1.493130
2.998000,-0.000063,-0.002408,0.034797,-0.000031,-0.005645,-0.037326,-0.000000,-0.001015,1.570056,-0.300000,1.000000,1.100000,0.000000,0.000000,-1.571000,-0.299937,1.002408,1.065203,1.493131
3.000000,-0.000063,-0.002409,0.034797,-0.000031,-0.005645,-0.037326,-0.000000,-0.001015,1.570056,-0.300000,1.000000,1.100000,0.000000,0.000000,-1.571000,-0.299937,1.002409,1.065203,1.493132
3.002000,-0.000063,-0.002411,0.034797,-0.000031,-0.005645,-0.037326,-0.000000,-0.001015,1.570056,-0.300000,1.000000,1.100000,0.000000,0.000000,-1.571000,-0.299937,1.002411,1.065203,1.493133
3.004000,-0.000063,-0.002413,0.034797,-0.000031,-0.005645,-0.037326,-0.000000,-0.001015,1.570056,-0.300000,1.000000,1.100000,0.000000,0.000000,-1.571000,-0.299937,1.002413,1.065203,1.493134
3.006000,-0.000064,-0.002415,0.034797,-0.000031,-0.005645,-0.037326,-0.000000,-0.001015,1.570056,-0.300000,1.000000,1.100000,0.000000,0.000000,-1.571000,-0.299936,1.002415,1.065203,1.493136
3.008000,-0.000064,-0.002416,0.034797,-0.000031,-0.005645,-0.037326,-0.000000,-0.001015,1.570056,-0.300000,1.000000,1.100000,0.000000,0.000000,-1.571000,-0.299936,1.002416,1.065203,1.493137
3.010000,-0.000064,-0.002418,0.034797,-0.000031,-0.005645,-0.037326,-0.000000,-0.001015,1.570056,-0.300000,1.000000,1.100000,0.000000,0.000000,-1.571000,-0.299936,1.002418,1.065203,1.493138
3.012000,-0.000064,-0.002420,0.034797,-0.000031,-0.005645,-0.037326,-0.000000,-0.001015,1.570056,-0.300000,1.000000,1.100000,0.000000,0.000000,-1.571000,-0.299936,1.002420,1.065203,1.493139
3.014000,-0.000064,-0.002421,0.034797,-0.000031,-0.005645,-0.037326,-0.000000,-0.001015,1.570056,-0.300000,1.000000,1.100000,0.000000,0.000000,-1.571000,-0.299936,1.002421,1.065203,1.493140
3.016000,-0.000064,-0.002423,0.034797,-0.000031,-0.005645,-0.037326,-0.000000,-0.001015,1.570056,-0.300000,1.000000,1.100000,0.000000,0.000000,-1.571000,-0.299936,1.002423,1.065203,1.493141
3.018000,-0.000064,-0.002425,0.034797,-0.000031,-0.005645,-0.037326,-0.000000,-0.001015,1.570056,-0.300000,1.000000,1.100000,0.000000,0.000000,-1.571000,-0.299936,1.002425,1.065203,1.493142
3.020000,-0.000064,-0.002426,0.034797,-0.000031,-0.005645,-0.037326,-0.000000,-0.001015,1.570056,-0.300000,1.000000,1.100000,0.000000,0.000000,-1.571000,-0.299936,1.002426,1.065203,1.493143
3.022000,-0.000064,-0.002428,0.034797,-0.000031,-0.005645,-0.037326,-0.000000,-0.001015,1.570056,-0.300000,1.000000,1.100000,0.000000,0.000000,-1.571000,-0.299936,1.002428,1.065203,1.493145
3.024000,-0.000064,-0.002430,0.034797,-0.000031,-0.005645,-0.037326,-0.000000,-0.001015,1.570056,-0.300000,1.000000,1.100000,0.000000,0.000000,-1.571000,-0.299936,1.002430,1.065203,1.493146
3.026000,-0.000064,-0.002431,0.034797,-0.000031,-0.005645,-0.037326,-0.000000,-0.001015,1.570057,-0.300000,1.000000,1.100000,0.000000,0.000000,-1.571000,-0.299936,1.002431,1.065203,1.493147
3.028000,-0.000064,-0.002433,0.034797,-0.000031,-0.005645,-0.037326,-0.000000,-0.001015,1.570057,-0.300000,1.000000,1.100000,0.000000,0.000000,-1.571000,-0.299936,1.002433,1.065203,1.493148
3.030000,-0.000064,-0.002435,0.034797,-0.000031,-0.005645,-0.037326,-0.000000,-0.001015,1.570057,-0.300000,1.000000,1.100000,0.000000,0.000000,-1.571000,-0.299936,1.002435,1.065203,1.493149
3.032000,-0.000064,-0.002436,0.034797,-0.000031,-0.005645,-0.037326,-0.000000,-0.001015,1.570057,-0.300000,1.000000,1.100000,0.000000,0.000000,-1.571000,-0.299936,1.002436,1.065203,1.493150
3.034000,-0.000064,-0.002438,0.034797,-0.000031,-0.005645,-0.037326,-0.000000,-0.001015,1.570057,-0.300000,1.000000,1.100000,0.000000,0.000000,-1.571000,-0.299936,1.002438,1.065203,1.493151
3.036000,-0.000064,-0.002440,0.034797,-0.000031,-0.005645,-0.037326,-0.000000,-0.001015,1.570057,-0.300000,1.000000,1.100000,0.000000,0.000000,-1.571000,-0.299936,1.002440,1.065203,1.493152
3.038000,-0.000064,-0.002441,0.034797,-0.000031,-0.005645,-0.037326,-0.000000,-0.001015,1.570057,-0.300000,1.000000,1.100000,0.000000,0.000000,-1.571000,-0.299936,1.002441,1.065203,1.493153
3.040000,-0.000064,-0.002443,0.034797,-0.000031,-0.005645,-0.037326,-0.000000,-0.001015,1.570057,-0.300000,1.000000,1.100000,0.000000,0.000000,-1.571000,-0.299936,1.002443,1.065203,1.493155
3.042000,-0.000064,-0.002445,0.034797,-0.000031,-0.005645,-0.037326,-0.000000,-0.001015,1.570057,-0.300000,1.000000,1.100000,0.000000,0.000000,-1.571000,-0.299936,1.002445,1.065203,1.493156
3.044000,-0.000064,-0.002446,0.034797,-0.000031,-0.005645,-0.037326,-0.000000,-0.001015,1.570057,-0.300000,1.000000,1.100000,0.000000,0.000000,-1.571000,-0.299936,1.002446,1.065203,1.493157
3.046000,-0.000064,-0.002448,0.034797,-0.000031,-0.005645,-0.037326,-0.000000,-0.001015,1.570057,-0.300000,1.000000,1.100000,0.000000,0.000000,-1.571000,-0.299936,1.002448,1.065203,1.493158
3.048000,-0.000064,-0.002450,0.034797,-0.000031,-0.005645,-0.037326,-0.000000,-0.001015,1.570057,-0.300000,1.000000,1.100000,0.000000,0.000000,-1.571000,-0.299936,1.002450,1.065203,1.493159
3.050000,-0.000065,-0.002451,0.034797,-0.000031,-0.005645,-0.037326,-0.000000,-0.001015,1.570057,-0.300000,1.000000,1.100000,0.000000,0.000000,-1.571000,-0.299935,1.002451,1.065203,1.493160
3.052000,-0.000065,-0.002453,0.034797,-0.000031,-0.005645,-0.037326,-0.000000,-0.001015,1.570057,-0.300000,1.000000,1.100000,0.000000,0.000000,-1.571000,-0.299935,1.002453,1.065203,1.493161
3.054000,-0.000065,-0.002455,0.034797,-0.000031,-0.005645,-0.037326,-0.000000,-0.001015,1.570057,-0.300000,1.000000,1.100000,0.000000,0.000000,-1.571000,-0.299935,1.002455,1.065203,1.493162
3.056000,-0.000065,-0.002456,0.034797,-0.000031,-0.005645,-0.037326,-0.000000,-0.001015,1.570057,-0.300000,1.000000,1.100000,0.000000,0.000000,-1.571000,-0.299935,1.002456,1.065203,1.493163
3.058000,-0.000065,-0.002458,0.034797,-0.000031,-0.005645,-0.037326,-0.000000,-0.001015,1.570057,-0.300000,1.000000,1.100000,0.000000,0.000000,-1.571000,-0.299935,1.002458,1.065203,1.493165
3.060000,-0.000065,-0.002460,0.034797,-0.000031,-0.005645,-0.037326,-0.000000,-0.001015,1.570057,-0.300000,1.000000,1.100000,0.000000,0.000000,-1.571000,-0.299935,1.002460,1.065203,1.493166
3.062000,-0.000065,-0.002461,0.034797,-0.000031,-0.005645,-0.037326,-0.000000,-0.001015,1.570057,-0.300000,1.000000,1.100000,0.000000,0.000000,-1.571000,-0.299935,1.002461,1.065203,1.493167
3.064000,-0.000065,-0.002463,0.034797,-0.000031,-0.005645,-0.037326,-0.000000,-0.001015,1.570057,-0.300000,1.000000,1.100000,0.000000,0.000000,-1.571000,-0.299935,1.002463,1.065203,1.493168
3.066000,-0.000065,-0.002465,0.034797,-0.000031,-0.005645,-0.037326,-0.000000,-0.001015,1.570057,-0.300000,1.000000,1.100000,0.000000,0.000000,-1.571000,-0.299935,1.002465,1.065203,1.493169
3.068000,-0.000065,-0.002466,0.034797,-0.000031,-0.005645,-0.037326,-0.000000,-0.001015,1.570057,-0.300000,1.000000,1.100000,0.000000,0.000000,-1.571000,-0.299935,1.002466,1.065203,1.493170
3.070000,-0.000065,-0.002468,0.034797,-0.000031,-0.005645,-0.037326,-0.000000,-0.001015,1.570057,-0.300000,1.000000,1.100000,0.000000,0.000000,-1.571000,-0.299935,1.002468,1.065203,1.493171
3.072000,-0.000065,-0.002470,0.034797,-0.000031,-0.005645,-0.037326,-0.000000,-0.001015,1.570057,-0.300000,1.000000,1.100000,0.000000,0.000000,-1.571000,-0.299935,1.002470,1.065203,1.493172
3.074000,-0.000065,-0.002471,0.034797,-0.000031,-0.005645,-0.037326,-0.000000,-0.001015,1.570057,-0.300000,1.000000,1.100000,0.000000,0.000000,-1.571000,-0.299935,1.002471,1.065203,1.493174
3.076000,-0.000065,-0.002473,0.034797,-0.000031,-0.005645,-0.037326,-0.000000,-0.001015,1.570058,-0.300000,1.000000,1.100000,0.000000,0.000000,-1.571000,-0.299935,1.002473,1.065203,1.493175
3.078000,-0.000065,-0.002475,0.034797,-0.000031,-0.005645,-0.037326,-0.000000,-0.001015,1.570058,-0.300000,1.000000,1.100000,0.000000,0.000000,-1.571000,-0.299935,1.002475,1.065203,1.493176
3.080000,-0.000065,-0.002476,0.034797,-0.000031,-0.005645,-0.037326,-0.000000,-0.001015,1.570058,-0.300000,1.000000,1.100000,0.000000,0.000000,-1.571000,-0.299935,1.002476,1.065203,1.493177
3.082000,-0.000065,-0.002478,0.034797,-0.000031,-0.005645,-0.037326,-0.000000,-0.001015,1.570058,-0.300000,1.000000,1.100000,0.000000,0.000000,-1.571000,-0.299935,1.002478,1.065203,1.493178
3.084000,-0.000065,-0.002480,0.034797,-0.000031,-0.005645,-0.037326,-0.000000,-0.001015,1.570058,-0.300000,1.000000,1.100000,0.000000,0.000000,-1.571000,-0.299935,1.002480,1.065203,1.493179
3.086000,-0.000065,-0.002481,0.034797,-0.000031,-0.005645,-0.037326,-0.000000,-0.001015,1.570058,-0.300000,1.000000,1.100000,0.000000,0.000000,-1.571000,-0.299935,1.002481,1.065203,1.493180
3.088000,-0.000065,-0.002483,0.034797,-0.000031,-0.005645,-0.037326,-0.000000,-0.001015,1.570058,-0.300000,1.000000,1.100000,0.000000,0.000000,-1.571000,-0.299935,1.002483,1.065203,1.493181
3.090000,-0.000065,-0.002485,0.034797,-0.000031,-0.005645,-0.037326,-0.000000,-0.001015,1.570058,-0.300000,1.000000,1.100000,0.000000,0.000000,-1.571000,-0.299935,1.002485,1.065203,1.493182
3.092000,-0.000065,-0.002487,0.034797,-0.000031,-0.005645,-0.037326,-0.000000,-0.001015,1.570058,-0.300000,1.000000,1.100000,0.000000,0.000000,-1.571000,-0.299935,1.002487,1.065203,1.493184
3.094000,-0.000065,-0.002488,0.034797,-0.000031,-0.005645,-0.037326,-0.000000,-0.001015,1.570058,-0.300000,1.000000,1.100000,0.000000,0.000000,-1.571000,-0.299935,1.002488,1.065203,1.493185
3.096000,-0.000066,-0.002490,0.034797,-0.000031,-0.005645,-0.037326,-0.000000,-0.001015,1.570058,-0.300000,1.000000,1.100000,0.000000,0.000000,-1.571000,-0.299934,1.002490,1.065203,1.493186
3.098000,-0.000066,-0.002492,0.034797,-0.000031,-0.005645,-0.037326,-0.000000,-0.001015,1.570058,-0.300000,1.000000,1.100000,0.000000,0.000000,-1.571000,-0.299934,1.002492,1.065203,1.493187
3.100000,-0.000066,-0.002493,0.034797,-0.000031,-0.005645,-0.037326,-0.000000,-0.001015,1.570058,-0.300000,1.000000,1.100000,0.000000,0.000000,-1.571000,-0.299934,1.002493,1.065203,1.493188
3.102000,-0.000066,-0.002495,0.034797,-0.000031,-0.005645,-0.037326,-0.000000,-0.001015,1.570058,-0.300000,1.000000,1.100000,0.000000,0.000000,-1.571000,-0.299934,1.002495,1.065203,1.493189
3.104000,-0.000066,-0.002497,0.034797,-0.000031,-0.005645,-0.037326,-0.000000,-0.001015,1.570058,-0.300000,1.000000,1.100000,0.000000,0.000000,-1.571000,-0.299934,1.002497,1.065203,1.493190
3.106000,-0.000066,-0.002498,0.034797,-0.000031,-0.005645,-0.037326,-0.000000,-0.001015,1.570058,-0.300000,1.000000,1.100000,0.000000,0.000000,-1.571000,-0.299934,1.002498,1.065203,1.493191
3.108000,-0.000066,-0.002500,0.034797,-0.000031,-0.005645,-0.037326,-0.000000,-0.001015,1.570058,-0.300000,1.000000,1.100000,0.000000,0.000000,-1.571000,-0.299934,1.002500,1.065203,1.493192
3.110000,-0.000066,-0.002502,0.034797,-0.000031,-0.005645,-0.037326,-0.000000,-0.001015,1.570058,-0.300000,1.000000,1.100000,0.000000,0.000000,-1.571000,-0.299934,1.002502,1.065203,1.493194
3.112000,-0.000066,-0.002503,0.034797,-0.000031,-0.005645,-0.037326,-0.000000,-0.001015,1.570058,-0.300000,1.000000,1.100000,0.000000,0.000000,-1.571000,-0.299934,1.002503,1.065203,1.493195
3.114000,-0.000066,-0.002505,0.034797,-0.000031,-0.005645,-0.037326,-0.000000,-0.001015,1.570058,-0.300000,1.000000,1.100000,0.000000,0.000000,-1.571000,-0.299934,1.002505,1.065203,1.493196
3.116000,-0.000066,-0.002507,0.034797,-0.000031,-0.005645,-0.037326,-0.000000,-0.001015,1.570058,-0.300000,1.000000,1.100000,0.000000,0.000000,-1.571000,-0.299934,1.002507,1.065203,1.493197
3.118000,-0.000066,-0.002508,0.034797,-0.000031,-0.005645,-0.037326,-0.000000,-0.001015,1.570058,-0.300000,1.000000,1.100000,0.000000,0.000000,-1.571000,-0.299934,1.002508,1.065203,1.493198
3.120000,-0.000066,-0.002510,0.034797,-0.000031,-0.005645,-0.037326,-0.000000,-0.001015,1.570058,-0.300000,1.000000,1.100000,0.000000,0.000000,-1.571000,-0.299934,1.002510,1.065203,1.493199
3.122000,-0.000066,-0.002512,0.034797,-0.000031,-0.005645,-0.037326,-0.000000,-0.001015,1.570058,-0.300000,1.000000,1.100000,0.000000,0.000000,-1.571000,-0.299934,1.002512,1.065203,1.493200
3.124000,-0.000066,-0.002513,0.034797,-0.000031,-0.005645,-0.037326,-0.000000,-0.001015,1.570058,-0.300000,1.000000,1.100000,0.000000,0.000000,-1.571000,-0.299934,1.002513,1.065203,1.493201
3.126000,-0.000066,-0.002515,0.034797,-0.000031,-0.005645,-0.037326,-0.000000,-0.001015,1.570059,-0.300000,1.000000,1.100000,0.000000,0.000000,-1.571000,-0.299934,1.002515,1.065203,1.493203
3.128000,-0.000066,-0.002517,0.034797,-0.000031,-0.005645,-0.037326,-0.000000,-0.001015,1.570059,-0.300000,1.000000,1.100000,0.000000,0.000000,-1.571000,-0.299934,1.002517,1.065203,1.493204
3.130000,-0.000066,-0.002518,0.034797,-0.000031,-0.005645,-0.037326,-0.000000,-0.001015,1.570059,-0.300000,1.000000,1.100000,0.000000,0.000000,-1.571000,-0.299934,1.002518,1.065203,1.493205
3.132000,-0.000066,-0.002520,0.034797,-0.000031,-0.005645,-0.037326,-0.000000,-0.001015,1.570059,-0.300000,1.000000,1.100000,0.000000,0.000000,-1.571000,-0.299934,1.002520,1.065203,1.493206
3.134000,-0.000066,-0.002522,0.034797,-0.000031,-0.005645,-0.037326,-0.000000,-0.001015,1.570059,-0.300000,1.000000,1.100000,0.000000,0.000000,-1.571000,-0.299934,1.002522,1.065203,1.493207
3.136000,-0.000066,-0.002523,0.034797,-0.000031,-0.005645,-0.037326,-0.000000,-0.001015,1.570059,-0.300000,1.000000,1.100000,0.000000,0.000000,-1.571000,-0.299934,1.002523,1.065203,1.493208
3.138000,-0.000066,-0.002525,0.034797,-0.000031,-0.005645,-0.037326,-0.000000,-0.001015,1.570059,-0.300000,1.000000,1.100000,0.000000,0.000000,-1.571000,-0.299934,1.002525,1.065203,1.493209
3.140000,-0.000067,-0.002527,0.034797,-0.000031,-0.005645,-0.037326,-0.000000,-0.001015,1.570059,-0.300000,1.000000,1.100000,0.000000,0.000000,-1.571000,-0.299933,1.002527,1.065203,1.493210
3.142000,-0.000067,-0.002528,0.034797,-0.000031,-0.005645,-0.037326,-0.000000,-0.001015,1.570059,-0.300000,1.000000,1.100000,0.000000,0.000000,-1.571000,-0.299933,1.002528,1.065203,1.493211
3.144000,-0.000067,-0.002530,0.034797,-0.000031,-0.005645,-0.037326,-0.000000,-0.001015,1.570059,-0.300000,1.000000,1.100000,0.000000,0.000000,-1.571000,-0.299933,1.002530,1.065203,1.493213
3.146000,-0.000067,-0.002532,0.034797,-0.000031,-0.005645,-0.037326,-0.000000,-0.001015,1.570059,-0.300000,1.000000,1.100000,0.000000,0.000000,-1.571000,-0.299933,1.002532,1.065203,1.493214
3.148000,-0.000067,-0.002533,0.034797,-0.000031,-0.005645,-0.037326,-0.000000,-0.001015,1.570059,-0.300000,1.000000,1.100000,0.000000,0.000000,-1.571000,-0.299933,1.002533,1.065203,1.493215
3.150000,-0.000067,-0.002535,0.034797,-0.000031,-0.005645,-0.037326,-0.000000,-0.001015,1.570059,-0.300000,1.000000,1.100000,0.000000,0.000000,-1.571000,-0.299933,1.002535,1.065203,1.493216
3.152000,-0.000067,-0.002537,0.034797,-0.000031,-0.005645,-0.037326,-0.000000,-0.001015,1.570059,-0.300000,1.000000,1.100000,0.000000,0.000000,-1.571000,-0.299933,1.002537,1.065203,1.493217
3.154000,-0.000067,-0.002538,0.034797,-0.000031,-0.005645,-0.037326,-0.000000,-0.001015,1.570059,-0.300000,1.000000,1.100000,0.000000,0.000000,-1.571000,-0.299933,1.002538,1.065203,1.493218
3.156000,-0.000067,-0.002540,0.034797,-0.000031,-0.005645,-0.037326,-0.000000,-0.001015,1.570059,-0.300000,1.000000,1.100000,0.000000,0.000000,-1.571000,-0.299933,1.002540,1.065203,1.493219
3.158000,-0.000067,-0.002542,0.034797,-0.000031,-0.005645,-0.037326,-0.000000,-0.001015,1.570059,-0.300000,1.000000,1.100000,0.000000,0.000000,-1.571000,-0.299933,1.002542,1.065203,1.493220
3.160000,-0.000067,-0.002543,0.034797,-0.000031,-0.005645,-0.037326,-0.000000,-0.001015,1.570059,-0.300000,1.000000,1.100000,0.000000,0.000000,-1.571000,-0.299933,1.002543,1.065203,1.493221
3.162000,-0.000067,-0.002545,0.034797,-0.000031,-0.005645,-0.037326,-0.000000,-0.001015,1.570059,-0.300000,1.000000,1.100000,0.000000,0.000000,-1.571000,-0.299933,1.002545,1.065203,1.493223
3.164000,-0.000067,-0.002547,0.034797,-0.000031,-0.005645,-0.037326,-0.000000,-0.001015,1.570059,-0.300000,1.000000,1.100000,0.000000,0.000000,-1.571000,-0.299933,1.002547,1.065203,1.493224
3.166000,-0.000067,-0.002548,0.034797,-0.000031,-0.005645,-0.037326,-0.000000,-0.001015,1.570059,-0.300000,1.000000,1.100000,0.000000,0.000000,-1.571000,-0.299933,1.002548,1.065203,1.493225
3.168000,-0.000067,-0.002550,0.034797,-0.000031,-0.005645,-0.037326,-0.000000,-0.001015,1.570059,-0.300000,1.000000,1.100000,0.000000,0.000000,-1.571000,-0.299933,1.002550,1.065203,1.493226
3.170000,-0.000067,-0.002552,0.034797,-0.000031,-0.005645,-0.037326,-0.000000,-0.001015,1.570059,-0.300000,1.000000,1.100000,0.000000,0.000000,-1.571000,-0.299933,1.002552,1.065203,1.493227
3.172000,-0.000067,-0.002554,0.034797,-0.000031,-0.005645,-0.037326,-0.000000,-0.001015,1.570059,-0.300000,1.000000,1.100000,0.000000,0.000000,-1.571000,-0.299933,1.002554,1.065203,1.493228
3.174000,-0.000067,-0.002555,0.034797,-0.000031,-0.005645,-0.037326,-0.000000,-0.001015,1.570059,-0.300000,1.000000,1.100000,0.000000,0.000000,-1.571000,-0.299933,1.002555,1.065203,1.493229
3.176000,-0.000067,-0.002557,0.034797,-0.000031,-0.005645,-0.037326,-0.000000,-0.001015,1.570059,-0.300000,1.000000,1.100000,0.000000,0.000000,-1.571000,-0.299933,1.002557,1.065203,1.493230
3.178000,-0.000067,-0.002559,0.034797,-0.000031,-0.005645,-0.037326,-0.000000,-0.001015,1.570060,-0.300000,1.000000,1.100000,0.000000,0.000000,-1.571000,-0.299933,1.002559,1.065203,1.493232
3.180000,-0.000067,-0.002560,0.034797,-0.000031,-0.005645,-0.037326,-0.000000,-0.001015,1.570060,-0.300000,1.000000,1.100000,0.000000,0.000000,-1.571000,-0.299933,1.002560,1.065203,1.493233
3.182000,-0.000067,-0.002562,0.034797,-0.000031,-0.005645,-0.037326,-0.000000,-0.001015,1.570060,-0.300000,1.000000,1.100000,0.000000,0.000000,-1.571000,-0.299933,1.002562,1.065203,1.493234
3.184000,-0.000068,-0.002564,0.034797,-0.000031,-0.005645,-0.037326,-0.000000,-0.001015,1.570060,-0.300000,1.000000,1.100000,0.000000,0.000000,-1.571000,-0.299932,1.002564,1.065203,1.493235
3.186000,-0.000068,-0.002565,0.034797,-0.000031,-0.005645,-0.037326,-0.000000,-0.001015,1.570060,-0.300000,1.000000,1.100000,0.000000,0.000000,-1.571000,-0.299932,1.002565,1.065203,1.493236
3.188000,-0.000068,-0.002567,0.034797,-0.000031,-0.005645,-0.037326,-0.000000,-0.001015,1.570060,-0.300000,1.000000,1.100000,0.000000,0.000000,-1.571000,-0.299932,1.002567,1.065203,1.493237
3.190000,-0.000068,-0.002569,0.034797,-0.000031,-0.005645,-0.037326,-0.000000,-0.001015,1.570060,-0.300000,1.000000,1.100000,0.000000,0.000000,-1.571000,-0.299932,1.002569,1.065203,1.493238
3.192000,-0.000068,-0.002570,0.034797,-0.000031,-0.005645,-0.037326,-0.000000,-0.001015,1.570060,-0.300000,1.000000,1.100000,0.000000,0.000000,-1.571000,-0.299932,1.002570,1.065203,1.493239
3.194000,-0.000068,-0.002572,0.034797,-0.000031,-0.005645,-0.037326,-0.000000,-0.001015,1.570060,-0.300000,1.000000,1.100000,0.000000,0.000000,-1.571000,-0.299932,1.002572,1.065203,1.493240
3.196000,-0.000068,-0.002574,0.034797,-0.000031,-0.005645,-0.037326,-0.000000,-0.001015,1.570060,-0.300000,1.000000,1.100000,0.000000,0.000000,-1.571000,-0.299932,1.002574,1.065203,1.493242
3.198000,-0.000068,-0.002575,0.034797,-0.000031,-0.005645,-0.037326,-0.000000,-0.001015,1.570060,-0.300000,1.000000,1.100000,0.000000,0.000000,-1.571000,-0.299932,1.002575,1.065203,1.493243
3.200000,-0.000068,-0.002577,0.034797,-0.000031,-0.005645,-0.037326,-0.000000,-0.001015,1.570060,-0.300000,1.000000,1.100000,0.000000,0.000000,-1.571000,-0.299932,1.002577,1.065203,1.493244
3.202000,-0.000068,-0.002579,0.034797,-0.000031,-0.005645,-0.037326,-0.000000,-0.001015,1.570060,-0.300000,1.000000,1.100000,0.000000,0.000000,-1.571000,-0.299932,1.002579,1.065203,1.493245
3.204000,-0.000068,-0.002580,0.034797,-0.000031,-0.005645,-0.037326,-0.000000,-0.001015,1.570060,-0.300000,1.000000,1.100000,0.000000,0.000000,-1.571000,-0.299932,1.002580,1.065203,1.493246
3.206000,-0.000068,-0.002582,0.034797,-0.000031,-0.005645,-0.037326,-0.000000,-0.001015,1.570060,-0.300000,1.000000,1.100000,0.000000,0.000000,-1.571000,-0.299932,1.002582,1.065203,1.493247
3.208000,-0.000068,-0.002584,0.034797,-0.000031,-0.005645,-0.037326,-0.000000,-0.001015,1.570060,-0.300000,1.000000,1.100000,0.000000,0.000000,-1.571000,-0.299932,1.002584,1.065203,1.493248
3.210000,-0.000068,-0.002585,0.034797,-0.000031,-0.005645,-0.037326,-0.000000,-0.001015,1.570060,-0.300000,1.000000,1.100000,0.000000,0.000000,-1.571000,-0.299932,1.002585,1.065203,1.493249
3.212000,-0.000068,-0.002587,0.034797,-0.000031,-0.005645,-0.037326,-0.000000,-0.001015,1.570060,-0.300000,1.000000,1.100000,0.000000,0.000000,-1.571000,-0.299932,1.002587,1.065203,1.493250
3.214000,-0.000068,-0.002589,0.034797,-0.000031,-0.005645,-0.037326,-0.000000,-0.001015,1.570060,-0.300000,1.000000,1.100000,0.000000,0.000000,-1.571000,-0.299932,1.002589,1.065203,1.493252
3.216000,-0.000068,-0.002590,0.034797,-0.000031,-0.005645,-0.037326,-0.000000,-0.001015,1.570060,-0.300000,1.000000,1.100000,0.000000,0.000000,-1.571000,-0.299932,1.002590,1.065203,1.493253
3.218000,-0.000068,-0.002592,0.034797,-0.000031,-0.005645,-0.037326,-0.000000,-0.001015,1.570060,-0.300000,1.000000,1.100000,0.000000,0.000000,-1.571000,-0.299932,1.002592,1.065203,1.493254
3.220000,-0.000068,-0.002594,0.034797,-0.000031,-0.005645,-0.037326,-0.000000,-0.001015,1.570060,-0.300000,1.000000,1.100000,0.000000,0.000000,-1.571000,-0.299932,1.002594,1.065203,1.493255
3.222000,-0.000068,-0.002595,0.034797,-0.000031,-0.005645,-0.037326,-0.000000,-0.001015,1.570060,-0.300000,1.000000,1.100000,0.000000,0.000000,-1.571000,-0.299932,1.002595,1.065203,1.493256
3.224000,-0.000068,-0.002597,0.034797,-0.000031,-0.005645,-0.037326,-0.000000,-0.001015,1.570060,-0.300000,1.000000,1.100000,0.000000,0.000000,-1.571000,-0.299932,1.002597,1.065203,1.493257
3.226000,-0.000068,-0.002599,0.034797,-0.000031,-0.005645,-0.037326,-0.000000,-0.001015,1.570060,-0.300000,1.000000,1.100000,0.000000,0.000000,-1.571000,-0.299932,1.002599,1.065203,1.493258
3.228000,-0.000068,-0.002600,0.034797,-0.000031,-0.005645,-0.037326,-0.000000,-0.001015,1.570061,-0.300000,1.000000,1.100000,0.000000,0.000000,-1.571000,-0.299932,1.002600,1.065203,1.493259
3.230000,-0.000069,-0.002602,0.034797,-0.000031,-0.005645,-0.037326,-0.000000,-0.001015,1.570061,-0.300000,1.000000,1.100000,0.000000,0.000000,-1.571000,-0.299931,1.002602,1.065203,1.493261
3.232000,-0.000069,-0.002604,0.034797,-0.000031,-0.005645,-0.037326,-0.000000,-0.001015,1.570061,-0.300000,1.000000,1.100000,0.000000,0.000000,-1.571000,-0.299931,1.002604,1.065203,1.493262
3.234000,-0.000069,-0.002605,0.034797,-0.000031,-0.005645,-0.037326,-0.000000,-0.001015,1.570061,-0.300000,1.000000,1.100000,0.000000,0.000000,-1.571000,-0.299931,1.002605,1.065203,1.493263
3.236000,-0.000069,-0.002607,0.034797,-0.000031,-0.005645,-0.037326,-0.000000,-0.001015,1.570061,-0.300000,1.000000,1.100000,0.000000,0.000000,-1.571000,-0.299931,1.002607,1.065203,1.493264
3.238000,-0.000069,-0.002609,0.034797,-0.000031,-0.005645,-0.037326,-0.000000,-0.001015,1.570061,-0.300000,1.000000,1.100000,0.000000,0.000000,-1.571000,-0.299931,1.002609,1.065203,1.493265
3.240000,-0.000069,-0.002610,0.034797,-0.000031,-0.005645,-0.037326,-0.000000,-0.001015,1.570061,-0.300000,1.000000,1.100000,0.000000,0.000000,-1.571000,-0.299931,1.002610,1.065203,1.493266
3.242000,-0.000069,-0.002612,0.034797,-0.000031,-0.005645,-0.037326,-0.000000,-0.001015,1.570061,-0.300000,1.000000,1.100000,0.000000,0.000000,-1.571000,-0.299931,1.002612,1.065203,1.493267
3.244000,-0.000069,-0.002614,0.034797,-0.000031,-0.005645,-0.037326,-0.000000,-0.001015,1.570061,-0.300000,1.000000,1.100000,0.000000,0.000000,-1.571000,-0.299931,1.002614,1.065203,1.493268
3.246000,-0.000069,-0.002615,0.034797,-0.000031,-0.005645,-0.037326,-0.000000,-0.001015,1.570061,-0.300000,1.000000,1.100000,0.000000,0.000000,-1.571000,-0.299931,1.002615,1.065203,1.493269
3.248000,-0.000069,-0.002617,0.034797,-0.000031,-0.005645,-0.037326,-0.000000,-0.001015,1.570061,-0.300000,1.000000,1.100000,0.000000,0.000000,-1.571000,-0.299931,1.002617,1.065203,1.493271
3.250000,-0.000069,-0.002619,0.034797,-0.000031,-0.005645,-0.037326,-0.000000,-0.001015,1.570061,-0.300000,1.000000,1.100000,0.000000,0.000000,-1.571000,-0.299931,1.002619,1.065203,1.493272
3.252000,-0.000069,-0.002620,0.034797,-0.000031,-0.005645,-0.037326,-0.000000,-0.001015,1.570061,-0.300000,1.000000,1.100000,0.000000,0.000000,-1.571000,-0.299931,1.002620,1.065203,1.493273
3.254000,-0.000069,-0.002622,0.034797,-0.000031,-0.005645,-0.037326,-0.000000,-0.001015,1.570061,-0.300000,1.000000,1.100000,0.000000,0.000000,-1.571000,-0.299931,1.002622,1.065203,1.493274
3.256000,-0.000069,-0.002624,0.034797,-0.000031,-0.005645,-0.037326,-0.000000,-0.001015,1.570061,-0.300000,1.000000,1.100000,0.000000,0.000000,-1.571000,-0.299931,1.002624,1.065203,1.493275
3.258000,-0.000069,-0.002626,0.034797,-0.000031,-0.005645,-0.037326,-0.000000,-0.001015,1.570061,-0.300000,1.000000,1.100000,0.000000,0.000000,-1.571000,-0.299931,1.002626,1.065203,1.493276
3.260000,-0.000069,-0.002627,0.034797,-0.000031,-0.005645,-0.037326,-0.000000,-0.001015,1.570061,-0.300000,1.000000,1.100000,0.000000,0.000000,-1.571000,-0.299931,1.002627,1.065203,1.493277
3.262000,-0.000069,-0.002629,0.034797,-0.000031,-0.005645,-0.037326,-0.000000,-0.001015,1.570061,-0.300000,1.000000,1.100000,0.000000,0.000000,-1.571000,-0.299931,1.002629,1.065203,1.493278
3.264000,-0.000069,-0.002631,0.034797,-0.000031,-0.005645,-0.037326,-0.000000,-0.001015,1.570061,-0.300000,1.000000,1.100000,0.000000,0.000000,-1.571000,-0.299931,1.002631,1.065203,1.493279
3.266000,-0.000069,-0.002632,0.034797,-0.000031,-0.005645,-0.037326,-0.000000,-0.001015,1.570061,-0.300000,1.000000,1.100000,0.000000,0.000000,-1.571000,-0.299931,1.002632,1.065203,1.493281
3.268000,-0.000069,-0.002634,0.034797,-0.000031,-0.005645,-0.037326,-0.000000,-0.001015,1.570061,-0.300000,1.000000,1.100000,0.000000,0.000000,-1.571000,-0.299931,1.002634,1.065203,1.493282
3.270000,-0.000069,-0.002636,0.034797,-0.000031,-0.005645,-0.037326,-0.000000,-0.001015,1.570061,-0.300000,1.000000,1.100000,0.000000,0.000000,-1.571000,-0.299931,1.002636,1.065203,1.493283
3.272000,-0.000069,-0.002637,0.034797,-0.000031,-0.005645,-0.037326,-0.000000,-0.001015,1.570061,-0.300000,1.000000,1.100000,0.000000,0.000000,-1.571000,-0.299931,1.002637,1.065203,1.493284
3.274000,-0.000070,-0.002639,0.034797,-0.000031,-0.005645,-0.037326,-0.000000,-0.001015,1.570061,-0.300000,1.000000,1.100000,0.000000,0.000000,-1.571000,-0.299930,1.002639,1.065203,1.493285
3.276000,-0.000070,-0.002641,0.034797,-0.000031,-0.005645,-0.037326,-0.000000,-0.001015,1.570061,-0.300000,1.000000,1.100000,0.000000,0.000000,-1.571000,-0.299930,1.002641,1.065203,1.493286
3.278000,-0.000070,-0.002642,0.034797,-0.000031,-0.005645,-0.037326,-0.000000,-0.001015,1.570062,-0.300000,1.000000,1.100000,0.000000,0.000000,-1.571000,-0.299930,1.002642,1.065203,1.493287
3.280000,-0.000070,-0.002644,0.034797,-0.000031,-0.005645,-0.037326,-0.000000,-0.001015,1.570062,-0.300000,1.000000,1.100000,0.000000,0.000000,-1.571000,-0.299930,1.002644,1.065203,1.493288
3.282000,-0.000070,-0.002646,0.034797,-0.000031,-0.005645,-0.037326,-0.000000,-0.001015,1.570062,-0.300000,1.000000,1.100000,0.000000,0.000000,-1.571000,-0.299930,1.002646,1.065203,1.493290
3.284000,-0.000070,-0.002647,0.034797,-0.000031,-0.005645,-0.037326,-0.000000,-0.001015,1.570062,-0.300000,1.000000,1.100000,0.000000,0.000000,-1.571000,-0.299930,1.002647,1.065203,1.493291
3.286000,-0.000070,-0.002649,0.034797,-0.000031,-0.005645,-0.037326,-0.000000,-0.001015,1.570062,-0.300000,1.000000,1.100000,0.000000,0.000000,-1.571000,-0.299930,1.002649,1.065203,1.493292
3.288000,-0.000070,-0.002651,0.034797,-0.000031,-0.005645,-0.037326,-0.000000,-0.001015,1.570062,-0.300000,1.000000,1.100000,0.000000,0.000000,-1.571000,-0.299930,1.002651,1.065203,1.493293
3.290000,-0.000070,-0.002652,0.034797,-0.000031,-0.005645,-0.037326,-0.000000,-0.001015,1.570062,-0.300000,1.000000,1.100000,0.000000,0.000000,-1.571000,-0.299930,1.002652,1.065203,1.493294
3.292000,-0.000070,-0.002654,0.034797,-0.000031,-0.005645,-0.037326,-0.000000,-0.001015,1.570062,-0.300000,1.000000,1.100000,0.000000,0.000000,-1.571000,-0.299930,1.002654,1.065203,1.493295
3.294000,-0.000070,-0.002656,0.034797,-0.000031,-0.005645,-0.037326,-0.000000,-0.001015,1.570062,-0.300000,1.000000,1.100000,0.000000,0.000000,-1.571000,-0.299930,1.002656,1.065203,1.493296
3.296000,-0.000070,-0.002657,0.034797,-0.000031,-0.005645,-0.037326,-0.000000,-0.001015,1.570062,-0.300000,1.000000,1.100000,0.000000,0.000000,-1.571000,-0.299930,1.002657,1.065203,1.493297
3.298000,-0.000070,-0.002659,0.034797,-0.000031,-0.005645,-0.037326,-0.000000,-0.001015,1.570062,-0.300000,1.000000,1.100000,0.000000,0.000000,-1.571000,-0.299930,1.002659,1.065203,1.493298
3.300000,-0.000070,-0.002661,0.034797,-0.000031,-0.005645,-0.037326,-0.000000,-0.001015,1.570062,-0.300000,1.000000,1.100000,0.000000,0.000000,-1.571000,-0.299930,1.002661,1.065203,1.493300
3.302000,-0.000070,-0.002662,0.034797,-0.000031,-0.005645,-0.037326,-0.000000,-0.001015,1.570062,-0.300000,1.000000,1.100000,0.000000,0.000000,-1.571000,-0.299930,1.002662,1.065203,1.493301
3.304000,-0.000070,-0.002664,0.034797,-0.000031,-0.005645,-0.037326,-0.000000,-0.001015,1.570062,-0.300000,1.000000,1.100000,0.000000,0.000000,-1.571000,-0.299930,1.002664,1.065203,1.493302
3.306000,-0.000070,-0.002666,0.034797,-0.000031,-0.005645,-0.037326,-0.000000,-0.001015,1.570062,-0.300000,1.000000,1.100000,0.000000,0.000000,-1.571000,-0.299930,1.002666,1.065203,1.493303
3.308000,-0.000070,-0.002667,0.034797,-0.000031,-0.005645,-0.037326,-0.000000,-0.001015,1.570062,-0.300000,1.000000,1.100000,0.000000,0.000000,-1.571000,-0.299930,1.002667,1.065203,1.493304
3.310000,-0.000070,-0.002669,0.034797,-0.000031,-0.005645,-0.037326,-0.000000,-0.001015,1.570062,-0.300000,1.000000,1.100000,0.000000,0.000000,-1.571000,-0.299930,1.002669,1.065203,1.493305
3.312000,-0.000070,-0.002671,0.034797,-0.000031,-0.005645,-0.037326,-0.000000,-0.001015,1.570062,-0.300000,1.000000,1.100000,0.000000,0.000000,-1.571000,-0.299930,1.002671,1.065203,1.493306
3.314000,-0.000070,-0.002672,0.034797,-0.000031,-0.005645,-0.037326,-0.000000,-0.001015,1.570062,-0.300000,1.000000,1.100000,0.000000,0.000000,-1.571000,-0.299930,1.002672,1.065203,1.493307
3.316000,-0.000070,-0.002674,0.034797,-0.000031,-0.005645,-0.037326,-0.000000,-0.001015,1.570062,-0.300000,1.000000,1.100000,0.000000,0.000000,-1.571000,-0.299930,1.002674,1.065203,1.493308
3.318000,-0.000071,-0.002676,0.034797,-0.000031,-0.005645,-0.037326,-0.000000,-0.001015,1.570062,-0.300000,1.000000,1.100000,0.000000,0.000000,-1.571000,-0.299929,1.002676,1.065203,1.493310
3.320000,-0.000071,-0.002677,0.034797,-0.000031,-0.005645,-0.037326,-0.000000,-0.001015,1.570062,-0.300000,1.000000,1.100000,0.000000,0.000000,-1.571000,-0.299929,1.002677,1.065203,1.493311
3.322000,-0.000071,-0.002679,0.034797,-0.000031,-0.005645,-0.037326,-0.000000,-0.001015,1.570062,-0.300000,1.000000,1.100000,0.000000,0.000000,-1.571000,-0.299929,1.002679,1.065203,1.493312
3.324000,-0.000071,-0.002681,0.034797,-0.000031,-0.005645,-0.037326,-0.000000,-0.001015,1.570062,-0.300000,1.000000,1.100000,0.000000,0.000000,-1.571000,-0.299929,1.002681,1.065203,1.493313
3.326000,-0.000071,-0.002682,0.034797,-0.000031,-0.005645,-0.037326,-0.000000,-0.001015,1.570062,-0.300000,1.000000,1.100000,0.000000,0.000000,-1.571000,-0.299929,1.002682,1.065203,1.493314
3.328000,-0.000071,-0.002684,0.034797,-0.000031,-0.005645,-0.037326,-0.000000,-0.001015,1.570062,-0.300000,1.000000,1.100000,0.000000,0.000000,-1.571000,-0.299929,1.002684,1.065203,1.493315
3.330000,-0.000071,-0.002686,0.034797,-0.000031,-0.005645,-0.037326,-0.000000,-0.001015,1.570063,-0.300000,1.000000,1.100000,0.000000,0.000000,-1.571000,-0.299929,1.002686,1.065203,1.493316
3.332000,-0.000071,-0.002687,0.034797,-0.000031,-0.005645,-0.037326,-0.000000,-0.001015,1.570063,-0.300000,1.000000,1.100000,0.000000,0.000000,-1.571000,-0.299929,1.002687,1.065203,1.493317
3.334000,-0.000071,-0.002689,0.034797,-0.000031,-0.005645,-0.037326,-0.000000,-0.001015,1.570063,-0.300000,1.000000,1.100000,0.000000,0.000000,-1.571000,-0.299929,1.002689,1.065203,1.493319
3.336000,-0.000071,-0.002691,0.034797,-0.000031,-0.005645,-0.037326,-0.000000,-0.001015,1.570063,-0.300000,1.000000,1.100000,0.000000,0.000000,-1.571000,-0.299929,1.002691,1.065203,1.493320
3.338000,-0.000071,-0.002693,0.034797,-0.000031,-0.005645,-0.037326,-0.000000,-0.001015,1.570063,-0.300000,1.000000,1.100000,0.000000,0.000000,-1.571000,-0.299929,1.002693,1.065203,1.493321
3.340000,-0.000071,-0.002694,0.034797,-0.000031,-0.005645,-0.037326,-0.000000,-0.001015,1.570063,-0.300000,1.000000,1.100000,0.000000,0.000000,-1.571000,-0.299929,1.002694,1.065203,1.493322
3.342000,-0.000071,-0.002696,0.034797,-0.000031,-0.005645,-0.037326,-0.000000,-0.001015,1.570063,-0.300000,1.000000,1.100000,0.000000,0.000000,-1.571000,-0.299929,1.002696,1.065203,1.493323
3.344000,-0.000071,-0.002698,0.034797,-0.000031,-0.005645,-0.037326,-0.000000,-0.001015,1.570063,-0.300000,1.000000,1.100000,0.000000,0.000000,-1.571000,-0.299929,1.002698,1.065203,1.493324
3.346000,-0.000071,-0.002699,0.034797,-0.000031,-0.005645,-0.037326,-0.000000,-0.001015,1.570063,-0.300000,1.000000,1.100000,0.000000,0.000000,-1.571000,-0.299929,1.002699,1.065203,1.493325
3.348000,-0.000071,-0.002701,0.034797,-0.000031,-0.005645,-0.037326,-0.000000,-0.001015,1.570063,-0.300000,1.000000,1.100000,0.000000,0.000000,-1.571000,-0.299929,1.002701,1.065203,1.493326
3.350000,-0.000071,-0.002703,0.034797,-0.000031,-0.005645,-0.037326,-0.000000,-0.001015,1.570063,-0.300000,1.000000,1.100000,0.000000,0.000000,-1.571000,-0.299929,1.002703,1.065203,1.493327
3.352000,-0.000071,-0.002704,0.034797,-0.000031,-0.005645,-0.037326,-0.000000,-0.001015,1.570063,-0.300000,1.000000,1.100000,0.000000,0.000000,-1.571000,-0.299929,1.002704,1.065203,1.493329
3.354000,-0.000071,-0.002706,0.034797,-0.000031,-0.005645,-0.037326,-0.000000,-0.001015,1.570063,-0.300000,1.000000,1.100000,0.000000,0.000000,-1.571000,-0.299929,1.002706,1.065203,1.493330
3.356000,-0.000071,-0.002708,0.034797,-0.000031,-0.005645,-0.037326,-0.000000,-0.001015,1.570063,-0.300000,1.000000,1.100000,0.000000,0.000000,-1.571000,-0.299929,1.002708,1.065203,1.493331
3.358000,-0.000071,-0.002709,0.034797,-0.000031,-0.005645,-0.037326,-0.000000,-0.001015,1.570063,-0.300000,1.000000,1.100000,0.000000,0.000000,-1.571000,-0.299929,1.002709,1.065203,1.493332
3.360000,-0.000071,-0.002711,0.034797,-0.000031,-0.005645,-0.037326,-0.000000,-0.001015,1.570063,-0.300000,1.000000,1.100000,0.000000,0.000000,-1.571000,-0.299929,1.002711,1.065203,1.493333
3.362000,-0.000071,-0.002713,0.034797,-0.000031,-0.005645,-0.037326,-0.000000,-0.001015,1.570063,-0.300000,1.000000,1.100000,0.000000,0.000000,-1.571000,-0.299929,1.002713,1.065203,1.493334
3.364000,-0.000072,-0.002714,0.034797,-0.000031,-0.005645,-0.037326,-0.000000,-0.001015,1.570063,-0.300000,1.000000,1.100000,0.000000,0.000000,-1.571000,-0.299928,1.002714,1.065203,1.493335
3.366000,-0.000072,-0.002716,0.034797,-0.000031,-0.005645,-0.037326,-0.000000,-0.001015,1.570063,-0.300000,1.000000,1.100000,0.000000,0.000000,-1.571000,-0.299928,1.002716,1.065203,1.493336
3.368000,-0.000072,-0.002718,0.034797,-0.000031,-0.005645,-0.037326,-0.000000,-0.001015,1.570063,-0.300000,1.000000,1.100000,0.000000,0.000000,-1.571000,-0.299928,1.002718,1.065203,1.493337
3.370000,-0.000072,-0.002719,0.034797,-0.000031,-0.005645,-0.037326,-0.000000,-0.001015,1.570063,-0.300000,1.000000,1.100000,0.000000,0.000000,-1.571000,-0.299928,1.002719,1.065203,1.493339
3.372000,-0.000072,-0.002721,0.034797,-0.000031,-0.005645,-0.037326,-0.000000,-0.001015,1.570063,-0.300000,1.000000,1.100000,0.000000,0.000000,-1.571000,-0.299928,1.002721,1.065203,1.493340
3.374000,-0.000072,-0.002723,0.034797,-0.000031,-0.005645,-0.037326,-0.000000,-0.001015,1.570063,-0.300000,1.000000,1.100000,0.000000,0.000000,-1.571000,-0.299928,1.002723,1.065203,1.493341
3.376000,-0.000072,-0.002724,0.034797,-0.000031,-0.005645,-0.037326,-0.000000,-0.001015,1.570063,-0.300000,1.000000,1.100000,0.000000,0.000000,-1.571000,-0.299928,1.002724,1.065203,1.493342
3.378000,-0.000072,-0.002726,0.034797,-0.000031,-0.005645,-0.037326,-0.000000,-0.001015,1.570063,-0.300000,1.000000,1.100000,0.000000,0.000000,-1.571000,-0.299928,1.002726,1.065203,1.493343
3.380000,-0.000072,-0.002728,0.034797,-0.000031,-0.005645,-0.037326,-0.000000,-0.001015,1.570064,-0.300000,1.000000,1.100000,0.000000,0.000000,-1.571000,-0.299928,1.002728,1.065203,1.493344
3.382000,-0.000072,-0.002729,0.034797,-0.000031,-0.005645,-0.037326,-0.000000,-0.001015,1.570064,-0.300000,1.000000,1.100000,0.000000,0.000000,-1.571000,-0.299928,1.002729,1.065203,1.493345
3.384000,-0.000072,-0.002731,0.034797,-0.000031,-0.005645,-0.037326,-0.000000,-0.001015,1.570064,-0.300000,1.000000,1.100000,0.000000,0.000000,-1.571000,-0.299928,1.002731,1.065203,1.493346
3.386000,-0.000072,-0.002733,0.034797,-0.000031,-0.005645,-0.037326,-0.000000,-0.001015,1.570064,-0.300000,1.000000,1.100000,0.000000,0.000000,-1.571000,-0.299928,1.002733,1.065203,1.493348
3.388000,-0.000072,-0.002734,0.034797,-0.000031,-0.005645,-0.037326,-0.000000,-0.001015,1.570064,-0.300000,1.000000,1.100000,0.000000,0.000000,-1.571000,-0.299928,1.002734,1.065203,1.493349
3.390000,-0.000072,-0.002736,0.034797,-0.000031,-0.005645,-0.037326,-0.000000,-0.001015,1.570064,-0.300000,1.000000,1.100000,0.000000,0.000000,-1.571000,-0.299928,1.002736,1.065203,1.493350
3.392000,-0.000072,-0.002738,0.034797,-0.000031,-0.005645,-0.037326,-0.000000,-0.001015,1.570064,-0.300000,1.000000,1.100000,0.000000,0.000000,-1.571000,-0.299928,1.002738,1.065203,1.493351
3.394000,-0.000072,-0.002739,0.034797,-0.000031,-0.005645,-0.037326,-0.000000,-0.001015,1.570064,-0.300000,1.000000,1.100000,0.000000,0.000000,-1.571000,-0.299928,1.002739,1.065203,1.493352
3.396000,-0.000072,-0.002741,0.034797,-0.000031,-0.005645,-0.037326,-0.000000,-0.001015,1.570064,-0.300000,1.000000,1.100000,0.000000,0.000000,-1.571000,-0.299928,1.002741,1.065203,1.493353
3.398000,-0.000072,-0.002743,0.034797,-0.000031,-0.005645,-0.037326,-0.000000,-0.001015,1.570064,-0.300000,1.000000,1.100000,0.000000,0.000000,-1.571000,-0.299928,1.002743,1.065203,1.493354
3.400000,-0.000072,-0.002744,0.034797,-0.000031,-0.005645,-0.037326,-0.000000,-0.001015,1.570064,-0.300000,1.000000,1.100000,0.000000,0.000000,-1.571000,-0.299928,1.002744,1.065203,1.493355
3.402000,-0.000072,-0.002746,0.034797,-0.000031,-0.005645,-0.037326,-0.000000,-0.001015,1.570064,-0.300000,1.000000,1.100000,0.000000,0.000000,-1.571000,-0.299928,1.002746,1.065203,1.493356
3.404000,-0.000072,-0.002748,0.034797,-0.000031,-0.005645,-0.037326,-0.000000,-0.001015,1.570064,-0.300000,1.000000,1.100000,0.000000,0.000000,-1.571000,-0.299928,1.002748,1.065203,1.493358
3.406000,-0.000072,-0.002749,0.034797,-0.000031,-0.005645,-0.037326,-0.000000,-0.001015,1.570064,-0.300000,1.000000,1.100000,0.000000,0.000000,-1.571000,-0.299928,1.002749,1.065203,1.493359
3.408000,-0.000073,-0.002751,0.034797,-0.000031,-0.005645,-0.037326,-0.000000,-0.001015,1.570064,-0.300000,1.000000,1.100000,0.000000,0.000000,-1.571000,-0.299927,1.002751,1.065203,1.493360
3.410000,-0.000073,-0.002753,0.034797,-0.000031,-0.005645,-0.037326,-0.000000,-0.001015,1.570064,-0.300000,1.000000,1.100000,0.000000,0.000000,-1.571000,-0.299927,1.002753,1.065203,1.493361
3.412000,-0.000073,-0.002754,0.034797,-0.000031,-0.005645,-0.037326,-0.000000,-0.001015,1.570064,-0.300000,1.000000,1.100000,0.000000,0.000000,-1.571000,-0.299927,1.002754,1.065203,1.493362
3.414000,-0.000073,-0.002756,0.034797,-0.000031,-0.005645,-0.037326,-0.000000,-0.001015,1.570064,-0.300000,1.000000,1.100000,0.000000,0.000000,-1.571000,-0.299927,1.002756,1.065203,1.493363
3.416000,-0.000073,-0.002758,0.034797,-0.000031,-0.005645,-0.037326,-0.000000,-0.001015,1.570064,-0.300000,1.000000,1.100000,0.000000,0.000000,-1.571000,-0.299927,1.002758,1.065203,1.493364
3.418000,-0.000073,-0.002759,0.034797,-0.000031,-0.005645,-0.037326,-0.000000,-0.001015,1.570064,-0.300000,1.000000,1.100000,0.000000,0.000000,-1.571000,-0.299927,1.002759,1.065203,1.493365
3.420000,-0.000073,-0.002761,0.034797,-0.000031,-0.005645,-0.037326,-0.000000,-0.001015,1.570064,-0.300000,1.000000,1.100000,0.000000,0.000000,-1.571000,-0.299927,1.002761,1.065203,1.493366
3.422000,-0.000073,-0.002763,0.034797,-0.000031,-0.005645,-0.037326,-0.000000,-0.001015,1.570064,-0.300000,1.000000,1.100000,0.000000,0.000000,-1.571000,-0.299927,1.002763,1.065203,1.493368
3.424000,-0.000073,-0.002765,0.034797,-0.000031,-0.005645,-0.037326,-0.000000,-0.001015,1.570064,-0.300000,1.000000,1.100000,0.000000,0.000000,-1.571000,-0.299927,1.002765,1.065203,1.493369
3.426000,-0.000073,-0.002766,0.034797,-0.000031,-0.005645,-0.037326,-0.000000,-0.001015,1.570064,-0.300000,1.000000,1.100000,0.000000,0.000000,-1.571000,-0.299927,1.002766,1.065203,1.493370
3.428000,-0.000073,-0.002768,0.034797,-0.000031,-0.005645,-0.037326,-0.000000,-0.001015,1.570064,-0.300000,1.000000,1.100000,0.000000,0.000000,-1.571000,-0.299927,1.002768,1.065203,1.493371
3.430000,-0.000073,-0.002770,0.034797,-0.000031,-0.005645,-0.037326,-0.000000,-0.001015,1.570065,-0.300000,1.000000,1.100000,0.000000,0.000000,-1.571000,-0.299927,1.002770,1.065203,1.493372
3.432000,-0.000073,-0.002771,0.034797,-0.000031,-0.005645,-0.037326,-0.000000,-0.001015,1.570065,-0.300000,1.000000,1.100000,0.000000,0.000000,-1.571000,-0.299927,1.002771,1.065203,1.493373
3.434000,-0.000073,-0.002773,0.034797,-0.000031,-0.005645,-0.037326,-0.000000,-0.001015,1.570065,-0.300000,1.000000,1.100000,0.000000,0.000000,-1.571000,-0.299927,1.002773,1.065203,1.493374
3.436000,-0.000073,-0.002775,0.034797,-0.000031,-0.005645,-0.037326,-0.000000,-0.001015,1.570065,-0.300000,1.000000,1.100000,0.000000,0.000000,-1.571000,-0.299927,1.002775,1.065203,1.493375
3.438000,-0.000073,-0.002776,0.034797,-0.000031,-0.005645,-0.037326,-0.000000,-0.001015,1.570065,-0.300000,1.000000,1.100000,0.000000,0.000000,-1.571000,-0.299927,1.002776,1.065203,1.493377
3.440000,-0.000073,-0.002778,0.034797,-0.000031,-0.005645,-0.037326,-0.000000,-0.001015,1.570065,-0.300000,1.000000,1.100000,0.000000,0.000000,-1.571000,-0.299927,1.002778,1.065203,1.493378
3.442000,-0.000073,-0.002780,0.034797,-0.000031,-0.005645,-0.037326,-0.000000,-0.001015,1.570065,-0.300000,1.000000,1.100000,0.000000,0.000000,-1.571000,-0.299927,1.002780,1.065203,1.493379
3.444000,-0.000073,-0.002781,0.034797,-0.000031,-0.005645,-0.037326,-0.000000,-0.001015,1.570065,-0.300000,1.000000,1.100000,0.000000,0.000000,-1.571000,-0.299927,1.002781,1.065203,1.493380
3.446000,-0.000073,-0.002783,0.034797,-0.000031,-0.005645,-0.037326,-0.000000,-0.001015,1.570065,-0.300000,1.000000,1.100000,0.000000,0.000000,-1.571000,-0.299927,1.002783,1.065203,1.493381
3.448000,-0.000073,-0.002785,0.034797,-0.000031,-0.005645,-0.037326,-0.000000,-0.001015,1.570065,-0.300000,1.000000,1.100000,0.000000,0.000000,-1.571000,-0.299927,1.002785,1.065203,1.493382
3.450000,-0.000073,-0.002786,0.034797,-0.000031,-0.005645,-0.037326,-0.000000,-0.001015,1.570065,-0.300000,1.000000,1.100000,0.000000,0.000000,-1.571000,-0.299927,1.002786,1.065203,1.493383
3.452000,-0.000074,-0.002788,0.034797,-0.000031,-0.005645,-0.037326,-0.000000,-0.001015,1.570065,-0.300000,1.000000,1.100000,0.000000,0.000000,-1.571000,-0.299926,1.002788,1.065203,1.493384
3.454000,-0.000074,-0.002790,0.034797,-0.000031,-0.005645,-0.037326,-0.000000,-0.001015,1.570065,-0.300000,1.000000,1.100000,0.000000,0.000000,-1.571000,-0.299926,1.002790,1.065203,1.493385
3.456000,-0.000074,-0.002791,0.034797,-0.000031,-0.005645,-0.037326,-0.000000,-0.001015,1.570065,-0.300000,1.000000,1.100000,0.000000,0.000000,-1.571000,-0.299926,1.002791,1.065203,1.493387
3.458000,-0.000074,-0.002793,0.034797,-0.000031,-0.005645,-0.037326,-0.000000,-0.001015,1.570065,-0.300000,1.000000,1.100000,0.000000,0.000000,-1.571000,-0.299926,1.002793,1.065203,1.493388
3.460000,-0.000074,-0.002795,0.034797,-0.000031,-0.005645,-0.037326,-0.000000,-0.001015,1.570065,-0.300000,1.000000,1.100000,0.000000,0.000000,-1.571000,-0.299926,1.002795,1.065203,1.493389
3.462000,-0.000074,-0.002796,0.034797,-0.000031,-0.005645,-0.037326,-0.000000,-0.001015,1.570065,-0.300000,1.000000,1.100000,0.000000,0.000000,-1.571000,-0.299926,1.002796,1.065203,1.493390
3.464000,-0.000074,-0.002798,0.034797,-0.000031,-0.005645,-0.037326,-0.000000,-0.001015,1.570065,-0.300000,1.000000,1.100000,0.000000,0.000000,-1.571000,-0.299926,1.002798,1.065203,1.493391
3.466000,-0.000074,-0.002800,0.034797,-0.000031,-0.005645,-0.037326,-0.000000,-0.001015,1.570065,-0.300000,1.000000,1.100000,0.000000,0.000000,-1.571000,-0.299926,1.002800,1.065203,1.493392
3.468000,-0.000074,-0.002801,0.034797,-0.000031,-0.005645,-0.037326,-0.000000,-0.001015,1.570065,-0.300000,1.000000,1.100000,0.000000,0.000000,-1.571000,-0.299926,1.002801,1.065203,1.493393
3.470000,-0.000074,-0.002803,0.034797,-0.000031,-0.005645,-0.037326,-0.000000,-0.001015,1.570065,-0.300000,1.000000,1.100000,0.000000,0.000000,-1.571000,-0.299926,1.002803,1.065203,1.493394
3.472000,-0.000074,-0.002805,0.034797,-0.000031,-0.005645,-0.037326,-0.000000,-0.001015,1.570065,-0.300000,1.000000,1.100000,0.000000,0.000000,-1.571000,-0.299926,1.002805,1.065203,1.493396
3.474000,-0.000074,-0.002806,0.034797,-0.000031,-0.005645,-0.037326,-0.000000,-0.001015,1.570065,-0.300000,1.000000,1.100000,0.000000,0.000000,-1.571000,-0.299926,1.002806,1.065203,1.493397
3.476000,-0.000074,-0.002808,0.034797,-0.000031,-0.005645,-0.037326,-0.000000,-0.001015,1.570065,-0.300000,1.000000,1.100000,0.000000,0.000000,-1.571000,-0.299926,1.002808,1.065203,1.493398
3.478000,-0.000074,-0.002810,0.034797,-0.000031,-0.005645,-0.037326,-0.000000,-0.001015,1.570065,-0.300000,1.000000,1.100000,0.000000,0.000000,-1.571000,-0.299926,1.002810,1.065203,1.493399
3.480000,-0.000074,-0.002811,0.034797,-0.000031,-0.005645,-0.037326,-0.000000,-0.001015,1.570065,-0.300000,1.000000,1.100000,0.000000,0.000000,-1.571000,-0.299926,1.002811,1.065203,1.493400
3.482000,-0.000074,-0.002813,0.034797,-0.000031,-0.005645,-0.037326,-0.000000,-0.001015,1.570066,-0.300000,1.000000,1.100000,0.000000,0.000000,-1.571000,-0.299926,1.002813,1.065203,1.493401
3.484000,-0.000074,-0.002815,0.034797,-0.000031,-0.005645,-0.037326,-0.000000,-0.001015,1.570066,-0.300000,1.000000,1.100000,0.000000,0.000000,-1.571000,-0.299926,1.002815,1.065203,1.493402
3.486000,-0.000074,-0.002816,0.034797,-0.000031,-0.005645,-0.037326,-0.000000,-0.001015,1.570066,-0.300000,1.000000,1.100000,0.000000,0.000000,-1.571000,-0.299926,1.002816,1.065203,1.493403
3.488000,-0.000074,-0.002818,0.034797,-0.000031,-0.005645,-0.037326,-0.000000,-0.001015,1.570066,-0.300000,1.000000,1.100000,0.000000,0.000000,-1.571000,-0.299926,1.002818,1.065203,1.493404
3.490000,-0.000074,-0.002820,0.034797,-0.000031,-0.005645,-0.037326,-0.000000,-0.001015,1.570066,-0.300000,1.000000,1.100000,0.000000,0.000000,-1.571000,-0.299926,1.002820,1.065203,1.493406
3.492000,-0.000074,-0.002821,0.034797,-0.000031,-0.005645,-0.037326,-0.000000,-0.001015,1.570066,-0.300000,1.000000,1.100000,0.000000,0.000000,-1.571000,-0.299926,1.002821,1.065203,1.493407
3.494000,-0.000074,-0.002823,0.034797,-0.000031,-0.005645,-0.037326,-0.000000,-0.001015,1.570066,-0.300000,1.000000,1.100000,0.000000,0.000000,-1.571000,-0.299926,1.002823,1.065203,1.493408
3.496000,-0.000074,-0.002825,0.034797,-0.000031,-0.005645,-0.037326,-0.000000,-0.001015,1.570066,-0.300000,1.000000,1.100000,0.000000,0.000000,-1.571000,-0.299926,1.002825,1.065203,1.493409
3.498000,-0.000075,-0.002826,0.034797,-0.000031,-0.005645,-0.037326,-0.000000,-0.001015,1.570066,-0.300000,1.000000,1.100000,0.000000,0.000000,-1.571000,-0.299925,1.002826,1.065203,1.493410
3.500000,-0.000075,-0.002828,0.034797,-0.000031,-0.005645,-0.037326,-0.000000,-0.001015,1.570066,-0.300000,1.000000,1.100000,0.000000,0.000000,-1.571000,-0.299925,1.002828,1.065203,1.493411
3.502000,-0.000075,-0.002830,0.034797,-0.000031,-0.005645,-0.037326,-0.000000,-0.001015,1.570066,-0.300000,1.000000,1.100000,0.000000,0.000000,-1.571000,-0.299925,1.002830,1.065203,1.493412
3.504000,-0.000075,-0.002832,0.034797,-0.000031,-0.005645,-0.037326,-0.000000,-0.001015,1.570066,-0.300000,1.000000,1.100000,0.000000,0.000000,-1.571000,-0.299925,1.002832,1.065203,1.493413
3.506000,-0.000075,-0.002833,0.034797,-0.000031,-0.005645,-0.037326,-0.000000,-0.001015,1.570066,-0.300000,1.000000,1.100000,0.000000,0.000000,-1.571000,-0.299925,1.002833,1.065203,1.493414
3.508000,-0.000075,-0.002835,0.034797,-0.000031,-0.005645,-0.037326,-0.000000,-0.001015,1.570066,-0.300000,1.000000,1.100000,0.000000,0.000000,-1.571000,-0.299925,1.002835,1.065203,1.493416
3.510000,-0.000075,-0.002837,0.034797,-0.000031,-0.005645,-0.037326,-0.000000,-0.001015,1.570066,-0.300000,1.000000,1.100000,0.000000,0.000000,-1.571000,-0.299925,1.002837,1.065203,1.493417
3.512000,-0.000075,-0.002838,0.034797,-0.000031,-0.005645,-0.037326,-0.000000,-0.001015,1.570066,-0.300000,1.000000,1.100000,0.000000,0.000000,-1.571000,-0.299925,1.002838,1.065203,1.493418
3.514000,-0.000075,-0.002840,0.034797,-0.000031,-0.005645,-0.037326,-0.000000,-0.001015,1.570066,-0.300000,1.000000,1.100000,0.000000,0.000000,-1.571000,-0.299925,1.002840,1.065203,1.493419
3.516000,-0.000075,-0.002842,0.034797,-0.000031,-0.005645,-0.037326,-0.000000,-0.001015,1.570066,-0.300000,1.000000,1.100000,0.000000,0.000000,-1.571000,-0.299925,1.002842,1.065203,1.493420
3.518000,-0.000075,-0.002843,0.034797,-0.000031,-0.005645,-0.037326,-0.000000,-0.001015,1.570066,-0.300000,1.000000,1.100000,0.000000,0.000000,-1.571000,-0.299925,1.002843,1.065203,1.493421
3.520000,-0.000075,-0.002845,0.034797,-0.000031,-0.005645,-0.037326,-0.000000,-0.001015,1.570066,-0.300000,1.000000,1.100000,0.000000,0.000000,-1.571000,-0.299925,1.002845,1.065203,1.493422
3.522000,-0.000075,-0.002847,0.034797,-0.000031,-0.005645,-0.037326,-0.000000,-0.001015,1.570066,-0.300000,1.000000,1.100000,0.000000,0.000000,-1.571000,-0.299925,1.002847,1.065203,1.493423
3.524000,-0.000075,-0.002848,0.034797,-0.000031,-0.005645,-0.037326,-0.000000,-0.001015,1.570066,-0.300000,1.000000,1.100000,0.000000,0.000000,-1.571000,-0.299925,1.002848,1.065203,1.493425
3.526000,-0.000075,-0.002850,0.034797,-0.000031,-0.005645,-0.037326,-0.000000,-0.001015,1.570066,-0.300000,1.000000,1.100000,0.000000,0.000000,-1.571000,-0.299925,1.002850,1.065203,1.493426
3.528000,-0.000075,-0.002852,0.034797,-0.000031,-0.005645,-0.037326,-0.000000,-0.001015,1.570066,-0.300000,1.000000,1.100000,0.000000,0.000000,-1.571000,-0.299925,1.002852,1.065203,1.493427
3.530000,-0.000075,-0.002853,0.034797,-0.000031,-0.005645,-0.037326,-0.000000,-0.001015,1.570066,-0.300000,1.000000,1.100000,0.000000,0.000000,-1.571000,-0.299925,1.002853,1.065203,1.493428
3.532000,-0.000075,-0.002855,0.034797,-0.000031,-0.005645,-0.037326,-0.000000,-0.001015,1.570067,-0.300000,1.000000,1.100000,0.000000,0.000000,-1.571000,-0.299925,1.002855,1.065203,1.493429
3.534000,-0.000075,-0.002857,0.034797,-0.000031,-0.005645,-0.037326,-0.000000,-0.001015,1.570067,-0.300000,1.000000,1.100000,0.000000,0.000000,-1.571000,-0.299925,1.002857,1.065203,1.493430
3.536000,-0.000075,-0.002858,0.034797,-0.000031,-0.005645,-0.037326,-0.000000,-0.001015,1.570067,-0.300000,1.000000,1.100000,0.000000,0.000000,-1.571000,-0.299925,1.002858,1.065203,1.493431
3.538000,-0.000075,-0.002860,0.034797,-0.000031,-0.005645,-0.037326,-0.000000,-0.001015,1.570067,-0.300000,1.000000,1.100000,0.000000,0.000000,-1.571000,-0.299925,1.002860,1.065203,1.493432
3.540000,-0.000075,-0.002862,0.034797,-0.000031,-0.005645,-0.037326,-0.000000,-0.001015,1.570067,-0.300000,1.000000,1.100000,0.000000,0.000000,-1.571000,-0.299925,1.002862,1.065203,1.493433
3.542000,-0.000076,-0.002863,0.034797,-0.000031,-0.005645,-0.037326,-0.000000,-0.001015,1.570067,-0.300000,1.000000,1.100000,0.000000,0.000000,-1.571000,-0.299924,1.002863,1.065203,1.493435
3.544000,-0.000076,-0.002865,0.034797,-0.000031,-0.005645,-0.037326,-0.000000,-0.001015,1.570067,-0.300000,1.000000,1.100000,0.000000,0.000000,-1.571000,-0.299924,1.002865,1.065203,1.493436
3.546000,-0.000076,-0.002867,0.034797,-0.000031,-0.005645,-0.037326,-0.000000,-0.001015,1.570067,-0.300000,1.000000,1.100000,0.000000,0.000000,-1.571000,-0.299924,1.002867,1.065203,1.493437
3.548000,-0.000076,-0.002868,0.034797,-0.000031,-0.005645,-0.037326,-0.000000,-0.001015,1.570067,-0.300000,1.000000,1.100000,0.000000,0.000000,-1.571000,-0.299924,1.002868,1.065203,1.493438
3.550000,-0.000076,-0.002870,0.034797,-0.000031,-0.005645,-0.037326,-0.000000,-0.001015,1.570067,-0.300000,1.000000,1.100000,0.000000,0.000000,-1.571000,-0.299924,1.002870,1.065203,1.493439
3.552000,-0.000076,-0.002872,0.034797,-0.000031,-0.005645,-0.037326,-0.000000,-0.001015,1.570067,-0.300000,1.000000,1.100000,0.000000,0.000000,-1.571000,-0.299924,1.002872,1.065203,1.493440
3.554000,-0.000076,-0.002873,0.034797,-0.000031,-0.005645,-0.037326,-0.000000,-0.001015,1.570067,-0.300000,1.000000,1.100000,0.000000,0.000000,-1.571000,-0.299924,1.002873,1.065203,1.493441
3.556000,-0.000076,-0.002875,0.034797,-0.000031,-0.005645,-0.037326,-0.000000,-0.001015,1.570067,-0.300000,1.000000,1.100000,0.000000,0.000000,-1.571000,-0.299924,1.002875,1.065203,1.493442
3.558000,-0.000076,-0.002877,0.034797,-0.000031,-0.005645,-0.037326,-0.000000,-0.001015,1.570067,-0.300000,1.000000,1.100000,0.000000,0.000000,-1.571000,-0.299924,1.002877,1.065203,1.493443
3.560000,-0.000076,-0.002878,0.034797,-0.000031,-0.005645,-0.037326,-0.000000,-0.001015,1.570067,-0.300000,1.000000,1.100000,0.000000,0.000000,-1.571000,-0.299924,1.002878,1.065203,1.493445
3.562000,-0.000076,-0.002880,0.034797,-0.000031,-0.005645,-0.037326,-0.000000,-0.001015,1.570067,-0.300000,1.000000,1.100000,0.000000,0.000000,-1.571000,-0.299924,1.002880,1.065203,1.493446
3.564000,-0.000076,-0.002882,0.034797,-0.000031,-0.005645,-0.037326,-0.000000,-0.001015,1.570067,-0.300000,1.000000,1.100000,0.000000,0.000000,-1.571000,-0.299924,1.002882,1.065203,1.493447
3.566000,-0.000076,-0.002883,0.034797,-0.000031,-0.005645,-0.037326,-0.000000,-0.001015,1.570067,-0.300000,1.000000,1.100000,0.000000,0.000000,-1.571000,-0.299924,1.002883,1.065203,1.493448
3.568000,-0.000076,-0.002885,0.034797,-0.000031,-0.005645,-0.037326,-0.000000,-0.001015,1.570067,-0.300000,1.000000,1.100000,0.000000,0.000000,-1.571000,-0.299924,1.002885,1.065203,1.493449
3.570000,-0.000076,-0.002887,0.034797,-0.000031,-0.005645,-0.037326,-0.000000,-0.001015,1.570067,-0.300000,1.000000,1.100000,0.000000,0.000000,-1.571000,-0.299924,1.002887,1.065203,1.493450
3.572000,-0.000076,-0.002888,0.034797,-0.000031,-0.005645,-0.037326,-0.000000,-0.001015,1.570067,-0.300000,1.000000,1.100000,0.000000,0.000000,-1.571000,-0.299924,1.002888,1.065203,1.493451
3.574000,-0.000076,-0.002890,0.034797,-0.000031,-0.005645,-0.037326,-0.000000,-0.001015,1.570067,-0.300000,1.000000,1.100000,0.000000,0.000000,-1.571000,-0.299924,1.002890,1.065203,1.493452
3.576000,-0.000076,-0.002892,0.034797,-0.000031,-0.005645,-0.037326,-0.000000,-0.001015,1.570067,-0.300000,1.000000,1.100000,0.000000,0.000000,-1.571000,-0.299924,1.002892,1.065203,1.493454
3.578000,-0.000076,-0.002893,0.034797,-0.000031,-0.005645,-0.037326,-0.000000,-0.001015,1.570067,-0.300000,1.000000,1.100000,0.000000,0.000000,-1.571000,-0.299924,1.002893,1.065203,1.493455
3.580000,-0.000076,-0.002895,0.034797,-0.000031,-0.005645,-0.037326,-0.000000,-0.001015,1.570067,-0.300000,1.000000,1.100000,0.000000,0.000000,-1.571000,-0.299924,1.002895,1.065203,1.493456
3.582000,-0.000076,-0.002897,0.034797,-0.000031,-0.005645,-0.037326,-0.000000,-0.001015,1.570068,-0.300000,1.000000,1.100000,0.000000,0.000000,-1.571000,-0.299924,1.002897,1.065203,1.493457
3.584000,-0.000076,-0.002898,0.034797,-0.000031,-0.005645,-0.037326,-0.000000,-0.001015,1.570068,-0.300000,1.000000,1.100000,0.000000,0.000000,-1.571000,-0.299924,1.002898,1.065203,1.493458
3.586000,-0.000077,-0.002900,0.034797,-0.000031,-0.005645,-0.037326,-0.000000,-0.001015,1.570068,-0.300000,1.000000,1.100000,0.000000,0.000000,-1.571000,-0.299923,1.002900,1.065203,1.493459
3.588000,-0.000077,-0.002902,0.034797,-0.000031,-0.005645,-0.037326,-0.000000,-0.001015,1.570068,-0.300000,1.000000,1.100000,0.000000,0.000000,-1.571000,-0.299923,1.002902,1.065203,1.493460
3.590000,-0.000077,-0.002904,0.034797,-0.000031,-0.005645,-0.037326,-0.000000,-0.001015,1.570068,-0.300000,1.000000,1.100000,0.000000,0.000000,-1.571000,-0.299923,1.002904,1.065203,1.493461
3.592000,-0.000077,-0.002905,0.034797,-0.000031,-0.005645,-0.037326,-0.000000,-0.001015,1.570068,-0.300000,1.000000,1.100000,0.000000,0.000000,-1.571000,-0.299923,1.002905,1.065203,1.493462
3.594000,-0.000077,-0.002907,0.034797,-0.000031,-0.005645,-0.037326,-0.000000,-0.001015,1.570068,-0.300000,1.000000,1.100000,0.000000,0.000000,-1.571000,-0.299923,1.002907,1.065203,1.493464
3.596000,-0.000077,-0.002909,0.034797,-0.000031,-0.005645,-0.037326,-0.000000,-0.001015,1.570068,-0.300000,1.000000,1.100000,0.000000,0.000000,-1.571000,-0.299923,1.002909,1.065203,1.493465
3.598000,-0.000077,-0.002910,0.034797,-0.000031,-0.005645,-0.037326,-0.000000,-0.001015,1.570068,-0.300000,1.000000,1.100000,0.000000,0.000000,-1.571000,-0.299923,1.002910,1.065203,1.493466
3.600000,-0.000077,-0.002912,0.034797,-0.000031,-0.005645,-0.037326,-0.000000,-0.001015,1.570068,-0.300000,1.000000,1.100000,0.000000,0.000000,-1.571000,-0.299923,1.002912,1.065203,1.493467
3.602000,-0.000077,-0.002914,0.034797,-0.000031,-0.005645,-0.037326,-0.000000,-0.001015,1.570068,-0.300000,1.000000,1.100000,0.000000,0.000000,-1.571000,-0.299923,1.002914,1.065203,1.493468
3.604000,-0.000077,-0.002915,0.034797,-0.000031,-0.005645,-0.037326,-0.000000,-0.001015,1.570068,-0.300000,1.000000,1.100000,0.000000,0.000000,-1.571000,-0.299923,1.002915,1.065203,1.493469
3.606000,-0.000077,-0.002917,0.034797,-0.000031,-0.005645,-0.037326,-0.000000,-0.001015,1.570068,-0.300000,1.000000,1.100000,0.000000,0.000000,-1.571000,-0.299923,1.002917,1.065203,1.493470
3.608000,-0.000077,-0.002919,0.034797,-0.000031,-0.005645,-0.037326,-0.000000,-0.001015,1.570068,-0.300000,1.000000,1.100000,0.000000,0.000000,-1.571000,-0.299923,1.002919,1.065203,1.493471
3.610000,-0.000077,-0.002920,0.034797,-0.000031,-0.005645,-0.037326,-0.000000,-0.001015,1.570068,-0.300000,1.000000,1.100000,0.000000,0.000000,-1.571000,-0.299923,1.002920,1.065203,1.493472
3.612000,-0.000077,-0.002922,0.034797,-0.000031,-0.005645,-0.037326,-0.000000,-0.001015,1.570068,-0.300000,1.000000,1.100000,0.000000,0.000000,-1.571000,-0.299923,1.002922,1.065203,1.493474
3.614000,-0.000077,-0.002924,0.034797,-0.000031,-0.005645,-0.037326,-0.000000,-0.001015,1.570068,-0.300000,1.000000,1.100000,0.000000,0.000000,-1.571000,-0.299923,1.002924,1.065203,1.493475
3.616000,-0.000077,-0.002925,0.034797,-0.000031,-0.005645,-0.037326,-0.000000,-0.001015,1.570068,-0.300000,1.000000,1.100000,0.000000,0.000000,-1.571000,-0.299923,1.002925,1.065203,1.493476
3.618000,-0.000077,-0.002927,0.034797,-0.000031,-0.005645,-0.037326,-0.000000,-0.001015,1.570068,-0.300000,1.000000,1.100000,0.000000,0.000000,-1.571000,-0.299923,1.002927,1.065203,1.493477
3.620000,-0.000077,-0.002929,0.034797,-0.000031,-0.005645,-0.037326,-0.000000,-0.001015,1.570068,-0.300000,1.000000,1.100000,0.000000,0.000000,-1.571000,-0.299923,1.002929,1.065203,1.493478
3.622000,-0.000077,-0.002930,0.034797,-0.000031,-0.005645,-0.037326,-0.000000,-0.001015,1.570068,-0.300000,1.000000,1.100000,0.000000,0.000000,-1.571000,-0.299923,1.002930,1.065203,1.493479
3.624000,-0.000077,-0.002932,0.034797,-0.000031,-0.005645,-0.037326,-0.000000,-0.001015,1.570068,-0.300000,1.000000,1.100000,0.000000,0.000000,-1.571000,-0.299923,1.002932,1.065203,1.493480
3.626000,-0.000077,-0.002934,0.034797,-0.000031,-0.005645,-0.037326,-0.000000,-0.001015,1.570068,-0.300000,1.000000,1.100000,0.000000,0.000000,-1.571000,-0.299923,1.002934,1.065203,1.493481
3.628000,-0.000077,-0.002935,0.034797,-0.000031,-0.005645,-0.037326,-0.000000,-0.001015,1.570068,-0.300000,1.000000,1.100000,0.000000,0.000000,-1.571000,-0.299923,1.002935,1.065203,1.493483
3.630000,-0.000078,-0.002937,0.034797,-0.000031,-0.005645,-0.037326,-0.000000,-0.001015,1.570068,-0.300000,1.000000,1.100000,0.000000,0.000000,-1.571000,-0.299922,1.002937,1.065203,1.493484
3.632000,-0.000078,-0.002939,0.034797,-0.000031,-0.005645,-0.037326,-0.000000,-0.001015,1.570068,-0.300000,1.000000,1.100000,0.000000,0.000000,-1.571000,-0.299922,1.002939,1.065203,1.493485
3.634000,-0.000078,-0.002940,0.034797,-0.000031,-0.005645,-0.037326,-0.000000,-0.001015,1.570069,-0.300000,1.000000,1.100000,0.000000,0.000000,-1.571000,-0.299922,1.002940,1.065203,1.493486
3.636000,-0.000078,-0.002942,0.034797,-0.000031,-0.005645,-0.037326,-0.000000,-0.001015,1.570069,-0.300000,1.000000,1.100000,0.000000,0.000000,-1.571000,-0.299922,1.002942,1.065203,1.493487
3.638000,-0.000078,-0.002944,0.034797,-0.000031,-0.005645,-0.037326,-0.000000,-0.001015,1.570069,-0.300000,1.000000,1.100000,0.000000,0.000000,-1.571000,-0.299922,1.002944,1.065203,1.493488
3.640000,-0.000078,-0.002945,0.034797,-0.000031,-0.005645,-0.037326,-0.000000,-0.001015,1.570069,-0.300000,1.000000,1.100000,0.000000,0.000000,-1.571000,-0.299922,1.002945,1.065203,1.493489
3.642000,-0.000078,-0.002947,0.034797,-0.000031,-0.005645,-0.037326,-0.000000,-0.001015,1.570069,-0.300000,1.000000,1.100000,0.000000,0.000000,-1.571000,-0.299922,1.002947,1.065203,1.493490
3.644000,-0.000078,-0.002949,0.034797,-0.000031,-0.005645,-0.037326,-0.000000,-0.001015,1.570069,-0.300000,1.000000,1.100000,0.000000,0.000000,-1.571000,-0.299922,1.002949,1.065203,1.493491
3.646000,-0.000078,-0.002950,0.034797,-0.000031,-0.005645,-0.037326,-0.000000,-0.001015,1.570069,-0.300000,1.000000,1.100000,0.000000,0.000000,-1.571000,-0.299922,1.002950,1.065203,1.493493
3.648000,-0.000078,-0.002952,0.034797,-0.000031,-0.005645,-0.037326,-0.000000,-0.001015,1.570069,-0.300000,1.000000,1.100000,0.000000,0.000000,-1.571000,-0.299922,1.002952,1.065203,1.493494
3.650000,-0.000078,-0.002954,0.034797,-0.000031,-0.005645,-0.037326,-0.000000,-0.001015,1.570069,-0.300000,1.000000,1.100000,0.000000,0.000000,-1.571000,-0.299922,1.002954,1.065203,1.493495
3.652000,-0.000078,-0.002955,0.034797,-0.000031,-0.005645,-0.037326,-0.000000,-0.001015,1.570069,-0.300000,1.000000,1.100000,0.000000,0.000000,-1.571000,-0.299922,1.002955,1.065203,1.493496
3.654000,-0.000078,-0.002957,0.034797,-0.000031,-0.005645,-0.037326,-0.000000,-0.001015,1.570069,-0.300000,1.000000,1.100000,0.000000,0.000000,-1.571000,-0.299922,1.002957,1.065203,1.493497
3.656000,-0.000078,-0.002959,0.034797,-0.000031,-0.005645,-0.037326,-0.000000,-0.001015,1.570069,-0.300000,1.000000,1.100000,0.000000,0.000000,-1.571000,-0.299922,1.002959,1.065203,1.493498
3.658000,-0.000078,-0.002960,0.034797,-0.000031,-0.005645,-0.037326,-0.000000,-0.001015,1.570069,-0.300000,1.000000,1.100000,0.000000,0.000000,-1.571000,-0.299922,1.002960,1.065203,1.493499
3.660000,-0.000078,-0.002962,0.034797,-0.000031,-0.005645,-0.037326,-0.000000,-0.001015,1.570069,-0.300000,1.000000,1.100000,0.000000,0.000000,-1.571000,-0.299922,1.002962,1.065203,1.493500
3.662000,-0.000078,-0.002964,0.034797,-0.000031,-0.005645,-0.037326,-0.000000,-0.001015,1.570069,-0.300000,1.000000,1.100000,0.000000,0.000000,-1.571000,-0.299922,1.002964,1.065203,1.493501
3.664000,-0.000078,-0.002965,0.034797,-0.000031,-0.005645,-0.037326,-0.000000,-0.001015,1.570069,-0.300000,1.000000,1.100000,0.000000,0.000000,-1.571000,-0.299922,1.002965,1.065203,1.493503
3.666000,-0.000078,-0.002967,0.034797,-0.000031,-0.005645,-0.037326,-0.000000,-0.001015,1.570069,-0.300000,1.000000,1.100000,0.000000,0.000000,-1.571000,-0.299922,1.002967,1.065203,1.493504
3.668000,-0.000078,-0.002969,0.034797,-0.000031,-0.005645,-0.037326,-0.000000,-0.001015,1.570069,-0.300000,1.000000,1.100000,0.000000,0.000000,-1.571000,-0.299922,1.002969,1.065203,1.493505
3.670000,-0.000078,-0.002971,0.034797,-0.000031,-0.005645,-0.037326,-0.000000,-0.001015,1.570069,-0.300000,1.000000,1.100000,0.000000,0.000000,-1.571000,-0.299922,1.002971,1.065203,1.493506
3.672000,-0.000078,-0.002972,0.034797,-0.000031,-0.005645,-0.037326,-0.000000,-0.001015,1.570069,-0.300000,1.000000,1.100000,0.000000,0.000000,-1.571000,-0.299922,1.002972,1.065203,1.493507
3.674000,-0.000078,-0.002974,0.034797,-0.000031,-0.005645,-0.037326,-0.000000,-0.001015,1.570069,-0.300000,1.000000,1.100000,0.000000,0.000000,-1.571000,-0.299922,1.002974,1.065203,1.493508
3.676000,-0.000079,-0.002976,0.034797,-0.000031,-0.005645,-0.037326,-0.000000,-0.001015,1.570069,-0.300000,1.000000,1.100000,0.000000,0.000000,-1.571000,-0.299921,1.002976,1.065203,1.493509
3.678000,-0.000079,-0.002977,0.034797,-0.000031,-0.005645,-0.037326,-0.000000,-0.001015,1.570069,-0.300000,1.000000,1.100000,0.000000,0.000000,-1.571000,-0.299921,1.002977,1.065203,1.493510
3.680000,-0.000079,-0.002979,0.034797,-0.000031,-0.005645,-0.037326,-0.000000,-0.001015,1.570069,-0.300000,1.000000,1.100000,0.000000,0.000000,-1.571000,-0.299921,1.002979,1.065203,1.493512
3.682000,-0.000079,-0.002981,0.034797,-0.000031,-0.005645,-0.037326,-0.000000,-0.001015,1.570069,-0.300000,1.000000,1.100000,0.000000,0.000000,-1.571000,-0.299921,1.002981,1.065203,1.493513
3.684000,-0.000079,-0.002982,0.034797,-0.000031,-0.005645,-0.037326,-0.000000,-0.001015,1.570070,-0.300000,1.000000,1.100000,0.000000,0.000000,-1.571000,-0.299921,1.002982,1.065203,1.493514
3.686000,-0.000079,-0.002984,0.034797,-0.000031,-0.005645,-0.037326,-0.000000,-0.001015,1.570070,-0.300000,1.000000,1.100000,0.000000,0.000000,-1.571000,-0.299921,1.002984,1.065203,1.493515
3.688000,-0.000079,-0.002986,0.034797,-0.000031,-0.005645,-0.037326,-0.000000,-0.001015,1.570070,-0.300000,1.000000,1.100000,0.000000,0.000000,-1.571000,-0.299921,1.002986,1.065203,1.493516
3.690000,-0.000079,-0.002987,0.034797,-0.000031,-0.005645,-0.037326,-0.000000,-0.001015,1.570070,-0.300000,1.000000,1.100000,0.000000,0.000000,-1.571000,-0.299921,1.002987,1.065203,1.493517
3.692000,-0.000079,-0.002989,0.034797,-0.000031,-0.005645,-0.037326,-0.000000,-0.001015,1.570070,-0.300000,1.000000,1.100000,0.000000,0.000000,-1.571000,-0.299921,1.002989,1.065203,1.493518
3.694000,-0.000079,-0.002991,0.034797,-0.000031,-0.005645,-0.037326,-0.000000,-0.001015,1.570070,-0.300000,1.000000,1.100000,0.000000,0.000000,-1.571000,-0.299921,1.002991,1.065203,1.493519
3.696000,-0.000079,-0.002992,0.034797,-0.000031,-0.005645,-0.037326,-0.000000,-0.001015,1.570070,-0.300000,1.000000,1.100000,0.000000,0.000000,-1.571000,-0.299921,1.002992,1.065203,1.493520
3.698000,-0.000079,-0.002994,0.034797,-0.000031,-0.005645,-0.037326,-0.000000,-0.001015,1.570070,-0.300000,1.000000,1.100000,0.000000,0.000000,-1.571000,-0.299921,1.002994,1.065203,1.493522
3.700000,-0.000079,-0.002996,0.034797,-0.000031,-0.005645,-0.037326,-0.000000,-0.001015,1.570070,-0.300000,1.000000,1.100000,0.000000,0.000000,-1.571000,-0.299921,1.002996,1.065203,1.493523
3.702000,-0.000079,-0.002997,0.034797,-0.000031,-0.005645,-0.037326,-0.000000,-0.001015,1.570070,-0.300000,1.000000,1.100000,0.000000,0.000000,-1.571000,-0.299921,1.002997,1.065203,1.493524
3.704000,-0.000079,-0.002999,0.034797,-0.000031,-0.005645,-0.037326,-0.000000,-0.001015,1.570070,-0.300000,1.000000,1.100000,0.000000,0.000000,-1.571000,-0.299921,1.002999,1.065203,1.493525
3.706000,-0.000079,-0.003001,0.034797,-0.000031,-0.005645,-0.037326,-0.000000,-0.001015,1.570070,-0.300000,1.000000,1.100000,0.000000,0.000000,-1.571000,-0.299921,1.003001,1.065203,1.493526
3.708000,-0.000079,-0.003002,0.034797,-0.000031,-0.005645,-0.037326,-0.000000,-0.001015,1.570070,-0.300000,1.000000,1.100000,0.000000,0.000000,-1.571000,-0.299921,1.003002,1.065203,1.493527
3.710000,-0.000079,-0.003004,0.034797,-0.000031,-0.005645,-0.037326,-0.000000,-0.001015,1.570070,-0.300000,1.000000,1.100000,0.000000,0.000000,-1.571000,-0.299921,1.003004,1.065203,1.493528
3.712000,-0.000079,-0.003006,0.034797,-0.000031,-0.005645,-0.037326,-0.000000,-0.001015,1.570070,-0.300000,1.000000,1.100000,0.000000,0.000000,-1.571000,-0.299921,1.003006,1.065203,1.493529
3.714000,-0.000079,-0.003007,0.034797,-0.000031,-0.005645,-0.037326,-0.000000,-0.001015,1.570070,-0.300000,1.000000,1.100000,0.000000,0.000000,-1.571000,-0.299921,1.003007,1.065203,1.493530
3.716000,-0.000079,-0.003009,0.034797,-0.000031,-0.005645,-0.037326,-0.000000,-0.001015,1.570070,-0.300000,1.000000,1.100000,0.000000,0.000000,-1.571000,-0.299921,1.003009,1.065203,1.493532
3.718000,-0.000079,-0.003011,0.034797,-0.000031,-0.005645,-0.037326,-0.000000,-0.001015,1.570070,-0.300000,1.000000,1.100000,0.000000,0.000000,-1.571000,-0.299921,1.003011,1.065203,1.493533
3.720000,-0.000080,-0.003012,0.034797,-0.000031,-0.005645,-0.037326,-0.000000,-0.001015,1.570070,-0.300000,1.000000,1.100000,0.000000,0.000000,-1.571000,-0.299920,1.003012,1.065203,1.493534
3.722000,-0.000080,-0.003014,0.034797,-0.000031,-0.005645,-0.037326,-0.000000,-0.001015,1.570070,-0.300000,1.000000,1.100000,0.000000,0.000000,-1.571000,-0.299920,1.003014,1.065203,1.493535
3.724000,-0.000080,-0.003016,0.034797,-0.000031,-0.005645,-0.037326,-0.000000,-0.001015,1.570070,-0.300000,1.000000,1.100000,0.000000,0.000000,-1.571000,-0.299920,1.003016,1.065203,1.493536
3.726000,-0.000080,-0.003017,0.034797,-0.000031,-0.005645,-0.037326,-0.000000,-0.001015,1.570070,-0.300000,1.000000,1.100000,0.000000,0.000000,-1.571000,-0.299920,1.003017,1.065203,1.493537
3.728000,-0.000080,-0.003019,0.034797,-0.000031,-0.005645,-0.037326,-0.000000,-0.001015,1.570070,-0.300000,1.000000,1.100000,0.000000,0.000000,-1.571000,-0.299920,1.003019,1.065203,1.493538
3.730000,-0.000080,-0.003021,0.034797,-0.000031,-0.005645,-0.037326,-0.000000,-0.001015,1.570070,-0.300000,1.000000,1.100000,0.000000,0.000000,-1.571000,-0.299920,1.003021,1.065203,1.493539
3.732000,-0.000080,-0.003022,0.034797,-0.000031,-0.005645,-0.037326,-0.000000,-0.001015,1.570070,-0.300000,1.000000,1.100000,0.000000,0.000000,-1.571000,-0.299920,1.003022,1.065203,1.493541
3.734000,-0.000080,-0.003024,0.034797,-0.000031,-0.005645,-0.037326,-0.000000,-0.001015,1.570071,-0.300000,1.000000,1.100000,0.000000,0.000000,-1.571000,-0.299920,1.003024,1.065203,1.493542
3.736000,-0.000080,-0.003026,0.034797,-0.000031,-0.005645,-0.037326,-0.000000,-0.001015,1.570071,-0.300000,1.000000,1.100000,0.000000,0.000000,-1.571000,-0.299920,1.003026,1.065203,1.493543
3.738000,-0.000080,-0.003027,0.034797,-0.000031,-0.005645,-0.037326,-0.000000,-0.001015,1.570071,-0.300000,1.000000,1.100000,0.000000,0.000000,-1.571000,-0.299920,1.003027,1.065203,1.493544
3.740000,-0.000080,-0.003029,0.034797,-0.000031,-0.005645,-0.037326,-0.000000,-0.001015,1.570071,-0.300000,1.000000,1.100000,0.000000,0.000000,-1.571000,-0.299920,1.003029,1.065203,1.493545
3.742000,-0.000080,-0.003031,0.034797,-0.000031,-0.005645,-0.037326,-0.000000,-0.001015,1.570071,-0.300000,1.000000,1.100000,0.000000,0.000000,-1.571000,-0.299920,1.003031,1.065203,1.493546
3.744000,-0.000080,-0.003032,0.034797,-0.000031,-0.005645,-0.037326,-0.000000,-0.001015,1.570071,-0.300000,1.000000,1.100000,0.000000,0.000000,-1.571000,-0.299920,1.003032,1.065203,1.493547
3.746000,-0.000080,-0.003034,0.034797,-0.000031,-0.005645,-0.037326,-0.000000,-0.001015,1.570071,-0.300000,1.000000,1.100000,0.000000,0.000000,-1.571000,-0.299920,1.003034,1.065203,1.493548
3.748000,-0.000080,-0.003036,0.034797,-0.000031,-0.005645,-0.037326,-0.000000,-0.001015,1.570071,-0.300000,1.000000,1.100000,0.000000,0.000000,-1.571000,-0.299920,1.003036,1.065203,1.493549
3.750000,-0.000080,-0.003037,0.034797,-0.000031,-0.005645,-0.037326,-0.000000,-0.001015,1.570071,-0.300000,1.000000,1.100000,0.000000,0.000000,-1.571000,-0.299920,1.003037,1.065203,1.493551
3.752000,-0.000080,-0.003039,0.034797,-0.000031,-0.005645,-0.037326,-0.000000,-0.001015,1.570071,-0.300000,1.000000,1.100000,0.000000,0.000000,-1.571000,-0.299920,1.003039,1.065203,1.493552
3.754000,-0.000080,-0.003041,0.034797,-0.000031,-0.005645,-0.037326,-0.000000,-0.001015,1.570071,-0.300000,1.000000,1.100000,0.000000,0.000000,-1.571000,-0.299920,1.003041,1.065203,1.493553
3.756000,-0.000080,-0.003043,0.034797,-0.000031,-0.005645,-0.037326,-0.000000,-0.001015,1.570071,-0.300000,1.000000,1.100000,0.000000,0.000000,-1.571000,-0.299920,1.003043,1.065203,1.493554
3.758000,-0.000080,-0.003044,0.034797,-0.000031,-0.005645,-0.037326,-0.000000,-0.001015,1.570071,-0.300000,1.000000,1.100000,0.000000,0.000000,-1.571000,-0.299920,1.003044,1.065203,1.493555
3.760000,-0.000080,-0.003046,0.034797,-0.000031,-0.005645,-0.037326,-0.000000,-0.001015,1.570071,-0.300000,1.000000,1.100000,0.000000,0.000000,-1.571000,-0.299920,1.003046,1.065203,1.493556
3.762000,-0.000080,-0.003048,0.034797,-0.000031,-0.005645,-0.037326,-0.000000,-0.001015,1.570071,-0.300000,1.000000,1.100000,0.000000,0.000000,-1.571000,-0.299920,1.003048,1.065203,1.493557
3.764000,-0.000081,-0.003049,0.034797,-0.000031,-0.005645,-0.037326,-0.000000,-0.001015,1.570071,-0.300000,1.000000,1.100000,0.000000,0.000000,-1.571000,-0.299919,1.003049,1.065203,1.493558
3.766000,-0.000081,-0.003051,0.034797,-0.000031,-0.005645,-0.037326,-0.000000,-0.001015,1.570071,-0.300000,1.000000,1.100000,0.000000,0.000000,-1.571000,-0.299919,1.003051,1.065203,1.493559
3.768000,-0.000081,-0.003053,0.034797,-0.000031,-0.005645,-0.037326,-0.000000,-0.001015,1.570071,-0.300000,1.000000,1.100000,0.000000,0.000000,-1.571000,-0.299919,1.003053,1.065203,1.493561
3.770000,-0.000081,-0.003054,0.034797,-0.000031,-0.005645,-0.037326,-0.000000,-0.001015,1.570071,-0.300000,1.000000,1.100000,0.000000,0.000000,-1.571000,-0.299919,1.003054,1.065203,1.493562
3.772000,-0.000081,-0.003056,0.034797,-0.000031,-0.005645,-0.037326,-0.000000,-0.001015,1.570071,-0.300000,1.000000,1.100000,0.000000,0.000000,-1.571000,-0.299919,1.003056,1.065203,1.493563
3.774000,-0.000081,-0.003058,0.034797,-0.000031,-0.005645,-0.037326,-0.000000,-0.001015,1.570071,-0.300000,1.000000,1.100000,0.000000,0.000000,-1.571000,-0.299919,1.003058,1.065203,1.493564
3.776000,-0.000081,-0.003059,0.034797,-0.000031,-0.005645,-0.037326,-0.000000,-0.001015,1.570071,-0.300000,1.000000,1.100000,0.000000,0.000000,-1.571000,-0.299919,1.003059,1.065203,1.493565
3.778000,-0.000081,-0.003061,0.034797,-0.000031,-0.005645,-0.037326,-0.000000,-0.001015,1.570071,-0.300000,1.000000,1.100000,0.000000,0.000000,-1.571000,-0.299919,1.003061,1.065203,1.493566
3.780000,-0.000081,-0.003063,0.034797,-0.000031,-0.005645,-0.037326,-0.000000,-0.001015,1.570071,-0.300000,1.000000,1.100000,0.000000,0.000000,-1.571000,-0.299919,1.003063,1.065203,1.493567
3.782000,-0.000081,-0.003064,0.034797,-0.000031,-0.005645,-0.037326,-0.000000,-0.001015,1.570071,-0.300000,1.000000,1.100000,0.000000,0.000000,-1.571000,-0.299919,1.003064,1.065203,1.493568
3.784000,-0.000081,-0.003066,0.034797,-0.000031,-0.005645,-0.037326,-0.000000,-0.001015,1.570071,-0.300000,1.000000,1.100000,0.000000,0.000000,-1.571000,-0.299919,1.003066,1.065203,1.493570
3.786000,-0.000081,-0.003068,0.034797,-0.000031,-0.005645,-0.037326,-0.000000,-0.001015,1.570072,-0.300000,1.000000,1.100000,0.000000,0.000000,-1.571000,-0.299919,1.003068,1.065203,1.493571
3.788000,-0.000081,-0.003069,0.034797,-0.000031,-0.005645,-0.037326,-0.000000,-0.001015,1.570072,-0.300000,1.000000,1.100000,0.000000,0.000000,-1.571000,-0.299919,1.003069,1.065203,1.493572
3.790000,-0.000081,-0.003071,0.034797,-0.000031,-0.005645,-0.037326,-0.000000,-0.001015,1.570072,-0.300000,1.000000,1.100000,0.000000,0.000000,-1.571000,-0.299919,1.003071,1.065203,1.493573
3.792000,-0.000081,-0.003073,0.034797,-0.000031,-0.005645,-0.037326,-0.000000,-0.001015,1.570072,-0.300000,1.000000,1.100000,0.000000,0.000000,-1.571000,-0.299919,1.003073,1.065203,1.493574
3.794000,-0.000081,-0.003074,0.034797,-0.000031,-0.005645,-0.037326,-0.000000,-0.001015,1.570072,-0.300000,1.000000,1.100000,0.000000,0.000000,-1.571000,-0.299919,1.003074,1.065203,1.493575
3.796000,-0.000081,-0.003076,0.034797,-0.000031,-0.005645,-0.037326,-0.000000,-0.001015,1.570072,-0.300000,1.000000,1.100000,0.000000,0.000000,-1.571000,-0.299919,1.003076,1.065203,1.493576
3.798000,-0.000081,-0.003078,0.034797,-0.000031,-0.005645,-0.037326,-0.000000,-0.001015,1.570072,-0.300000,1.000000,1.100000,0.000000,0.000000,-1.571000,-0.299919,1.003078,1.065203,1.493577
3.800000,-0.000081,-0.003079,0.034797,-0.000031,-0.005645,-0.037326,-0.000000,-0.001015,1.570072,-0.300000,1.000000,1.100000,0.000000,0.000000,-1.571000,-0.299919,1.003079,1.065203,1.493578
3.802000,-0.000081,-0.003081,0.034797,-0.000031,-0.005645,-0.037326,-0.000000,-0.001015,1.570072,-0.300000,1.000000,1.100000,0.000000,0.000000,-1.571000,-0.299919,1.003081,1.065203,1.493580
3.804000,-0.000081,-0.003083,0.034797,-0.000031,-0.005645,-0.037326,-0.000000,-0.001015,1.570072,-0.300000,1.000000,1.100000,0.000000,0.000000,-1.571000,-0.299919,1.003083,1.065203,1.493581
3.806000,-0.000081,-0.003084,0.034797,-0.000031,-0.005645,-0.037326,-0.000000,-0.001015,1.570072,-0.300000,1.000000,1.100000,0.000000,0.000000,-1.571000,-0.299919,1.003084,1.065203,1.493582
3.808000,-0.000081,-0.003086,0.034797,-0.000031,-0.005645,-0.037326,-0.000000,-0.001015,1.570072,-0.300000,1.000000,1.100000,0.000000,0.000000,-1.571000,-0.299919,1.003086,1.065203,1.493583
3.810000,-0.000082,-0.003088,0.034797,-0.000031,-0.005645,-0.037326,-0.000000,-0.001015,1.570072,-0.300000,1.000000,1.100000,0.000000,0.000000,-1.571000,-0.299918,1.003088,1.065203,1.493584
3.812000,-0.000082,-0.003089,0.034797,-0.000031,-0.005645,-0.037326,-0.000000,-0.001015,1.570072,-0.300000,1.000000,1.100000,0.000000,0.000000,-1.571000,-0.299918,1.003089,1.065203,1.493585
3.814000,-0.000082,-0.003091,0.034797,-0.000031,-0.005645,-0.037326,-0.000000,-0.001015,1.570072,-0.300000,1.000000,1.100000,0.000000,0.000000,-1.571000,-0.299918,1.003091,1.065203,1.493586
3.816000,-0.000082,-0.003093,0.034797,-0.000031,-0.005645,-0.037326,-0.000000,-0.001015,1.570072,-0.300000,1.000000,1.100000,0.000000,0.000000,-1.571000,-0.299918,1.003093,1.065203,1.493587
3.818000,-0.000082,-0.003094,0.034797,-0.000031,-0.005645,-0.037326,-0.000000,-0.001015,1.570072,-0.300000,1.000000,1.100000,0.000000,0.000000,-1.571000,-0.299918,1.003094,1.065203,1.493589
3.820000,-0.000082,-0.003096,0.034797,-0.000031,-0.005645,-0.037326,-0.000000,-0.001015,1.570072,-0.300000,1.000000,1.100000,0.000000,0.000000,-1.571000,-0.299918,1.003096,1.065203,1.493590
3.822000,-0.000082,-0.003098,0.034797,-0.000031,-0.005645,-0.037326,-0.000000,-0.001015,1.570072,-0.300000,1.000000,1.100000,0.000000,0.000000,-1.571000,-0.299918,1.003098,1.065203,1.493591
3.824000,-0.000082,-0.003099,0.034797,-0.000031,-0.005645,-0.037326,-0.000000,-0.001015,1.570072,-0.300000,1.000000,1.100000,0.000000,0.000000,-1.571000,-0.299918,1.003099,1.065203,1.493592
3.826000,-0.000082,-0.003101,0.034797,-0.000031,-0.005645,-0.037326,-0.000000,-0.001015,1.570072,-0.300000,1.000000,1.100000,0.000000,0.000000,-1.571000,-0.299918,1.003101,1.065203,1.493593
3.828000,-0.000082,-0.003103,0.034797,-0.000031,-0.005645,-0.037326,-0.000000,-0.001015,1.570072,-0.300000,1.000000,1.100000,0.000000,0.000000,-1.571000,-0.299918,1.003103,1.065203,1.493594
3.830000,-0.000082,-0.003104,0.034797,-0.000031,-0.005645,-0.037326,-0.000000,-0.001015,1.570072,-0.300000,1.000000,1.100000,0.000000,0.000000,-1.571000,-0.299918,1.003104,1.065203,1.493595
3.832000,-0.000082,-0.003106,0.034797,-0.000031,-0.005645,-0.037326,-0.000000,-0.001015,1.570072,-0.300000,1.000000,1.100000,0.000000,0.000000,-1.571000,-0.299918,1.003106,1.065203,1.493596
3.834000,-0.000082,-0.003108,0.034797,-0.000031,-0.005645,-0.037326,-0.000000,-0.001015,1.570072,-0.300000,1.000000,1.100000,0.000000,0.000000,-1.571000,-0.299918,1.003108,1.065203,1.493597
3.836000,-0.000082,-0.003110,0.034797,-0.000031,-0.005645,-0.037326,-0.000000,-0.001015,1.570073,-0.300000,1.000000,1.100000,0.000000,0.000000,-1.571000,-0.299918,1.003110,1.065203,1.493599
3.838000,-0.000082,-0.003111,0.034797,-0.000031,-0.005645,-0.037326,-0.000000,-0.001015,1.570073,-0.300000,1.000000,1.100000,0.000000,0.000000,-1.571000,-0.299918,1.003111,1.065203,1.493600
3.840000,-0.000082,-0.003113,0.034797,-0.000031,-0.005645,-0.037326,-0.000000,-0.001015,1.570073,-0.300000,1.000000,1.100000,0.000000,0.000000,-1.571000,-0.299918,1.003113,1.065203,1.493601
3.842000,-0.000082,-0.003115,0.034797,-0.000031,-0.005645,-0.037326,-0.000000,-0.001015,1.570073,-0.300000,1.000000,1.100000,0.000000,0.000000,-1.571000,-0.299918,1.003115,1.065203,1.493602
3.844000,-0.000082,-0.003116,0.034797,-0.000031,-0.005645,-0.037326,-0.000000,-0.001015,1.570073,-0.300000,1.000000,1.100000,0.000000,0.000000,-1.571000,-0.299918,1.003116,1.065203,1.493603
3.846000,-0.000082,-0.003118,0.034797,-0.000031,-0.005645,-0.037326,-0.000000,-0.001015,1.570073,-0.300000,1.000000,1.100000,0.000000,0.000000,-1.571000,-0.299918,1.003118,1.065203,1.493604
3.848000,-0.000082,-0.003120,0.034797,-0.000031,-0.005645,-0.037326,-0.000000,-0.001015,1.570073,-0.300000,1.000000,1.100000,0.000000,0.000000,-1.571000,-0.299918,1.003120,1.065203,1.493605
3.850000,-0.000082,-0.003121,0.034797,-0.000031,-0.005645,-0.037326,-0.000000,-0.001015,1.570073,-0.300000,1.000000,1.100000,0.000000,0.000000,-1.571000,-0.299918,1.003121,1.065203,1.493606
3.852000,-0.000082,-0.003123,0.034797,-0.000031,-0.005645,-0.037326,-0.000000,-0.001015,1.570073,-0.300000,1.000000,1.100000,0.000000,0.000000,-1.571000,-0.299918,1.003123,1.065203,1.493607
3.854000,-0.000083,-0.003125,0.034797,-0.000031,-0.005645,-0.037326,-0.000000,-0.001015,1.570073,-0.300000,1.000000,1.100000,0.000000,0.000000,-1.571000,-0.299917,1.003125,1.065203,1.493609
3.856000,-0.000083,-0.003126,0.034797,-0.000031,-0.005645,-0.037326,-0.000000,-0.001015,1.570073,-0.300000,1.000000,1.100000,0.000000,0.000000,-1.571000,-0.299917,1.003126,1.065203,1.493610
3.858000,-0.000083,-0.003128,0.034797,-0.000031,-0.005645,-0.037326,-0.000000,-0.001015,1.570073,-0.300000,1.000000,1.100000,0.000000,0.000000,-1.571000,-0.299917,1.003128,1.065203,1.493611
3.860000,-0.000083,-0.003130,0.034797,-0.000031,-0.005645,-0.037326,-0.000000,-0.001015,1.570073,-0.300000,1.000000,1.100000,0.000000,0.000000,-1.571000,-0.299917,1.003130,1.065203,1.493612
3.862000,-0.000083,-0.003131,0.034797,-0.000031,-0.005645,-0.037326,-0.000000,-0.001015,1.570073,-0.300000,1.000000,1.100000,0.000000,0.000000,-1.571000,-0.299917,1.003131,1.065203,1.493613
3.864000,-0.000083,-0.003133,0.034797,-0.000031,-0.005645,-0.037326,-0.000000,-0.001015,1.570073,-0.300000,1.000000,1.100000,0.000000,0.000000,-1.571000,-0.299917,1.003133,1.065203,1.493614
3.866000,-0.000083,-0.003135,0.034797,-0.000031,-0.005645,-0.037326,-0.000000,-0.001015,1.570073,-0.300000,1.000000,1.100000,0.000000,0.000000,-1.571000,-0.299917,1.003135,1.065203,1.493615
3.868000,-0.000083,-0.003136,0.034797,-0.000031,-0.005645,-0.037326,-0.000000,-0.001015,1.570073,-0.300000,1.000000,1.100000,0.000000,0.000000,-1.571000,-0.299917,1.003136,1.065203,1.493616
3.870000,-0.000083,-0.003138,0.034797,-0.000031,-0.005645,-0.037326,-0.000000,-0.001015,1.570073,-0.300000,1.000000,1.100000,0.000000,0.000000,-1.571000,-0.299917,1.003138,1.065203,1.493618
3.872000,-0.000083,-0.003140,0.034797,-0.000031,-0.005645,-0.037326,-0.000000,-0.001015,1.570073,-0.300000,1.000000,1.100000,0.000000,0.000000,-1.571000,-0.299917,1.003140,1.065203,1.493619
3.874000,-0.000083,-0.003141,0.034797,-0.000031,-0.005645,-0.037326,-0.000000,-0.001015,1.570073,-0.300000,1.000000,1.100000,0.000000,0.000000,-1.571000,-0.299917,1.003141,1.065203,1.493620
3.876000,-0.000083,-0.003143,0.034797,-0.000031,-0.005645,-0.037326,-0.000000,-0.001015,1.570073,-0.300000,1.000000,1.100000,0.000000,0.000000,-1.571000,-0.299917,1.003143,1.065203,1.493621
3.878000,-0.000083,-0.003145,0.034797,-0.000031,-0.005645,-0.037326,-0.000000,-0.001015,1.570073,-0.300000,1.000000,1.100000,0.000000,0.000000,-1.571000,-0.299917,1.003145,1.065203,1.493622
3.880000,-0.000083,-0.003146,0.034797,-0.000031,-0.005645,-0.037326,-0.000000,-0.001015,1.570073,-0.300000,1.000000,1.100000,0.000000,0.000000,-1.571000,-0.299917,1.003146,1.065203,1.493623
3.882000,-0.000083,-0.003148,0.034797,-0.000031,-0.005645,-0.037326,-0.000000,-0.001015,1.570073,-0.300000,1.000000,1.100000,0.000000,0.000000,-1.571000,-0.299917,1.003148,1.065203,1.493624
3.884000,-0.000083,-0.003150,0.034797,-0.000031,-0.005645,-0.037326,-0.000000,-0.001015,1.570073,-0.300000,1.000000,1.100000,0.000000,0.000000,-1.571000,-0.299917,1.003150,1.065203,1.493625
3.886000,-0.000083,-0.003151,0.034797,-0.000031,-0.005645,-0.037326,-0.000000,-0.001015,1.570074,-0.300000,1.000000,1.100000,0.000000,0.000000,-1.571000,-0.299917,1.003151,1.065203,1.493626
3.888000,-0.000083,-0.003153,0.034797,-0.000031,-0.005645,-0.037326,-0.000000,-0.001015,1.570074,-0.300000,1.000000,1.100000,0.000000,0.000000,-1.571000,-0.299917,1.003153,1.065203,1.493628
3.890000,-0.000083,-0.003155,0.034797,-0.000031,-0.005645,-0.037326,-0.000000,-0.001015,1.570074,-0.300000,1.000000,1.100000,0.000000,0.000000,-1.571000,-0.299917,1.003155,1.065203,1.493629
3.892000,-0.000083,-0.003156,0.034797,-0.000031,-0.005645,-0.037326,-0.000000,-0.001015,1.570074,-0.300000,1.000000,1.100000,0.000000,0.000000,-1.571000,-0.299917,1.003156,1.065203,1.493630
3.894000,-0.000083,-0.003158,0.034797,-0.000031,-0.005645,-0.037326,-0.000000,-0.001015,1.570074,-0.300000,1.000000,1.100000,0.000000,0.000000,-1.571000,-0.299917,1.003158,1.065203,1.493631
3.896000,-0.000083,-0.003160,0.034797,-0.000031,-0.005645,-0.037326,-0.000000,-0.001015,1.570074,-0.300000,1.000000,1.100000,0.000000,0.000000,-1.571000,-0.299917,1.003160,1.065203,1.493632
3.898000,-0.000084,-0.003161,0.034797,-0.000031,-0.005645,-0.037326,-0.000000,-0.001015,1.570074,-0.300000,1.000000,1.100000,0.000000,0.000000,-1.571000,-0.299916,1.003161,1.065203,1.493633
3.900000,-0.000084,-0.003163,0.034797,-0.000031,-0.005645,-0.037326,-0.000000,-0.001015,1.570074,-0.300000,1.000000,1.100000,0.000000,0.000000,-1.571000,-0.299916,1.003163,1.065203,1.493634
3.902000,-0.000084,-0.003165,0.034797,-0.000031,-0.005645,-0.037326,-0.000000,-0.001015,1.570074,-0.300000,1.000000,1.100000,0.000000,0.000000,-1.571000,-0.299916,1.003165,1.065203,1.493635
3.904000,-0.000084,-0.003166,0.034797,-0.000031,-0.005645,-0.037326,-0.000000,-0.001015,1.570074,-0.300000,1.000000,1.100000,0.000000,0.000000,-1.571000,-0.299916,1.003166,1.065203,1.493636
3.906000,-0.000084,-0.003168,0.034797,-0.000031,-0.005645,-0.037326,-0.000000,-0.001015,1.570074,-0.300000,1.000000,1.100000,0.000000,0.000000,-1.571000,-0.299916,1.003168,1.065203,1.493638
3.908000,-0.000084,-0.003170,0.034797,-0.000031,-0.005645,-0.037326,-0.000000,-0.001015,1.570074,-0.300000,1.000000,1.100000,0.000000,0.000000,-1.571000,-0.299916,1.003170,1.065203,1.493639
3.910000,-0.000084,-0.003171,0.034797,-0.000031,-0.005645,-0.037326,-0.000000,-0.001015,1.570074,-0.300000,1.000000,1.100000,0.000000,0.000000,-1.571000,-0.299916,1.003171,1.065203,1.493640
3.912000,-0.000084,-0.003173,0.034797,-0.000031,-0.005645,-0.037326,-0.000000,-0.001015,1.570074,-0.300000,1.000000,1.100000,0.000000,0.000000,-1.571000,-0.299916,1.003173,1.065203,1.493641
3.914000,-0.000084,-0.003175,0.034797,-0.000031,-0.005645,-0.037326,-0.000000,-0.001015,1.570074,-0.300000,1.000000,1.100000,0.000000,0.000000,-1.571000,-0.299916,1.003175,1.065203,1.493642
3.916000,-0.000084,-0.003177,0.034797,-0.000031,-0.005645,-0.037326,-0.000000,-0.001015,1.570074,-0.300000,1.000000,1.100000,0.000000,0.000000,-1.571000,-0.299916,1.003177,1.065203,1.493643
3.918000,-0.000084,-0.003178,0.034797,-0.000031,-0.005645,-0.037326,-0.000000,-0.001015,1.570074,-0.300000,1.000000,1.100000,0.000000,0.000000,-1.571000,-0.299916,1.003178,1.065203,1.493644
3.920000,-0.000084,-0.003180,0.034797,-0.000031,-0.005645,-0.037326,-0.000000,-0.001015,1.570074,-0.300000,1.000000,1.100000,0.000000,0.000000,-1.571000,-0.299916,1.003180,1.065203,1.493645
3.922000,-0.000084,-0.003182,0.034797,-0.000031,-0.005645,-0.037326,-0.000000,-0.001015,1.570074,-0.300000,1.000000,1.100000,0.000000,0.000000,-1.571000,-0.299916,1.003182,1.065203,1.493647
3.924000,-0.000084,-0.003183,0.034797,-0.000031,-0.005645,-0.037326,-0.000000,-0.001015,1.570074,-0.300000,1.000000,1.100000,0.000000,0.000000,-1.571000,-0.299916,1.003183,1.065203,1.493648
3.926000,-0.000084,-0.003185,0.034797,-0.000031,-0.005645,-0.037326,-0.000000,-0.001015,1.570074,-0.300000,1.000000,1.100000,0.000000,0.000000,-1.571000,-0.299916,1.003185,1.065203,1.493649
3.928000,-0.000084,-0.003187,0.034797,-0.000031,-0.005645,-0.037326,-0.000000,-0.001015,1.570074,-0.300000,1.000000,1.100000,0.000000,0.000000,-1.571000,-0.299916,1.003187,1.065203,1.493650
3.930000,-0.000084,-0.003188,0.034797,-0.000031,-0.005645,-0.037326,-0.000000,-0.001015,1.570074,-0.300000,1.000000,1.100000,0.000000,0.000000,-1.571000,-0.299916,1.003188,1.065203,1.493651
3.932000,-0.000084,-0.003190,0.034797,-0.000031,-0.005645,-0.037326,-0.000000,-0.001015,1.570074,-0.300000,1.000000,1.100000,0.000000,0.000000,-1.571000,-0.299916,1.003190,1.065203,1.493652
3.934000,-0.000084,-0.003192,0.034797,-0.000031,-0.005645,-0.037326,-0.000000,-0.001015,1.570074,-0.300000,1.000000,1.100000,0.000000,0.000000,-1.571000,-0.299916,1.003192,1.065203,1.493653
3.936000,-0.000084,-0.003193,0.034797,-0.000031,-0.005645,-0.037326,-0.000000,-0.001015,1.570074,-0.300000,1.000000,1.100000,0.000000,0.000000,-1.571000,-0.299916,1.003193,1.065203,1.493654
3.938000,-0.000084,-0.003195,0.034797,-0.000031,-0.005645,-0.037326,-0.000000,-0.001015,1.570075,-0.300000,1.000000,1.100000,0.000000,0.000000,-1.571000,-0.299916,1.003195,1.065203,1.493655
3.940000,-0.000084,-0.003197,0.034797,-0.000031,-0.005645,-0.037326,-0.000000,-0.001015,1.570075,-0.300000,1.000000,1.100000,0.000000,0.000000,-1.571000,-0.299916,1.003197,1.065203,1.493657
3.942000,-0.000085,-0.003198,0.034797,-0.000031,-0.005645,-0.037326,-0.000000,-0.001015,1.570075,-0.300000,1.000000,1.100000,0.000000,0.000000,-1.571000,-0.299915,1.003198,1.065203,1.493658
3.944000,-0.000085,-0.003200,0.034797,-0.000031,-0.005645,-0.037326,-0.000000,-0.001015,1.570075,-0.300000,1.000000,1.100000,0.000000,0.000000,-1.571000,-0.299915,1.003200,1.065203,1.493659
3.946000,-0.000085,-0.003202,0.034797,-0.000031,-0.005645,-0.037326,-0.000000,-0.001015,1.570075,-0.300000,1.000000,1.100000,0.000000,0.000000,-1.571000,-0.299915,1.003202,1.065203,1.493660
3.948000,-0.000085,-0.003203,0.034797,-0.000031,-0.005645,-0.037326,-0.000000,-0.001015,1.570075,-0.300000,1.000000,1.100000,0.000000,0.000000,-1.571000,-0.299915,1.003203,1.065203,1.493661
3.950000,-0.000085,-0.003205,0.034797,-0.000031,-0.005645,-0.037326,-0.000000,-0.001015,1.570075,-0.300000,1.000000,1.100000,0.000000,0.000000,-1.571000,-0.299915,1.003205,1.065203,1.493662
3.952000,-0.000085,-0.003207,0.034797,-0.000031,-0.005645,-0.037326,-0.000000,-0.001015,1.570075,-0.300000,1.000000,1.100000,0.000000,0.000000,-1.571000,-0.299915,1.003207,1.065203,1.493663
3.954000,-0.000085,-0.003208,0.034797,-0.000031,-0.005645,-0.037326,-0.000000,-0.001015,1.570075,-0.300000,1.000000,1.100000,0.000000,0.000000,-1.571000,-0.299915,1.003208,1.065203,1.493664
3.956000,-0.000085,-0.003210,0.034797,-0.000031,-0.005645,-0.037326,-0.000000,-0.001015,1.570075,-0.300000,1.000000,1.100000,0.000000,0.000000,-1.571000,-0.299915,1.003210,1.065203,1.493665
3.958000,-0.000085,-0.003212,0.034797,-0.000031,-0.005645,-0.037326,-0.000000,-0.001015,1.570075,-0.300000,1.000000,1.100000,0.000000,0.000000,-1.571000,-0.299915,1.003212,1.065203,1.493667
3.960000,-0.000085,-0.003213,0.034797,-0.000031,-0.005645,-0.037326,-0.000000,-0.001015,1.570075,-0.300000,1.000000,1.100000,0.000000,0.000000,-1.571000,-0.299915,1.003213,1.065203,1.493668
3.962000,-0.000085,-0.003215,0.034797,-0.000031,-0.005645,-0.037326,-0.000000,-0.001015,1.570075,-0.300000,1.000000,1.100000,0.000000,0.000000,-1.571000,-0.299915,1.003215,1.065203,1.493669
3.964000,-0.000085,-0.003217,0.034797,-0.000031,-0.005645,-0.037326,-0.000000,-0.001015,1.570075,-0.300000,1.000000,1.100000,0.000000,0.000000,-1.571000,-0.299915,1.003217,1.065203,1.493670
3.966000,-0.000085,-0.003218,0.034797,-0.000031,-0.005645,-0.037326,-0.000000,-0.001015,1.570075,-0.300000,1.000000,1.100000,0.000000,0.000000,-1.571000,-0.299915,1.003218,1.065203,1.493671
3.968000,-0.000085,-0.003220,0.034797,-0.000031,-0.005645,-0.037326,-0.000000,-0.001015,1.570075,-0.300000,1.000000,1.100000,0.000000,0.000000,-1.571000,-0.299915,1.003220,1.065203,1.493672
3.970000,-0.000085,-0.003222,0.034797,-0.000031,-0.005645,-0.037326,-0.000000,-0.001015,1.570075,-0.300000,1.000000,1.100000,0.000000,0.000000,-1.571000,-0.299915,1.003222,1.065203,1.493673
3.972000,-0.000085,-0.003223,0.034797,-0.000031,-0.005645,-0.037326,-0.000000,-0.001015,1.570075,-0.300000,1.000000,1.100000,0.000000,0.000000,-1.571000,-0.299915,1.003223,1.065203,1.493674
3.974000,-0.000085,-0.003225,0.034797,-0.000031,-0.005645,-0.037326,-0.000000,-0.001015,1.570075,-0.300000,1.000000,1.100000,0.000000,0.000000,-1.571000,-0.299915,1.003225,1.065203,1.493676
3.976000,-0.000085,-0.003227,0.034797,-0.000031,-0.005645,-0.037326,-0.000000,-0.001015,1.570075,-0.300000,1.000000,1.100000,0.000000,0.000000,-1.571000,-0.299915,1.003227,1.065203,1.493677
3.978000,-0.000085,-0.003228,0.034797,-0.000031,-0.005645,-0.037326,-0.000000,-0.001015,1.570075,-0.300000,1.000000,1.100000,0.000000,0.000000,-1.571000,-0.299915,1.003228,1.065203,1.493678
3.980000,-0.000085,-0.003230,0.034797,-0.000031,-0.005645,-0.037326,-0.000000,-0.001015,1.570075,-0.300000,1.000000,1.100000,0.000000,0.000000,-1.571000,-0.299915,1.003230,1.065203,1.493679
3.982000,-0.000085,-0.003232,0.034797,-0.000031,-0.005645,-0.037326,-0.000000,-0.001015,1.570075,-0.300000,1.000000,1.100000,0.000000,0.000000,-1.571000,-0.299915,1.003232,1.065203,1.493680
3.984000,-0.000085,-0.003233,0.034797,-0.000031,-0.005645,-0.037326,-0.000000,-0.001015,1.570075,-0.300000,1.000000,1.100000,0.000000,0.000000,-1.571000,-0.299915,1.003233,1.065203,1.493681
3.986000,-0.000085,-0.003235,0.034797,-0.000031,-0.005645,-0.037326,-0.000000,-0.001015,1.570075,-0.300000,1.000000,1.100000,0.000000,0.000000,-1.571000,-0.299915,1.003235,1.065203,1.493682
3.988000,-0.000086,-0.003237,0.034797,-0.000031,-0.005645,-0.037326,-0.000000,-0.001015,1.570076,-0.300000,1.000000,1.100000,0.000000,0.000000,-1.571000,-0.299914,1.003237,1.065203,1.493683
3.990000,-0.000086,-0.003238,0.034797,-0.000031,-0.005645,-0.037326,-0.000000,-0.001015,1.570076,-0.300000,1.000000,1.100000,0.000000,0.000000,-1.571000,-0.299914,1.003238,1.065203,1.493684
3.992000,-0.000086,-0.003240,0.034797,-0.000031,-0.005645,-0.037326,-0.000000,-0.001015,1.570076,-0.300000,1.000000,1.100000,0.000000,0.000000,-1.571000,-0.299914,1.003240,1.065203,1.493686
3.994000,-0.000086,-0.003242,0.034797,-0.000031,-0.005645,-0.037326,-0.000000,-0.001015,1.570076,-0.300000,1.000000,1.100000,0.000000,0.000000,-1.571000,-0.299914,1.003242,1.065203,1.493687
3.996000,-0.000086,-0.003243,0.034797,-0.000031,-0.005645,-0.037326,-0.000000,-0.001015,1.570076,-0.300000,1.000000,1.100000,0.000000,0.000000,-1.571000,-0.299914,1.003243,1.065203,1.493688
3.998000,-0.000086,-0.003245,0.034797,-0.000031,-0.005645,-0.037326,-0.000000,-0.001015,1.570076,-0.300000,1.000000,1.100000,0.000000,0.000000,-1.571000,-0.299914,1.003245,1.065203,1.493689
4.000000,-0.000086,-0.003247,0.034797,-0.000031,-0.005645,-0.037326,-0.000000,-0.001015,1.570076,-0.300000,1.000000,1.100000,0.000000,0.000000,-1.571000,-0.299914,1.003247,1.065203,1.493690
4.002000,-0.000086,-0.003249,0.034797,-0.000031,-0.005645,-0.037326,-0.000000,-0.001015,1.570076,-0.300000,1.000000,1.100000,0.000000,0.000000,-1.571000,-0.299914,1.003249,1.065203,1.493691
4.004000,-0.000086,-0.003250,0.034797,-0.000031,-0.005645,-0.037326,-0.000000,-0.001015,1.570076,-0.300000,1.000000,1.100000,0.000000,0.000000,-1.571000,-0.299914,1.003250,1.065203,1.493692
4.006000,-0.000086,-0.003252,0.034797,-0.000031,-0.005645,-0.037326,-0.000000,-0.001015,1.570076,-0.300000,1.000000,1.100000,0.000000,0.000000,-1.571000,-0.299914,1.003252,1.065203,1.493693
4.008000,-0.000086,-0.003254,0.034797,-0.000031,-0.005645,-0.037326,-0.000000,-0.001015,1.570076,-0.300000,1.000000,1.100000,0.000000,0.000000,-1.571000,-0.299914,1.003254,1.065203,1.493695
4.010000,-0.000086,-0.003255,0.034797,-0.000031,-0.005645,-0.037326,-0.000000,-0.001015,1.570076,-0.300000,1.000000,1.100000,0.000000,0.000000,-1.571000,-0.299914,1.003255,1.065203,1.493696
4.012000,-0.000086,-0.003257,0.034797,-0.000031,-0.005645,-0.037326,-0.000000,-0.001015,1.570076,-0.300000,1.000000,1.100000,0.000000,0.000000,-1.571000,-0.299914,1.003257,1.065203,1.493697
4.014000,-0.000086,-0.003259,0.034797,-0.000031,-0.005645,-0.037326,-0.000000,-0.001015,1.570076,-0.300000,1.000000,1.100000,0.000000,0.000000,-1.571000,-0.299914,1.003259,1.065203,1.493698
4.016000,-0.000086,-0.003260,0.034797,-0.000031,-0.005645,-0.037326,-0.000000,-0.001015,1.570076,-0.300000,1.000000,1.100000,0.000000,0.000000,-1.571000,-0.299914,1.003260,1.065203,1.493699
4.018000,-0.000086,-0.003262,0.034797,-0.000031,-0.005645,-0.037326,-0.000000,-0.001015,1.570076,-0.300000,1.000000,1.100000,0.000000,0.000000,-1.571000,-0.299914,1.003262,1.065203,1.493700
4.020000,-0.000086,-0.003264,0.034797,-0.000031,-0.005645,-0.037326,-0.000000,-0.001015,1.570076,-0.300000,1.000000,1.100000,0.000000,0.000000,-1.571000,-0.299914,1.003264,1.065203,1.493701
4.022000,-0.000086,-0.003265,0.034797,-0.000031,-0.005645,-0.037326,-0.000000,-0.001015,1.570076,-0.300000,1.000000,1.100000,0.000000,0.000000,-1.571000,-0.299914,1.003265,1.065203,1.493702
4.024000,-0.000086,-0.003267,0.034797,-0.000031,-0.005645,-0.037326,-0.000000,-0.001015,1.570076,-0.300000,1.000000,1.100000,0.000000,0.000000,-1.571000,-0.299914,1.003267,1.065203,1.493703
4.026000,-0.000086,-0.003269,0.034797,-0.000031,-0.005645,-0.037326,-0.000000,-0.001015,1.570076,-0.300000,1.000000,1.100000,0.000000,0.000000,-1.571000,-0.299914,1.003269,1.065203,1.493705
4.028000,-0.000086,-0.003270,0.034797,-0.000031,-0.005645,-0.037326,-0.000000,-0.001015,1.570076,-0.300000,1.000000,1.100000,0.000000,0.000000,-1.571000,-0.299914,1.003270,1.065203,1.493706
4.030000,-0.000086,-0.003272,0.034797,-0.000031,-0.005645,-0.037326,-0.000000,-0.001015,1.570076,-0.300000,1.000000,1.100000,0.000000,0.000000,-1.571000,-0.299914,1.003272,1.065203,1.493707
4.032000,-0.000087,-0.003274,0.034797,-0.000031,-0.005645,-0.037326,-0.000000,-0.001015,1.570076,-0.300000,1.000000,1.100000,0.000000,0.000000,-1.571000,-0.299913,1.003274,1.065203,1.493708
4.034000,-0.000087,-0.003275,0.034797,-0.000031,-0.005645,-0.037326,-0.000000,-0.001015,1.570076,-0.300000,1.000000,1.100000,0.000000,0.000000,-1.571000,-0.299913,1.003275,1.065203,1.493709
4.036000,-0.000087,-0.003277,0.034797,-0.000031,-0.005645,-0.037326,-0.000000,-0.001015,1.570076,-0.300000,1.000000,1.100000,0.000000,0.000000,-1.571000,-0.299913,1.003277,1.065203,1.493710
4.038000,-0.000087,-0.003279,0.034797,-0.000031,-0.005645,-0.037326,-0.000000,-0.001015,1.570077,-0.300000,1.000000,1.100000,0.000000,0.000000,-1.571000,-0.299913,1.003279,1.065203,1.493711
4.040000,-0.000087,-0.003280,0.034797,-0.000031,-0.005645,-0.037326,-0.000000,-0.001015,1.570077,-0.300000,1.000000,1.100000,0.000000,0.000000,-1.571000,-0.299913,1.003280,1.065203,1.493712
4.042000,-0.000087,-0.003282,0.034797,-0.000031,-0.005645,-0.037326,-0.000000,-0.001015,1.570077,-0.300000,1.000000,1.100000,0.000000,0.000000,-1.571000,-0.299913,1.003282,1.065203,1.493713
4.044000,-0.000087,-0.003284,0.034797,-0.000031,-0.005645,-0.037326,-0.000000,-0.001015,1.570077,-0.300000,1.000000,1.100000,0.000000,0.000000,-1.571000,-0.299913,1.003284,1.065203,1.493715
4.046000,-0.000087,-0.003285,0.034797,-0.000031,-0.005645,-0.037326,-0.000000,-0.001015,1.570077,-0.300000,1.000000,1.100000,0.000000,0.000000,-1.571000,-0.299913,1.003285,1.065203,1.493716
4.048000,-0.000087,-0.003287,0.034797,-0.000031,-0.005645,-0.037326,-0.000000,-0.001015,1.570077,-0.300000,1.000000,1.100000,0.000000,0.000000,-1.571000,-0.299913,1.003287,1.065203,1.493717
4.050000,-0.000087,-0.003289,0.034797,-0.000031,-0.005645,-0.037326,-0.000000,-0.001015,1.570077,-0.300000,1.000000,1.100000,0.000000,0.000000,-1.571000,-0.299913,1.003289,1.065203,1.493718
4.052000,-0.000087,-0.003290,0.034797,-0.000031,-0.005645,-0.037326,-0.000000,-0.001015,1.570077,-0.300000,1.000000,1.100000,0.000000,0.000000,-1.571000,-0.299913,1.003290,1.065203,1.493719
4.054000,-0.000087,-0.003292,0.034797,-0.000031,-0.005645,-0.037326,-0.000000,-0.001015,1.570077,-0.300000,1.000000,1.100000,0.000000,0.000000,-1.571000,-0.299913,1.003292,1.065203,1.493720
4.056000,-0.000087,-0.003294,0.034797,-0.000031,-0.005645,-0.037326,-0.000000,-0.001015,1.570077,-0.300000,1.000000,1.100000,0.000000,0.000000,-1.571000,-0.299913,1.003294,1.065203,1.493721
4.058000,-0.000087,-0.003295,0.034797,-0.000031,-0.005645,-0.037326,-0.000000,-0.001015,1.570077,-0.300000,1.000000,1.100000,0.000000,0.000000,-1.571000,-0.299913,1.003295,1.065203,1.493722
4.060000,-0.000087,-0.003297,0.034797,-0.000031,-0.005645,-0.037326,-0.000000,-0.001015,1.570077,-0.300000,1.000000,1.100000,0.000000,0.000000,-1.571000,-0.299913,1.003297,1.065203,1.493724
4.062000,-0.000087,-0.003299,0.034797,-0.000031,-0.005645,-0.037326,-0.000000,-0.001015,1.570077,-0.300000,1.000000,1.100000,0.000000,0.000000,-1.571000,-0.299913,1.003299,1.065203,1.493725
4.064000,-0.000087,-0.003300,0.034797,-0.000031,-0.005645,-0.037326,-0.000000,-0.001015,1.570077,-0.300000,1.000000,1.100000,0.000000,0.000000,-1.571000,-0.299913,1.003300,1.065203,1.493726
4.066000,-0.000087,-0.003302,0.034797,-0.000031,-0.005645,-0.037326,-0.000000,-0.001015,1.570077,-0.300000,1.000000,1.100000,0.000000,0.000000,-1.571000,-0.299913,1.003302,1.065203,1.493727
4.068000,-0.000087,-0.003304,0.034797,-0.000031,-0.005645,-0.037326,-0.000000,-0.001015,1.570077,-0.300000,1.000000,1.100000,0.000000,0.000000,-1.571000,-0.299913,1.003304,1.065203,1.493728
4.070000,-0.000087,-0.003305,0.034797,-0.000031,-0.005645,-0.037326,-0.000000,-0.001015,1.570077,-0.300000,1.000000,1.100000,0.000000,0.000000,-1.571000,-0.299913,1.003305,1.065203,1.493729
4.072000,-0.000087,-0.003307,0.034797,-0.000031,-0.005645,-0.037326,-0.000000,-0.001015,1.570077,-0.300000,1.000000,1.100000,0.000000,0.000000,-1.571000,-0.299913,1.003307,1.065203,1.493730
4.074000,-0.000087,-0.003309,0.034797,-0.000031,-0.005645,-0.037326,-0.000000,-0.001015,1.570077,-0.300000,1.000000,1.100000,0.000000,0.000000,-1.571000,-0.299913,1.003309,1.065203,1.493731
4.076000,-0.000088,-0.003310,0.034797,-0.000031,-0.005645,-0.037326,-0.000000,-0.001015,1.570077,-0.300000,1.000000,1.100000,0.000000,0.000000,-1.571000,-0.299912,1.003310,1.065203,1.493732
4.078000,-0.000088,-0.003312,0.034797,-0.000031,-0.005645,-0.037326,-0.000000,-0.001015,1.570077,-0.300000,1.000000,1.100000,0.000000,0.000000,-1.571000,-0.299912,1.003312,1.065203,1.493734
4.080000,-0.000088,-0.003314,0.034797,-0.000031,-0.005645,-0.037326,-0.000000,-0.001015,1.570077,-0.300000,1.000000,1.100000,0.000000,0.000000,-1.571000,-0.299912,1.003314,1.065203,1.493735
4.082000,-0.000088,-0.003316,0.034797,-0.000031,-0.005645,-0.037326,-0.000000,-0.001015,1.570077,-0.300000,1.000000,1.100000,0.000000,0.000000,-1.571000,-0.299912,1.003316,1.065203,1.493736
4.084000,-0.000088,-0.003317,0.034797,-0.000031,-0.005645,-0.037326,-0.000000,-0.001015,1.570077,-0.300000,1.000000,1.100000,0.000000,0.000000,-1.571000,-0.299912,1.003317,1.065203,1.493737
4.086000,-0.000088,-0.003319,0.034797,-0.000031,-0.005645,-0.037326,-0.000000,-0.001015,1.570077,-0.300000,1.000000,1.100000,0.000000,0.000000,-1.571000,-0.299912,1.003319,1.065203,1.493738
4.088000,-0.000088,-0.003321,0.034797,-0.000031,-0.005645,-0.037326,-0.000000,-0.001015,1.570077,-0.300000,1.000000,1.100000,0.000000,0.000000,-1.571000,-0.299912,1.003321,1.065203,1.493739
4.090000,-0.000088,-0.003322,0.034797,-0.000031,-0.005645,-0.037326,-0.000000,-0.001015,1.570078,-0.300000,1.000000,1.100000,0.000000,0.000000,-1.571000,-0.299912,1.003322,1.065203,1.493740
4.092000,-0.000088,-0.003324,0.034797,-0.000031,-0.005645,-0.037326,-0.000000,-0.001015,1.570078,-0.300000,1.000000,1.100000,0.000000,0.000000,-1.571000,-0.299912,1.003324,1.065203,1.493741
4.094000,-0.000088,-0.003326,0.034797,-0.000031,-0.005645,-0.037326,-0.000000,-0.001015,1.570078,-0.300000,1.000000,1.100000,0.000000,0.000000,-1.571000,-0.299912,1.003326,1.065203,1.493742
4.096000,-0.000088,-0.003327,0.034797,-0.000031,-0.005645,-0.037326,-0.000000,-0.001015,1.570078,-0.300000,1.000000,1.100000,0.000000,0.000000,-1.571000,-0.299912,1.003327,1.065203,1.493744
4.098000,-0.000088,-0.003329,0.034797,-0.000031,-0.005645,-0.037326,-0.000000,-0.001015,1.570078,-0.300000,1.000000,1.100000,0.000000,0.000000,-1.571000,-0.299912,1.003329,1.065203,1.493745
4.100000,-0.000088,-0.003331,0.034797,-0.000031,-0.005645,-0.037326,-0.000000,-0.001015,1.570078,-0.300000,1.000000,1.100000,0.000000,0.000000,-1.571000,-0.299912,1.003331,1.065203,1.493746
4.102000,-0.000088,-0.003332,0.034797,-0.000031,-0.005645,-0.037326,-0.000000,-0.001015,1.570078,-0.300000,1.000000,1.100000,0.000000,0.000000,-1.571000,-0.299912,1.003332,1.065203,1.493747
4.104000,-0.000088,-0.003334,0.034797,-0.000031,-0.005645,-0.037326,-0.000000,-0.001015,1.570078,-0.300000,1.000000,1.100000,0.000000,0.000000,-1.571000,-0.299912,1.003334,1.065203,1.493748
4.106000,-0.000088,-0.003336,0.034797,-0.000031,-0.005645,-0.037326,-0.000000,-0.001015,1.570078,-0.300000,1.000000,1.100000,0.000000,0.000000,-1.571000,-0.299912,1.003336,1.065203,1.493749
4.108000,-0.000088,-0.003337,0.034797,-0.000031,-0.005645,-0.037326,-0.000000,-0.001015,1.570078,-0.300000,1.000000,1.100000,0.000000,0.000000,-1.571000,-0.299912,1.003337,1.065203,1.493750
4.110000,-0.000088,-0.003339,0.034797,-0.000031,-0.005645,-0.037326,-0.000000,-0.001015,1.570078,-0.300000,1.000000,1.100000,0.000000,0.000000,-1.571000,-0.299912,1.003339,1.065203,1.493751
4.112000,-0.000088,-0.003341,0.034797,-0.000031,-0.005645,-0.037326,-0.000000,-0.001015,1.570078,-0.300000,1.000000,1.100000,0.000000,0.000000,-1.571000,-0.299912,1.003341,1.065203,1.493753
4.114000,-0.000088,-0.003342,0.034797,-0.000031,-0.005645,-0.037326,-0.000000,-0.001015,1.570078,-0.300000,1.000000,1.100000,0.000000,0.000000,-1.571000,-0.299912,1.003342,1.065203,1.493754
4.116000,-0.000088,-0.003344,0.034797,-0.000031,-0.005645,-0.037326,-0.000000,-0.001015,1.570078,-0.300000,1.000000,1.100000,0.000000,0.000000,-1.571000,-0.299912,1.003344,1.065203,1.493755
4.118000,-0.000088,-0.003346,0.034797,-0.000031,-0.005645,-0.037326,-0.000000,-0.001015,1.570078,-0.300000,1.000000,1.100000,0.000000,0.000000,-1.571000,-0.299912,1.003346,1.065203,1.493756
4.120000,-0.000088,-0.003347,0.034797,-0.000031,-0.005645,-0.037326,-0.000000,-0.001015,1.570078,-0.300000,1.000000,1.100000,0.000000,0.000000,-1.571000,-0.299912,1.003347,1.065203,1.493757
4.122000,-0.000089,-0.003349,0.034797,-0.000031,-0.005645,-0.037326,-0.000000,-0.001015,1.570078,-0.300000,1.000000,1.100000,0.000000,0.000000,-1.571000,-0.299911,1.003349,1.065203,1.493758
4.124000,-0.000089,-0.003351,0.034797,-0.000031,-0.005645,-0.037326,-0.000000,-0.001015,1.570078,-0.300000,1.000000,1.100000,0.000000,0.000000,-1.571000,-0.299911,1.003351,1.065203,1.493759
4.126000,-0.000089,-0.003352,0.034797,-0.000031,-0.005645,-0.037326,-0.000000,-0.001015,1.570078,-0.300000,1.000000,1.100000,0.000000,0.000000,-1.571000,-0.299911,1.003352,1.065203,1.493760
4.128000,-0.000089,-0.003354,0.034797,-0.000031,-0.005645,-0.037326,-0.000000,-0.001015,1.570078,-0.300000,1.000000,1.100000,0.000000,0.000000,-1.571000,-0.299911,1.003354,1.065203,1.493761
4.130000,-0.000089,-0.003356,0.034797,-0.000031,-0.005645,-0.037326,-0.000000,-0.001015,1.570078,-0.300000,1.000000,1.100000,0.000000,0.000000,-1.571000,-0.299911,1.003356,1.065203,1.493763
4.132000,-0.000089,-0.003357,0.034797,-0.000031,-0.005645,-0.037326,-0.000000,-0.001015,1.570078,-0.300000,1.000000,1.100000,0.000000,0.000000,-1.571000,-0.299911,1.003357,1.065203,1.493764
4.134000,-0.000089,-0.003359,0.034797,-0.000031,-0.005645,-0.037326,-0.000000,-0.001015,1.570078,-0.300000,1.000000,1.100000,0.000000,0.000000,-1.571000,-0.299911,1.003359,1.065203,1.493765
4.136000,-0.000089,-0.003361,0.034797,-0.000031,-0.005645,-0.037326,-0.000000,-0.001015,1.570078,-0.300000,1.000000,1.100000,0.000000,0.000000,-1.571000,-0.299911,1.003361,1.065203,1.493766
4.138000,-0.000089,-0.003362,0.034797,-0.000031,-0.005645,-0.037326,-0.000000,-0.001015,1.570078,-0.300000,1.000000,1.100000,0.000000,0.000000,-1.571000,-0.299911,1.003362,1.065203,1.493767
4.140000,-0.000089,-0.003364,0.034797,-0.000031,-0.005645,-0.037326,-0.000000,-0.001015,1.570079,-0.300000,1.000000,1.100000,0.000000,0.000000,-1.571000,-0.299911,1.003364,1.065203,1.493768
4.142000,-0.000089,-0.003366,0.034797,-0.000031,-0.005645,-0.037326,-0.000000,-0.001015,1.570079,-0.300000,1.000000,1.100000,0.000000,0.000000,-1.571000,-0.299911,1.003366,1.065203,1.493769
4.144000,-0.000089,-0.003367,0.034797,-0.000031,-0.005645,-0.037326,-0.000000,-0.001015,1.570079,-0.300000,1.000000,1.100000,0.000000,0.000000,-1.571000,-0.299911,1.003367,1.065203,1.493770
4.146000,-0.000089,-0.003369,0.034797,-0.000031,-0.005645,-0.037326,-0.000000,-0.001015,1.570079,-0.300000,1.000000,1.100000,0.000000,0.000000,-1.571000,-0.299911,1.003369,1.065203,1.493771
4.148000,-0.000089,-0.003371,0.034797,-0.000031,-0.005645,-0.037326,-0.000000,-0.001015,1.570079,-0.300000,1.000000,1.100000,0.000000,0.000000,-1.571000,-0.299911,1.003371,1.065203,1.493773
4.150000,-0.000089,-0.003372,0.034797,-0.000031,-0.005645,-0.037326,-0.000000,-0.001015,1.570079,-0.300000,1.000000,1.100000,0.000000,0.000000,-1.571000,-0.299911,1.003372,1.065203,1.493774
4.152000,-0.000089,-0.003374,0.034797,-0.000031,-0.005645,-0.037326,-0.000000,-0.001015,1.570079,-0.300000,1.000000,1.100000,0.000000,0.000000,-1.571000,-0.299911,1.003374,1.065203,1.493775
4.154000,-0.000089,-0.003376,0.034797,-0.000031,-0.005645,-0.037326,-0.000000,-0.001015,1.570079,-0.300000,1.000000,1.100000,0.000000,0.000000,-1.571000,-0.299911,1.003376,1.065203,1.493776
4.156000,-0.000089,-0.003377,0.034797,-0.000031,-0.005645,-0.037326,-0.000000,-0.001015,1.570079,-0.300000,1.000000,1.100000,0.000000,0.000000,-1.571000,-0.299911,1.003377,1.065203,1.493777
4.158000,-0.000089,-0.003379,0.034797,-0.000031,-0.005645,-0.037326,-0.000000,-0.001015,1.570079,-0.300000,1.000000,1.100000,0.000000,0.000000,-1.571000,-0.299911,1.003379,1.065203,1.493778
4.160000,-0.000089,-0.003381,0.034797,-0.000031,-0.005645,-0.037326,-0.000000,-0.001015,1.570079,-0.300000,1.000000,1.100000,0.000000,0.000000,-1.571000,-0.299911,1.003381,1.065203,1.493779
4.162000,-0.000089,-0.003382,0.034797,-0.000031,-0.005645,-0.037326,-0.000000,-0.001015,1.570079,-0.300000,1.000000,1.100000,0.000000,0.000000,-1.571000,-0.299911,1.003382,1.065203,1.493780
4.164000,-0.000089,-0.003384,0.034797,-0.000031,-0.005645,-0.037326,-0.000000,-0.001015,1.570079,-0.300000,1.000000,1.100000,0.000000,0.000000,-1.571000,-0.299911,1.003384,1.065203,1.493782
4.166000,-0.000090,-0.003386,0.034797,-0.000031,-0.005645,-0.037326,-0.000000,-0.001015,1.570079,-0.300000,1.000000,1.100000,0.000000,0.000000,-1.571000,-0.299910,1.003386,1.065203,1.493783
4.168000,-0.000090,-0.003388,0.034797,-0.000031,-0.005645,-0.037326,-0.000000,-0.001015,1.570079,-0.300000,1.000000,1.100000,0.000000,0.000000,-1.571000,-0.299910,1.003388,1.065203,1.493784
4.170000,-0.000090,-0.003389,0.034797,-0.000031,-0.005645,-0.037326,-0.000000,-0.001015,1.570079,-0.300000,1.000000,1.100000,0.000000,0.000000,-1.571000,-0.299910,1.003389,1.065203,1.493785
4.172000,-0.000090,-0.003391,0.034797,-0.000031,-0.005645,-0.037326,-0.000000,-0.001015,1.570079,-0.300000,1.000000,1.100000,0.000000,0.000000,-1.571000,-0.299910,1.003391,1.065203,1.493786
4.174000,-0.000090,-0.003393,0.034797,-0.000031,-0.005645,-0.037326,-0.000000,-0.001015,1.570079,-0.300000,1.000000,1.100000,0.000000,0.000000,-1.571000,-0.299910,1.003393,1.065203,1.493787
4.176000,-0.000090,-0.003394,0.034797,-0.000031,-0.005645,-0.037326,-0.000000,-0.001015,1.570079,-0.300000,1.000000,1.100000,0.000000,0.000000,-1.571000,-0.299910,1.003394,1.065203,1.493788
4.178000,-0.000090,-0.003396,0.034797,-0.000031,-0.005645,-0.037326,-0.000000,-0.001015,1.570079,-0.300000,1.000000,1.100000,0.000000,0.000000,-1.571000,-0.299910,1.003396,1.065203,1.493789
4.180000,-0.000090,-0.003398,0.034797,-0.000031,-0.005645,-0.037326,-0.000000,-0.001015,1.570079,-0.300000,1.000000,1.100000,0.000000,0.000000,-1.571000,-0.299910,1.003398,1.065203,1.493790
4.182000,-0.000090,-0.003399,0.034797,-0.000031,-0.005645,-0.037326,-0.000000,-0.001015,1.570079,-0.300000,1.000000,1.100000,0.000000,0.000000,-1.571000,-0.299910,1.003399,1.065203,1.493792
4.184000,-0.000090,-0.003401,0.034797,-0.000031,-0.005645,-0.037326,-0.000000,-0.001015,1.570079,-0.300000,1.000000,1.100000,0.000000,0.000000,-1.571000,-0.299910,1.003401,1.065203,1.493793
4.186000,-0.000090,-0.003403,0.034797,-0.000031,-0.005645,-0.037326,-0.000000,-0.001015,1.570079,-0.300000,1.000000,1.100000,0.000000,0.000000,-1.571000,-0.299910,1.003403,1.065203,1.493794
4.188000,-0.000090,-0.003404,0.034797,-0.000031,-0.005645,-0.037326,-0.000000,-0.001015,1.570079,-0.300000,1.000000,1.100000,0.000000,0.000000,-1.571000,-0.299910,1.003404,1.065203,1.493795
4.190000,-0.000090,-0.003406,0.034797,-0.000031,-0.005645,-0.037326,-0.000000,-0.001015,1.570080,-0.300000,1.000000,1.100000,0.000000,0.000000,-1.571000,-0.299910,1.003406,1.065203,1.493796
4.192000,-0.000090,-0.003408,0.034797,-0.000031,-0.005645,-0.037326,-0.000000,-0.001015,1.570080,-0.300000,1.000000,1.100000,0.000000,0.000000,-1.571000,-0.299910,1.003408,1.065203,1.493797
4.194000,-0.000090,-0.003409,0.034797,-0.000031,-0.005645,-0.037326,-0.000000,-0.001015,1.570080,-0.300000,1.000000,1.100000,0.000000,0.000000,-1.571000,-0.299910,1.003409,1.065203,1.493798
4.196000,-0.000090,-0.003411,0.034797,-0.000031,-0.005645,-0.037326,-0.000000,-0.001015,1.570080,-0.300000,1.000000,1.100000,0.000000,0.000000,-1.571000,-0.299910,1.003411,1.065203,1.493799
4.198000,-0.000090,-0.003413,0.034797,-0.000031,-0.005645,-0.037326,-0.000000,-0.001015,1.570080,-0.300000,1.000000,1.100000,0.000000,0.000000,-1.571000,-0.299910,1.003413,1.065203,1.493801
4.200000,-0.000090,-0.003414,0.034797,-0.000031,-0.005645,-0.037326,-0.000000,-0.001015,1.570080,-0.300000,1.000000,1.100000,0.000000,0.000000,-1.571000,-0.299910,1.003414,1.065203,1.493802
4.202000,-0.000090,-0.003416,0.034797,-0.000031,-0.005645,-0.037326,-0.000000,-0.001015,1.570080,-0.300000,1.000000,1.100000,0.000000,0.000000,-1.571000,-0.299910,1.003416,1.065203,1.493803
4.204000,-0.000090,-0.003418,0.034797,-0.000031,-0.005645,-0.037326,-0.000000,-0.001015,1.570080,-0.300000,1.000000,1.100000,0.000000,0.000000,-1.571000,-0.299910,1.003418,1.065203,1.493804
4.206000,-0.000090,-0.003419,0.034797,-0.000031,-0.005645,-0.037326,-0.000000,-0.001015,1.570080,-0.300000,1.000000,1.100000,0.000000,0.000000,-1.571000,-0.299910,1.003419,1.065203,1.493805
4.208000,-0.000090,-0.003421,0.034797,-0.000031,-0.005645,-0.037326,-0.000000,-0.001015,1.570080,-0.300000,1.000000,1.100000,0.000000,0.000000,-1.571000,-0.299910,1.003421,1.065203,1.493806
4.210000,-0.000091,-0.003423,0.034797,-0.000031,-0.005645,-0.037326,-0.000000,-0.001015,1.570080,-0.300000,1.000000,1.100000,0.000000,0.000000,-1.571000,-0.299909,1.003423,1.065203,1.493807
4.212000,-0.000091,-0.003424,0.034797,-0.000031,-0.005645,-0.037326,-0.000000,-0.001015,1.570080,-0.300000,1.000000,1.100000,0.000000,0.000000,-1.571000,-0.299909,1.003424,1.065203,1.493808
4.214000,-0.000091,-0.003426,0.034797,-0.000031,-0.005645,-0.037326,-0.000000,-0.001015,1.570080,-0.300000,1.000000,1.100000,0.000000,0.000000,-1.571000,-0.299909,1.003426,1.065203,1.493809
4.216000,-0.000091,-0.003428,0.034797,-0.000031,-0.005645,-0.037326,-0.000000,-0.001015,1.570080,-0.300000,1.000000,1.100000,0.000000,0.000000,-1.571000,-0.299909,1.003428,1.065203,1.493811
4.218000,-0.000091,-0.003429,0.034797,-0.000031,-0.005645,-0.037326,-0.000000,-0.001015,1.570080,-0.300000,1.000000,1.100000,0.000000,0.000000,-1.571000,-0.299909,1.003429,1.065203,1.493812
4.220000,-0.000091,-0.003431,0.034797,-0.000031,-0.005645,-0.037326,-0.000000,-0.001015,1.570080,-0.300000,1.000000,1.100000,0.000000,0.000000,-1.571000,-0.299909,1.003431,1.065203,1.493813
4.222000,-0.000091,-0.003433,0.034797,-0.000031,-0.005645,-0.037326,-0.000000,-0.001015,1.570080,-0.300000,1.000000,1.100000,0.000000,0.000000,-1.571000,-0.299909,1.003433,1.065203,1.493814
4.224000,-0.000091,-0.003434,0.034797,-0.000031,-0.005645,-0.037326,-0.000000,-0.001015,1.570080,-0.300000,1.000000,1.100000,0.000000,0.000000,-1.571000,-0.299909,1.003434,1.065203,1.493815
4.226000,-0.000091,-0.003436,0.034797,-0.000031,-0.005645,-0.037326,-0.000000,-0.001015,1.570080,-0.300000,1.000000,1.100000,0.000000,0.000000,-1.571000,-0.299909,1.003436,1.065203,1.493816
4.228000,-0.000091,-0.003438,0.034797,-0.000031,-0.005645,-0.037326,-0.000000,-0.001015,1.570080,-0.300000,1.000000,1.100000,0.000000,0.000000,-1.571000,-0.299909,1.003438,1.065203,1.493817
4.230000,-0.000091,-0.003439,0.034797,-0.000031,-0.005645,-0.037326,-0.000000,-0.001015,1.570080,-0.300000,1.000000,1.100000,0.000000,0.000000,-1.571000,-0.299909,1.003439,1.065203,1.493818
4.232000,-0.000091,-0.003441,0.034797,-0.000031,-0.005645,-0.037326,-0.000000,-0.001015,1.570080,-0.300000,1.000000,1.100000,0.000000,0.000000,-1.571000,-0.299909,1.003441,1.065203,1.493819
4.234000,-0.000091,-0.003443,0.034797,-0.000031,-0.005645,-0.037326,-0.000000,-0.001015,1.570080,-0.300000,1.000000,1.100000,0.000000,0.000000,-1.571000,-0.299909,1.003443,1.065203,1.493821
4.236000,-0.000091,-0.003444,0.034797,-0.000031,-0.005645,-0.037326,-0.000000,-0.001015,1.570080,-0.300000,1.000000,1.100000,0.000000,0.000000,-1.571000,-0.299909,1.003444,1.065203,1.493822
4.238000,-0.000091,-0.003446,0.034797,-0.000031,-0.005645,-0.037326,-0.000000,-0.001015,1.570080,-0.300000,1.000000,1.100000,0.000000,0.000000,-1.571000,-0.299909,1.003446,1.065203,1.493823
4.240000,-0.000091,-0.003448,0.034797,-0.000031,-0.005645,-0.037326,-0.000000,-0.001015,1.570080,-0.300000,1.000000,1.100000,0.000000,0.000000,-1.571000,-0.299909,1.003448,1.065203,1.493824
4.242000,-0.000091,-0.003449,0.034797,-0.000031,-0.005645,-0.037326,-0.000000,-0.001015,1.570081,-0.300000,1.000000,1.100000,0.000000,0.000000,-1.571000,-0.299909,1.003449,1.065203,1.493825
4.244000,-0.000091,-0.003451,0.034797,-0.000031,-0.005645,-0.037326,-0.000000,-0.001015,1.570081,-0.300000,1.000000,1.100000,0.000000,0.000000,-1.571000,-0.299909,1.003451,1.065203,1.493826
4.246000,-0.000091,-0.003453,0.034797,-0.000031,-0.005645,-0.037326,-0.000000,-0.001015,1.570081,-0.300000,1.000000,1.100000,0.000000,0.000000,-1.571000,-0.299909,1.003453,1.065203,1.493827
4.248000,-0.000091,-0.003455,0.034797,-0.000031,-0.005645,-0.037326,-0.000000,-0.001015,1.570081,-0.300000,1.000000,1.100000,0.000000,0.000000,-1.571000,-0.299909,1.003455,1.065203,1.493828
4.250000,-0.000091,-0.003456,0.034797,-0.000031,-0.005645,-0.037326,-0.000000,-0.001015,1.570081,-0.300000,1.000000,1.100000,0.000000,0.000000,-1.571000,-0.299909,1.003456,1.065203,1.493830
4.252000,-0.000091,-0.003458,0.034797,-0.000031,-0.005645,-0.037326,-0.000000,-0.001015,1.570081,-0.300000,1.000000,1.100000,0.000000,0.000000,-1.571000,-0.299909,1.003458,1.065203,1.493831
4.254000,-0.000092,-0.003460,0.034797,-0.000031,-0.005645,-0.037326,-0.000000,-0.001015,1.570081,-0.300000,1.000000,1.100000,0.000000,0.000000,-1.571000,-0.299908,1.003460,1.065203,1.493832
4.256000,-0.000092,-0.003461,0.034797,-0.000031,-0.005645,-0.037326,-0.000000,-0.001015,1.570081,-0.300000,1.000000,1.100000,0.000000,0.000000,-1.571000,-0.299908,1.003461,1.065203,1.493833
4.258000,-0.000092,-0.003463,0.034797,-0.000031,-0.005645,-0.037326,-0.000000,-0.001015,1.570081,-0.300000,1.000000,1.100000,0.000000,0.000000,-1.571000,-0.299908,1.003463,1.065203,1.493834
4.260000,-0.000092,-0.003465,0.034797,-0.000031,-0.005645,-0.037326,-0.000000,-0.001015,1.570081,-0.300000,1.000000,1.100000,0.000000,0.000000,-1.571000,-0.299908,1.003465,1.065203,1.493835
4.262000,-0.000092,-0.003466,0.034797,-0.000031,-0.005645,-0.037326,-0.000000,-0.001015,1.570081,-0.300000,1.000000,1.100000,0.000000,0.000000,-1.571000,-0.299908,1.003466,1.065203,1.493836
4.264000,-0.000092,-0.003468,0.034797,-0.000031,-0.005645,-0.037326,-0.000000,-0.001015,1.570081,-0.300000,1.000000,1.100000,0.000000,0.000000,-1.571000,-0.299908,1.003468,1.065203,1.493837
4.266000,-0.000092,-0.003470,0.034797,-0.000031,-0.005645,-0.037326,-0.000000,-0.001015,1.570081,-0.300000,1.000000,1.100000,0.000000,0.000000,-1.571000,-0.299908,1.003470,1.065203,1.493838
4.268000,-0.000092,-0.003471,0.034797,-0.000031,-0.005645,-0.037326,-0.000000,-0.001015,1.570081,-0.300000,1.000000,1.100000,0.000000,0.000000,-1.571000,-0.299908,1.003471,1.065203,1.493840
4.270000,-0.000092,-0.003473,0.034797,-0.000031,-0.005645,-0.037326,-0.000000,-0.001015,1.570081,-0.300000,1.000000,1.100000,0.000000,0.000000,-1.571000,-0.299908,1.003473,1.065203,1.493841
4.272000,-0.000092,-0.003475,0.034797,-0.000031,-0.005645,-0.037326,-0.000000,-0.001015,1.570081,-0.300000,1.000000,1.100000,0.000000,0.000000,-1.571000,-0.299908,1.003475,1.065203,1.493842
4.274000,-0.000092,-0.003476,0.034797,-0.000031,-0.005645,-0.037326,-0.000000,-0.001015,1.570081,-0.300000,1.000000,1.100000,0.000000,0.000000,-1.571000,-0.299908,1.003476,1.065203,1.493843
4.276000,-0.000092,-0.003478,0.034797,-0.000031,-0.005645,-0.037326,-0.000000,-0.001015,1.570081,-0.300000,1.000000,1.100000,0.000000,0.000000,-1.571000,-0.299908,1.003478,1.065203,1.493844
4.278000,-0.000092,-0.003480,0.034797,-0.000031,-0.005645,-0.037326,-0.000000,-0.001015,1.570081,-0.300000,1.000000,1.100000,0.000000,0.000000,-1.571000,-0.299908,1.003480,1.065203,1.493845
4.280000,-0.000092,-0.003481,0.034797,-0.000031,-0.005645,-0.037326,-0.000000,-0.001015,1.570081,-0.300000,1.000000,1.100000,0.000000,0.000000,-1.571000,-0.299908,1.003481,1.065203,1.493846
4.282000,-0.000092,-0.003483,0.034797,-0.000031,-0.005645,-0.037326,-0.000000,-0.001015,1.570081,-0.300000,1.000000,1.100000,0.000000,0.000000,-1.571000,-0.299908,1.003483,1.065203,1.493847
4.284000,-0.000092,-0.003485,0.034797,-0.000031,-0.005645,-0.037326,-0.000000,-0.001015,1.570081,-0.300000,1.000000,1.100000,0.000000,0.000000,-1.571000,-0.299908,1.003485,1.065203,1.493848
4.286000,-0.000092,-0.003486,0.034797,-0.000031,-0.005645,-0.037326,-0.000000,-0.001015,1.570081,-0.300000,1.000000,1.100000,0.000000,0.000000,-1.571000,-0.299908,1.003486,1.065203,1.493850
4.288000,-0.000092,-0.003488,0.034797,-0.000031,-0.005645,-0.037326,-0.000000,-0.001015,1.570081,-0.300000,1.000000,1.100000,0.000000,0.000000,-1.571000,-0.299908,1.003488,1.065203,1.493851
4.290000,-0.000092,-0.003490,0.034797,-0.000031,-0.005645,-0.037326,-0.000000,-0.001015,1.570081,-0.300000,1.000000,1.100000,0.000000,0.000000,-1.571000,-0.299908,1.003490,1.065203,1.493852
4.292000,-0.000092,-0.003491,0.034797,-0.000031,-0.005645,-0.037326,-0.000000,-0.001015,1.570082,-0.300000,1.000000,1.100000,0.000000,0.000000,-1.571000,-0.299908,1.003491,1.065203,1.493853
4.294000,-0.000092,-0.003493,0.034797,-0.000031,-0.005645,-0.037326,-0.000000,-0.001015,1.570082,-0.300000,1.000000,1.100000,0.000000,0.000000,-1.571000,-0.299908,1.003493,1.065203,1.493854
4.296000,-0.000092,-0.003495,0.034797,-0.000031,-0.005645,-0.037326,-0.000000,-0.001015,1.570082,-0.300000,1.000000,1.100000,0.000000,0.000000,-1.571000,-0.299908,1.003495,1.065203,1.493855
4.298000,-0.000092,-0.003496,0.034797,-0.000031,-0.005645,-0.037326,-0.000000,-0.001015,1.570082,-0.300000,1.000000,1.100000,0.000000,0.000000,-1.571000,-0.299908,1.003496,1.065203,1.493856
4.300000,-0.000093,-0.003498,0.034797,-0.000031,-0.005645,-0.037326,-0.000000,-0.001015,1.570082,-0.300000,1.000000,1.100000,0.000000,0.000000,-1.571000,-0.299907,1.003498,1.065203,1.493857
4.302000,-0.000093,-0.003500,0.034797,-0.000031,-0.005645,-0.037326,-0.000000,-0.001015,1.570082,-0.300000,1.000000,1.100000,0.000000,0.000000,-1.571000,-0.299907,1.003500,1.065203,1.493859
4.304000,-0.000093,-0.003501,0.034797,-0.000031,-0.005645,-0.037326,-0.000000,-0.001015,1.570082,-0.300000,1.000000,1.100000,0.000000,0.000000,-1.571000,-0.299907,1.003501,1.065203,1.493860
4.306000,-0.000093,-0.003503,0.034797,-0.000031,-0.005645,-0.037326,-0.000000,-0.001015,1.570082,-0.300000,1.000000,1.100000,0.000000,0.000000,-1.571000,-0.299907,1.003503,1.065203,1.493861
4.308000,-0.000093,-0.003505,0.034797,-0.000031,-0.005645,-0.037326,-0.000000,-0.001015,1.570082,-0.300000,1.000000,1.100000,0.000000,0.000000,-1.571000,-0.299907,1.003505,1.065203,1.493862
4.310000,-0.000093,-0.003506,0.034797,-0.000031,-0.005645,-0.037326,-0.000000,-0.001015,1.570082,-0.300000,1.000000,1.100000,0.000000,0.000000,-1.571000,-0.299907,1.003506,1.065203,1.493863
4.312000,-0.000093,-0.003508,0.034797,-0.000031,-0.005645,-0.037326,-0.000000,-0.001015,1.570082,-0.300000,1.000000,1.100000,0.000000,0.000000,-1.571000,-0.299907,1.003508,1.065203,1.493864
4.314000,-0.000093,-0.003510,0.034797,-0.000031,-0.005645,-0.037326,-0.000000,-0.001015,1.570082,-0.300000,1.000000,1.100000,0.000000,0.000000,-1.571000,-0.299907,1.003510,1.065203,1.493865
4.316000,-0.000093,-0.003511,0.034797,-0.000031,-0.005645,-0.037326,-0.000000,-0.001015,1.570082,-0.300000,1.000000,1.100000,0.000000,0.000000,-1.571000,-0.299907,1.003511,1.065203,1.493866
4.318000,-0.000093,-0.003513,0.034797,-0.000031,-0.005645,-0.037326,-0.000000,-0.001015,1.570082,-0.300000,1.000000,1.100000,0.000000,0.000000,-1.571000,-0.299907,1.003513,1.065203,1.493867
4.320000,-0.000093,-0.003515,0.034797,-0.000031,-0.005645,-0.037326,-0.000000,-0.001015,1.570082,-0.300000,1.000000,1.100000,0.000000,0.000000,-1.571000,-0.299907,1.003515,1.065203,1.493869
4.322000,-0.000093,-0.003516,0.034797,-0.000031,-0.005645,-0.037326,-0.000000,-0.001015,1.570082,-0.300000,1.000000,1.100000,0.000000,0.000000,-1.571000,-0.299907,1.003516,1.065203,1.493870
4.324000,-0.000093,-0.003518,0.034797,-0.000031,-0.005645,-0.037326,-0.000000,-0.001015,1.570082,-0.300000,1.000000,1.100000,0.000000,0.000000,-1.571000,-0.299907,1.003518,1.065203,1.493871
4.326000,-0.000093,-0.003520,0.034797,-0.000031,-0.005645,-0.037326,-0.000000,-0.001015,1.570082,-0.300000,1.000000,1.100000,0.000000,0.000000,-1.571000,-0.299907,1.003520,1.065203,1.493872
4.328000,-0.000093,-0.003521,0.034797,-0.000031,-0.005645,-0.037326,-0.000000,-0.001015,1.570082,-0.300000,1.000000,1.100000,0.000000,0.000000,-1.571000,-0.299907,1.003521,1.065203,1.493873
4.330000,-0.000093,-0.003523,0.034797,-0.000031,-0.005645,-0.037326,-0.000000,-0.001015,1.570082,-0.300000,1.000000,1.100000,0.000000,0.000000,-1.571000,-0.299907,1.003523,1.065203,1.493874
4.332000,-0.000093,-0.003525,0.034797,-0.000031,-0.005645,-0.037326,-0.000000,-0.001015,1.570082,-0.300000,1.000000,1.100000,0.000000,0.000000,-1.571000,-0.299907,1.003525,1.065203,1.493875
4.334000,-0.000093,-0.003527,0.034797,-0.000031,-0.005645,-0.037326,-0.000000,-0.001015,1.570082,-0.300000,1.000000,1.100000,0.000000,0.000000,-1.571000,-0.299907,1.003527,1.065203,1.493876
4.336000,-0.000093,-0.003528,0.034797,-0.000031,-0.005645,-0.037326,-0.000000,-0.001015,1.570082,-0.300000,1.000000,1.100000,0.000000,0.000000,-1.571000,-0.299907,1.003528,1.065203,1.493878
4.338000,-0.000093,-0.003530,0.034797,-0.000031,-0.005645,-0.037326,-0.000000,-0.001015,1.570082,-0.300000,1.000000,1.100000,0.000000,0.000000,-1.571000,-0.299907,1.003530,1.065203,1.493879
4.340000,-0.000093,-0.003532,0.034797,-0.000031,-0.005645,-0.037326,-0.000000,-0.001015,1.570082,-0.300000,1.000000,1.100000,0.000000,0.000000,-1.571000,-0.299907,1.003532,1.065203,1.493880
4.342000,-0.000093,-0.003533,0.034797,-0.000031,-0.005645,-0.037326,-0.000000,-0.001015,1.570083,-0.300000,1.000000,1.100000,0.000000,0.000000,-1.571000,-0.299907,1.003533,1.065203,1.493881
4.344000,-0.000094,-0.003535,0.034797,-0.000031,-0.005645,-0.037326,-0.000000,-0.001015,1.570083,-0.300000,1.000000,1.100000,0.000000,0.000000,-1.571000,-0.299906,1.003535,1.065203,1.493882
4.346000,-0.000094,-0.003537,0.034797,-0.000031,-0.005645,-0.037326,-0.000000,-0.001015,1.570083,-0.300000,1.000000,1.100000,0.000000,0.000000,-1.571000,-0.299906,1.003537,1.065203,1.493883
4.348000,-0.000094,-0.003538,0.034797,-0.000031,-0.005645,-0.037326,-0.000000,-0.001015,1.570083,-0.300000,1.000000,1.100000,0.000000,0.000000,-1.571000,-0.299906,1.003538,1.065203,1.493884
4.350000,-0.000094,-0.003540,0.034797,-0.000031,-0.005645,-0.037326,-0.000000,-0.001015,1.570083,-0.300000,1.000000,1.100000,0.000000,0.000000,-1.571000,-0.299906,1.003540,1.065203,1.493885
4.352000,-0.000094,-0.003542,0.034797,-0.000031,-0.005645,-0.037326,-0.000000,-0.001015,1.570083,-0.300000,1.000000,1.100000,0.000000,0.000000,-1.571000,-0.299906,1.003542,1.065203,1.493886
4.354000,-0.000094,-0.003543,0.034797,-0.000031,-0.005645,-0.037326,-0.000000,-0.001015,1.570083,-0.300000,1.000000,1.100000,0.000000,0.000000,-1.571000,-0.299906,1.003543,1.065203,1.493888
4.356000,-0.000094,-0.003545,0.034797,-0.000031,-0.005645,-0.037326,-0.000000,-0.001015,1.570083,-0.300000,1.000000,1.100000,0.000000,0.000000,-1.571000,-0.299906,1.003545,1.065203,1.493889
4.358000,-0.000094,-0.003547,0.034797,-0.000031,-0.005645,-0.037326,-0.000000,-0.001015,1.570083,-0.300000,1.000000,1.100000,0.000000,0.000000,-1.571000,-0.299906,1.003547,1.065203,1.493890
4.360000,-0.000094,-0.003548,0.034797,-0.000031,-0.005645,-0.037326,-0.000000,-0.001015,1.570083,-0.300000,1.000000,1.100000,0.000000,0.000000,-1.571000,-0.299906,1.003548,1.065203,1.493891
4.362000,-0.000094,-0.003550,0.034797,-0.000031,-0.005645,-0.037326,-0.000000,-0.001015,1.570083,-0.300000,1.000000,1.100000,0.000000,0.000000,-1.571000,-0.299906,1.003550,1.065203,1.493892
4.364000,-0.000094,-0.003552,0.034797,-0.000031,-0.005645,-0.037326,-0.000000,-0.001015,1.570083,-0.300000,1.000000,1.100000,0.000000,0.000000,-1.571000,-0.299906,1.003552,1.065203,1.493893
4.366000,-0.000094,-0.003553,0.034797,-0.000031,-0.005645,-0.037326,-0.000000,-0.001015,1.570083,-0.300000,1.000000,1.100000,0.000000,0.000000,-1.571000,-0.299906,1.003553,1.065203,1.493894
4.368000,-0.000094,-0.003555,0.034797,-0.000031,-0.005645,-0.037326,-0.000000,-0.001015,1.570083,-0.300000,1.000000,1.100000,0.000000,0.000000,-1.571000,-0.299906,1.003555,1.065203,1.493895
4.370000,-0.000094,-0.003557,0.034797,-0.000031,-0.005645,-0.037326,-0.000000,-0.001015,1.570083,-0.300000,1.000000,1.100000,0.000000,0.000000,-1.571000,-0.299906,1.003557,1.065203,1.493896
4.372000,-0.000094,-0.003558,0.034797,-0.000031,-0.005645,-0.037326,-0.000000,-0.001015,1.570083,-0.300000,1.000000,1.100000,0.000000,0.000000,-1.571000,-0.299906,1.003558,1.065203,1.493898
4.374000,-0.000094,-0.003560,0.034797,-0.000031,-0.005645,-0.037326,-0.000000,-0.001015,1.570083,-0.300000,1.000000,1.100000,0.000000,0.000000,-1.571000,-0.299906,1.003560,1.065203,1.493899
4.376000,-0.000094,-0.003562,0.034797,-0.000031,-0.005645,-0.037326,-0.000000,-0.001015,1.570083,-0.300000,1.000000,1.100000,0.000000,0.000000,-1.571000,-0.299906,1.003562,1.065203,1.493900
4.378000,-0.000094,-0.003563,0.034797,-0.000031,-0.005645,-0.037326,-0.000000,-0.001015,1.570083,-0.300000,1.000000,1.100000,0.000000,0.000000,-1.571000,-0.299906,1.003563,1.065203,1.493901
4.380000,-0.000094,-0.003565,0.034797,-0.000031,-0.005645,-0.037326,-0.000000,-0.001015,1.570083,-0.300000,1.000000,1.100000,0.000000,0.000000,-1.571000,-0.299906,1.003565,1.065203,1.493902
4.382000,-0.000094,-0.003567,0.034797,-0.000031,-0.005645,-0.037326,-0.000000,-0.001015,1.570083,-0.300000,1.000000,1.100000,0.000000,0.000000,-1.571000,-0.299906,1.003567,1.065203,1.493903
4.384000,-0.000094,-0.003568,0.034797,-0.000031,-0.005645,-0.037326,-0.000000,-0.001015,1.570083,-0.300000,1.000000,1.100000,0.000000,0.000000,-1.571000,-0.299906,1.003568,1.065203,1.493904
4.386000,-0.000094,-0.003570,0.034797,-0.000031,-0.005645,-0.037326,-0.000000,-0.001015,1.570083,-0.300000,1.000000,1.100000,0.000000,0.000000,-1.571000,-0.299906,1.003570,1.065203,1.493905
4.388000,-0.000095,-0.003572,0.034797,-0.000031,-0.005645,-0.037326,-0.000000,-0.001015,1.570083,-0.300000,1.000000,1.100000,0.000000,0.000000,-1.571000,-0.299905,1.003572,1.065203,1.493907
4.390000,-0.000095,-0.003573,0.034797,-0.000031,-0.005645,-0.037326,-0.000000,-0.001015,1.570083,-0.300000,1.000000,1.100000,0.000000,0.000000,-1.571000,-0.299905,1.003573,1.065203,1.493908
4.392000,-0.000095,-0.003575,0.034797,-0.000031,-0.005645,-0.037326,-0.000000,-0.001015,1.570083,-0.300000,1.000000,1.100000,0.000000,0.000000,-1.571000,-0.299905,1.003575,1.065203,1.493909
4.394000,-0.000095,-0.003577,0.034797,-0.000031,-0.005645,-0.037326,-0.000000,-0.001015,1.570084,-0.300000,1.000000,1.100000,0.000000,0.000000,-1.571000,-0.299905,1.003577,1.065203,1.493910
4.396000,-0.000095,-0.003578,0.034797,-0.000031,-0.005645,-0.037326,-0.000000,-0.001015,1.570084,-0.300000,1.000000,1.100000,0.000000,0.000000,-1.571000,-0.299905,1.003578,1.065203,1.493911
4.398000,-0.000095,-0.003580,0.034797,-0.000031,-0.005645,-0.037326,-0.000000,-0.001015,1.570084,-0.300000,1.000000,1.100000,0.000000,0.000000,-1.571000,-0.299905,1.003580,1.065203,1.493912
4.400000,-0.000095,-0.003582,0.034797,-0.000031,-0.005645,-0.037326,-0.000000,-0.001015,1.570084,-0.300000,1.000000,1.100000,0.000000,0.000000,-1.571000,-0.299905,1.003582,1.065203,1.493913
4.402000,-0.000095,-0.003583,0.034797,-0.000031,-0.005645,-0.037326,-0.000000,-0.001015,1.570084,-0.300000,1.000000,1.100000,0.000000,0.000000,-1.571000,-0.299905,1.003583,1.065203,1.493914
4.404000,-0.000095,-0.003585,0.034797,-0.000031,-0.005645,-0.037326,-0.000000,-0.001015,1.570084,-0.300000,1.000000,1.100000,0.000000,0.000000,-1.571000,-0.299905,1.003585,1.065203,1.493915
4.406000,-0.000095,-0.003587,0.034797,-0.000031,-0.005645,-0.037326,-0.000000,-0.001015,1.570084,-0.300000,1.000000,1.100000,0.000000,0.000000,-1.571000,-0.299905,1.003587,1.065203,1.493917
4.408000,-0.000095,-0.003588,0.034797,-0.000031,-0.005645,-0.037326,-0.000000,-0.001015,1.570084,-0.300000,1.000000,1.100000,0.000000,0.000000,-1.571000,-0.299905,1.003588,1.065203,1.493918
4.410000,-0.000095,-0.003590,0.034797,-0.000031,-0.005645,-0.037326,-0.000000,-0.001015,1.570084,-0.300000,1.000000,1.100000,0.000000,0.000000,-1.571000,-0.299905,1.003590,1.065203,1.493919
4.412000,-0.000095,-0.003592,0.034797,-0.000031,-0.005645,-0.037326,-0.000000,-0.001015,1.570084,-0.300000,1.000000,1.100000,0.000000,0.000000,-1.571000,-0.299905,1.003592,1.065203,1.493920
4.414000,-0.000095,-0.003594,0.034797,-0.000031,-0.005645,-0.037326,-0.000000,-0.001015,1.570084,-0.300000,1.000000,1.100000,0.000000,0.000000,-1.571000,-0.299905,1.003594,1.065203,1.493921
4.416000,-0.000095,-0.003595,0.034797,-0.000031,-0.005645,-0.037326,-0.000000,-0.001015,1.570084,-0.300000,1.000000,1.100000,0.000000,0.000000,-1.571000,-0.299905,1.003595,1.065203,1.493922
4.418000,-0.000095,-0.003597,0.034797,-0.000031,-0.005645,-0.037326,-0.000000,-0.001015,1.570084,-0.300000,1.000000,1.100000,0.000000,0.000000,-1.571000,-0.299905,1.003597,1.065203,1.493923
4.420000,-0.000095,-0.003599,0.034797,-0.000031,-0.005645,-0.037326,-0.000000,-0.001015,1.570084,-0.300000,1.000000,1.100000,0.000000,0.000000,-1.571000,-0.299905,1.003599,1.065203,1.493924
4.422000,-0.000095,-0.003600,0.034797,-0.000031,-0.005645,-0.037326,-0.000000,-0.001015,1.570084,-0.300000,1.000000,1.100000,0.000000,0.000000,-1.571000,-0.299905,1.003600,1.065203,1.493926
4.424000,-0.000095,-0.003602,0.034797,-0.000031,-0.005645,-0.037326,-0.000000,-0.001015,1.570084,-0.300000,1.000000,1.100000,0.000000,0.000000,-1.571000,-0.299905,1.003602,1.065203,1.493927
4.426000,-0.000095,-0.003604,0.034797,-0.000031,-0.005645,-0.037326,-0.000000,-0.001015,1.570084,-0.300000,1.000000,1.100000,0.000000,0.000000,-1.571000,-0.299905,1.003604,1.065203,1.493928
4.428000,-0.000095,-0.003605,0.034797,-0.000031,-0.005645,-0.037326,-0.000000,-0.001015,1.570084,-0.300000,1.000000,1.100000,0.000000,0.000000,-1.571000,-0.299905,1.003605,1.065203,1.493929
4.430000,-0.000095,-0.003607,0.034797,-0.000031,-0.005645,-0.037326,-0.000000,-0.001015,1.570084,-0.300000,1.000000,1.100000,0.000000,0.000000,-1.571000,-0.299905,1.003607,1.065203,1.493930
4.432000,-0.000096,-0.003609,0.034797,-0.000031,-0.005645,-0.037326,-0.000000,-0.001015,1.570084,-0.300000,1.000000,1.100000,0.000000,0.000000,-1.571000,-0.299904,1.003609,1.065203,1.493931
4.434000,-0.000096,-0.003610,0.034797,-0.000031,-0.005645,-0.037326,-0.000000,-0.001015,1.570084,-0.300000,1.000000,1.100000,0.000000,0.000000,-1.571000,-0.299904,1.003610,1.065203,1.493932
4.436000,-0.000096,-0.003612,0.034797,-0.000031,-0.005645,-0.037326,-0.000000,-0.001015,1.570084,-0.300000,1.000000,1.100000,0.000000,0.000000,-1.571000,-0.299904,1.003612,1.065203,1.493933
4.438000,-0.000096,-0.003614,0.034797,-0.000031,-0.005645,-0.037326,-0.000000,-0.001015,1.570084,-0.300000,1.000000,1.100000,0.000000,0.000000,-1.571000,-0.299904,1.003614,1.065203,1.493934
4.440000,-0.000096,-0.003615,0.034797,-0.000031,-0.005645,-0.037326,-0.000000,-0.001015,1.570084,-0.300000,1.000000,1.100000,0.000000,0.000000,-1.571000,-0.299904,1.003615,1.065203,1.493936
4.442000,-0.000096,-0.003617,0.034797,-0.000031,-0.005645,-0.037326,-0.000000,-0.001015,1.570084,-0.300000,1.000000,1.100000,0.000000,0.000000,-1.571000,-0.299904,1.003617,1.065203,1.493937
4.444000,-0.000096,-0.003619,0.034797,-0.000031,-0.005645,-0.037326,-0.000000,-0.001015,1.570085,-0.300000,1.000000,1.100000,0.000000,0.000000,-1.571000,-0.299904,1.003619,1.065203,1.493938
4.446000,-0.000096,-0.003620,0.034797,-0.000031,-0.005645,-0.037326,-0.000000,-0.001015,1.570085,-0.300000,1.000000,1.100000,0.000000,0.000000,-1.571000,-0.299904,1.003620,1.065203,1.493939
4.448000,-0.000096,-0.003622,0.034797,-0.000031,-0.005645,-0.037326,-0.000000,-0.001015,1.570085,-0.300000,1.000000,1.100000,0.000000,0.000000,-1.571000,-0.299904,1.003622,1.065203,1.493940
4.450000,-0.000096,-0.003624,0.034797,-0.000031,-0.005645,-0.037326,-0.000000,-0.001015,1.570085,-0.300000,1.000000,1.100000,0.000000,0.000000,-1.571000,-0.299904,1.003624,1.065203,1.493941
4.452000,-0.000096,-0.003625,0.034797,-0.000031,-0.005645,-0.037326,-0.000000,-0.001015,1.570085,-0.300000,1.000000,1.100000,0.000000,0.000000,-1.571000,-0.299904,1.003625,1.065203,1.493942
4.454000,-0.000096,-0.003627,0.034797,-0.000031,-0.005645,-0.037326,-0.000000,-0.001015,1.570085,-0.300000,1.000000,1.100000,0.000000,0.000000,-1.571000,-0.299904,1.003627,1.065203,1.493943
4.456000,-0.000096,-0.003629,0.034797,-0.000031,-0.005645,-0.037326,-0.000000,-0.001015,1.570085,-0.300000,1.000000,1.100000,0.000000,0.000000,-1.571000,-0.299904,1.003629,1.065203,1.493944
4.458000,-0.000096,-0.003630,0.034797,-0.000031,-0.005645,-0.037326,-0.000000,-0.001015,1.570085,-0.300000,1.000000,1.100000,0.000000,0.000000,-1.571000,-0.299904,1.003630,1.065203,1.493946
4.460000,-0.000096,-0.003632,0.034797,-0.000031,-0.005645,-0.037326,-0.000000,-0.001015,1.570085,-0.300000,1.000000,1.100000,0.000000,0.000000,-1.571000,-0.299904,1.003632,1.065203,1.493947
4.462000,-0.000096,-0.003634,0.034797,-0.000031,-0.005645,-0.037326,-0.000000,-0.001015,1.570085,-0.300000,1.000000,1.100000,0.000000,0.000000,-1.571000,-0.299904,1.003634,1.065203,1.493948
4.464000,-0.000096,-0.003635,0.034797,-0.000031,-0.005645,-0.037326,-0.000000,-0.001015,1.570085,-0.300000,1.000000,1.100000,0.000000,0.000000,-1.571000,-0.299904,1.003635,1.065203,1.493949
4.466000,-0.000096,-0.003637,0.034797,-0.000031,-0.005645,-0.037326,-0.000000,-0.001015,1.570085,-0.300000,1.000000,1.100000,0.000000,0.000000,-1.571000,-0.299904,1.003637,1.065203,1.493950
4.468000,-0.000096,-0.003639,0.034797,-0.000031,-0.005645,-0.037326,-0.000000,-0.001015,1.570085,-0.300000,1.000000,1.100000,0.000000,0.000000,-1.571000,-0.299904,1.003639,1.065203,1.493951
4.470000,-0.000096,-0.003640,0.034797,-0.000031,-0.005645,-0.037326,-0.000000,-0.001015,1.570085,-0.300000,1.000000,1.100000,0.000000,0.000000,-1.571000,-0.299904,1.003640,1.065203,1.493952
4.472000,-0.000096,-0.003642,0.034797,-0.000031,-0.005645,-0.037326,-0.000000,-0.001015,1.570085,-0.300000,1.000000,1.100000,0.000000,0.000000,-1.571000,-0.299904,1.003642,1.065203,1.493953
4.474000,-0.000096,-0.003644,0.034797,-0.000031,-0.005645,-0.037326,-0.000000,-0.001015,1.570085,-0.300000,1.000000,1.100000,0.000000,0.000000,-1.571000,-0.299904,1.003644,1.065203,1.493955
4.476000,-0.000096,-0.003645,0.034797,-0.000031,-0.005645,-0.037326,-0.000000,-0.001015,1.570085,-0.300000,1.000000,1.100000,0.000000,0.000000,-1.571000,-0.299904,1.003645,1.065203,1.493956
4.478000,-0.000097,-0.003647,0.034797,-0.000031,-0.005645,-0.037326,-0.000000,-0.001015,1.570085,-0.300000,1.000000,1.100000,0.000000,0.000000,-1.571000,-0.299903,1.003647,1.065203,1.493957
4.480000,-0.000097,-0.003649,0.034797,-0.000031,-0.005645,-0.037326,-0.000000,-0.001015,1.570085,-0.300000,1.000000,1.100000,0.000000,0.000000,-1.571000,-0.299903,1.003649,1.065203,1.493958
4.482000,-0.000097,-0.003650,0.034797,-0.000031,-0.005645,-0.037326,-0.000000,-0.001015,1.570085,-0.300000,1.000000,1.100000,0.000000,0.000000,-1.571000,-0.299903,1.003650,1.065203,1.493959
4.484000,-0.000097,-0.003652,0.034797,-0.000031,-0.005645,-0.037326,-0.000000,-0.001015,1.570085,-0.300000,1.000000,1.100000,0.000000,0.000000,-1.571000,-0.299903,1.003652,1.065203,1.493960
4.486000,-0.000097,-0.003654,0.034797,-0.000031,-0.005645,-0.037326,-0.000000,-0.001015,1.570085,-0.300000,1.000000,1.100000,0.000000,0.000000,-1.571000,-0.299903,1.003654,1.065203,1.493961
4.488000,-0.000097,-0.003655,0.034797,-0.000031,-0.005645,-0.037326,-0.000000,-0.001015,1.570085,-0.300000,1.000000,1.100000,0.000000,0.000000,-1.571000,-0.299903,1.003655,1.065203,1.493962
4.490000,-0.000097,-0.003657,0.034797,-0.000031,-0.005645,-0.037326,-0.000000,-0.001015,1.570085,-0.300000,1.000000,1.100000,0.000000,0.000000,-1.571000,-0.299903,1.003657,1.065203,1.493963
4.492000,-0.000097,-0.003659,0.034797,-0.000031,-0.005645,-0.037326,-0.000000,-0.001015,1.570085,-0.300000,1.000000,1.100000,0.000000,0.000000,-1.571000,-0.299903,1.003659,1.065203,1.493965
4.494000,-0.000097,-0.003660,0.034797,-0.000031,-0.005645,-0.037326,-0.000000,-0.001015,1.570086,-0.300000,1.000000,1.100000,0.000000,0.000000,-1.571000,-0.299903,1.003660,1.065203,1.493966
4.496000,-0.000097,-0.003662,0.034797,-0.000031,-0.005645,-0.037326,-0.000000,-0.001015,1.570086,-0.300000,1.000000,1.100000,0.000000,0.000000,-1.571000,-0.299903,1.003662,1.065203,1.493967
4.498000,-0.000097,-0.003664,0.034797,-0.000031,-0.005645,-0.037326,-0.000000,-0.001015,1.570086,-0.300000,1.000000,1.100000,0.000000,0.000000,-1.571000,-0.299903,1.003664,1.065203,1.493968
4.500000,-0.000097,-0.003666,0.034797,-0.000031,-0.005645,-0.037326,-0.000000,-0.001015,1.570086,-0.300000,1.000000,1.100000,0.000000,0.000000,-1.571000,-0.299903,1.003666,1.065203,1.493969
4.502000,-0.000097,-0.003667,0.034797,-0.000031,-0.005645,-0.037326,-0.000000,-0.001015,1.570086,-0.300000,1.000000,1.100000,0.000000,0.000000,-1.571000,-0.299903,1.003667,1.065203,1.493970
4.504000,-0.000097,-0.003669,0.034797,-0.000031,-0.005645,-0.037326,-0.000000,-0.001015,1.570086,-0.300000,1.000000,1.100000,0.000000,0.000000,-1.571000,-0.299903,1.003669,1.065203,1.493971
4.506000,-0.000097,-0.003671,0.034797,-0.000031,-0.005645,-0.037326,-0.000000,-0.001015,1.570086,-0.300000,1.000000,1.100000,0.000000,0.000000,-1.571000,-0.299903,1.003671,1.065203,1.493972
4.508000,-0.000097,-0.003672,0.034797,-0.000031,-0.005645,-0.037326,-0.000000,-0.001015,1.570086,-0.300000,1.000000,1.100000,0.000000,0.000000,-1.571000,-0.299903,1.003672,1.065203,1.493973
4.510000,-0.000097,-0.003674,0.034797,-0.000031,-0.005645,-0.037326,-0.000000,-0.001015,1.570086,-0.300000,1.000000,1.100000,0.000000,0.000000,-1.571000,-0.299903,1.003674,1.065203,1.493975
4.512000,-0.000097,-0.003676,0.034797,-0.000031,-0.005645,-0.037326,-0.000000,-0.001015,1.570086,-0.300000,1.000000,1.100000,0.000000,0.000000,-1.571000,-0.299903,1.003676,1.065203,1.493976
4.514000,-0.000097,-0.003677,0.034797,-0.000031,-0.005645,-0.037326,-0.000000,-0.001015,1.570086,-0.300000,1.000000,1.100000,0.000000,0.000000,-1.571000,-0.299903,1.003677,1.065203,1.493977
4.516000,-0.000097,-0.003679,0.034797,-0.000031,-0.005645,-0.037326,-0.000000,-0.001015,1.570086,-0.300000,1.000000,1.100000,0.000000,0.000000,-1.571000,-0.299903,1.003679,1.065203,1.493978
4.518000,-0.000097,-0.003681,0.034797,-0.000031,-0.005645,-0.037326,-0.000000,-0.001015,1.570086,-0.300000,1.000000,1.100000,0.000000,0.000000,-1.571000,-0.299903,1.003681,1.065203,1.493979
4.520000,-0.000097,-0.003682,0.034797,-0.000031,-0.005645,-0.037326,-0.000000,-0.001015,1.570086,-0.300000,1.000000,1.100000,0.000000,0.000000,-1.571000,-0.299903,1.003682,1.065203,1.493980
4.522000,-0.000098,-0.003684,0.034797,-0.000031,-0.005645,-0.037326,-0.000000,-0.001015,1.570086,-0.300000,1.000000,1.100000,0.000000,0.000000,-1.571000,-0.299902,1.003684,1.065203,1.493981
4.524000,-0.000098,-0.003686,0.034797,-0.000031,-0.005645,-0.037326,-0.000000,-0.001015,1.570086,-0.300000,1.000000,1.100000,0.000000,0.000000,-1.571000,-0.299902,1.003686,1.065203,1.493982
4.526000,-0.000098,-0.003687,0.034797,-0.000031,-0.005645,-0.037326,-0.000000,-0.001015,1.570086,-0.300000,1.000000,1.100000,0.000000,0.000000,-1.571000,-0.299902,1.003687,1.065203,1.493984
4.528000,-0.000098,-0.003689,0.034797,-0.000031,-0.005645,-0.037326,-0.000000,-0.001015,1.570086,-0.300000,1.000000,1.100000,0.000000,0.000000,-1.571000,-0.299902,1.003689,1.065203,1.493985
4.530000,-0.000098,-0.003691,0.034797,-0.000031,-0.005645,-0.037326,-0.000000,-0.001015,1.570086,-0.300000,1.000000,1.100000,0.000000,0.000000,-1.571000,-0.299902,1.003691,1.065203,1.493986
4.532000,-0.000098,-0.003692,0.034797,-0.000031,-0.005645,-0.037326,-0.000000,-0.001015,1.570086,-0.300000,1.000000,1.100000,0.000000,0.000000,-1.571000,-0.299902,1.003692,1.065203,1.493987
4.534000,-0.000098,-0.003694,0.034797,-0.000031,-0.005645,-0.037326,-0.000000,-0.001015,1.570086,-0.300000,1.000000,1.100000,0.000000,0.000000,-1.571000,-0.299902,1.003694,1.065203,1.493988
4.536000,-0.000098,-0.003696,0.034797,-0.000031,-0.005645,-0.037326,-0.000000,-0.001015,1.570086,-0.300000,1.000000,1.100000,0.000000,0.000000,-1.571000,-0.299902,1.003696,1.065203,1.493989
4.538000,-0.000098,-0.003697,0.034797,-0.000031,-0.005645,-0.037326,-0.000000,-0.001015,1.570086,-0.300000,1.000000,1.100000,0.000000,0.000000,-1.571000,-0.299902,1.003697,1.065203,1.493990
4.540000,-0.000098,-0.003699,0.034797,-0.000031,-0.005645,-0.037326,-0.000000,-0.001015,1.570086,-0.300000,1.000000,1.100000,0.000000,0.000000,-1.571000,-0.299902,1.003699,1.065203,1.493991
4.542000,-0.000098,-0.003701,0.034797,-0.000031,-0.005645,-0.037326,-0.000000,-0.001015,1.570086,-0.300000,1.000000,1.100000,0.000000,0.000000,-1.571000,-0.299902,1.003701,1.065203,1.493992
4.544000,-0.000098,-0.003702,0.034797,-0.000031,-0.005645,-0.037326,-0.000000,-0.001015,1.570086,-0.300000,1.000000,1.100000,0.000000,0.000000,-1.571000,-0.299902,1.003702,1.065203,1.493994
4.546000,-0.000098,-0.003704,0.034797,-0.000031,-0.005645,-0.037326,-0.000000,-0.001015,1.570087,-0.300000,1.000000,1.100000,0.000000,0.000000,-1.571000,-0.299902,1.003704,1.065203,1.493995
4.548000,-0.000098,-0.003706,0.034797,-0.000031,-0.005645,-0.037326,-0.000000,-0.001015,1.570087,-0.300000,1.000000,1.100000,0.000000,0.000000,-1.571000,-0.299902,1.003706,1.065203,1.493996
4.550000,-0.000098,-0.003707,0.034797,-0.000031,-0.005645,-0.037326,-0.000000,-0.001015,1.570087,-0.300000,1.000000,1.100000,0.000000,0.000000,-1.571000,-0.299902,1.003707,1.065203,1.493997
4.552000,-0.000098,-0.003709,0.034797,-0.000031,-0.005645,-0.037326,-0.000000,-0.001015,1.570087,-0.300000,1.000000,1.100000,0.000000,0.000000,-1.571000,-0.299902,1.003709,1.065203,1.493998
4.554000,-0.000098,-0.003711,0.034797,-0.000031,-0.005645,-0.037326,-0.000000,-0.001015,1.570087,-0.300000,1.000000,1.100000,0.000000,0.000000,-1.571000,-0.299902,1.003711,1.065203,1.493999
4.556000,-0.000098,-0.003712,0.034797,-0.000031,-0.005645,-0.037326,-0.000000,-0.001015,1.570087,-0.300000,1.000000,1.100000,0.000000,0.000000,-1.571000,-0.299902,1.003712,1.065203,1.494000
4.558000,-0.000098,-0.003714,0.034797,-0.000031,-0.005645,-0.037326,-0.000000,-0.001015,1.570087,-0.300000,1.000000,1.100000,0.000000,0.000000,-1.571000,-0.299902,1.003714,1.065203,1.494001
4.560000,-0.000098,-0.003716,0.034797,-0.000031,-0.005645,-0.037326,-0.000000,-0.001015,1.570087,-0.300000,1.000000,1.100000,0.000000,0.000000,-1.571000,-0.299902,1.003716,1.065203,1.494003
4.562000,-0.000098,-0.003717,0.034797,-0.000031,-0.005645,-0.037326,-0.000000,-0.001015,1.570087,-0.300000,1.000000,1.100000,0.000000,0.000000,-1.571000,-0.299902,1.003717,1.065203,1.494004
4.564000,-0.000098,-0.003719,0.034797,-0.000031,-0.005645,-0.037326,-0.000000,-0.001015,1.570087,-0.300000,1.000000,1.100000,0.000000,0.000000,-1.571000,-0.299902,1.003719,1.065203,1.494005
4.566000,-0.000099,-0.003721,0.034797,-0.000031,-0.005645,-0.037326,-0.000000,-0.001015,1.570087,-0.300000,1.000000,1.100000,0.000000,0.000000,-1.571000,-0.299901,1.003721,1.065203,1.494006
4.568000,-0.000099,-0.003722,0.034797,-0.000031,-0.005645,-0.037326,-0.000000,-0.001015,1.570087,-0.300000,1.000000,1.100000,0.000000,0.000000,-1.571000,-0.299901,1.003722,1.065203,1.494007
4.570000,-0.000099,-0.003724,0.034797,-0.000031,-0.005645,-0.037326,-0.000000,-0.001015,1.570087,-0.300000,1.000000,1.100000,0.000000,0.000000,-1.571000,-0.299901,1.003724,1.065203,1.494008
4.572000,-0.000099,-0.003726,0.034797,-0.000031,-0.005645,-0.037326,-0.000000,-0.001015,1.570087,-0.300000,1.000000,1.100000,0.000000,0.000000,-1.571000,-0.299901,1.003726,1.065203,1.494009
4.574000,-0.000099,-0.003727,0.034797,-0.000031,-0.005645,-0.037326,-0.000000,-0.001015,1.570087,-0.300000,1.000000,1.100000,0.000000,0.000000,-1.571000,-0.299901,1.003727,1.065203,1.494010
4.576000,-0.000099,-0.003729,0.034797,-0.000031,-0.005645,-0.037326,-0.000000,-0.001015,1.570087,-0.300000,1.000000,1.100000,0.000000,0.000000,-1.571000,-0.299901,1.003729,1.065203,1.494011
4.578000,-0.000099,-0.003731,0.034797,-0.000031,-0.005645,-0.037326,-0.000000,-0.001015,1.570087,-0.300000,1.000000,1.100000,0.000000,0.000000,-1.571000,-0.299901,1.003731,1.065203,1.494013
4.580000,-0.000099,-0.003733,0.034797,-0.000031,-0.005645,-0.037326,-0.000000,-0.001015,1.570087,-0.300000,1.000000,1.100000,0.000000,0.000000,-1.571000,-0.299901,1.003733,1.065203,1.494014
4.582000,-0.000099,-0.003734,0.034797,-0.000031,-0.005645,-0.037326,-0.000000,-0.001015,1.570087,-0.300000,1.000000,1.100000,0.000000,0.000000,-1.571000,-0.299901,1.003734,1.065203,1.494015
4.584000,-0.000099,-0.003736,0.034797,-0.000031,-0.005645,-0.037326,-0.000000,-0.001015,1.570087,-0.300000,1.000000,1.100000,0.000000,0.000000,-1.571000,-0.299901,1.003736,1.065203,1.494016
4.586000,-0.000099,-0.003738,0.034797,-0.000031,-0.005645,-0.037326,-0.000000,-0.001015,1.570087,-0.300000,1.000000,1.100000,0.000000,0.000000,-1.571000,-0.299901,1.003738,1.065203,1.494017
4.588000,-0.000099,-0.003739,0.034797,-0.000031,-0.005645,-0.037326,-0.000000,-0.001015,1.570087,-0.300000,1.000000,1.100000,0.000000,0.000000,-1.571000,-0.299901,1.003739,1.065203,1.494018
4.590000,-0.000099,-0.003741,0.034797,-0.000031,-0.005645,-0.037326,-0.000000,-0.001015,1.570087,-0.300000,1.000000,1.100000,0.000000,0.000000,-1.571000,-0.299901,1.003741,1.065203,1.494019
4.592000,-0.000099,-0.003743,0.034797,-0.000031,-0.005645,-0.037326,-0.000000,-0.001015,1.570087,-0.300000,1.000000,1.100000,0.000000,0.000000,-1.571000,-0.299901,1.003743,1.065203,1.494020
4.594000,-0.000099,-0.003744,0.034797,-0.000031,-0.005645,-0.037326,-0.000000,-0.001015,1.570087,-0.300000,1.000000,1.100000,0.000000,0.000000,-1.571000,-0.299901,1.003744,1.065203,1.494021
4.596000,-0.000099,-0.003746,0.034797,-0.000031,-0.005645,-0.037326,-0.000000,-0.001015,1.570088,-0.300000,1.000000,1.100000,0.000000,0.000000,-1.571000,-0.299901,1.003746,1.065203,1.494023
4.598000,-0.000099,-0.003748,0.034797,-0.000031,-0.005645,-0.037326,-0.000000,-0.001015,1.570088,-0.300000,1.000000,1.100000,0.000000,0.000000,-1.571000,-0.299901,1.003748,1.065203,1.494024
4.600000,-0.000099,-0.003749,0.034797,-0.000031,-0.005645,-0.037326,-0.000000,-0.001015,1.570088,-0.300000,1.000000,1.100000,0.000000,0.000000,-1.571000,-0.299901,1.003749,1.065203,1.494025
4.602000,-0.000099,-0.003751,0.034797,-0.000031,-0.005645,-0.037326,-0.000000,-0.001015,1.570088,-0.300000,1.000000,1.100000,0.000000,0.000000,-1.571000,-0.299901,1.003751,1.065203,1.494026
4.604000,-0.000099,-0.003753,0.034797,-0.000031,-0.005645,-0.037326,-0.000000,-0.001015,1.570088,-0.300000,1.000000,1.100000,0.000000,0.000000,-1.571000,-0.299901,1.003753,1.065203,1.494027
4.606000,-0.000099,-0.003754,0.034797,-0.000031,-0.005645,-0.037326,-0.000000,-0.001015,1.570088,-0.300000,1.000000,1.100000,0.000000,0.000000,-1.571000,-0.299901,1.003754,1.065203,1.494028
4.608000,-0.000099,-0.003756,0.034797,-0.000031,-0.005645,-0.037326,-0.000000,-0.001015,1.570088,-0.300000,1.000000,1.100000,0.000000,0.000000,-1.571000,-0.299901,1.003756,1.065203,1.494029
4.610000,-0.000099,-0.003758,0.034797,-0.000031,-0.005645,-0.037326,-0.000000,-0.001015,1.570088,-0.300000,1.000000,1.100000,0.000000,0.000000,-1.571000,-0.299901,1.003758,1.065203,1.494030
4.612000,-0.000100,-0.003759,0.034797,-0.000031,-0.005645,-0.037326,-0.000000,-0.001015,1.570088,-0.300000,1.000000,1.100000,0.000000,0.000000,-1.571000,-0.299900,1.003759,1.065203,1.494032
4.614000,-0.000100,-0.003761,0.034797,-0.000031,-0.005645,-0.037326,-0.000000,-0.001015,1.570088,-0.300000,1.000000,1.100000,0.000000,0.000000,-1.571000,-0.299900,1.003761,1.065203,1.494033
4.616000,-0.000100,-0.003763,0.034797,-0.000031,-0.005645,-0.037326,-0.000000,-0.001015,1.570088,-0.300000,1.000000,1.100000,0.000000,0.000000,-1.571000,-0.299900,1.003763,1.065203,1.494034
4.618000,-0.000100,-0.003764,0.034797,-0.000031,-0.005645,-0.037326,-0.000000,-0.001015,1.570088,-0.300000,1.000000,1.100000,0.000000,0.000000,-1.571000,-0.299900,1.003764,1.065203,1.494035
4.620000,-0.000100,-0.003766,0.034797,-0.000031,-0.005645,-0.037326,-0.000000,-0.001015,1.570088,-0.300000,1.000000,1.100000,0.000000,0.000000,-1.571000,-0.299900,1.003766,1.065203,1.494036
4.622000,-0.000100,-0.003768,0.034797,-0.000031,-0.005645,-0.037326,-0.000000,-0.001015,1.570088,-0.300000,1.000000,1.100000,0.000000,0.000000,-1.571000,-0.299900,1.003768,1.065203,1.494037
4.624000,-0.000100,-0.003769,0.034797,-0.000031,-0.005645,-0.037326,-0.000000,-0.001015,1.570088,-0.300000,1.000000,1.100000,0.000000,0.000000,-1.571000,-0.299900,1.003769,1.065203,1.494038
4.626000,-0.000100,-0.003771,0.034797,-0.000031,-0.005645,-0.037326,-0.000000,-0.001015,1.570088,-0.300000,1.000000,1.100000,0.000000,0.000000,-1.571000,-0.299900,1.003771,1.065203,1.494039
4.628000,-0.000100,-0.003773,0.034797,-0.000031,-0.005645,-0.037326,-0.000000,-0.001015,1.570088,-0.300000,1.000000,1.100000,0.000000,0.000000,-1.571000,-0.299900,1.003773,1.065203,1.494040
4.630000,-0.000100,-0.003774,0.034797,-0.000031,-0.005645,-0.037326,-0.000000,-0.001015,1.570088,-0.300000,1.000000,1.100000,0.000000,0.000000,-1.571000,-0.299900,1.003774,1.065203,1.494042
4.632000,-0.000100,-0.003776,0.034797,-0.000031,-0.005645,-0.037326,-0.000000,-0.001015,1.570088,-0.300000,1.000000,1.100000,0.000000,0.000000,-1.571000,-0.299900,1.003776,1.065203,1.494043
4.634000,-0.000100,-0.003778,0.034797,-0.000031,-0.005645,-0.037326,-0.000000,-0.001015,1.570088,-0.300000,1.000000,1.100000,0.000000,0.000000,-1.571000,-0.299900,1.003778,1.065203,1.494044
4.636000,-0.000100,-0.003779,0.034797,-0.000031,-0.005645,-0.037326,-0.000000,-0.001015,1.570088,-0.300000,1.000000,1.100000,0.000000,0.000000,-1.571000,-0.299900,1.003779,1.065203,1.494045
4.638000,-0.000100,-0.003781,0.034797,-0.000031,-0.005645,-0.037326,-0.000000,-0.001015,1.570088,-0.300000,1.000000,1.100000,0.000000,0.000000,-1.571000,-0.299900,1.003781,1.065203,1.494046
4.640000,-0.000100,-0.003783,0.034797,-0.000031,-0.005645,-0.037326,-0.000000,-0.001015,1.570088,-0.300000,1.000000,1.100000,0.000000,0.000000,-1.571000,-0.299900,1.003783,1.065203,1.494047
4.642000,-0.000100,-0.003784,0.034797,-0.000031,-0.005645,-0.037326,-0.000000,-0.001015,1.570088,-0.300000,1.000000,1.100000,0.000000,0.000000,-1.571000,-0.299900,1.003784,1.065203,1.494048
4.644000,-0.000100,-0.003786,0.034797,-0.000031,-0.005645,-0.037326,-0.000000,-0.001015,1.570088,-0.300000,1.000000,1.100000,0.000000,0.000000,-1.571000,-0.299900,1.003786,1.065203,1.494049
4.646000,-0.000100,-0.003788,0.034797,-0.000031,-0.005645,-0.037326,-0.000000,-0.001015,1.570088,-0.300000,1.000000,1.100000,0.000000,0.000000,-1.571000,-0.299900,1.003788,1.065203,1.494051
4.648000,-0.000100,-0.003789,0.034797,-0.000031,-0.005645,-0.037326,-0.000000,-0.001015,1.570089,-0.300000,1.000000,1.100000,0.000000,0.000000,-1.571000,-0.299900,1.003789,1.065203,1.494052
4.650000,-0.000100,-0.003791,0.034797,-0.000031,-0.005645,-0.037326,-0.000000,-0.001015,1.570089,-0.300000,1.000000,1.100000,0.000000,0.000000,-1.571000,-0.299900,1.003791,1.065203,1.494053
4.652000,-0.000100,-0.003793,0.034797,-0.000031,-0.005645,-0.037326,-0.000000,-0.001015,1.570089,-0.300000,1.000000,1.100000,0.000000,0.000000,-1.571000,-0.299900,1.003793,1.065203,1.494054
4.654000,-0.000100,-0.003794,0.034797,-0.000031,-0.005645,-0.037326,-0.000000,-0.001015,1.570089,-0.300000,1.000000,1.100000,0.000000,0.000000,-1.571000,-0.299900,1.003794,1.065203,1.494055
4.656000,-0.000101,-0.003796,0.034797,-0.000031,-0.005645,-0.037326,-0.000000,-0.001015,1.570089,-0.300000,1.000000,1.100000,0.000000,0.000000,-1.571000,-0.299899,1.003796,1.065203,1.494056
4.658000,-0.000101,-0.003798,0.034797,-0.000031,-0.005645,-0.037326,-0.000000,-0.001015,1.570089,-0.300000,1.000000,1.100000,0.000000,0.000000,-1.571000,-0.299899,1.003798,1.065203,1.494057
4.660000,-0.000101,-0.003799,0.034797,-0.000031,-0.005645,-0.037326,-0.000000,-0.001015,1.570089,-0.300000,1.000000,1.100000,0.000000,0.000000,-1.571000,-0.299899,1.003799,1.065203,1.494058
4.662000,-0.000101,-0.003801,0.034797,-0.000031,-0.005645,-0.037326,-0.000000,-0.001015,1.570089,-0.300000,1.000000,1.100000,0.000000,0.000000,-1.571000,-0.299899,1.003801,1.065203,1.494059
4.664000,-0.000101,-0.003803,0.034797,-0.000031,-0.005645,-0.037326,-0.000000,-0.001015,1.570089,-0.300000,1.000000,1.100000,0.000000,0.000000,-1.571000,-0.299899,1.003803,1.065203,1.494061
4.666000,-0.000101,-0.003805,0.034797,-0.000031,-0.005645,-0.037326,-0.000000,-0.001015,1.570089,-0.300000,1.000000,1.100000,0.000000,0.000000,-1.571000,-0.299899,1.003805,1.065203,1.494062
4.668000,-0.000101,-0.003806,0.034797,-0.000031,-0.005645,-0.037326,-0.000000,-0.001015,1.570089,-0.300000,1.000000,1.100000,0.000000,0.000000,-1.571000,-0.299899,1.003806,1.065203,1.494063
4.670000,-0.000101,-0.003808,0.034797,-0.000031,-0.005645,-0.037326,-0.000000,-0.001015,1.570089,-0.300000,1.000000,1.100000,0.000000,0.000000,-1.571000,-0.299899,1.003808,1.065203,1.494064
4.672000,-0.000101,-0.003810,0.034797,-0.000031,-0.005645,-0.037326,-0.000000,-0.001015,1.570089,-0.300000,1.000000,1.100000,0.000000,0.000000,-1.571000,-0.299899,1.003810,1.065203,1.494065
4.674000,-0.000101,-0.003811,0.034797,-0.000031,-0.005645,-0.037326,-0.000000,-0.001015,1.570089,-0.300000,1.000000,1.100000,0.000000,0.000000,-1.571000,-0.299899,1.003811,1.065203,1.494066
4.676000,-0.000101,-0.003813,0.034797,-0.000031,-0.005645,-0.037326,-0.000000,-0.001015,1.570089,-0.300000,1.000000,1.100000,0.000000,0.000000,-1.571000,-0.299899,1.003813,1.065203,1.494067
4.678000,-0.000101,-0.003815,0.034797,-0.000031,-0.005645,-0.037326,-0.000000,-0.001015,1.570089,-0.300000,1.000000,1.100000,0.000000,0.000000,-1.571000,-0.299899,1.003815,1.065203,1.494068
4.680000,-0.000101,-0.003816,0.034797,-0.000031,-0.005645,-0.037326,-0.000000,-0.001015,1.570089,-0.300000,1.000000,1.100000,0.000000,0.000000,-1.571000,-0.299899,1.003816,1.065203,1.494069
4.682000,-0.000101,-0.003818,0.034797,-0.000031,-0.005645,-0.037326,-0.000000,-0.001015,1.570089,-0.300000,1.000000,1.100000,0.000000,0.000000,-1.571000,-0.299899,1.003818,1.065203,1.494071
4.684000,-0.000101,-0.003820,0.034797,-0.000031,-0.005645,-0.037326,-0.000000,-0.001015,1.570089,-0.300000,1.000000,1.100000,0.000000,0.000000,-1.571000,-0.299899,1.003820,1.065203,1.494072
4.686000,-0.000101,-0.003821,0.034797,-0.000031,-0.005645,-0.037326,-0.000000,-0.001015,1.570089,-0.300000,1.000000,1.100000,0.000000,0.000000,-1.571000,-0.299899,1.003821,1.065203,1.494073
4.688000,-0.000101,-0.003823,0.034797,-0.000031,-0.005645,-0.037326,-0.000000,-0.001015,1.570089,-0.300000,1.000000,1.100000,0.000000,0.000000,-1.571000,-0.299899,1.003823,1.065203,1.494074
4.690000,-0.000101,-0.003825,0.034797,-0.000031,-0.005645,-0.037326,-0.000000,-0.001015,1.570089,-0.300000,1.000000,1.100000,0.000000,0.000000,-1.571000,-0.299899,1.003825,1.065203,1.494075
4.692000,-0.000101,-0.003826,0.034797,-0.000031,-0.005645,-0.037326,-0.000000,-0.001015,1.570089,-0.300000,1.000000,1.100000,0.000000,0.000000,-1.571000,-0.299899,1.003826,1.065203,1.494076
4.694000,-0.000101,-0.003828,0.034797,-0.000031,-0.005645,-0.037326,-0.000000,-0.001015,1.570089,-0.300000,1.000000,1.100000,0.000000,0.000000,-1.571000,-0.299899,1.003828,1.065203,1.494077
4.696000,-0.000101,-0.003830,0.034797,-0.000031,-0.005645,-0.037326,-0.000000,-0.001015,1.570089,-0.300000,1.000000,1.100000,0.000000,0.000000,-1.571000,-0.299899,1.003830,1.065203,1.494078
4.698000,-0.000101,-0.003831,0.034797,-0.000031,-0.005645,-0.037326,-0.000000,-0.001015,1.570090,-0.300000,1.000000,1.100000,0.000000,0.000000,-1.571000,-0.299899,1.003831,1.065203,1.494080
4.700000,-0.000102,-0.003833,0.034797,-0.000031,-0.005645,-0.037326,-0.000000,-0.001015,1.570090,-0.300000,1.000000,1.100000,0.000000,0.000000,-1.571000,-0.299898,1.003833,1.065203,1.494081
4.702000,-0.000102,-0.003835,0.034797,-0.000031,-0.005645,-0.037326,-0.000000,-0.001015,1.570090,-0.300000,1.000000,1.100000,0.000000,0.000000,-1.571000,-0.299898,1.003835,1.065203,1.494082
4.704000,-0.000102,-0.003836,0.034797,-0.000031,-0.005645,-0.037326,-0.000000,-0.001015,1.570090,-0.300000,1.000000,1.100000,0.000000,0.000000,-1.571000,-0.299898,1.003836,1.065203,1.494083
4.706000,-0.000102,-0.003838,0.034797,-0.000031,-0.005645,-0.037326,-0.000000,-0.001015,1.570090,-0.300000,1.000000,1.100000,0.000000,0.000000,-1.571000,-0.299898,1.003838,1.065203,1.494084
4.708000,-0.000102,-0.003840,0.034797,-0.000031,-0.005645,-0.037326,-0.000000,-0.001015,1.570090,-0.300000,1.000000,1.100000,0.000000,0.000000,-1.571000,-0.299898,1.003840,1.065203,1.494085
4.710000,-0.000102,-0.003841,0.034797,-0.000031,-0.005645,-0.037326,-0.000000,-0.001015,1.570090,-0.300000,1.000000,1.100000,0.000000,0.000000,-1.571000,-0.299898,1.003841,1.065203,1.494086
4.712000,-0.000102,-0.003843,0.034797,-0.000031,-0.005645,-0.037326,-0.000000,-0.001015,1.570090,-0.300000,1.000000,1.100000,0.000000,0.000000,-1.571000,-0.299898,1.003843,1.065203,1.494087
4.714000,-0.000102,-0.003845,0.034797,-0.000031,-0.005645,-0.037326,-0.000000,-0.001015,1.570090,-0.300000,1.000000,1.100000,0.000000,0.000000,-1.571000,-0.299898,1.003845,1.065203,1.494088
4.716000,-0.000102,-0.003846,0.034797,-0.000031,-0.005645,-0.037326,-0.000000,-0.001015,1.570090,-0.300000,1.000000,1.100000,0.000000,0.000000,-1.571000,-0.299898,1.003846,1.065203,1.494090
4.718000,-0.000102,-0.003848,0.034797,-0.000031,-0.005645,-0.037326,-0.000000,-0.001015,1.570090,-0.300000,1.000000,1.100000,0.000000,0.000000,-1.571000,-0.299898,1.003848,1.065203,1.494091
4.720000,-0.000102,-0.003850,0.034797,-0.000031,-0.005645,-0.037326,-0.000000,-0.001015,1.570090,-0.300000,1.000000,1.100000,0.000000,0.000000,-1.571000,-0.299898,1.003850,1.065203,1.494092
4.722000,-0.000102,-0.003851,0.034797,-0.000031,-0.005645,-0.037326,-0.000000,-0.001015,1.570090,-0.300000,1.000000,1.100000,0.000000,0.000000,-1.571000,-0.299898,1.003851,1.065203,1.494093
4.724000,-0.000102,-0.003853,0.034797,-0.000031,-0.005645,-0.037326,-0.000000,-0.001015,1.570090,-0.300000,1.000000,1.100000,0.000000,0.000000,-1.571000,-0.299898,1.003853,1.065203,1.494094
4.726000,-0.000102,-0.003855,0.034797,-0.000031,-0.005645,-0.037326,-0.000000,-0.001015,1.570090,-0.300000,1.000000,1.100000,0.000000,0.000000,-1.571000,-0.299898,1.003855,1.065203,1.494095
4.728000,-0.000102,-0.003856,0.034797,-0.000031,-0.005645,-0.037326,-0.000000,-0.001015,1.570090,-0.300000,1.000000,1.100000,0.000000,0.000000,-1.571000,-0.299898,1.003856,1.065203,1.494096
4.730000,-0.000102,-0.003858,0.034797,-0.000031,-0.005645,-0.037326,-0.000000,-0.001015,1.570090,-0.300000,1.000000,1.100000,0.000000,0.000000,-1.571000,-0.299898,1.003858,1.065203,1.494097
4.732000,-0.000102,-0.003860,0.034797,-0.000031,-0.005645,-0.037326,-0.000000,-0.001015,1.570090,-0.300000,1.000000,1.100000,0.000000,0.000000,-1.571000,-0.299898,1.003860,1.065203,1.494098
4.734000,-0.000102,-0.003861,0.034797,-0.000031,-0.005645,-0.037326,-0.000000,-0.001015,1.570090,-0.300000,1.000000,1.100000,0.000000,0.000000,-1.571000,-0.299898,1.003861,1.065203,1.494100
4.736000,-0.000102,-0.003863,0.034797,-0.000031,-0.005645,-0.037326,-0.000000,-0.001015,1.570090,-0.300000,1.000000,1.100000,0.000000,0.000000,-1.571000,-0.299898,1.003863,1.065203,1.494101
4.738000,-0.000102,-0.003865,0.034797,-0.000031,-0.005645,-0.037326,-0.000000,-0.001015,1.570090,-0.300000,1.000000,1.100000,0.000000,0.000000,-1.571000,-0.299898,1.003865,1.065203,1.494102
4.740000,-0.000102,-0.003866,0.034797,-0.000031,-0.005645,-0.037326,-0.000000,-0.001015,1.570090,-0.300000,1.000000,1.100000,0.000000,0.000000,-1.571000,-0.299898,1.003866,1.065203,1.494103
4.742000,-0.000102,-0.003868,0.034797,-0.000031,-0.005645,-0.037326,-0.000000,-0.001015,1.570090,-0.300000,1.000000,1.100000,0.000000,0.000000,-1.571000,-0.299898,1.003868,1.065203,1.494104
4.744000,-0.000103,-0.003870,0.034797,-0.000031,-0.005645,-0.037326,-0.000000,-0.001015,1.570090,-0.300000,1.000000,1.100000,0.000000,0.000000,-1.571000,-0.299897,1.003870,1.065203,1.494105
4.746000,-0.000103,-0.003872,0.034797,-0.000031,-0.005645,-0.037326,-0.000000,-0.001015,1.570090,-0.300000,1.000000,1.100000,0.000000,0.000000,-1.571000,-0.299897,1.003872,1.065203,1.494106
4.748000,-0.000103,-0.003873,0.034797,-0.000031,-0.005645,-0.037326,-0.000000,-0.001015,1.570091,-0.300000,1.000000,1.100000,0.000000,0.000000,-1.571000,-0.299897,1.003873,1.065203,1.494107
4.750000,-0.000103,-0.003875,0.034797,-0.000031,-0.005645,-0.037326,-0.000000,-0.001015,1.570091,-0.300000,1.000000,1.100000,0.000000,0.000000,-1.571000,-0.299897,1.003875,1.065203,1.494109
4.752000,-0.000103,-0.003877,0.034797,-0.000031,-0.005645,-0.037326,-0.000000,-0.001015,1.570091,-0.300000,1.000000,1.100000,0.000000,0.000000,-1.571000,-0.299897,1.003877,1.065203,1.494110
4.754000,-0.000103,-0.003878,0.034797,-0.000031,-0.005645,-0.037326,-0.000000,-0.001015,1.570091,-0.300000,1.000000,1.100000,0.000000,0.000000,-1.571000,-0.299897,1.003878,1.065203,1.494111
4.756000,-0.000103,-0.003880,0.034797,-0.000031,-0.005645,-0.037326,-0.000000,-0.001015,1.570091,-0.300000,1.000000,1.100000,0.000000,0.000000,-1.571000,-0.299897,1.003880,1.065203,1.494112
4.758000,-0.000103,-0.003882,0.034797,-0.000031,-0.005645,-0.037326,-0.000000,-0.001015,1.570091,-0.300000,1.000000,1.100000,0.000000,0.000000,-1.571000,-0.299897,1.003882,1.065203,1.494113
4.760000,-0.000103,-0.003883,0.034797,-0.000031,-0.005645,-0.037326,-0.000000,-0.001015,1.570091,-0.300000,1.000000,1.100000,0.000000,0.000000,-1.571000,-0.299897,1.003883,1.065203,1.494114
4.762000,-0.000103,-0.003885,0.034797,-0.000031,-0.005645,-0.037326,-0.000000,-0.001015,1.570091,-0.300000,1.000000,1.100000,0.000000,0.000000,-1.571000,-0.299897,1.003885,1.065203,1.494115
4.764000,-0.000103,-0.003887,0.034797,-0.000031,-0.005645,-0.037326,-0.000000,-0.001015,1.570091,-0.300000,1.000000,1.100000,0.000000,0.000000,-1.571000,-0.299897,1.003887,1.065203,1.494116
4.766000,-0.000103,-0.003888,0.034797,-0.000031,-0.005645,-0.037326,-0.000000,-0.001015,1.570091,-0.300000,1.000000,1.100000,0.000000,0.000000,-1.571000,-0.299897,1.003888,1.065203,1.494117
4.768000,-0.000103,-0.003890,0.034797,-0.000031,-0.005645,-0.037326,-0.000000,-0.001015,1.570091,-0.300000,1.000000,1.100000,0.000000,0.000000,-1.571000,-0.299897,1.003890,1.065203,1.494119
4.770000,-0.000103,-0.003892,0.034797,-0.000031,-0.005645,-0.037326,-0.000000,-0.001015,1.570091,-0.300000,1.000000,1.100000,0.000000,0.000000,-1.571000,-0.299897,1.003892,1.065203,1.494120
4.772000,-0.000103,-0.003893,0.034797,-0.000031,-0.005645,-0.037326,-0.000000,-0.001015,1.570091,-0.300000,1.000000,1.100000,0.000000,0.000000,-1.571000,-0.299897,1.003893,1.065203,1.494121
4.774000,-0.000103,-0.003895,0.034797,-0.000031,-0.005645,-0.037326,-0.000000,-0.001015,1.570091,-0.300000,1.000000,1.100000,0.000000,0.000000,-1.571000,-0.299897,1.003895,1.065203,1.494122
4.776000,-0.000103,-0.003897,0.034797,-0.000031,-0.005645,-0.037326,-0.000000,-0.001015,1.570091,-0.300000,1.000000,1.100000,0.000000,0.000000,-1.571000,-0.299897,1.003897,1.065203,1.494123
4.778000,-0.000103,-0.003898,0.034797,-0.000031,-0.005645,-0.037326,-0.000000,-0.001015,1.570091,-0.300000,1.000000,1.100000,0.000000,0.000000,-1.571000,-0.299897,1.003898,1.065203,1.494124
4.780000,-0.000103,-0.003900,0.034797,-0.000031,-0.005645,-0.037326,-0.000000,-0.001015,1.570091,-0.300000,1.000000,1.100000,0.000000,0.000000,-1.571000,-0.299897,1.003900,1.065203,1.494125
4.782000,-0.000103,-0.003902,0.034797,-0.000031,-0.005645,-0.037326,-0.000000,-0.001015,1.570091,-0.300000,1.000000,1.100000,0.000000,0.000000,-1.571000,-0.299897,1.003902,1.065203,1.494126
4.784000,-0.000103,-0.003903,0.034797,-0.000031,-0.005645,-0.037326,-0.000000,-0.001015,1.570091,-0.300000,1.000000,1.100000,0.000000,0.000000,-1.571000,-0.299897,1.003903,1.065203,1.494128
4.786000,-0.000103,-0.003905,0.034797,-0.000031,-0.005645,-0.037326,-0.000000,-0.001015,1.570091,-0.300000,1.000000,1.100000,0.000000,0.000000,-1.571000,-0.299897,1.003905,1.065203,1.494129
4.788000,-0.000103,-0.003907,0.034797,-0.000031,-0.005645,-0.037326,-0.000000,-0.001015,1.570091,-0.300000,1.000000,1.100000,0.000000,0.000000,-1.571000,-0.299897,1.003907,1.065203,1.494130
4.790000,-0.000104,-0.003908,0.034797,-0.000031,-0.005645,-0.037326,-0.000000,-0.001015,1.570091,-0.300000,1.000000,1.100000,0.000000,0.000000,-1.571000,-0.299896,1.003908,1.065203,1.494131
4.792000,-0.000104,-0.003910,0.034797,-0.000031,-0.005645,-0.037326,-0.000000,-0.001015,1.570091,-0.300000,1.000000,1.100000,0.000000,0.000000,-1.571000,-0.299896,1.003910,1.065203,1.494132
4.794000,-0.000104,-0.003912,0.034797,-0.000031,-0.005645,-0.037326,-0.000000,-0.001015,1.570091,-0.300000,1.000000,1.100000,0.000000,0.000000,-1.571000,-0.299896,1.003912,1.065203,1.494133
4.796000,-0.000104,-0.003913,0.034797,-0.000031,-0.005645,-0.037326,-0.000000,-0.001015,1.570091,-0.300000,1.000000,1.100000,0.000000,0.000000,-1.571000,-0.299896,1.003913,1.065203,1.494134
4.798000,-0.000104,-0.003915,0.034797,-0.000031,-0.005645,-0.037326,-0.000000,-0.001015,1.570091,-0.300000,1.000000,1.100000,0.000000,0.000000,-1.571000,-0.299896,1.003915,1.065203,1.494135
4.800000,-0.000104,-0.003917,0.034797,-0.000031,-0.005645,-0.037326,-0.000000,-0.001015,1.570092,-0.300000,1.000000,1.100000,0.000000,0.000000,-1.571000,-0.299896,1.003917,1.065203,1.494136
4.802000,-0.000104,-0.003918,0.034797,-0.000031,-0.005645,-0.037326,-0.000000,-0.001015,1.570092,-0.300000,1.000000,1.100000,0.000000,0.000000,-1.571000,-0.299896,1.003918,1.065203,1.494138
4.804000,-0.000104,-0.003920,0.034797,-0.000031,-0.005645,-0.037326,-0.000000,-0.001015,1.570092,-0.300000,1.000000,1.100000,0.000000,0.000000,-1.571000,-0.299896,1.003920,1.065203,1.494139
4.806000,-0.000104,-0.003922,0.034797,-0.000031,-0.005645,-0.037326,-0.000000,-0.001015,1.570092,-0.300000,1.000000,1.100000,0.000000,0.000000,-1.571000,-0.299896,1.003922,1.065203,1.494140
4.808000,-0.000104,-0.003923,0.034797,-0.000031,-0.005645,-0.037326,-0.000000,-0.001015,1.570092,-0.300000,1.000000,1.100000,0.000000,0.000000,-1.571000,-0.299896,1.003923,1.065203,1.494141
4.810000,-0.000104,-0.003925,0.034797,-0.000031,-0.005645,-0.037326,-0.000000,-0.001015,1.570092,-0.300000,1.000000,1.100000,0.000000,0.000000,-1.571000,-0.299896,1.003925,1.065203,1.494142
4.812000,-0.000104,-0.003927,0.034797,-0.000031,-0.005645,-0.037326,-0.000000,-0.001015,1.570092,-0.300000,1.000000,1.100000,0.000000,0.000000,-1.571000,-0.299896,1.003927,1.065203,1.494143
4.814000,-0.000104,-0.003928,0.034797,-0.000031,-0.005645,-0.037326,-0.000000,-0.001015,1.570092,-0.300000,1.000000,1.100000,0.000000,0.000000,-1.571000,-0.299896,1.003928,1.065203,1.494144
4.816000,-0.000104,-0.003930,0.034797,-0.000031,-0.005645,-0.037326,-0.000000,-0.001015,1.570092,-0.300000,1.000000,1.100000,0.000000,0.000000,-1.571000,-0.299896,1.003930,1.065203,1.494145
4.818000,-0.000104,-0.003932,0.034797,-0.000031,-0.005645,-0.037326,-0.000000,-0.001015,1.570092,-0.300000,1.000000,1.100000,0.000000,0.000000,-1.571000,-0.299896,1.003932,1.065203,1.494146
4.820000,-0.000104,-0.003933,0.034797,-0.000031,-0.005645,-0.037326,-0.000000,-0.001015,1.570092,-0.300000,1.000000,1.100000,0.000000,0.000000,-1.571000,-0.299896,1.003933,1.065203,1.494148
4.822000,-0.000104,-0.003935,0.034797,-0.000031,-0.005645,-0.037326,-0.000000,-0.001015,1.570092,-0.300000,1.000000,1.100000,0.000000,0.000000,-1.571000,-0.299896,1.003935,1.065203,1.494149
4.824000,-0.000104,-0.003937,0.034797,-0.000031,-0.005645,-0.037326,-0.000000,-0.001015,1.570092,-0.300000,1.000000,1.100000,0.000000,0.000000,-1.571000,-0.299896,1.003937,1.065203,1.494150
4.826000,-0.000104,-0.003938,0.034797,-0.000031,-0.005645,-0.037326,-0.000000,-0.001015,1.570092,-0.300000,1.000000,1.100000,0.000000,0.000000,-1.571000,-0.299896,1.003938,1.065203,1.494151
4.828000,-0.000104,-0.003940,0.034797,-0.000031,-0.005645,-0.037326,-0.000000,-0.001015,1.570092,-0.300000,1.000000,1.100000,0.000000,0.000000,-1.571000,-0.299896,1.003940,1.065203,1.494152
4.830000,-0.000104,-0.003942,0.034797,-0.000031,-0.005645,-0.037326,-0.000000,-0.001015,1.570092,-0.300000,1.000000,1.100000,0.000000,0.000000,-1.571000,-0.299896,1.003942,1.065203,1.494153
4.832000,-0.000104,-0.003944,0.034797,-0.000031,-0.005645,-0.037326,-0.000000,-0.001015,1.570092,-0.300000,1.000000,1.100000,0.000000,0.000000,-1.571000,-0.299896,1.003944,1.065203,1.494154
4.834000,-0.000105,-0.003945,0.034797,-0.000031,-0.005645,-0.037326,-0.000000,-0.001015,1.570092,-0.300000,1.000000,1.100000,0.000000,0.000000,-1.571000,-0.299895,1.003945,1.065203,1.494155
4.836000,-0.000105,-0.003947,0.034797,-0.000031,-0.005645,-0.037326,-0.000000,-0.001015,1.570092,-0.300000,1.000000,1.100000,0.000000,0.000000,-1.571000,-0.299895,1.003947,1.065203,1.494157
4.838000,-0.000105,-0.003949,0.034797,-0.000031,-0.005645,-0.037326,-0.000000,-0.001015,1.570092,-0.300000,1.000000,1.100000,0.000000,0.000000,-1.571000,-0.299895,1.003949,1.065203,1.494158
4.840000,-0.000105,-0.003950,0.034797,-0.000031,-0.005645,-0.037326,-0.000000,-0.001015,1.570092,-0.300000,1.000000,1.100000,0.000000,0.000000,-1.571000,-0.299895,1.003950,1.065203,1.494159
4.842000,-0.000105,-0.003952,0.034797,-0.000031,-0.005645,-0.037326,-0.000000,-0.001015,1.570092,-0.300000,1.000000,1.100000,0.000000,0.000000,-1.571000,-0.299895,1.003952,1.065203,1.494160
4.844000,-0.000105,-0.003954,0.034797,-0.000031,-0.005645,-0.037326,-0.000000,-0.001015,1.570092,-0.300000,1.000000,1.100000,0.000000,0.000000,-1.571000,-0.299895,1.003954,1.065203,1.494161
4.846000,-0.000105,-0.003955,0.034797,-0.000031,-0.005645,-0.037326,-0.000000,-0.001015,1.570092,-0.300000,1.000000,1.100000,0.000000,0.000000,-1.571000,-0.299895,1.003955,1.065203,1.494162
4.848000,-0.000105,-0.003957,0.034797,-0.000031,-0.005645,-0.037326,-0.000000,-0.001015,1.570092,-0.300000,1.000000,1.100000,0.000000,0.000000,-1.571000,-0.299895,1.003957,1.065203,1.494163
4.850000,-0.000105,-0.003959,0.034797,-0.000031,-0.005645,-0.037326,-0.000000,-0.001015,1.570093,-0.300000,1.000000,1.100000,0.000000,0.000000,-1.571000,-0.299895,1.003959,1.065203,1.494164
4.852000,-0.000105,-0.003960,0.034797,-0.000031,-0.005645,-0.037326,-0.000000,-0.001015,1.570093,-0.300000,1.000000,1.100000,0.000000,0.000000,-1.571000,-0.299895,1.003960,1.065203,1.494165
4.854000,-0.000105,-0.003962,0.034797,-0.000031,-0.005645,-0.037326,-0.000000,-0.001015,1.570093,-0.300000,1.000000,1.100000,0.000000,0.000000,-1.571000,-0.299895,1.003962,1.065203,1.494167
4.856000,-0.000105,-0.003964,0.034797,-0.000031,-0.005645,-0.037326,-0.000000,-0.001015,1.570093,-0.300000,1.000000,1.100000,0.000000,0.000000,-1.571000,-0.299895,1.003964,1.065203,1.494168
4.858000,-0.000105,-0.003965,0.034797,-0.000031,-0.005645,-0.037326,-0.000000,-0.001015,1.570093,-0.300000,1.000000,1.100000,0.000000,0.000000,-1.571000,-0.299895,1.003965,1.065203,1.494169
4.860000,-0.000105,-0.003967,0.034797,-0.000031,-0.005645,-0.037326,-0.000000,-0.001015,1.570093,-0.300000,1.000000,1.100000,0.000000,0.000000,-1.571000,-0.299895,1.003967,1.065203,1.494170
4.862000,-0.000105,-0.003969,0.034797,-0.000031,-0.005645,-0.037326,-0.000000,-0.001015,1.570093,-0.300000,1.000000,1.100000,0.000000,0.000000,-1.571000,-0.299895,1.003969,1.065203,1.494171
4.864000,-0.000105,-0.003970,0.034797,-0.000031,-0.005645,-0.037326,-0.000000,-0.001015,1.570093,-0.300000,1.000000,1.100000,0.000000,0.000000,-1.571000,-0.299895,1.003970,1.065203,1.494172
4.866000,-0.000105,-0.003972,0.034797,-0.000031,-0.005645,-0.037326,-0.000000,-0.001015,1.570093,-0.300000,1.000000,1.100000,0.000000,0.000000,-1.571000,-0.299895,1.003972,1.065203,1.494173
4.868000,-0.000105,-0.003974,0.034797,-0.000031,-0.005645,-0.037326,-0.000000,-0.001015,1.570093,-0.300000,1.000000,1.100000,0.000000,0.000000,-1.571000,-0.299895,1.003974,1.065203,1.494174
4.870000,-0.000105,-0.003975,0.034797,-0.000031,-0.005643,-0.037307,-0.000000,-0.001015,1.570093,-0.300000,1.000000,1.100000,0.000000,0.000000,-1.571000,-0.299895,1.003975,1.065203,1.494175
4.872000,-0.000105,-0.003977,0.034797,-0.000031,-0.005631,-0.037251,-0.000000,-0.001014,1.570093,-0.300000,1.000000,1.100000,0.000000,0.000000,-1.571000,-0.299895,1.003977,1.065203,1.494176
4.874000,-0.000105,-0.003978,0.034797,-0.000028,-0.005596,-0.037174,-0.000000,-0.001013,1.570093,-0.300000,1.000000,1.100000,0.000000,0.000000,-1.571000,-0.299895,1.003978,1.065203,1.494177
4.876000,-0.000105,-0.003980,0.034798,-0.000025,-0.005543,-0.037083,-0.000000,-0.001011,1.570093,-0.300000,1.000000,1.100000,0.000000,0.000000,-1.571000,-0.299895,1.003980,1.065202,1.494178
4.878000,-0.000105,-0.003981,0.034798,-0.000023,-0.005473,-0.036981,-0.000000,-0.001010,1.570093,-0.300000,1.000000,1.100000,0.000000,0.000000,-1.571000,-0.299895,1.003981,1.065202,1.494179
4.880000,-0.000106,-0.003982,0.034799,-0.000022,-0.005388,-0.036874,-0.000000,-0.001007,1.570093,-0.300000,1.000000,1.100000,0.000000,0.000000,-1.571000,-0.299894,1.003982,1.065201,1.494179
4.882000,-0.000106,-0.003983,0.034799,-0.000021,-0.005288,-0.036765,-0.000000,-0.001005,1.570093,-0.300000,1.000000,1.100000,0.000000,0.000000,-1.571000,-0.299894,1.003983,1.065201,1.494180
4.884000,-0.000106,-0.003984,0.034800,-0.000018,-0.005174,-0.036665,-0.000000,-0.001002,1.570093,-0.300000,1.000000,1.100000,0.000000,0.000000,-1.571000,-0.299894,1.003984,1.065200,1.494180
4.886000,-0.000106,-0.003985,0.034800,-0.000013,-0.005051,-0.036579,-0.000000,-0.001000,1.570093,-0.300000,1.000000,1.100000,0.000000,0.000000,-1.571000,-0.299894,1.003985,1.065200,1.494180
4.888000,-0.000106,-0.003985,0.034801,-0.000010,-0.004918,-0.036504,-0.000000,-0.000997,1.570093,-0.300000,1.000000,1.100000,0.000000,0.000000,-1.571000,-0.299894,1.003985,1.065199,1.494180
4.890000,-0.000106,-0.003985,0.034801,-0.000007,-0.004778,-0.036439,-0.000000,-0.000995,1.570093,-0.300000,1.000000,1.100000,0.000000,0.000000,-1.571000,-0.299894,1.003985,1.065199,1.494179
4.892000,-0.000106,-0.003985,0.034801,-0.000005,-0.004630,-0.036381,-0.000000,-0.000993,1.570093,-0.300000,1.000000,1.100000,0.000000,0.000000,-1.571000,-0.299894,1.003985,1.065199,1.494179
4.894000,-0.000106,-0.003985,0.034802,-0.000002,-0.004477,-0.036330,-0.000000,-0.000991,1.570093,-0.300000,1.000000,1.100000,0.000000,0.000000,-1.571000,-0.299894,1.003985,1.065198,1.494178
4.896000,-0.000106,-0.003984,0.034802,0.000005,-0.004317,-0.036285,-0.000000,-0.000990,1.570093,-0.300000,1.000000,1.100000,0.000000,0.000000,-1.571000,-0.299894,1.003984,1.065198,1.494178
4.898000,-0.000106,-0.003983,0.034802,0.000008,-0.004155,-0.036265,-0.000000,-0.000988,1.570093,-0.300000,1.000000,1.100000,0.000000,0.000000,-1.571000,-0.299894,1.003983,1.065198,1.494177
4.900000,-0.000106,-0.003981,0.034803,0.000017,-0.003991,-0.036274,-0.000000,-0.000988,1.570093,-0.300000,1.000000,1.100000,0.000000,0.000000,-1.571000,-0.299894,1.003981,1.065197,1.494176
4.902000,-0.000106,-0.003980,0.034803,0.000021,-0.003968,-0.036287,-0.000000,-0.000987,1.570093,-0.300000,1.000000,1.100000,0.000000,0.000000,-1.571000,-0.299894,1.003980,1.065197,1.494174
4.904000,-0.000105,-0.003978,0.034803,0.000022,-0.003965,-0.036292,-0.000000,-0.000987,1.570093,-0.300000,1.000000,1.100000,0.000000,0.000000,-1.571000,-0.299895,1.003978,1.065197,1.494173
4.906000,-0.000105,-0.003976,0.034803,0.000022,-0.003963,-0.036288,-0.000000,-0.000986,1.570093,-0.300000,1.000000,1.100000,0.000000,0.000000,-1.571000,-0.299895,1.003976,1.065197,1.494172
4.908000,-0.000105,-0.003975,0.034803,0.000022,-0.003961,-0.036281,-0.000000,-0.000986,1.570094,-0.300000,1.000000,1.100000,0.000000,0.000000,-1.571000,-0.299895,1.003975,1.065197,1.494171
4.910000,-0.000105,-0.003973,0.034803,0.000022,-0.003959,-0.036271,-0.000000,-0.000986,1.570094,-0.300000,1.000000,1.100000,0.000000,0.000000,-1.571000,-0.299895,1.003973,1.065197,1.494170
4.912000,-0.000105,-0.003971,0.034803,0.000022,-0.003957,-0.036260,-0.000000,-0.000986,1.570094,-0.300000,1.000000,1.100000,0.000000,0.000000,-1.571000,-0.299895,1.003971,1.065197,1.494169
4.914000,-0.000105,-0.003970,0.034803,0.000022,-0.003954,-0.036249,-0.000000,-0.000985,1.570094,-0.300000,1.000000,1.100000,0.000000,0.000000,-1.571000,-0.299895,1.003970,1.065197,1.494168
4.916000,-0.000105,-0.003968,0.034803,0.000022,-0.003952,-0.036238,-0.000000,-0.000985,1.570094,-0.300000,1.000000,1.100000,0.000000,0.000000,-1.571000,-0.299895,1.003968,1.065197,1.494166
4.918000,-0.000105,-0.003966,0.034803,0.000022,-0.003951,-0.036227,-0.000000,-0.000985,1.570094,-0.300000,1.000000,1.100000,0.000000,0.000000,-1.571000,-0.299895,1.003966,1.065197,1.494165
4.920000,-0.000105,-0.003965,0.034803,0.000022,-0.003949,-0.036217,-0.000000,-0.000985,1.570094,-0.300000,1.000000,1.100000,0.000000,0.000000,-1.571000,-0.299895,1.003965,1.065197,1.494164
4.922000,-0.000105,-0.003963,0.034803,0.000022,-0.003947,-0.036208,-0.000000,-0.000984,1.570094,-0.300000,1.000000,1.100000,0.000000,0.000000,-1.571000,-0.299895,1.003963,1.065197,1.494163
4.924000,-0.000105,-0.003961,0.034803,0.000022,-0.003946,-0.036200,-0.000000,-0.000984,1.570094,-0.300000,1.000000,1.100000,0.000000,0.000000,-1.571000,-0.299895,1.003961,1.065197,1.494162
4.926000,-0.000105,-0.003960,0.034803,0.000022,-0.003945,-0.036192,-0.000000,-0.000984,1.570094,-0.300000,1.000000,1.100000,0.000000,0.000000,-1.571000,-0.299895,1.003960,1.065197,1.494161
4.928000,-0.000105,-0.003958,0.034803,0.000022,-0.003943,-0.036185,-0.000000,-0.000984,1.570094,-0.300000,1.000000,1.100000,0.000000,0.000000,-1.571000,-0.299895,1.003958,1.065197,1.494160
4.930000,-0.000105,-0.003956,0.034803,0.000022,-0.003942,-0.036178,-0.000000,-0.000983,1.570094,-0.300000,1.000000,1.100000,0.000000,0.000000,-1.571000,-0.299895,1.003956,1.065197,1.494158
4.932000,-0.000105,-0.003955,0.034803,0.000022,-0.003941,-0.036172,-0.000000,-0.000983,1.570094,-0.300000,1.000000,1.100000,0.000000,0.000000,-1.571000,-0.299895,1.003955,1.065197,1.494157
4.934000,-0.000105,-0.003953,0.034803,0.000022,-0.003940,-0.036167,-0.000000,-0.000983,1.570094,-0.300000,1.000000,1.100000,0.000000,0.000000,-1.571000,-0.299895,1.003953,1.065197,1.494156
4.936000,-0.000105,-0.003951,0.034803,0.000022,-0.003939,-0.036162,-0.000000,-0.000983,1.570094,-0.300000,1.000000,1.100000,0.000000,0.000000,-1.571000,-0.299895,1.003951,1.065197,1.494155
4.938000,-0.000105,-0.003950,0.034804,0.000022,-0.003939,-0.036157,-0.000000,-0.000983,1.570094,-0.300000,1.000000,1.100000,0.000000,0.000000,-1.571000,-0.299895,1.003950,1.065196,1.494154
4.940000,-0.000105,-0.003948,0.034804,0.000022,-0.003938,-0.036152,-0.000000,-0.000982,1.570094,-0.300000,1.000000,1.100000,0.000000,0.000000,-1.571000,-0.299895,1.003948,1.065196,1.494153
4.942000,-0.000105,-0.003946,0.034804,0.000022,-0.003937,-0.036148,-0.000000,-0.000982,1.570094,-0.300000,1.000000,1.100000,0.000000,0.000000,-1.571000,-0.299895,1.003946,1.065196,1.494151
4.944000,-0.000105,-0.003945,0.034804,0.000022,-0.003936,-0.036144,-0.000000,-0.000982,1.570094,-0.300000,1.000000,1.100000,0.000000,0.000000,-1.571000,-0.299895,1.003945,1.065196,1.494150
4.946000,-0.000105,-0.003943,0.034804,0.000022,-0.003936,-0.036141,-0.000000,-0.000982,1.570094,-0.300000,1.000000,1.100000,0.000000,0.000000,-1.571000,-0.299895,1.003943,1.065196,1.494149
4.948000,-0.000105,-0.003941,0.034804,0.000022,-0.003935,-0.036138,-0.000000,-0.000982,1.570094,-0.300000,1.000000,1.100000,0.000000,0.000000,-1.571000,-0.299895,1.003941,1.065196,1.494148
4.950000,-0.000104,-0.003939,0.034804,0.000022,-0.003935,-0.036135,-0.000000,-0.000982,1.570094,-0.300000,1.000000,1.100000,0.000000,0.000000,-1.571000,-0.299896,1.003939,1.065196,1.494147
4.952000,-0.000104,-0.003938,0.034804,0.000022,-0.003934,-0.036132,-0.000000,-0.000982,1.570094,-0.300000,1.000000,1.100000,0.000000,0.000000,-1.571000,-0.299896,1.003938,1.065196,1.494146
4.954000,-0.000104,-0.003936,0.034804,0.000022,-0.003934,-0.036129,-0.000000,-0.000982,1.570094,-0.300000,1.000000,1.100000,0.000000,0.000000,-1.571000,-0.299896,1.003936,1.065196,1.494145
4.956000,-0.000104,-0.003934,0.034804,0.000022,-0.003933,-0.036127,-0.000000,-0.000982,1.570094,-0.300000,1.000000,1.100000,0.000000,0.000000,-1.571000,-0.299896,1.003934,1.065196,1.494144
4.958000,-0.000104,-0.003933,0.034804,0.000022,-0.003933,-0.036124,-0.000000,-0.000982,1.570094,-0.300000,1.000000,1.100000,0.000000,0.000000,-1.571000,-0.299896,1.003933,1.065196,1.494142
4.960000,-0.000104,-0.003931,0.034804,0.000022,-0.003933,-0.036122,-0.000000,-0.000981,1.570095,-0.300000,1.000000,1.100000,0.000000,0.000000,-1.571000,-0.299896,1.003931,1.065196,1.494141
4.962000,-0.000104,-0.003929,0.034804,0.000022,-0.003932,-0.036120,-0.000000,-0.000981,1.570095,-0.300000,1.000000,1.100000,0.000000,0.000000,-1.571000,-0.299896,1.003929,1.065196,1.494140
4.964000,-0.000104,-0.003928,0.034804,0.000022,-0.003932,-0.036118,-0.000000,-0.000981,1.570095,-0.300000,1.000000,1.100000,0.000000,0.000000,-1.571000,-0.299896,1.003928,1.065196,1.494139
4.966000,-0.000104,-0.003926,0.034804,0.000022,-0.003931,-0.036116,-0.000000,-0.000981,1.570095,-0.300000,1.000000,1.100000,0.000000,0.000000,-1.571000,-0.299896,1.003926,1.065196,1.494138
4.968000,-0.000104,-0.003924,0.034804,0.000022,-0.003931,-0.036114,-0.000000,-0.000981,1.570095,-0.300000,1.000000,1.100000,0.000000,0.000000,-1.571000,-0.299896,1.003924,1.065196,1.494137
4.970000,-0.000104,-0.003923,0.034804,0.000022,-0.003931,-0.036112,-0.000000,-0.000981,1.570095,-0.300000,1.000000,1.100000,0.000000,0.000000,-1.571000,-0.299896,1.003923,1.065196,1.494136
4.972000,-0.000104,-0.003921,0.034804,0.000022,-0.003930,-0.036110,-0.000000,-0.000981,1.570095,-0.300000,1.000000,1.100000,0.000000,0.000000,-1.571000,-0.299896,1.003921,1.065196,1.494134
4.974000,-0.000104,-0.003919,0.034804,0.000022,-0.003930,-0.036108,-0.000000,-0.000981,1.570095,-0.300000,1.000000,1.100000,0.000000,0.000000,-1.571000,-0.299896,1.003919,1.065196,1.494133
4.976000,-0.000104,-0.003918,0.034804,0.000022,-0.003930,-0.036107,-0.000000,-0.000981,1.570095,-0.300000,1.000000,1.100000,0.000000,0.000000,-1.571000,-0.299896,1.003918,1.065196,1.494132
4.978000,-0.000104,-0.003916,0.034804,0.000022,-0.003930,-0.036106,-0.000000,-0.000981,1.570095,-0.300000,1.000000,1.100000,0.000000,0.000000,-1.571000,-0.299896,1.003916,1.065196,1.494131
4.980000,-0.000104,-0.003914,0.034804,0.000022,-0.003930,-0.036104,-0.000000,-0.000981,1.570095,-0.300000,1.000000,1.100000,0.000000,0.000000,-1.571000,-0.299896,1.003914,1.065196,1.494130
4.982000,-0.000104,-0.003912,0.034804,0.000022,-0.003929,-0.036103,-0.000000,-0.000981,1.570095,-0.300000,1.000000,1.100000,0.000000,0.000000,-1.571000,-0.299896,1.003912,1.065196,1.494129
4.984000,-0.000104,-0.003911,0.034804,0.000022,-0.003929,-0.036102,-0.000000,-0.000981,1.570095,-0.300000,1.000000,1.100000,0.000000,0.000000,-1.571000,-0.299896,1.003911,1.065196,1.494128
4.986000,-0.000104,-0.003909,0.034804,0.000022,-0.003929,-0.036101,-0.000000,-0.000981,1.570095,-0.300000,1.000000,1.100000,0.000000,0.000000,-1.571000,-0.299896,1.003909,1.065196,1.494127
4.988000,-0.000104,-0.003907,0.034804,0.000022,-0.003929,-0.036101,-0.000000,-0.000981,1.570095,-0.300000,1.000000,1.100000,0.000000,0.000000,-1.571000,-0.299896,1.003907,1.065196,1.494125
4.990000,-0.000104,-0.003906,0.034804,0.000022,-0.003929,-0.036100,-0.000000,-0.000981,1.570095,-0.300000,1.000000,1.100000,0.000000,0.000000,-1.571000,-0.299896,1.003906,1.065196,1.494124
4.992000,-0.000104,-0.003904,0.034804,0.000022,-0.003929,-0.036099,-0.000000,-0.000981,1.570095,-0.300000,1.000000,1.100000,0.000000,0.000000,-1.571000,-0.299896,1.003904,1.065196,1.494123
4.994000,-0.000103,-0.003902,0.034804,0.000022,-0.003929,-0.036099,-0.000000,-0.000981,1.570095,-0.300000,1.000000,1.100000,0.000000,0.000000,-1.571000,-0.299897,1.003902,1.065196,1.494122
4.996000,-0.000103,-0.003901,0.034804,0.000022,-0.003928,-0.036098,-0.000000,-0.000981,1.570095,-0.300000,1.000000,1.100000,0.000000,0.000000,-1.571000,-0.299897,1.003901,1.065196,1.494121
4.998000,-0.000103,-0.003899,0.034804,0.000022,-0.003928,-0.036098,-0.000000,-0.000981,1.570095,-0.300000,1.000000,1.100000,0.000000,0.000000,-1.571000,-0.299897,1.003899,1.065196,1.494120
5.000000,-0.000103,-0.003897,0.034804,0.000022,-0.003928,-0.036097,-0.000000,-0.000981,1.570095,-0.300000,1.000000,1.100000,0.000000,0.000000,-1.571000,-0.299897,1.003897,1.065196,1.494119
5.002000,-0.000103,-0.003896,0.034804,0.000022,-0.003928,-0.036097,-0.000000,-0.000981,1.570095,-0.300000,1.000000,1.100000,0.000000,0.000000,-1.571000,-0.299897,1.003896,1.065196,1.494117
5.004000,-0.000103,-0.003894,0.034804,0.000022,-0.003928,-0.036096,-0.000000,-0.000981,1.570095,-0.300000,1.000000,1.100000,0.000000,0.000000,-1.571000,-0.299897,1.003894,1.065196,1.494116
5.006000,-0.000103,-0.003892,0.034804,0.000022,-0.003928,-0.036096,-0.000000,-0.000981,1.570095,-0.300000,1.000000,1.100000,0.000000,0.000000,-1.571000,-0.299897,1.003892,1.065196,1.494115
5.008000,-0.000103,-0.003890,0.034804,0.000022,-0.003928,-0.036096,-0.000000,-0.000981,1.570095,-0.300000,1.000000,1.100000,0.000000,0.000000,-1.571000,-0.299897,1.003890,1.065196,1.494114
5.010000,-0.000103,-0.003889,0.034804,0.000022,-0.003928,-0.036095,-0.000000,-0.000981,1.570096,-0.300000,1.000000,1.100000,0.000000,0.000000,-1.571000,-0.299897,1.003889,1.065196,1.494113
5.012000,-0.000103,-0.003887,0.034804,0.000022,-0.003928,-0.036095,-0.000000,-0.000981,1.570096,-0.300000,1.000000,1.100000,0.000000,0.000000,-1.571000,-0.299897,1.003887,1.065196,1.494112
5.014000,-0.000103,-0.003885,0.034804,0.000022,-0.003928,-0.036095,-0.000000,-0.000981,1.570096,-0.300000,1.000000,1.100000,0.000000,0.000000,-1.571000,-0.299897,1.003885,1.065196,1.494111
5.016000,-0.000103,-0.003884,0.034804,0.000022,-0.003928,-0.036095,-0.000000,-0.000981,1.570096,-0.300000,1.000000,1.100000,0.000000,0.000000,-1.571000,-0.299897,1.003884,1.065196,1.494110
5.018000,-0.000103,-0.003882,0.034804,0.000022,-0.003928,-0.036094,-0.000000,-0.000981,1.570096,-0.300000,1.000000,1.100000,0.000000,0.000000,-1.571000,-0.299897,1.003882,1.065196,1.494108
5.020000,-0.000103,-0.003880,0.034804,0.000022,-0.003928,-0.036094,-0.000000,-0.000981,1.570096,-0.300000,1.000000,1.100000,0.000000,0.000000,-1.571000,-0.299897,1.003880,1.065196,1.494107
5.022000,-0.000103,-0.003879,0.034804,0.000022,-0.003928,-0.036094,-0.000000,-0.000981,1.570096,-0.300000,1.000000,1.100000,0.000000,0.000000,-1.571000,-0.299897,1.003879,1.065196,1.494106
5.024000,-0.000103,-0.003877,0.034804,0.000022,-0.003928,-0.036094,-0.000000,-0.000981,1.570096,-0.300000,1.000000,1.100000,0.000000,0.000000,-1.571000,-0.299897,1.003877,1.065196,1.494105
5.026000,-0.000103,-0.003875,0.034804,0.000022,-0.003928,-0.036094,-0.000000,-0.000981,1.570096,-0.300000,1.000000,1.100000,0.000000,0.000000,-1.571000,-0.299897,1.003875,1.065196,1.494104
5.028000,-0.000103,-0.003874,0.034804,0.000022,-0.003928,-0.036094,-0.000000,-0.000981,1.570096,-0.300000,1.000000,1.100000,0.000000,0.000000,-1.571000,-0.299897,1.003874,1.065196,1.494103
5.030000,-0.000103,-0.003872,0.034804,0.000022,-0.003928,-0.036094,-0.000000,-0.000981,1.570096,-0.300000,1.000000,1.100000,0.000000,0.000000,-1.571000,-0.299897,1.003872,1.065196,1.494102
5.032000,-0.000103,-0.003870,0.034804,0.000022,-0.003928,-0.036093,-0.000000,-0.000981,1.570096,-0.300000,1.000000,1.100000,0.000000,0.000000,-1.571000,-0.299897,1.003870,1.065196,1.494101
5.034000,-0.000103,-0.003868,0.034804,0.000022,-0.003928,-0.036093,-0.000000,-0.000981,1.570096,-0.300000,1.000000,1.100000,0.000000,0.000000,-1.571000,-0.299897,1.003868,1.065196,1.494099
5.036000,-0.000103,-0.003867,0.034804,0.000022,-0.003928,-0.036093,-0.000000,-0.000981,1.570096,-0.300000,1.000000,1.100000,0.000000,0.000000,-1.571000,-0.299897,1.003867,1.065196,1.494098
5.038000,-0.000103,-0.003865,0.034804,0.000022,-0.003928,-0.036093,-0.000000,-0.000981,1.570096,-0.300000,1.000000,1.100000,0.000000,0.000000,-1.571000,-0.299897,1.003865,1.065196,1.494097
5.040000,-0.000102,-0.003863,0.034804,0.000022,-0.003928,-0.036093,-0.000000,-0.000981,1.570096,-0.300000,1.000000,1.100000,0.000000,0.000000,-1.571000,-0.299898,1.003863,1.065196,1.494096
5.042000,-0.000102,-0.003862,0.034804,0.000022,-0.003928,-0.036093,-0.000000,-0.000981,1.570096,-0.300000,1.000000,1.100000,0.000000,0.000000,-1.571000,-0.299898,1.003862,1.065196,1.494095
5.044000,-0.000102,-0.003860,0.034804,0.000022,-0.003928,-0.036093,-0.000000,-0.000981,1.570096,-0.300000,1.000000,1.100000,0.000000,0.000000,-1.571000,-0.299898,1.003860,1.065196,1.494094
5.046000,-0.000102,-0.003858,0.034804,0.000022,-0.003928,-0.036093,-0.000000,-0.000981,1.570096,-0.300000,1.000000,1.100000,0.000000,0.000000,-1.571000,-0.299898,1.003858,1.065196,1.494093
5.048000,-0.000102,-0.003857,0.034804,0.000022,-0.003928,-0.036093,-0.000000,-0.000981,1.570096,-0.300000,1.000000,1.100000,0.000000,0.000000,-1.571000,-0.299898,1.003857,1.065196,1.494092
5.050000,-0.000102,-0.003855,0.034804,0.000022,-0.003928,-0.036093,-0.000000,-0.000981,1.570096,-0.300000,1.000000,1.100000,0.000000,0.000000,-1.571000,-0.299898,1.003855,1.065196,1.494090
5.052000,-0.000102,-0.003853,0.034804,0.000022,-0.003928,-0.036093,-0.000000,-0.000981,1.570096,-0.300000,1.000000,1.100000,0.000000,0.000000,-1.571000,-0.299898,1.003853,1.065196,1.494089
5.054000,-0.000102,-0.003852,0.034804,0.000022,-0.003928,-0.036093,-0.000000,-0.000981,1.570096,-0.300000,1.000000,1.100000,0.000000,0.000000,-1.571000,-0.299898,1.003852,1.065196,1.494088
5.056000,-0.000102,-0.003850,0.034804,0.000022,-0.003928,-0.036093,-0.000000,-0.000981,1.570096,-0.300000,1.000000,1.100000,0.000000,0.000000,-1.571000,-0.299898,1.003850,1.065196,1.494087
5.058000,-0.000102,-0.003848,0.034804,0.000022,-0.003928,-0.036093,-0.000000,-0.000981,1.570096,-0.300000,1.000000,1.100000,0.000000,0.000000,-1.571000,-0.299898,1.003848,1.065196,1.494086
5.060000,-0.000102,-0.003846,0.034804,0.000022,-0.003928,-0.036093,-0.000000,-0.000981,1.570096,-0.300000,1.000000,1.100000,0.000000,0.000000,-1.571000,-0.299898,1.003846,1.065196,1.494085
5.062000,-0.000102,-0.003845,0.034804,0.000022,-0.003928,-0.036093,-0.000000,-0.000981,1.570097,-0.300000,1.000000,1.100000,0.000000,0.000000,-1.571000,-0.299898,1.003845,1.065196,1.494084
5.064000,-0.000102,-0.003843,0.034804,0.000022,-0.003928,-0.036093,-0.000000,-0.000981,1.570097,-0.300000,1.000000,1.100000,0.000000,0.000000,-1.571000,-0.299898,1.003843,1.065196,1.494082
5.066000,-0.000102,-0.003841,0.034804,0.000022,-0.003928,-0.036093,-0.000000,-0.000981,1.570097,-0.300000,1.000000,1.100000,0.000000,0.000000,-1.571000,-0.299898,1.003841,1.065196,1.494081
5.068000,-0.000102,-0.003840,0.034804,0.000022,-0.003928,-0.036093,-0.000000,-0.000981,1.570097,-0.300000,1.000000,1.100000,0.000000,0.000000,-1.571000,-0.299898,1.003840,1.065196,1.494080
5.070000,-0.000102,-0.003838,0.034804,0.000022,-0.003928,-0.036093,-0.000000,-0.000981,1.570097,-0.300000,1.000000,1.100000,0.000000,0.000000,-1.571000,-0.299898,1.003838,1.065196,1.494079
5.072000,-0.000102,-0.003836,0.034804,0.000022,-0.003928,-0.036093,-0.000000,-0.000981,1.570097,-0.300000,1.000000,1.100000,0.000000,0.000000,-1.571000,-0.299898,1.003836,1.065196,1.494078
5.074000,-0.000102,-0.003835,0.034804,0.000022,-0.003928,-0.036093,-0.000000,-0.000981,1.570097,-0.300000,1.000000,1.100000,0.000000,0.000000,-1.571000,-0.299898,1.003835,1.065196,1.494077
5.076000,-0.000102,-0.003833,0.034804,0.000022,-0.003928,-0.036093,-0.000000,-0.000981,1.570097,-0.300000,1.000000,1.100000,0.000000,0.000000,-1.571000,-0.299898,1.003833,1.065196,1.494076
5.078000,-0.000102,-0.003831,0.034804,0.000022,-0.003928,-0.036093,-0.000000,-0.000981,1.570097,-0.300000,1.000000,1.100000,0.000000,0.000000,-1.571000,-0.299898,1.003831,1.065196,1.494075
5.080000,-0.000102,-0.003830,0.034804,0.000022,-0.003928,-0.036093,-0.000000,-0.000981,1.570097,-0.300000,1.000000,1.100000,0.000000,0.000000,-1.571000,-0.299898,1.003830,1.065196,1.494073
5.082000,-0.000102,-0.003828,0.034804,0.000022,-0.003928,-0.036093,-0.000000,-0.000981,1.570097,-0.300000,1.000000,1.100000,0.000000,0.000000,-1.571000,-0.299898,1.003828,1.065196,1.494072
5.084000,-0.000102,-0.003826,0.034804,0.000022,-0.003928,-0.036093,-0.000000,-0.000981,1.570097,-0.300000,1.000000,1.100000,0.000000,0.000000,-1.571000,-0.299898,1.003826,1.065196,1.494071
5.086000,-0.000101,-0.003824,0.034804,0.000022,-0.003928,-0.036093,-0.000000,-0.000981,1.570097,-0.300000,1.000000,1.100000,0.000000,0.000000,-1.571000,-0.299899,1.003824,1.065196,1.494070
5.088000,-0.000101,-0.003823,0.034804,0.000022,-0.003928,-0.036093,-0.000000,-0.000981,1.570097,-0.300000,1.000000,1.100000,0.000000,0.000000,-1.571000,-0.299899,1.003823,1.065196,1.494069
5.090000,-0.000101,-0.003821,0.034804,0.000022,-0.003928,-0.036093,-0.000000,-0.000981,1.570097,-0.300000,1.000000,1.100000,0.000000,0.000000,-1.571000,-0.299899,1.003821,1.065196,1.494068
5.092000,-0.000101,-0.003819,0.034804,0.000022,-0.003928,-0.036093,-0.000000,-0.000981,1.570097,-0.300000,1.000000,1.100000,0.000000,0.000000,-1.571000,-0.299899,1.003819,1.065196,1.494067
5.094000,-0.000101,-0.003818,0.034804,0.000022,-0.003928,-0.036093,-0.000000,-0.000981,1.570097,-0.300000,1.000000,1.100000,0.000000,0.000000,-1.571000,-0.299899,1.003818,1.065196,1.494066
5.096000,-0.000101,-0.003816,0.034804,0.000022,-0.003928,-0.036093,-0.000000,-0.000981,1.570097,-0.300000,1.000000,1.100000,0.000000,0.000000,-1.571000,-0.299899,1.003816,1.065196,1.494064
5.098000,-0.000101,-0.003814,0.034804,0.000022,-0.003928,-0.036093,-0.000000,-0.000981,1.570097,-0.300000,1.000000,1.100000,0.000000,0.000000,-1.571000,-0.299899,1.003814,1.065196,1.494063
5.100000,-0.000101,-0.003813,0.034804,0.000022,-0.003928,-0.036093,-0.000000,-0.000981,1.570097,-0.300000,1.000000,1.100000,0.000000,0.000000,-1.571000,-0.299899,1.003813,1.065196,1.494062
5.102000,-0.000101,-0.003811,0.034804,0.000022,-0.003928,-0.036093,-0.000000,-0.000981,1.570097,-0.300000,1.000000,1.100000,0.000000,0.000000,-1.571000,-0.299899,1.003811,1.065196,1.494061
5.104000,-0.000101,-0.003809,0.034804,0.000022,-0.003928,-0.036093,-0.000000,-0.000981,1.570097,-0.300000,1.000000,1.100000,0.000000,0.000000,-1.571000,-0.299899,1.003809,1.065196,1.494060
5.106000,-0.000101,-0.003808,0.034804,0.000022,-0.003928,-0.036093,-0.000000,-0.000981,1.570097,-0.300000,1.000000,1.100000,0.000000,0.000000,-1.571000,-0.299899,1.003808,1.065196,1.494059
5.108000,-0.000101,-0.003806,0.034804,0.000022,-0.003928,-0.036093,-0.000000,-0.000981,1.570097,-0.300000,1.000000,1.100000,0.000000,0.000000,-1.571000,-0.299899,1.003806,1.065196,1.494058
5.110000,-0.000101,-0.003804,0.034804,0.000022,-0.003928,-0.036093,-0.000000,-0.000981,1.570097,-0.300000,1.000000,1.100000,0.000000,0.000000,-1.571000,-0.299899,1.003804,1.065196,1.494057
5.112000,-0.000101,-0.003802,0.034804,0.000022,-0.003928,-0.036093,-0.000000,-0.000981,1.570097,-0.300000,1.000000,1.100000,0.000000,0.000000,-1.571000,-0.299899,1.003802,1.065196,1.494055
5.114000,-0.000101,-0.003801,0.034804,0.000022,-0.003928,-0.036093,-0.000000,-0.000981,1.570098,-0.300000,1.000000,1.100000,0.000000,0.000000,-1.571000,-0.299899,1.003801,1.065196,1.494054
5.116000,-0.000101,-0.003799,0.034804,0.000022,-0.003928,-0.036093,-0.000000,-0.000981,1.570098,-0.300000,1.000000,1.100000,0.000000,0.000000,-1.571000,-0.299899,1.003799,1.065196,1.494053
5.118000,-0.000101,-0.003797,0.034804,0.000022,-0.003928,-0.036093,-0.000000,-0.000981,1.570098,-0.300000,1.000000,1.100000,0.000000,0.000000,-1.571000,-0.299899,1.003797,1.065196,1.494052
5.120000,-0.000101,-0.003796,0.034804,0.000022,-0.003928,-0.036093,-0.000000,-0.000981,1.570098,-0.300000,1.000000,1.100000,0.000000,0.000000,-1.571000,-0.299899,1.003796,1.065196,1.494051
5.122000,-0.000101,-0.003794,0.034804,0.000022,-0.003928,-0.036093,-0.000000,-0.000981,1.570098,-0.300000,1.000000,1.100000,0.000000,0.000000,-1.571000,-0.299899,1.003794,1.065196,1.494050
5.124000,-0.000101,-0.003792,0.034804,0.000022,-0.003928,-0.036093,-0.000000,-0.000981,1.570098,-0.300000,1.000000,1.100000,0.000000,0.000000,-1.571000,-0.299899,1.003792,1.065196,1.494049
5.126000,-0.000101,-0.003791,0.034804,0.000022,-0.003928,-0.036093,-0.000000,-0.000981,1.570098,-0.300000,1.000000,1.100000,0.000000,0.000000,-1.571000,-0.299899,1.003791,1.065196,1.494047
5.128000,-0.000101,-0.003789,0.034804,0.000022,-0.003928,-0.036093,-0.000000,-0.000981,1.570098,-0.300000,1.000000,1.100000,0.000000,0.000000,-1.571000,-0.299899,1.003789,1.065196,1.494046
5.130000,-0.000101,-0.003787,0.034804,0.000022,-0.003928,-0.036093,-0.000000,-0.000981,1.570098,-0.300000,1.000000,1.100000,0.000000,0.000000,-1.571000,-0.299899,1.003787,1.065196,1.494045
5.132000,-0.000100,-0.003786,0.034804,0.000022,-0.003928,-0.036093,-0.000000,-0.000981,1.570098,-0.300000,1.000000,1.100000,0.000000,0.000000,-1.571000,-0.299900,1.003786,1.065196,1.494044
5.134000,-0.000100,-0.003784,0.034804,0.000022,-0.003928,-0.036093,-0.000000,-0.000981,1.570098,-0.300000,1.000000,1.100000,0.000000,0.000000,-1.571000,-0.299900,1.003784,1.065196,1.494043
5.136000,-0.000100,-0.003782,0.034804,0.000022,-0.003928,-0.036093,-0.000000,-0.000981,1.570098,-0.300000,1.000000,1.100000,0.000000,0.000000,-1.571000,-0.299900,1.003782,1.065196,1.494042
5.138000,-0.000100,-0.003780,0.034804,0.000022,-0.003928,-0.036093,-0.000000,-0.000981,1.570098,-0.300000,1.000000,1.100000,0.000000,0.000000,-1.571000,-0.299900,1.003780,1.065196,1.494041
5.140000,-0.000100,-0.003779,0.034804,0.000022,-0.003928,-0.036093,-0.000000,-0.000981,1.570098,-0.300000,1.000000,1.100000,0.000000,0.000000,-1.571000,-0.299900,1.003779,1.065196,1.494040
5.142000,-0.000100,-0.003777,0.034804,0.000022,-0.003928,-0.036093,-0.000000,-0.000981,1.570098,-0.300000,1.000000,1.100000,0.000000,0.000000,-1.571000,-0.299900,1.003777,1.065196,1.494038
5.144000,-0.000100,-0.003775,0.034804,0.000022,-0.003928,-0.036093,-0.000000,-0.000981,1.570098,-0.300000,1.000000,1.100000,0.000000,0.000000,-1.571000,-0.299900,1.003775,1.065196,1.494037
5.146000,-0.000100,-0.003774,0.034804,0.000022,-0.003928,-0.036093,-0.000000,-0.000981,1.570098,-0.300000,1.000000,1.100000,0.000000,0.000000,-1.571000,-0.299900,1.003774,1.065196,1.494036
5.148000,-0.000100,-0.003772,0.034804,0.000022,-0.003928,-0.036093,-0.000000,-0.000981,1.570098,-0.300000,1.000000,1.100000,0.000000,0.000000,-1.571000,-0.299900,1.003772,1.065196,1.494035
5.150000,-0.000100,-0.003770,0.034804,0.000022,-0.003928,-0.036093,-0.000000,-0.000981,1.570098,-0.300000,1.000000,1.100000,0.000000,0.000000,-1.571000,-0.299900,1.003770,1.065196,1.494034
5.152000,-0.000100,-0.003769,0.034804,0.000022,-0.003928,-0.036093,-0.000000,-0.000981,1.570098,-0.300000,1.000000,1.100000,0.000000,0.000000,-1.571000,-0.299900,1.003769,1.065196,1.494033
5.154000,-0.000100,-0.003767,0.034804,0.000022,-0.003928,-0.036093,-0.000000,-0.000981,1.570098,-0.300000,1.000000,1.100000,0.000000,0.000000,-1.571000,-0.299900,1.003767,1.065196,1.494032
5.156000,-0.000100,-0.003765,0.034804,0.000022,-0.003928,-0.036093,-0.000000,-0.000981,1.570098,-0.300000,1.000000,1.100000,0.000000,0.000000,-1.571000,-0.299900,1.003765,1.065196,1.494031
5.158000,-0.000100,-0.003764,0.034804,0.000022,-0.003928,-0.036093,-0.000000,-0.000981,1.570098,-0.300000,1.000000,1.100000,0.000000,0.000000,-1.571000,-0.299900,1.003764,1.065196,1.494029
5.160000,-0.000100,-0.003762,0.034804,0.000022,-0.003928,-0.036093,-0.000000,-0.000981,1.570098,-0.300000,1.000000,1.100000,0.000000,0.000000,-1.571000,-0.299900,1.003762,1.065196,1.494028
5.162000,-0.000100,-0.003760,0.034804,0.000022,-0.003928,-0.036093,-0.000000,-0.000981,1.570098,-0.300000,1.000000,1.100000,0.000000,0.000000,-1.571000,-0.299900,1.003760,1.065196,1.494027
5.164000,-0.000100,-0.003758,0.034804,0.000022,-0.003928,-0.036093,-0.000000,-0.000981,1.570099,-0.300000,1.000000,1.100000,0.000000,0.000000,-1.571000,-0.299900,1.003758,1.065196,1.494026
5.166000,-0.000100,-0.003757,0.034804,0.000022,-0.003928,-0.036093,-0.000000,-0.000981,1.570099,-0.300000,1.000000,1.100000,0.000000,0.000000,-1.571000,-0.299900,1.003757,1.065196,1.494025
5.168000,-0.000100,-0.003755,0.034804,0.000022,-0.003928,-0.036093,-0.000000,-0.000981,1.570099,-0.300000,1.000000,1.100000,0.000000,0.000000,-1.571000,-0.299900,1.003755,1.065196,1.494024
5.170000,-0.000100,-0.003753,0.034804,0.000022,-0.003928,-0.036093,-0.000000,-0.000981,1.570099,-0.300000,1.000000,1.100000,0.000000,0.000000,-1.571000,-0.299900,1.003753,1.065196,1.494023
5.172000,-0.000100,-0.003752,0.034804,0.000022,-0.003928,-0.036093,-0.000000,-0.000981,1.570099,-0.300000,1.000000,1.100000,0.000000,0.000000,-1.571000,-0.299900,1.003752,1.065196,1.494022
5.174000,-0.000100,-0.003750,0.034804,0.000022,-0.003928,-0.036093,-0.000000,-0.000981,1.570099,-0.300000,1.000000,1.100000,0.000000,0.000000,-1.571000,-0.299900,1.003750,1.065196,1.494020
5.176000,-0.000099,-0.003748,0.034804,0.000022,-0.003928,-0.036093,-0.000000,-0.000981,1.570099,-0.300000,1.000000,1.100000,0.000000,0.000000,-1.571000,-0.299901,1.003748,1.065196,1.494019
5.178000,-0.000099,-0.003747,0.034804,0.000022,-0.003928,-0.036093,-0.000000,-0.000981,1.570099,-0.300000,1.000000,1.100000,0.000000,0.000000,-1.571000,-0.299901,1.003747,1.065196,1.494018
5.180000,-0.000099,-0.003745,0.034804,0.000022,-0.003928,-0.036093,-0.000000,-0.000981,1.570099,-0.300000,1.000000,1.100000,0.000000,0.000000,-1.571000,-0.299901,1.003745,1.065196,1.494017
5.182000,-0.000099,-0.003743,0.034804,0.000022,-0.003928,-0.036093,-0.000000,-0.000981,1.570099,-0.300000,1.000000,1.100000,0.000000,0.000000,-1.571000,-0.299901,1.003743,1.065196,1.494016
5.184000,-0.000099,-0.003742,0.034804,0.000022,-0.003928,-0.036093,-0.000000,-0.000981,1.570099,-0.300000,1.000000,1.100000,0.000000,0.000000,-1.571000,-0.299901,1.003742,1.065196,1.494015
5.186000,-0.000099,-0.003740,0.034804,0.000022,-0.003928,-0.036093,-0.000000,-0.000981,1.570099,-0.300000,1.000000,1.100000,0.000000,0.000000,-1.571000,-0.299901,1.003740,1.065196,1.494014
5.188000,-0.000099,-0.003738,0.034804,0.000022,-0.003928,-0.036093,-0.000000,-0.000981,1.570099,-0.300000,1.000000,1.100000,0.000000,0.000000,-1.571000,-0.299901,1.003738,1.065196,1.494013
5.190000,-0.000099,-0.003736,0.034804,0.000022,-0.003928,-0.036093,-0.000000,-0.000981,1.570099,-0.300000,1.000000,1.100000,0.000000,0.000000,-1.571000,-0.299901,1.003736,1.065196,1.494011
5.192000,-0.000099,-0.003735,0.034804,0.000022,-0.003928,-0.036093,-0.000000,-0.000981,1.570099,-0.300000,1.000000,1.100000,0.000000,0.000000,-1.571000,-0.299901,1.003735,1.065196,1.494010
5.194000,-0.000099,-0.003733,0.034804,0.000022,-0.003928,-0.036093,-0.000000,-0.000981,1.570099,-0.300000,1.000000,1.100000,0.000000,0.000000,-1.571000,-0.299901,1.003733,1.065196,1.494009
5.196000,-0.000099,-0.003731,0.034804,0.000022,-0.003928,-0.036093,-0.000000,-0.000981,1.570099,-0.300000,1.000000,1.100000,0.000000,0.000000,-1.571000,-0.299901,1.003731,1.065196,1.494008
5.198000,-0.000099,-0.003730,0.034804,0.000022,-0.003928,-0.036093,-0.000000,-0.000981,1.570099,-0.300000,1.000000,1.100000,0.000000,0.000000,-1.571000,-0.299901,1.003730,1.065196,1.494007
5.200000,-0.000099,-0.003728,0.034804,0.000022,-0.003928,-0.036093,-0.000000,-0.000981,1.570099,-0.300000,1.000000,1.100000,0.000000,0.000000,-1.571000,-0.299901,1.003728,1.065196,1.494006
5.202000,-0.000099,-0.003726,0.034804,0.000022,-0.003928,-0.036093,-0.000000,-0.000981,1.570099,-0.300000,1.000000,1.100000,0.000000,0.000000,-1.571000,-0.299901,1.003726,1.065196,1.494005
5.204000,-0.000099,-0.003725,0.034804,0.000022,-0.003928,-0.036093,-0.000000,-0.000981,1.570099,-0.300000,1.000000,1.100000,0.000000,0.000000,-1.571000,-0.299901,1.003725,1.065196,1.494003
5.206000,-0.000099,-0.003723,0.034804,0.000022,-0.003928,-0.036093,-0.000000,-0.000981,1.570099,-0.300000,1.000000,1.100000,0.000000,0.000000,-1.571000,-0.299901,1.003723,1.065196,1.494002
5.208000,-0.000099,-0.003721,0.034804,0.000022,-0.003928,-0.036093,-0.000000,-0.000981,1.570099,-0.300000,1.000000,1.100000,0.000000,0.000000,-1.571000,-0.299901,1.003721,1.065196,1.494001
5.210000,-0.000099,-0.003720,0.034804,0.000022,-0.003928,-0.036093,-0.000000,-0.000981,1.570099,-0.300000,1.000000,1.100000,0.000000,0.000000,-1.571000,-0.299901,1.003720,1.065196,1.494000
5.212000,-0.000099,-0.003718,0.034804,0.000022,-0.003928,-0.036093,-0.000000,-0.000981,1.570099,-0.300000,1.000000,1.100000,0.000000,0.000000,-1.571000,-0.299901,1.003718,1.065196,1.493999
5.214000,-0.000099,-0.003716,0.034804,0.000022,-0.003928,-0.036093,-0.000000,-0.000981,1.570099,-0.300000,1.000000,1.100000,0.000000,0.000000,-1.571000,-0.299901,1.003716,1.065196,1.493998
5.216000,-0.000099,-0.003714,0.034804,0.000022,-0.003928,-0.036093,-0.000000,-0.000981,1.570100,-0.300000,1.000000,1.100000,0.000000,0.000000,-1.571000,-0.299901,1.003714,1.065196,1.493997
5.218000,-0.000099,-0.003713,0.034804,0.000022,-0.003928,-0.036093,-0.000000,-0.000981,1.570100,-0.300000,1.000000,1.100000,0.000000,0.000000,-1.571000,-0.299901,1.003713,1.065196,1.493996
5.220000,-0.000099,-0.003711,0.034804,0.000022,-0.003928,-0.036093,-0.000000,-0.000981,1.570100,-0.300000,1.000000,1.100000,0.000000,0.000000,-1.571000,-0.299901,1.003711,1.065196,1.493994
5.222000,-0.000098,-0.003709,0.034804,0.000022,-0.003928,-0.036093,-0.000000,-0.000981,1.570100,-0.300000,1.000000,1.100000,0.000000,0.000000,-1.571000,-0.299902,1.003709,1.065196,1.493993
5.224000,-0.000098,-0.003708,0.034804,0.000022,-0.003928,-0.036093,-0.000000,-0.000981,1.570100,-0.300000,1.000000,1.100000,0.000000,0.000000,-1.571000,-0.299902,1.003708,1.065196,1.493992
5.226000,-0.000098,-0.003706,0.034804,0.000022,-0.003928,-0.036093,-0.000000,-0.000981,1.570100,-0.300000,1.000000,1.100000,0.000000,0.000000,-1.571000,-0.299902,1.003706,1.065196,1.493991
5.228000,-0.000098,-0.003704,0.034804,0.000022,-0.003928,-0.036093,-0.000000,-0.000981,1.570100,-0.300000,1.000000,1.100000,0.000000,0.000000,-1.571000,-0.299902,1.003704,1.065196,1.493990
5.230000,-0.000098,-0.003703,0.034804,0.000022,-0.003928,-0.036093,-0.000000,-0.000981,1.570100,-0.300000,1.000000,1.100000,0.000000,0.000000,-1.571000,-0.299902,1.003703,1.065196,1.493989
5.232000,-0.000098,-0.003701,0.034804,0.000022,-0.003928,-0.036093,-0.000000,-0.000981,1.570100,-0.300000,1.000000,1.100000,0.000000,0.000000,-1.571000,-0.299902,1.003701,1.065196,1.493988
5.234000,-0.000098,-0.003699,0.034804,0.000022,-0.003928,-0.036093,-0.000000,-0.000981,1.570100,-0.300000,1.000000,1.100000,0.000000,0.000000,-1.571000,-0.299902,1.003699,1.065196,1.493987
5.236000,-0.000098,-0.003698,0.034804,0.000022,-0.003928,-0.036093,-0.000000,-0.000981,1.570100,-0.300000,1.000000,1.100000,0.000000,0.000000,-1.571000,-0.299902,1.003698,1.065196,1.493985
5.238000,-0.000098,-0.003696,0.034804,0.000022,-0.003928,-0.036093,-0.000000,-0.000981,1.570100,-0.300000,1.000000,1.100000,0.000000,0.000000,-1.571000,-0.299902,1.003696,1.065196,1.493984
5.240000,-0.000098,-0.003694,0.034804,0.000022,-0.003928,-0.036093,-0.000000,-0.000981,1.570100,-0.300000,1.000000,1.100000,0.000000,0.000000,-1.571000,-0.299902,1.003694,1.065196,1.493983
5.242000,-0.000098,-0.003692,0.034804,0.000022,-0.003928,-0.036093,-0.000000,-0.000981,1.570100,-0.300000,1.000000,1.100000,0.000000,0.000000,-1.571000,-0.299902,1.003692,1.065196,1.493982
5.244000,-0.000098,-0.003691,0.034804,0.000022,-0.003928,-0.036093,-0.000000,-0.000981,1.570100,-0.300000,1.000000,1.100000,0.000000,0.000000,-1.571000,-0.299902,1.003691,1.065196,1.493981
5.246000,-0.000098,-0.003689,0.034804,0.000022,-0.003928,-0.036093,-0.000000,-0.000981,1.570100,-0.300000,1.000000,1.100000,0.000000,0.000000,-1.571000,-0.299902,1.003689,1.065196,1.493980
5.248000,-0.000098,-0.003687,0.034804,0.000022,-0.003928,-0.036093,-0.000000,-0.000981,1.570100,-0.300000,1.000000,1.100000,0.000000,0.000000,-1.571000,-0.299902,1.003687,1.065196,1.493979
5.250000,-0.000098,-0.003686,0.034804,0.000022,-0.003928,-0.036093,-0.000000,-0.000981,1.570100,-0.300000,1.000000,1.100000,0.000000,0.000000,-1.571000,-0.299902,1.003686,1.065196,1.493978
5.252000,-0.000098,-0.003684,0.034804,0.000022,-0.003928,-0.036093,-0.000000,-0.000981,1.570100,-0.300000,1.000000,1.100000,0.000000,0.000000,-1.571000,-0.299902,1.003684,1.065196,1.493976
5.254000,-0.000098,-0.003682,0.034804,0.000022,-0.003928,-0.036093,-0.000000,-0.000981,1.570100,-0.300000,1.000000,1.100000,0.000000,0.000000,-1.571000,-0.299902,1.003682,1.065196,1.493975
5.256000,-0.000098,-0.003681,0.034804,0.000022,-0.003928,-0.036093,-0.000000,-0.000981,1.570100,-0.300000,1.000000,1.100000,0.000000,0.000000,-1.571000,-0.299902,1.003681,1.065196,1.493974
5.258000,-0.000098,-0.003679,0.034804,0.000022,-0.003928,-0.036093,-0.000000,-0.000981,1.570100,-0.300000,1.000000,1.100000,0.000000,0.000000,-1.571000,-0.299902,1.003679,1.065196,1.493973
5.260000,-0.000098,-0.003677,0.034804,0.000022,-0.003928,-0.036093,-0.000000,-0.000981,1.570100,-0.300000,1.000000,1.100000,0.000000,0.000000,-1.571000,-0.299902,1.003677,1.065196,1.493972
5.262000,-0.000098,-0.003676,0.034804,0.000022,-0.003928,-0.036093,-0.000000,-0.000981,1.570100,-0.300000,1.000000,1.100000,0.000000,0.000000,-1.571000,-0.299902,1.003676,1.065196,1.493971
5.264000,-0.000098,-0.003674,0.034804,0.000022,-0.003928,-0.036093,-0.000000,-0.000981,1.570100,-0.300000,1.000000,1.100000,0.000000,0.000000,-1.571000,-0.299902,1.003674,1.065196,1.493970
5.266000,-0.000098,-0.003672,0.034804,0.000022,-0.003928,-0.036093,-0.000000,-0.000981,1.570100,-0.300000,1.000000,1.100000,0.000000,0.000000,-1.571000,-0.299902,1.003672,1.065196,1.493969
5.268000,-0.000097,-0.003670,0.034804,0.000022,-0.003928,-0.036093,-0.000000,-0.000981,1.570101,-0.300000,1.000000,1.100000,0.000000,0.000000,-1.571000,-0.299903,1.003670,1.065196,1.493967
5.270000,-0.000097,-0.003669,0.034804,0.000022,-0.003928,-0.036093,-0.000000,-0.000981,1.570101,-0.300000,1.000000,1.100000,0.000000,0.000000,-1.571000,-0.299903,1.003669,1.065196,1.493966
5.272000,-0.000097,-0.003667,0.034804,0.000022,-0.003928,-0.036093,-0.000000,-0.000981,1.570101,-0.300000,1.000000,1.100000,0.000000,0.000000,-1.571000,-0.299903,1.003667,1.065196,1.493965
5.274000,-0.000097,-0.003665,0.034804,0.000022,-0.003928,-0.036093,-0.000000,-0.000981,1.570101,-0.300000,1.000000,1.100000,0.000000,0.000000,-1.571000,-0.299903,1.003665,1.065196,1.493964
5.276000,-0.000097,-0.003664,0.034804,0.000022,-0.003928,-0.036093,-0.000000,-0.000981,1.570101,-0.300000,1.000000,1.100000,0.000000,0.000000,-1.571000,-0.299903,1.003664,1.065196,1.493963
5.278000,-0.000097,-0.003662,0.034804,0.000022,-0.003928,-0.036093,-0.000000,-0.000981,1.570101,-0.300000,1.000000,1.100000,0.000000,0.000000,-1.571000,-0.299903,1.003662,1.065196,1.493962
5.280000,-0.000097,-0.003660,0.034804,0.000022,-0.003928,-0.036093,-0.000000,-0.000981,1.570101,-0.300000,1.000000,1.100000,0.000000,0.000000,-1.571000,-0.299903,1.003660,1.065196,1.493961
5.282000,-0.000097,-0.003659,0.034804,0.000022,-0.003928,-0.036093,-0.000000,-0.000981,1.570101,-0.300000,1.000000,1.100000,0.000000,0.000000,-1.571000,-0.299903,1.003659,1.065196,1.493959
5.284000,-0.000097,-0.003657,0.034804,0.000022,-0.003928,-0.036093,-0.000000,-0.000981,1.570101,-0.300000,1.000000,1.100000,0.000000,0.000000,-1.571000,-0.299903,1.003657,1.065196,1.493958
5.286000,-0.000097,-0.003655,0.034804,0.000022,-0.003928,-0.036093,-0.000000,-0.000981,1.570101,-0.300000,1.000000,1.100000,0.000000,0.000000,-1.571000,-0.299903,1.003655,1.065196,1.493957
5.288000,-0.000097,-0.003654,0.034804,0.000022,-0.003928,-0.036093,-0.000000,-0.000981,1.570101,-0.300000,1.000000,1.100000,0.000000,0.000000,-1.571000,-0.299903,1.003654,1.065196,1.493956
5.290000,-0.000097,-0.003652,0.034804,0.000022,-0.003928,-0.036093,-0.000000,-0.000981,1.570101,-0.300000,1.000000,1.100000,0.000000,0.000000,-1.571000,-0.299903,1.003652,1.065196,1.493955
5.292000,-0.000097,-0.003650,0.034804,0.000022,-0.003928,-0.036093,-0.000000,-0.000981,1.570101,-0.300000,1.000000,1.100000,0.000000,0.000000,-1.571000,-0.299903,1.003650,1.065196,1.493954
5.294000,-0.000097,-0.003648,0.034804,0.000022,-0.003928,-0.036093,-0.000000,-0.000981,1.570101,-0.300000,1.000000,1.100000,0.000000,0.000000,-1.571000,-0.299903,1.003648,1.065196,1.493953
5.296000,-0.000097,-0.003647,0.034804,0.000022,-0.003928,-0.036093,-0.000000,-0.000981,1.570101,-0.300000,1.000000,1.100000,0.000000,0.000000,-1.571000,-0.299903,1.003647,1.065196,1.493952
5.298000,-0.000097,-0.003645,0.034804,0.000022,-0.003928,-0.036093,-0.000000,-0.000981,1.570101,-0.300000,1.000000,1.100000,0.000000,0.000000,-1.571000,-0.299903,1.003645,1.065196,1.493950
5.300000,-0.000097,-0.003643,0.034804,0.000022,-0.003928,-0.036093,-0.000000,-0.000981,1.570101,-0.300000,1.000000,1.100000,0.000000,0.000000,-1.571000,-0.299903,1.003643,1.065196,1.493949
5.302000,-0.000097,-0.003642,0.034804,0.000022,-0.003928,-0.036093,-0.000000,-0.000981,1.570101,-0.300000,1.000000,1.100000,0.000000,0.000000,-1.571000,-0.299903,1.003642,1.065196,1.493948
5.304000,-0.000097,-0.003640,0.034804,0.000022,-0.003928,-0.036093,-0.000000,-0.000981,1.570101,-0.300000,1.000000,1.100000,0.000000,0.000000,-1.571000,-0.299903,1.003640,1.065196,1.493947
5.306000,-0.000097,-0.003638,0.034804,0.000022,-0.003928,-0.036093,-0.000000,-0.000981,1.570101,-0.300000,1.000000,1.100000,0.000000,0.000000,-1.571000,-0.299903,1.003638,1.065196,1.493946
5.308000,-0.000097,-0.003637,0.034804,0.000022,-0.003928,-0.036093,-0.000000,-0.000981,1.570101,-0.300000,1.000000,1.100000,0.000000,0.000000,-1.571000,-0.299903,1.003637,1.065196,1.493945
5.310000,-0.000097,-0.003635,0.034804,0.000022,-0.003928,-0.036093,-0.000000,-0.000981,1.570101,-0.300000,1.000000,1.100000,0.000000,0.000000,-1.571000,-0.299903,1.003635,1.065196,1.493944
5.312000,-0.000097,-0.003633,0.034804,0.000022,-0.003928,-0.036093,-0.000000,-0.000981,1.570101,-0.300000,1.000000,1.100000,0.000000,0.000000,-1.571000,-0.299903,1.003633,1.065196,1.493943
5.314000,-0.000096,-0.003632,0.034804,0.000022,-0.003928,-0.036093,-0.000000,-0.000981,1.570101,-0.300000,1.000000,1.100000,0.000000,0.000000,-1.571000,-0.299904,1.003632,1.065196,1.493941
5.316000,-0.000096,-0.003630,0.034804,0.000022,-0.003928,-0.036093,-0.000000,-0.000981,1.570101,-0.300000,1.000000,1.100000,0.000000,0.000000,-1.571000,-0.299904,1.003630,1.065196,1.493940
5.318000,-0.000096,-0.003628,0.034804,0.000022,-0.003928,-0.036093,-0.000000,-0.000981,1.570101,-0.300000,1.000000,1.100000,0.000000,0.000000,-1.571000,-0.299904,1.003628,1.065196,1.493939
5.320000,-0.000096,-0.003626,0.034804,0.000022,-0.003928,-0.036093,-0.000000,-0.000981,1.570102,-0.300000,1.000000,1.100000,0.000000,0.000000,-1.571000,-0.299904,1.003626,1.065196,1.493938
5.322000,-0.000096,-0.003625,0.034804,0.000022,-0.003928,-0.036093,-0.000000,-0.000981,1.570102,-0.300000,1.000000,1.100000,0.000000,0.000000,-1.571000,-0.299904,1.003625,1.065196,1.493937
5.324000,-0.000096,-0.003623,0.034804,0.000022,-0.003928,-0.036093,-0.000000,-0.000981,1.570102,-0.300000,1.000000,1.100000,0.000000,0.000000,-1.571000,-0.299904,1.003623,1.065196,1.493936
5.326000,-0.000096,-0.003621,0.034804,0.000022,-0.003928,-0.036093,-0.000000,-0.000981,1.570102,-0.300000,1.000000,1.100000,0.000000,0.000000,-1.571000,-0.299904,1.003621,1.065196,1.493935
5.328000,-0.000096,-0.003620,0.034804,0.000022,-0.003928,-0.036093,-0.000000,-0.000981,1.570102,-0.300000,1.000000,1.100000,0.000000,0.000000,-1.571000,-0.299904,1.003620,1.065196,1.493934
5.330000,-0.000096,-0.003618,0.034804,0.000022,-0.003928,-0.036093,-0.000000,-0.000981,1.570102,-0.300000,1.000000,1.100000,0.000000,0.000000,-1.571000,-0.299904,1.003618,1.065196,1.493932
5.332000,-0.000096,-0.003616,0.034804,0.000022,-0.003928,-0.036093,-0.000000,-0.000981,1.570102,-0.300000,1.000000,1.100000,0.000000,0.000000,-1.571000,-0.299904,1.003616,1.065196,1.493931
5.334000,-0.000096,-0.003615,0.034804,0.000022,-0.003928,-0.036093,-0.000000,-0.000981,1.570102,-0.300000,1.000000,1.100000,0.000000,0.000000,-1.571000,-0.299904,1.003615,1.065196,1.493930
5.336000,-0.000096,-0.003613,0.034804,0.000022,-0.003928,-0.036093,-0.000000,-0.000981,1.570102,-0.300000,1.000000,1.100000,0.000000,0.000000,-1.571000,-0.299904,1.003613,1.065196,1.493929
5.338000,-0.000096,-0.003611,0.034804,0.000022,-0.003928,-0.036093,-0.000000,-0.000981,1.570102,-0.300000,1.000000,1.100000,0.000000,0.000000,-1.571000,-0.299904,1.003611,1.065196,1.493928
5.340000,-0.000096,-0.003610,0.034804,0.000022,-0.003928,-0.036093,-0.000000,-0.000981,1.570102,-0.300000,1.000000,1.100000,0.000000,0.000000,-1.571000,-0.299904,1.003610,1.065196,1.493927
5.342000,-0.000096,-0.003608,0.034804,0.000022,-0.003928,-0.036093,-0.000000,-0.000981,1.570102,-0.300000,1.000000,1.100000,0.000000,0.000000,-1.571000,-0.299904,1.003608,1.065196,1.493926
5.344000,-0.000096,-0.003606,0.034804,0.000022,-0.003928,-0.036093,-0.000000,-0.000981,1.570102,-0.300000,1.000000,1.100000,0.000000,0.000000,-1.571000,-0.299904,1.003606,1.065196,1.493925
5.346000,-0.000096,-0.003604,0.034804,0.000022,-0.003928,-0.036093,-0.000000,-0.000981,1.570102,-0.300000,1.000000,1.100000,0.000000,0.000000,-1.571000,-0.299904,1.003604,1.065196,1.493923
5.348000,-0.000096,-0.003603,0.034804,0.000022,-0.003928,-0.036093,-0.000000,-0.000981,1.570102,-0.300000,1.000000,1.100000,0.000000,0.000000,-1.571000,-0.299904,1.003603,1.065196,1.493922
5.350000,-0.000096,-0.003601,0.034804,0.000022,-0.003928,-0.036093,-0.000000,-0.000981,1.570102,-0.300000,1.000000,1.100000,0.000000,0.000000,-1.571000,-0.299904,1.003601,1.065196,1.493921
5.352000,-0.000096,-0.003599,0.034804,0.000022,-0.003928,-0.036093,-0.000000,-0.000981,1.570102,-0.300000,1.000000,1.100000,0.000000,0.000000,-1.571000,-0.299904,1.003599,1.065196,1.493920
5.354000,-0.000096,-0.003598,0.034804,0.000022,-0.003928,-0.036093,-0.000000,-0.000981,1.570102,-0.300000,1.000000,1.100000,0.000000,0.000000,-1.571000,-0.299904,1.003598,1.065196,1.493919
5.356000,-0.000096,-0.003596,0.034804,0.000022,-0.003928,-0.036093,-0.000000,-0.000981,1.570102,-0.300000,1.000000,1.100000,0.000000,0.000000,-1.571000,-0.299904,1.003596,1.065196,1.493918
5.358000,-0.000095,-0.003594,0.034804,0.000022,-0.003928,-0.036093,-0.000000,-0.000981,1.570102,-0.300000,1.000000,1.100000,0.000000,0.000000,-1.571000,-0.299905,1.003594,1.065196,1.493917
5.360000,-0.000095,-0.003593,0.034804,0.000022,-0.003928,-0.036093,-0.000000,-0.000981,1.570102,-0.300000,1.000000,1.100000,0.000000,0.000000,-1.571000,-0.299905,1.003593,1.065196,1.493915
5.362000,-0.000095,-0.003591,0.034804,0.000022,-0.003928,-0.036093,-0.000000,-0.000981,1.570102,-0.300000,1.000000,1.100000,0.000000,0.000000,-1.571000,-0.299905,1.003591,1.065196,1.493914
5.364000,-0.000095,-0.003589,0.034804,0.000022,-0.003928,-0.036093,-0.000000,-0.000981,1.570102,-0.300000,1.000000,1.100000,0.000000,0.000000,-1.571000,-0.299905,1.003589,1.065196,1.493913
5.366000,-0.000095,-0.003588,0.034804,0.000022,-0.003928,-0.036093,-0.000000,-0.000981,1.570102,-0.300000,1.000000,1.100000,0.000000,0.000000,-1.571000,-0.299905,1.003588,1.065196,1.493912
5.368000,-0.000095,-0.003586,0.034804,0.000022,-0.003928,-0.036093,-0.000000,-0.000981,1.570102,-0.300000,1.000000,1.100000,0.000000,0.000000,-1.571000,-0.299905,1.003586,1.065196,1.493911
5.370000,-0.000095,-0.003584,0.034804,0.000022,-0.003928,-0.036093,-0.000000,-0.000981,1.570103,-0.300000,1.000000,1.100000,0.000000,0.000000,-1.571000,-0.299905,1.003584,1.065196,1.493910
5.372000,-0.000095,-0.003582,0.034804,0.000022,-0.003928,-0.036093,-0.000000,-0.000981,1.570103,-0.300000,1.000000,1.100000,0.000000,0.000000,-1.571000,-0.299905,1.003582,1.065196,1.493909
5.374000,-0.000095,-0.003581,0.034804,0.000022,-0.003928,-0.036093,-0.000000,-0.000981,1.570103,-0.300000,1.000000,1.100000,0.000000,0.000000,-1.571000,-0.299905,1.003581,1.065196,1.493908
5.376000,-0.000095,-0.003579,0.034804,0.000022,-0.003928,-0.036093,-0.000000,-0.000981,1.570103,-0.300000,1.000000,1.100000,0.000000,0.000000,-1.571000,-0.299905,1.003579,1.065196,1.493906
5.378000,-0.000095,-0.003577,0.034804,0.000022,-0.003928,-0.036093,-0.000000,-0.000981,1.570103,-0.300000,1.000000,1.100000,0.000000,0.000000,-1.571000,-0.299905,1.003577,1.065196,1.493905
5.380000,-0.000095,-0.003576,0.034804,0.000022,-0.003928,-0.036093,-0.000000,-0.000981,1.570103,-0.300000,1.000000,1.100000,0.000000,0.000000,-1.571000,-0.299905,1.003576,1.065196,1.493904
5.382000,-0.000095,-0.003574,0.034804,0.000022,-0.003928,-0.036093,-0.000000,-0.000981,1.570103,-0.300000,1.000000,1.100000,0.000000,0.000000,-1.571000,-0.299905,1.003574,1.065196,1.493903
5.384000,-0.000095,-0.003572,0.034804,0.000022,-0.003928,-0.036093,-0.000000,-0.000981,1.570103,-0.300000,1.000000,1.100000,0.000000,0.000000,-1.571000,-0.299905,1.003572,1.065196,1.493902
5.386000,-0.000095,-0.003571,0.034804,0.000022,-0.003928,-0.036093,-0.000000,-0.000981,1.570103,-0.300000,1.000000,1.100000,0.000000,0.000000,-1.571000,-0.299905,1.003571,1.065196,1.493901
5.388000,-0.000095,-0.003569,0.034804,0.000022,-0.003928,-0.036093,-0.000000,-0.000981,1.570103,-0.300000,1.000000,1.100000,0.000000,0.000000,-1.571000,-0.299905,1.003569,1.065196,1.493900
5.390000,-0.000095,-0.003567,0.034804,0.000022,-0.003928,-0.036093,-0.000000,-0.000981,1.570103,-0.300000,1.000000,1.100000,0.000000,0.000000,-1.571000,-0.299905,1.003567,1.065196,1.493899
5.392000,-0.000095,-0.003566,0.034804,0.000022,-0.003928,-0.036093,-0.000000,-0.000981,1.570103,-0.300000,1.000000,1.100000,0.000000,0.000000,-1.571000,-0.299905,1.003566,1.065196,1.493897
5.394000,-0.000095,-0.003564,0.034804,0.000022,-0.003928,-0.036093,-0.000000,-0.000981,1.570103,-0.300000,1.000000,1.100000,0.000000,0.000000,-1.571000,-0.299905,1.003564,1.065196,1.493896
5.396000,-0.000095,-0.003562,0.034804,0.000022,-0.003928,-0.036093,-0.000000,-0.000981,1.570103,-0.300000,1.000000,1.100000,0.000000,0.000000,-1.571000,-0.299905,1.003562,1.065196,1.493895
5.398000,-0.000095,-0.003560,0.034804,0.000022,-0.003928,-0.036093,-0.000000,-0.000981,1.570103,-0.300000,1.000000,1.100000,0.000000,0.000000,-1.571000,-0.299905,1.003560,1.065196,1.493894
5.400000,-0.000095,-0.003559,0.034804,0.000022,-0.003928,-0.036093,-0.000000,-0.000981,1.570103,-0.300000,1.000000,1.100000,0.000000,0.000000,-1.571000,-0.299905,1.003559,1.065196,1.493893
5.402000,-0.000095,-0.003557,0.034804,0.000022,-0.003928,-0.036093,-0.000000,-0.000981,1.570103,-0.300000,1.000000,1.100000,0.000000,0.000000,-1.571000,-0.299905,1.003557,1.065196,1.493892
5.404000,-0.000094,-0.003555,0.034804,0.000022,-0.003928,-0.036093,-0.000000,-0.000981,1.570103,-0.300000,1.000000,1.100000,0.000000,0.000000,-1.571000,-0.299906,1.003555,1.065196,1.493891
5.406000,-0.000094,-0.003554,0.034804,0.000022,-0.003928,-0.036093,-0.000000,-0.000981,1.570103,-0.300000,1.000000,1.100000,0.000000,0.000000,-1.571000,-0.299906,1.003554,1.065196,1.493890
5.408000,-0.000094,-0.003552,0.034804,0.000022,-0.003928,-0.036093,-0.000000,-0.000981,1.570103,-0.300000,1.000000,1.100000,0.000000,0.000000,-1.571000,-0.299906,1.003552,1.065196,1.493888
5.410000,-0.000094,-0.003550,0.034804,0.000022,-0.003928,-0.036093,-0.000000,-0.000981,1.570103,-0.300000,1.000000,1.100000,0.000000,0.000000,-1.571000,-0.299906,1.003550,1.065196,1.493887
5.412000,-0.000094,-0.003549,0.034804,0.000022,-0.003928,-0.036093,-0.000000,-0.000981,1.570103,-0.300000,1.000000,1.100000,0.000000,0.000000,-1.571000,-0.299906,1.003549,1.065196,1.493886
5.414000,-0.000094,-0.003547,0.034804,0.000022,-0.003928,-0.036093,-0.000000,-0.000981,1.570103,-0.300000,1.000000,1.100000,0.000000,0.000000,-1.571000,-0.299906,1.003547,1.065196,1.493885
5.416000,-0.000094,-0.003545,0.034804,0.000022,-0.003928,-0.036093,-0.000000,-0.000981,1.570103,-0.300000,1.000000,1.100000,0.000000,0.000000,-1.571000,-0.299906,1.003545,1.065196,1.493884
5.418000,-0.000094,-0.003544,0.034804,0.000022,-0.003928,-0.036093,-0.000000,-0.000981,1.570103,-0.300000,1.000000,1.100000,0.000000,0.000000,-1.571000,-0.299906,1.003544,1.065196,1.493883
5.420000,-0.000094,-0.003542,0.034804,0.000022,-0.003928,-0.036093,-0.000000,-0.000981,1.570103,-0.300000,1.000000,1.100000,0.000000,0.000000,-1.571000,-0.299906,1.003542,1.065196,1.493882
5.422000,-0.000094,-0.003540,0.034804,0.000022,-0.003928,-0.036093,-0.000000,-0.000981,1.570104,-0.300000,1.000000,1.100000,0.000000,0.000000,-1.571000,-0.299906,1.003540,1.065196,1.493881
5.424000,-0.000094,-0.003538,0.034804,0.000022,-0.003928,-0.036093,-0.000000,-0.000981,1.570104,-0.300000,1.000000,1.100000,0.000000,0.000000,-1.571000,-0.299906,1.003538,1.065196,1.493879
5.426000,-0.000094,-0.003537,0.034804,0.000022,-0.003928,-0.036093,-0.000000,-0.000981,1.570104,-0.300000,1.000000,1.100000,0.000000,0.000000,-1.571000,-0.299906,1.003537,1.065196,1.493878
5.428000,-0.000094,-0.003535,0.034804,0.000022,-0.003928,-0.036093,-0.000000,-0.000981,1.570104,-0.300000,1.000000,1.100000,0.000000,0.000000,-1.571000,-0.299906,1.003535,1.065196,1.493877
5.430000,-0.000094,-0.003533,0.034804,0.000022,-0.003928,-0.036093,-0.000000,-0.000981,1.570104,-0.300000,1.000000,1.100000,0.000000,0.000000,-1.571000,-0.299906,1.003533,1.065196,1.493876
5.432000,-0.000094,-0.003532,0.034804,0.000022,-0.003928,-0.036093,-0.000000,-0.000981,1.570104,-0.300000,1.000000,1.100000,0.000000,0.000000,-1.571000,-0.299906,1.003532,1.065196,1.493875
5.434000,-0.000094,-0.003530,0.034804,0.000022,-0.003928,-0.036093,-0.000000,-0.000981,1.570104,-0.300000,1.000000,1.100000,0.000000,0.000000,-1.571000,-0.299906,1.003530,1.065196,1.493874
5.436000,-0.000094,-0.003528,0.034804,0.000022,-0.003928,-0.036093,-0.000000,-0.000981,1.570104,-0.300000,1.000000,1.100000,0.000000,0.000000,-1.571000,-0.299906,1.003528,1.065196,1.493873
5.438000,-0.000094,-0.003527,0.034804,0.000022,-0.003928,-0.036093,-0.000000,-0.000981,1.570104,-0.300000,1.000000,1.100000,0.000000,0.000000,-1.571000,-0.299906,1.003527,1.065196,1.493871
5.440000,-0.000094,-0.003525,0.034804,0.000022,-0.003928,-0.036093,-0.000000,-0.000981,1.570104,-0.300000,1.000000,1.100000,0.000000,0.000000,-1.571000,-0.299906,1.003525,1.065196,1.493870
5.442000,-0.000094,-0.003523,0.034804,0.000022,-0.003928,-0.036093,-0.000000,-0.000981,1.570104,-0.300000,1.000000,1.100000,0.000000,0.000000,-1.571000,-0.299906,1.003523,1.065196,1.493869
5.444000,-0.000094,-0.003522,0.034804,0.000022,-0.003928,-0.036093,-0.000000,-0.000981,1.570104,-0.300000,1.000000,1.100000,0.000000,0.000000,-1.571000,-0.299906,1.003522,1.065196,1.493868
5.446000,-0.000094,-0.003520,0.034804,0.000022,-0.003928,-0.036093,-0.000000,-0.000981,1.570104,-0.300000,1.000000,1.100000,0.000000,0.000000,-1.571000,-0.299906,1.003520,1.065196,1.493867
5.448000,-0.000094,-0.003518,0.034804,0.000022,-0.003928,-0.036093,-0.000000,-0.000981,1.570104,-0.300000,1.000000,1.100000,0.000000,0.000000,-1.571000,-0.299906,1.003518,1.065196,1.493866
5.450000,-0.000093,-0.003516,0.034804,0.000022,-0.003928,-0.036093,-0.000000,-0.000981,1.570104,-0.300000,1.000000,1.100000,0.000000,0.000000,-1.571000,-0.299907,1.003516,1.065196,1.493865
5.452000,-0.000093,-0.003515,0.034804,0.000022,-0.003928,-0.036093,-0.000000,-0.000981,1.570104,-0.300000,1.000000,1.100000,0.000000,0.000000,-1.571000,-0.299907,1.003515,1.065196,1.493864
5.454000,-0.000093,-0.003513,0.034804,0.000022,-0.003928,-0.036093,-0.000000,-0.000981,1.570104,-0.300000,1.000000,1.100000,0.000000,0.000000,-1.571000,-0.299907,1.003513,1.065196,1.493862
5.456000,-0.000093,-0.003511,0.034804,0.000022,-0.003928,-0.036093,-0.000000,-0.000981,1.570104,-0.300000,1.000000,1.100000,0.000000,0.000000,-1.571000,-0.299907,1.003511,1.065196,1.493861
5.458000,-0.000093,-0.003510,0.034804,0.000022,-0.003928,-0.036093,-0.000000,-0.000981,1.570104,-0.300000,1.000000,1.100000,0.000000,0.000000,-1.571000,-0.299907,1.003510,1.065196,1.493860
5.460000,-0.000093,-0.003508,0.034804,0.000022,-0.003928,-0.036093,-0.000000,-0.000981,1.570104,-0.300000,1.000000,1.100000,0.000000,0.000000,-1.571000,-0.299907,1.003508,1.065196,1.493859
5.462000,-0.000093,-0.003506,0.034804,0.000022,-0.003928,-0.036093,-0.000000,-0.000981,1.570104,-0.300000,1.000000,1.100000,0.000000,0.000000,-1.571000,-0.299907,1.003506,1.065196,1.493858
5.464000,-0.000093,-0.003505,0.034804,0.000022,-0.003928,-0.036093,-0.000000,-0.000981,1.570104,-0.300000,1.000000,1.100000,0.000000,0.000000,-1.571000,-0.299907,1.003505,1.065196,1.493857
5.466000,-0.000093,-0.003503,0.034804,0.000022,-0.003928,-0.036093,-0.000000,-0.000981,1.570104,-0.300000,1.000000,1.100000,0.000000,0.000000,-1.571000,-0.299907,1.003503,1.065196,1.493856
5.468000,-0.000093,-0.003501,0.034804,0.000022,-0.003928,-0.036093,-0.000000,-0.000981,1.570104,-0.300000,1.000000,1.100000,0.000000,0.000000,-1.571000,-0.299907,1.003501,1.065196,1.493855
5.470000,-0.000093,-0.003500,0.034804,0.000022,-0.003928,-0.036093,-0.000000,-0.000981,1.570104,-0.300000,1.000000,1.100000,0.000000,0.000000,-1.571000,-0.299907,1.003500,1.065196,1.493853
5.472000,-0.000093,-0.003498,0.034804,0.000022,-0.003928,-0.036093,-0.000000,-0.000981,1.570104,-0.300000,1.000000,1.100000,0.000000,0.000000,-1.571000,-0.299907,1.003498,1.065196,1.493852
5.474000,-0.000093,-0.003496,0.034804,0.000022,-0.003928,-0.036093,-0.000000,-0.000981,1.570105,-0.300000,1.000000,1.100000,0.000000,0.000000,-1.571000,-0.299907,1.003496,1.065196,1.493851
5.476000,-0.000093,-0.003494,0.034804,0.000022,-0.003928,-0.036093,-0.000000,-0.000981,1.570105,-0.300000,1.000000,1.100000,0.000000,0.000000,-1.571000,-0.299907,1.003494,1.065196,1.493850
5.478000,-0.000093,-0.003493,0.034804,0.000022,-0.003928,-0.036093,-0.000000,-0.000981,1.570105,-0.300000,1.000000,1.100000,0.000000,0.000000,-1.571000,-0.299907,1.003493,1.065196,1.493849
5.480000,-0.000093,-0.003491,0.034804,0.000022,-0.003928,-0.036093,-0.000000,-0.000981,1.570105,-0.300000,1.000000,1.100000,0.000000,0.000000,-1.571000,-0.299907,1.003491,1.065196,1.493848
5.482000,-0.000093,-0.003489,0.034804,0.000022,-0.003928,-0.036093,-0.000000,-0.000981,1.570105,-0.300000,1.000000,1.100000,0.000000,0.000000,-1.571000,-0.299907,1.003489,1.065196,1.493847
5.484000,-0.000093,-0.003488,0.034804,0.000022,-0.003928,-0.036093,-0.000000,-0.000981,1.570105,-0.300000,1.000000,1.100000,0.000000,0.000000,-1.571000,-0.299907,1.003488,1.065196,1.493846
5.486000,-0.000093,-0.003486,0.034804,0.000022,-0.003928,-0.036093,-0.000000,-0.000981,1.570105,-0.300000,1.000000,1.100000,0.000000,0.000000,-1.571000,-0.299907,1.003486,1.065196,1.493844
5.488000,-0.000093,-0.003484,0.034804,0.000022,-0.003928,-0.036093,-0.000000,-0.000981,1.570105,-0.300000,1.000000,1.100000,0.000000,0.000000,-1.571000,-0.299907,1.003484,1.065196,1.493843
5.490000,-0.000093,-0.003483,0.034804,0.000022,-0.003928,-0.036093,-0.000000,-0.000981,1.570105,-0.300000,1.000000,1.100000,0.000000,0.000000,-1.571000,-0.299907,1.003483,1.065196,1.493842
5.492000,-0.000093,-0.003481,0.034804,0.000022,-0.003928,-0.036093,-0.000000,-0.000981,1.570105,-0.300000,1.000000,1.100000,0.000000,0.000000,-1.571000,-0.299907,1.003481,1.065196,1.493841
5.494000,-0.000092,-0.003479,0.034804,0.000022,-0.003928,-0.036093,-0.000000,-0.000981,1.570105,-0.300000,1.000000,1.100000,0.000000,0.000000,-1.571000,-0.299908,1.003479,1.065196,1.493840
5.496000,-0.000092,-0.003478,0.034804,0.000022,-0.003928,-0.036093,-0.000000,-0.000981,1.570105,-0.300000,1.000000,1.100000,0.000000,0.000000,-1.571000,-0.299908,1.003478,1.065196,1.493839
5.498000,-0.000092,-0.003476,0.034804,0.000022,-0.003928,-0.036093,-0.000000,-0.000981,1.570105,-0.300000,1.000000,1.100000,0.000000,0.000000,-1.571000,-0.299908,1.003476,1.065196,1.493838
5.500000,-0.000092,-0.003474,0.034804,0.000022,-0.003928,-0.036093,-0.000000,-0.000981,1.570105,-0.300000,1.000000,1.100000,0.000000,0.000000,-1.571000,-0.299908,1.003474,1.065196,1.493837
5.502000,-0.000092,-0.003472,0.034804,0.000022,-0.003928,-0.036093,-0.000000,-0.000981,1.570105,-0.300000,1.000000,1.100000,0.000000,0.000000,-1.571000,-0.299908,1.003472,1.065196,1.493835
5.504000,-0.000092,-0.003471,0.034804,0.000022,-0.003928,-0.036093,-0.000000,-0.000981,1.570105,-0.300000,1.000000,1.100000,0.000000,0.000000,-1.571000,-0.299908,1.003471,1.065196,1.493834
5.506000,-0.000092,-0.003469,0.034804,0.000022,-0.003928,-0.036093,-0.000000,-0.000981,1.570105,-0.300000,1.000000,1.100000,0.000000,0.000000,-1.571000,-0.299908,1.003469,1.065196,1.493833
5.508000,-0.000092,-0.003467,0.034804,0.000022,-0.003928,-0.036093,-0.000000,-0.000981,1.570105,-0.300000,1.000000,1.100000,0.000000,0.000000,-1.571000,-0.299908,1.003467,1.065196,1.493832
5.510000,-0.000092,-0.003466,0.034804,0.000022,-0.003928,-0.036093,-0.000000,-0.000981,1.570105,-0.300000,1.000000,1.100000,0.000000,0.000000,-1.571000,-0.299908,1.003466,1.065196,1.493831
5.512000,-0.000092,-0.003464,0.034804,0.000022,-0.003928,-0.036093,-0.000000,-0.000981,1.570105,-0.300000,1.000000,1.100000,0.000000,0.000000,-1.571000,-0.299908,1.003464,1.065196,1.493830
5.514000,-0.000092,-0.003462,0.034804,0.000022,-0.003928,-0.036093,-0.000000,-0.000981,1.570105,-0.300000,1.000000,1.100000,0.000000,0.000000,-1.571000,-0.299908,1.003462,1.065196,1.493829
5.516000,-0.000092,-0.003461,0.034804,0.000022,-0.003928,-0.036093,-0.000000,-0.000981,1.570105,-0.300000,1.000000,1.100000,0.000000,0.000000,-1.571000,-0.299908,1.003461,1.065196,1.493827
5.518000,-0.000092,-0.003459,0.034804,0.000022,-0.003928,-0.036093,-0.000000,-0.000981,1.570105,-0.300000,1.000000,1.100000,0.000000,0.000000,-1.571000,-0.299908,1.003459,1.065196,1.493826
5.520000,-0.000092,-0.003457,0.034804,0.000022,-0.003928,-0.036093,-0.000000,-0.000981,1.570105,-0.300000,1.000000,1.100000,0.000000,0.000000,-1.571000,-0.299908,1.003457,1.065196,1.493825
5.522000,-0.000092,-0.003456,0.034804,0.000022,-0.003928,-0.036093,-0.000000,-0.000981,1.570105,-0.300000,1.000000,1.100000,0.000000,0.000000,-1.571000,-0.299908,1.003456,1.065196,1.493824
5.524000,-0.000092,-0.003454,0.034804,0.000022,-0.003928,-0.036093,-0.000000,-0.000981,1.570105,-0.300000,1.000000,1.100000,0.000000,0.000000,-1.571000,-0.299908,1.003454,1.065196,1.493823
5.526000,-0.000092,-0.003452,0.034804,0.000022,-0.003928,-0.036093,-0.000000,-0.000981,1.570106,-0.300000,1.000000,1.100000,0.000000,0.000000,-1.571000,-0.299908,1.003452,1.065196,1.493822
5.528000,-0.000092,-0.003450,0.034804,0.000022,-0.003928,-0.036093,-0.000000,-0.000981,1.570106,-0.300000,1.000000,1.100000,0.000000,0.000000,-1.571000,-0.299908,1.003450,1.065196,1.493821
5.530000,-0.000092,-0.003449,0.034804,0.000022,-0.003928,-0.036093,-0.000000,-0.000981,1.570106,-0.300000,1.000000,1.100000,0.000000,0.000000,-1.571000,-0.299908,1.003449,1.065196,1.493820
5.532000,-0.000092,-0.003447,0.034804,0.000022,-0.003928,-0.036093,-0.000000,-0.000981,1.570106,-0.300000,1.000000,1.100000,0.000000,0.000000,-1.571000,-0.299908,1.003447,1.065196,1.493818
5.534000,-0.000092,-0.003445,0.034804,0.000022,-0.003928,-0.036093,-0.000000,-0.000981,1.570106,-0.300000,1.000000,1.100000,0.000000,0.000000,-1.571000,-0.299908,1.003445,1.065196,1.493817
5.536000,-0.000092,-0.003444,0.034804,0.000022,-0.003928,-0.036093,-0.000000,-0.000981,1.570106,-0.300000,1.000000,1.100000,0.000000,0.000000,-1.571000,-0.299908,1.003444,1.065196,1.493816
5.538000,-0.000092,-0.003442,0.034804,0.000022,-0.003928,-0.036093,-0.000000,-0.000981,1.570106,-0.300000,1.000000,1.100000,0.000000,0.000000,-1.571000,-0.299908,1.003442,1.065196,1.493815
5.540000,-0.000091,-0.003440,0.034804,0.000022,-0.003928,-0.036093,-0.000000,-0.000981,1.570106,-0.300000,1.000000,1.100000,0.000000,0.000000,-1.571000,-0.299909,1.003440,1.065196,1.493814
5.542000,-0.000091,-0.003439,0.034804,0.000022,-0.003928,-0.036093,-0.000000,-0.000981,1.570106,-0.300000,1.000000,1.100000,0.000000,0.000000,-1.571000,-0.299909,1.003439,1.065196,1.493813
5.544000,-0.000091,-0.003437,0.034804,0.000022,-0.003928,-0.036093,-0.000000,-0.000981,1.570106,-0.300000,1.000000,1.100000,0.000000,0.000000,-1.571000,-0.299909,1.003437,1.065196,1.493812
5.546000,-0.000091,-0.003435,0.034804,0.000022,-0.003928,-0.036093,-0.000000,-0.000981,1.570106,-0.300000,1.000000,1.100000,0.000000,0.000000,-1.571000,-0.299909,1.003435,1.065196,1.493811
5.548000,-0.000091,-0.003434,0.034804,0.000022,-0.003928,-0.036093,-0.000000,-0.000981,1.570106,-0.300000,1.000000,1.100000,0.000000,0.000000,-1.571000,-0.299909,1.003434,1.065196,1.493809
5.550000,-0.000091,-0.003432,0.034804,0.000022,-0.003928,-0.036093,-0.000000,-0.000981,1.570106,-0.300000,1.000000,1.100000,0.000000,0.000000,-1.571000,-0.299909,1.003432,1.065196,1.493808
5.552000,-0.000091,-0.003430,0.034804,0.000022,-0.003928,-0.036093,-0.000000,-0.000981,1.570106,-0.300000,1.000000,1.100000,0.000000,0.000000,-1.571000,-0.299909,1.003430,1.065196,1.493807
5.554000,-0.000091,-0.003428,0.034804,0.000022,-0.003928,-0.036093,-0.000000,-0.000981,1.570106,-0.300000,1.000000,1.100000,0.000000,0.000000,-1.571000,-0.299909,1.003428,1.065196,1.493806
5.556000,-0.000091,-0.003427,0.034804,0.000022,-0.003928,-0.036093,-0.000000,-0.000981,1.570106,-0.300000,1.000000,1.100000,0.000000,0.000000,-1.571000,-0.299909,1.003427,1.065196,1.493805
5.558000,-0.000091,-0.003425,0.034804,0.000022,-0.003928,-0.036093,-0.000000,-0.000981,1.570106,-0.300000,1.000000,1.100000,0.000000,0.000000,-1.571000,-0.299909,1.003425,1.065196,1.493804
5.560000,-0.000091,-0.003423,0.034804,0.000022,-0.003928,-0.036093,-0.000000,-0.000981,1.570106,-0.300000,1.000000,1.100000,0.000000,0.000000,-1.571000,-0.299909,1.003423,1.065196,1.493803
5.562000,-0.000091,-0.003422,0.034804,0.000022,-0.003928,-0.036093,-0.000000,-0.000981,1.570106,-0.300000,1.000000,1.100000,0.000000,0.000000,-1.571000,-0.299909,1.003422,1.065196,1.493802
5.564000,-0.000091,-0.003420,0.034804,0.000022,-0.003928,-0.036093,-0.000000,-0.000981,1.570106,-0.300000,1.000000,1.100000,0.000000,0.000000,-1.571000,-0.299909,1.003420,1.065196,1.493800
5.566000,-0.000091,-0.003418,0.034804,0.000022,-0.003928,-0.036093,-0.000000,-0.000981,1.570106,-0.300000,1.000000,1.100000,0.000000,0.000000,-1.571000,-0.299909,1.003418,1.065196,1.493799
5.568000,-0.000091,-0.003417,0.034804,0.000022,-0.003928,-0.036093,-0.000000,-0.000981,1.570106,-0.300000,1.000000,1.100000,0.000000,0.000000,-1.571000,-0.299909,1.003417,1.065196,1.493798
5.570000,-0.000091,-0.003415,0.034804,0.000022,-0.003928,-0.036093,-0.000000,-0.000981,1.570106,-0.300000,1.000000,1.100000,0.000000,0.000000,-1.571000,-0.299909,1.003415,1.065196,1.493797
5.572000,-0.000091,-0.003413,0.034804,0.000022,-0.003928,-0.036093,-0.000000,-0.000981,1.570106,-0.300000,1.000000,1.100000,0.000000,0.000000,-1.571000,-0.299909,1.003413,1.065196,1.493796
5.574000,-0.000091,-0.003411,0.034804,0.000022,-0.003928,-0.036093,-0.000000,-0.000981,1.570106,-0.300000,1.000000,1.100000,0.000000,0.000000,-1.571000,-0.299909,1.003411,1.065196,1.493795
5.576000,-0.000091,-0.003410,0.034804,0.000022,-0.003928,-0.036093,-0.000000,-0.000981,1.570107,-0.300000,1.000000,1.100000,0.000000,0.000000,-1.571000,-0.299909,1.003410,1.065196,1.493794
5.578000,-0.000091,-0.003408,0.034804,0.000022,-0.003928,-0.036093,-0.000000,-0.000981,1.570107,-0.300000,1.000000,1.100000,0.000000,0.000000,-1.571000,-0.299909,1.003408,1.065196,1.493793
5.580000,-0.000091,-0.003406,0.034804,0.000022,-0.003928,-0.036093,-0.000000,-0.000981,1.570107,-0.300000,1.000000,1.100000,0.000000,0.000000,-1.571000,-0.299909,1.003406,1.065196,1.493791
5.582000,-0.000091,-0.003405,0.034804,0.000022,-0.003928,-0.036093,-0.000000,-0.000981,1.570107,-0.300000,1.000000,1.100000,0.000000,0.000000,-1.571000,-0.299909,1.003405,1.065196,1.493790
5.584000,-0.000091,-0.003403,0.034804,0.000022,-0.003928,-0.036093,-0.000000,-0.000981,1.570107,-0.300000,1.000000,1.100000,0.000000,0.000000,-1.571000,-0.299909,1.003403,1.065196,1.493789
5.586000,-0.000090,-0.003401,0.034804,0.000022,-0.003928,-0.036093,-0.000000,-0.000981,1.570107,-0.300000,1.000000,1.100000,0.000000,0.000000,-1.571000,-0.299910,1.003401,1.065196,1.493788
5.588000,-0.000090,-0.003400,0.034804,0.000022,-0.003928,-0.036093,-0.000000,-0.000981,1.570107,-0.300000,1.000000,1.100000,0.000000,0.000000,-1.571000,-0.299910,1.003400,1.065196,1.493787
5.590000,-0.000090,-0.003398,0.034804,0.000022,-0.003928,-0.036093,-0.000000,-0.000981,1.570107,-0.300000,1.000000,1.100000,0.000000,0.000000,-1.571000,-0.299910,1.003398,1.065196,1.493786
5.592000,-0.000090,-0.003396,0.034804,0.000022,-0.003928,-0.036093,-0.000000,-0.000981,1.570107,-0.300000,1.000000,1.100000,0.000000,0.000000,-1.571000,-0.299910,1.003396,1.065196,1.493785
5.594000,-0.000090,-0.003395,0.034804,0.000022,-0.003928,-0.036093,-0.000000,-0.000981,1.570107,-0.300000,1.000000,1.100000,0.000000,0.000000,-1.571000,-0.299910,1.003395,1.065196,1.493784
5.596000,-0.000090,-0.003393,0.034804,0.000022,-0.003928,-0.036093,-0.000000,-0.000981,1.570107,-0.300000,1.000000,1.100000,0.000000,0.000000,-1.571000,-0.299910,1.003393,1.065196,1.493782
5.598000,-0.000090,-0.003391,0.034804,0.000022,-0.003928,-0.036093,-0.000000,-0.000981,1.570107,-0.300000,1.000000,1.100000,0.000000,0.000000,-1.571000,-0.299910,1.003391,1.065196,1.493781
5.600000,-0.000090,-0.003389,0.034804,0.000022,-0.003928,-0.036093,-0.000000,-0.000981,1.570107,-0.300000,1.000000,1.100000,0.000000,0.000000,-1.571000,-0.299910,1.003389,1.065196,1.493780
5.602000,-0.000090,-0.003388,0.034804,0.000022,-0.003928,-0.036093,-0.000000,-0.000981,1.570107,-0.300000,1.000000,1.100000,0.000000,0.000000,-1.571000,-0.299910,1.003388,1.065196,1.493779
5.604000,-0.000090,-0.003386,0.034804,0.000022,-0.003928,-0.036093,-0.000000,-0.000981,1.570107,-0.300000,1.000000,1.100000,0.000000,0.000000,-1.571000,-0.299910,1.003386,1.065196,1.493778
5.606000,-0.000090,-0.003384,0.034804,0.000022,-0.003928,-0.036093,-0.000000,-0.000981,1.570107,-0.300000,1.000000,1.100000,0.000000,0.000000,-1.571000,-0.299910,1.003384,1.065196,1.493777
5.608000,-0.000090,-0.003383,0.034804,0.000022,-0.003928,-0.036093,-0.000000,-0.000981,1.570107,-0.300000,1.000000,1.100000,0.000000,0.000000,-1.571000,-0.299910,1.003383,1.065196,1.493776
5.610000,-0.000090,-0.003381,0.034804,0.000022,-0.003928,-0.036093,-0.000000,-0.000981,1.570107,-0.300000,1.000000,1.100000,0.000000,0.000000,-1.571000,-0.299910,1.003381,1.065196,1.493774
5.612000,-0.000090,-0.003379,0.034804,0.000022,-0.003928,-0.036093,-0.000000,-0.000981,1.570107,-0.300000,1.000000,1.100000,0.000000,0.000000,-1.571000,-0.299910,1.003379,1.065196,1.493773
5.614000,-0.000090,-0.003378,0.034804,0.000022,-0.003928,-0.036093,-0.000000,-0.000981,1.570107,-0.300000,1.000000,1.100000,0.000000,0.000000,-1.571000,-0.299910,1.003378,1.065196,1.493772
5.616000,-0.000090,-0.003376,0.034804,0.000022,-0.003928,-0.036093,-0.000000,-0.000981,1.570107,-0.300000,1.000000,1.100000,0.000000,0.000000,-1.571000,-0.299910,1.003376,1.065196,1.493771
5.618000,-0.000090,-0.003374,0.034804,0.000022,-0.003928,-0.036093,-0.000000,-0.000981,1.570107,-0.300000,1.000000,1.100000,0.000000,0.000000,-1.571000,-0.299910,1.003374,1.065196,1.493770
5.620000,-0.000090,-0.003373,0.034804,0.000022,-0.003928,-0.036093,-0.000000,-0.000981,1.570107,-0.300000,1.000000,1.100000,0.000000,0.000000,-1.571000,-0.299910,1.003373,1.065196,1.493769
5.622000,-0.000090,-0.003371,0.034804,0.000022,-0.003928,-0.036093,-0.000000,-0.000981,1.570107,-0.300000,1.000000,1.100000,0.000000,0.000000,-1.571000,-0.299910,1.003371,1.065196,1.493768
5.624000,-0.000090,-0.003369,0.034804,0.000022,-0.003928,-0.036093,-0.000000,-0.000981,1.570107,-0.300000,1.000000,1.100000,0.000000,0.000000,-1.571000,-0.299910,1.003369,1.065196,1.493767
5.626000,-0.000090,-0.003367,0.034804,0.000022,-0.003928,-0.036093,-0.000000,-0.000981,1.570107,-0.300000,1.000000,1.100000,0.000000,0.000000,-1.571000,-0.299910,1.003367,1.065196,1.493765
5.628000,-0.000090,-0.003366,0.034804,0.000022,-0.003928,-0.036093,-0.000000,-0.000981,1.570108,-0.300000,1.000000,1.100000,0.000000,0.000000,-1.571000,-0.299910,1.003366,1.065196,1.493764
5.630000,-0.000090,-0.003364,0.034804,0.000022,-0.003928,-0.036093,-0.000000,-0.000981,1.570108,-0.300000,1.000000,1.100000,0.000000,0.000000,-1.571000,-0.299910,1.003364,1.065196,1.493763
5.632000,-0.000089,-0.003362,0.034804,0.000022,-0.003928,-0.036093,-0.000000,-0.000981,1.570108,-0.300000,1.000000,1.100000,0.000000,0.000000,-1.571000,-0.299911,1.003362,1.065196,1.493762
5.634000,-0.000089,-0.003361,0.034804,0.000022,-0.003928,-0.036093,-0.000000,-0.000981,1.570108,-0.300000,1.000000,1.100000,0.000000,0.000000,-1.571000,-0.299911,1.003361,1.065196,1.493761
5.636000,-0.000089,-0.003359,0.034804,0.000022,-0.003928,-0.036093,-0.000000,-0.000981,1.570108,-0.300000,1.000000,1.100000,0.000000,0.000000,-1.571000,-0.299911,1.003359,1.065196,1.493760
5.638000,-0.000089,-0.003357,0.034804,0.000022,-0.003928,-0.036093,-0.000000,-0.000981,1.570108,-0.300000,1.000000,1.100000,0.000000,0.000000,-1.571000,-0.299911,1.003357,1.065196,1.493759
5.640000,-0.000089,-0.003356,0.034804,0.000022,-0.003928,-0.036093,-0.000000,-0.000981,1.570108,-0.300000,1.000000,1.100000,0.000000,0.000000,-1.571000,-0.299911,1.003356,1.065196,1.493758
5.642000,-0.000089,-0.003354,0.034804,0.000022,-0.003928,-0.036093,-0.000000,-0.000981,1.570108,-0.300000,1.000000,1.100000,0.000000,0.000000,-1.571000,-0.299911,1.003354,1.065196,1.493756
5.644000,-0.000089,-0.003352,0.034804,0.000022,-0.003928,-0.036093,-0.000000,-0.000981,1.570108,-0.300000,1.000000,1.100000,0.000000,0.000000,-1.571000,-0.299911,1.003352,1.065196,1.493755
5.646000,-0.000089,-0.003351,0.034804,0.000022,-0.003928,-0.036093,-0.000000,-0.000981,1.570108,-0.300000,1.000000,1.100000,0.000000,0.000000,-1.571000,-0.299911,1.003351,1.065196,1.493754
5.648000,-0.000089,-0.003349,0.034804,0.000022,-0.003928,-0.036093,-0.000000,-0.000981,1.570108,-0.300000,1.000000,1.100000,0.000000,0.000000,-1.571000,-0.299911,1.003349,1.065196,1.493753
5.650000,-0.000089,-0.003347,0.034804,0.000022,-0.003928,-0.036093,-0.000000,-0.000981,1.570108,-0.300000,1.000000,1.100000,0.000000,0.000000,-1.571000,-0.299911,1.003347,1.065196,1.493752
5.652000,-0.000089,-0.003345,0.034804,0.000022,-0.003928,-0.036093,-0.000000,-0.000981,1.570108,-0.300000,1.000000,1.100000,0.000000,0.000000,-1.571000,-0.299911,1.003345,1.065196,1.493751
5.654000,-0.000089,-0.003344,0.034804,0.000022,-0.003928,-0.036093,-0.000000,-0.000981,1.570108,-0.300000,1.000000,1.100000,0.000000,0.000000,-1.571000,-0.299911,1.003344,1.065196,1.493750
5.656000,-0.000089,-0.003342,0.034804,0.000022,-0.003928,-0.036093,-0.000000,-0.000981,1.570108,-0.300000,1.000000,1.100000,0.000000,0.000000,-1.571000,-0.299911,1.003342,1.065196,1.493749
5.658000,-0.000089,-0.003340,0.034804,0.000022,-0.003928,-0.036093,-0.000000,-0.000981,1.570108,-0.300000,1.000000,1.100000,0.000000,0.000000,-1.571000,-0.299911,1.003340,1.065196,1.493747
5.660000,-0.000089,-0.003339,0.034804,0.000022,-0.003928,-0.036093,-0.000000,-0.000981,1.570108,-0.300000,1.000000,1.100000,0.000000,0.000000,-1.571000,-0.299911,1.003339,1.065196,1.493746
5.662000,-0.000089,-0.003337,0.034804,0.000022,-0.003928,-0.036093,-0.000000,-0.000981,1.570108,-0.300000,1.000000,1.100000,0.000000,0.000000,-1.571000,-0.299911,1.003337,1.065196,1.493745
5.664000,-0.000089,-0.003335,0.034804,0.000022,-0.003928,-0.036093,-0.000000,-0.000981,1.570108,-0.300000,1.000000,1.100000,0.000000,0.000000,-1.571000,-0.299911,1.003335,1.065196,1.493744
5.666000,-0.000089,-0.003334,0.034804,0.000022,-0.003928,-0.036093,-0.000000,-0.000981,1.570108,-0.300000,1.000000,1.100000,0.000000,0.000000,-1.571000,-0.299911,1.003334,1.065196,1.493743
5.668000,-0.000089,-0.003332,0.034804,0.000022,-0.003928,-0.036093,-0.000000,-0.000981,1.570108,-0.300000,1.000000,1.100000,0.000000,0.000000,-1.571000,-0.299911,1.003332,1.065196,1.493742
5.670000,-0.000089,-0.003330,0.034804,0.000022,-0.003928,-0.036093,-0.000000,-0.000981,1.570108,-0.300000,1.000000,1.100000,0.000000,0.000000,-1.571000,-0.299911,1.003330,1.065196,1.493741
5.672000,-0.000089,-0.003329,0.034804,0.000022,-0.003928,-0.036093,-0.000000,-0.000981,1.570108,-0.300000,1.000000,1.100000,0.000000,0.000000,-1.571000,-0.299911,1.003329,1.065196,1.493740
5.674000,-0.000089,-0.003327,0.034804,0.000022,-0.003928,-0.036093,-0.000000,-0.000981,1.570108,-0.300000,1.000000,1.100000,0.000000,0.000000,-1.571000,-0.299911,1.003327,1.065196,1.493738
5.676000,-0.000088,-0.003325,0.034804,0.000022,-0.003928,-0.036093,-0.000000,-0.000981,1.570108,-0.300000,1.000000,1.100000,0.000000,0.000000,-1.571000,-0.299912,1.003325,1.065196,1.493737
5.678000,-0.000088,-0.003323,0.034804,0.000022,-0.003928,-0.036093,-0.000000,-0.000981,1.570108,-0.300000,1.000000,1.100000,0.000000,0.000000,-1.571000,-0.299912,1.003323,1.065196,1.493736
5.680000,-0.000088,-0.003322,0.034804,0.000022,-0.003928,-0.036093,-0.000000,-0.000981,1.570109,-0.300000,1.000000,1.100000,0.000000,0.000000,-1.571000,-0.299912,1.003322,1.065196,1.493735
5.682000,-0.000088,-0.003320,0.034804,0.000022,-0.003928,-0.036093,-0.000000,-0.000981,1.570109,-0.300000,1.000000,1.100000,0.000000,0.000000,-1.571000,-0.299912,1.003320,1.065196,1.493734
5.684000,-0.000088,-0.003318,0.034804,0.000022,-0.003928,-0.036093,-0.000000,-0.000981,1.570109,-0.300000,1.000000,1.100000,0.000000,0.000000,-1.571000,-0.299912,1.003318,1.065196,1.493733
5.686000,-0.000088,-0.003317,0.034804,0.000022,-0.003928,-0.036093,-0.000000,-0.000981,1.570109,-0.300000,1.000000,1.100000,0.000000,0.000000,-1.571000,-0.299912,1.003317,1.065196,1.493732
5.688000,-0.000088,-0.003315,0.034804,0.000022,-0.003928,-0.036093,-0.000000,-0.000981,1.570109,-0.300000,1.000000,1.100000,0.000000,0.000000,-1.571000,-0.299912,1.003315,1.065196,1.493730
5.690000,-0.000088,-0.003313,0.034804,0.000022,-0.003928,-0.036093,-0.000000,-0.000981,1.570109,-0.300000,1.000000,1.100000,0.000000,0.000000,-1.571000,-0.299912,1.003313,1.065196,1.493729
5.692000,-0.000088,-0.003312,0.034804,0.000022,-0.003928,-0.036093,-0.000000,-0.000981,1.570109,-0.300000,1.000000,1.100000,0.000000,0.000000,-1.571000,-0.299912,1.003312,1.065196,1.493728
5.694000,-0.000088,-0.003310,0.034804,0.000022,-0.003928,-0.036093,-0.000000,-0.000981,1.570109,-0.300000,1.000000,1.100000,0.000000,0.000000,-1.571000,-0.299912,1.003310,1.065196,1.493727
5.696000,-0.000088,-0.003308,0.034804,0.000022,-0.003928,-0.036093,-0.000000,-0.000981,1.570109,-0.300000,1.000000,1.100000,0.000000,0.000000,-1.571000,-0.299912,1.003308,1.065196,1.493726
5.698000,-0.000088,-0.003307,0.034804,0.000022,-0.003928,-0.036093,-0.000000,-0.000981,1.570109,-0.300000,1.000000,1.100000,0.000000,0.000000,-1.571000,-0.299912,1.003307,1.065196,1.493725
5.700000,-0.000088,-0.003305,0.034804,0.000022,-0.003928,-0.036093,-0.000000,-0.000981,1.570109,-0.300000,1.000000,1.100000,0.000000,0.000000,-1.571000,-0.299912,1.003305,1.065196,1.493724
5.702000,-0.000088,-0.003303,0.034804,0.000022,-0.003928,-0.036093,-0.000000,-0.000981,1.570109,-0.300000,1.000000,1.100000,0.000000,0.000000,-1.571000,-0.299912,1.003303,1.065196,1.493723
5.704000,-0.000088,-0.003301,0.034804,0.000022,-0.003928,-0.036093,-0.000000,-0.000981,1.570109,-0.300000,1.000000,1.100000,0.000000,0.000000,-1.571000,-0.299912,1.003301,1.065196,1.493721
5.706000,-0.000088,-0.003300,0.034804,0.000022,-0.003928,-0.036093,-0.000000,-0.000981,1.570109,-0.300000,1.000000,1.100000,0.000000,0.000000,-1.571000,-0.299912,1.003300,1.065196,1.493720
5.708000,-0.000088,-0.003298,0.034804,0.000022,-0.003928,-0.036093,-0.000000,-0.000981,1.570109,-0.300000,1.000000,1.100000,0.000000,0.000000,-1.571000,-0.299912,1.003298,1.065196,1.493719
5.710000,-0.000088,-0.003296,0.034804,0.000022,-0.003928,-0.036093,-0.000000,-0.000981,1.570109,-0.300000,1.000000,1.100000,0.000000,0.000000,-1.571000,-0.299912,1.003296,1.065196,1.493718
5.712000,-0.000088,-0.003295,0.034804,0.000022,-0.003928,-0.036093,-0.000000,-0.000981,1.570109,-0.300000,1.000000,1.100000,0.000000,0.000000,-1.571000,-0.299912,1.003295,1.065196,1.493717
5.714000,-0.000088,-0.003293,0.034804,0.000022,-0.003928,-0.036093,-0.000000,-0.000981,1.570109,-0.300000,1.000000,1.100000,0.000000,0.000000,-1.571000,-0.299912,1.003293,1.065196,1.493716
5.716000,-0.000088,-0.003291,0.034804,0.000022,-0.003928,-0.036093,-0.000000,-0.000981,1.570109,-0.300000,1.000000,1.100000,0.000000,0.000000,-1.571000,-0.299912,1.003291,1.065196,1.493715
5.718000,-0.000088,-0.003290,0.034804,0.000022,-0.003928,-0.036093,-0.000000,-0.000981,1.570109,-0.300000,1.000000,1.100000,0.000000,0.000000,-1.571000,-0.299912,1.003290,1.065196,1.493714
5.720000,-0.000088,-0.003288,0.034804,0.000022,-0.003928,-0.036093,-0.000000,-0.000981,1.570109,-0.300000,1.000000,1.100000,0.000000,0.000000,-1.571000,-0.299912,1.003288,1.065196,1.493712
5.722000,-0.000087,-0.003286,0.034804,0.000022,-0.003928,-0.036093,-0.000000,-0.000981,1.570109,-0.300000,1.000000,1.100000,0.000000,0.000000,-1.571000,-0.299913,1.003286,1.065196,1.493711
5.724000,-0.000087,-0.003285,0.034804,0.000022,-0.003928,-0.036093,-0.000000,-0.000981,1.570109,-0.300000,1.000000,1.100000,0.000000,0.000000,-1.571000,-0.299913,1.003285,1.065196,1.493710
5.726000,-0.000087,-0.003283,0.034804,0.000022,-0.003928,-0.036093,-0.000000,-0.000981,1.570109,-0.300000,1.000000,1.100000,0.000000,0.000000,-1.571000,-0.299913,1.003283,1.065196,1.493709
5.728000,-0.000087,-0.003281,0.034804,0.000022,-0.003928,-0.036093,-0.000000,-0.000981,1.570109,-0.300000,1.000000,1.100000,0.000000,0.000000,-1.571000,-0.299913,1.003281,1.065196,1.493708
5.730000,-0.000087,-0.003279,0.034804,0.000022,-0.003928,-0.036093,-0.000000,-0.000981,1.570110,-0.300000,1.000000,1.100000,0.000000,0.000000,-1.571000,-0.299913,1.003279,1.065196,1.493707
5.732000,-0.000087,-0.003278,0.034804,0.000022,-0.003928,-0.036093,-0.000000,-0.000981,1.570110,-0.300000,1.000000,1.100000,0.000000,0.000000,-1.571000,-0.299913,1.003278,1.065196,1.493706
5.734000,-0.000087,-0.003276,0.034804,0.000022,-0.003928,-0.036093,-0.000000,-0.000981,1.570110,-0.300000,1.000000,1.100000,0.000000,0.000000,-1.571000,-0.299913,1.003276,1.065196,1.493705
5.736000,-0.000087,-0.003274,0.034804,0.000022,-0.003928,-0.036093,-0.000000,-0.000981,1.570110,-0.300000,1.000000,1.100000,0.000000,0.000000,-1.571000,-0.299913,1.003274,1.065196,1.493703
5.738000,-0.000087,-0.003273,0.034804,0.000022,-0.003928,-0.036093,-0.000000,-0.000981,1.570110,-0.300000,1.000000,1.100000,0.000000,0.000000,-1.571000,-0.299913,1.003273,1.065196,1.493702
5.740000,-0.000087,-0.003271,0.034804,0.000022,-0.003928,-0.036093,-0.000000,-0.000981,1.570110,-0.300000,1.000000,1.100000,0.000000,0.000000,-1.571000,-0.299913,1.003271,1.065196,1.493701
5.742000,-0.000087,-0.003269,0.034804,0.000022,-0.003928,-0.036093,-0.000000,-0.000981,1.570110,-0.300000,1.000000,1.100000,0.000000,0.000000,-1.571000,-0.299913,1.003269,1.065196,1.493700
5.744000,-0.000087,-0.003268,0.034804,0.000022,-0.003928,-0.036093,-0.000000,-0.000981,1.570110,-0.300000,1.000000,1.100000,0.000000,0.000000,-1.571000,-0.299913,1.003268,1.065196,1.493699
5.746000,-0.000087,-0.003266,0.034804,0.000022,-0.003928,-0.036093,-0.000000,-0.000981,1.570110,-0.300000,1.000000,1.100000,0.000000,0.000000,-1.571000,-0.299913,1.003266,1.065196,1.493698
5.748000,-0.000087,-0.003264,0.034804,0.000022,-0.003928,-0.036093,-0.000000,-0.000981,1.570110,-0.300000,1.000000,1.100000,0.000000,0.000000,-1.571000,-0.299913,1.003264,1.065196,1.493697
5.750000,-0.000087,-0.003263,0.034804,0.000022,-0.003928,-0.036093,-0.000000,-0.000981,1.570110,-0.300000,1.000000,1.100000,0.000000,0.000000,-1.571000,-0.299913,1.003263,1.065196,1.493696
5.752000,-0.000087,-0.003261,0.034804,0.000022,-0.003928,-0.036093,-0.000000,-0.000981,1.570110,-0.300000,1.000000,1.100000,0.000000,0.000000,-1.571000,-0.299913,1.003261,1.065196,1.493694
5.754000,-0.000087,-0.003259,0.034804,0.000022,-0.003928,-0.036093,-0.000000,-0.000981,1.570110,-0.300000,1.000000,1.100000,0.000000,0.000000,-1.571000,-0.299913,1.003259,1.065196,1.493693
5.756000,-0.000087,-0.003257,0.034804,0.000022,-0.003928,-0.036093,-0.000000,-0.000981,1.570110,-0.300000,1.000000,1.100000,0.000000,0.000000,-1.571000,-0.299913,1.003257,1.065196,1.493692
5.758000,-0.000087,-0.003256,0.034804,0.000022,-0.003928,-0.036093,-0.000000,-0.000981,1.570110,-0.300000,1.000000,1.100000,0.000000,0.000000,-1.571000,-0.299913,1.003256,1.065196,1.493691
5.760000,-0.000087,-0.003254,0.034804,0.000022,-0.003928,-0.036093,-0.000000,-0.000981,1.570110,-0.300000,1.000000,1.100000,0.000000,0.000000,-1.571000,-0.299913,1.003254,1.065196,1.493690
5.762000,-0.000087,-0.003252,0.034804,0.000022,-0.003928,-0.036093,-0.000000,-0.000981,1.570110,-0.300000,1.000000,1.100000,0.000000,0.000000,-1.571000,-0.299913,1.003252,1.065196,1.493689
5.764000,-0.000087,-0.003251,0.034804,0.000022,-0.003928,-0.036093,-0.000000,-0.000981,1.570110,-0.300000,1.000000,1.100000,0.000000,0.000000,-1.571000,-0.299913,1.003251,1.065196,1.493688
5.766000,-0.000087,-0.003249,0.034804,0.000022,-0.003928,-0.036093,-0.000000,-0.000981,1.570110,-0.300000,1.000000,1.100000,0.000000,0.000000,-1.571000,-0.299913,1.003249,1.065196,1.493686
5.768000,-0.000086,-0.003247,0.034804,0.000022,-0.003928,-0.036093,-0.000000,-0.000981,1.570110,-0.300000,1.000000,1.100000,0.000000,0.000000,-1.571000,-0.299914,1.003247,1.065196,1.493685
5.770000,-0.000086,-0.003246,0.034804,0.000022,-0.003928,-0.036093,-0.000000,-0.000981,1.570110,-0.300000,1.000000,1.100000,0.000000,0.000000,-1.571000,-0.299914,1.003246,1.065196,1.493684
5.772000,-0.000086,-0.003244,0.034804,0.000022,-0.003928,-0.036093,-0.000000,-0.000981,1.570110,-0.300000,1.000000,1.100000,0.000000,0.000000,-1.571000,-0.299914,1.003244,1.065196,1.493683
5.774000,-0.000086,-0.003242,0.034804,0.000022,-0.003928,-0.036093,-0.000000,-0.000981,1.570110,-0.300000,1.000000,1.100000,0.000000,0.000000,-1.571000,-0.299914,1.003242,1.065196,1.493682
5.776000,-0.000086,-0.003241,0.034804,0.000022,-0.003928,-0.036093,-0.000000,-0.000981,1.570110,-0.300000,1.000000,1.100000,0.000000,0.000000,-1.571000,-0.299914,1.003241,1.065196,1.493681
5.778000,-0.000086,-0.003239,0.034804,0.000022,-0.003928,-0.036093,-0.000000,-0.000981,1.570110,-0.300000,1.000000,1.100000,0.000000,0.000000,-1.571000,-0.299914,1.003239,1.065196,1.493680
5.780000,-0.000086,-0.003237,0.034804,0.000022,-0.003928,-0.036093,-0.000000,-0.000981,1.570110,-0.300000,1.000000,1.100000,0.000000,0.000000,-1.571000,-0.299914,1.003237,1.065196,1.493679
5.782000,-0.000086,-0.003235,0.034804,0.000022,-0.003928,-0.036093,-0.000000,-0.000981,1.570111,-0.300000,1.000000,1.100000,0.000000,0.000000,-1.571000,-0.299914,1.003235,1.065196,1.493677
5.784000,-0.000086,-0.003234,0.034804,0.000022,-0.003928,-0.036093,-0.000000,-0.000981,1.570111,-0.300000,1.000000,1.100000,0.000000,0.000000,-1.571000,-0.299914,1.003234,1.065196,1.493676
5.786000,-0.000086,-0.003232,0.034804,0.000022,-0.003928,-0.036093,-0.000000,-0.000981,1.570111,-0.300000,1.000000,1.100000,0.000000,0.000000,-1.571000,-0.299914,1.003232,1.065196,1.493675
5.788000,-0.000086,-0.003230,0.034804,0.000022,-0.003928,-0.036093,-0.000000,-0.000981,1.570111,-0.300000,1.000000,1.100000,0.000000,0.000000,-1.571000,-0.299914,1.003230,1.065196,1.493674
5.790000,-0.000086,-0.003229,0.034804,0.000022,-0.003928,-0.036093,-0.000000,-0.000981,1.570111,-0.300000,1.000000,1.100000,0.000000,0.000000,-1.571000,-0.299914,1.003229,1.065196,1.493673
5.792000,-0.000086,-0.003227,0.034804,0.000022,-0.003928,-0.036093,-0.000000,-0.000981,1.570111,-0.300000,1.000000,1.100000,0.000000,0.000000,-1.571000,-0.299914,1.003227,1.065196,1.493672
5.794000,-0.000086,-0.003225,0.034804,0.000022,-0.003928,-0.036093,-0.000000,-0.000981,1.570111,-0.300000,1.000000,1.100000,0.000000,0.000000,-1.571000,-0.299914,1.003225,1.065196,1.493671
5.796000,-0.000086,-0.003224,0.034804,0.000022,-0.003928,-0.036093,-0.000000,-0.000981,1.570111,-0.300000,1.000000,1.100000,0.000000,0.000000,-1.571000,-0.299914,1.003224,1.065196,1.493670
5.798000,-0.000086,-0.003222,0.034804,0.000022,-0.003928,-0.036093,-0.000000,-0.000981,1.570111,-0.300000,1.000000,1.100000,0.000000,0.000000,-1.571000,-0.299914,1.003222,1.065196,1.493668
5.800000,-0.000086,-0.003220,0.034804,0.000022,-0.003928,-0.036093,-0.000000,-0.000981,1.570111,-0.300000,1.000000,1.100000,0.000000,0.000000,-1.571000,-0.299914,1.003220,1.065196,1.493667
5.802000,-0.000086,-0.003219,0.034804,0.000022,-0.003928,-0.036093,-0.000000,-0.000981,1.570111,-0.300000,1.000000,1.100000,0.000000,0.000000,-1.571000,-0.299914,1.003219,1.065196,1.493666
5.804000,-0.000086,-0.003217,0.034804,0.000022,-0.003928,-0.036093,-0.000000,-0.000981,1.570111,-0.300000,1.000000,1.100000,0.000000,0.000000,-1.571000,-0.299914,1.003217,1.065196,1.493665
5.806000,-0.000086,-0.003215,0.034804,0.000022,-0.003928,-0.036093,-0.000000,-0.000981,1.570111,-0.300000,1.000000,1.100000,0.000000,0.000000,-1.571000,-0.299914,1.003215,1.065196,1.493664
5.808000,-0.000086,-0.003213,0.034804,0.000022,-0.003928,-0.036093,-0.000000,-0.000981,1.570111,-0.300000,1.000000,1.100000,0.000000,0.000000,-1.571000,-0.299914,1.003213,1.065196,1.493663
5.810000,-0.000086,-0.003212,0.034804,0.000022,-0.003928,-0.036093,-0.000000,-0.000981,1.570111,-0.300000,1.000000,1.100000,0.000000,0.000000,-1.571000,-0.299914,1.003212,1.065196,1.493662
5.812000,-0.000086,-0.003210,0.034804,0.000022,-0.003928,-0.036093,-0.000000,-0.000981,1.570111,-0.300000,1.000000,1.100000,0.000000,0.000000,-1.571000,-0.299914,1.003210,1.065196,1.493661
5.814000,-0.000085,-0.003208,0.034804,0.000022,-0.003928,-0.036093,-0.000000,-0.000981,1.570111,-0.300000,1.000000,1.100000,0.000000,0.000000,-1.571000,-0.299915,1.003208,1.065196,1.493659
5.816000,-0.000085,-0.003207,0.034804,0.000022,-0.003928,-0.036093,-0.000000,-0.000981,1.570111,-0.300000,1.000000,1.100000,0.000000,0.000000,-1.571000,-0.299915,1.003207,1.065196,1.493658
5.818000,-0.000085,-0.003205,0.034804,0.000022,-0.003928,-0.036093,-0.000000,-0.000981,1.570111,-0.300000,1.000000,1.100000,0.000000,0.000000,-1.571000,-0.299915,1.003205,1.065196,1.493657
5.820000,-0.000085,-0.003203,0.034804,0.000022,-0.003928,-0.036093,-0.000000,-0.000981,1.570111,-0.300000,1.000000,1.100000,0.000000,0.000000,-1.571000,-0.299915,1.003203,1.065196,1.493656
5.822000,-0.000085,-0.003202,0.034804,0.000022,-0.003928,-0.036093,-0.000000,-0.000981,1.570111,-0.300000,1.000000,1.100000,0.000000,0.000000,-1.571000,-0.299915,1.003202,1.065196,1.493655
5.824000,-0.000085,-0.003200,0.034804,0.000022,-0.003928,-0.036093,-0.000000,-0.000981,1.570111,-0.300000,1.000000,1.100000,0.000000,0.000000,-1.571000,-0.299915,1.003200,1.065196,1.493654
5.826000,-0.000085,-0.003198,0.034804,0.000022,-0.003928,-0.036093,-0.000000,-0.000981,1.570111,-0.300000,1.000000,1.100000,0.000000,0.000000,-1.571000,-0.299915,1.003198,1.065196,1.493653
5.828000,-0.000085,-0.003197,0.034804,0.000022,-0.003928,-0.036093,-0.000000,-0.000981,1.570111,-0.300000,1.000000,1.100000,0.000000,0.000000,-1.571000,-0.299915,1.003197,1.065196,1.493652
5.830000,-0.000085,-0.003195,0.034804,0.000022,-0.003928,-0.036093,-0.000000,-0.000981,1.570111,-0.300000,1.000000,1.100000,0.000000,0.000000,-1.571000,-0.299915,1.003195,1.065196,1.493650
5.832000,-0.000085,-0.003193,0.034804,0.000022,-0.003928,-0.036093,-0.000000,-0.000981,1.570111,-0.300000,1.000000,1.100000,0.000000,0.000000,-1.571000,-0.299915,1.003193,1.065196,1.493649
5.834000,-0.000085,-0.003191,0.034804,0.000022,-0.003928,-0.036093,-0.000000,-0.000981,1.570112,-0.300000,1.000000,1.100000,0.000000,0.000000,-1.571000,-0.299915,1.003191,1.065196,1.493648
5.836000,-0.000085,-0.003190,0.034804,0.000022,-0.003928,-0.036093,-0.000000,-0.000981,1.570112,-0.300000,1.000000,1.100000,0.000000,0.000000,-1.571000,-0.299915,1.003190,1.065196,1.493647
5.838000,-0.000085,-0.003188,0.034804,0.000022,-0.003928,-0.036093,-0.000000,-0.000981,1.570112,-0.300000,1.000000,1.100000,0.000000,0.000000,-1.571000,-0.299915,1.003188,1.065196,1.493646
5.840000,-0.000085,-0.003186,0.034804,0.000022,-0.003928,-0.036093,-0.000000,-0.000981,1.570112,-0.300000,1.000000,1.100000,0.000000,0.000000,-1.571000,-0.299915,1.003186,1.065196,1.493645
5.842000,-0.000085,-0.003185,0.034804,0.000022,-0.003928,-0.036093,-0.000000,-0.000981,1.570112,-0.300000,1.000000,1.100000,0.000000,0.000000,-1.571000,-0.299915,1.003185,1.065196,1.493644
5.844000,-0.000085,-0.003183,0.034804,0.000022,-0.003928,-0.036093,-0.000000,-0.000981,1.570112,-0.300000,1.000000,1.100000,0.000000,0.000000,-1.571000,-0.299915,1.003183,1.065196,1.493643
5.846000,-0.000085,-0.003181,0.034804,0.000022,-0.003928,-0.036093,-0.000000,-0.000981,1.570112,-0.300000,1.000000,1.100000,0.000000,0.000000,-1.571000,-0.299915,1.003181,1.065196,1.493641
5.848000,-0.000085,-0.003180,0.034804,0.000022,-0.003928,-0.036093,-0.000000,-0.000981,1.570112,-0.300000,1.000000,1.100000,0.000000,0.000000,-1.571000,-0.299915,1.003180,1.065196,1.493640
5.850000,-0.000085,-0.003178,0.034804,0.000022,-0.003928,-0.036093,-0.000000,-0.000981,1.570112,-0.300000,1.000000,1.100000,0.000000,0.000000,-1.571000,-0.299915,1.003178,1.065196,1.493639
5.852000,-0.000085,-0.003176,0.034804,0.000022,-0.003928,-0.036093,-0.000000,-0.000981,1.570112,-0.300000,1.000000,1.100000,0.000000,0.000000,-1.571000,-0.299915,1.003176,1.065196,1.493638
5.854000,-0.000085,-0.003175,0.034804,0.000022,-0.003928,-0.036093,-0.000000,-0.000981,1.570112,-0.300000,1.000000,1.100000,0.000000,0.000000,-1.571000,-0.299915,1.003175,1.065196,1.493637
5.856000,-0.000085,-0.003173,0.034804,0.000022,-0.003928,-0.036093,-0.000000,-0.000981,1.570112,-0.300000,1.000000,1.100000,0.000000,0.000000,-1.571000,-0.299915,1.003173,1.065196,1.493636
5.858000,-0.000084,-0.003171,0.034804,0.000022,-0.003928,-0.036093,-0.000000,-0.000981,1.570112,-0.300000,1.000000,1.100000,0.000000,0.000000,-1.571000,-0.299916,1.003171,1.065196,1.493635
5.860000,-0.000084,-0.003169,0.034804,0.000022,-0.003928,-0.036093,-0.000000,-0.000981,1.570112,-0.300000,1.000000,1.100000,0.000000,0.000000,-1.571000,-0.299916,1.003169,1.065196,1.493633
5.862000,-0.000084,-0.003168,0.034804,0.000022,-0.003928,-0.036093,-0.000000,-0.000981,1.570112,-0.300000,1.000000,1.100000,0.000000,0.000000,-1.571000,-0.299916,1.003168,1.065196,1.493632
5.864000,-0.000084,-0.003166,0.034804,0.000022,-0.003928,-0.036093,-0.000000,-0.000981,1.570112,-0.300000,1.000000,1.100000,0.000000,0.000000,-1.571000,-0.299916,1.003166,1.065196,1.493631
5.866000,-0.000084,-0.003164,0.034804,0.000022,-0.003928,-0.036093,-0.000000,-0.000981,1.570112,-0.300000,1.000000,1.100000,0.000000,0.000000,-1.571000,-0.299916,1.003164,1.065196,1.493630
5.868000,-0.000084,-0.003163,0.034804,0.000022,-0.003928,-0.036093,-0.000000,-0.000981,1.570112,-0.300000,1.000000,1.100000,0.000000,0.000000,-1.571000,-0.299916,1.003163,1.065196,1.493629
5.870000,-0.000084,-0.003161,0.034804,0.000022,-0.003928,-0.036093,-0.000000,-0.000981,1.570112,-0.300000,1.000000,1.100000,0.000000,0.000000,-1.571000,-0.299916,1.003161,1.065196,1.493628
5.872000,-0.000084,-0.003159,0.034804,0.000022,-0.003928,-0.036093,-0.000000,-0.000981,1.570112,-0.300000,1.000000,1.100000,0.000000,0.000000,-1.571000,-0.299916,1.003159,1.065196,1.493627
5.874000,-0.000084,-0.003158,0.034804,0.000022,-0.003928,-0.036093,-0.000000,-0.000981,1.570112,-0.300000,1.000000,1.100000,0.000000,0.000000,-1.571000,-0.299916,1.003158,1.065196,1.493626
5.876000,-0.000084,-0.003156,0.034804,0.000022,-0.003928,-0.036093,-0.000000,-0.000981,1.570112,-0.300000,1.000000,1.100000,0.000000,0.000000,-1.571000,-0.299916,1.003156,1.065196,1.493624
5.878000,-0.000084,-0.003154,0.034804,0.000022,-0.003928,-0.036093,-0.000000,-0.000981,1.570112,-0.300000,1.000000,1.100000,0.000000,0.000000,-1.571000,-0.299916,1.003154,1.065196,1.493623
5.880000,-0.000084,-0.003153,0.034804,0.000022,-0.003928,-0.036093,-0.000000,-0.000981,1.570112,-0.300000,1.000000,1.100000,0.000000,0.000000,-1.571000,-0.299916,1.003153,1.065196,1.493622
5.882000,-0.000084,-0.003151,0.034804,0.000022,-0.003928,-0.036093,-0.000000,-0.000981,1.570112,-0.300000,1.000000,1.100000,0.000000,0.000000,-1.571000,-0.299916,1.003151,1.065196,1.493621
5.884000,-0.000084,-0.003149,0.034804,0.000022,-0.003928,-0.036093,-0.000000,-0.000981,1.570112,-0.300000,1.000000,1.100000,0.000000,0.000000,-1.571000,-0.299916,1.003149,1.065196,1.493620
5.886000,-0.000084,-0.003147,0.034804,0.000022,-0.003928,-0.036093,-0.000000,-0.000981,1.570113,-0.300000,1.000000,1.100000,0.000000,0.000000,-1.571000,-0.299916,1.003147,1.065196,1.493619
5.888000,-0.000084,-0.003146,0.034804,0.000022,-0.003928,-0.036093,-0.000000,-0.000981,1.570113,-0.300000,1.000000,1.100000,0.000000,0.000000,-1.571000,-0.299916,1.003146,1.065196,1.493618
5.890000,-0.000084,-0.003144,0.034804,0.000022,-0.003928,-0.036093,-0.000000,-0.000981,1.570113,-0.300000,1.000000,1.100000,0.000000,0.000000,-1.571000,-0.299916,1.003144,1.065196,1.493617
5.892000,-0.000084,-0.003142,0.034804,0.000022,-0.003928,-0.036093,-0.000000,-0.000981,1.570113,-0.300000,1.000000,1.100000,0.000000,0.000000,-1.571000,-0.299916,1.003142,1.065196,1.493615
5.894000,-0.000084,-0.003141,0.034804,0.000022,-0.003928,-0.036093,-0.000000,-0.000981,1.570113,-0.300000,1.000000,1.100000,0.000000,0.000000,-1.571000,-0.299916,1.003141,1.065196,1.493614
5.896000,-0.000084,-0.003139,0.034804,0.000022,-0.003928,-0.036093,-0.000000,-0.000981,1.570113,-0.300000,1.000000,1.100000,0.000000,0.000000,-1.571000,-0.299916,1.003139,1.065196,1.493613
5.898000,-0.000084,-0.003137,0.034804,0.000022,-0.003928,-0.036093,-0.000000,-0.000981,1.570113,-0.300000,1.000000,1.100000,0.000000,0.000000,-1.571000,-0.299916,1.003137,1.065196,1.493612
5.900000,-0.000084,-0.003136,0.034804,0.000022,-0.003928,-0.036093,-0.000000,-0.000981,1.570113,-0.300000,1.000000,1.100000,0.000000,0.000000,-1.571000,-0.299916,1.003136,1.065196,1.493611
5.902000,-0.000084,-0.003134,0.034804,0.000022,-0.003928,-0.036093,-0.000000,-0.000981,1.570113,-0.300000,1.000000,1.100000,0.000000,0.000000,-1.571000,-0.299916,1.003134,1.065196,1.493610
5.904000,-0.000083,-0.003132,0.034804,0.000022,-0.003928,-0.036093,-0.000000,-0.000981,1.570113,-0.300000,1.000000,1.100000,0.000000,0.000000,-1.571000,-0.299917,1.003132,1.065196,1.493609
5.906000,-0.000083,-0.003131,0.034804,0.000022,-0.003928,-0.036093,-0.000000,-0.000981,1.570113,-0.300000,1.000000,1.100000,0.000000,0.000000,-1.571000,-0.299917,1.003131,1.065196,1.493608
5.908000,-0.000083,-0.003129,0.034804,0.000022,-0.003928,-0.036093,-0.000000,-0.000981,1.570113,-0.300000,1.000000,1.100000,0.000000,0.000000,-1.571000,-0.299917,1.003129,1.065196,1.493606
5.910000,-0.000083,-0.003127,0.034804,0.000022,-0.003928,-0.036093,-0.000000,-0.000981,1.570113,-0.300000,1.000000,1.100000,0.000000,0.000000,-1.571000,-0.299917,1.003127,1.065196,1.493605
5.912000,-0.000083,-0.003125,0.034804,0.000022,-0.003928,-0.036093,-0.000000,-0.000981,1.570113,-0.300000,1.000000,1.100000,0.000000,0.000000,-1.571000,-0.299917,1.003125,1.065196,1.493604
5.914000,-0.000083,-0.003124,0.034804,0.000022,-0.003928,-0.036093,-0.000000,-0.000981,1.570113,-0.300000,1.000000,1.100000,0.000000,0.000000,-1.571000,-0.299917,1.003124,1.065196,1.493603
5.916000,-0.000083,-0.003122,0.034804,0.000022,-0.003928,-0.036093,-0.000000,-0.000981,1.570113,-0.300000,1.000000,1.100000,0.000000,0.000000,-1.571000,-0.299917,1.003122,1.065196,1.493602
5.918000,-0.000083,-0.003120,0.034804,0.000022,-0.003928,-0.036093,-0.000000,-0.000981,1.570113,-0.300000,1.000000,1.100000,0.000000,0.000000,-1.571000,-0.299917,1.003120,1.065196,1.493601
5.920000,-0.000083,-0.003119,0.034804,0.000022,-0.003928,-0.036093,-0.000000,-0.000981,1.570113,-0.300000,1.000000,1.100000,0.000000,0.000000,-1.571000,-0.299917,1.003119,1.065196,1.493600
5.922000,-0.000083,-0.003117,0.034804,0.000022,-0.003928,-0.036093,-0.000000,-0.000981,1.570113,-0.300000,1.000000,1.100000,0.000000,0.000000,-1.571000,-0.299917,1.003117,1.065196,1.493599
5.924000,-0.000083,-0.003115,0.034804,0.000022,-0.003928,-0.036093,-0.000000,-0.000981,1.570113,-0.300000,1.000000,1.100000,0.000000,0.000000,-1.571000,-0.299917,1.003115,1.065196,1.493597
5.926000,-0.000083,-0.003114,0.034804,0.000022,-0.003928,-0.036093,-0.000000,-0.000981,1.570113,-0.300000,1.000000,1.100000,0.000000,0.000000,-1.571000,-0.299917,1.003114,1.065196,1.493596
5.928000,-0.000083,-0.003112,0.034804,0.000022,-0.003928,-0.036093,-0.000000,-0.000981,1.570113,-0.300000,1.000000,1.100000,0.000000,0.000000,-1.571000,-0.299917,1.003112,1.065196,1.493595
5.930000,-0.000083,-0.003110,0.034804,0.000022,-0.003928,-0.036093,-0.000000,-0.000981,1.570113,-0.300000,1.000000,1.100000,0.000000,0.000000,-1.571000,-0.299917,1.003110,1.065196,1.493594
5.932000,-0.000083,-0.003109,0.034804,0.000022,-0.003928,-0.036093,-0.000000,-0.000981,1.570113,-0.300000,1.000000,1.100000,0.000000,0.000000,-1.571000,-0.299917,1.003109,1.065196,1.493593
5.934000,-0.000083,-0.003107,0.034804,0.000022,-0.003928,-0.036093,-0.000000,-0.000981,1.570113,-0.300000,1.000000,1.100000,0.000000,0.000000,-1.571000,-0.299917,1.003107,1.065196,1.493592
5.936000,-0.000083,-0.003105,0.034804,0.000022,-0.003928,-0.036093,-0.000000,-0.000981,1.570114,-0.300000,1.000000,1.100000,0.000000,0.000000,-1.571000,-0.299917,1.003105,1.065196,1.493591
5.938000,-0.000083,-0.003103,0.034804,0.000022,-0.003928,-0.036093,-0.000000,-0.000981,1.570114,-0.300000,1.000000,1.100000,0.000000,0.000000,-1.571000,-0.299917,1.003103,1.065196,1.493589
5.940000,-0.000083,-0.003102,0.034804,0.000022,-0.003928,-0.036093,-0.000000,-0.000981,1.570114,-0.300000,1.000000,1.100000,0.000000,0.000000,-1.571000,-0.299917,1.003102,1.065196,1.493588
5.942000,-0.000083,-0.003100,0.034804,0.000022,-0.003928,-0.036093,-0.000000,-0.000981,1.570114,-0.300000,1.000000,1.100000,0.000000,0.000000,-1.571000,-0.299917,1.003100,1.065196,1.493587
5.944000,-0.000083,-0.003098,0.034804,0.000022,-0.003928,-0.036093,-0.000000,-0.000981,1.570114,-0.300000,1.000000,1.100000,0.000000,0.000000,-1.571000,-0.299917,1.003098,1.065196,1.493586
5.946000,-0.000083,-0.003097,0.034804,0.000022,-0.003928,-0.036093,-0.000000,-0.000981,1.570114,-0.300000,1.000000,1.100000,0.000000,0.000000,-1.571000,-0.299917,1.003097,1.065196,1.493585
5.948000,-0.000083,-0.003095,0.034804,0.000022,-0.003928,-0.036093,-0.000000,-0.000981,1.570114,-0.300000,1.000000,1.100000,0.000000,0.000000,-1.571000,-0.299917,1.003095,1.065196,1.493584
5.950000,-0.000082,-0.003093,0.034804,0.000022,-0.003928,-0.036093,-0.000000,-0.000981,1.570114,-0.300000,1.000000,1.100000,0.000000,0.000000,-1.571000,-0.299918,1.003093,1.065196,1.493583
5.952000,-0.000082,-0.003092,0.034804,0.000022,-0.003928,-0.036093,-0.000000,-0.000981,1.570114,-0.300000,1.000000,1.100000,0.000000,0.000000,-1.571000,-0.299918,1.003092,1.065196,1.493582
5.954000,-0.000082,-0.003090,0.034804,0.000022,-0.003928,-0.036093,-0.000000,-0.000981,1.570114,-0.300000,1.000000,1.100000,0.000000,0.000000,-1.571000,-0.299918,1.003090,1.065196,1.493580
5.956000,-0.000082,-0.003088,0.034804,0.000022,-0.003928,-0.036093,-0.000000,-0.000981,1.570114,-0.300000,1.000000,1.100000,0.000000,0.000000,-1.571000,-0.299918,1.003088,1.065196,1.493579
5.958000,-0.000082,-0.003087,0.034804,0.000022,-0.003928,-0.036093,-0.000000,-0.000981,1.570114,-0.300000,1.000000,1.100000,0.000000,0.000000,-1.571000,-0.299918,1.003087,1.065196,1.493578
5.960000,-0.000082,-0.003085,0.034804,0.000022,-0.003928,-0.036093,-0.000000,-0.000981,1.570114,-0.300000,1.000000,1.100000,0.000000,0.000000,-1.571000,-0.299918,1.003085,1.065196,1.493577
5.962000,-0.000082,-0.003083,0.034804,0.000022,-0.003928,-0.036093,-0.000000,-0.000981,1.570114,-0.300000,1.000000,1.100000,0.000000,0.000000,-1.571000,-0.299918,1.003083,1.065196,1.493576
5.964000,-0.000082,-0.003081,0.034804,0.000022,-0.003928,-0.036093,-0.000000,-0.000981,1.570114,-0.300000,1.000000,1.100000,0.000000,0.000000,-1.571000,-0.299918,1.003081,1.065196,1.493575
5.966000,-0.000082,-0.003080,0.034804,0.000022,-0.003928,-0.036093,-0.000000,-0.000981,1.570114,-0.300000,1.000000,1.100000,0.000000,0.000000,-1.571000,-0.299918,1.003080,1.065196,1.493574
5.968000,-0.000082,-0.003078,0.034804,0.000022,-0.003928,-0.036093,-0.000000,-0.000981,1.570114,-0.300000,1.000000,1.100000,0.000000,0.000000,-1.571000,-0.299918,1.003078,1.065196,1.493573
5.970000,-0.000082,-0.003076,0.034804,0.000022,-0.003928,-0.036093,-0.000000,-0.000981,1.570114,-0.300000,1.000000,1.100000,0.000000,0.000000,-1.571000,-0.299918,1.003076,1.065196,1.493571
5.972000,-0.000082,-0.003075,0.034804,0.000022,-0.003928,-0.036093,-0.000000,-0.000981,1.570114,-0.300000,1.000000,1.100000,0.000000,0.000000,-1.571000,-0.299918,1.003075,1.065196,1.493570
5.974000,-0.000082,-0.003073,0.034804,0.000022,-0.003928,-0.036093,-0.000000,-0.000981,1.570114,-0.300000,1.000000,1.100000,0.000000,0.000000,-1.571000,-0.299918,1.003073,1.065196,1.493569
5.976000,-0.000082,-0.003071,0.034804,0.000022,-0.003928,-0.036093,-0.000000,-0.000981,1.570114,-0.300000,1.000000,1.100000,0.000000,0.000000,-1.571000,-0.299918,1.003071,1.065196,1.493568
5.978000,-0.000082,-0.003070,0.034804,0.000022,-0.003928,-0.036093,-0.000000,-0.000981,1.570114,-0.300000,1.000000,1.100000,0.000000,0.000000,-1.571000,-0.299918,1.003070,1.065196,1.493567
5.980000,-0.000082,-0.003068,0.034804,0.000022,-0.003928,-0.036093,-0.000000,-0.000981,1.570114,-0.300000,1.000000,1.100000,0.000000,0.000000,-1.571000,-0.299918,1.003068,1.065196,1.493566
5.982000,-0.000082,-0.003066,0.034804,0.000022,-0.003928,-0.036093,-0.000000,-0.000981,1.570114,-0.300000,1.000000,1.100000,0.000000,0.000000,-1.571000,-0.299918,1.003066,1.065196,1.493565
5.984000,-0.000082,-0.003065,0.034804,0.000022,-0.003928,-0.036093,-0.000000,-0.000981,1.570114,-0.300000,1.000000,1.100000,0.000000,0.000000,-1.571000,-0.299918,1.003065,1.065196,1.493564
5.986000,-0.000082,-0.003063,0.034804,0.000022,-0.003928,-0.036093,-0.000000,-0.000981,1.570114,-0.300000,1.000000,1.100000,0.000000,0.000000,-1.571000,-0.299918,1.003063,1.065196,1.493562
5.988000,-0.000082,-0.003061,0.034804,0.000022,-0.003928,-0.036093,-0.000000,-0.000981,1.570115,-0.300000,1.000000,1.100000,0.000000,0.000000,-1.571000,-0.299918,1.003061,1.065196,1.493561
5.990000,-0.000082,-0.003059,0.034804,0.000022,-0.003928,-0.036093,-0.000000,-0.000981,1.570115,-0.300000,1.000000,1.100000,0.000000,0.000000,-1.571000,-0.299918,1.003059,1.065196,1.493560
5.992000,-0.000082,-0.003058,0.034804,0.000022,-0.003928,-0.036093,-0.000000,-0.000981,1.570115,-0.300000,1.000000,1.100000,0.000000,0.000000,-1.571000,-0.299918,1.003058,1.065196,1.493559
5.994000,-0.000081,-0.003056,0.034804,0.000022,-0.003928,-0.036093,-0.000000,-0.000981,1.570115,-0.300000,1.000000,1.100000,0.000000,0.000000,-1.571000,-0.299919,1.003056,1.065196,1.493558
5.996000,-0.000081,-0.003054,0.034804,0.000022,-0.003928,-0.036093,-0.000000,-0.000981,1.570115,-0.300000,1.000000,1.100000,0.000000,0.000000,-1.571000,-0.299919,1.003054,1.065196,1.493557
5.998000,-0.000081,-0.003053,0.034804,0.000022,-0.003928,-0.036093,-0.000000,-0.000981,1.570115,-0.300000,1.000000,1.100000,0.000000,0.000000,-1.571000,-0.299919,1.003053,1.065196,1.493556
6.000000,-0.000081,-0.003051,0.034804,0.000022,-0.003928,-0.036093,-0.000000,-0.000981,1.570115,-0.300000,1.000000,1.100000,0.000000,0.000000,-1.571000,-0.299919,1.003051,1.065196,1.493555
6.002000,-0.000081,-0.003049,0.034804,0.000022,-0.003928,-0.036093,-0.000000,-0.000981,1.570115,-0.300000,1.000000,1.100000,0.000000,0.000000,-1.571000,-0.299919,1.003049,1.065196,1.493553
6.004000,-0.000081,-0.003048,0.034804,0.000022,-0.003928,-0.036093,-0.000000,-0.000981,1.570115,-0.300000,1.000000,1.100000,0.000000,0.000000,-1.571000,-0.299919,1.003048,1.065196,1.493552
6.006000,-0.000081,-0.003046,0.034804,0.000022,-0.003928,-0.036093,-0.000000,-0.000981,1.570115,-0.300000,1.000000,1.100000,0.000000,0.000000,-1.571000,-0.299919,1.003046,1.065196,1.493551
6.008000,-0.000081,-0.003044,0.034804,0.000022,-0.003928,-0.036093,-0.000000,-0.000981,1.570115,-0.300000,1.000000,1.100000,0.000000,0.000000,-1.571000,-0.299919,1.003044,1.065196,1.493550
6.010000,-0.000081,-0.003043,0.034804,0.000022,-0.003928,-0.036093,-0.000000,-0.000981,1.570115,-0.300000,1.000000,1.100000,0.000000,0.000000,-1.571000,-0.299919,1.003043,1.065196,1.493549
6.012000,-0.000081,-0.003041,0.034804,0.000022,-0.003928,-0.036093,-0.000000,-0.000981,1.570115,-0.300000,1.000000,1.100000,0.000000,0.000000,-1.571000,-0.299919,1.003041,1.065196,1.493548
6.014000,-0.000081,-0.003039,0.034804,0.000022,-0.003928,-0.036093,-0.000000,-0.000981,1.570115,-0.300000,1.000000,1.100000,0.000000,0.000000,-1.571000,-0.299919,1.003039,1.065196,1.493547
6.016000,-0.000081,-0.003037,0.034804,0.000022,-0.003928,-0.036093,-0.000000,-0.000981,1.570115,-0.300000,1.000000,1.100000,0.000000,0.000000,-1.571000,-0.299919,1.003037,1.065196,1.493546
6.018000,-0.000081,-0.003036,0.034804,0.000022,-0.003928,-0.036093,-0.000000,-0.000981,1.570115,-0.300000,1.000000,1.100000,0.000000,0.000000,-1.571000,-0.299919,1.003036,1.065196,1.493544
6.020000,-0.000081,-0.003034,0.034804,0.000022,-0.003928,-0.036093,-0.000000,-0.000981,1.570115,-0.300000,1.000000,1.100000,0.000000,0.000000,-1.571000,-0.299919,1.003034,1.065196,1.493543
6.022000,-0.000081,-0.003032,0.034804,0.000022,-0.003928,-0.036093,-0.000000,-0.000981,1.570115,-0.300000,1.000000,1.100000,0.000000,0.000000,-1.571000,-0.299919,1.003032,1.065196,1.493542
6.024000,-0.000081,-0.003031,0.034804,0.000022,-0.003928,-0.036093,-0.000000,-0.000981,1.570115,-0.300000,1.000000,1.100000,0.000000,0.000000,-1.571000,-0.299919,1.003031,1.065196,1.493541
6.026000,-0.000081,-0.003029,0.034804,0.000022,-0.003928,-0.036093,-0.000000,-0.000981,1.570115,-0.300000,1.000000,1.100000,0.000000,0.000000,-1.571000,-0.299919,1.003029,1.065196,1.493540
6.028000,-0.000081,-0.003027,0.034804,0.000022,-0.003928,-0.036093,-0.000000,-0.000981,1.570115,-0.300000,1.000000,1.100000,0.000000,0.000000,-1.571000,-0.299919,1.003027,1.065196,1.493539
6.030000,-0.000081,-0.003026,0.034804,0.000022,-0.003928,-0.036093,-0.000000,-0.000981,1.570115,-0.300000,1.000000,1.100000,0.000000,0.000000,-1.571000,-0.299919,1.003026,1.065196,1.493538
6.032000,-0.000081,-0.003024,0.034804,0.000022,-0.003928,-0.036093,-0.000000,-0.000981,1.570115,-0.300000,1.000000,1.100000,0.000000,0.000000,-1.571000,-0.299919,1.003024,1.065196,1.493536
6.034000,-0.000081,-0.003022,0.034804,0.000022,-0.003928,-0.036093,-0.000000,-0.000981,1.570115,-0.300000,1.000000,1.100000,0.000000,0.000000,-1.571000,-0.299919,1.003022,1.065196,1.493535
6.036000,-0.000081,-0.003021,0.034804,0.000022,-0.003928,-0.036093,-0.000000,-0.000981,1.570115,-0.300000,1.000000,1.100000,0.000000,0.000000,-1.571000,-0.299919,1.003021,1.065196,1.493534
6.038000,-0.000081,-0.003019,0.034804,0.000022,-0.003928,-0.036093,-0.000000,-0.000981,1.570115,-0.300000,1.000000,1.100000,0.000000,0.000000,-1.571000,-0.299919,1.003019,1.065196,1.493533
6.040000,-0.000080,-0.003017,0.034804,0.000022,-0.003928,-0.036093,-0.000000,-0.000981,1.570116,-0.300000,1.000000,1.100000,0.000000,0.000000,-1.571000,-0.299920,1.003017,1.065196,1.493532
6.042000,-0.000080,-0.003015,0.034804,0.000022,-0.003928,-0.036093,-0.000000,-0.000981,1.570116,-0.300000,1.000000,1.100000,0.000000,0.000000,-1.571000,-0.299920,1.003015,1.065196,1.493531
6.044000,-0.000080,-0.003014,0.034804,0.000022,-0.003928,-0.036093,-0.000000,-0.000981,1.570116,-0.300000,1.000000,1.100000,0.000000,0.000000,-1.571000,-0.299920,1.003014,1.065196,1.493530
6.046000,-0.000080,-0.003012,0.034804,0.000022,-0.003928,-0.036093,-0.000000,-0.000981,1.570116,-0.300000,1.000000,1.100000,0.000000,0.000000,-1.571000,-0.299920,1.003012,1.065196,1.493529
6.048000,-0.000080,-0.003010,0.034804,0.000022,-0.003928,-0.036093,-0.000000,-0.000981,1.570116,-0.300000,1.000000,1.100000,0.000000,0.000000,-1.571000,-0.299920,1.003010,1.065196,1.493527
6.050000,-0.000080,-0.003009,0.034804,0.000022,-0.003928,-0.036093,-0.000000,-0.000981,1.570116,-0.300000,1.000000,1.100000,0.000000,0.000000,-1.571000,-0.299920,1.003009,1.065196,1.493526
6.052000,-0.000080,-0.003007,0.034804,0.000022,-0.003928,-0.036093,-0.000000,-0.000981,1.570116,-0.300000,1.000000,1.100000,0.000000,0.000000,-1.571000,-0.299920,1.003007,1.065196,1.493525
6.054000,-0.000080,-0.003005,0.034804,0.000022,-0.003928,-0.036093,-0.000000,-0.000981,1.570116,-0.300000,1.000000,1.100000,0.000000,0.000000,-1.571000,-0.299920,1.003005,1.065196,1.493524
6.056000,-0.000080,-0.003004,0.034804,0.000022,-0.003928,-0.036093,-0.000000,-0.000981,1.570116,-0.300000,1.000000,1.100000,0.000000,0.000000,-1.571000,-0.299920,1.003004,1.065196,1.493523
6.058000,-0.000080,-0.003002,0.034804,0.000022,-0.003928,-0.036093,-0.000000,-0.000981,1.570116,-0.300000,1.000000,1.100000,0.000000,0.000000,-1.571000,-0.299920,1.003002,1.065196,1.493522
6.060000,-0.000080,-0.003000,0.034804,0.000022,-0.003928,-0.036093,-0.000000,-0.000981,1.570116,-0.300000,1.000000,1.100000,0.000000,0.000000,-1.571000,-0.299920,1.003000,1.065196,1.493521
6.062000,-0.000080,-0.002999,0.034804,0.000022,-0.003928,-0.036093,-0.000000,-0.000981,1.570116,-0.300000,1.000000,1.100000,0.000000,0.000000,-1.571000,-0.299920,1.002999,1.065196,1.493520
6.064000,-0.000080,-0.002997,0.034804,0.000022,-0.003928,-0.036093,-0.000000,-0.000981,1.570116,-0.300000,1.000000,1.100000,0.000000,0.000000,-1.571000,-0.299920,1.002997,1.065196,1.493518
6.066000,-0.000080,-0.002995,0.034804,0.000022,-0.003928,-0.036093,-0.000000,-0.000981,1.570116,-0.300000,1.000000,1.100000,0.000000,0.000000,-1.571000,-0.299920,1.002995,1.065196,1.493517
6.068000,-0.000080,-0.002993,0.034804,0.000022,-0.003928,-0.036093,-0.000000,-0.000981,1.570116,-0.300000,1.000000,1.100000,0.000000,0.000000,-1.571000,-0.299920,1.002993,1.065196,1.493516
6.070000,-0.000080,-0.002992,0.034804,0.000022,-0.003928,-0.036093,-0.000000,-0.000981,1.570116,-0.300000,1.000000,1.100000,0.000000,0.000000,-1.571000,-0.299920,1.002992,1.065196,1.493515
6.072000,-0.000080,-0.002990,0.034804,0.000022,-0.003928,-0.036093,-0.000000,-0.000981,1.570116,-0.300000,1.000000,1.100000,0.000000,0.000000,-1.571000,-0.299920,1.002990,1.065196,1.493514
6.074000,-0.000080,-0.002988,0.034804,0.000022,-0.003928,-0.036093,-0.000000,-0.000981,1.570116,-0.300000,1.000000,1.100000,0.000000,0.000000,-1.571000,-0.299920,1.002988,1.065196,1.493513
6.076000,-0.000080,-0.002987,0.034804,0.000022,-0.003928,-0.036093,-0.000000,-0.000981,1.570116,-0.300000,1.000000,1.100000,0.000000,0.000000,-1.571000,-0.299920,1.002987,1.065196,1.493512
6.078000,-0.000080,-0.002985,0.034804,0.000022,-0.003928,-0.036093,-0.000000,-0.000981,1.570116,-0.300000,1.000000,1.100000,0.000000,0.000000,-1.571000,-0.299920,1.002985,1.065196,1.493511
6.080000,-0.000080,-0.002983,0.034804,0.000022,-0.003928,-0.036093,-0.000000,-0.000981,1.570116,-0.300000,1.000000,1.100000,0.000000,0.000000,-1.571000,-0.299920,1.002983,1.065196,1.493509
6.082000,-0.000080,-0.002982,0.034804,0.000022,-0.003928,-0.036093,-0.000000,-0.000981,1.570116,-0.300000,1.000000,1.100000,0.000000,0.000000,-1.571000,-0.299920,1.002982,1.065196,1.493508
6.084000,-0.000080,-0.002980,0.034804,0.000022,-0.003928,-0.036093,-0.000000,-0.000981,1.570116,-0.300000,1.000000,1.100000,0.000000,0.000000,-1.571000,-0.299920,1.002980,1.065196,1.493507
6.086000,-0.000079,-0.002978,0.034804,0.000022,-0.003928,-0.036093,-0.000000,-0.000981,1.570116,-0.300000,1.000000,1.100000,0.000000,0.000000,-1.571000,-0.299921,1.002978,1.065196,1.493506
6.088000,-0.000079,-0.002977,0.034804,0.000022,-0.003928,-0.036093,-0.000000,-0.000981,1.570116,-0.300000,1.000000,1.100000,0.000000,0.000000,-1.571000,-0.299921,1.002977,1.065196,1.493505
6.090000,-0.000079,-0.002975,0.034804,0.000022,-0.003928,-0.036093,-0.000000,-0.000981,1.570116,-0.300000,1.000000,1.100000,0.000000,0.000000,-1.571000,-0.299921,1.002975,1.065196,1.493504
6.092000,-0.000079,-0.002973,0.034804,0.000022,-0.003928,-0.036093,-0.000000,-0.000981,1.570117,-0.300000,1.000000,1.100000,0.000000,0.000000,-1.571000,-0.299921,1.002973,1.065196,1.493503
6.094000,-0.000079,-0.002971,0.034804,0.000022,-0.003928,-0.036093,-0.000000,-0.000981,1.570117,-0.300000,1.000000,1.100000,0.000000,0.000000,-1.571000,-0.299921,1.002971,1.065196,1.493502
6.096000,-0.000079,-0.002970,0.034804,0.000022,-0.003928,-0.036093,-0.000000,-0.000981,1.570117,-0.300000,1.000000,1.100000,0.000000,0.000000,-1.571000,-0.299921,1.002970,1.065196,1.493500
6.098000,-0.000079,-0.002968,0.034804,0.000022,-0.003928,-0.036093,-0.000000,-0.000981,1.570117,-0.300000,1.000000,1.100000,0.000000,0.000000,-1.571000,-0.299921,1.002968,1.065196,1.493499
6.100000,-0.000079,-0.002966,0.034804,0.000022,-0.003928,-0.036093,-0.000000,-0.000981,1.570117,-0.300000,1.000000,1.100000,0.000000,0.000000,-1.571000,-0.299921,1.002966,1.065196,1.493498
6.102000,-0.000079,-0.002965,0.034804,0.000022,-0.003928,-0.036093,-0.000000,-0.000981,1.570117,-0.300000,1.000000,1.100000,0.000000,0.000000,-1.571000,-0.299921,1.002965,1.065196,1.493497
6.104000,-0.000079,-0.002963,0.034804,0.000022,-0.003928,-0.036093,-0.000000,-0.000981,1.570117,-0.300000,1.000000,1.100000,0.000000,0.000000,-1.571000,-0.299921,1.002963,1.065196,1.493496
6.106000,-0.000079,-0.002961,0.034804,0.000022,-0.003928,-0.036093,-0.000000,-0.000981,1.570117,-0.300000,1.000000,1.100000,0.000000,0.000000,-1.571000,-0.299921,1.002961,1.065196,1.493495
6.108000,-0.000079,-0.002960,0.034804,0.000022,-0.003928,-0.036093,-0.000000,-0.000981,1.570117,-0.300000,1.000000,1.100000,0.000000,0.000000,-1.571000,-0.299921,1.002960,1.065196,1.493494
6.110000,-0.000079,-0.002958,0.034804,0.000022,-0.003928,-0.036093,-0.000000,-0.000981,1.570117,-0.300000,1.000000,1.100000,0.000000,0.000000,-1.571000,-0.299921,1.002958,1.065196,1.493493
6.112000,-0.000079,-0.002956,0.034804,0.000022,-0.003928,-0.036093,-0.000000,-0.000981,1.570117,-0.300000,1.000000,1.100000,0.000000,0.000000,-1.571000,-0.299921,1.002956,1.065196,1.493491
6.114000,-0.000079,-0.002955,0.034804,0.000022,-0.003928,-0.036093,-0.000000,-0.000981,1.570117,-0.300000,1.000000,1.100000,0.000000,0.000000,-1.571000,-0.299921,1.002955,1.065196,1.493490
6.116000,-0.000079,-0.002953,0.034804,0.000022,-0.003928,-0.036093,-0.000000,-0.000981,1.570117,-0.300000,1.000000,1.100000,0.000000,0.000000,-1.571000,-0.299921,1.002953,1.065196,1.493489
6.118000,-0.000079,-0.002951,0.034804,0.000022,-0.003928,-0.036093,-0.000000,-0.000981,1.570117,-0.300000,1.000000,1.100000,0.000000,0.000000,-1.571000,-0.299921,1.002951,1.065196,1.493488
6.120000,-0.000079,-0.002949,0.034804,0.000022,-0.003928,-0.036093,-0.000000,-0.000981,1.570117,-0.300000,1.000000,1.100000,0.000000,0.000000,-1.571000,-0.299921,1.002949,1.065196,1.493487
6.122000,-0.000079,-0.002948,0.034804,0.000022,-0.003928,-0.036093,-0.000000,-0.000981,1.570117,-0.300000,1.000000,1.100000,0.000000,0.000000,-1.571000,-0.299921,1.002948,1.065196,1.493486
6.124000,-0.000079,-0.002946,0.034804,0.000022,-0.003928,-0.036093,-0.000000,-0.000981,1.570117,-0.300000,1.000000,1.100000,0.000000,0.000000,-1.571000,-0.299921,1.002946,1.065196,1.493485
6.126000,-0.000079,-0.002944,0.034804,0.000022,-0.003928,-0.036093,-0.000000,-0.000981,1.570117,-0.300000,1.000000,1.100000,0.000000,0.000000,-1.571000,-0.299921,1.002944,1.065196,1.493483
6.128000,-0.000079,-0.002943,0.034804,0.000022,-0.003928,-0.036093,-0.000000,-0.000981,1.570117,-0.300000,1.000000,1.100000,0.000000,0.000000,-1.571000,-0.299921,1.002943,1.065196,1.493482
6.130000,-0.000078,-0.002941,0.034804,0.000022,-0.003928,-0.036093,-0.000000,-0.000981,1.570117,-0.300000,1.000000,1.100000,0.000000,0.000000,-1.571000,-0.299922,1.002941,1.065196,1.493481
6.132000,-0.000078,-0.002939,0.034804,0.000022,-0.003928,-0.036093,-0.000000,-0.000981,1.570117,-0.300000,1.000000,1.100000,0.000000,0.000000,-1.571000,-0.299922,1.002939,1.065196,1.493480
6.134000,-0.000078,-0.002938,0.034804,0.000022,-0.003928,-0.036093,-0.000000,-0.000981,1.570117,-0.300000,1.000000,1.100000,0.000000,0.000000,-1.571000,-0.299922,1.002938,1.065196,1.493479
6.136000,-0.000078,-0.002936,0.034804,0.000022,-0.003928,-0.036093,-0.000000,-0.000981,1.570117,-0.300000,1.000000,1.100000,0.000000,0.000000,-1.571000,-0.299922,1.002936,1.065196,1.493478
6.138000,-0.000078,-0.002934,0.034804,0.000022,-0.003928,-0.036093,-0.000000,-0.000981,1.570117,-0.300000,1.000000,1.100000,0.000000,0.000000,-1.571000,-0.299922,1.002934,1.065196,1.493477
6.140000,-0.000078,-0.002933,0.034804,0.000022,-0.003928,-0.036093,-0.000000,-0.000981,1.570117,-0.300000,1.000000,1.100000,0.000000,0.000000,-1.571000,-0.299922,1.002933,1.065196,1.493476
6.142000,-0.000078,-0.002931,0.034804,0.000022,-0.003928,-0.036093,-0.000000,-0.000981,1.570118,-0.300000,1.000000,1.100000,0.000000,0.000000,-1.571000,-0.299922,1.002931,1.065196,1.493474
6.144000,-0.000078,-0.002929,0.034804,0.000022,-0.003928,-0.036093,-0.000000,-0.000981,1.570118,-0.300000,1.000000,1.100000,0.000000,0.000000,-1.571000,-0.299922,1.002929,1.065196,1.493473
6.146000,-0.000078,-0.002927,0.034804,0.000022,-0.003928,-0.036093,-0.000000,-0.000981,1.570118,-0.300000,1.000000,1.100000,0.000000,0.000000,-1.571000,-0.299922,1.002927,1.065196,1.493472
6.148000,-0.000078,-0.002926,0.034804,0.000022,-0.003928,-0.036093,-0.000000,-0.000981,1.570118,-0.300000,1.000000,1.100000,0.000000,0.000000,-1.571000,-0.299922,1.002926,1.065196,1.493471
6.150000,-0.000078,-0.002924,0.034804,0.000022,-0.003928,-0.036093,-0.000000,-0.000981,1.570118,-0.300000,1.000000,1.100000,0.000000,0.000000,-1.571000,-0.299922,1.002924,1.065196,1.493470
6.152000,-0.000078,-0.002922,0.034804,0.000022,-0.003928,-0.036093,-0.000000,-0.000981,1.570118,-0.300000,1.000000,1.100000,0.000000,0.000000,-1.571000,-0.299922,1.002922,1.065196,1.493469
6.154000,-0.000078,-0.002921,0.034804,0.000022,-0.003928,-0.036093,-0.000000,-0.000981,1.570118,-0.300000,1.000000,1.100000,0.000000,0.000000,-1.571000,-0.299922,1.002921,1.065196,1.493468
6.156000,-0.000078,-0.002919,0.034804,0.000022,-0.003928,-0.036093,-0.000000,-0.000981,1.570118,-0.300000,1.000000,1.100000,0.000000,0.000000,-1.571000,-0.299922,1.002919,1.065196,1.493467
6.158000,-0.000078,-0.002917,0.034804,0.000022,-0.003928,-0.036093,-0.000000,-0.000981,1.570118,-0.300000,1.000000,1.100000,0.000000,0.000000,-1.571000,-0.299922,1.002917,1.065196,1.493465
6.160000,-0.000078,-0.002916,0.034804,0.000022,-0.003928,-0.036093,-0.000000,-0.000981,1.570118,-0.300000,1.000000,1.100000,0.000000,0.000000,-1.571000,-0.299922,1.002916,1.065196,1.493464
6.162000,-0.000078,-0.002914,0.034804,0.000022,-0.003928,-0.036093,-0.000000,-0.000981,1.570118,-0.300000,1.000000,1.100000,0.000000,0.000000,-1.571000,-0.299922,1.002914,1.065196,1.493463
6.164000,-0.000078,-0.002912,0.034804,0.000022,-0.003928,-0.036093,-0.000000,-0.000981,1.570118,-0.300000,1.000000,1.100000,0.000000,0.000000,-1.571000,-0.299922,1.002912,1.065196,1.493462
6.166000,-0.000078,-0.002911,0.034804,0.000022,-0.003928,-0.036093,-0.000000,-0.000981,1.570118,-0.300000,1.000000,1.100000,0.000000,0.000000,-1.571000,-0.299922,1.002911,1.065196,1.493461
6.168000,-0.000078,-0.002909,0.034804,0.000022,-0.003928,-0.036093,-0.000000,-0.000981,1.570118,-0.300000,1.000000,1.100000,0.000000,0.000000,-1.571000,-0.299922,1.002909,1.065196,1.493460
6.170000,-0.000078,-0.002907,0.034804,0.000022,-0.003928,-0.036093,-0.000000,-0.000981,1.570118,-0.300000,1.000000,1.100000,0.000000,0.000000,-1.571000,-0.299922,1.002907,1.065196,1.493459
6.172000,-0.000078,-0.002905,0.034804,0.000022,-0.003928,-0.036093,-0.000000,-0.000981,1.570118,-0.300000,1.000000,1.100000,0.000000,0.000000,-1.571000,-0.299922,1.002905,1.065196,1.493458
6.174000,-0.000078,-0.002904,0.034804,0.000022,-0.003928,-0.036093,-0.000000,-0.000981,1.570118,-0.300000,1.000000,1.100000,0.000000,0.000000,-1.571000,-0.299922,1.002904,1.065196,1.493456
6.176000,-0.000077,-0.002902,0.034804,0.000022,-0.003928,-0.036093,-0.000000,-0.000981,1.570118,-0.300000,1.000000,1.100000,0.000000,0.000000,-1.571000,-0.299923,1.002902,1.065196,1.493455
6.178000,-0.000077,-0.002900,0.034804,0.000022,-0.003928,-0.036093,-0.000000,-0.000981,1.570118,-0.300000,1.000000,1.100000,0.000000,0.000000,-1.571000,-0.299923,1.002900,1.065196,1.493454
6.180000,-0.000077,-0.002899,0.034804,0.000022,-0.003928,-0.036093,-0.000000,-0.000981,1.570118,-0.300000,1.000000,1.100000,0.000000,0.000000,-1.571000,-0.299923,1.002899,1.065196,1.493453
6.182000,-0.000077,-0.002897,0.034804,0.000022,-0.003928,-0.036093,-0.000000,-0.000981,1.570118,-0.300000,1.000000,1.100000,0.000000,0.000000,-1.571000,-0.299923,1.002897,1.065196,1.493452
6.184000,-0.000077,-0.002895,0.034804,0.000022,-0.003928,-0.036093,-0.000000,-0.000981,1.570118,-0.300000,1.000000,1.100000,0.000000,0.000000,-1.571000,-0.299923,1.002895,1.065196,1.493451
6.186000,-0.000077,-0.002894,0.034804,0.000022,-0.003928,-0.036093,-0.000000,-0.000981,1.570118,-0.300000,1.000000,1.100000,0.000000,0.000000,-1.571000,-0.299923,1.002894,1.065196,1.493450
6.188000,-0.000077,-0.002892,0.034804,0.000022,-0.003928,-0.036093,-0.000000,-0.000981,1.570118,-0.300000,1.000000,1.100000,0.000000,0.000000,-1.571000,-0.299923,1.002892,1.065196,1.493449
6.190000,-0.000077,-0.002890,0.034804,0.000022,-0.003928,-0.036093,-0.000000,-0.000981,1.570118,-0.300000,1.000000,1.100000,0.000000,0.000000,-1.571000,-0.299923,1.002890,1.065196,1.493447
6.192000,-0.000077,-0.002889,0.034804,0.000022,-0.003928,-0.036093,-0.000000,-0.000981,1.570118,-0.300000,1.000000,1.100000,0.000000,0.000000,-1.571000,-0.299923,1.002889,1.065196,1.493446
6.194000,-0.000077,-0.002887,0.034804,0.000022,-0.003928,-0.036093,-0.000000,-0.000981,1.570119,-0.300000,1.000000,1.100000,0.000000,0.000000,-1.571000,-0.299923,1.002887,1.065196,1.493445
6.196000,-0.000077,-0.002885,0.034804,0.000022,-0.003928,-0.036093,-0.000000,-0.000981,1.570119,-0.300000,1.000000,1.100000,0.000000,0.000000,-1.571000,-0.299923,1.002885,1.065196,1.493444
6.198000,-0.000077,-0.002883,0.034804,0.000022,-0.003928,-0.036093,-0.000000,-0.000981,1.570119,-0.300000,1.000000,1.100000,0.000000,0.000000,-1.571000,-0.299923,1.002883,1.065196,1.493443
6.200000,-0.000077,-0.002882,0.034804,0.000022,-0.003928,-0.036093,-0.000000,-0.000981,1.570119,-0.300000,1.000000,1.100000,0.000000,0.000000,-1.571000,-0.299923,1.002882,1.065196,1.493442
6.202000,-0.000077,-0.002880,0.034804,0.000022,-0.003928,-0.036093,-0.000000,-0.000981,1.570119,-0.300000,1.000000,1.100000,0.000000,0.000000,-1.571000,-0.299923,1.002880,1.065196,1.493441
6.204000,-0.000077,-0.002878,0.034804,0.000022,-0.003928,-0.036093,-0.000000,-0.000981,1.570119,-0.300000,1.000000,1.100000,0.000000,0.000000,-1.571000,-0.299923,1.002878,1.065196,1.493440
6.206000,-0.000077,-0.002877,0.034804,0.000022,-0.003928,-0.036093,-0.000000,-0.000981,1.570119,-0.300000,1.000000,1.100000,0.000000,0.000000,-1.571000,-0.299923,1.002877,1.065196,1.493438
6.208000,-0.000077,-0.002875,0.034804,0.000022,-0.003928,-0.036093,-0.000000,-0.000981,1.570119,-0.300000,1.000000,1.100000,0.000000,0.000000,-1.571000,-0.299923,1.002875,1.065196,1.493437
6.210000,-0.000077,-0.002873,0.034804,0.000022,-0.003928,-0.036093,-0.000000,-0.000981,1.570119,-0.300000,1.000000,1.100000,0.000000,0.000000,-1.571000,-0.299923,1.002873,1.065196,1.493436
6.212000,-0.000077,-0.002872,0.034804,0.000022,-0.003928,-0.036093,-0.000000,-0.000981,1.570119,-0.300000,1.000000,1.100000,0.000000,0.000000,-1.571000,-0.299923,1.002872,1.065196,1.493435
6.214000,-0.000077,-0.002870,0.034804,0.000022,-0.003928,-0.036093,-0.000000,-0.000981,1.570119,-0.300000,1.000000,1.100000,0.000000,0.000000,-1.571000,-0.299923,1.002870,1.065196,1.493434
6.216000,-0.000077,-0.002868,0.034804,0.000022,-0.003928,-0.036093,-0.000000,-0.000981,1.570119,-0.300000,1.000000,1.100000,0.000000,0.000000,-1.571000,-0.299923,1.002868,1.065196,1.493433
6.218000,-0.000077,-0.002867,0.034804,0.000022,-0.003928,-0.036093,-0.000000,-0.000981,1.570119,-0.300000,1.000000,1.100000,0.000000,0.000000,-1.571000,-0.299923,1.002867,1.065196,1.493432
6.220000,-0.000077,-0.002865,0.034804,0.000022,-0.003928,-0.036093,-0.000000,-0.000981,1.570119,-0.300000,1.000000,1.100000,0.000000,0.000000,-1.571000,-0.299923,1.002865,1.065196,1.493430
6.222000,-0.000076,-0.002863,0.034804,0.000022,-0.003928,-0.036093,-0.000000,-0.000981,1.570119,-0.300000,1.000000,1.100000,0.000000,0.000000,-1.571000,-0.299924,1.002863,1.065196,1.493429
6.224000,-0.000076,-0.002861,0.034804,0.000022,-0.003928,-0.036093,-0.000000,-0.000981,1.570119,-0.300000,1.000000,1.100000,0.000000,0.000000,-1.571000,-0.299924,1.002861,1.065196,1.493428
6.226000,-0.000076,-0.002860,0.034804,0.000022,-0.003928,-0.036093,-0.000000,-0.000981,1.570119,-0.300000,1.000000,1.100000,0.000000,0.000000,-1.571000,-0.299924,1.002860,1.065196,1.493427
6.228000,-0.000076,-0.002858,0.034804,0.000022,-0.003928,-0.036093,-0.000000,-0.000981,1.570119,-0.300000,1.000000,1.100000,0.000000,0.000000,-1.571000,-0.299924,1.002858,1.065196,1.493426
6.230000,-0.000076,-0.002856,0.034804,0.000022,-0.003928,-0.036093,-0.000000,-0.000981,1.570119,-0.300000,1.000000,1.100000,0.000000,0.000000,-1.571000,-0.299924,1.002856,1.065196,1.493425
6.232000,-0.000076,-0.002855,0.034804,0.000022,-0.003928,-0.036093,-0.000000,-0.000981,1.570119,-0.300000,1.000000,1.100000,0.000000,0.000000,-1.571000,-0.299924,1.002855,1.065196,1.493424
6.234000,-0.000076,-0.002853,0.034804,0.000022,-0.003928,-0.036093,-0.000000,-0.000981,1.570119,-0.300000,1.000000,1.100000,0.000000,0.000000,-1.571000,-0.299924,1.002853,1.065196,1.493423
6.236000,-0.000076,-0.002851,0.034804,0.000022,-0.003928,-0.036093,-0.000000,-0.000981,1.570119,-0.300000,1.000000,1.100000,0.000000,0.000000,-1.571000,-0.299924,1.002851,1.065196,1.493421
6.238000,-0.000076,-0.002850,0.034804,0.000022,-0.003928,-0.036093,-0.000000,-0.000981,1.570119,-0.300000,1.000000,1.100000,0.000000,0.000000,-1.571000,-0.299924,1.002850,1.065196,1.493420
6.240000,-0.000076,-0.002848,0.034804,0.000022,-0.003928,-0.036093,-0.000000,-0.000981,1.570119,-0.300000,1.000000,1.100000,0.000000,0.000000,-1.571000,-0.299924,1.002848,1.065196,1.493419
6.242000,-0.000076,-0.002846,0.034804,0.000022,-0.003928,-0.036093,-0.000000,-0.000981,1.570119,-0.300000,1.000000,1.100000,0.000000,0.000000,-1.571000,-0.299924,1.002846,1.065196,1.493418
6.244000,-0.000076,-0.002845,0.034804,0.000022,-0.003928,-0.036093,-0.000000,-0.000981,1.570119,-0.300000,1.000000,1.100000,0.000000,0.000000,-1.571000,-0.299924,1.002845,1.065196,1.493417
6.246000,-0.000076,-0.002843,0.034804,0.000022,-0.003928,-0.036093,-0.000000,-0.000981,1.570120,-0.300000,1.000000,1.100000,0.000000,0.000000,-1.571000,-0.299924,1.002843,1.065196,1.493416
6.248000,-0.000076,-0.002841,0.034804,0.000022,-0.003928,-0.036093,-0.000000,-0.000981,1.570120,-0.300000,1.000000,1.100000,0.000000,0.000000,-1.571000,-0.299924,1.002841,1.065196,1.493415
6.250000,-0.000076,-0.002839,0.034804,0.000022,-0.003928,-0.036093,-0.000000,-0.000981,1.570120,-0.300000,1.000000,1.100000,0.000000,0.000000,-1.571000,-0.299924,1.002839,1.065196,1.493414
6.252000,-0.000076,-0.002838,0.034804,0.000022,-0.003928,-0.036093,-0.000000,-0.000981,1.570120,-0.300000,1.000000,1.100000,0.000000,0.000000,-1.571000,-0.299924,1.002838,1.065196,1.493412
6.254000,-0.000076,-0.002836,0.034804,0.000022,-0.003928,-0.036093,-0.000000,-0.000981,1.570120,-0.300000,1.000000,1.100000,0.000000,0.000000,-1.571000,-0.299924,1.002836,1.065196,1.493411
6.256000,-0.000076,-0.002834,0.034804,0.000022,-0.003928,-0.036093,-0.000000,-0.000981,1.570120,-0.300000,1.000000,1.100000,0.000000,0.000000,-1.571000,-0.299924,1.002834,1.065196,1.493410
6.258000,-0.000076,-0.002833,0.034804,0.000022,-0.003928,-0.036093,-0.000000,-0.000981,1.570120,-0.300000,1.000000,1.100000,0.000000,0.000000,-1.571000,-0.299924,1.002833,1.065196,1.493409
6.260000,-0.000076,-0.002831,0.034804,0.000022,-0.003928,-0.036093,-0.000000,-0.000981,1.570120,-0.300000,1.000000,1.100000,0.000000,0.000000,-1.571000,-0.299924,1.002831,1.065196,1.493408
6.262000,-0.000076,-0.002829,0.034804,0.000022,-0.003928,-0.036093,-0.000000,-0.000981,1.570120,-0.300000,1.000000,1.100000,0.000000,0.000000,-1.571000,-0.299924,1.002829,1.065196,1.493407
6.264000,-0.000076,-0.002828,0.034804,0.000022,-0.003928,-0.036093,-0.000000,-0.000981,1.570120,-0.300000,1.000000,1.100000,0.000000,0.000000,-1.571000,-0.299924,1.002828,1.065196,1.493406
6.266000,-0.000076,-0.002826,0.034804,0.000022,-0.003928,-0.036093,-0.000000,-0.000981,1.570120,-0.300000,1.000000,1.100000,0.000000,0.000000,-1.571000,-0.299924,1.002826,1.065196,1.493405
6.268000,-0.000075,-0.002824,0.034804,0.000022,-0.003928,-0.036093,-0.000000,-0.000981,1.570120,-0.300000,1.000000,1.100000,0.000000,0.000000,-1.571000,-0.299925,1.002824,1.065196,1.493403
6.270000,-0.000075,-0.002823,0.034804,0.000022,-0.003928,-0.036093,-0.000000,-0.000981,1.570120,-0.300000,1.000000,1.100000,0.000000,0.000000,-1.571000,-0.299925,1.002823,1.065196,1.493402
6.272000,-0.000075,-0.002821,0.034804,0.000022,-0.003928,-0.036093,-0.000000,-0.000981,1.570120,-0.300000,1.000000,1.100000,0.000000,0.000000,-1.571000,-0.299925,1.002821,1.065196,1.493401
6.274000,-0.000075,-0.002819,0.034804,0.000022,-0.003928,-0.036093,-0.000000,-0.000981,1.570120,-0.300000,1.000000,1.100000,0.000000,0.000000,-1.571000,-0.299925,1.002819,1.065196,1.493400
6.276000,-0.000075,-0.002817,0.034804,0.000022,-0.003928,-0.036093,-0.000000,-0.000981,1.570120,-0.300000,1.000000,1.100000,0.000000,0.000000,-1.571000,-0.299925,1.002817,1.065196,1.493399
6.278000,-0.000075,-0.002816,0.034804,0.000022,-0.003928,-0.036093,-0.000000,-0.000981,1.570120,-0.300000,1.000000,1.100000,0.000000,0.000000,-1.571000,-0.299925,1.002816,1.065196,1.493398
6.280000,-0.000075,-0.002814,0.034804,0.000022,-0.003928,-0.036093,-0.000000,-0.000981,1.570120,-0.300000,1.000000,1.100000,0.000000,0.000000,-1.571000,-0.299925,1.002814,1.065196,1.493397
6.282000,-0.000075,-0.002812,0.034804,0.000022,-0.003928,-0.036093,-0.000000,-0.000981,1.570120,-0.300000,1.000000,1.100000,0.000000,0.000000,-1.571000,-0.299925,1.002812,1.065196,1.493396
6.284000,-0.000075,-0.002811,0.034804,0.000022,-0.003928,-0.036093,-0.000000,-0.000981,1.570120,-0.300000,1.000000,1.100000,0.000000,0.000000,-1.571000,-0.299925,1.002811,1.065196,1.493394
6.286000,-0.000075,-0.002809,0.034804,0.000022,-0.003928,-0.036093,-0.000000,-0.000981,1.570120,-0.300000,1.000000,1.100000,0.000000,0.000000,-1.571000,-0.299925,1.002809,1.065196,1.493393
6.288000,-0.000075,-0.002807,0.034804,0.000022,-0.003928,-0.036093,-0.000000,-0.000981,1.570120,-0.300000,1.000000,1.100000,0.000000,0.000000,-1.571000,-0.299925,1.002807,1.065196,1.493392
6.290000,-0.000075,-0.002806,0.034804,0.000022,-0.003928,-0.036093,-0.000000,-0.000981,1.570120,-0.300000,1.000000,1.100000,0.000000,0.000000,-1.571000,-0.299925,1.002806,1.065196,1.493391
6.292000,-0.000075,-0.002804,0.034804,0.000022,-0.003928,-0.036093,-0.000000,-0.000981,1.570120,-0.300000,1.000000,1.100000,0.000000,0.000000,-1.571000,-0.299925,1.002804,1.065196,1.493390
6.294000,-0.000075,-0.002802,0.034804,0.000022,-0.003928,-0.036093,-0.000000,-0.000981,1.570120,-0.300000,1.000000,1.100000,0.000000,0.000000,-1.571000,-0.299925,1.002802,1.065196,1.493389
6.296000,-0.000075,-0.002801,0.034804,0.000022,-0.003928,-0.036093,-0.000000,-0.000981,1.570120,-0.300000,1.000000,1.100000,0.000000,0.000000,-1.571000,-0.299925,1.002801,1.065196,1.493388
6.298000,-0.000075,-0.002799,0.034804,0.000022,-0.003928,-0.036093,-0.000000,-0.000981,1.570121,-0.300000,1.000000,1.100000,0.000000,0.000000,-1.571000,-0.299925,1.002799,1.065196,1.493387
6.300000,-0.000075,-0.002797,0.034804,0.000022,-0.003928,-0.036093,-0.000000,-0.000981,1.570121,-0.300000,1.000000,1.100000,0.000000,0.000000,-1.571000,-0.299925,1.002797,1.065196,1.493385
6.302000,-0.000075,-0.002795,0.034804,0.000022,-0.003928,-0.036093,-0.000000,-0.000981,1.570121,-0.300000,1.000000,1.100000,0.000000,0.000000,-1.571000,-0.299925,1.002795,1.065196,1.493384
6.304000,-0.000075,-0.002794,0.034804,0.000022,-0.003928,-0.036093,-0.000000,-0.000981,1.570121,-0.300000,1.000000,1.100000,0.000000,0.000000,-1.571000,-0.299925,1.002794,1.065196,1.493383
6.306000,-0.000075,-0.002792,0.034804,0.000022,-0.003928,-0.036093,-0.000000,-0.000981,1.570121,-0.300000,1.000000,1.100000,0.000000,0.000000,-1.571000,-0.299925,1.002792,1.065196,1.493382
6.308000,-0.000075,-0.002790,0.034804,0.000022,-0.003928,-0.036093,-0.000000,-0.000981,1.570121,-0.300000,1.000000,1.100000,0.000000,0.000000,-1.571000,-0.299925,1.002790,1.065196,1.493381
6.310000,-0.000075,-0.002789,0.034804,0.000022,-0.003928,-0.036093,-0.000000,-0.000981,1.570121,-0.300000,1.000000,1.100000,0.000000,0.000000,-1.571000,-0.299925,1.002789,1.065196,1.493380
6.312000,-0.000074,-0.002787,0.034804,0.000022,-0.003928,-0.036093,-0.000000,-0.000981,1.570121,-0.300000,1.000000,1.100000,0.000000,0.000000,-1.571000,-0.299926,1.002787,1.065196,1.493379
6.314000,-0.000074,-0.002785,0.034804,0.000022,-0.003928,-0.036093,-0.000000,-0.000981,1.570121,-0.300000,1.000000,1.100000,0.000000,0.000000,-1.571000,-0.299926,1.002785,1.065196,1.493377
6.316000,-0.000074,-0.002784,0.034804,0.000022,-0.003928,-0.036093,-0.000000,-0.000981,1.570121,-0.300000,1.000000,1.100000,0.000000,0.000000,-1.571000,-0.299926,1.002784,1.065196,1.493376
6.318000,-0.000074,-0.002782,0.034804,0.000022,-0.003928,-0.036093,-0.000000,-0.000981,1.570121,-0.300000,1.000000,1.100000,0.000000,0.000000,-1.571000,-0.299926,1.002782,1.065196,1.493375
6.320000,-0.000074,-0.002780,0.034804,0.000022,-0.003928,-0.036093,-0.000000,-0.000981,1.570121,-0.300000,1.000000,1.100000,0.000000,0.000000,-1.571000,-0.299926,1.002780,1.065196,1.493374
6.322000,-0.000074,-0.002779,0.034804,0.000022,-0.003928,-0.036093,-0.000000,-0.000981,1.570121,-0.300000,1.000000,1.100000,0.000000,0.000000,-1.571000,-0.299926,1.002779,1.065196,1.493373
6.324000,-0.000074,-0.002777,0.034804,0.000022,-0.003928,-0.036093,-0.000000,-0.000981,1.570121,-0.300000,1.000000,1.100000,0.000000,0.000000,-1.571000,-0.299926,1.002777,1.065196,1.493372
6.326000,-0.000074,-0.002775,0.034804,0.000022,-0.003928,-0.036093,-0.000000,-0.000981,1.570121,-0.300000,1.000000,1.100000,0.000000,0.000000,-1.571000,-0.299926,1.002775,1.065196,1.493371
6.328000,-0.000074,-0.002773,0.034804,0.000022,-0.003928,-0.036093,-0.000000,-0.000981,1.570121,-0.300000,1.000000,1.100000,0.000000,0.000000,-1.571000,-0.299926,1.002773,1.065196,1.493370
6.330000,-0.000074,-0.002772,0.034804,0.000022,-0.003928,-0.036093,-0.000000,-0.000981,1.570121,-0.300000,1.000000,1.100000,0.000000,0.000000,-1.571000,-0.299926,1.002772,1.065196,1.493368
6.332000,-0.000074,-0.002770,0.034804,0.000022,-0.003928,-0.036093,-0.000000,-0.000981,1.570121,-0.300000,1.000000,1.100000,0.000000,0.000000,-1.571000,-0.299926,1.002770,1.065196,1.493367
6.334000,-0.000074,-0.002768,0.034804,0.000022,-0.003928,-0.036093,-0.000000,-0.000981,1.570121,-0.300000,1.000000,1.100000,0.000000,0.000000,-1.571000,-0.299926,1.002768,1.065196,1.493366
6.336000,-0.000074,-0.002767,0.034804,0.000022,-0.003928,-0.036093,-0.000000,-0.000981,1.570121,-0.300000,1.000000,1.100000,0.000000,0.000000,-1.571000,-0.299926,1.002767,1.065196,1.493365
6.338000,-0.000074,-0.002765,0.034804,0.000022,-0.003928,-0.036093,-0.000000,-0.000981,1.570121,-0.300000,1.000000,1.100000,0.000000,0.000000,-1.571000,-0.299926,1.002765,1.065196,1.493364
6.340000,-0.000074,-0.002763,0.034804,0.000022,-0.003928,-0.036093,-0.000000,-0.000981,1.570121,-0.300000,1.000000,1.100000,0.000000,0.000000,-1.571000,-0.299926,1.002763,1.065196,1.493363
6.342000,-0.000074,-0.002762,0.034804,0.000022,-0.003928,-0.036093,-0.000000,-0.000981,1.570121,-0.300000,1.000000,1.100000,0.000000,0.000000,-1.571000,-0.299926,1.002762,1.065196,1.493362
6.344000,-0.000074,-0.002760,0.034804,0.000022,-0.003928,-0.036093,-0.000000,-0.000981,1.570121,-0.300000,1.000000,1.100000,0.000000,0.000000,-1.571000,-0.299926,1.002760,1.065196,1.493361
6.346000,-0.000074,-0.002758,0.034804,0.000022,-0.003928,-0.036093,-0.000000,-0.000981,1.570121,-0.300000,1.000000,1.100000,0.000000,0.000000,-1.571000,-0.299926,1.002758,1.065196,1.493359
6.348000,-0.000074,-0.002756,0.034804,0.000022,-0.003928,-0.036093,-0.000000,-0.000981,1.570122,-0.300000,1.000000,1.100000,0.000000,0.000000,-1.571000,-0.299926,1.002756,1.065196,1.493358
6.350000,-0.000074,-0.002755,0.034804,0.000022,-0.003928,-0.036093,-0.000000,-0.000981,1.570122,-0.300000,1.000000,1.100000,0.000000,0.000000,-1.571000,-0.299926,1.002755,1.065196,1.493357
6.352000,-0.000074,-0.002753,0.034804,0.000022,-0.003928,-0.036093,-0.000000,-0.000981,1.570122,-0.300000,1.000000,1.100000,0.000000,0.000000,-1.571000,-0.299926,1.002753,1.065196,1.493356
6.354000,-0.000074,-0.002751,0.034804,0.000022,-0.003928,-0.036093,-0.000000,-0.000981,1.570122,-0.300000,1.000000,1.100000,0.000000,0.000000,-1.571000,-0.299926,1.002751,1.065196,1.493355
6.356000,-0.000074,-0.002750,0.034804,0.000022,-0.003928,-0.036093,-0.000000,-0.000981,1.570122,-0.300000,1.000000,1.100000,0.000000,0.000000,-1.571000,-0.299926,1.002750,1.065196,1.493354
6.358000,-0.000073,-0.002748,0.034804,0.000022,-0.003928,-0.036093,-0.000000,-0.000981,1.570122,-0.300000,1.000000,1.100000,0.000000,0.000000,-1.571000,-0.299927,1.002748,1.065196,1.493353
6.360000,-0.000073,-0.002746,0.034804,0.000022,-0.003928,-0.036093,-0.000000,-0.000981,1.570122,-0.300000,1.000000,1.100000,0.000000,0.000000,-1.571000,-0.299927,1.002746,1.065196,1.493352
6.362000,-0.000073,-0.002745,0.034804,0.000022,-0.003928,-0.036093,-0.000000,-0.000981,1.570122,-0.300000,1.000000,1.100000,0.000000,0.000000,-1.571000,-0.299927,1.002745,1.065196,1.493350
6.364000,-0.000073,-0.002743,0.034804,0.000022,-0.003928,-0.036093,-0.000000,-0.000981,1.570122,-0.300000,1.000000,1.100000,0.000000,0.000000,-1.571000,-0.299927,1.002743,1.065196,1.493349
6.366000,-0.000073,-0.002741,0.034804,0.000022,-0.003928,-0.036093,-0.000000,-0.000981,1.570122,-0.300000,1.000000,1.100000,0.000000,0.000000,-1.571000,-0.299927,1.002741,1.065196,1.493348
6.368000,-0.000073,-0.002740,0.034804,0.000022,-0.003928,-0.036093,-0.000000,-0.000981,1.570122,-0.300000,1.000000,1.100000,0.000000,0.000000,-1.571000,-0.299927,1.002740,1.065196,1.493347
6.370000,-0.000073,-0.002738,0.034804,0.000022,-0.003928,-0.036093,-0.000000,-0.000981,1.570122,-0.300000,1.000000,1.100000,0.000000,0.000000,-1.571000,-0.299927,1.002738,1.065196,1.493346
6.372000,-0.000073,-0.002736,0.034804,0.000022,-0.003928,-0.036093,-0.000000,-0.000981,1.570122,-0.300000,1.000000,1.100000,0.000000,0.000000,-1.571000,-0.299927,1.002736,1.065196,1.493345
6.374000,-0.000073,-0.002734,0.034804,0.000022,-0.003928,-0.036093,-0.000000,-0.000981,1.570122,-0.300000,1.000000,1.100000,0.000000,0.000000,-1.571000,-0.299927,1.002734,1.065196,1.493344
6.376000,-0.000073,-0.002733,0.034804,0.000022,-0.003928,-0.036093,-0.000000,-0.000981,1.570122,-0.300000,1.000000,1.100000,0.000000,0.000000,-1.571000,-0.299927,1.002733,1.065196,1.493343
6.378000,-0.000073,-0.002731,0.034804,0.000022,-0.003928,-0.036093,-0.000000,-0.000981,1.570122,-0.300000,1.000000,1.100000,0.000000,0.000000,-1.571000,-0.299927,1.002731,1.065196,1.493341
6.380000,-0.000073,-0.002729,0.034804,0.000022,-0.003928,-0.036093,-0.000000,-0.000981,1.570122,-0.300000,1.000000,1.100000,0.000000,0.000000,-1.571000,-0.299927,1.002729,1.065196,1.493340
6.382000,-0.000073,-0.002728,0.034804,0.000022,-0.003928,-0.036093,-0.000000,-0.000981,1.570122,-0.300000,1.000000,1.100000,0.000000,0.000000,-1.571000,-0.299927,1.002728,1.065196,1.493339
6.384000,-0.000073,-0.002726,0.034804,0.000022,-0.003928,-0.036093,-0.000000,-0.000981,1.570122,-0.300000,1.000000,1.100000,0.000000,0.000000,-1.571000,-0.299927,1.002726,1.065196,1.493338
6.386000,-0.000073,-0.002724,0.034804,0.000022,-0.003928,-0.036093,-0.000000,-0.000981,1.570122,-0.300000,1.000000,1.100000,0.000000,0.000000,-1.571000,-0.299927,1.002724,1.065196,1.493337
6.388000,-0.000073,-0.002723,0.034804,0.000022,-0.003928,-0.036093,-0.000000,-0.000981,1.570122,-0.300000,1.000000,1.100000,0.000000,0.000000,-1.571000,-0.299927,1.002723,1.065196,1.493336
6.390000,-0.000073,-0.002721,0.034804,0.000022,-0.003928,-0.036093,-0.000000,-0.000981,1.570122,-0.300000,1.000000,1.100000,0.000000,0.000000,-1.571000,-0.299927,1.002721,1.065196,1.493335
6.392000,-0.000073,-0.002719,0.034804,0.000022,-0.003928,-0.036093,-0.000000,-0.000981,1.570122,-0.300000,1.000000,1.100000,0.000000,0.000000,-1.571000,-0.299927,1.002719,1.065196,1.493334
6.394000,-0.000073,-0.002718,0.034804,0.000022,-0.003928,-0.036093,-0.000000,-0.000981,1.570122,-0.300000,1.000000,1.100000,0.000000,0.000000,-1.571000,-0.299927,1.002718,1.065196,1.493332
6.396000,-0.000073,-0.002716,0.034804,0.000022,-0.003928,-0.036093,-0.000000,-0.000981,1.570122,-0.300000,1.000000,1.100000,0.000000,0.000000,-1.571000,-0.299927,1.002716,1.065196,1.493331
6.398000,-0.000073,-0.002714,0.034804,0.000022,-0.003928,-0.036093,-0.000000,-0.000981,1.570122,-0.300000,1.000000,1.100000,0.000000,0.000000,-1.571000,-0.299927,1.002714,1.065196,1.493330
6.400000,-0.000073,-0.002712,0.034804,0.000022,-0.003928,-0.036093,-0.000000,-0.000981,1.570123,-0.300000,1.000000,1.100000,0.000000,0.000000,-1.571000,-0.299927,1.002712,1.065196,1.493329
6.402000,-0.000073,-0.002711,0.034804,0.000022,-0.003928,-0.036093,-0.000000,-0.000981,1.570123,-0.300000,1.000000,1.100000,0.000000,0.000000,-1.571000,-0.299927,1.002711,1.065196,1.493328
6.404000,-0.000072,-0.002709,0.034804,0.000022,-0.003928,-0.036093,-0.000000,-0.000981,1.570123,-0.300000,1.000000,1.100000,0.000000,0.000000,-1.571000,-0.299928,1.002709,1.065196,1.493327
6.406000,-0.000072,-0.002707,0.034804,0.000022,-0.003928,-0.036093,-0.000000,-0.000981,1.570123,-0.300000,1.000000,1.100000,0.000000,0.000000,-1.571000,-0.299928,1.002707,1.065196,1.493326
6.408000,-0.000072,-0.002706,0.034804,0.000022,-0.003928,-0.036093,-0.000000,-0.000981,1.570123,-0.300000,1.000000,1.100000,0.000000,0.000000,-1.571000,-0.299928,1.002706,1.065196,1.493324
6.410000,-0.000072,-0.002704,0.034804,0.000022,-0.003928,-0.036093,-0.000000,-0.000981,1.570123,-0.300000,1.000000,1.100000,0.000000,0.000000,-1.571000,-0.299928,1.002704,1.065196,1.493323
6.412000,-0.000072,-0.002702,0.034804,0.000022,-0.003928,-0.036093,-0.000000,-0.000981,1.570123,-0.300000,1.000000,1.100000,0.000000,0.000000,-1.571000,-0.299928,1.002702,1.065196,1.493322
6.414000,-0.000072,-0.002701,0.034804,0.000022,-0.003928,-0.036093,-0.000000,-0.000981,1.570123,-0.300000,1.000000,1.100000,0.000000,0.000000,-1.571000,-0.299928,1.002701,1.065196,1.493321
6.416000,-0.000072,-0.002699,0.034804,0.000022,-0.003928,-0.036093,-0.000000,-0.000981,1.570123,-0.300000,1.000000,1.100000,0.000000,0.000000,-1.571000,-0.299928,1.002699,1.065196,1.493320
6.418000,-0.000072,-0.002697,0.034804,0.000022,-0.003928,-0.036093,-0.000000,-0.000981,1.570123,-0.300000,1.000000,1.100000,0.000000,0.000000,-1.571000,-0.299928,1.002697,1.065196,1.493319
6.420000,-0.000072,-0.002696,0.034804,0.000022,-0.003928,-0.036093,-0.000000,-0.000981,1.570123,-0.300000,1.000000,1.100000,0.000000,0.000000,-1.571000,-0.299928,1.002696,1.065196,1.493318
6.422000,-0.000072,-0.002694,0.034804,0.000022,-0.003928,-0.036093,-0.000000,-0.000981,1.570123,-0.300000,1.000000,1.100000,0.000000,0.000000,-1.571000,-0.299928,1.002694,1.065196,1.493317
6.424000,-0.000072,-0.002692,0.034804,0.000022,-0.003928,-0.036093,-0.000000,-0.000981,1.570123,-0.300000,1.000000,1.100000,0.000000,0.000000,-1.571000,-0.299928,1.002692,1.065196,1.493315
6.426000,-0.000072,-0.002690,0.034804,0.000022,-0.003928,-0.036093,-0.000000,-0.000981,1.570123,-0.300000,1.000000,1.100000,0.000000,0.000000,-1.571000,-0.299928,1.002690,1.065196,1.493314
6.428000,-0.000072,-0.002689,0.034804,0.000022,-0.003928,-0.036093,-0.000000,-0.000981,1.570123,-0.300000,1.000000,1.100000,0.000000,0.000000,-1.571000,-0.299928,1.002689,1.065196,1.493313
6.430000,-0.000072,-0.002687,0.034804,0.000022,-0.003928,-0.036093,-0.000000,-0.000981,1.570123,-0.300000,1.000000,1.100000,0.000000,0.000000,-1.571000,-0.299928,1.002687,1.065196,1.493312
6.432000,-0.000072,-0.002685,0.034804,0.000022,-0.003928,-0.036093,-0.000000,-0.000981,1.570123,-0.300000,1.000000,1.100000,0.000000,0.000000,-1.571000,-0.299928,1.002685,1.065196,1.493311
6.434000,-0.000072,-0.002684,0.034804,0.000022,-0.003928,-0.036093,-0.000000,-0.000981,1.570123,-0.300000,1.000000,1.100000,0.000000,0.000000,-1.571000,-0.299928,1.002684,1.065196,1.493310
6.436000,-0.000072,-0.002682,0.034804,0.000022,-0.003928,-0.036093,-0.000000,-0.000981,1.570123,-0.300000,1.000000,1.100000,0.000000,0.000000,-1.571000,-0.299928,1.002682,1.065196,1.493309
6.438000,-0.000072,-0.002680,0.034804,0.000022,-0.003928,-0.036093,-0.000000,-0.000981,1.570123,-0.300000,1.000000,1.100000,0.000000,0.000000,-1.571000,-0.299928,1.002680,1.065196,1.493308
6.440000,-0.000072,-0.002679,0.034804,0.000022,-0.003928,-0.036093,-0.000000,-0.000981,1.570123,-0.300000,1.000000,1.100000,0.000000,0.000000,-1.571000,-0.299928,1.002679,1.065196,1.493306
6.442000,-0.000072,-0.002677,0.034804,0.000022,-0.003928,-0.036093,-0.000000,-0.000981,1.570123,-0.300000,1.000000,1.100000,0.000000,0.000000,-1.571000,-0.299928,1.002677,1.065196,1.493305
6.444000,-0.000072,-0.002675,0.034804,0.000022,-0.003928,-0.036093,-0.000000,-0.000981,1.570123,-0.300000,1.000000,1.100000,0.000000,0.000000,-1.571000,-0.299928,1.002675,1.065196,1.493304
6.446000,-0.000072,-0.002674,0.034804,0.000022,-0.003928,-0.036093,-0.000000,-0.000981,1.570123,-0.300000,1.000000,1.100000,0.000000,0.000000,-1.571000,-0.299928,1.002674,1.065196,1.493303
6.448000,-0.000071,-0.002672,0.034804,0.000022,-0.003928,-0.036093,-0.000000,-0.000981,1.570123,-0.300000,1.000000,1.100000,0.000000,0.000000,-1.571000,-0.299929,1.002672,1.065196,1.493302
6.450000,-0.000071,-0.002670,0.034804,0.000022,-0.003928,-0.036093,-0.000000,-0.000981,1.570123,-0.300000,1.000000,1.100000,0.000000,0.000000,-1.571000,-0.299929,1.002670,1.065196,1.493301
6.452000,-0.000071,-0.002668,0.034804,0.000022,-0.003928,-0.036093,-0.000000,-0.000981,1.570124,-0.300000,1.000000,1.100000,0.000000,0.000000,-1.571000,-0.299929,1.002668,1.065196,1.493300
6.454000,-0.000071,-0.002667,0.034804,0.000022,-0.003928,-0.036093,-0.000000,-0.000981,1.570124,-0.300000,1.000000,1.100000,0.000000,0.000000,-1.571000,-0.299929,1.002667,1.065196,1.493299
6.456000,-0.000071,-0.002665,0.034804,0.000022,-0.003928,-0.036093,-0.000000,-0.000981,1.570124,-0.300000,1.000000,1.100000,0.000000,0.000000,-1.571000,-0.299929,1.002665,1.065196,1.493297
6.458000,-0.000071,-0.002663,0.034804,0.000022,-0.003928,-0.036093,-0.000000,-0.000981,1.570124,-0.300000,1.000000,1.100000,0.000000,0.000000,-1.571000,-0.299929,1.002663,1.065196,1.493296
6.460000,-0.000071,-0.002662,0.034804,0.000022,-0.003928,-0.036093,-0.000000,-0.000981,1.570124,-0.300000,1.000000,1.100000,0.000000,0.000000,-1.571000,-0.299929,1.002662,1.065196,1.493295
6.462000,-0.000071,-0.002660,0.034804,0.000022,-0.003928,-0.036093,-0.000000,-0.000981,1.570124,-0.300000,1.000000,1.100000,0.000000,0.000000,-1.571000,-0.299929,1.002660,1.065196,1.493294
6.464000,-0.000071,-0.002658,0.034804,0.000022,-0.003928,-0.036093,-0.000000,-0.000981,1.570124,-0.300000,1.000000,1.100000,0.000000,0.000000,-1.571000,-0.299929,1.002658,1.065196,1.493293
6.466000,-0.000071,-0.002657,0.034804,0.000022,-0.003928,-0.036093,-0.000000,-0.000981,1.570124,-0.300000,1.000000,1.100000,0.000000,0.000000,-1.571000,-0.299929,1.002657,1.065196,1.493292
6.468000,-0.000071,-0.002655,0.034804,0.000022,-0.003928,-0.036093,-0.000000,-0.000981,1.570124,-0.300000,1.000000,1.100000,0.000000,0.000000,-1.571000,-0.299929,1.002655,1.065196,1.493291
6.470000,-0.000071,-0.002653,0.034804,0.000022,-0.003928,-0.036093,-0.000000,-0.000981,1.570124,-0.300000,1.000000,1.100000,0.000000,0.000000,-1.571000,-0.299929,1.002653,1.065196,1.493290
6.472000,-0.000071,-0.002652,0.034804,0.000022,-0.003928,-0.036093,-0.000000,-0.000981,1.570124,-0.300000,1.000000,1.100000,0.000000,0.000000,-1.571000,-0.299929,1.002652,1.065196,1.493288
6.474000,-0.000071,-0.002650,0.034804,0.000022,-0.003928,-0.036093,-0.000000,-0.000981,1.570124,-0.300000,1.000000,1.100000,0.000000,0.000000,-1.571000,-0.299929,1.002650,1.065196,1.493287
6.476000,-0.000071,-0.002648,0.034804,0.000022,-0.003928,-0.036093,-0.000000,-0.000981,1.570124,-0.300000,1.000000,1.100000,0.000000,0.000000,-1.571000,-0.299929,1.002648,1.065196,1.493286
6.478000,-0.000071,-0.002646,0.034804,0.000022,-0.003928,-0.036093,-0.000000,-0.000981,1.570124,-0.300000,1.000000,1.100000,0.000000,0.000000,-1.571000,-0.299929,1.002646,1.065196,1.493285
6.480000,-0.000071,-0.002645,0.034804,0.000022,-0.003928,-0.036093,-0.000000,-0.000981,1.570124,-0.300000,1.000000,1.100000,0.000000,0.000000,-1.571000,-0.299929,1.002645,1.065196,1.493284
6.482000,-0.000071,-0.002643,0.034804,0.000022,-0.003928,-0.036093,-0.000000,-0.000981,1.570124,-0.300000,1.000000,1.100000,0.000000,0.000000,-1.571000,-0.299929,1.002643,1.065196,1.493283
6.484000,-0.000071,-0.002641,0.034804,0.000022,-0.003928,-0.036093,-0.000000,-0.000981,1.570124,-0.300000,1.000000,1.100000,0.000000,0.000000,-1.571000,-0.299929,1.002641,1.065196,1.493282
6.486000,-0.000071,-0.002640,0.034804,0.000022,-0.003928,-0.036093,-0.000000,-0.000981,1.570124,-0.300000,1.000000,1.100000,0.000000,0.000000,-1.571000,-0.299929,1.002640,1.065196,1.493281
6.488000,-0.000071,-0.002638,0.034804,0.000022,-0.003928,-0.036093,-0.000000,-0.000981,1.570124,-0.300000,1.000000,1.100000,0.000000,0.000000,-1.571000,-0.299929,1.002638,1.065196,1.493279
6.490000,-0.000071,-0.002636,0.034804,0.000022,-0.003928,-0.036093,-0.000000,-0.000981,1.570124,-0.300000,1.000000,1.100000,0.000000,0.000000,-1.571000,-0.299929,1.002636,1.065196,1.493278
6.492000,-0.000071,-0.002635,0.034804,0.000022,-0.003928,-0.036093,-0.000000,-0.000981,1.570124,-0.300000,1.000000,1.100000,0.000000,0.000000,-1.571000,-0.299929,1.002635,1.065196,1.493277
6.494000,-0.000070,-0.002633,0.034804,0.000022,-0.003928,-0.036093,-0.000000,-0.000981,1.570124,-0.300000,1.000000,1.100000,0.000000,0.000000,-1.571000,-0.299930,1.002633,1.065196,1.493276
6.496000,-0.000070,-0.002631,0.034804,0.000022,-0.003928,-0.036093,-0.000000,-0.000981,1.570124,-0.300000,1.000000,1.100000,0.000000,0.000000,-1.571000,-0.299930,1.002631,1.065196,1.493275
6.498000,-0.000070,-0.002630,0.034804,0.000022,-0.003928,-0.036093,-0.000000,-0.000981,1.570124,-0.300000,1.000000,1.100000,0.000000,0.000000,-1.571000,-0.299930,1.002630,1.065196,1.493274
6.500000,-0.000070,-0.002628,0.034804,0.000022,-0.003928,-0.036093,-0.000000,-0.000981,1.570124,-0.300000,1.000000,1.100000,0.000000,0.000000,-1.571000,-0.299930,1.002628,1.065196,1.493273
6.502000,-0.000070,-0.002626,0.034804,0.000022,-0.003928,-0.036093,-0.000000,-0.000981,1.570124,-0.300000,1.000000,1.100000,0.000000,0.000000,-1.571000,-0.299930,1.002626,1.065196,1.493271
6.504000,-0.000070,-0.002624,0.034804,0.000022,-0.003928,-0.036093,-0.000000,-0.000981,1.570125,-0.300000,1.000000,1.100000,0.000000,0.000000,-1.571000,-0.299930,1.002624,1.065196,1.493270
6.506000,-0.000070,-0.002623,0.034804,0.000022,-0.003928,-0.036093,-0.000000,-0.000981,1.570125,-0.300000,1.000000,1.100000,0.000000,0.000000,-1.571000,-0.299930,1.002623,1.065196,1.493269
6.508000,-0.000070,-0.002621,0.034804,0.000022,-0.003928,-0.036093,-0.000000,-0.000981,1.570125,-0.300000,1.000000,1.100000,0.000000,0.000000,-1.571000,-0.299930,1.002621,1.065196,1.493268
6.510000,-0.000070,-0.002619,0.034804,0.000022,-0.003928,-0.036093,-0.000000,-0.000981,1.570125,-0.300000,1.000000,1.100000,0.000000,0.000000,-1.571000,-0.299930,1.002619,1.065196,1.493267
6.512000,-0.000070,-0.002618,0.034804,0.000022,-0.003928,-0.036093,-0.000000,-0.000981,1.570125,-0.300000,1.000000,1.100000,0.000000,0.000000,-1.571000,-0.299930,1.002618,1.065196,1.493266
6.514000,-0.000070,-0.002616,0.034804,0.000022,-0.003928,-0.036093,-0.000000,-0.000981,1.570125,-0.300000,1.000000,1.100000,0.000000,0.000000,-1.571000,-0.299930,1.002616,1.065196,1.493265
6.516000,-0.000070,-0.002614,0.034804,0.000022,-0.003928,-0.036093,-0.000000,-0.000981,1.570125,-0.300000,1.000000,1.100000,0.000000,0.000000,-1.571000,-0.299930,1.002614,1.065196,1.493264
6.518000,-0.000070,-0.002613,0.034804,0.000022,-0.003928,-0.036093,-0.000000,-0.000981,1.570125,-0.300000,1.000000,1.100000,0.000000,0.000000,-1.571000,-0.299930,1.002613,1.065196,1.493262
6.520000,-0.000070,-0.002611,0.034804,0.000022,-0.003928,-0.036093,-0.000000,-0.000981,1.570125,-0.300000,1.000000,1.100000,0.000000,0.000000,-1.571000,-0.299930,1.002611,1.065196,1.493261
6.522000,-0.000070,-0.002609,0.034804,0.000022,-0.003928,-0.036093,-0.000000,-0.000981,1.570125,-0.300000,1.000000,1.100000,0.000000,0.000000,-1.571000,-0.299930,1.002609,1.065196,1.493260
6.524000,-0.000070,-0.002608,0.034804,0.000022,-0.003928,-0.036093,-0.000000,-0.000981,1.570125,-0.300000,1.000000,1.100000,0.000000,0.000000,-1.571000,-0.299930,1.002608,1.065196,1.493259
6.526000,-0.000070,-0.002606,0.034804,0.000022,-0.003928,-0.036093,-0.000000,-0.000981,1.570125,-0.300000,1.000000,1.100000,0.000000,0.000000,-1.571000,-0.299930,1.002606,1.065196,1.493258
6.528000,-0.000070,-0.002604,0.034804,0.000022,-0.003928,-0.036093,-0.000000,-0.000981,1.570125,-0.300000,1.000000,1.100000,0.000000,0.000000,-1.571000,-0.299930,1.002604,1.065196,1.493257
6.530000,-0.000070,-0.002602,0.034804,0.000022,-0.003928,-0.036093,-0.000000,-0.000981,1.570125,-0.300000,1.000000,1.100000,0.000000,0.000000,-1.571000,-0.299930,1.002602,1.065196,1.493256
6.532000,-0.000070,-0.002601,0.034804,0.000022,-0.003928,-0.036093,-0.000000,-0.000981,1.570125,-0.300000,1.000000,1.100000,0.000000,0.000000,-1.571000,-0.299930,1.002601,1.065196,1.493255
6.534000,-0.000070,-0.002599,0.034804,0.000022,-0.003928,-0.036093,-0.000000,-0.000981,1.570125,-0.300000,1.000000,1.100000,0.000000,0.000000,-1.571000,-0.299930,1.002599,1.065196,1.493253
6.536000,-0.000070,-0.002597,0.034804,0.000022,-0.003928,-0.036093,-0.000000,-0.000981,1.570125,-0.300000,1.000000,1.100000,0.000000,0.000000,-1.571000,-0.299930,1.002597,1.065196,1.493252
6.538000,-0.000070,-0.002596,0.034804,0.000022,-0.003928,-0.036093,-0.000000,-0.000981,1.570125,-0.300000,1.000000,1.100000,0.000000,0.000000,-1.571000,-0.299930,1.002596,1.065196,1.493251
6.540000,-0.000069,-0.002594,0.034804,0.000022,-0.003928,-0.036093,-0.000000,-0.000981,1.570125,-0.300000,1.000000,1.100000,0.000000,0.000000,-1.571000,-0.299931,1.002594,1.065196,1.493250
6.542000,-0.000069,-0.002592,0.034804,0.000022,-0.003928,-0.036093,-0.000000,-0.000981,1.570125,-0.300000,1.000000,1.100000,0.000000,0.000000,-1.571000,-0.299931,1.002592,1.065196,1.493249
6.544000,-0.000069,-0.002591,0.034804,0.000022,-0.003928,-0.036093,-0.000000,-0.000981,1.570125,-0.300000,1.000000,1.100000,0.000000,0.000000,-1.571000,-0.299931,1.002591,1.065196,1.493248
6.546000,-0.000069,-0.002589,0.034804,0.000022,-0.003928,-0.036093,-0.000000,-0.000981,1.570125,-0.300000,1.000000,1.100000,0.000000,0.000000,-1.571000,-0.299931,1.002589,1.065196,1.493247
6.548000,-0.000069,-0.002587,0.034804,0.000022,-0.003928,-0.036093,-0.000000,-0.000981,1.570125,-0.300000,1.000000,1.100000,0.000000,0.000000,-1.571000,-0.299931,1.002587,1.065196,1.493246
6.550000,-0.000069,-0.002586,0.034804,0.000022,-0.003928,-0.036093,-0.000000,-0.000981,1.570125,-0.300000,1.000000,1.100000,0.000000,0.000000,-1.571000,-0.299931,1.002586,1.065196,1.493244
6.552000,-0.000069,-0.002584,0.034804,0.000022,-0.003928,-0.036093,-0.000000,-0.000981,1.570125,-0.300000,1.000000,1.100000,0.000000,0.000000,-1.571000,-0.299931,1.002584,1.065196,1.493243
6.554000,-0.000069,-0.002582,0.034804,0.000022,-0.003928,-0.036093,-0.000000,-0.000981,1.570126,-0.300000,1.000000,1.100000,0.000000,0.000000,-1.571000,-0.299931,1.002582,1.065196,1.493242
6.556000,-0.000069,-0.002580,0.034804,0.000022,-0.003928,-0.036093,-0.000000,-0.000981,1.570126,-0.300000,1.000000,1.100000,0.000000,0.000000,-1.571000,-0.299931,1.002580,1.065196,1.493241
6.558000,-0.000069,-0.002579,0.034804,0.000022,-0.003928,-0.036093,-0.000000,-0.000981,1.570126,-0.300000,1.000000,1.100000,0.000000,0.000000,-1.571000,-0.299931,1.002579,1.065196,1.493240
6.560000,-0.000069,-0.002577,0.034804,0.000022,-0.003928,-0.036093,-0.000000,-0.000981,1.570126,-0.300000,1.000000,1.100000,0.000000,0.000000,-1.571000,-0.299931,1.002577,1.065196,1.493239
6.562000,-0.000069,-0.002575,0.034804,0.000022,-0.003928,-0.036093,-0.000000,-0.000981,1.570126,-0.300000,1.000000,1.100000,0.000000,0.000000,-1.571000,-0.299931,1.002575,1.065196,1.493238
6.564000,-0.000069,-0.002574,0.034804,0.000022,-0.003928,-0.036093,-0.000000,-0.000981,1.570126,-0.300000,1.000000,1.100000,0.000000,0.000000,-1.571000,-0.299931,1.002574,1.065196,1.493237
6.566000,-0.000069,-0.002572,0.034804,0.000022,-0.003928,-0.036093,-0.000000,-0.000981,1.570126,-0.300000,1.000000,1.100000,0.000000,0.000000,-1.571000,-0.299931,1.002572,1.065196,1.493235
6.568000,-0.000069,-0.002570,0.034804,0.000022,-0.003928,-0.036093,-0.000000,-0.000981,1.570126,-0.300000,1.000000,1.100000,0.000000,0.000000,-1.571000,-0.299931,1.002570,1.065196,1.493234
6.570000,-0.000069,-0.002569,0.034804,0.000022,-0.003928,-0.036093,-0.000000,-0.000981,1.570126,-0.300000,1.000000,1.100000,0.000000,0.000000,-1.571000,-0.299931,1.002569,1.065196,1.493233
6.572000,-0.000069,-0.002567,0.034804,0.000022,-0.003928,-0.036093,-0.000000,-0.000981,1.570126,-0.300000,1.000000,1.100000,0.000000,0.000000,-1.571000,-0.299931,1.002567,1.065196,1.493232
6.574000,-0.000069,-0.002565,0.034804,0.000022,-0.003928,-0.036093,-0.000000,-0.000981,1.570126,-0.300000,1.000000,1.100000,0.000000,0.000000,-1.571000,-0.299931,1.002565,1.065196,1.493231
6.576000,-0.000069,-0.002564,0.034804,0.000022,-0.003928,-0.036093,-0.000000,-0.000981,1.570126,-0.300000,1.000000,1.100000,0.000000,0.000000,-1.571000,-0.299931,1.002564,1.065196,1.493230
6.578000,-0.000069,-0.002562,0.034804,0.000022,-0.003928,-0.036093,-0.000000,-0.000981,1.570126,-0.300000,1.000000,1.100000,0.000000,0.000000,-1.571000,-0.299931,1.002562,1.065196,1.493229
6.580000,-0.000069,-0.002560,0.034804,0.000022,-0.003928,-0.036093,-0.000000,-0.000981,1.570126,-0.300000,1.000000,1.100000,0.000000,0.000000,-1.571000,-0.299931,1.002560,1.065196,1.493228
6.582000,-0.000069,-0.002558,0.034804,0.000022,-0.003928,-0.036093,-0.000000,-0.000981,1.570126,-0.300000,1.000000,1.100000,0.000000,0.000000,-1.571000,-0.299931,1.002558,1.065196,1.493226
6.584000,-0.000068,-0.002557,0.034804,0.000022,-0.003928,-0.036093,-0.000000,-0.000981,1.570126,-0.300000,1.000000,1.100000,0.000000,0.000000,-1.571000,-0.299932,1.002557,1.065196,1.493225
6.586000,-0.000068,-0.002555,0.034804,0.000022,-0.003928,-0.036093,-0.000000,-0.000981,1.570126,-0.300000,1.000000,1.100000,0.000000,0.000000,-1.571000,-0.299932,1.002555,1.065196,1.493224
6.588000,-0.000068,-0.002553,0.034804,0.000022,-0.003928,-0.036093,-0.000000,-0.000981,1.570126,-0.300000,1.000000,1.100000,0.000000,0.000000,-1.571000,-0.299932,1.002553,1.065196,1.493223
6.590000,-0.000068,-0.002552,0.034804,0.000022,-0.003928,-0.036093,-0.000000,-0.000981,1.570126,-0.300000,1.000000,1.100000,0.000000,0.000000,-1.571000,-0.299932,1.002552,1.065196,1.493222
6.592000,-0.000068,-0.002550,0.034804,0.000022,-0.003928,-0.036093,-0.000000,-0.000981,1.570126,-0.300000,1.000000,1.100000,0.000000,0.000000,-1.571000,-0.299932,1.002550,1.065196,1.493221
6.594000,-0.000068,-0.002548,0.034804,0.000022,-0.003928,-0.036093,-0.000000,-0.000981,1.570126,-0.300000,1.000000,1.100000,0.000000,0.000000,-1.571000,-0.299932,1.002548,1.065196,1.493220
6.596000,-0.000068,-0.002547,0.034804,0.000022,-0.003928,-0.036093,-0.000000,-0.000981,1.570126,-0.300000,1.000000,1.100000,0.000000,0.000000,-1.571000,-0.299932,1.002547,1.065196,1.493218
6.598000,-0.000068,-0.002545,0.034804,0.000022,-0.003928,-0.036093,-0.000000,-0.000981,1.570126,-0.300000,1.000000,1.100000,0.000000,0.000000,-1.571000,-0.299932,1.002545,1.065196,1.493217
6.600000,-0.000068,-0.002543,0.034804,0.000022,-0.003928,-0.036093,-0.000000,-0.000981,1.570126,-0.300000,1.000000,1.100000,0.000000,0.000000,-1.571000,-0.299932,1.002543,1.065196,1.493216
6.602000,-0.000068,-0.002542,0.034804,0.000022,-0.003928,-0.036093,-0.000000,-0.000981,1.570126,-0.300000,1.000000,1.100000,0.000000,0.000000,-1.571000,-0.299932,1.002542,1.065196,1.493215
6.604000,-0.000068,-0.002540,0.034804,0.000022,-0.003928,-0.036093,-0.000000,-0.000981,1.570126,-0.300000,1.000000,1.100000,0.000000,0.000000,-1.571000,-0.299932,1.002540,1.065196,1.493214
6.606000,-0.000068,-0.002538,0.034804,0.000022,-0.003928,-0.036093,-0.000000,-0.000981,1.570127,-0.300000,1.000000,1.100000,0.000000,0.000000,-1.571000,-0.299932,1.002538,1.065196,1.493213
6.608000,-0.000068,-0.002536,0.034804,0.000022,-0.003928,-0.036093,-0.000000,-0.000981,1.570127,-0.300000,1.000000,1.100000,0.000000,0.000000,-1.571000,-0.299932,1.002536,1.065196,1.493212
6.610000,-0.000068,-0.002535,0.034804,0.000022,-0.003928,-0.036093,-0.000000,-0.000981,1.570127,-0.300000,1.000000,1.100000,0.000000,0.000000,-1.571000,-0.299932,1.002535,1.065196,1.493211
6.612000,-0.000068,-0.002533,0.034804,0.000022,-0.003928,-0.036093,-0.000000,-0.000981,1.570127,-0.300000,1.000000,1.100000,0.000000,0.000000,-1.571000,-0.299932,1.002533,1.065196,1.493209
6.614000,-0.000068,-0.002531,0.034804,0.000022,-0.003928,-0.036093,-0.000000,-0.000981,1.570127,-0.300000,1.000000,1.100000,0.000000,0.000000,-1.571000,-0.299932,1.002531,1.065196,1.493208
6.616000,-0.000068,-0.002530,0.034804,0.000022,-0.003928,-0.036093,-0.000000,-0.000981,1.570127,-0.300000,1.000000,1.100000,0.000000,0.000000,-1.571000,-0.299932,1.002530,1.065196,1.493207
6.618000,-0.000068,-0.002528,0.034804,0.000022,-0.003928,-0.036093,-0.000000,-0.000981,1.570127,-0.300000,1.000000,1.100000,0.000000,0.000000,-1.571000,-0.299932,1.002528,1.065196,1.493206
6.620000,-0.000068,-0.002526,0.034804,0.000022,-0.003928,-0.036093,-0.000000,-0.000981,1.570127,-0.300000,1.000000,1.100000,0.000000,0.000000,-1.571000,-0.299932,1.002526,1.065196,1.493205
6.622000,-0.000068,-0.002525,0.034804,0.000022,-0.003928,-0.036093,-0.000000,-0.000981,1.570127,-0.300000,1.000000,1.100000,0.000000,0.000000,-1.571000,-0.299932,1.002525,1.065196,1.493204
6.624000,-0.000068,-0.002523,0.034804,0.000022,-0.003928,-0.036093,-0.000000,-0.000981,1.570127,-0.300000,1.000000,1.100000,0.000000,0.000000,-1.571000,-0.299932,1.002523,1.065196,1.493203
6.626000,-0.000068,-0.002521,0.034804,0.000022,-0.003928,-0.036093,-0.000000,-0.000981,1.570127,-0.300000,1.000000,1.100000,0.000000,0.000000,-1.571000,-0.299932,1.002521,1.065196,1.493202
6.628000,-0.000068,-0.002520,0.034804,0.000022,-0.003928,-0.036093,-0.000000,-0.000981,1.570127,-0.300000,1.000000,1.100000,0.000000,0.000000,-1.571000,-0.299932,1.002520,1.065196,1.493200
6.630000,-0.000067,-0.002518,0.034804,0.000022,-0.003928,-0.036093,-0.000000,-0.000981,1.570127,-0.300000,1.000000,1.100000,0.000000,0.000000,-1.571000,-0.299933,1.002518,1.065196,1.493199
6.632000,-0.000067,-0.002516,0.034804,0.000022,-0.003928,-0.036093,-0.000000,-0.000981,1.570127,-0.300000,1.000000,1.100000,0.000000,0.000000,-1.571000,-0.299933,1.002516,1.065196,1.493198
6.634000,-0.000067,-0.002514,0.034804,0.000022,-0.003928,-0.036093,-0.000000,-0.000981,1.570127,-0.300000,1.000000,1.100000,0.000000,0.000000,-1.571000,-0.299933,1.002514,1.065196,1.493197
6.636000,-0.000067,-0.002513,0.034804,0.000022,-0.003928,-0.036093,-0.000000,-0.000981,1.570127,-0.300000,1.000000,1.100000,0.000000,0.000000,-1.571000,-0.299933,1.002513,1.065196,1.493196
6.638000,-0.000067,-0.002511,0.034804,0.000022,-0.003928,-0.036093,-0.000000,-0.000981,1.570127,-0.300000,1.000000,1.100000,0.000000,0.000000,-1.571000,-0.299933,1.002511,1.065196,1.493195
6.640000,-0.000067,-0.002509,0.034804,0.000022,-0.003928,-0.036093,-0.000000,-0.000981,1.570127,-0.300000,1.000000,1.100000,0.000000,0.000000,-1.571000,-0.299933,1.002509,1.065196,1.493194
6.642000,-0.000067,-0.002508,0.034804,0.000022,-0.003928,-0.036093,-0.000000,-0.000981,1.570127,-0.300000,1.000000,1.100000,0.000000,0.000000,-1.571000,-0.299933,1.002508,1.065196,1.493193
6.644000,-0.000067,-0.002506,0.034804,0.000022,-0.003928,-0.036093,-0.000000,-0.000981,1.570127,-0.300000,1.000000,1.100000,0.000000,0.000000,-1.571000,-0.299933,1.002506,1.065196,1.493191
6.646000,-0.000067,-0.002504,0.034804,0.000022,-0.003928,-0.036093,-0.000000,-0.000981,1.570127,-0.300000,1.000000,1.100000,0.000000,0.000000,-1.571000,-0.299933,1.002504,1.065196,1.493190
6.648000,-0.000067,-0.002503,0.034804,0.000022,-0.003928,-0.036093,-0.000000,-0.000981,1.570127,-0.300000,1.000000,1.100000,0.000000,0.000000,-1.571000,-0.299933,1.002503,1.065196,1.493189
6.650000,-0.000067,-0.002501,0.034804,0.000022,-0.003928,-0.036093,-0.000000,-0.000981,1.570127,-0.300000,1.000000,1.100000,0.000000,0.000000,-1.571000,-0.299933,1.002501,1.065196,1.493188
6.652000,-0.000067,-0.002499,0.034804,0.000022,-0.003928,-0.036093,-0.000000,-0.000981,1.570127,-0.300000,1.000000,1.100000,0.000000,0.000000,-1.571000,-0.299933,1.002499,1.065196,1.493187
6.654000,-0.000067,-0.002498,0.034804,0.000022,-0.003928,-0.036093,-0.000000,-0.000981,1.570127,-0.300000,1.000000,1.100000,0.000000,0.000000,-1.571000,-0.299933,1.002498,1.065196,1.493186
6.656000,-0.000067,-0.002496,0.034804,0.000022,-0.003928,-0.036093,-0.000000,-0.000981,1.570127,-0.300000,1.000000,1.100000,0.000000,0.000000,-1.571000,-0.299933,1.002496,1.065196,1.493185
6.658000,-0.000067,-0.002494,0.034804,0.000022,-0.003928,-0.036093,-0.000000,-0.000981,1.570128,-0.300000,1.000000,1.100000,0.000000,0.000000,-1.571000,-0.299933,1.002494,1.065196,1.493184
6.660000,-0.000067,-0.002492,0.034804,0.000022,-0.003928,-0.036093,-0.000000,-0.000981,1.570128,-0.300000,1.000000,1.100000,0.000000,0.000000,-1.571000,-0.299933,1.002492,1.065196,1.493182
6.662000,-0.000067,-0.002491,0.034804,0.000022,-0.003928,-0.036093,-0.000000,-0.000981,1.570128,-0.300000,1.000000,1.100000,0.000000,0.000000,-1.571000,-0.299933,1.002491,1.065196,1.493181
6.664000,-0.000067,-0.002489,0.034804,0.000022,-0.003928,-0.036093,-0.000000,-0.000981,1.570128,-0.300000,1.000000,1.100000,0.000000,0.000000,-1.571000,-0.299933,1.002489,1.065196,1.493180
6.666000,-0.000067,-0.002487,0.034804,0.000022,-0.003928,-0.036093,-0.000000,-0.000981,1.570128,-0.300000,1.000000,1.100000,0.000000,0.000000,-1.571000,-0.299933,1.002487,1.065196,1.493179
6.668000,-0.000067,-0.002486,0.034804,0.000022,-0.003928,-0.036093,-0.000000,-0.000981,1.570128,-0.300000,1.000000,1.100000,0.000000,0.000000,-1.571000,-0.299933,1.002486,1.065196,1.493178
6.670000,-0.000067,-0.002484,0.034804,0.000022,-0.003928,-0.036093,-0.000000,-0.000981,1.570128,-0.300000,1.000000,1.100000,0.000000,0.000000,-1.571000,-0.299933,1.002484,1.065196,1.493177
6.672000,-0.000067,-0.002482,0.034804,0.000022,-0.003928,-0.036093,-0.000000,-0.000981,1.570128,-0.300000,1.000000,1.100000,0.000000,0.000000,-1.571000,-0.299933,1.002482,1.065196,1.493176
6.674000,-0.000067,-0.002481,0.034804,0.000022,-0.003928,-0.036093,-0.000000,-0.000981,1.570128,-0.300000,1.000000,1.100000,0.000000,0.000000,-1.571000,-0.299933,1.002481,1.065196,1.493175
6.676000,-0.000066,-0.002479,0.034804,0.000022,-0.003928,-0.036093,-0.000000,-0.000981,1.570128,-0.300000,1.000000,1.100000,0.000000,0.000000,-1.571000,-0.299934,1.002479,1.065196,1.493173
6.678000,-0.000066,-0.002477,0.034804,0.000022,-0.003928,-0.036093,-0.000000,-0.000981,1.570128,-0.300000,1.000000,1.100000,0.000000,0.000000,-1.571000,-0.299934,1.002477,1.065196,1.493172
6.680000,-0.000066,-0.002476,0.034804,0.000022,-0.003928,-0.036093,-0.000000,-0.000981,1.570128,-0.300000,1.000000,1.100000,0.000000,0.000000,-1.571000,-0.299934,1.002476,1.065196,1.493171
6.682000,-0.000066,-0.002474,0.034804,0.000022,-0.003928,-0.036093,-0.000000,-0.000981,1.570128,-0.300000,1.000000,1.100000,0.000000,0.000000,-1.571000,-0.299934,1.002474,1.065196,1.493170
6.684000,-0.000066,-0.002472,0.034804,0.000022,-0.003928,-0.036093,-0.000000,-0.000981,1.570128,-0.300000,1.000000,1.100000,0.000000,0.000000,-1.571000,-0.299934,1.002472,1.065196,1.493169
6.686000,-0.000066,-0.002470,0.034804,0.000022,-0.003928,-0.036093,-0.000000,-0.000981,1.570128,-0.300000,1.000000,1.100000,0.000000,0.000000,-1.571000,-0.299934,1.002470,1.065196,1.493168
6.688000,-0.000066,-0.002469,0.034804,0.000022,-0.003928,-0.036093,-0.000000,-0.000981,1.570128,-0.300000,1.000000,1.100000,0.000000,0.000000,-1.571000,-0.299934,1.002469,1.065196,1.493167
6.690000,-0.000066,-0.002467,0.034804,0.000022,-0.003928,-0.036093,-0.000000,-0.000981,1.570128,-0.300000,1.000000,1.100000,0.000000,0.000000,-1.571000,-0.299934,1.002467,1.065196,1.493166
6.692000,-0.000066,-0.002465,0.034804,0.000022,-0.003928,-0.036093,-0.000000,-0.000981,1.570128,-0.300000,1.000000,1.100000,0.000000,0.000000,-1.571000,-0.299934,1.002465,1.065196,1.493164
6.694000,-0.000066,-0.002464,0.034804,0.000022,-0.003928,-0.036093,-0.000000,-0.000981,1.570128,-0.300000,1.000000,1.100000,0.000000,0.000000,-1.571000,-0.299934,1.002464,1.065196,1.493163
6.696000,-0.000066,-0.002462,0.034804,0.000022,-0.003928,-0.036093,-0.000000,-0.000981,1.570128,-0.300000,1.000000,1.100000,0.000000,0.000000,-1.571000,-0.299934,1.002462,1.065196,1.493162
6.698000,-0.000066,-0.002460,0.034804,0.000022,-0.003928,-0.036093,-0.000000,-0.000981,1.570128,-0.300000,1.000000,1.100000,0.000000,0.000000,-1.571000,-0.299934,1.002460,1.065196,1.493161
6.700000,-0.000066,-0.002459,0.034804,0.000022,-0.003928,-0.036093,-0.000000,-0.000981,1.570128,-0.300000,1.000000,1.100000,0.000000,0.000000,-1.571000,-0.299934,1.002459,1.065196,1.493160
6.702000,-0.000066,-0.002457,0.034804,0.000022,-0.003928,-0.036093,-0.000000,-0.000981,1.570128,-0.300000,1.000000,1.100000,0.000000,0.000000,-1.571000,-0.299934,1.002457,1.065196,1.493159
6.704000,-0.000066,-0.002455,0.034804,0.000022,-0.003928,-0.036093,-0.000000,-0.000981,1.570128,-0.300000,1.000000,1.100000,0.000000,0.000000,-1.571000,-0.299934,1.002455,1.065196,1.493158
6.706000,-0.000066,-0.002454,0.034804,0.000022,-0.003928,-0.036093,-0.000000,-0.000981,1.570128,-0.300000,1.000000,1.100000,0.000000,0.000000,-1.571000,-0.299934,1.002454,1.065196,1.493156
6.708000,-0.000066,-0.002452,0.034804,0.000022,-0.003928,-0.036093,-0.000000,-0.000981,1.570128,-0.300000,1.000000,1.100000,0.000000,0.000000,-1.571000,-0.299934,1.002452,1.065196,1.493155
6.710000,-0.000066,-0.002450,0.034804,0.000022,-0.003928,-0.036093,-0.000000,-0.000981,1.570129,-0.300000,1.000000,1.100000,0.000000,0.000000,-1.571000,-0.299934,1.002450,1.065196,1.493154
6.712000,-0.000066,-0.002448,0.034804,0.000022,-0.003928,-0.036093,-0.000000,-0.000981,1.570129,-0.300000,1.000000,1.100000,0.000000,0.000000,-1.571000,-0.299934,1.002448,1.065196,1.493153
6.714000,-0.000066,-0.002447,0.034804,0.000022,-0.003928,-0.036093,-0.000000,-0.000981,1.570129,-0.300000,1.000000,1.100000,0.000000,0.000000,-1.571000,-0.299934,1.002447,1.065196,1.493152
6.716000,-0.000066,-0.002445,0.034804,0.000022,-0.003928,-0.036093,-0.000000,-0.000981,1.570129,-0.300000,1.000000,1.100000,0.000000,0.000000,-1.571000,-0.299934,1.002445,1.065196,1.493151
6.718000,-0.000066,-0.002443,0.034804,0.000022,-0.003928,-0.036093,-0.000000,-0.000981,1.570129,-0.300000,1.000000,1.100000,0.000000,0.000000,-1.571000,-0.299934,1.002443,1.065196,1.493150
6.720000,-0.000065,-0.002442,0.034804,0.000022,-0.003928,-0.036093,-0.000000,-0.000981,1.570129,-0.300000,1.000000,1.100000,0.000000,0.000000,-1.571000,-0.299935,1.002442,1.065196,1.493149
6.722000,-0.000065,-0.002440,0.034804,0.000022,-0.003928,-0.036093,-0.000000,-0.000981,1.570129,-0.300000,1.000000,1.100000,0.000000,0.000000,-1.571000,-0.299935,1.002440,1.065196,1.493147
6.724000,-0.000065,-0.002438,0.034804,0.000022,-0.003928,-0.036093,-0.000000,-0.000981,1.570129,-0.300000,1.000000,1.100000,0.000000,0.000000,-1.571000,-0.299935,1.002438,1.065196,1.493146
6.726000,-0.000065,-0.002437,0.034804,0.000022,-0.003928,-0.036093,-0.000000,-0.000981,1.570129,-0.300000,1.000000,1.100000,0.000000,0.000000,-1.571000,-0.299935,1.002437,1.065196,1.493145
6.728000,-0.000065,-0.002435,0.034804,0.000022,-0.003928,-0.036093,-0.000000,-0.000981,1.570129,-0.300000,1.000000,1.100000,0.000000,0.000000,-1.571000,-0.299935,1.002435,1.065196,1.493144
6.730000,-0.000065,-0.002433,0.034804,0.000022,-0.003928,-0.036093,-0.000000,-0.000981,1.570129,-0.300000,1.000000,1.100000,0.000000,0.000000,-1.571000,-0.299935,1.002433,1.065196,1.493143
6.732000,-0.000065,-0.002432,0.034804,0.000022,-0.003928,-0.036093,-0.000000,-0.000981,1.570129,-0.300000,1.000000,1.100000,0.000000,0.000000,-1.571000,-0.299935,1.002432,1.065196,1.493142
6.734000,-0.000065,-0.002430,0.034804,0.000022,-0.003928,-0.036093,-0.000000,-0.000981,1.570129,-0.300000,1.000000,1.100000,0.000000,0.000000,-1.571000,-0.299935,1.002430,1.065196,1.493141
6.736000,-0.000065,-0.002428,0.034804,0.000022,-0.003928,-0.036093,-0.000000,-0.000981,1.570129,-0.300000,1.000000,1.100000,0.000000,0.000000,-1.571000,-0.299935,1.002428,1.065196,1.493140
6.738000,-0.000065,-0.002426,0.034804,0.000022,-0.003928,-0.036093,-0.000000,-0.000981,1.570129,-0.300000,1.000000,1.100000,0.000000,0.000000,-1.571000,-0.299935,1.002426,1.065196,1.493138
6.740000,-0.000065,-0.002425,0.034804,0.000022,-0.003928,-0.036093,-0.000000,-0.000981,1.570129,-0.300000,1.000000,1.100000,0.000000,0.000000,-1.571000,-0.299935,1.002425,1.065196,1.493137
6.742000,-0.000065,-0.002423,0.034804,0.000022,-0.003928,-0.036093,-0.000000,-0.000981,1.570129,-0.300000,1.000000,1.100000,0.000000,0.000000,-1.571000,-0.299935,1.002423,1.065196,1.493136
6.744000,-0.000065,-0.002421,0.034804,0.000022,-0.003928,-0.036093,-0.000000,-0.000981,1.570129,-0.300000,1.000000,1.100000,0.000000,0.000000,-1.571000,-0.299935,1.002421,1.065196,1.493135
6.746000,-0.000065,-0.002420,0.034804,0.000022,-0.003928,-0.036093,-0.000000,-0.000981,1.570129,-0.300000,1.000000,1.100000,0.000000,0.000000,-1.571000,-0.299935,1.002420,1.065196,1.493134
6.748000,-0.000065,-0.002418,0.034804,0.000022,-0.003928,-0.036093,-0.000000,-0.000981,1.570129,-0.300000,1.000000,1.100000,0.000000,0.000000,-1.571000,-0.299935,1.002418,1.065196,1.493133
6.750000,-0.000065,-0.002416,0.034804,0.000022,-0.003928,-0.036093,-0.000000,-0.000981,1.570129,-0.300000,1.000000,1.100000,0.000000,0.000000,-1.571000,-0.299935,1.002416,1.065196,1.493132
6.752000,-0.000065,-0.002415,0.034804,0.000022,-0.003928,-0.036093,-0.000000,-0.000981,1.570129,-0.300000,1.000000,1.100000,0.000000,0.000000,-1.571000,-0.299935,1.002415,1.065196,1.493131
6.754000,-0.000065,-0.002413,0.034804,0.000022,-0.003928,-0.036093,-0.000000,-0.000981,1.570129,-0.300000,1.000000,1.100000,0.000000,0.000000,-1.571000,-0.299935,1.002413,1.065196,1.493129
6.756000,-0.000065,-0.002411,0.034804,0.000022,-0.003928,-0.036093,-0.000000,-0.000981,1.570129,-0.300000,1.000000,1.100000,0.000000,0.000000,-1.571000,-0.299935,1.002411,1.065196,1.493128
6.758000,-0.000065,-0.002410,0.034804,0.000022,-0.003928,-0.036093,-0.000000,-0.000981,1.570129,-0.300000,1.000000,1.100000,0.000000,0.000000,-1.571000,-0.299935,1.002410,1.065196,1.493127
6.760000,-0.000065,-0.002408,0.034804,0.000022,-0.003928,-0.036093,-0.000000,-0.000981,1.570130,-0.300000,1.000000,1.100000,0.000000,0.000000,-1.571000,-0.299935,1.002408,1.065196,1.493126
6.762000,-0.000065,-0.002406,0.034804,0.000022,-0.003928,-0.036093,-0.000000,-0.000981,1.570130,-0.300000,1.000000,1.100000,0.000000,0.000000,-1.571000,-0.299935,1.002406,1.065196,1.493125
6.764000,-0.000065,-0.002404,0.034804,0.000022,-0.003928,-0.036093,-0.000000,-0.000981,1.570130,-0.300000,1.000000,1.100000,0.000000,0.000000,-1.571000,-0.299935,1.002404,1.065196,1.493124
6.766000,-0.000064,-0.002403,0.034804,0.000022,-0.003928,-0.036093,-0.000000,-0.000981,1.570130,-0.300000,1.000000,1.100000,0.000000,0.000000,-1.571000,-0.299936,1.002403,1.065196,1.493123
6.768000,-0.000064,-0.002401,0.034804,0.000022,-0.003928,-0.036093,-0.000000,-0.000981,1.570130,-0.300000,1.000000,1.100000,0.000000,0.000000,-1.571000,-0.299936,1.002401,1.065196,1.493122
6.770000,-0.000064,-0.002399,0.034804,0.000022,-0.003928,-0.036093,-0.000000,-0.000981,1.570130,-0.300000,1.000000,1.100000,0.000000,0.000000,-1.571000,-0.299936,1.002399,1.065196,1.493120
6.772000,-0.000064,-0.002398,0.034804,0.000022,-0.003928,-0.036093,-0.000000,-0.000981,1.570130,-0.300000,1.000000,1.100000,0.000000,0.000000,-1.571000,-0.299936,1.002398,1.065196,1.493119
6.774000,-0.000064,-0.002396,0.034804,0.000022,-0.003928,-0.036093,-0.000000,-0.000981,1.570130,-0.300000,1.000000,1.100000,0.000000,0.000000,-1.571000,-0.299936,1.002396,1.065196,1.493118
6.776000,-0.000064,-0.002394,0.034804,0.000022,-0.003928,-0.036093,-0.000000,-0.000981,1.570130,-0.300000,1.000000,1.100000,0.000000,0.000000,-1.571000,-0.299936,1.002394,1.065196,1.493117
6.778000,-0.000064,-0.002393,0.034804,0.000022,-0.003928,-0.036093,-0.000000,-0.000981,1.570130,-0.300000,1.000000,1.100000,0.000000,0.000000,-1.571000,-0.299936,1.002393,1.065196,1.493116
6.780000,-0.000064,-0.002391,0.034804,0.000022,-0.003928,-0.036093,-0.000000,-0.000981,1.570130,-0.300000,1.000000,1.100000,0.000000,0.000000,-1.571000,-0.299936,1.002391,1.065196,1.493115
6.782000,-0.000064,-0.002389,0.034804,0.000022,-0.003928,-0.036093,-0.000000,-0.000981,1.570130,-0.300000,1.000000,1.100000,0.000000,0.000000,-1.571000,-0.299936,1.002389,1.065196,1.493114
6.784000,-0.000064,-0.002388,0.034804,0.000022,-0.003928,-0.036093,-0.000000,-0.000981,1.570130,-0.300000,1.000000,1.100000,0.000000,0.000000,-1.571000,-0.299936,1.002388,1.065196,1.493113
6.786000,-0.000064,-0.002386,0.034804,0.000022,-0.003928,-0.036093,-0.000000,-0.000981,1.570130,-0.300000,1.000000,1.100000,0.000000,0.000000,-1.571000,-0.299936,1.002386,1.065196,1.493111
6.788000,-0.000064,-0.002384,0.034804,0.000022,-0.003928,-0.036093,-0.000000,-0.000981,1.570130,-0.300000,1.000000,1.100000,0.000000,0.000000,-1.571000,-0.299936,1.002384,1.065196,1.493110
6.790000,-0.000064,-0.002382,0.034805,0.000024,-0.003818,-0.035063,-0.000000,-0.000974,1.570130,-0.300000,1.000000,1.100000,0.000000,0.000000,-1.571000,-0.299936,1.002382,1.065195,1.493108
6.792000,-0.000064,-0.002380,0.034810,0.000022,-0.003577,-0.032541,-0.000000,-0.000950,1.570130,-0.300000,1.000000,1.100000,0.000000,0.000000,-1.571000,-0.299936,1.002380,1.065190,1.493103
6.794000,-0.000064,-0.002378,0.034819,0.000021,-0.003271,-0.029205,-0.000000,-0.000905,1.570130,-0.300000,1.000000,1.100000,0.000000,0.000000,-1.571000,-0.299936,1.002378,1.065181,1.493095
6.796000,-0.000064,-0.002375,0.034832,0.000019,-0.002936,-0.025486,-0.000000,-0.000842,1.570130,-0.300000,1.000000,1.100000,0.000000,0.000000,-1.571000,-0.299936,1.002375,1.065168,1.493084
6.798000,-0.000064,-0.002372,0.034847,0.000017,-0.002595,-0.021654,-0.000000,-0.000766,1.570130,-0.300000,1.000000,1.100000,0.000000,0.000000,-1.571000,-0.299936,1.002372,1.065153,1.493071
6.800000,-0.000064,-0.002369,0.034864,0.000015,-0.002261,-0.017873,-0.000000,-0.000682,1.570130,-0.300000,1.000000,1.100000,0.000000,0.000000,-1.571000,-0.299936,1.002369,1.065136,1.493057
6.802000,-0.000064,-0.002365,0.034881,0.000013,-0.001942,-0.014242,-0.000000,-0.000593,1.570130,-0.300000,1.000000,1.100000,0.000000,0.000000,-1.571000,-0.299936,1.002365,1.065119,1.493042
6.804000,-0.000064,-0.002362,0.034899,0.000012,-0.001643,-0.010813,-0.000000,-0.000503,1.570130,-0.300000,1.000000,1.100000,0.000000,0.000000,-1.571000,-0.299936,1.002362,1.065101,1.493028
6.806000,-0.000064,-0.002359,0.034917,0.000010,-0.001365,-0.007611,-0.000000,-0.000414,1.570130,-0.300000,1.000000,1.100000,0.000000,0.000000,-1.571000,-0.299936,1.002359,1.065083,1.493013
6.808000,-0.000064,-0.002357,0.034934,0.000008,-0.001109,-0.004645,-0.000000,-0.000328,1.570130,-0.300000,1.000000,1.100000,0.000000,0.000000,-1.571000,-0.299936,1.002357,1.065066,1.492999
6.810000,-0.000064,-0.002354,0.034951,0.000007,-0.000874,-0.001913,-0.000000,-0.000247,1.570130,-0.300000,1.000000,1.100000,0.000000,0.000000,-1.571000,-0.299936,1.002354,1.065049,1.492985
6.812000,-0.000064,-0.002352,0.034966,0.000006,-0.000659,0.000594,-0.000000,-0.000170,1.570130,-0.300000,1.000000,1.100000,0.000000,0.000000,-1.571000,-0.299936,1.002352,1.065034,1.492973
6.814000,-0.000064,-0.002349,0.034980,0.000004,-0.000468,0.002896,-0.000000,-0.000098,1.570130,-0.300000,1.000000,1.100000,0.000000,0.000000,-1.571000,-0.299936,1.002349,1.065020,1.492961
6.816000,-0.000064,-0.002347,0.035000,0.000004,-0.000282,0.004991,0.000000,0.000000,1.570130,-0.300000,1.000000,1.100000,0.000000,0.000000,-1.571000,-0.299936,1.002347,1.065000,1.492946
6.818000,-0.000064,-0.002348,0.035011,-0.000000,-0.000533,0.005576,0.000000,-0.000053,1.570130,-0.300000,1.000000,1.100000,0.000000,0.000000,-1.571000,-0.299936,1.002348,1.064989,1.492939
6.820000,-0.000064,-0.002349,0.035023,-0.000000,-0.000534,0.006467,-0.000000,-0.000115,1.570130,-0.300000,1.000000,1.100000,0.000000,0.000000,-1.571000,-0.299936,1.002349,1.064977,1.492931
6.822000,-0.000064,-0.002350,0.035038,-0.000001,-0.000699,0.008053,-0.000000,-0.000191,1.570130,-0.300000,1.000000,1.100000,0.000000,0.000000,-1.571000,-0.299936,1.002350,1.064962,1.492921
6.824000,-0.000064,-0.002352,0.035057,-0.000001,-0.000703,0.009957,0.000000,-0.000279,1.570130,-0.300000,1.000000,1.100000,0.000000,0.000000,-1.571000,-0.299936,1.002352,1.064943,1.492908
6.826000,-0.000064,-0.002353,0.035081,-0.000001,-0.000709,0.012276,0.000000,-0.000388,1.570130,-0.300000,1.000000,1.100000,0.000000,0.000000,-1.571000,-0.299936,1.002353,1.064919,1.492892
6.828000,-0.000064,-0.002355,0.035109,-0.000001,-0.000717,0.014990,0.000000,-0.000515,1.570130,-0.300000,1.000000,1.100000,0.000000,0.000000,-1.571000,-0.299936,1.002355,1.064891,1.492873
6.830000,-0.000064,-0.002356,0.035144,-0.000001,-0.000728,0.018060,0.000001,-0.000660,1.570133,-0.300000,1.000000,1.100000,0.000000,0.000000,-1.571000,-0.299936,1.002356,1.064856,1.492849
6.832000,-0.000064,-0.002358,0.035185,-0.000000,-0.000743,0.021454,0.000001,-0.000820,1.570140,-0.300000,1.000000,1.100000,0.000000,0.000000,-1.571000,-0.299936,1.002358,1.064815,1.492821
6.834000,-0.000064,-0.002359,0.035233,0.000000,-0.000761,0.025139,0.000001,-0.000994,1.570150,-0.300000,1.000000,1.100000,0.000000,0.000000,-1.571000,-0.299936,1.002359,1.064767,1.492787
6.836000,-0.000064,-0.002361,0.035290,0.000001,-0.000785,0.029090,0.000001,-0.001180,1.570163,-0.300000,1.000000,1.100000,0.000000,0.000000,-1.571000,-0.299936,1.002361,1.064710,1.492748
6.838000,-0.000064,-0.002362,0.035354,0.000001,-0.000812,0.033279,0.000001,-0.001377,1.570179,-0.300000,1.000000,1.100000,0.000000,0.000000,-1.571000,-0.299936,1.002362,1.064646,1.492703
6.840000,-0.000064,-0.002364,0.035427,0.000001,-0.000845,0.037685,0.000001,-0.001582,1.570197,-0.300000,1.000000,1.100000,0.000000,0.000000,-1.571000,-0.299936,1.002364,1.064573,1.492652
6.842000,-0.000064,-0.002366,0.035510,0.000002,-0.000883,0.042286,0.000001,-0.001794,1.570218,-0.300000,1.000000,1.100000,0.000000,0.000000,-1.571000,-0.299936,1.002366,1.064490,1.492595
6.844000,-0.000064,-0.002368,0.035601,0.000002,-0.000927,0.047064,0.000001,-0.002013,1.570241,-0.300000,1.000000,1.100000,0.000000,0.000000,-1.571000,-0.299936,1.002368,1.064399,1.492530
6.846000,-0.000064,-0.002369,0.035703,0.000002,-0.000976,0.052002,0.000000,-0.002235,1.570265,-0.300000,1.000000,1.100000,0.000000,0.000000,-1.571000,-0.299936,1.002369,1.064297,1.492459
6.848000,-0.000064,-0.002372,0.035815,0.000002,-0.001031,0.057083,0.000000,-0.002460,1.570292,-0.300000,1.000000,1.100000,0.000000,0.000000,-1.571000,-0.299936,1.002372,1.064185,1.492381
6.850000,-0.000064,-0.002374,0.035937,0.000002,-0.001091,0.062294,0.000000,-0.002686,1.570319,-0.300000,1.000000,1.100000,0.000000,0.000000,-1.571000,-0.299936,1.002374,1.064063,1.492295
6.852000,-0.000064,-0.002376,0.036070,0.000003,-0.001158,0.067622,-0.000000,-0.002912,1.570348,-0.300000,1.000000,1.100000,0.000000,0.000000,-1.571000,-0.299936,1.002376,1.063930,1.492202
6.854000,-0.000064,-0.002378,0.036213,0.000003,-0.001230,0.073056,-0.000000,-0.003136,1.570377,-0.300000,1.000000,1.100000,0.000000,0.000000,-1.571000,-0.299936,1.002378,1.063787,1.492101
6.856000,-0.000064,-0.002381,0.036368,0.000003,-0.001309,0.078584,-0.000001,-0.003358,1.570407,-0.300000,1.000000,1.100000,0.000000,0.000000,-1.571000,-0.299936,1.002381,1.063632,1.491993
6.858000,-0.000064,-0.002384,0.036533,0.000003,-0.001393,0.084198,-0.000002,-0.003576,1.570438,-0.300000,1.000000,1.100000,0.000000,0.000000,-1.571000,-0.299936,1.002384,1.063467,1.491877
6.860000,-0.000064,-0.002387,0.036710,0.000002,-0.001482,0.089887,-0.000002,-0.003790,1.570468,-0.300000,1.000000,1.100000,0.000000,0.000000,-1.571000,-0.299936,1.002387,1.063290,1.491752
6.862000,-0.000064,-0.002390,0.036899,0.000002,-0.001578,0.095642,-0.000003,-0.003997,1.570498,-0.300000,1.000000,1.100000,0.000000,0.000000,-1.571000,-0.299936,1.002390,1.063101,1.491620
6.864000,-0.000064,-0.002393,0.037099,0.000002,-0.001678,0.101453,-0.000005,-0.004198,1.570528,-0.300000,1.000000,1.100000,0.000000,0.000000,-1.571000,-0.299936,1.002393,1.062901,1.491480
6.866000,-0.000064,-0.002397,0.037311,0.000002,-0.001784,0.107305,-0.000006,-0.004390,1.570558,-0.300000,1.000000,1.100000,0.000000,0.000000,-1.571000,-0.299936,1.002397,1.062689,1.491331
6.868000,-0.000064,-0.002400,0.037535,0.000002,-0.001894,0.113192,-0.000008,-0.004575,1.570587,-0.300000,1.000000,1.100000,0.000000,0.000000,-1.571000,-0.299936,1.002400,1.062465,1.491174
6.870000,-0.000064,-0.002404,0.037770,0.000001,-0.002009,0.119103,-0.000009,-0.004750,1.570615,-0.300000,1.000000,1.100000,0.000000,0.000000,-1.571000,-0.299936,1.002404,1.062230,1.491009
6.872000,-0.000064,-0.002408,0.038018,0.000001,-0.002129,0.125032,-0.000011,-0.004915,1.570642,-0.300000,1.000000,1.100000,0.000000,0.000000,-1.571000,-0.299936,1.002408,1.061982,1.490836
6.874000,-0.000064,-0.002413,0.038277,0.000000,-0.002253,0.130971,-0.000014,-0.005070,1.570668,-0.300000,1.000000,1.100000,0.000000,0.000000,-1.571000,-0.299936,1.002413,1.061723,1.490654
6.876000,-0.000064,-0.002418,0.038548,-0.000000,-0.002380,0.136914,-0.000016,-0.005214,1.570693,-0.300000,1.000000,1.100000,0.000000,0.000000,-1.571000,-0.299936,1.002418,1.061452,1.490464
6.878000,-0.000064,-0.002423,0.038831,-0.000001,-0.002511,0.142856,-0.000019,-0.005347,1.570717,-0.300000,1.000000,1.100000,0.000000,0.000000,-1.571000,-0.299936,1.002423,1.061169,1.490266
6.880000,-0.000064,-0.002428,0.039126,-0.000001,-0.002645,0.148790,-0.000022,-0.005468,1.570739,-0.300000,1.000000,1.100000,0.000000,0.000000,-1.571000,-0.299936,1.002428,1.060874,1.490059
6.882000,-0.000064,-0.002433,0.039433,-0.000002,-0.002781,0.154715,-0.000025,-0.005577,1.570759,-0.300000,1.000000,1.100000,0.000000,0.000000,-1.571000,-0.299936,1.002433,1.060567,1.489845
6.884000,-0.000064,-0.002439,0.039751,-0.000003,-0.002921,0.160624,-0.000028,-0.005674,1.570778,-0.300000,1.000000,1.100000,0.000000,0.000000,-1.571000,-0.299936,1.002439,1.060249,1.489622
6.886000,-0.000064,-0.002445,0.040082,-0.000004,-0.003062,0.166514,-0.000031,-0.005758,1.570796,-0.300000,1.000000,1.100000,0.000000,0.000000,-1.571000,-0.299936,1.002445,1.059918,1.489391
6.888000,-0.000064,-0.002451,0.040424,-0.000005,-0.003205,0.172382,-0.000034,-0.005830,1.570811,-0.300000,1.000000,1.100000,0.000000,0.000000,-1.571000,-0.299936,1.002451,1.059576,1.489152
6.890000,-0.000064,-0.002458,0.040778,-0.000006,-0.003349,0.178224,-0.000038,-0.005889,1.570825,-0.300000,1.000000,1.100000,0.000000,0.000000,-1.571000,-0.299936,1.002458,1.059222,1.488904
6.892000,-0.000064,-0.002465,0.041143,-0.000007,-0.003495,0.184037,-0.000041,-0.005936,1.570837,-0.300000,1.000000,1.100000,0.000000,0.000000,-1.571000,-0.299936,1.002465,1.058857,1.488649
6.894000,-0.000064,-0.002472,0.041520,-0.000009,-0.003641,0.189818,-0.000045,-0.005970,1.570848,-0.300000,1.000000,1.100000,0.000000,0.000000,-1.571000,-0.299936,1.002472,1.058480,1.488385
6.896000,-0.000064,-0.002480,0.041909,-0.000010,-0.003788,0.195567,-0.000048,-0.005992,1.570857,-0.300000,1.000000,1.100000,0.000000,0.000000,-1.571000,-0.299936,1.002480,1.058091,1.488114
6.898000,-0.000064,-0.002488,0.042309,-0.000011,-0.003935,0.201281,-0.000052,-0.006002,1.570864,-0.300000,1.000000,1.100000,0.000000,0.000000,-1.571000,-0.299936,1.002488,1.057691,1.487835
6.900000,-0.000064,-0.002496,0.042721,-0.000013,-0.004081,0.206958,-0.000056,-0.006000,1.570869,-0.300000,1.000000,1.100000,0.000000,0.000000,-1.571000,-0.299936,1.002496,1.057279,1.487548
6.902000,-0.000064,-0.002504,0.043144,-0.000015,-0.004227,0.212598,-0.000059,-0.005986,1.570873,-0.300000,1.000000,1.100000,0.000000,0.000000,-1.571000,-0.299936,1.002504,1.056856,1.487253
6.904000,-0.000064,-0.002513,0.043578,-0.000016,-0.004372,0.218199,-0.000063,-0.005961,1.570875,-0.300000,1.000000,1.100000,0.000000,0.000000,-1.571000,-0.299936,1.002513,1.056422,1.486951
6.906000,-0.000064,-0.002522,0.044023,-0.000018,-0.004516,0.223759,-0.000067,-0.005924,1.570875,-0.300000,1.000000,1.100000,0.000000,0.000000,-1.571000,-0.299936,1.002522,1.055977,1.486640
6.908000,-0.000064,-0.002531,0.044479,-0.000020,-0.004659,0.229278,-0.000071,-0.005877,1.570874,-0.300000,1.000000,1.100000,0.000000,0.000000,-1.571000,-0.299936,1.002531,1.055521,1.486323
6.910000,-0.000064,-0.002540,0.044946,-0.000022,-0.004799,0.234754,-0.000075,-0.005819,1.570872,-0.300000,1.000000,1.100000,0.000000,0.000000,-1.571000,-0.299936,1.002540,1.055054,1.485997
6.912000,-0.000064,-0.002550,0.045424,-0.000024,-0.004938,0.240186,-0.000078,-0.005751,1.570868,-0.300000,1.000000,1.100000,0.000000,0.000000,-1.571000,-0.299936,1.002550,1.054576,1.485664
6.914000,-0.000064,-0.002560,0.045913,-0.000026,-0.005074,0.245575,-0.000082,-0.005673,1.570863,-0.300000,1.000000,1.100000,0.000000,0.000000,-1.571000,-0.299936,1.002560,1.054087,1.485324
6.916000,-0.000064,-0.002571,0.046413,-0.000028,-0.005208,0.250919,-0.000086,-0.005586,1.570857,-0.300000,1.000000,1.100000,0.000000,0.000000,-1.571000,-0.299936,1.002571,1.053587,1.484977
6.918000,-0.000064,-0.002581,0.046923,-0.000031,-0.005340,0.256217,-0.000090,-0.005491,1.570849,-0.300000,1.000000,1.100000,0.000000,0.000000,-1.571000,-0.299936,1.002581,1.053077,1.484622
6.920000,-0.000064,-0.002592,0.047444,-0.000033,-0.005468,0.261470,-0.000094,-0.005387,1.570841,-0.300000,1.000000,1.100000,0.000000,0.000000,-1.571000,-0.299936,1.002592,1.052556,1.484260
6.922000,-0.000064,-0.002603,0.047975,-0.000035,-0.005593,0.266677,-0.000098,-0.005275,1.570831,-0.300000,1.000000,1.100000,0.000000,0.000000,-1.571000,-0.299936,1.002603,1.052025,1.483890
6.924000,-0.000064,-0.002615,0.048517,-0.000038,-0.005715,0.271838,-0.000102,-0.005156,1.570821,-0.300000,1.000000,1.100000,0.000000,0.000000,-1.571000,-0.299936,1.002615,1.051483,1.483514
6.926000,-0.000064,-0.002626,0.049069,-0.000041,-0.005834,0.276952,-0.000106,-0.005030,1.570810,-0.300000,1.000000,1.100000,0.000000,0.000000,-1.571000,-0.299936,1.002626,1.050931,1.483131
6.928000,-0.000064,-0.002638,0.049631,-0.000043,-0.005949,0.282019,-0.000110,-0.004898,1.570798,-0.300000,1.000000,1.100000,0.000000,0.000000,-1.571000,-0.299936,1.002638,1.050369,1.482741
6.930000,-0.000065,-0.002650,0.050203,-0.000046,-0.006060,0.287040,-0.000114,-0.004760,1.570786,-0.300000,1.000000,1.100000,0.000000,0.000000,-1.571000,-0.299935,1.002650,1.049797,1.482344
6.932000,-0.000065,-0.002663,0.050785,-0.000049,-0.006167,0.292015,-0.000118,-0.004617,1.570773,-0.300000,1.000000,1.100000,0.000000,0.000000,-1.571000,-0.299935,1.002663,1.049215,1.481940
6.934000,-0.000065,-0.002675,0.051377,-0.000052,-0.006270,0.296944,-0.000122,-0.004469,1.570759,-0.300000,1.000000,1.100000,0.000000,0.000000,-1.571000,-0.299935,1.002675,1.048623,1.481529
6.936000,-0.000065,-0.002688,0.051979,-0.000055,-0.006369,0.301825,-0.000126,-0.004317,1.570745,-0.300000,1.000000,1.100000,0.000000,0.000000,-1.571000,-0.299935,1.002688,1.048021,1.481112
6.938000,-0.000065,-0.002701,0.052591,-0.000058,-0.006464,0.306660,-0.000130,-0.004161,1.570731,-0.300000,1.000000,1.100000,0.000000,0.000000,-1.571000,-0.299935,1.002701,1.047409,1.480688
6.940000,-0.000065,-0.002714,0.053212,-0.000061,-0.006555,0.311448,-0.000134,-0.004002,1.570717,-0.300000,1.000000,1.100000,0.000000,0.000000,-1.571000,-0.299935,1.002714,1.046788,1.480257
6.942000,-0.000065,-0.002727,0.053842,-0.000065,-0.006642,0.316191,-0.000138,-0.003840,1.570703,-0.300000,1.000000,1.100000,0.000000,0.000000,-1.571000,-0.299935,1.002727,1.046158,1.479820
6.944000,-0.000065,-0.002740,0.054483,-0.000068,-0.006724,0.320889,-0.000142,-0.003676,1.570688,-0.300000,1.000000,1.100000,0.000000,0.000000,-1.571000,-0.299935,1.002740,1.045517,1.479377
6.946000,-0.000065,-0.002754,0.055132,-0.000071,-0.006801,0.325543,-0.000146,-0.003510,1.570674,-0.300000,1.000000,1.100000,0.000000,0.000000,-1.571000,-0.299935,1.002754,1.044868,1.478927
6.948000,-0.000066,-0.002768,0.055791,-0.000075,-0.006875,0.330151,-0.000150,-0.003342,1.570659,-0.300000,1.000000,1.100000,0.000000,0.000000,-1.571000,-0.299934,1.002768,1.044209,1.478471
6.950000,-0.000066,-0.002782,0.056458,-0.000078,-0.006944,0.334713,-0.000154,-0.003174,1.570645,-0.300000,1.000000,1.100000,0.000000,0.000000,-1.571000,-0.299934,1.002782,1.043542,1.478009
6.952000,-0.000066,-0.002796,0.057135,-0.000082,-0.007008,0.339230,-0.000159,-0.003005,1.570630,-0.300000,1.000000,1.100000,0.000000,0.000000,-1.571000,-0.299934,1.002796,1.042865,1.477541
6.954000,-0.000066,-0.002810,0.057821,-0.000086,-0.007068,0.343701,-0.000163,-0.002836,1.570616,-0.300000,1.000000,1.100000,0.000000,0.000000,-1.571000,-0.299934,1.002810,1.042179,1.477066
6.956000,-0.000066,-0.002824,0.058516,-0.000090,-0.007124,0.348128,-0.000167,-0.002667,1.570602,-0.300000,1.000000,1.100000,0.000000,0.000000,-1.571000,-0.299934,1.002824,1.041484,1.476586
6.958000,-0.000066,-0.002838,0.059219,-0.000094,-0.007175,0.352510,-0.000171,-0.002498,1.570589,-0.300000,1.000000,1.100000,0.000000,0.000000,-1.571000,-0.299934,1.002838,1.040781,1.476099
6.960000,-0.000067,-0.002853,0.059932,-0.000098,-0.007222,0.356850,-0.000175,-0.002331,1.570576,-0.300000,1.000000,1.100000,0.000000,0.000000,-1.571000,-0.299933,1.002853,1.040068,1.475607
6.962000,-0.000067,-0.002867,0.060653,-0.000102,-0.007265,0.361146,-0.000179,-0.002165,1.570563,-0.300000,1.000000,1.100000,0.000000,0.000000,-1.571000,-0.299933,1.002867,1.039347,1.475109
6.964000,-0.000067,-0.002882,0.061382,-0.000106,-0.007304,0.365399,-0.000183,-0.002001,1.570550,-0.300000,1.000000,1.100000,0.000000,0.000000,-1.571000,-0.299933,1.002882,1.038618,1.474605
6.966000,-0.000067,-0.002897,0.062120,-0.000110,-0.007338,0.369610,-0.000187,-0.001839,1.570538,-0.300000,1.000000,1.100000,0.000000,0.000000,-1.571000,-0.299933,1.002897,1.037880,1.474095
6.968000,-0.000068,-0.002911,0.062866,-0.000115,-0.007369,0.373780,-0.000191,-0.001680,1.570526,-0.300000,1.000000,1.100000,0.000000,0.000000,-1.571000,-0.299932,1.002911,1.037134,1.473580
6.970000,-0.000068,-0.002926,0.063621,-0.000119,-0.007395,0.377908,-0.000196,-0.001523,1.570514,-0.300000,1.000000,1.100000,0.000000,0.000000,-1.571000,-0.299932,1.002926,1.036379,1.473059
6.972000,-0.000068,-0.002941,0.064383,-0.000124,-0.007417,0.381996,-0.000200,-0.001369,1.570503,-0.300000,1.000000,1.100000,0.000000,0.000000,-1.571000,-0.299932,1.002941,1.035617,1.472532
6.974000,-0.000068,-0.002956,0.065154,-0.000128,-0.007436,0.386042,-0.000204,-0.001218,1.570493,-0.300000,1.000000,1.100000,0.000000,0.000000,-1.571000,-0.299932,1.002956,1.034846,1.472000
6.976000,-0.000069,-0.002971,0.065933,-0.000133,-0.007451,0.390047,-0.000208,-0.001071,1.570482,-0.300000,1.000000,1.100000,0.000000,0.000000,-1.571000,-0.299931,1.002971,1.034067,1.471463
6.978000,-0.000069,-0.002986,0.066720,-0.000138,-0.007462,0.394013,-0.000212,-0.000928,1.570473,-0.300000,1.000000,1.100000,0.000000,0.000000,-1.571000,-0.299931,1.002986,1.033280,1.470920
6.980000,-0.000069,-0.003001,0.067515,-0.000143,-0.007470,0.397938,-0.000216,-0.000788,1.570463,-0.300000,1.000000,1.100000,0.000000,0.000000,-1.571000,-0.299931,1.003001,1.032485,1.470372
6.982000,-0.000069,-0.003016,0.068317,-0.000148,-0.007474,0.401824,-0.000220,-0.000652,1.570454,-0.300000,1.000000,1.100000,0.000000,0.000000,-1.571000,-0.299931,1.003016,1.031683,1.469819
6.984000,-0.000070,-0.003031,0.069127,-0.000153,-0.007475,0.405669,-0.000224,-0.000521,1.570446,-0.300000,1.000000,1.100000,0.000000,0.000000,-1.571000,-0.299930,1.003031,1.030873,1.469261
6.986000,-0.000070,-0.003046,0.069945,-0.000158,-0.007473,0.409475,-0.000228,-0.000394,1.570438,-0.300000,1.000000,1.100000,0.000000,0.000000,-1.571000,-0.299930,1.003046,1.030055,1.468697
6.988000,-0.000070,-0.003060,0.070771,-0.000163,-0.007468,0.413242,-0.000232,-0.000271,1.570430,-0.300000,1.000000,1.100000,0.000000,0.000000,-1.571000,-0.299930,1.003060,1.029229,1.468128
6.990000,-0.000071,-0.003075,0.071604,-0.000168,-0.007460,0.416970,-0.000236,-0.000153,1.570423,-0.300000,1.000000,1.100000,0.000000,0.000000,-1.571000,-0.299929,1.003075,1.028396,1.467555
6.992000,-0.000071,-0.003090,0.072444,-0.000173,-0.007449,0.420659,-0.000239,-0.000040,1.570416,-0.300000,1.000000,1.100000,0.000000,0.000000,-1.571000,-0.299929,1.003090,1.027556,1.466976
6.994000,-0.000071,-0.003105,0.073291,-0.000179,-0.007436,0.424308,-0.000243,0.000069,1.570410,-0.300000,1.000000,1.100000,0.000000,0.000000,-1.571000,-0.299929,1.003105,1.026709,1.466393
6.996000,-0.000072,-0.003120,0.074146,-0.000184,-0.007420,0.427920,-0.000247,0.000173,1.570404,-0.300000,1.000000,1.100000,0.000000,0.000000,-1.571000,-0.299928,1.003120,1.025854,1.465804
6.998000,-0.000072,-0.003135,0.075008,-0.000190,-0.007401,0.431493,-0.000250,0.000272,1.570398,-0.300000,1.000000,1.100000,0.000000,0.000000,-1.571000,-0.299928,1.003135,1.024992,1.465211
7.000000,-0.000072,-0.003150,0.075878,-0.000195,-0.007380,0.435027,-0.000253,0.000366,1.570393,-0.300000,1.000000,1.100000,0.000000,0.000000,-1.571000,-0.299928,1.003150,1.024122,1.464613
7.002000,-0.000073,-0.003164,0.076754,-0.000201,-0.007357,0.438524,-0.000257,0.000456,1.570387,-0.300000,1.000000,1.100000,0.000000,0.000000,-1.571000,-0.299927,1.003164,1.023246,1.464011
7.004000,-0.000073,-0.003179,0.077637,-0.000207,-0.007332,0.441982,-0.000260,0.000541,1.570383,-0.300000,1.000000,1.100000,0.000000,0.000000,-1.571000,-0.299927,1.003179,1.022363,1.463404
7.006000,-0.000074,-0.003194,0.078527,-0.000213,-0.007306,0.445403,-0.000263,0.000621,1.570378,-0.300000,1.000000,1.100000,0.000000,0.000000,-1.571000,-0.299926,1.003194,1.021473,1.462792
7.008000,-0.000074,-0.003208,0.079424,-0.000218,-0.007277,0.448788,-0.000266,0.000696,1.570374,-0.300000,1.000000,1.100000,0.000000,0.000000,-1.571000,-0.299926,1.003208,1.020576,1.462176
7.010000,-0.000075,-0.003223,0.080327,-0.000224,-0.007246,0.452137,-0.000269,0.000766,1.570370,-0.300000,1.000000,1.100000,0.000000,0.000000,-1.571000,-0.299925,1.003223,1.019673,1.461555
7.012000,-0.000075,-0.003237,0.081237,-0.000230,-0.007214,0.455452,-0.000272,0.000832,1.570366,-0.300000,1.000000,1.100000,0.000000,0.000000,-1.571000,-0.299925,1.003237,1.018763,1.460930
7.014000,-0.000076,-0.003252,0.082154,-0.000236,-0.007181,0.458731,-0.000274,0.000893,1.570363,-0.300000,1.000000,1.100000,0.000000,0.000000,-1.571000,-0.299924,1.003252,1.017846,1.460301
7.016000,-0.000076,-0.003266,0.083077,-0.000242,-0.007146,0.461976,-0.000277,0.000949,1.570360,-0.300000,1.000000,1.100000,0.000000,0.000000,-1.571000,-0.299924,1.003266,1.016923,1.459667
7.018000,-0.000077,-0.003280,0.084007,-0.000248,-0.007110,0.465185,-0.000279,0.001001,1.570357,-0.300000,1.000000,1.100000,0.000000,0.000000,-1.571000,-0.299923,1.003280,1.015993,1.459030
7.020000,-0.000077,-0.003294,0.084943,-0.000254,-0.007073,0.468358,-0.000282,0.001048,1.570354,-0.300000,1.000000,1.100000,0.000000,0.000000,-1.571000,-0.299923,1.003294,1.015057,1.458388
7.022000,-0.000078,-0.003309,0.085885,-0.000261,-0.007035,0.471497,-0.000284,0.001091,1.570352,-0.300000,1.000000,1.100000,0.000000,0.000000,-1.571000,-0.299922,1.003309,1.014115,1.457741
7.024000,-0.000078,-0.003323,0.086834,-0.000267,-0.006996,0.474604,-0.000286,0.001130,1.570349,-0.300000,1.000000,1.100000,0.000000,0.000000,-1.571000,-0.299922,1.003323,1.013166,1.457091
7.026000,-0.000079,-0.003337,0.087789,-0.000273,-0.006956,0.477677,-0.000288,0.001165,1.570347,-0.300000,1.000000,1.100000,0.000000,0.000000,-1.571000,-0.299921,1.003337,1.012211,1.456437
7.028000,-0.000079,-0.003350,0.088750,-0.000279,-0.006916,0.480716,-0.000290,0.001195,1.570345,-0.300000,1.000000,1.100000,0.000000,0.000000,-1.571000,-0.299921,1.003350,1.011250,1.455779
7.030000,-0.000080,-0.003364,0.089717,-0.000285,-0.006875,0.483722,-0.000292,0.001222,1.570343,-0.300000,1.000000,1.100000,0.000000,0.000000,-1.571000,-0.299920,1.003364,1.010283,1.455117
7.032000,-0.000080,-0.003378,0.090690,-0.000292,-0.006833,0.486694,-0.000293,0.001244,1.570342,-0.300000,1.000000,1.100000,0.000000,0.000000,-1.571000,-0.299920,1.003378,1.009310,1.454451
7.034000,-0.000081,-0.003392,0.091668,-0.000298,-0.006791,0.489633,-0.000295,0.001264,1.570340,-0.300000,1.000000,1.100000,0.000000,0.000000,-1.571000,-0.299919,1.003392,1.008332,1.453781
7.036000,-0.000082,-0.003405,0.092653,-0.000304,-0.006749,0.492542,-0.000296,0.001279,1.570339,-0.300000,1.000000,1.100000,0.000000,0.000000,-1.571000,-0.299918,1.003405,1.007347,1.453107
7.038000,-0.000082,-0.003419,0.093643,-0.000311,-0.006707,0.495418,-0.000297,0.001291,1.570337,-0.300000,1.000000,1.100000,0.000000,0.000000,-1.571000,-0.299918,1.003419,1.006357,1.452430
7.040000,-0.000083,-0.003432,0.094639,-0.000317,-0.006664,0.498262,-0.000299,0.001300,1.570336,-0.300000,1.000000,1.100000,0.000000,0.000000,-1.571000,-0.299917,1.003432,1.005361,1.451749
7.042000,-0.000083,-0.003445,0.095641,-0.000323,-0.006621,0.501075,-0.000300,0.001306,1.570335,-0.300000,1.000000,1.100000,0.000000,0.000000,-1.571000,-0.299917,1.003445,1.004359,1.451065
7.044000,-0.000084,-0.003458,0.096649,-0.000330,-0.006578,0.503855,-0.000301,0.001309,1.570334,-0.300000,1.000000,1.100000,0.000000,0.000000,-1.571000,-0.299916,1.003458,1.003351,1.450377
7.046000,-0.000085,-0.003471,0.097661,-0.000336,-0.006536,0.506606,-0.000301,0.001309,1.570333,-0.300000,1.000000,1.100000,0.000000,0.000000,-1.571000,-0.299915,1.003471,1.002339,1.449685
7.048000,-0.000085,-0.003484,0.098680,-0.000342,-0.006493,0.509326,-0.000302,0.001307,1.570332,-0.300000,1.000000,1.100000,0.000000,0.000000,-1.571000,-0.299915,1.003484,1.001320,1.448990
7.050000,-0.000086,-0.003497,0.099703,-0.000349,-0.006451,0.512015,-0.000303,0.001302,1.570332,-0.300000,1.000000,1.100000,0.000000,0.000000,-1.571000,-0.299914,1.003497,1.000297,1.448292
7.052000,-0.000087,-0.003510,0.100732,-0.000355,-0.006409,0.514673,-0.000303,0.001295,1.570331,-0.300000,1.000000,1.100000,0.000000,0.000000,-1.571000,-0.299913,1.003510,0.999268,1.447590
7.054000,-0.000088,-0.003523,0.101767,-0.000362,-0.006367,0.517303,-0.000303,0.001286,1.570330,-0.300000,1.000000,1.100000,0.000000,0.000000,-1.571000,-0.299912,1.003523,0.998233,1.446885
7.056000,-0.000088,-0.003536,0.102806,-0.000368,-0.006326,0.519904,-0.000304,0.001275,1.570330,-0.300000,1.000000,1.100000,0.000000,0.000000,-1.571000,-0.299912,1.003536,0.997194,1.446176
7.058000,-0.000089,-0.003548,0.103851,-0.000374,-0.006284,0.522476,-0.000304,0.001262,1.570329,-0.300000,1.000000,1.100000,0.000000,0.000000,-1.571000,-0.299911,1.003548,0.996149,1.445465
7.060000,-0.000090,-0.003561,0.104901,-0.000380,-0.006244,0.525020,-0.000304,0.001247,1.570329,-0.300000,1.000000,1.100000,0.000000,0.000000,-1.571000,-0.299910,1.003561,0.995099,1.444750
7.062000,-0.000091,-0.003573,0.105956,-0.000387,-0.006203,0.527536,-0.000303,0.001231,1.570329,-0.300000,1.000000,1.100000,0.000000,0.000000,-1.571000,-0.299909,1.003573,0.994044,1.444032
7.064000,-0.000091,-0.003586,0.107016,-0.000393,-0.006164,0.530023,-0.000303,0.001213,1.570328,-0.300000,1.000000,1.100000,0.000000,0.000000,-1.571000,-0.299909,1.003586,0.992984,1.443311
7.066000,-0.000092,-0.003598,0.108080,-0.000399,-0.006124,0.532483,-0.000303,0.001194,1.570328,-0.300000,1.000000,1.100000,0.000000,0.000000,-1.571000,-0.299908,1.003598,0.991920,1.442587
7.068000,-0.000093,-0.003610,0.109150,-0.000405,-0.006086,0.534915,-0.000302,0.001174,1.570328,-0.300000,1.000000,1.100000,0.000000,0.000000,-1.571000,-0.299907,1.003610,0.990850,1.441860
7.070000,-0.000094,-0.003622,0.110225,-0.000412,-0.006048,0.537320,-0.000302,0.001154,1.570328,-0.300000,1.000000,1.100000,0.000000,0.000000,-1.571000,-0.299906,1.003622,0.989775,1.441130
7.072000,-0.000095,-0.003634,0.111304,-0.000418,-0.006010,0.539697,-0.000301,0.001132,1.570328,-0.300000,1.000000,1.100000,0.000000,0.000000,-1.571000,-0.299905,1.003634,0.988696,1.440398
7.074000,-0.000095,-0.003646,0.112388,-0.000424,-0.005973,0.542048,-0.000300,0.001109,1.570328,-0.300000,1.000000,1.100000,0.000000,0.000000,-1.571000,-0.299905,1.003646,0.987612,1.439662
7.076000,-0.000096,-0.003658,0.113477,-0.000430,-0.005937,0.544373,-0.000299,0.001087,1.570328,-0.300000,1.000000,1.100000,0.000000,0.000000,-1.571000,-0.299904,1.003658,0.986523,1.438923
7.078000,-0.000097,-0.003670,0.114570,-0.000436,-0.005901,0.546671,-0.000298,0.001063,1.570328,-0.300000,1.000000,1.100000,0.000000,0.000000,-1.571000,-0.299903,1.003670,0.985430,1.438182
7.080000,-0.000098,-0.003682,0.115668,-0.000442,-0.005866,0.548943,-0.000297,0.001040,1.570328,-0.300000,1.000000,1.100000,0.000000,0.000000,-1.571000,-0.299902,1.003682,0.984332,1.437438
7.082000,-0.000099,-0.003693,0.116770,-0.000448,-0.005831,0.551190,-0.000295,0.001016,1.570328,-0.300000,1.000000,1.100000,0.000000,0.000000,-1.571000,-0.299901,1.003693,0.983230,1.436691
7.084000,-0.000100,-0.003705,0.117877,-0.000454,-0.005798,0.553411,-0.000294,0.000992,1.570329,-0.300000,1.000000,1.100000,0.000000,0.000000,-1.571000,-0.299900,1.003705,0.982123,1.435942
7.086000,-0.000101,-0.003717,0.118988,-0.000460,-0.005764,0.555607,-0.000293,0.000968,1.570329,-0.300000,1.000000,1.100000,0.000000,0.000000,-1.571000,-0.299899,1.003717,0.981012,1.435190
7.088000,-0.000102,-0.003728,0.120104,-0.000465,-0.005732,0.557777,-0.000291,0.000944,1.570329,-0.300000,1.000000,1.100000,0.000000,0.000000,-1.571000,-0.299898,1.003728,0.979896,1.434436
7.090000,-0.000103,-0.003740,0.121224,-0.000471,-0.005700,0.559923,-0.000290,0.000921,1.570329,-0.300000,1.000000,1.100000,0.000000,0.000000,-1.571000,-0.299897,1.003740,0.978776,1.433679
7.092000,-0.000104,-0.003751,0.122348,-0.000477,-0.005668,0.562044,-0.000288,0.000897,1.570330,-0.300000,1.000000,1.100000,0.000000,0.000000,-1.571000,-0.299896,1.003751,0.977652,1.432919
7.094000,-0.000105,-0.003762,0.123476,-0.000482,-0.005638,0.564139,-0.000287,0.000875,1.570330,-0.300000,1.000000,1.100000,0.000000,0.000000,-1.571000,-0.299895,1.003762,0.976524,1.432157
7.096000,-0.000106,-0.003773,0.124609,-0.000488,-0.005608,0.566210,-0.000285,0.000853,1.570330,-0.300000,1.000000,1.100000,0.000000,0.000000,-1.571000,-0.299894,1.003773,0.975391,1.431393
7.098000,-0.000107,-0.003785,0.125745,-0.000493,-0.005578,0.568258,-0.000283,0.000831,1.570331,-0.300000,1.000000,1.100000,0.000000,0.000000,-1.571000,-0.299893,1.003785,0.974255,1.430626
7.100000,-0.000108,-0.003796,0.126886,-0.000499,-0.005549,0.570280,-0.000282,0.000811,1.570331,-0.300000,1.000000,1.100000,0.000000,0.000000,-1.571000,-0.299892,1.003796,0.973114,1.429857
7.102000,-0.000109,-0.003807,0.128031,-0.000504,-0.005520,0.572277,-0.000280,0.000791,1.570332,-0.300000,1.000000,1.100000,0.000000,0.000000,-1.571000,-0.299891,1.003807,0.971969,1.429086
7.104000,-0.000110,-0.003818,0.129179,-0.000510,-0.005492,0.574251,-0.000278,0.000772,1.570332,-0.300000,1.000000,1.100000,0.000000,0.000000,-1.571000,-0.299890,1.003818,0.970821,1.428313
7.106000,-0.000111,-0.003829,0.130332,-0.000515,-0.005465,0.576202,-0.000276,0.000754,1.570333,-0.300000,1.000000,1.100000,0.000000,0.000000,-1.571000,-0.299889,1.003829,0.969668,1.427537
7.108000,-0.000112,-0.003840,0.131488,-0.000520,-0.005438,0.578130,-0.000274,0.000736,1.570334,-0.300000,1.000000,1.100000,0.000000,0.000000,-1.571000,-0.299888,1.003840,0.968512,1.426759
7.110000,-0.000113,-0.003851,0.132649,-0.000526,-0.005411,0.580035,-0.000273,0.000720,1.570334,-0.300000,1.000000,1.100000,0.000000,0.000000,-1.571000,-0.299887,1.003851,0.967351,1.425979
7.112000,-0.000114,-0.003861,0.133813,-0.000531,-0.005385,0.581917,-0.000271,0.000705,1.570335,-0.300000,1.000000,1.100000,0.000000,0.000000,-1.571000,-0.299886,1.003861,0.966187,1.425197
7.114000,-0.000115,-0.003872,0.134981,-0.000536,-0.005359,0.583776,-0.000269,0.000691,1.570335,-0.300000,1.000000,1.100000,0.000000,0.000000,-1.571000,-0.299885,1.003872,0.965019,1.424413
7.116000,-0.000116,-0.003883,0.136152,-0.000541,-0.005334,0.585613,-0.000267,0.000678,1.570336,-0.300000,1.000000,1.100000,0.000000,0.000000,-1.571000,-0.299884,1.003883,0.963848,1.423627
7.118000,-0.000117,-0.003893,0.137327,-0.000546,-0.005309,0.587427,-0.000265,0.000666,1.570337,-0.300000,1.000000,1.100000,0.000000,0.000000,-1.571000,-0.299883,1.003893,0.962673,1.422839
7.120000,-0.000118,-0.003904,0.138506,-0.000551,-0.005284,0.589221,-0.000263,0.000656,1.570337,-0.300000,1.000000,1.100000,0.000000,0.000000,-1.571000,-0.299882,1.003904,0.961494,1.422049
7.122000,-0.000119,-0.003915,0.139688,-0.000556,-0.005260,0.590993,-0.000261,0.000646,1.570338,-0.300000,1.000000,1.100000,0.000000,0.000000,-1.571000,-0.299881,1.003915,0.960312,1.421257
7.124000,-0.000120,-0.003925,0.140874,-0.000560,-0.005235,0.592744,-0.000259,0.000638,1.570339,-0.300000,1.000000,1.100000,0.000000,0.000000,-1.571000,-0.299880,1.003925,0.959126,1.420463
7.126000,-0.000121,-0.003935,0.142063,-0.000565,-0.005211,0.594473,-0.000258,0.000631,1.570339,-0.300000,1.000000,1.100000,0.000000,0.000000,-1.571000,-0.299879,1.003935,0.957937,1.419668
7.128000,-0.000123,-0.003946,0.143256,-0.000570,-0.005188,0.596180,-0.000256,0.000625,1.570340,-0.300000,1.000000,1.100000,0.000000,0.000000,-1.571000,-0.299877,1.003946,0.956744,1.418870
7.130000,-0.000124,-0.003956,0.144452,-0.000574,-0.005164,0.597867,-0.000254,0.000620,1.570341,-0.300000,1.000000,1.100000,0.000000,0.000000,-1.571000,-0.299876,1.003956,0.955548,1.418071
7.132000,-0.000125,-0.003967,0.145651,-0.000579,-0.005141,0.599534,-0.000252,0.000616,1.570342,-0.300000,1.000000,1.100000,0.000000,0.000000,-1.571000,-0.299875,1.003967,0.954349,1.417270
7.134000,-0.000126,-0.003977,0.146854,-0.000584,-0.005117,0.601180,-0.000250,0.000614,1.570342,-0.300000,1.000000,1.100000,0.000000,0.000000,-1.571000,-0.299874,1.003977,0.953146,1.416468
7.136000,-0.000127,-0.003987,0.148060,-0.000588,-0.005094,0.602807,-0.000248,0.000613,1.570343,-0.300000,1.000000,1.100000,0.000000,0.000000,-1.571000,-0.299873,1.003987,0.951940,1.415663
7.138000,-0.000128,-0.003997,0.149269,-0.000592,-0.005071,0.604413,-0.000246,0.000613,1.570344,-0.300000,1.000000,1.100000,0.000000,0.000000,-1.571000,-0.299872,1.003997,0.950731,1.414858
7.140000,-0.000130,-0.004007,0.150482,-0.000597,-0.005048,0.606000,-0.000244,0.000614,1.570344,-0.300000,1.000000,1.100000,0.000000,0.000000,-1.571000,-0.299870,1.004007,0.949518,1.414050
7.142000,-0.000131,-0.004017,0.151697,-0.000601,-0.005025,0.607568,-0.000242,0.000617,1.570345,-0.300000,1.000000,1.100000,0.000000,0.000000,-1.571000,-0.299869,1.004017,0.948303,1.413241
7.144000,-0.000132,-0.004027,0.152916,-0.000605,-0.005002,0.609116,-0.000240,0.000620,1.570346,-0.300000,1.000000,1.100000,0.000000,0.000000,-1.571000,-0.299868,1.004027,0.947084,1.412430
7.146000,-0.000133,-0.004037,0.154138,-0.000610,-0.004979,0.610645,-0.000238,0.000625,1.570347,-0.300000,1.000000,1.100000,0.000000,0.000000,-1.571000,-0.299867,1.004037,0.945862,1.411618
7.148000,-0.000134,-0.004047,0.155363,-0.000614,-0.004956,0.612154,-0.000236,0.000631,1.570347,-0.300000,1.000000,1.100000,0.000000,0.000000,-1.571000,-0.299866,1.004047,0.944637,1.410805
7.150000,-0.000136,-0.004057,0.156590,-0.000618,-0.004932,0.613643,-0.000234,0.000638,1.570348,-0.300000,1.000000,1.100000,0.000000,0.000000,-1.571000,-0.299864,1.004057,0.943410,1.409990
7.152000,-0.000137,-0.004067,0.157821,-0.000622,-0.004909,0.615113,-0.000232,0.000646,1.570349,-0.300000,1.000000,1.100000,0.000000,0.000000,-1.571000,-0.299863,1.004067,0.942179,1.409173
7.154000,-0.000138,-0.004077,0.159055,-0.000626,-0.004886,0.616565,-0.000230,0.000655,1.570350,-0.300000,1.000000,1.100000,0.000000,0.000000,-1.571000,-0.299862,1.004077,0.940945,1.408356
7.156000,-0.000139,-0.004087,0.160291,-0.000630,-0.004862,0.617997,-0.000228,0.000665,1.570350,-0.300000,1.000000,1.100000,0.000000,0.000000,-1.571000,-0.299861,1.004087,0.939709,1.407536
7.158000,-0.000141,-0.004096,0.161531,-0.000634,-0.004838,0.619411,-0.000226,0.000675,1.570351,-0.300000,1.000000,1.100000,0.000000,0.000000,-1.571000,-0.299859,1.004096,0.938469,1.406716
7.160000,-0.000142,-0.004106,0.162773,-0.000637,-0.004814,0.620806,-0.000224,0.000687,1.570352,-0.300000,1.000000,1.100000,0.000000,0.000000,-1.571000,-0.299858,1.004106,0.937227,1.405894
7.162000,-0.000143,-0.004116,0.164018,-0.000641,-0.004790,0.622184,-0.000222,0.000699,1.570352,-0.300000,1.000000,1.100000,0.000000,0.000000,-1.571000,-0.299857,1.004116,0.935982,1.405071
7.164000,-0.000145,-0.004125,0.165265,-0.000645,-0.004766,0.623545,-0.000220,0.000712,1.570353,-0.300000,1.000000,1.100000,0.000000,0.000000,-1.571000,-0.299855,1.004125,0.934735,1.404247
7.166000,-0.000146,-0.004135,0.166516,-0.000648,-0.004741,0.624890,-0.000218,0.000725,1.570354,-0.300000,1.000000,1.100000,0.000000,0.000000,-1.571000,-0.299854,1.004135,0.933484,1.403421
7.168000,-0.000147,-0.004144,0.167769,-0.000652,-0.004716,0.626218,-0.000216,0.000739,1.570355,-0.300000,1.000000,1.100000,0.000000,0.000000,-1.571000,-0.299853,1.004144,0.932231,1.402595
7.170000,-0.000148,-0.004153,0.169024,-0.000656,-0.004691,0.627529,-0.000214,0.000754,1.570355,-0.300000,1.000000,1.100000,0.000000,0.000000,-1.571000,-0.299852,1.004153,0.930976,1.401767
7.172000,-0.000150,-0.004163,0.170283,-0.000659,-0.004666,0.628823,-0.000212,0.000769,1.570356,-0.300000,1.000000,1.100000,0.000000,0.000000,-1.571000,-0.299850,1.004163,0.929717,1.400938
7.174000,-0.000151,-0.004172,0.171543,-0.000662,-0.004640,0.630100,-0.000210,0.000784,1.570356,-0.300000,1.000000,1.100000,0.000000,0.000000,-1.571000,-0.299849,1.004172,0.928457,1.400108
7.176000,-0.000152,-0.004181,0.172807,-0.000666,-0.004614,0.631361,-0.000209,0.000799,1.570357,-0.300000,1.000000,1.100000,0.000000,0.000000,-1.571000,-0.299848,1.004181,0.927193,1.399277
7.178000,-0.000154,-0.004191,0.174073,-0.000669,-0.004588,0.632605,-0.000207,0.000815,1.570358,-0.300000,1.000000,1.100000,0.000000,0.000000,-1.571000,-0.299846,1.004191,0.925927,1.398445
7.180000,-0.000155,-0.004200,0.175341,-0.000673,-0.004561,0.633833,-0.000205,0.000831,1.570358,-0.300000,1.000000,1.100000,0.000000,0.000000,-1.571000,-0.299845,1.004200,0.924659,1.397612
7.182000,-0.000156,-0.004209,0.176612,-0.000676,-0.004535,0.635044,-0.000204,0.000847,1.570359,-0.300000,1.000000,1.100000,0.000000,0.000000,-1.571000,-0.299844,1.004209,0.923388,1.396777
7.184000,-0.000158,-0.004218,0.177885,-0.000679,-0.004508,0.636239,-0.000202,0.000863,1.570359,-0.300000,1.000000,1.100000,0.000000,0.000000,-1.571000,-0.299842,1.004218,0.922115,1.395942
7.186000,-0.000159,-0.004227,0.179160,-0.000682,-0.004480,0.637417,-0.000201,0.000879,1.570360,-0.300000,1.000000,1.100000,0.000000,0.000000,-1.571000,-0.299841,1.004227,0.920840,1.395106
7.188000,-0.000161,-0.004236,0.180438,-0.000685,-0.004453,0.638581,-0.000200,0.000895,1.570361,-0.300000,1.000000,1.100000,0.000000,0.000000,-1.571000,-0.299839,1.004236,0.919562,1.394269
7.190000,-0.000162,-0.004245,0.181718,-0.000688,-0.004425,0.639729,-0.000199,0.000910,1.570361,-0.300000,1.000000,1.100000,0.000000,0.000000,-1.571000,-0.299838,1.004245,0.918282,1.393431
7.192000,-0.000163,-0.004253,0.183001,-0.000691,-0.004396,0.640862,-0.000197,0.000926,1.570362,-0.300000,1.000000,1.100000,0.000000,0.000000,-1.571000,-0.299837,1.004253,0.916999,1.392593
7.194000,-0.000165,-0.004262,0.184286,-0.000694,-0.004368,0.641980,-0.000196,0.000942,1.570362,-0.300000,1.000000,1.100000,0.000000,0.000000,-1.571000,-0.299835,1.004262,0.915714,1.391753
7.196000,-0.000166,-0.004271,0.185573,-0.000697,-0.004339,0.643083,-0.000195,0.000957,1.570363,-0.300000,1.000000,1.100000,0.000000,0.000000,-1.571000,-0.299834,1.004271,0.914427,1.390913
7.198000,-0.000167,-0.004280,0.186862,-0.000700,-0.004310,0.644169,-0.000195,0.000972,1.570363,-0.300000,1.000000,1.100000,0.000000,0.000000,-1.571000,-0.299833,1.004280,0.913138,1.390071
7.200000,-0.000169,-0.004288,0.188153,-0.000703,-0.004281,0.645240,-0.000194,0.000987,1.570364,-0.300000,1.000000,1.100000,0.000000,0.000000,-1.571000,-0.299831,1.004288,0.911847,1.389229
7.202000,-0.000170,-0.004297,0.189446,-0.000706,-0.004251,0.646297,-0.000193,0.001001,1.570364,-0.300000,1.000000,1.100000,0.000000,0.000000,-1.571000,-0.299830,1.004297,0.910554,1.388387
7.204000,-0.000172,-0.004305,0.190742,-0.000709,-0.004221,0.647340,-0.000192,0.001015,1.570364,-0.300000,1.000000,1.100000,0.000000,0.000000,-1.571000,-0.299828,1.004305,0.909258,1.387543
7.206000,-0.000173,-0.004313,0.192039,-0.000712,-0.004191,0.648368,-0.000192,0.001029,1.570365,-0.300000,1.000000,1.100000,0.000000,0.000000,-1.571000,-0.299827,1.004313,0.907961,1.386699
7.208000,-0.000175,-0.004322,0.193339,-0.000715,-0.004161,0.649382,-0.000191,0.001042,1.570365,-0.300000,1.000000,1.100000,0.000000,0.000000,-1.571000,-0.299825,1.004322,0.906661,1.385854
7.210000,-0.000176,-0.004330,0.194640,-0.000718,-0.004131,0.650382,-0.000191,0.001055,1.570366,-0.300000,1.000000,1.100000,0.000000,0.000000,-1.571000,-0.299824,1.004330,0.905360,1.385009
7.212000,-0.000177,-0.004338,0.195944,-0.000720,-0.004100,0.651369,-0.000191,0.001067,1.570366,-0.300000,1.000000,1.100000,0.000000,0.000000,-1.571000,-0.299823,1.004338,0.904056,1.384163
7.214000,-0.000179,-0.004347,0.197249,-0.000723,-0.004069,0.652342,-0.000191,0.001079,1.570367,-0.300000,1.000000,1.100000,0.000000,0.000000,-1.571000,-0.299821,1.004347,0.902751,1.383316
7.216000,-0.000180,-0.004355,0.198557,-0.000726,-0.004038,0.653302,-0.000191,0.001090,1.570367,-0.300000,1.000000,1.100000,0.000000,0.000000,-1.571000,-0.299820,1.004355,0.901443,1.382469
7.218000,-0.000182,-0.004363,0.199866,-0.000729,-0.004007,0.654247,-0.000191,0.001101,1.570367,-0.300000,1.000000,1.100000,0.000000,0.000000,-1.571000,-0.299818,1.004363,0.900134,1.381621
7.220000,-0.000183,-0.004371,0.201177,-0.000732,-0.003975,0.655179,-0.000191,0.001112,1.570368,-0.300000,1.000000,1.100000,0.000000,0.000000,-1.571000,-0.299817,1.004371,0.898823,1.380772
7.222000,-0.000185,-0.004379,0.202490,-0.000734,-0.003944,0.656098,-0.000191,0.001122,1.570368,-0.300000,1.000000,1.100000,0.000000,0.000000,-1.571000,-0.299815,1.004379,0.897510,1.379924
7.224000,-0.000186,-0.004386,0.203805,-0.000737,-0.003912,0.657004,-0.000191,0.001131,1.570368,-0.300000,1.000000,1.100000,0.000000,0.000000,-1.571000,-0.299814,1.004386,0.896195,1.379074
7.226000,-0.000188,-0.004394,0.205122,-0.000740,-0.003880,0.657897,-0.000192,0.001140,1.570368,-0.300000,1.000000,1.100000,0.000000,0.000000,-1.571000,-0.299812,1.004394,0.894878,1.378224
7.228000,-0.000189,-0.004402,0.206440,-0.000743,-0.003848,0.658776,-0.000192,0.001148,1.570369,-0.300000,1.000000,1.100000,0.000000,0.000000,-1.571000,-0.299811,1.004402,0.893560,1.377374
7.230000,-0.000191,-0.004410,0.207761,-0.000746,-0.003816,0.659641,-0.000193,0.001156,1.570369,-0.300000,1.000000,1.100000,0.000000,0.000000,-1.571000,-0.299809,1.004410,0.892239,1.376523
7.232000,-0.000192,-0.004417,0.209082,-0.000748,-0.003784,0.660494,-0.000194,0.001163,1.570369,-0.300000,1.000000,1.100000,0.000000,0.000000,-1.571000,-0.299808,1.004417,0.890918,1.375672
7.234000,-0.000194,-0.004425,0.210406,-0.000751,-0.003752,0.661334,-0.000194,0.001170,1.570369,-0.300000,1.000000,1.100000,0.000000,0.000000,-1.571000,-0.299806,1.004425,0.889594,1.374820
7.236000,-0.000195,-0.004432,0.211731,-0.000754,-0.003720,0.662162,-0.000195,0.001176,1.570369,-0.300000,1.000000,1.100000,0.000000,0.000000,-1.571000,-0.299805,1.004432,0.888269,1.373968
7.238000,-0.000197,-0.004440,0.213058,-0.000757,-0.003687,0.662978,-0.000196,0.001181,1.570370,-0.300000,1.000000,1.100000,0.000000,0.000000,-1.571000,-0.299803,1.004440,0.886942,1.373116
7.240000,-0.000198,-0.004447,0.214387,-0.000760,-0.003655,0.663781,-0.000197,0.001186,1.570370,-0.300000,1.000000,1.100000,0.000000,0.000000,-1.571000,-0.299802,1.004447,0.885613,1.372263
7.242000,-0.000200,-0.004454,0.215717,-0.000762,-0.003623,0.664573,-0.000198,0.001190,1.570370,-0.300000,1.000000,1.100000,0.000000,0.000000,-1.571000,-0.299800,1.004454,0.884283,1.371410
7.244000,-0.000201,-0.004461,0.217048,-0.000765,-0.003590,0.665353,-0.000199,0.001194,1.570370,-0.300000,1.000000,1.100000,0.000000,0.000000,-1.571000,-0.299799,1.004461,0.882952,1.370557
7.246000,-0.000203,-0.004468,0.218382,-0.000768,-0.003558,0.666121,-0.000200,0.001197,1.570370,-0.300000,1.000000,1.100000,0.000000,0.000000,-1.571000,-0.299797,1.004468,0.881618,1.369703
7.248000,-0.000204,-0.004476,0.219716,-0.000771,-0.003525,0.666878,-0.000201,0.001199,1.570370,-0.300000,1.000000,1.100000,0.000000,0.000000,-1.571000,-0.299796,1.004476,0.880284,1.368849
7.250000,-0.000206,-0.004483,0.221052,-0.000774,-0.003493,0.667624,-0.000202,0.001201,1.570371,-0.300000,1.000000,1.100000,0.000000,0.000000,-1.571000,-0.299794,1.004483,0.878948,1.367995
7.252000,-0.000207,-0.004489,0.222390,-0.000777,-0.003461,0.668359,-0.000203,0.001202,1.570371,-0.300000,1.000000,1.100000,0.000000,0.000000,-1.571000,-0.299793,1.004489,0.877610,1.367141
7.254000,-0.000209,-0.004496,0.223729,-0.000780,-0.003428,0.669082,-0.000204,0.001202,1.570371,-0.300000,1.000000,1.100000,0.000000,0.000000,-1.571000,-0.299791,1.004496,0.876271,1.366286
7.256000,-0.000211,-0.004503,0.225070,-0.000783,-0.003396,0.669794,-0.000205,0.001202,1.570371,-0.300000,1.000000,1.100000,0.000000,0.000000,-1.571000,-0.299789,1.004503,0.874930,1.365431
7.258000,-0.000212,-0.004510,0.226412,-0.000786,-0.003364,0.670496,-0.000206,0.001202,1.570371,-0.300000,1.000000,1.100000,0.000000,0.000000,-1.571000,-0.299788,1.004510,0.873588,1.364577
7.260000,-0.000214,-0.004517,0.227755,-0.000789,-0.003332,0.671187,-0.000207,0.001201,1.570371,-0.300000,1.000000,1.100000,0.000000,0.000000,-1.571000,-0.299786,1.004517,0.872245,1.363722
7.262000,-0.000215,-0.004523,0.229100,-0.000792,-0.003300,0.671867,-0.000209,0.001199,1.570371,-0.300000,1.000000,1.100000,0.000000,0.000000,-1.571000,-0.299785,1.004523,0.870900,1.362866
7.264000,-0.000217,-0.004530,0.230446,-0.000795,-0.003268,0.672536,-0.000210,0.001197,1.570371,-0.300000,1.000000,1.100000,0.000000,0.000000,-1.571000,-0.299783,1.004530,0.869554,1.362011
7.266000,-0.000218,-0.004536,0.231793,-0.000798,-0.003236,0.673195,-0.000211,0.001194,1.570372,-0.300000,1.000000,1.100000,0.000000,0.000000,-1.571000,-0.299782,1.004536,0.868207,1.361156
7.268000,-0.000220,-0.004543,0.233142,-0.000801,-0.003205,0.673843,-0.000212,0.001191,1.570372,-0.300000,1.000000,1.100000,0.000000,0.000000,-1.571000,-0.299780,1.004543,0.866858,1.360300
7.270000,-0.000222,-0.004549,0.234492,-0.000804,-0.003173,0.674480,-0.000213,0.001187,1.570372,-0.300000,1.000000,1.100000,0.000000,0.000000,-1.571000,-0.299778,1.004549,0.865508,1.359445
7.272000,-0.000223,-0.004555,0.235843,-0.000807,-0.003142,0.675107,-0.000215,0.001183,1.570372,-0.300000,1.000000,1.100000,0.000000,0.000000,-1.571000,-0.299777,1.004555,0.864157,1.358589
7.274000,-0.000225,-0.004562,0.237196,-0.000810,-0.003111,0.675725,-0.000216,0.001178,1.570372,-0.300000,1.000000,1.100000,0.000000,0.000000,-1.571000,-0.299775,1.004562,0.862804,1.357733
7.276000,-0.000227,-0.004568,0.238550,-0.000813,-0.003080,0.676332,-0.000217,0.001173,1.570372,-0.300000,1.000000,1.100000,0.000000,0.000000,-1.571000,-0.299773,1.004568,0.861450,1.356878
7.278000,-0.000228,-0.004574,0.239905,-0.000816,-0.003049,0.676928,-0.000218,0.001168,1.570372,-0.300000,1.000000,1.100000,0.000000,0.000000,-1.571000,-0.299772,1.004574,0.860095,1.356022
7.280000,-0.000230,-0.004580,0.241261,-0.000819,-0.003018,0.677515,-0.000220,0.001162,1.570372,-0.300000,1.000000,1.100000,0.000000,0.000000,-1.571000,-0.299770,1.004580,0.858739,1.355167
7.282000,-0.000231,-0.004586,0.242618,-0.000823,-0.002988,0.678092,-0.000221,0.001156,1.570373,-0.300000,1.000000,1.100000,0.000000,0.000000,-1.571000,-0.299769,1.004586,0.857382,1.354311
7.284000,-0.000233,-0.004592,0.243976,-0.000826,-0.002958,0.678658,-0.000222,0.001150,1.570373,-0.300000,1.000000,1.100000,0.000000,0.000000,-1.571000,-0.299767,1.004592,0.856024,1.353455
7.286000,-0.000235,-0.004598,0.245336,-0.000829,-0.002927,0.679215,-0.000224,0.001143,1.570373,-0.300000,1.000000,1.100000,0.000000,0.000000,-1.571000,-0.299765,1.004598,0.854664,1.352600
7.288000,-0.000236,-0.004604,0.246696,-0.000832,-0.002898,0.679763,-0.000225,0.001136,1.570373,-0.300000,1.000000,1.100000,0.000000,0.000000,-1.571000,-0.299764,1.004604,0.853304,1.351745
7.290000,-0.000238,-0.004609,0.248058,-0.000835,-0.002868,0.680303,-0.000226,0.001129,1.570373,-0.300000,1.000000,1.100000,0.000000,0.000000,-1.571000,-0.299762,1.004609,0.851942,1.350889
7.292000,-0.000240,-0.004615,0.249421,-0.000839,-0.002839,0.680832,-0.000227,0.001121,1.570373,-0.300000,1.000000,1.100000,0.000000,0.000000,-1.571000,-0.299760,1.004615,0.850579,1.350034
7.294000,-0.000241,-0.004621,0.250785,-0.000842,-0.002809,0.681353,-0.000229,0.001114,1.570373,-0.300000,1.000000,1.100000,0.000000,0.000000,-1.571000,-0.299759,1.004621,0.849215,1.349179
7.296000,-0.000243,-0.004626,0.252149,-0.000845,-0.002781,0.681865,-0.000230,0.001106,1.570373,-0.300000,1.000000,1.100000,0.000000,0.000000,-1.571000,-0.299757,1.004626,0.847851,1.348324
7.298000,-0.000245,-0.004632,0.253515,-0.000849,-0.002752,0.682366,-0.000231,0.001098,1.570373,-0.300000,1.000000,1.100000,0.000000,0.000000,-1.571000,-0.299755,1.004632,0.846485,1.347470
7.300000,-0.000247,-0.004637,0.254882,-0.000852,-0.002723,0.682859,-0.000233,0.001090,1.570373,-0.300000,1.000000,1.100000,0.000000,0.000000,-1.571000,-0.299753,1.004637,0.845118,1.346615
7.302000,-0.000248,-0.004643,0.256250,-0.000855,-0.002695,0.683344,-0.000234,0.001082,1.570374,-0.300000,1.000000,1.100000,0.000000,0.000000,-1.571000,-0.299752,1.004643,0.843750,1.345761
7.304000,-0.000250,-0.004648,0.257619,-0.000859,-0.002667,0.683820,-0.000235,0.001073,1.570374,-0.300000,1.000000,1.100000,0.000000,0.000000,-1.571000,-0.299750,1.004648,0.842381,1.344907
7.306000,-0.000252,-0.004653,0.258988,-0.000862,-0.002639,0.684287,-0.000237,0.001065,1.570374,-0.300000,1.000000,1.100000,0.000000,0.000000,-1.571000,-0.299748,1.004653,0.841012,1.344053
7.308000,-0.000253,-0.004659,0.260359,-0.000866,-0.002612,0.684746,-0.000238,0.001056,1.570374,-0.300000,1.000000,1.100000,0.000000,0.000000,-1.571000,-0.299747,1.004659,0.839641,1.343199
7.310000,-0.000255,-0.004664,0.261731,-0.000869,-0.002584,0.685196,-0.000239,0.001047,1.570374,-0.300000,1.000000,1.100000,0.000000,0.000000,-1.571000,-0.299745,1.004664,0.838269,1.342346
7.312000,-0.000257,-0.004669,0.263103,-0.000873,-0.002557,0.685637,-0.000241,0.001039,1.570374,-0.300000,1.000000,1.100000,0.000000,0.000000,-1.571000,-0.299743,1.004669,0.836897,1.341492
7.314000,-0.000259,-0.004674,0.264476,-0.000876,-0.002531,0.686070,-0.000242,0.001030,1.570374,-0.300000,1.000000,1.100000,0.000000,0.000000,-1.571000,-0.299741,1.004674,0.835524,1.340640
7.316000,-0.000260,-0.004679,0.265851,-0.000880,-0.002504,0.686496,-0.000243,0.001020,1.570374,-0.300000,1.000000,1.100000,0.000000,0.000000,-1.571000,-0.299740,1.004679,0.834149,1.339787
7.318000,-0.000262,-0.004684,0.267226,-0.000883,-0.002478,0.686914,-0.000245,0.001011,1.570374,-0.300000,1.000000,1.100000,0.000000,0.000000,-1.571000,-0.299738,1.004684,0.832774,1.338935
7.320000,-0.000264,-0.004689,0.268601,-0.000887,-0.002452,0.687323,-0.000246,0.001002,1.570375,-0.300000,1.000000,1.100000,0.000000,0.000000,-1.571000,-0.299736,1.004689,0.831399,1.338083
7.322000,-0.000266,-0.004694,0.269978,-0.000890,-0.002426,0.687724,-0.000247,0.000993,1.570375,-0.300000,1.000000,1.100000,0.000000,0.000000,-1.571000,-0.299734,1.004694,0.830022,1.337231
7.324000,-0.000268,-0.004699,0.271355,-0.000894,-0.002400,0.688118,-0.000249,0.000984,1.570375,-0.300000,1.000000,1.100000,0.000000,0.000000,-1.571000,-0.299732,1.004699,0.828645,1.336380
7.326000,-0.000269,-0.004703,0.272734,-0.000898,-0.002375,0.688505,-0.000250,0.000974,1.570375,-0.300000,1.000000,1.100000,0.000000,0.000000,-1.571000,-0.299731,1.004703,0.827266,1.335529
7.328000,-0.000271,-0.004708,0.274113,-0.000901,-0.002350,0.688884,-0.000251,0.000965,1.570375,-0.300000,1.000000,1.100000,0.000000,0.000000,-1.571000,-0.299729,1.004708,0.825887,1.334678
7.330000,-0.000273,-0.004713,0.275492,-0.000905,-0.002325,0.689256,-0.000253,0.000956,1.570375,-0.300000,1.000000,1.100000,0.000000,0.000000,-1.571000,-0.299727,1.004713,0.824508,1.333828
7.332000,-0.000275,-0.004717,0.276873,-0.000908,-0.002301,0.689621,-0.000254,0.000946,1.570375,-0.300000,1.000000,1.100000,0.000000,0.000000,-1.571000,-0.299725,1.004717,0.823127,1.332978
7.334000,-0.000277,-0.004722,0.278254,-0.000912,-0.002277,0.689979,-0.000255,0.000937,1.570375,-0.300000,1.000000,1.100000,0.000000,0.000000,-1.571000,-0.299723,1.004722,0.821746,1.332129
7.336000,-0.000278,-0.004726,0.279636,-0.000916,-0.002252,0.690329,-0.000257,0.000928,1.570375,-0.300000,1.000000,1.100000,0.000000,0.000000,-1.571000,-0.299722,1.004726,0.820364,1.331280
7.338000,-0.000280,-0.004731,0.281018,-0.000920,-0.002229,0.690671,-0.000258,0.000919,1.570375,-0.300000,1.000000,1.100000,0.000000,0.000000,-1.571000,-0.299720,1.004731,0.818982,1.330431
7.340000,-0.000282,-0.004735,0.282402,-0.000923,-0.002205,0.691007,-0.000259,0.000910,1.570375,-0.300000,1.000000,1.100000,0.000000,0.000000,-1.571000,-0.299718,1.004735,0.817598,1.329583
7.342000,-0.000284,-0.004740,0.283785,-0.000927,-0.002182,0.691335,-0.000261,0.000901,1.570375,-0.300000,1.000000,1.100000,0.000000,0.000000,-1.571000,-0.299716,1.004740,0.816215,1.328735
7.344000,-0.000286,-0.004744,0.285170,-0.000931,-0.002159,0.691656,-0.000262,0.000892,1.570375,-0.300000,1.000000,1.100000,0.000000,0.000000,-1.571000,-0.299714,1.004744,0.814830,1.327888
7.346000,-0.000288,-0.004748,0.286555,-0.000935,-0.002136,0.691970,-0.000263,0.000883,1.570375,-0.300000,1.000000,1.100000,0.000000,0.000000,-1.571000,-0.299712,1.004748,0.813445,1.327042
7.348000,-0.000290,-0.004753,0.287941,-0.000939,-0.002113,0.692278,-0.000265,0.000874,1.570375,-0.300000,1.000000,1.100000,0.000000,0.000000,-1.571000,-0.299710,1.004753,0.812059,1.326195
7.350000,-0.000291,-0.004757,0.289327,-0.000943,-0.002091,0.692579,-0.000266,0.000865,1.570375,-0.300000,1.000000,1.100000,0.000000,0.000000,-1.571000,-0.299709,1.004757,0.810673,1.325350
7.352000,-0.000293,-0.004761,0.290714,-0.000946,-0.002069,0.692872,-0.000267,0.000857,1.570375,-0.300000,1.000000,1.100000,0.000000,0.000000,-1.571000,-0.299707,1.004761,0.809286,1.324504
7.354000,-0.000295,-0.004765,0.292102,-0.000950,-0.002047,0.693158,-0.000269,0.000848,1.570375,-0.300000,1.000000,1.100000,0.000000,0.000000,-1.571000,-0.299705,1.004765,0.807898,1.323660
7.356000,-0.000297,-0.004769,0.293490,-0.000954,-0.002025,0.693439,-0.000270,0.000840,1.570375,-0.300000,1.000000,1.100000,0.000000,0.000000,-1.571000,-0.299703,1.004769,0.806510,1.322816
7.358000,-0.000299,-0.004773,0.294879,-0.000958,-0.002004,0.693713,-0.000271,0.000831,1.570375,-0.300000,1.000000,1.100000,0.000000,0.000000,-1.571000,-0.299701,1.004773,0.805121,1.321972
7.360000,-0.000301,-0.004777,0.296268,-0.000962,-0.001983,0.693982,-0.000273,0.000823,1.570374,-0.300000,1.000000,1.100000,0.000000,0.000000,-1.571000,-0.299699,1.004777,0.803732,1.321129
7.362000,-0.000303,-0.004781,0.297658,-0.000966,-0.001962,0.694244,-0.000274,0.000815,1.570374,-0.300000,1.000000,1.100000,0.000000,0.000000,-1.571000,-0.299697,1.004781,0.802342,1.320287
7.364000,-0.000305,-0.004785,0.299048,-0.000970,-0.001941,0.694499,-0.000275,0.000807,1.570374,-0.300000,1.000000,1.100000,0.000000,0.000000,-1.571000,-0.299695,1.004785,0.800952,1.319445
7.366000,-0.000307,-0.004789,0.300439,-0.000974,-0.001920,0.694749,-0.000276,0.000800,1.570374,-0.300000,1.000000,1.100000,0.000000,0.000000,-1.571000,-0.299693,1.004789,0.799561,1.318603
7.368000,-0.000309,-0.004793,0.301830,-0.000978,-0.001900,0.694993,-0.000278,0.000792,1.570374,-0.300000,1.000000,1.100000,0.000000,0.000000,-1.571000,-0.299691,1.004793,0.798170,1.317763
7.370000,-0.000311,-0.004796,0.303222,-0.000982,-0.001880,0.695229,-0.000279,0.000785,1.570374,-0.300000,1.000000,1.100000,0.000000,0.000000,-1.571000,-0.299689,1.004796,0.796778,1.316923
7.372000,-0.000313,-0.004800,0.304614,-0.000986,-0.001860,0.695459,-0.000280,0.000777,1.570373,-0.300000,1.000000,1.100000,0.000000,0.000000,-1.571000,-0.299687,1.004800,0.795386,1.316083
7.374000,-0.000315,-0.004804,0.306006,-0.000990,-0.001840,0.695683,-0.000281,0.000770,1.570373,-0.300000,1.000000,1.100000,0.000000,0.000000,-1.571000,-0.299685,1.004804,0.793994,1.315244
7.376000,-0.000317,-0.004807,0.307400,-0.000994,-0.001820,0.695902,-0.000282,0.000763,1.570373,-0.300000,1.000000,1.100000,0.000000,0.000000,-1.571000,-0.299683,1.004807,0.792600,1.314406
7.378000,-0.000319,-0.004811,0.308793,-0.000998,-0.001801,0.696115,-0.000283,0.000756,1.570373,-0.300000,1.000000,1.100000,0.000000,0.000000,-1.571000,-0.299681,1.004811,0.791207,1.313569
7.380000,-0.000321,-0.004815,0.310187,-0.001003,-0.001781,0.696322,-0.000284,0.000750,1.570373,-0.300000,1.000000,1.100000,0.000000,0.000000,-1.571000,-0.299679,1.004815,0.789813,1.312732
7.382000,-0.000323,-0.004818,0.311581,-0.001007,-0.001762,0.696523,-0.000285,0.000743,1.570373,-0.300000,1.000000,1.100000,0.000000,0.000000,-1.571000,-0.299677,1.004818,0.788419,1.311896
7.384000,-0.000325,-0.004822,0.312976,-0.001011,-0.001744,0.696719,-0.000286,0.000737,1.570373,-0.300000,1.000000,1.100000,0.000000,0.000000,-1.571000,-0.299675,1.004822,0.787024,1.311060
7.386000,-0.000327,-0.004825,0.314371,-0.001015,-0.001725,0.696911,-0.000287,0.000731,1.570372,-0.300000,1.000000,1.100000,0.000000,0.000000,-1.571000,-0.299673,1.004825,0.785629,1.310225
7.388000,-0.000329,-0.004829,0.315767,-0.001019,-0.001706,0.697097,-0.000288,0.000725,1.570372,-0.300000,1.000000,1.100000,0.000000,0.000000,-1.571000,-0.299671,1.004829,0.784233,1.309391
7.390000,-0.000331,-0.004832,0.317163,-0.001023,-0.001688,0.697277,-0.000288,0.000719,1.570372,-0.300000,1.000000,1.100000,0.000000,0.000000,-1.571000,-0.299669,1.004832,0.782837,1.308558
7.392000,-0.000333,-0.004835,0.318559,-0.001027,-0.001670,0.697451,-0.000289,0.000713,1.570372,-0.300000,1.000000,1.100000,0.000000,0.000000,-1.571000,-0.299667,1.004835,0.781441,1.307725
7.394000,-0.000335,-0.004839,0.319955,-0.001032,-0.001652,0.697621,-0.000289,0.000708,1.570372,-0.300000,1.000000,1.100000,0.000000,0.000000,-1.571000,-0.299665,1.004839,0.780045,1.306893
7.396000,-0.000337,-0.004842,0.321352,-0.001036,-0.001634,0.697786,-0.000290,0.000702,1.570372,-0.300000,1.000000,1.100000,0.000000,0.000000,-1.571000,-0.299663,1.004842,0.778648,1.306062
7.398000,-0.000339,-0.004845,0.322749,-0.001040,-0.001616,0.697947,-0.000290,0.000697,1.570372,-0.300000,1.000000,1.100000,0.000000,0.000000,-1.571000,-0.299661,1.004845,0.777251,1.305231
7.400000,-0.000341,-0.004848,0.324147,-0.001044,-0.001598,0.698101,-0.000290,0.000691,1.570372,-0.300000,1.000000,1.100000,0.000000,0.000000,-1.571000,-0.299659,1.004848,0.775853,1.304402
7.402000,-0.000343,-0.004852,0.325545,-0.001048,-0.001581,0.698251,-0.000291,0.000686,1.570372,-0.300000,1.000000,1.100000,0.000000,0.000000,-1.571000,-0.299657,1.004852,0.774455,1.303573
7.404000,-0.000345,-0.004855,0.326943,-0.001052,-0.001563,0.698395,-0.000291,0.000681,1.570372,-0.300000,1.000000,1.100000,0.000000,0.000000,-1.571000,-0.299655,1.004855,0.773057,1.302744
7.406000,-0.000348,-0.004858,0.328341,-0.001057,-0.001546,0.698535,-0.000291,0.000675,1.570372,-0.300000,1.000000,1.100000,0.000000,0.000000,-1.571000,-0.299652,1.004858,0.771659,1.301917
7.408000,-0.000350,-0.004861,0.329740,-0.001061,-0.001529,0.698671,-0.000291,0.000670,1.570372,-0.300000,1.000000,1.100000,0.000000,0.000000,-1.571000,-0.299650,1.004861,0.770260,1.301090
7.410000,-0.000352,-0.004864,0.331139,-0.001065,-0.001512,0.698800,-0.000291,0.000665,1.570372,-0.300000,1.000000,1.100000,0.000000,0.000000,-1.571000,-0.299648,1.004864,0.768861,1.300265
7.412000,-0.000354,-0.004867,0.332538,-0.001069,-0.001496,0.698925,-0.000290,0.000660,1.570372,-0.300000,1.000000,1.100000,0.000000,0.000000,-1.571000,-0.299646,1.004867,0.767462,1.299440
7.414000,-0.000356,-0.004870,0.333938,-0.001073,-0.001479,0.699046,-0.000290,0.000655,1.570371,-0.300000,1.000000,1.100000,0.000000,0.000000,-1.571000,-0.299644,1.004870,0.766062,1.298615
7.416000,-0.000358,-0.004873,0.335337,-0.001077,-0.001463,0.699162,-0.000290,0.000650,1.570371,-0.300000,1.000000,1.100000,0.000000,0.000000,-1.571000,-0.299642,1.004873,0.764663,1.297792
7.418000,-0.000360,-0.004876,0.336737,-0.001081,-0.001446,0.699276,-0.000290,0.000645,1.570371,-0.300000,1.000000,1.100000,0.000000,0.000000,-1.571000,-0.299640,1.004876,0.763263,1.296969
7.420000,-0.000363,-0.004879,0.338137,-0.001085,-0.001430,0.699385,-0.000289,0.000640,1.570371,-0.300000,1.000000,1.100000,0.000000,0.000000,-1.571000,-0.299637,1.004879,0.761863,1.296148
7.422000,-0.000365,-0.004881,0.339538,-0.001089,-0.001414,0.699488,-0.000289,0.000635,1.570371,-0.300000,1.000000,1.100000,0.000000,0.000000,-1.571000,-0.299635,1.004881,0.760462,1.295327
7.424000,-0.000367,-0.004884,0.340938,-0.001093,-0.001398,0.699588,-0.000288,0.000631,1.570371,-0.300000,1.000000,1.100000,0.000000,0.000000,-1.571000,-0.299633,1.004884,0.759062,1.294507
7.426000,-0.000369,-0.004887,0.342339,-0.001097,-0.001382,0.699682,-0.000287,0.000626,1.570371,-0.300000,1.000000,1.100000,0.000000,0.000000,-1.571000,-0.299631,1.004887,0.757661,1.293687
7.428000,-0.000371,-0.004890,0.343740,-0.001101,-0.001367,0.699773,-0.000287,0.000621,1.570371,-0.300000,1.000000,1.100000,0.000000,0.000000,-1.571000,-0.299629,1.004890,0.756260,1.292869
7.430000,-0.000374,-0.004892,0.345141,-0.001105,-0.001351,0.699859,-0.000286,0.000617,1.570371,-0.300000,1.000000,1.100000,0.000000,0.000000,-1.571000,-0.299626,1.004892,0.754859,1.292052
7.432000,-0.000376,-0.004895,0.346542,-0.001109,-0.001336,0.699940,-0.000285,0.000612,1.570371,-0.300000,1.000000,1.100000,0.000000,0.000000,-1.571000,-0.299624,1.004895,0.753458,1.291235
7.434000,-0.000378,-0.004898,0.347943,-0.001113,-0.001320,0.700016,-0.000284,0.000608,1.570371,-0.300000,1.000000,1.100000,0.000000,0.000000,-1.571000,-0.299622,1.004898,0.752057,1.290419
7.436000,-0.000380,-0.004900,0.349345,-0.001117,-0.001305,0.700089,-0.000283,0.000603,1.570371,-0.300000,1.000000,1.100000,0.000000,0.000000,-1.571000,-0.299620,1.004900,0.750655,1.289605
7.438000,-0.000382,-0.004903,0.350747,-0.001121,-0.001290,0.700157,-0.000282,0.000599,1.570371,-0.300000,1.000000,1.100000,0.000000,0.000000,-1.571000,-0.299618,1.004903,0.749253,1.288791
7.440000,-0.000385,-0.004906,0.352148,-0.001125,-0.001275,0.700223,-0.000281,0.000595,1.570371,-0.300000,1.000000,1.100000,0.000000,0.000000,-1.571000,-0.299615,1.004906,0.747852,1.287978
7.442000,-0.000387,-0.004908,0.353550,-0.001129,-0.001261,0.700286,-0.000279,0.000591,1.570371,-0.300000,1.000000,1.100000,0.000000,0.000000,-1.571000,-0.299613,1.004908,0.746450,1.287166
7.444000,-0.000389,-0.004911,0.354952,-0.001132,-0.001246,0.700346,-0.000277,0.000587,1.570371,-0.300000,1.000000,1.100000,0.000000,0.000000,-1.571000,-0.299611,1.004911,0.745048,1.286354
7.446000,-0.000391,-0.004913,0.356355,-0.001136,-0.001231,0.700401,-0.000275,0.000583,1.570371,-0.300000,1.000000,1.100000,0.000000,0.000000,-1.571000,-0.299609,1.004913,0.743645,1.285544
7.448000,-0.000394,-0.004916,0.357757,-0.001140,-0.001217,0.700453,-0.000273,0.000579,1.570371,-0.300000,1.000000,1.100000,0.000000,0.000000,-1.571000,-0.299606,1.004916,0.742243,1.284735
7.450000,-0.000396,-0.004918,0.359159,-0.001143,-0.001202,0.700501,-0.000271,0.000576,1.570371,-0.300000,1.000000,1.100000,0.000000,0.000000,-1.571000,-0.299604,1.004918,0.740841,1.283927
7.452000,-0.000398,-0.004920,0.360562,-0.001147,-0.001188,0.700545,-0.000268,0.000572,1.570371,-0.300000,1.000000,1.100000,0.000000,0.000000,-1.571000,-0.299602,1.004920,0.739438,1.283119
7.454000,-0.000401,-0.004923,0.361964,-0.001150,-0.001174,0.700588,-0.000265,0.000569,1.570370,-0.300000,1.000000,1.100000,0.000000,0.000000,-1.571000,-0.299599,1.004923,0.738036,1.282313
7.456000,-0.000403,-0.004925,0.363367,-0.001154,-0.001160,0.700626,-0.000262,0.000565,1.570370,-0.300000,1.000000,1.100000,0.000000,0.000000,-1.571000,-0.299597,1.004925,0.736633,1.281507
7.458000,-0.000405,-0.004927,0.364770,-0.001157,-0.001146,0.700660,-0.000259,0.000562,1.570370,-0.300000,1.000000,1.100000,0.000000,0.000000,-1.571000,-0.299595,1.004927,0.735230,1.280703
7.460000,-0.000408,-0.004930,0.366172,-0.001160,-0.001132,0.700689,-0.000255,0.000559,1.570370,-0.300000,1.000000,1.100000,0.000000,0.000000,-1.571000,-0.299592,1.004930,0.733828,1.279899
7.462000,-0.000410,-0.004932,0.367575,-0.001163,-0.001118,0.700715,-0.000251,0.000555,1.570369,-0.300000,1.000000,1.100000,0.000000,0.000000,-1.571000,-0.299590,1.004932,0.732425,1.279097
7.464000,-0.000412,-0.004934,0.368978,-0.001166,-0.001105,0.700738,-0.000247,0.000552,1.570369,-0.300000,1.000000,1.100000,0.000000,0.000000,-1.571000,-0.299588,1.004934,0.731022,1.278295
7.466000,-0.000415,-0.004936,0.370381,-0.001169,-0.001091,0.700759,-0.000242,0.000549,1.570368,-0.300000,1.000000,1.100000,0.000000,0.000000,-1.571000,-0.299585,1.004936,0.729619,1.277494
7.468000,-0.000417,-0.004938,0.371784,-0.001172,-0.001078,0.700777,-0.000237,0.000547,1.570368,-0.300000,1.000000,1.100000,0.000000,0.000000,-1.571000,-0.299583,1.004938,0.728216,1.276695
7.470000,-0.000419,-0.004941,0.373187,-0.001175,-0.001064,0.700792,-0.000232,0.000544,1.570367,-0.300000,1.000000,1.100000,0.000000,0.000000,-1.571000,-0.299581,1.004941,0.726813,1.275896
7.472000,-0.000422,-0.004943,0.374590,-0.001178,-0.001051,0.700804,-0.000226,0.000541,1.570366,-0.300000,1.000000,1.100000,0.000000,0.000000,-1.571000,-0.299578,1.004943,0.725410,1.275099
7.474000,-0.000424,-0.004945,0.375993,-0.001180,-0.001038,0.700811,-0.000220,0.000538,1.570366,-0.300000,1.000000,1.100000,0.000000,0.000000,-1.571000,-0.299576,1.004945,0.724007,1.274302
7.476000,-0.000426,-0.004947,0.377396,-0.001182,-0.001025,0.700816,-0.000214,0.000536,1.570365,-0.300000,1.000000,1.100000,0.000000,0.000000,-1.571000,-0.299574,1.004947,0.722604,1.273507
7.478000,-0.000429,-0.004949,0.378799,-0.001185,-0.001012,0.700818,-0.000208,0.000533,1.570364,-0.300000,1.000000,1.100000,0.000000,0.000000,-1.571000,-0.299571,1.004949,0.721201,1.272712
7.480000,-0.000431,-0.004951,0.380202,-0.001187,-0.000999,0.700817,-0.000201,0.000531,1.570363,-0.300000,1.000000,1.100000,0.000000,0.000000,-1.571000,-0.299569,1.004951,0.719798,1.271919
7.482000,-0.000433,-0.004953,0.381605,-0.001189,-0.000986,0.700815,-0.000194,0.000529,1.570363,-0.300000,1.000000,1.100000,0.000000,0.000000,-1.571000,-0.299567,1.004953,0.718395,1.271126
7.484000,-0.000436,-0.004955,0.383008,-0.001191,-0.000973,0.700809,-0.000187,0.000526,1.570362,-0.300000,1.000000,1.100000,0.000000,0.000000,-1.571000,-0.299564,1.004955,0.716992,1.270335
7.486000,-0.000438,-0.004957,0.384411,-0.001192,-0.000960,0.700800,-0.000180,0.000524,1.570361,-0.300000,1.000000,1.100000,0.000000,0.000000,-1.571000,-0.299562,1.004957,0.715589,1.269544
7.488000,-0.000441,-0.004959,0.385814,-0.001194,-0.000947,0.700788,-0.000172,0.000522,1.570360,-0.300000,1.000000,1.100000,0.000000,0.000000,-1.571000,-0.299559,1.004959,0.714186,1.268755
7.490000,-0.000443,-0.004960,0.387217,-0.001195,-0.000935,0.700772,-0.000164,0.000520,1.570359,-0.300000,1.000000,1.100000,0.000000,0.000000,-1.571000,-0.299557,1.004960,0.712783,1.267967
7.492000,-0.000445,-0.004962,0.388620,-0.001196,-0.000922,0.700754,-0.000156,0.000517,1.570358,-0.300000,1.000000,1.100000,0.000000,0.000000,-1.571000,-0.299555,1.004962,0.711380,1.267179
7.494000,-0.000448,-0.004964,0.390023,-0.001197,-0.000910,0.700734,-0.000148,0.000515,1.570357,-0.300000,1.000000,1.100000,0.000000,0.000000,-1.571000,-0.299552,1.004964,0.709977,1.266393
7.496000,-0.000450,-0.004966,0.391426,-0.001198,-0.000897,0.700713,-0.000139,0.000513,1.570356,-0.300000,1.000000,1.100000,0.000000,0.000000,-1.571000,-0.299550,1.004966,0.708574,1.265608
7.498000,-0.000453,-0.004968,0.392829,-0.001199,-0.000885,0.700689,-0.000131,0.000512,1.570355,-0.300000,1.000000,1.100000,0.000000,0.000000,-1.571000,-0.299547,1.004968,0.707171,1.264824
7.500000,-0.000455,-0.004969,0.394231,-0.001199,-0.000873,0.700661,-0.000122,0.000510,1.570354,-0.300000,1.000000,1.100000,0.000000,0.000000,-1.571000,-0.299545,1.004969,0.705769,1.264041
7.502000,-0.000457,-0.004971,0.395634,-0.001199,-0.000860,0.700630,-0.000114,0.000508,1.570353,-0.300000,1.000000,1.100000,0.000000,0.000000,-1.571000,-0.299543,1.004971,0.704366,1.263259
7.504000,-0.000460,-0.004973,0.397037,-0.001200,-0.000848,0.700597,-0.000105,0.000506,1.570351,-0.300000,1.000000,1.100000,0.000000,0.000000,-1.571000,-0.299540,1.004973,0.702963,1.262479
7.506000,-0.000462,-0.004975,0.398439,-0.001199,-0.000836,0.700561,-0.000096,0.000505,1.570350,-0.300000,1.000000,1.100000,0.000000,0.000000,-1.571000,-0.299538,1.004975,0.701561,1.261699
7.508000,-0.000465,-0.004976,0.399842,-0.001199,-0.000824,0.700523,-0.000087,0.000503,1.570349,-0.300000,1.000000,1.100000,0.000000,0.000000,-1.571000,-0.299535,1.004976,0.700158,1.260921
7.510000,-0.000467,-0.004978,0.401244,-0.001199,-0.000812,0.700484,-0.000077,0.000501,1.570348,-0.300000,1.000000,1.100000,0.000000,0.000000,-1.571000,-0.299533,1.004978,0.698756,1.260143
7.512000,-0.000469,-0.004980,0.402646,-0.001198,-0.000800,0.700444,-0.000068,0.000500,1.570347,-0.300000,1.000000,1.100000,0.000000,0.000000,-1.571000,-0.299531,1.004980,0.697354,1.259367
7.514000,-0.000472,-0.004981,0.404048,-0.001197,-0.000788,0.700401,-0.000059,0.000498,1.570346,-0.300000,1.000000,1.100000,0.000000,0.000000,-1.571000,-0.299528,1.004981,0.695952,1.258592
7.516000,-0.000474,-0.004983,0.405451,-0.001196,-0.000776,0.700354,-0.000050,0.000497,1.570345,-0.300000,1.000000,1.100000,0.000000,0.000000,-1.571000,-0.299526,1.004983,0.694549,1.257817
7.518000,-0.000477,-0.004984,0.406853,-0.001195,-0.000765,0.700304,-0.000040,0.000495,1.570344,-0.300000,1.000000,1.100000,0.000000,0.000000,-1.571000,-0.299523,1.004984,0.693147,1.257044
7.520000,-0.000479,-0.004986,0.408255,-0.001193,-0.000753,0.700252,-0.000031,0.000494,1.570343,-0.300000,1.000000,1.100000,0.000000,0.000000,-1.571000,-0.299521,1.004986,0.691745,1.256273
7.522000,-0.000481,-0.004987,0.409656,-0.001192,-0.000741,0.700198,-0.000022,0.000492,1.570342,-0.300000,1.000000,1.100000,0.000000,0.000000,-1.571000,-0.299519,1.004987,0.690344,1.255502
7.524000,-0.000484,-0.004989,0.411058,-0.001190,-0.000730,0.700142,-0.000012,0.000491,1.570341,-0.300000,1.000000,1.100000,0.000000,0.000000,-1.571000,-0.299516,1.004989,0.688942,1.254732
7.526000,-0.000486,-0.004990,0.412460,-0.001188,-0.000718,0.700084,-0.000003,0.000489,1.570340,-0.300000,1.000000,1.100000,0.000000,0.000000,-1.571000,-0.299514,1.004990,0.687540,1.253964
7.528000,-0.000489,-0.004992,0.413861,-0.001186,-0.000706,0.700025,0.000007,0.000487,1.570339,-0.300000,1.000000,1.100000,0.000000,0.000000,-1.571000,-0.299511,1.004992,0.686139,1.253197
7.530000,-0.000491,-0.004993,0.415263,-0.001183,-0.000695,0.699965,0.000016,0.000485,1.570338,-0.300000,1.000000,1.100000,0.000000,0.000000,-1.571000,-0.299509,1.004993,0.684737,1.252430
7.532000,-0.000493,-0.004994,0.416664,-0.001181,-0.000684,0.699903,0.000025,0.000483,1.570337,-0.300000,1.000000,1.100000,0.000000,0.000000,-1.571000,-0.299507,1.004994,0.683336,1.251665
7.534000,-0.000496,-0.004996,0.418065,-0.001178,-0.000672,0.699838,0.000034,0.000481,1.570336,-0.300000,1.000000,1.100000,0.000000,0.000000,-1.571000,-0.299504,1.004996,0.681935,1.250901
7.536000,-0.000498,-0.004997,0.419466,-0.001175,-0.000661,0.699770,0.000043,0.000479,1.570335,-0.300000,1.000000,1.100000,0.000000,0.000000,-1.571000,-0.299502,1.004997,0.680534,1.250139
7.538000,-0.000500,-0.004998,0.420867,-0.001172,-0.000650,0.699700,0.000052,0.000477,1.570334,-0.300000,1.000000,1.100000,0.000000,0.000000,-1.571000,-0.299500,1.004998,0.679133,1.249377
7.540000,-0.000503,-0.005000,0.422267,-0.001169,-0.000639,0.699628,0.000061,0.000474,1.570333,-0.300000,1.000000,1.100000,0.000000,0.000000,-1.571000,-0.299497,1.005000,0.677733,1.248617
7.542000,-0.000505,-0.005001,0.423668,-0.001165,-0.000628,0.699555,0.000070,0.000472,1.570332,-0.300000,1.000000,1.100000,0.000000,0.000000,-1.571000,-0.299495,1.005001,0.676332,1.247858
7.544000,-0.000507,-0.005002,0.425068,-0.001162,-0.000617,0.699480,0.000078,0.000469,1.570331,-0.300000,1.000000,1.100000,0.000000,0.000000,-1.571000,-0.299493,1.005002,0.674932,1.247100
7.546000,-0.000510,-0.005003,0.426469,-0.001158,-0.000606,0.699404,0.000087,0.000466,1.570331,-0.300000,1.000000,1.100000,0.000000,0.000000,-1.571000,-0.299490,1.005003,0.673531,1.246343
7.548000,-0.000512,-0.005004,0.427869,-0.001154,-0.000595,0.699328,0.000095,0.000463,1.570330,-0.300000,1.000000,1.100000,0.000000,0.000000,-1.571000,-0.299488,1.005004,0.672131,1.245587
7.550000,-0.000514,-0.005006,0.429269,-0.001150,-0.000584,0.699250,0.000103,0.000460,1.570329,-0.300000,1.000000,1.100000,0.000000,0.000000,-1.571000,-0.299486,1.005006,0.670731,1.244833
7.552000,-0.000517,-0.005007,0.430668,-0.001145,-0.000574,0.699169,0.000111,0.000457,1.570328,-0.300000,1.000000,1.100000,0.000000,0.000000,-1.571000,-0.299483,1.005007,0.669332,1.244079
7.554000,-0.000519,-0.005008,0.432068,-0.001141,-0.000563,0.699086,0.000118,0.000453,1.570328,-0.300000,1.000000,1.100000,0.000000,0.000000,-1.571000,-0.299481,1.005008,0.667932,1.243327
7.556000,-0.000521,-0.005009,0.433467,-0.001136,-0.000553,0.699000,0.000126,0.000450,1.570327,-0.300000,1.000000,1.100000,0.000000,0.000000,-1.571000,-0.299479,1.005009,0.666533,1.242577
7.558000,-0.000523,-0.005010,0.434867,-0.001131,-0.000543,0.698913,0.000133,0.000446,1.570326,-0.300000,1.000000,1.100000,0.000000,0.000000,-1.571000,-0.299477,1.005010,0.665133,1.241827
7.560000,-0.000526,-0.005011,0.436266,-0.001126,-0.000532,0.698825,0.000140,0.000442,1.570325,-0.300000,1.000000,1.100000,0.000000,0.000000,-1.571000,-0.299474,1.005011,0.663734,1.241078
7.562000,-0.000528,-0.005012,0.437665,-0.001121,-0.000522,0.698735,0.000147,0.000438,1.570325,-0.300000,1.000000,1.100000,0.000000,0.000000,-1.571000,-0.299472,1.005012,0.662335,1.240331
7.564000,-0.000530,-0.005013,0.439063,-0.001116,-0.000512,0.698645,0.000153,0.000434,1.570324,-0.300000,1.000000,1.100000,0.000000,0.000000,-1.571000,-0.299470,1.005013,0.660937,1.239585
7.566000,-0.000532,-0.005014,0.440462,-0.001111,-0.000502,0.698554,0.000159,0.000430,1.570323,-0.300000,1.000000,1.100000,0.000000,0.000000,-1.571000,-0.299468,1.005014,0.659538,1.238840
7.568000,-0.000535,-0.005015,0.441860,-0.001106,-0.000492,0.698462,0.000165,0.000425,1.570323,-0.300000,1.000000,1.100000,0.000000,0.000000,-1.571000,-0.299465,1.005015,0.658140,1.238097
7.570000,-0.000537,-0.005016,0.443259,-0.001100,-0.000483,0.698367,0.000171,0.000421,1.570322,-0.300000,1.000000,1.100000,0.000000,0.000000,-1.571000,-0.299463,1.005016,0.656741,1.237354
7.572000,-0.000539,-0.005017,0.444657,-0.001094,-0.000473,0.698269,0.000177,0.000416,1.570321,-0.300000,1.000000,1.100000,0.000000,0.000000,-1.571000,-0.299461,1.005017,0.655343,1.236613
7.574000,-0.000541,-0.005018,0.446054,-0.001089,-0.000463,0.698169,0.000182,0.000412,1.570321,-0.300000,1.000000,1.100000,0.000000,0.000000,-1.571000,-0.299459,1.005018,0.653946,1.235873
7.576000,-0.000543,-0.005019,0.447452,-0.001083,-0.000454,0.698068,0.000187,0.000407,1.570320,-0.300000,1.000000,1.100000,0.000000,0.000000,-1.571000,-0.299457,1.005019,0.652548,1.235134
7.578000,-0.000545,-0.005020,0.448849,-0.001077,-0.000445,0.697964,0.000192,0.000402,1.570319,-0.300000,1.000000,1.100000,0.000000,0.000000,-1.571000,-0.299455,1.005020,0.651151,1.234397
7.580000,-0.000548,-0.005021,0.450246,-0.001071,-0.000436,0.697859,0.000197,0.000398,1.570319,-0.300000,1.000000,1.100000,0.000000,0.000000,-1.571000,-0.299452,1.005021,0.649754,1.233660
7.582000,-0.000550,-0.005022,0.451643,-0.001065,-0.000427,0.697753,0.000201,0.000393,1.570318,-0.300000,1.000000,1.100000,0.000000,0.000000,-1.571000,-0.299450,1.005022,0.648357,1.232925
7.584000,-0.000552,-0.005023,0.453040,-0.001059,-0.000418,0.697646,0.000205,0.000388,1.570317,-0.300000,1.000000,1.100000,0.000000,0.000000,-1.571000,-0.299448,1.005023,0.646960,1.232192
7.586000,-0.000554,-0.005023,0.454437,-0.001052,-0.000409,0.697539,0.000209,0.000383,1.570317,-0.300000,1.000000,1.100000,0.000000,0.000000,-1.571000,-0.299446,1.005023,0.645563,1.231459
7.588000,-0.000556,-0.005024,0.455833,-0.001046,-0.000400,0.697432,0.000212,0.000378,1.570316,-0.300000,1.000000,1.100000,0.000000,0.000000,-1.571000,-0.299444,1.005024,0.644167,1.230728
7.590000,-0.000558,-0.005025,0.457229,-0.001040,-0.000392,0.697324,0.000215,0.000373,1.570316,-0.300000,1.000000,1.100000,0.000000,0.000000,-1.571000,-0.299442,1.005025,0.642771,1.229998
7.592000,-0.000560,-0.005026,0.458625,-0.001033,-0.000383,0.697213,0.000217,0.000368,1.570316,-0.300000,1.000000,1.100000,0.000000,0.000000,-1.571000,-0.299440,1.005026,0.641375,1.229269
7.594000,-0.000562,-0.005026,0.460021,-0.001027,-0.000375,0.697101,0.000220,0.000363,1.570315,-0.300000,1.000000,1.100000,0.000000,0.000000,-1.571000,-0.299438,1.005026,0.639979,1.228542
7.596000,-0.000564,-0.005027,0.461416,-0.001020,-0.000367,0.696987,0.000221,0.000358,1.570315,-0.300000,1.000000,1.100000,0.000000,0.000000,-1.571000,-0.299436,1.005027,0.638584,1.227815
7.598000,-0.000566,-0.005028,0.462811,-0.001014,-0.000359,0.696872,0.000223,0.000353,1.570315,-0.300000,1.000000,1.100000,0.000000,0.000000,-1.571000,-0.299434,1.005028,0.637189,1.227090
7.600000,-0.000568,-0.005029,0.464206,-0.001007,-0.000351,0.696756,0.000224,0.000348,1.570314,-0.300000,1.000000,1.100000,0.000000,0.000000,-1.571000,-0.299432,1.005029,0.635794,1.226367
7.602000,-0.000570,-0.005029,0.465601,-0.001001,-0.000343,0.696640,0.000224,0.000343,1.570314,-0.300000,1.000000,1.100000,0.000000,0.000000,-1.571000,-0.299430,1.005029,0.634399,1.225644
7.604000,-0.000572,-0.005030,0.466995,-0.000994,-0.000335,0.696523,0.000224,0.000338,1.570314,-0.300000,1.000000,1.100000,0.000000,0.000000,-1.571000,-0.299428,1.005030,0.633005,1.224923
7.606000,-0.000574,-0.005031,0.468390,-0.000988,-0.000328,0.696406,0.000224,0.000334,1.570314,-0.300000,1.000000,1.100000,0.000000,0.000000,-1.571000,-0.299426,1.005031,0.631610,1.224203
7.608000,-0.000576,-0.005031,0.469784,-0.000981,-0.000320,0.696289,0.000224,0.000329,1.570315,-0.300000,1.000000,1.100000,0.000000,0.000000,-1.571000,-0.299424,1.005031,0.630216,1.223485
7.610000,-0.000578,-0.005032,0.471178,-0.000975,-0.000313,0.696172,0.000223,0.000324,1.570315,-0.300000,1.000000,1.100000,0.000000,0.000000,-1.571000,-0.299422,1.005032,0.628822,1.222767
7.612000,-0.000580,-0.005033,0.472571,-0.000968,-0.000305,0.696055,0.000221,0.000320,1.570315,-0.300000,1.000000,1.100000,0.000000,0.000000,-1.571000,-0.299420,1.005033,0.627429,1.222051
7.614000,-0.000582,-0.005033,0.473964,-0.000962,-0.000298,0.695937,0.000220,0.000315,1.570315,-0.300000,1.000000,1.100000,0.000000,0.000000,-1.571000,-0.299418,1.005033,0.626036,1.221337
7.616000,-0.000584,-0.005034,0.475358,-0.000956,-0.000291,0.695818,0.000218,0.000311,1.570316,-0.300000,1.000000,1.100000,0.000000,0.000000,-1.571000,-0.299416,1.005034,0.624642,1.220623
7.618000,-0.000586,-0.005034,0.476750,-0.000949,-0.000284,0.695696,0.000216,0.000307,1.570316,-0.300000,1.000000,1.100000,0.000000,0.000000,-1.571000,-0.299414,1.005034,0.623250,1.219911
7.620000,-0.000588,-0.005035,0.478143,-0.000943,-0.000277,0.695572,0.000213,0.000303,1.570316,-0.300000,1.000000,1.100000,0.000000,0.000000,-1.571000,-0.299412,1.005035,0.621857,1.219200
7.622000,-0.000590,-0.005035,0.479535,-0.000937,-0.000270,0.695447,0.000210,0.000299,1.570317,-0.300000,1.000000,1.100000,0.000000,0.000000,-1.571000,-0.299410,1.005035,0.620465,1.218490
7.624000,-0.000592,-0.005036,0.480927,-0.000931,-0.000264,0.695321,0.000207,0.000295,1.570318,-0.300000,1.000000,1.100000,0.000000,0.000000,-1.571000,-0.299408,1.005036,0.619073,1.217782
7.626000,-0.000593,-0.005036,0.482319,-0.000925,-0.000257,0.695194,0.000204,0.000291,1.570318,-0.300000,1.000000,1.100000,0.000000,0.000000,-1.571000,-0.299407,1.005036,0.617681,1.217075
7.628000,-0.000595,-0.005037,0.483711,-0.000919,-0.000251,0.695066,0.000200,0.000288,1.570319,-0.300000,1.000000,1.100000,0.000000,0.000000,-1.571000,-0.299405,1.005037,0.616289,1.216369
7.630000,-0.000597,-0.005037,0.485102,-0.000913,-0.000244,0.694939,0.000197,0.000284,1.570319,-0.300000,1.000000,1.100000,0.000000,0.000000,-1.571000,-0.299403,1.005037,0.614898,1.215665
7.632000,-0.000599,-0.005038,0.486493,-0.000907,-0.000238,0.694811,0.000192,0.000281,1.570320,-0.300000,1.000000,1.100000,0.000000,0.000000,-1.571000,-0.299401,1.005038,0.613507,1.214962
7.634000,-0.000601,-0.005038,0.487884,-0.000902,-0.000232,0.694683,0.000188,0.000278,1.570321,-0.300000,1.000000,1.100000,0.000000,0.000000,-1.571000,-0.299399,1.005038,0.612116,1.214260
7.636000,-0.000603,-0.005039,0.489275,-0.000896,-0.000226,0.694555,0.000184,0.000275,1.570322,-0.300000,1.000000,1.100000,0.000000,0.000000,-1.571000,-0.299397,1.005039,0.610725,1.213560
7.638000,-0.000604,-0.005039,0.490665,-0.000891,-0.000219,0.694426,0.000179,0.000272,1.570323,-0.300000,1.000000,1.100000,0.000000,0.000000,-1.571000,-0.299396,1.005039,0.609335,1.212861
7.640000,-0.000606,-0.005040,0.492055,-0.000885,-0.000213,0.694295,0.000174,0.000269,1.570324,-0.300000,1.000000,1.100000,0.000000,0.000000,-1.571000,-0.299394,1.005040,0.607945,1.212163
7.642000,-0.000608,-0.005040,0.493445,-0.000880,-0.000207,0.694163,0.000170,0.000267,1.570324,-0.300000,1.000000,1.100000,0.000000,0.000000,-1.571000,-0.299392,1.005040,0.606555,1.211466
7.644000,-0.000610,-0.005041,0.494834,-0.000875,-0.000202,0.694028,0.000164,0.000264,1.570325,-0.300000,1.000000,1.100000,0.000000,0.000000,-1.571000,-0.299390,1.005041,0.605166,1.210771
7.646000,-0.000611,-0.005041,0.496224,-0.000870,-0.000196,0.693893,0.000159,0.000262,1.570326,-0.300000,1.000000,1.100000,0.000000,0.000000,-1.571000,-0.299389,1.005041,0.603776,1.210077
7.648000,-0.000613,-0.005041,0.497613,-0.000865,-0.000190,0.693757,0.000154,0.000260,1.570327,-0.300000,1.000000,1.100000,0.000000,0.000000,-1.571000,-0.299387,1.005041,0.602387,1.209385
7.650000,-0.000615,-0.005042,0.499001,-0.000860,-0.000184,0.693621,0.000149,0.000258,1.570328,-0.300000,1.000000,1.100000,0.000000,0.000000,-1.571000,-0.299385,1.005042,0.600999,1.208693
7.652000,-0.000617,-0.005042,0.500390,-0.000856,-0.000179,0.693484,0.000143,0.000256,1.570329,-0.300000,1.000000,1.100000,0.000000,0.000000,-1.571000,-0.299383,1.005042,0.599610,1.208004
7.654000,-0.000618,-0.005042,0.501778,-0.000851,-0.000173,0.693347,0.000138,0.000254,1.570330,-0.300000,1.000000,1.100000,0.000000,0.000000,-1.571000,-0.299382,1.005042,0.598222,1.207315
7.656000,-0.000620,-0.005043,0.503166,-0.000847,-0.000167,0.693211,0.000132,0.000253,1.570331,-0.300000,1.000000,1.100000,0.000000,0.000000,-1.571000,-0.299380,1.005043,0.596834,1.206628
7.658000,-0.000622,-0.005043,0.504553,-0.000842,-0.000162,0.693074,0.000126,0.000251,1.570332,-0.300000,1.000000,1.100000,0.000000,0.000000,-1.571000,-0.299378,1.005043,0.595447,1.205942
7.660000,-0.000623,-0.005043,0.505941,-0.000838,-0.000156,0.692939,0.000121,0.000250,1.570333,-0.300000,1.000000,1.100000,0.000000,0.000000,-1.571000,-0.299377,1.005043,0.594059,1.205257
7.662000,-0.000625,-0.005044,0.507328,-0.000834,-0.000151,0.692804,0.000115,0.000249,1.570335,-0.300000,1.000000,1.100000,0.000000,0.000000,-1.571000,-0.299375,1.005044,0.592672,1.204574
7.664000,-0.000627,-0.005044,0.508714,-0.000830,-0.000145,0.692670,0.000109,0.000248,1.570336,-0.300000,1.000000,1.100000,0.000000,0.000000,-1.571000,-0.299373,1.005044,0.591286,1.203892
7.666000,-0.000628,-0.005044,0.510101,-0.000827,-0.000140,0.692536,0.000103,0.000247,1.570337,-0.300000,1.000000,1.100000,0.000000,0.000000,-1.571000,-0.299372,1.005044,0.589899,1.203212
7.668000,-0.000630,-0.005045,0.511487,-0.000823,-0.000135,0.692402,0.000097,0.000246,1.570338,-0.300000,1.000000,1.100000,0.000000,0.000000,-1.571000,-0.299370,1.005045,0.588513,1.202532
7.670000,-0.000632,-0.005045,0.512873,-0.000819,-0.000129,0.692266,0.000091,0.000245,1.570339,-0.300000,1.000000,1.100000,0.000000,0.000000,-1.571000,-0.299368,1.005045,0.587127,1.201855
7.672000,-0.000633,-0.005045,0.514259,-0.000816,-0.000124,0.692129,0.000086,0.000244,1.570340,-0.300000,1.000000,1.100000,0.000000,0.000000,-1.571000,-0.299367,1.005045,0.585741,1.201178
7.674000,-0.000635,-0.005045,0.515644,-0.000813,-0.000119,0.691990,0.000080,0.000244,1.570340,-0.300000,1.000000,1.100000,0.000000,0.000000,-1.571000,-0.299365,1.005045,0.584356,1.200503
7.676000,-0.000637,-0.005046,0.517030,-0.000810,-0.000113,0.691849,0.000074,0.000244,1.570341,-0.300000,1.000000,1.100000,0.000000,0.000000,-1.571000,-0.299363,1.005046,0.582970,1.199829
7.678000,-0.000638,-0.005046,0.518414,-0.000807,-0.000108,0.691708,0.000068,0.000243,1.570342,-0.300000,1.000000,1.100000,0.000000,0.000000,-1.571000,-0.299362,1.005046,0.581586,1.199156
7.680000,-0.000640,-0.005046,0.519799,-0.000804,-0.000103,0.691567,0.000062,0.000243,1.570343,-0.300000,1.000000,1.100000,0.000000,0.000000,-1.571000,-0.299360,1.005046,0.580201,1.198485
7.682000,-0.000641,-0.005046,0.521183,-0.000801,-0.000098,0.691425,0.000056,0.000243,1.570344,-0.300000,1.000000,1.100000,0.000000,0.000000,-1.571000,-0.299359,1.005046,0.578817,1.197816
7.684000,-0.000643,-0.005046,0.522567,-0.000798,-0.000093,0.691284,0.000051,0.000243,1.570345,-0.300000,1.000000,1.100000,0.000000,0.000000,-1.571000,-0.299357,1.005046,0.577433,1.197147
7.686000,-0.000645,-0.005047,0.523951,-0.000796,-0.000087,0.691142,0.000045,0.000243,1.570346,-0.300000,1.000000,1.100000,0.000000,0.000000,-1.571000,-0.299355,1.005047,0.576049,1.196480
7.688000,-0.000646,-0.005047,0.525335,-0.000794,-0.000082,0.691001,0.000039,0.000243,1.570347,-0.300000,1.000000,1.100000,0.000000,0.000000,-1.571000,-0.299354,1.005047,0.574665,1.195814
7.690000,-0.000648,-0.005047,0.526718,-0.000791,-0.000077,0.690861,0.000034,0.000243,1.570348,-0.300000,1.000000,1.100000,0.000000,0.000000,-1.571000,-0.299352,1.005047,0.573282,1.195150
7.692000,-0.000649,-0.005047,0.528101,-0.000789,-0.000072,0.690721,0.000029,0.000243,1.570348,-0.300000,1.000000,1.100000,0.000000,0.000000,-1.571000,-0.299351,1.005047,0.571899,1.194487
7.694000,-0.000651,-0.005047,0.529483,-0.000787,-0.000067,0.690581,0.000023,0.000243,1.570349,-0.300000,1.000000,1.100000,0.000000,0.000000,-1.571000,-0.299349,1.005047,0.570517,1.193825
7.696000,-0.000652,-0.005047,0.530866,-0.000785,-0.000061,0.690443,0.000018,0.000243,1.570350,-0.300000,1.000000,1.100000,0.000000,0.000000,-1.571000,-0.299348,1.005047,0.569134,1.193165
7.698000,-0.000654,-0.005047,0.532248,-0.000783,-0.000056,0.690305,0.000013,0.000243,1.570351,-0.300000,1.000000,1.100000,0.000000,0.000000,-1.571000,-0.299346,1.005047,0.567752,1.192506
7.700000,-0.000656,-0.005047,0.533629,-0.000782,-0.000051,0.690167,0.000008,0.000243,1.570351,-0.300000,1.000000,1.100000,0.000000,0.000000,-1.571000,-0.299344,1.005047,0.566371,1.191849
7.702000,-0.000657,-0.005048,0.535011,-0.000780,-0.000046,0.690027,0.000004,0.000243,1.570352,-0.300000,1.000000,1.100000,0.000000,0.000000,-1.571000,-0.299343,1.005048,0.564989,1.191192
7.704000,-0.000659,-0.005048,0.536392,-0.000779,-0.000041,0.689886,-0.000001,0.000244,1.570353,-0.300000,1.000000,1.100000,0.000000,0.000000,-1.571000,-0.299341,1.005048,0.563608,1.190538
7.706000,-0.000660,-0.005048,0.537773,-0.000777,-0.000036,0.689744,-0.000005,0.000244,1.570353,-0.300000,1.000000,1.100000,0.000000,0.000000,-1.571000,-0.299340,1.005048,0.562227,1.189884
7.708000,-0.000662,-0.005048,0.539154,-0.000776,-0.000031,0.689601,-0.000009,0.000244,1.570354,-0.300000,1.000000,1.100000,0.000000,0.000000,-1.571000,-0.299338,1.005048,0.560846,1.189232
7.710000,-0.000663,-0.005048,0.540534,-0.000775,-0.000026,0.689459,-0.000013,0.000244,1.570355,-0.300000,1.000000,1.100000,0.000000,0.000000,-1.571000,-0.299337,1.005048,0.559466,1.188581
7.712000,-0.000665,-0.005048,0.541914,-0.000774,-0.000020,0.689316,-0.000017,0.000244,1.570355,-0.300000,1.000000,1.100000,0.000000,0.000000,-1.571000,-0.299335,1.005048,0.558086,1.187932
7.714000,-0.000666,-0.005048,0.543294,-0.000772,-0.000015,0.689173,-0.000021,0.000244,1.570356,-0.300000,1.000000,1.100000,0.000000,0.000000,-1.571000,-0.299334,1.005048,0.556706,1.187284
7.716000,-0.000668,-0.005048,0.544673,-0.000772,-0.000010,0.689031,-0.000024,0.000245,1.570356,-0.300000,1.000000,1.100000,0.000000,0.000000,-1.571000,-0.299332,1.005048,0.555327,1.186638
7.718000,-0.000670,-0.005048,0.546053,-0.000771,-0.000005,0.688889,-0.000027,0.000245,1.570357,-0.300000,1.000000,1.100000,0.000000,0.000000,-1.571000,-0.299330,1.005048,0.553947,1.185992
7.720000,-0.000671,-0.005048,0.547432,-0.000770,-0.000000,0.688748,-0.000030,0.000245,1.570357,-0.300000,1.000000,1.100000,0.000000,0.000000,-1.571000,-0.299329,1.005048,0.552568,1.185348
7.722000,-0.000673,-0.005048,0.548810,-0.000769,0.000005,0.688608,-0.000033,0.000245,1.570358,-0.300000,1.000000,1.100000,0.000000,0.000000,-1.571000,-0.299327,1.005048,0.551190,1.184706
7.724000,-0.000674,-0.005048,0.550189,-0.000768,0.000010,0.688469,-0.000036,0.000245,1.570358,-0.300000,1.000000,1.100000,0.000000,0.000000,-1.571000,-0.299326,1.005048,0.549811,1.184065
7.726000,-0.000676,-0.005048,0.551567,-0.000768,0.000015,0.688331,-0.000038,0.000245,1.570359,-0.300000,1.000000,1.100000,0.000000,0.000000,-1.571000,-0.299324,1.005048,0.548433,1.183425
7.728000,-0.000677,-0.005048,0.552945,-0.000767,0.000020,0.688193,-0.000040,0.000245,1.570359,-0.300000,1.000000,1.100000,0.000000,0.000000,-1.571000,-0.299323,1.005048,0.547055,1.182787
7.730000,-0.000679,-0.005048,0.554322,-0.000766,0.000025,0.688057,-0.000042,0.000245,1.570360,-0.300000,1.000000,1.100000,0.000000,0.000000,-1.571000,-0.299321,1.005048,0.545678,1.182150
7.732000,-0.000680,-0.005048,0.555700,-0.000766,0.000030,0.687923,-0.000044,0.000245,1.570360,-0.300000,1.000000,1.100000,0.000000,0.000000,-1.571000,-0.299320,1.005048,0.544300,1.181514
7.734000,-0.000682,-0.005048,0.557077,-0.000765,0.000035,0.687789,-0.000045,0.000245,1.570361,-0.300000,1.000000,1.100000,0.000000,0.000000,-1.571000,-0.299318,1.005048,0.542923,1.180880
7.736000,-0.000683,-0.005048,0.558453,-0.000765,0.000040,0.687656,-0.000046,0.000245,1.570361,-0.300000,1.000000,1.100000,0.000000,0.000000,-1.571000,-0.299317,1.005048,0.541547,1.180247
7.738000,-0.000685,-0.005048,0.559830,-0.000764,0.000045,0.687521,-0.000048,0.000245,1.570362,-0.300000,1.000000,1.100000,0.000000,0.000000,-1.571000,-0.299315,1.005048,0.540170,1.179616
7.740000,-0.000686,-0.005047,0.561206,-0.000764,0.000050,0.687384,-0.000049,0.000245,1.570362,-0.300000,1.000000,1.100000,0.000000,0.000000,-1.571000,-0.299314,1.005047,0.538794,1.178986
7.742000,-0.000688,-0.005047,0.562582,-0.000764,0.000055,0.687247,-0.000049,0.000245,1.570363,-0.300000,1.000000,1.100000,0.000000,0.000000,-1.571000,-0.299312,1.005047,0.537418,1.178357
7.744000,-0.000690,-0.005047,0.563958,-0.000763,0.000060,0.687110,-0.000050,0.000245,1.570363,-0.300000,1.000000,1.100000,0.000000,0.000000,-1.571000,-0.299310,1.005047,0.536042,1.177730
7.746000,-0.000691,-0.005047,0.565333,-0.000763,0.000065,0.686971,-0.000051,0.000245,1.570364,-0.300000,1.000000,1.100000,0.000000,0.000000,-1.571000,-0.299309,1.005047,0.534667,1.177104
7.748000,-0.000693,-0.005047,0.566708,-0.000762,0.000070,0.686833,-0.000051,0.000245,1.570364,-0.300000,1.000000,1.100000,0.000000,0.000000,-1.571000,-0.299307,1.005047,0.533292,1.176480
7.750000,-0.000694,-0.005047,0.568083,-0.000762,0.000075,0.686694,-0.000051,0.000244,1.570365,-0.300000,1.000000,1.100000,0.000000,0.000000,-1.571000,-0.299306,1.005047,0.531917,1.175857
7.752000,-0.000696,-0.005047,0.569457,-0.000762,0.000080,0.686556,-0.000052,0.000244,1.570365,-0.300000,1.000000,1.100000,0.000000,0.000000,-1.571000,-0.299304,1.005047,0.530543,1.175235
7.754000,-0.000697,-0.005046,0.570832,-0.000761,0.000085,0.686418,-0.000052,0.000244,1.570365,-0.300000,1.000000,1.100000,0.000000,0.000000,-1.571000,-0.299303,1.005046,0.529168,1.174615
7.756000,-0.000699,-0.005046,0.572206,-0.000761,0.000090,0.686281,-0.000052,0.000244,1.570366,-0.300000,1.000000,1.100000,0.000000,0.000000,-1.571000,-0.299301,1.005046,0.527794,1.173996
7.758000,-0.000700,-0.005046,0.573579,-0.000761,0.000095,0.686144,-0.000051,0.000243,1.570366,-0.300000,1.000000,1.100000,0.000000,0.000000,-1.571000,-0.299300,1.005046,0.526421,1.173378
7.760000,-0.000702,-0.005046,0.574953,-0.000760,0.000099,0.686008,-0.000051,0.000243,1.570367,-0.300000,1.000000,1.100000,0.000000,0.000000,-1.571000,-0.299298,1.005046,0.525047,1.172762
7.762000,-0.000703,-0.005046,0.576326,-0.000760,0.000104,0.685873,-0.000051,0.000243,1.570367,-0.300000,1.000000,1.100000,0.000000,0.000000,-1.571000,-0.299297,1.005046,0.523674,1.172148
7.764000,-0.000705,-0.005045,0.577699,-0.000760,0.000109,0.685738,-0.000050,0.000242,1.570368,-0.300000,1.000000,1.100000,0.000000,0.000000,-1.571000,-0.299295,1.005045,0.522301,1.171534
7.766000,-0.000706,-0.005045,0.579072,-0.000759,0.000114,0.685605,-0.000050,0.000242,1.570368,-0.300000,1.000000,1.100000,0.000000,0.000000,-1.571000,-0.299294,1.005045,0.520928,1.170922
7.768000,-0.000708,-0.005045,0.580444,-0.000759,0.000119,0.685472,-0.000049,0.000242,1.570368,-0.300000,1.000000,1.100000,0.000000,0.000000,-1.571000,-0.299292,1.005045,0.519556,1.170312
7.770000,-0.000709,-0.005045,0.581816,-0.000758,0.000124,0.685340,-0.000048,0.000241,1.570369,-0.300000,1.000000,1.100000,0.000000,0.000000,-1.571000,-0.299291,1.005045,0.518184,1.169703
7.772000,-0.000711,-0.005045,0.583188,-0.000758,0.000128,0.685210,-0.000047,0.000241,1.570369,-0.300000,1.000000,1.100000,0.000000,0.000000,-1.571000,-0.299289,1.005045,0.516812,1.169095
7.774000,-0.000712,-0.005044,0.584560,-0.000758,0.000133,0.685080,-0.000047,0.000240,1.570370,-0.300000,1.000000,1.100000,0.000000,0.000000,-1.571000,-0.299288,1.005044,0.515440,1.168489
7.776000,-0.000714,-0.005044,0.585931,-0.000757,0.000138,0.684952,-0.000046,0.000240,1.570370,-0.300000,1.000000,1.100000,0.000000,0.000000,-1.571000,-0.299286,1.005044,0.514069,1.167884
7.778000,-0.000715,-0.005044,0.587302,-0.000757,0.000142,0.684824,-0.000045,0.000240,1.570371,-0.300000,1.000000,1.100000,0.000000,0.000000,-1.571000,-0.299285,1.005044,0.512698,1.167280
7.780000,-0.000717,-0.005043,0.588673,-0.000756,0.000147,0.684694,-0.000044,0.000240,1.570371,-0.300000,1.000000,1.100000,0.000000,0.000000,-1.571000,-0.299283,1.005043,0.511327,1.166678
7.782000,-0.000718,-0.005043,0.590043,-0.000756,0.000152,0.684563,-0.000043,0.000239,1.570371,-0.300000,1.000000,1.100000,0.000000,0.000000,-1.571000,-0.299282,1.005043,0.509957,1.166078
7.784000,-0.000720,-0.005043,0.591414,-0.000755,0.000157,0.684430,-0.000042,0.000239,1.570372,-0.300000,1.000000,1.100000,0.000000,0.000000,-1.571000,-0.299280,1.005043,0.508586,1.165478
7.786000,-0.000721,-0.005042,0.592784,-0.000755,0.000161,0.684297,-0.000041,0.000239,1.570372,-0.300000,1.000000,1.100000,0.000000,0.000000,-1.571000,-0.299279,1.005042,0.507216,1.164880
7.788000,-0.000723,-0.005042,0.594154,-0.000754,0.000166,0.684164,-0.000040,0.000239,1.570372,-0.300000,1.000000,1.100000,0.000000,0.000000,-1.571000,-0.299277,1.005042,0.505846,1.164284
7.790000,-0.000724,-0.005042,0.595523,-0.000754,0.000170,0.684030,-0.000039,0.000239,1.570373,-0.300000,1.000000,1.100000,0.000000,0.000000,-1.571000,-0.299276,1.005042,0.504477,1.163689
7.792000,-0.000726,-0.005041,0.596892,-0.000753,0.000175,0.683897,-0.000038,0.000238,1.570373,-0.300000,1.000000,1.100000,0.000000,0.000000,-1.571000,-0.299274,1.005041,0.503108,1.163095
7.794000,-0.000727,-0.005041,0.598261,-0.000752,0.000180,0.683763,-0.000037,0.000238,1.570373,-0.300000,1.000000,1.100000,0.000000,0.000000,-1.571000,-0.299273,1.005041,0.501739,1.162503
7.796000,-0.000729,-0.005041,0.599630,-0.000752,0.000184,0.683630,-0.000035,0.000238,1.570373,-0.300000,1.000000,1.100000,0.000000,0.000000,-1.571000,-0.299271,1.005041,0.500370,1.161912
7.798000,-0.000730,-0.005040,0.600998,-0.000751,0.000189,0.683497,-0.000034,0.000238,1.570373,-0.300000,1.000000,1.100000,0.000000,0.000000,-1.571000,-0.299270,1.005040,0.499002,1.161323
7.800000,-0.000732,-0.005040,0.602367,-0.000750,0.000193,0.683365,-0.000033,0.000238,1.570373,-0.300000,1.000000,1.100000,0.000000,0.000000,-1.571000,-0.299268,1.005040,0.497633,1.160735
7.802000,-0.000733,-0.005040,0.603734,-0.000750,0.000198,0.683234,-0.000032,0.000238,1.570373,-0.300000,1.000000,1.100000,0.000000,0.000000,-1.571000,-0.299267,1.005040,0.496266,1.160149
7.804000,-0.000735,-0.005039,0.605102,-0.000749,0.000203,0.683103,-0.000031,0.000237,1.570373,-0.300000,1.000000,1.100000,0.000000,0.000000,-1.571000,-0.299265,1.005039,0.494898,1.159563
7.806000,-0.000736,-0.005039,0.606469,-0.000748,0.000207,0.682973,-0.000029,0.000237,1.570373,-0.300000,1.000000,1.100000,0.000000,0.000000,-1.571000,-0.299264,1.005039,0.493531,1.158980
7.808000,-0.000738,-0.005038,0.607837,-0.000747,0.000212,0.682844,-0.000028,0.000236,1.570373,-0.300000,1.000000,1.100000,0.000000,0.000000,-1.571000,-0.299262,1.005038,0.492163,1.158397
7.810000,-0.000739,-0.005038,0.609203,-0.000747,0.000216,0.682717,-0.000027,0.000236,1.570373,-0.300000,1.000000,1.100000,0.000000,0.000000,-1.571000,-0.299261,1.005038,0.490797,1.157817
7.812000,-0.000741,-0.005037,0.610570,-0.000746,0.000221,0.682590,-0.000026,0.000235,1.570372,-0.300000,1.000000,1.100000,0.000000,0.000000,-1.571000,-0.299259,1.005037,0.489430,1.157237
7.814000,-0.000742,-0.005037,0.611936,-0.000745,0.000225,0.682465,-0.000024,0.000234,1.570372,-0.300000,1.000000,1.100000,0.000000,0.000000,-1.571000,-0.299258,1.005037,0.488064,1.156659
7.816000,-0.000744,-0.005037,0.613303,-0.000744,0.000230,0.682340,-0.000023,0.000233,1.570371,-0.300000,1.000000,1.100000,0.000000,0.000000,-1.571000,-0.299256,1.005037,0.486697,1.156083
7.818000,-0.000745,-0.005036,0.614668,-0.000743,0.000234,0.682217,-0.000022,0.000232,1.570371,-0.300000,1.000000,1.100000,0.000000,0.000000,-1.571000,-0.299255,1.005036,0.485332,1.155508
7.820000,-0.000747,-0.005036,0.616034,-0.000742,0.000238,0.682096,-0.000021,0.000231,1.570370,-0.300000,1.000000,1.100000,0.000000,0.000000,-1.571000,-0.299253,1.005036,0.483966,1.154934
7.822000,-0.000748,-0.005035,0.617399,-0.000741,0.000243,0.681975,-0.000019,0.000230,1.570370,-0.300000,1.000000,1.100000,0.000000,0.000000,-1.571000,-0.299252,1.005035,0.482601,1.154362
7.824000,-0.000750,-0.005035,0.618764,-0.000740,0.000247,0.681856,-0.000018,0.000228,1.570369,-0.300000,1.000000,1.100000,0.000000,0.000000,-1.571000,-0.299250,1.005035,0.481236,1.153791
7.826000,-0.000751,-0.005034,0.620129,-0.000739,0.000251,0.681738,-0.000017,0.000226,1.570368,-0.300000,1.000000,1.100000,0.000000,0.000000,-1.571000,-0.299249,1.005034,0.479871,1.153221
7.828000,-0.000753,-0.005034,0.621494,-0.000738,0.000255,0.681619,-0.000016,0.000224,1.570368,-0.300000,1.000000,1.100000,0.000000,0.000000,-1.571000,-0.299247,1.005034,0.478506,1.152653
7.830000,-0.000754,-0.005033,0.622858,-0.000737,0.000260,0.681499,-0.000014,0.000222,1.570367,-0.300000,1.000000,1.100000,0.000000,0.000000,-1.571000,-0.299246,1.005033,0.477142,1.152087
7.832000,-0.000756,-0.005033,0.624223,-0.000736,0.000264,0.681379,-0.000013,0.000220,1.570366,-0.300000,1.000000,1.100000,0.000000,0.000000,-1.571000,-0.299244,1.005033,0.475777,1.151521
7.834000,-0.000757,-0.005032,0.625587,-0.000735,0.000268,0.681257,-0.000012,0.000218,1.570365,-0.300000,1.000000,1.100000,0.000000,0.000000,-1.571000,-0.299243,1.005032,0.474413,1.150958
7.836000,-0.000759,-0.005032,0.626950,-0.000734,0.000272,0.681135,-0.000010,0.000215,1.570364,-0.300000,1.000000,1.100000,0.000000,0.000000,-1.571000,-0.299241,1.005032,0.473050,1.150395
7.838000,-0.000760,-0.005031,0.628314,-0.000733,0.000276,0.681012,-0.000009,0.000212,1.570363,-0.300000,1.000000,1.100000,0.000000,0.000000,-1.571000,-0.299240,1.005031,0.471686,1.149835
7.840000,-0.000762,-0.005030,0.629677,-0.000732,0.000280,0.680890,-0.000008,0.000210,1.570362,-0.300000,1.000000,1.100000,0.000000,0.000000,-1.571000,-0.299238,1.005030,0.470323,1.149275
7.842000,-0.000763,-0.005030,0.631040,-0.000730,0.000283,0.680767,-0.000006,0.000206,1.570361,-0.300000,1.000000,1.100000,0.000000,0.000000,-1.571000,-0.299237,1.005030,0.468960,1.148717
7.844000,-0.000765,-0.005029,0.632403,-0.000729,0.000287,0.680644,-0.000005,0.000203,1.570360,-0.300000,1.000000,1.100000,0.000000,0.000000,-1.571000,-0.299235,1.005029,0.467597,1.148161
7.846000,-0.000766,-0.005029,0.633765,-0.000728,0.000291,0.680521,-0.000004,0.000200,1.570359,-0.300000,1.000000,1.100000,0.000000,0.000000,-1.571000,-0.299234,1.005029,0.466235,1.147606
7.848000,-0.000768,-0.005028,0.635127,-0.000727,0.000294,0.680399,-0.000002,0.000196,1.570358,-0.300000,1.000000,1.100000,0.000000,0.000000,-1.571000,-0.299232,1.005028,0.464873,1.147052
7.850000,-0.000769,-0.005028,0.636489,-0.000725,0.000298,0.680277,-0.000001,0.000193,1.570357,-0.300000,1.000000,1.100000,0.000000,0.000000,-1.571000,-0.299231,1.005028,0.463511,1.146500
7.852000,-0.000770,-0.005027,0.637851,-0.000724,0.000301,0.680156,0.000000,0.000189,1.570356,-0.300000,1.000000,1.100000,0.000000,0.000000,-1.571000,-0.299230,1.005027,0.462149,1.145949
7.854000,-0.000772,-0.005026,0.639213,-0.000723,0.000305,0.680035,0.000002,0.000185,1.570355,-0.300000,1.000000,1.100000,0.000000,0.000000,-1.571000,-0.299228,1.005026,0.460787,1.145400
7.856000,-0.000773,-0.005026,0.640574,-0.000721,0.000308,0.679915,0.000003,0.000181,1.570353,-0.300000,1.000000,1.100000,0.000000,0.000000,-1.571000,-0.299227,1.005026,0.459426,1.144852
7.858000,-0.000775,-0.005025,0.641935,-0.000720,0.000311,0.679796,0.000004,0.000177,1.570352,-0.300000,1.000000,1.100000,0.000000,0.000000,-1.571000,-0.299225,1.005025,0.458065,1.144305
7.860000,-0.000776,-0.005024,0.643296,-0.000718,0.000314,0.679678,0.000006,0.000173,1.570351,-0.300000,1.000000,1.100000,0.000000,0.000000,-1.571000,-0.299224,1.005024,0.456704,1.143760
7.862000,-0.000778,-0.005024,0.644656,-0.000717,0.000317,0.679561,0.000007,0.000168,1.570350,-0.300000,1.000000,1.100000,0.000000,0.000000,-1.571000,-0.299222,1.005024,0.455344,1.143217
7.864000,-0.000779,-0.005023,0.646016,-0.000715,0.000320,0.679445,0.000008,0.000164,1.570349,-0.300000,1.000000,1.100000,0.000000,0.000000,-1.571000,-0.299221,1.005023,0.453984,1.142675
7.866000,-0.000780,-0.005023,0.647376,-0.000714,0.000323,0.679330,0.000010,0.000159,1.570347,-0.300000,1.000000,1.100000,0.000000,0.000000,-1.571000,-0.299220,1.005023,0.452624,1.142134
7.868000,-0.000782,-0.005022,0.648736,-0.000712,0.000325,0.679217,0.000011,0.000155,1.570346,-0.300000,1.000000,1.100000,0.000000,0.000000,-1.571000,-0.299218,1.005022,0.451264,1.141595
7.870000,-0.000783,-0.005021,0.650096,-0.000711,0.000328,0.679105,0.000012,0.000150,1.570345,-0.300000,1.000000,1.100000,0.000000,0.000000,-1.571000,-0.299217,1.005021,0.449904,1.141057
7.872000,-0.000785,-0.005021,0.651455,-0.000709,0.000330,0.678995,0.000014,0.000146,1.570344,-0.300000,1.000000,1.100000,0.000000,0.000000,-1.571000,-0.299215,1.005021,0.448545,1.140521
7.874000,-0.000786,-0.005020,0.652815,-0.000708,0.000333,0.678887,0.000015,0.000141,1.570343,-0.300000,1.000000,1.100000,0.000000,0.000000,-1.571000,-0.299214,1.005020,0.447185,1.139986
7.876000,-0.000788,-0.005019,0.654174,-0.000706,0.000335,0.678780,0.000016,0.000136,1.570342,-0.300000,1.000000,1.100000,0.000000,0.000000,-1.571000,-0.299212,1.005019,0.445826,1.139453
7.878000,-0.000789,-0.005019,0.655532,-0.000704,0.000337,0.678675,0.000018,0.000132,1.570340,-0.300000,1.000000,1.100000,0.000000,0.000000,-1.571000,-0.299211,1.005019,0.444468,1.138921
7.880000,-0.000790,-0.005018,0.656891,-0.000703,0.000339,0.678572,0.000019,0.000127,1.570339,-0.300000,1.000000,1.100000,0.000000,0.000000,-1.571000,-0.299210,1.005018,0.443109,1.138391
7.882000,-0.000792,-0.005017,0.658249,-0.000701,0.000341,0.678470,0.000020,0.000122,1.570338,-0.300000,1.000000,1.100000,0.000000,0.000000,-1.571000,-0.299208,1.005017,0.441751,1.137862
7.884000,-0.000793,-0.005017,0.659607,-0.000699,0.000343,0.678371,0.000022,0.000117,1.570337,-0.300000,1.000000,1.100000,0.000000,0.000000,-1.571000,-0.299207,1.005017,0.440393,1.137334
7.886000,-0.000795,-0.005016,0.660965,-0.000698,0.000345,0.678272,0.000023,0.000113,1.570336,-0.300000,1.000000,1.100000,0.000000,0.000000,-1.571000,-0.299205,1.005016,0.439035,1.136808
7.888000,-0.000796,-0.005015,0.662323,-0.000696,0.000347,0.678176,0.000024,0.000108,1.570335,-0.300000,1.000000,1.100000,0.000000,0.000000,-1.571000,-0.299204,1.005015,0.437677,1.136283
7.890000,-0.000797,-0.005014,0.663681,-0.000694,0.000348,0.678080,0.000026,0.000103,1.570334,-0.300000,1.000000,1.100000,0.000000,0.000000,-1.571000,-0.299203,1.005014,0.436319,1.135760
7.892000,-0.000799,-0.005014,0.665038,-0.000692,0.000350,0.677985,0.000027,0.000099,1.570333,-0.300000,1.000000,1.100000,0.000000,0.000000,-1.571000,-0.299201,1.005014,0.434962,1.135238
7.894000,-0.000800,-0.005013,0.666395,-0.000690,0.000351,0.677888,0.000028,0.000094,1.570332,-0.300000,1.000000,1.100000,0.000000,0.000000,-1.571000,-0.299200,1.005013,0.433605,1.134718
7.896000,-0.000802,-0.005012,0.667752,-0.000688,0.000352,0.677790,0.000030,0.000089,1.570331,-0.300000,1.000000,1.100000,0.000000,0.000000,-1.571000,-0.299198,1.005012,0.432248,1.134199
7.898000,-0.000803,-0.005012,0.669109,-0.000687,0.000353,0.677692,0.000031,0.000085,1.570330,-0.300000,1.000000,1.100000,0.000000,0.000000,-1.571000,-0.299197,1.005012,0.430891,1.133682
7.900000,-0.000804,-0.005011,0.670466,-0.000685,0.000355,0.677593,0.000032,0.000080,1.570329,-0.300000,1.000000,1.100000,0.000000,0.000000,-1.571000,-0.299196,1.005011,0.429534,1.133166
7.902000,-0.000806,-0.005010,0.671822,-0.000683,0.000356,0.677493,0.000034,0.000076,1.570328,-0.300000,1.000000,1.100000,0.000000,0.000000,-1.571000,-0.299194,1.005010,0.428178,1.132651
7.904000,-0.000807,-0.005009,0.673178,-0.000681,0.000356,0.677393,0.000035,0.000072,1.570327,-0.300000,1.000000,1.100000,0.000000,0.000000,-1.571000,-0.299193,1.005009,0.426822,1.132138
7.906000,-0.000808,-0.005009,0.674534,-0.000679,0.000357,0.677293,0.000036,0.000068,1.570327,-0.300000,1.000000,1.100000,0.000000,0.000000,-1.571000,-0.299192,1.005009,0.425466,1.131627
7.908000,-0.000810,-0.005008,0.675890,-0.000677,0.000358,0.677192,0.000037,0.000064,1.570326,-0.300000,1.000000,1.100000,0.000000,0.000000,-1.571000,-0.299190,1.005008,0.424110,1.131117
7.910000,-0.000811,-0.005007,0.677245,-0.000675,0.000359,0.677092,0.000038,0.000060,1.570325,-0.300000,1.000000,1.100000,0.000000,0.000000,-1.571000,-0.299189,1.005007,0.422755,1.130608
7.912000,-0.000812,-0.005007,0.678601,-0.000673,0.000359,0.676993,0.000039,0.000056,1.570324,-0.300000,1.000000,1.100000,0.000000,0.000000,-1.571000,-0.299188,1.005007,0.421399,1.130101
7.914000,-0.000814,-0.005006,0.679956,-0.000671,0.000360,0.676894,0.000040,0.000052,1.570324,-0.300000,1.000000,1.100000,0.000000,0.000000,-1.571000,-0.299186,1.005006,0.420044,1.129596
7.916000,-0.000815,-0.005005,0.681311,-0.000668,0.000360,0.676795,0.000041,0.000049,1.570323,-0.300000,1.000000,1.100000,0.000000,0.000000,-1.571000,-0.299185,1.005005,0.418689,1.129091
7.918000,-0.000816,-0.005004,0.682666,-0.000666,0.000360,0.676698,0.000042,0.000045,1.570322,-0.300000,1.000000,1.100000,0.000000,0.000000,-1.571000,-0.299184,1.005004,0.417334,1.128589
7.920000,-0.000818,-0.005004,0.684020,-0.000664,0.000361,0.676600,0.000042,0.000042,1.570321,-0.300000,1.000000,1.100000,0.000000,0.000000,-1.571000,-0.299182,1.005004,0.415980,1.128088
7.922000,-0.000819,-0.005003,0.685375,-0.000662,0.000361,0.676504,0.000043,0.000039,1.570321,-0.300000,1.000000,1.100000,0.000000,0.000000,-1.571000,-0.299181,1.005003,0.414625,1.127588
7.924000,-0.000820,-0.005002,0.686729,-0.000660,0.000361,0.676408,0.000043,0.000036,1.570320,-0.300000,1.000000,1.100000,0.000000,0.000000,-1.571000,-0.299180,1.005002,0.413271,1.127090
7.926000,-0.000822,-0.005002,0.688083,-0.000658,0.000361,0.676314,0.000043,0.000033,1.570319,-0.300000,1.000000,1.100000,0.000000,0.000000,-1.571000,-0.299178,1.005002,0.411917,1.126593
7.928000,-0.000823,-0.005001,0.689437,-0.000656,0.000361,0.676220,0.000044,0.000030,1.570319,-0.300000,1.000000,1.100000,0.000000,0.000000,-1.571000,-0.299177,1.005001,0.410563,1.126097
7.930000,-0.000824,-0.005000,0.690791,-0.000654,0.000361,0.676128,0.000044,0.000027,1.570318,-0.300000,1.000000,1.100000,0.000000,0.000000,-1.571000,-0.299176,1.005000,0.409209,1.125604
7.932000,-0.000826,-0.004999,0.692144,-0.000652,0.000361,0.676036,0.000044,0.000025,1.570318,-0.300000,1.000000,1.100000,0.000000,0.000000,-1.571000,-0.299174,1.004999,0.407856,1.125111
7.934000,-0.000827,-0.004999,0.693497,-0.000649,0.000361,0.675946,0.000043,0.000022,1.570317,-0.300000,1.000000,1.100000,0.000000,0.000000,-1.571000,-0.299173,1.004999,0.406503,1.124620
7.936000,-0.000828,-0.004998,0.694850,-0.000647,0.000360,0.675856,0.000043,0.000020,1.570316,-0.300000,1.000000,1.100000,0.000000,0.000000,-1.571000,-0.299172,1.004998,0.405150,1.124131
7.938000,-0.000830,-0.004997,0.696203,-0.000645,0.000360,0.675768,0.000043,0.000018,1.570316,-0.300000,1.000000,1.100000,0.000000,0.000000,-1.571000,-0.299170,1.004997,0.403797,1.123643
7.940000,-0.000831,-0.004997,0.697556,-0.000643,0.000360,0.675680,0.000042,0.000016,1.570315,-0.300000,1.000000,1.100000,0.000000,0.000000,-1.571000,-0.299169,1.004997,0.402444,1.123157
7.942000,-0.000832,-0.004996,0.698909,-0.000641,0.000359,0.675594,0.000042,0.000014,1.570314,-0.300000,1.000000,1.100000,0.000000,0.000000,-1.571000,-0.299168,1.004996,0.401091,1.122672
7.944000,-0.000833,-0.004995,0.700261,-0.000639,0.000359,0.675508,0.000042,0.000012,1.570314,-0.300000,1.000000,1.100000,0.000000,0.000000,-1.571000,-0.299167,1.004995,0.399739,1.122188
7.946000,-0.000835,-0.004994,0.701613,-0.000637,0.000359,0.675424,0.000041,0.000010,1.570313,-0.300000,1.000000,1.100000,0.000000,0.000000,-1.571000,-0.299165,1.004994,0.398387,1.121706
7.948000,-0.000836,-0.004994,0.702965,-0.000635,0.000358,0.675340,0.000041,0.000009,1.570313,-0.300000,1.000000,1.100000,0.000000,0.000000,-1.571000,-0.299164,1.004994,0.397035,1.121226
7.950000,-0.000837,-0.004993,0.704317,-0.000633,0.000358,0.675259,0.000040,0.000007,1.570312,-0.300000,1.000000,1.100000,0.000000,0.000000,-1.571000,-0.299163,1.004993,0.395683,1.120747
7.952000,-0.000839,-0.004992,0.705669,-0.000631,0.000357,0.675178,0.000039,0.000005,1.570311,-0.300000,1.000000,1.100000,0.000000,0.000000,-1.571000,-0.299161,1.004992,0.394331,1.120270
7.954000,-0.000840,-0.004992,0.707021,-0.000629,0.000357,0.675098,0.000039,0.000004,1.570311,-0.300000,1.000000,1.100000,0.000000,0.000000,-1.571000,-0.299160,1.004992,0.392979,1.119793
7.956000,-0.000841,-0.004991,0.708372,-0.000627,0.000356,0.675020,0.000038,0.000003,1.570310,-0.300000,1.000000,1.100000,0.000000,0.000000,-1.571000,-0.299159,1.004991,0.391628,1.119319
7.958000,-0.000842,-0.004990,0.709723,-0.000625,0.000355,0.674944,0.000037,0.000001,1.570310,-0.300000,1.000000,1.100000,0.000000,0.000000,-1.571000,-0.299158,1.004990,0.390277,1.118846
7.960000,-0.000844,-0.004989,0.711075,-0.000623,0.000355,0.674868,0.000036,0.000000,1.570309,-0.300000,1.000000,1.100000,0.000000,0.000000,-1.571000,-0.299156,1.004989,0.388925,1.118374
7.962000,-0.000845,-0.004989,0.712426,-0.000621,0.000354,0.674794,0.000036,-0.000001,1.570309,-0.300000,1.000000,1.100000,0.000000,0.000000,-1.571000,-0.299155,1.004989,0.387574,1.117904
7.964000,-0.000846,-0.004988,0.713776,-0.000619,0.000353,0.674722,0.000035,-0.000002,1.570308,-0.300000,1.000000,1.100000,0.000000,0.000000,-1.571000,-0.299154,1.004988,0.386224,1.117436
7.966000,-0.000847,-0.004987,0.715127,-0.000617,0.000353,0.674650,0.000034,-0.000003,1.570308,-0.300000,1.000000,1.100000,0.000000,0.000000,-1.571000,-0.299153,1.004987,0.384873,1.116969
7.968000,-0.000848,-0.004987,0.716478,-0.000616,0.000352,0.674581,0.000033,-0.000004,1.570307,-0.300000,1.000000,1.100000,0.000000,0.000000,-1.571000,-0.299152,1.004987,0.383522,1.116503
7.970000,-0.000850,-0.004986,0.717828,-0.000614,0.000351,0.674512,0.000032,-0.000005,1.570307,-0.300000,1.000000,1.100000,0.000000,0.000000,-1.571000,-0.299150,1.004986,0.382172,1.116039
7.972000,-0.000851,-0.004985,0.719178,-0.000612,0.000351,0.674445,0.000032,-0.000005,1.570306,-0.300000,1.000000,1.100000,0.000000,0.000000,-1.571000,-0.299149,1.004985,0.380822,1.115576
7.974000,-0.000852,-0.004984,0.720528,-0.000610,0.000350,0.674380,0.000031,-0.000006,1.570306,-0.300000,1.000000,1.100000,0.000000,0.000000,-1.571000,-0.299148,1.004984,0.379472,1.115115
7.976000,-0.000853,-0.004984,0.721878,-0.000608,0.000349,0.674315,0.000030,-0.000006,1.570306,-0.300000,1.000000,1.100000,0.000000,0.000000,-1.571000,-0.299147,1.004984,0.378122,1.114656
7.978000,-0.000855,-0.004983,0.723228,-0.000607,0.000348,0.674251,0.000029,-0.000007,1.570305,-0.300000,1.000000,1.100000,0.000000,0.000000,-1.571000,-0.299145,1.004983,0.376772,1.114197
7.980000,-0.000856,-0.004982,0.724578,-0.000605,0.000347,0.674185,0.000028,-0.000007,1.570305,-0.300000,1.000000,1.100000,0.000000,0.000000,-1.571000,-0.299144,1.004982,0.375422,1.113741
7.982000,-0.000857,-0.004982,0.725928,-0.000603,0.000347,0.674119,0.000027,-0.000007,1.570305,-0.300000,1.000000,1.100000,0.000000,0.000000,-1.571000,-0.299143,1.004982,0.374072,1.113286
7.984000,-0.000858,-0.004981,0.727277,-0.000601,0.000346,0.674051,0.000026,-0.000007,1.570304,-0.300000,1.000000,1.100000,0.000000,0.000000,-1.571000,-0.299142,1.004981,0.372723,1.112832
7.986000,-0.000859,-0.004980,0.728627,-0.000600,0.000345,0.673983,0.000025,-0.000008,1.570304,-0.300000,1.000000,1.100000,0.000000,0.000000,-1.571000,-0.299141,1.004980,0.371373,1.112380
7.988000,-0.000861,-0.004980,0.729976,-0.000598,0.000344,0.673914,0.000024,-0.000007,1.570304,-0.300000,1.000000,1.100000,0.000000,0.000000,-1.571000,-0.299139,1.004980,0.370024,1.111929
7.990000,-0.000862,-0.004979,0.731325,-0.000597,0.000343,0.673845,0.000024,-0.000007,1.570304,-0.300000,1.000000,1.100000,0.000000,0.000000,-1.571000,-0.299138,1.004979,0.368675,1.111480
7.992000,-0.000863,-0.004978,0.732674,-0.000595,0.000343,0.673776,0.000023,-0.000007,1.570304,-0.300000,1.000000,1.100000,0.000000,0.000000,-1.571000,-0.299137,1.004978,0.367326,1.111032
7.994000,-0.000864,-0.004978,0.734023,-0.000593,0.000342,0.673708,0.000022,-0.000007,1.570304,-0.300000,1.000000,1.100000,0.000000,0.000000,-1.571000,-0.299136,1.004978,0.365977,1.110586
7.996000,-0.000865,-0.004977,0.735371,-0.000592,0.000341,0.673639,0.000021,-0.000006,1.570303,-0.300000,1.000000,1.100000,0.000000,0.000000,-1.571000,-0.299135,1.004977,0.364629,1.110141
7.998000,-0.000867,-0.004976,0.736720,-0.000590,0.000340,0.673571,0.000020,-0.000006,1.570303,-0.300000,1.000000,1.100000,0.000000,0.000000,-1.571000,-0.299133,1.004976,0.363280,1.109698
8.000000,-0.000868,-0.004975,0.738068,-0.000589,0.000340,0.673504,0.000019,-0.000005,1.570303,-0.300000,1.000000,1.100000,0.000000,0.000000,-1.571000,-0.299132,1.004975,0.361932,1.109257
8.002000,-0.000869,-0.004975,0.739416,-0.000587,0.000339,0.673437,0.000018,-0.000005,1.570303,-0.300000,1.000000,1.100000,0.000000,0.000000,-1.571000,-0.299131,1.004975,0.360584,1.108817
8.004000,-0.000870,-0.004974,0.740765,-0.000586,0.000338,0.673371,0.000017,-0.000004,1.570303,-0.300000,1.000000,1.100000,0.000000,0.000000,-1.571000,-0.299130,1.004974,0.359235,1.108378
8.006000,-0.000871,-0.004973,0.742113,-0.000584,0.000337,0.673306,0.000016,-0.000003,1.570303,-0.300000,1.000000,1.100000,0.000000,0.000000,-1.571000,-0.299129,1.004973,0.357887,1.107941
8.008000,-0.000872,-0.004973,0.743460,-0.000583,0.000337,0.673242,0.000015,-0.000003,1.570303,-0.300000,1.000000,1.100000,0.000000,0.000000,-1.571000,-0.299128,1.004973,0.356540,1.107505
8.010000,-0.000874,-0.004972,0.744808,-0.000582,0.000336,0.673179,0.000014,-0.000002,1.570303,-0.300000,1.000000,1.100000,0.000000,0.000000,-1.571000,-0.299126,1.004972,0.355192,1.107071
8.012000,-0.000875,-0.004971,0.746156,-0.000580,0.000335,0.673118,0.000013,-0.000001,1.570303,-0.300000,1.000000,1.100000,0.000000,0.000000,-1.571000,-0.299125,1.004971,0.353844,1.106639
8.014000,-0.000876,-0.004971,0.747503,-0.000579,0.000335,0.673057,0.000012,0.000000,1.570304,-0.300000,1.000000,1.100000,0.000000,0.000000,-1.571000,-0.299124,1.004971,0.352497,1.106208
8.016000,-0.000877,-0.004970,0.748851,-0.000578,0.000334,0.672997,0.000011,0.000001,1.570304,-0.300000,1.000000,1.100000,0.000000,0.000000,-1.571000,-0.299123,1.004970,0.351149,1.105778
8.018000,-0.000878,-0.004969,0.750198,-0.000576,0.000334,0.672939,0.000010,0.000002,1.570304,-0.300000,1.000000,1.100000,0.000000,0.000000,-1.571000,-0.299122,1.004969,0.349802,1.105350
8.020000,-0.000879,-0.004969,0.751545,-0.000575,0.000333,0.672881,0.000009,0.000003,1.570304,-0.300000,1.000000,1.100000,0.000000,0.000000,-1.571000,-0.299121,1.004969,0.348455,1.104924
8.022000,-0.000881,-0.004968,0.752892,-0.000574,0.000332,0.672825,0.000008,0.000004,1.570304,-0.300000,1.000000,1.100000,0.000000,0.000000,-1.571000,-0.299119,1.004968,0.347108,1.104499
8.024000,-0.000882,-0.004967,0.754239,-0.000573,0.000332,0.672769,0.000007,0.000005,1.570304,-0.300000,1.000000,1.100000,0.000000,0.000000,-1.571000,-0.299118,1.004967,0.345761,1.104075
8.026000,-0.000883,-0.004967,0.755586,-0.000571,0.000331,0.672715,0.000006,0.000006,1.570304,-0.300000,1.000000,1.100000,0.000000,0.000000,-1.571000,-0.299117,1.004967,0.344414,1.103653
8.028000,-0.000884,-0.004966,0.756932,-0.000570,0.000331,0.672662,0.000005,0.000007,1.570304,-0.300000,1.000000,1.100000,0.000000,0.000000,-1.571000,-0.299116,1.004966,0.343068,1.103233
8.030000,-0.000885,-0.004965,0.758279,-0.000569,0.000330,0.672610,0.000004,0.000008,1.570304,-0.300000,1.000000,1.100000,0.000000,0.000000,-1.571000,-0.299115,1.004965,0.341721,1.102814
8.032000,-0.000886,-0.004965,0.759625,-0.000568,0.000330,0.672560,0.000003,0.000008,1.570304,-0.300000,1.000000,1.100000,0.000000,0.000000,-1.571000,-0.299114,1.004965,0.340375,1.102396
8.034000,-0.000887,-0.004964,0.760972,-0.000567,0.000330,0.672511,0.000002,0.000009,1.570304,-0.300000,1.000000,1.100000,0.000000,0.000000,-1.571000,-0.299113,1.004964,0.339028,1.101981
8.036000,-0.000889,-0.004963,0.762318,-0.000566,0.000329,0.672463,0.000002,0.000010,1.570304,-0.300000,1.000000,1.100000,0.000000,0.000000,-1.571000,-0.299111,1.004963,0.337682,1.101566
8.038000,-0.000890,-0.004963,0.763664,-0.000565,0.000329,0.672416,0.000001,0.000010,1.570304,-0.300000,1.000000,1.100000,0.000000,0.000000,-1.571000,-0.299110,1.004963,0.336336,1.101153
8.040000,-0.000891,-0.004962,0.765010,-0.000564,0.000328,0.672371,-0.000000,0.000011,1.570304,-0.300000,1.000000,1.100000,0.000000,0.000000,-1.571000,-0.299109,1.004962,0.334990,1.100742
8.042000,-0.000892,-0.004961,0.766357,-0.000562,0.000328,0.672326,-0.000001,0.000011,1.570304,-0.300000,1.000000,1.100000,0.000000,0.000000,-1.571000,-0.299108,1.004961,0.333643,1.100332
8.044000,-0.000893,-0.004961,0.767702,-0.000561,0.000328,0.672283,-0.000002,0.000011,1.570304,-0.300000,1.000000,1.100000,0.000000,0.000000,-1.571000,-0.299107,1.004961,0.332298,1.099924
8.046000,-0.000894,-0.004960,0.769048,-0.000560,0.000327,0.672241,-0.000003,0.000012,1.570304,-0.300000,1.000000,1.100000,0.000000,0.000000,-1.571000,-0.299106,1.004960,0.330952,1.099517
8.048000,-0.000895,-0.004960,0.770394,-0.000560,0.000327,0.672200,-0.000004,0.000012,1.570304,-0.300000,1.000000,1.100000,0.000000,0.000000,-1.571000,-0.299105,1.004960,0.329606,1.099112
8.050000,-0.000896,-0.004959,0.771740,-0.000559,0.000326,0.672160,-0.000005,0.000012,1.570304,-0.300000,1.000000,1.100000,0.000000,0.000000,-1.571000,-0.299104,1.004959,0.328260,1.098708
8.052000,-0.000897,-0.004958,0.773085,-0.000558,0.000326,0.672121,-0.000006,0.000012,1.570304,-0.300000,1.000000,1.100000,0.000000,0.000000,-1.571000,-0.299103,1.004958,0.326915,1.098306
8.054000,-0.000899,-0.004958,0.774431,-0.000557,0.000326,0.672082,-0.000007,0.000011,1.570304,-0.300000,1.000000,1.100000,0.000000,0.000000,-1.571000,-0.299101,1.004958,0.325569,1.097906
8.056000,-0.000900,-0.004957,0.775776,-0.000556,0.000325,0.672046,-0.000008,0.000011,1.570304,-0.300000,1.000000,1.100000,0.000000,0.000000,-1.571000,-0.299100,1.004957,0.324224,1.097506
8.058000,-0.000901,-0.004956,0.777122,-0.000555,0.000325,0.672010,-0.000009,0.000011,1.570305,-0.300000,1.000000,1.100000,0.000000,0.000000,-1.571000,-0.299099,1.004956,0.322878,1.097109
8.060000,-0.000902,-0.004956,0.778467,-0.000554,0.000325,0.671976,-0.000010,0.000011,1.570305,-0.300000,1.000000,1.100000,0.000000,0.000000,-1.571000,-0.299098,1.004956,0.321533,1.096713
8.062000,-0.000903,-0.004955,0.779812,-0.000553,0.000324,0.671943,-0.000011,0.000010,1.570305,-0.300000,1.000000,1.100000,0.000000,0.000000,-1.571000,-0.299097,1.004955,0.320188,1.096318
8.064000,-0.000904,-0.004954,0.781157,-0.000553,0.000324,0.671912,-0.000012,0.000010,1.570305,-0.300000,1.000000,1.100000,0.000000,0.000000,-1.571000,-0.299096,1.004954,0.318843,1.095925
8.066000,-0.000905,-0.004954,0.782503,-0.000552,0.000323,0.671882,-0.000013,0.000009,1.570305,-0.300000,1.000000,1.100000,0.000000,0.000000,-1.571000,-0.299095,1.004954,0.317497,1.095534
8.068000,-0.000906,-0.004953,0.783848,-0.000551,0.000323,0.671853,-0.000014,0.000009,1.570305,-0.300000,1.000000,1.100000,0.000000,0.000000,-1.571000,-0.299094,1.004953,0.316152,1.095144
8.070000,-0.000907,-0.004952,0.785193,-0.000550,0.000323,0.671826,-0.000015,0.000008,1.570305,-0.300000,1.000000,1.100000,0.000000,0.000000,-1.571000,-0.299093,1.004952,0.314807,1.094755
8.072000,-0.000909,-0.004952,0.786538,-0.000550,0.000322,0.671800,-0.000016,0.000008,1.570305,-0.300000,1.000000,1.100000,0.000000,0.000000,-1.571000,-0.299091,1.004952,0.313462,1.094368
8.074000,-0.000910,-0.004951,0.787883,-0.000549,0.000322,0.671776,-0.000017,0.000007,1.570305,-0.300000,1.000000,1.100000,0.000000,0.000000,-1.571000,-0.299090,1.004951,0.312117,1.093983
8.076000,-0.000911,-0.004950,0.789227,-0.000548,0.000321,0.671753,-0.000018,0.000006,1.570306,-0.300000,1.000000,1.100000,0.000000,0.000000,-1.571000,-0.299089,1.004950,0.310773,1.093599
8.078000,-0.000912,-0.004950,0.790572,-0.000548,0.000321,0.671731,-0.000019,0.000006,1.570306,-0.300000,1.000000,1.100000,0.000000,0.000000,-1.571000,-0.299088,1.004950,0.309428,1.093217
8.080000,-0.000913,-0.004949,0.791917,-0.000547,0.000320,0.671710,-0.000020,0.000005,1.570306,-0.300000,1.000000,1.100000,0.000000,0.000000,-1.571000,-0.299087,1.004949,0.308083,1.092836
8.082000,-0.000914,-0.004948,0.793262,-0.000546,0.000320,0.671691,-0.000021,0.000004,1.570306,-0.300000,1.000000,1.100000,0.000000,0.000000,-1.571000,-0.299086,1.004948,0.306738,1.092457
8.084000,-0.000915,-0.004948,0.794606,-0.000546,0.000319,0.671673,-0.000022,0.000004,1.570306,-0.300000,1.000000,1.100000,0.000000,0.000000,-1.571000,-0.299085,1.004948,0.305394,1.092079
8.086000,-0.000916,-0.004947,0.795951,-0.000545,0.000319,0.671656,-0.000023,0.000003,1.570306,-0.300000,1.000000,1.100000,0.000000,0.000000,-1.571000,-0.299084,1.004947,0.304049,1.091703
8.088000,-0.000917,-0.004947,0.797296,-0.000545,0.000318,0.671640,-0.000024,0.000002,1.570306,-0.300000,1.000000,1.100000,0.000000,0.000000,-1.571000,-0.299083,1.004947,0.302704,1.091329
8.090000,-0.000918,-0.004946,0.798640,-0.000544,0.000318,0.671625,-0.000025,0.000001,1.570307,-0.300000,1.000000,1.100000,0.000000,0.000000,-1.571000,-0.299082,1.004946,0.301360,1.090955
8.092000,-0.000920,-0.004945,0.799985,-0.000544,0.000317,0.671612,-0.000026,0.000001,1.570307,-0.300000,1.000000,1.100000,0.000000,0.000000,-1.571000,-0.299080,1.004945,0.300015,1.090584
8.094000,-0.000921,-0.004945,0.801329,-0.000543,0.000317,0.671600,-0.000027,0.000000,1.570307,-0.300000,1.000000,1.100000,0.000000,0.000000,-1.571000,-0.299079,1.004945,0.298671,1.090214
8.096000,-0.000922,-0.004944,0.802674,-0.000543,0.000316,0.671589,-0.000028,-0.000001,1.570307,-0.300000,1.000000,1.100000,0.000000,0.000000,-1.571000,-0.299078,1.004944,0.297326,1.089845
8.098000,-0.000923,-0.004943,0.804018,-0.000543,0.000315,0.671580,-0.000029,-0.000001,1.570307,-0.300000,1.000000,1.100000,0.000000,0.000000,-1.571000,-0.299077,1.004943,0.295982,1.089479
8.100000,-0.000924,-0.004943,0.805363,-0.000542,0.000315,0.671572,-0.000030,-0.000002,1.570307,-0.300000,1.000000,1.100000,0.000000,0.000000,-1.571000,-0.299076,1.004943,0.294637,1.089113
8.102000,-0.000925,-0.004942,0.806707,-0.000542,0.000314,0.671566,-0.000031,-0.000002,1.570307,-0.300000,1.000000,1.100000,0.000000,0.000000,-1.571000,-0.299075,1.004942,0.293293,1.088749
8.104000,-0.000926,-0.004942,0.808052,-0.000541,0.000314,0.671560,-0.000032,-0.000003,1.570307,-0.300000,1.000000,1.100000,0.000000,0.000000,-1.571000,-0.299074,1.004942,0.291948,1.088387
8.106000,-0.000927,-0.004941,0.809396,-0.000541,0.000313,0.671555,-0.000033,-0.000003,1.570307,-0.300000,1.000000,1.100000,0.000000,0.000000,-1.571000,-0.299073,1.004941,0.290604,1.088026
8.108000,-0.000928,-0.004940,0.810741,-0.000541,0.000312,0.671548,-0.000034,-0.000003,1.570307,-0.300000,1.000000,1.100000,0.000000,0.000000,-1.571000,-0.299072,1.004940,0.289259,1.087667
8.110000,-0.000929,-0.004940,0.812085,-0.000540,0.000312,0.671540,-0.000034,-0.000004,1.570307,-0.300000,1.000000,1.100000,0.000000,0.000000,-1.571000,-0.299071,1.004940,0.287915,1.087309
8.112000,-0.000930,-0.004939,0.813430,-0.000540,0.000311,0.671531,-0.000035,-0.000004,1.570307,-0.300000,1.000000,1.100000,0.000000,0.000000,-1.571000,-0.299070,1.004939,0.286570,1.086953
8.114000,-0.000931,-0.004938,0.814774,-0.000540,0.000310,0.671522,-0.000036,-0.000004,1.570307,-0.300000,1.000000,1.100000,0.000000,0.000000,-1.571000,-0.299069,1.004938,0.285226,1.086599
8.116000,-0.000933,-0.004938,0.816118,-0.000540,0.000310,0.671511,-0.000037,-0.000004,1.570307,-0.300000,1.000000,1.100000,0.000000,0.000000,-1.571000,-0.299067,1.004938,0.283882,1.086246
8.118000,-0.000934,-0.004937,0.817463,-0.000539,0.000309,0.671501,-0.000037,-0.000004,1.570307,-0.300000,1.000000,1.100000,0.000000,0.000000,-1.571000,-0.299066,1.004937,0.282537,1.085894
8.120000,-0.000935,-0.004937,0.818807,-0.000539,0.000308,0.671489,-0.000038,-0.000004,1.570307,-0.300000,1.000000,1.100000,0.000000,0.000000,-1.571000,-0.299065,1.004937,0.281193,1.085545
8.122000,-0.000936,-0.004936,0.820151,-0.000539,0.000308,0.671478,-0.000039,-0.000004,1.570307,-0.300000,1.000000,1.100000,0.000000,0.000000,-1.571000,-0.299064,1.004936,0.279849,1.085196
8.124000,-0.000937,-0.004935,0.821496,-0.000539,0.000307,0.671467,-0.000039,-0.000004,1.570307,-0.300000,1.000000,1.100000,0.000000,0.000000,-1.571000,-0.299063,1.004935,0.278504,1.084849
8.126000,-0.000938,-0.004935,0.822840,-0.000539,0.000306,0.671456,-0.000040,-0.000004,1.570307,-0.300000,1.000000,1.100000,0.000000,0.000000,-1.571000,-0.299062,1.004935,0.277160,1.084504
8.128000,-0.000939,-0.004934,0.824184,-0.000538,0.000306,0.671445,-0.000040,-0.000004,1.570307,-0.300000,1.000000,1.100000,0.000000,0.000000,-1.571000,-0.299061,1.004934,0.275816,1.084161
8.130000,-0.000940,-0.004933,0.825528,-0.000538,0.000305,0.671435,-0.000040,-0.000004,1.570307,-0.300000,1.000000,1.100000,0.000000,0.000000,-1.571000,-0.299060,1.004933,0.274472,1.083819
8.132000,-0.000941,-0.004933,0.826873,-0.000538,0.000304,0.671425,-0.000040,-0.000004,1.570307,-0.300000,1.000000,1.100000,0.000000,0.000000,-1.571000,-0.299059,1.004933,0.273127,1.083478
8.134000,-0.000942,-0.004932,0.828217,-0.000538,0.000304,0.671415,-0.000041,-0.000004,1.570307,-0.300000,1.000000,1.100000,0.000000,0.000000,-1.571000,-0.299058,1.004932,0.271783,1.083139
8.136000,-0.000943,-0.004932,0.829561,-0.000538,0.000303,0.671406,-0.000041,-0.000004,1.570307,-0.300000,1.000000,1.100000,0.000000,0.000000,-1.571000,-0.299057,1.004932,0.270439,1.082802
8.138000,-0.000944,-0.004931,0.830905,-0.000538,0.000302,0.671398,-0.000041,-0.000003,1.570307,-0.300000,1.000000,1.100000,0.000000,0.000000,-1.571000,-0.299056,1.004931,0.269095,1.082466
8.140000,-0.000945,-0.004930,0.832249,-0.000537,0.000302,0.671390,-0.000040,-0.000003,1.570307,-0.300000,1.000000,1.100000,0.000000,0.000000,-1.571000,-0.299055,1.004930,0.267751,1.082132
8.142000,-0.000947,-0.004930,0.833593,-0.000537,0.000301,0.671383,-0.000040,-0.000003,1.570307,-0.300000,1.000000,1.100000,0.000000,0.000000,-1.571000,-0.299053,1.004930,0.266407,1.081799
8.144000,-0.000948,-0.004929,0.834937,-0.000537,0.000301,0.671376,-0.000040,-0.000003,1.570307,-0.300000,1.000000,1.100000,0.000000,0.000000,-1.571000,-0.299052,1.004929,0.265063,1.081468
8.146000,-0.000949,-0.004929,0.836282,-0.000537,0.000300,0.671370,-0.000039,-0.000003,1.570307,-0.300000,1.000000,1.100000,0.000000,0.000000,-1.571000,-0.299051,1.004929,0.263718,1.081139
8.148000,-0.000950,-0.004928,0.837626,-0.000537,0.000299,0.671364,-0.000039,-0.000002,1.570307,-0.300000,1.000000,1.100000,0.000000,0.000000,-1.571000,-0.299050,1.004928,0.262374,1.080811
8.150000,-0.000951,-0.004927,0.838970,-0.000537,0.000299,0.671359,-0.000038,-0.000002,1.570307,-0.300000,1.000000,1.100000,0.000000,0.000000,-1.571000,-0.299049,1.004927,0.261030,1.080484
8.152000,-0.000952,-0.004927,0.840314,-0.000536,0.000298,0.671355,-0.000038,-0.000002,1.570307,-0.300000,1.000000,1.100000,0.000000,0.000000,-1.571000,-0.299048,1.004927,0.259686,1.080160
8.154000,-0.000953,-0.004926,0.841658,-0.000536,0.000298,0.671351,-0.000037,-0.000002,1.570307,-0.300000,1.000000,1.100000,0.000000,0.000000,-1.571000,-0.299047,1.004926,0.258342,1.079836
8.156000,-0.000954,-0.004926,0.843002,-0.000536,0.000297,0.671348,-0.000037,-0.000002,1.570308,-0.300000,1.000000,1.100000,0.000000,0.000000,-1.571000,-0.299046,1.004926,0.256998,1.079515
8.158000,-0.000955,-0.004925,0.844346,-0.000536,0.000296,0.671346,-0.000036,-0.000001,1.570308,-0.300000,1.000000,1.100000,0.000000,0.000000,-1.571000,-0.299045,1.004925,0.255654,1.079195
8.160000,-0.000956,-0.004924,0.845690,-0.000536,0.000296,0.671345,-0.000035,-0.000001,1.570308,-0.300000,1.000000,1.100000,0.000000,0.000000,-1.571000,-0.299044,1.004924,0.254310,1.078876
8.162000,-0.000957,-0.004924,0.847034,-0.000535,0.000295,0.671345,-0.000034,-0.000001,1.570308,-0.300000,1.000000,1.100000,0.000000,0.000000,-1.571000,-0.299043,1.004924,0.252966,1.078559
8.164000,-0.000958,-0.004923,0.848378,-0.000535,0.000295,0.671345,-0.000033,-0.000000,1.570308,-0.300000,1.000000,1.100000,0.000000,0.000000,-1.571000,-0.299042,1.004923,0.251622,1.078244
8.166000,-0.000959,-0.004923,0.849722,-0.000535,0.000294,0.671347,-0.000033,-0.000000,1.570308,-0.300000,1.000000,1.100000,0.000000,0.000000,-1.571000,-0.299041,1.004923,0.250278,1.077930
8.168000,-0.000960,-0.004922,0.851066,-0.000534,0.000294,0.671350,-0.000032,0.000000,1.570308,-0.300000,1.000000,1.100000,0.000000,0.000000,-1.571000,-0.299040,1.004922,0.248934,1.077618
8.170000,-0.000962,-0.004922,0.852410,-0.000534,0.000293,0.671353,-0.000031,0.000001,1.570308,-0.300000,1.000000,1.100000,0.000000,0.000000,-1.571000,-0.299038,1.004922,0.247590,1.077308
8.172000,-0.000963,-0.004921,0.853754,-0.000534,0.000293,0.671357,-0.000030,0.000001,1.570308,-0.300000,1.000000,1.100000,0.000000,0.000000,-1.571000,-0.299037,1.004921,0.246246,1.076999
8.174000,-0.000964,-0.004920,0.855098,-0.000533,0.000292,0.671363,-0.000029,0.000002,1.570308,-0.300000,1.000000,1.100000,0.000000,0.000000,-1.571000,-0.299036,1.004920,0.244902,1.076691
8.176000,-0.000965,-0.004920,0.856442,-0.000533,0.000292,0.671369,-0.000028,0.000002,1.570308,-0.300000,1.000000,1.100000,0.000000,0.000000,-1.571000,-0.299035,1.004920,0.243558,1.076386
8.178000,-0.000966,-0.004919,0.857786,-0.000532,0.000291,0.671376,-0.000027,0.000003,1.570308,-0.300000,1.000000,1.100000,0.000000,0.000000,-1.571000,-0.299034,1.004919,0.242214,1.076082
8.180000,-0.000967,-0.004919,0.859130,-0.000532,0.000291,0.671383,-0.000026,0.000003,1.570308,-0.300000,1.000000,1.100000,0.000000,0.000000,-1.571000,-0.299033,1.004919,0.240870,1.075779
8.182000,-0.000968,-0.004918,0.860475,-0.000532,0.000290,0.671392,-0.000025,0.000004,1.570308,-0.300000,1.000000,1.100000,0.000000,0.000000,-1.571000,-0.299032,1.004918,0.239525,1.075478
8.184000,-0.000969,-0.004917,0.861819,-0.000531,0.000290,0.671402,-0.000024,0.000004,1.570308,-0.300000,1.000000,1.100000,0.000000,0.000000,-1.571000,-0.299031,1.004917,0.238181,1.075179
8.186000,-0.000970,-0.004917,0.863163,-0.000531,0.000289,0.671413,-0.000023,0.000005,1.570308,-0.300000,1.000000,1.100000,0.000000,0.000000,-1.571000,-0.299030,1.004917,0.236837,1.074881
8.188000,-0.000971,-0.004916,0.864507,-0.000530,0.000289,0.671424,-0.000022,0.000006,1.570308,-0.300000,1.000000,1.100000,0.000000,0.000000,-1.571000,-0.299029,1.004916,0.235493,1.074585
8.190000,-0.000972,-0.004916,0.865851,-0.000530,0.000288,0.671437,-0.000021,0.000007,1.570308,-0.300000,1.000000,1.100000,0.000000,0.000000,-1.571000,-0.299028,1.004916,0.234149,1.074290
8.192000,-0.000973,-0.004915,0.867196,-0.000529,0.000288,0.671450,-0.000020,0.000008,1.570308,-0.300000,1.000000,1.100000,0.000000,0.000000,-1.571000,-0.299027,1.004915,0.232804,1.073997
8.194000,-0.000974,-0.004915,0.868540,-0.000528,0.000288,0.671465,-0.000019,0.000008,1.570308,-0.300000,1.000000,1.100000,0.000000,0.000000,-1.571000,-0.299026,1.004915,0.231460,1.073705
8.196000,-0.000975,-0.004914,0.869884,-0.000528,0.000287,0.671481,-0.000018,0.000009,1.570308,-0.300000,1.000000,1.100000,0.000000,0.000000,-1.571000,-0.299025,1.004914,0.230116,1.073416
8.198000,-0.000976,-0.004913,0.871228,-0.000527,0.000287,0.671103,-0.000016,0.000010,1.570308,-0.300000,1.000000,1.100000,0.000000,0.000000,-1.571000,-0.299024,1.004913,0.228772,1.073128
8.200000,-0.000977,-0.004913,0.872570,-0.000527,0.000287,0.669985,-0.000015,0.000010,1.570308,-0.300000,1.000000,1.100000,0.000000,0.000000,-1.571000,-0.299023,1.004913,0.227430,1.072841
8.202000,-0.000979,-0.004912,0.873909,-0.000526,0.000286,0.668200,-0.000014,0.000011,1.570308,-0.300000,1.000000,1.100000,0.000000,0.000000,-1.571000,-0.299021,1.004912,0.226091,1.072558
8.204000,-0.000980,-0.004912,0.875243,-0.000525,0.000286,0.665812,-0.000013,0.000011,1.570308,-0.300000,1.000000,1.100000,0.000000,0.000000,-1.571000,-0.299020,1.004912,0.224757,1.072276
8.206000,-0.000981,-0.004911,0.876571,-0.000524,0.000286,0.662882,-0.000012,0.000010,1.570308,-0.300000,1.000000,1.100000,0.000000,0.000000,-1.571000,-0.299019,1.004911,0.223429,1.071998
8.208000,-0.000982,-0.004911,0.877893,-0.000524,0.000285,0.659463,-0.000011,0.000010,1.570308,-0.300000,1.000000,1.100000,0.000000,0.000000,-1.571000,-0.299018,1.004911,0.222107,1.071722
8.210000,-0.000983,-0.004910,0.879208,-0.000523,0.000285,0.655604,-0.000010,0.000008,1.570308,-0.300000,1.000000,1.100000,0.000000,0.000000,-1.571000,-0.299017,1.004910,0.220792,1.071450
8.212000,-0.000984,-0.004909,0.880514,-0.000522,0.000284,0.651352,-0.000009,0.000006,1.570308,-0.300000,1.000000,1.100000,0.000000,0.000000,-1.571000,-0.299016,1.004909,0.219486,1.071180
8.214000,-0.000985,-0.004909,0.881811,-0.000521,0.000284,0.646748,-0.000008,0.000003,1.570308,-0.300000,1.000000,1.100000,0.000000,0.000000,-1.571000,-0.299015,1.004909,0.218189,1.070915
8.216000,-0.000986,-0.004908,0.883099,-0.000520,0.000283,0.641829,-0.000007,-0.000000,1.570308,-0.300000,1.000000,1.100000,0.000000,0.000000,-1.571000,-0.299014,1.004908,0.216901,1.070652
8.218000,-0.000987,-0.004908,0.884376,-0.000520,0.000283,0.636627,-0.000005,-0.000004,1.570308,-0.300000,1.000000,1.100000,0.000000,0.000000,-1.571000,-0.299013,1.004908,0.215624,1.070393
8.220000,-0.000988,-0.004907,0.885642,-0.000519,0.000282,0.631175,-0.000004,-0.000009,1.570308,-0.300000,1.000000,1.100000,0.000000,0.000000,-1.571000,-0.299012,1.004907,0.214358,1.070138
8.222000,-0.000989,-0.004907,0.886897,-0.000518,0.000282,0.625497,-0.000003,-0.000015,1.570308,-0.300000,1.000000,1.100000,0.000000,0.000000,-1.571000,-0.299011,1.004907,0.213103,1.069887
8.224000,-0.000990,-0.004906,0.888141,-0.000517,0.000281,0.619619,-0.000002,-0.000021,1.570308,-0.300000,1.000000,1.100000,0.000000,0.000000,-1.571000,-0.299010,1.004906,0.211859,1.069639
8.226000,-0.000991,-0.004905,0.889372,-0.000516,0.000280,0.613563,-0.000001,-0.000028,1.570308,-0.300000,1.000000,1.100000,0.000000,0.000000,-1.571000,-0.299009,1.004905,0.210628,1.069395
8.228000,-0.000992,-0.004905,0.890591,-0.000515,0.000279,0.607352,0.000000,-0.000036,1.570308,-0.300000,1.000000,1.100000,0.000000,0.000000,-1.571000,-0.299008,1.004905,0.209409,1.069155
8.230000,-0.000993,-0.004904,0.891798,-0.000514,0.000278,0.601004,0.000001,-0.000044,1.570308,-0.300000,1.000000,1.100000,0.000000,0.000000,-1.571000,-0.299007,1.004904,0.208202,1.068918
8.232000,-0.000994,-0.004904,0.892991,-0.000513,0.000277,0.594535,0.000002,-0.000053,1.570308,-0.300000,1.000000,1.100000,0.000000,0.000000,-1.571000,-0.299006,1.004904,0.207009,1.068686
8.234000,-0.000995,-0.004903,0.894172,-0.000512,0.000276,0.587962,0.000004,-0.000063,1.570308,-0.300000,1.000000,1.100000,0.000000,0.000000,-1.571000,-0.299005,1.004903,0.205828,1.068457
8.236000,-0.000996,-0.004903,0.895339,-0.000511,0.000274,0.581300,0.000005,-0.000074,1.570308,-0.300000,1.000000,1.100000,0.000000,0.000000,-1.571000,-0.299004,1.004903,0.204661,1.068232
8.238000,-0.000997,-0.004902,0.896492,-0.000510,0.000273,0.574560,0.000006,-0.000085,1.570308,-0.300000,1.000000,1.100000,0.000000,0.000000,-1.571000,-0.299003,1.004902,0.203508,1.068010
8.240000,-0.000998,-0.004902,0.897632,-0.000509,0.000271,0.567755,0.000007,-0.000096,1.570308,-0.300000,1.000000,1.100000,0.000000,0.000000,-1.571000,-0.299002,1.004902,0.202368,1.067793
8.242000,-0.000999,-0.004901,0.898759,-0.000508,0.000269,0.560895,0.000008,-0.000109,1.570308,-0.300000,1.000000,1.100000,0.000000,0.000000,-1.571000,-0.299001,1.004901,0.201241,1.067579
8.244000,-0.001000,-0.004900,0.899871,-0.000507,0.000267,0.553991,0.000009,-0.000121,1.570308,-0.300000,1.000000,1.100000,0.000000,0.000000,-1.571000,-0.299000,1.004900,0.200129,1.067369
8.246000,-0.001001,-0.004900,0.900970,-0.000506,0.000265,0.547050,0.000010,-0.000134,1.570308,-0.300000,1.000000,1.100000,0.000000,0.000000,-1.571000,-0.298999,1.004900,0.199030,1.067163
8.248000,-0.001002,-0.004899,0.902055,-0.000505,0.000262,0.540080,0.000012,-0.000147,1.570308,-0.300000,1.000000,1.100000,0.000000,0.000000,-1.571000,-0.298998,1.004899,0.197945,1.066961
8.250000,-0.001003,-0.004899,0.903126,-0.000504,0.000260,0.533087,0.000013,-0.000161,1.570308,-0.300000,1.000000,1.100000,0.000000,0.000000,-1.571000,-0.298997,1.004899,0.196874,1.066762
8.252000,-0.001004,-0.004898,0.904182,-0.000503,0.000257,0.526078,0.000014,-0.000175,1.570308,-0.300000,1.000000,1.100000,0.000000,0.000000,-1.571000,-0.298996,1.004898,0.195818,1.066566
8.254000,-0.001005,-0.004898,0.905225,-0.000501,0.000254,0.519059,0.000015,-0.000188,1.570308,-0.300000,1.000000,1.100000,0.000000,0.000000,-1.571000,-0.298995,1.004898,0.194775,1.066375
8.256000,-0.001006,-0.004897,0.906254,-0.000500,0.000251,0.512036,0.000016,-0.000202,1.570308,-0.300000,1.000000,1.100000,0.000000,0.000000,-1.571000,-0.298994,1.004897,0.193746,1.066187
8.258000,-0.001007,-0.004897,0.907268,-0.000499,0.000248,0.505014,0.000017,-0.000216,1.570308,-0.300000,1.000000,1.100000,0.000000,0.000000,-1.571000,-0.298993,1.004897,0.192732,1.066002
8.260000,-0.001008,-0.004896,0.908269,-0.000498,0.000245,0.497999,0.000018,-0.000230,1.570308,-0.300000,1.000000,1.100000,0.000000,0.000000,-1.571000,-0.298992,1.004896,0.191731,1.065821
8.262000,-0.001009,-0.004896,0.909255,-0.000497,0.000241,0.490994,0.000020,-0.000244,1.570308,-0.300000,1.000000,1.100000,0.000000,0.000000,-1.571000,-0.298991,1.004896,0.190745,1.065643
8.264000,-0.001010,-0.004895,0.910228,-0.000496,0.000237,0.484000,0.000021,-0.000258,1.570308,-0.300000,1.000000,1.100000,0.000000,0.000000,-1.571000,-0.298990,1.004895,0.189772,1.065469
8.266000,-0.001011,-0.004895,0.911186,-0.000494,0.000233,0.477022,0.000022,-0.000271,1.570308,-0.300000,1.000000,1.100000,0.000000,0.000000,-1.571000,-0.298989,1.004895,0.188814,1.065298
8.268000,-0.001012,-0.004895,0.912131,-0.000493,0.000229,0.470063,0.000023,-0.000285,1.570308,-0.300000,1.000000,1.100000,0.000000,0.000000,-1.571000,-0.298988,1.004895,0.187869,1.065130
8.270000,-0.001013,-0.004894,0.913061,-0.000492,0.000225,0.463125,0.000024,-0.000297,1.570308,-0.300000,1.000000,1.100000,0.000000,0.000000,-1.571000,-0.298987,1.004894,0.186939,1.064965
8.272000,-0.001014,-0.004894,0.913978,-0.000491,0.000220,0.456210,0.000025,-0.000310,1.570308,-0.300000,1.000000,1.100000,0.000000,0.000000,-1.571000,-0.298986,1.004894,0.186022,1.064804
8.274000,-0.001015,-0.004893,0.914881,-0.000489,0.000216,0.449320,0.000026,-0.000322,1.570308,-0.300000,1.000000,1.100000,0.000000,0.000000,-1.571000,-0.298985,1.004893,0.185119,1.064646
8.276000,-0.001016,-0.004893,0.915770,-0.000488,0.000211,0.442458,0.000028,-0.000333,1.570308,-0.300000,1.000000,1.100000,0.000000,0.000000,-1.571000,-0.298984,1.004893,0.184230,1.064491
8.278000,-0.001017,-0.004892,0.916646,-0.000487,0.000206,0.435626,0.000029,-0.000345,1.570308,-0.300000,1.000000,1.100000,0.000000,0.000000,-1.571000,-0.298983,1.004892,0.183354,1.064339
8.280000,-0.001018,-0.004892,0.917508,-0.000486,0.000201,0.428824,0.000030,-0.000355,1.570308,-0.300000,1.000000,1.100000,0.000000,0.000000,-1.571000,-0.298982,1.004892,0.182492,1.064190
8.282000,-0.001019,-0.004892,0.918356,-0.000484,0.000196,0.422053,0.000031,-0.000365,1.570308,-0.300000,1.000000,1.100000,0.000000,0.000000,-1.571000,-0.298981,1.004892,0.181644,1.064045
8.284000,-0.001020,-0.004891,0.919191,-0.000483,0.000190,0.415317,0.000032,-0.000374,1.570308,-0.300000,1.000000,1.100000,0.000000,0.000000,-1.571000,-0.298980,1.004891,0.180809,1.063902
8.286000,-0.001021,-0.004891,0.920012,-0.000482,0.000185,0.408615,0.000033,-0.000383,1.570308,-0.300000,1.000000,1.100000,0.000000,0.000000,-1.571000,-0.298979,1.004891,0.179988,1.063762
8.288000,-0.001022,-0.004890,0.920820,-0.000480,0.000179,0.401947,0.000034,-0.000391,1.570308,-0.300000,1.000000,1.100000,0.000000,0.000000,-1.571000,-0.298978,1.004890,0.179180,1.063625
8.290000,-0.001023,-0.004890,0.921615,-0.000479,0.000173,0.395316,0.000035,-0.000398,1.570308,-0.300000,1.000000,1.100000,0.000000,0.000000,-1.571000,-0.298977,1.004890,0.178385,1.063491
8.292000,-0.001024,-0.004890,0.922396,-0.000478,0.000168,0.388722,0.000036,-0.000404,1.570308,-0.300000,1.000000,1.100000,0.000000,0.000000,-1.571000,-0.298976,1.004890,0.177604,1.063359
8.294000,-0.001025,-0.004889,0.923165,-0.000476,0.000162,0.382166,0.000038,-0.000410,1.570308,-0.300000,1.000000,1.100000,0.000000,0.000000,-1.571000,-0.298975,1.004889,0.176835,1.063231
8.296000,-0.001026,-0.004889,0.923920,-0.000475,0.000156,0.375649,0.000039,-0.000415,1.570308,-0.300000,1.000000,1.100000,0.000000,0.000000,-1.571000,-0.298974,1.004889,0.176080,1.063105
8.298000,-0.001027,-0.004889,0.924662,-0.000473,0.000150,0.369170,0.000039,-0.000419,1.570308,-0.300000,1.000000,1.100000,0.000000,0.000000,-1.571000,-0.298973,1.004889,0.175338,1.062982
8.300000,-0.001028,-0.004889,0.925392,-0.000472,0.000144,0.362731,0.000040,-0.000422,1.570308,-0.300000,1.000000,1.100000,0.000000,0.000000,-1.571000,-0.298972,1.004889,0.174608,1.062861
8.302000,-0.001029,-0.004888,0.926108,-0.000471,0.000138,0.356332,0.000041,-0.000425,1.570308,-0.300000,1.000000,1.100000,0.000000,0.000000,-1.571000,-0.298971,1.004888,0.173892,1.062743
8.304000,-0.001030,-0.004888,0.926812,-0.000469,0.000131,0.349972,0.000042,-0.000426,1.570308,-0.300000,1.000000,1.100000,0.000000,0.000000,-1.571000,-0.298970,1.004888,0.173188,1.062627
8.306000,-0.001031,-0.004888,0.927503,-0.000468,0.000125,0.343652,0.000043,-0.000427,1.570308,-0.300000,1.000000,1.100000,0.000000,0.000000,-1.571000,-0.298969,1.004888,0.172497,1.062515
8.308000,-0.001031,-0.004887,0.928182,-0.000466,0.000119,0.337373,0.000043,-0.000427,1.570308,-0.300000,1.000000,1.100000,0.000000,0.000000,-1.571000,-0.298969,1.004887,0.171818,1.062404
8.310000,-0.001032,-0.004887,0.928848,-0.000465,0.000113,0.331133,0.000044,-0.000426,1.570308,-0.300000,1.000000,1.100000,0.000000,0.000000,-1.571000,-0.298968,1.004887,0.171152,1.062296
8.312000,-0.001033,-0.004887,0.929502,-0.000463,0.000107,0.324934,0.000044,-0.000424,1.570308,-0.300000,1.000000,1.100000,0.000000,0.000000,-1.571000,-0.298967,1.004887,0.170498,1.062191
8.314000,-0.001034,-0.004887,0.930143,-0.000462,0.000101,0.318775,0.000045,-0.000422,1.570308,-0.300000,1.000000,1.100000,0.000000,0.000000,-1.571000,-0.298966,1.004887,0.169857,1.062087
8.316000,-0.001035,-0.004887,0.930772,-0.000460,0.000094,0.312656,0.000045,-0.000419,1.570308,-0.300000,1.000000,1.100000,0.000000,0.000000,-1.571000,-0.298965,1.004887,0.169228,1.061986
8.318000,-0.001036,-0.004886,0.931389,-0.000459,0.000088,0.306578,0.000045,-0.000414,1.570308,-0.300000,1.000000,1.100000,0.000000,0.000000,-1.571000,-0.298964,1.004886,0.168611,1.061888
8.320000,-0.001037,-0.004886,0.931993,-0.000457,0.000082,0.300541,0.000045,-0.000410,1.570308,-0.300000,1.000000,1.100000,0.000000,0.000000,-1.571000,-0.298963,1.004886,0.168007,1.061792
8.322000,-0.001038,-0.004886,0.932586,-0.000456,0.000076,0.294544,0.000045,-0.000404,1.570308,-0.300000,1.000000,1.100000,0.000000,0.000000,-1.571000,-0.298962,1.004886,0.167414,1.061698
8.324000,-0.001039,-0.004886,0.933167,-0.000454,0.000071,0.288587,0.000045,-0.000398,1.570308,-0.300000,1.000000,1.100000,0.000000,0.000000,-1.571000,-0.298961,1.004886,0.166833,1.061606
8.326000,-0.001040,-0.004886,0.933736,-0.000453,0.000065,0.282671,0.000045,-0.000391,1.570308,-0.300000,1.000000,1.100000,0.000000,0.000000,-1.571000,-0.298960,1.004886,0.166264,1.061516
8.328000,-0.001041,-0.004886,0.934293,-0.000451,0.000059,0.276797,0.000044,-0.000383,1.570308,-0.300000,1.000000,1.100000,0.000000,0.000000,-1.571000,-0.298959,1.004886,0.165707,1.061429
8.330000,-0.001042,-0.004886,0.934838,-0.000450,0.000054,0.270965,0.000044,-0.000375,1.570308,-0.300000,1.000000,1.100000,0.000000,0.000000,-1.571000,-0.298958,1.004886,0.165162,1.061343
8.332000,-0.001042,-0.004886,0.935372,-0.000448,0.000048,0.265173,0.000043,-0.000366,1.570308,-0.300000,1.000000,1.100000,0.000000,0.000000,-1.571000,-0.298958,1.004886,0.164628,1.061260
8.334000,-0.001043,-0.004885,0.935894,-0.000447,0.000043,0.259423,0.000043,-0.000356,1.570308,-0.300000,1.000000,1.100000,0.000000,0.000000,-1.571000,-0.298957,1.004885,0.164106,1.061179
8.336000,-0.001044,-0.004885,0.936405,-0.000446,0.000038,0.253712,0.000042,-0.000346,1.570308,-0.300000,1.000000,1.100000,0.000000,0.000000,-1.571000,-0.298956,1.004885,0.163595,1.061100
8.338000,-0.001045,-0.004885,0.936904,-0.000444,0.000033,0.248042,0.000042,-0.000336,1.570308,-0.300000,1.000000,1.100000,0.000000,0.000000,-1.571000,-0.298955,1.004885,0.163096,1.061022
8.340000,-0.001046,-0.004885,0.937393,-0.000443,0.000028,0.242411,0.000041,-0.000325,1.570308,-0.300000,1.000000,1.100000,0.000000,0.000000,-1.571000,-0.298954,1.004885,0.162607,1.060947
8.342000,-0.001047,-0.004885,0.937869,-0.000441,0.000023,0.236821,0.000040,-0.000313,1.570308,-0.300000,1.000000,1.100000,0.000000,0.000000,-1.571000,-0.298953,1.004885,0.162131,1.060874
8.344000,-0.001048,-0.004885,0.938335,-0.000440,0.000019,0.231271,0.000039,-0.000301,1.570308,-0.300000,1.000000,1.100000,0.000000,0.000000,-1.571000,-0.298952,1.004885,0.161665,1.060803
8.346000,-0.001049,-0.004885,0.938790,-0.000439,0.000014,0.225760,0.000039,-0.000289,1.570308,-0.300000,1.000000,1.100000,0.000000,0.000000,-1.571000,-0.298951,1.004885,0.161210,1.060733
8.348000,-0.001050,-0.004885,0.939234,-0.000437,0.000010,0.220289,0.000038,-0.000277,1.570308,-0.300000,1.000000,1.100000,0.000000,0.000000,-1.571000,-0.298950,1.004885,0.160766,1.060665
8.350000,-0.001050,-0.004885,0.939667,-0.000436,0.000006,0.214858,0.000037,-0.000264,1.570308,-0.300000,1.000000,1.100000,0.000000,0.000000,-1.571000,-0.298950,1.004885,0.160333,1.060600
8.352000,-0.001051,-0.004885,0.940089,-0.000434,0.000002,0.209467,0.000036,-0.000251,1.570308,-0.300000,1.000000,1.100000,0.000000,0.000000,-1.571000,-0.298949,1.004885,0.159911,1.060536
8.354000,-0.001052,-0.004885,0.940500,-0.000433,-0.000001,0.204115,0.000035,-0.000237,1.570308,-0.300000,1.000000,1.100000,0.000000,0.000000,-1.571000,-0.298948,1.004885,0.159500,1.060474
8.356000,-0.001053,-0.004885,0.940901,-0.000432,-0.000005,0.198802,0.000034,-0.000224,1.570308,-0.300000,1.000000,1.100000,0.000000,0.000000,-1.571000,-0.298947,1.004885,0.159099,1.060413
8.358000,-0.001054,-0.004885,0.941291,-0.000431,-0.000008,0.193529,0.000033,-0.000210,1.570308,-0.300000,1.000000,1.100000,0.000000,0.000000,-1.571000,-0.298946,1.004885,0.158709,1.060354
8.360000,-0.001055,-0.004885,0.941670,-0.000429,-0.000011,0.188294,0.000032,-0.000196,1.570308,-0.300000,1.000000,1.100000,0.000000,0.000000,-1.571000,-0.298945,1.004885,0.158330,1.060297
8.362000,-0.001056,-0.004885,0.942039,-0.000428,-0.000014,0.183097,0.000031,-0.000182,1.570308,-0.300000,1.000000,1.100000,0.000000,0.000000,-1.571000,-0.298944,1.004885,0.157961,1.060242
8.364000,-0.001056,-0.004885,0.942398,-0.000427,-0.000016,0.177938,0.000030,-0.000168,1.570308,-0.300000,1.000000,1.100000,0.000000,0.000000,-1.571000,-0.298944,1.004885,0.157602,1.060189
8.366000,-0.001057,-0.004885,0.942747,-0.000426,-0.000019,0.172817,0.000029,-0.000155,1.570308,-0.300000,1.000000,1.100000,0.000000,0.000000,-1.571000,-0.298943,1.004885,0.157253,1.060137
8.368000,-0.001058,-0.004885,0.943085,-0.000424,-0.000021,0.167734,0.000028,-0.000141,1.570308,-0.300000,1.000000,1.100000,0.000000,0.000000,-1.571000,-0.298942,1.004885,0.156915,1.060086
8.370000,-0.001059,-0.004885,0.943413,-0.000423,-0.000023,0.162691,0.000027,-0.000127,1.570308,-0.300000,1.000000,1.100000,0.000000,0.000000,-1.571000,-0.298941,1.004885,0.156587,1.060038
8.372000,-0.001060,-0.004885,0.943731,-0.000422,-0.000025,0.157686,0.000026,-0.000113,1.570308,-0.300000,1.000000,1.100000,0.000000,0.000000,-1.571000,-0.298940,1.004885,0.156269,1.059990
8.374000,-0.001061,-0.004885,0.944040,-0.000421,-0.000026,0.152718,0.000025,-0.000100,1.570308,-0.300000,1.000000,1.100000,0.000000,0.000000,-1.571000,-0.298939,1.004885,0.155960,1.059945
8.376000,-0.001062,-0.004885,0.944338,-0.000420,-0.000028,0.147789,0.000024,-0.000086,1.570308,-0.300000,1.000000,1.100000,0.000000,0.000000,-1.571000,-0.298938,1.004885,0.155662,1.059901
8.378000,-0.001062,-0.004885,0.944627,-0.000418,-0.000029,0.142897,0.000023,-0.000073,1.570308,-0.300000,1.000000,1.100000,0.000000,0.000000,-1.571000,-0.298938,1.004885,0.155373,1.059858
8.380000,-0.001063,-0.004886,0.944905,-0.000417,-0.000030,0.138043,0.000022,-0.000060,1.570308,-0.300000,1.000000,1.100000,0.000000,0.000000,-1.571000,-0.298937,1.004886,0.155095,1.059817
8.382000,-0.001064,-0.004886,0.945174,-0.000416,-0.000031,0.133227,0.000021,-0.000047,1.570308,-0.300000,1.000000,1.100000,0.000000,0.000000,-1.571000,-0.298936,1.004886,0.154826,1.059778
8.384000,-0.001065,-0.004886,0.945434,-0.000415,-0.000031,0.128447,0.000019,-0.000034,1.570308,-0.300000,1.000000,1.100000,0.000000,0.000000,-1.571000,-0.298935,1.004886,0.154566,1.059740
8.386000,-0.001066,-0.004886,0.945684,-0.000414,-0.000032,0.123704,0.000018,-0.000022,1.570308,-0.300000,1.000000,1.100000,0.000000,0.000000,-1.571000,-0.298934,1.004886,0.154316,1.059703
8.388000,-0.001067,-0.004886,0.945925,-0.000413,-0.000032,0.118997,0.000017,-0.000010,1.570308,-0.300000,1.000000,1.100000,0.000000,0.000000,-1.571000,-0.298933,1.004886,0.154075,1.059668
8.390000,-0.001067,-0.004886,0.946156,-0.000412,-0.000032,0.114327,0.000016,0.000002,1.570308,-0.300000,1.000000,1.100000,0.000000,0.000000,-1.571000,-0.298933,1.004886,0.153844,1.059634
8.392000,-0.001068,-0.004886,0.946378,-0.000411,-0.000032,0.109693,0.000015,0.000013,1.570308,-0.300000,1.000000,1.100000,0.000000,0.000000,-1.571000,-0.298932,1.004886,0.153622,1.059602
8.394000,-0.001069,-0.004886,0.946590,-0.000410,-0.000032,0.105093,0.000014,0.000024,1.570308,-0.300000,1.000000,1.100000,0.000000,0.000000,-1.571000,-0.298931,1.004886,0.153410,1.059571
8.396000,-0.001070,-0.004886,0.946794,-0.000409,-0.000031,0.100529,0.000013,0.000035,1.570308,-0.300000,1.000000,1.100000,0.000000,0.000000,-1.571000,-0.298930,1.004886,0.153206,1.059541
8.398000,-0.001071,-0.004886,0.946988,-0.000408,-0.000030,0.096000,0.000012,0.000045,1.570308,-0.300000,1.000000,1.100000,0.000000,0.000000,-1.571000,-0.298929,1.004886,0.153012,1.059513
8.400000,-0.001071,-0.004886,0.947174,-0.000407,-0.000030,0.091506,0.000010,0.000055,1.570308,-0.300000,1.000000,1.100000,0.000000,0.000000,-1.571000,-0.298929,1.004886,0.152826,1.059486
8.402000,-0.001072,-0.004886,0.947350,-0.000406,-0.000029,0.087048,0.000009,0.000065,1.570308,-0.300000,1.000000,1.100000,0.000000,0.000000,-1.571000,-0.298928,1.004886,0.152650,1.059460
8.404000,-0.001073,-0.004886,0.947518,-0.000405,-0.000028,0.082625,0.000008,0.000074,1.570308,-0.300000,1.000000,1.100000,0.000000,0.000000,-1.571000,-0.298927,1.004886,0.152482,1.059436
8.406000,-0.001074,-0.004886,0.947677,-0.000405,-0.000026,0.078236,0.000007,0.000082,1.570308,-0.300000,1.000000,1.100000,0.000000,0.000000,-1.571000,-0.298926,1.004886,0.152323,1.059413
8.408000,-0.001075,-0.004886,0.947827,-0.000404,-0.000025,0.073883,0.000006,0.000090,1.570308,-0.300000,1.000000,1.100000,0.000000,0.000000,-1.571000,-0.298925,1.004886,0.152173,1.059391
8.410000,-0.001076,-0.004886,0.947968,-0.000403,-0.000024,0.069564,0.000005,0.000098,1.570308,-0.300000,1.000000,1.100000,0.000000,0.000000,-1.571000,-0.298924,1.004886,0.152032,1.059371
8.412000,-0.001076,-0.004886,0.948101,-0.000402,-0.000022,0.065280,0.000004,0.000105,1.570308,-0.300000,1.000000,1.100000,0.000000,0.000000,-1.571000,-0.298924,1.004886,0.151899,1.059351
8.414000,-0.001077,-0.004887,0.948225,-0.000401,-0.000020,0.061030,0.000002,0.000112,1.570308,-0.300000,1.000000,1.100000,0.000000,0.000000,-1.571000,-0.298923,1.004887,0.151775,1.059333
8.416000,-0.001078,-0.004887,0.948341,-0.000401,-0.000019,0.056815,0.000001,0.000118,1.570308,-0.300000,1.000000,1.100000,0.000000,0.000000,-1.571000,-0.298922,1.004887,0.151659,1.059317
8.418000,-0.001079,-0.004887,0.948449,-0.000400,-0.000017,0.052634,0.000000,0.000124,1.570308,-0.300000,1.000000,1.100000,0.000000,0.000000,-1.571000,-0.298921,1.004887,0.151551,1.059301
8.420000,-0.001080,-0.004887,0.948548,-0.000399,-0.000015,0.048487,-0.000001,0.000129,1.570308,-0.300000,1.000000,1.100000,0.000000,0.000000,-1.571000,-0.298920,1.004887,0.151452,1.059287
8.422000,-0.001080,-0.004887,0.948639,-0.000398,-0.000013,0.044373,-0.000002,0.000134,1.570308,-0.300000,1.000000,1.100000,0.000000,0.000000,-1.571000,-0.298920,1.004887,0.151361,1.059274
8.424000,-0.001081,-0.004887,0.948722,-0.000398,-0.000010,0.040294,-0.000003,0.000139,1.570308,-0.300000,1.000000,1.100000,0.000000,0.000000,-1.571000,-0.298919,1.004887,0.151278,1.059261
8.426000,-0.001082,-0.004887,0.948796,-0.000397,-0.000008,0.036249,-0.000005,0.000143,1.570308,-0.300000,1.000000,1.100000,0.000000,0.000000,-1.571000,-0.298918,1.004887,0.151204,1.059251
8.428000,-0.001083,-0.004887,0.948863,-0.000396,-0.000006,0.032238,-0.000006,0.000147,1.570308,-0.300000,1.000000,1.100000,0.000000,0.000000,-1.571000,-0.298917,1.004887,0.151137,1.059241
8.430000,-0.001083,-0.004887,0.948921,-0.000396,-0.000004,0.028260,-0.000007,0.000150,1.570308,-0.300000,1.000000,1.100000,0.000000,0.000000,-1.571000,-0.298917,1.004887,0.151079,1.059232
8.432000,-0.001084,-0.004887,0.948972,-0.000395,-0.000001,0.024315,-0.000008,0.000153,1.570308,-0.300000,1.000000,1.100000,0.000000,0.000000,-1.571000,-0.298916,1.004887,0.151028,1.059225
8.434000,-0.001085,-0.004887,0.949015,-0.000394,0.000001,0.020404,-0.000009,0.000156,1.570308,-0.300000,1.000000,1.100000,0.000000,0.000000,-1.571000,-0.298915,1.004887,0.150985,1.059219
8.436000,-0.001086,-0.004887,0.949050,-0.000394,0.000004,0.016525,-0.000010,0.000158,1.570308,-0.300000,1.000000,1.100000,0.000000,0.000000,-1.571000,-0.298914,1.004887,0.150950,1.059213
8.438000,-0.001087,-0.004887,0.949077,-0.000393,0.000006,0.012678,-0.000011,0.000160,1.570308,-0.300000,1.000000,1.100000,0.000000,0.000000,-1.571000,-0.298913,1.004887,0.150923,1.059209
8.440000,-0.001087,-0.004887,0.949097,-0.000393,0.000009,0.008872,-0.000013,0.000162,1.570308,-0.300000,1.000000,1.100000,0.000000,0.000000,-1.571000,-0.298913,1.004887,0.150903,1.059206
8.442000,-0.001088,-0.004887,0.949109,-0.000393,0.000011,0.005100,-0.000014,0.000163,1.570308,-0.300000,1.000000,1.100000,0.000000,0.000000,-1.571000,-0.298912,1.004887,0.150891,1.059204
8.444000,-0.001089,-0.004887,0.949113,-0.000394,0.000014,0.001354,-0.000015,0.000164,1.570308,-0.300000,1.000000,1.100000,0.000000,0.000000,-1.571000,-0.298911,1.004887,0.150887,1.059203
8.446000,-0.001090,-0.004887,0.949110,-0.000394,0.000016,-0.002367,-0.000016,0.000165,1.570308,-0.300000,1.000000,1.100000,0.000000,0.000000,-1.571000,-0.298910,1.004887,0.150890,1.059204
8.448000,-0.001091,-0.004887,0.949100,-0.000394,0.000019,-0.006065,-0.000017,0.000166,1.570308,-0.300000,1.000000,1.100000,0.000000,0.000000,-1.571000,-0.298909,1.004887,0.150900,1.059205
8.450000,-0.001091,-0.004887,0.949082,-0.000394,0.000022,-0.009739,-0.000018,0.000166,1.570308,-0.300000,1.000000,1.100000,0.000000,0.000000,-1.571000,-0.298909,1.004887,0.150918,1.059207
8.452000,-0.001092,-0.004886,0.949058,-0.000394,0.000024,-0.013366,-0.000020,0.000166,1.570308,-0.300000,1.000000,1.100000,0.000000,0.000000,-1.571000,-0.298908,1.004886,0.150942,1.059210
8.454000,-0.001093,-0.004886,0.949025,-0.000393,0.000027,-0.016962,-0.000021,0.000165,1.570309,-0.300000,1.000000,1.100000,0.000000,0.000000,-1.571000,-0.298907,1.004886,0.150975,1.059215
8.456000,-0.001094,-0.004886,0.948986,-0.000393,0.000029,-0.020526,-0.000022,0.000165,1.570309,-0.300000,1.000000,1.100000,0.000000,0.000000,-1.571000,-0.298906,1.004886,0.151014,1.059220
8.458000,-0.001095,-0.004886,0.948940,-0.000393,0.000032,-0.024059,-0.000023,0.000164,1.570309,-0.300000,1.000000,1.100000,0.000000,0.000000,-1.571000,-0.298905,1.004886,0.151060,1.059226
8.460000,-0.001095,-0.004886,0.948886,-0.000392,0.000035,-0.027561,-0.000024,0.000163,1.570309,-0.300000,1.000000,1.100000,0.000000,0.000000,-1.571000,-0.298905,1.004886,0.151114,1.059234
8.462000,-0.001096,-0.004886,0.948826,-0.000392,0.000037,-0.031031,-0.000025,0.000162,1.570309,-0.300000,1.000000,1.100000,0.000000,0.000000,-1.571000,-0.298904,1.004886,0.151174,1.059242
8.464000,-0.001097,-0.004886,0.948759,-0.000392,0.000040,-0.034471,-0.000027,0.000161,1.570309,-0.300000,1.000000,1.100000,0.000000,0.000000,-1.571000,-0.298903,1.004886,0.151241,1.059251
8.466000,-0.001098,-0.004886,0.948684,-0.000391,0.000042,-0.037882,-0.000028,0.000159,1.570309,-0.300000,1.000000,1.100000,0.000000,0.000000,-1.571000,-0.298902,1.004886,0.151316,1.059261
8.468000,-0.001098,-0.004886,0.948604,-0.000391,0.000045,-0.041264,-0.000029,0.000157,1.570309,-0.300000,1.000000,1.100000,0.000000,0.000000,-1.571000,-0.298902,1.004886,0.151396,1.059273
8.470000,-0.001099,-0.004886,0.948516,-0.000391,0.000047,-0.044617,-0.000030,0.000156,1.570309,-0.300000,1.000000,1.100000,0.000000,0.000000,-1.571000,-0.298901,1.004886,0.151484,1.059285
8.472000,-0.001100,-0.004886,0.948422,-0.000391,0.000050,-0.047942,-0.000031,0.000153,1.570309,-0.300000,1.000000,1.100000,0.000000,0.000000,-1.571000,-0.298900,1.004886,0.151578,1.059298
8.474000,-0.001101,-0.004886,0.948321,-0.000390,0.000052,-0.051238,-0.000032,0.000151,1.570309,-0.300000,1.000000,1.100000,0.000000,0.000000,-1.571000,-0.298899,1.004886,0.151679,1.059312
8.476000,-0.001102,-0.004886,0.948213,-0.000390,0.000054,-0.054503,-0.000033,0.000148,1.570309,-0.300000,1.000000,1.100000,0.000000,0.000000,-1.571000,-0.298898,1.004886,0.151787,1.059327
8.478000,-0.001102,-0.004885,0.948099,-0.000390,0.000057,-0.057739,-0.000034,0.000146,1.570309,-0.300000,1.000000,1.100000,0.000000,0.000000,-1.571000,-0.298898,1.004885,0.151901,1.059343
8.480000,-0.001103,-0.004885,0.947979,-0.000390,0.000059,-0.060945,-0.000035,0.000143,1.570310,-0.300000,1.000000,1.100000,0.000000,0.000000,-1.571000,-0.298897,1.004885,0.152021,1.059360
8.482000,-0.001104,-0.004885,0.947852,-0.000390,0.000061,-0.064121,-0.000036,0.000139,1.570310,-0.300000,1.000000,1.100000,0.000000,0.000000,-1.571000,-0.298896,1.004885,0.152148,1.059378
8.484000,-0.001105,-0.004885,0.947719,-0.000389,0.000063,-0.067268,-0.000037,0.000136,1.570310,-0.300000,1.000000,1.100000,0.000000,0.000000,-1.571000,-0.298895,1.004885,0.152281,1.059397
8.486000,-0.001105,-0.004885,0.947579,-0.000389,0.000065,-0.070386,-0.000038,0.000132,1.570311,-0.300000,1.000000,1.100000,0.000000,0.000000,-1.571000,-0.298895,1.004885,0.152421,1.059417
8.488000,-0.001106,-0.004885,0.947434,-0.000389,0.000067,-0.073475,-0.000039,0.000129,1.570311,-0.300000,1.000000,1.100000,0.000000,0.000000,-1.571000,-0.298894,1.004885,0.152566,1.059437
8.490000,-0.001107,-0.004885,0.947282,-0.000389,0.000069,-0.076536,-0.000040,0.000125,1.570311,-0.300000,1.000000,1.100000,0.000000,0.000000,-1.571000,-0.298893,1.004885,0.152718,1.059459
8.492000,-0.001108,-0.004884,0.947124,-0.000389,0.000071,-0.079570,-0.000040,0.000120,1.570312,-0.300000,1.000000,1.100000,0.000000,0.000000,-1.571000,-0.298892,1.004884,0.152876,1.059481
8.494000,-0.001109,-0.004884,0.946961,-0.000389,0.000073,-0.082577,-0.000041,0.000116,1.570313,-0.300000,1.000000,1.100000,0.000000,0.000000,-1.571000,-0.298891,1.004884,0.153039,1.059504
8.496000,-0.001109,-0.004884,0.946791,-0.000389,0.000075,-0.085557,-0.000041,0.000111,1.570313,-0.300000,1.000000,1.100000,0.000000,0.000000,-1.571000,-0.298891,1.004884,0.153209,1.059529
8.498000,-0.001110,-0.004884,0.946615,-0.000389,0.000076,-0.088510,-0.000042,0.000107,1.570314,-0.300000,1.000000,1.100000,0.000000,0.000000,-1.571000,-0.298890,1.004884,0.153385,1.059554
8.500000,-0.001111,-0.004884,0.946434,-0.000389,0.000078,-0.091437,-0.000042,0.000102,1.570315,-0.300000,1.000000,1.100000,0.000000,0.000000,-1.571000,-0.298889,1.004884,0.153566,1.059580
8.502000,-0.001112,-0.004884,0.946246,-0.000389,0.000079,-0.094338,-0.000042,0.000097,1.570316,-0.300000,1.000000,1.100000,0.000000,0.000000,-1.571000,-0.298888,1.004884,0.153754,1.059606
8.504000,-0.001112,-0.004884,0.946053,-0.000389,0.000081,-0.097213,-0.000042,0.000092,1.570316,-0.300000,1.000000,1.100000,0.000000,0.000000,-1.571000,-0.298888,1.004884,0.153947,1.059634
8.506000,-0.001113,-0.004883,0.945854,-0.000389,0.000082,-0.100062,-0.000042,0.000086,1.570317,-0.300000,1.000000,1.100000,0.000000,0.000000,-1.571000,-0.298887,1.004883,0.154146,1.059663
8.508000,-0.001114,-0.004883,0.945649,-0.000389,0.000084,-0.102884,-0.000041,0.000081,1.570318,-0.300000,1.000000,1.100000,0.000000,0.000000,-1.571000,-0.298886,1.004883,0.154351,1.059692
8.510000,-0.001115,-0.004883,0.945439,-0.000389,0.000085,-0.105680,-0.000041,0.000076,1.570319,-0.300000,1.000000,1.100000,0.000000,0.000000,-1.571000,-0.298885,1.004883,0.154561,1.059722
8.512000,-0.001116,-0.004883,0.945224,-0.000389,0.000086,-0.108449,-0.000041,0.000070,1.570320,-0.300000,1.000000,1.100000,0.000000,0.000000,-1.571000,-0.298884,1.004883,0.154776,1.059753
8.514000,-0.001116,-0.004883,0.945002,-0.000389,0.000087,-0.111192,-0.000040,0.000064,1.570321,-0.300000,1.000000,1.100000,0.000000,0.000000,-1.571000,-0.298884,1.004883,0.154998,1.059785
8.516000,-0.001117,-0.004883,0.944776,-0.000389,0.000088,-0.113909,-0.000040,0.000059,1.570322,-0.300000,1.000000,1.100000,0.000000,0.000000,-1.571000,-0.298883,1.004883,0.155224,1.059818
8.518000,-0.001118,-0.004882,0.944544,-0.000389,0.000088,-0.116598,-0.000039,0.000053,1.570323,-0.300000,1.000000,1.100000,0.000000,0.000000,-1.571000,-0.298882,1.004882,0.155456,1.059852
8.520000,-0.001119,-0.004882,0.944306,-0.000388,0.000089,-0.119259,-0.000039,0.000047,1.570324,-0.300000,1.000000,1.100000,0.000000,0.000000,-1.571000,-0.298881,1.004882,0.155694,1.059886
8.522000,-0.001119,-0.004882,0.944063,-0.000388,0.000090,-0.121894,-0.000038,0.000041,1.570325,-0.300000,1.000000,1.100000,0.000000,0.000000,-1.571000,-0.298881,1.004882,0.155937,1.059922
8.524000,-0.001120,-0.004882,0.943815,-0.000388,0.000090,-0.124502,-0.000038,0.000035,1.570326,-0.300000,1.000000,1.100000,0.000000,0.000000,-1.571000,-0.298880,1.004882,0.156185,1.059958
8.526000,-0.001121,-0.004882,0.943562,-0.000388,0.000091,-0.127083,-0.000037,0.000030,1.570327,-0.300000,1.000000,1.100000,0.000000,0.000000,-1.571000,-0.298879,1.004882,0.156438,1.059995
8.528000,-0.001122,-0.004881,0.943304,-0.000388,0.000091,-0.129641,-0.000036,0.000024,1.570328,-0.300000,1.000000,1.100000,0.000000,0.000000,-1.571000,-0.298878,1.004881,0.156696,1.060032
8.530000,-0.001123,-0.004881,0.943041,-0.000388,0.000091,-0.132173,-0.000035,0.000018,1.570329,-0.300000,1.000000,1.100000,0.000000,0.000000,-1.571000,-0.298877,1.004881,0.156959,1.060071
8.532000,-0.001123,-0.004881,0.942772,-0.000388,0.000091,-0.134681,-0.000035,0.000012,1.570330,-0.300000,1.000000,1.100000,0.000000,0.000000,-1.571000,-0.298877,1.004881,0.157228,1.060110
8.534000,-0.001124,-0.004881,0.942499,-0.000388,0.000091,-0.137165,-0.000034,0.000006,1.570331,-0.300000,1.000000,1.100000,0.000000,0.000000,-1.571000,-0.298876,1.004881,0.157501,1.060150
8.536000,-0.001125,-0.004881,0.942221,-0.000388,0.000091,-0.139624,-0.000033,0.000001,1.570332,-0.300000,1.000000,1.100000,0.000000,0.000000,-1.571000,-0.298875,1.004881,0.157779,1.060191
8.538000,-0.001126,-0.004881,0.941937,-0.000387,0.000091,-0.142061,-0.000032,-0.000005,1.570333,-0.300000,1.000000,1.100000,0.000000,0.000000,-1.571000,-0.298874,1.004881,0.158063,1.060233
8.540000,-0.001126,-0.004880,0.941649,-0.000387,0.000091,-0.144473,-0.000031,-0.000011,1.570334,-0.300000,1.000000,1.100000,0.000000,0.000000,-1.571000,-0.298874,1.004880,0.158351,1.060276
8.542000,-0.001127,-0.004880,0.941357,-0.000387,0.000090,-0.146861,-0.000030,-0.000016,1.570335,-0.300000,1.000000,1.100000,0.000000,0.000000,-1.571000,-0.298873,1.004880,0.158643,1.060319
8.544000,-0.001128,-0.004880,0.941059,-0.000387,0.000090,-0.149225,-0.000029,-0.000022,1.570336,-0.300000,1.000000,1.100000,0.000000,0.000000,-1.571000,-0.298872,1.004880,0.158941,1.060363
8.546000,-0.001129,-0.004880,0.940757,-0.000387,0.000089,-0.151565,-0.000028,-0.000027,1.570337,-0.300000,1.000000,1.100000,0.000000,0.000000,-1.571000,-0.298871,1.004880,0.159243,1.060408
8.548000,-0.001130,-0.004880,0.940450,-0.000386,0.000089,-0.153881,-0.000028,-0.000032,1.570338,-0.300000,1.000000,1.100000,0.000000,0.000000,-1.571000,-0.298870,1.004880,0.159550,1.060454
8.550000,-0.001130,-0.004879,0.940138,-0.000386,0.000088,-0.156174,-0.000027,-0.000037,1.570339,-0.300000,1.000000,1.100000,0.000000,0.000000,-1.571000,-0.298870,1.004879,0.159862,1.060501
8.552000,-0.001131,-0.004879,0.939822,-0.000386,0.000087,-0.158444,-0.000026,-0.000042,1.570340,-0.300000,1.000000,1.100000,0.000000,0.000000,-1.571000,-0.298869,1.004879,0.160178,1.060548
8.554000,-0.001132,-0.004879,0.939502,-0.000386,0.000086,-0.160691,-0.000025,-0.000047,1.570341,-0.300000,1.000000,1.100000,0.000000,0.000000,-1.571000,-0.298868,1.004879,0.160498,1.060596
8.556000,-0.001133,-0.004879,0.939177,-0.000385,0.000085,-0.162914,-0.000024,-0.000052,1.570342,-0.300000,1.000000,1.100000,0.000000,0.000000,-1.571000,-0.298867,1.004879,0.160823,1.060645
8.558000,-0.001133,-0.004879,0.938847,-0.000385,0.000084,-0.165114,-0.000023,-0.000056,1.570342,-0.300000,1.000000,1.100000,0.000000,0.000000,-1.571000,-0.298867,1.004879,0.161153,1.060695
8.560000,-0.001134,-0.004879,0.938513,-0.000385,0.000083,-0.167290,-0.000022,-0.000061,1.570343,-0.300000,1.000000,1.100000,0.000000,0.000000,-1.571000,-0.298866,1.004879,0.161487,1.060745
8.562000,-0.001135,-0.004878,0.938175,-0.000384,0.000082,-0.169444,-0.000021,-0.000065,1.570344,-0.300000,1.000000,1.100000,0.000000,0.000000,-1.571000,-0.298865,1.004878,0.161825,1.060796
8.564000,-0.001136,-0.004878,0.937833,-0.000384,0.000080,-0.171575,-0.000020,-0.000069,1.570345,-0.300000,1.000000,1.100000,0.000000,0.000000,-1.571000,-0.298864,1.004878,0.162167,1.060848
8.566000,-0.001136,-0.004878,0.937486,-0.000384,0.000079,-0.173686,-0.000019,-0.000073,1.570345,-0.300000,1.000000,1.100000,0.000000,0.000000,-1.571000,-0.298864,1.004878,0.162514,1.060901
8.568000,-0.001137,-0.004878,0.937135,-0.000383,0.000078,-0.175774,-0.000018,-0.000077,1.570346,-0.300000,1.000000,1.100000,0.000000,0.000000,-1.571000,-0.298863,1.004878,0.162865,1.060954
8.570000,-0.001138,-0.004878,0.936780,-0.000383,0.000076,-0.177841,-0.000017,-0.000081,1.570347,-0.300000,1.000000,1.100000,0.000000,0.000000,-1.571000,-0.298862,1.004878,0.163220,1.061008
8.572000,-0.001139,-0.004878,0.936421,-0.000382,0.000075,-0.179884,-0.000016,-0.000085,1.570348,-0.300000,1.000000,1.100000,0.000000,0.000000,-1.571000,-0.298861,1.004878,0.163579,1.061063
8.574000,-0.001140,-0.004878,0.936058,-0.000382,0.000073,-0.181906,-0.000015,-0.000089,1.570348,-0.300000,1.000000,1.100000,0.000000,0.000000,-1.571000,-0.298860,1.004878,0.163942,1.061119
8.576000,-0.001140,-0.004877,0.935691,-0.000381,0.000071,-0.183906,-0.000014,-0.000092,1.570349,-0.300000,1.000000,1.100000,0.000000,0.000000,-1.571000,-0.298860,1.004877,0.164309,1.061175
8.578000,-0.001141,-0.004877,0.935320,-0.000381,0.000070,-0.185886,-0.000013,-0.000096,1.570350,-0.300000,1.000000,1.100000,0.000000,0.000000,-1.571000,-0.298859,1.004877,0.164680,1.061233
8.580000,-0.001142,-0.004877,0.934945,-0.000380,0.000068,-0.187843,-0.000012,-0.000099,1.570350,-0.300000,1.000000,1.100000,0.000000,0.000000,-1.571000,-0.298858,1.004877,0.165055,1.061291
8.582000,-0.001143,-0.004877,0.934566,-0.000380,0.000066,-0.189779,-0.000011,-0.000103,1.570351,-0.300000,1.000000,1.100000,0.000000,0.000000,-1.571000,-0.298857,1.004877,0.165434,1.061349
8.584000,-0.001143,-0.004877,0.934183,-0.000379,0.000064,-0.191693,-0.000010,-0.000106,1.570351,-0.300000,1.000000,1.100000,0.000000,0.000000,-1.571000,-0.298857,1.004877,0.165817,1.061409
8.586000,-0.001144,-0.004877,0.933796,-0.000379,0.000062,-0.193588,-0.000009,-0.000109,1.570352,-0.300000,1.000000,1.100000,0.000000,0.000000,-1.571000,-0.298856,1.004877,0.166204,1.061469
8.588000,-0.001145,-0.004877,0.933406,-0.000378,0.000060,-0.195461,-0.000008,-0.000113,1.570353,-0.300000,1.000000,1.100000,0.000000,0.000000,-1.571000,-0.298855,1.004877,0.166594,1.061530
8.590000,-0.001146,-0.004877,0.933012,-0.000378,0.000058,-0.197314,-0.000006,-0.000116,1.570353,-0.300000,1.000000,1.100000,0.000000,0.000000,-1.571000,-0.298854,1.004877,0.166988,1.061591
8.592000,-0.001146,-0.004876,0.932614,-0.000377,0.000056,-0.199145,-0.000005,-0.000119,1.570354,-0.300000,1.000000,1.100000,0.000000,0.000000,-1.571000,-0.298854,1.004876,0.167386,1.061653
8.594000,-0.001147,-0.004876,0.932212,-0.000377,0.000054,-0.200956,-0.000004,-0.000122,1.570355,-0.300000,1.000000,1.100000,0.000000,0.000000,-1.571000,-0.298853,1.004876,0.167788,1.061717
8.596000,-0.001148,-0.004876,0.931807,-0.000376,0.000051,-0.202745,-0.000003,-0.000126,1.570355,-0.300000,1.000000,1.100000,0.000000,0.000000,-1.571000,-0.298852,1.004876,0.168193,1.061780
8.598000,-0.001149,-0.004876,0.931399,-0.000375,0.000049,-0.204512,-0.000002,-0.000129,1.570356,-0.300000,1.000000,1.100000,0.000000,0.000000,-1.571000,-0.298851,1.004876,0.168601,1.061845
8.600000,-0.001149,-0.004876,0.930987,-0.000375,0.000047,-0.206256,-0.000001,-0.000133,1.570356,-0.300000,1.000000,1.100000,0.000000,0.000000,-1.571000,-0.298851,1.004876,0.169013,1.061910
8.602000,-0.001150,-0.004876,0.930571,-0.000374,0.000044,-0.207979,-0.000000,-0.000136,1.570357,-0.300000,1.000000,1.100000,0.000000,0.000000,-1.571000,-0.298850,1.004876,0.169429,1.061976
8.604000,-0.001151,-0.004876,0.930152,-0.000373,0.000042,-0.209681,0.000001,-0.000140,1.570357,-0.300000,1.000000,1.100000,0.000000,0.000000,-1.571000,-0.298849,1.004876,0.169848,1.062043
8.606000,-0.001152,-0.004876,0.929730,-0.000373,0.000039,-0.211361,0.000002,-0.000143,1.570358,-0.300000,1.000000,1.100000,0.000000,0.000000,-1.571000,-0.298848,1.004876,0.170270,1.062110
8.608000,-0.001152,-0.004876,0.929304,-0.000372,0.000037,-0.213021,0.000003,-0.000147,1.570359,-0.300000,1.000000,1.100000,0.000000,0.000000,-1.571000,-0.298848,1.004876,0.170696,1.062178
8.610000,-0.001153,-0.004876,0.928876,-0.000371,0.000034,-0.214661,0.000004,-0.000151,1.570359,-0.300000,1.000000,1.100000,0.000000,0.000000,-1.571000,-0.298847,1.004876,0.171124,1.062247
8.612000,-0.001154,-0.004876,0.928443,-0.000370,0.000031,-0.216281,0.000005,-0.000155,1.570360,-0.300000,1.000000,1.100000,0.000000,0.000000,-1.571000,-0.298846,1.004876,0.171557,1.062316
8.614000,-0.001155,-0.004875,0.928008,-0.000370,0.000029,-0.217880,0.000006,-0.000159,1.570360,-0.300000,1.000000,1.100000,0.000000,0.000000,-1.571000,-0.298845,1.004875,0.171992,1.062386
8.616000,-0.001155,-0.004875,0.927569,-0.000369,0.000026,-0.219458,0.000007,-0.000163,1.570361,-0.300000,1.000000,1.100000,0.000000,0.000000,-1.571000,-0.298845,1.004875,0.172431,1.062457
8.618000,-0.001156,-0.004875,0.927128,-0.000368,0.000023,-0.221017,0.000008,-0.000168,1.570361,-0.300000,1.000000,1.100000,0.000000,0.000000,-1.571000,-0.298844,1.004875,0.172872,1.062529
8.620000,-0.001157,-0.004875,0.926683,-0.000367,0.000020,-0.222557,0.000009,-0.000172,1.570362,-0.300000,1.000000,1.100000,0.000000,0.000000,-1.571000,-0.298843,1.004875,0.173317,1.062601
8.622000,-0.001158,-0.004875,0.926235,-0.000366,0.000017,-0.224077,0.000010,-0.000176,1.570363,-0.300000,1.000000,1.100000,0.000000,0.000000,-1.571000,-0.298842,1.004875,0.173765,1.062674
8.624000,-0.001158,-0.004875,0.925784,-0.000365,0.000013,-0.225578,0.000011,-0.000181,1.570363,-0.300000,1.000000,1.100000,0.000000,0.000000,-1.571000,-0.298842,1.004875,0.174216,1.062747
8.626000,-0.001159,-0.004875,0.925330,-0.000365,0.000010,-0.227061,0.000012,-0.000186,1.570364,-0.300000,1.000000,1.100000,0.000000,0.000000,-1.571000,-0.298841,1.004875,0.174670,1.062822
8.628000,-0.001160,-0.004875,0.924874,-0.000364,0.000007,-0.228524,0.000013,-0.000191,1.570364,-0.300000,1.000000,1.100000,0.000000,0.000000,-1.571000,-0.298840,1.004875,0.175126,1.062896
8.630000,-0.001160,-0.004875,0.924414,-0.000363,0.000003,-0.229968,0.000014,-0.000196,1.570365,-0.300000,1.000000,1.100000,0.000000,0.000000,-1.571000,-0.298840,1.004875,0.175586,1.062972
8.632000,-0.001161,-0.004875,0.923951,-0.000362,-0.000000,-0.231394,0.000016,-0.000201,1.570365,-0.300000,1.000000,1.100000,0.000000,0.000000,-1.571000,-0.298839,1.004875,0.176049,1.063048
8.634000,-0.001162,-0.004875,0.923486,-0.000361,-0.000004,-0.232801,0.000017,-0.000206,1.570366,-0.300000,1.000000,1.100000,0.000000,0.000000,-1.571000,-0.298838,1.004875,0.176514,1.063125
8.636000,-0.001163,-0.004875,0.923018,-0.000360,-0.000007,-0.234189,0.000018,-0.000211,1.570366,-0.300000,1.000000,1.100000,0.000000,0.000000,-1.571000,-0.298837,1.004875,0.176982,1.063203
8.638000,-0.001163,-0.004875,0.922547,-0.000359,-0.000011,-0.235560,0.000019,-0.000216,1.570367,-0.300000,1.000000,1.100000,0.000000,0.000000,-1.571000,-0.298837,1.004875,0.177453,1.063281
8.640000,-0.001164,-0.004875,0.922073,-0.000358,-0.000015,-0.236912,0.000020,-0.000221,1.570368,-0.300000,1.000000,1.100000,0.000000,0.000000,-1.571000,-0.298836,1.004875,0.177927,1.063360
8.642000,-0.001165,-0.004875,0.921597,-0.000357,-0.000019,-0.238247,0.000021,-0.000226,1.570368,-0.300000,1.000000,1.100000,0.000000,0.000000,-1.571000,-0.298835,1.004875,0.178403,1.063440
8.644000,-0.001166,-0.004875,0.921118,-0.000356,-0.000023,-0.239565,0.000022,-0.000232,1.570368,-0.300000,1.000000,1.100000,0.000000,0.000000,-1.571000,-0.298834,1.004875,0.178882,1.063520
8.646000,-0.001166,-0.004875,0.920636,-0.000355,-0.000027,-0.240862,0.000023,-0.000237,1.570369,-0.300000,1.000000,1.100000,0.000000,0.000000,-1.571000,-0.298834,1.004875,0.179364,1.063601
8.648000,-0.001167,-0.004875,0.920152,-0.000354,-0.000031,-0.242142,0.000024,-0.000242,1.570369,-0.300000,1.000000,1.100000,0.000000,0.000000,-1.571000,-0.298833,1.004875,0.179848,1.063683
8.650000,-0.001168,-0.004876,0.919666,-0.000353,-0.000035,-0.243404,0.000025,-0.000248,1.570370,-0.300000,1.000000,1.100000,0.000000,0.000000,-1.571000,-0.298832,1.004876,0.180334,1.063765
8.652000,-0.001168,-0.004876,0.919177,-0.000352,-0.000040,-0.244649,0.000026,-0.000253,1.570370,-0.300000,1.000000,1.100000,0.000000,0.000000,-1.571000,-0.298832,1.004876,0.180823,1.063848
8.654000,-0.001169,-0.004876,0.918685,-0.000350,-0.000044,-0.245875,0.000027,-0.000259,1.570371,-0.300000,1.000000,1.100000,0.000000,0.000000,-1.571000,-0.298831,1.004876,0.181315,1.063932
8.656000,-0.001170,-0.004876,0.918191,-0.000349,-0.000049,-0.247085,0.000028,-0.000264,1.570371,-0.300000,1.000000,1.100000,0.000000,0.000000,-1.571000,-0.298830,1.004876,0.181809,1.064016
8.658000,-0.001170,-0.004876,0.917694,-0.000348,-0.000054,-0.248278,0.000029,-0.000269,1.570371,-0.300000,1.000000,1.100000,0.000000,0.000000,-1.571000,-0.298830,1.004876,0.182306,1.064101
8.660000,-0.001171,-0.004876,0.917196,-0.000347,-0.000058,-0.249454,0.000030,-0.000275,1.570372,-0.300000,1.000000,1.100000,0.000000,0.000000,-1.571000,-0.298829,1.004876,0.182804,1.064186
8.662000,-0.001172,-0.004876,0.916694,-0.000346,-0.000063,-0.250613,0.000031,-0.000280,1.570372,-0.300000,1.000000,1.100000,0.000000,0.000000,-1.571000,-0.298828,1.004876,0.183306,1.064272
8.664000,-0.001173,-0.004876,0.916191,-0.000345,-0.000068,-0.251756,0.000032,-0.000286,1.570372,-0.300000,1.000000,1.100000,0.000000,0.000000,-1.571000,-0.298827,1.004876,0.183809,1.064359
8.666000,-0.001173,-0.004876,0.915685,-0.000343,-0.000073,-0.252882,0.000033,-0.000291,1.570372,-0.300000,1.000000,1.100000,0.000000,0.000000,-1.571000,-0.298827,1.004876,0.184315,1.064446
8.668000,-0.001174,-0.004877,0.915177,-0.000342,-0.000078,-0.253992,0.000034,-0.000296,1.570373,-0.300000,1.000000,1.100000,0.000000,0.000000,-1.571000,-0.298826,1.004877,0.184823,1.064534
8.670000,-0.001175,-0.004877,0.914667,-0.000341,-0.000083,-0.255085,0.000035,-0.000301,1.570373,-0.300000,1.000000,1.100000,0.000000,0.000000,-1.571000,-0.298825,1.004877,0.185333,1.064623
8.672000,-0.001175,-0.004877,0.914155,-0.000340,-0.000089,-0.256163,0.000036,-0.000307,1.570373,-0.300000,1.000000,1.100000,0.000000,0.000000,-1.571000,-0.298825,1.004877,0.185845,1.064712
8.674000,-0.001176,-0.004877,0.913640,-0.000338,-0.000094,-0.257224,0.000037,-0.000312,1.570373,-0.300000,1.000000,1.100000,0.000000,0.000000,-1.571000,-0.298824,1.004877,0.186360,1.064802
8.676000,-0.001177,-0.004877,0.913124,-0.000337,-0.000100,-0.258269,0.000037,-0.000317,1.570373,-0.300000,1.000000,1.100000,0.000000,0.000000,-1.571000,-0.298823,1.004877,0.186876,1.064893
8.678000,-0.001177,-0.004877,0.912605,-0.000336,-0.000105,-0.259297,0.000038,-0.000321,1.570374,-0.300000,1.000000,1.100000,0.000000,0.000000,-1.571000,-0.298823,1.004877,0.187395,1.064984
8.680000,-0.001178,-0.004878,0.912085,-0.000334,-0.000111,-0.260309,0.000038,-0.000326,1.570374,-0.300000,1.000000,1.100000,0.000000,0.000000,-1.571000,-0.298822,1.004878,0.187915,1.065076
8.682000,-0.001179,-0.004878,0.911562,-0.000333,-0.000117,-0.261305,0.000039,-0.000331,1.570374,-0.300000,1.000000,1.100000,0.000000,0.000000,-1.571000,-0.298821,1.004878,0.188438,1.065168
8.684000,-0.001179,-0.004878,0.911037,-0.000332,-0.000122,-0.262285,0.000039,-0.000335,1.570374,-0.300000,1.000000,1.100000,0.000000,0.000000,-1.571000,-0.298821,1.004878,0.188963,1.065261
8.686000,-0.001180,-0.004878,0.910511,-0.000331,-0.000128,-0.263249,0.000039,-0.000339,1.570374,-0.300000,1.000000,1.100000,0.000000,0.000000,-1.571000,-0.298820,1.004878,0.189489,1.065355
8.688000,-0.001181,-0.004879,0.909982,-0.000329,-0.000134,-0.264198,0.000039,-0.000343,1.570374,-0.300000,1.000000,1.100000,0.000000,0.000000,-1.571000,-0.298819,1.004879,0.190018,1.065449
8.690000,-0.001181,-0.004879,0.909452,-0.000328,-0.000140,-0.265132,0.000039,-0.000346,1.570374,-0.300000,1.000000,1.100000,0.000000,0.000000,-1.571000,-0.298819,1.004879,0.190548,1.065543
8.692000,-0.001182,-0.004879,0.908920,-0.000327,-0.000146,-0.266050,0.000039,-0.000349,1.570374,-0.300000,1.000000,1.100000,0.000000,0.000000,-1.571000,-0.298818,1.004879,0.191080,1.065639
8.694000,-0.001183,-0.004880,0.908386,-0.000325,-0.000152,-0.266953,0.000039,-0.000352,1.570374,-0.300000,1.000000,1.100000,0.000000,0.000000,-1.571000,-0.298817,1.004880,0.191614,1.065735
8.696000,-0.001183,-0.004880,0.907850,-0.000324,-0.000158,-0.267841,0.000038,-0.000355,1.570373,-0.300000,1.000000,1.100000,0.000000,0.000000,-1.571000,-0.298817,1.004880,0.192150,1.065831
8.698000,-0.001184,-0.004880,0.907313,-0.000323,-0.000165,-0.268714,0.000038,-0.000357,1.570373,-0.300000,1.000000,1.100000,0.000000,0.000000,-1.571000,-0.298816,1.004880,0.192687,1.065929
8.700000,-0.001185,-0.004881,0.906773,-0.000321,-0.000171,-0.269570,0.000038,-0.000359,1.570373,-0.300000,1.000000,1.100000,0.000000,0.000000,-1.571000,-0.298815,1.004881,0.193227,1.066026
8.702000,-0.001185,-0.004881,0.906232,-0.000320,-0.000177,-0.270412,0.000037,-0.000361,1.570373,-0.300000,1.000000,1.100000,0.000000,0.000000,-1.571000,-0.298815,1.004881,0.193768,1.066125
8.704000,-0.001186,-0.004881,0.905690,-0.000319,-0.000183,-0.271238,0.000037,-0.000362,1.570373,-0.300000,1.000000,1.100000,0.000000,0.000000,-1.571000,-0.298814,1.004881,0.194310,1.066224
8.706000,-0.001186,-0.004882,0.905146,-0.000318,-0.000190,-0.272049,0.000036,-0.000363,1.570373,-0.300000,1.000000,1.100000,0.000000,0.000000,-1.571000,-0.298814,1.004882,0.194854,1.066323
8.708000,-0.001187,-0.004882,0.904600,-0.000316,-0.000196,-0.272845,0.000036,-0.000364,1.570373,-0.300000,1.000000,1.100000,0.000000,0.000000,-1.571000,-0.298813,1.004882,0.195400,1.066423
8.710000,-0.001188,-0.004882,0.904052,-0.000315,-0.000202,-0.273628,0.000035,-0.000364,1.570373,-0.300000,1.000000,1.100000,0.000000,0.000000,-1.571000,-0.298812,1.004882,0.195948,1.066524
8.712000,-0.001188,-0.004883,0.903503,-0.000314,-0.000208,-0.274396,0.000034,-0.000364,1.570373,-0.300000,1.000000,1.100000,0.000000,0.000000,-1.571000,-0.298812,1.004883,0.196497,1.066625
8.714000,-0.001189,-0.004883,0.902953,-0.000313,-0.000215,-0.275151,0.000034,-0.000364,1.570373,-0.300000,1.000000,1.100000,0.000000,0.000000,-1.571000,-0.298811,1.004883,0.197047,1.066727
8.716000,-0.001190,-0.004884,0.902401,-0.000311,-0.000221,-0.275892,0.000033,-0.000363,1.570373,-0.300000,1.000000,1.100000,0.000000,0.000000,-1.571000,-0.298810,1.004884,0.197599,1.066829
8.718000,-0.001190,-0.004884,0.901848,-0.000310,-0.000227,-0.276620,0.000032,-0.000363,1.570373,-0.300000,1.000000,1.100000,0.000000,0.000000,-1.571000,-0.298810,1.004884,0.198152,1.066932
8.720000,-0.001191,-0.004885,0.901293,-0.000309,-0.000233,-0.277333,0.000031,-0.000361,1.570373,-0.300000,1.000000,1.100000,0.000000,0.000000,-1.571000,-0.298809,1.004885,0.198707,1.067035
8.722000,-0.001191,-0.004885,0.900736,-0.000308,-0.000240,-0.278032,0.000031,-0.000360,1.570373,-0.300000,1.000000,1.100000,0.000000,0.000000,-1.571000,-0.298809,1.004885,0.199264,1.067139
8.724000,-0.001192,-0.004886,0.900179,-0.000307,-0.000246,-0.278716,0.000030,-0.000358,1.570373,-0.300000,1.000000,1.100000,0.000000,0.000000,-1.571000,-0.298808,1.004886,0.199821,1.067244
8.726000,-0.001193,-0.004886,0.899620,-0.000306,-0.000252,-0.279386,0.000029,-0.000357,1.570373,-0.300000,1.000000,1.100000,0.000000,0.000000,-1.571000,-0.298807,1.004886,0.200380,1.067349
8.728000,-0.001193,-0.004887,0.899059,-0.000305,-0.000258,-0.280043,0.000028,-0.000355,1.570373,-0.300000,1.000000,1.100000,0.000000,0.000000,-1.571000,-0.298807,1.004887,0.200941,1.067455
8.730000,-0.001194,-0.004887,0.898498,-0.000304,-0.000264,-0.280686,0.000027,-0.000352,1.570373,-0.300000,1.000000,1.100000,0.000000,0.000000,-1.571000,-0.298806,1.004887,0.201502,1.067561
8.732000,-0.001194,-0.004888,0.897935,-0.000303,-0.000270,-0.281316,0.000026,-0.000350,1.570372,-0.300000,1.000000,1.100000,0.000000,0.000000,-1.571000,-0.298806,1.004888,0.202065,1.067668
8.734000,-0.001195,-0.004888,0.897371,-0.000302,-0.000276,-0.281934,0.000025,-0.000347,1.570372,-0.300000,1.000000,1.100000,0.000000,0.000000,-1.571000,-0.298805,1.004888,0.202629,1.067775
8.736000,-0.001196,-0.004889,0.896805,-0.000300,-0.000282,-0.282538,0.000025,-0.000344,1.570372,-0.300000,1.000000,1.100000,0.000000,0.000000,-1.571000,-0.298804,1.004889,0.203195,1.067883
8.738000,-0.001196,-0.004889,0.896239,-0.000299,-0.000288,-0.283129,0.000024,-0.000342,1.570372,-0.300000,1.000000,1.100000,0.000000,0.000000,-1.571000,-0.298804,1.004889,0.203761,1.067991
8.740000,-0.001197,-0.004890,0.895671,-0.000298,-0.000293,-0.283705,0.000023,-0.000338,1.570372,-0.300000,1.000000,1.100000,0.000000,0.000000,-1.571000,-0.298803,1.004890,0.204329,1.068100
8.742000,-0.001197,-0.004891,0.895102,-0.000298,-0.000299,-0.284268,0.000022,-0.000335,1.570372,-0.300000,1.000000,1.100000,0.000000,0.000000,-1.571000,-0.298803,1.004891,0.204898,1.068209
8.744000,-0.001198,-0.004891,0.894532,-0.000297,-0.000305,-0.284817,0.000021,-0.000332,1.570372,-0.300000,1.000000,1.100000,0.000000,0.000000,-1.571000,-0.298802,1.004891,0.205468,1.068319
8.746000,-0.001199,-0.004892,0.893961,-0.000296,-0.000310,-0.285353,0.000020,-0.000329,1.570372,-0.300000,1.000000,1.100000,0.000000,0.000000,-1.571000,-0.298801,1.004892,0.206039,1.068429
8.748000,-0.001199,-0.004892,0.893389,-0.000295,-0.000316,-0.285876,0.000019,-0.000325,1.570372,-0.300000,1.000000,1.100000,0.000000,0.000000,-1.571000,-0.298801,1.004892,0.206611,1.068540
8.750000,-0.001200,-0.004893,0.892816,-0.000294,-0.000321,-0.286386,0.000018,-0.000321,1.570372,-0.300000,1.000000,1.100000,0.000000,0.000000,-1.571000,-0.298800,1.004893,0.207184,1.068652
8.752000,-0.001200,-0.004894,0.892242,-0.000293,-0.000327,-0.286883,0.000017,-0.000318,1.570371,-0.300000,1.000000,1.100000,0.000000,0.000000,-1.571000,-0.298800,1.004894,0.207758,1.068764
8.754000,-0.001201,-0.004894,0.891667,-0.000292,-0.000332,-0.287367,0.000016,-0.000314,1.570371,-0.300000,1.000000,1.100000,0.000000,0.000000,-1.571000,-0.298799,1.004894,0.208333,1.068876
8.756000,-0.001202,-0.004895,0.891091,-0.000291,-0.000337,-0.287837,0.000015,-0.000310,1.570371,-0.300000,1.000000,1.100000,0.000000,0.000000,-1.571000,-0.298798,1.004895,0.208909,1.068989
8.758000,-0.001202,-0.004896,0.890514,-0.000290,-0.000342,-0.288295,0.000014,-0.000306,1.570371,-0.300000,1.000000,1.100000,0.000000,0.000000,-1.571000,-0.298798,1.004896,0.209486,1.069102
8.760000,-0.001203,-0.004896,0.889936,-0.000290,-0.000347,-0.288741,0.000013,-0.000302,1.570371,-0.300000,1.000000,1.100000,0.000000,0.000000,-1.571000,-0.298797,1.004896,0.210064,1.069216
8.762000,-0.001203,-0.004897,0.889358,-0.000289,-0.000352,-0.289176,0.000013,-0.000298,1.570371,-0.300000,1.000000,1.100000,0.000000,0.000000,-1.571000,-0.298797,1.004897,0.210642,1.069331
8.764000,-0.001204,-0.004898,0.888778,-0.000288,-0.000357,-0.289599,0.000012,-0.000294,1.570371,-0.300000,1.000000,1.100000,0.000000,0.000000,-1.571000,-0.298796,1.004898,0.211222,1.069445
8.766000,-0.001205,-0.004899,0.888198,-0.000287,-0.000362,-0.290010,0.000011,-0.000290,1.570371,-0.300000,1.000000,1.100000,0.000000,0.000000,-1.571000,-0.298795,1.004899,0.211802,1.069561
8.768000,-0.001205,-0.004899,0.887616,-0.000287,-0.000367,-0.290411,0.000010,-0.000286,1.570370,-0.300000,1.000000,1.100000,0.000000,0.000000,-1.571000,-0.298795,1.004899,0.212384,1.069676
8.770000,-0.001206,-0.004900,0.887034,-0.000286,-0.000371,-0.290800,0.000009,-0.000282,1.570370,-0.300000,1.000000,1.100000,0.000000,0.000000,-1.571000,-0.298794,1.004900,0.212966,1.069793
8.772000,-0.001206,-0.004901,0.886452,-0.000285,-0.000376,-0.291177,0.000008,-0.000278,1.570370,-0.300000,1.000000,1.100000,0.000000,0.000000,-1.571000,-0.298794,1.004901,0.213548,1.069909
8.774000,-0.001207,-0.004902,0.885868,-0.000285,-0.000380,-0.291542,0.000007,-0.000274,1.570370,-0.300000,1.000000,1.100000,0.000000,0.000000,-1.571000,-0.298793,1.004902,0.214132,1.070027
8.776000,-0.001207,-0.004902,0.885284,-0.000284,-0.000385,-0.291897,0.000006,-0.000270,1.570370,-0.300000,1.000000,1.100000,0.000000,0.000000,-1.571000,-0.298793,1.004902,0.214716,1.070144
8.778000,-0.001208,-0.004903,0.884699,-0.000283,-0.000389,-0.292239,0.000005,-0.000266,1.570370,-0.300000,1.000000,1.100000,0.000000,0.000000,-1.571000,-0.298792,1.004903,0.215301,1.070262
8.780000,-0.001208,-0.004904,0.884114,-0.000283,-0.000393,-0.292571,0.000004,-0.000263,1.570370,-0.300000,1.000000,1.100000,0.000000,0.000000,-1.571000,-0.298792,1.004904,0.215886,1.070381
8.782000,-0.001209,-0.004905,0.883527,-0.000282,-0.000397,-0.292891,0.000003,-0.000259,1.570370,-0.300000,1.000000,1.100000,0.000000,0.000000,-1.571000,-0.298791,1.004905,0.216473,1.070500
8.784000,-0.001210,-0.004905,0.882941,-0.000282,-0.000401,-0.293200,0.000002,-0.000255,1.570370,-0.300000,1.000000,1.100000,0.000000,0.000000,-1.571000,-0.298790,1.004905,0.217059,1.070619
8.786000,-0.001210,-0.004906,0.882353,-0.000281,-0.000405,-0.293497,0.000001,-0.000251,1.570370,-0.300000,1.000000,1.100000,0.000000,0.000000,-1.571000,-0.298790,1.004906,0.217647,1.070739
8.788000,-0.001211,-0.004907,0.881765,-0.000280,-0.000409,-0.293782,-0.000000,-0.000248,1.570370,-0.300000,1.000000,1.100000,0.000000,0.000000,-1.571000,-0.298789,1.004907,0.218235,1.070859
8.790000,-0.001211,-0.004908,0.881177,-0.000280,-0.000413,-0.294055,-0.000001,-0.000244,1.570370,-0.300000,1.000000,1.100000,0.000000,0.000000,-1.571000,-0.298789,1.004908,0.218823,1.070980
8.792000,-0.001212,-0.004909,0.880587,-0.000279,-0.000417,-0.294317,-0.000002,-0.000241,1.570371,-0.300000,1.000000,1.100000,0.000000,0.000000,-1.571000,-0.298788,1.004909,0.219413,1.071101
8.794000,-0.001212,-0.004910,0.879998,-0.000279,-0.000421,-0.294567,-0.000003,-0.000237,1.570371,-0.300000,1.000000,1.100000,0.000000,0.000000,-1.571000,-0.298788,1.004910,0.220002,1.071223
8.796000,-0.001213,-0.004910,0.879408,-0.000279,-0.000424,-0.294808,-0.000004,-0.000234,1.570371,-0.300000,1.000000,1.100000,0.000000,0.000000,-1.571000,-0.298787,1.004910,0.220592,1.071345
8.798000,-0.001214,-0.004911,0.878817,-0.000278,-0.000428,-0.295038,-0.000005,-0.000230,1.570371,-0.300000,1.000000,1.100000,0.000000,0.000000,-1.571000,-0.298786,1.004911,0.221183,1.071467
8.800000,-0.001214,-0.004912,0.878226,-0.000278,-0.000432,-0.295258,-0.000006,-0.000227,1.570371,-0.300000,1.000000,1.100000,0.000000,0.000000,-1.571000,-0.298786,1.004912,0.221774,1.071590
8.802000,-0.001215,-0.004913,0.877635,-0.000277,-0.000435,-0.295467,-0.000007,-0.000224,1.570371,-0.300000,1.000000,1.100000,0.000000,0.000000,-1.571000,-0.298785,1.004913,0.222365,1.071713
8.804000,-0.001215,-0.004914,0.877043,-0.000277,-0.000438,-0.295664,-0.000008,-0.000221,1.570371,-0.300000,1.000000,1.100000,0.000000,0.000000,-1.571000,-0.298785,1.004914,0.222957,1.071837
8.806000,-0.001216,-0.004915,0.876451,-0.000277,-0.000442,-0.295851,-0.000009,-0.000218,1.570371,-0.300000,1.000000,1.100000,0.000000,0.000000,-1.571000,-0.298784,1.004915,0.223549,1.071961
8.808000,-0.001216,-0.004916,0.875858,-0.000276,-0.000445,-0.296027,-0.000010,-0.000216,1.570371,-0.300000,1.000000,1.100000,0.000000,0.000000,-1.571000,-0.298784,1.004916,0.224142,1.072085
8.810000,-0.001217,-0.004917,0.875265,-0.000276,-0.000448,-0.296193,-0.000011,-0.000213,1.570370,-0.300000,1.000000,1.100000,0.000000,0.000000,-1.571000,-0.298783,1.004917,0.224735,1.072210
8.812000,-0.001217,-0.004917,0.874672,-0.000276,-0.000451,-0.296350,-0.000012,-0.000210,1.570370,-0.300000,1.000000,1.100000,0.000000,0.000000,-1.571000,-0.298783,1.004917,0.225328,1.072335
8.814000,-0.001218,-0.004918,0.874079,-0.000275,-0.000455,-0.296496,-0.000013,-0.000208,1.570370,-0.300000,1.000000,1.100000,0.000000,0.000000,-1.571000,-0.298782,1.004918,0.225921,1.072461
8.816000,-0.001219,-0.004919,0.873485,-0.000275,-0.000458,-0.296632,-0.000014,-0.000206,1.570370,-0.300000,1.000000,1.100000,0.000000,0.000000,-1.571000,-0.298781,1.004919,0.226515,1.072587
8.818000,-0.001219,-0.004920,0.872891,-0.000275,-0.000461,-0.296756,-0.000015,-0.000204,1.570370,-0.300000,1.000000,1.100000,0.000000,0.000000,-1.571000,-0.298781,1.004920,0.227109,1.072713
8.820000,-0.001220,-0.004921,0.872296,-0.000275,-0.000464,-0.296869,-0.000016,-0.000202,1.570370,-0.300000,1.000000,1.100000,0.000000,0.000000,-1.571000,-0.298780,1.004921,0.227704,1.072840
8.822000,-0.001220,-0.004922,0.871702,-0.000274,-0.000467,-0.296973,-0.000017,-0.000200,1.570370,-0.300000,1.000000,1.100000,0.000000,0.000000,-1.571000,-0.298780,1.004922,0.228298,1.072967
8.824000,-0.001221,-0.004923,0.871107,-0.000274,-0.000470,-0.297067,-0.000018,-0.000198,1.570370,-0.300000,1.000000,1.100000,0.000000,0.000000,-1.571000,-0.298779,1.004923,0.228893,1.073094
8.826000,-0.001221,-0.004924,0.870512,-0.000274,-0.000472,-0.297152,-0.000019,-0.000196,1.570370,-0.300000,1.000000,1.100000,0.000000,0.000000,-1.571000,-0.298779,1.004924,0.229488,1.073222
8.828000,-0.001222,-0.004925,0.869917,-0.000274,-0.000475,-0.297227,-0.000020,-0.000195,1.570369,-0.300000,1.000000,1.100000,0.000000,0.000000,-1.571000,-0.298778,1.004925,0.230083,1.073350
8.830000,-0.001222,-0.004926,0.869322,-0.000274,-0.000478,-0.297292,-0.000021,-0.000194,1.570369,-0.300000,1.000000,1.100000,0.000000,0.000000,-1.571000,-0.298778,1.004926,0.230678,1.073479
8.832000,-0.001223,-0.004927,0.868727,-0.000274,-0.000481,-0.297347,-0.000022,-0.000192,1.570369,-0.300000,1.000000,1.100000,0.000000,0.000000,-1.571000,-0.298777,1.004927,0.231273,1.073607
8.834000,-0.001223,-0.004928,0.868132,-0.000273,-0.000484,-0.297392,-0.000023,-0.000191,1.570369,-0.300000,1.000000,1.100000,0.000000,0.000000,-1.571000,-0.298777,1.004928,0.231868,1.073737
8.836000,-0.001224,-0.004929,0.867536,-0.000273,-0.000486,-0.297428,-0.000023,-0.000190,1.570369,-0.300000,1.000000,1.100000,0.000000,0.000000,-1.571000,-0.298776,1.004929,0.232464,1.073866
8.838000,-0.001225,-0.004930,0.866941,-0.000273,-0.000489,-0.297454,-0.000024,-0.000190,1.570369,-0.300000,1.000000,1.100000,0.000000,0.000000,-1.571000,-0.298775,1.004930,0.233059,1.073996
8.840000,-0.001225,-0.004931,0.866345,-0.000273,-0.000492,-0.297472,-0.000025,-0.000189,1.570369,-0.300000,1.000000,1.100000,0.000000,0.000000,-1.571000,-0.298775,1.004931,0.233655,1.074126
8.842000,-0.001226,-0.004932,0.865750,-0.000273,-0.000494,-0.297480,-0.000026,-0.000188,1.570369,-0.300000,1.000000,1.100000,0.000000,0.000000,-1.571000,-0.298774,1.004932,0.234250,1.074257
8.844000,-0.001226,-0.004933,0.865154,-0.000273,-0.000497,-0.297480,-0.000027,-0.000188,1.570369,-0.300000,1.000000,1.100000,0.000000,0.000000,-1.571000,-0.298774,1.004933,0.234846,1.074387
8.846000,-0.001227,-0.004934,0.864559,-0.000273,-0.000500,-0.297470,-0.000028,-0.000187,1.570369,-0.300000,1.000000,1.100000,0.000000,0.000000,-1.571000,-0.298773,1.004934,0.235441,1.074518
8.848000,-0.001227,-0.004935,0.863963,-0.000273,-0.000502,-0.297450,-0.000029,-0.000187,1.570369,-0.300000,1.000000,1.100000,0.000000,0.000000,-1.571000,-0.298773,1.004935,0.236037,1.074650
8.850000,-0.001228,-0.004936,0.863368,-0.000273,-0.000505,-0.297421,-0.000030,-0.000187,1.570369,-0.300000,1.000000,1.100000,0.000000,0.000000,-1.571000,-0.298772,1.004936,0.236632,1.074782
8.852000,-0.001228,-0.004937,0.862772,-0.000274,-0.000508,-0.297385,-0.000031,-0.000187,1.570369,-0.300000,1.000000,1.100000,0.000000,0.000000,-1.571000,-0.298772,1.004937,0.237228,1.074914
8.854000,-0.001229,-0.004938,0.862177,-0.000274,-0.000510,-0.297340,-0.000032,-0.000187,1.570369,-0.300000,1.000000,1.100000,0.000000,0.000000,-1.571000,-0.298771,1.004938,0.237823,1.075046
8.856000,-0.001229,-0.004939,0.861582,-0.000274,-0.000513,-0.297286,-0.000033,-0.000187,1.570369,-0.300000,1.000000,1.100000,0.000000,0.000000,-1.571000,-0.298771,1.004939,0.238418,1.075179
8.858000,-0.001230,-0.004940,0.860987,-0.000274,-0.000515,-0.297222,-0.000034,-0.000187,1.570369,-0.300000,1.000000,1.100000,0.000000,0.000000,-1.571000,-0.298770,1.004940,0.239013,1.075312
8.860000,-0.001231,-0.004941,0.860392,-0.000274,-0.000518,-0.297148,-0.000035,-0.000187,1.570369,-0.300000,1.000000,1.100000,0.000000,0.000000,-1.571000,-0.298769,1.004941,0.239608,1.075445
8.862000,-0.001231,-0.004942,0.859797,-0.000274,-0.000521,-0.297065,-0.000035,-0.000187,1.570369,-0.300000,1.000000,1.100000,0.000000,0.000000,-1.571000,-0.298769,1.004942,0.240203,1.075578
8.864000,-0.001232,-0.004943,0.859202,-0.000274,-0.000523,-0.296973,-0.000036,-0.000188,1.570369,-0.300000,1.000000,1.100000,0.000000,0.000000,-1.571000,-0.298768,1.004943,0.240798,1.075712
8.866000,-0.001232,-0.004944,0.858608,-0.000275,-0.000526,-0.296872,-0.000036,-0.000188,1.570369,-0.300000,1.000000,1.100000,0.000000,0.000000,-1.571000,-0.298768,1.004944,0.241392,1.075846
8.868000,-0.001233,-0.004945,0.858014,-0.000275,-0.000529,-0.296762,-0.000037,-0.000189,1.570369,-0.300000,1.000000,1.100000,0.000000,0.000000,-1.571000,-0.298767,1.004945,0.241986,1.075980
8.870000,-0.001233,-0.004946,0.857420,-0.000275,-0.000531,-0.296643,-0.000037,-0.000189,1.570369,-0.300000,1.000000,1.100000,0.000000,0.000000,-1.571000,-0.298767,1.004946,0.242580,1.076115
8.872000,-0.001234,-0.004947,0.856826,-0.000275,-0.000534,-0.296516,-0.000037,-0.000190,1.570369,-0.300000,1.000000,1.100000,0.000000,0.000000,-1.571000,-0.298766,1.004947,0.243174,1.076250
8.874000,-0.001234,-0.004948,0.856233,-0.000275,-0.000536,-0.296379,-0.000037,-0.000190,1.570369,-0.300000,1.000000,1.100000,0.000000,0.000000,-1.571000,-0.298766,1.004948,0.243767,1.076385
8.876000,-0.001235,-0.004949,0.855640,-0.000275,-0.000539,-0.296234,-0.000037,-0.000191,1.570369,-0.300000,1.000000,1.100000,0.000000,0.000000,-1.571000,-0.298765,1.004949,0.244360,1.076520
8.878000,-0.001236,-0.004950,0.855047,-0.000276,-0.000542,-0.296081,-0.000037,-0.000192,1.570369,-0.300000,1.000000,1.100000,0.000000,0.000000,-1.571000,-0.298764,1.004950,0.244953,1.076656
8.880000,-0.001236,-0.004951,0.854454,-0.000276,-0.000544,-0.295921,-0.000037,-0.000193,1.570369,-0.300000,1.000000,1.100000,0.000000,0.000000,-1.571000,-0.298764,1.004951,0.245546,1.076792
8.882000,-0.001237,-0.004953,0.853862,-0.000276,-0.000547,-0.295752,-0.000037,-0.000194,1.570369,-0.300000,1.000000,1.100000,0.000000,0.000000,-1.571000,-0.298763,1.004953,0.246138,1.076928
8.884000,-0.001237,-0.004954,0.853270,-0.000276,-0.000550,-0.295575,-0.000037,-0.000195,1.570369,-0.300000,1.000000,1.100000,0.000000,0.000000,-1.571000,-0.298763,1.004954,0.246730,1.077064
8.886000,-0.001238,-0.004955,0.852679,-0.000276,-0.000553,-0.295389,-0.000036,-0.000195,1.570369,-0.300000,1.000000,1.100000,0.000000,0.000000,-1.571000,-0.298762,1.004955,0.247321,1.077200
8.888000,-0.001238,-0.004956,0.852088,-0.000277,-0.000555,-0.295197,-0.000036,-0.000196,1.570369,-0.300000,1.000000,1.100000,0.000000,0.000000,-1.571000,-0.298762,1.004956,0.247912,1.077337
8.890000,-0.001239,-0.004957,0.851497,-0.000277,-0.000558,-0.294997,-0.000035,-0.000197,1.570369,-0.300000,1.000000,1.100000,0.000000,0.000000,-1.571000,-0.298761,1.004957,0.248503,1.077474
8.892000,-0.001239,-0.004958,0.850907,-0.000277,-0.000561,-0.294790,-0.000035,-0.000198,1.570369,-0.300000,1.000000,1.100000,0.000000,0.000000,-1.571000,-0.298761,1.004958,0.249093,1.077611
8.894000,-0.001240,-0.004959,0.850317,-0.000277,-0.000564,-0.294576,-0.000035,-0.000199,1.570369,-0.300000,1.000000,1.100000,0.000000,0.000000,-1.571000,-0.298760,1.004959,0.249683,1.077749
8.896000,-0.001241,-0.004960,0.849727,-0.000277,-0.000566,-0.294353,-0.000034,-0.000200,1.570370,-0.300000,1.000000,1.100000,0.000000,0.000000,-1.571000,-0.298759,1.004960,0.250273,1.077886
8.898000,-0.001241,-0.004962,0.849139,-0.000277,-0.000569,-0.294121,-0.000034,-0.000200,1.570370,-0.300000,1.000000,1.100000,0.000000,0.000000,-1.571000,-0.298759,1.004962,0.250861,1.078024
8.900000,-0.001242,-0.004963,0.848550,-0.000278,-0.000572,-0.293881,-0.000033,-0.000201,1.570370,-0.300000,1.000000,1.100000,0.000000,0.000000,-1.571000,-0.298758,1.004963,0.251450,1.078162
8.902000,-0.001242,-0.004964,0.847962,-0.000278,-0.000575,-0.293635,-0.000032,-0.000202,1.570370,-0.300000,1.000000,1.100000,0.000000,0.000000,-1.571000,-0.298758,1.004964,0.252038,1.078300
8.904000,-0.001243,-0.004965,0.847375,-0.000278,-0.000578,-0.293383,-0.000032,-0.000202,1.570370,-0.300000,1.000000,1.100000,0.000000,0.000000,-1.571000,-0.298757,1.004965,0.252625,1.078439
8.906000,-0.001243,-0.004966,0.846788,-0.000278,-0.000581,-0.293124,-0.000031,-0.000203,1.570370,-0.300000,1.000000,1.100000,0.000000,0.000000,-1.571000,-0.298757,1.004966,0.253212,1.078577
8.908000,-0.001244,-0.004967,0.846201,-0.000278,-0.000583,-0.292857,-0.000031,-0.000204,1.570370,-0.300000,1.000000,1.100000,0.000000,0.000000,-1.571000,-0.298756,1.004967,0.253799,1.078716
8.910000,-0.001244,-0.004968,0.845615,-0.000278,-0.000586,-0.292583,-0.000030,-0.000204,1.570370,-0.300000,1.000000,1.100000,0.000000,0.000000,-1.571000,-0.298756,1.004968,0.254385,1.078855
8.912000,-0.001245,-0.004970,0.845030,-0.000278,-0.000589,-0.292302,-0.000029,-0.000205,1.570370,-0.300000,1.000000,1.100000,0.000000,0.000000,-1.571000,-0.298755,1.004970,0.254970,1.078994
8.914000,-0.001246,-0.004971,0.844445,-0.000278,-0.000592,-0.292015,-0.000029,-0.000205,1.570369,-0.300000,1.000000,1.100000,0.000000,0.000000,-1.571000,-0.298754,1.004971,0.255555,1.079133
8.916000,-0.001246,-0.004972,0.843861,-0.000278,-0.000595,-0.291721,-0.000028,-0.000206,1.570369,-0.300000,1.000000,1.100000,0.000000,0.000000,-1.571000,-0.298754,1.004972,0.256139,1.079273
8.918000,-0.001247,-0.004973,0.843277,-0.000278,-0.000598,-0.291420,-0.000027,-0.000206,1.570369,-0.300000,1.000000,1.100000,0.000000,0.000000,-1.571000,-0.298753,1.004973,0.256723,1.079412
8.920000,-0.001247,-0.004974,0.842694,-0.000278,-0.000601,-0.291112,-0.000027,-0.000207,1.570369,-0.300000,1.000000,1.100000,0.000000,0.000000,-1.571000,-0.298753,1.004974,0.257306,1.079552
8.922000,-0.001248,-0.004976,0.842112,-0.000278,-0.000603,-0.290797,-0.000026,-0.000207,1.570369,-0.300000,1.000000,1.100000,0.000000,0.000000,-1.571000,-0.298752,1.004976,0.257888,1.079692
8.924000,-0.001248,-0.004977,0.841530,-0.000278,-0.000606,-0.290473,-0.000025,-0.000208,1.570369,-0.300000,1.000000,1.100000,0.000000,0.000000,-1.571000,-0.298752,1.004977,0.258470,1.079832
8.926000,-0.001249,-0.004978,0.840949,-0.000278,-0.000609,-0.290143,-0.000024,-0.000208,1.570369,-0.300000,1.000000,1.100000,0.000000,0.000000,-1.571000,-0.298751,1.004978,0.259051,1.079972
8.928000,-0.001249,-0.004979,0.840369,-0.000278,-0.000612,-0.289807,-0.000024,-0.000209,1.570369,-0.300000,1.000000,1.100000,0.000000,0.000000,-1.571000,-0.298751,1.004979,0.259631,1.080113
8.930000,-0.001250,-0.004981,0.839789,-0.000278,-0.000615,-0.289465,-0.000023,-0.000209,1.570369,-0.300000,1.000000,1.100000,0.000000,0.000000,-1.571000,-0.298750,1.004981,0.260211,1.080253
8.932000,-0.001251,-0.004982,0.839210,-0.000278,-0.000618,-0.289116,-0.000022,-0.000210,1.570369,-0.300000,1.000000,1.100000,0.000000,0.000000,-1.571000,-0.298749,1.004982,0.260790,1.080394
8.934000,-0.001251,-0.004983,0.838632,-0.000278,-0.000621,-0.288760,-0.000022,-0.000210,1.570369,-0.300000,1.000000,1.100000,0.000000,0.000000,-1.571000,-0.298749,1.004983,0.261368,1.080535
8.936000,-0.001252,-0.004984,0.838055,-0.000278,-0.000624,-0.288397,-0.000021,-0.000211,1.570369,-0.300000,1.000000,1.100000,0.000000,0.000000,-1.571000,-0.298748,1.004984,0.261945,1.080675
8.938000,-0.001252,-0.004985,0.837478,-0.000278,-0.000627,-0.288028,-0.000020,-0.000212,1.570369,-0.300000,1.000000,1.100000,0.000000,0.000000,-1.571000,-0.298748,1.004985,0.262522,1.080816
8.940000,-0.001253,-0.004987,0.836902,-0.000278,-0.000630,-0.287654,-0.000019,-0.000212,1.570369,-0.300000,1.000000,1.100000,0.000000,0.000000,-1.571000,-0.298747,1.004987,0.263098,1.080957
8.942000,-0.001253,-0.004988,0.836326,-0.000277,-0.000633,-0.287273,-0.000018,-0.000213,1.570369,-0.300000,1.000000,1.100000,0.000000,0.000000,-1.571000,-0.298747,1.004988,0.263674,1.081099
8.944000,-0.001254,-0.004989,0.835752,-0.000277,-0.000636,-0.286885,-0.000018,-0.000213,1.570369,-0.300000,1.000000,1.100000,0.000000,0.000000,-1.571000,-0.298746,1.004989,0.264248,1.081240
8.946000,-0.001254,-0.004991,0.835178,-0.000277,-0.000639,-0.286490,-0.000017,-0.000214,1.570369,-0.300000,1.000000,1.100000,0.000000,0.000000,-1.571000,-0.298746,1.004991,0.264822,1.081381
8.948000,-0.001255,-0.004992,0.834605,-0.000277,-0.000642,-0.286091,-0.000016,-0.000215,1.570369,-0.300000,1.000000,1.100000,0.000000,0.000000,-1.571000,-0.298745,1.004992,0.265395,1.081523
8.950000,-0.001256,-0.004993,0.834033,-0.000277,-0.000645,-0.285686,-0.000015,-0.000215,1.570369,-0.300000,1.000000,1.100000,0.000000,0.000000,-1.571000,-0.298744,1.004993,0.265967,1.081664
8.952000,-0.001256,-0.004994,0.833462,-0.000277,-0.000648,-0.285276,-0.000015,-0.000216,1.570369,-0.300000,1.000000,1.100000,0.000000,0.000000,-1.571000,-0.298744,1.004994,0.266538,1.081806
8.954000,-0.001257,-0.004996,0.832891,-0.000276,-0.000651,-0.284860,-0.000014,-0.000217,1.570369,-0.300000,1.000000,1.100000,0.000000,0.000000,-1.571000,-0.298743,1.004996,0.267109,1.081948
8.956000,-0.001257,-0.004997,0.832321,-0.000276,-0.000654,-0.284438,-0.000013,-0.000218,1.570369,-0.300000,1.000000,1.100000,0.000000,0.000000,-1.571000,-0.298743,1.004997,0.267679,1.082090
8.958000,-0.001258,-0.004998,0.831753,-0.000276,-0.000657,-0.284012,-0.000012,-0.000218,1.570369,-0.300000,1.000000,1.100000,0.000000,0.000000,-1.571000,-0.298742,1.004998,0.268247,1.082232
8.960000,-0.001258,-0.005000,0.831185,-0.000276,-0.000660,-0.283581,-0.000012,-0.000219,1.570369,-0.300000,1.000000,1.100000,0.000000,0.000000,-1.571000,-0.298742,1.005000,0.268815,1.082374
8.962000,-0.001259,-0.005001,0.830618,-0.000275,-0.000663,-0.283147,-0.000011,-0.000220,1.570369,-0.300000,1.000000,1.100000,0.000000,0.000000,-1.571000,-0.298741,1.005001,0.269382,1.082516
8.964000,-0.001259,-0.005002,0.830051,-0.000275,-0.000666,-0.282707,-0.000010,-0.000220,1.570369,-0.300000,1.000000,1.100000,0.000000,0.000000,-1.571000,-0.298741,1.005002,0.269949,1.082658
8.966000,-0.001260,-0.005004,0.829486,-0.000275,-0.000669,-0.282260,-0.000009,-0.000221,1.570369,-0.300000,1.000000,1.100000,0.000000,0.000000,-1.571000,-0.298740,1.005004,0.270514,1.082800
8.968000,-0.001261,-0.005005,0.828922,-0.000274,-0.000672,-0.281808,-0.000008,-0.000222,1.570369,-0.300000,1.000000,1.100000,0.000000,0.000000,-1.571000,-0.298739,1.005005,0.271078,1.082942
8.970000,-0.001261,-0.005006,0.828358,-0.000274,-0.000675,-0.281351,-0.000008,-0.000222,1.570369,-0.300000,1.000000,1.100000,0.000000,0.000000,-1.571000,-0.298739,1.005006,0.271642,1.083084
8.972000,-0.001262,-0.005008,0.827796,-0.000274,-0.000678,-0.280890,-0.000007,-0.000223,1.570368,-0.300000,1.000000,1.100000,0.000000,0.000000,-1.571000,-0.298738,1.005008,0.272204,1.083227
8.974000,-0.001262,-0.005009,0.827234,-0.000273,-0.000681,-0.280424,-0.000006,-0.000224,1.570368,-0.300000,1.000000,1.100000,0.000000,0.000000,-1.571000,-0.298738,1.005009,0.272766,1.083369
8.976000,-0.001263,-0.005010,0.826673,-0.000273,-0.000684,-0.279953,-0.000005,-0.000224,1.570368,-0.300000,1.000000,1.100000,0.000000,0.000000,-1.571000,-0.298737,1.005010,0.273327,1.083512
8.978000,-0.001263,-0.005012,0.826114,-0.000272,-0.000687,-0.279476,-0.000005,-0.000224,1.570368,-0.300000,1.000000,1.100000,0.000000,0.000000,-1.571000,-0.298737,1.005012,0.273886,1.083654
8.980000,-0.001264,-0.005013,0.825555,-0.000272,-0.000690,-0.278993,-0.000004,-0.000224,1.570367,-0.300000,1.000000,1.100000,0.000000,0.000000,-1.571000,-0.298736,1.005013,0.274445,1.083797
8.982000,-0.001264,-0.005015,0.824997,-0.000272,-0.000694,-0.278505,-0.000003,-0.000224,1.570367,-0.300000,1.000000,1.100000,0.000000,0.000000,-1.571000,-0.298736,1.005015,0.275003,1.083939
8.984000,-0.001265,-0.005016,0.824440,-0.000271,-0.000697,-0.278014,-0.000002,-0.000224,1.570367,-0.300000,1.000000,1.100000,0.000000,0.000000,-1.571000,-0.298735,1.005016,0.275560,1.084082
8.986000,-0.001265,-0.005017,0.823884,-0.000271,-0.000700,-0.277519,-0.000001,-0.000224,1.570366,-0.300000,1.000000,1.100000,0.000000,0.000000,-1.571000,-0.298735,1.005017,0.276116,1.084224
8.988000,-0.001266,-0.005019,0.823329,-0.000270,-0.000703,-0.277020,-0.000001,-0.000224,1.570366,-0.300000,1.000000,1.100000,0.000000,0.000000,-1.571000,-0.298734,1.005019,0.276671,1.084367
8.990000,-0.001266,-0.005020,0.822776,-0.000270,-0.000706,-0.276515,0.000000,-0.000223,1.570365,-0.300000,1.000000,1.100000,0.000000,0.000000,-1.571000,-0.298734,1.005020,0.277224,1.084509
8.992000,-0.001267,-0.005022,0.822223,-0.000269,-0.000709,-0.276005,0.000001,-0.000222,1.570364,-0.300000,1.000000,1.100000,0.000000,0.000000,-1.571000,-0.298733,1.005022,0.277777,1.084652
8.994000,-0.001268,-0.005023,0.821671,-0.000269,-0.000712,-0.275490,0.000002,-0.000222,1.570364,-0.300000,1.000000,1.100000,0.000000,0.000000,-1.571000,-0.298732,1.005023,0.278329,1.084795
8.996000,-0.001268,-0.005024,0.821120,-0.000268,-0.000715,-0.274969,0.000003,-0.000220,1.570363,-0.300000,1.000000,1.100000,0.000000,0.000000,-1.571000,-0.298732,1.005024,0.278880,1.084937
8.998000,-0.001269,-0.005026,0.820571,-0.000268,-0.000718,-0.274444,0.000003,-0.000219,1.570362,-0.300000,1.000000,1.100000,0.000000,0.000000,-1.571000,-0.298731,1.005026,0.279429,1.085080
9.000000,-0.001269,-0.005027,0.820022,-0.000267,-0.000721,-0.273914,0.000004,-0.000218,1.570361,-0.300000,1.000000,1.100000,0.000000,0.000000,-1.571000,-0.298731,1.005027,0.279978,1.085222
9.002000,-0.001270,-0.005029,0.819474,-0.000267,-0.000724,-0.273381,0.000005,-0.000216,1.570361,-0.300000,1.000000,1.100000,0.000000,0.000000,-1.571000,-0.298730,1.005029,0.280526,1.085365
9.004000,-0.001270,-0.005030,0.818928,-0.000266,-0.000727,-0.272843,0.000006,-0.000215,1.570360,-0.300000,1.000000,1.100000,0.000000,0.000000,-1.571000,-0.298730,1.005030,0.281072,1.085508
9.006000,-0.001271,-0.005032,0.818382,-0.000265,-0.000730,-0.272299,0.000007,-0.000213,1.570359,-0.300000,1.000000,1.100000,0.000000,0.000000,-1.571000,-0.298729,1.005032,0.281618,1.085650
9.008000,-0.001271,-0.005033,0.817838,-0.000265,-0.000732,-0.271751,0.000007,-0.000211,1.570358,-0.300000,1.000000,1.100000,0.000000,0.000000,-1.571000,-0.298729,1.005033,0.282162,1.085793
9.010000,-0.001272,-0.005035,0.817295,-0.000264,-0.000735,-0.271198,0.000008,-0.000208,1.570357,-0.300000,1.000000,1.100000,0.000000,0.000000,-1.571000,-0.298728,1.005035,0.282705,1.085935
9.012000,-0.001272,-0.005036,0.816753,-0.000263,-0.000738,-0.270641,0.000009,-0.000206,1.570356,-0.300000,1.000000,1.100000,0.000000,0.000000,-1.571000,-0.298728,1.005036,0.283247,1.086078
9.014000,-0.001273,-0.005038,0.816212,-0.000263,-0.000741,-0.270080,0.000010,-0.000203,1.570355,-0.300000,1.000000,1.100000,0.000000,0.000000,-1.571000,-0.298727,1.005038,0.283788,1.086220
9.016000,-0.001273,-0.005039,0.815672,-0.000262,-0.000743,-0.269517,0.000011,-0.000200,1.570354,-0.300000,1.000000,1.100000,0.000000,0.000000,-1.571000,-0.298727,1.005039,0.284328,1.086363
9.018000,-0.001274,-0.005041,0.815133,-0.000261,-0.000746,-0.268950,0.000011,-0.000197,1.570353,-0.300000,1.000000,1.100000,0.000000,0.000000,-1.571000,-0.298726,1.005041,0.284867,1.086505
9.020000,-0.001274,-0.005042,0.814596,-0.000261,-0.000748,-0.268377,0.000012,-0.000194,1.570352,-0.300000,1.000000,1.100000,0.000000,0.000000,-1.571000,-0.298726,1.005042,0.285404,1.086647
9.022000,-0.001275,-0.005044,0.814059,-0.000260,-0.000751,-0.267800,0.000013,-0.000191,1.570351,-0.300000,1.000000,1.100000,0.000000,0.000000,-1.571000,-0.298725,1.005044,0.285941,1.086789
9.024000,-0.001276,-0.005045,0.813524,-0.000259,-0.000753,-0.267218,0.000014,-0.000187,1.570350,-0.300000,1.000000,1.100000,0.000000,0.000000,-1.571000,-0.298724,1.005045,0.286476,1.086932
9.026000,-0.001276,-0.005047,0.812990,-0.000258,-0.000755,-0.266632,0.000015,-0.000184,1.570349,-0.300000,1.000000,1.100000,0.000000,0.000000,-1.571000,-0.298724,1.005047,0.287010,1.087074
9.028000,-0.001277,-0.005048,0.812457,-0.000258,-0.000757,-0.266041,0.000015,-0.000180,1.570348,-0.300000,1.000000,1.100000,0.000000,0.000000,-1.571000,-0.298723,1.005048,0.287543,1.087216
9.030000,-0.001277,-0.005050,0.811925,-0.000257,-0.000760,-0.265447,0.000016,-0.000176,1.570347,-0.300000,1.000000,1.100000,0.000000,0.000000,-1.571000,-0.298723,1.005050,0.288075,1.087358
9.032000,-0.001278,-0.005051,0.811395,-0.000256,-0.000762,-0.264849,0.000017,-0.000171,1.570346,-0.300000,1.000000,1.100000,0.000000,0.000000,-1.571000,-0.298722,1.005051,0.288605,1.087500
9.034000,-0.001278,-0.005053,0.810865,-0.000255,-0.000764,-0.264247,0.000018,-0.000167,1.570345,-0.300000,1.000000,1.100000,0.000000,0.000000,-1.571000,-0.298722,1.005053,0.289135,1.087642
9.036000,-0.001279,-0.005054,0.810337,-0.000255,-0.000765,-0.263643,0.000018,-0.000163,1.570344,-0.300000,1.000000,1.100000,0.000000,0.000000,-1.571000,-0.298721,1.005054,0.289663,1.087783
9.038000,-0.001279,-0.005056,0.809810,-0.000254,-0.000767,-0.263035,0.000019,-0.000158,1.570343,-0.300000,1.000000,1.100000,0.000000,0.000000,-1.571000,-0.298721,1.005056,0.290190,1.087925
9.040000,-0.001280,-0.005057,0.809285,-0.000253,-0.000769,-0.262422,0.000020,-0.000153,1.570342,-0.300000,1.000000,1.100000,0.000000,0.000000,-1.571000,-0.298720,1.005057,0.290715,1.088067
9.042000,-0.001280,-0.005059,0.808760,-0.000252,-0.000770,-0.261805,0.000021,-0.000148,1.570341,-0.300000,1.000000,1.100000,0.000000,0.000000,-1.571000,-0.298720,1.005059,0.291240,1.088208
9.044000,-0.001281,-0.005060,0.808237,-0.000251,-0.000772,-0.261184,0.000022,-0.000143,1.570340,-0.300000,1.000000,1.100000,0.000000,0.000000,-1.571000,-0.298719,1.005060,0.291763,1.088350
9.046000,-0.001281,-0.005062,0.807715,-0.000250,-0.000773,-0.260559,0.000022,-0.000138,1.570339,-0.300000,1.000000,1.100000,0.000000,0.000000,-1.571000,-0.298719,1.005062,0.292285,1.088491
9.048000,-0.001282,-0.005063,0.807194,-0.000249,-0.000774,-0.259932,0.000023,-0.000133,1.570338,-0.300000,1.000000,1.100000,0.000000,0.000000,-1.571000,-0.298718,1.005063,0.292806,1.088632
9.050000,-0.001282,-0.005065,0.806675,-0.000248,-0.000776,-0.259301,0.000024,-0.000128,1.570337,-0.300000,1.000000,1.100000,0.000000,0.000000,-1.571000,-0.298718,1.005065,0.293325,1.088773
9.052000,-0.001283,-0.005067,0.806157,-0.000247,-0.000777,-0.258666,0.000025,-0.000123,1.570336,-0.300000,1.000000,1.100000,0.000000,0.000000,-1.571000,-0.298717,1.005067,0.293843,1.088914
9.054000,-0.001283,-0.005068,0.805640,-0.000246,-0.000778,-0.258029,0.000026,-0.000118,1.570335,-0.300000,1.000000,1.100000,0.000000,0.000000,-1.571000,-0.298717,1.005068,0.294360,1.089055
9.056000,-0.001284,-0.005070,0.805124,-0.000245,-0.000779,-0.257389,0.000026,-0.000112,1.570334,-0.300000,1.000000,1.100000,0.000000,0.000000,-1.571000,-0.298716,1.005070,0.294876,1.089196
9.058000,-0.001284,-0.005071,0.804610,-0.000244,-0.000779,-0.256745,0.000027,-0.000107,1.570333,-0.300000,1.000000,1.100000,0.000000,0.000000,-1.571000,-0.298716,1.005071,0.295390,1.089337
9.060000,-0.001285,-0.005073,0.804097,-0.000243,-0.000780,-0.256097,0.000028,-0.000102,1.570332,-0.300000,1.000000,1.100000,0.000000,0.000000,-1.571000,-0.298715,1.005073,0.295903,1.089477
9.062000,-0.001285,-0.005074,0.803585,-0.000242,-0.000780,-0.255445,0.000029,-0.000097,1.570332,-0.300000,1.000000,1.100000,0.000000,0.000000,-1.571000,-0.298715,1.005074,0.296415,1.089618
9.064000,-0.001286,-0.005076,0.803075,-0.000241,-0.000781,-0.254787,0.000030,-0.000091,1.570331,-0.300000,1.000000,1.100000,0.000000,0.000000,-1.571000,-0.298714,1.005076,0.296925,1.089758
9.066000,-0.001286,-0.005077,0.802566,-0.000240,-0.000781,-0.254126,0.000030,-0.000086,1.570330,-0.300000,1.000000,1.100000,0.000000,0.000000,-1.571000,-0.298714,1.005077,0.297434,1.089898
9.068000,-0.001286,-0.005079,0.802058,-0.000239,-0.000781,-0.253461,0.000031,-0.000081,1.570329,-0.300000,1.000000,1.100000,0.000000,0.000000,-1.571000,-0.298714,1.005079,0.297942,1.090038
9.070000,-0.001287,-0.005081,0.801551,-0.000238,-0.000782,-0.252793,0.000032,-0.000076,1.570329,-0.300000,1.000000,1.100000,0.000000,0.000000,-1.571000,-0.298713,1.005081,0.298449,1.090178
9.072000,-0.001287,-0.005082,0.801046,-0.000237,-0.000782,-0.252121,0.000033,-0.000071,1.570328,-0.300000,1.000000,1.100000,0.000000,0.000000,-1.571000,-0.298713,1.005082,0.298954,1.090318
9.074000,-0.001288,-0.005084,0.800543,-0.000236,-0.000782,-0.251447,0.000034,-0.000066,1.570327,-0.300000,1.000000,1.100000,0.000000,0.000000,-1.571000,-0.298712,1.005084,0.299457,1.090457
9.076000,-0.001288,-0.005085,0.800040,-0.000235,-0.000781,-0.250770,0.000034,-0.000061,1.570327,-0.300000,1.000000,1.100000,0.000000,0.000000,-1.571000,-0.298712,1.005085,0.299960,1.090597
9.078000,-0.001289,-0.005087,0.799539,-0.000234,-0.000781,-0.250091,0.000035,-0.000057,1.570326,-0.300000,1.000000,1.100000,0.000000,0.000000,-1.571000,-0.298711,1.005087,0.300461,1.090736
9.080000,-0.001289,-0.005088,0.799040,-0.000233,-0.000781,-0.249409,0.000036,-0.000052,1.570325,-0.300000,1.000000,1.100000,0.000000,0.000000,-1.571000,-0.298711,1.005088,0.300960,1.090875
9.082000,-0.001290,-0.005090,0.798541,-0.000232,-0.000780,-0.248726,0.000037,-0.000047,1.570324,-0.300000,1.000000,1.100000,0.000000,0.000000,-1.571000,-0.298710,1.005090,0.301459,1.091014
9.084000,-0.001290,-0.005092,0.798044,-0.000230,-0.000780,-0.248040,0.000037,-0.000043,1.570324,-0.300000,1.000000,1.100000,0.000000,0.000000,-1.571000,-0.298710,1.005092,0.301956,1.091152
9.086000,-0.001291,-0.005093,0.797549,-0.000229,-0.000779,-0.247351,0.000038,-0.000039,1.570323,-0.300000,1.000000,1.100000,0.000000,0.000000,-1.571000,-0.298709,1.005093,0.302451,1.091291
9.088000,-0.001291,-0.005095,0.797055,-0.000228,-0.000778,-0.246658,0.000038,-0.000035,1.570323,-0.300000,1.000000,1.100000,0.000000,0.000000,-1.571000,-0.298709,1.005095,0.302945,1.091429
9.090000,-0.001292,-0.005096,0.796562,-0.000227,-0.000778,-0.245963,0.000039,-0.000031,1.570322,-0.300000,1.000000,1.100000,0.000000,0.000000,-1.571000,-0.298708,1.005096,0.303438,1.091568
9.092000,-0.001292,-0.005098,0.796071,-0.000226,-0.000777,-0.245264,0.000040,-0.000027,1.570321,-0.300000,1.000000,1.100000,0.000000,0.000000,-1.571000,-0.298708,1.005098,0.303929,1.091706
9.094000,-0.001293,-0.005099,0.795581,-0.000225,-0.000776,-0.244561,0.000040,-0.000023,1.570321,-0.300000,1.000000,1.100000,0.000000,0.000000,-1.571000,-0.298707,1.005099,0.304419,1.091843
9.096000,-0.001293,-0.005101,0.795092,-0.000223,-0.000775,-0.243855,0.000040,-0.000020,1.570320,-0.300000,1.000000,1.100000,0.000000,0.000000,-1.571000,-0.298707,1.005101,0.304908,1.091981
9.098000,-0.001293,-0.005102,0.794605,-0.000222,-0.000774,-0.243146,0.000041,-0.000016,1.570319,-0.300000,1.000000,1.100000,0.000000,0.000000,-1.571000,-0.298707,1.005102,0.305395,1.092118
9.100000,-0.001294,-0.005104,0.794119,-0.000221,-0.000773,-0.242435,0.000041,-0.000013,1.570319,-0.300000,1.000000,1.100000,0.000000,0.000000,-1.571000,-0.298706,1.005104,0.305881,1.092256
9.102000,-0.001294,-0.005106,0.793635,-0.000220,-0.000772,-0.241722,0.000041,-0.000010,1.570318,-0.300000,1.000000,1.100000,0.000000,0.000000,-1.571000,-0.298706,1.005106,0.306365,1.092393
9.104000,-0.001295,-0.005107,0.793152,-0.000218,-0.000770,-0.241006,0.000041,-0.000007,1.570318,-0.300000,1.000000,1.100000,0.000000,0.000000,-1.571000,-0.298705,1.005107,0.306848,1.092530
9.106000,-0.001295,-0.005109,0.792671,-0.000217,-0.000769,-0.240288,0.000041,-0.000004,1.570317,-0.300000,1.000000,1.100000,0.000000,0.000000,-1.571000,-0.298705,1.005109,0.307329,1.092666
9.108000,-0.001296,-0.005110,0.792191,-0.000216,-0.000768,-0.239569,0.000041,-0.000001,1.570316,-0.300000,1.000000,1.100000,0.000000,0.000000,-1.571000,-0.298704,1.005110,0.307809,1.092803
9.110000,-0.001296,-0.005112,0.791712,-0.000215,-0.000766,-0.238847,0.000041,0.000001,1.570316,-0.300000,1.000000,1.100000,0.000000,0.000000,-1.571000,-0.298704,1.005112,0.308288,1.092939
9.112000,-0.001296,-0.005113,0.791235,-0.000214,-0.000765,-0.238123,0.000041,0.000004,1.570315,-0.300000,1.000000,1.100000,0.000000,0.000000,-1.571000,-0.298704,1.005113,0.308765,1.093075
9.114000,-0.001297,-0.005115,0.790759,-0.000212,-0.000763,-0.237397,0.000041,0.000006,1.570315,-0.300000,1.000000,1.100000,0.000000,0.000000,-1.571000,-0.298703,1.005115,0.309241,1.093210
9.116000,-0.001297,-0.005116,0.790285,-0.000211,-0.000762,-0.236670,0.000040,0.000008,1.570314,-0.300000,1.000000,1.100000,0.000000,0.000000,-1.571000,-0.298703,1.005116,0.309715,1.093346
9.118000,-0.001298,-0.005118,0.789813,-0.000210,-0.000760,-0.235940,0.000040,0.000010,1.570313,-0.300000,1.000000,1.100000,0.000000,0.000000,-1.571000,-0.298702,1.005118,0.310187,1.093481
9.120000,-0.001298,-0.005119,0.789341,-0.000209,-0.000759,-0.235210,0.000040,0.000012,1.570313,-0.300000,1.000000,1.100000,0.000000,0.000000,-1.571000,-0.298702,1.005119,0.310659,1.093616
9.122000,-0.001299,-0.005121,0.788871,-0.000208,-0.000757,-0.234479,0.000039,0.000013,1.570312,-0.300000,1.000000,1.100000,0.000000,0.000000,-1.571000,-0.298701,1.005121,0.311129,1.093751
9.124000,-0.001299,-0.005122,0.788403,-0.000206,-0.000755,-0.233745,0.000039,0.000015,1.570312,-0.300000,1.000000,1.100000,0.000000,0.000000,-1.571000,-0.298701,1.005122,0.311597,1.093886
9.126000,-0.001299,-0.005124,0.787936,-0.000205,-0.000753,-0.233007,0.000038,0.000016,1.570311,-0.300000,1.000000,1.100000,0.000000,0.000000,-1.571000,-0.298701,1.005124,0.312064,1.094020
9.128000,-0.001300,-0.005125,0.787471,-0.000204,-0.000752,-0.232265,0.000038,0.000017,1.570310,-0.300000,1.000000,1.100000,0.000000,0.000000,-1.571000,-0.298700,1.005125,0.312529,1.094154
9.130000,-0.001300,-0.005127,0.787007,-0.000203,-0.000750,-0.231521,0.000037,0.000018,1.570310,-0.300000,1.000000,1.100000,0.000000,0.000000,-1.571000,-0.298700,1.005127,0.312993,1.094288
9.132000,-0.001301,-0.005128,0.786545,-0.000202,-0.000748,-0.230774,0.000037,0.000019,1.570309,-0.300000,1.000000,1.100000,0.000000,0.000000,-1.571000,-0.298699,1.005128,0.313455,1.094422
9.134000,-0.001301,-0.005130,0.786084,-0.000201,-0.000746,-0.230022,0.000036,0.000020,1.570309,-0.300000,1.000000,1.100000,0.000000,0.000000,-1.571000,-0.298699,1.005130,0.313916,1.094555
9.136000,-0.001301,-0.005131,0.785624,-0.000200,-0.000745,-0.229266,0.000036,0.000021,1.570309,-0.300000,1.000000,1.100000,0.000000,0.000000,-1.571000,-0.298699,1.005131,0.314376,1.094688
9.138000,-0.001302,-0.005133,0.785167,-0.000199,-0.000743,-0.228508,0.000035,0.000021,1.570308,-0.300000,1.000000,1.100000,0.000000,0.000000,-1.571000,-0.298698,1.005133,0.314833,1.094821
9.140000,-0.001302,-0.005134,0.784710,-0.000198,-0.000741,-0.227748,0.000034,0.000022,1.570308,-0.300000,1.000000,1.100000,0.000000,0.000000,-1.571000,-0.298698,1.005134,0.315290,1.094953
9.142000,-0.001303,-0.005136,0.784255,-0.000197,-0.000739,-0.226985,0.000034,0.000022,1.570307,-0.300000,1.000000,1.100000,0.000000,0.000000,-1.571000,-0.298697,1.005136,0.315745,1.095086
9.144000,-0.001303,-0.005137,0.783802,-0.000195,-0.000737,-0.226218,0.000033,0.000023,1.570307,-0.300000,1.000000,1.100000,0.000000,0.000000,-1.571000,-0.298697,1.005137,0.316198,1.095218
9.146000,-0.001303,-0.005139,0.783350,-0.000194,-0.000736,-0.225448,0.000032,0.000023,1.570307,-0.300000,1.000000,1.100000,0.000000,0.000000,-1.571000,-0.298697,1.005139,0.316650,1.095350
9.148000,-0.001304,-0.005140,0.782900,-0.000193,-0.000734,-0.224676,0.000032,0.000023,1.570306,-0.300000,1.000000,1.100000,0.000000,0.000000,-1.571000,-0.298696,1.005140,0.317100,1.095481
9.150000,-0.001304,-0.005142,0.782452,-0.000192,-0.000732,-0.223902,0.000031,0.000023,1.570306,-0.300000,1.000000,1.100000,0.000000,0.000000,-1.571000,-0.298696,1.005142,0.317548,1.095612
9.152000,-0.001305,-0.005143,0.782004,-0.000192,-0.000730,-0.223126,0.000030,0.000024,1.570306,-0.300000,1.000000,1.100000,0.000000,0.000000,-1.571000,-0.298695,1.005143,0.317996,1.095743
9.154000,-0.001305,-0.005145,0.781559,-0.000191,-0.000728,-0.222348,0.000029,0.000024,1.570305,-0.300000,1.000000,1.100000,0.000000,0.000000,-1.571000,-0.298695,1.005145,0.318441,1.095874
9.156000,-0.001305,-0.005146,0.781115,-0.000190,-0.000727,-0.221568,0.000029,0.000024,1.570305,-0.300000,1.000000,1.100000,0.000000,0.000000,-1.571000,-0.298695,1.005146,0.318885,1.096004
9.158000,-0.001306,-0.005148,0.780673,-0.000189,-0.000725,-0.220786,0.000028,0.000024,1.570305,-0.300000,1.000000,1.100000,0.000000,0.000000,-1.571000,-0.298694,1.005148,0.319327,1.096134
9.160000,-0.001306,-0.005149,0.780232,-0.000188,-0.000723,-0.220004,0.000027,0.000023,1.570305,-0.300000,1.000000,1.100000,0.000000,0.000000,-1.571000,-0.298694,1.005149,0.319768,1.096264
9.162000,-0.001306,-0.005150,0.779792,-0.000187,-0.000721,-0.219220,0.000026,0.000023,1.570304,-0.300000,1.000000,1.100000,0.000000,0.000000,-1.571000,-0.298694,1.005150,0.320208,1.096393
9.164000,-0.001307,-0.005152,0.779355,-0.000186,-0.000719,-0.218435,0.000026,0.000023,1.570304,-0.300000,1.000000,1.100000,0.000000,0.000000,-1.571000,-0.298693,1.005152,0.320645,1.096522
9.166000,-0.001307,-0.005153,0.778919,-0.000185,-0.000718,-0.217648,0.000025,0.000023,1.570304,-0.300000,1.000000,1.100000,0.000000,0.000000,-1.571000,-0.298693,1.005153,0.321081,1.096651
9.168000,-0.001308,-0.005155,0.778484,-0.000184,-0.000716,-0.216860,0.000024,0.000023,1.570304,-0.300000,1.000000,1.100000,0.000000,0.000000,-1.571000,-0.298692,1.005155,0.321516,1.096780
9.170000,-0.001308,-0.005156,0.778051,-0.000183,-0.000714,-0.216070,0.000023,0.000023,1.570304,-0.300000,1.000000,1.100000,0.000000,0.000000,-1.571000,-0.298692,1.005156,0.321949,1.096908
9.172000,-0.001308,-0.005158,0.777620,-0.000183,-0.000712,-0.215280,0.000023,0.000023,1.570304,-0.300000,1.000000,1.100000,0.000000,0.000000,-1.571000,-0.298692,1.005158,0.322380,1.097036
9.174000,-0.001309,-0.005159,0.777190,-0.000182,-0.000710,-0.214489,0.000022,0.000022,1.570304,-0.300000,1.000000,1.100000,0.000000,0.000000,-1.571000,-0.298691,1.005159,0.322810,1.097163
9.176000,-0.001309,-0.005160,0.776762,-0.000181,-0.000709,-0.213696,0.000021,0.000022,1.570304,-0.300000,1.000000,1.100000,0.000000,0.000000,-1.571000,-0.298691,1.005160,0.323238,1.097291
9.178000,-0.001309,-0.005162,0.776335,-0.000180,-0.000707,-0.212901,0.000020,0.000022,1.570304,-0.300000,1.000000,1.100000,0.000000,0.000000,-1.571000,-0.298691,1.005162,0.323665,1.097418
9.180000,-0.001310,-0.005163,0.775910,-0.000180,-0.000705,-0.212106,0.000019,0.000022,1.570304,-0.300000,1.000000,1.100000,0.000000,0.000000,-1.571000,-0.298690,1.005163,0.324090,1.097544
9.182000,-0.001310,-0.005165,0.775487,-0.000179,-0.000703,-0.211309,0.000019,0.000022,1.570304,-0.300000,1.000000,1.100000,0.000000,0.000000,-1.571000,-0.298690,1.005165,0.324513,1.097671
9.184000,-0.001310,-0.005166,0.775065,-0.000178,-0.000702,-0.210511,0.000018,0.000022,1.570304,-0.300000,1.000000,1.100000,0.000000,0.000000,-1.571000,-0.298690,1.005166,0.324935,1.097797
9.186000,-0.001311,-0.005167,0.774645,-0.000178,-0.000700,-0.209711,0.000017,0.000021,1.570304,-0.300000,1.000000,1.100000,0.000000,0.000000,-1.571000,-0.298689,1.005167,0.325355,1.097922
9.188000,-0.001311,-0.005169,0.774226,-0.000177,-0.000698,-0.208909,0.000016,0.000021,1.570304,-0.300000,1.000000,1.100000,0.000000,0.000000,-1.571000,-0.298689,1.005169,0.325774,1.098047
9.190000,-0.001312,-0.005170,0.773809,-0.000176,-0.000696,-0.208107,0.000015,0.000021,1.570304,-0.300000,1.000000,1.100000,0.000000,0.000000,-1.571000,-0.298688,1.005170,0.326191,1.098172
9.192000,-0.001312,-0.005172,0.773393,-0.000176,-0.000695,-0.207304,0.000015,0.000021,1.570304,-0.300000,1.000000,1.100000,0.000000,0.000000,-1.571000,-0.298688,1.005172,0.326607,1.098297
9.194000,-0.001312,-0.005173,0.772980,-0.000175,-0.000693,-0.206501,0.000014,0.000021,1.570305,-0.300000,1.000000,1.100000,0.000000,0.000000,-1.571000,-0.298688,1.005173,0.327020,1.098421
9.196000,-0.001313,-0.005174,0.772567,-0.000174,-0.000691,-0.205696,0.000013,0.000021,1.570305,-0.300000,1.000000,1.100000,0.000000,0.000000,-1.571000,-0.298687,1.005174,0.327433,1.098545
9.198000,-0.001313,-0.005176,0.772157,-0.000174,-0.000690,-0.204889,0.000012,0.000021,1.570305,-0.300000,1.000000,1.100000,0.000000,0.000000,-1.571000,-0.298687,1.005176,0.327843,1.098669
9.200000,-0.001313,-0.005177,0.771748,-0.000173,-0.000688,-0.204080,0.000012,0.000020,1.570305,-0.300000,1.000000,1.100000,0.000000,0.000000,-1.571000,-0.298687,1.005177,0.328252,1.098792
9.202000,-0.001314,-0.005179,0.771340,-0.000173,-0.000686,-0.203271,0.000011,0.000020,1.570305,-0.300000,1.000000,1.100000,0.000000,0.000000,-1.571000,-0.298686,1.005179,0.328660,1.098915
9.204000,-0.001314,-0.005180,0.770935,-0.000172,-0.000685,-0.202460,0.000010,0.000020,1.570305,-0.300000,1.000000,1.100000,0.000000,0.000000,-1.571000,-0.298686,1.005180,0.329065,1.099038
9.206000,-0.001314,-0.005181,0.770531,-0.000172,-0.000683,-0.201648,0.000009,0.000020,1.570305,-0.300000,1.000000,1.100000,0.000000,0.000000,-1.571000,-0.298686,1.005181,0.329469,1.099160
9.208000,-0.001315,-0.005183,0.770128,-0.000171,-0.000681,-0.200834,0.000008,0.000020,1.570305,-0.300000,1.000000,1.100000,0.000000,0.000000,-1.571000,-0.298685,1.005183,0.329872,1.099282
9.210000,-0.001315,-0.005184,0.769727,-0.000171,-0.000680,-0.200020,0.000007,0.000019,1.570305,-0.300000,1.000000,1.100000,0.000000,0.000000,-1.571000,-0.298685,1.005184,0.330273,1.099403
9.212000,-0.001315,-0.005185,0.769328,-0.000170,-0.000678,-0.199205,0.000007,0.000019,1.570305,-0.300000,1.000000,1.100000,0.000000,0.000000,-1.571000,-0.298685,1.005185,0.330672,1.099524
9.214000,-0.001316,-0.005187,0.768931,-0.000170,-0.000676,-0.198389,0.000006,0.000019,1.570305,-0.300000,1.000000,1.100000,0.000000,0.000000,-1.571000,-0.298684,1.005187,0.331069,1.099645
9.216000,-0.001316,-0.005188,0.768535,-0.000169,-0.000675,-0.197570,0.000005,0.000018,1.570305,-0.300000,1.000000,1.100000,0.000000,0.000000,-1.571000,-0.298684,1.005188,0.331465,1.099766
9.218000,-0.001316,-0.005189,0.768140,-0.000169,-0.000673,-0.196751,0.000004,0.000018,1.570305,-0.300000,1.000000,1.100000,0.000000,0.000000,-1.571000,-0.298684,1.005189,0.331860,1.099886
9.220000,-0.001317,-0.005191,0.767748,-0.000169,-0.000671,-0.195930,0.000003,0.000018,1.570305,-0.300000,1.000000,1.100000,0.000000,0.000000,-1.571000,-0.298683,1.005191,0.332252,1.100005
9.222000,-0.001317,-0.005192,0.767357,-0.000168,-0.000670,-0.195109,0.000003,0.000017,1.570305,-0.300000,1.000000,1.100000,0.000000,0.000000,-1.571000,-0.298683,1.005192,0.332643,1.100125
9.224000,-0.001317,-0.005193,0.766967,-0.000168,-0.000668,-0.194287,0.000002,0.000017,1.570305,-0.300000,1.000000,1.100000,0.000000,0.000000,-1.571000,-0.298683,1.005193,0.333033,1.100244
9.226000,-0.001318,-0.005195,0.766579,-0.000167,-0.000667,-0.193464,0.000001,0.000017,1.570305,-0.300000,1.000000,1.100000,0.000000,0.000000,-1.571000,-0.298682,1.005195,0.333421,1.100362
9.228000,-0.001318,-0.005196,0.766193,-0.000167,-0.000665,-0.192639,0.000000,0.000016,1.570305,-0.300000,1.000000,1.100000,0.000000,0.000000,-1.571000,-0.298682,1.005196,0.333807,1.100480
9.230000,-0.001318,-0.005197,0.765809,-0.000167,-0.000664,-0.191814,-0.000001,0.000016,1.570305,-0.300000,1.000000,1.100000,0.000000,0.000000,-1.571000,-0.298682,1.005197,0.334191,1.100598
9.232000,-0.001319,-0.005199,0.765426,-0.000167,-0.000662,-0.190988,-0.000001,0.000016,1.570306,-0.300000,1.000000,1.100000,0.000000,0.000000,-1.571000,-0.298681,1.005199,0.334574,1.100716
9.234000,-0.001319,-0.005200,0.765045,-0.000166,-0.000661,-0.190162,-0.000002,0.000015,1.570306,-0.300000,1.000000,1.100000,0.000000,0.000000,-1.571000,-0.298681,1.005200,0.334955,1.100833
9.236000,-0.001319,-0.005201,0.764666,-0.000166,-0.000659,-0.189336,-0.000003,0.000015,1.570306,-0.300000,1.000000,1.100000,0.000000,0.000000,-1.571000,-0.298681,1.005201,0.335334,1.100949
9.238000,-0.001320,-0.005203,0.764288,-0.000166,-0.000657,-0.188511,-0.000004,0.000014,1.570306,-0.300000,1.000000,1.100000,0.000000,0.000000,-1.571000,-0.298680,1.005203,0.335712,1.101065
9.240000,-0.001320,-0.005204,0.763912,-0.000165,-0.000656,-0.187687,-0.000005,0.000014,1.570306,-0.300000,1.000000,1.100000,0.000000,0.000000,-1.571000,-0.298680,1.005204,0.336088,1.101181
9.242000,-0.001320,-0.005205,0.763537,-0.000165,-0.000654,-0.186863,-0.000005,0.000013,1.570306,-0.300000,1.000000,1.100000,0.000000,0.000000,-1.571000,-0.298680,1.005205,0.336463,1.101297
9.244000,-0.001321,-0.005207,0.763164,-0.000165,-0.000653,-0.186040,-0.000006,0.000013,1.570306,-0.300000,1.000000,1.100000,0.000000,0.000000,-1.571000,-0.298679,1.005207,0.336836,1.101412
9.246000,-0.001321,-0.005208,0.762793,-0.000165,-0.000652,-0.185217,-0.000007,0.000012,1.570306,-0.300000,1.000000,1.100000,0.000000,0.000000,-1.571000,-0.298679,1.005208,0.337207,1.101527
9.248000,-0.001321,-0.005209,0.762424,-0.000165,-0.000650,-0.184393,-0.000008,0.000012,1.570306,-0.300000,1.000000,1.100000,0.000000,0.000000,-1.571000,-0.298679,1.005209,0.337576,1.101641
9.250000,-0.001322,-0.005211,0.762056,-0.000165,-0.000649,-0.183570,-0.000009,0.000011,1.570307,-0.300000,1.000000,1.100000,0.000000,0.000000,-1.571000,-0.298678,1.005211,0.337944,1.101755
9.252000,-0.001322,-0.005212,0.761689,-0.000164,-0.000647,-0.182747,-0.000010,0.000010,1.570307,-0.300000,1.000000,1.100000,0.000000,0.000000,-1.571000,-0.298678,1.005212,0.338311,1.101868
9.254000,-0.001322,-0.005213,0.761325,-0.000164,-0.000646,-0.181925,-0.000010,0.000010,1.570307,-0.300000,1.000000,1.100000,0.000000,0.000000,-1.571000,-0.298678,1.005213,0.338675,1.101981
9.256000,-0.001323,-0.005214,0.760962,-0.000164,-0.000644,-0.181102,-0.000011,0.000009,1.570307,-0.300000,1.000000,1.100000,0.000000,0.000000,-1.571000,-0.298677,1.005214,0.339038,1.102094
9.258000,-0.001323,-0.005216,0.760600,-0.000164,-0.000643,-0.180279,-0.000012,0.000009,1.570307,-0.300000,1.000000,1.100000,0.000000,0.000000,-1.571000,-0.298677,1.005216,0.339400,1.102206
9.260000,-0.001323,-0.005217,0.760241,-0.000164,-0.000642,-0.179454,-0.000013,0.000008,1.570307,-0.300000,1.000000,1.100000,0.000000,0.000000,-1.571000,-0.298677,1.005217,0.339759,1.102318
9.262000,-0.001324,-0.005218,0.759883,-0.000164,-0.000640,-0.178630,-0.000014,0.000007,1.570307,-0.300000,1.000000,1.100000,0.000000,0.000000,-1.571000,-0.298676,1.005218,0.340117,1.102430
9.264000,-0.001324,-0.005220,0.759526,-0.000164,-0.000639,-0.177805,-0.000014,0.000007,1.570307,-0.300000,1.000000,1.100000,0.000000,0.000000,-1.571000,-0.298676,1.005220,0.340474,1.102541
9.266000,-0.001324,-0.005221,0.759172,-0.000164,-0.000638,-0.176980,-0.000015,0.000006,1.570307,-0.300000,1.000000,1.100000,0.000000,0.000000,-1.571000,-0.298676,1.005221,0.340828,1.102651
9.268000,-0.001325,-0.005222,0.758818,-0.000164,-0.000636,-0.176154,-0.000016,0.000006,1.570307,-0.300000,1.000000,1.100000,0.000000,0.000000,-1.571000,-0.298675,1.005222,0.341182,1.102762
9.270000,-0.001325,-0.005223,0.758467,-0.000164,-0.000635,-0.175327,-0.000017,0.000005,1.570307,-0.300000,1.000000,1.100000,0.000000,0.000000,-1.571000,-0.298675,1.005223,0.341533,1.102872
9.272000,-0.001325,-0.005225,0.758117,-0.000164,-0.000634,-0.174498,-0.000018,0.000005,1.570307,-0.300000,1.000000,1.100000,0.000000,0.000000,-1.571000,-0.298675,1.005225,0.341883,1.102981
9.274000,-0.001326,-0.005226,0.757769,-0.000164,-0.000633,-0.173670,-0.000018,0.000004,1.570307,-0.300000,1.000000,1.100000,0.000000,0.000000,-1.571000,-0.298674,1.005226,0.342231,1.103090
9.276000,-0.001326,-0.005227,0.757423,-0.000164,-0.000631,-0.172841,-0.000019,0.000004,1.570307,-0.300000,1.000000,1.100000,0.000000,0.000000,-1.571000,-0.298674,1.005227,0.342577,1.103199
9.278000,-0.001326,-0.005229,0.757078,-0.000164,-0.000630,-0.172010,-0.000020,0.000004,1.570307,-0.300000,1.000000,1.100000,0.000000,0.000000,-1.571000,-0.298674,1.005229,0.342922,1.103307
9.280000,-0.001327,-0.005230,0.756735,-0.000164,-0.000629,-0.171179,-0.000021,0.000003,1.570307,-0.300000,1.000000,1.100000,0.000000,0.000000,-1.571000,-0.298673,1.005230,0.343265,1.103415
9.282000,-0.001327,-0.005231,0.756393,-0.000165,-0.000628,-0.170346,-0.000022,0.000003,1.570307,-0.300000,1.000000,1.100000,0.000000,0.000000,-1.571000,-0.298673,1.005231,0.343607,1.103522
9.284000,-0.001327,-0.005232,0.756054,-0.000165,-0.000626,-0.169513,-0.000023,0.000003,1.570307,-0.300000,1.000000,1.100000,0.000000,0.000000,-1.571000,-0.298673,1.005232,0.343946,1.103629
9.286000,-0.001328,-0.005234,0.755716,-0.000165,-0.000625,-0.168682,-0.000023,0.000002,1.570307,-0.300000,1.000000,1.100000,0.000000,0.000000,-1.571000,-0.298672,1.005234,0.344284,1.103735
9.288000,-0.001328,-0.005235,0.755379,-0.000165,-0.000624,-0.167851,-0.000024,0.000002,1.570307,-0.300000,1.000000,1.100000,0.000000,0.000000,-1.571000,-0.298672,1.005235,0.344621,1.103841
9.290000,-0.001328,-0.005236,0.755044,-0.000165,-0.000623,-0.167020,-0.000025,0.000002,1.570307,-0.300000,1.000000,1.100000,0.000000,0.000000,-1.571000,-0.298672,1.005236,0.344956,1.103947
9.292000,-0.001329,-0.005237,0.754711,-0.000165,-0.000622,-0.166190,-0.000026,0.000002,1.570307,-0.300000,1.000000,1.100000,0.000000,0.000000,-1.571000,-0.298671,1.005237,0.345289,1.104052
9.294000,-0.001329,-0.005239,0.754380,-0.000166,-0.000620,-0.165361,-0.000027,0.000001,1.570307,-0.300000,1.000000,1.100000,0.000000,0.000000,-1.571000,-0.298671,1.005239,0.345620,1.104157
9.296000,-0.001329,-0.005240,0.754050,-0.000166,-0.000619,-0.164533,-0.000027,0.000001,1.570307,-0.300000,1.000000,1.100000,0.000000,0.000000,-1.571000,-0.298671,1.005240,0.345950,1.104261
9.298000,-0.001330,-0.005241,0.753722,-0.000166,-0.000618,-0.163705,-0.000028,0.000001,1.570307,-0.300000,1.000000,1.100000,0.000000,0.000000,-1.571000,-0.298670,1.005241,0.346278,1.104365
9.300000,-0.001330,-0.005242,0.753395,-0.000166,-0.000617,-0.162876,-0.000029,0.000001,1.570307,-0.300000,1.000000,1.100000,0.000000,0.000000,-1.571000,-0.298670,1.005242,0.346605,1.104468
9.302000,-0.001330,-0.005243,0.753070,-0.000167,-0.000616,-0.162047,-0.000030,0.000001,1.570307,-0.300000,1.000000,1.100000,0.000000,0.000000,-1.571000,-0.298670,1.005243,0.346930,1.104571
9.304000,-0.001331,-0.005245,0.752747,-0.000167,-0.000615,-0.161218,-0.000031,0.000001,1.570307,-0.300000,1.000000,1.100000,0.000000,0.000000,-1.571000,-0.298669,1.005245,0.347253,1.104674
9.306000,-0.001331,-0.005246,0.752426,-0.000167,-0.000613,-0.160388,-0.000031,0.000001,1.570307,-0.300000,1.000000,1.100000,0.000000,0.000000,-1.571000,-0.298669,1.005246,0.347574,1.104776
9.308000,-0.001331,-0.005247,0.752106,-0.000168,-0.000612,-0.159558,-0.000032,0.000001,1.570307,-0.300000,1.000000,1.100000,0.000000,0.000000,-1.571000,-0.298669,1.005247,0.347894,1.104878
9.310000,-0.001332,-0.005248,0.751788,-0.000168,-0.000611,-0.158727,-0.000033,0.000000,1.570307,-0.300000,1.000000,1.100000,0.000000,0.000000,-1.571000,-0.298668,1.005248,0.348212,1.104979
9.312000,-0.001332,-0.005250,0.751471,-0.000168,-0.000610,-0.157895,-0.000034,0.000000,1.570307,-0.300000,1.000000,1.100000,0.000000,0.000000,-1.571000,-0.298668,1.005250,0.348529,1.105080
9.314000,-0.001332,-0.005251,0.751156,-0.000169,-0.000609,-0.157064,-0.000035,0.000000,1.570307,-0.300000,1.000000,1.100000,0.000000,0.000000,-1.571000,-0.298668,1.005251,0.348844,1.105180
9.316000,-0.001333,-0.005252,0.750843,-0.000169,-0.000608,-0.156233,-0.000035,0.000000,1.570308,-0.300000,1.000000,1.100000,0.000000,0.000000,-1.571000,-0.298667,1.005252,0.349157,1.105280
9.318000,-0.001333,-0.005253,0.750532,-0.000169,-0.000607,-0.155401,-0.000036,0.000000,1.570308,-0.300000,1.000000,1.100000,0.000000,0.000000,-1.571000,-0.298667,1.005253,0.349468,1.105380
9.320000,-0.001333,-0.005254,0.750222,-0.000170,-0.000605,-0.154570,-0.000037,0.000000,1.570308,-0.300000,1.000000,1.100000,0.000000,0.000000,-1.571000,-0.298667,1.005254,0.349778,1.105479
9.322000,-0.001334,-0.005256,0.749913,-0.000170,-0.000604,-0.153740,-0.000038,0.000000,1.570308,-0.300000,1.000000,1.100000,0.000000,0.000000,-1.571000,-0.298666,1.005256,0.350087,1.105577
9.324000,-0.001334,-0.005257,0.749607,-0.000171,-0.000603,-0.152912,-0.000039,0.000000,1.570308,-0.300000,1.000000,1.100000,0.000000,0.000000,-1.571000,-0.298666,1.005257,0.350393,1.105675
9.326000,-0.001334,-0.005258,0.749302,-0.000171,-0.000602,-0.152085,-0.000040,0.000000,1.570308,-0.300000,1.000000,1.100000,0.000000,0.000000,-1.571000,-0.298666,1.005258,0.350698,1.105773
9.328000,-0.001335,-0.005259,0.748999,-0.000172,-0.000601,-0.151259,-0.000040,0.000000,1.570308,-0.300000,1.000000,1.100000,0.000000,0.000000,-1.571000,-0.298665,1.005259,0.351001,1.105870
9.330000,-0.001335,-0.005260,0.748697,-0.000172,-0.000600,-0.150432,-0.000041,0.000000,1.570308,-0.300000,1.000000,1.100000,0.000000,0.000000,-1.571000,-0.298665,1.005260,0.351303,1.105967
9.332000,-0.001335,-0.005262,0.748397,-0.000173,-0.000599,-0.149606,-0.000042,0.000000,1.570308,-0.300000,1.000000,1.100000,0.000000,0.000000,-1.571000,-0.298665,1.005262,0.351603,1.106063
9.334000,-0.001336,-0.005263,0.748099,-0.000173,-0.000598,-0.148780,-0.000042,0.000000,1.570308,-0.300000,1.000000,1.100000,0.000000,0.000000,-1.571000,-0.298664,1.005263,0.351901,1.106159
9.336000,-0.001336,-0.005264,0.747802,-0.000174,-0.000596,-0.147954,-0.000043,0.000001,1.570308,-0.300000,1.000000,1.100000,0.000000,0.000000,-1.571000,-0.298664,1.005264,0.352198,1.106255
9.338000,-0.001336,-0.005265,0.747507,-0.000174,-0.000595,-0.147129,-0.000043,0.000001,1.570308,-0.300000,1.000000,1.100000,0.000000,0.000000,-1.571000,-0.298664,1.005265,0.352493,1.106349
9.340000,-0.001337,-0.005266,0.747214,-0.000175,-0.000594,-0.146302,-0.000043,0.000001,1.570308,-0.300000,1.000000,1.100000,0.000000,0.000000,-1.571000,-0.298663,1.005266,0.352786,1.106444
9.342000,-0.001337,-0.005268,0.746922,-0.000175,-0.000593,-0.145476,-0.000044,0.000001,1.570308,-0.300000,1.000000,1.100000,0.000000,0.000000,-1.571000,-0.298663,1.005268,0.353078,1.106538
9.344000,-0.001337,-0.005269,0.746632,-0.000176,-0.000592,-0.144649,-0.000044,0.000001,1.570308,-0.300000,1.000000,1.100000,0.000000,0.000000,-1.571000,-0.298663,1.005269,0.353368,1.106632
9.346000,-0.001338,-0.005270,0.746344,-0.000176,-0.000591,-0.143822,-0.000044,0.000001,1.570308,-0.300000,1.000000,1.100000,0.000000,0.000000,-1.571000,-0.298662,1.005270,0.353656,1.106725
9.348000,-0.001338,-0.005271,0.746057,-0.000177,-0.000590,-0.142996,-0.000044,0.000002,1.570308,-0.300000,1.000000,1.100000,0.000000,0.000000,-1.571000,-0.298662,1.005271,0.353943,1.106817
9.350000,-0.001338,-0.005272,0.745772,-0.000178,-0.000589,-0.142171,-0.000043,0.000002,1.570308,-0.300000,1.000000,1.100000,0.000000,0.000000,-1.571000,-0.298662,1.005272,0.354228,1.106909
9.352000,-0.001339,-0.005274,0.745489,-0.000178,-0.000587,-0.141346,-0.000043,0.000002,1.570308,-0.300000,1.000000,1.100000,0.000000,0.000000,-1.571000,-0.298661,1.005274,0.354511,1.107001
9.354000,-0.001339,-0.005275,0.745207,-0.000179,-0.000586,-0.140522,-0.000043,0.000002,1.570308,-0.300000,1.000000,1.100000,0.000000,0.000000,-1.571000,-0.298661,1.005275,0.354793,1.107092
9.356000,-0.001340,-0.005276,0.744927,-0.000179,-0.000585,-0.139699,-0.000042,0.000002,1.570308,-0.300000,1.000000,1.100000,0.000000,0.000000,-1.571000,-0.298660,1.005276,0.355073,1.107183
9.358000,-0.001340,-0.005277,0.744649,-0.000180,-0.000584,-0.138877,-0.000042,0.000002,1.570308,-0.300000,1.000000,1.100000,0.000000,0.000000,-1.571000,-0.298660,1.005277,0.355351,1.107273
9.360000,-0.001340,-0.005278,0.744372,-0.000180,-0.000583,-0.138055,-0.000041,0.000002,1.570308,-0.300000,1.000000,1.100000,0.000000,0.000000,-1.571000,-0.298660,1.005278,0.355628,1.107363
9.362000,-0.001341,-0.005279,0.744097,-0.000181,-0.000582,-0.137233,-0.000040,0.000002,1.570308,-0.300000,1.000000,1.100000,0.000000,0.000000,-1.571000,-0.298659,1.005279,0.355903,1.107453
9.364000,-0.001341,-0.005281,0.743823,-0.000181,-0.000581,-0.136410,-0.000040,0.000002,1.570308,-0.300000,1.000000,1.100000,0.000000,0.000000,-1.571000,-0.298659,1.005281,0.356177,1.107541
9.366000,-0.001341,-0.005282,0.743551,-0.000182,-0.000580,-0.135588,-0.000039,0.000001,1.570308,-0.300000,1.000000,1.100000,0.000000,0.000000,-1.571000,-0.298659,1.005282,0.356449,1.107630
9.368000,-0.001342,-0.005283,0.743281,-0.000182,-0.000579,-0.134766,-0.000038,0.000001,1.570308,-0.300000,1.000000,1.100000,0.000000,0.000000,-1.571000,-0.298658,1.005283,0.356719,1.107718
9.370000,-0.001342,-0.005284,0.743013,-0.000183,-0.000577,-0.133944,-0.000037,0.000001,1.570308,-0.300000,1.000000,1.100000,0.000000,0.000000,-1.571000,-0.298658,1.005284,0.356987,1.107805
9.372000,-0.001342,-0.005285,0.742746,-0.000183,-0.000576,-0.133122,-0.000037,0.000001,1.570308,-0.300000,1.000000,1.100000,0.000000,0.000000,-1.571000,-0.298658,1.005285,0.357254,1.107892
9.374000,-0.001343,-0.005286,0.742480,-0.000183,-0.000575,-0.132302,-0.000036,0.000001,1.570308,-0.300000,1.000000,1.100000,0.000000,0.000000,-1.571000,-0.298657,1.005286,0.357520,1.107979
9.376000,-0.001343,-0.005287,0.742217,-0.000184,-0.000574,-0.131483,-0.000035,0.000000,1.570308,-0.300000,1.000000,1.100000,0.000000,0.000000,-1.571000,-0.298657,1.005287,0.357783,1.108065
9.378000,-0.001344,-0.005289,0.741955,-0.000184,-0.000573,-0.130667,-0.000034,0.000000,1.570308,-0.300000,1.000000,1.100000,0.000000,0.000000,-1.571000,-0.298656,1.005289,0.358045,1.108150
9.380000,-0.001344,-0.005290,0.741694,-0.000184,-0.000572,-0.129851,-0.000033,-0.000000,1.570308,-0.300000,1.000000,1.100000,0.000000,0.000000,-1.571000,-0.298656,1.005290,0.358306,1.108235
9.382000,-0.001344,-0.005291,0.741436,-0.000185,-0.000571,-0.129035,-0.000032,-0.000000,1.570308,-0.300000,1.000000,1.100000,0.000000,0.000000,-1.571000,-0.298656,1.005291,0.358564,1.108320
9.384000,-0.001345,-0.005292,0.741179,-0.000185,-0.000570,-0.128219,-0.000031,-0.000000,1.570308,-0.300000,1.000000,1.100000,0.000000,0.000000,-1.571000,-0.298655,1.005292,0.358821,1.108404
9.386000,-0.001345,-0.005293,0.740923,-0.000185,-0.000569,-0.127404,-0.000030,-0.000001,1.570308,-0.300000,1.000000,1.100000,0.000000,0.000000,-1.571000,-0.298655,1.005293,0.359077,1.108488
9.388000,-0.001345,-0.005294,0.740669,-0.000186,-0.000568,-0.126589,-0.000029,-0.000001,1.570307,-0.300000,1.000000,1.100000,0.000000,0.000000,-1.571000,-0.298655,1.005294,0.359331,1.108571
9.390000,-0.001346,-0.005295,0.740417,-0.000186,-0.000567,-0.125775,-0.000028,-0.000001,1.570307,-0.300000,1.000000,1.100000,0.000000,0.000000,-1.571000,-0.298654,1.005295,0.359583,1.108654
9.392000,-0.001346,-0.005297,0.740167,-0.000186,-0.000566,-0.124961,-0.000027,-0.000001,1.570307,-0.300000,1.000000,1.100000,0.000000,0.000000,-1.571000,-0.298654,1.005297,0.359833,1.108736
9.394000,-0.001347,-0.005298,0.739918,-0.000186,-0.000565,-0.124147,-0.000026,-0.000001,1.570307,-0.300000,1.000000,1.100000,0.000000,0.000000,-1.571000,-0.298653,1.005298,0.360082,1.108818
9.396000,-0.001347,-0.005299,0.739670,-0.000186,-0.000564,-0.123334,-0.000025,-0.000001,1.570307,-0.300000,1.000000,1.100000,0.000000,0.000000,-1.571000,-0.298653,1.005299,0.360330,1.108899
9.398000,-0.001347,-0.005300,0.739425,-0.000187,-0.000563,-0.122524,-0.000024,-0.000001,1.570307,-0.300000,1.000000,1.100000,0.000000,0.000000,-1.571000,-0.298653,1.005300,0.360575,1.108980
9.400000,-0.001348,-0.005301,0.739180,-0.000187,-0.000562,-0.121716,-0.000023,-0.000001,1.570308,-0.300000,1.000000,1.100000,0.000000,0.000000,-1.571000,-0.298652,1.005301,0.360820,1.109060
9.402000,-0.001348,-0.005302,0.738938,-0.000187,-0.000561,-0.120908,-0.000022,-0.000001,1.570308,-0.300000,1.000000,1.100000,0.000000,0.000000,-1.571000,-0.298652,1.005302,0.361062,1.109140
9.404000,-0.001348,-0.005303,0.738697,-0.000187,-0.000560,-0.120101,-0.000021,-0.000001,1.570308,-0.300000,1.000000,1.100000,0.000000,0.000000,-1.571000,-0.298652,1.005303,0.361303,1.109219
9.406000,-0.001349,-0.005304,0.738458,-0.000187,-0.000559,-0.119294,-0.000020,-0.000001,1.570308,-0.300000,1.000000,1.100000,0.000000,0.000000,-1.571000,-0.298651,1.005304,0.361542,1.109298
9.408000,-0.001349,-0.005306,0.738220,-0.000187,-0.000558,-0.118488,-0.000019,-0.000001,1.570308,-0.300000,1.000000,1.100000,0.000000,0.000000,-1.571000,-0.298651,1.005306,0.361780,1.109377
9.410000,-0.001350,-0.005307,0.737984,-0.000187,-0.000557,-0.117681,-0.000018,-0.000001,1.570308,-0.300000,1.000000,1.100000,0.000000,0.000000,-1.571000,-0.298650,1.005307,0.362016,1.109454
9.412000,-0.001350,-0.005308,0.737750,-0.000187,-0.000556,-0.116875,-0.000016,-0.000001,1.570308,-0.300000,1.000000,1.100000,0.000000,0.000000,-1.571000,-0.298650,1.005308,0.362250,1.109532
9.414000,-0.001350,-0.005309,0.737517,-0.000187,-0.000555,-0.116067,-0.000015,-0.000001,1.570308,-0.300000,1.000000,1.100000,0.000000,0.000000,-1.571000,-0.298650,1.005309,0.362483,1.109609
9.416000,-0.001351,-0.005310,0.737286,-0.000187,-0.000554,-0.115260,-0.000014,-0.000001,1.570308,-0.300000,1.000000,1.100000,0.000000,0.000000,-1.571000,-0.298649,1.005310,0.362714,1.109685
9.418000,-0.001351,-0.005311,0.737056,-0.000187,-0.000553,-0.114454,-0.000013,-0.000001,1.570308,-0.300000,1.000000,1.100000,0.000000,0.000000,-1.571000,-0.298649,1.005311,0.362944,1.109761
9.420000,-0.001351,-0.005312,0.736829,-0.000187,-0.000552,-0.113649,-0.000012,-0.000000,1.570308,-0.300000,1.000000,1.100000,0.000000,0.000000,-1.571000,-0.298649,1.005312,0.363171,1.109837
9.422000,-0.001352,-0.005313,0.736602,-0.000187,-0.000551,-0.112846,-0.000011,-0.000000,1.570308,-0.300000,1.000000,1.100000,0.000000,0.000000,-1.571000,-0.298648,1.005313,0.363398,1.109912
9.424000,-0.001352,-0.005314,0.736377,-0.000187,-0.000549,-0.112045,-0.000010,-0.000000,1.570308,-0.300000,1.000000,1.100000,0.000000,0.000000,-1.571000,-0.298648,1.005314,0.363623,1.109986
9.426000,-0.001353,-0.005316,0.736154,-0.000186,-0.000548,-0.111243,-0.000009,0.000000,1.570308,-0.300000,1.000000,1.100000,0.000000,0.000000,-1.571000,-0.298647,1.005316,0.363846,1.110060
9.428000,-0.001353,-0.005317,0.735933,-0.000186,-0.000547,-0.110442,-0.000008,0.000000,1.570308,-0.300000,1.000000,1.100000,0.000000,0.000000,-1.571000,-0.298647,1.005317,0.364067,1.110134
9.430000,-0.001353,-0.005318,0.735713,-0.000186,-0.000546,-0.109641,-0.000006,0.000000,1.570308,-0.300000,1.000000,1.100000,0.000000,0.000000,-1.571000,-0.298647,1.005318,0.364287,1.110207
9.432000,-0.001354,-0.005319,0.735495,-0.000186,-0.000545,-0.108840,-0.000005,0.000001,1.570308,-0.300000,1.000000,1.100000,0.000000,0.000000,-1.571000,-0.298646,1.005319,0.364505,1.110279
9.434000,-0.001354,-0.005320,0.735278,-0.000186,-0.000544,-0.108040,-0.000004,0.000001,1.570308,-0.300000,1.000000,1.100000,0.000000,0.000000,-1.571000,-0.298646,1.005320,0.364722,1.110351
9.436000,-0.001354,-0.005321,0.735063,-0.000185,-0.000543,-0.107239,-0.000003,0.000001,1.570308,-0.300000,1.000000,1.100000,0.000000,0.000000,-1.571000,-0.298646,1.005321,0.364937,1.110423
9.438000,-0.001355,-0.005322,0.734849,-0.000185,-0.000542,-0.106441,-0.000002,0.000001,1.570308,-0.300000,1.000000,1.100000,0.000000,0.000000,-1.571000,-0.298645,1.005322,0.365151,1.110494
9.440000,-0.001355,-0.005323,0.734637,-0.000185,-0.000541,-0.105644,-0.000001,0.000001,1.570308,-0.300000,1.000000,1.100000,0.000000,0.000000,-1.571000,-0.298645,1.005323,0.365363,1.110564
9.442000,-0.001355,-0.005324,0.734427,-0.000184,-0.000540,-0.104848,0.000000,0.000001,1.570308,-0.300000,1.000000,1.100000,0.000000,0.000000,-1.571000,-0.298645,1.005324,0.365573,1.110634
9.444000,-0.001356,-0.005325,0.734218,-0.000184,-0.000539,-0.104055,0.000001,0.000001,1.570308,-0.300000,1.000000,1.100000,0.000000,0.000000,-1.571000,-0.298644,1.005325,0.365782,1.110704
9.446000,-0.001356,-0.005326,0.734011,-0.000184,-0.000538,-0.103262,0.000003,0.000001,1.570308,-0.300000,1.000000,1.100000,0.000000,0.000000,-1.571000,-0.298644,1.005326,0.365989,1.110773
9.448000,-0.001357,-0.005328,0.733806,-0.000183,-0.000537,-0.102469,0.000004,0.000001,1.570308,-0.300000,1.000000,1.100000,0.000000,0.000000,-1.571000,-0.298643,1.005328,0.366194,1.110842
9.450000,-0.001357,-0.005329,0.733602,-0.000183,-0.000536,-0.101676,0.000005,0.000000,1.570308,-0.300000,1.000000,1.100000,0.000000,0.000000,-1.571000,-0.298643,1.005329,0.366398,1.110910
9.452000,-0.001357,-0.005330,0.733399,-0.000182,-0.000535,-0.100883,0.000006,0.000000,1.570308,-0.300000,1.000000,1.100000,0.000000,0.000000,-1.571000,-0.298643,1.005330,0.366601,1.110978
9.454000,-0.001358,-0.005331,0.733199,-0.000182,-0.000534,-0.100091,0.000007,0.000000,1.570308,-0.300000,1.000000,1.100000,0.000000,0.000000,-1.571000,-0.298642,1.005331,0.366801,1.111045
9.456000,-0.001358,-0.005332,0.733000,-0.000181,-0.000533,-0.099300,0.000008,-0.000000,1.570308,-0.300000,1.000000,1.100000,0.000000,0.000000,-1.571000,-0.298642,1.005332,0.367000,1.111111
9.458000,-0.001358,-0.005333,0.732802,-0.000181,-0.000532,-0.098511,0.000009,-0.000000,1.570308,-0.300000,1.000000,1.100000,0.000000,0.000000,-1.571000,-0.298642,1.005333,0.367198,1.111177
9.460000,-0.001359,-0.005334,0.732606,-0.000180,-0.000531,-0.097722,0.000010,-0.000001,1.570308,-0.300000,1.000000,1.100000,0.000000,0.000000,-1.571000,-0.298641,1.005334,0.367394,1.111243
9.462000,-0.001359,-0.005335,0.732411,-0.000180,-0.000530,-0.096936,0.000012,-0.000001,1.570308,-0.300000,1.000000,1.100000,0.000000,0.000000,-1.571000,-0.298641,1.005335,0.367589,1.111308
9.464000,-0.001360,-0.005336,0.732219,-0.000179,-0.000529,-0.096150,0.000013,-0.000001,1.570308,-0.300000,1.000000,1.100000,0.000000,0.000000,-1.571000,-0.298640,1.005336,0.367781,1.111373
9.466000,-0.001360,-0.005337,0.732027,-0.000179,-0.000528,-0.095367,0.000014,-0.000001,1.570308,-0.300000,1.000000,1.100000,0.000000,0.000000,-1.571000,-0.298640,1.005337,0.367973,1.111437
9.468000,-0.001360,-0.005338,0.731837,-0.000178,-0.000527,-0.094584,0.000015,-0.000001,1.570308,-0.300000,1.000000,1.100000,0.000000,0.000000,-1.571000,-0.298640,1.005338,0.368163,1.111501
9.470000,-0.001361,-0.005339,0.731649,-0.000177,-0.000526,-0.093802,0.000016,-0.000002,1.570308,-0.300000,1.000000,1.100000,0.000000,0.000000,-1.571000,-0.298639,1.005339,0.368351,1.111564
9.472000,-0.001361,-0.005340,0.731463,-0.000177,-0.000526,-0.093020,0.000017,-0.000002,1.570308,-0.300000,1.000000,1.100000,0.000000,0.000000,-1.571000,-0.298639,1.005340,0.368537,1.111627
9.474000,-0.001361,-0.005341,0.731278,-0.000176,-0.000525,-0.092240,0.000018,-0.000002,1.570308,-0.300000,1.000000,1.100000,0.000000,0.000000,-1.571000,-0.298639,1.005341,0.368722,1.111689
9.476000,-0.001362,-0.005342,0.731094,-0.000175,-0.000524,-0.091462,0.000020,-0.000002,1.570308,-0.300000,1.000000,1.100000,0.000000,0.000000,-1.571000,-0.298638,1.005342,0.368906,1.111751
9.478000,-0.001362,-0.005343,0.730912,-0.000175,-0.000523,-0.090686,0.000021,-0.000002,1.570308,-0.300000,1.000000,1.100000,0.000000,0.000000,-1.571000,-0.298638,1.005343,0.369088,1.111812
9.480000,-0.001362,-0.005344,0.730732,-0.000174,-0.000522,-0.089911,0.000022,-0.000002,1.570308,-0.300000,1.000000,1.100000,0.000000,0.000000,-1.571000,-0.298638,1.005344,0.369268,1.111873
9.482000,-0.001363,-0.005346,0.730553,-0.000173,-0.000521,-0.089137,0.000023,-0.000002,1.570308,-0.300000,1.000000,1.100000,0.000000,0.000000,-1.571000,-0.298637,1.005346,0.369447,1.111933
9.484000,-0.001363,-0.005347,0.730376,-0.000172,-0.000520,-0.088363,0.000024,-0.000002,1.570308,-0.300000,1.000000,1.100000,0.000000,0.000000,-1.571000,-0.298637,1.005347,0.369624,1.111993
9.486000,-0.001363,-0.005348,0.730200,-0.000172,-0.000519,-0.087590,0.000025,-0.000002,1.570308,-0.300000,1.000000,1.100000,0.000000,0.000000,-1.571000,-0.298637,1.005348,0.369800,1.112052
9.488000,-0.001364,-0.005349,0.730026,-0.000171,-0.000518,-0.086818,0.000026,-0.000002,1.570308,-0.300000,1.000000,1.100000,0.000000,0.000000,-1.571000,-0.298636,1.005349,0.369974,1.112111
9.490000,-0.001364,-0.005350,0.729853,-0.000170,-0.000517,-0.086045,0.000028,-0.000002,1.570308,-0.300000,1.000000,1.100000,0.000000,0.000000,-1.571000,-0.298636,1.005350,0.370147,1.112169
9.492000,-0.001364,-0.005351,0.729682,-0.000169,-0.000516,-0.085272,0.000029,-0.000002,1.570308,-0.300000,1.000000,1.100000,0.000000,0.000000,-1.571000,-0.298636,1.005351,0.370318,1.112227
9.494000,-0.001365,-0.005352,0.729512,-0.000168,-0.000515,-0.084501,0.000030,-0.000002,1.570308,-0.300000,1.000000,1.100000,0.000000,0.000000,-1.571000,-0.298635,1.005352,0.370488,1.112284
9.496000,-0.001365,-0.005353,0.729344,-0.000167,-0.000514,-0.083731,0.000031,-0.000002,1.570308,-0.300000,1.000000,1.100000,0.000000,0.000000,-1.571000,-0.298635,1.005353,0.370656,1.112341
9.498000,-0.001365,-0.005354,0.729178,-0.000166,-0.000514,-0.082963,0.000032,-0.000002,1.570308,-0.300000,1.000000,1.100000,0.000000,0.000000,-1.571000,-0.298635,1.005354,0.370822,1.112397
9.500000,-0.001366,-0.005355,0.729013,-0.000165,-0.000513,-0.082197,0.000033,-0.000001,1.570308,-0.300000,1.000000,1.100000,0.000000,0.000000,-1.571000,-0.298634,1.005355,0.370987,1.112453
9.502000,-0.001366,-0.005356,0.728850,-0.000164,-0.000512,-0.081431,0.000034,-0.000001,1.570308,-0.300000,1.000000,1.100000,0.000000,0.000000,-1.571000,-0.298634,1.005356,0.371150,1.112509
9.504000,-0.001366,-0.005357,0.728688,-0.000163,-0.000511,-0.080665,0.000035,-0.000001,1.570308,-0.300000,1.000000,1.100000,0.000000,0.000000,-1.571000,-0.298634,1.005357,0.371312,1.112563
9.506000,-0.001367,-0.005358,0.728527,-0.000162,-0.000510,-0.079900,0.000035,-0.000001,1.570308,-0.300000,1.000000,1.100000,0.000000,0.000000,-1.571000,-0.298633,1.005358,0.371473,1.112618
9.508000,-0.001367,-0.005359,0.728369,-0.000161,-0.000509,-0.079136,0.000036,-0.000001,1.570308,-0.300000,1.000000,1.100000,0.000000,0.000000,-1.571000,-0.298633,1.005359,0.371631,1.112672
9.510000,-0.001367,-0.005360,0.728211,-0.000160,-0.000508,-0.078373,0.000036,-0.000000,1.570308,-0.300000,1.000000,1.100000,0.000000,0.000000,-1.571000,-0.298633,1.005360,0.371789,1.112725
9.512000,-0.001368,-0.005361,0.728055,-0.000159,-0.000507,-0.077613,0.000037,-0.000000,1.570308,-0.300000,1.000000,1.100000,0.000000,0.000000,-1.571000,-0.298632,1.005361,0.371945,1.112778
9.514000,-0.001368,-0.005362,0.727901,-0.000158,-0.000506,-0.076854,0.000037,0.000000,1.570308,-0.300000,1.000000,1.100000,0.000000,0.000000,-1.571000,-0.298632,1.005362,0.372099,1.112830
9.516000,-0.001368,-0.005363,0.727749,-0.000157,-0.000505,-0.076097,0.000037,0.000000,1.570308,-0.300000,1.000000,1.100000,0.000000,0.000000,-1.571000,-0.298632,1.005363,0.372251,1.112882
9.518000,-0.001369,-0.005364,0.727597,-0.000156,-0.000504,-0.075341,0.000037,0.000000,1.570308,-0.300000,1.000000,1.100000,0.000000,0.000000,-1.571000,-0.298631,1.005364,0.372403,1.112934
9.520000,-0.001369,-0.005365,0.727448,-0.000155,-0.000503,-0.074586,0.000037,0.000000,1.570308,-0.300000,1.000000,1.100000,0.000000,0.000000,-1.571000,-0.298631,1.005365,0.372552,1.112985
9.522000,-0.001369,-0.005366,0.727299,-0.000154,-0.000502,-0.073831,0.000037,0.000000,1.570308,-0.300000,1.000000,1.100000,0.000000,0.000000,-1.571000,-0.298631,1.005366,0.372701,1.113035
9.524000,-0.001370,-0.005367,0.727153,-0.000153,-0.000501,-0.073078,0.000037,0.000000,1.570308,-0.300000,1.000000,1.100000,0.000000,0.000000,-1.571000,-0.298630,1.005367,0.372847,1.113085
9.526000,-0.001370,-0.005368,0.727008,-0.000152,-0.000500,-0.072327,0.000037,0.000000,1.570308,-0.300000,1.000000,1.100000,0.000000,0.000000,-1.571000,-0.298630,1.005368,0.372992,1.113134
9.528000,-0.001370,-0.005369,0.726864,-0.000151,-0.000500,-0.071578,0.000036,0.000000,1.570308,-0.300000,1.000000,1.100000,0.000000,0.000000,-1.571000,-0.298630,1.005369,0.373136,1.113183
9.530000,-0.001370,-0.005370,0.726722,-0.000150,-0.000499,-0.070830,0.000036,0.000000,1.570308,-0.300000,1.000000,1.100000,0.000000,0.000000,-1.571000,-0.298630,1.005370,0.373278,1.113232
9.532000,-0.001371,-0.005371,0.726581,-0.000149,-0.000498,-0.070085,0.000036,-0.000000,1.570308,-0.300000,1.000000,1.100000,0.000000,0.000000,-1.571000,-0.298629,1.005371,0.373419,1.113280
9.534000,-0.001371,-0.005372,0.726442,-0.000148,-0.000497,-0.069342,0.000035,-0.000000,1.570308,-0.300000,1.000000,1.100000,0.000000,0.000000,-1.571000,-0.298629,1.005372,0.373558,1.113327
9.536000,-0.001371,-0.005373,0.726304,-0.000147,-0.000496,-0.068600,0.000035,-0.000000,1.570308,-0.300000,1.000000,1.100000,0.000000,0.000000,-1.571000,-0.298629,1.005373,0.373696,1.113374
9.538000,-0.001372,-0.005374,0.726168,-0.000146,-0.000495,-0.067858,0.000034,-0.000001,1.570308,-0.300000,1.000000,1.100000,0.000000,0.000000,-1.571000,-0.298628,1.005374,0.373832,1.113421
9.540000,-0.001372,-0.005375,0.726033,-0.000145,-0.000494,-0.067116,0.000033,-0.000001,1.570308,-0.300000,1.000000,1.100000,0.000000,0.000000,-1.571000,-0.298628,1.005375,0.373967,1.113467
9.542000,-0.001372,-0.005376,0.725900,-0.000144,-0.000493,-0.066376,0.000033,-0.000001,1.570308,-0.300000,1.000000,1.100000,0.000000,0.000000,-1.571000,-0.298628,1.005376,0.374100,1.113513
9.544000,-0.001372,-0.005377,0.725768,-0.000143,-0.000492,-0.065639,0.000032,-0.000001,1.570308,-0.300000,1.000000,1.100000,0.000000,0.000000,-1.571000,-0.298628,1.005377,0.374232,1.113558
9.546000,-0.001373,-0.005378,0.725638,-0.000142,-0.000491,-0.064903,0.000031,-0.000001,1.570308,-0.300000,1.000000,1.100000,0.000000,0.000000,-1.571000,-0.298627,1.005378,0.374362,1.113602
9.548000,-0.001373,-0.005379,0.725509,-0.000141,-0.000490,-0.064169,0.000030,-0.000002,1.570308,-0.300000,1.000000,1.100000,0.000000,0.000000,-1.571000,-0.298627,1.005379,0.374491,1.113646
9.550000,-0.001373,-0.005380,0.725382,-0.000140,-0.000490,-0.063437,0.000030,-0.000002,1.570308,-0.300000,1.000000,1.100000,0.000000,0.000000,-1.571000,-0.298627,1.005380,0.374618,1.113690
9.552000,-0.001374,-0.005381,0.725256,-0.000140,-0.000489,-0.062705,0.000029,-0.000002,1.570308,-0.300000,1.000000,1.100000,0.000000,0.000000,-1.571000,-0.298626,1.005381,0.374744,1.113733
9.554000,-0.001374,-0.005382,0.725131,-0.000139,-0.000488,-0.061975,0.000028,-0.000002,1.570309,-0.300000,1.000000,1.100000,0.000000,0.000000,-1.571000,-0.298626,1.005382,0.374869,1.113776
9.556000,-0.001374,-0.005383,0.725008,-0.000138,-0.000487,-0.061245,0.000027,-0.000002,1.570309,-0.300000,1.000000,1.100000,0.000000,0.000000,-1.571000,-0.298626,1.005383,0.374992,1.113818
9.558000,-0.001374,-0.005384,0.724887,-0.000137,-0.000486,-0.060518,0.000026,-0.000002,1.570309,-0.300000,1.000000,1.100000,0.000000,0.000000,-1.571000,-0.298626,1.005384,0.375113,1.113860
9.560000,-0.001375,-0.005385,0.724767,-0.000136,-0.000485,-0.059793,0.000026,-0.000003,1.570309,-0.300000,1.000000,1.100000,0.000000,0.000000,-1.571000,-0.298625,1.005385,0.375233,1.113901
9.562000,-0.001375,-0.005386,0.724648,-0.000136,-0.000484,-0.059070,0.000025,-0.000003,1.570309,-0.300000,1.000000,1.100000,0.000000,0.000000,-1.571000,-0.298625,1.005386,0.375352,1.113942
9.564000,-0.001375,-0.005387,0.724531,-0.000135,-0.000484,-0.058349,0.000024,-0.000003,1.570309,-0.300000,1.000000,1.100000,0.000000,0.000000,-1.571000,-0.298625,1.005387,0.375469,1.113982
9.566000,-0.001376,-0.005388,0.724415,-0.000134,-0.000483,-0.057629,0.000023,-0.000003,1.570309,-0.300000,1.000000,1.100000,0.000000,0.000000,-1.571000,-0.298624,1.005388,0.375585,1.114022
9.568000,-0.001376,-0.005389,0.724301,-0.000133,-0.000482,-0.056911,0.000022,-0.000003,1.570309,-0.300000,1.000000,1.100000,0.000000,0.000000,-1.571000,-0.298624,1.005389,0.375699,1.114061
9.570000,-0.001376,-0.005390,0.724188,-0.000133,-0.000481,-0.056195,0.000021,-0.000003,1.570309,-0.300000,1.000000,1.100000,0.000000,0.000000,-1.571000,-0.298624,1.005390,0.375812,1.114100
9.572000,-0.001376,-0.005391,0.724077,-0.000132,-0.000480,-0.055479,0.000020,-0.000003,1.570309,-0.300000,1.000000,1.100000,0.000000,0.000000,-1.571000,-0.298624,1.005391,0.375923,1.114139
9.574000,-0.001377,-0.005392,0.723967,-0.000131,-0.000479,-0.054765,0.000019,-0.000003,1.570309,-0.300000,1.000000,1.100000,0.000000,0.000000,-1.571000,-0.298623,1.005392,0.376033,1.114176
9.576000,-0.001377,-0.005392,0.723858,-0.000131,-0.000479,-0.054053,0.000018,-0.000003,1.570309,-0.300000,1.000000,1.100000,0.000000,0.000000,-1.571000,-0.298623,1.005392,0.376142,1.114214
9.578000,-0.001377,-0.005393,0.723751,-0.000130,-0.000478,-0.053343,0.000017,-0.000003,1.570309,-0.300000,1.000000,1.100000,0.000000,0.000000,-1.571000,-0.298623,1.005393,0.376249,1.114251
9.580000,-0.001377,-0.005394,0.723645,-0.000130,-0.000477,-0.052636,0.000017,-0.000003,1.570309,-0.300000,1.000000,1.100000,0.000000,0.000000,-1.571000,-0.298623,1.005394,0.376355,1.114287
9.582000,-0.001378,-0.005395,0.723541,-0.000129,-0.000476,-0.051931,0.000016,-0.000003,1.570309,-0.300000,1.000000,1.100000,0.000000,0.000000,-1.571000,-0.298622,1.005395,0.376459,1.114323
9.584000,-0.001378,-0.005396,0.723438,-0.000128,-0.000475,-0.051227,0.000015,-0.000003,1.570309,-0.300000,1.000000,1.100000,0.000000,0.000000,-1.571000,-0.298622,1.005396,0.376562,1.114359
9.586000,-0.001378,-0.005397,0.723336,-0.000128,-0.000474,-0.050524,0.000014,-0.000002,1.570309,-0.300000,1.000000,1.100000,0.000000,0.000000,-1.571000,-0.298622,1.005397,0.376664,1.114394
9.588000,-0.001378,-0.005398,0.723236,-0.000127,-0.000474,-0.049821,0.000013,-0.000002,1.570309,-0.300000,1.000000,1.100000,0.000000,0.000000,-1.571000,-0.298622,1.005398,0.376764,1.114429
9.590000,-0.001379,-0.005399,0.723138,-0.000127,-0.000473,-0.049121,0.000012,-0.000002,1.570309,-0.300000,1.000000,1.100000,0.000000,0.000000,-1.571000,-0.298621,1.005399,0.376862,1.114463
9.592000,-0.001379,-0.005400,0.723040,-0.000126,-0.000472,-0.048423,0.000011,-0.000002,1.570309,-0.300000,1.000000,1.100000,0.000000,0.000000,-1.571000,-0.298621,1.005400,0.376960,1.114497
9.594000,-0.001379,-0.005401,0.722944,-0.000126,-0.000471,-0.047728,0.000010,-0.000002,1.570309,-0.300000,1.000000,1.100000,0.000000,0.000000,-1.571000,-0.298621,1.005401,0.377056,1.114530
9.596000,-0.001379,-0.005402,0.722850,-0.000126,-0.000470,-0.047035,0.000009,-0.000001,1.570309,-0.300000,1.000000,1.100000,0.000000,0.000000,-1.571000,-0.298621,1.005402,0.377150,1.114562
9.598000,-0.001380,-0.005403,0.722757,-0.000125,-0.000469,-0.046343,0.000008,-0.000001,1.570309,-0.300000,1.000000,1.100000,0.000000,0.000000,-1.571000,-0.298620,1.005403,0.377243,1.114595
9.600000,-0.001380,-0.005404,0.722665,-0.000125,-0.000469,-0.045653,0.000007,-0.000001,1.570309,-0.300000,1.000000,1.100000,0.000000,0.000000,-1.571000,-0.298620,1.005404,0.377335,1.114627
9.602000,-0.001380,-0.005405,0.722575,-0.000124,-0.000468,-0.044964,0.000006,-0.000001,1.570309,-0.300000,1.000000,1.100000,0.000000,0.000000,-1.571000,-0.298620,1.005405,0.377425,1.114658
9.604000,-0.001380,-0.005406,0.722486,-0.000124,-0.000467,-0.044277,0.000005,-0.000000,1.570309,-0.300000,1.000000,1.100000,0.000000,0.000000,-1.571000,-0.298620,1.005406,0.377514,1.114689
9.606000,-0.001381,-0.005407,0.722398,-0.000124,-0.000466,-0.043593,0.000004,-0.000000,1.570309,-0.300000,1.000000,1.100000,0.000000,0.000000,-1.571000,-0.298619,1.005407,0.377602,1.114719
9.608000,-0.001381,-0.005408,0.722312,-0.000123,-0.000465,-0.042910,0.000003,-0.000000,1.570309,-0.300000,1.000000,1.100000,0.000000,0.000000,-1.571000,-0.298619,1.005408,0.377688,1.114749
9.610000,-0.001381,-0.005409,0.722227,-0.000123,-0.000464,-0.042229,0.000002,0.000000,1.570309,-0.300000,1.000000,1.100000,0.000000,0.000000,-1.571000,-0.298619,1.005409,0.377773,1.114779
9.612000,-0.001381,-0.005409,0.722143,-0.000123,-0.000463,-0.041549,0.000001,0.000000,1.570309,-0.300000,1.000000,1.100000,0.000000,0.000000,-1.571000,-0.298619,1.005409,0.377857,1.114808
9.614000,-0.001382,-0.005410,0.722061,-0.000123,-0.000463,-0.040870,0.000000,0.000000,1.570309,-0.300000,1.000000,1.100000,0.000000,0.000000,-1.571000,-0.298618,1.005410,0.377939,1.114837
9.616000,-0.001382,-0.005411,0.721980,-0.000122,-0.000462,-0.040192,-0.000001,0.000000,1.570309,-0.300000,1.000000,1.100000,0.000000,0.000000,-1.571000,-0.298618,1.005411,0.378020,1.114865
9.618000,-0.001382,-0.005412,0.721901,-0.000122,-0.000461,-0.039515,-0.000002,0.000000,1.570309,-0.300000,1.000000,1.100000,0.000000,0.000000,-1.571000,-0.298618,1.005412,0.378099,1.114892
9.620000,-0.001382,-0.005413,0.721823,-0.000122,-0.000460,-0.038841,-0.000003,0.000000,1.570309,-0.300000,1.000000,1.100000,0.000000,0.000000,-1.571000,-0.298618,1.005413,0.378177,1.114920
9.622000,-0.001383,-0.005414,0.721746,-0.000122,-0.000459,-0.038168,-0.000004,-0.000000,1.570309,-0.300000,1.000000,1.100000,0.000000,0.000000,-1.571000,-0.298617,1.005414,0.378254,1.114947
9.624000,-0.001383,-0.005415,0.721671,-0.000122,-0.000458,-0.037498,-0.000005,-0.000000,1.570309,-0.300000,1.000000,1.100000,0.000000,0.000000,-1.571000,-0.298617,1.005415,0.378329,1.114973
9.626000,-0.001383,-0.005416,0.721597,-0.000122,-0.000457,-0.036828,-0.000006,-0.000000,1.570309,-0.300000,1.000000,1.100000,0.000000,0.000000,-1.571000,-0.298617,1.005416,0.378403,1.114999
9.628000,-0.001383,-0.005417,0.721524,-0.000122,-0.000457,-0.036161,-0.000007,-0.000001,1.570309,-0.300000,1.000000,1.100000,0.000000,0.000000,-1.571000,-0.298617,1.005417,0.378476,1.115024
9.630000,-0.001384,-0.005418,0.721453,-0.000121,-0.000456,-0.035495,-0.000008,-0.000001,1.570309,-0.300000,1.000000,1.100000,0.000000,0.000000,-1.571000,-0.298616,1.005418,0.378547,1.115049
9.632000,-0.001384,-0.005419,0.721383,-0.000121,-0.000455,-0.034831,-0.000009,-0.000001,1.570309,-0.300000,1.000000,1.100000,0.000000,0.000000,-1.571000,-0.298616,1.005419,0.378617,1.115074
9.634000,-0.001384,-0.005420,0.721314,-0.000121,-0.000454,-0.034167,-0.000010,-0.000001,1.570309,-0.300000,1.000000,1.100000,0.000000,0.000000,-1.571000,-0.298616,1.005420,0.378686,1.115098
9.636000,-0.001384,-0.005420,0.721246,-0.000121,-0.000453,-0.033504,-0.000011,-0.000001,1.570309,-0.300000,1.000000,1.100000,0.000000,0.000000,-1.571000,-0.298616,1.005420,0.378754,1.115121
9.638000,-0.001385,-0.005421,0.721180,-0.000121,-0.000452,-0.032844,-0.000012,-0.000002,1.570309,-0.300000,1.000000,1.100000,0.000000,0.000000,-1.571000,-0.298615,1.005421,0.378820,1.115145
9.640000,-0.001385,-0.005422,0.721116,-0.000121,-0.000452,-0.032185,-0.000013,-0.000002,1.570309,-0.300000,1.000000,1.100000,0.000000,0.000000,-1.571000,-0.298615,1.005422,0.378884,1.115167
9.642000,-0.001385,-0.005423,0.721052,-0.000121,-0.000451,-0.031529,-0.000014,-0.000002,1.570309,-0.300000,1.000000,1.100000,0.000000,0.000000,-1.571000,-0.298615,1.005423,0.378948,1.115190
9.644000,-0.001385,-0.005424,0.720990,-0.000121,-0.000450,-0.030874,-0.000015,-0.000002,1.570309,-0.300000,1.000000,1.100000,0.000000,0.000000,-1.571000,-0.298615,1.005424,0.379010,1.115212
9.646000,-0.001386,-0.005425,0.720929,-0.000121,-0.000449,-0.030220,-0.000016,-0.000002,1.570309,-0.300000,1.000000,1.100000,0.000000,0.000000,-1.571000,-0.298614,1.005425,0.379071,1.115233
9.648000,-0.001386,-0.005426,0.720870,-0.000122,-0.000449,-0.029567,-0.000017,-0.000003,1.570309,-0.300000,1.000000,1.100000,0.000000,0.000000,-1.571000,-0.298614,1.005426,0.379130,1.115254
9.650000,-0.001386,-0.005427,0.720811,-0.000122,-0.000448,-0.028916,-0.000018,-0.000003,1.570309,-0.300000,1.000000,1.100000,0.000000,0.000000,-1.571000,-0.298614,1.005427,0.379189,1.115275
9.652000,-0.001386,-0.005428,0.720754,-0.000122,-0.000447,-0.028267,-0.000019,-0.000003,1.570309,-0.300000,1.000000,1.100000,0.000000,0.000000,-1.571000,-0.298614,1.005428,0.379246,1.115295
9.654000,-0.001387,-0.005429,0.720699,-0.000122,-0.000446,-0.027621,-0.000020,-0.000003,1.570309,-0.300000,1.000000,1.100000,0.000000,0.000000,-1.571000,-0.298613,1.005429,0.379301,1.115314
9.656000,-0.001387,-0.005429,0.720645,-0.000122,-0.000445,-0.026977,-0.000021,-0.000003,1.570309,-0.300000,1.000000,1.100000,0.000000,0.000000,-1.571000,-0.298613,1.005429,0.379355,1.115333
9.658000,-0.001387,-0.005430,0.720591,-0.000122,-0.000445,-0.026336,-0.000022,-0.000004,1.570309,-0.300000,1.000000,1.100000,0.000000,0.000000,-1.571000,-0.298613,1.005430,0.379409,1.115352
9.660000,-0.001387,-0.005431,0.720540,-0.000123,-0.000444,-0.025696,-0.000023,-0.000004,1.570309,-0.300000,1.000000,1.100000,0.000000,0.000000,-1.571000,-0.298613,1.005431,0.379460,1.115371
9.662000,-0.001388,-0.005432,0.720489,-0.000123,-0.000443,-0.025056,-0.000024,-0.000004,1.570309,-0.300000,1.000000,1.100000,0.000000,0.000000,-1.571000,-0.298612,1.005432,0.379511,1.115389
9.664000,-0.001388,-0.005433,0.720440,-0.000123,-0.000442,-0.024419,-0.000024,-0.000004,1.570309,-0.300000,1.000000,1.100000,0.000000,0.000000,-1.571000,-0.298612,1.005433,0.379560,1.115406
9.666000,-0.001388,-0.005434,0.720392,-0.000123,-0.000442,-0.023783,-0.000025,-0.000004,1.570309,-0.300000,1.000000,1.100000,0.000000,0.000000,-1.571000,-0.298612,1.005434,0.379608,1.115423
9.668000,-0.001388,-0.005435,0.720345,-0.000124,-0.000441,-0.023151,-0.000026,-0.000004,1.570309,-0.300000,1.000000,1.100000,0.000000,0.000000,-1.571000,-0.298612,1.005435,0.379655,1.115440
9.670000,-0.001388,-0.005436,0.720300,-0.000124,-0.000440,-0.022521,-0.000027,-0.000004,1.570309,-0.300000,1.000000,1.100000,0.000000,0.000000,-1.571000,-0.298612,1.005436,0.379700,1.115456
9.672000,-0.001389,-0.005437,0.720256,-0.000124,-0.000439,-0.021893,-0.000028,-0.000004,1.570309,-0.300000,1.000000,1.100000,0.000000,0.000000,-1.571000,-0.298611,1.005437,0.379744,1.115472
9.674000,-0.001389,-0.005437,0.720213,-0.000125,-0.000439,-0.021266,-0.000029,-0.000004,1.570309,-0.300000,1.000000,1.100000,0.000000,0.000000,-1.571000,-0.298611,1.005437,0.379787,1.115487
9.676000,-0.001389,-0.005438,0.720171,-0.000125,-0.000438,-0.020640,-0.000030,-0.000004,1.570309,-0.300000,1.000000,1.100000,0.000000,0.000000,-1.571000,-0.298611,1.005438,0.379829,1.115502
9.678000,-0.001389,-0.005439,0.720131,-0.000125,-0.000437,-0.020015,-0.000031,-0.000005,1.570309,-0.300000,1.000000,1.100000,0.000000,0.000000,-1.571000,-0.298611,1.005439,0.379869,1.115516
9.680000,-0.001390,-0.005440,0.720092,-0.000126,-0.000437,-0.019392,-0.000032,-0.000005,1.570309,-0.300000,1.000000,1.100000,0.000000,0.000000,-1.571000,-0.298610,1.005440,0.379908,1.115530
9.682000,-0.001390,-0.005441,0.720054,-0.000126,-0.000436,-0.018773,-0.000033,-0.000005,1.570309,-0.300000,1.000000,1.100000,0.000000,0.000000,-1.571000,-0.298610,1.005441,0.379946,1.115544
9.684000,-0.001390,-0.005442,0.720017,-0.000127,-0.000435,-0.018157,-0.000034,-0.000005,1.570309,-0.300000,1.000000,1.100000,0.000000,0.000000,-1.571000,-0.298610,1.005442,0.379983,1.115557
9.686000,-0.001391,-0.005443,0.719982,-0.000127,-0.000434,-0.017543,-0.000034,-0.000005,1.570309,-0.300000,1.000000,1.100000,0.000000,0.000000,-1.571000,-0.298609,1.005443,0.380018,1.115570
9.688000,-0.001391,-0.005444,0.719948,-0.000127,-0.000434,-0.016930,-0.000035,-0.000005,1.570309,-0.300000,1.000000,1.100000,0.000000,0.000000,-1.571000,-0.298609,1.005444,0.380052,1.115582
9.690000,-0.001391,-0.005444,0.719915,-0.000128,-0.000433,-0.016318,-0.000035,-0.000005,1.570309,-0.300000,1.000000,1.100000,0.000000,0.000000,-1.571000,-0.298609,1.005444,0.380085,1.115594
9.692000,-0.001391,-0.005445,0.719883,-0.000128,-0.000432,-0.015708,-0.000036,-0.000004,1.570309,-0.300000,1.000000,1.100000,0.000000,0.000000,-1.571000,-0.298609,1.005445,0.380117,1.115606
9.694000,-0.001392,-0.005446,0.719852,-0.000129,-0.000432,-0.015099,-0.000036,-0.000004,1.570309,-0.300000,1.000000,1.100000,0.000000,0.000000,-1.571000,-0.298608,1.005446,0.380148,1.115617
9.696000,-0.001392,-0.005447,0.719823,-0.000129,-0.000431,-0.014494,-0.000036,-0.000004,1.570309,-0.300000,1.000000,1.100000,0.000000,0.000000,-1.571000,-0.298608,1.005447,0.380177,1.115628
9.698000,-0.001392,-0.005448,0.719795,-0.000130,-0.000430,-0.013891,-0.000036,-0.000004,1.570309,-0.300000,1.000000,1.100000,0.000000,0.000000,-1.571000,-0.298608,1.005448,0.380205,1.115638
9.700000,-0.001392,-0.005449,0.719768,-0.000130,-0.000429,-0.013288,-0.000036,-0.000004,1.570309,-0.300000,1.000000,1.100000,0.000000,0.000000,-1.571000,-0.298608,1.005449,0.380232,1.115648
9.702000,-0.001393,-0.005450,0.719742,-0.000131,-0.000429,-0.012686,-0.000036,-0.000004,1.570309,-0.300000,1.000000,1.100000,0.000000,0.000000,-1.571000,-0.298607,1.005450,0.380258,1.115657
9.704000,-0.001393,-0.005450,0.719718,-0.000131,-0.000428,-0.012084,-0.000036,-0.000004,1.570309,-0.300000,1.000000,1.100000,0.000000,0.000000,-1.571000,-0.298607,1.005450,0.380282,1.115666
9.706000,-0.001393,-0.005451,0.719695,-0.000132,-0.000427,-0.011483,-0.000036,-0.000004,1.570309,-0.300000,1.000000,1.100000,0.000000,0.000000,-1.571000,-0.298607,1.005451,0.380305,1.115675
9.708000,-0.001393,-0.005452,0.719673,-0.000132,-0.000427,-0.010883,-0.000036,-0.000004,1.570309,-0.300000,1.000000,1.100000,0.000000,0.000000,-1.571000,-0.298607,1.005452,0.380327,1.115683
9.710000,-0.001394,-0.005453,0.719652,-0.000133,-0.000426,-0.010287,-0.000035,-0.000004,1.570309,-0.300000,1.000000,1.100000,0.000000,0.000000,-1.571000,-0.298606,1.005453,0.380348,1.115691
9.712000,-0.001394,-0.005454,0.719632,-0.000133,-0.000426,-0.009702,-0.000035,-0.000003,1.570309,-0.300000,1.000000,1.100000,0.000000,0.000000,-1.571000,-0.298606,1.005454,0.380368,1.115698
9.714000,-0.001394,-0.005455,0.719613,-0.000134,-0.000426,-0.009126,-0.000035,-0.000003,1.570309,-0.300000,1.000000,1.100000,0.000000,0.000000,-1.571000,-0.298606,1.005455,0.380387,1.115705
9.716000,-0.001394,-0.005456,0.719596,-0.000135,-0.000426,-0.008550,-0.000034,-0.000003,1.570309,-0.300000,1.000000,1.100000,0.000000,0.000000,-1.571000,-0.298606,1.005456,0.380404,1.115712
9.718000,-0.001395,-0.005456,0.719580,-0.000136,-0.000426,-0.007974,-0.000034,-0.000003,1.570309,-0.300000,1.000000,1.100000,0.000000,0.000000,-1.571000,-0.298605,1.005456,0.380420,1.115718
9.720000,-0.001395,-0.005457,0.719565,-0.000136,-0.000426,-0.007398,-0.000033,-0.000003,1.570309,-0.300000,1.000000,1.100000,0.000000,0.000000,-1.571000,-0.298605,1.005457,0.380435,1.115724
9.722000,-0.001395,-0.005458,0.719551,-0.000137,-0.000426,-0.006821,-0.000033,-0.000003,1.570309,-0.300000,1.000000,1.100000,0.000000,0.000000,-1.571000,-0.298605,1.005458,0.380449,1.115730
9.724000,-0.001396,-0.005459,0.719538,-0.000138,-0.000426,-0.006245,-0.000032,-0.000002,1.570309,-0.300000,1.000000,1.100000,0.000000,0.000000,-1.571000,-0.298604,1.005459,0.380462,1.115735
9.726000,-0.001396,-0.005460,0.719526,-0.000138,-0.000426,-0.005671,-0.000032,-0.000002,1.570309,-0.300000,1.000000,1.100000,0.000000,0.000000,-1.571000,-0.298604,1.005460,0.380474,1.115739
9.728000,-0.001396,-0.005461,0.719516,-0.000139,-0.000426,-0.005096,-0.000031,-0.000002,1.570309,-0.300000,1.000000,1.100000,0.000000,0.000000,-1.571000,-0.298604,1.005461,0.380484,1.115744
9.730000,-0.001396,-0.005461,0.719507,-0.000139,-0.000426,-0.004522,-0.000031,-0.000002,1.570309,-0.300000,1.000000,1.100000,0.000000,0.000000,-1.571000,-0.298604,1.005461,0.380493,1.115747
9.732000,-0.001397,-0.005462,0.719498,-0.000140,-0.000426,-0.003948,-0.000030,-0.000001,1.570309,-0.300000,1.000000,1.100000,0.000000,0.000000,-1.571000,-0.298603,1.005462,0.380502,1.115751
9.734000,-0.001397,-0.005463,0.719491,-0.000141,-0.000426,-0.003375,-0.000029,-0.000001,1.570309,-0.300000,1.000000,1.100000,0.000000,0.000000,-1.571000,-0.298603,1.005463,0.380509,1.115754
9.736000,-0.001397,-0.005464,0.719485,-0.000141,-0.000426,-0.002801,-0.000029,-0.000001,1.570309,-0.300000,1.000000,1.100000,0.000000,0.000000,-1.571000,-0.298603,1.005464,0.380515,1.115757
9.738000,-0.001397,-0.005465,0.719481,-0.000142,-0.000426,-0.002229,-0.000028,-0.000001,1.570309,-0.300000,1.000000,1.100000,0.000000,0.000000,-1.571000,-0.298603,1.005465,0.380519,1.115759
9.740000,-0.001398,-0.005466,0.719477,-0.000142,-0.000426,-0.001658,-0.000027,-0.000000,1.570309,-0.300000,1.000000,1.100000,0.000000,0.000000,-1.571000,-0.298602,1.005466,0.380523,1.115761
9.742000,-0.001398,-0.005467,0.719475,-0.000143,-0.000426,-0.001088,-0.000027,-0.000000,1.570309,-0.300000,1.000000,1.100000,0.000000,0.000000,-1.571000,-0.298602,1.005467,0.380525,1.115762
9.744000,-0.001398,-0.005467,0.719473,-0.000143,-0.000426,-0.000518,-0.000026,0.000000,1.570309,-0.300000,1.000000,1.100000,0.000000,0.000000,-1.571000,-0.298602,1.005467,0.380527,1.115764
9.746000,-0.001399,-0.005468,0.719473,-0.000144,-0.000426,0.000051,-0.000025,0.000000,1.570309,-0.300000,1.000000,1.100000,0.000000,0.000000,-1.571000,-0.298601,1.005468,0.380527,1.115764
9.748000,-0.001399,-0.005469,0.719474,-0.000144,-0.000426,0.000619,-0.000024,0.000001,1.570309,-0.300000,1.000000,1.100000,0.000000,0.000000,-1.571000,-0.298601,1.005469,0.380526,1.115765
9.750000,-0.001399,-0.005470,0.719476,-0.000145,-0.000426,0.001187,-0.000024,0.000001,1.570309,-0.300000,1.000000,1.100000,0.000000,0.000000,-1.571000,-0.298601,1.005470,0.380524,1.115765
9.752000,-0.001399,-0.005471,0.719479,-0.000145,-0.000426,0.001754,-0.000023,0.000001,1.570309,-0.300000,1.000000,1.100000,0.000000,0.000000,-1.571000,-0.298601,1.005471,0.380521,1.115764
9.754000,-0.001400,-0.005472,0.719484,-0.000146,-0.000426,0.002318,-0.000022,0.000001,1.570309,-0.300000,1.000000,1.100000,0.000000,0.000000,-1.571000,-0.298600,1.005472,0.380516,1.115763
9.756000,-0.001400,-0.005473,0.719489,-0.000146,-0.000426,0.002882,-0.000022,0.000002,1.570309,-0.300000,1.000000,1.100000,0.000000,0.000000,-1.571000,-0.298600,1.005473,0.380511,1.115762
9.758000,-0.001400,-0.005473,0.719496,-0.000147,-0.000426,0.003446,-0.000021,0.000002,1.570309,-0.300000,1.000000,1.100000,0.000000,0.000000,-1.571000,-0.298600,1.005473,0.380504,1.115761
9.760000,-0.001401,-0.005474,0.719504,-0.000147,-0.000426,0.004008,-0.000020,0.000002,1.570309,-0.300000,1.000000,1.100000,0.000000,0.000000,-1.571000,-0.298599,1.005474,0.380496,1.115759
9.762000,-0.001401,-0.005475,0.719512,-0.000148,-0.000426,0.004571,-0.000019,0.000002,1.570309,-0.300000,1.000000,1.100000,0.000000,0.000000,-1.571000,-0.298599,1.005475,0.380488,1.115756
9.764000,-0.001401,-0.005476,0.719522,-0.000148,-0.000426,0.005132,-0.000019,0.000002,1.570309,-0.300000,1.000000,1.100000,0.000000,0.000000,-1.571000,-0.298599,1.005476,0.380478,1.115754
9.766000,-0.001402,-0.005477,0.719533,-0.000148,-0.000426,0.005693,-0.000018,0.000002,1.570309,-0.300000,1.000000,1.100000,0.000000,0.000000,-1.571000,-0.298598,1.005477,0.380467,1.115751
9.768000,-0.001402,-0.005478,0.719546,-0.000149,-0.000426,0.006251,-0.000017,0.000002,1.570309,-0.300000,1.000000,1.100000,0.000000,0.000000,-1.571000,-0.298598,1.005478,0.380454,1.115747
9.770000,-0.001402,-0.005479,0.719559,-0.000149,-0.000426,0.006809,-0.000016,0.000002,1.570309,-0.300000,1.000000,1.100000,0.000000,0.000000,-1.571000,-0.298598,1.005479,0.380441,1.115743
9.772000,-0.001402,-0.005479,0.719574,-0.000149,-0.000426,0.007366,-0.000016,0.000001,1.570309,-0.300000,1.000000,1.100000,0.000000,0.000000,-1.571000,-0.298598,1.005479,0.380426,1.115739
9.774000,-0.001403,-0.005480,0.719589,-0.000150,-0.000426,0.007923,-0.000015,0.000001,1.570309,-0.300000,1.000000,1.100000,0.000000,0.000000,-1.571000,-0.298597,1.005480,0.380411,1.115734
9.776000,-0.001403,-0.005481,0.719606,-0.000150,-0.000426,0.008479,-0.000014,0.000001,1.570309,-0.300000,1.000000,1.100000,0.000000,0.000000,-1.571000,-0.298597,1.005481,0.380394,1.115729
9.778000,-0.001403,-0.005482,0.719624,-0.000150,-0.000426,0.009035,-0.000013,0.000001,1.570309,-0.300000,1.000000,1.100000,0.000000,0.000000,-1.571000,-0.298597,1.005482,0.380376,1.115724
9.780000,-0.001404,-0.005483,0.719642,-0.000151,-0.000426,0.009589,-0.000013,0.000001,1.570309,-0.300000,1.000000,1.100000,0.000000,0.000000,-1.571000,-0.298596,1.005483,0.380358,1.115718
9.782000,-0.001404,-0.005484,0.719662,-0.000151,-0.000425,0.010131,-0.000012,0.000001,1.570309,-0.300000,1.000000,1.100000,0.000000,0.000000,-1.571000,-0.298596,1.005484,0.380338,1.115712
9.784000,-0.001404,-0.005484,0.719684,-0.000151,-0.000425,0.010664,-0.000011,0.000000,1.570309,-0.300000,1.000000,1.100000,0.000000,0.000000,-1.571000,-0.298596,1.005484,0.380316,1.115706
9.786000,-0.001405,-0.005485,0.719706,-0.000151,-0.000424,0.011194,-0.000010,0.000000,1.570309,-0.300000,1.000000,1.100000,0.000000,0.000000,-1.571000,-0.298595,1.005485,0.380294,1.115699
9.788000,-0.001405,-0.005486,0.719729,-0.000150,-0.000423,0.011723,-0.000009,-0.000000,1.570309,-0.300000,1.000000,1.100000,0.000000,0.000000,-1.571000,-0.298595,1.005486,0.380271,1.115692
9.790000,-0.001405,-0.005487,0.719753,-0.000150,-0.000422,0.012251,-0.000009,-0.000000,1.570309,-0.300000,1.000000,1.100000,0.000000,0.000000,-1.571000,-0.298595,1.005487,0.380247,1.115684
9.792000,-0.001405,-0.005488,0.719778,-0.000150,-0.000421,0.012777,-0.000008,-0.000001,1.570309,-0.300000,1.000000,1.100000,0.000000,0.000000,-1.571000,-0.298595,1.005488,0.380222,1.115676
9.794000,-0.001406,-0.005489,0.719805,-0.000150,-0.000421,0.013301,-0.000007,-0.000001,1.570309,-0.300000,1.000000,1.100000,0.000000,0.000000,-1.571000,-0.298594,1.005489,0.380195,1.115668
9.796000,-0.001406,-0.005490,0.719832,-0.000150,-0.000420,0.013822,-0.000006,-0.000001,1.570309,-0.300000,1.000000,1.100000,0.000000,0.000000,-1.571000,-0.298594,1.005490,0.380168,1.115659
9.798000,-0.001406,-0.005490,0.719861,-0.000150,-0.000419,0.014340,-0.000006,-0.000001,1.570309,-0.300000,1.000000,1.100000,0.000000,0.000000,-1.571000,-0.298594,1.005490,0.380139,1.115650
9.800000,-0.001407,-0.005491,0.719890,-0.000150,-0.000418,0.014858,-0.000005,-0.000002,1.570309,-0.300000,1.000000,1.100000,0.000000,0.000000,-1.571000,-0.298593,1.005491,0.380110,1.115641
9.802000,-0.001407,-0.005492,0.719921,-0.000149,-0.000418,0.015373,-0.000004,-0.000002,1.570309,-0.300000,1.000000,1.100000,0.000000,0.000000,-1.571000,-0.298593,1.005492,0.380079,1.115631
9.804000,-0.001407,-0.005493,0.719952,-0.000149,-0.000417,0.015887,-0.000003,-0.000002,1.570309,-0.300000,1.000000,1.100000,0.000000,0.000000,-1.571000,-0.298593,1.005493,0.380048,1.115621
9.806000,-0.001408,-0.005494,0.719985,-0.000149,-0.000416,0.016399,-0.000002,-0.000003,1.570309,-0.300000,1.000000,1.100000,0.000000,0.000000,-1.571000,-0.298592,1.005494,0.380015,1.115610
9.808000,-0.001408,-0.005495,0.720018,-0.000149,-0.000415,0.016908,-0.000002,-0.000003,1.570309,-0.300000,1.000000,1.100000,0.000000,0.000000,-1.571000,-0.298592,1.005495,0.379982,1.115600
9.810000,-0.001408,-0.005495,0.720053,-0.000149,-0.000415,0.017414,-0.000001,-0.000003,1.570309,-0.300000,1.000000,1.100000,0.000000,0.000000,-1.571000,-0.298592,1.005495,0.379947,1.115589
9.812000,-0.001408,-0.005496,0.720089,-0.000148,-0.000414,0.017918,-0.000000,-0.000003,1.570309,-0.300000,1.000000,1.100000,0.000000,0.000000,-1.571000,-0.298592,1.005496,0.379911,1.115577
9.814000,-0.001409,-0.005497,0.720125,-0.000148,-0.000413,0.018419,0.000001,-0.000004,1.570309,-0.300000,1.000000,1.100000,0.000000,0.000000,-1.571000,-0.298591,1.005497,0.379875,1.115565
9.816000,-0.001409,-0.005498,0.720163,-0.000148,-0.000413,0.018920,0.000001,-0.000004,1.570309,-0.300000,1.000000,1.100000,0.000000,0.000000,-1.571000,-0.298591,1.005498,0.379837,1.115553
9.818000,-0.001409,-0.005499,0.720202,-0.000147,-0.000412,0.019419,0.000002,-0.000004,1.570309,-0.300000,1.000000,1.100000,0.000000,0.000000,-1.571000,-0.298591,1.005499,0.379798,1.115541
9.820000,-0.001410,-0.005500,0.720241,-0.000147,-0.000411,0.019916,0.000003,-0.000005,1.570309,-0.300000,1.000000,1.100000,0.000000,0.000000,-1.571000,-0.298590,1.005500,0.379759,1.115528
9.822000,-0.001410,-0.005500,0.720282,-0.000147,-0.000411,0.020413,0.000004,-0.000005,1.570309,-0.300000,1.000000,1.100000,0.000000,0.000000,-1.571000,-0.298590,1.005500,0.379718,1.115515
9.824000,-0.001410,-0.005501,0.720323,-0.000146,-0.000410,0.020906,0.000005,-0.000005,1.570309,-0.300000,1.000000,1.100000,0.000000,0.000000,-1.571000,-0.298590,1.005501,0.379677,1.115501
9.826000,-0.001411,-0.005502,0.720366,-0.000146,-0.000409,0.021398,0.000005,-0.000006,1.570309,-0.300000,1.000000,1.100000,0.000000,0.000000,-1.571000,-0.298589,1.005502,0.379634,1.115487
9.828000,-0.001411,-0.005503,0.720410,-0.000146,-0.000409,0.021888,0.000006,-0.000006,1.570309,-0.300000,1.000000,1.100000,0.000000,0.000000,-1.571000,-0.298589,1.005503,0.379590,1.115473
9.830000,-0.001411,-0.005504,0.720454,-0.000145,-0.000408,0.022376,0.000007,-0.000007,1.570309,-0.300000,1.000000,1.100000,0.000000,0.000000,-1.571000,-0.298589,1.005504,0.379546,1.115459
9.832000,-0.001411,-0.005504,0.720500,-0.000145,-0.000407,0.022863,0.000008,-0.000007,1.570309,-0.300000,1.000000,1.100000,0.000000,0.000000,-1.571000,-0.298589,1.005504,0.379500,1.115444
9.834000,-0.001412,-0.005505,0.720546,-0.000144,-0.000407,0.023349,0.000008,-0.000007,1.570309,-0.300000,1.000000,1.100000,0.000000,0.000000,-1.571000,-0.298588,1.005505,0.379454,1.115429
9.836000,-0.001412,-0.005506,0.720594,-0.000144,-0.000406,0.023833,0.000009,-0.000008,1.570309,-0.300000,1.000000,1.100000,0.000000,0.000000,-1.571000,-0.298588,1.005506,0.379406,1.115413
9.838000,-0.001412,-0.005507,0.720642,-0.000144,-0.000406,0.024316,0.000010,-0.000008,1.570309,-0.300000,1.000000,1.100000,0.000000,0.000000,-1.571000,-0.298588,1.005507,0.379358,1.115397
9.840000,-0.001413,-0.005508,0.720691,-0.000143,-0.000405,0.024795,0.000011,-0.000008,1.570309,-0.300000,1.000000,1.100000,0.000000,0.000000,-1.571000,-0.298587,1.005508,0.379309,1.115381
9.842000,-0.001413,-0.005509,0.720742,-0.000143,-0.000404,0.025273,0.000012,-0.000009,1.570309,-0.300000,1.000000,1.100000,0.000000,0.000000,-1.571000,-0.298587,1.005509,0.379258,1.115365
9.844000,-0.001413,-0.005509,0.720793,-0.000142,-0.000404,0.025750,0.000012,-0.000009,1.570309,-0.300000,1.000000,1.100000,0.000000,0.000000,-1.571000,-0.298587,1.005509,0.379207,1.115348
9.846000,-0.001413,-0.005510,0.720845,-0.000142,-0.000403,0.026226,0.000013,-0.000010,1.570309,-0.300000,1.000000,1.100000,0.000000,0.000000,-1.571000,-0.298587,1.005510,0.379155,1.115331
9.848000,-0.001414,-0.005511,0.720899,-0.000141,-0.000403,0.026701,0.000014,-0.000010,1.570309,-0.300000,1.000000,1.100000,0.000000,0.000000,-1.571000,-0.298586,1.005511,0.379101,1.115313
9.850000,-0.001414,-0.005512,0.720953,-0.000140,-0.000402,0.027175,0.000015,-0.000010,1.570309,-0.300000,1.000000,1.100000,0.000000,0.000000,-1.571000,-0.298586,1.005512,0.379047,1.115296
9.852000,-0.001414,-0.005513,0.721008,-0.000140,-0.000402,0.027647,0.000016,-0.000011,1.570309,-0.300000,1.000000,1.100000,0.000000,0.000000,-1.571000,-0.298586,1.005513,0.378992,1.115278
9.854000,-0.001415,-0.005513,0.721064,-0.000139,-0.000401,0.028116,0.000016,-0.000011,1.570309,-0.300000,1.000000,1.100000,0.000000,0.000000,-1.571000,-0.298585,1.005513,0.378936,1.115259
9.856000,-0.001415,-0.005514,0.721121,-0.000139,-0.000401,0.028584,0.000017,-0.000012,1.570309,-0.300000,1.000000,1.100000,0.000000,0.000000,-1.571000,-0.298585,1.005514,0.378879,1.115240
9.858000,-0.001415,-0.005515,0.721179,-0.000138,-0.000400,0.029050,0.000018,-0.000012,1.570309,-0.300000,1.000000,1.100000,0.000000,0.000000,-1.571000,-0.298585,1.005515,0.378821,1.115221
9.860000,-0.001415,-0.005516,0.721238,-0.000138,-0.000400,0.029515,0.000019,-0.000013,1.570309,-0.300000,1.000000,1.100000,0.000000,0.000000,-1.571000,-0.298585,1.005516,0.378762,1.115202
9.862000,-0.001416,-0.005517,0.721297,-0.000137,-0.000399,0.029979,0.000019,-0.000013,1.570309,-0.300000,1.000000,1.100000,0.000000,0.000000,-1.571000,-0.298584,1.005517,0.378703,1.115182
9.864000,-0.001416,-0.005517,0.721358,-0.000136,-0.000399,0.030442,0.000020,-0.000014,1.570309,-0.300000,1.000000,1.100000,0.000000,0.000000,-1.571000,-0.298584,1.005517,0.378642,1.115162
9.866000,-0.001416,-0.005518,0.721420,-0.000136,-0.000398,0.030902,0.000021,-0.000014,1.570309,-0.300000,1.000000,1.100000,0.000000,0.000000,-1.571000,-0.298584,1.005518,0.378580,1.115142
9.868000,-0.001416,-0.005519,0.721482,-0.000135,-0.000398,0.031360,0.000022,-0.000014,1.570309,-0.300000,1.000000,1.100000,0.000000,0.000000,-1.571000,-0.298584,1.005519,0.378518,1.115122
9.870000,-0.001417,-0.005520,0.721546,-0.000134,-0.000397,0.031815,0.000023,-0.000015,1.570309,-0.300000,1.000000,1.100000,0.000000,0.000000,-1.571000,-0.298583,1.005520,0.378454,1.115101
9.872000,-0.001417,-0.005521,0.721610,-0.000134,-0.000397,0.032268,0.000023,-0.000015,1.570309,-0.300000,1.000000,1.100000,0.000000,0.000000,-1.571000,-0.298583,1.005521,0.378390,1.115079
9.874000,-0.001417,-0.005521,0.721676,-0.000133,-0.000396,0.032720,0.000024,-0.000015,1.570309,-0.300000,1.000000,1.100000,0.000000,0.000000,-1.571000,-0.298583,1.005521,0.378324,1.115058
9.876000,-0.001417,-0.005522,0.721742,-0.000132,-0.000396,0.033171,0.000025,-0.000016,1.570309,-0.300000,1.000000,1.100000,0.000000,0.000000,-1.571000,-0.298583,1.005522,0.378258,1.115036
9.878000,-0.001418,-0.005523,0.721809,-0.000131,-0.000396,0.033620,0.000026,-0.000016,1.570309,-0.300000,1.000000,1.100000,0.000000,0.000000,-1.571000,-0.298582,1.005523,0.378191,1.115014
9.880000,-0.001418,-0.005524,0.721877,-0.000131,-0.000395,0.034068,0.000027,-0.000016,1.570309,-0.300000,1.000000,1.100000,0.000000,0.000000,-1.571000,-0.298582,1.005524,0.378123,1.114992
9.882000,-0.001418,-0.005525,0.721946,-0.000130,-0.000395,0.034513,0.000027,-0.000016,1.570309,-0.300000,1.000000,1.100000,0.000000,0.000000,-1.571000,-0.298582,1.005525,0.378054,1.114969
9.884000,-0.001419,-0.005525,0.722015,-0.000129,-0.000394,0.034955,0.000028,-0.000016,1.570309,-0.300000,1.000000,1.100000,0.000000,0.000000,-1.571000,-0.298581,1.005525,0.377985,1.114946
9.886000,-0.001419,-0.005526,0.722086,-0.000128,-0.000394,0.035394,0.000029,-0.000016,1.570309,-0.300000,1.000000,1.100000,0.000000,0.000000,-1.571000,-0.298581,1.005526,0.377914,1.114923
9.888000,-0.001419,-0.005527,0.722158,-0.000127,-0.000394,0.035832,0.000030,-0.000016,1.570309,-0.300000,1.000000,1.100000,0.000000,0.000000,-1.571000,-0.298581,1.005527,0.377842,1.114899
9.890000,-0.001419,-0.005528,0.722230,-0.000127,-0.000393,0.036269,0.000030,-0.000016,1.570309,-0.300000,1.000000,1.100000,0.000000,0.000000,-1.571000,-0.298581,1.005528,0.377770,1.114875
9.892000,-0.001420,-0.005528,0.722303,-0.000126,-0.000393,0.036706,0.000031,-0.000015,1.570309,-0.300000,1.000000,1.100000,0.000000,0.000000,-1.571000,-0.298580,1.005528,0.377697,1.114851
9.894000,-0.001420,-0.005529,0.722377,-0.000125,-0.000392,0.037142,0.000032,-0.000015,1.570309,-0.300000,1.000000,1.100000,0.000000,0.000000,-1.571000,-0.298580,1.005529,0.377623,1.114826
9.896000,-0.001420,-0.005530,0.722452,-0.000124,-0.000392,0.037576,0.000033,-0.000015,1.570309,-0.300000,1.000000,1.100000,0.000000,0.000000,-1.571000,-0.298580,1.005530,0.377548,1.114802
9.898000,-0.001420,-0.005531,0.722528,-0.000123,-0.000391,0.038007,0.000034,-0.000015,1.570309,-0.300000,1.000000,1.100000,0.000000,0.000000,-1.571000,-0.298580,1.005531,0.377472,1.114777
9.900000,-0.001421,-0.005532,0.722605,-0.000122,-0.000391,0.038436,0.000034,-0.000014,1.570309,-0.300000,1.000000,1.100000,0.000000,0.000000,-1.571000,-0.298579,1.005532,0.377395,1.114751
9.902000,-0.001421,-0.005532,0.722683,-0.000121,-0.000391,0.038862,0.000035,-0.000014,1.570309,-0.300000,1.000000,1.100000,0.000000,0.000000,-1.571000,-0.298579,1.005532,0.377317,1.114726
9.904000,-0.001421,-0.005533,0.722761,-0.000120,-0.000390,0.039287,0.000036,-0.000014,1.570309,-0.300000,1.000000,1.100000,0.000000,0.000000,-1.571000,-0.298579,1.005533,0.377239,1.114700
9.906000,-0.001421,-0.005534,0.722840,-0.000119,-0.000390,0.039710,0.000036,-0.000013,1.570309,-0.300000,1.000000,1.100000,0.000000,0.000000,-1.571000,-0.298579,1.005534,0.377160,1.114674
9.908000,-0.001422,-0.005535,0.722920,-0.000118,-0.000389,0.040133,0.000037,-0.000013,1.570309,-0.300000,1.000000,1.100000,0.000000,0.000000,-1.571000,-0.298578,1.005535,0.377080,1.114647
9.910000,-0.001422,-0.005535,0.723001,-0.000117,-0.000389,0.040554,0.000037,-0.000013,1.570309,-0.300000,1.000000,1.100000,0.000000,0.000000,-1.571000,-0.298578,1.005535,0.376999,1.114620
9.912000,-0.001422,-0.005536,0.723083,-0.000116,-0.000388,0.040972,0.000038,-0.000012,1.570309,-0.300000,1.000000,1.100000,0.000000,0.000000,-1.571000,-0.298578,1.005536,0.376917,1.114593
9.914000,-0.001422,-0.005537,0.723166,-0.000115,-0.000388,0.041388,0.000038,-0.000012,1.570309,-0.300000,1.000000,1.100000,0.000000,0.000000,-1.571000,-0.298578,1.005537,0.376834,1.114566
9.916000,-0.001422,-0.005538,0.723249,-0.000114,-0.000387,0.041800,0.000038,-0.000011,1.570309,-0.300000,1.000000,1.100000,0.000000,0.000000,-1.571000,-0.298578,1.005538,0.376751,1.114538
9.918000,-0.001423,-0.005539,0.723334,-0.000114,-0.000387,0.042211,0.000038,-0.000011,1.570309,-0.300000,1.000000,1.100000,0.000000,0.000000,-1.571000,-0.298577,1.005539,0.376666,1.114511
9.920000,-0.001423,-0.005539,0.723419,-0.000113,-0.000386,0.042619,0.000038,-0.000011,1.570309,-0.300000,1.000000,1.100000,0.000000,0.000000,-1.571000,-0.298577,1.005539,0.376581,1.114482
9.922000,-0.001423,-0.005540,0.723505,-0.000112,-0.000386,0.043026,0.000038,-0.000010,1.570309,-0.300000,1.000000,1.100000,0.000000,0.000000,-1.571000,-0.298577,1.005540,0.376495,1.114454
9.924000,-0.001423,-0.005541,0.723591,-0.000111,-0.000385,0.043431,0.000038,-0.000010,1.570309,-0.300000,1.000000,1.100000,0.000000,0.000000,-1.571000,-0.298577,1.005541,0.376409,1.114425
9.926000,-0.001424,-0.005542,0.723679,-0.000110,-0.000385,0.043835,0.000038,-0.000010,1.570309,-0.300000,1.000000,1.100000,0.000000,0.000000,-1.571000,-0.298576,1.005542,0.376321,1.114396
9.928000,-0.001424,-0.005542,0.723767,-0.000109,-0.000384,0.044237,0.000038,-0.000009,1.570309,-0.300000,1.000000,1.100000,0.000000,0.000000,-1.571000,-0.298576,1.005542,0.376233,1.114367
9.930000,-0.001424,-0.005543,0.723857,-0.000108,-0.000384,0.044637,0.000037,-0.000009,1.570309,-0.300000,1.000000,1.100000,0.000000,0.000000,-1.571000,-0.298576,1.005543,0.376143,1.114338
9.932000,-0.001424,-0.005544,0.723946,-0.000107,-0.000383,0.045036,0.000037,-0.000009,1.570309,-0.300000,1.000000,1.100000,0.000000,0.000000,-1.571000,-0.298576,1.005544,0.376054,1.114308
9.934000,-0.001424,-0.005545,0.724037,-0.000106,-0.000383,0.045433,0.000036,-0.000008,1.570309,-0.300000,1.000000,1.100000,0.000000,0.000000,-1.571000,-0.298576,1.005545,0.375963,1.114278
9.936000,-0.001425,-0.005546,0.724129,-0.000105,-0.000382,0.045828,0.000036,-0.000008,1.570309,-0.300000,1.000000,1.100000,0.000000,0.000000,-1.571000,-0.298575,1.005546,0.375871,1.114248
9.938000,-0.001425,-0.005546,0.724221,-0.000104,-0.000382,0.046224,0.000036,-0.000008,1.570309,-0.300000,1.000000,1.100000,0.000000,0.000000,-1.571000,-0.298575,1.005546,0.375779,1.114217
9.940000,-0.001425,-0.005547,0.724314,-0.000103,-0.000381,0.046618,0.000035,-0.000008,1.570309,-0.300000,1.000000,1.100000,0.000000,0.000000,-1.571000,-0.298575,1.005547,0.375686,1.114187
9.942000,-0.001425,-0.005548,0.724408,-0.000102,-0.000380,0.047010,0.000035,-0.000007,1.570309,-0.300000,1.000000,1.100000,0.000000,0.000000,-1.571000,-0.298575,1.005548,0.375592,1.114155
9.944000,-0.001425,-0.005549,0.724503,-0.000101,-0.000380,0.047401,0.000034,-0.000007,1.570309,-0.300000,1.000000,1.100000,0.000000,0.000000,-1.571000,-0.298575,1.005549,0.375497,1.114124
9.946000,-0.001426,-0.005549,0.724598,-0.000100,-0.000379,0.047789,0.000033,-0.000007,1.570309,-0.300000,1.000000,1.100000,0.000000,0.000000,-1.571000,-0.298574,1.005549,0.375402,1.114093
9.948000,-0.001426,-0.005550,0.724695,-0.000100,-0.000379,0.048176,0.000033,-0.000007,1.570309,-0.300000,1.000000,1.100000,0.000000,0.000000,-1.571000,-0.298574,1.005550,0.375305,1.114061
9.950000,-0.001426,-0.005551,0.724792,-0.000099,-0.000378,0.048562,0.000032,-0.000006,1.570310,-0.300000,1.000000,1.100000,0.000000,0.000000,-1.571000,-0.298574,1.005551,0.375208,1.114029
9.952000,-0.001426,-0.005552,0.724889,-0.000098,-0.000378,0.048945,0.000032,-0.000006,1.570310,-0.300000,1.000000,1.100000,0.000000,0.000000,-1.571000,-0.298574,1.005552,0.375111,1.113997
9.954000,-0.001426,-0.005552,0.724988,-0.000097,-0.000377,0.049327,0.000031,-0.000006,1.570310,-0.300000,1.000000,1.100000,0.000000,0.000000,-1.571000,-0.298574,1.005552,0.375012,1.113964
9.956000,-0.001427,-0.005553,0.725087,-0.000096,-0.000377,0.049706,0.000030,-0.000006,1.570310,-0.300000,1.000000,1.100000,0.000000,0.000000,-1.571000,-0.298573,1.005553,0.374913,1.113931
9.958000,-0.001427,-0.005554,0.725187,-0.000096,-0.000376,0.050084,0.000029,-0.000006,1.570310,-0.300000,1.000000,1.100000,0.000000,0.000000,-1.571000,-0.298573,1.005554,0.374813,1.113898
9.960000,-0.001427,-0.005555,0.725288,-0.000095,-0.000375,0.050461,0.000029,-0.000006,1.570310,-0.300000,1.000000,1.100000,0.000000,0.000000,-1.571000,-0.298573,1.005555,0.374712,1.113865
9.962000,-0.001427,-0.005555,0.725390,-0.000094,-0.000375,0.050836,0.000028,-0.000006,1.570310,-0.300000,1.000000,1.100000,0.000000,0.000000,-1.571000,-0.298573,1.005555,0.374610,1.113831
9.964000,-0.001427,-0.005556,0.725492,-0.000093,-0.000374,0.051210,0.000027,-0.000006,1.570310,-0.300000,1.000000,1.100000,0.000000,0.000000,-1.571000,-0.298573,1.005556,0.374508,1.113797
9.966000,-0.001428,-0.005557,0.725595,-0.000093,-0.000374,0.051583,0.000027,-0.000006,1.570310,-0.300000,1.000000,1.100000,0.000000,0.000000,-1.571000,-0.298572,1.005557,0.374405,1.113763
9.968000,-0.001428,-0.005558,0.725699,-0.000092,-0.000373,0.051954,0.000026,-0.000005,1.570310,-0.300000,1.000000,1.100000,0.000000,0.000000,-1.571000,-0.298572,1.005558,0.374301,1.113729
9.970000,-0.001428,-0.005558,0.725804,-0.000091,-0.000372,0.052322,0.000025,-0.000005,1.570310,-0.300000,1.000000,1.100000,0.000000,0.000000,-1.571000,-0.298572,1.005558,0.374196,1.113695
9.972000,-0.001428,-0.005559,0.725909,-0.000091,-0.000372,0.052687,0.000024,-0.000005,1.570310,-0.300000,1.000000,1.100000,0.000000,0.000000,-1.571000,-0.298572,1.005559,0.374091,1.113660
9.974000,-0.001428,-0.005560,0.726015,-0.000090,-0.000371,0.053052,0.000024,-0.000006,1.570310,-0.300000,1.000000,1.100000,0.000000,0.000000,-1.571000,-0.298572,1.005560,0.373985,1.113625
9.976000,-0.001428,-0.005561,0.726122,-0.000089,-0.000371,0.053416,0.000023,-0.000006,1.570310,-0.300000,1.000000,1.100000,0.000000,0.000000,-1.571000,-0.298572,1.005561,0.373878,1.113590
9.978000,-0.001429,-0.005561,0.726229,-0.000089,-0.000370,0.053779,0.000022,-0.000006,1.570310,-0.300000,1.000000,1.100000,0.000000,0.000000,-1.571000,-0.298571,1.005561,0.373771,1.113554
9.980000,-0.001429,-0.005562,0.726337,-0.000088,-0.000370,0.054141,0.000021,-0.000006,1.570310,-0.300000,1.000000,1.100000,0.000000,0.000000,-1.571000,-0.298571,1.005562,0.373663,1.113519
9.982000,-0.001429,-0.005563,0.726446,-0.000087,-0.000369,0.054502,0.000021,-0.000006,1.570310,-0.300000,1.000000,1.100000,0.000000,0.000000,-1.571000,-0.298571,1.005563,0.373554,1.113483
9.984000,-0.001429,-0.005564,0.726556,-0.000087,-0.000368,0.054862,0.000020,-0.000006,1.570310,-0.300000,1.000000,1.100000,0.000000,0.000000,-1.571000,-0.298571,1.005564,0.373444,1.113446
9.986000,-0.001429,-0.005564,0.726666,-0.000086,-0.000368,0.055219,0.000019,-0.000006,1.570310,-0.300000,1.000000,1.100000,0.000000,0.000000,-1.571000,-0.298571,1.005564,0.373334,1.113410
9.988000,-0.001430,-0.005565,0.726777,-0.000086,-0.000367,0.055573,0.000018,-0.000006,1.570310,-0.300000,1.000000,1.100000,0.000000,0.000000,-1.571000,-0.298570,1.005565,0.373223,1.113373
9.990000,-0.001430,-0.005566,0.726889,-0.000085,-0.000367,0.055926,0.000018,-0.000007,1.570309,-0.300000,1.000000,1.100000,0.000000,0.000000,-1.571000,-0.298570,1.005566,0.373111,1.113337
9.992000,-0.001430,-0.005566,0.727002,-0.000085,-0.000366,0.056278,0.000017,-0.000007,1.570309,-0.300000,1.000000,1.100000,0.000000,0.000000,-1.571000,-0.298570,1.005566,0.372998,1.113299
9.994000,-0.001430,-0.005567,0.727115,-0.000084,-0.000366,0.056628,0.000016,-0.000007,1.570309,-0.300000,1.000000,1.100000,0.000000,0.000000,-1.571000,-0.298570,1.005567,0.372885,1.113262
9.996000,-0.001430,-0.005568,0.727229,-0.000084,-0.000365,0.056979,0.000015,-0.000008,1.570309,-0.300000,1.000000,1.100000,0.000000,0.000000,-1.571000,-0.298570,1.005568,0.372771,1.113225
9.998000,-0.001430,-0.005569,0.727343,-0.000083,-0.000365,0.057327,0.000014,-0.000008,1.570309,-0.300000,1.000000,1.100000,0.000000,0.000000,-1.571000,-0.298570,1.005569,0.372657,1.113187
10.000000,-0.001431,-0.005569,0.727459,-0.000083,-0.000364,0.057673,0.000014,-0.000008,1.570309,-0.300000,1.000000,1.100000,0.000000,0.000000,-1.571000,-0.298569,1.005569,0.372541,1.113149
10.002000,-0.001431,-0.005570,0.727575,-0.000082,-0.000364,0.058016,0.000013,-0.000009,1.570309,-0.300000,1.000000,1.100000,0.000000,0.000000,-1.571000,-0.298569,1.005570,0.372425,1.113111
10.004000,-0.001431,-0.005571,0.727691,-0.000082,-0.000363,0.058357,0.000012,-0.000009,1.570309,-0.300000,1.000000,1.100000,0.000000,0.000000,-1.571000,-0.298569,1.005571,0.372309,1.113072
10.006000,-0.001431,-0.005572,0.727809,-0.000082,-0.000363,0.058696,0.000011,-0.000009,1.570309,-0.300000,1.000000,1.100000,0.000000,0.000000,-1.571000,-0.298569,1.005572,0.372191,1.113034
10.008000,-0.001431,-0.005572,0.727927,-0.000081,-0.000362,0.059034,0.000010,-0.000009,1.570309,-0.300000,1.000000,1.100000,0.000000,0.000000,-1.571000,-0.298569,1.005572,0.372073,1.112995
10.010000,-0.001431,-0.005573,0.728045,-0.000081,-0.000362,0.059370,0.000010,-0.000010,1.570309,-0.300000,1.000000,1.100000,0.000000,0.000000,-1.571000,-0.298569,1.005573,0.371955,1.112956
10.012000,-0.001432,-0.005574,0.728165,-0.000081,-0.000361,0.059705,0.000009,-0.000010,1.570309,-0.300000,1.000000,1.100000,0.000000,0.000000,-1.571000,-0.298568,1.005574,0.371835,1.112917
10.014000,-0.001432,-0.005574,0.728285,-0.000080,-0.000361,0.060039,0.000008,-0.000010,1.570309,-0.300000,1.000000,1.100000,0.000000,0.000000,-1.571000,-0.298568,1.005574,0.371715,1.112877
10.016000,-0.001432,-0.005575,0.728405,-0.000080,-0.000360,0.060371,0.000007,-0.000010,1.570308,-0.300000,1.000000,1.100000,0.000000,0.000000,-1.571000,-0.298568,1.005575,0.371595,1.112837
10.018000,-0.001432,-0.005576,0.728527,-0.000080,-0.000360,0.060701,0.000006,-0.000010,1.570308,-0.300000,1.000000,1.100000,0.000000,0.000000,-1.571000,-0.298568,1.005576,0.371473,1.112797
10.020000,-0.001432,-0.005577,0.728649,-0.000079,-0.000359,0.061029,0.000006,-0.000010,1.570308,-0.300000,1.000000,1.100000,0.000000,0.000000,-1.571000,-0.298568,1.005577,0.371351,1.112757
10.022000,-0.001432,-0.005577,0.728772,-0.000079,-0.000359,0.061355,0.000005,-0.000010,1.570308,-0.300000,1.000000,1.100000,0.000000,0.000000,-1.571000,-0.298568,1.005577,0.371228,1.112717
10.024000,-0.001432,-0.005578,0.728895,-0.000079,-0.000358,0.061679,0.000004,-0.000010,1.570308,-0.300000,1.000000,1.100000,0.000000,0.000000,-1.571000,-0.298568,1.005578,0.371105,1.112676
10.026000,-0.001433,-0.005579,0.729019,-0.000079,-0.000358,0.062002,0.000003,-0.000009,1.570308,-0.300000,1.000000,1.100000,0.000000,0.000000,-1.571000,-0.298567,1.005579,0.370981,1.112636
10.028000,-0.001433,-0.005580,0.729143,-0.000079,-0.000357,0.062323,0.000002,-0.000009,1.570308,-0.300000,1.000000,1.100000,0.000000,0.000000,-1.571000,-0.298567,1.005580,0.370857,1.112595
10.030000,-0.001433,-0.005580,0.729269,-0.000078,-0.000357,0.062643,0.000002,-0.000009,1.570308,-0.300000,1.000000,1.100000,0.000000,0.000000,-1.571000,-0.298567,1.005580,0.370731,1.112554
10.032000,-0.001433,-0.005581,0.729395,-0.000078,-0.000356,0.062961,0.000001,-0.000008,1.570308,-0.300000,1.000000,1.100000,0.000000,0.000000,-1.571000,-0.298567,1.005581,0.370605,1.112512
10.034000,-0.001433,-0.005582,0.729521,-0.000078,-0.000356,0.063277,-0.000000,-0.000008,1.570308,-0.300000,1.000000,1.100000,0.000000,0.000000,-1.571000,-0.298567,1.005582,0.370479,1.112471
10.036000,-0.001433,-0.005582,0.729648,-0.000078,-0.000355,0.063592,-0.000001,-0.000008,1.570308,-0.300000,1.000000,1.100000,0.000000,0.000000,-1.571000,-0.298567,1.005582,0.370352,1.112429
10.038000,-0.001434,-0.005583,0.729776,-0.000078,-0.000355,0.063906,-0.000002,-0.000007,1.570308,-0.300000,1.000000,1.100000,0.000000,0.000000,-1.571000,-0.298566,1.005583,0.370224,1.112387
10.040000,-0.001434,-0.005584,0.729904,-0.000078,-0.000354,0.064218,-0.000003,-0.000007,1.570308,-0.300000,1.000000,1.100000,0.000000,0.000000,-1.571000,-0.298566,1.005584,0.370096,1.112345
10.042000,-0.001434,-0.005584,0.730033,-0.000078,-0.000354,0.064529,-0.000003,-0.000007,1.570308,-0.300000,1.000000,1.100000,0.000000,0.000000,-1.571000,-0.298566,1.005584,0.369967,1.112303
10.044000,-0.001434,-0.005585,0.730163,-0.000077,-0.000353,0.064839,-0.000004,-0.000006,1.570308,-0.300000,1.000000,1.100000,0.000000,0.000000,-1.571000,-0.298566,1.005585,0.369837,1.112260
10.046000,-0.001434,-0.005586,0.730293,-0.000077,-0.000353,0.065146,-0.000005,-0.000006,1.570308,-0.300000,1.000000,1.100000,0.000000,0.000000,-1.571000,-0.298566,1.005586,0.369707,1.112217
10.048000,-0.001434,-0.005587,0.730424,-0.000077,-0.000352,0.065452,-0.000006,-0.000006,1.570308,-0.300000,1.000000,1.100000,0.000000,0.000000,-1.571000,-0.298566,1.005587,0.369576,1.112174
10.050000,-0.001435,-0.005587,0.730556,-0.000077,-0.000352,0.065756,-0.000007,-0.000005,1.570308,-0.300000,1.000000,1.100000,0.000000,0.000000,-1.571000,-0.298565,1.005587,0.369444,1.112131
10.052000,-0.001435,-0.005588,0.730688,-0.000077,-0.000351,0.066060,-0.000007,-0.000005,1.570308,-0.300000,1.000000,1.100000,0.000000,0.000000,-1.571000,-0.298565,1.005588,0.369312,1.112088
10.054000,-0.001435,-0.005589,0.730821,-0.000077,-0.000351,0.066362,-0.000008,-0.000004,1.570308,-0.300000,1.000000,1.100000,0.000000,0.000000,-1.571000,-0.298565,1.005589,0.369179,1.112045
10.056000,-0.001435,-0.005589,0.730954,-0.000077,-0.000350,0.066663,-0.000009,-0.000004,1.570308,-0.300000,1.000000,1.100000,0.000000,0.000000,-1.571000,-0.298565,1.005589,0.369046,1.112001
10.058000,-0.001435,-0.005590,0.731088,-0.000077,-0.000350,0.066962,-0.000010,-0.000004,1.570308,-0.300000,1.000000,1.100000,0.000000,0.000000,-1.571000,-0.298565,1.005590,0.368912,1.111957
10.060000,-0.001435,-0.005591,0.731222,-0.000077,-0.000349,0.067259,-0.000011,-0.000003,1.570308,-0.300000,1.000000,1.100000,0.000000,0.000000,-1.571000,-0.298565,1.005591,0.368778,1.111913
10.062000,-0.001435,-0.005592,0.731357,-0.000078,-0.000348,0.067553,-0.000011,-0.000003,1.570308,-0.300000,1.000000,1.100000,0.000000,0.000000,-1.571000,-0.298565,1.005592,0.368643,1.111869
10.064000,-0.001436,-0.005592,0.731493,-0.000078,-0.000348,0.067844,-0.000012,-0.000003,1.570308,-0.300000,1.000000,1.100000,0.000000,0.000000,-1.571000,-0.298564,1.005592,0.368507,1.111825
10.066000,-0.001436,-0.005593,0.731629,-0.000078,-0.000347,0.068134,-0.000013,-0.000003,1.570308,-0.300000,1.000000,1.100000,0.000000,0.000000,-1.571000,-0.298564,1.005593,0.368371,1.111780
10.068000,-0.001436,-0.005594,0.731766,-0.000078,-0.000347,0.068422,-0.000014,-0.000002,1.570308,-0.300000,1.000000,1.100000,0.000000,0.000000,-1.571000,-0.298564,1.005594,0.368234,1.111735
10.070000,-0.001436,-0.005594,0.731904,-0.000078,-0.000346,0.068709,-0.000015,-0.000002,1.570308,-0.300000,1.000000,1.100000,0.000000,0.000000,-1.571000,-0.298564,1.005594,0.368096,1.111690
10.072000,-0.001436,-0.005595,0.732042,-0.000078,-0.000345,0.068995,-0.000016,-0.000002,1.570308,-0.300000,1.000000,1.100000,0.000000,0.000000,-1.571000,-0.298564,1.005595,0.367958,1.111645
10.074000,-0.001436,-0.005596,0.732180,-0.000078,-0.000345,0.069280,-0.000016,-0.000002,1.570308,-0.300000,1.000000,1.100000,0.000000,0.000000,-1.571000,-0.298564,1.005596,0.367820,1.111600
10.076000,-0.001437,-0.005596,0.732319,-0.000079,-0.000344,0.069561,-0.000017,-0.000002,1.570308,-0.300000,1.000000,1.100000,0.000000,0.000000,-1.571000,-0.298563,1.005596,0.367681,1.111554
10.078000,-0.001437,-0.005597,0.732459,-0.000079,-0.000344,0.069841,-0.000018,-0.000002,1.570308,-0.300000,1.000000,1.100000,0.000000,0.000000,-1.571000,-0.298563,1.005597,0.367541,1.111509
10.080000,-0.001437,-0.005598,0.732599,-0.000079,-0.000343,0.070117,-0.000019,-0.000002,1.570308,-0.300000,1.000000,1.100000,0.000000,0.000000,-1.571000,-0.298563,1.005598,0.367401,1.111463
10.082000,-0.001437,-0.005598,0.732740,-0.000079,-0.000342,0.070392,-0.000020,-0.000002,1.570308,-0.300000,1.000000,1.100000,0.000000,0.000000,-1.571000,-0.298563,1.005598,0.367260,1.111417
10.084000,-0.001437,-0.005599,0.732881,-0.000079,-0.000342,0.070664,-0.000020,-0.000002,1.570308,-0.300000,1.000000,1.100000,0.000000,0.000000,-1.571000,-0.298563,1.005599,0.367119,1.111371
10.086000,-0.001437,-0.005600,0.733023,-0.000080,-0.000341,0.070936,-0.000021,-0.000002,1.570307,-0.300000,1.000000,1.100000,0.000000,0.000000,-1.571000,-0.298563,1.005600,0.366977,1.111325
10.088000,-0.001437,-0.005600,0.733166,-0.000080,-0.000341,0.071207,-0.000022,-0.000002,1.570307,-0.300000,1.000000,1.100000,0.000000,0.000000,-1.571000,-0.298563,1.005600,0.366834,1.111278
10.090000,-0.001438,-0.005601,0.733309,-0.000080,-0.000340,0.071478,-0.000023,-0.000002,1.570307,-0.300000,1.000000,1.100000,0.000000,0.000000,-1.571000,-0.298562,1.005601,0.366691,1.111232
10.092000,-0.001438,-0.005602,0.733452,-0.000081,-0.000339,0.071746,-0.000024,-0.000002,1.570307,-0.300000,1.000000,1.100000,0.000000,0.000000,-1.571000,-0.298562,1.005602,0.366548,1.111185
10.094000,-0.001438,-0.005603,0.733596,-0.000081,-0.000339,0.072013,-0.000024,-0.000002,1.570307,-0.300000,1.000000,1.100000,0.000000,0.000000,-1.571000,-0.298562,1.005603,0.366404,1.111138
10.096000,-0.001438,-0.005603,0.733741,-0.000081,-0.000338,0.072277,-0.000025,-0.000002,1.570307,-0.300000,1.000000,1.100000,0.000000,0.000000,-1.571000,-0.298562,1.005603,0.366259,1.111091
10.098000,-0.001438,-0.005604,0.733886,-0.000082,-0.000338,0.072540,-0.000026,-0.000002,1.570307,-0.300000,1.000000,1.100000,0.000000,0.000000,-1.571000,-0.298562,1.005604,0.366114,1.111044
10.100000,-0.001438,-0.005605,0.734031,-0.000082,-0.000337,0.072801,-0.000027,-0.000003,1.570307,-0.300000,1.000000,1.100000,0.000000,0.000000,-1.571000,-0.298562,1.005605,0.365969,1.110996
10.102000,-0.001439,-0.005605,0.734177,-0.000082,-0.000336,0.073062,-0.000028,-0.000003,1.570307,-0.300000,1.000000,1.100000,0.000000,0.000000,-1.571000,-0.298561,1.005605,0.365823,1.110949
10.104000,-0.001439,-0.005606,0.734324,-0.000083,-0.000336,0.073321,-0.000029,-0.000003,1.570307,-0.300000,1.000000,1.100000,0.000000,0.000000,-1.571000,-0.298561,1.005606,0.365676,1.110901
10.106000,-0.001439,-0.005607,0.734471,-0.000083,-0.000335,0.073577,-0.000029,-0.000004,1.570307,-0.300000,1.000000,1.100000,0.000000,0.000000,-1.571000,-0.298561,1.005607,0.365529,1.110853
10.108000,-0.001439,-0.005607,0.734619,-0.000084,-0.000335,0.073832,-0.000030,-0.000004,1.570307,-0.300000,1.000000,1.100000,0.000000,0.000000,-1.571000,-0.298561,1.005607,0.365381,1.110805
10.110000,-0.001439,-0.005608,0.734767,-0.000084,-0.000334,0.074084,-0.000031,-0.000004,1.570307,-0.300000,1.000000,1.100000,0.000000,0.000000,-1.571000,-0.298561,1.005608,0.365233,1.110757
10.112000,-0.001439,-0.005609,0.734916,-0.000085,-0.000334,0.074335,-0.000032,-0.000004,1.570307,-0.300000,1.000000,1.100000,0.000000,0.000000,-1.571000,-0.298561,1.005609,0.365084,1.110709
10.114000,-0.001440,-0.005609,0.735065,-0.000085,-0.000333,0.074584,-0.000033,-0.000005,1.570307,-0.300000,1.000000,1.100000,0.000000,0.000000,-1.571000,-0.298560,1.005609,0.364935,1.110660
10.116000,-0.001440,-0.005610,0.735215,-0.000086,-0.000333,0.074832,-0.000033,-0.000005,1.570307,-0.300000,1.000000,1.100000,0.000000,0.000000,-1.571000,-0.298560,1.005610,0.364785,1.110611
10.118000,-0.001440,-0.005611,0.735365,-0.000086,-0.000332,0.075079,-0.000034,-0.000005,1.570307,-0.300000,1.000000,1.100000,0.000000,0.000000,-1.571000,-0.298560,1.005611,0.364635,1.110563
10.120000,-0.001440,-0.005611,0.735516,-0.000087,-0.000332,0.075324,-0.000035,-0.000005,1.570307,-0.300000,1.000000,1.100000,0.000000,0.000000,-1.571000,-0.298560,1.005611,0.364484,1.110514
10.122000,-0.001440,-0.005612,0.735667,-0.000087,-0.000331,0.075568,-0.000036,-0.000005,1.570307,-0.300000,1.000000,1.100000,0.000000,0.000000,-1.571000,-0.298560,1.005612,0.364333,1.110465
10.124000,-0.001441,-0.005613,0.735818,-0.000088,-0.000331,0.075808,-0.000037,-0.000005,1.570307,-0.300000,1.000000,1.100000,0.000000,0.000000,-1.571000,-0.298559,1.005613,0.364182,1.110416
10.126000,-0.001441,-0.005613,0.735971,-0.000088,-0.000330,0.076046,-0.000037,-0.000005,1.570307,-0.300000,1.000000,1.100000,0.000000,0.000000,-1.571000,-0.298559,1.005613,0.364029,1.110366
10.128000,-0.001441,-0.005614,0.736123,-0.000089,-0.000330,0.076283,-0.000038,-0.000005,1.570307,-0.300000,1.000000,1.100000,0.000000,0.000000,-1.571000,-0.298559,1.005614,0.363877,1.110317
10.130000,-0.001441,-0.005615,0.736276,-0.000089,-0.000329,0.076519,-0.000039,-0.000005,1.570307,-0.300000,1.000000,1.100000,0.000000,0.000000,-1.571000,-0.298559,1.005615,0.363724,1.110267
10.132000,-0.001441,-0.005615,0.736430,-0.000090,-0.000329,0.076756,-0.000039,-0.000005,1.570307,-0.300000,1.000000,1.100000,0.000000,0.000000,-1.571000,-0.298559,1.005615,0.363570,1.110217
10.134000,-0.001441,-0.005616,0.736584,-0.000091,-0.000328,0.076992,-0.000040,-0.000005,1.570307,-0.300000,1.000000,1.100000,0.000000,0.000000,-1.571000,-0.298559,1.005616,0.363416,1.110167
10.136000,-0.001442,-0.005617,0.736738,-0.000091,-0.000328,0.077229,-0.000040,-0.000005,1.570307,-0.300000,1.000000,1.100000,0.000000,0.000000,-1.571000,-0.298558,1.005617,0.363262,1.110117
10.138000,-0.001442,-0.005617,0.736893,-0.000092,-0.000327,0.077464,-0.000041,-0.000005,1.570307,-0.300000,1.000000,1.100000,0.000000,0.000000,-1.571000,-0.298558,1.005617,0.363107,1.110067
10.140000,-0.001442,-0.005618,0.737049,-0.000093,-0.000327,0.077697,-0.000041,-0.000005,1.570307,-0.300000,1.000000,1.100000,0.000000,0.000000,-1.571000,-0.298558,1.005618,0.362951,1.110017
10.142000,-0.001442,-0.005618,0.737205,-0.000093,-0.000326,0.077929,-0.000041,-0.000004,1.570307,-0.300000,1.000000,1.100000,0.000000,0.000000,-1.571000,-0.298558,1.005618,0.362795,1.109967
10.144000,-0.001442,-0.005619,0.737361,-0.000094,-0.000326,0.078159,-0.000041,-0.000004,1.570307,-0.300000,1.000000,1.100000,0.000000,0.000000,-1.571000,-0.298558,1.005619,0.362639,1.109916
10.146000,-0.001443,-0.005620,0.737518,-0.000094,-0.000325,0.078388,-0.000041,-0.000004,1.570307,-0.300000,1.000000,1.100000,0.000000,0.000000,-1.571000,-0.298557,1.005620,0.362482,1.109865
10.148000,-0.001443,-0.005620,0.737675,-0.000095,-0.000324,0.078615,-0.000041,-0.000004,1.570307,-0.300000,1.000000,1.100000,0.000000,0.000000,-1.571000,-0.298557,1.005620,0.362325,1.109815
10.150000,-0.001443,-0.005621,0.737833,-0.000096,-0.000324,0.078842,-0.000041,-0.000004,1.570307,-0.300000,1.000000,1.100000,0.000000,0.000000,-1.571000,-0.298557,1.005621,0.362167,1.109764
10.152000,-0.001443,-0.005622,0.737991,-0.000096,-0.000323,0.079069,-0.000040,-0.000004,1.570307,-0.300000,1.000000,1.100000,0.000000,0.000000,-1.571000,-0.298557,1.005622,0.362009,1.109712
10.154000,-0.001443,-0.005622,0.738150,-0.000097,-0.000323,0.079296,-0.000040,-0.000004,1.570307,-0.300000,1.000000,1.100000,0.000000,0.000000,-1.571000,-0.298557,1.005622,0.361850,1.109661
10.156000,-0.001443,-0.005623,0.738309,-0.000098,-0.000322,0.079522,-0.000039,-0.000004,1.570307,-0.300000,1.000000,1.100000,0.000000,0.000000,-1.571000,-0.298557,1.005623,0.361691,1.109610
10.158000,-0.001444,-0.005624,0.738468,-0.000098,-0.000322,0.079746,-0.000039,-0.000004,1.570307,-0.300000,1.000000,1.100000,0.000000,0.000000,-1.571000,-0.298556,1.005624,0.361532,1.109558
10.160000,-0.001444,-0.005624,0.738628,-0.000099,-0.000321,0.079968,-0.000038,-0.000004,1.570307,-0.300000,1.000000,1.100000,0.000000,0.000000,-1.571000,-0.298556,1.005624,0.361372,1.109507
10.162000,-0.001444,-0.005625,0.738789,-0.000099,-0.000321,0.080188,-0.000038,-0.000004,1.570307,-0.300000,1.000000,1.100000,0.000000,0.000000,-1.571000,-0.298556,1.005625,0.361211,1.109455
10.164000,-0.001444,-0.005626,0.738950,-0.000100,-0.000320,0.080407,-0.000037,-0.000004,1.570307,-0.300000,1.000000,1.100000,0.000000,0.000000,-1.571000,-0.298556,1.005626,0.361050,1.109403
10.166000,-0.001444,-0.005626,0.739111,-0.000100,-0.000320,0.080624,-0.000036,-0.000004,1.570307,-0.300000,1.000000,1.100000,0.000000,0.000000,-1.571000,-0.298556,1.005626,0.360889,1.109351
10.168000,-0.001445,-0.005627,0.739273,-0.000101,-0.000319,0.080839,-0.000035,-0.000005,1.570307,-0.300000,1.000000,1.100000,0.000000,0.000000,-1.571000,-0.298555,1.005627,0.360727,1.109299
10.170000,-0.001445,-0.005628,0.739435,-0.000102,-0.000319,0.081053,-0.000035,-0.000005,1.570307,-0.300000,1.000000,1.100000,0.000000,0.000000,-1.571000,-0.298555,1.005628,0.360565,1.109247
10.172000,-0.001445,-0.005628,0.739597,-0.000102,-0.000318,0.081265,-0.000034,-0.000005,1.570307,-0.300000,1.000000,1.100000,0.000000,0.000000,-1.571000,-0.298555,1.005628,0.360403,1.109195
10.174000,-0.001445,-0.005629,0.739760,-0.000103,-0.000318,0.081476,-0.000033,-0.000005,1.570306,-0.300000,1.000000,1.100000,0.000000,0.000000,-1.571000,-0.298555,1.005629,0.360240,1.109142
10.176000,-0.001445,-0.005629,0.739924,-0.000103,-0.000317,0.081686,-0.000032,-0.000005,1.570306,-0.300000,1.000000,1.100000,0.000000,0.000000,-1.571000,-0.298555,1.005629,0.360076,1.109090
10.178000,-0.001446,-0.005630,0.740088,-0.000103,-0.000317,0.081894,-0.000031,-0.000005,1.570306,-0.300000,1.000000,1.100000,0.000000,0.000000,-1.571000,-0.298554,1.005630,0.359912,1.109037
10.180000,-0.001446,-0.005631,0.740252,-0.000104,-0.000316,0.082101,-0.000030,-0.000005,1.570306,-0.300000,1.000000,1.100000,0.000000,0.000000,-1.571000,-0.298554,1.005631,0.359748,1.108984
10.182000,-0.001446,-0.005631,0.740417,-0.000104,-0.000316,0.082307,-0.000029,-0.000005,1.570306,-0.300000,1.000000,1.100000,0.000000,0.000000,-1.571000,-0.298554,1.005631,0.359583,1.108931
10.184000,-0.001446,-0.005632,0.740582,-0.000105,-0.000315,0.082512,-0.000028,-0.000005,1.570306,-0.300000,1.000000,1.100000,0.000000,0.000000,-1.571000,-0.298554,1.005632,0.359418,1.108878
10.186000,-0.001447,-0.005633,0.740747,-0.000105,-0.000315,0.082716,-0.000027,-0.000005,1.570306,-0.300000,1.000000,1.100000,0.000000,0.000000,-1.571000,-0.298553,1.005633,0.359253,1.108825
10.188000,-0.001447,-0.005633,0.740913,-0.000105,-0.000314,0.082919,-0.000026,-0.000005,1.570306,-0.300000,1.000000,1.100000,0.000000,0.000000,-1.571000,-0.298553,1.005633,0.359087,1.108772
10.190000,-0.001447,-0.005634,0.741079,-0.000106,-0.000314,0.083119,-0.000025,-0.000005,1.570306,-0.300000,1.000000,1.100000,0.000000,0.000000,-1.571000,-0.298553,1.005634,0.358921,1.108719
10.192000,-0.001447,-0.005634,0.741246,-0.000106,-0.000314,0.083316,-0.000024,-0.000005,1.570306,-0.300000,1.000000,1.100000,0.000000,0.000000,-1.571000,-0.298553,1.005634,0.358754,1.108665
10.194000,-0.001447,-0.005635,0.741413,-0.000106,-0.000313,0.083512,-0.000023,-0.000005,1.570306,-0.300000,1.000000,1.100000,0.000000,0.000000,-1.571000,-0.298553,1.005635,0.358587,1.108612
10.196000,-0.001448,-0.005636,0.741581,-0.000107,-0.000313,0.083707,-0.000022,-0.000005,1.570306,-0.300000,1.000000,1.100000,0.000000,0.000000,-1.571000,-0.298552,1.005636,0.358419,1.108558
10.198000,-0.001448,-0.005636,0.741748,-0.000107,-0.000312,0.083901,-0.000021,-0.000004,1.570306,-0.300000,1.000000,1.100000,0.000000,0.000000,-1.571000,-0.298552,1.005636,0.358252,1.108504
10.200000,-0.001448,-0.005637,0.741917,-0.000107,-0.000312,0.084096,-0.000020,-0.000004,1.570306,-0.300000,1.000000,1.100000,0.000000,0.000000,-1.571000,-0.298552,1.005637,0.358083,1.108451
10.202000,-0.001448,-0.005638,0.742085,-0.000107,-0.000311,0.084291,-0.000019,-0.000004,1.570306,-0.300000,1.000000,1.100000,0.000000,0.000000,-1.571000,-0.298552,1.005638,0.357915,1.108397
10.204000,-0.001448,-0.005638,0.742254,-0.000107,-0.000311,0.084485,-0.000018,-0.000004,1.570306,-0.300000,1.000000,1.100000,0.000000,0.000000,-1.571000,-0.298552,1.005638,0.357746,1.108343
10.206000,-0.001449,-0.005639,0.742424,-0.000108,-0.000310,0.084676,-0.000017,-0.000003,1.570306,-0.300000,1.000000,1.100000,0.000000,0.000000,-1.571000,-0.298551,1.005639,0.357576,1.108288
10.208000,-0.001449,-0.005639,0.742594,-0.000108,-0.000310,0.084866,-0.000016,-0.000003,1.570306,-0.300000,1.000000,1.100000,0.000000,0.000000,-1.571000,-0.298551,1.005639,0.357406,1.108234
10.210000,-0.001449,-0.005640,0.742764,-0.000108,-0.000309,0.085053,-0.000015,-0.000003,1.570306,-0.300000,1.000000,1.100000,0.000000,0.000000,-1.571000,-0.298551,1.005640,0.357236,1.108180
10.212000,-0.001449,-0.005641,0.742934,-0.000108,-0.000309,0.085238,-0.000014,-0.000002,1.570306,-0.300000,1.000000,1.100000,0.000000,0.000000,-1.571000,-0.298551,1.005641,0.357066,1.108125
10.214000,-0.001450,-0.005641,0.743105,-0.000108,-0.000308,0.085421,-0.000013,-0.000002,1.570306,-0.300000,1.000000,1.100000,0.000000,0.000000,-1.571000,-0.298550,1.005641,0.356895,1.108071
10.216000,-0.001450,-0.005642,0.743277,-0.000108,-0.000307,0.085603,-0.000012,-0.000002,1.570306,-0.300000,1.000000,1.100000,0.000000,0.000000,-1.571000,-0.298550,1.005642,0.356723,1.108016
10.218000,-0.001450,-0.005643,0.743448,-0.000108,-0.000307,0.085783,-0.000010,-0.000002,1.570306,-0.300000,1.000000,1.100000,0.000000,0.000000,-1.571000,-0.298550,1.005643,0.356552,1.107961
10.220000,-0.001450,-0.005643,0.743620,-0.000108,-0.000306,0.085963,-0.000009,-0.000002,1.570306,-0.300000,1.000000,1.100000,0.000000,0.000000,-1.571000,-0.298550,1.005643,0.356380,1.107906
10.222000,-0.001450,-0.005644,0.743793,-0.000108,-0.000306,0.086142,-0.000008,-0.000001,1.570306,-0.300000,1.000000,1.100000,0.000000,0.000000,-1.571000,-0.298550